uid,domainID,siteID,namedLocation,sampleID,sampleCode,startDate,collectDate,laboratoryName,wavelength,decadicAbsorbance,cuvetteLength,analysisDate,spectrumReplicateID,remarks,dataQF
"76e89b7a-6459-4c18-a13d-df29c550a4dd","D19","CARI","CARI.AOS.S2","CARI.SS.20240604.FIL","A00000431551","2024-06-04T19:00Z","2024-06-04T19:00Z","Illinois State Water Survey Central Analytical Laboratory",316.0,0.04902,5,"2024-06-06","A",,
"9b2792a0-8a0f-4aa3-a92c-29942de748e6","D19","CARI","CARI.AOS.S2","CARI.SS.20240604.FIL","A00000431551","2024-06-04T19:00Z","2024-06-04T19:00Z","Illinois State Water Survey Central Analytical Laboratory",586.0,0.00162,5,"2024-06-06","A",,
"e79e81ed-698a-4ac6-a12b-941424c67e28","D19","CARI","CARI.AOS.S2","CARI.SS.20240604.FIL","A00000431551","2024-06-04T19:00Z","2024-06-04T19:00Z","Illinois State Water Survey Central Analytical Laboratory",448.0,0.00586,5,"2024-06-06","A",,
"9501f156-ede1-4321-ac1a-257d72b68a3b","D19","CARI","CARI.AOS.S2","CARI.SS.20240604.FIL","A00000431551","2024-06-04T19:00Z","2024-06-04T19:00Z","Illinois State Water Survey Central Analytical Laboratory",410.0,0.01034,5,"2024-06-06","A",,
"c52dcb70-dff8-45d9-b6bb-47945e558f83","D19","CARI","CARI.AOS.S2","CARI.SS.20240604.FIL","A00000431551","2024-06-04T19:00Z","2024-06-04T19:00Z","Illinois State Water Survey Central Analytical Laboratory",536.0,0.00208,5,"2024-06-06","B",,
"081d3da3-4e05-41fa-879d-1cc3691d53d0","D19","CARI","CARI.AOS.S2","CARI.SS.20240604.FIL","A00000431551","2024-06-04T19:00Z","2024-06-04T19:00Z","Illinois State Water Survey Central Analytical Laboratory",300.0,0.06160,5,"2024-06-06","A",,
"6ee9b921-c2a8-4a97-a72b-6beceb2ad914","D19","CARI","CARI.AOS.S2","CARI.SS.20240604.FIL","A00000431551","2024-06-04T19:00Z","2024-06-04T19:00Z","Illinois State Water Survey Central Analytical Laboratory",426.0,0.00818,5,"2024-06-06","B",,
"69d044da-5701-4de6-b29d-f44073dffc32","D19","CARI","CARI.AOS.S2","CARI.SS.20240604.FIL","A00000431551","2024-06-04T19:00Z","2024-06-04T19:00Z","Illinois State Water Survey Central Analytical Laboratory",266.0,0.09860,5,"2024-06-06","B",,
"b0d2b4e9-0a05-4d2c-93f0-1914d0059dd3","D19","CARI","CARI.AOS.S2","CARI.SS.20240604.FIL","A00000431551","2024-06-04T19:00Z","2024-06-04T19:00Z","Illinois State Water Survey Central Analytical Laboratory",484.0,0.00386,5,"2024-06-06","A",,
"02ffeb42-3e67-4149-ba14-e79234d3da71","D19","CARI","CARI.AOS.S2","CARI.SS.20240604.FIL","A00000431551","2024-06-04T19:00Z","2024-06-04T19:00Z","Illinois State Water Survey Central Analytical Laboratory",434.0,0.00722,5,"2024-06-06","B",,
"87573fa5-d84d-4146-b7f6-a976c2d03f90","D19","CARI","CARI.AOS.S2","CARI.SS.20240604.FIL","A00000431551","2024-06-04T19:00Z","2024-06-04T19:00Z","Illinois State Water Survey Central Analytical Laboratory",458.0,0.00510,5,"2024-06-06","B",,
"17d8ac9f-3d34-412b-9454-b00d6555672f","D19","CARI","CARI.AOS.S2","CARI.SS.20240604.FIL","A00000431551","2024-06-04T19:00Z","2024-06-04T19:00Z","Illinois State Water Survey Central Analytical Laboratory",494.0,0.00334,5,"2024-06-06","B",,
"d1c3f23f-4c80-4665-b79a-5fa7de76e8cc","D19","CARI","CARI.AOS.S2","CARI.SS.20240604.FIL","A00000431551","2024-06-04T19:00Z","2024-06-04T19:00Z","Illinois State Water Survey Central Analytical Laboratory",596.0,0.00148,5,"2024-06-06","A",,
"927647ac-360e-46e2-990b-9d1ba263686a","D19","CARI","CARI.AOS.S2","CARI.SS.20240604.FIL","A00000431551","2024-06-04T19:00Z","2024-06-04T19:00Z","Illinois State Water Survey Central Analytical Laboratory",462.0,0.00488,5,"2024-06-06","A",,
"be0daaf6-12e5-46c0-bfdb-7a86866a91fe","D19","CARI","CARI.AOS.S2","CARI.SS.20240604.FIL","A00000431551","2024-06-04T19:00Z","2024-06-04T19:00Z","Illinois State Water Survey Central Analytical Laboratory",308.0,0.05494,5,"2024-06-06","A",,
"87268887-5c1f-49a3-8fb5-7dae597d0d74","D19","CARI","CARI.AOS.S2","CARI.SS.20240604.FIL","A00000431551","2024-06-04T19:00Z","2024-06-04T19:00Z","Illinois State Water Survey Central Analytical Laboratory",472.0,0.00432,5,"2024-06-06","B",,
"7f8d06e9-2947-4f0e-abe7-85b88ff257c3","D19","CARI","CARI.AOS.S2","CARI.SS.20240604.FIL","A00000431551","2024-06-04T19:00Z","2024-06-04T19:00Z","Illinois State Water Survey Central Analytical Laboratory",338.0,0.03526,5,"2024-06-06","A",,
"51283550-7a71-4cf9-b49b-8ddbda16268c","D19","CARI","CARI.AOS.S2","CARI.SS.20240604.FIL","A00000431551","2024-06-04T19:00Z","2024-06-04T19:00Z","Illinois State Water Survey Central Analytical Laboratory",248.0,0.11610,5,"2024-06-06","A",,
"542e042b-60f8-4816-8ed9-049d8b4fb6b1","D19","CARI","CARI.AOS.S2","CARI.SS.20240604.FIL","A00000431551","2024-06-04T19:00Z","2024-06-04T19:00Z","Illinois State Water Survey Central Analytical Laboratory",452.0,0.00552,5,"2024-06-06","B",,
"f27d540f-89dc-496b-8eba-8a1772457f11","D19","CARI","CARI.AOS.S2","CARI.SS.20240604.FIL","A00000431551","2024-06-04T19:00Z","2024-06-04T19:00Z","Illinois State Water Survey Central Analytical Laboratory",228.0,0.17518,5,"2024-06-06","A",,
"85e08f11-9a0f-4b5d-83ae-d48d65118ee2","D19","CARI","CARI.AOS.S2","CARI.SS.20240604.FIL","A00000431551","2024-06-04T19:00Z","2024-06-04T19:00Z","Illinois State Water Survey Central Analytical Laboratory",416.0,0.00932,5,"2024-06-06","A",,
"81857a37-daeb-4b40-96fb-6b939f5232fb","D19","CARI","CARI.AOS.S2","CARI.SS.20240604.FIL","A00000431551","2024-06-04T19:00Z","2024-06-04T19:00Z","Illinois State Water Survey Central Analytical Laboratory",260.0,0.10400,5,"2024-06-06","A",,
"7dc4be1a-0306-4742-92c5-a05e1389796d","D19","CARI","CARI.AOS.S2","CARI.SS.20240604.FIL","A00000431551","2024-06-04T19:00Z","2024-06-04T19:00Z","Illinois State Water Survey Central Analytical Laboratory",310.0,0.05344,5,"2024-06-06","A",,
"dc60a0b1-7eee-495d-bff7-0e13ead974ec","D19","CARI","CARI.AOS.S2","CARI.SS.20240604.FIL","A00000431551","2024-06-04T19:00Z","2024-06-04T19:00Z","Illinois State Water Survey Central Analytical Laboratory",306.0,0.05660,5,"2024-06-06","A",,
"9217f7c9-a843-4cdb-a5aa-62c8b3a1cf25","D19","CARI","CARI.AOS.S2","CARI.SS.20240604.FIL","A00000431551","2024-06-04T19:00Z","2024-06-04T19:00Z","Illinois State Water Survey Central Analytical Laboratory",556.0,0.00176,5,"2024-06-06","B",,
"d4f374c5-fd15-4375-93be-6257aca02149","D19","CARI","CARI.AOS.S2","CARI.SS.20240604.FIL","A00000431551","2024-06-04T19:00Z","2024-06-04T19:00Z","Illinois State Water Survey Central Analytical Laboratory",590.0,0.00132,5,"2024-06-06","B",,
"e2d70d23-6b16-422c-9904-965bc00845bd","D19","CARI","CARI.AOS.S2","CARI.SS.20240604.FIL","A00000431551","2024-06-04T19:00Z","2024-06-04T19:00Z","Illinois State Water Survey Central Analytical Laboratory",322.0,0.04542,5,"2024-06-06","B",,
"9fe4d509-b296-4628-8d4b-320d0edba2fc","D19","CARI","CARI.AOS.S2","CARI.SS.20240604.FIL","A00000431551","2024-06-04T19:00Z","2024-06-04T19:00Z","Illinois State Water Survey Central Analytical Laboratory",252.0,0.11320,5,"2024-06-06","B",,
"aa2624a9-d078-482d-835c-992a70c56027","D19","CARI","CARI.AOS.S2","CARI.SS.20240604.FIL","A00000431551","2024-06-04T19:00Z","2024-06-04T19:00Z","Illinois State Water Survey Central Analytical Laboratory",562.0,0.00192,5,"2024-06-06","A",,
"e0743038-e2ea-491c-b0a9-9160d5dc3871","D19","CARI","CARI.AOS.S2","CARI.SS.20240604.FIL","A00000431551","2024-06-04T19:00Z","2024-06-04T19:00Z","Illinois State Water Survey Central Analytical Laboratory",534.0,0.00216,5,"2024-06-06","B",,
"b7319f33-2892-4568-a478-19e0092a52d7","D19","CARI","CARI.AOS.S2","CARI.SS.20240604.FIL","A00000431551","2024-06-04T19:00Z","2024-06-04T19:00Z","Illinois State Water Survey Central Analytical Laboratory",542.0,0.00200,5,"2024-06-06","B",,
"1787d116-2710-49a9-a30a-daeba03c49e3","D19","CARI","CARI.AOS.S2","CARI.SS.20240604.FIL","A00000431551","2024-06-04T19:00Z","2024-06-04T19:00Z","Illinois State Water Survey Central Analytical Laboratory",452.0,0.00554,5,"2024-06-06","A",,
"edefdc58-6746-410c-88f4-5d21677adf68","D19","CARI","CARI.AOS.S2","CARI.SS.20240604.FIL","A00000431551","2024-06-04T19:00Z","2024-06-04T19:00Z","Illinois State Water Survey Central Analytical Laboratory",432.0,0.00738,5,"2024-06-06","A",,
"17fa46e1-51e8-4ea1-80ae-9db72463b8e0","D19","CARI","CARI.AOS.S2","CARI.SS.20240604.FIL","A00000431551","2024-06-04T19:00Z","2024-06-04T19:00Z","Illinois State Water Survey Central Analytical Laboratory",310.0,0.05410,5,"2024-06-06","B",,
"d1921027-c815-4700-87e6-6891165aa8f1","D19","CARI","CARI.AOS.S2","CARI.SS.20240604.FIL","A00000431551","2024-06-04T19:00Z","2024-06-04T19:00Z","Illinois State Water Survey Central Analytical Laboratory",422.0,0.00866,5,"2024-06-06","B",,
"8e3118a1-0e1c-4082-8af1-f754272f8f2d","D19","CARI","CARI.AOS.S2","CARI.SS.20240604.FIL","A00000431551","2024-06-04T19:00Z","2024-06-04T19:00Z","Illinois State Water Survey Central Analytical Laboratory",366.0,0.02228,5,"2024-06-06","A",,
"70cf4174-15ac-4a47-bd74-6f0e48c4ddfe","D19","CARI","CARI.AOS.S2","CARI.SS.20240604.FIL","A00000431551","2024-06-04T19:00Z","2024-06-04T19:00Z","Illinois State Water Survey Central Analytical Laboratory",368.0,0.02154,5,"2024-06-06","A",,
"f4eb397b-d3dc-4399-b162-7df35ac17332","D19","CARI","CARI.AOS.S2","CARI.SS.20240604.FIL","A00000431551","2024-06-04T19:00Z","2024-06-04T19:00Z","Illinois State Water Survey Central Analytical Laboratory",556.0,0.00194,5,"2024-06-06","A",,
"760da20e-d4ac-49aa-bea0-55d2fa076322","D19","CARI","CARI.AOS.S2","CARI.SS.20240604.FIL","A00000431551","2024-06-04T19:00Z","2024-06-04T19:00Z","Illinois State Water Survey Central Analytical Laboratory",544.0,0.00192,5,"2024-06-06","B",,
"f40ee167-ec6d-4cab-a90d-c4ec0c6bc73b","D19","CARI","CARI.AOS.S2","CARI.SS.20240604.FIL","A00000431551","2024-06-04T19:00Z","2024-06-04T19:00Z","Illinois State Water Survey Central Analytical Laboratory",540.0,0.00218,5,"2024-06-06","A",,
"9da026b1-37e7-4673-896c-6b19b8a1e557","D19","CARI","CARI.AOS.S2","CARI.SS.20240604.FIL","A00000431551","2024-06-04T19:00Z","2024-06-04T19:00Z","Illinois State Water Survey Central Analytical Laboratory",574.0,0.00172,5,"2024-06-06","A",,
"0923a7c4-1303-4294-bd88-be245b7f656c","D19","CARI","CARI.AOS.S2","CARI.SS.20240604.FIL","A00000431551","2024-06-04T19:00Z","2024-06-04T19:00Z","Illinois State Water Survey Central Analytical Laboratory",454.0,0.00538,5,"2024-06-06","A",,
"60f130ca-0628-4888-8817-ae5f63088224","D19","CARI","CARI.AOS.S2","CARI.SS.20240604.FIL","A00000431551","2024-06-04T19:00Z","2024-06-04T19:00Z","Illinois State Water Survey Central Analytical Laboratory",224.0,0.21256,5,"2024-06-06","B",,
"f497054e-775c-463d-9638-ef21ffbac27a","D19","CARI","CARI.AOS.S2","CARI.SS.20240604.FIL","A00000431551","2024-06-04T19:00Z","2024-06-04T19:00Z","Illinois State Water Survey Central Analytical Laboratory",552.0,0.00184,5,"2024-06-06","B",,
"98569846-016b-41b2-af39-2b4a89e04837","D19","CARI","CARI.AOS.S2","CARI.SS.20240604.FIL","A00000431551","2024-06-04T19:00Z","2024-06-04T19:00Z","Illinois State Water Survey Central Analytical Laboratory",376.0,0.01860,5,"2024-06-06","A",,
"b21801b6-5b43-432e-aaba-50e078f23c25","D19","CARI","CARI.AOS.S2","CARI.SS.20240604.FIL","A00000431551","2024-06-04T19:00Z","2024-06-04T19:00Z","Illinois State Water Survey Central Analytical Laboratory",548.0,0.00190,5,"2024-06-06","B",,
"ef482263-4bd5-495c-a4bb-dc65dd8e25f0","D19","CARI","CARI.AOS.S2","CARI.SS.20240604.FIL","A00000431551","2024-06-04T19:00Z","2024-06-04T19:00Z","Illinois State Water Survey Central Analytical Laboratory",260.0,0.10528,5,"2024-06-06","B",,
"fad88f57-a152-4785-b440-b2d06f8a11c9","D19","CARI","CARI.AOS.S2","CARI.SS.20240604.FIL","A00000431551","2024-06-04T19:00Z","2024-06-04T19:00Z","Illinois State Water Survey Central Analytical Laboratory",420.0,0.00880,5,"2024-06-06","A",,
"b3e61acf-f45b-45c6-b37e-7db6deed0363","D19","CARI","CARI.AOS.S2","CARI.SS.20240604.FIL","A00000431551","2024-06-04T19:00Z","2024-06-04T19:00Z","Illinois State Water Survey Central Analytical Laboratory",512.0,0.00282,5,"2024-06-06","A",,
"70fb530e-b2e3-43a0-8f91-dcd646957339","D19","CARI","CARI.AOS.S2","CARI.SS.20240604.FIL","A00000431551","2024-06-04T19:00Z","2024-06-04T19:00Z","Illinois State Water Survey Central Analytical Laboratory",500.0,0.00308,5,"2024-06-06","B",,
"4db602dd-59f5-408a-b510-6d0e9a0a4732","D19","CARI","CARI.AOS.S2","CARI.SS.20240604.FIL","A00000431551","2024-06-04T19:00Z","2024-06-04T19:00Z","Illinois State Water Survey Central Analytical Laboratory",492.0,0.00346,5,"2024-06-06","B",,
"3f1a8ef1-6bca-46d8-b764-6d1eacc4dbec","D19","CARI","CARI.AOS.S2","CARI.SS.20240604.FIL","A00000431551","2024-06-04T19:00Z","2024-06-04T19:00Z","Illinois State Water Survey Central Analytical Laboratory",592.0,0.00120,5,"2024-06-06","B",,
"d4df56f4-9ae7-48f8-9255-7f6f832ca87a","D19","CARI","CARI.AOS.S2","CARI.SS.20240604.FIL","A00000431551","2024-06-04T19:00Z","2024-06-04T19:00Z","Illinois State Water Survey Central Analytical Laboratory",492.0,0.00352,5,"2024-06-06","A",,
"3da7e5c1-9259-4307-8941-2a547a801c32","D19","CARI","CARI.AOS.S2","CARI.SS.20240604.FIL","A00000431551","2024-06-04T19:00Z","2024-06-04T19:00Z","Illinois State Water Survey Central Analytical Laboratory",572.0,0.00158,5,"2024-06-06","B",,
"e76eecc1-7cb2-44d0-9975-4d361b7fe097","D19","CARI","CARI.AOS.S2","CARI.SS.20240604.FIL","A00000431551","2024-06-04T19:00Z","2024-06-04T19:00Z","Illinois State Water Survey Central Analytical Laboratory",518.0,0.00268,5,"2024-06-06","A",,
"c8202043-eeb2-4233-95ae-a82a0f71ec90","D19","CARI","CARI.AOS.S2","CARI.SS.20240604.FIL","A00000431551","2024-06-04T19:00Z","2024-06-04T19:00Z","Illinois State Water Survey Central Analytical Laboratory",496.0,0.00336,5,"2024-06-06","A",,
"2c3dcf2e-46a0-4364-a58e-39db118f488f","D19","CARI","CARI.AOS.S2","CARI.SS.20240604.FIL","A00000431551","2024-06-04T19:00Z","2024-06-04T19:00Z","Illinois State Water Survey Central Analytical Laboratory",296.0,0.06576,5,"2024-06-06","B",,
"73046e3c-935c-48c8-b4ac-24d805e157ac","D19","CARI","CARI.AOS.S2","CARI.SS.20240604.FIL","A00000431551","2024-06-04T19:00Z","2024-06-04T19:00Z","Illinois State Water Survey Central Analytical Laboratory",326.0,0.04222,5,"2024-06-06","A",,
"69062a21-94e4-411b-b647-4d224702a956","D19","CARI","CARI.AOS.S2","CARI.SS.20240604.FIL","A00000431551","2024-06-04T19:00Z","2024-06-04T19:00Z","Illinois State Water Survey Central Analytical Laboratory",576.0,0.00168,5,"2024-06-06","A",,
"d3a4a106-28b7-4ed4-857c-f40f6a2be78a","D19","CARI","CARI.AOS.S2","CARI.SS.20240604.FIL","A00000431551","2024-06-04T19:00Z","2024-06-04T19:00Z","Illinois State Water Survey Central Analytical Laboratory",530.0,0.00224,5,"2024-06-06","B",,
"3c7c7fa9-d850-47b7-80bc-127238541a17","D19","CARI","CARI.AOS.S2","CARI.SS.20240604.FIL","A00000431551","2024-06-04T19:00Z","2024-06-04T19:00Z","Illinois State Water Survey Central Analytical Laboratory",526.0,0.00232,5,"2024-06-06","B",,
"88aad001-fcf1-4708-a3d2-2ab0ee750cd5","D19","CARI","CARI.AOS.S2","CARI.SS.20240604.FIL","A00000431551","2024-06-04T19:00Z","2024-06-04T19:00Z","Illinois State Water Survey Central Analytical Laboratory",354.0,0.02740,5,"2024-06-06","A",,
"84f5c7cd-2588-449c-8120-0981ca8fed6a","D19","CARI","CARI.AOS.S2","CARI.SS.20240604.FIL","A00000431551","2024-06-04T19:00Z","2024-06-04T19:00Z","Illinois State Water Survey Central Analytical Laboratory",224.0,0.20992,5,"2024-06-06","A",,
"ae85352d-7cff-470c-b3c0-026622618b53","D19","CARI","CARI.AOS.S2","CARI.SS.20240604.FIL","A00000431551","2024-06-04T19:00Z","2024-06-04T19:00Z","Illinois State Water Survey Central Analytical Laboratory",314.0,0.05030,5,"2024-06-06","A",,
"8c7b4a60-5663-4582-950e-2d8899669cae","D19","CARI","CARI.AOS.S2","CARI.SS.20240604.FIL","A00000431551","2024-06-04T19:00Z","2024-06-04T19:00Z","Illinois State Water Survey Central Analytical Laboratory",468.0,0.00452,5,"2024-06-06","A",,
"f8a351f6-dfe9-4422-b805-bc5e08aa447d","D19","CARI","CARI.AOS.S2","CARI.SS.20240604.FIL","A00000431551","2024-06-04T19:00Z","2024-06-04T19:00Z","Illinois State Water Survey Central Analytical Laboratory",456.0,0.00524,5,"2024-06-06","A",,
"5a7272ff-2e4c-4dff-9f04-e6e061e4967f","D19","CARI","CARI.AOS.S2","CARI.SS.20240604.FIL","A00000431551","2024-06-04T19:00Z","2024-06-04T19:00Z","Illinois State Water Survey Central Analytical Laboratory",512.0,0.00268,5,"2024-06-06","B",,
"94a1575b-c2da-4054-9650-9fbea60384a8","D19","CARI","CARI.AOS.S2","CARI.SS.20240604.FIL","A00000431551","2024-06-04T19:00Z","2024-06-04T19:00Z","Illinois State Water Survey Central Analytical Laboratory",588.0,0.00128,5,"2024-06-06","B",,
"280b0762-7abd-4816-9f02-34c9333f58df","D19","CARI","CARI.AOS.S2","CARI.SS.20240604.FIL","A00000431551","2024-06-04T19:00Z","2024-06-04T19:00Z","Illinois State Water Survey Central Analytical Laboratory",474.0,0.00422,5,"2024-06-06","B",,
"6ec776fb-73e4-4cfd-b7ba-62e966ebc3ec","D19","CARI","CARI.AOS.S2","CARI.SS.20240604.FIL","A00000431551","2024-06-04T19:00Z","2024-06-04T19:00Z","Illinois State Water Survey Central Analytical Laboratory",546.0,0.00204,5,"2024-06-06","A",,
"7b1c2e93-c534-4d0a-b28e-4e904811949d","D19","CARI","CARI.AOS.S2","CARI.SS.20240604.FIL","A00000431551","2024-06-04T19:00Z","2024-06-04T19:00Z","Illinois State Water Survey Central Analytical Laboratory",280.0,0.08128,5,"2024-06-06","A",,
"e5ea30d8-d990-4d35-8749-9c7494d38fcd","D19","CARI","CARI.AOS.S2","CARI.SS.20240604.FIL","A00000431551","2024-06-04T19:00Z","2024-06-04T19:00Z","Illinois State Water Survey Central Analytical Laboratory",292.0,0.06970,5,"2024-06-06","B",,
"a2f5352f-36ee-48a7-b505-ca29f6b5ef36","D19","CARI","CARI.AOS.S2","CARI.SS.20240604.FIL","A00000431551","2024-06-04T19:00Z","2024-06-04T19:00Z","Illinois State Water Survey Central Analytical Laboratory",564.0,0.00164,5,"2024-06-06","B",,
"dda4a073-4222-4312-aa36-15a912961dbe","D19","CARI","CARI.AOS.S2","CARI.SS.20240604.FIL","A00000431551","2024-06-04T19:00Z","2024-06-04T19:00Z","Illinois State Water Survey Central Analytical Laboratory",472.0,0.00440,5,"2024-06-06","A",,
"1647fa92-9e9b-4d5e-aad8-a0b0ef558729","D19","CARI","CARI.AOS.S2","CARI.SS.20240604.FIL","A00000431551","2024-06-04T19:00Z","2024-06-04T19:00Z","Illinois State Water Survey Central Analytical Laboratory",540.0,0.00200,5,"2024-06-06","B",,
"6e309532-9c3a-489d-89ac-0636345d992b","D19","CARI","CARI.AOS.S2","CARI.SS.20240604.FIL","A00000431551","2024-06-04T19:00Z","2024-06-04T19:00Z","Illinois State Water Survey Central Analytical Laboratory",226.0,0.19324,5,"2024-06-06","B",,
"4b38e3fc-d7d8-4c94-94ad-0a1f6d0b74b3","D19","CARI","CARI.AOS.S2","CARI.SS.20240604.FIL","A00000431551","2024-06-04T19:00Z","2024-06-04T19:00Z","Illinois State Water Survey Central Analytical Laboratory",278.0,0.08464,5,"2024-06-06","B",,
"593b50cf-561d-4e8b-813c-c3b6df14e472","D19","CARI","CARI.AOS.S2","CARI.SS.20240604.FIL","A00000431551","2024-06-04T19:00Z","2024-06-04T19:00Z","Illinois State Water Survey Central Analytical Laboratory",496.0,0.00326,5,"2024-06-06","B",,
"701bdf6a-6aec-4915-9ac1-8e7e8945bece","D19","CARI","CARI.AOS.S2","CARI.SS.20240604.FIL","A00000431551","2024-06-04T19:00Z","2024-06-04T19:00Z","Illinois State Water Survey Central Analytical Laboratory",464.0,0.00476,5,"2024-06-06","A",,
"c28a7778-95bf-490e-8eca-f172af60e26b","D19","CARI","CARI.AOS.S2","CARI.SS.20240604.FIL","A00000431551","2024-06-04T19:00Z","2024-06-04T19:00Z","Illinois State Water Survey Central Analytical Laboratory",274.0,0.08924,5,"2024-06-06","B",,
"83f9c0f6-03ac-454f-b222-0f9dacaa7bc0","D19","CARI","CARI.AOS.S2","CARI.SS.20240604.FIL","A00000431551","2024-06-04T19:00Z","2024-06-04T19:00Z","Illinois State Water Survey Central Analytical Laboratory",370.0,0.02076,5,"2024-06-06","A",,
"cd9560e8-84b0-4a05-88e0-a18cf884cdc6","D19","CARI","CARI.AOS.S2","CARI.SS.20240604.FIL","A00000431551","2024-06-04T19:00Z","2024-06-04T19:00Z","Illinois State Water Survey Central Analytical Laboratory",304.0,0.05898,5,"2024-06-06","B",,
"4f12a97f-8886-4edb-8e23-66f41f5b91f2","D19","CARI","CARI.AOS.S2","CARI.SS.20240604.FIL","A00000431551","2024-06-04T19:00Z","2024-06-04T19:00Z","Illinois State Water Survey Central Analytical Laboratory",318.0,0.04820,5,"2024-06-06","B",,
"eaa5bbba-84d3-47e5-bfee-88ee6579534f","D19","CARI","CARI.AOS.S2","CARI.SS.20240604.FIL","A00000431551","2024-06-04T19:00Z","2024-06-04T19:00Z","Illinois State Water Survey Central Analytical Laboratory",342.0,0.03318,5,"2024-06-06","A",,
"38604991-029d-4ced-85cc-8b65addaaee9","D19","CARI","CARI.AOS.S2","CARI.SS.20240604.FIL","A00000431551","2024-06-04T19:00Z","2024-06-04T19:00Z","Illinois State Water Survey Central Analytical Laboratory",346.0,0.03128,5,"2024-06-06","A",,
"70720eab-dc72-42a6-aaed-26f135535723","D19","CARI","CARI.AOS.S2","CARI.SS.20240604.FIL","A00000431551","2024-06-04T19:00Z","2024-06-04T19:00Z","Illinois State Water Survey Central Analytical Laboratory",448.0,0.00588,5,"2024-06-06","B",,
"e778a1ce-b1b8-4b59-b748-f9ecadd9b8d6","D19","CARI","CARI.AOS.S2","CARI.SS.20240604.FIL","A00000431551","2024-06-04T19:00Z","2024-06-04T19:00Z","Illinois State Water Survey Central Analytical Laboratory",588.0,0.00152,5,"2024-06-06","A",,
"12c07a98-1d1c-44b6-b5f2-3e7b5fc79928","D19","CARI","CARI.AOS.S2","CARI.SS.20240604.FIL","A00000431551","2024-06-04T19:00Z","2024-06-04T19:00Z","Illinois State Water Survey Central Analytical Laboratory",286.0,0.07582,5,"2024-06-06","B",,
"e0742423-eebf-4bce-9efa-297639e880cc","D19","CARI","CARI.AOS.S2","CARI.SS.20240604.FIL","A00000431551","2024-06-04T19:00Z","2024-06-04T19:00Z","Illinois State Water Survey Central Analytical Laboratory",422.0,0.00858,5,"2024-06-06","A",,
"d76d43a5-e766-40d4-8030-d0f921572cd3","D19","CARI","CARI.AOS.S2","CARI.SS.20240604.FIL","A00000431551","2024-06-04T19:00Z","2024-06-04T19:00Z","Illinois State Water Survey Central Analytical Laboratory",520.0,0.00246,5,"2024-06-06","B",,
"356ad501-bf89-47de-90ed-d7bd90f83f7c","D19","CARI","CARI.AOS.S2","CARI.SS.20240604.FIL","A00000431551","2024-06-04T19:00Z","2024-06-04T19:00Z","Illinois State Water Survey Central Analytical Laboratory",428.0,0.00796,5,"2024-06-06","B",,
"d0d50ddf-e856-4d0a-bcbe-4f4755724ed6","D19","CARI","CARI.AOS.S2","CARI.SS.20240604.FIL","A00000431551","2024-06-04T19:00Z","2024-06-04T19:00Z","Illinois State Water Survey Central Analytical Laboratory",394.0,0.01368,5,"2024-06-06","B",,
"e8524ff8-ea92-489a-9523-0182773b9b09","D19","CARI","CARI.AOS.S2","CARI.SS.20240604.FIL","A00000431551","2024-06-04T19:00Z","2024-06-04T19:00Z","Illinois State Water Survey Central Analytical Laboratory",552.0,0.00200,5,"2024-06-06","A",,
"9466308f-785d-44a0-81f5-e0512df7b350","D19","CARI","CARI.AOS.S2","CARI.SS.20240604.FIL","A00000431551","2024-06-04T19:00Z","2024-06-04T19:00Z","Illinois State Water Survey Central Analytical Laboratory",418.0,0.00918,5,"2024-06-06","B",,
"9402cae8-f1d5-4204-822a-2991c407fee9","D19","CARI","CARI.AOS.S2","CARI.SS.20240604.FIL","A00000431551","2024-06-04T19:00Z","2024-06-04T19:00Z","Illinois State Water Survey Central Analytical Laboratory",500.0,0.00318,5,"2024-06-06","A",,
"281cc215-37e4-408e-8211-d5d69010e331","D19","CARI","CARI.AOS.S2","CARI.SS.20240604.FIL","A00000431551","2024-06-04T19:00Z","2024-06-04T19:00Z","Illinois State Water Survey Central Analytical Laboratory",362.0,0.02392,5,"2024-06-06","A",,
"b4a0810f-f476-4754-8d3f-14c57fb84d50","D19","CARI","CARI.AOS.S2","CARI.SS.20240604.FIL","A00000431551","2024-06-04T19:00Z","2024-06-04T19:00Z","Illinois State Water Survey Central Analytical Laboratory",520.0,0.00258,5,"2024-06-06","A",,
"59488e2a-ba6c-4bc2-bc13-771f38e17dae","D19","CARI","CARI.AOS.S2","CARI.SS.20240604.FIL","A00000431551","2024-06-04T19:00Z","2024-06-04T19:00Z","Illinois State Water Survey Central Analytical Laboratory",530.0,0.00238,5,"2024-06-06","A",,
"3db9fc9d-530f-4a31-8c88-63b6970f3814","D19","CARI","CARI.AOS.S2","CARI.SS.20240604.FIL","A00000431551","2024-06-04T19:00Z","2024-06-04T19:00Z","Illinois State Water Survey Central Analytical Laboratory",444.0,0.00622,5,"2024-06-06","B",,
"f2c6e280-956e-49f2-9bb8-bf65df5535c9","D19","CARI","CARI.AOS.S2","CARI.SS.20240604.FIL","A00000431551","2024-06-04T19:00Z","2024-06-04T19:00Z","Illinois State Water Survey Central Analytical Laboratory",264.0,0.09980,5,"2024-06-06","A",,
"d4e2f0b4-060f-4f0c-a17c-d575e014b561","D19","CARI","CARI.AOS.S2","CARI.SS.20240604.FIL","A00000431551","2024-06-04T19:00Z","2024-06-04T19:00Z","Illinois State Water Survey Central Analytical Laboratory",344.0,0.03216,5,"2024-06-06","A",,
"e7c9e435-5044-49e9-945f-e0f4369210d6","D19","CARI","CARI.AOS.S2","CARI.SS.20240604.FIL","A00000431551","2024-06-04T19:00Z","2024-06-04T19:00Z","Illinois State Water Survey Central Analytical Laboratory",416.0,0.00944,5,"2024-06-06","B",,
"bb7baf56-a029-4529-9b51-8c3956f284c2","D19","CARI","CARI.AOS.S2","CARI.SS.20240604.FIL","A00000431551","2024-06-04T19:00Z","2024-06-04T19:00Z","Illinois State Water Survey Central Analytical Laboratory",594.0,0.00148,5,"2024-06-06","A",,
"1c7504f2-ef71-41fc-aad1-5f5be4393aef","D19","CARI","CARI.AOS.S2","CARI.SS.20240604.FIL","A00000431551","2024-06-04T19:00Z","2024-06-04T19:00Z","Illinois State Water Survey Central Analytical Laboratory",296.0,0.06500,5,"2024-06-06","A",,
"8217022a-40ed-4a61-9179-b504023c3bfa","D19","CARI","CARI.AOS.S2","CARI.SS.20240604.FIL","A00000431551","2024-06-04T19:00Z","2024-06-04T19:00Z","Illinois State Water Survey Central Analytical Laboratory",288.0,0.07380,5,"2024-06-06","B",,
"e29e3404-892f-4007-a523-c1caf55bad09","D19","CARI","CARI.AOS.S2","CARI.SS.20240604.FIL","A00000431551","2024-06-04T19:00Z","2024-06-04T19:00Z","Illinois State Water Survey Central Analytical Laboratory",510.0,0.00292,5,"2024-06-06","A",,
"76e22710-d710-40ef-8abb-8558372e771e","D19","CARI","CARI.AOS.S2","CARI.SS.20240604.FIL","A00000431551","2024-06-04T19:00Z","2024-06-04T19:00Z","Illinois State Water Survey Central Analytical Laboratory",522.0,0.00254,5,"2024-06-06","A",,
"d041e36a-db44-4d44-abfb-891a66631f5b","D19","CARI","CARI.AOS.S2","CARI.SS.20240604.FIL","A00000431551","2024-06-04T19:00Z","2024-06-04T19:00Z","Illinois State Water Survey Central Analytical Laboratory",358.0,0.02600,5,"2024-06-06","B",,
"ea27f604-f384-4c13-ab33-3d513eaccd6a","D19","CARI","CARI.AOS.S2","CARI.SS.20240604.FIL","A00000431551","2024-06-04T19:00Z","2024-06-04T19:00Z","Illinois State Water Survey Central Analytical Laboratory",246.0,0.11974,5,"2024-06-06","B",,
"ed47a1f0-a927-4730-93b8-857ba710aa91","D19","CARI","CARI.AOS.S2","CARI.SS.20240604.FIL","A00000431551","2024-06-04T19:00Z","2024-06-04T19:00Z","Illinois State Water Survey Central Analytical Laboratory",486.0,0.00380,5,"2024-06-06","A",,
"1b29f2cc-a782-4ffb-925d-5dd8878d196c","D19","CARI","CARI.AOS.S2","CARI.SS.20240604.FIL","A00000431551","2024-06-04T19:00Z","2024-06-04T19:00Z","Illinois State Water Survey Central Analytical Laboratory",528.0,0.00248,5,"2024-06-06","A",,
"04f11049-ceac-41a7-a62b-c6a4b260face","D19","CARI","CARI.AOS.S2","CARI.SS.20240604.FIL","A00000431551","2024-06-04T19:00Z","2024-06-04T19:00Z","Illinois State Water Survey Central Analytical Laboratory",320.0,0.04684,5,"2024-06-06","B",,
"be2be8a4-a8ab-479d-b36d-642d9822fd2c","D19","CARI","CARI.AOS.S2","CARI.SS.20240604.FIL","A00000431551","2024-06-04T19:00Z","2024-06-04T19:00Z","Illinois State Water Survey Central Analytical Laboratory",488.0,0.00362,5,"2024-06-06","B",,
"06607674-8e9b-40db-b519-b41fdded31a4","D19","CARI","CARI.AOS.S2","CARI.SS.20240604.FIL","A00000431551","2024-06-04T19:00Z","2024-06-04T19:00Z","Illinois State Water Survey Central Analytical Laboratory",412.0,0.00996,5,"2024-06-06","A",,
"42f10b9f-9d06-439e-ad24-25a2f9d8aed9","D19","CARI","CARI.AOS.S2","CARI.SS.20240604.FIL","A00000431551","2024-06-04T19:00Z","2024-06-04T19:00Z","Illinois State Water Survey Central Analytical Laboratory",330.0,0.03978,5,"2024-06-06","A",,
"77a929fb-de0a-44cc-b655-bd3e7536d91d","D19","CARI","CARI.AOS.S2","CARI.SS.20240604.FIL","A00000431551","2024-06-04T19:00Z","2024-06-04T19:00Z","Illinois State Water Survey Central Analytical Laboratory",410.0,0.01044,5,"2024-06-06","B",,
"53fb4656-9c82-46a7-a2e9-08ab25f44dd9","D19","CARI","CARI.AOS.S2","CARI.SS.20240604.FIL","A00000431551","2024-06-04T19:00Z","2024-06-04T19:00Z","Illinois State Water Survey Central Analytical Laboratory",510.0,0.00274,5,"2024-06-06","B",,
"3c7a0d16-b899-4369-ae0e-5fe8c05aedfd","D19","CARI","CARI.AOS.S2","CARI.SS.20240604.FIL","A00000431551","2024-06-04T19:00Z","2024-06-04T19:00Z","Illinois State Water Survey Central Analytical Laboratory",438.0,0.00680,5,"2024-06-06","B",,
"708f8d98-c046-46c8-87f7-01fb591e5055","D19","CARI","CARI.AOS.S2","CARI.SS.20240604.FIL","A00000431551","2024-06-04T19:00Z","2024-06-04T19:00Z","Illinois State Water Survey Central Analytical Laboratory",486.0,0.00374,5,"2024-06-06","B",,
"b6bbe9f9-dc82-4e0c-b63a-7648bf3f93a9","D19","CARI","CARI.AOS.S2","CARI.SS.20240604.FIL","A00000431551","2024-06-04T19:00Z","2024-06-04T19:00Z","Illinois State Water Survey Central Analytical Laboratory",384.0,0.01634,5,"2024-06-06","B",,
"5f05ff5a-e9ac-4779-847f-f84812e37c95","D19","CARI","CARI.AOS.S2","CARI.SS.20240604.FIL","A00000431551","2024-06-04T19:00Z","2024-06-04T19:00Z","Illinois State Water Survey Central Analytical Laboratory",430.0,0.00758,5,"2024-06-06","A",,
"cdfe965c-adf2-4fca-9cd6-187431ae4e10","D19","CARI","CARI.AOS.S2","CARI.SS.20240604.FIL","A00000431551","2024-06-04T19:00Z","2024-06-04T19:00Z","Illinois State Water Survey Central Analytical Laboratory",464.0,0.00472,5,"2024-06-06","B",,
"88aa739d-13ef-4a71-8355-dfb3d746e6ac","D19","CARI","CARI.AOS.S2","CARI.SS.20240604.FIL","A00000431551","2024-06-04T19:00Z","2024-06-04T19:00Z","Illinois State Water Survey Central Analytical Laboratory",290.0,0.07164,5,"2024-06-06","B",,
"15564b3a-3ff3-45c7-9d28-6ca4f5d87d1a","D19","CARI","CARI.AOS.S2","CARI.SS.20240604.FIL","A00000431551","2024-06-04T19:00Z","2024-06-04T19:00Z","Illinois State Water Survey Central Analytical Laboratory",412.0,0.01008,5,"2024-06-06","B",,
"45252fe2-6aa6-4368-bb90-21f1e044a1ed","D19","CARI","CARI.AOS.S2","CARI.SS.20240604.FIL","A00000431551","2024-06-04T19:00Z","2024-06-04T19:00Z","Illinois State Water Survey Central Analytical Laboratory",388.0,0.01498,5,"2024-06-06","A",,
"a2e8bda0-0cd3-4953-9a0a-5e0c27000cf3","D19","CARI","CARI.AOS.S2","CARI.SS.20240604.FIL","A00000431551","2024-06-04T19:00Z","2024-06-04T19:00Z","Illinois State Water Survey Central Analytical Laboratory",516.0,0.00278,5,"2024-06-06","A",,
"c16b1a0d-c148-44c2-8621-9a95bcddef8c","D19","CARI","CARI.AOS.S2","CARI.SS.20240604.FIL","A00000431551","2024-06-04T19:00Z","2024-06-04T19:00Z","Illinois State Water Survey Central Analytical Laboratory",494.0,0.00342,5,"2024-06-06","A",,
"ac41026e-bfb7-4a4e-bb29-6e03c68b0466","D19","CARI","CARI.AOS.S2","CARI.SS.20240604.FIL","A00000431551","2024-06-04T19:00Z","2024-06-04T19:00Z","Illinois State Water Survey Central Analytical Laboratory",406.0,0.01120,5,"2024-06-06","B",,
"dffcae4b-7a7f-4f00-b808-372e7f243ddd","D19","CARI","CARI.AOS.S2","CARI.SS.20240604.FIL","A00000431551","2024-06-04T19:00Z","2024-06-04T19:00Z","Illinois State Water Survey Central Analytical Laboratory",454.0,0.00538,5,"2024-06-06","B",,
"8ef0953a-061c-4dc6-a7b0-5f75dd6eafa6","D19","CARI","CARI.AOS.S2","CARI.SS.20240604.FIL","A00000431551","2024-06-04T19:00Z","2024-06-04T19:00Z","Illinois State Water Survey Central Analytical Laboratory",560.0,0.00172,5,"2024-06-06","B",,
"a32c3a86-d816-436f-be41-9e4a5a28c307","D19","CARI","CARI.AOS.S2","CARI.SS.20240604.FIL","A00000431551","2024-06-04T19:00Z","2024-06-04T19:00Z","Illinois State Water Survey Central Analytical Laboratory",274.0,0.08816,5,"2024-06-06","A",,
"6df167e6-3a33-485f-92f5-14c7e25f0a7b","D19","CARI","CARI.AOS.S2","CARI.SS.20240604.FIL","A00000431551","2024-06-04T19:00Z","2024-06-04T19:00Z","Illinois State Water Survey Central Analytical Laboratory",582.0,0.00134,5,"2024-06-06","B",,
"b10ab6d5-9dbf-4244-8a05-f720af1cf6c0","D19","CARI","CARI.AOS.S2","CARI.SS.20240604.FIL","A00000431551","2024-06-04T19:00Z","2024-06-04T19:00Z","Illinois State Water Survey Central Analytical Laboratory",386.0,0.01574,5,"2024-06-06","B",,
"d7d89188-3440-417e-afc5-0656f701618b","D19","CARI","CARI.AOS.S2","CARI.SS.20240604.FIL","A00000431551","2024-06-04T19:00Z","2024-06-04T19:00Z","Illinois State Water Survey Central Analytical Laboratory",542.0,0.00216,5,"2024-06-06","A",,
"63b6d857-b19d-4f1f-b38e-1afc42c617bd","D19","CARI","CARI.AOS.S2","CARI.SS.20240604.FIL","A00000431551","2024-06-04T19:00Z","2024-06-04T19:00Z","Illinois State Water Survey Central Analytical Laboratory",400.0,0.01240,5,"2024-06-06","B",,
"ba5f8de1-e861-4ffd-b254-2b9e137e1fa6","D19","CARI","CARI.AOS.S2","CARI.SS.20240604.FIL","A00000431551","2024-06-04T19:00Z","2024-06-04T19:00Z","Illinois State Water Survey Central Analytical Laboratory",522.0,0.00240,5,"2024-06-06","B",,
"36749428-327c-43ff-ae3e-a9e6472a1e3b","D19","CARI","CARI.AOS.S2","CARI.SS.20240604.FIL","A00000431551","2024-06-04T19:00Z","2024-06-04T19:00Z","Illinois State Water Survey Central Analytical Laboratory",240.0,0.12816,5,"2024-06-06","A",,
"78d01c90-be81-488a-a88c-dfda14ae2527","D19","CARI","CARI.AOS.S2","CARI.SS.20240604.FIL","A00000431551","2024-06-04T19:00Z","2024-06-04T19:00Z","Illinois State Water Survey Central Analytical Laboratory",280.0,0.08224,5,"2024-06-06","B",,
"685b9c0b-91d8-4fed-94d9-972034b0a3e5","D19","CARI","CARI.AOS.S2","CARI.SS.20240604.FIL","A00000431551","2024-06-04T19:00Z","2024-06-04T19:00Z","Illinois State Water Survey Central Analytical Laboratory",508.0,0.00278,5,"2024-06-06","B",,
"60a09a58-7d44-41d8-abe8-08010f722516","D19","CARI","CARI.AOS.S2","CARI.SS.20240604.FIL","A00000431551","2024-06-04T19:00Z","2024-06-04T19:00Z","Illinois State Water Survey Central Analytical Laboratory",364.0,0.02310,5,"2024-06-06","A",,
"c179250e-cdd4-4c80-89ff-65ed3d5583e1","D19","CARI","CARI.AOS.S2","CARI.SS.20240604.FIL","A00000431551","2024-06-04T19:00Z","2024-06-04T19:00Z","Illinois State Water Survey Central Analytical Laboratory",482.0,0.00388,5,"2024-06-06","B",,
"4d3736a0-76fc-4b74-b40b-394813a9e66e","D19","CARI","CARI.AOS.S2","CARI.SS.20240604.FIL","A00000431551","2024-06-04T19:00Z","2024-06-04T19:00Z","Illinois State Water Survey Central Analytical Laboratory",434.0,0.00718,5,"2024-06-06","A",,
"065cd0af-4ce2-4434-849a-ad73a9cc1394","D19","CARI","CARI.AOS.S2","CARI.SS.20240604.FIL","A00000431551","2024-06-04T19:00Z","2024-06-04T19:00Z","Illinois State Water Survey Central Analytical Laboratory",526.0,0.00248,5,"2024-06-06","A",,
"5a838f74-4d5e-4d7f-b199-71ea618a3ac8","D19","CARI","CARI.AOS.S2","CARI.SS.20240604.FIL","A00000431551","2024-06-04T19:00Z","2024-06-04T19:00Z","Illinois State Water Survey Central Analytical Laboratory",352.0,0.02868,5,"2024-06-06","B",,
"6c76c6d9-943a-4030-9813-0d102055f306","D19","CARI","CARI.AOS.S2","CARI.SS.20240604.FIL","A00000431551","2024-06-04T19:00Z","2024-06-04T19:00Z","Illinois State Water Survey Central Analytical Laboratory",316.0,0.04962,5,"2024-06-06","B",,
"63dc3a9f-6a02-408a-a9cc-0a815fe5cf8e","D19","CARI","CARI.AOS.S2","CARI.SS.20240604.FIL","A00000431551","2024-06-04T19:00Z","2024-06-04T19:00Z","Illinois State Water Survey Central Analytical Laboratory",332.0,0.03858,5,"2024-06-06","A",,
"e626a75b-53e6-45e2-bd0e-2069ca296906","D19","CARI","CARI.AOS.S2","CARI.SS.20240604.FIL","A00000431551","2024-06-04T19:00Z","2024-06-04T19:00Z","Illinois State Water Survey Central Analytical Laboratory",534.0,0.00228,5,"2024-06-06","A",,
"2d51bb89-5acf-4944-891e-fd88496efd53","D19","CARI","CARI.AOS.S2","CARI.SS.20240604.FIL","A00000431551","2024-06-04T19:00Z","2024-06-04T19:00Z","Illinois State Water Survey Central Analytical Laboratory",484.0,0.00380,5,"2024-06-06","B",,
"1c4e0771-0cb8-4ed7-9343-5ef12ae983b6","D19","CARI","CARI.AOS.S2","CARI.SS.20240604.FIL","A00000431551","2024-06-04T19:00Z","2024-06-04T19:00Z","Illinois State Water Survey Central Analytical Laboratory",342.0,0.03364,5,"2024-06-06","B",,
"0348a1f8-6a50-4aff-8ab2-3d2a9a5f44ec","D19","CARI","CARI.AOS.S2","CARI.SS.20240604.FIL","A00000431551","2024-06-04T19:00Z","2024-06-04T19:00Z","Illinois State Water Survey Central Analytical Laboratory",498.0,0.00330,5,"2024-06-06","A",,
"d22dad06-1e2a-49cf-8526-cc340ff6a068","D19","CARI","CARI.AOS.S2","CARI.SS.20240604.FIL","A00000431551","2024-06-04T19:00Z","2024-06-04T19:00Z","Illinois State Water Survey Central Analytical Laboratory",600.0,0.00122,5,"2024-06-06","B",,
"52348757-d794-4fc0-8489-a8f36397234f","D19","CARI","CARI.AOS.S2","CARI.SS.20240604.FIL","A00000431551","2024-06-04T19:00Z","2024-06-04T19:00Z","Illinois State Water Survey Central Analytical Laboratory",428.0,0.00788,5,"2024-06-06","A",,
"335da6bd-8144-46f6-a14d-13245b6697f0","D19","CARI","CARI.AOS.S2","CARI.SS.20240604.FIL","A00000431551","2024-06-04T19:00Z","2024-06-04T19:00Z","Illinois State Water Survey Central Analytical Laboratory",570.0,0.00150,5,"2024-06-06","B",,
"8a107db2-39e5-4e83-bb1b-9103692586e7","D19","CARI","CARI.AOS.S2","CARI.SS.20240604.FIL","A00000431551","2024-06-04T19:00Z","2024-06-04T19:00Z","Illinois State Water Survey Central Analytical Laboratory",504.0,0.00306,5,"2024-06-06","A",,
"e45be420-0386-4bbf-9cea-9c93398464f5","D19","CARI","CARI.AOS.S2","CARI.SS.20240604.FIL","A00000431551","2024-06-04T19:00Z","2024-06-04T19:00Z","Illinois State Water Survey Central Analytical Laboratory",374.0,0.01934,5,"2024-06-06","A",,
"37ea11a2-e390-4a15-a425-52236d1b058e","D19","CARI","CARI.AOS.S2","CARI.SS.20240604.FIL","A00000431551","2024-06-04T19:00Z","2024-06-04T19:00Z","Illinois State Water Survey Central Analytical Laboratory",592.0,0.00146,5,"2024-06-06","A",,
"f1904cac-d7d9-4e9d-a5d6-ad6b991b92f6","D19","CARI","CARI.AOS.S2","CARI.SS.20240604.FIL","A00000431551","2024-06-04T19:00Z","2024-06-04T19:00Z","Illinois State Water Survey Central Analytical Laboratory",388.0,0.01520,5,"2024-06-06","B",,
"c8c95aa3-493d-4770-acd0-23a6254ee15c","D19","CARI","CARI.AOS.S2","CARI.SS.20240604.FIL","A00000431551","2024-06-04T19:00Z","2024-06-04T19:00Z","Illinois State Water Survey Central Analytical Laboratory",420.0,0.00892,5,"2024-06-06","B",,
"0d93ae7b-6b59-4ed6-b611-f59bf73bd276","D19","CARI","CARI.AOS.S2","CARI.SS.20240604.FIL","A00000431551","2024-06-04T19:00Z","2024-06-04T19:00Z","Illinois State Water Survey Central Analytical Laboratory",440.0,0.00666,5,"2024-06-06","B",,
"d5294126-07f6-4ba4-8a70-b12c378045f7","D19","CARI","CARI.AOS.S2","CARI.SS.20240604.FIL","A00000431551","2024-06-04T19:00Z","2024-06-04T19:00Z","Illinois State Water Survey Central Analytical Laboratory",466.0,0.00462,5,"2024-06-06","B",,
"ed740570-24a6-4939-a6e5-41c080fc1772","D19","CARI","CARI.AOS.S2","CARI.SS.20240604.FIL","A00000431551","2024-06-04T19:00Z","2024-06-04T19:00Z","Illinois State Water Survey Central Analytical Laboratory",272.0,0.09170,5,"2024-06-06","B",,
"66db940e-dfd8-4640-8475-2fdd8d85ad0c","D19","CARI","CARI.AOS.S2","CARI.SS.20240604.FIL","A00000431551","2024-06-04T19:00Z","2024-06-04T19:00Z","Illinois State Water Survey Central Analytical Laboratory",350.0,0.02926,5,"2024-06-06","A",,
"04c778e5-a94d-4c49-a815-3b8fdd816043","D19","CARI","CARI.AOS.S2","CARI.SS.20240604.FIL","A00000431551","2024-06-04T19:00Z","2024-06-04T19:00Z","Illinois State Water Survey Central Analytical Laboratory",300.0,0.06232,5,"2024-06-06","B",,
"77bcbccb-bf9f-4f86-862c-6ed9ab4e03a6","D19","CARI","CARI.AOS.S2","CARI.SS.20240604.FIL","A00000431551","2024-06-04T19:00Z","2024-06-04T19:00Z","Illinois State Water Survey Central Analytical Laboratory",336.0,0.03638,5,"2024-06-06","A",,
"407fdefa-d824-4c23-b7a9-f4975b98335b","D19","CARI","CARI.AOS.S2","CARI.SS.20240604.FIL","A00000431551","2024-06-04T19:00Z","2024-06-04T19:00Z","Illinois State Water Survey Central Analytical Laboratory",238.0,0.13440,5,"2024-06-06","B",,
"f6f2d29e-cb86-42f6-ad8f-d52c0dea9cc3","D19","CARI","CARI.AOS.S2","CARI.SS.20240604.FIL","A00000431551","2024-06-04T19:00Z","2024-06-04T19:00Z","Illinois State Water Survey Central Analytical Laboratory",312.0,0.05260,5,"2024-06-06","B",,
"e090b025-fd38-4181-8c73-93c7c259425e","D19","CARI","CARI.AOS.S2","CARI.SS.20240604.FIL","A00000431551","2024-06-04T19:00Z","2024-06-04T19:00Z","Illinois State Water Survey Central Analytical Laboratory",236.0,0.13976,5,"2024-06-06","B",,
"0b79dde4-9802-4c0e-9bb1-7164ec8910c0","D19","CARI","CARI.AOS.S2","CARI.SS.20240604.FIL","A00000431551","2024-06-04T19:00Z","2024-06-04T19:00Z","Illinois State Water Survey Central Analytical Laboratory",570.0,0.00176,5,"2024-06-06","A",,
"fb8eb938-8502-40e9-a41a-9b9ae83387b1","D19","CARI","CARI.AOS.S2","CARI.SS.20240604.FIL","A00000431551","2024-06-04T19:00Z","2024-06-04T19:00Z","Illinois State Water Survey Central Analytical Laboratory",360.0,0.02510,5,"2024-06-06","B",,
"9c7c5fe9-e548-49eb-890e-0e6745437a8d","D19","CARI","CARI.AOS.S2","CARI.SS.20240604.FIL","A00000431551","2024-06-04T19:00Z","2024-06-04T19:00Z","Illinois State Water Survey Central Analytical Laboratory",256.0,0.10930,5,"2024-06-06","B",,
"9d73f2c0-fcd5-45e6-b5c0-a7c77ed1aec9","D19","CARI","CARI.AOS.S2","CARI.SS.20240604.FIL","A00000431551","2024-06-04T19:00Z","2024-06-04T19:00Z","Illinois State Water Survey Central Analytical Laboratory",548.0,0.00212,5,"2024-06-06","A",,
"5fbaeffa-ba14-4734-a033-db631a7b9f1d","D19","CARI","CARI.AOS.S2","CARI.SS.20240604.FIL","A00000431551","2024-06-04T19:00Z","2024-06-04T19:00Z","Illinois State Water Survey Central Analytical Laboratory",256.0,0.10798,5,"2024-06-06","A",,
"0aec3f7f-f4ca-4e13-9fc6-d137fb173dd5","D19","CARI","CARI.AOS.S2","CARI.SS.20240604.FIL","A00000431551","2024-06-04T19:00Z","2024-06-04T19:00Z","Illinois State Water Survey Central Analytical Laboratory",436.0,0.00698,5,"2024-06-06","A",,
"f9c6cff3-760f-4921-bbaa-81d338a22294","D19","CARI","CARI.AOS.S2","CARI.SS.20240604.FIL","A00000431551","2024-06-04T19:00Z","2024-06-04T19:00Z","Illinois State Water Survey Central Analytical Laboratory",468.0,0.00448,5,"2024-06-06","B",,
"c95c82d0-ba99-4a42-b5a5-5f3f0801c775","D19","CARI","CARI.AOS.S2","CARI.SS.20240604.FIL","A00000431551","2024-06-04T19:00Z","2024-06-04T19:00Z","Illinois State Water Survey Central Analytical Laboratory",246.0,0.11828,5,"2024-06-06","A",,
"8c5292de-34d2-41b4-8574-c1c693b9bff1","D19","CARI","CARI.AOS.S2","CARI.SS.20240604.FIL","A00000431551","2024-06-04T19:00Z","2024-06-04T19:00Z","Illinois State Water Survey Central Analytical Laboratory",460.0,0.00502,5,"2024-06-06","A",,
"dc88b730-9366-4206-989c-95b6793a33dd","D19","CARI","CARI.AOS.S2","CARI.SS.20240604.FIL","A00000431551","2024-06-04T19:00Z","2024-06-04T19:00Z","Illinois State Water Survey Central Analytical Laboratory",318.0,0.04758,5,"2024-06-06","A",,
"a469988a-ac45-44a1-8ff7-87fc611904c8","D19","CARI","CARI.AOS.S2","CARI.SS.20240604.FIL","A00000431551","2024-06-04T19:00Z","2024-06-04T19:00Z","Illinois State Water Survey Central Analytical Laboratory",332.0,0.03910,5,"2024-06-06","B",,
"88ef1e48-1ef8-4baa-a4ba-e1784ffdd686","D19","CARI","CARI.AOS.S2","CARI.SS.20240604.FIL","A00000431551","2024-06-04T19:00Z","2024-06-04T19:00Z","Illinois State Water Survey Central Analytical Laboratory",406.0,0.01110,5,"2024-06-06","A",,
"4283d283-f1d8-423d-9466-91cc5ba21b33","D19","CARI","CARI.AOS.S2","CARI.SS.20240604.FIL","A00000431551","2024-06-04T19:00Z","2024-06-04T19:00Z","Illinois State Water Survey Central Analytical Laboratory",536.0,0.00228,5,"2024-06-06","A",,
"c043a082-1d44-4c58-b1b1-a079fcb7c331","D19","CARI","CARI.AOS.S2","CARI.SS.20240604.FIL","A00000431551","2024-06-04T19:00Z","2024-06-04T19:00Z","Illinois State Water Survey Central Analytical Laboratory",568.0,0.00150,5,"2024-06-06","B",,
"6b9dd9ad-e4e5-4386-a98b-dff18f67743e","D19","CARI","CARI.AOS.S2","CARI.SS.20240604.FIL","A00000431551","2024-06-04T19:00Z","2024-06-04T19:00Z","Illinois State Water Survey Central Analytical Laboratory",470.0,0.00442,5,"2024-06-06","B",,
"db38b6f9-4a44-4455-b5ab-9eb0489dc757","D19","CARI","CARI.AOS.S2","CARI.SS.20240604.FIL","A00000431551","2024-06-04T19:00Z","2024-06-04T19:00Z","Illinois State Water Survey Central Analytical Laboratory",506.0,0.00286,5,"2024-06-06","B",,
"116c99c8-ac98-42f3-8a40-e89c2a8563db","D19","CARI","CARI.AOS.S2","CARI.SS.20240604.FIL","A00000431551","2024-06-04T19:00Z","2024-06-04T19:00Z","Illinois State Water Survey Central Analytical Laboratory",402.0,0.01198,5,"2024-06-06","B",,
"7c8d448b-1add-4757-9d9e-c0f9e9830f76","D19","CARI","CARI.AOS.S2","CARI.SS.20240604.FIL","A00000431551","2024-06-04T19:00Z","2024-06-04T19:00Z","Illinois State Water Survey Central Analytical Laboratory",380.0,0.01752,5,"2024-06-06","B",,
"48e80725-719a-42eb-812c-da920ede4905","D19","CARI","CARI.AOS.S2","CARI.SS.20240604.FIL","A00000431551","2024-06-04T19:00Z","2024-06-04T19:00Z","Illinois State Water Survey Central Analytical Laboratory",222.0,0.23514,5,"2024-06-06","B",,
"e8be6646-de66-449e-8342-b2fedbb53c19","D19","CARI","CARI.AOS.S2","CARI.SS.20240604.FIL","A00000431551","2024-06-04T19:00Z","2024-06-04T19:00Z","Illinois State Water Survey Central Analytical Laboratory",222.0,0.23220,5,"2024-06-06","A",,
"76e03189-d783-4830-b303-52e89922cb03","D19","CARI","CARI.AOS.S2","CARI.SS.20240604.FIL","A00000431551","2024-06-04T19:00Z","2024-06-04T19:00Z","Illinois State Water Survey Central Analytical Laboratory",564.0,0.00186,5,"2024-06-06","A",,
"e53346f9-86e9-4c89-895a-4f7eca45f07a","D19","CARI","CARI.AOS.S2","CARI.SS.20240604.FIL","A00000431551","2024-06-04T19:00Z","2024-06-04T19:00Z","Illinois State Water Survey Central Analytical Laboratory",250.0,0.11538,5,"2024-06-06","B",,
"243bfbcb-fc77-4d1d-b979-9c3bb0d16b90","D19","CARI","CARI.AOS.S2","CARI.SS.20240604.FIL","A00000431551","2024-06-04T19:00Z","2024-06-04T19:00Z","Illinois State Water Survey Central Analytical Laboratory",350.0,0.02966,5,"2024-06-06","B",,
"de84aa37-4950-463c-b3a2-03b39c5ac9ea","D19","CARI","CARI.AOS.S2","CARI.SS.20240604.FIL","A00000431551","2024-06-04T19:00Z","2024-06-04T19:00Z","Illinois State Water Survey Central Analytical Laboratory",348.0,0.03064,5,"2024-06-06","B",,
"ad5da3a4-8d0c-414d-a08b-80988d6a4318","D19","CARI","CARI.AOS.S2","CARI.SS.20240604.FIL","A00000431551","2024-06-04T19:00Z","2024-06-04T19:00Z","Illinois State Water Survey Central Analytical Laboratory",334.0,0.03804,5,"2024-06-06","B",,
"e5ecbc7c-f3ba-4f95-952b-b83185d05603","D19","CARI","CARI.AOS.S2","CARI.SS.20240604.FIL","A00000431551","2024-06-04T19:00Z","2024-06-04T19:00Z","Illinois State Water Survey Central Analytical Laboratory",488.0,0.00368,5,"2024-06-06","A",,
"c5aaab1c-5210-4b46-818a-2b804c634576","D19","CARI","CARI.AOS.S2","CARI.SS.20240604.FIL","A00000431551","2024-06-04T19:00Z","2024-06-04T19:00Z","Illinois State Water Survey Central Analytical Laboratory",324.0,0.04408,5,"2024-06-06","B",,
"7b64904b-7262-4c98-bc1e-468c02d90935","D19","CARI","CARI.AOS.S2","CARI.SS.20240604.FIL","A00000431551","2024-06-04T19:00Z","2024-06-04T19:00Z","Illinois State Water Survey Central Analytical Laboratory",390.0,0.01446,5,"2024-06-06","A",,
"9e7c8cf2-fd9b-4d75-91b1-a495c722aaa5","D19","CARI","CARI.AOS.S2","CARI.SS.20240604.FIL","A00000431551","2024-06-04T19:00Z","2024-06-04T19:00Z","Illinois State Water Survey Central Analytical Laboratory",402.0,0.01186,5,"2024-06-06","A",,
"0b8ebc8a-57b6-43ff-a93f-452bddbde43a","D19","CARI","CARI.AOS.S2","CARI.SS.20240604.FIL","A00000431551","2024-06-04T19:00Z","2024-06-04T19:00Z","Illinois State Water Survey Central Analytical Laboratory",396.0,0.01310,5,"2024-06-06","A",,
"cdc24736-7f4f-40de-8872-4829ce81ba3e","D19","CARI","CARI.AOS.S2","CARI.SS.20240604.FIL","A00000431551","2024-06-04T19:00Z","2024-06-04T19:00Z","Illinois State Water Survey Central Analytical Laboratory",382.0,0.01674,5,"2024-06-06","A",,
"f84ce886-32c9-481b-8d44-2ad18bd54b4f","D19","CARI","CARI.AOS.S2","CARI.SS.20240604.FIL","A00000431551","2024-06-04T19:00Z","2024-06-04T19:00Z","Illinois State Water Survey Central Analytical Laboratory",446.0,0.00604,5,"2024-06-06","B",,
"4402bfaa-c902-452d-8713-c92762f03468","D19","CARI","CARI.AOS.S2","CARI.SS.20240604.FIL","A00000431551","2024-06-04T19:00Z","2024-06-04T19:00Z","Illinois State Water Survey Central Analytical Laboratory",262.0,0.10188,5,"2024-06-06","A",,
"e44dc0a3-9755-458a-ad88-3f7a9ae6be16","D19","CARI","CARI.AOS.S2","CARI.SS.20240604.FIL","A00000431551","2024-06-04T19:00Z","2024-06-04T19:00Z","Illinois State Water Survey Central Analytical Laboratory",504.0,0.00296,5,"2024-06-06","B",,
"cbd37240-576b-4453-ad2e-08bc219b443f","D19","CARI","CARI.AOS.S2","CARI.SS.20240604.FIL","A00000431551","2024-06-04T19:00Z","2024-06-04T19:00Z","Illinois State Water Survey Central Analytical Laboratory",414.0,0.00962,5,"2024-06-06","A",,
"393fa8fb-dcc3-4da2-9ff3-ae00d322b3f9","D19","CARI","CARI.AOS.S2","CARI.SS.20240604.FIL","A00000431551","2024-06-04T19:00Z","2024-06-04T19:00Z","Illinois State Water Survey Central Analytical Laboratory",232.0,0.15364,5,"2024-06-06","A",,
"5d74c33c-57af-4f14-a733-59572bb42081","D19","CARI","CARI.AOS.S2","CARI.SS.20240604.FIL","A00000431551","2024-06-04T19:00Z","2024-06-04T19:00Z","Illinois State Water Survey Central Analytical Laboratory",424.0,0.00836,5,"2024-06-06","A",,
"4e194179-8b5a-4b6e-ba14-0a6618c7b9a4","D19","CARI","CARI.AOS.S2","CARI.SS.20240604.FIL","A00000431551","2024-06-04T19:00Z","2024-06-04T19:00Z","Illinois State Water Survey Central Analytical Laboratory",440.0,0.00660,5,"2024-06-06","A",,
"ab198a84-2c9e-421b-a745-7774a056b9db","D19","CARI","CARI.AOS.S2","CARI.SS.20240604.FIL","A00000431551","2024-06-04T19:00Z","2024-06-04T19:00Z","Illinois State Water Survey Central Analytical Laboratory",234.0,0.14662,5,"2024-06-06","B",,
"150bb354-dc4f-4d17-b884-86103ca065cc","D19","CARI","CARI.AOS.S2","CARI.SS.20240604.FIL","A00000431551","2024-06-04T19:00Z","2024-06-04T19:00Z","Illinois State Water Survey Central Analytical Laboratory",220.0,0.25742,5,"2024-06-06","A",,
"86598fd0-c789-42bb-9446-f3c2d9fd4560","D19","CARI","CARI.AOS.S2","CARI.SS.20240604.FIL","A00000431551","2024-06-04T19:00Z","2024-06-04T19:00Z","Illinois State Water Survey Central Analytical Laboratory",518.0,0.00250,5,"2024-06-06","B",,
"11bedc13-f858-42e8-b530-9e59745d118c","D19","CARI","CARI.AOS.S2","CARI.SS.20240604.FIL","A00000431551","2024-06-04T19:00Z","2024-06-04T19:00Z","Illinois State Water Survey Central Analytical Laboratory",334.0,0.03752,5,"2024-06-06","A",,
"0382b8d1-fb9c-4fd3-9dda-534c08145ab2","D19","CARI","CARI.AOS.S2","CARI.SS.20240604.FIL","A00000431551","2024-06-04T19:00Z","2024-06-04T19:00Z","Illinois State Water Survey Central Analytical Laboratory",240.0,0.12976,5,"2024-06-06","B",,
"b16208c2-6434-4157-84da-9b511dd4e711","D19","CARI","CARI.AOS.S2","CARI.SS.20240604.FIL","A00000431551","2024-06-04T19:00Z","2024-06-04T19:00Z","Illinois State Water Survey Central Analytical Laboratory",394.0,0.01350,5,"2024-06-06","A",,
"e9151d50-dfe7-4712-9759-e653c892f6a8","D19","CARI","CARI.AOS.S2","CARI.SS.20240604.FIL","A00000431551","2024-06-04T19:00Z","2024-06-04T19:00Z","Illinois State Water Survey Central Analytical Laboratory",348.0,0.03026,5,"2024-06-06","A",,
"f27347c0-6f3f-4cc7-a4e4-c04dfad0cb1f","D19","CARI","CARI.AOS.S2","CARI.SS.20240604.FIL","A00000431551","2024-06-04T19:00Z","2024-06-04T19:00Z","Illinois State Water Survey Central Analytical Laboratory",432.0,0.00742,5,"2024-06-06","B",,
"a122aa51-db01-44b8-8d17-6f18520abfc2","D19","CARI","CARI.AOS.S2","CARI.SS.20240604.FIL","A00000431551","2024-06-04T19:00Z","2024-06-04T19:00Z","Illinois State Water Survey Central Analytical Laboratory",528.0,0.00232,5,"2024-06-06","B",,
"f6db82ac-13ae-4fdc-ae8a-765c957e4fa0","D19","CARI","CARI.AOS.S2","CARI.SS.20240604.FIL","A00000431551","2024-06-04T19:00Z","2024-06-04T19:00Z","Illinois State Water Survey Central Analytical Laboratory",366.0,0.02258,5,"2024-06-06","B",,
"dc142b23-271f-4e94-b75d-ef7fc5643470","D19","CARI","CARI.AOS.S2","CARI.SS.20240604.FIL","A00000431551","2024-06-04T19:00Z","2024-06-04T19:00Z","Illinois State Water Survey Central Analytical Laboratory",304.0,0.05826,5,"2024-06-06","A",,
"d6888796-ca66-4a45-9791-8eb410333086","D19","CARI","CARI.AOS.S2","CARI.SS.20240604.FIL","A00000431551","2024-06-04T19:00Z","2024-06-04T19:00Z","Illinois State Water Survey Central Analytical Laboratory",546.0,0.00186,5,"2024-06-06","B",,
"cd76d162-a010-413e-b7ed-4018a90029b9","D19","CARI","CARI.AOS.S2","CARI.SS.20240604.FIL","A00000431551","2024-06-04T19:00Z","2024-06-04T19:00Z","Illinois State Water Survey Central Analytical Laboratory",228.0,0.17740,5,"2024-06-06","B",,
"f2c58588-2767-4ca3-aa1b-c2fc22213330","D19","CARI","CARI.AOS.S2","CARI.SS.20240604.FIL","A00000431551","2024-06-04T19:00Z","2024-06-04T19:00Z","Illinois State Water Survey Central Analytical Laboratory",598.0,0.00114,5,"2024-06-06","B",,
"56f1638e-e98b-40b8-a65f-12f2675982b2","D19","CARI","CARI.AOS.S2","CARI.SS.20240604.FIL","A00000431551","2024-06-04T19:00Z","2024-06-04T19:00Z","Illinois State Water Survey Central Analytical Laboratory",446.0,0.00604,5,"2024-06-06","A",,
"f37f5d0e-f758-416f-8219-62c9af7a8135","D19","CARI","CARI.AOS.S2","CARI.SS.20240604.FIL","A00000431551","2024-06-04T19:00Z","2024-06-04T19:00Z","Illinois State Water Survey Central Analytical Laboratory",242.0,0.12584,5,"2024-06-06","B",,
"48464923-27cd-451a-b921-b2dfc7ac22cd","D19","CARI","CARI.AOS.S2","CARI.SS.20240604.FIL","A00000431551","2024-06-04T19:00Z","2024-06-04T19:00Z","Illinois State Water Survey Central Analytical Laboratory",324.0,0.04352,5,"2024-06-06","A",,
"b2d54205-06a6-4300-a314-a65954e39d62","D19","CARI","CARI.AOS.S2","CARI.SS.20240604.FIL","A00000431551","2024-06-04T19:00Z","2024-06-04T19:00Z","Illinois State Water Survey Central Analytical Laboratory",476.0,0.00414,5,"2024-06-06","B",,
"4842ad0a-7888-4569-8e4a-ee71ddeafb37","D19","CARI","CARI.AOS.S2","CARI.SS.20240604.FIL","A00000431551","2024-06-04T19:00Z","2024-06-04T19:00Z","Illinois State Water Survey Central Analytical Laboratory",230.0,0.16644,5,"2024-06-06","B",,
"eaa170b0-fb5b-451a-896b-f576faedfc70","D19","CARI","CARI.AOS.S2","CARI.SS.20240604.FIL","A00000431551","2024-06-04T19:00Z","2024-06-04T19:00Z","Illinois State Water Survey Central Analytical Laboratory",466.0,0.00466,5,"2024-06-06","A",,
"fe93065c-780c-46d8-b510-a62e3cc63657","D19","CARI","CARI.AOS.S2","CARI.SS.20240604.FIL","A00000431551","2024-06-04T19:00Z","2024-06-04T19:00Z","Illinois State Water Survey Central Analytical Laboratory",380.0,0.01732,5,"2024-06-06","A",,
"d78a9030-ebf3-4491-82ec-6409be70ddc2","D19","CARI","CARI.AOS.S2","CARI.SS.20240604.FIL","A00000431551","2024-06-04T19:00Z","2024-06-04T19:00Z","Illinois State Water Survey Central Analytical Laboratory",272.0,0.09060,5,"2024-06-06","A",,
"53ea238c-2bba-40c1-b316-1546e501e904","D19","CARI","CARI.AOS.S2","CARI.SS.20240604.FIL","A00000431551","2024-06-04T19:00Z","2024-06-04T19:00Z","Illinois State Water Survey Central Analytical Laboratory",580.0,0.00164,5,"2024-06-06","A",,
"f5054739-3d7b-4604-a1e7-8f90a671352e","D19","CARI","CARI.AOS.S2","CARI.SS.20240604.FIL","A00000431551","2024-06-04T19:00Z","2024-06-04T19:00Z","Illinois State Water Survey Central Analytical Laboratory",578.0,0.00172,5,"2024-06-06","A",,
"609b6d04-bb0a-47cf-94d2-eb9cedbf70bd","D19","CARI","CARI.AOS.S2","CARI.SS.20240604.FIL","A00000431551","2024-06-04T19:00Z","2024-06-04T19:00Z","Illinois State Water Survey Central Analytical Laboratory",250.0,0.11398,5,"2024-06-06","A",,
"c0739217-8d61-44ee-b057-968b274b80bf","D19","CARI","CARI.AOS.S2","CARI.SS.20240604.FIL","A00000431551","2024-06-04T19:00Z","2024-06-04T19:00Z","Illinois State Water Survey Central Analytical Laboratory",502.0,0.00314,5,"2024-06-06","A",,
"e7015d56-c6d6-483a-8980-166a892cfb84","D19","CARI","CARI.AOS.S2","CARI.SS.20240604.FIL","A00000431551","2024-06-04T19:00Z","2024-06-04T19:00Z","Illinois State Water Survey Central Analytical Laboratory",230.0,0.16438,5,"2024-06-06","A",,
"4c33174f-136a-47e5-8dc1-02a5716ef1f0","D19","CARI","CARI.AOS.S2","CARI.SS.20240604.FIL","A00000431551","2024-06-04T19:00Z","2024-06-04T19:00Z","Illinois State Water Survey Central Analytical Laboratory",322.0,0.04484,5,"2024-06-06","A",,
"5320ea33-37f3-44a2-91ab-f64152272619","D19","CARI","CARI.AOS.S2","CARI.SS.20240604.FIL","A00000431551","2024-06-04T19:00Z","2024-06-04T19:00Z","Illinois State Water Survey Central Analytical Laboratory",382.0,0.01692,5,"2024-06-06","B",,
"5ef6c7e1-fa33-40b8-b4b2-894bc719b40a","D19","CARI","CARI.AOS.S2","CARI.SS.20240604.FIL","A00000431551","2024-06-04T19:00Z","2024-06-04T19:00Z","Illinois State Water Survey Central Analytical Laboratory",268.0,0.09636,5,"2024-06-06","B",,
"933e2cb0-8b1d-403f-88c8-e4cece63f3b0","D19","CARI","CARI.AOS.S2","CARI.SS.20240604.FIL","A00000431551","2024-06-04T19:00Z","2024-06-04T19:00Z","Illinois State Water Survey Central Analytical Laboratory",414.0,0.00974,5,"2024-06-06","B",,
"4917b7d9-ed0e-435b-8bdf-a4561846a900","D19","CARI","CARI.AOS.S2","CARI.SS.20240604.FIL","A00000431551","2024-06-04T19:00Z","2024-06-04T19:00Z","Illinois State Water Survey Central Analytical Laboratory",344.0,0.03262,5,"2024-06-06","B",,
"36046dd5-e59d-4492-b7d4-0b7946b3d574","D19","CARI","CARI.AOS.S2","CARI.SS.20240604.FIL","A00000431551","2024-06-04T19:00Z","2024-06-04T19:00Z","Illinois State Water Survey Central Analytical Laboratory",328.0,0.04104,5,"2024-06-06","A",,
"5b5345e0-2aad-45c8-8bd1-52211a451323","D19","CARI","CARI.AOS.S2","CARI.SS.20240604.FIL","A00000431551","2024-06-04T19:00Z","2024-06-04T19:00Z","Illinois State Water Survey Central Analytical Laboratory",386.0,0.01556,5,"2024-06-06","A",,
"f349dd1a-437c-4a49-b1f1-995f071e4b34","D19","CARI","CARI.AOS.S2","CARI.SS.20240604.FIL","A00000431551","2024-06-04T19:00Z","2024-06-04T19:00Z","Illinois State Water Survey Central Analytical Laboratory",582.0,0.00152,5,"2024-06-06","A",,
"6c6e4af3-71ff-4598-9c8b-d0a1ae25592f","D19","CARI","CARI.AOS.S2","CARI.SS.20240604.FIL","A00000431551","2024-06-04T19:00Z","2024-06-04T19:00Z","Illinois State Water Survey Central Analytical Laboratory",524.0,0.00234,5,"2024-06-06","B",,
"1f6a973c-d066-411e-98a1-b2eb21f0fb01","D19","CARI","CARI.AOS.S2","CARI.SS.20240604.FIL","A00000431551","2024-06-04T19:00Z","2024-06-04T19:00Z","Illinois State Water Survey Central Analytical Laboratory",418.0,0.00908,5,"2024-06-06","A",,
"7ea33f30-5472-4ae3-80ab-aacfd225ddb2","D19","CARI","CARI.AOS.S2","CARI.SS.20240604.FIL","A00000431551","2024-06-04T19:00Z","2024-06-04T19:00Z","Illinois State Water Survey Central Analytical Laboratory",408.0,0.01070,5,"2024-06-06","A",,
"ce131614-160a-49fc-9c93-c6005312adcd","D19","CARI","CARI.AOS.S2","CARI.SS.20240604.FIL","A00000431551","2024-06-04T19:00Z","2024-06-04T19:00Z","Illinois State Water Survey Central Analytical Laboratory",590.0,0.00162,5,"2024-06-06","A",,
"6be0ec9a-e173-47fc-8b1a-6a0401d359e5","D19","CARI","CARI.AOS.S2","CARI.SS.20240604.FIL","A00000431551","2024-06-04T19:00Z","2024-06-04T19:00Z","Illinois State Water Survey Central Analytical Laboratory",426.0,0.00812,5,"2024-06-06","A",,
"90b44a5c-e5ee-4850-9c54-a082503c7b3d","D19","CARI","CARI.AOS.S2","CARI.SS.20240604.FIL","A00000431551","2024-06-04T19:00Z","2024-06-04T19:00Z","Illinois State Water Survey Central Analytical Laboratory",480.0,0.00398,5,"2024-06-06","A",,
"5c6b3eec-9fbf-485a-a4c2-2b82c6b8cf74","D19","CARI","CARI.AOS.S2","CARI.SS.20240604.FIL","A00000431551","2024-06-04T19:00Z","2024-06-04T19:00Z","Illinois State Water Survey Central Analytical Laboratory",360.0,0.02478,5,"2024-06-06","A",,
"1169a068-0ef1-4a9d-928c-c12f8171d3d5","D19","CARI","CARI.AOS.S2","CARI.SS.20240604.FIL","A00000431551","2024-06-04T19:00Z","2024-06-04T19:00Z","Illinois State Water Survey Central Analytical Laboratory",554.0,0.00196,5,"2024-06-06","A",,
"b3e8530e-158c-4f21-b747-e998157c0cc7","D19","CARI","CARI.AOS.S2","CARI.SS.20240604.FIL","A00000431551","2024-06-04T19:00Z","2024-06-04T19:00Z","Illinois State Water Survey Central Analytical Laboratory",264.0,0.10102,5,"2024-06-06","B",,
"41a9802f-1da6-4650-9d66-07f521a895d1","D19","CARI","CARI.AOS.S2","CARI.SS.20240604.FIL","A00000431551","2024-06-04T19:00Z","2024-06-04T19:00Z","Illinois State Water Survey Central Analytical Laboratory",294.0,0.06764,5,"2024-06-06","B",,
"9cadab28-e38f-428d-ac7f-f85619ae17cb","D19","CARI","CARI.AOS.S2","CARI.SS.20240604.FIL","A00000431551","2024-06-04T19:00Z","2024-06-04T19:00Z","Illinois State Water Survey Central Analytical Laboratory",266.0,0.09742,5,"2024-06-06","A",,
"45cf5358-cd2a-49c4-811e-321c4c691bc5","D19","CARI","CARI.AOS.S2","CARI.SS.20240604.FIL","A00000431551","2024-06-04T19:00Z","2024-06-04T19:00Z","Illinois State Water Survey Central Analytical Laboratory",392.0,0.01420,5,"2024-06-06","B",,
"202d512a-f9f7-4c35-bc22-8b732a277460","D19","CARI","CARI.AOS.S2","CARI.SS.20240604.FIL","A00000431551","2024-06-04T19:00Z","2024-06-04T19:00Z","Illinois State Water Survey Central Analytical Laboratory",574.0,0.00146,5,"2024-06-06","B",,
"0b3a62d9-444e-46bc-a712-3d948b343ff5","D19","CARI","CARI.AOS.S2","CARI.SS.20240604.FIL","A00000431551","2024-06-04T19:00Z","2024-06-04T19:00Z","Illinois State Water Survey Central Analytical Laboratory",404.0,0.01158,5,"2024-06-06","B",,
"6e783a35-19ad-4e97-8993-8db048e0ef01","D19","CARI","CARI.AOS.S2","CARI.SS.20240604.FIL","A00000431551","2024-06-04T19:00Z","2024-06-04T19:00Z","Illinois State Water Survey Central Analytical Laboratory",578.0,0.00146,5,"2024-06-06","B",,
"2514c1f6-b929-489c-8ecf-22508010dc7c","D19","CARI","CARI.AOS.S2","CARI.SS.20240604.FIL","A00000431551","2024-06-04T19:00Z","2024-06-04T19:00Z","Illinois State Water Survey Central Analytical Laboratory",506.0,0.00300,5,"2024-06-06","A",,
"abcbd0d0-581d-4ea9-9c86-7f3a9abbe01d","D19","CARI","CARI.AOS.S2","CARI.SS.20240604.FIL","A00000431551","2024-06-04T19:00Z","2024-06-04T19:00Z","Illinois State Water Survey Central Analytical Laboratory",442.0,0.00642,5,"2024-06-06","A",,
"10df0e17-35e5-4ef2-8ff9-9f36c28e2695","D19","CARI","CARI.AOS.S2","CARI.SS.20240604.FIL","A00000431551","2024-06-04T19:00Z","2024-06-04T19:00Z","Illinois State Water Survey Central Analytical Laboratory",398.0,0.01264,5,"2024-06-06","A",,
"2c084522-49d9-4131-af5e-a1d883c38662","D19","CARI","CARI.AOS.S2","CARI.SS.20240604.FIL","A00000431551","2024-06-04T19:00Z","2024-06-04T19:00Z","Illinois State Water Survey Central Analytical Laboratory",302.0,0.06064,5,"2024-06-06","B",,
"7842cb84-fd10-43ac-ac35-f8721c8506a1","D19","CARI","CARI.AOS.S2","CARI.SS.20240604.FIL","A00000431551","2024-06-04T19:00Z","2024-06-04T19:00Z","Illinois State Water Survey Central Analytical Laboratory",562.0,0.00170,5,"2024-06-06","B",,
"c7b15818-4111-4105-93d8-2b3afaeab1f5","D19","CARI","CARI.AOS.S2","CARI.SS.20240604.FIL","A00000431551","2024-06-04T19:00Z","2024-06-04T19:00Z","Illinois State Water Survey Central Analytical Laboratory",242.0,0.12432,5,"2024-06-06","A",,
"decf4b27-09e6-465e-a542-151b599a054b","D19","CARI","CARI.AOS.S2","CARI.SS.20240604.FIL","A00000431551","2024-06-04T19:00Z","2024-06-04T19:00Z","Illinois State Water Survey Central Analytical Laboratory",346.0,0.03170,5,"2024-06-06","B",,
"417fc7cc-594b-41c7-8b3e-464e29442342","D19","CARI","CARI.AOS.S2","CARI.SS.20240604.FIL","A00000431551","2024-06-04T19:00Z","2024-06-04T19:00Z","Illinois State Water Survey Central Analytical Laboratory",462.0,0.00484,5,"2024-06-06","B",,
"6be61ee3-3a21-403b-8927-2066a1057911","D19","CARI","CARI.AOS.S2","CARI.SS.20240604.FIL","A00000431551","2024-06-04T19:00Z","2024-06-04T19:00Z","Illinois State Water Survey Central Analytical Laboratory",294.0,0.06684,5,"2024-06-06","A",,
"c6f30b67-d1f9-4bb4-8e8c-2016b14a3b54","D19","CARI","CARI.AOS.S2","CARI.SS.20240604.FIL","A00000431551","2024-06-04T19:00Z","2024-06-04T19:00Z","Illinois State Water Survey Central Analytical Laboratory",326.0,0.04280,5,"2024-06-06","B",,
"dde7ee4e-3bce-4e43-8be0-f2b071c45f4e","D19","CARI","CARI.AOS.S2","CARI.SS.20240604.FIL","A00000431551","2024-06-04T19:00Z","2024-06-04T19:00Z","Illinois State Water Survey Central Analytical Laboratory",340.0,0.03470,5,"2024-06-06","B",,
"8938dc66-f5cd-4cc7-abc1-27311786ac6b","D19","CARI","CARI.AOS.S2","CARI.SS.20240604.FIL","A00000431551","2024-06-04T19:00Z","2024-06-04T19:00Z","Illinois State Water Survey Central Analytical Laboratory",424.0,0.00842,5,"2024-06-06","B",,
"3d0bfe50-0578-4f4d-b60c-4d9ce93a9f3f","D19","CARI","CARI.AOS.S2","CARI.SS.20240604.FIL","A00000431551","2024-06-04T19:00Z","2024-06-04T19:00Z","Illinois State Water Survey Central Analytical Laboratory",538.0,0.00202,5,"2024-06-06","B",,
"301ab49a-5304-4d91-8d30-e324ce7743fc","D19","CARI","CARI.AOS.S2","CARI.SS.20240604.FIL","A00000431551","2024-06-04T19:00Z","2024-06-04T19:00Z","Illinois State Water Survey Central Analytical Laboratory",532.0,0.00216,5,"2024-06-06","B",,
"980e7769-c5e8-4caf-958a-46e2f3a2c5fc","D19","CARI","CARI.AOS.S2","CARI.SS.20240604.FIL","A00000431551","2024-06-04T19:00Z","2024-06-04T19:00Z","Illinois State Water Survey Central Analytical Laboratory",340.0,0.03424,5,"2024-06-06","A",,
"9f9cdae7-e5f0-44c0-97a0-ed934ecc8068","D19","CARI","CARI.AOS.S2","CARI.SS.20240604.FIL","A00000431551","2024-06-04T19:00Z","2024-06-04T19:00Z","Illinois State Water Survey Central Analytical Laboratory",356.0,0.02684,5,"2024-06-06","B",,
"a02cdab2-e844-4d1e-8007-28dac0f649cc","D19","CARI","CARI.AOS.S2","CARI.SS.20240604.FIL","A00000431551","2024-06-04T19:00Z","2024-06-04T19:00Z","Illinois State Water Survey Central Analytical Laboratory",524.0,0.00254,5,"2024-06-06","A",,
"ab465c8e-7285-46a5-8d80-0526924af359","D19","CARI","CARI.AOS.S2","CARI.SS.20240604.FIL","A00000431551","2024-06-04T19:00Z","2024-06-04T19:00Z","Illinois State Water Survey Central Analytical Laboratory",576.0,0.00148,5,"2024-06-06","B",,
"fe537c04-cf95-48d7-8935-9391870d2937","D19","CARI","CARI.AOS.S2","CARI.SS.20240604.FIL","A00000431551","2024-06-04T19:00Z","2024-06-04T19:00Z","Illinois State Water Survey Central Analytical Laboratory",306.0,0.05728,5,"2024-06-06","B",,
"d22f85e0-231c-46c4-aebf-5ddf31cb868e","D19","CARI","CARI.AOS.S2","CARI.SS.20240604.FIL","A00000431551","2024-06-04T19:00Z","2024-06-04T19:00Z","Illinois State Water Survey Central Analytical Laboratory",302.0,0.05992,5,"2024-06-06","A",,
"6619d147-1b74-4601-86e2-3fc3992072dc","D19","CARI","CARI.AOS.S2","CARI.SS.20240604.FIL","A00000431551","2024-06-04T19:00Z","2024-06-04T19:00Z","Illinois State Water Survey Central Analytical Laboratory",252.0,0.11182,5,"2024-06-06","A",,
"7a109a79-d4df-4225-9934-6f96d23ef06b","D19","CARI","CARI.AOS.S2","CARI.SS.20240604.FIL","A00000431551","2024-06-04T19:00Z","2024-06-04T19:00Z","Illinois State Water Survey Central Analytical Laboratory",358.0,0.02564,5,"2024-06-06","A",,
"d64b6f1e-d049-45f7-8412-d717b4c45877","D19","CARI","CARI.AOS.S2","CARI.SS.20240604.FIL","A00000431551","2024-06-04T19:00Z","2024-06-04T19:00Z","Illinois State Water Survey Central Analytical Laboratory",356.0,0.02650,5,"2024-06-06","A",,
"6c62fc1a-759c-4ddf-81a6-9f4426bb7a7e","D19","CARI","CARI.AOS.S2","CARI.SS.20240604.FIL","A00000431551","2024-06-04T19:00Z","2024-06-04T19:00Z","Illinois State Water Survey Central Analytical Laboratory",490.0,0.00352,5,"2024-06-06","B",,
"a59e8848-164e-4c29-83af-e3b5169c1084","D19","CARI","CARI.AOS.S2","CARI.SS.20240604.FIL","A00000431551","2024-06-04T19:00Z","2024-06-04T19:00Z","Illinois State Water Survey Central Analytical Laboratory",262.0,0.10312,5,"2024-06-06","B",,
"ea057185-5b9d-4df9-b23b-9c9bccd6fc52","D19","CARI","CARI.AOS.S2","CARI.SS.20240604.FIL","A00000431551","2024-06-04T19:00Z","2024-06-04T19:00Z","Illinois State Water Survey Central Analytical Laboratory",444.0,0.00620,5,"2024-06-06","A",,
"b0189ac0-4cf1-4213-8da8-ba5a410b18f8","D19","CARI","CARI.AOS.S2","CARI.SS.20240604.FIL","A00000431551","2024-06-04T19:00Z","2024-06-04T19:00Z","Illinois State Water Survey Central Analytical Laboratory",354.0,0.02774,5,"2024-06-06","B",,
"94d70e14-8593-4054-887c-49384a9a199a","D19","CARI","CARI.AOS.S2","CARI.SS.20240604.FIL","A00000431551","2024-06-04T19:00Z","2024-06-04T19:00Z","Illinois State Water Survey Central Analytical Laboratory",502.0,0.00306,5,"2024-06-06","B",,
"fbdfc885-1564-4582-b826-ca115aa58542","D19","CARI","CARI.AOS.S2","CARI.SS.20240604.FIL","A00000431551","2024-06-04T19:00Z","2024-06-04T19:00Z","Illinois State Water Survey Central Analytical Laboratory",594.0,0.00126,5,"2024-06-06","B",,
"c13d03c9-3218-4a42-90c6-d007c132c2d5","D19","CARI","CARI.AOS.S2","CARI.SS.20240604.FIL","A00000431551","2024-06-04T19:00Z","2024-06-04T19:00Z","Illinois State Water Survey Central Analytical Laboratory",338.0,0.03574,5,"2024-06-06","B",,
"20001b51-04e5-4439-b969-179bbd8f84c4","D19","CARI","CARI.AOS.S2","CARI.SS.20240604.FIL","A00000431551","2024-06-04T19:00Z","2024-06-04T19:00Z","Illinois State Water Survey Central Analytical Laboratory",372.0,0.02028,5,"2024-06-06","B",,
"60684bed-d97c-4569-a2a9-9fb5a1b8ce90","D19","CARI","CARI.AOS.S2","CARI.SS.20240604.FIL","A00000431551","2024-06-04T19:00Z","2024-06-04T19:00Z","Illinois State Water Survey Central Analytical Laboratory",276.0,0.08682,5,"2024-06-06","B",,
"889771b3-5e9e-49c3-8fec-dd6bf35a7934","D19","CARI","CARI.AOS.S2","CARI.SS.20240604.FIL","A00000431551","2024-06-04T19:00Z","2024-06-04T19:00Z","Illinois State Water Survey Central Analytical Laboratory",482.0,0.00392,5,"2024-06-06","A",,
"63ac2307-b002-42ad-b212-6c8166794f10","D19","CARI","CARI.AOS.S2","CARI.SS.20240604.FIL","A00000431551","2024-06-04T19:00Z","2024-06-04T19:00Z","Illinois State Water Survey Central Analytical Laboratory",456.0,0.00524,5,"2024-06-06","B",,
"cac1f07f-27fa-439d-b07c-915d7ba66cfc","D19","CARI","CARI.AOS.S2","CARI.SS.20240604.FIL","A00000431551","2024-06-04T19:00Z","2024-06-04T19:00Z","Illinois State Water Survey Central Analytical Laboratory",390.0,0.01460,5,"2024-06-06","B",,
"9dc51b7d-2fab-45f2-a88d-128fad1aa7d2","D19","CARI","CARI.AOS.S2","CARI.SS.20240604.FIL","A00000431551","2024-06-04T19:00Z","2024-06-04T19:00Z","Illinois State Water Survey Central Analytical Laboratory",478.0,0.00412,5,"2024-06-06","A",,
"db94bb15-8a02-4c3b-8602-d2bd912f61d8","D19","CARI","CARI.AOS.S2","CARI.SS.20240604.FIL","A00000431551","2024-06-04T19:00Z","2024-06-04T19:00Z","Illinois State Water Survey Central Analytical Laboratory",408.0,0.01084,5,"2024-06-06","B",,
"11da43a1-2c1a-4672-8812-d7185eda5f04","D19","CARI","CARI.AOS.S2","CARI.SS.20240604.FIL","A00000431551","2024-06-04T19:00Z","2024-06-04T19:00Z","Illinois State Water Survey Central Analytical Laboratory",284.0,0.07792,5,"2024-06-06","B",,
"cedf921e-7a30-4fb8-acdf-e1850099de22","D19","CARI","CARI.AOS.S2","CARI.SS.20240604.FIL","A00000431551","2024-06-04T19:00Z","2024-06-04T19:00Z","Illinois State Water Survey Central Analytical Laboratory",480.0,0.00392,5,"2024-06-06","B",,
"bce11dee-0077-45ce-a0d7-ac81f9786a6c","D19","CARI","CARI.AOS.S2","CARI.SS.20240604.FIL","A00000431551","2024-06-04T19:00Z","2024-06-04T19:00Z","Illinois State Water Survey Central Analytical Laboratory",600.0,0.00152,5,"2024-06-06","A",,
"59412f02-a054-4c89-942d-18ecf76ad0b9","D19","CARI","CARI.AOS.S2","CARI.SS.20240604.FIL","A00000431551","2024-06-04T19:00Z","2024-06-04T19:00Z","Illinois State Water Survey Central Analytical Laboratory",516.0,0.00260,5,"2024-06-06","B",,
"c0b7a435-4073-47f2-9abc-db179ec69e7f","D19","CARI","CARI.AOS.S2","CARI.SS.20240604.FIL","A00000431551","2024-06-04T19:00Z","2024-06-04T19:00Z","Illinois State Water Survey Central Analytical Laboratory",458.0,0.00512,5,"2024-06-06","A",,
"cc3ffec6-a8c6-4c49-8593-0a2724350971","D19","CARI","CARI.AOS.S2","CARI.SS.20240604.FIL","A00000431551","2024-06-04T19:00Z","2024-06-04T19:00Z","Illinois State Water Survey Central Analytical Laboratory",286.0,0.07492,5,"2024-06-06","A",,
"23975191-2185-4998-9e7c-2669c6cba673","D19","CARI","CARI.AOS.S2","CARI.SS.20240604.FIL","A00000431551","2024-06-04T19:00Z","2024-06-04T19:00Z","Illinois State Water Survey Central Analytical Laboratory",220.0,0.26072,5,"2024-06-06","B",,
"47b34111-6acc-4d6a-8c6a-385b6b74acf2","D19","CARI","CARI.AOS.S2","CARI.SS.20240604.FIL","A00000431551","2024-06-04T19:00Z","2024-06-04T19:00Z","Illinois State Water Survey Central Analytical Laboratory",282.0,0.07918,5,"2024-06-06","A",,
"6578c9da-fa86-44c8-ad8a-b175228fdf93","D19","CARI","CARI.AOS.S2","CARI.SS.20240604.FIL","A00000431551","2024-06-04T19:00Z","2024-06-04T19:00Z","Illinois State Water Survey Central Analytical Laboratory",450.0,0.00568,5,"2024-06-06","B",,
"13925ac6-786b-453c-9fa4-45ca179a1f8e","D19","CARI","CARI.AOS.S2","CARI.SS.20240604.FIL","A00000431551","2024-06-04T19:00Z","2024-06-04T19:00Z","Illinois State Water Survey Central Analytical Laboratory",290.0,0.07078,5,"2024-06-06","A",,
"55fe6000-ff01-49f9-92f4-612afac5002e","D19","CARI","CARI.AOS.S2","CARI.SS.20240604.FIL","A00000431551","2024-06-04T19:00Z","2024-06-04T19:00Z","Illinois State Water Survey Central Analytical Laboratory",450.0,0.00568,5,"2024-06-06","A",,
"f2b63a1e-08c7-4d6b-b614-9a528f521fad","D19","CARI","CARI.AOS.S2","CARI.SS.20240604.FIL","A00000431551","2024-06-04T19:00Z","2024-06-04T19:00Z","Illinois State Water Survey Central Analytical Laboratory",460.0,0.00498,5,"2024-06-06","B",,
"4b10f53f-a3f1-4a58-bf10-594ab871dfd9","D19","CARI","CARI.AOS.S2","CARI.SS.20240604.FIL","A00000431551","2024-06-04T19:00Z","2024-06-04T19:00Z","Illinois State Water Survey Central Analytical Laboratory",586.0,0.00136,5,"2024-06-06","B",,
"9203e8a0-fb46-46f3-9b34-17299b93024f","D19","CARI","CARI.AOS.S2","CARI.SS.20240604.FIL","A00000431551","2024-06-04T19:00Z","2024-06-04T19:00Z","Illinois State Water Survey Central Analytical Laboratory",544.0,0.00208,5,"2024-06-06","A",,
"728255b7-17e2-4dab-ac6e-2cbbafb9d669","D19","CARI","CARI.AOS.S2","CARI.SS.20240604.FIL","A00000431551","2024-06-04T19:00Z","2024-06-04T19:00Z","Illinois State Water Survey Central Analytical Laboratory",566.0,0.00178,5,"2024-06-06","A",,
"cd8d8fc5-8730-434c-a14e-dc752b63426a","D19","CARI","CARI.AOS.S2","CARI.SS.20240604.FIL","A00000431551","2024-06-04T19:00Z","2024-06-04T19:00Z","Illinois State Water Survey Central Analytical Laboratory",514.0,0.00264,5,"2024-06-06","B",,
"d32d70cc-f96f-4abd-8425-a9b4cb8dfc5c","D19","CARI","CARI.AOS.S2","CARI.SS.20240604.FIL","A00000431551","2024-06-04T19:00Z","2024-06-04T19:00Z","Illinois State Water Survey Central Analytical Laboratory",232.0,0.15558,5,"2024-06-06","B",,
"da33d5cd-943c-45bb-8caa-d5f09bccfaf4","D19","CARI","CARI.AOS.S2","CARI.SS.20240604.FIL","A00000431551","2024-06-04T19:00Z","2024-06-04T19:00Z","Illinois State Water Survey Central Analytical Laboratory",470.0,0.00446,5,"2024-06-06","A",,
"c84ba781-9d5c-4511-8642-719cf60db735","D19","CARI","CARI.AOS.S2","CARI.SS.20240604.FIL","A00000431551","2024-06-04T19:00Z","2024-06-04T19:00Z","Illinois State Water Survey Central Analytical Laboratory",550.0,0.00204,5,"2024-06-06","A",,
"4027d9d6-c74c-4f0d-bc8b-8cde32248763","D19","CARI","CARI.AOS.S2","CARI.SS.20240604.FIL","A00000431551","2024-06-04T19:00Z","2024-06-04T19:00Z","Illinois State Water Survey Central Analytical Laboratory",298.0,0.06334,5,"2024-06-06","A",,
"5d75e976-ce3d-4943-bf8c-d5430728fea7","D19","CARI","CARI.AOS.S2","CARI.SS.20240604.FIL","A00000431551","2024-06-04T19:00Z","2024-06-04T19:00Z","Illinois State Water Survey Central Analytical Laboratory",598.0,0.00140,5,"2024-06-06","A",,
"b160e4e7-f470-4679-99df-522575cd237e","D19","CARI","CARI.AOS.S2","CARI.SS.20240604.FIL","A00000431551","2024-06-04T19:00Z","2024-06-04T19:00Z","Illinois State Water Survey Central Analytical Laboratory",490.0,0.00360,5,"2024-06-06","A",,
"14c52c44-9bef-4765-95bc-d8335c962a55","D19","CARI","CARI.AOS.S2","CARI.SS.20240604.FIL","A00000431551","2024-06-04T19:00Z","2024-06-04T19:00Z","Illinois State Water Survey Central Analytical Laboratory",314.0,0.05094,5,"2024-06-06","B",,
"74057773-7a2e-4c5d-940a-ec29c7e7cb6b","D19","CARI","CARI.AOS.S2","CARI.SS.20240604.FIL","A00000431551","2024-06-04T19:00Z","2024-06-04T19:00Z","Illinois State Water Survey Central Analytical Laboratory",478.0,0.00408,5,"2024-06-06","B",,
"5a18fadf-ce0c-4211-9896-cc6e1bcbe613","D19","CARI","CARI.AOS.S2","CARI.SS.20240604.FIL","A00000431551","2024-06-04T19:00Z","2024-06-04T19:00Z","Illinois State Water Survey Central Analytical Laboratory",572.0,0.00174,5,"2024-06-06","A",,
"861a97b8-f5b0-4afb-9cd2-07c123e85d05","D19","CARI","CARI.AOS.S2","CARI.SS.20240604.FIL","A00000431551","2024-06-04T19:00Z","2024-06-04T19:00Z","Illinois State Water Survey Central Analytical Laboratory",378.0,0.01798,5,"2024-06-06","A",,
"df3c0de9-4e28-454a-8f20-76c5f7b9ae2c","D19","CARI","CARI.AOS.S2","CARI.SS.20240604.FIL","A00000431551","2024-06-04T19:00Z","2024-06-04T19:00Z","Illinois State Water Survey Central Analytical Laboratory",376.0,0.01884,5,"2024-06-06","B",,
"e10d48a9-dc7f-49cd-bc43-38587703910e","D19","CARI","CARI.AOS.S2","CARI.SS.20240604.FIL","A00000431551","2024-06-04T19:00Z","2024-06-04T19:00Z","Illinois State Water Survey Central Analytical Laboratory",372.0,0.02004,5,"2024-06-06","A",,
"afd07192-b402-49c3-99b4-50f702e65896","D19","CARI","CARI.AOS.S2","CARI.SS.20240604.FIL","A00000431551","2024-06-04T19:00Z","2024-06-04T19:00Z","Illinois State Water Survey Central Analytical Laboratory",384.0,0.01614,5,"2024-06-06","A",,
"0f2af188-74d9-4fc1-b55a-3061f639c994","D19","CARI","CARI.AOS.S2","CARI.SS.20240604.FIL","A00000431551","2024-06-04T19:00Z","2024-06-04T19:00Z","Illinois State Water Survey Central Analytical Laboratory",584.0,0.00140,5,"2024-06-06","B",,
"8e11eaf8-fe0b-4a0a-8a5e-51608c2999f8","D19","CARI","CARI.AOS.S2","CARI.SS.20240604.FIL","A00000431551","2024-06-04T19:00Z","2024-06-04T19:00Z","Illinois State Water Survey Central Analytical Laboratory",270.0,0.09378,5,"2024-06-06","B",,
"b963e9b7-2054-4609-a694-1a4e2d9ff4dd","D19","CARI","CARI.AOS.S2","CARI.SS.20240604.FIL","A00000431551","2024-06-04T19:00Z","2024-06-04T19:00Z","Illinois State Water Survey Central Analytical Laboratory",308.0,0.05562,5,"2024-06-06","B",,
"0e292b3b-b3ec-4237-8ca6-5353530be0f1","D19","CARI","CARI.AOS.S2","CARI.SS.20240604.FIL","A00000431551","2024-06-04T19:00Z","2024-06-04T19:00Z","Illinois State Water Survey Central Analytical Laboratory",538.0,0.00216,5,"2024-06-06","A",,
"1b1162b7-53df-46e8-9529-6c56723ed1ed","D19","CARI","CARI.AOS.S2","CARI.SS.20240604.FIL","A00000431551","2024-06-04T19:00Z","2024-06-04T19:00Z","Illinois State Water Survey Central Analytical Laboratory",558.0,0.00174,5,"2024-06-06","B",,
"56880e87-a39e-4ab4-9469-f06f27422152","D19","CARI","CARI.AOS.S2","CARI.SS.20240604.FIL","A00000431551","2024-06-04T19:00Z","2024-06-04T19:00Z","Illinois State Water Survey Central Analytical Laboratory",226.0,0.19112,5,"2024-06-06","A",,
"b176c3fe-b589-46d0-b7a4-64e38d30e7a3","D19","CARI","CARI.AOS.S2","CARI.SS.20240604.FIL","A00000431551","2024-06-04T19:00Z","2024-06-04T19:00Z","Illinois State Water Survey Central Analytical Laboratory",258.0,0.10596,5,"2024-06-06","A",,
"41fe3ce2-ca2b-4f8a-94db-d565f2c4b43f","D19","CARI","CARI.AOS.S2","CARI.SS.20240604.FIL","A00000431551","2024-06-04T19:00Z","2024-06-04T19:00Z","Illinois State Water Survey Central Analytical Laboratory",508.0,0.00294,5,"2024-06-06","A",,
"f1ebd1da-0522-4008-a60d-b48d7c12edb5","D19","CARI","CARI.AOS.S2","CARI.SS.20240604.FIL","A00000431551","2024-06-04T19:00Z","2024-06-04T19:00Z","Illinois State Water Survey Central Analytical Laboratory",268.0,0.09524,5,"2024-06-06","A",,
"7df8e7a1-a767-457f-bf88-900099557016","D19","CARI","CARI.AOS.S2","CARI.SS.20240604.FIL","A00000431551","2024-06-04T19:00Z","2024-06-04T19:00Z","Illinois State Water Survey Central Analytical Laboratory",550.0,0.00184,5,"2024-06-06","B",,
"6870295e-c486-405f-a88b-952c3f3a5905","D19","CARI","CARI.AOS.S2","CARI.SS.20240604.FIL","A00000431551","2024-06-04T19:00Z","2024-06-04T19:00Z","Illinois State Water Survey Central Analytical Laboratory",284.0,0.07700,5,"2024-06-06","A",,
"3a7579a8-f037-4799-8d79-915ae1e8cccf","D19","CARI","CARI.AOS.S2","CARI.SS.20240604.FIL","A00000431551","2024-06-04T19:00Z","2024-06-04T19:00Z","Illinois State Water Survey Central Analytical Laboratory",278.0,0.08364,5,"2024-06-06","A",,
"38348860-ffdf-4b8b-83a0-53b70ddc4354","D19","CARI","CARI.AOS.S2","CARI.SS.20240604.FIL","A00000431551","2024-06-04T19:00Z","2024-06-04T19:00Z","Illinois State Water Survey Central Analytical Laboratory",476.0,0.00416,5,"2024-06-06","A",,
"4b9217dd-82e2-4aba-b22b-8343adf28df2","D19","CARI","CARI.AOS.S2","CARI.SS.20240604.FIL","A00000431551","2024-06-04T19:00Z","2024-06-04T19:00Z","Illinois State Water Survey Central Analytical Laboratory",254.0,0.11140,5,"2024-06-06","B",,
"6fa07283-db16-4a52-a78b-50bb195d2c8f","D19","CARI","CARI.AOS.S2","CARI.SS.20240604.FIL","A00000431551","2024-06-04T19:00Z","2024-06-04T19:00Z","Illinois State Water Survey Central Analytical Laboratory",368.0,0.02180,5,"2024-06-06","B",,
"a377cf65-739f-4376-95c3-a78e11cb0f39","D19","CARI","CARI.AOS.S2","CARI.SS.20240604.FIL","A00000431551","2024-06-04T19:00Z","2024-06-04T19:00Z","Illinois State Water Survey Central Analytical Laboratory",312.0,0.05194,5,"2024-06-06","A",,
"2d88c7f8-21a7-4a47-ab66-54297384d427","D19","CARI","CARI.AOS.S2","CARI.SS.20240604.FIL","A00000431551","2024-06-04T19:00Z","2024-06-04T19:00Z","Illinois State Water Survey Central Analytical Laboratory",234.0,0.14480,5,"2024-06-06","A",,
"d60d44f3-a833-4ec2-bfac-8bf2594df2c8","D19","CARI","CARI.AOS.S2","CARI.SS.20240604.FIL","A00000431551","2024-06-04T19:00Z","2024-06-04T19:00Z","Illinois State Water Survey Central Analytical Laboratory",244.0,0.12148,5,"2024-06-06","A",,
"844bcc03-b754-42c6-a3cc-838adecaedb5","D19","CARI","CARI.AOS.S2","CARI.SS.20240604.FIL","A00000431551","2024-06-04T19:00Z","2024-06-04T19:00Z","Illinois State Water Survey Central Analytical Laboratory",374.0,0.01960,5,"2024-06-06","B",,
"15707fdd-1b3b-4a7c-b33f-d7dd3ba99700","D19","CARI","CARI.AOS.S2","CARI.SS.20240604.FIL","A00000431551","2024-06-04T19:00Z","2024-06-04T19:00Z","Illinois State Water Survey Central Analytical Laboratory",584.0,0.00170,5,"2024-06-06","A",,
"17212226-62a1-4169-bad7-4b3f91e77006","D19","CARI","CARI.AOS.S2","CARI.SS.20240604.FIL","A00000431551","2024-06-04T19:00Z","2024-06-04T19:00Z","Illinois State Water Survey Central Analytical Laboratory",336.0,0.03686,5,"2024-06-06","B",,
"fed9e902-03ed-41c9-8b38-1c2d18f3d54f","D19","CARI","CARI.AOS.S2","CARI.SS.20240604.FIL","A00000431551","2024-06-04T19:00Z","2024-06-04T19:00Z","Illinois State Water Survey Central Analytical Laboratory",364.0,0.02342,5,"2024-06-06","B",,
"a61dd144-4767-419f-96a2-947c93aa3be3","D19","CARI","CARI.AOS.S2","CARI.SS.20240604.FIL","A00000431551","2024-06-04T19:00Z","2024-06-04T19:00Z","Illinois State Water Survey Central Analytical Laboratory",474.0,0.00428,5,"2024-06-06","A",,
"6397a6c0-3d24-4eab-8789-4367d7ef1ba6","D19","CARI","CARI.AOS.S2","CARI.SS.20240604.FIL","A00000431551","2024-06-04T19:00Z","2024-06-04T19:00Z","Illinois State Water Survey Central Analytical Laboratory",436.0,0.00700,5,"2024-06-06","B",,
"eb001f63-1b43-40fe-b9c4-77e0510b8e60","D19","CARI","CARI.AOS.S2","CARI.SS.20240604.FIL","A00000431551","2024-06-04T19:00Z","2024-06-04T19:00Z","Illinois State Water Survey Central Analytical Laboratory",276.0,0.08578,5,"2024-06-06","A",,
"364e7fcd-f494-4655-b1a8-d18a6fe25472","D19","CARI","CARI.AOS.S2","CARI.SS.20240604.FIL","A00000431551","2024-06-04T19:00Z","2024-06-04T19:00Z","Illinois State Water Survey Central Analytical Laboratory",566.0,0.00158,5,"2024-06-06","B",,
"f342a6fb-61e5-42e2-9619-636ffe7cc148","D19","CARI","CARI.AOS.S2","CARI.SS.20240604.FIL","A00000431551","2024-06-04T19:00Z","2024-06-04T19:00Z","Illinois State Water Survey Central Analytical Laboratory",320.0,0.04624,5,"2024-06-06","A",,
"abbcb5bc-77a2-41e3-9601-79b864874c45","D19","CARI","CARI.AOS.S2","CARI.SS.20240604.FIL","A00000431551","2024-06-04T19:00Z","2024-06-04T19:00Z","Illinois State Water Survey Central Analytical Laboratory",298.0,0.06410,5,"2024-06-06","B",,
"2a8c8e2d-3dbc-438b-bec0-d57d662b1803","D19","CARI","CARI.AOS.S2","CARI.SS.20240604.FIL","A00000431551","2024-06-04T19:00Z","2024-06-04T19:00Z","Illinois State Water Survey Central Analytical Laboratory",258.0,0.10728,5,"2024-06-06","B",,
"0fde8146-4fe0-472c-80bb-72a67c56ea6f","D19","CARI","CARI.AOS.S2","CARI.SS.20240604.FIL","A00000431551","2024-06-04T19:00Z","2024-06-04T19:00Z","Illinois State Water Survey Central Analytical Laboratory",270.0,0.09268,5,"2024-06-06","A",,
"3718033e-f710-4469-9fcb-96dd65ff6edf","D19","CARI","CARI.AOS.S2","CARI.SS.20240604.FIL","A00000431551","2024-06-04T19:00Z","2024-06-04T19:00Z","Illinois State Water Survey Central Analytical Laboratory",430.0,0.00764,5,"2024-06-06","B",,
"dab1178c-298c-4443-8e5c-c7fb4b6eb797","D19","CARI","CARI.AOS.S2","CARI.SS.20240604.FIL","A00000431551","2024-06-04T19:00Z","2024-06-04T19:00Z","Illinois State Water Survey Central Analytical Laboratory",596.0,0.00120,5,"2024-06-06","B",,
"8aaf624f-368f-4767-a8a1-a53f10b663bf","D19","CARI","CARI.AOS.S2","CARI.SS.20240604.FIL","A00000431551","2024-06-04T19:00Z","2024-06-04T19:00Z","Illinois State Water Survey Central Analytical Laboratory",328.0,0.04158,5,"2024-06-06","B",,
"ed9a9626-77bc-4592-8a4b-5ead0bd66282","D19","CARI","CARI.AOS.S2","CARI.SS.20240604.FIL","A00000431551","2024-06-04T19:00Z","2024-06-04T19:00Z","Illinois State Water Survey Central Analytical Laboratory",498.0,0.00320,5,"2024-06-06","B",,
"7a07ed84-57f5-4b31-8775-9c6f08298dba","D19","CARI","CARI.AOS.S2","CARI.SS.20240604.FIL","A00000431551","2024-06-04T19:00Z","2024-06-04T19:00Z","Illinois State Water Survey Central Analytical Laboratory",248.0,0.11754,5,"2024-06-06","B",,
"7efc2d2c-5984-4c64-8475-f372c360647b","D19","CARI","CARI.AOS.S2","CARI.SS.20240604.FIL","A00000431551","2024-06-04T19:00Z","2024-06-04T19:00Z","Illinois State Water Survey Central Analytical Laboratory",238.0,0.13276,5,"2024-06-06","A",,
"698c74f1-1cbb-4f62-98e5-2f11ee87fbfb","D19","CARI","CARI.AOS.S2","CARI.SS.20240604.FIL","A00000431551","2024-06-04T19:00Z","2024-06-04T19:00Z","Illinois State Water Survey Central Analytical Laboratory",330.0,0.04030,5,"2024-06-06","B",,
"97dba959-ca9d-47f4-9c39-8f423440d65f","D19","CARI","CARI.AOS.S2","CARI.SS.20240604.FIL","A00000431551","2024-06-04T19:00Z","2024-06-04T19:00Z","Illinois State Water Survey Central Analytical Laboratory",442.0,0.00642,5,"2024-06-06","B",,
"71c1615c-b180-4547-8031-e58eee972f11","D19","CARI","CARI.AOS.S2","CARI.SS.20240604.FIL","A00000431551","2024-06-04T19:00Z","2024-06-04T19:00Z","Illinois State Water Survey Central Analytical Laboratory",558.0,0.00188,5,"2024-06-06","A",,
"7d676d98-529a-4a17-af92-b7412bd0c643","D19","CARI","CARI.AOS.S2","CARI.SS.20240604.FIL","A00000431551","2024-06-04T19:00Z","2024-06-04T19:00Z","Illinois State Water Survey Central Analytical Laboratory",282.0,0.08012,5,"2024-06-06","B",,
"1f7e6be3-19d5-4ebb-8778-c40cdf80c5cc","D19","CARI","CARI.AOS.S2","CARI.SS.20240604.FIL","A00000431551","2024-06-04T19:00Z","2024-06-04T19:00Z","Illinois State Water Survey Central Analytical Laboratory",288.0,0.07292,5,"2024-06-06","A",,
"70e1cc93-1a46-4dbe-80ba-2eb1803afd74","D19","CARI","CARI.AOS.S2","CARI.SS.20240604.FIL","A00000431551","2024-06-04T19:00Z","2024-06-04T19:00Z","Illinois State Water Survey Central Analytical Laboratory",292.0,0.06888,5,"2024-06-06","A",,
"3ba74153-ce1d-4d21-86a3-1ce4dd58f9aa","D19","CARI","CARI.AOS.S2","CARI.SS.20240604.FIL","A00000431551","2024-06-04T19:00Z","2024-06-04T19:00Z","Illinois State Water Survey Central Analytical Laboratory",352.0,0.02828,5,"2024-06-06","A",,
"c77f1342-9134-41cb-8aab-77f103e63381","D19","CARI","CARI.AOS.S2","CARI.SS.20240604.FIL","A00000431551","2024-06-04T19:00Z","2024-06-04T19:00Z","Illinois State Water Survey Central Analytical Laboratory",236.0,0.13806,5,"2024-06-06","A",,
"6b49ab73-c30a-41b2-9ca6-d9a1340cbadf","D19","CARI","CARI.AOS.S2","CARI.SS.20240604.FIL","A00000431551","2024-06-04T19:00Z","2024-06-04T19:00Z","Illinois State Water Survey Central Analytical Laboratory",532.0,0.00230,5,"2024-06-06","A",,
"9674e3c7-fa0d-44eb-a95c-41517743a4a5","D19","CARI","CARI.AOS.S2","CARI.SS.20240604.FIL","A00000431551","2024-06-04T19:00Z","2024-06-04T19:00Z","Illinois State Water Survey Central Analytical Laboratory",396.0,0.01324,5,"2024-06-06","B",,
"a0f7a6d8-11c0-4dae-ad1d-007a0e0cfd7a","D19","CARI","CARI.AOS.S2","CARI.SS.20240604.FIL","A00000431551","2024-06-04T19:00Z","2024-06-04T19:00Z","Illinois State Water Survey Central Analytical Laboratory",400.0,0.01226,5,"2024-06-06","A",,
"3c8425ad-906c-442b-943d-baf3b1e97c5b","D19","CARI","CARI.AOS.S2","CARI.SS.20240604.FIL","A00000431551","2024-06-04T19:00Z","2024-06-04T19:00Z","Illinois State Water Survey Central Analytical Laboratory",392.0,0.01398,5,"2024-06-06","A",,
"25519f2d-9d74-4fba-a713-96d6f9ed43ec","D19","CARI","CARI.AOS.S2","CARI.SS.20240604.FIL","A00000431551","2024-06-04T19:00Z","2024-06-04T19:00Z","Illinois State Water Survey Central Analytical Laboratory",568.0,0.00172,5,"2024-06-06","A",,
"bcdae6ef-bb6d-43cf-8e27-ea49e86df8df","D19","CARI","CARI.AOS.S2","CARI.SS.20240604.FIL","A00000431551","2024-06-04T19:00Z","2024-06-04T19:00Z","Illinois State Water Survey Central Analytical Laboratory",554.0,0.00182,5,"2024-06-06","B",,
"a67ed676-0446-4b44-a671-769a9eab11b9","D19","CARI","CARI.AOS.S2","CARI.SS.20240604.FIL","A00000431551","2024-06-04T19:00Z","2024-06-04T19:00Z","Illinois State Water Survey Central Analytical Laboratory",580.0,0.00140,5,"2024-06-06","B",,
"9e944264-f809-44d2-901d-65aaddcda9dd","D19","CARI","CARI.AOS.S2","CARI.SS.20240604.FIL","A00000431551","2024-06-04T19:00Z","2024-06-04T19:00Z","Illinois State Water Survey Central Analytical Laboratory",254.0,0.11004,5,"2024-06-06","A",,
"7e6b0de1-cb0d-4e19-ab98-7d666350298c","D19","CARI","CARI.AOS.S2","CARI.SS.20240604.FIL","A00000431551","2024-06-04T19:00Z","2024-06-04T19:00Z","Illinois State Water Survey Central Analytical Laboratory",244.0,0.12296,5,"2024-06-06","B",,
"67383019-8fd3-4481-9e56-7c12e1188bb9","D19","CARI","CARI.AOS.S2","CARI.SS.20240604.FIL","A00000431551","2024-06-04T19:00Z","2024-06-04T19:00Z","Illinois State Water Survey Central Analytical Laboratory",370.0,0.02104,5,"2024-06-06","B",,
"3486532f-8b1a-4057-834d-4b65a8760e23","D19","CARI","CARI.AOS.S2","CARI.SS.20240604.FIL","A00000431551","2024-06-04T19:00Z","2024-06-04T19:00Z","Illinois State Water Survey Central Analytical Laboratory",560.0,0.00186,5,"2024-06-06","A",,
"1b976dd9-90a8-4d58-a253-49c676615604","D19","CARI","CARI.AOS.S2","CARI.SS.20240604.FIL","A00000431551","2024-06-04T19:00Z","2024-06-04T19:00Z","Illinois State Water Survey Central Analytical Laboratory",404.0,0.01146,5,"2024-06-06","A",,
"8d555a3a-b6c9-43b9-a349-1a144509fe5b","D19","CARI","CARI.AOS.S2","CARI.SS.20240604.FIL","A00000431551","2024-06-04T19:00Z","2024-06-04T19:00Z","Illinois State Water Survey Central Analytical Laboratory",362.0,0.02422,5,"2024-06-06","B",,
"c84c141c-7e15-4557-8322-3f0ed133cc61","D19","CARI","CARI.AOS.S2","CARI.SS.20240604.FIL","A00000431551","2024-06-04T19:00Z","2024-06-04T19:00Z","Illinois State Water Survey Central Analytical Laboratory",514.0,0.00276,5,"2024-06-06","A",,
"efa23893-05b2-4d50-b21e-70419f435cb1","D19","CARI","CARI.AOS.S2","CARI.SS.20240604.FIL","A00000431551","2024-06-04T19:00Z","2024-06-04T19:00Z","Illinois State Water Survey Central Analytical Laboratory",378.0,0.01824,5,"2024-06-06","B",,
"487364d8-941c-41e1-b413-ed2fb5dfcdbb","D19","CARI","CARI.AOS.S2","CARI.SS.20240604.FIL","A00000431551","2024-06-04T19:00Z","2024-06-04T19:00Z","Illinois State Water Survey Central Analytical Laboratory",438.0,0.00678,5,"2024-06-06","A",,
"0cd4413c-ded0-4172-8a81-cf01ee1b8cbc","D19","CARI","CARI.AOS.S2","CARI.SS.20240604.FIL","A00000431551","2024-06-04T19:00Z","2024-06-04T19:00Z","Illinois State Water Survey Central Analytical Laboratory",398.0,0.01280,5,"2024-06-06","B",,
"a8868cb2-47cd-4558-bf46-d5d8e0412e74","D19","CARI","CARI.AOS.S2","CARI.SS.20240611.FIL","A00000431520","2024-06-11T20:18Z","2024-06-11T20:18Z","Illinois State Water Survey Central Analytical Laboratory",460.0,0.00532,5,"2024-06-13","B",,
"8d526038-d773-4c71-af00-df4287ef0c31","D19","CARI","CARI.AOS.S2","CARI.SS.20240611.FIL","A00000431520","2024-06-11T20:18Z","2024-06-11T20:18Z","Illinois State Water Survey Central Analytical Laboratory",324.0,0.04752,5,"2024-06-13","B",,
"849f5782-0ef6-46a2-b1e3-bf71fc2bd068","D19","CARI","CARI.AOS.S2","CARI.SS.20240611.FIL","A00000431520","2024-06-11T20:18Z","2024-06-11T20:18Z","Illinois State Water Survey Central Analytical Laboratory",444.0,0.00658,5,"2024-06-13","A",,
"c5bdbb6b-4fde-4d7a-a197-ab7ae4f9d29d","D19","CARI","CARI.AOS.S2","CARI.SS.20240611.FIL","A00000431520","2024-06-11T20:18Z","2024-06-11T20:18Z","Illinois State Water Survey Central Analytical Laboratory",400.0,0.01338,5,"2024-06-13","B",,
"b873e935-3a89-49b0-bf0b-b91af9750f86","D19","CARI","CARI.AOS.S2","CARI.SS.20240611.FIL","A00000431520","2024-06-11T20:18Z","2024-06-11T20:18Z","Illinois State Water Survey Central Analytical Laboratory",282.0,0.08674,5,"2024-06-13","A",,
"30586ee2-7e60-44b3-a75b-8b939b63571c","D19","CARI","CARI.AOS.S2","CARI.SS.20240611.FIL","A00000431520","2024-06-11T20:18Z","2024-06-11T20:18Z","Illinois State Water Survey Central Analytical Laboratory",378.0,0.01960,5,"2024-06-13","B",,
"b3a88839-1199-4b0a-942e-5e2b79a999b1","D19","CARI","CARI.AOS.S2","CARI.SS.20240611.FIL","A00000431520","2024-06-11T20:18Z","2024-06-11T20:18Z","Illinois State Water Survey Central Analytical Laboratory",386.0,0.01682,5,"2024-06-13","A",,
"bc5590c9-b911-4c8c-91c5-ab9a77dc8fdd","D19","CARI","CARI.AOS.S2","CARI.SS.20240611.FIL","A00000431520","2024-06-11T20:18Z","2024-06-11T20:18Z","Illinois State Water Survey Central Analytical Laboratory",346.0,0.03406,5,"2024-06-13","B",,
"72db7c41-fef9-4b45-87ce-a0707e9fb0f3","D19","CARI","CARI.AOS.S2","CARI.SS.20240611.FIL","A00000431520","2024-06-11T20:18Z","2024-06-11T20:18Z","Illinois State Water Survey Central Analytical Laboratory",402.0,0.01296,5,"2024-06-13","B",,
"2510f9ac-9261-49ea-9d5d-240d1c876eab","D19","CARI","CARI.AOS.S2","CARI.SS.20240611.FIL","A00000431520","2024-06-11T20:18Z","2024-06-11T20:18Z","Illinois State Water Survey Central Analytical Laboratory",496.0,0.00350,5,"2024-06-13","B",,
"8a213abc-2d2d-4fad-b30d-b8a0b3cc2d8d","D19","CARI","CARI.AOS.S2","CARI.SS.20240611.FIL","A00000431520","2024-06-11T20:18Z","2024-06-11T20:18Z","Illinois State Water Survey Central Analytical Laboratory",388.0,0.01626,5,"2024-06-13","A",,
"cf78de8b-f64d-4d6d-83bb-127bbc4cbbf7","D19","CARI","CARI.AOS.S2","CARI.SS.20240611.FIL","A00000431520","2024-06-11T20:18Z","2024-06-11T20:18Z","Illinois State Water Survey Central Analytical Laboratory",480.0,0.00422,5,"2024-06-13","A",,
"d184099b-9db1-43c6-b4f4-e63a5a53e5ec","D19","CARI","CARI.AOS.S2","CARI.SS.20240611.FIL","A00000431520","2024-06-11T20:18Z","2024-06-11T20:18Z","Illinois State Water Survey Central Analytical Laboratory",230.0,0.17754,5,"2024-06-13","B",,
"56a77c0d-ee21-452f-a351-cb3a316839a5","D19","CARI","CARI.AOS.S2","CARI.SS.20240611.FIL","A00000431520","2024-06-11T20:18Z","2024-06-11T20:18Z","Illinois State Water Survey Central Analytical Laboratory",222.0,0.24586,5,"2024-06-13","B",,
"3a772e04-607e-4dbe-95e4-1819b712bde0","D19","CARI","CARI.AOS.S2","CARI.SS.20240611.FIL","A00000431520","2024-06-11T20:18Z","2024-06-11T20:18Z","Illinois State Water Survey Central Analytical Laboratory",264.0,0.10968,5,"2024-06-13","B",,
"b653c99f-09f6-4e5b-8bb1-8abc90818cde","D19","CARI","CARI.AOS.S2","CARI.SS.20240611.FIL","A00000431520","2024-06-11T20:18Z","2024-06-11T20:18Z","Illinois State Water Survey Central Analytical Laboratory",444.0,0.00670,5,"2024-06-13","B",,
"276333ab-c679-453f-90c6-be9ba7b6ac69","D19","CARI","CARI.AOS.S2","CARI.SS.20240611.FIL","A00000431520","2024-06-11T20:18Z","2024-06-11T20:18Z","Illinois State Water Survey Central Analytical Laboratory",280.0,0.08900,5,"2024-06-13","A",,
"06624c7b-b07f-4f77-a12b-00d6d020a63c","D19","CARI","CARI.AOS.S2","CARI.SS.20240611.FIL","A00000431520","2024-06-11T20:18Z","2024-06-11T20:18Z","Illinois State Water Survey Central Analytical Laboratory",296.0,0.07098,5,"2024-06-13","A",,
"f1e158d9-80f8-4058-bef3-197f7c7b04e3","D19","CARI","CARI.AOS.S2","CARI.SS.20240611.FIL","A00000431520","2024-06-11T20:18Z","2024-06-11T20:18Z","Illinois State Water Survey Central Analytical Laboratory",478.0,0.00434,5,"2024-06-13","B",,
"6f79ed05-1603-4dd7-9edb-6c4785890a1b","D19","CARI","CARI.AOS.S2","CARI.SS.20240611.FIL","A00000431520","2024-06-11T20:18Z","2024-06-11T20:18Z","Illinois State Water Survey Central Analytical Laboratory",248.0,0.12734,5,"2024-06-13","A",,
"6bc69fbd-d791-42d9-a825-1c8b93c19329","D19","CARI","CARI.AOS.S2","CARI.SS.20240611.FIL","A00000431520","2024-06-11T20:18Z","2024-06-11T20:18Z","Illinois State Water Survey Central Analytical Laboratory",236.0,0.15046,5,"2024-06-13","B",,
"88c4f875-b445-4382-85a5-37f73db8db51","D19","CARI","CARI.AOS.S2","CARI.SS.20240611.FIL","A00000431520","2024-06-11T20:18Z","2024-06-11T20:18Z","Illinois State Water Survey Central Analytical Laboratory",394.0,0.01462,5,"2024-06-13","A",,
"95322cf6-642e-4376-8226-755a5bd08af0","D19","CARI","CARI.AOS.S2","CARI.SS.20240611.FIL","A00000431520","2024-06-11T20:18Z","2024-06-11T20:18Z","Illinois State Water Survey Central Analytical Laboratory",342.0,0.03616,5,"2024-06-13","B",,
"a1f32e99-3f97-450a-841f-c48977ab1338","D19","CARI","CARI.AOS.S2","CARI.SS.20240611.FIL","A00000431520","2024-06-11T20:18Z","2024-06-11T20:18Z","Illinois State Water Survey Central Analytical Laboratory",434.0,0.00768,5,"2024-06-13","A",,
"2228069a-ae07-4288-a009-65d5b062a572","D19","CARI","CARI.AOS.S2","CARI.SS.20240611.FIL","A00000431520","2024-06-11T20:18Z","2024-06-11T20:18Z","Illinois State Water Survey Central Analytical Laboratory",464.0,0.00504,5,"2024-06-13","B",,
"7f6e53a1-6068-4f18-a3f6-de3d17832560","D19","CARI","CARI.AOS.S2","CARI.SS.20240611.FIL","A00000431520","2024-06-11T20:18Z","2024-06-11T20:18Z","Illinois State Water Survey Central Analytical Laboratory",356.0,0.02878,5,"2024-06-13","A",,
"3e813564-d0c0-4a44-ae95-3fa30ceeef00","D19","CARI","CARI.AOS.S2","CARI.SS.20240611.FIL","A00000431520","2024-06-11T20:18Z","2024-06-11T20:18Z","Illinois State Water Survey Central Analytical Laboratory",450.0,0.00602,5,"2024-06-13","A",,
"a55649e5-0966-4f20-9265-cea0d96020f2","D19","CARI","CARI.AOS.S2","CARI.SS.20240611.FIL","A00000431520","2024-06-11T20:18Z","2024-06-11T20:18Z","Illinois State Water Survey Central Analytical Laboratory",508.0,0.00312,5,"2024-06-13","B",,
"c9d6400f-b659-4780-a7db-888f92bcc7d1","D19","CARI","CARI.AOS.S2","CARI.SS.20240611.FIL","A00000431520","2024-06-11T20:18Z","2024-06-11T20:18Z","Illinois State Water Survey Central Analytical Laboratory",322.0,0.04882,5,"2024-06-13","A",,
"12c3a4a8-4af5-4ebf-a850-cab97989da71","D19","CARI","CARI.AOS.S2","CARI.SS.20240611.FIL","A00000431520","2024-06-11T20:18Z","2024-06-11T20:18Z","Illinois State Water Survey Central Analytical Laboratory",410.0,0.01124,5,"2024-06-13","B",,
"c3b2da0b-3316-407f-94cb-c1e142855364","D19","CARI","CARI.AOS.S2","CARI.SS.20240611.FIL","A00000431520","2024-06-11T20:18Z","2024-06-11T20:18Z","Illinois State Water Survey Central Analytical Laboratory",226.0,0.20438,5,"2024-06-13","B",,
"7fc98dd3-1b1b-47ae-8847-ca3890eebb80","D19","CARI","CARI.AOS.S2","CARI.SS.20240611.FIL","A00000431520","2024-06-11T20:18Z","2024-06-11T20:18Z","Illinois State Water Survey Central Analytical Laboratory",572.0,0.00164,5,"2024-06-13","A",,
"5cb37e8a-fb75-440e-a7b0-eba1bd84baee","D19","CARI","CARI.AOS.S2","CARI.SS.20240611.FIL","A00000431520","2024-06-11T20:18Z","2024-06-11T20:18Z","Illinois State Water Survey Central Analytical Laboratory",524.0,0.00254,5,"2024-06-13","B",,
"5a74557d-2937-4089-a8ab-9770876bd0dc","D19","CARI","CARI.AOS.S2","CARI.SS.20240611.FIL","A00000431520","2024-06-11T20:18Z","2024-06-11T20:18Z","Illinois State Water Survey Central Analytical Laboratory",442.0,0.00692,5,"2024-06-13","B",,
"4a2a2754-c2c1-4bbf-a515-d78327d24349","D19","CARI","CARI.AOS.S2","CARI.SS.20240611.FIL","A00000431520","2024-06-11T20:18Z","2024-06-11T20:18Z","Illinois State Water Survey Central Analytical Laboratory",518.0,0.00280,5,"2024-06-13","A",,
"3e2bf772-f588-4f69-ae00-52a84aac7f57","D19","CARI","CARI.AOS.S2","CARI.SS.20240611.FIL","A00000431520","2024-06-11T20:18Z","2024-06-11T20:18Z","Illinois State Water Survey Central Analytical Laboratory",432.0,0.00800,5,"2024-06-13","B",,
"eeba7957-478c-4430-adde-81588955152e","D19","CARI","CARI.AOS.S2","CARI.SS.20240611.FIL","A00000431520","2024-06-11T20:18Z","2024-06-11T20:18Z","Illinois State Water Survey Central Analytical Laboratory",348.0,0.03296,5,"2024-06-13","B",,
"e48fdc7a-bd83-4b1c-bd51-05e9e041d6b2","D19","CARI","CARI.AOS.S2","CARI.SS.20240611.FIL","A00000431520","2024-06-11T20:18Z","2024-06-11T20:18Z","Illinois State Water Survey Central Analytical Laboratory",418.0,0.00984,5,"2024-06-13","B",,
"ce218f6a-1ce5-4d84-a6a6-f6c4058c2ab8","D19","CARI","CARI.AOS.S2","CARI.SS.20240611.FIL","A00000431520","2024-06-11T20:18Z","2024-06-11T20:18Z","Illinois State Water Survey Central Analytical Laboratory",564.0,0.00178,5,"2024-06-13","B",,
"a33bad26-31b7-4dfc-9422-6591efe75adb","D19","CARI","CARI.AOS.S2","CARI.SS.20240611.FIL","A00000431520","2024-06-11T20:18Z","2024-06-11T20:18Z","Illinois State Water Survey Central Analytical Laboratory",488.0,0.00388,5,"2024-06-13","B",,
"9b68007b-591b-4038-be84-300c25213573","D19","CARI","CARI.AOS.S2","CARI.SS.20240611.FIL","A00000431520","2024-06-11T20:18Z","2024-06-11T20:18Z","Illinois State Water Survey Central Analytical Laboratory",426.0,0.00866,5,"2024-06-13","A",,
"3ee68674-f1ca-45ef-8c79-cac6a878f5a2","D19","CARI","CARI.AOS.S2","CARI.SS.20240611.FIL","A00000431520","2024-06-11T20:18Z","2024-06-11T20:18Z","Illinois State Water Survey Central Analytical Laboratory",418.0,0.00970,5,"2024-06-13","A",,
"70746506-af9b-45c4-ba9e-788d1a6e9263","D19","CARI","CARI.AOS.S2","CARI.SS.20240611.FIL","A00000431520","2024-06-11T20:18Z","2024-06-11T20:18Z","Illinois State Water Survey Central Analytical Laboratory",268.0,0.10452,5,"2024-06-13","A",,
"bc90134a-38fe-4d7a-9c61-56f4d54fb0a6","D19","CARI","CARI.AOS.S2","CARI.SS.20240611.FIL","A00000431520","2024-06-11T20:18Z","2024-06-11T20:18Z","Illinois State Water Survey Central Analytical Laboratory",586.0,0.00150,5,"2024-06-13","B",,
"f6f0b181-d783-4cac-9ec7-e3d7859ea575","D19","CARI","CARI.AOS.S2","CARI.SS.20240611.FIL","A00000431520","2024-06-11T20:18Z","2024-06-11T20:18Z","Illinois State Water Survey Central Analytical Laboratory",256.0,0.11872,5,"2024-06-13","B",,
"25eedaa7-9a49-420a-9684-6be957f089a0","D19","CARI","CARI.AOS.S2","CARI.SS.20240611.FIL","A00000431520","2024-06-11T20:18Z","2024-06-11T20:18Z","Illinois State Water Survey Central Analytical Laboratory",292.0,0.07526,5,"2024-06-13","A",,
"e9a1a1de-f730-43ba-9587-5de02aa59edb","D19","CARI","CARI.AOS.S2","CARI.SS.20240611.FIL","A00000431520","2024-06-11T20:18Z","2024-06-11T20:18Z","Illinois State Water Survey Central Analytical Laboratory",226.0,0.20418,5,"2024-06-13","A",,
"802e7653-4fc2-4da4-b747-7da6bc5aae79","D19","CARI","CARI.AOS.S2","CARI.SS.20240611.FIL","A00000431520","2024-06-11T20:18Z","2024-06-11T20:18Z","Illinois State Water Survey Central Analytical Laboratory",474.0,0.00458,5,"2024-06-13","B",,
"8c35dd3d-2f25-44c7-a94e-638d38249969","D19","CARI","CARI.AOS.S2","CARI.SS.20240611.FIL","A00000431520","2024-06-11T20:18Z","2024-06-11T20:18Z","Illinois State Water Survey Central Analytical Laboratory",312.0,0.05664,5,"2024-06-13","A",,
"f1bc0685-d381-4755-8da3-9a9a89a09229","D19","CARI","CARI.AOS.S2","CARI.SS.20240611.FIL","A00000431520","2024-06-11T20:18Z","2024-06-11T20:18Z","Illinois State Water Survey Central Analytical Laboratory",416.0,0.01008,5,"2024-06-13","B",,
"4f27d2db-5dad-48eb-806f-e52e6160842e","D19","CARI","CARI.AOS.S2","CARI.SS.20240611.FIL","A00000431520","2024-06-11T20:18Z","2024-06-11T20:18Z","Illinois State Water Survey Central Analytical Laboratory",312.0,0.05676,5,"2024-06-13","B",,
"dade6320-5263-4dfe-bf54-b3ad1f1271d5","D19","CARI","CARI.AOS.S2","CARI.SS.20240611.FIL","A00000431520","2024-06-11T20:18Z","2024-06-11T20:18Z","Illinois State Water Survey Central Analytical Laboratory",492.0,0.00368,5,"2024-06-13","A",,
"b551e49a-2f76-4db9-9aa8-2ec277d9b296","D19","CARI","CARI.AOS.S2","CARI.SS.20240611.FIL","A00000431520","2024-06-11T20:18Z","2024-06-11T20:18Z","Illinois State Water Survey Central Analytical Laboratory",428.0,0.00852,5,"2024-06-13","B",,
"28ce27d2-e95c-42d6-8cf4-7c8830ad8da4","D19","CARI","CARI.AOS.S2","CARI.SS.20240611.FIL","A00000431520","2024-06-11T20:18Z","2024-06-11T20:18Z","Illinois State Water Survey Central Analytical Laboratory",338.0,0.03840,5,"2024-06-13","A",,
"f38ce5b7-3032-4685-8ce4-8d4ab97e6576","D19","CARI","CARI.AOS.S2","CARI.SS.20240611.FIL","A00000431520","2024-06-11T20:18Z","2024-06-11T20:18Z","Illinois State Water Survey Central Analytical Laboratory",582.0,0.00146,5,"2024-06-13","B",,
"5341ecef-937a-45a5-8ba6-d77f5acb1721","D19","CARI","CARI.AOS.S2","CARI.SS.20240611.FIL","A00000431520","2024-06-11T20:18Z","2024-06-11T20:18Z","Illinois State Water Survey Central Analytical Laboratory",494.0,0.00356,5,"2024-06-13","B",,
"cb163664-5ad3-4ffb-b189-5df8c1e6d09b","D19","CARI","CARI.AOS.S2","CARI.SS.20240611.FIL","A00000431520","2024-06-11T20:18Z","2024-06-11T20:18Z","Illinois State Water Survey Central Analytical Laboratory",550.0,0.00200,5,"2024-06-13","B",,
"7487ca12-01a1-4895-900a-486d2501ef13","D19","CARI","CARI.AOS.S2","CARI.SS.20240611.FIL","A00000431520","2024-06-11T20:18Z","2024-06-11T20:18Z","Illinois State Water Survey Central Analytical Laboratory",392.0,0.01526,5,"2024-06-13","B",,
"250f8bb8-c1e7-49a1-b4cc-3dbd5cd8dd7c","D19","CARI","CARI.AOS.S2","CARI.SS.20240611.FIL","A00000431520","2024-06-11T20:18Z","2024-06-11T20:18Z","Illinois State Water Survey Central Analytical Laboratory",224.0,0.22340,5,"2024-06-13","B",,
"77ea0aa1-116e-43ee-b289-5115dd1d6c6c","D19","CARI","CARI.AOS.S2","CARI.SS.20240611.FIL","A00000431520","2024-06-11T20:18Z","2024-06-11T20:18Z","Illinois State Water Survey Central Analytical Laboratory",446.0,0.00636,5,"2024-06-13","A",,
"e05c6a10-7036-4a1d-ad71-b28d8d5e1c61","D19","CARI","CARI.AOS.S2","CARI.SS.20240611.FIL","A00000431520","2024-06-11T20:18Z","2024-06-11T20:18Z","Illinois State Water Survey Central Analytical Laboratory",442.0,0.00680,5,"2024-06-13","A",,
"77e85a7e-63a9-44e0-a7fc-700c2cd5937b","D19","CARI","CARI.AOS.S2","CARI.SS.20240611.FIL","A00000431520","2024-06-11T20:18Z","2024-06-11T20:18Z","Illinois State Water Survey Central Analytical Laboratory",544.0,0.00210,5,"2024-06-13","A",,
"85f2690e-1fd6-43ad-a384-158e21c84d51","D19","CARI","CARI.AOS.S2","CARI.SS.20240611.FIL","A00000431520","2024-06-11T20:18Z","2024-06-11T20:18Z","Illinois State Water Survey Central Analytical Laboratory",310.0,0.05824,5,"2024-06-13","A",,
"e62cea0c-fc76-4cce-bd23-4f126f5f418f","D19","CARI","CARI.AOS.S2","CARI.SS.20240611.FIL","A00000431520","2024-06-11T20:18Z","2024-06-11T20:18Z","Illinois State Water Survey Central Analytical Laboratory",360.0,0.02694,5,"2024-06-13","B",,
"ba12b5c0-cb01-4e6d-890b-536c92aac5e1","D19","CARI","CARI.AOS.S2","CARI.SS.20240611.FIL","A00000431520","2024-06-11T20:18Z","2024-06-11T20:18Z","Illinois State Water Survey Central Analytical Laboratory",580.0,0.00152,5,"2024-06-13","A",,
"48c5a777-106d-47a7-bc10-9eff95dd1315","D19","CARI","CARI.AOS.S2","CARI.SS.20240611.FIL","A00000431520","2024-06-11T20:18Z","2024-06-11T20:18Z","Illinois State Water Survey Central Analytical Laboratory",248.0,0.12750,5,"2024-06-13","B",,
"1c2a7053-6177-48ce-877e-5d933989e539","D19","CARI","CARI.AOS.S2","CARI.SS.20240611.FIL","A00000431520","2024-06-11T20:18Z","2024-06-11T20:18Z","Illinois State Water Survey Central Analytical Laboratory",420.0,0.00956,5,"2024-06-13","B",,
"54ca2927-ebad-4600-893f-0c54b76e9047","D19","CARI","CARI.AOS.S2","CARI.SS.20240611.FIL","A00000431520","2024-06-11T20:18Z","2024-06-11T20:18Z","Illinois State Water Survey Central Analytical Laboratory",568.0,0.00170,5,"2024-06-13","B",,
"4951bcd4-941b-4c5a-8b45-004c98f6c9fb","D19","CARI","CARI.AOS.S2","CARI.SS.20240611.FIL","A00000431520","2024-06-11T20:18Z","2024-06-11T20:18Z","Illinois State Water Survey Central Analytical Laboratory",402.0,0.01284,5,"2024-06-13","A",,
"76940028-cc0b-443f-8b1e-1019b54a6ba8","D19","CARI","CARI.AOS.S2","CARI.SS.20240611.FIL","A00000431520","2024-06-11T20:18Z","2024-06-11T20:18Z","Illinois State Water Survey Central Analytical Laboratory",308.0,0.06004,5,"2024-06-13","B",,
"8910286c-1ed5-4c13-9a91-0d90e708d3de","D19","CARI","CARI.AOS.S2","CARI.SS.20240611.FIL","A00000431520","2024-06-11T20:18Z","2024-06-11T20:18Z","Illinois State Water Survey Central Analytical Laboratory",578.0,0.00160,5,"2024-06-13","B",,
"c60cb67a-6bac-463b-9516-ae73d70a98cc","D19","CARI","CARI.AOS.S2","CARI.SS.20240611.FIL","A00000431520","2024-06-11T20:18Z","2024-06-11T20:18Z","Illinois State Water Survey Central Analytical Laboratory",250.0,0.12520,5,"2024-06-13","B",,
"d2c6b330-e47e-406a-b278-7e16224100fa","D19","CARI","CARI.AOS.S2","CARI.SS.20240611.FIL","A00000431520","2024-06-11T20:18Z","2024-06-11T20:18Z","Illinois State Water Survey Central Analytical Laboratory",490.0,0.00378,5,"2024-06-13","B",,
"974fb588-5356-4f44-95cc-7707cbfad95a","D19","CARI","CARI.AOS.S2","CARI.SS.20240611.FIL","A00000431520","2024-06-11T20:18Z","2024-06-11T20:18Z","Illinois State Water Survey Central Analytical Laboratory",542.0,0.00218,5,"2024-06-13","B",,
"b9a1b602-f857-439c-8937-de562d21b372","D19","CARI","CARI.AOS.S2","CARI.SS.20240611.FIL","A00000431520","2024-06-11T20:18Z","2024-06-11T20:18Z","Illinois State Water Survey Central Analytical Laboratory",262.0,0.11182,5,"2024-06-13","A",,
"9bfa6f2a-aa8a-4e71-a9ea-df92aa579aa9","D19","CARI","CARI.AOS.S2","CARI.SS.20240611.FIL","A00000431520","2024-06-11T20:18Z","2024-06-11T20:18Z","Illinois State Water Survey Central Analytical Laboratory",454.0,0.00580,5,"2024-06-13","B",,
"0695f9a8-4c2c-4312-8d0d-0765711d4535","D19","CARI","CARI.AOS.S2","CARI.SS.20240611.FIL","A00000431520","2024-06-11T20:18Z","2024-06-11T20:18Z","Illinois State Water Survey Central Analytical Laboratory",306.0,0.06186,5,"2024-06-13","B",,
"313fb4bf-e2b3-4b7f-849e-ba82aa533ed2","D19","CARI","CARI.AOS.S2","CARI.SS.20240611.FIL","A00000431520","2024-06-11T20:18Z","2024-06-11T20:18Z","Illinois State Water Survey Central Analytical Laboratory",278.0,0.09178,5,"2024-06-13","B",,
"74d829c1-513a-4d9d-b0c4-9623bb03191b","D19","CARI","CARI.AOS.S2","CARI.SS.20240611.FIL","A00000431520","2024-06-11T20:18Z","2024-06-11T20:18Z","Illinois State Water Survey Central Analytical Laboratory",254.0,0.12078,5,"2024-06-13","A",,
"f35aac3d-0065-48cc-ac6d-e178fdc831dd","D19","CARI","CARI.AOS.S2","CARI.SS.20240611.FIL","A00000431520","2024-06-11T20:18Z","2024-06-11T20:18Z","Illinois State Water Survey Central Analytical Laboratory",540.0,0.00214,5,"2024-06-13","B",,
"72f479df-2a31-4759-89f6-ec891c28f3a9","D19","CARI","CARI.AOS.S2","CARI.SS.20240611.FIL","A00000431520","2024-06-11T20:18Z","2024-06-11T20:18Z","Illinois State Water Survey Central Analytical Laboratory",230.0,0.17738,5,"2024-06-13","A",,
"d0b336df-d4b9-4b9e-bd89-8164a2c170bd","D19","CARI","CARI.AOS.S2","CARI.SS.20240611.FIL","A00000431520","2024-06-11T20:18Z","2024-06-11T20:18Z","Illinois State Water Survey Central Analytical Laboratory",290.0,0.07742,5,"2024-06-13","A",,
"aedd1fd1-f28a-462a-ab00-bcd7064551fa","D19","CARI","CARI.AOS.S2","CARI.SS.20240611.FIL","A00000431520","2024-06-11T20:18Z","2024-06-11T20:18Z","Illinois State Water Survey Central Analytical Laboratory",286.0,0.08198,5,"2024-06-13","A",,
"0c346c37-f85d-43ec-8f89-0e2ead3ea4e5","D19","CARI","CARI.AOS.S2","CARI.SS.20240611.FIL","A00000431520","2024-06-11T20:18Z","2024-06-11T20:18Z","Illinois State Water Survey Central Analytical Laboratory",556.0,0.00186,5,"2024-06-13","B",,
"c59b718e-c9f2-410a-a409-d9824fa17eae","D19","CARI","CARI.AOS.S2","CARI.SS.20240611.FIL","A00000431520","2024-06-11T20:18Z","2024-06-11T20:18Z","Illinois State Water Survey Central Analytical Laboratory",544.0,0.00210,5,"2024-06-13","B",,
"48fc9f01-59a5-4b32-bb3e-62562abf2e01","D19","CARI","CARI.AOS.S2","CARI.SS.20240611.FIL","A00000431520","2024-06-11T20:18Z","2024-06-11T20:18Z","Illinois State Water Survey Central Analytical Laboratory",342.0,0.03606,5,"2024-06-13","A",,
"a22add2b-4e3c-47c8-856a-75ec68be996e","D19","CARI","CARI.AOS.S2","CARI.SS.20240611.FIL","A00000431520","2024-06-11T20:18Z","2024-06-11T20:18Z","Illinois State Water Survey Central Analytical Laboratory",472.0,0.00462,5,"2024-06-13","A",,
"05eccbca-1d52-44ae-b19b-c016fb62624f","D19","CARI","CARI.AOS.S2","CARI.SS.20240611.FIL","A00000431520","2024-06-11T20:18Z","2024-06-11T20:18Z","Illinois State Water Survey Central Analytical Laboratory",400.0,0.01328,5,"2024-06-13","A",,
"36aad839-46a4-4b82-bd68-203d9e5291f1","D19","CARI","CARI.AOS.S2","CARI.SS.20240611.FIL","A00000431520","2024-06-11T20:18Z","2024-06-11T20:18Z","Illinois State Water Survey Central Analytical Laboratory",502.0,0.00326,5,"2024-06-13","B",,
"802e165f-5f10-4b65-b539-3650c9e79973","D19","CARI","CARI.AOS.S2","CARI.SS.20240611.FIL","A00000431520","2024-06-11T20:18Z","2024-06-11T20:18Z","Illinois State Water Survey Central Analytical Laboratory",552.0,0.00194,5,"2024-06-13","B",,
"5c3f302b-da7b-4084-81ee-9b6e101e4fbc","D19","CARI","CARI.AOS.S2","CARI.SS.20240611.FIL","A00000431520","2024-06-11T20:18Z","2024-06-11T20:18Z","Illinois State Water Survey Central Analytical Laboratory",550.0,0.00202,5,"2024-06-13","A",,
"58ee040d-8351-48a5-a65b-2f6f5318d586","D19","CARI","CARI.AOS.S2","CARI.SS.20240611.FIL","A00000431520","2024-06-11T20:18Z","2024-06-11T20:18Z","Illinois State Water Survey Central Analytical Laboratory",252.0,0.12274,5,"2024-06-13","A",,
"a007657f-d97a-4005-ae50-ec7425fba399","D19","CARI","CARI.AOS.S2","CARI.SS.20240611.FIL","A00000431520","2024-06-11T20:18Z","2024-06-11T20:18Z","Illinois State Water Survey Central Analytical Laboratory",396.0,0.01416,5,"2024-06-13","A",,
"d9c1c7b7-db9f-4fd9-9704-dd38a862593a","D19","CARI","CARI.AOS.S2","CARI.SS.20240611.FIL","A00000431520","2024-06-11T20:18Z","2024-06-11T20:18Z","Illinois State Water Survey Central Analytical Laboratory",596.0,0.00134,5,"2024-06-13","B",,
"b640fa9b-20ef-4f8b-bcab-91f883664d04","D19","CARI","CARI.AOS.S2","CARI.SS.20240611.FIL","A00000431520","2024-06-11T20:18Z","2024-06-11T20:18Z","Illinois State Water Survey Central Analytical Laboratory",358.0,0.02794,5,"2024-06-13","B",,
"9ef0d487-837f-4896-bef8-437efebaa6b5","D19","CARI","CARI.AOS.S2","CARI.SS.20240611.FIL","A00000431520","2024-06-11T20:18Z","2024-06-11T20:18Z","Illinois State Water Survey Central Analytical Laboratory",522.0,0.00266,5,"2024-06-13","A",,
"03d76874-99e5-43b0-81d9-edb2aa9724ba","D19","CARI","CARI.AOS.S2","CARI.SS.20240611.FIL","A00000431520","2024-06-11T20:18Z","2024-06-11T20:18Z","Illinois State Water Survey Central Analytical Laboratory",506.0,0.00316,5,"2024-06-13","A",,
"df1cf81b-09e7-4313-8cdd-a1090a0bddea","D19","CARI","CARI.AOS.S2","CARI.SS.20240611.FIL","A00000431520","2024-06-11T20:18Z","2024-06-11T20:18Z","Illinois State Water Survey Central Analytical Laboratory",340.0,0.03736,5,"2024-06-13","B",,
"d41a2a03-b9c9-4b07-9ec6-9d107b1fe096","D19","CARI","CARI.AOS.S2","CARI.SS.20240611.FIL","A00000431520","2024-06-11T20:18Z","2024-06-11T20:18Z","Illinois State Water Survey Central Analytical Laboratory",430.0,0.00816,5,"2024-06-13","A",,
"889d6f24-6371-43ad-8aba-ec62d6a3a3e3","D19","CARI","CARI.AOS.S2","CARI.SS.20240611.FIL","A00000431520","2024-06-11T20:18Z","2024-06-11T20:18Z","Illinois State Water Survey Central Analytical Laboratory",286.0,0.08210,5,"2024-06-13","B",,
"c5d66aca-0038-4aae-9907-a3ce6aac5ef8","D19","CARI","CARI.AOS.S2","CARI.SS.20240611.FIL","A00000431520","2024-06-11T20:18Z","2024-06-11T20:18Z","Illinois State Water Survey Central Analytical Laboratory",332.0,0.04202,5,"2024-06-13","A",,
"a0777939-1cc7-428a-a25b-f5e76ed8bceb","D19","CARI","CARI.AOS.S2","CARI.SS.20240611.FIL","A00000431520","2024-06-11T20:18Z","2024-06-11T20:18Z","Illinois State Water Survey Central Analytical Laboratory",382.0,0.01810,5,"2024-06-13","A",,
"3b59b9bc-742a-47ef-94dd-3d5bf0a17e5a","D19","CARI","CARI.AOS.S2","CARI.SS.20240611.FIL","A00000431520","2024-06-11T20:18Z","2024-06-11T20:18Z","Illinois State Water Survey Central Analytical Laboratory",296.0,0.07110,5,"2024-06-13","B",,
"37ab465e-4220-43df-8a04-8114a8d5e5ef","D19","CARI","CARI.AOS.S2","CARI.SS.20240611.FIL","A00000431520","2024-06-11T20:18Z","2024-06-11T20:18Z","Illinois State Water Survey Central Analytical Laboratory",334.0,0.04088,5,"2024-06-13","A",,
"6640357e-8096-4611-adc8-239d65028366","D19","CARI","CARI.AOS.S2","CARI.SS.20240611.FIL","A00000431520","2024-06-11T20:18Z","2024-06-11T20:18Z","Illinois State Water Survey Central Analytical Laboratory",274.0,0.09664,5,"2024-06-13","A",,
"741b0a4a-0c17-4496-9b40-406760bd4ae8","D19","CARI","CARI.AOS.S2","CARI.SS.20240611.FIL","A00000431520","2024-06-11T20:18Z","2024-06-11T20:18Z","Illinois State Water Survey Central Analytical Laboratory",346.0,0.03396,5,"2024-06-13","A",,
"48d42ce6-7f5b-46ae-8463-fede0acde054","D19","CARI","CARI.AOS.S2","CARI.SS.20240611.FIL","A00000431520","2024-06-11T20:18Z","2024-06-11T20:18Z","Illinois State Water Survey Central Analytical Laboratory",440.0,0.00716,5,"2024-06-13","B",,
"b7379566-7e10-4d89-a72c-77b3b9b8f37f","D19","CARI","CARI.AOS.S2","CARI.SS.20240611.FIL","A00000431520","2024-06-11T20:18Z","2024-06-11T20:18Z","Illinois State Water Survey Central Analytical Laboratory",546.0,0.00204,5,"2024-06-13","B",,
"9e5d2f2c-2d10-4269-8cce-a0247e15add0","D19","CARI","CARI.AOS.S2","CARI.SS.20240611.FIL","A00000431520","2024-06-11T20:18Z","2024-06-11T20:18Z","Illinois State Water Survey Central Analytical Laboratory",302.0,0.06540,5,"2024-06-13","A",,
"3044cca3-b431-47fc-a5aa-cc5833f0e8ae","D19","CARI","CARI.AOS.S2","CARI.SS.20240611.FIL","A00000431520","2024-06-11T20:18Z","2024-06-11T20:18Z","Illinois State Water Survey Central Analytical Laboratory",600.0,0.00128,5,"2024-06-13","A",,
"816f4f24-b772-4ae3-bda6-acc14dbed0a4","D19","CARI","CARI.AOS.S2","CARI.SS.20240611.FIL","A00000431520","2024-06-11T20:18Z","2024-06-11T20:18Z","Illinois State Water Survey Central Analytical Laboratory",456.0,0.00548,5,"2024-06-13","A",,
"11dc818e-b0bd-4401-a1f5-feee4d60f650","D19","CARI","CARI.AOS.S2","CARI.SS.20240611.FIL","A00000431520","2024-06-11T20:18Z","2024-06-11T20:18Z","Illinois State Water Survey Central Analytical Laboratory",350.0,0.03192,5,"2024-06-13","B",,
"81703d3f-a2fc-4926-92d8-d15f32fd7b39","D19","CARI","CARI.AOS.S2","CARI.SS.20240611.FIL","A00000431520","2024-06-11T20:18Z","2024-06-11T20:18Z","Illinois State Water Survey Central Analytical Laboratory",482.0,0.00420,5,"2024-06-13","A",,
"c060fa19-0f7d-4d1c-96e5-0afc5626ddac","D19","CARI","CARI.AOS.S2","CARI.SS.20240611.FIL","A00000431520","2024-06-11T20:18Z","2024-06-11T20:18Z","Illinois State Water Survey Central Analytical Laboratory",578.0,0.00158,5,"2024-06-13","A",,
"f42b95a8-9508-42b6-992d-f24009e6172a","D19","CARI","CARI.AOS.S2","CARI.SS.20240611.FIL","A00000431520","2024-06-11T20:18Z","2024-06-11T20:18Z","Illinois State Water Survey Central Analytical Laboratory",446.0,0.00648,5,"2024-06-13","B",,
"98645d83-25f0-4cee-bee1-91e2670d6c40","D19","CARI","CARI.AOS.S2","CARI.SS.20240611.FIL","A00000431520","2024-06-11T20:18Z","2024-06-11T20:18Z","Illinois State Water Survey Central Analytical Laboratory",590.0,0.00140,5,"2024-06-13","B",,
"ad43d56c-b135-4f8e-b4f4-963cfedb1251","D19","CARI","CARI.AOS.S2","CARI.SS.20240611.FIL","A00000431520","2024-06-11T20:18Z","2024-06-11T20:18Z","Illinois State Water Survey Central Analytical Laboratory",530.0,0.00240,5,"2024-06-13","B",,
"ff66c2ee-b3f5-45e9-8c10-f7fc7e1445f9","D19","CARI","CARI.AOS.S2","CARI.SS.20240611.FIL","A00000431520","2024-06-11T20:18Z","2024-06-11T20:18Z","Illinois State Water Survey Central Analytical Laboratory",244.0,0.13314,5,"2024-06-13","B",,
"bd864022-bb69-40b8-bd68-50e2931152bb","D19","CARI","CARI.AOS.S2","CARI.SS.20240611.FIL","A00000431520","2024-06-11T20:18Z","2024-06-11T20:18Z","Illinois State Water Survey Central Analytical Laboratory",330.0,0.04334,5,"2024-06-13","A",,
"dfb5fa76-4926-41f0-b940-91350628956a","D19","CARI","CARI.AOS.S2","CARI.SS.20240611.FIL","A00000431520","2024-06-11T20:18Z","2024-06-11T20:18Z","Illinois State Water Survey Central Analytical Laboratory",438.0,0.00736,5,"2024-06-13","B",,
"54a48da9-7a3e-4de3-8f86-d1666bc3512d","D19","CARI","CARI.AOS.S2","CARI.SS.20240611.FIL","A00000431520","2024-06-11T20:18Z","2024-06-11T20:18Z","Illinois State Water Survey Central Analytical Laboratory",314.0,0.05494,5,"2024-06-13","B",,
"92aa6bef-b5dd-472e-8e8c-0be5bc7603c9","D19","CARI","CARI.AOS.S2","CARI.SS.20240611.FIL","A00000431520","2024-06-11T20:18Z","2024-06-11T20:18Z","Illinois State Water Survey Central Analytical Laboratory",318.0,0.05176,5,"2024-06-13","A",,
"465abbb7-9bfe-4cb9-8d29-9cbb212b65ca","D19","CARI","CARI.AOS.S2","CARI.SS.20240611.FIL","A00000431520","2024-06-11T20:18Z","2024-06-11T20:18Z","Illinois State Water Survey Central Analytical Laboratory",306.0,0.06174,5,"2024-06-13","A",,
"d9337395-c60b-42ba-80ba-00a6c05db8e4","D19","CARI","CARI.AOS.S2","CARI.SS.20240611.FIL","A00000431520","2024-06-11T20:18Z","2024-06-11T20:18Z","Illinois State Water Survey Central Analytical Laboratory",380.0,0.01882,5,"2024-06-13","A",,
"69081dea-e0f9-4783-b832-2e04cb2c8ff8","D19","CARI","CARI.AOS.S2","CARI.SS.20240611.FIL","A00000431520","2024-06-11T20:18Z","2024-06-11T20:18Z","Illinois State Water Survey Central Analytical Laboratory",238.0,0.14494,5,"2024-06-13","B",,
"466deb17-d20a-4496-bec9-00a35c34150b","D19","CARI","CARI.AOS.S2","CARI.SS.20240611.FIL","A00000431520","2024-06-11T20:18Z","2024-06-11T20:18Z","Illinois State Water Survey Central Analytical Laboratory",246.0,0.12970,5,"2024-06-13","B",,
"afd09730-6474-4ec0-ba4e-225279e7bcb7","D19","CARI","CARI.AOS.S2","CARI.SS.20240611.FIL","A00000431520","2024-06-11T20:18Z","2024-06-11T20:18Z","Illinois State Water Survey Central Analytical Laboratory",236.0,0.15032,5,"2024-06-13","A",,
"674be747-9f1e-4202-b619-c2bdc556b9ff","D19","CARI","CARI.AOS.S2","CARI.SS.20240611.FIL","A00000431520","2024-06-11T20:18Z","2024-06-11T20:18Z","Illinois State Water Survey Central Analytical Laboratory",266.0,0.10706,5,"2024-06-13","B",,
"2e6e73ee-c71c-453e-9dd6-2976fddd87eb","D19","CARI","CARI.AOS.S2","CARI.SS.20240611.FIL","A00000431520","2024-06-11T20:18Z","2024-06-11T20:18Z","Illinois State Water Survey Central Analytical Laboratory",316.0,0.05354,5,"2024-06-13","B",,
"2f36b95b-7193-46e9-86f5-1637668fedbc","D19","CARI","CARI.AOS.S2","CARI.SS.20240611.FIL","A00000431520","2024-06-11T20:18Z","2024-06-11T20:18Z","Illinois State Water Survey Central Analytical Laboratory",512.0,0.00294,5,"2024-06-13","A",,
"25aa1e25-553f-4d23-aed7-4d918130760e","D19","CARI","CARI.AOS.S2","CARI.SS.20240611.FIL","A00000431520","2024-06-11T20:18Z","2024-06-11T20:18Z","Illinois State Water Survey Central Analytical Laboratory",300.0,0.06724,5,"2024-06-13","A",,
"d3f55143-4968-429f-ac05-80527dbc403e","D19","CARI","CARI.AOS.S2","CARI.SS.20240611.FIL","A00000431520","2024-06-11T20:18Z","2024-06-11T20:18Z","Illinois State Water Survey Central Analytical Laboratory",554.0,0.00194,5,"2024-06-13","B",,
"752f96fe-5211-429b-ad5e-71972ad3517c","D19","CARI","CARI.AOS.S2","CARI.SS.20240611.FIL","A00000431520","2024-06-11T20:18Z","2024-06-11T20:18Z","Illinois State Water Survey Central Analytical Laboratory",574.0,0.00168,5,"2024-06-13","B",,
"37538bcd-cb3a-4e32-9298-ba50fc770a87","D19","CARI","CARI.AOS.S2","CARI.SS.20240611.FIL","A00000431520","2024-06-11T20:18Z","2024-06-11T20:18Z","Illinois State Water Survey Central Analytical Laboratory",288.0,0.07990,5,"2024-06-13","B",,
"ba240163-6349-41c5-b814-9cb838526300","D19","CARI","CARI.AOS.S2","CARI.SS.20240611.FIL","A00000431520","2024-06-11T20:18Z","2024-06-11T20:18Z","Illinois State Water Survey Central Analytical Laboratory",504.0,0.00318,5,"2024-06-13","B",,
"10ac3376-bced-4afe-95c9-bcc1f3e5d09f","D19","CARI","CARI.AOS.S2","CARI.SS.20240611.FIL","A00000431520","2024-06-11T20:18Z","2024-06-11T20:18Z","Illinois State Water Survey Central Analytical Laboratory",540.0,0.00220,5,"2024-06-13","A",,
"66da6ec1-ca7c-413f-8c4d-e93a5eaa3e2f","D19","CARI","CARI.AOS.S2","CARI.SS.20240611.FIL","A00000431520","2024-06-11T20:18Z","2024-06-11T20:18Z","Illinois State Water Survey Central Analytical Laboratory",276.0,0.09414,5,"2024-06-13","B",,
"6bccdf97-0860-42d8-bdfc-0cf98cd2eb19","D19","CARI","CARI.AOS.S2","CARI.SS.20240611.FIL","A00000431520","2024-06-11T20:18Z","2024-06-11T20:18Z","Illinois State Water Survey Central Analytical Laboratory",548.0,0.00198,5,"2024-06-13","B",,
"dd97ec2c-9998-40d1-8b56-0dc0c170d172","D19","CARI","CARI.AOS.S2","CARI.SS.20240611.FIL","A00000431520","2024-06-11T20:18Z","2024-06-11T20:18Z","Illinois State Water Survey Central Analytical Laboratory",526.0,0.00250,5,"2024-06-13","B",,
"6fb89242-74d7-4513-98dc-22e86fbfeff3","D19","CARI","CARI.AOS.S2","CARI.SS.20240611.FIL","A00000431520","2024-06-11T20:18Z","2024-06-11T20:18Z","Illinois State Water Survey Central Analytical Laboratory",228.0,0.18828,5,"2024-06-13","B",,
"b822316b-87cd-423b-987f-9a4bf73595c3","D19","CARI","CARI.AOS.S2","CARI.SS.20240611.FIL","A00000431520","2024-06-11T20:18Z","2024-06-11T20:18Z","Illinois State Water Survey Central Analytical Laboratory",448.0,0.00632,5,"2024-06-13","B",,
"6d453b12-51ec-43b7-90f5-7f48f736ec22","D19","CARI","CARI.AOS.S2","CARI.SS.20240611.FIL","A00000431520","2024-06-11T20:18Z","2024-06-11T20:18Z","Illinois State Water Survey Central Analytical Laboratory",272.0,0.09930,5,"2024-06-13","A",,
"bd8519ff-5224-4d7e-9174-07b51ff1c24e","D19","CARI","CARI.AOS.S2","CARI.SS.20240611.FIL","A00000431520","2024-06-11T20:18Z","2024-06-11T20:18Z","Illinois State Water Survey Central Analytical Laboratory",406.0,0.01198,5,"2024-06-13","A",,
"8614146d-85d5-49f1-8e94-26c13b67a316","D19","CARI","CARI.AOS.S2","CARI.SS.20240611.FIL","A00000431520","2024-06-11T20:18Z","2024-06-11T20:18Z","Illinois State Water Survey Central Analytical Laboratory",398.0,0.01380,5,"2024-06-13","B",,
"79bfffbb-2f0d-4d05-96ec-8036456319af","D19","CARI","CARI.AOS.S2","CARI.SS.20240611.FIL","A00000431520","2024-06-11T20:18Z","2024-06-11T20:18Z","Illinois State Water Survey Central Analytical Laboratory",466.0,0.00484,5,"2024-06-13","A",,
"651f4bb0-49a1-4613-ae07-79803faadeb6","D19","CARI","CARI.AOS.S2","CARI.SS.20240611.FIL","A00000431520","2024-06-11T20:18Z","2024-06-11T20:18Z","Illinois State Water Survey Central Analytical Laboratory",436.0,0.00744,5,"2024-06-13","A",,
"66b63374-7bc2-49a2-b799-15ef9705fd88","D19","CARI","CARI.AOS.S2","CARI.SS.20240611.FIL","A00000431520","2024-06-11T20:18Z","2024-06-11T20:18Z","Illinois State Water Survey Central Analytical Laboratory",596.0,0.00132,5,"2024-06-13","A",,
"b359f09a-2d96-428a-ae0e-c3489d308ff0","D19","CARI","CARI.AOS.S2","CARI.SS.20240611.FIL","A00000431520","2024-06-11T20:18Z","2024-06-11T20:18Z","Illinois State Water Survey Central Analytical Laboratory",234.0,0.15748,5,"2024-06-13","B",,
"289270e7-ef8c-4ff4-8852-aa72901c15d8","D19","CARI","CARI.AOS.S2","CARI.SS.20240611.FIL","A00000431520","2024-06-11T20:18Z","2024-06-11T20:18Z","Illinois State Water Survey Central Analytical Laboratory",376.0,0.02018,5,"2024-06-13","A",,
"b27de436-7a32-4559-aad2-75cdba2213ff","D19","CARI","CARI.AOS.S2","CARI.SS.20240611.FIL","A00000431520","2024-06-11T20:18Z","2024-06-11T20:18Z","Illinois State Water Survey Central Analytical Laboratory",362.0,0.02604,5,"2024-06-13","B",,
"65645497-520a-4b93-af7f-c3c858775271","D19","CARI","CARI.AOS.S2","CARI.SS.20240611.FIL","A00000431520","2024-06-11T20:18Z","2024-06-11T20:18Z","Illinois State Water Survey Central Analytical Laboratory",260.0,0.11420,5,"2024-06-13","A",,
"71fe8c3f-b0df-4617-9977-80030895ed06","D19","CARI","CARI.AOS.S2","CARI.SS.20240611.FIL","A00000431520","2024-06-11T20:18Z","2024-06-11T20:18Z","Illinois State Water Survey Central Analytical Laboratory",560.0,0.00184,5,"2024-06-13","A",,
"28a9f258-1f93-460a-ae0d-52408284a5c3","D19","CARI","CARI.AOS.S2","CARI.SS.20240611.FIL","A00000431520","2024-06-11T20:18Z","2024-06-11T20:18Z","Illinois State Water Survey Central Analytical Laboratory",264.0,0.10954,5,"2024-06-13","A",,
"24bbd0e6-8dbe-4913-ada9-5b7352b3c8f6","D19","CARI","CARI.AOS.S2","CARI.SS.20240611.FIL","A00000431520","2024-06-11T20:18Z","2024-06-11T20:18Z","Illinois State Water Survey Central Analytical Laboratory",536.0,0.00228,5,"2024-06-13","B",,
"bfa238fb-a874-4d46-a82e-2f32393eafdd","D19","CARI","CARI.AOS.S2","CARI.SS.20240611.FIL","A00000431520","2024-06-11T20:18Z","2024-06-11T20:18Z","Illinois State Water Survey Central Analytical Laboratory",468.0,0.00486,5,"2024-06-13","B",,
"627d6b70-660a-44c0-bf71-3bae7d071809","D19","CARI","CARI.AOS.S2","CARI.SS.20240611.FIL","A00000431520","2024-06-11T20:18Z","2024-06-11T20:18Z","Illinois State Water Survey Central Analytical Laboratory",566.0,0.00168,5,"2024-06-13","B",,
"7fbba375-0fcf-46b0-8501-9ccc122ab3e3","D19","CARI","CARI.AOS.S2","CARI.SS.20240611.FIL","A00000431520","2024-06-11T20:18Z","2024-06-11T20:18Z","Illinois State Water Survey Central Analytical Laboratory",476.0,0.00448,5,"2024-06-13","B",,
"dd21a54e-0c03-4718-bba8-eb22d4c57dad","D19","CARI","CARI.AOS.S2","CARI.SS.20240611.FIL","A00000431520","2024-06-11T20:18Z","2024-06-11T20:18Z","Illinois State Water Survey Central Analytical Laboratory",260.0,0.11436,5,"2024-06-13","B",,
"98baa9a3-0b8a-4aaa-920e-b20e99becf5d","D19","CARI","CARI.AOS.S2","CARI.SS.20240611.FIL","A00000431520","2024-06-11T20:18Z","2024-06-11T20:18Z","Illinois State Water Survey Central Analytical Laboratory",380.0,0.01888,5,"2024-06-13","B",,
"c43704f0-902d-4974-bf47-a3e7ae2cbd1d","D19","CARI","CARI.AOS.S2","CARI.SS.20240611.FIL","A00000431520","2024-06-11T20:18Z","2024-06-11T20:18Z","Illinois State Water Survey Central Analytical Laboratory",268.0,0.10464,5,"2024-06-13","B",,
"0340aac7-3a00-4e51-a8f2-0f8e1dcc8274","D19","CARI","CARI.AOS.S2","CARI.SS.20240611.FIL","A00000431520","2024-06-11T20:18Z","2024-06-11T20:18Z","Illinois State Water Survey Central Analytical Laboratory",486.0,0.00392,5,"2024-06-13","A",,
"21706f54-f30a-4286-b757-330495f495c0","D19","CARI","CARI.AOS.S2","CARI.SS.20240611.FIL","A00000431520","2024-06-11T20:18Z","2024-06-11T20:18Z","Illinois State Water Survey Central Analytical Laboratory",464.0,0.00498,5,"2024-06-13","A",,
"de015fec-8955-4812-8063-49e94767ba4b","D19","CARI","CARI.AOS.S2","CARI.SS.20240611.FIL","A00000431520","2024-06-11T20:18Z","2024-06-11T20:18Z","Illinois State Water Survey Central Analytical Laboratory",448.0,0.00620,5,"2024-06-13","A",,
"002b7df2-60ac-4081-a73b-cd352160022b","D19","CARI","CARI.AOS.S2","CARI.SS.20240611.FIL","A00000431520","2024-06-11T20:18Z","2024-06-11T20:18Z","Illinois State Water Survey Central Analytical Laboratory",220.0,0.27092,5,"2024-06-13","B",,
"59e8283a-b788-4ac2-badc-a8baa252be9e","D19","CARI","CARI.AOS.S2","CARI.SS.20240611.FIL","A00000431520","2024-06-11T20:18Z","2024-06-11T20:18Z","Illinois State Water Survey Central Analytical Laboratory",480.0,0.00428,5,"2024-06-13","B",,
"2a1bf5f1-17f5-4311-ac6a-e66ac4e171fd","D19","CARI","CARI.AOS.S2","CARI.SS.20240611.FIL","A00000431520","2024-06-11T20:18Z","2024-06-11T20:18Z","Illinois State Water Survey Central Analytical Laboratory",294.0,0.07314,5,"2024-06-13","B",,
"12234ff0-c487-4d65-91ed-4e040e2fc012","D19","CARI","CARI.AOS.S2","CARI.SS.20240611.FIL","A00000431520","2024-06-11T20:18Z","2024-06-11T20:18Z","Illinois State Water Survey Central Analytical Laboratory",238.0,0.14472,5,"2024-06-13","A",,
"81621551-c993-449c-9066-deb51bdeeb44","D19","CARI","CARI.AOS.S2","CARI.SS.20240611.FIL","A00000431520","2024-06-11T20:18Z","2024-06-11T20:18Z","Illinois State Water Survey Central Analytical Laboratory",456.0,0.00558,5,"2024-06-13","B",,
"59d54b92-72f3-4ce1-9a40-24d875528d7b","D19","CARI","CARI.AOS.S2","CARI.SS.20240611.FIL","A00000431520","2024-06-11T20:18Z","2024-06-11T20:18Z","Illinois State Water Survey Central Analytical Laboratory",308.0,0.05992,5,"2024-06-13","A",,
"d36e6741-8d9b-4218-8c4d-5784f297d9bb","D19","CARI","CARI.AOS.S2","CARI.SS.20240611.FIL","A00000431520","2024-06-11T20:18Z","2024-06-11T20:18Z","Illinois State Water Survey Central Analytical Laboratory",454.0,0.00570,5,"2024-06-13","A",,
"3ccf1af2-7f5d-4b6d-a143-94f5a4c6adde","D19","CARI","CARI.AOS.S2","CARI.SS.20240611.FIL","A00000431520","2024-06-11T20:18Z","2024-06-11T20:18Z","Illinois State Water Survey Central Analytical Laboratory",592.0,0.00144,5,"2024-06-13","B",,
"b960c62a-bdae-44b2-a9af-83c296c083a8","D19","CARI","CARI.AOS.S2","CARI.SS.20240611.FIL","A00000431520","2024-06-11T20:18Z","2024-06-11T20:18Z","Illinois State Water Survey Central Analytical Laboratory",374.0,0.02104,5,"2024-06-13","B",,
"6f9bcad8-657f-4ef1-8e08-7cc23f2988e4","D19","CARI","CARI.AOS.S2","CARI.SS.20240611.FIL","A00000431520","2024-06-11T20:18Z","2024-06-11T20:18Z","Illinois State Water Survey Central Analytical Laboratory",572.0,0.00160,5,"2024-06-13","B",,
"52b498c7-abee-44c8-b14e-ae248d9bd0d8","D19","CARI","CARI.AOS.S2","CARI.SS.20240611.FIL","A00000431520","2024-06-11T20:18Z","2024-06-11T20:18Z","Illinois State Water Survey Central Analytical Laboratory",328.0,0.04478,5,"2024-06-13","B",,
"08da4ddf-e728-45f1-b25a-7701766f28b7","D19","CARI","CARI.AOS.S2","CARI.SS.20240611.FIL","A00000431520","2024-06-11T20:18Z","2024-06-11T20:18Z","Illinois State Water Survey Central Analytical Laboratory",522.0,0.00264,5,"2024-06-13","B",,
"36752bde-c480-4c94-8454-461a6f64bd60","D19","CARI","CARI.AOS.S2","CARI.SS.20240611.FIL","A00000431520","2024-06-11T20:18Z","2024-06-11T20:18Z","Illinois State Water Survey Central Analytical Laboratory",516.0,0.00282,5,"2024-06-13","A",,
"150d2936-991d-4a88-b1fc-7668111ce646","D19","CARI","CARI.AOS.S2","CARI.SS.20240611.FIL","A00000431520","2024-06-11T20:18Z","2024-06-11T20:18Z","Illinois State Water Survey Central Analytical Laboratory",354.0,0.02984,5,"2024-06-13","B",,
"754671a5-dde8-498e-b4a8-f5155a346c4a","D19","CARI","CARI.AOS.S2","CARI.SS.20240611.FIL","A00000431520","2024-06-11T20:18Z","2024-06-11T20:18Z","Illinois State Water Survey Central Analytical Laboratory",398.0,0.01368,5,"2024-06-13","A",,
"8d112e4d-e03d-480c-aca0-2c84731c7ae6","D19","CARI","CARI.AOS.S2","CARI.SS.20240611.FIL","A00000431520","2024-06-11T20:18Z","2024-06-11T20:18Z","Illinois State Water Survey Central Analytical Laboratory",414.0,0.01034,5,"2024-06-13","A",,
"1df2e23f-f4b9-4e51-ba12-8712d964dadb","D19","CARI","CARI.AOS.S2","CARI.SS.20240611.FIL","A00000431520","2024-06-11T20:18Z","2024-06-11T20:18Z","Illinois State Water Survey Central Analytical Laboratory",424.0,0.00894,5,"2024-06-13","A",,
"39449017-1618-4453-8bb9-c96664230044","D19","CARI","CARI.AOS.S2","CARI.SS.20240611.FIL","A00000431520","2024-06-11T20:18Z","2024-06-11T20:18Z","Illinois State Water Survey Central Analytical Laboratory",526.0,0.00252,5,"2024-06-13","A",,
"31841d75-2605-4f6b-9256-dea9297db12c","D19","CARI","CARI.AOS.S2","CARI.SS.20240611.FIL","A00000431520","2024-06-11T20:18Z","2024-06-11T20:18Z","Illinois State Water Survey Central Analytical Laboratory",358.0,0.02784,5,"2024-06-13","A",,
"564b0e91-7bbc-457b-be43-116887cbbb1e","D19","CARI","CARI.AOS.S2","CARI.SS.20240611.FIL","A00000431520","2024-06-11T20:18Z","2024-06-11T20:18Z","Illinois State Water Survey Central Analytical Laboratory",460.0,0.00522,5,"2024-06-13","A",,
"ffd45cca-3bc5-4071-98c4-6ffb76ee5cb0","D19","CARI","CARI.AOS.S2","CARI.SS.20240611.FIL","A00000431520","2024-06-11T20:18Z","2024-06-11T20:18Z","Illinois State Water Survey Central Analytical Laboratory",560.0,0.00180,5,"2024-06-13","B",,
"a6ad9043-fdf5-412a-a986-d37259de4533","D19","CARI","CARI.AOS.S2","CARI.SS.20240611.FIL","A00000431520","2024-06-11T20:18Z","2024-06-11T20:18Z","Illinois State Water Survey Central Analytical Laboratory",240.0,0.14012,5,"2024-06-13","B",,
"76a872fe-750e-4114-8e97-d08d9c410f74","D19","CARI","CARI.AOS.S2","CARI.SS.20240611.FIL","A00000431520","2024-06-11T20:18Z","2024-06-11T20:18Z","Illinois State Water Survey Central Analytical Laboratory",570.0,0.00168,5,"2024-06-13","B",,
"dfaefbc5-bac1-4a3f-8c2c-7196b9ad7e3b","D19","CARI","CARI.AOS.S2","CARI.SS.20240611.FIL","A00000431520","2024-06-11T20:18Z","2024-06-11T20:18Z","Illinois State Water Survey Central Analytical Laboratory",408.0,0.01152,5,"2024-06-13","A",,
"fb5d2c58-f684-46ec-ae43-044bcafa6cdc","D19","CARI","CARI.AOS.S2","CARI.SS.20240611.FIL","A00000431520","2024-06-11T20:18Z","2024-06-11T20:18Z","Illinois State Water Survey Central Analytical Laboratory",524.0,0.00260,5,"2024-06-13","A",,
"f737c658-805a-44e1-a17c-04dbcc08a982","D19","CARI","CARI.AOS.S2","CARI.SS.20240611.FIL","A00000431520","2024-06-11T20:18Z","2024-06-11T20:18Z","Illinois State Water Survey Central Analytical Laboratory",298.0,0.06930,5,"2024-06-13","B",,
"0166b6cf-91c8-41a4-ba74-42c68db5c962","D19","CARI","CARI.AOS.S2","CARI.SS.20240611.FIL","A00000431520","2024-06-11T20:18Z","2024-06-11T20:18Z","Illinois State Water Survey Central Analytical Laboratory",508.0,0.00314,5,"2024-06-13","A",,
"5bf4807b-45dd-4fb0-99cb-5067afb1b8c7","D19","CARI","CARI.AOS.S2","CARI.SS.20240611.FIL","A00000431520","2024-06-11T20:18Z","2024-06-11T20:18Z","Illinois State Water Survey Central Analytical Laboratory",228.0,0.18814,5,"2024-06-13","A",,
"cb364e4e-078d-4713-9352-3e7206b9d33f","D19","CARI","CARI.AOS.S2","CARI.SS.20240611.FIL","A00000431520","2024-06-11T20:18Z","2024-06-11T20:18Z","Illinois State Water Survey Central Analytical Laboratory",440.0,0.00706,5,"2024-06-13","A",,
"9c547b3a-53d0-4e3a-ae4f-2055199e8668","D19","CARI","CARI.AOS.S2","CARI.SS.20240611.FIL","A00000431520","2024-06-11T20:18Z","2024-06-11T20:18Z","Illinois State Water Survey Central Analytical Laboratory",422.0,0.00930,5,"2024-06-13","B",,
"0ef06688-06c4-43f6-ba48-8e4d0c56fb54","D19","CARI","CARI.AOS.S2","CARI.SS.20240611.FIL","A00000431520","2024-06-11T20:18Z","2024-06-11T20:18Z","Illinois State Water Survey Central Analytical Laboratory",428.0,0.00838,5,"2024-06-13","A",,
"33828c46-771d-414d-a3c4-14b28d0ce04e","D19","CARI","CARI.AOS.S2","CARI.SS.20240611.FIL","A00000431520","2024-06-11T20:18Z","2024-06-11T20:18Z","Illinois State Water Survey Central Analytical Laboratory",252.0,0.12292,5,"2024-06-13","B",,
"a5a72598-99e2-448e-b185-c2c0a6649d41","D19","CARI","CARI.AOS.S2","CARI.SS.20240611.FIL","A00000431520","2024-06-11T20:18Z","2024-06-11T20:18Z","Illinois State Water Survey Central Analytical Laboratory",396.0,0.01422,5,"2024-06-13","B",,
"b3d58632-42a0-4ee9-8db5-7b3368f01373","D19","CARI","CARI.AOS.S2","CARI.SS.20240611.FIL","A00000431520","2024-06-11T20:18Z","2024-06-11T20:18Z","Illinois State Water Survey Central Analytical Laboratory",548.0,0.00206,5,"2024-06-13","A",,
"57ab3bd6-de92-4a72-95a1-736b2c19bdfb","D19","CARI","CARI.AOS.S2","CARI.SS.20240611.FIL","A00000431520","2024-06-11T20:18Z","2024-06-11T20:18Z","Illinois State Water Survey Central Analytical Laboratory",538.0,0.00224,5,"2024-06-13","B",,
"7c605d4c-75a1-43c7-960d-e37f3cfd669e","D19","CARI","CARI.AOS.S2","CARI.SS.20240611.FIL","A00000431520","2024-06-11T20:18Z","2024-06-11T20:18Z","Illinois State Water Survey Central Analytical Laboratory",518.0,0.00274,5,"2024-06-13","B",,
"8d80d624-afbb-4ee4-9b6e-801b730e6464","D19","CARI","CARI.AOS.S2","CARI.SS.20240611.FIL","A00000431520","2024-06-11T20:18Z","2024-06-11T20:18Z","Illinois State Water Survey Central Analytical Laboratory",256.0,0.11854,5,"2024-06-13","A",,
"77738936-fe4a-4e81-9c38-6d81417a5701","D19","CARI","CARI.AOS.S2","CARI.SS.20240611.FIL","A00000431520","2024-06-11T20:18Z","2024-06-11T20:18Z","Illinois State Water Survey Central Analytical Laboratory",272.0,0.09946,5,"2024-06-13","B",,
"7317a58f-049c-4415-97b2-0994bf2611d3","D19","CARI","CARI.AOS.S2","CARI.SS.20240611.FIL","A00000431520","2024-06-11T20:18Z","2024-06-11T20:18Z","Illinois State Water Survey Central Analytical Laboratory",274.0,0.09676,5,"2024-06-13","B",,
"61e8bd7f-9eb9-41d6-b9b1-e6a9a22a5174","D19","CARI","CARI.AOS.S2","CARI.SS.20240611.FIL","A00000431520","2024-06-11T20:18Z","2024-06-11T20:18Z","Illinois State Water Survey Central Analytical Laboratory",564.0,0.00180,5,"2024-06-13","A",,
"0f7dcec1-5769-495f-b6e3-27d1e0b864be","D19","CARI","CARI.AOS.S2","CARI.SS.20240611.FIL","A00000431520","2024-06-11T20:18Z","2024-06-11T20:18Z","Illinois State Water Survey Central Analytical Laboratory",466.0,0.00494,5,"2024-06-13","B",,
"43e9a4cf-c202-4149-acc9-0d0c3210b38c","D19","CARI","CARI.AOS.S2","CARI.SS.20240611.FIL","A00000431520","2024-06-11T20:18Z","2024-06-11T20:18Z","Illinois State Water Survey Central Analytical Laboratory",410.0,0.01112,5,"2024-06-13","A",,
"581ce0a1-2409-4938-a203-94c892091f44","D19","CARI","CARI.AOS.S2","CARI.SS.20240611.FIL","A00000431520","2024-06-11T20:18Z","2024-06-11T20:18Z","Illinois State Water Survey Central Analytical Laboratory",388.0,0.01634,5,"2024-06-13","B",,
"7371f431-1402-4198-bb75-3a169278cf9f","D19","CARI","CARI.AOS.S2","CARI.SS.20240611.FIL","A00000431520","2024-06-11T20:18Z","2024-06-11T20:18Z","Illinois State Water Survey Central Analytical Laboratory",452.0,0.00582,5,"2024-06-13","A",,
"fc0ea2fa-000f-4136-9df2-ea1417180a8b","D19","CARI","CARI.AOS.S2","CARI.SS.20240611.FIL","A00000431520","2024-06-11T20:18Z","2024-06-11T20:18Z","Illinois State Water Survey Central Analytical Laboratory",594.0,0.00136,5,"2024-06-13","A",,
"aaa85223-fcd0-4945-ab66-0df2cdb9f3be","D19","CARI","CARI.AOS.S2","CARI.SS.20240611.FIL","A00000431520","2024-06-11T20:18Z","2024-06-11T20:18Z","Illinois State Water Survey Central Analytical Laboratory",598.0,0.00134,5,"2024-06-13","B",,
"2d3851c0-ad92-47e6-bf04-aaeff692f780","D19","CARI","CARI.AOS.S2","CARI.SS.20240611.FIL","A00000431520","2024-06-11T20:18Z","2024-06-11T20:18Z","Illinois State Water Survey Central Analytical Laboratory",528.0,0.00246,5,"2024-06-13","B",,
"e203fa37-efbd-4894-b6be-0e341fff9596","D19","CARI","CARI.AOS.S2","CARI.SS.20240611.FIL","A00000431520","2024-06-11T20:18Z","2024-06-11T20:18Z","Illinois State Water Survey Central Analytical Laboratory",420.0,0.00944,5,"2024-06-13","A",,
"450e8ccd-354f-47e9-a741-be184596f924","D19","CARI","CARI.AOS.S2","CARI.SS.20240611.FIL","A00000431520","2024-06-11T20:18Z","2024-06-11T20:18Z","Illinois State Water Survey Central Analytical Laboratory",386.0,0.01690,5,"2024-06-13","B",,
"078774ff-36dc-4564-9c83-ee7de1cbf6a9","D19","CARI","CARI.AOS.S2","CARI.SS.20240611.FIL","A00000431520","2024-06-11T20:18Z","2024-06-11T20:18Z","Illinois State Water Survey Central Analytical Laboratory",566.0,0.00168,5,"2024-06-13","A",,
"002eac3e-6c9e-4cb9-b6fe-9357176ab5c1","D19","CARI","CARI.AOS.S2","CARI.SS.20240611.FIL","A00000431520","2024-06-11T20:18Z","2024-06-11T20:18Z","Illinois State Water Survey Central Analytical Laboratory",390.0,0.01576,5,"2024-06-13","B",,
"5cef382e-0372-475a-b05d-9b09baed30fe","D19","CARI","CARI.AOS.S2","CARI.SS.20240611.FIL","A00000431520","2024-06-11T20:18Z","2024-06-11T20:18Z","Illinois State Water Survey Central Analytical Laboratory",586.0,0.00144,5,"2024-06-13","A",,
"5c27fcfd-86df-41f9-bd06-53fbf68dadf2","D19","CARI","CARI.AOS.S2","CARI.SS.20240611.FIL","A00000431520","2024-06-11T20:18Z","2024-06-11T20:18Z","Illinois State Water Survey Central Analytical Laboratory",520.0,0.00266,5,"2024-06-13","B",,
"b740bcb5-6d15-48e8-84f3-4edaaf041b3a","D19","CARI","CARI.AOS.S2","CARI.SS.20240611.FIL","A00000431520","2024-06-11T20:18Z","2024-06-11T20:18Z","Illinois State Water Survey Central Analytical Laboratory",316.0,0.05342,5,"2024-06-13","A",,
"65db2d6c-02bd-4897-a246-0176d32c0814","D19","CARI","CARI.AOS.S2","CARI.SS.20240611.FIL","A00000431520","2024-06-11T20:18Z","2024-06-11T20:18Z","Illinois State Water Survey Central Analytical Laboratory",300.0,0.06738,5,"2024-06-13","B",,
"7779d2bc-011b-41e9-8e6f-b979cdb3f528","D19","CARI","CARI.AOS.S2","CARI.SS.20240611.FIL","A00000431520","2024-06-11T20:18Z","2024-06-11T20:18Z","Illinois State Water Survey Central Analytical Laboratory",468.0,0.00476,5,"2024-06-13","A",,
"392c24bf-6e7a-4a16-bdb0-a4333b60eb59","D19","CARI","CARI.AOS.S2","CARI.SS.20240611.FIL","A00000431520","2024-06-11T20:18Z","2024-06-11T20:18Z","Illinois State Water Survey Central Analytical Laboratory",458.0,0.00546,5,"2024-06-13","B",,
"06f2615c-8a0a-4762-ad8f-f6b46554aa46","D19","CARI","CARI.AOS.S2","CARI.SS.20240611.FIL","A00000431520","2024-06-11T20:18Z","2024-06-11T20:18Z","Illinois State Water Survey Central Analytical Laboratory",370.0,0.02256,5,"2024-06-13","A",,
"1029cd19-b5cc-413c-9cee-9ce17f08db6d","D19","CARI","CARI.AOS.S2","CARI.SS.20240611.FIL","A00000431520","2024-06-11T20:18Z","2024-06-11T20:18Z","Illinois State Water Survey Central Analytical Laboratory",490.0,0.00378,5,"2024-06-13","A",,
"d3716e97-d49e-4967-b6bd-ea0de512d17f","D19","CARI","CARI.AOS.S2","CARI.SS.20240611.FIL","A00000431520","2024-06-11T20:18Z","2024-06-11T20:18Z","Illinois State Water Survey Central Analytical Laboratory",334.0,0.04096,5,"2024-06-13","B",,
"780ffe95-ea6a-4ac6-85ea-6412cefac01d","D19","CARI","CARI.AOS.S2","CARI.SS.20240611.FIL","A00000431520","2024-06-11T20:18Z","2024-06-11T20:18Z","Illinois State Water Survey Central Analytical Laboratory",412.0,0.01072,5,"2024-06-13","A",,
"7f976ad7-1a62-4d8a-8e05-d3673cba2ee3","D19","CARI","CARI.AOS.S2","CARI.SS.20240611.FIL","A00000431520","2024-06-11T20:18Z","2024-06-11T20:18Z","Illinois State Water Survey Central Analytical Laboratory",496.0,0.00352,5,"2024-06-13","A",,
"3b1d396b-d3dd-4286-93b6-f2f73f7232d8","D19","CARI","CARI.AOS.S2","CARI.SS.20240611.FIL","A00000431520","2024-06-11T20:18Z","2024-06-11T20:18Z","Illinois State Water Survey Central Analytical Laboratory",408.0,0.01164,5,"2024-06-13","B",,
"019f4deb-3026-41fc-ad57-4301ce79330c","D19","CARI","CARI.AOS.S2","CARI.SS.20240611.FIL","A00000431520","2024-06-11T20:18Z","2024-06-11T20:18Z","Illinois State Water Survey Central Analytical Laboratory",322.0,0.04894,5,"2024-06-13","B",,
"4fe104a2-c74b-46cb-bd8e-9bec54173bc0","D19","CARI","CARI.AOS.S2","CARI.SS.20240611.FIL","A00000431520","2024-06-11T20:18Z","2024-06-11T20:18Z","Illinois State Water Survey Central Analytical Laboratory",470.0,0.00472,5,"2024-06-13","B",,
"bfd3d0a0-e961-4420-9bbf-38aee20b3a7d","D19","CARI","CARI.AOS.S2","CARI.SS.20240611.FIL","A00000431520","2024-06-11T20:18Z","2024-06-11T20:18Z","Illinois State Water Survey Central Analytical Laboratory",406.0,0.01210,5,"2024-06-13","B",,
"d9438fbb-7386-4440-95bb-222bf65c6327","D19","CARI","CARI.AOS.S2","CARI.SS.20240611.FIL","A00000431520","2024-06-11T20:18Z","2024-06-11T20:18Z","Illinois State Water Survey Central Analytical Laboratory",450.0,0.00612,5,"2024-06-13","B",,
"c9984ecd-d158-4247-a031-4eb141256a3e","D19","CARI","CARI.AOS.S2","CARI.SS.20240611.FIL","A00000431520","2024-06-11T20:18Z","2024-06-11T20:18Z","Illinois State Water Survey Central Analytical Laboratory",590.0,0.00140,5,"2024-06-13","A",,
"9d6ceb09-53f1-402f-be6e-7756b7211afc","D19","CARI","CARI.AOS.S2","CARI.SS.20240611.FIL","A00000431520","2024-06-11T20:18Z","2024-06-11T20:18Z","Illinois State Water Survey Central Analytical Laboratory",326.0,0.04600,5,"2024-06-13","A",,
"03867608-c60b-4b53-9f68-75c69d4e08e9","D19","CARI","CARI.AOS.S2","CARI.SS.20240611.FIL","A00000431520","2024-06-11T20:18Z","2024-06-11T20:18Z","Illinois State Water Survey Central Analytical Laboratory",378.0,0.01954,5,"2024-06-13","A",,
"8aca4bca-ffd7-4de4-9d7e-ff9d94431268","D19","CARI","CARI.AOS.S2","CARI.SS.20240611.FIL","A00000431520","2024-06-11T20:18Z","2024-06-11T20:18Z","Illinois State Water Survey Central Analytical Laboratory",384.0,0.01756,5,"2024-06-13","B",,
"eba12d1f-5f75-464e-8696-addf7507ba3e","D19","CARI","CARI.AOS.S2","CARI.SS.20240611.FIL","A00000431520","2024-06-11T20:18Z","2024-06-11T20:18Z","Illinois State Water Survey Central Analytical Laboratory",350.0,0.03182,5,"2024-06-13","A",,
"0aa85591-9bb5-4f48-b390-8612dd3daa09","D19","CARI","CARI.AOS.S2","CARI.SS.20240611.FIL","A00000431520","2024-06-11T20:18Z","2024-06-11T20:18Z","Illinois State Water Survey Central Analytical Laboratory",364.0,0.02516,5,"2024-06-13","B",,
"3d9e2d3a-5cb7-439f-86a9-cb42ddc67fc2","D19","CARI","CARI.AOS.S2","CARI.SS.20240611.FIL","A00000431520","2024-06-11T20:18Z","2024-06-11T20:18Z","Illinois State Water Survey Central Analytical Laboratory",330.0,0.04342,5,"2024-06-13","B",,
"7d2a94c1-c06b-4cf1-b2ce-33a707a41433","D19","CARI","CARI.AOS.S2","CARI.SS.20240611.FIL","A00000431520","2024-06-11T20:18Z","2024-06-11T20:18Z","Illinois State Water Survey Central Analytical Laboratory",356.0,0.02888,5,"2024-06-13","B",,
"c4983674-eec0-458b-b413-475dbd589027","D19","CARI","CARI.AOS.S2","CARI.SS.20240611.FIL","A00000431520","2024-06-11T20:18Z","2024-06-11T20:18Z","Illinois State Water Survey Central Analytical Laboratory",516.0,0.00280,5,"2024-06-13","B",,
"d28b5cf0-300e-48f5-8e5f-385107a5cd78","D19","CARI","CARI.AOS.S2","CARI.SS.20240611.FIL","A00000431520","2024-06-11T20:18Z","2024-06-11T20:18Z","Illinois State Water Survey Central Analytical Laboratory",492.0,0.00370,5,"2024-06-13","B",,
"f97c5f13-7123-4a08-ab8e-6e80b3ef97d5","D19","CARI","CARI.AOS.S2","CARI.SS.20240611.FIL","A00000431520","2024-06-11T20:18Z","2024-06-11T20:18Z","Illinois State Water Survey Central Analytical Laboratory",336.0,0.03960,5,"2024-06-13","A",,
"fc1e228b-5223-4b3c-b67d-f81595a4de66","D19","CARI","CARI.AOS.S2","CARI.SS.20240611.FIL","A00000431520","2024-06-11T20:18Z","2024-06-11T20:18Z","Illinois State Water Survey Central Analytical Laboratory",482.0,0.00424,5,"2024-06-13","B",,
"dc1aee1d-018a-4359-a3b9-3d810d5aa110","D19","CARI","CARI.AOS.S2","CARI.SS.20240611.FIL","A00000431520","2024-06-11T20:18Z","2024-06-11T20:18Z","Illinois State Water Survey Central Analytical Laboratory",412.0,0.01080,5,"2024-06-13","B",,
"1b5034a9-7257-43ba-a20a-f97a0f7df4d6","D19","CARI","CARI.AOS.S2","CARI.SS.20240611.FIL","A00000431520","2024-06-11T20:18Z","2024-06-11T20:18Z","Illinois State Water Survey Central Analytical Laboratory",232.0,0.16654,5,"2024-06-13","B",,
"d606597c-94cb-4410-b3d5-10c13f413025","D19","CARI","CARI.AOS.S2","CARI.SS.20240611.FIL","A00000431520","2024-06-11T20:18Z","2024-06-11T20:18Z","Illinois State Water Survey Central Analytical Laboratory",352.0,0.03086,5,"2024-06-13","B",,
"85812fef-b958-4e31-b665-5a7e068d8f74","D19","CARI","CARI.AOS.S2","CARI.SS.20240611.FIL","A00000431520","2024-06-11T20:18Z","2024-06-11T20:18Z","Illinois State Water Survey Central Analytical Laboratory",282.0,0.08686,5,"2024-06-13","B",,
"2739f06e-da9e-469b-b54d-db30528f9127","D19","CARI","CARI.AOS.S2","CARI.SS.20240611.FIL","A00000431520","2024-06-11T20:18Z","2024-06-11T20:18Z","Illinois State Water Survey Central Analytical Laboratory",364.0,0.02508,5,"2024-06-13","A",,
"51db2db5-26cd-403f-a699-606d0493b583","D19","CARI","CARI.AOS.S2","CARI.SS.20240611.FIL","A00000431520","2024-06-11T20:18Z","2024-06-11T20:18Z","Illinois State Water Survey Central Analytical Laboratory",254.0,0.12094,5,"2024-06-13","B",,
"25604e31-c0b8-451e-bd77-8ee69f202357","D19","CARI","CARI.AOS.S2","CARI.SS.20240611.FIL","A00000431520","2024-06-11T20:18Z","2024-06-11T20:18Z","Illinois State Water Survey Central Analytical Laboratory",556.0,0.00188,5,"2024-06-13","A",,
"1ea0020f-0c42-4dec-aaf1-7f0fa459a775","D19","CARI","CARI.AOS.S2","CARI.SS.20240611.FIL","A00000431520","2024-06-11T20:18Z","2024-06-11T20:18Z","Illinois State Water Survey Central Analytical Laboratory",310.0,0.05836,5,"2024-06-13","B",,
"daf1178e-1ba5-4e9d-b99b-c178b78c3b62","D19","CARI","CARI.AOS.S2","CARI.SS.20240611.FIL","A00000431520","2024-06-11T20:18Z","2024-06-11T20:18Z","Illinois State Water Survey Central Analytical Laboratory",568.0,0.00172,5,"2024-06-13","A",,
"8def3846-3b9f-4ffb-85e6-de4fa0c4c3e0","D19","CARI","CARI.AOS.S2","CARI.SS.20240611.FIL","A00000431520","2024-06-11T20:18Z","2024-06-11T20:18Z","Illinois State Water Survey Central Analytical Laboratory",220.0,0.27088,5,"2024-06-13","A",,
"d1eaddc2-f91c-4601-b199-51beed6cdf2a","D19","CARI","CARI.AOS.S2","CARI.SS.20240611.FIL","A00000431520","2024-06-11T20:18Z","2024-06-11T20:18Z","Illinois State Water Survey Central Analytical Laboratory",232.0,0.16638,5,"2024-06-13","A",,
"8b866ea7-3306-4401-bf2b-8756f1307a68","D19","CARI","CARI.AOS.S2","CARI.SS.20240611.FIL","A00000431520","2024-06-11T20:18Z","2024-06-11T20:18Z","Illinois State Water Survey Central Analytical Laboratory",430.0,0.00826,5,"2024-06-13","B",,
"266cb007-cde5-4eaa-a6fb-670644a1ae02","D19","CARI","CARI.AOS.S2","CARI.SS.20240611.FIL","A00000431520","2024-06-11T20:18Z","2024-06-11T20:18Z","Illinois State Water Survey Central Analytical Laboratory",502.0,0.00330,5,"2024-06-13","A",,
"b9ea34a2-4bc5-4d9d-81a0-9ce972f36a33","D19","CARI","CARI.AOS.S2","CARI.SS.20240611.FIL","A00000431520","2024-06-11T20:18Z","2024-06-11T20:18Z","Illinois State Water Survey Central Analytical Laboratory",366.0,0.02424,5,"2024-06-13","B",,
"d5f18de7-906a-4f2f-b9c5-8a3560fa1ecf","D19","CARI","CARI.AOS.S2","CARI.SS.20240611.FIL","A00000431520","2024-06-11T20:18Z","2024-06-11T20:18Z","Illinois State Water Survey Central Analytical Laboratory",476.0,0.00442,5,"2024-06-13","A",,
"3f19af1d-b807-453a-9643-8d85392ceee6","D19","CARI","CARI.AOS.S2","CARI.SS.20240611.FIL","A00000431520","2024-06-11T20:18Z","2024-06-11T20:18Z","Illinois State Water Survey Central Analytical Laboratory",478.0,0.00428,5,"2024-06-13","A",,
"191cb769-fe0c-42cd-be46-ba1c7fdf220c","D19","CARI","CARI.AOS.S2","CARI.SS.20240611.FIL","A00000431520","2024-06-11T20:18Z","2024-06-11T20:18Z","Illinois State Water Survey Central Analytical Laboratory",368.0,0.02334,5,"2024-06-13","A",,
"b9145208-b642-46b8-a644-5459a0375d6a","D19","CARI","CARI.AOS.S2","CARI.SS.20240611.FIL","A00000431520","2024-06-11T20:18Z","2024-06-11T20:18Z","Illinois State Water Survey Central Analytical Laboratory",280.0,0.08916,5,"2024-06-13","B",,
"85f4dd93-43eb-4577-8e3c-a4b51396d350","D19","CARI","CARI.AOS.S2","CARI.SS.20240611.FIL","A00000431520","2024-06-11T20:18Z","2024-06-11T20:18Z","Illinois State Water Survey Central Analytical Laboratory",436.0,0.00756,5,"2024-06-13","B",,
"eb92deb6-92fc-4939-afe9-8dbfb76e29a5","D19","CARI","CARI.AOS.S2","CARI.SS.20240611.FIL","A00000431520","2024-06-11T20:18Z","2024-06-11T20:18Z","Illinois State Water Survey Central Analytical Laboratory",574.0,0.00166,5,"2024-06-13","A",,
"08e56c2f-c25e-4fcc-bb2b-e26e3b5eff51","D19","CARI","CARI.AOS.S2","CARI.SS.20240611.FIL","A00000431520","2024-06-11T20:18Z","2024-06-11T20:18Z","Illinois State Water Survey Central Analytical Laboratory",390.0,0.01566,5,"2024-06-13","A",,
"16165c3a-03a9-447f-ac88-83b0ac921c69","D19","CARI","CARI.AOS.S2","CARI.SS.20240611.FIL","A00000431520","2024-06-11T20:18Z","2024-06-11T20:18Z","Illinois State Water Survey Central Analytical Laboratory",534.0,0.00234,5,"2024-06-13","A",,
"b8042bed-3a0f-4f8f-b979-a066720c1460","D19","CARI","CARI.AOS.S2","CARI.SS.20240611.FIL","A00000431520","2024-06-11T20:18Z","2024-06-11T20:18Z","Illinois State Water Survey Central Analytical Laboratory",416.0,0.00998,5,"2024-06-13","A",,
"438140b7-31dd-4124-94de-56f01ce60e27","D19","CARI","CARI.AOS.S2","CARI.SS.20240611.FIL","A00000431520","2024-06-11T20:18Z","2024-06-11T20:18Z","Illinois State Water Survey Central Analytical Laboratory",372.0,0.02174,5,"2024-06-13","A",,
"c8a580d0-b2f8-4daa-aeb9-993b58b017e6","D19","CARI","CARI.AOS.S2","CARI.SS.20240611.FIL","A00000431520","2024-06-11T20:18Z","2024-06-11T20:18Z","Illinois State Water Survey Central Analytical Laboratory",382.0,0.01820,5,"2024-06-13","B",,
"95bc4404-e83a-4498-acdc-f34edd7d4c44","D19","CARI","CARI.AOS.S2","CARI.SS.20240611.FIL","A00000431520","2024-06-11T20:18Z","2024-06-11T20:18Z","Illinois State Water Survey Central Analytical Laboratory",486.0,0.00396,5,"2024-06-13","B",,
"512d869e-126a-4db1-adab-ac648ddbc86a","D19","CARI","CARI.AOS.S2","CARI.SS.20240611.FIL","A00000431520","2024-06-11T20:18Z","2024-06-11T20:18Z","Illinois State Water Survey Central Analytical Laboratory",484.0,0.00402,5,"2024-06-13","A",,
"7308bc1f-3713-4eea-8cae-d79d34c27da1","D19","CARI","CARI.AOS.S2","CARI.SS.20240611.FIL","A00000431520","2024-06-11T20:18Z","2024-06-11T20:18Z","Illinois State Water Survey Central Analytical Laboratory",484.0,0.00408,5,"2024-06-13","B",,
"9928b483-f160-47d8-9dca-61868dfc2071","D19","CARI","CARI.AOS.S2","CARI.SS.20240611.FIL","A00000431520","2024-06-11T20:18Z","2024-06-11T20:18Z","Illinois State Water Survey Central Analytical Laboratory",348.0,0.03286,5,"2024-06-13","A",,
"3b1d23fa-f39a-4bb0-b378-99ae3763f4f2","D19","CARI","CARI.AOS.S2","CARI.SS.20240611.FIL","A00000431520","2024-06-11T20:18Z","2024-06-11T20:18Z","Illinois State Water Survey Central Analytical Laboratory",392.0,0.01512,5,"2024-06-13","A",,
"6ef47547-b1c7-4fdd-8467-e598a068ac17","D19","CARI","CARI.AOS.S2","CARI.SS.20240611.FIL","A00000431520","2024-06-11T20:18Z","2024-06-11T20:18Z","Illinois State Water Survey Central Analytical Laboratory",314.0,0.05486,5,"2024-06-13","A",,
"80f1b894-ad8a-44ea-a2b0-2f5ced594b94","D19","CARI","CARI.AOS.S2","CARI.SS.20240611.FIL","A00000431520","2024-06-11T20:18Z","2024-06-11T20:18Z","Illinois State Water Survey Central Analytical Laboratory",304.0,0.06370,5,"2024-06-13","B",,
"3b73a312-192a-4790-b5b8-b7c662327656","D19","CARI","CARI.AOS.S2","CARI.SS.20240611.FIL","A00000431520","2024-06-11T20:18Z","2024-06-11T20:18Z","Illinois State Water Survey Central Analytical Laboratory",270.0,0.10170,5,"2024-06-13","B",,
"c734df8d-de42-49ed-9050-2c776e29120d","D19","CARI","CARI.AOS.S2","CARI.SS.20240611.FIL","A00000431520","2024-06-11T20:18Z","2024-06-11T20:18Z","Illinois State Water Survey Central Analytical Laboratory",498.0,0.00344,5,"2024-06-13","B",,
"f397001a-0028-4c3b-99ac-0dcebd838e8b","D19","CARI","CARI.AOS.S2","CARI.SS.20240611.FIL","A00000431520","2024-06-11T20:18Z","2024-06-11T20:18Z","Illinois State Water Survey Central Analytical Laboratory",580.0,0.00150,5,"2024-06-13","B",,
"7dbc8cef-dfc6-44ca-bbfd-fc71d7d29820","D19","CARI","CARI.AOS.S2","CARI.SS.20240611.FIL","A00000431520","2024-06-11T20:18Z","2024-06-11T20:18Z","Illinois State Water Survey Central Analytical Laboratory",242.0,0.13612,5,"2024-06-13","B",,
"56bac30d-ff0b-4d67-91be-41452b896634","D19","CARI","CARI.AOS.S2","CARI.SS.20240611.FIL","A00000431520","2024-06-11T20:18Z","2024-06-11T20:18Z","Illinois State Water Survey Central Analytical Laboratory",294.0,0.07304,5,"2024-06-13","A",,
"1f9d68fc-f929-442b-9c83-96f86df26f19","D19","CARI","CARI.AOS.S2","CARI.SS.20240611.FIL","A00000431520","2024-06-11T20:18Z","2024-06-11T20:18Z","Illinois State Water Survey Central Analytical Laboratory",224.0,0.22324,5,"2024-06-13","A",,
"07f43202-8a89-4c6b-9b81-9e5d1f66c01e","D19","CARI","CARI.AOS.S2","CARI.SS.20240611.FIL","A00000431520","2024-06-11T20:18Z","2024-06-11T20:18Z","Illinois State Water Survey Central Analytical Laboratory",414.0,0.01044,5,"2024-06-13","B",,
"17049a96-fd57-4e49-bb75-70f9eb7d9a67","D19","CARI","CARI.AOS.S2","CARI.SS.20240611.FIL","A00000431520","2024-06-11T20:18Z","2024-06-11T20:18Z","Illinois State Water Survey Central Analytical Laboratory",394.0,0.01470,5,"2024-06-13","B",,
"1490368f-d648-4fd9-b49d-f3da02c5ae6c","D19","CARI","CARI.AOS.S2","CARI.SS.20240611.FIL","A00000431520","2024-06-11T20:18Z","2024-06-11T20:18Z","Illinois State Water Survey Central Analytical Laboratory",240.0,0.13998,5,"2024-06-13","A",,
"385bb39a-dd0c-4b38-99c0-d8899965c808","D19","CARI","CARI.AOS.S2","CARI.SS.20240611.FIL","A00000431520","2024-06-11T20:18Z","2024-06-11T20:18Z","Illinois State Water Survey Central Analytical Laboratory",582.0,0.00140,5,"2024-06-13","A",,
"b5bd9fcb-397a-40dd-9f10-bc455f15272e","D19","CARI","CARI.AOS.S2","CARI.SS.20240611.FIL","A00000431520","2024-06-11T20:18Z","2024-06-11T20:18Z","Illinois State Water Survey Central Analytical Laboratory",510.0,0.00300,5,"2024-06-13","B",,
"0e074ea9-342b-48c4-aee4-d02c9142ab63","D19","CARI","CARI.AOS.S2","CARI.SS.20240611.FIL","A00000431520","2024-06-11T20:18Z","2024-06-11T20:18Z","Illinois State Water Survey Central Analytical Laboratory",288.0,0.07978,5,"2024-06-13","A",,
"487e203e-40f4-407e-b6ef-851bc33c1b2f","D19","CARI","CARI.AOS.S2","CARI.SS.20240611.FIL","A00000431520","2024-06-11T20:18Z","2024-06-11T20:18Z","Illinois State Water Survey Central Analytical Laboratory",530.0,0.00246,5,"2024-06-13","A",,
"2edfd83d-a7fc-45ab-9569-da1d25f8b475","D19","CARI","CARI.AOS.S2","CARI.SS.20240611.FIL","A00000431520","2024-06-11T20:18Z","2024-06-11T20:18Z","Illinois State Water Survey Central Analytical Laboratory",512.0,0.00290,5,"2024-06-13","B",,
"2c677871-6406-42ed-97cc-d0213a595954","D19","CARI","CARI.AOS.S2","CARI.SS.20240611.FIL","A00000431520","2024-06-11T20:18Z","2024-06-11T20:18Z","Illinois State Water Survey Central Analytical Laboratory",362.0,0.02594,5,"2024-06-13","A",,
"c87d3347-8070-4bf3-983a-9a1f0e8d97f1","D19","CARI","CARI.AOS.S2","CARI.SS.20240611.FIL","A00000431520","2024-06-11T20:18Z","2024-06-11T20:18Z","Illinois State Water Survey Central Analytical Laboratory",278.0,0.09166,5,"2024-06-13","A",,
"a9136544-2ded-46d9-9c82-83322562097f","D19","CARI","CARI.AOS.S2","CARI.SS.20240611.FIL","A00000431520","2024-06-11T20:18Z","2024-06-11T20:18Z","Illinois State Water Survey Central Analytical Laboratory",592.0,0.00134,5,"2024-06-13","A",,
"60eea000-3d57-4191-9861-81d5daa93d7a","D19","CARI","CARI.AOS.S2","CARI.SS.20240611.FIL","A00000431520","2024-06-11T20:18Z","2024-06-11T20:18Z","Illinois State Water Survey Central Analytical Laboratory",594.0,0.00134,5,"2024-06-13","B",,
"397a1799-2421-4e0c-8e4e-d7f51282d26b","D19","CARI","CARI.AOS.S2","CARI.SS.20240611.FIL","A00000431520","2024-06-11T20:18Z","2024-06-11T20:18Z","Illinois State Water Survey Central Analytical Laboratory",404.0,0.01256,5,"2024-06-13","B",,
"a4938c0f-b5e8-4e90-a9c8-8ec6e8ce70a9","D19","CARI","CARI.AOS.S2","CARI.SS.20240611.FIL","A00000431520","2024-06-11T20:18Z","2024-06-11T20:18Z","Illinois State Water Survey Central Analytical Laboratory",584.0,0.00146,5,"2024-06-13","B",,
"3e44a306-85ba-4113-ab5e-d76614f4dfb2","D19","CARI","CARI.AOS.S2","CARI.SS.20240611.FIL","A00000431520","2024-06-11T20:18Z","2024-06-11T20:18Z","Illinois State Water Survey Central Analytical Laboratory",276.0,0.09400,5,"2024-06-13","A",,
"0b13ec40-24df-4c95-806b-8fa014551bef","D19","CARI","CARI.AOS.S2","CARI.SS.20240611.FIL","A00000431520","2024-06-11T20:18Z","2024-06-11T20:18Z","Illinois State Water Survey Central Analytical Laboratory",244.0,0.13298,5,"2024-06-13","A",,
"7f95045d-7ac7-4cf0-a176-5bdeab3f8920","D19","CARI","CARI.AOS.S2","CARI.SS.20240611.FIL","A00000431520","2024-06-11T20:18Z","2024-06-11T20:18Z","Illinois State Water Survey Central Analytical Laboratory",326.0,0.04610,5,"2024-06-13","B",,
"604e3a6c-d62b-46ab-8a37-2089ef811cd4","D19","CARI","CARI.AOS.S2","CARI.SS.20240611.FIL","A00000431520","2024-06-11T20:18Z","2024-06-11T20:18Z","Illinois State Water Survey Central Analytical Laboratory",576.0,0.00154,5,"2024-06-13","A",,
"dbd9738c-90ba-40c0-b747-42cabedcf011","D19","CARI","CARI.AOS.S2","CARI.SS.20240611.FIL","A00000431520","2024-06-11T20:18Z","2024-06-11T20:18Z","Illinois State Water Survey Central Analytical Laboratory",376.0,0.02026,5,"2024-06-13","B",,
"29a0e13c-b207-4ad3-baee-1d1b6d3f4c43","D19","CARI","CARI.AOS.S2","CARI.SS.20240611.FIL","A00000431520","2024-06-11T20:18Z","2024-06-11T20:18Z","Illinois State Water Survey Central Analytical Laboratory",458.0,0.00536,5,"2024-06-13","A",,
"504fd5e9-1ff2-4d63-a47d-84c34aabe385","D19","CARI","CARI.AOS.S2","CARI.SS.20240611.FIL","A00000431520","2024-06-11T20:18Z","2024-06-11T20:18Z","Illinois State Water Survey Central Analytical Laboratory",270.0,0.10156,5,"2024-06-13","A",,
"d95b0407-52cc-402d-b288-dd95d827adf7","D19","CARI","CARI.AOS.S2","CARI.SS.20240611.FIL","A00000431520","2024-06-11T20:18Z","2024-06-11T20:18Z","Illinois State Water Survey Central Analytical Laboratory",318.0,0.05188,5,"2024-06-13","B",,
"41a8cbe6-055d-4bd4-a6e1-ab8dd88c6e8f","D19","CARI","CARI.AOS.S2","CARI.SS.20240611.FIL","A00000431520","2024-06-11T20:18Z","2024-06-11T20:18Z","Illinois State Water Survey Central Analytical Laboratory",344.0,0.03504,5,"2024-06-13","B",,
"5038a5ae-44e9-402f-bb2f-ff54533359bc","D19","CARI","CARI.AOS.S2","CARI.SS.20240611.FIL","A00000431520","2024-06-11T20:18Z","2024-06-11T20:18Z","Illinois State Water Survey Central Analytical Laboratory",292.0,0.07540,5,"2024-06-13","B",,
"c769e3a5-4069-4e5c-91b4-bcf2cd16f60a","D19","CARI","CARI.AOS.S2","CARI.SS.20240611.FIL","A00000431520","2024-06-11T20:18Z","2024-06-11T20:18Z","Illinois State Water Survey Central Analytical Laboratory",546.0,0.00208,5,"2024-06-13","A",,
"9e15cb66-614f-45d4-998f-48cfbc844192","D19","CARI","CARI.AOS.S2","CARI.SS.20240611.FIL","A00000431520","2024-06-11T20:18Z","2024-06-11T20:18Z","Illinois State Water Survey Central Analytical Laboratory",404.0,0.01244,5,"2024-06-13","A",,
"a8c35c36-99ae-491b-a0cb-bab2787c9941","D19","CARI","CARI.AOS.S2","CARI.SS.20240611.FIL","A00000431520","2024-06-11T20:18Z","2024-06-11T20:18Z","Illinois State Water Survey Central Analytical Laboratory",242.0,0.13596,5,"2024-06-13","A",,
"a263520e-9e34-4ff1-a0d9-3fbbec915ccd","D19","CARI","CARI.AOS.S2","CARI.SS.20240611.FIL","A00000431520","2024-06-11T20:18Z","2024-06-11T20:18Z","Illinois State Water Survey Central Analytical Laboratory",558.0,0.00182,5,"2024-06-13","B",,
"c47c3d09-c898-45c4-960a-87a4eca6f052","D19","CARI","CARI.AOS.S2","CARI.SS.20240611.FIL","A00000431520","2024-06-11T20:18Z","2024-06-11T20:18Z","Illinois State Water Survey Central Analytical Laboratory",600.0,0.00130,5,"2024-06-13","B",,
"8351037e-8ec1-4e92-b955-667db79cc08f","D19","CARI","CARI.AOS.S2","CARI.SS.20240611.FIL","A00000431520","2024-06-11T20:18Z","2024-06-11T20:18Z","Illinois State Water Survey Central Analytical Laboratory",554.0,0.00192,5,"2024-06-13","A",,
"a9e02ba1-fa0c-420c-b0a8-ac2596686733","D19","CARI","CARI.AOS.S2","CARI.SS.20240611.FIL","A00000431520","2024-06-11T20:18Z","2024-06-11T20:18Z","Illinois State Water Survey Central Analytical Laboratory",494.0,0.00358,5,"2024-06-13","A",,
"3113ecb9-81ef-41f5-adbb-b3f4f48419e2","D19","CARI","CARI.AOS.S2","CARI.SS.20240611.FIL","A00000431520","2024-06-11T20:18Z","2024-06-11T20:18Z","Illinois State Water Survey Central Analytical Laboratory",562.0,0.00174,5,"2024-06-13","A",,
"a7107fcb-03b1-45cd-9cce-71cf7be8e035","D19","CARI","CARI.AOS.S2","CARI.SS.20240611.FIL","A00000431520","2024-06-11T20:18Z","2024-06-11T20:18Z","Illinois State Water Survey Central Analytical Laboratory",298.0,0.06918,5,"2024-06-13","A",,
"5e4b4bab-74bd-49ae-b322-a2286dacb2db","D19","CARI","CARI.AOS.S2","CARI.SS.20240611.FIL","A00000431520","2024-06-11T20:18Z","2024-06-11T20:18Z","Illinois State Water Survey Central Analytical Laboratory",336.0,0.03970,5,"2024-06-13","B",,
"228ffb5d-099e-4aeb-9122-e34795ff30d5","D19","CARI","CARI.AOS.S2","CARI.SS.20240611.FIL","A00000431520","2024-06-11T20:18Z","2024-06-11T20:18Z","Illinois State Water Survey Central Analytical Laboratory",370.0,0.02264,5,"2024-06-13","B",,
"d2f82f31-cb24-4990-ab0a-414d8cc44baa","D19","CARI","CARI.AOS.S2","CARI.SS.20240611.FIL","A00000431520","2024-06-11T20:18Z","2024-06-11T20:18Z","Illinois State Water Survey Central Analytical Laboratory",372.0,0.02184,5,"2024-06-13","B",,
"ecd65671-2448-4386-a479-53b6fe3ba03e","D19","CARI","CARI.AOS.S2","CARI.SS.20240611.FIL","A00000431520","2024-06-11T20:18Z","2024-06-11T20:18Z","Illinois State Water Survey Central Analytical Laboratory",542.0,0.00218,5,"2024-06-13","A",,
"0f8450b5-1101-49e4-92ee-3e387059e6f9","D19","CARI","CARI.AOS.S2","CARI.SS.20240611.FIL","A00000431520","2024-06-11T20:18Z","2024-06-11T20:18Z","Illinois State Water Survey Central Analytical Laboratory",246.0,0.12956,5,"2024-06-13","A",,
"f2477b8b-e7fb-4e74-bff1-ceeb7a3bb061","D19","CARI","CARI.AOS.S2","CARI.SS.20240611.FIL","A00000431520","2024-06-11T20:18Z","2024-06-11T20:18Z","Illinois State Water Survey Central Analytical Laboratory",504.0,0.00318,5,"2024-06-13","A",,
"4881ffff-a041-4f76-9c5a-9f38767c6906","D19","CARI","CARI.AOS.S2","CARI.SS.20240611.FIL","A00000431520","2024-06-11T20:18Z","2024-06-11T20:18Z","Illinois State Water Survey Central Analytical Laboratory",284.0,0.08442,5,"2024-06-13","B",,
"3ef7bbf4-9f50-4917-9d85-a176b632ce07","D19","CARI","CARI.AOS.S2","CARI.SS.20240611.FIL","A00000431520","2024-06-11T20:18Z","2024-06-11T20:18Z","Illinois State Water Survey Central Analytical Laboratory",324.0,0.04742,5,"2024-06-13","A",,
"268cf4c7-08cd-4c0b-ab0c-5dcd2b6bafed","D19","CARI","CARI.AOS.S2","CARI.SS.20240611.FIL","A00000431520","2024-06-11T20:18Z","2024-06-11T20:18Z","Illinois State Water Survey Central Analytical Laboratory",438.0,0.00728,5,"2024-06-13","A",,
"ef0f2aa8-7cdf-4a8e-93b6-28519925cd24","D19","CARI","CARI.AOS.S2","CARI.SS.20240611.FIL","A00000431520","2024-06-11T20:18Z","2024-06-11T20:18Z","Illinois State Water Survey Central Analytical Laboratory",320.0,0.05050,5,"2024-06-13","B",,
"3886642e-70d9-48cc-a245-1cbc1f709101","D19","CARI","CARI.AOS.S2","CARI.SS.20240611.FIL","A00000431520","2024-06-11T20:18Z","2024-06-11T20:18Z","Illinois State Water Survey Central Analytical Laboratory",340.0,0.03726,5,"2024-06-13","A",,
"c4fed51f-cf63-410d-944f-a151a5ad2060","D19","CARI","CARI.AOS.S2","CARI.SS.20240611.FIL","A00000431520","2024-06-11T20:18Z","2024-06-11T20:18Z","Illinois State Water Survey Central Analytical Laboratory",338.0,0.03850,5,"2024-06-13","B",,
"e2249d46-a331-4ba9-9453-20031ddc0c8f","D19","CARI","CARI.AOS.S2","CARI.SS.20240611.FIL","A00000431520","2024-06-11T20:18Z","2024-06-11T20:18Z","Illinois State Water Survey Central Analytical Laboratory",588.0,0.00142,5,"2024-06-13","B",,
"e9f0ecd3-ac64-4bb1-9eea-4ea759ad6e01","D19","CARI","CARI.AOS.S2","CARI.SS.20240611.FIL","A00000431520","2024-06-11T20:18Z","2024-06-11T20:18Z","Illinois State Water Survey Central Analytical Laboratory",258.0,0.11642,5,"2024-06-13","B",,
"6484f473-9d58-4133-9868-2a022a0f4a89","D19","CARI","CARI.AOS.S2","CARI.SS.20240611.FIL","A00000431520","2024-06-11T20:18Z","2024-06-11T20:18Z","Illinois State Water Survey Central Analytical Laboratory",576.0,0.00154,5,"2024-06-13","B",,
"829f1f4c-8479-476c-8272-de2304a4bbe1","D19","CARI","CARI.AOS.S2","CARI.SS.20240611.FIL","A00000431520","2024-06-11T20:18Z","2024-06-11T20:18Z","Illinois State Water Survey Central Analytical Laboratory",434.0,0.00778,5,"2024-06-13","B",,
"a046d58b-db9f-4699-bc6d-f2e1f4039f12","D19","CARI","CARI.AOS.S2","CARI.SS.20240611.FIL","A00000431520","2024-06-11T20:18Z","2024-06-11T20:18Z","Illinois State Water Survey Central Analytical Laboratory",462.0,0.00502,5,"2024-06-13","A",,
"7821da52-e59f-441a-81a9-67fdec69bc31","D19","CARI","CARI.AOS.S2","CARI.SS.20240611.FIL","A00000431520","2024-06-11T20:18Z","2024-06-11T20:18Z","Illinois State Water Survey Central Analytical Laboratory",432.0,0.00790,5,"2024-06-13","A",,
"11fc4cce-b49f-4641-84ac-41027938f6db","D19","CARI","CARI.AOS.S2","CARI.SS.20240611.FIL","A00000431520","2024-06-11T20:18Z","2024-06-11T20:18Z","Illinois State Water Survey Central Analytical Laboratory",538.0,0.00228,5,"2024-06-13","A",,
"ae8325fb-06d4-48a1-8855-0b0e7a993776","D19","CARI","CARI.AOS.S2","CARI.SS.20240611.FIL","A00000431520","2024-06-11T20:18Z","2024-06-11T20:18Z","Illinois State Water Survey Central Analytical Laboratory",498.0,0.00346,5,"2024-06-13","A",,
"71461157-06e6-4778-b966-32933b7db3c0","D19","CARI","CARI.AOS.S2","CARI.SS.20240611.FIL","A00000431520","2024-06-11T20:18Z","2024-06-11T20:18Z","Illinois State Water Survey Central Analytical Laboratory",422.0,0.00920,5,"2024-06-13","A",,
"30a01259-93b3-4ab1-8b6f-7b385efe4bd9","D19","CARI","CARI.AOS.S2","CARI.SS.20240611.FIL","A00000431520","2024-06-11T20:18Z","2024-06-11T20:18Z","Illinois State Water Survey Central Analytical Laboratory",506.0,0.00310,5,"2024-06-13","B",,
"c10bdcc3-077f-4dc7-abcd-7d6f2f3298a7","D19","CARI","CARI.AOS.S2","CARI.SS.20240611.FIL","A00000431520","2024-06-11T20:18Z","2024-06-11T20:18Z","Illinois State Water Survey Central Analytical Laboratory",302.0,0.06554,5,"2024-06-13","B",,
"ab3ffd68-fab7-43d4-834f-18d065d54978","D19","CARI","CARI.AOS.S2","CARI.SS.20240611.FIL","A00000431520","2024-06-11T20:18Z","2024-06-11T20:18Z","Illinois State Water Survey Central Analytical Laboratory",514.0,0.00290,5,"2024-06-13","A",,
"2a0a0e2e-c222-4087-bb42-899382ab1c97","D19","CARI","CARI.AOS.S2","CARI.SS.20240611.FIL","A00000431520","2024-06-11T20:18Z","2024-06-11T20:18Z","Illinois State Water Survey Central Analytical Laboratory",598.0,0.00126,5,"2024-06-13","A",,
"1a565ba0-7903-4466-81c2-297a42cacef4","D19","CARI","CARI.AOS.S2","CARI.SS.20240611.FIL","A00000431520","2024-06-11T20:18Z","2024-06-11T20:18Z","Illinois State Water Survey Central Analytical Laboratory",452.0,0.00594,5,"2024-06-13","B",,
"71818461-e8ce-41ec-9cd9-d14fa7c340c3","D19","CARI","CARI.AOS.S2","CARI.SS.20240611.FIL","A00000431520","2024-06-11T20:18Z","2024-06-11T20:18Z","Illinois State Water Survey Central Analytical Laboratory",474.0,0.00450,5,"2024-06-13","A",,
"7e897092-bdf0-4694-b3e0-e2ef21bd30a3","D19","CARI","CARI.AOS.S2","CARI.SS.20240611.FIL","A00000431520","2024-06-11T20:18Z","2024-06-11T20:18Z","Illinois State Water Survey Central Analytical Laboratory",374.0,0.02094,5,"2024-06-13","A",,
"1d9e37a1-fb3c-4f02-96e7-98f381e5b84d","D19","CARI","CARI.AOS.S2","CARI.SS.20240611.FIL","A00000431520","2024-06-11T20:18Z","2024-06-11T20:18Z","Illinois State Water Survey Central Analytical Laboratory",470.0,0.00466,5,"2024-06-13","A",,
"ddf811a6-1c11-40e3-8c7c-8c90700d83bb","D19","CARI","CARI.AOS.S2","CARI.SS.20240611.FIL","A00000431520","2024-06-11T20:18Z","2024-06-11T20:18Z","Illinois State Water Survey Central Analytical Laboratory",368.0,0.02340,5,"2024-06-13","B",,
"666977e9-3405-487d-a156-f8a563156a21","D19","CARI","CARI.AOS.S2","CARI.SS.20240611.FIL","A00000431520","2024-06-11T20:18Z","2024-06-11T20:18Z","Illinois State Water Survey Central Analytical Laboratory",534.0,0.00230,5,"2024-06-13","B",,
"e5717b5f-f57c-46d1-87cf-68f90fd83572","D19","CARI","CARI.AOS.S2","CARI.SS.20240611.FIL","A00000431520","2024-06-11T20:18Z","2024-06-11T20:18Z","Illinois State Water Survey Central Analytical Laboratory",520.0,0.00270,5,"2024-06-13","A",,
"9ed2d154-54a4-476a-a6ea-c8cc1777f03b","D19","CARI","CARI.AOS.S2","CARI.SS.20240611.FIL","A00000431520","2024-06-11T20:18Z","2024-06-11T20:18Z","Illinois State Water Survey Central Analytical Laboratory",584.0,0.00144,5,"2024-06-13","A",,
"6aa0b61b-a6db-4a07-8606-9bd91b436431","D19","CARI","CARI.AOS.S2","CARI.SS.20240611.FIL","A00000431520","2024-06-11T20:18Z","2024-06-11T20:18Z","Illinois State Water Survey Central Analytical Laboratory",384.0,0.01748,5,"2024-06-13","A",,
"41d491ad-1684-475c-a8a6-c957586020ed","D19","CARI","CARI.AOS.S2","CARI.SS.20240611.FIL","A00000431520","2024-06-11T20:18Z","2024-06-11T20:18Z","Illinois State Water Survey Central Analytical Laboratory",320.0,0.05038,5,"2024-06-13","A",,
"46cea649-94e7-4ec2-a61c-b1ecb1841617","D19","CARI","CARI.AOS.S2","CARI.SS.20240611.FIL","A00000431520","2024-06-11T20:18Z","2024-06-11T20:18Z","Illinois State Water Survey Central Analytical Laboratory",552.0,0.00198,5,"2024-06-13","A",,
"030789b5-d9b2-4e53-9bf6-7fd5f5486634","D19","CARI","CARI.AOS.S2","CARI.SS.20240611.FIL","A00000431520","2024-06-11T20:18Z","2024-06-11T20:18Z","Illinois State Water Survey Central Analytical Laboratory",332.0,0.04212,5,"2024-06-13","B",,
"1cffb3af-c65a-4159-a6a5-8bc8472594c7","D19","CARI","CARI.AOS.S2","CARI.SS.20240611.FIL","A00000431520","2024-06-11T20:18Z","2024-06-11T20:18Z","Illinois State Water Survey Central Analytical Laboratory",426.0,0.00878,5,"2024-06-13","B",,
"201358c9-3c4c-4f25-a8c8-68ab494a954e","D19","CARI","CARI.AOS.S2","CARI.SS.20240611.FIL","A00000431520","2024-06-11T20:18Z","2024-06-11T20:18Z","Illinois State Water Survey Central Analytical Laboratory",462.0,0.00514,5,"2024-06-13","B",,
"245d913f-7bde-4e03-b7bb-d4da4264b900","D19","CARI","CARI.AOS.S2","CARI.SS.20240611.FIL","A00000431520","2024-06-11T20:18Z","2024-06-11T20:18Z","Illinois State Water Survey Central Analytical Laboratory",360.0,0.02684,5,"2024-06-13","A",,
"2a422622-5fd7-474d-839a-210bc21d92f6","D19","CARI","CARI.AOS.S2","CARI.SS.20240611.FIL","A00000431520","2024-06-11T20:18Z","2024-06-11T20:18Z","Illinois State Water Survey Central Analytical Laboratory",234.0,0.15732,5,"2024-06-13","A",,
"d5a01ed1-f11b-4a3e-9af5-71ed08fa17da","D19","CARI","CARI.AOS.S2","CARI.SS.20240611.FIL","A00000431520","2024-06-11T20:18Z","2024-06-11T20:18Z","Illinois State Water Survey Central Analytical Laboratory",424.0,0.00906,5,"2024-06-13","B",,
"368c9553-64c7-4eba-8f0f-c69000ef37c1","D19","CARI","CARI.AOS.S2","CARI.SS.20240611.FIL","A00000431520","2024-06-11T20:18Z","2024-06-11T20:18Z","Illinois State Water Survey Central Analytical Laboratory",562.0,0.00172,5,"2024-06-13","B",,
"09e13285-a806-4935-bea0-baa7f9efed45","D19","CARI","CARI.AOS.S2","CARI.SS.20240611.FIL","A00000431520","2024-06-11T20:18Z","2024-06-11T20:18Z","Illinois State Water Survey Central Analytical Laboratory",500.0,0.00334,5,"2024-06-13","A",,
"4e872b1f-7df9-47c1-9ae0-8187cbe22336","D19","CARI","CARI.AOS.S2","CARI.SS.20240611.FIL","A00000431520","2024-06-11T20:18Z","2024-06-11T20:18Z","Illinois State Water Survey Central Analytical Laboratory",354.0,0.02976,5,"2024-06-13","A",,
"e8c6efab-691b-4c91-b2bb-bfe80916410c","D19","CARI","CARI.AOS.S2","CARI.SS.20240611.FIL","A00000431520","2024-06-11T20:18Z","2024-06-11T20:18Z","Illinois State Water Survey Central Analytical Laboratory",500.0,0.00330,5,"2024-06-13","B",,
"e61e9caf-2f92-4447-aa1c-fc3ce9f58195","D19","CARI","CARI.AOS.S2","CARI.SS.20240611.FIL","A00000431520","2024-06-11T20:18Z","2024-06-11T20:18Z","Illinois State Water Survey Central Analytical Laboratory",472.0,0.00464,5,"2024-06-13","B",,
"86ff4e55-a892-4889-a9f8-c4ffebf474e0","D19","CARI","CARI.AOS.S2","CARI.SS.20240611.FIL","A00000431520","2024-06-11T20:18Z","2024-06-11T20:18Z","Illinois State Water Survey Central Analytical Laboratory",536.0,0.00230,5,"2024-06-13","A",,
"1f5d9e9d-5b96-44f3-bc7d-4941f4f3dfd9","D19","CARI","CARI.AOS.S2","CARI.SS.20240611.FIL","A00000431520","2024-06-11T20:18Z","2024-06-11T20:18Z","Illinois State Water Survey Central Analytical Laboratory",262.0,0.11198,5,"2024-06-13","B",,
"658e2a91-aa12-4961-83a9-05c0105b8343","D19","CARI","CARI.AOS.S2","CARI.SS.20240611.FIL","A00000431520","2024-06-11T20:18Z","2024-06-11T20:18Z","Illinois State Water Survey Central Analytical Laboratory",290.0,0.07754,5,"2024-06-13","B",,
"a772e6d1-28e2-4e96-aaf4-f9c1bb922c48","D19","CARI","CARI.AOS.S2","CARI.SS.20240611.FIL","A00000431520","2024-06-11T20:18Z","2024-06-11T20:18Z","Illinois State Water Survey Central Analytical Laboratory",284.0,0.08430,5,"2024-06-13","A",,
"60e4d710-b039-415b-b20f-403022b9920a","D19","CARI","CARI.AOS.S2","CARI.SS.20240611.FIL","A00000431520","2024-06-11T20:18Z","2024-06-11T20:18Z","Illinois State Water Survey Central Analytical Laboratory",366.0,0.02416,5,"2024-06-13","A",,
"1720c3e7-2829-4692-9db2-56c102026a7c","D19","CARI","CARI.AOS.S2","CARI.SS.20240611.FIL","A00000431520","2024-06-11T20:18Z","2024-06-11T20:18Z","Illinois State Water Survey Central Analytical Laboratory",588.0,0.00138,5,"2024-06-13","A",,
"05b51d58-c3df-41d7-a25f-d1db5bb54314","D19","CARI","CARI.AOS.S2","CARI.SS.20240611.FIL","A00000431520","2024-06-11T20:18Z","2024-06-11T20:18Z","Illinois State Water Survey Central Analytical Laboratory",352.0,0.03078,5,"2024-06-13","A",,
"8c3a6f7e-a3a3-4e8d-ae33-c4b6ee92d059","D19","CARI","CARI.AOS.S2","CARI.SS.20240611.FIL","A00000431520","2024-06-11T20:18Z","2024-06-11T20:18Z","Illinois State Water Survey Central Analytical Laboratory",528.0,0.00250,5,"2024-06-13","A",,
"14d57e5c-55d9-4dfe-9f2d-df0594276666","D19","CARI","CARI.AOS.S2","CARI.SS.20240611.FIL","A00000431520","2024-06-11T20:18Z","2024-06-11T20:18Z","Illinois State Water Survey Central Analytical Laboratory",558.0,0.00188,5,"2024-06-13","A",,
"4397f2a9-ac0f-40f4-8371-a1e3a0a1a3bf","D19","CARI","CARI.AOS.S2","CARI.SS.20240611.FIL","A00000431520","2024-06-11T20:18Z","2024-06-11T20:18Z","Illinois State Water Survey Central Analytical Laboratory",304.0,0.06358,5,"2024-06-13","A",,
"e0b3364f-c496-42b8-bf5d-d4b5e1da0dd8","D19","CARI","CARI.AOS.S2","CARI.SS.20240611.FIL","A00000431520","2024-06-11T20:18Z","2024-06-11T20:18Z","Illinois State Water Survey Central Analytical Laboratory",344.0,0.03496,5,"2024-06-13","A",,
"848950fd-63d0-4e95-b3d3-af0a3b61f81e","D19","CARI","CARI.AOS.S2","CARI.SS.20240611.FIL","A00000431520","2024-06-11T20:18Z","2024-06-11T20:18Z","Illinois State Water Survey Central Analytical Laboratory",510.0,0.00302,5,"2024-06-13","A",,
"7bfa4c6b-094a-4375-8dc8-3be365a4c9dc","D19","CARI","CARI.AOS.S2","CARI.SS.20240611.FIL","A00000431520","2024-06-11T20:18Z","2024-06-11T20:18Z","Illinois State Water Survey Central Analytical Laboratory",514.0,0.00286,5,"2024-06-13","B",,
"a6e5c1fa-1c35-4e94-850f-ef7a511eb6dd","D19","CARI","CARI.AOS.S2","CARI.SS.20240611.FIL","A00000431520","2024-06-11T20:18Z","2024-06-11T20:18Z","Illinois State Water Survey Central Analytical Laboratory",570.0,0.00166,5,"2024-06-13","A",,
"fa4b932e-5adf-4633-890d-d7b7964e9e7a","D19","CARI","CARI.AOS.S2","CARI.SS.20240611.FIL","A00000431520","2024-06-11T20:18Z","2024-06-11T20:18Z","Illinois State Water Survey Central Analytical Laboratory",222.0,0.24560,5,"2024-06-13","A",,
"ea33fe6d-62d8-4dd1-9bd6-764f108bd77f","D19","CARI","CARI.AOS.S2","CARI.SS.20240611.FIL","A00000431520","2024-06-11T20:18Z","2024-06-11T20:18Z","Illinois State Water Survey Central Analytical Laboratory",250.0,0.12504,5,"2024-06-13","A",,
"764163e4-cf83-4b48-a8c0-bfbb6bc626e5","D19","CARI","CARI.AOS.S2","CARI.SS.20240611.FIL","A00000431520","2024-06-11T20:18Z","2024-06-11T20:18Z","Illinois State Water Survey Central Analytical Laboratory",258.0,0.11628,5,"2024-06-13","A",,
"9687eb8e-6cb2-4944-a79c-5eb24fe9b0e8","D19","CARI","CARI.AOS.S2","CARI.SS.20240611.FIL","A00000431520","2024-06-11T20:18Z","2024-06-11T20:18Z","Illinois State Water Survey Central Analytical Laboratory",266.0,0.10690,5,"2024-06-13","A",,
"f587c4fe-dba5-436b-8413-947c643a79c6","D19","CARI","CARI.AOS.S2","CARI.SS.20240611.FIL","A00000431520","2024-06-11T20:18Z","2024-06-11T20:18Z","Illinois State Water Survey Central Analytical Laboratory",532.0,0.00242,5,"2024-06-13","A",,
"a6ac8d43-35d7-48c8-a61f-2a93c176e097","D19","CARI","CARI.AOS.S2","CARI.SS.20240611.FIL","A00000431520","2024-06-11T20:18Z","2024-06-11T20:18Z","Illinois State Water Survey Central Analytical Laboratory",532.0,0.00236,5,"2024-06-13","B",,
"26a2a881-dc6a-49b1-b144-229e87687478","D19","CARI","CARI.AOS.S2","CARI.SS.20240611.FIL","A00000431520","2024-06-11T20:18Z","2024-06-11T20:18Z","Illinois State Water Survey Central Analytical Laboratory",488.0,0.00384,5,"2024-06-13","A",,
"bad96a59-264d-45ed-9118-947582cd4c73","D19","CARI","CARI.AOS.S2","CARI.SS.20240611.FIL","A00000431520","2024-06-11T20:18Z","2024-06-11T20:18Z","Illinois State Water Survey Central Analytical Laboratory",328.0,0.04468,5,"2024-06-13","A",,
"a5417b21-6335-4416-9dda-d90b46e5da43","D19","CARI","CARI.AOS.S2","CARI.SS.20240618.FIL","A00000431525","2024-06-18T19:10Z","2024-06-18T19:10Z","Illinois State Water Survey Central Analytical Laboratory",522.0,0.00228,5,"2024-06-20","A",,
"b7ca0a16-0d84-4071-b22f-72909cd5336b","D19","CARI","CARI.AOS.S2","CARI.SS.20240618.FIL","A00000431525","2024-06-18T19:10Z","2024-06-18T19:10Z","Illinois State Water Survey Central Analytical Laboratory",456.0,0.00440,5,"2024-06-20","A",,
"ff67ee94-56ff-4ac3-a13c-e865a4ee8165","D19","CARI","CARI.AOS.S2","CARI.SS.20240618.FIL","A00000431525","2024-06-18T19:10Z","2024-06-18T19:10Z","Illinois State Water Survey Central Analytical Laboratory",510.0,0.00232,5,"2024-06-20","B",,
"59d43605-9f62-4cc4-b3c7-be179bb8c105","D19","CARI","CARI.AOS.S2","CARI.SS.20240618.FIL","A00000431525","2024-06-18T19:10Z","2024-06-18T19:10Z","Illinois State Water Survey Central Analytical Laboratory",228.0,0.14810,5,"2024-06-20","A",,
"6e72454c-8f2f-4b7d-8123-85aae653bb6a","D19","CARI","CARI.AOS.S2","CARI.SS.20240618.FIL","A00000431525","2024-06-18T19:10Z","2024-06-18T19:10Z","Illinois State Water Survey Central Analytical Laboratory",462.0,0.00394,5,"2024-06-20","B",,
"be29b271-eeb2-4c9e-9d56-cd5a20971339","D19","CARI","CARI.AOS.S2","CARI.SS.20240618.FIL","A00000431525","2024-06-18T19:10Z","2024-06-18T19:10Z","Illinois State Water Survey Central Analytical Laboratory",352.0,0.02322,5,"2024-06-20","A",,
"98cdca31-7723-420a-904d-58eeb3f32575","D19","CARI","CARI.AOS.S2","CARI.SS.20240618.FIL","A00000431525","2024-06-18T19:10Z","2024-06-18T19:10Z","Illinois State Water Survey Central Analytical Laboratory",440.0,0.00544,5,"2024-06-20","A",,
"2c965be5-427e-4182-9bbf-97cea8773ede","D19","CARI","CARI.AOS.S2","CARI.SS.20240618.FIL","A00000431525","2024-06-18T19:10Z","2024-06-18T19:10Z","Illinois State Water Survey Central Analytical Laboratory",338.0,0.02892,5,"2024-06-20","A",,
"f113f719-1128-46ad-81e2-5ff18e511cde","D19","CARI","CARI.AOS.S2","CARI.SS.20240618.FIL","A00000431525","2024-06-18T19:10Z","2024-06-18T19:10Z","Illinois State Water Survey Central Analytical Laboratory",590.0,0.00116,5,"2024-06-20","A",,
"0f6bf3bd-56dd-4799-81ae-974baca4b34b","D19","CARI","CARI.AOS.S2","CARI.SS.20240618.FIL","A00000431525","2024-06-18T19:10Z","2024-06-18T19:10Z","Illinois State Water Survey Central Analytical Laboratory",442.0,0.00530,5,"2024-06-20","A",,
"2b587bfb-1c03-47c0-ad79-4446801b8cda","D19","CARI","CARI.AOS.S2","CARI.SS.20240618.FIL","A00000431525","2024-06-18T19:10Z","2024-06-18T19:10Z","Illinois State Water Survey Central Analytical Laboratory",584.0,0.00132,5,"2024-06-20","A",,
"cf549e4a-cccb-44af-8ad2-3d4720981293","D19","CARI","CARI.AOS.S2","CARI.SS.20240618.FIL","A00000431525","2024-06-18T19:10Z","2024-06-18T19:10Z","Illinois State Water Survey Central Analytical Laboratory",318.0,0.03896,5,"2024-06-20","A",,
"47dec56a-4f33-4d59-a01d-765a2eb44ae4","D19","CARI","CARI.AOS.S2","CARI.SS.20240618.FIL","A00000431525","2024-06-18T19:10Z","2024-06-18T19:10Z","Illinois State Water Survey Central Analytical Laboratory",286.0,0.06134,5,"2024-06-20","B",,
"2f928a3b-464f-4774-bb9b-a45cd9d02dc1","D19","CARI","CARI.AOS.S2","CARI.SS.20240618.FIL","A00000431525","2024-06-18T19:10Z","2024-06-18T19:10Z","Illinois State Water Survey Central Analytical Laboratory",482.0,0.00340,5,"2024-06-20","A",,
"60fcbecd-05ce-47a6-aded-afb38091ba54","D19","CARI","CARI.AOS.S2","CARI.SS.20240618.FIL","A00000431525","2024-06-18T19:10Z","2024-06-18T19:10Z","Illinois State Water Survey Central Analytical Laboratory",548.0,0.00180,5,"2024-06-20","A",,
"fa69029e-c8ce-4fa0-8f50-e3aaf1926dfb","D19","CARI","CARI.AOS.S2","CARI.SS.20240618.FIL","A00000431525","2024-06-18T19:10Z","2024-06-18T19:10Z","Illinois State Water Survey Central Analytical Laboratory",404.0,0.00934,5,"2024-06-20","B",,
"100c5ac1-fa53-4e34-9efb-451b80e21bb0","D19","CARI","CARI.AOS.S2","CARI.SS.20240618.FIL","A00000431525","2024-06-18T19:10Z","2024-06-18T19:10Z","Illinois State Water Survey Central Analytical Laboratory",442.0,0.00518,5,"2024-06-20","B",,
"37241025-ae84-420a-9c0c-dd7a349d446d","D19","CARI","CARI.AOS.S2","CARI.SS.20240618.FIL","A00000431525","2024-06-18T19:10Z","2024-06-18T19:10Z","Illinois State Water Survey Central Analytical Laboratory",286.0,0.06142,5,"2024-06-20","A",,
"30bd1612-34f1-4c71-8a4a-f7edba0a95da","D19","CARI","CARI.AOS.S2","CARI.SS.20240618.FIL","A00000431525","2024-06-18T19:10Z","2024-06-18T19:10Z","Illinois State Water Survey Central Analytical Laboratory",534.0,0.00208,5,"2024-06-20","A",,
"ace83dc6-9cfa-4cfe-8c17-0742905740da","D19","CARI","CARI.AOS.S2","CARI.SS.20240618.FIL","A00000431525","2024-06-18T19:10Z","2024-06-18T19:10Z","Illinois State Water Survey Central Analytical Laboratory",316.0,0.04014,5,"2024-06-20","A",,
"b39a836b-fd3b-4f48-8689-186baf1e047e","D19","CARI","CARI.AOS.S2","CARI.SS.20240618.FIL","A00000431525","2024-06-18T19:10Z","2024-06-18T19:10Z","Illinois State Water Survey Central Analytical Laboratory",502.0,0.00276,5,"2024-06-20","A",,
"b5e4e081-2ba7-499f-87a5-988126b6a91a","D19","CARI","CARI.AOS.S2","CARI.SS.20240618.FIL","A00000431525","2024-06-18T19:10Z","2024-06-18T19:10Z","Illinois State Water Survey Central Analytical Laboratory",392.0,0.01140,5,"2024-06-20","B",,
"0ca260ea-36ce-4478-a2af-94df73b25b82","D19","CARI","CARI.AOS.S2","CARI.SS.20240618.FIL","A00000431525","2024-06-18T19:10Z","2024-06-18T19:10Z","Illinois State Water Survey Central Analytical Laboratory",344.0,0.02636,5,"2024-06-20","A",,
"a3632ea6-1199-4179-9b45-9f8ce79a9d48","D19","CARI","CARI.AOS.S2","CARI.SS.20240618.FIL","A00000431525","2024-06-18T19:10Z","2024-06-18T19:10Z","Illinois State Water Survey Central Analytical Laboratory",426.0,0.00666,5,"2024-06-20","A",,
"92c3f379-51d7-4154-bf49-a9212f2e190f","D19","CARI","CARI.AOS.S2","CARI.SS.20240618.FIL","A00000431525","2024-06-18T19:10Z","2024-06-18T19:10Z","Illinois State Water Survey Central Analytical Laboratory",276.0,0.07040,5,"2024-06-20","A",,
"26098068-2fd0-43b6-ad51-2069b792c6cf","D19","CARI","CARI.AOS.S2","CARI.SS.20240618.FIL","A00000431525","2024-06-18T19:10Z","2024-06-18T19:10Z","Illinois State Water Survey Central Analytical Laboratory",548.0,0.00162,5,"2024-06-20","B",,
"afe19b23-cfd6-437f-ad9e-aaf28451af11","D19","CARI","CARI.AOS.S2","CARI.SS.20240618.FIL","A00000431525","2024-06-18T19:10Z","2024-06-18T19:10Z","Illinois State Water Survey Central Analytical Laboratory",516.0,0.00220,5,"2024-06-20","B",,
"1d22e3c1-c397-4b3e-8afe-bc8708324bab","D19","CARI","CARI.AOS.S2","CARI.SS.20240618.FIL","A00000431525","2024-06-18T19:10Z","2024-06-18T19:10Z","Illinois State Water Survey Central Analytical Laboratory",388.0,0.01224,5,"2024-06-20","B",,
"9425a756-86d4-4f28-a4f8-afbbedcf8a0f","D19","CARI","CARI.AOS.S2","CARI.SS.20240618.FIL","A00000431525","2024-06-18T19:10Z","2024-06-18T19:10Z","Illinois State Water Survey Central Analytical Laboratory",258.0,0.08710,5,"2024-06-20","B",,
"8493a52b-5082-4402-8399-ea0c3037fc9d","D19","CARI","CARI.AOS.S2","CARI.SS.20240618.FIL","A00000431525","2024-06-18T19:10Z","2024-06-18T19:10Z","Illinois State Water Survey Central Analytical Laboratory",256.0,0.08874,5,"2024-06-20","B",,
"4842f523-39a2-4151-8291-0c5dec374186","D19","CARI","CARI.AOS.S2","CARI.SS.20240618.FIL","A00000431525","2024-06-18T19:10Z","2024-06-18T19:10Z","Illinois State Water Survey Central Analytical Laboratory",434.0,0.00592,5,"2024-06-20","A",,
"248b1129-0652-4a32-9323-224edb68c625","D19","CARI","CARI.AOS.S2","CARI.SS.20240618.FIL","A00000431525","2024-06-18T19:10Z","2024-06-18T19:10Z","Illinois State Water Survey Central Analytical Laboratory",544.0,0.00166,5,"2024-06-20","B",,
"afbb8f35-a569-4771-96c4-16fb2c3f9314","D19","CARI","CARI.AOS.S2","CARI.SS.20240618.FIL","A00000431525","2024-06-18T19:10Z","2024-06-18T19:10Z","Illinois State Water Survey Central Analytical Laboratory",360.0,0.02024,5,"2024-06-20","A",,
"0d98aa5d-d528-4da2-b749-eb9b6b684a6b","D19","CARI","CARI.AOS.S2","CARI.SS.20240618.FIL","A00000431525","2024-06-18T19:10Z","2024-06-18T19:10Z","Illinois State Water Survey Central Analytical Laboratory",474.0,0.00364,5,"2024-06-20","A",,
"d81496bd-73fa-4e13-8459-5cdb23088921","D19","CARI","CARI.AOS.S2","CARI.SS.20240618.FIL","A00000431525","2024-06-18T19:10Z","2024-06-18T19:10Z","Illinois State Water Survey Central Analytical Laboratory",402.0,0.00970,5,"2024-06-20","A",,
"73ef3286-fb67-4edc-bd52-777f71b54152","D19","CARI","CARI.AOS.S2","CARI.SS.20240618.FIL","A00000431525","2024-06-18T19:10Z","2024-06-18T19:10Z","Illinois State Water Survey Central Analytical Laboratory",598.0,0.00108,5,"2024-06-20","A",,
"3328b97e-3812-4281-84df-e2faea8e508e","D19","CARI","CARI.AOS.S2","CARI.SS.20240618.FIL","A00000431525","2024-06-18T19:10Z","2024-06-18T19:10Z","Illinois State Water Survey Central Analytical Laboratory",292.0,0.05642,5,"2024-06-20","A",,
"96c81d69-166c-42ea-8ae3-34e9000bcf73","D19","CARI","CARI.AOS.S2","CARI.SS.20240618.FIL","A00000431525","2024-06-18T19:10Z","2024-06-18T19:10Z","Illinois State Water Survey Central Analytical Laboratory",300.0,0.05046,5,"2024-06-20","A",,
"72a21ebd-6827-46da-9546-dcb349dc7b55","D19","CARI","CARI.AOS.S2","CARI.SS.20240618.FIL","A00000431525","2024-06-18T19:10Z","2024-06-18T19:10Z","Illinois State Water Survey Central Analytical Laboratory",226.0,0.16310,5,"2024-06-20","B",,
"c640eb24-5b97-4def-87aa-4fe6b4768939","D19","CARI","CARI.AOS.S2","CARI.SS.20240618.FIL","A00000431525","2024-06-18T19:10Z","2024-06-18T19:10Z","Illinois State Water Survey Central Analytical Laboratory",482.0,0.00322,5,"2024-06-20","B",,
"d25e7156-0009-430e-a161-d79a11cb580e","D19","CARI","CARI.AOS.S2","CARI.SS.20240618.FIL","A00000431525","2024-06-18T19:10Z","2024-06-18T19:10Z","Illinois State Water Survey Central Analytical Laboratory",400.0,0.01002,5,"2024-06-20","A",,
"dd6ff650-79d1-4df6-b3bc-184efad25e29","D19","CARI","CARI.AOS.S2","CARI.SS.20240618.FIL","A00000431525","2024-06-18T19:10Z","2024-06-18T19:10Z","Illinois State Water Survey Central Analytical Laboratory",266.0,0.08008,5,"2024-06-20","B",,
"5fe16ccd-9421-4a1f-babd-d3f739f46b66","D19","CARI","CARI.AOS.S2","CARI.SS.20240618.FIL","A00000431525","2024-06-18T19:10Z","2024-06-18T19:10Z","Illinois State Water Survey Central Analytical Laboratory",348.0,0.02480,5,"2024-06-20","A",,
"5729285d-9a5c-425c-b2b8-4b99a81134e5","D19","CARI","CARI.AOS.S2","CARI.SS.20240618.FIL","A00000431525","2024-06-18T19:10Z","2024-06-18T19:10Z","Illinois State Water Survey Central Analytical Laboratory",570.0,0.00148,5,"2024-06-20","A",,
"762db6ae-51ac-4b49-9a39-3eec5915351a","D19","CARI","CARI.AOS.S2","CARI.SS.20240618.FIL","A00000431525","2024-06-18T19:10Z","2024-06-18T19:10Z","Illinois State Water Survey Central Analytical Laboratory",432.0,0.00604,5,"2024-06-20","B",,
"b11fe2f3-0d10-4d9f-b6bd-12474576a9a4","D19","CARI","CARI.AOS.S2","CARI.SS.20240618.FIL","A00000431525","2024-06-18T19:10Z","2024-06-18T19:10Z","Illinois State Water Survey Central Analytical Laboratory",498.0,0.00268,5,"2024-06-20","B",,
"4fc6cd39-2aaa-4db1-8970-f5c6822d3864","D19","CARI","CARI.AOS.S2","CARI.SS.20240618.FIL","A00000431525","2024-06-18T19:10Z","2024-06-18T19:10Z","Illinois State Water Survey Central Analytical Laboratory",296.0,0.05326,5,"2024-06-20","A",,
"27ccddff-9244-4a91-93d4-24816ee7c524","D19","CARI","CARI.AOS.S2","CARI.SS.20240618.FIL","A00000431525","2024-06-18T19:10Z","2024-06-18T19:10Z","Illinois State Water Survey Central Analytical Laboratory",338.0,0.02882,5,"2024-06-20","B",,
"1eaa3d26-db1a-4941-9b18-f4636169da84","D19","CARI","CARI.AOS.S2","CARI.SS.20240618.FIL","A00000431525","2024-06-18T19:10Z","2024-06-18T19:10Z","Illinois State Water Survey Central Analytical Laboratory",486.0,0.00308,5,"2024-06-20","B",,
"e02c2be3-480b-420a-9c42-c24f0963845e","D19","CARI","CARI.AOS.S2","CARI.SS.20240618.FIL","A00000431525","2024-06-18T19:10Z","2024-06-18T19:10Z","Illinois State Water Survey Central Analytical Laboratory",420.0,0.00726,5,"2024-06-20","A",,
"63832320-ae00-4fbe-8bd4-5b9a9af73916","D19","CARI","CARI.AOS.S2","CARI.SS.20240618.FIL","A00000431525","2024-06-18T19:10Z","2024-06-18T19:10Z","Illinois State Water Survey Central Analytical Laboratory",262.0,0.08380,5,"2024-06-20","A",,
"a7066b85-c3af-4ad1-ad40-b4fef85a5f75","D19","CARI","CARI.AOS.S2","CARI.SS.20240618.FIL","A00000431525","2024-06-18T19:10Z","2024-06-18T19:10Z","Illinois State Water Survey Central Analytical Laboratory",514.0,0.00246,5,"2024-06-20","A",,
"2d2320e7-be0e-4e8e-bd17-19c45166cc74","D19","CARI","CARI.AOS.S2","CARI.SS.20240618.FIL","A00000431525","2024-06-18T19:10Z","2024-06-18T19:10Z","Illinois State Water Survey Central Analytical Laboratory",238.0,0.10934,5,"2024-06-20","B",,
"195022e6-69b2-4876-a307-b7fa495ae9b9","D19","CARI","CARI.AOS.S2","CARI.SS.20240618.FIL","A00000431525","2024-06-18T19:10Z","2024-06-18T19:10Z","Illinois State Water Survey Central Analytical Laboratory",448.0,0.00488,5,"2024-06-20","A",,
"8e34d40a-302e-40c2-9b48-18a1ebaaaccd","D19","CARI","CARI.AOS.S2","CARI.SS.20240618.FIL","A00000431525","2024-06-18T19:10Z","2024-06-18T19:10Z","Illinois State Water Survey Central Analytical Laboratory",572.0,0.00138,5,"2024-06-20","B",,
"85e579ff-d519-4359-8717-654f767390ac","D19","CARI","CARI.AOS.S2","CARI.SS.20240618.FIL","A00000431525","2024-06-18T19:10Z","2024-06-18T19:10Z","Illinois State Water Survey Central Analytical Laboratory",452.0,0.00464,5,"2024-06-20","A",,
"8c15e8e1-3322-412a-84c0-160b60e0e976","D19","CARI","CARI.AOS.S2","CARI.SS.20240618.FIL","A00000431525","2024-06-18T19:10Z","2024-06-18T19:10Z","Illinois State Water Survey Central Analytical Laboratory",416.0,0.00768,5,"2024-06-20","A",,
"70f50f8e-d7f0-46a4-af27-2ab4ad418979","D19","CARI","CARI.AOS.S2","CARI.SS.20240618.FIL","A00000431525","2024-06-18T19:10Z","2024-06-18T19:10Z","Illinois State Water Survey Central Analytical Laboratory",536.0,0.00180,5,"2024-06-20","B",,
"14c17b2f-21cc-4c2e-8601-720a5933ae05","D19","CARI","CARI.AOS.S2","CARI.SS.20240618.FIL","A00000431525","2024-06-18T19:10Z","2024-06-18T19:10Z","Illinois State Water Survey Central Analytical Laboratory",232.0,0.12822,5,"2024-06-20","A",,
"57457a59-b92e-4856-acf9-e31a6c8bb782","D19","CARI","CARI.AOS.S2","CARI.SS.20240618.FIL","A00000431525","2024-06-18T19:10Z","2024-06-18T19:10Z","Illinois State Water Survey Central Analytical Laboratory",268.0,0.07822,5,"2024-06-20","B",,
"c03a3d1d-8cad-4ba9-8009-0ee1a6566074","D19","CARI","CARI.AOS.S2","CARI.SS.20240618.FIL","A00000431525","2024-06-18T19:10Z","2024-06-18T19:10Z","Illinois State Water Survey Central Analytical Laboratory",462.0,0.00410,5,"2024-06-20","A",,
"fca2bffb-6a79-4439-bea7-bfde163aeb26","D19","CARI","CARI.AOS.S2","CARI.SS.20240618.FIL","A00000431525","2024-06-18T19:10Z","2024-06-18T19:10Z","Illinois State Water Survey Central Analytical Laboratory",576.0,0.00132,5,"2024-06-20","B",,
"a84905ec-d81d-4985-9b15-ad35b63d675f","D19","CARI","CARI.AOS.S2","CARI.SS.20240618.FIL","A00000431525","2024-06-18T19:10Z","2024-06-18T19:10Z","Illinois State Water Survey Central Analytical Laboratory",394.0,0.01104,5,"2024-06-20","B",,
"f6cc55dd-8219-41eb-9063-d03414b0ee7c","D19","CARI","CARI.AOS.S2","CARI.SS.20240618.FIL","A00000431525","2024-06-18T19:10Z","2024-06-18T19:10Z","Illinois State Water Survey Central Analytical Laboratory",574.0,0.00144,5,"2024-06-20","A",,
"a703bc98-676f-4966-943b-095c8120aca3","D19","CARI","CARI.AOS.S2","CARI.SS.20240618.FIL","A00000431525","2024-06-18T19:10Z","2024-06-18T19:10Z","Illinois State Water Survey Central Analytical Laboratory",490.0,0.00294,5,"2024-06-20","B",,
"3584b5ae-d69b-4cb0-82ea-b3e419e82d2a","D19","CARI","CARI.AOS.S2","CARI.SS.20240618.FIL","A00000431525","2024-06-18T19:10Z","2024-06-18T19:10Z","Illinois State Water Survey Central Analytical Laboratory",318.0,0.03884,5,"2024-06-20","B",,
"6c40ab09-0260-41d8-883c-994265e6c078","D19","CARI","CARI.AOS.S2","CARI.SS.20240618.FIL","A00000431525","2024-06-18T19:10Z","2024-06-18T19:10Z","Illinois State Water Survey Central Analytical Laboratory",406.0,0.00904,5,"2024-06-20","B",,
"b41a7f5e-9dec-4266-b068-a6f2b0923e8d","D19","CARI","CARI.AOS.S2","CARI.SS.20240618.FIL","A00000431525","2024-06-18T19:10Z","2024-06-18T19:10Z","Illinois State Water Survey Central Analytical Laboratory",436.0,0.00576,5,"2024-06-20","A",,
"0d7847f9-3a03-42b9-aed8-df91134caa71","D19","CARI","CARI.AOS.S2","CARI.SS.20240618.FIL","A00000431525","2024-06-18T19:10Z","2024-06-18T19:10Z","Illinois State Water Survey Central Analytical Laboratory",272.0,0.07438,5,"2024-06-20","B",,
"8648c105-ddce-4dfe-aaf3-a07b9907aadc","D19","CARI","CARI.AOS.S2","CARI.SS.20240618.FIL","A00000431525","2024-06-18T19:10Z","2024-06-18T19:10Z","Illinois State Water Survey Central Analytical Laboratory",414.0,0.00790,5,"2024-06-20","B",,
"96e726eb-2d53-44df-a9d7-13468bc12435","D19","CARI","CARI.AOS.S2","CARI.SS.20240618.FIL","A00000431525","2024-06-18T19:10Z","2024-06-18T19:10Z","Illinois State Water Survey Central Analytical Laboratory",224.0,0.18084,5,"2024-06-20","A",,
"40bf919e-b693-4912-b721-a00c6b08fe0b","D19","CARI","CARI.AOS.S2","CARI.SS.20240618.FIL","A00000431525","2024-06-18T19:10Z","2024-06-18T19:10Z","Illinois State Water Survey Central Analytical Laboratory",550.0,0.00162,5,"2024-06-20","B",,
"6b88b0b9-1588-4128-9273-36876cfb14cf","D19","CARI","CARI.AOS.S2","CARI.SS.20240618.FIL","A00000431525","2024-06-18T19:10Z","2024-06-18T19:10Z","Illinois State Water Survey Central Analytical Laboratory",340.0,0.02796,5,"2024-06-20","B",,
"ab2725f0-7be3-4f66-8d8b-cc00b4ecdcf6","D19","CARI","CARI.AOS.S2","CARI.SS.20240618.FIL","A00000431525","2024-06-18T19:10Z","2024-06-18T19:10Z","Illinois State Water Survey Central Analytical Laboratory",434.0,0.00586,5,"2024-06-20","B",,
"7912d469-39fd-4ef7-b06c-374cd2cdd661","D19","CARI","CARI.AOS.S2","CARI.SS.20240618.FIL","A00000431525","2024-06-18T19:10Z","2024-06-18T19:10Z","Illinois State Water Survey Central Analytical Laboratory",264.0,0.08204,5,"2024-06-20","B",,
"aced67aa-3d07-4286-9191-b29600584e32","D19","CARI","CARI.AOS.S2","CARI.SS.20240618.FIL","A00000431525","2024-06-18T19:10Z","2024-06-18T19:10Z","Illinois State Water Survey Central Analytical Laboratory",468.0,0.00384,5,"2024-06-20","A",,
"2443d50d-c269-4dcc-96e9-38ccf9b752e4","D19","CARI","CARI.AOS.S2","CARI.SS.20240618.FIL","A00000431525","2024-06-18T19:10Z","2024-06-18T19:10Z","Illinois State Water Survey Central Analytical Laboratory",302.0,0.04908,5,"2024-06-20","A",,
"b0122b04-bc40-471c-9404-e7f5fd8338b6","D19","CARI","CARI.AOS.S2","CARI.SS.20240618.FIL","A00000431525","2024-06-18T19:10Z","2024-06-18T19:10Z","Illinois State Water Survey Central Analytical Laboratory",374.0,0.01576,5,"2024-06-20","B",,
"932cd777-f382-44e2-8037-48b471bb90a6","D19","CARI","CARI.AOS.S2","CARI.SS.20240618.FIL","A00000431525","2024-06-18T19:10Z","2024-06-18T19:10Z","Illinois State Water Survey Central Analytical Laboratory",534.0,0.00184,5,"2024-06-20","B",,
"24ca3375-badc-41fe-9596-0d88ef701ff9","D19","CARI","CARI.AOS.S2","CARI.SS.20240618.FIL","A00000431525","2024-06-18T19:10Z","2024-06-18T19:10Z","Illinois State Water Survey Central Analytical Laboratory",418.0,0.00746,5,"2024-06-20","A",,
"e0d0f5fa-56bd-4366-a697-01924761e3e8","D19","CARI","CARI.AOS.S2","CARI.SS.20240618.FIL","A00000431525","2024-06-18T19:10Z","2024-06-18T19:10Z","Illinois State Water Survey Central Analytical Laboratory",430.0,0.00628,5,"2024-06-20","A",,
"b84ebd8e-7d50-422f-b648-5ae3adc7f5a1","D19","CARI","CARI.AOS.S2","CARI.SS.20240618.FIL","A00000431525","2024-06-18T19:10Z","2024-06-18T19:10Z","Illinois State Water Survey Central Analytical Laboratory",382.0,0.01372,5,"2024-06-20","A",,
"b87faf7a-2243-42dc-abd7-9826f0d1ed60","D19","CARI","CARI.AOS.S2","CARI.SS.20240618.FIL","A00000431525","2024-06-18T19:10Z","2024-06-18T19:10Z","Illinois State Water Survey Central Analytical Laboratory",420.0,0.00720,5,"2024-06-20","B",,
"d772373f-08dc-4af1-93d5-88868d4f3434","D19","CARI","CARI.AOS.S2","CARI.SS.20240618.FIL","A00000431525","2024-06-18T19:10Z","2024-06-18T19:10Z","Illinois State Water Survey Central Analytical Laboratory",308.0,0.04488,5,"2024-06-20","B",,
"877d59c7-8f75-4cc7-8648-7d7b97d78ff7","D19","CARI","CARI.AOS.S2","CARI.SS.20240618.FIL","A00000431525","2024-06-18T19:10Z","2024-06-18T19:10Z","Illinois State Water Survey Central Analytical Laboratory",592.0,0.00124,5,"2024-06-20","B",,
"fc869f73-9e34-4205-9b6a-4cb2a9c916ba","D19","CARI","CARI.AOS.S2","CARI.SS.20240618.FIL","A00000431525","2024-06-18T19:10Z","2024-06-18T19:10Z","Illinois State Water Survey Central Analytical Laboratory",354.0,0.02244,5,"2024-06-20","A",,
"40bd4689-3f03-4239-a768-bf4defc3715d","D19","CARI","CARI.AOS.S2","CARI.SS.20240618.FIL","A00000431525","2024-06-18T19:10Z","2024-06-18T19:10Z","Illinois State Water Survey Central Analytical Laboratory",322.0,0.03670,5,"2024-06-20","A",,
"4f16862b-83a0-45c6-b5e9-d13b31ad56f0","D19","CARI","CARI.AOS.S2","CARI.SS.20240618.FIL","A00000431525","2024-06-18T19:10Z","2024-06-18T19:10Z","Illinois State Water Survey Central Analytical Laboratory",302.0,0.04896,5,"2024-06-20","B",,
"43f30b57-df92-427c-b8a6-c3629450ce29","D19","CARI","CARI.AOS.S2","CARI.SS.20240618.FIL","A00000431525","2024-06-18T19:10Z","2024-06-18T19:10Z","Illinois State Water Survey Central Analytical Laboratory",376.0,0.01526,5,"2024-06-20","A",,
"e5b13eb4-7174-4be5-998c-e0af5362576e","D19","CARI","CARI.AOS.S2","CARI.SS.20240618.FIL","A00000431525","2024-06-18T19:10Z","2024-06-18T19:10Z","Illinois State Water Survey Central Analytical Laboratory",550.0,0.00182,5,"2024-06-20","A",,
"5e823534-788f-4124-b3cf-a4adce2d5caa","D19","CARI","CARI.AOS.S2","CARI.SS.20240618.FIL","A00000431525","2024-06-18T19:10Z","2024-06-18T19:10Z","Illinois State Water Survey Central Analytical Laboratory",450.0,0.00464,5,"2024-06-20","B",,
"5c8e8a0b-7f1a-4969-8641-506cf39633f9","D19","CARI","CARI.AOS.S2","CARI.SS.20240618.FIL","A00000431525","2024-06-18T19:10Z","2024-06-18T19:10Z","Illinois State Water Survey Central Analytical Laboratory",590.0,0.00112,5,"2024-06-20","B",,
"a892e35b-36ca-4a92-b2dc-a7ff292cd8c0","D19","CARI","CARI.AOS.S2","CARI.SS.20240618.FIL","A00000431525","2024-06-18T19:10Z","2024-06-18T19:10Z","Illinois State Water Survey Central Analytical Laboratory",526.0,0.00220,5,"2024-06-20","A",,
"a4e7eb3e-3ee8-4606-9baf-c0520f3f2960","D19","CARI","CARI.AOS.S2","CARI.SS.20240618.FIL","A00000431525","2024-06-18T19:10Z","2024-06-18T19:10Z","Illinois State Water Survey Central Analytical Laboratory",328.0,0.03352,5,"2024-06-20","B",,
"bb796255-b5b8-4c9d-bb99-23a30f24ffdb","D19","CARI","CARI.AOS.S2","CARI.SS.20240618.FIL","A00000431525","2024-06-18T19:10Z","2024-06-18T19:10Z","Illinois State Water Survey Central Analytical Laboratory",228.0,0.14812,5,"2024-06-20","B",,
"32863426-e46a-452e-ae88-18bc76e1b3a2","D19","CARI","CARI.AOS.S2","CARI.SS.20240618.FIL","A00000431525","2024-06-18T19:10Z","2024-06-18T19:10Z","Illinois State Water Survey Central Analytical Laboratory",428.0,0.00646,5,"2024-06-20","A",,
"b8cfc4b4-a8ac-4413-a8a7-fb509c35a538","D19","CARI","CARI.AOS.S2","CARI.SS.20240618.FIL","A00000431525","2024-06-18T19:10Z","2024-06-18T19:10Z","Illinois State Water Survey Central Analytical Laboratory",234.0,0.12020,5,"2024-06-20","A",,
"d6a10517-0585-4090-90f3-c9f761c457c0","D19","CARI","CARI.AOS.S2","CARI.SS.20240618.FIL","A00000431525","2024-06-18T19:10Z","2024-06-18T19:10Z","Illinois State Water Survey Central Analytical Laboratory",552.0,0.00156,5,"2024-06-20","B",,
"b67fcc03-592c-4d85-9fb8-98e45c2cc885","D19","CARI","CARI.AOS.S2","CARI.SS.20240618.FIL","A00000431525","2024-06-18T19:10Z","2024-06-18T19:10Z","Illinois State Water Survey Central Analytical Laboratory",464.0,0.00386,5,"2024-06-20","B",,
"eb06afde-9715-4060-a29d-8a8ab9d448f3","D19","CARI","CARI.AOS.S2","CARI.SS.20240618.FIL","A00000431525","2024-06-18T19:10Z","2024-06-18T19:10Z","Illinois State Water Survey Central Analytical Laboratory",330.0,0.03260,5,"2024-06-20","A",,
"f4893010-acf5-4fba-b920-18cf5ff1ad30","D19","CARI","CARI.AOS.S2","CARI.SS.20240618.FIL","A00000431525","2024-06-18T19:10Z","2024-06-18T19:10Z","Illinois State Water Survey Central Analytical Laboratory",472.0,0.00356,5,"2024-06-20","B",,
"3c15a817-01c0-456d-b4e9-107a246f09cf","D19","CARI","CARI.AOS.S2","CARI.SS.20240618.FIL","A00000431525","2024-06-18T19:10Z","2024-06-18T19:10Z","Illinois State Water Survey Central Analytical Laboratory",314.0,0.04106,5,"2024-06-20","B",,
"2b152912-e0a6-42ef-b8b7-622009c58947","D19","CARI","CARI.AOS.S2","CARI.SS.20240618.FIL","A00000431525","2024-06-18T19:10Z","2024-06-18T19:10Z","Illinois State Water Survey Central Analytical Laboratory",296.0,0.05316,5,"2024-06-20","B",,
"b4fd5272-fd41-4b03-a444-d1ed3426c771","D19","CARI","CARI.AOS.S2","CARI.SS.20240618.FIL","A00000431525","2024-06-18T19:10Z","2024-06-18T19:10Z","Illinois State Water Survey Central Analytical Laboratory",426.0,0.00658,5,"2024-06-20","B",,
"a296e07c-a486-4c17-80e8-972f1b79ed16","D19","CARI","CARI.AOS.S2","CARI.SS.20240618.FIL","A00000431525","2024-06-18T19:10Z","2024-06-18T19:10Z","Illinois State Water Survey Central Analytical Laboratory",554.0,0.00168,5,"2024-06-20","A",,
"213caf51-5de7-4c3d-bb02-7c2983596123","D19","CARI","CARI.AOS.S2","CARI.SS.20240618.FIL","A00000431525","2024-06-18T19:10Z","2024-06-18T19:10Z","Illinois State Water Survey Central Analytical Laboratory",234.0,0.12018,5,"2024-06-20","B",,
"b0b9e856-b694-4ebe-85d0-594f0cef9f5b","D19","CARI","CARI.AOS.S2","CARI.SS.20240618.FIL","A00000431525","2024-06-18T19:10Z","2024-06-18T19:10Z","Illinois State Water Survey Central Analytical Laboratory",596.0,0.00114,5,"2024-06-20","A",,
"64833539-962d-491e-a00e-e83cc430dff8","D19","CARI","CARI.AOS.S2","CARI.SS.20240618.FIL","A00000431525","2024-06-18T19:10Z","2024-06-18T19:10Z","Illinois State Water Survey Central Analytical Laboratory",560.0,0.00164,5,"2024-06-20","A",,
"d87a7fc9-6803-465b-8cd6-fc0e417665c2","D19","CARI","CARI.AOS.S2","CARI.SS.20240618.FIL","A00000431525","2024-06-18T19:10Z","2024-06-18T19:10Z","Illinois State Water Survey Central Analytical Laboratory",306.0,0.04624,5,"2024-06-20","B",,
"2406ee18-8ad4-4c50-9e1a-8bd6b0c7d731","D19","CARI","CARI.AOS.S2","CARI.SS.20240618.FIL","A00000431525","2024-06-18T19:10Z","2024-06-18T19:10Z","Illinois State Water Survey Central Analytical Laboratory",354.0,0.02236,5,"2024-06-20","B",,
"8b787160-5212-4162-953f-052603427353","D19","CARI","CARI.AOS.S2","CARI.SS.20240618.FIL","A00000431525","2024-06-18T19:10Z","2024-06-18T19:10Z","Illinois State Water Survey Central Analytical Laboratory",288.0,0.05970,5,"2024-06-20","B",,
"0dd7bee4-d443-4a78-a56b-df6c80fe6ffd","D19","CARI","CARI.AOS.S2","CARI.SS.20240618.FIL","A00000431525","2024-06-18T19:10Z","2024-06-18T19:10Z","Illinois State Water Survey Central Analytical Laboratory",254.0,0.09048,5,"2024-06-20","A",,
"0774a593-aabf-47b7-b774-70da3d40f6a7","D19","CARI","CARI.AOS.S2","CARI.SS.20240618.FIL","A00000431525","2024-06-18T19:10Z","2024-06-18T19:10Z","Illinois State Water Survey Central Analytical Laboratory",378.0,0.01478,5,"2024-06-20","A",,
"deb97fd4-ec1f-4a1f-a5a2-5f50618b4c62","D19","CARI","CARI.AOS.S2","CARI.SS.20240618.FIL","A00000431525","2024-06-18T19:10Z","2024-06-18T19:10Z","Illinois State Water Survey Central Analytical Laboratory",588.0,0.00130,5,"2024-06-20","A",,
"12aba82b-0cb9-4ef9-bbd2-62e7b157cc8f","D19","CARI","CARI.AOS.S2","CARI.SS.20240618.FIL","A00000431525","2024-06-18T19:10Z","2024-06-18T19:10Z","Illinois State Water Survey Central Analytical Laboratory",314.0,0.04122,5,"2024-06-20","A",,
"7437af7d-01e2-4017-8847-b62ea655d71e","D19","CARI","CARI.AOS.S2","CARI.SS.20240618.FIL","A00000431525","2024-06-18T19:10Z","2024-06-18T19:10Z","Illinois State Water Survey Central Analytical Laboratory",404.0,0.00940,5,"2024-06-20","A",,
"36ce1999-0a0c-4710-95c8-f928b4a627af","D19","CARI","CARI.AOS.S2","CARI.SS.20240618.FIL","A00000431525","2024-06-18T19:10Z","2024-06-18T19:10Z","Illinois State Water Survey Central Analytical Laboratory",398.0,0.01028,5,"2024-06-20","B",,
"7169b2d0-45c6-422d-be5c-1c6d33f7817c","D19","CARI","CARI.AOS.S2","CARI.SS.20240618.FIL","A00000431525","2024-06-18T19:10Z","2024-06-18T19:10Z","Illinois State Water Survey Central Analytical Laboratory",240.0,0.10546,5,"2024-06-20","A",,
"c7bd8fc0-7cad-41a1-a832-fb14282b2ae3","D19","CARI","CARI.AOS.S2","CARI.SS.20240618.FIL","A00000431525","2024-06-18T19:10Z","2024-06-18T19:10Z","Illinois State Water Survey Central Analytical Laboratory",340.0,0.02804,5,"2024-06-20","A",,
"59ff4afb-ba07-4edf-adcf-bb9fabf7857e","D19","CARI","CARI.AOS.S2","CARI.SS.20240618.FIL","A00000431525","2024-06-18T19:10Z","2024-06-18T19:10Z","Illinois State Water Survey Central Analytical Laboratory",412.0,0.00818,5,"2024-06-20","A",,
"9c864387-7e0e-4917-b919-f206c9006263","D19","CARI","CARI.AOS.S2","CARI.SS.20240618.FIL","A00000431525","2024-06-18T19:10Z","2024-06-18T19:10Z","Illinois State Water Survey Central Analytical Laboratory",374.0,0.01582,5,"2024-06-20","A",,
"2d46c47b-b0b8-45bc-965e-e1d7b7fd48ca","D19","CARI","CARI.AOS.S2","CARI.SS.20240618.FIL","A00000431525","2024-06-18T19:10Z","2024-06-18T19:10Z","Illinois State Water Survey Central Analytical Laboratory",566.0,0.00156,5,"2024-06-20","A",,
"83496d88-9e9f-42ce-9773-f7de9b47823a","D19","CARI","CARI.AOS.S2","CARI.SS.20240618.FIL","A00000431525","2024-06-18T19:10Z","2024-06-18T19:10Z","Illinois State Water Survey Central Analytical Laboratory",332.0,0.03162,5,"2024-06-20","A",,
"a1c7b787-90dd-4453-8cc6-3ede638aa65f","D19","CARI","CARI.AOS.S2","CARI.SS.20240618.FIL","A00000431525","2024-06-18T19:10Z","2024-06-18T19:10Z","Illinois State Water Survey Central Analytical Laboratory",402.0,0.00966,5,"2024-06-20","B",,
"ab068dca-e993-4452-874f-799221d69797","D19","CARI","CARI.AOS.S2","CARI.SS.20240618.FIL","A00000431525","2024-06-18T19:10Z","2024-06-18T19:10Z","Illinois State Water Survey Central Analytical Laboratory",368.0,0.01756,5,"2024-06-20","B",,
"f40cd4d0-d0e1-4950-969a-c4c31df65bca","D19","CARI","CARI.AOS.S2","CARI.SS.20240618.FIL","A00000431525","2024-06-18T19:10Z","2024-06-18T19:10Z","Illinois State Water Survey Central Analytical Laboratory",444.0,0.00504,5,"2024-06-20","B",,
"6576fbec-d7c6-4310-82d2-33ec652ef189","D19","CARI","CARI.AOS.S2","CARI.SS.20240618.FIL","A00000431525","2024-06-18T19:10Z","2024-06-18T19:10Z","Illinois State Water Survey Central Analytical Laboratory",478.0,0.00336,5,"2024-06-20","B",,
"b6c9040f-a64a-4d46-bed6-8f3a88ba3a13","D19","CARI","CARI.AOS.S2","CARI.SS.20240618.FIL","A00000431525","2024-06-18T19:10Z","2024-06-18T19:10Z","Illinois State Water Survey Central Analytical Laboratory",476.0,0.00356,5,"2024-06-20","A",,
"2035faff-2e58-45fe-99b4-5354dd6f14ec","D19","CARI","CARI.AOS.S2","CARI.SS.20240618.FIL","A00000431525","2024-06-18T19:10Z","2024-06-18T19:10Z","Illinois State Water Survey Central Analytical Laboratory",310.0,0.04366,5,"2024-06-20","B",,
"e3165f70-892c-45ca-82c8-95e60b824bbd","D19","CARI","CARI.AOS.S2","CARI.SS.20240618.FIL","A00000431525","2024-06-18T19:10Z","2024-06-18T19:10Z","Illinois State Water Survey Central Analytical Laboratory",390.0,0.01186,5,"2024-06-20","A",,
"f2eb0f26-5c2b-4e5e-8c6e-a2bccfb855ab","D19","CARI","CARI.AOS.S2","CARI.SS.20240618.FIL","A00000431525","2024-06-18T19:10Z","2024-06-18T19:10Z","Illinois State Water Survey Central Analytical Laboratory",492.0,0.00290,5,"2024-06-20","B",,
"d884d9f7-4b9b-44e8-bbca-110e381706bb","D19","CARI","CARI.AOS.S2","CARI.SS.20240618.FIL","A00000431525","2024-06-18T19:10Z","2024-06-18T19:10Z","Illinois State Water Survey Central Analytical Laboratory",578.0,0.00138,5,"2024-06-20","A",,
"3f438e7e-4b10-4735-9cba-0e760e5afe38","D19","CARI","CARI.AOS.S2","CARI.SS.20240618.FIL","A00000431525","2024-06-18T19:10Z","2024-06-18T19:10Z","Illinois State Water Survey Central Analytical Laboratory",320.0,0.03788,5,"2024-06-20","A",,
"d0544c36-d206-4ee4-be09-0ccc09540d71","D19","CARI","CARI.AOS.S2","CARI.SS.20240618.FIL","A00000431525","2024-06-18T19:10Z","2024-06-18T19:10Z","Illinois State Water Survey Central Analytical Laboratory",386.0,0.01272,5,"2024-06-20","B",,
"5ab0739a-0f8e-4ed1-9262-64cabea006cc","D19","CARI","CARI.AOS.S2","CARI.SS.20240618.FIL","A00000431525","2024-06-18T19:10Z","2024-06-18T19:10Z","Illinois State Water Survey Central Analytical Laboratory",570.0,0.00142,5,"2024-06-20","B",,
"45eae668-ac95-486d-b347-8b5030aea062","D19","CARI","CARI.AOS.S2","CARI.SS.20240618.FIL","A00000431525","2024-06-18T19:10Z","2024-06-18T19:10Z","Illinois State Water Survey Central Analytical Laboratory",370.0,0.01694,5,"2024-06-20","B",,
"fda84f41-64a3-4376-a150-f615377f491d","D19","CARI","CARI.AOS.S2","CARI.SS.20240618.FIL","A00000431525","2024-06-18T19:10Z","2024-06-18T19:10Z","Illinois State Water Survey Central Analytical Laboratory",480.0,0.00342,5,"2024-06-20","A",,
"253b56dc-f31b-4659-adb4-2b0972b340c6","D19","CARI","CARI.AOS.S2","CARI.SS.20240618.FIL","A00000431525","2024-06-18T19:10Z","2024-06-18T19:10Z","Illinois State Water Survey Central Analytical Laboratory",378.0,0.01470,5,"2024-06-20","B",,
"52744ed4-5d06-4a4d-8360-2243f8256850","D19","CARI","CARI.AOS.S2","CARI.SS.20240618.FIL","A00000431525","2024-06-18T19:10Z","2024-06-18T19:10Z","Illinois State Water Survey Central Analytical Laboratory",580.0,0.00134,5,"2024-06-20","A",,
"af252dc8-ae61-426d-9372-835546647cfd","D19","CARI","CARI.AOS.S2","CARI.SS.20240618.FIL","A00000431525","2024-06-18T19:10Z","2024-06-18T19:10Z","Illinois State Water Survey Central Analytical Laboratory",220.0,0.22602,5,"2024-06-20","B",,
"33cf912e-3d8b-43e0-9c85-5a1156087240","D19","CARI","CARI.AOS.S2","CARI.SS.20240618.FIL","A00000431525","2024-06-18T19:10Z","2024-06-18T19:10Z","Illinois State Water Survey Central Analytical Laboratory",250.0,0.09364,5,"2024-06-20","B",,
"4acdcacb-5733-49c1-a23d-ad62e8ca020c","D19","CARI","CARI.AOS.S2","CARI.SS.20240618.FIL","A00000431525","2024-06-18T19:10Z","2024-06-18T19:10Z","Illinois State Water Survey Central Analytical Laboratory",248.0,0.09538,5,"2024-06-20","B",,
"996804b5-d63e-44ec-bb2b-dcc607a08dca","D19","CARI","CARI.AOS.S2","CARI.SS.20240618.FIL","A00000431525","2024-06-18T19:10Z","2024-06-18T19:10Z","Illinois State Water Survey Central Analytical Laboratory",236.0,0.11412,5,"2024-06-20","A",,
"aa375304-86e7-4e65-992b-2149de3a21ff","D19","CARI","CARI.AOS.S2","CARI.SS.20240618.FIL","A00000431525","2024-06-18T19:10Z","2024-06-18T19:10Z","Illinois State Water Survey Central Analytical Laboratory",398.0,0.01036,5,"2024-06-20","A",,
"05edc2fc-3536-423f-8869-ee1fe4ec97c5","D19","CARI","CARI.AOS.S2","CARI.SS.20240618.FIL","A00000431525","2024-06-18T19:10Z","2024-06-18T19:10Z","Illinois State Water Survey Central Analytical Laboratory",538.0,0.00180,5,"2024-06-20","B",,
"d795f988-6bc7-45cf-a237-aea5c4337f7e","D19","CARI","CARI.AOS.S2","CARI.SS.20240618.FIL","A00000431525","2024-06-18T19:10Z","2024-06-18T19:10Z","Illinois State Water Survey Central Analytical Laboratory",598.0,0.00108,5,"2024-06-20","B",,
"59735342-4608-4465-8350-47c5c31e356c","D19","CARI","CARI.AOS.S2","CARI.SS.20240618.FIL","A00000431525","2024-06-18T19:10Z","2024-06-18T19:10Z","Illinois State Water Survey Central Analytical Laboratory",280.0,0.06660,5,"2024-06-20","B",,
"fa1c1d33-225f-401c-9302-5862f0994034","D19","CARI","CARI.AOS.S2","CARI.SS.20240618.FIL","A00000431525","2024-06-18T19:10Z","2024-06-18T19:10Z","Illinois State Water Survey Central Analytical Laboratory",436.0,0.00568,5,"2024-06-20","B",,
"e5c541f2-3f12-4c99-ab2f-2a6d19054f1f","D19","CARI","CARI.AOS.S2","CARI.SS.20240618.FIL","A00000431525","2024-06-18T19:10Z","2024-06-18T19:10Z","Illinois State Water Survey Central Analytical Laboratory",358.0,0.02102,5,"2024-06-20","A",,
"ffdb5d00-0a71-443b-b4ff-1d6faf1f268f","D19","CARI","CARI.AOS.S2","CARI.SS.20240618.FIL","A00000431525","2024-06-18T19:10Z","2024-06-18T19:10Z","Illinois State Water Survey Central Analytical Laboratory",416.0,0.00764,5,"2024-06-20","B",,
"f8b47c09-d01f-4a4d-89f8-0b9c1a6935a9","D19","CARI","CARI.AOS.S2","CARI.SS.20240618.FIL","A00000431525","2024-06-18T19:10Z","2024-06-18T19:10Z","Illinois State Water Survey Central Analytical Laboratory",262.0,0.08374,5,"2024-06-20","B",,
"0d9690a4-8028-4b50-8a97-9e7b9039a654","D19","CARI","CARI.AOS.S2","CARI.SS.20240618.FIL","A00000431525","2024-06-18T19:10Z","2024-06-18T19:10Z","Illinois State Water Survey Central Analytical Laboratory",518.0,0.00214,5,"2024-06-20","B",,
"75396f54-c179-47fd-b12c-fbb51c2b4e49","D19","CARI","CARI.AOS.S2","CARI.SS.20240618.FIL","A00000431525","2024-06-18T19:10Z","2024-06-18T19:10Z","Illinois State Water Survey Central Analytical Laboratory",324.0,0.03566,5,"2024-06-20","A",,
"1ec8c3c2-42cd-4158-8e5a-2db5c72898b0","D19","CARI","CARI.AOS.S2","CARI.SS.20240618.FIL","A00000431525","2024-06-18T19:10Z","2024-06-18T19:10Z","Illinois State Water Survey Central Analytical Laboratory",396.0,0.01072,5,"2024-06-20","A",,
"32ae62fb-a111-4326-8d4b-e72bbbafd729","D19","CARI","CARI.AOS.S2","CARI.SS.20240618.FIL","A00000431525","2024-06-18T19:10Z","2024-06-18T19:10Z","Illinois State Water Survey Central Analytical Laboratory",470.0,0.00360,5,"2024-06-20","B",,
"6d014346-e206-46df-88e6-adb2b30e9bc3","D19","CARI","CARI.AOS.S2","CARI.SS.20240618.FIL","A00000431525","2024-06-18T19:10Z","2024-06-18T19:10Z","Illinois State Water Survey Central Analytical Laboratory",596.0,0.00110,5,"2024-06-20","B",,
"fa6def4f-ddfc-4881-a4c5-60b8579cbf25","D19","CARI","CARI.AOS.S2","CARI.SS.20240618.FIL","A00000431525","2024-06-18T19:10Z","2024-06-18T19:10Z","Illinois State Water Survey Central Analytical Laboratory",562.0,0.00158,5,"2024-06-20","A",,
"9124b0f8-01ae-4852-b2a0-4f295edcf0e0","D19","CARI","CARI.AOS.S2","CARI.SS.20240618.FIL","A00000431525","2024-06-18T19:10Z","2024-06-18T19:10Z","Illinois State Water Survey Central Analytical Laboratory",576.0,0.00142,5,"2024-06-20","A",,
"97991ebb-e7ed-4446-b252-58272c34ebb1","D19","CARI","CARI.AOS.S2","CARI.SS.20240618.FIL","A00000431525","2024-06-18T19:10Z","2024-06-18T19:10Z","Illinois State Water Survey Central Analytical Laboratory",362.0,0.01956,5,"2024-06-20","A",,
"6ad902d5-79b6-4750-b900-ca71e822b91f","D19","CARI","CARI.AOS.S2","CARI.SS.20240618.FIL","A00000431525","2024-06-18T19:10Z","2024-06-18T19:10Z","Illinois State Water Survey Central Analytical Laboratory",594.0,0.00118,5,"2024-06-20","B",,
"13ee63a1-90e3-4105-8057-967ccf543fec","D19","CARI","CARI.AOS.S2","CARI.SS.20240618.FIL","A00000431525","2024-06-18T19:10Z","2024-06-18T19:10Z","Illinois State Water Survey Central Analytical Laboratory",336.0,0.02978,5,"2024-06-20","A",,
"4ba52f48-b8a4-4594-8bcf-c9496948c81e","D19","CARI","CARI.AOS.S2","CARI.SS.20240618.FIL","A00000431525","2024-06-18T19:10Z","2024-06-18T19:10Z","Illinois State Water Survey Central Analytical Laboratory",408.0,0.00878,5,"2024-06-20","A",,
"ebe7e4fa-59d1-4e7c-a429-1fc78e683973","D19","CARI","CARI.AOS.S2","CARI.SS.20240618.FIL","A00000431525","2024-06-18T19:10Z","2024-06-18T19:10Z","Illinois State Water Survey Central Analytical Laboratory",294.0,0.05478,5,"2024-06-20","A",,
"30d74539-d408-434e-bf26-1dff39963e61","D19","CARI","CARI.AOS.S2","CARI.SS.20240618.FIL","A00000431525","2024-06-18T19:10Z","2024-06-18T19:10Z","Illinois State Water Survey Central Analytical Laboratory",330.0,0.03248,5,"2024-06-20","B",,
"2055bcc3-4d44-4d55-9f61-a248f5229c1e","D19","CARI","CARI.AOS.S2","CARI.SS.20240618.FIL","A00000431525","2024-06-18T19:10Z","2024-06-18T19:10Z","Illinois State Water Survey Central Analytical Laboratory",222.0,0.20196,5,"2024-06-20","A",,
"672b1504-91c4-46b7-82d3-3b7b386a3ef5","D19","CARI","CARI.AOS.S2","CARI.SS.20240618.FIL","A00000431525","2024-06-18T19:10Z","2024-06-18T19:10Z","Illinois State Water Survey Central Analytical Laboratory",588.0,0.00120,5,"2024-06-20","B",,
"b56fde65-f913-468c-a434-25f948edd92d","D19","CARI","CARI.AOS.S2","CARI.SS.20240618.FIL","A00000431525","2024-06-18T19:10Z","2024-06-18T19:10Z","Illinois State Water Survey Central Analytical Laboratory",246.0,0.09718,5,"2024-06-20","A",,
"2c94ceaf-07a9-4023-8da5-966c12a31c08","D19","CARI","CARI.AOS.S2","CARI.SS.20240618.FIL","A00000431525","2024-06-18T19:10Z","2024-06-18T19:10Z","Illinois State Water Survey Central Analytical Laboratory",268.0,0.07828,5,"2024-06-20","A",,
"b9964048-7522-40dc-8480-7343adfd7b98","D19","CARI","CARI.AOS.S2","CARI.SS.20240618.FIL","A00000431525","2024-06-18T19:10Z","2024-06-18T19:10Z","Illinois State Water Survey Central Analytical Laboratory",500.0,0.00258,5,"2024-06-20","B",,
"376bf7ee-4644-41e4-914b-c5ac0a481774","D19","CARI","CARI.AOS.S2","CARI.SS.20240618.FIL","A00000431525","2024-06-18T19:10Z","2024-06-18T19:10Z","Illinois State Water Survey Central Analytical Laboratory",542.0,0.00174,5,"2024-06-20","B",,
"367347ec-b4e4-40e5-8605-8e1f7eb2b71c","D19","CARI","CARI.AOS.S2","CARI.SS.20240618.FIL","A00000431525","2024-06-18T19:10Z","2024-06-18T19:10Z","Illinois State Water Survey Central Analytical Laboratory",446.0,0.00500,5,"2024-06-20","A",,
"290a3b08-8a7c-4cee-87ea-4c52e1396444","D19","CARI","CARI.AOS.S2","CARI.SS.20240618.FIL","A00000431525","2024-06-18T19:10Z","2024-06-18T19:10Z","Illinois State Water Survey Central Analytical Laboratory",412.0,0.00812,5,"2024-06-20","B",,
"f8ac4e5f-d4b8-4cb0-b865-1a0f8eadce3f","D19","CARI","CARI.AOS.S2","CARI.SS.20240618.FIL","A00000431525","2024-06-18T19:10Z","2024-06-18T19:10Z","Illinois State Water Survey Central Analytical Laboratory",458.0,0.00430,5,"2024-06-20","A",,
"b40b3a29-fce6-417b-ac61-eb0fd2d905c2","D19","CARI","CARI.AOS.S2","CARI.SS.20240618.FIL","A00000431525","2024-06-18T19:10Z","2024-06-18T19:10Z","Illinois State Water Survey Central Analytical Laboratory",382.0,0.01364,5,"2024-06-20","B",,
"01b6cff0-b55d-4c43-9225-2658add920ab","D19","CARI","CARI.AOS.S2","CARI.SS.20240618.FIL","A00000431525","2024-06-18T19:10Z","2024-06-18T19:10Z","Illinois State Water Survey Central Analytical Laboratory",568.0,0.00132,5,"2024-06-20","B",,
"b239f1f5-b42c-43cc-80d4-57b9f7ed88f8","D19","CARI","CARI.AOS.S2","CARI.SS.20240618.FIL","A00000431525","2024-06-18T19:10Z","2024-06-18T19:10Z","Illinois State Water Survey Central Analytical Laboratory",312.0,0.04252,5,"2024-06-20","A",,
"2e2a0490-5481-4b9d-95ea-ea652c3f2414","D19","CARI","CARI.AOS.S2","CARI.SS.20240618.FIL","A00000431525","2024-06-18T19:10Z","2024-06-18T19:10Z","Illinois State Water Survey Central Analytical Laboratory",506.0,0.00238,5,"2024-06-20","B",,
"531813ac-2a45-4b91-aa0f-c6e4ff76c38e","D19","CARI","CARI.AOS.S2","CARI.SS.20240618.FIL","A00000431525","2024-06-18T19:10Z","2024-06-18T19:10Z","Illinois State Water Survey Central Analytical Laboratory",512.0,0.00252,5,"2024-06-20","A",,
"8a87b59c-2652-41bb-820b-e1446881f23d","D19","CARI","CARI.AOS.S2","CARI.SS.20240618.FIL","A00000431525","2024-06-18T19:10Z","2024-06-18T19:10Z","Illinois State Water Survey Central Analytical Laboratory",422.0,0.00700,5,"2024-06-20","B",,
"22de7ebb-67a4-4c51-8f4d-5cd830986d47","D19","CARI","CARI.AOS.S2","CARI.SS.20240618.FIL","A00000431525","2024-06-18T19:10Z","2024-06-18T19:10Z","Illinois State Water Survey Central Analytical Laboratory",346.0,0.02560,5,"2024-06-20","A",,
"f0b228cd-ab79-4ad1-8efb-fa0d82424d08","D19","CARI","CARI.AOS.S2","CARI.SS.20240618.FIL","A00000431525","2024-06-18T19:10Z","2024-06-18T19:10Z","Illinois State Water Survey Central Analytical Laboratory",248.0,0.09540,5,"2024-06-20","A",,
"cf7d3af8-3638-4a53-adb1-cb83ce731449","D19","CARI","CARI.AOS.S2","CARI.SS.20240618.FIL","A00000431525","2024-06-18T19:10Z","2024-06-18T19:10Z","Illinois State Water Survey Central Analytical Laboratory",236.0,0.11408,5,"2024-06-20","B",,
"00bc1290-2035-4298-b1cd-cfe913eb7ae0","D19","CARI","CARI.AOS.S2","CARI.SS.20240618.FIL","A00000431525","2024-06-18T19:10Z","2024-06-18T19:10Z","Illinois State Water Survey Central Analytical Laboratory",266.0,0.08012,5,"2024-06-20","A",,
"82d34632-af84-4a17-ba4b-80feadab8181","D19","CARI","CARI.AOS.S2","CARI.SS.20240618.FIL","A00000431525","2024-06-18T19:10Z","2024-06-18T19:10Z","Illinois State Water Survey Central Analytical Laboratory",380.0,0.01420,5,"2024-06-20","A",,
"5ad2fb7c-5b0c-481d-bf5d-8173db1c04dd","D19","CARI","CARI.AOS.S2","CARI.SS.20240618.FIL","A00000431525","2024-06-18T19:10Z","2024-06-18T19:10Z","Illinois State Water Survey Central Analytical Laboratory",342.0,0.02708,5,"2024-06-20","B",,
"b68d0e64-fb75-41e3-a8a3-d34d00c22912","D19","CARI","CARI.AOS.S2","CARI.SS.20240618.FIL","A00000431525","2024-06-18T19:10Z","2024-06-18T19:10Z","Illinois State Water Survey Central Analytical Laboratory",278.0,0.06864,5,"2024-06-20","A",,
"dbd58a93-3636-4988-9de7-267af08578bc","D19","CARI","CARI.AOS.S2","CARI.SS.20240618.FIL","A00000431525","2024-06-18T19:10Z","2024-06-18T19:10Z","Illinois State Water Survey Central Analytical Laboratory",242.0,0.10212,5,"2024-06-20","B",,
"06d7a86b-1760-43b9-888d-50b4f76141ac","D19","CARI","CARI.AOS.S2","CARI.SS.20240618.FIL","A00000431525","2024-06-18T19:10Z","2024-06-18T19:10Z","Illinois State Water Survey Central Analytical Laboratory",556.0,0.00160,5,"2024-06-20","A",,
"904210a2-8ca3-43af-90ab-863c47539d69","D19","CARI","CARI.AOS.S2","CARI.SS.20240618.FIL","A00000431525","2024-06-18T19:10Z","2024-06-18T19:10Z","Illinois State Water Survey Central Analytical Laboratory",336.0,0.02970,5,"2024-06-20","B",,
"f2859ed5-9154-4cf5-bbe2-6216dfe1c27c","D19","CARI","CARI.AOS.S2","CARI.SS.20240618.FIL","A00000431525","2024-06-18T19:10Z","2024-06-18T19:10Z","Illinois State Water Survey Central Analytical Laboratory",472.0,0.00370,5,"2024-06-20","A",,
"0b485473-b9c8-48de-9040-bb8936c14da7","D19","CARI","CARI.AOS.S2","CARI.SS.20240618.FIL","A00000431525","2024-06-18T19:10Z","2024-06-18T19:10Z","Illinois State Water Survey Central Analytical Laboratory",350.0,0.02390,5,"2024-06-20","B",,
"174762e0-2a2e-457b-b005-677107b31ba3","D19","CARI","CARI.AOS.S2","CARI.SS.20240618.FIL","A00000431525","2024-06-18T19:10Z","2024-06-18T19:10Z","Illinois State Water Survey Central Analytical Laboratory",520.0,0.00230,5,"2024-06-20","A",,
"080a003f-2aec-49e4-960a-8d066862f89d","D19","CARI","CARI.AOS.S2","CARI.SS.20240618.FIL","A00000431525","2024-06-18T19:10Z","2024-06-18T19:10Z","Illinois State Water Survey Central Analytical Laboratory",400.0,0.01000,5,"2024-06-20","B",,
"f2fa360c-7503-4774-9c43-f956f7eace91","D19","CARI","CARI.AOS.S2","CARI.SS.20240618.FIL","A00000431525","2024-06-18T19:10Z","2024-06-18T19:10Z","Illinois State Water Survey Central Analytical Laboratory",496.0,0.00294,5,"2024-06-20","A",,
"10000c3a-d069-413a-bb3c-a5e184e70507","D19","CARI","CARI.AOS.S2","CARI.SS.20240618.FIL","A00000431525","2024-06-18T19:10Z","2024-06-18T19:10Z","Illinois State Water Survey Central Analytical Laboratory",274.0,0.07232,5,"2024-06-20","B",,
"e6f8f4b7-ca63-47e0-aebc-564620ef2bf3","D19","CARI","CARI.AOS.S2","CARI.SS.20240618.FIL","A00000431525","2024-06-18T19:10Z","2024-06-18T19:10Z","Illinois State Water Survey Central Analytical Laboratory",494.0,0.00296,5,"2024-06-20","A",,
"253cb87d-8288-4b44-8dbd-5cdaa935eb1e","D19","CARI","CARI.AOS.S2","CARI.SS.20240618.FIL","A00000431525","2024-06-18T19:10Z","2024-06-18T19:10Z","Illinois State Water Survey Central Analytical Laboratory",574.0,0.00128,5,"2024-06-20","B",,
"e341267b-a4ff-425c-81fd-7658aafef602","D19","CARI","CARI.AOS.S2","CARI.SS.20240618.FIL","A00000431525","2024-06-18T19:10Z","2024-06-18T19:10Z","Illinois State Water Survey Central Analytical Laboratory",566.0,0.00144,5,"2024-06-20","B",,
"c9feb8d8-7d63-4c7b-a265-c4831b339b19","D19","CARI","CARI.AOS.S2","CARI.SS.20240618.FIL","A00000431525","2024-06-18T19:10Z","2024-06-18T19:10Z","Illinois State Water Survey Central Analytical Laboratory",530.0,0.00216,5,"2024-06-20","A",,
"af0384db-bfa1-440a-ad7a-5591f1a786bb","D19","CARI","CARI.AOS.S2","CARI.SS.20240618.FIL","A00000431525","2024-06-18T19:10Z","2024-06-18T19:10Z","Illinois State Water Survey Central Analytical Laboratory",540.0,0.00200,5,"2024-06-20","A",,
"9e351005-5430-45b3-9116-974c3ba01334","D19","CARI","CARI.AOS.S2","CARI.SS.20240618.FIL","A00000431525","2024-06-18T19:10Z","2024-06-18T19:10Z","Illinois State Water Survey Central Analytical Laboratory",592.0,0.00124,5,"2024-06-20","A",,
"2175b972-6638-4464-9d78-a25c2fe156e9","D19","CARI","CARI.AOS.S2","CARI.SS.20240618.FIL","A00000431525","2024-06-18T19:10Z","2024-06-18T19:10Z","Illinois State Water Survey Central Analytical Laboratory",316.0,0.04004,5,"2024-06-20","B",,
"b6ea7f24-8d68-4bed-838d-1291e3ff3528","D19","CARI","CARI.AOS.S2","CARI.SS.20240618.FIL","A00000431525","2024-06-18T19:10Z","2024-06-18T19:10Z","Illinois State Water Survey Central Analytical Laboratory",368.0,0.01762,5,"2024-06-20","A",,
"1f0605f8-5f6f-488c-944a-ac2197f810b2","D19","CARI","CARI.AOS.S2","CARI.SS.20240618.FIL","A00000431525","2024-06-18T19:10Z","2024-06-18T19:10Z","Illinois State Water Survey Central Analytical Laboratory",510.0,0.00254,5,"2024-06-20","A",,
"2c380f46-82c0-4a5b-8b47-6dad7ebd934f","D19","CARI","CARI.AOS.S2","CARI.SS.20240618.FIL","A00000431525","2024-06-18T19:10Z","2024-06-18T19:10Z","Illinois State Water Survey Central Analytical Laboratory",554.0,0.00154,5,"2024-06-20","B",,
"495d3075-3a89-4afc-aa1d-41251f41f5f4","D19","CARI","CARI.AOS.S2","CARI.SS.20240618.FIL","A00000431525","2024-06-18T19:10Z","2024-06-18T19:10Z","Illinois State Water Survey Central Analytical Laboratory",280.0,0.06668,5,"2024-06-20","A",,
"8bbec2f0-20d1-43fc-b443-bf4d92628726","D19","CARI","CARI.AOS.S2","CARI.SS.20240618.FIL","A00000431525","2024-06-18T19:10Z","2024-06-18T19:10Z","Illinois State Water Survey Central Analytical Laboratory",532.0,0.00210,5,"2024-06-20","A",,
"560fb1ac-ca6c-4bc9-a5c9-dabdd389ae04","D19","CARI","CARI.AOS.S2","CARI.SS.20240618.FIL","A00000431525","2024-06-18T19:10Z","2024-06-18T19:10Z","Illinois State Water Survey Central Analytical Laboratory",532.0,0.00188,5,"2024-06-20","B",,
"14b92c71-20eb-4340-9ab6-9f433e754559","D19","CARI","CARI.AOS.S2","CARI.SS.20240618.FIL","A00000431525","2024-06-18T19:10Z","2024-06-18T19:10Z","Illinois State Water Survey Central Analytical Laboratory",558.0,0.00148,5,"2024-06-20","B",,
"f5b19b59-5e99-49f5-bcae-6c92a6c17f58","D19","CARI","CARI.AOS.S2","CARI.SS.20240618.FIL","A00000431525","2024-06-18T19:10Z","2024-06-18T19:10Z","Illinois State Water Survey Central Analytical Laboratory",506.0,0.00262,5,"2024-06-20","A",,
"e392492e-342d-47a5-a372-6f5f4c411ced","D19","CARI","CARI.AOS.S2","CARI.SS.20240618.FIL","A00000431525","2024-06-18T19:10Z","2024-06-18T19:10Z","Illinois State Water Survey Central Analytical Laboratory",500.0,0.00278,5,"2024-06-20","A",,
"3d53574d-d415-40df-ab9f-5da0d91d08d3","D19","CARI","CARI.AOS.S2","CARI.SS.20240618.FIL","A00000431525","2024-06-18T19:10Z","2024-06-18T19:10Z","Illinois State Water Survey Central Analytical Laboratory",362.0,0.01950,5,"2024-06-20","B",,
"6fa3abc3-0ffc-486f-92c1-d5fb9f2d2cb0","D19","CARI","CARI.AOS.S2","CARI.SS.20240618.FIL","A00000431525","2024-06-18T19:10Z","2024-06-18T19:10Z","Illinois State Water Survey Central Analytical Laboratory",390.0,0.01180,5,"2024-06-20","B",,
"15e5773f-e3c7-4284-8ac0-734fc044ca07","D19","CARI","CARI.AOS.S2","CARI.SS.20240618.FIL","A00000431525","2024-06-18T19:10Z","2024-06-18T19:10Z","Illinois State Water Survey Central Analytical Laboratory",424.0,0.00684,5,"2024-06-20","A",,
"1a4fc2f1-9767-446d-afc9-ebc19a8ef4d9","D19","CARI","CARI.AOS.S2","CARI.SS.20240618.FIL","A00000431525","2024-06-18T19:10Z","2024-06-18T19:10Z","Illinois State Water Survey Central Analytical Laboratory",276.0,0.07032,5,"2024-06-20","B",,
"97509137-0742-4393-9906-a09957518cd1","D19","CARI","CARI.AOS.S2","CARI.SS.20240618.FIL","A00000431525","2024-06-18T19:10Z","2024-06-18T19:10Z","Illinois State Water Survey Central Analytical Laboratory",270.0,0.07614,5,"2024-06-20","A",,
"007a754a-772f-4439-a3dd-24cc5dae2fb6","D19","CARI","CARI.AOS.S2","CARI.SS.20240618.FIL","A00000431525","2024-06-18T19:10Z","2024-06-18T19:10Z","Illinois State Water Survey Central Analytical Laboratory",298.0,0.05182,5,"2024-06-20","B",,
"f473b9cc-ff24-40d0-9651-f137ae0ab5e2","D19","CARI","CARI.AOS.S2","CARI.SS.20240618.FIL","A00000431525","2024-06-18T19:10Z","2024-06-18T19:10Z","Illinois State Water Survey Central Analytical Laboratory",556.0,0.00150,5,"2024-06-20","B",,
"51a8ae3e-4f8f-4efb-b6b7-a6e77445956b","D19","CARI","CARI.AOS.S2","CARI.SS.20240618.FIL","A00000431525","2024-06-18T19:10Z","2024-06-18T19:10Z","Illinois State Water Survey Central Analytical Laboratory",308.0,0.04500,5,"2024-06-20","A",,
"32061453-6908-4766-bf9d-258561c31d75","D19","CARI","CARI.AOS.S2","CARI.SS.20240618.FIL","A00000431525","2024-06-18T19:10Z","2024-06-18T19:10Z","Illinois State Water Survey Central Analytical Laboratory",466.0,0.00392,5,"2024-06-20","A",,
"bc98d88d-d5d3-4b34-adcf-b801efa0e5f2","D19","CARI","CARI.AOS.S2","CARI.SS.20240618.FIL","A00000431525","2024-06-18T19:10Z","2024-06-18T19:10Z","Illinois State Water Survey Central Analytical Laboratory",366.0,0.01820,5,"2024-06-20","B",,
"36639051-86f0-4dcc-80ae-beeb41b0a741","D19","CARI","CARI.AOS.S2","CARI.SS.20240618.FIL","A00000431525","2024-06-18T19:10Z","2024-06-18T19:10Z","Illinois State Water Survey Central Analytical Laboratory",448.0,0.00474,5,"2024-06-20","B",,
"d728c8ee-b3de-4fc2-8b0d-8a55d2e25f0d","D19","CARI","CARI.AOS.S2","CARI.SS.20240618.FIL","A00000431525","2024-06-18T19:10Z","2024-06-18T19:10Z","Illinois State Water Survey Central Analytical Laboratory",240.0,0.10544,5,"2024-06-20","B",,
"a47d7401-aad9-4b9c-812d-297f44c86094","D19","CARI","CARI.AOS.S2","CARI.SS.20240618.FIL","A00000431525","2024-06-18T19:10Z","2024-06-18T19:10Z","Illinois State Water Survey Central Analytical Laboratory",396.0,0.01068,5,"2024-06-20","B",,
"55b7a8cb-79a1-4db0-ab8e-2a391a1c11e1","D19","CARI","CARI.AOS.S2","CARI.SS.20240618.FIL","A00000431525","2024-06-18T19:10Z","2024-06-18T19:10Z","Illinois State Water Survey Central Analytical Laboratory",306.0,0.04636,5,"2024-06-20","A",,
"71afe11c-1fb3-409e-baec-811b7c653c85","D19","CARI","CARI.AOS.S2","CARI.SS.20240618.FIL","A00000431525","2024-06-18T19:10Z","2024-06-18T19:10Z","Illinois State Water Survey Central Analytical Laboratory",252.0,0.09190,5,"2024-06-20","B",,
"4e4ed545-ed61-4cef-8e40-284c6a54adf1","D19","CARI","CARI.AOS.S2","CARI.SS.20240618.FIL","A00000431525","2024-06-18T19:10Z","2024-06-18T19:10Z","Illinois State Water Survey Central Analytical Laboratory",418.0,0.00738,5,"2024-06-20","B",,
"56a77502-e6ae-4214-90ba-2397ca95a48e","D19","CARI","CARI.AOS.S2","CARI.SS.20240618.FIL","A00000431525","2024-06-18T19:10Z","2024-06-18T19:10Z","Illinois State Water Survey Central Analytical Laboratory",332.0,0.03152,5,"2024-06-20","B",,
"792f7286-a098-4bda-8f32-697fbadb8445","D19","CARI","CARI.AOS.S2","CARI.SS.20240618.FIL","A00000431525","2024-06-18T19:10Z","2024-06-18T19:10Z","Illinois State Water Survey Central Analytical Laboratory",304.0,0.04772,5,"2024-06-20","A",,
"f1bfb504-908a-4b1e-911c-1dd3ea865a40","D19","CARI","CARI.AOS.S2","CARI.SS.20240618.FIL","A00000431525","2024-06-18T19:10Z","2024-06-18T19:10Z","Illinois State Water Survey Central Analytical Laboratory",376.0,0.01522,5,"2024-06-20","B",,
"c5b4d4d7-68e2-4647-9a16-a62e02ab4127","D19","CARI","CARI.AOS.S2","CARI.SS.20240618.FIL","A00000431525","2024-06-18T19:10Z","2024-06-18T19:10Z","Illinois State Water Survey Central Analytical Laboratory",256.0,0.08880,5,"2024-06-20","A",,
"bea71ce7-83fe-489f-8bbd-38c68083ff2d","D19","CARI","CARI.AOS.S2","CARI.SS.20240618.FIL","A00000431525","2024-06-18T19:10Z","2024-06-18T19:10Z","Illinois State Water Survey Central Analytical Laboratory",350.0,0.02398,5,"2024-06-20","A",,
"363e444b-3e81-4db3-9c76-19d5e6cebfeb","D19","CARI","CARI.AOS.S2","CARI.SS.20240618.FIL","A00000431525","2024-06-18T19:10Z","2024-06-18T19:10Z","Illinois State Water Survey Central Analytical Laboratory",272.0,0.07444,5,"2024-06-20","A",,
"47468739-69be-4190-9e3d-163eb38f1212","D19","CARI","CARI.AOS.S2","CARI.SS.20240618.FIL","A00000431525","2024-06-18T19:10Z","2024-06-18T19:10Z","Illinois State Water Survey Central Analytical Laboratory",496.0,0.00270,5,"2024-06-20","B",,
"7d561e5b-9f42-40df-b0d2-1b22db985f70","D19","CARI","CARI.AOS.S2","CARI.SS.20240618.FIL","A00000431525","2024-06-18T19:10Z","2024-06-18T19:10Z","Illinois State Water Survey Central Analytical Laboratory",578.0,0.00130,5,"2024-06-20","B",,
"b17eea1c-2f6f-4b61-8bb2-042402f45cbe","D19","CARI","CARI.AOS.S2","CARI.SS.20240618.FIL","A00000431525","2024-06-18T19:10Z","2024-06-18T19:10Z","Illinois State Water Survey Central Analytical Laboratory",230.0,0.13812,5,"2024-06-20","B",,
"6580ec0e-3332-4b71-a3ef-2b6baac853a4","D19","CARI","CARI.AOS.S2","CARI.SS.20240618.FIL","A00000431525","2024-06-18T19:10Z","2024-06-18T19:10Z","Illinois State Water Survey Central Analytical Laboratory",536.0,0.00202,5,"2024-06-20","A",,
"e048b838-721b-4cb4-842b-c6ab627f714e","D19","CARI","CARI.AOS.S2","CARI.SS.20240618.FIL","A00000431525","2024-06-18T19:10Z","2024-06-18T19:10Z","Illinois State Water Survey Central Analytical Laboratory",246.0,0.09714,5,"2024-06-20","B",,
"7e7c3733-6997-49c2-9f5e-5a1945d6814d","D19","CARI","CARI.AOS.S2","CARI.SS.20240618.FIL","A00000431525","2024-06-18T19:10Z","2024-06-18T19:10Z","Illinois State Water Survey Central Analytical Laboratory",526.0,0.00198,5,"2024-06-20","B",,
"a365aabd-285b-4cf2-8af9-3d205db7f3b2","D19","CARI","CARI.AOS.S2","CARI.SS.20240618.FIL","A00000431525","2024-06-18T19:10Z","2024-06-18T19:10Z","Illinois State Water Survey Central Analytical Laboratory",244.0,0.09976,5,"2024-06-20","B",,
"d55d18a4-640d-4397-b705-038e7234e523","D19","CARI","CARI.AOS.S2","CARI.SS.20240618.FIL","A00000431525","2024-06-18T19:10Z","2024-06-18T19:10Z","Illinois State Water Survey Central Analytical Laboratory",518.0,0.00236,5,"2024-06-20","A",,
"1937a5cf-8dfa-48bc-aa81-96eeb6ab6495","D19","CARI","CARI.AOS.S2","CARI.SS.20240618.FIL","A00000431525","2024-06-18T19:10Z","2024-06-18T19:10Z","Illinois State Water Survey Central Analytical Laboratory",292.0,0.05634,5,"2024-06-20","B",,
"298f5a10-5b3e-4cd2-b7e7-4fbf9cd8b7ad","D19","CARI","CARI.AOS.S2","CARI.SS.20240618.FIL","A00000431525","2024-06-18T19:10Z","2024-06-18T19:10Z","Illinois State Water Survey Central Analytical Laboratory",520.0,0.00206,5,"2024-06-20","B",,
"f7e678d1-48ec-453d-ae0f-88e5868f84f0","D19","CARI","CARI.AOS.S2","CARI.SS.20240618.FIL","A00000431525","2024-06-18T19:10Z","2024-06-18T19:10Z","Illinois State Water Survey Central Analytical Laboratory",326.0,0.03444,5,"2024-06-20","B",,
"dcf70b21-6baa-46a9-8ff7-ab35f0bfa9b4","D19","CARI","CARI.AOS.S2","CARI.SS.20240618.FIL","A00000431525","2024-06-18T19:10Z","2024-06-18T19:10Z","Illinois State Water Survey Central Analytical Laboratory",258.0,0.08714,5,"2024-06-20","A",,
"c4602ef0-35cd-4b6c-92b6-b6e8db596811","D19","CARI","CARI.AOS.S2","CARI.SS.20240618.FIL","A00000431525","2024-06-18T19:10Z","2024-06-18T19:10Z","Illinois State Water Survey Central Analytical Laboratory",544.0,0.00192,5,"2024-06-20","A",,
"4fda05cd-84a0-4e5f-8e6e-aa9792a7b2af","D19","CARI","CARI.AOS.S2","CARI.SS.20240618.FIL","A00000431525","2024-06-18T19:10Z","2024-06-18T19:10Z","Illinois State Water Survey Central Analytical Laboratory",586.0,0.00120,5,"2024-06-20","B",,
"9f088a62-a124-42e9-b9ce-38fa3194b735","D19","CARI","CARI.AOS.S2","CARI.SS.20240618.FIL","A00000431525","2024-06-18T19:10Z","2024-06-18T19:10Z","Illinois State Water Survey Central Analytical Laboratory",372.0,0.01642,5,"2024-06-20","A",,
"8a9e0bc1-addd-4116-bed0-5d490adccda5","D19","CARI","CARI.AOS.S2","CARI.SS.20240618.FIL","A00000431525","2024-06-18T19:10Z","2024-06-18T19:10Z","Illinois State Water Survey Central Analytical Laboratory",312.0,0.04242,5,"2024-06-20","B",,
"40e2d15d-a00a-402c-95b7-447358fa6a65","D19","CARI","CARI.AOS.S2","CARI.SS.20240618.FIL","A00000431525","2024-06-18T19:10Z","2024-06-18T19:10Z","Illinois State Water Survey Central Analytical Laboratory",364.0,0.01890,5,"2024-06-20","B",,
"ecadbff9-1b80-4e93-8a59-6d0c1d212b0c","D19","CARI","CARI.AOS.S2","CARI.SS.20240618.FIL","A00000431525","2024-06-18T19:10Z","2024-06-18T19:10Z","Illinois State Water Survey Central Analytical Laboratory",524.0,0.00224,5,"2024-06-20","A",,
"143dc02a-7c4b-400d-b866-9c3202cac794","D19","CARI","CARI.AOS.S2","CARI.SS.20240618.FIL","A00000431525","2024-06-18T19:10Z","2024-06-18T19:10Z","Illinois State Water Survey Central Analytical Laboratory",600.0,0.00112,5,"2024-06-20","B",,
"a2b8bf66-b239-4812-9514-1631309403dd","D19","CARI","CARI.AOS.S2","CARI.SS.20240618.FIL","A00000431525","2024-06-18T19:10Z","2024-06-18T19:10Z","Illinois State Water Survey Central Analytical Laboratory",580.0,0.00124,5,"2024-06-20","B",,
"812e38ad-8765-4b61-9d33-5c9f5c5e7afa","D19","CARI","CARI.AOS.S2","CARI.SS.20240618.FIL","A00000431525","2024-06-18T19:10Z","2024-06-18T19:10Z","Illinois State Water Survey Central Analytical Laboratory",244.0,0.09980,5,"2024-06-20","A",,
"6fbb9591-277a-4783-b345-4c4871219b29","D19","CARI","CARI.AOS.S2","CARI.SS.20240618.FIL","A00000431525","2024-06-18T19:10Z","2024-06-18T19:10Z","Illinois State Water Survey Central Analytical Laboratory",582.0,0.00128,5,"2024-06-20","A",,
"727da037-2531-443b-95f2-495144101cbd","D19","CARI","CARI.AOS.S2","CARI.SS.20240618.FIL","A00000431525","2024-06-18T19:10Z","2024-06-18T19:10Z","Illinois State Water Survey Central Analytical Laboratory",558.0,0.00160,5,"2024-06-20","A",,
"a647f71b-f2ac-4816-a9b7-b948b424078b","D19","CARI","CARI.AOS.S2","CARI.SS.20240618.FIL","A00000431525","2024-06-18T19:10Z","2024-06-18T19:10Z","Illinois State Water Survey Central Analytical Laboratory",454.0,0.00452,5,"2024-06-20","A",,
"93c2d5d7-33fe-4e5d-b9d8-53322e29a435","D19","CARI","CARI.AOS.S2","CARI.SS.20240618.FIL","A00000431525","2024-06-18T19:10Z","2024-06-18T19:10Z","Illinois State Water Survey Central Analytical Laboratory",484.0,0.00330,5,"2024-06-20","A",,
"94775285-3641-4a59-a8fa-36cd4ab12d4f","D19","CARI","CARI.AOS.S2","CARI.SS.20240618.FIL","A00000431525","2024-06-18T19:10Z","2024-06-18T19:10Z","Illinois State Water Survey Central Analytical Laboratory",322.0,0.03658,5,"2024-06-20","B",,
"bd17a5aa-6503-4b5f-8226-4b982c050ec6","D19","CARI","CARI.AOS.S2","CARI.SS.20240618.FIL","A00000431525","2024-06-18T19:10Z","2024-06-18T19:10Z","Illinois State Water Survey Central Analytical Laboratory",440.0,0.00536,5,"2024-06-20","B",,
"a9890c29-3402-45f7-88c8-74693e97615d","D19","CARI","CARI.AOS.S2","CARI.SS.20240618.FIL","A00000431525","2024-06-18T19:10Z","2024-06-18T19:10Z","Illinois State Water Survey Central Analytical Laboratory",380.0,0.01416,5,"2024-06-20","B",,
"ae7946a9-65e1-480c-a77e-4ad703b594f6","D19","CARI","CARI.AOS.S2","CARI.SS.20240618.FIL","A00000431525","2024-06-18T19:10Z","2024-06-18T19:10Z","Illinois State Water Survey Central Analytical Laboratory",446.0,0.00486,5,"2024-06-20","B",,
"d950e2b3-a6fa-468d-a893-335da876922f","D19","CARI","CARI.AOS.S2","CARI.SS.20240618.FIL","A00000431525","2024-06-18T19:10Z","2024-06-18T19:10Z","Illinois State Water Survey Central Analytical Laboratory",290.0,0.05794,5,"2024-06-20","B",,
"929db41d-3b31-4844-9b77-f284d2018a11","D19","CARI","CARI.AOS.S2","CARI.SS.20240618.FIL","A00000431525","2024-06-18T19:10Z","2024-06-18T19:10Z","Illinois State Water Survey Central Analytical Laboratory",454.0,0.00440,5,"2024-06-20","B",,
"80853aa3-1b9b-457b-b885-9e419bdec7bb","D19","CARI","CARI.AOS.S2","CARI.SS.20240618.FIL","A00000431525","2024-06-18T19:10Z","2024-06-18T19:10Z","Illinois State Water Survey Central Analytical Laboratory",358.0,0.02092,5,"2024-06-20","B",,
"bb73cdfe-1e59-45ff-85e6-c84dafb28301","D19","CARI","CARI.AOS.S2","CARI.SS.20240618.FIL","A00000431525","2024-06-18T19:10Z","2024-06-18T19:10Z","Illinois State Water Survey Central Analytical Laboratory",516.0,0.00240,5,"2024-06-20","A",,
"b724f420-4e35-4877-a932-2a1243be0575","D19","CARI","CARI.AOS.S2","CARI.SS.20240618.FIL","A00000431525","2024-06-18T19:10Z","2024-06-18T19:10Z","Illinois State Water Survey Central Analytical Laboratory",238.0,0.10942,5,"2024-06-20","A",,
"7f35f58b-b175-42df-bb68-dd274ba766b4","D19","CARI","CARI.AOS.S2","CARI.SS.20240618.FIL","A00000431525","2024-06-18T19:10Z","2024-06-18T19:10Z","Illinois State Water Survey Central Analytical Laboratory",466.0,0.00378,5,"2024-06-20","B",,
"0e463a50-81fa-4d6c-b908-6404ff7dbd6d","D19","CARI","CARI.AOS.S2","CARI.SS.20240618.FIL","A00000431525","2024-06-18T19:10Z","2024-06-18T19:10Z","Illinois State Water Survey Central Analytical Laboratory",356.0,0.02160,5,"2024-06-20","B",,
"74f0f63c-5132-4cd6-8604-0db08d587a18","D19","CARI","CARI.AOS.S2","CARI.SS.20240618.FIL","A00000431525","2024-06-18T19:10Z","2024-06-18T19:10Z","Illinois State Water Survey Central Analytical Laboratory",488.0,0.00300,5,"2024-06-20","B",,
"f5ac2bd8-e1ef-4caf-a3cb-fccad3e30deb","D19","CARI","CARI.AOS.S2","CARI.SS.20240618.FIL","A00000431525","2024-06-18T19:10Z","2024-06-18T19:10Z","Illinois State Water Survey Central Analytical Laboratory",450.0,0.00474,5,"2024-06-20","A",,
"871797a4-bb17-4206-9edd-1d3198a6147b","D19","CARI","CARI.AOS.S2","CARI.SS.20240618.FIL","A00000431525","2024-06-18T19:10Z","2024-06-18T19:10Z","Illinois State Water Survey Central Analytical Laboratory",444.0,0.00514,5,"2024-06-20","A",,
"cdd612dc-6ef8-4885-884b-57a10fc5f6bd","D19","CARI","CARI.AOS.S2","CARI.SS.20240618.FIL","A00000431525","2024-06-18T19:10Z","2024-06-18T19:10Z","Illinois State Water Survey Central Analytical Laboratory",254.0,0.09042,5,"2024-06-20","B",,
"fa0a2e29-fb25-4219-8eca-144543067b73","D19","CARI","CARI.AOS.S2","CARI.SS.20240618.FIL","A00000431525","2024-06-18T19:10Z","2024-06-18T19:10Z","Illinois State Water Survey Central Analytical Laboratory",458.0,0.00418,5,"2024-06-20","B",,
"92888c19-16c6-40d6-885d-c17b3008ce1a","D19","CARI","CARI.AOS.S2","CARI.SS.20240618.FIL","A00000431525","2024-06-18T19:10Z","2024-06-18T19:10Z","Illinois State Water Survey Central Analytical Laboratory",494.0,0.00278,5,"2024-06-20","B",,
"e68da4f6-b6c3-4a56-b00e-80759cbe1dfb","D19","CARI","CARI.AOS.S2","CARI.SS.20240618.FIL","A00000431525","2024-06-18T19:10Z","2024-06-18T19:10Z","Illinois State Water Survey Central Analytical Laboratory",320.0,0.03776,5,"2024-06-20","B",,
"561666b7-c6fe-4dce-b9af-f2b62fb19982","D19","CARI","CARI.AOS.S2","CARI.SS.20240618.FIL","A00000431525","2024-06-18T19:10Z","2024-06-18T19:10Z","Illinois State Water Survey Central Analytical Laboratory",372.0,0.01632,5,"2024-06-20","B",,
"0dc6cda5-7fc3-41f4-8c8f-d7d800188402","D19","CARI","CARI.AOS.S2","CARI.SS.20240618.FIL","A00000431525","2024-06-18T19:10Z","2024-06-18T19:10Z","Illinois State Water Survey Central Analytical Laboratory",474.0,0.00352,5,"2024-06-20","B",,
"696c4ea4-3600-4bfe-af71-2d43658d49c8","D19","CARI","CARI.AOS.S2","CARI.SS.20240618.FIL","A00000431525","2024-06-18T19:10Z","2024-06-18T19:10Z","Illinois State Water Survey Central Analytical Laboratory",304.0,0.04762,5,"2024-06-20","B",,
"520ffd62-c9cc-401a-abbd-b2bc458ff0b5","D19","CARI","CARI.AOS.S2","CARI.SS.20240618.FIL","A00000431525","2024-06-18T19:10Z","2024-06-18T19:10Z","Illinois State Water Survey Central Analytical Laboratory",334.0,0.03064,5,"2024-06-20","B",,
"bb85acc7-69c4-4dda-a1a5-06e395a48aae","D19","CARI","CARI.AOS.S2","CARI.SS.20240618.FIL","A00000431525","2024-06-18T19:10Z","2024-06-18T19:10Z","Illinois State Water Survey Central Analytical Laboratory",540.0,0.00176,5,"2024-06-20","B",,
"87d75537-cee4-4a15-be78-65b6584b6e64","D19","CARI","CARI.AOS.S2","CARI.SS.20240618.FIL","A00000431525","2024-06-18T19:10Z","2024-06-18T19:10Z","Illinois State Water Survey Central Analytical Laboratory",360.0,0.02016,5,"2024-06-20","B",,
"d6628339-3d58-4546-9975-f0bf17d43b42","D19","CARI","CARI.AOS.S2","CARI.SS.20240618.FIL","A00000431525","2024-06-18T19:10Z","2024-06-18T19:10Z","Illinois State Water Survey Central Analytical Laboratory",484.0,0.00314,5,"2024-06-20","B",,
"4a6fcad5-9bdf-488b-b98f-ba3346bfbdde","D19","CARI","CARI.AOS.S2","CARI.SS.20240618.FIL","A00000431525","2024-06-18T19:10Z","2024-06-18T19:10Z","Illinois State Water Survey Central Analytical Laboratory",524.0,0.00202,5,"2024-06-20","B",,
"e4e75510-c584-41c0-9730-55d85177430a","D19","CARI","CARI.AOS.S2","CARI.SS.20240618.FIL","A00000431525","2024-06-18T19:10Z","2024-06-18T19:10Z","Illinois State Water Survey Central Analytical Laboratory",284.0,0.06306,5,"2024-06-20","B",,
"ba4d67c7-9592-4007-9ad1-1a0302f27139","D19","CARI","CARI.AOS.S2","CARI.SS.20240618.FIL","A00000431525","2024-06-18T19:10Z","2024-06-18T19:10Z","Illinois State Water Survey Central Analytical Laboratory",538.0,0.00200,5,"2024-06-20","A",,
"96de232b-c834-45b0-b612-64a2edf4d654","D19","CARI","CARI.AOS.S2","CARI.SS.20240618.FIL","A00000431525","2024-06-18T19:10Z","2024-06-18T19:10Z","Illinois State Water Survey Central Analytical Laboratory",274.0,0.07240,5,"2024-06-20","A",,
"210d132e-a84b-48c8-be40-ad3c6194dd45","D19","CARI","CARI.AOS.S2","CARI.SS.20240618.FIL","A00000431525","2024-06-18T19:10Z","2024-06-18T19:10Z","Illinois State Water Survey Central Analytical Laboratory",232.0,0.12822,5,"2024-06-20","B",,
"4c1874f9-43f0-4acc-9846-1928c57317fd","D19","CARI","CARI.AOS.S2","CARI.SS.20240618.FIL","A00000431525","2024-06-18T19:10Z","2024-06-18T19:10Z","Illinois State Water Survey Central Analytical Laboratory",486.0,0.00324,5,"2024-06-20","A",,
"16d47c5c-5faf-419b-a229-bacba4f6950b","D19","CARI","CARI.AOS.S2","CARI.SS.20240618.FIL","A00000431525","2024-06-18T19:10Z","2024-06-18T19:10Z","Illinois State Water Survey Central Analytical Laboratory",290.0,0.05802,5,"2024-06-20","A",,
"66b4198b-f103-46bc-96b3-30206a90b23f","D19","CARI","CARI.AOS.S2","CARI.SS.20240618.FIL","A00000431525","2024-06-18T19:10Z","2024-06-18T19:10Z","Illinois State Water Survey Central Analytical Laboratory",364.0,0.01894,5,"2024-06-20","A",,
"dddf8d43-3f35-40a1-a146-71589b516de0","D19","CARI","CARI.AOS.S2","CARI.SS.20240618.FIL","A00000431525","2024-06-18T19:10Z","2024-06-18T19:10Z","Illinois State Water Survey Central Analytical Laboratory",410.0,0.00850,5,"2024-06-20","A",,
"15bcfa23-7a6d-496f-81d9-99f5d254652e","D19","CARI","CARI.AOS.S2","CARI.SS.20240618.FIL","A00000431525","2024-06-18T19:10Z","2024-06-18T19:10Z","Illinois State Water Survey Central Analytical Laboratory",522.0,0.00204,5,"2024-06-20","B",,
"567aeff8-ec75-4b4c-a0de-e6fa7807c458","D19","CARI","CARI.AOS.S2","CARI.SS.20240618.FIL","A00000431525","2024-06-18T19:10Z","2024-06-18T19:10Z","Illinois State Water Survey Central Analytical Laboratory",584.0,0.00124,5,"2024-06-20","B",,
"b76a2761-5854-41bc-b4f6-384c3f1dbb8d","D19","CARI","CARI.AOS.S2","CARI.SS.20240618.FIL","A00000431525","2024-06-18T19:10Z","2024-06-18T19:10Z","Illinois State Water Survey Central Analytical Laboratory",464.0,0.00402,5,"2024-06-20","A",,
"a5ad9eed-963d-4015-9170-b94a0b3179d0","D19","CARI","CARI.AOS.S2","CARI.SS.20240618.FIL","A00000431525","2024-06-18T19:10Z","2024-06-18T19:10Z","Illinois State Water Survey Central Analytical Laboratory",264.0,0.08208,5,"2024-06-20","A",,
"a1893a8b-25a9-46ee-b98a-aafaea31387a","D19","CARI","CARI.AOS.S2","CARI.SS.20240618.FIL","A00000431525","2024-06-18T19:10Z","2024-06-18T19:10Z","Illinois State Water Survey Central Analytical Laboratory",468.0,0.00370,5,"2024-06-20","B",,
"5325ac78-79db-4f9c-86ef-2fc5b8a3df1c","D19","CARI","CARI.AOS.S2","CARI.SS.20240618.FIL","A00000431525","2024-06-18T19:10Z","2024-06-18T19:10Z","Illinois State Water Survey Central Analytical Laboratory",504.0,0.00250,5,"2024-06-20","B",,
"166d4186-2a8e-40c6-b3c1-d6a203dbed0b","D19","CARI","CARI.AOS.S2","CARI.SS.20240618.FIL","A00000431525","2024-06-18T19:10Z","2024-06-18T19:10Z","Illinois State Water Survey Central Analytical Laboratory",460.0,0.00404,5,"2024-06-20","B",,
"77da15e1-d4d8-42df-b2fb-027a2294f6c0","D19","CARI","CARI.AOS.S2","CARI.SS.20240618.FIL","A00000431525","2024-06-18T19:10Z","2024-06-18T19:10Z","Illinois State Water Survey Central Analytical Laboratory",508.0,0.00238,5,"2024-06-20","B",,
"fc620c7f-074f-4961-b5bc-1fb545aa8f7a","D19","CARI","CARI.AOS.S2","CARI.SS.20240618.FIL","A00000431525","2024-06-18T19:10Z","2024-06-18T19:10Z","Illinois State Water Survey Central Analytical Laboratory",430.0,0.00622,5,"2024-06-20","B",,
"15fe5f51-da0c-40bb-bd89-2d65e576339e","D19","CARI","CARI.AOS.S2","CARI.SS.20240618.FIL","A00000431525","2024-06-18T19:10Z","2024-06-18T19:10Z","Illinois State Water Survey Central Analytical Laboratory",586.0,0.00130,5,"2024-06-20","A",,
"7317151c-0d1d-4bae-9ec4-287631b8d29d","D19","CARI","CARI.AOS.S2","CARI.SS.20240618.FIL","A00000431525","2024-06-18T19:10Z","2024-06-18T19:10Z","Illinois State Water Survey Central Analytical Laboratory",476.0,0.00342,5,"2024-06-20","B",,
"5d812e56-a571-4dec-9148-ac61645c3554","D19","CARI","CARI.AOS.S2","CARI.SS.20240618.FIL","A00000431525","2024-06-18T19:10Z","2024-06-18T19:10Z","Illinois State Water Survey Central Analytical Laboratory",504.0,0.00268,5,"2024-06-20","A",,
"3d624c6e-ddb3-4cb5-8132-c83906e21bd8","D19","CARI","CARI.AOS.S2","CARI.SS.20240618.FIL","A00000431525","2024-06-18T19:10Z","2024-06-18T19:10Z","Illinois State Water Survey Central Analytical Laboratory",424.0,0.00680,5,"2024-06-20","B",,
"e9899948-8d5f-4afb-9048-7feb2a5f6245","D19","CARI","CARI.AOS.S2","CARI.SS.20240618.FIL","A00000431525","2024-06-18T19:10Z","2024-06-18T19:10Z","Illinois State Water Survey Central Analytical Laboratory",326.0,0.03456,5,"2024-06-20","A",,
"fbc433a6-b9d5-4507-bf71-57f5b69eb543","D19","CARI","CARI.AOS.S2","CARI.SS.20240618.FIL","A00000431525","2024-06-18T19:10Z","2024-06-18T19:10Z","Illinois State Water Survey Central Analytical Laboratory",562.0,0.00140,5,"2024-06-20","B",,
"1a3c8281-8000-4f4c-acc4-db77891ed410","D19","CARI","CARI.AOS.S2","CARI.SS.20240618.FIL","A00000431525","2024-06-18T19:10Z","2024-06-18T19:10Z","Illinois State Water Survey Central Analytical Laboratory",582.0,0.00118,5,"2024-06-20","B",,
"e8598a2f-89d1-4403-a43a-efa94e0e1c87","D19","CARI","CARI.AOS.S2","CARI.SS.20240618.FIL","A00000431525","2024-06-18T19:10Z","2024-06-18T19:10Z","Illinois State Water Survey Central Analytical Laboratory",300.0,0.05036,5,"2024-06-20","B",,
"4d4c9356-65cf-4748-a0b2-d545e648d6d5","D19","CARI","CARI.AOS.S2","CARI.SS.20240618.FIL","A00000431525","2024-06-18T19:10Z","2024-06-18T19:10Z","Illinois State Water Survey Central Analytical Laboratory",512.0,0.00228,5,"2024-06-20","B",,
"ea971a84-15ac-4b03-9e97-ee43de369058","D19","CARI","CARI.AOS.S2","CARI.SS.20240618.FIL","A00000431525","2024-06-18T19:10Z","2024-06-18T19:10Z","Illinois State Water Survey Central Analytical Laboratory",492.0,0.00306,5,"2024-06-20","A",,
"26455994-4f6b-483d-b126-901ed93f6b11","D19","CARI","CARI.AOS.S2","CARI.SS.20240618.FIL","A00000431525","2024-06-18T19:10Z","2024-06-18T19:10Z","Illinois State Water Survey Central Analytical Laboratory",422.0,0.00706,5,"2024-06-20","A",,
"87ec7057-0229-4079-bbbb-747b114cfc84","D19","CARI","CARI.AOS.S2","CARI.SS.20240618.FIL","A00000431525","2024-06-18T19:10Z","2024-06-18T19:10Z","Illinois State Water Survey Central Analytical Laboratory",560.0,0.00152,5,"2024-06-20","B",,
"2accacd0-9c9d-4003-84f4-83470a68d0c4","D19","CARI","CARI.AOS.S2","CARI.SS.20240618.FIL","A00000431525","2024-06-18T19:10Z","2024-06-18T19:10Z","Illinois State Water Survey Central Analytical Laboratory",528.0,0.00220,5,"2024-06-20","A",,
"289db2c1-1c9f-4fec-92c8-060b5e0609d4","D19","CARI","CARI.AOS.S2","CARI.SS.20240618.FIL","A00000431525","2024-06-18T19:10Z","2024-06-18T19:10Z","Illinois State Water Survey Central Analytical Laboratory",270.0,0.07610,5,"2024-06-20","B",,
"d0dd8079-8f09-421e-9be4-6a0943d224ec","D19","CARI","CARI.AOS.S2","CARI.SS.20240618.FIL","A00000431525","2024-06-18T19:10Z","2024-06-18T19:10Z","Illinois State Water Survey Central Analytical Laboratory",294.0,0.05468,5,"2024-06-20","B",,
"cf93c140-595e-4bf4-90a5-ec3050215e4d","D19","CARI","CARI.AOS.S2","CARI.SS.20240618.FIL","A00000431525","2024-06-18T19:10Z","2024-06-18T19:10Z","Illinois State Water Survey Central Analytical Laboratory",514.0,0.00220,5,"2024-06-20","B",,
"192dd1bf-1ec7-470f-97f6-0f85108a70d4","D19","CARI","CARI.AOS.S2","CARI.SS.20240618.FIL","A00000431525","2024-06-18T19:10Z","2024-06-18T19:10Z","Illinois State Water Survey Central Analytical Laboratory",546.0,0.00164,5,"2024-06-20","B",,
"88cebc3a-4c92-4266-b542-3dd17669a2e2","D19","CARI","CARI.AOS.S2","CARI.SS.20240618.FIL","A00000431525","2024-06-18T19:10Z","2024-06-18T19:10Z","Illinois State Water Survey Central Analytical Laboratory",328.0,0.03362,5,"2024-06-20","A",,
"b620c5d6-b3fe-48d9-a38d-be65cf50c572","D19","CARI","CARI.AOS.S2","CARI.SS.20240618.FIL","A00000431525","2024-06-18T19:10Z","2024-06-18T19:10Z","Illinois State Water Survey Central Analytical Laboratory",220.0,0.22596,5,"2024-06-20","A",,
"8aebb490-8d12-4618-972d-3d891f4a9f95","D19","CARI","CARI.AOS.S2","CARI.SS.20240618.FIL","A00000431525","2024-06-18T19:10Z","2024-06-18T19:10Z","Illinois State Water Survey Central Analytical Laboratory",490.0,0.00310,5,"2024-06-20","A",,
"ee953805-d4ea-489d-9138-3cab77489100","D19","CARI","CARI.AOS.S2","CARI.SS.20240618.FIL","A00000431525","2024-06-18T19:10Z","2024-06-18T19:10Z","Illinois State Water Survey Central Analytical Laboratory",452.0,0.00452,5,"2024-06-20","B",,
"fc30edb0-f7cd-42f5-a243-a7380f50454f","D19","CARI","CARI.AOS.S2","CARI.SS.20240618.FIL","A00000431525","2024-06-18T19:10Z","2024-06-18T19:10Z","Illinois State Water Survey Central Analytical Laboratory",414.0,0.00794,5,"2024-06-20","A",,
"2aeaad05-28d0-4c1e-a351-3be629c06266","D19","CARI","CARI.AOS.S2","CARI.SS.20240618.FIL","A00000431525","2024-06-18T19:10Z","2024-06-18T19:10Z","Illinois State Water Survey Central Analytical Laboratory",282.0,0.06486,5,"2024-06-20","B",,
"5340084f-9a50-4c3b-8e62-f594234b3570","D19","CARI","CARI.AOS.S2","CARI.SS.20240618.FIL","A00000431525","2024-06-18T19:10Z","2024-06-18T19:10Z","Illinois State Water Survey Central Analytical Laboratory",230.0,0.13812,5,"2024-06-20","A",,
"34561a0b-e202-4ce0-bb00-77ba2d85dcbe","D19","CARI","CARI.AOS.S2","CARI.SS.20240618.FIL","A00000431525","2024-06-18T19:10Z","2024-06-18T19:10Z","Illinois State Water Survey Central Analytical Laboratory",310.0,0.04376,5,"2024-06-20","A",,
"0669304c-0408-4fd4-9c5b-7d79846411b4","D19","CARI","CARI.AOS.S2","CARI.SS.20240618.FIL","A00000431525","2024-06-18T19:10Z","2024-06-18T19:10Z","Illinois State Water Survey Central Analytical Laboratory",410.0,0.00848,5,"2024-06-20","B",,
"191bb7aa-6485-401b-8cc6-6df7a725551e","D19","CARI","CARI.AOS.S2","CARI.SS.20240618.FIL","A00000431525","2024-06-18T19:10Z","2024-06-18T19:10Z","Illinois State Water Survey Central Analytical Laboratory",394.0,0.01110,5,"2024-06-20","A",,
"05e2a56e-4c5e-42d2-b838-3bf87ddbd936","D19","CARI","CARI.AOS.S2","CARI.SS.20240618.FIL","A00000431525","2024-06-18T19:10Z","2024-06-18T19:10Z","Illinois State Water Survey Central Analytical Laboratory",282.0,0.06494,5,"2024-06-20","A",,
"0e6266a5-1f4c-4297-9160-041335305e33","D19","CARI","CARI.AOS.S2","CARI.SS.20240618.FIL","A00000431525","2024-06-18T19:10Z","2024-06-18T19:10Z","Illinois State Water Survey Central Analytical Laboratory",438.0,0.00562,5,"2024-06-20","A",,
"c2553488-c6bb-4f86-aea1-0f61fc547f23","D19","CARI","CARI.AOS.S2","CARI.SS.20240618.FIL","A00000431525","2024-06-18T19:10Z","2024-06-18T19:10Z","Illinois State Water Survey Central Analytical Laboratory",356.0,0.02166,5,"2024-06-20","A",,
"2e61f887-b992-4226-a770-3cfd68ea4145","D19","CARI","CARI.AOS.S2","CARI.SS.20240618.FIL","A00000431525","2024-06-18T19:10Z","2024-06-18T19:10Z","Illinois State Water Survey Central Analytical Laboratory",242.0,0.10216,5,"2024-06-20","A",,
"5ac4b962-1051-4a27-9d7e-6ac35fcd3259","D19","CARI","CARI.AOS.S2","CARI.SS.20240618.FIL","A00000431525","2024-06-18T19:10Z","2024-06-18T19:10Z","Illinois State Water Survey Central Analytical Laboratory",224.0,0.18086,5,"2024-06-20","B",,
"b9515d1c-5b1c-44dd-be61-6a650b8c755e","D19","CARI","CARI.AOS.S2","CARI.SS.20240618.FIL","A00000431525","2024-06-18T19:10Z","2024-06-18T19:10Z","Illinois State Water Survey Central Analytical Laboratory",222.0,0.20196,5,"2024-06-20","B",,
"18d8bc6e-a658-4c13-85a3-1b53b788b036","D19","CARI","CARI.AOS.S2","CARI.SS.20240618.FIL","A00000431525","2024-06-18T19:10Z","2024-06-18T19:10Z","Illinois State Water Survey Central Analytical Laboratory",346.0,0.02550,5,"2024-06-20","B",,
"056e33ed-1c81-432e-bf16-91e522ea4356","D19","CARI","CARI.AOS.S2","CARI.SS.20240618.FIL","A00000431525","2024-06-18T19:10Z","2024-06-18T19:10Z","Illinois State Water Survey Central Analytical Laboratory",498.0,0.00284,5,"2024-06-20","A",,
"bc00755c-8317-4f81-9fb4-ed2def56a18d","D19","CARI","CARI.AOS.S2","CARI.SS.20240618.FIL","A00000431525","2024-06-18T19:10Z","2024-06-18T19:10Z","Illinois State Water Survey Central Analytical Laboratory",334.0,0.03074,5,"2024-06-20","A",,
"9e52eeba-ecf2-454d-8c19-fe34ed22f675","D19","CARI","CARI.AOS.S2","CARI.SS.20240618.FIL","A00000431525","2024-06-18T19:10Z","2024-06-18T19:10Z","Illinois State Water Survey Central Analytical Laboratory",502.0,0.00256,5,"2024-06-20","B",,
"537b3019-ad2e-47d6-8c3a-29a1f74e4391","D19","CARI","CARI.AOS.S2","CARI.SS.20240618.FIL","A00000431525","2024-06-18T19:10Z","2024-06-18T19:10Z","Illinois State Water Survey Central Analytical Laboratory",508.0,0.00260,5,"2024-06-20","A",,
"22fbafac-7ba4-434a-b12b-f4ad9bdbfe35","D19","CARI","CARI.AOS.S2","CARI.SS.20240618.FIL","A00000431525","2024-06-18T19:10Z","2024-06-18T19:10Z","Illinois State Water Survey Central Analytical Laboratory",408.0,0.00876,5,"2024-06-20","B",,
"09fbde43-d188-4048-bb02-03999994a973","D19","CARI","CARI.AOS.S2","CARI.SS.20240618.FIL","A00000431525","2024-06-18T19:10Z","2024-06-18T19:10Z","Illinois State Water Survey Central Analytical Laboratory",352.0,0.02312,5,"2024-06-20","B",,
"4d3a9655-4781-46fd-8160-c73a3969f87f","D19","CARI","CARI.AOS.S2","CARI.SS.20240618.FIL","A00000431525","2024-06-18T19:10Z","2024-06-18T19:10Z","Illinois State Water Survey Central Analytical Laboratory",470.0,0.00376,5,"2024-06-20","A",,
"9b0c840c-7553-46b5-8be0-b92c423ed236","D19","CARI","CARI.AOS.S2","CARI.SS.20240618.FIL","A00000431525","2024-06-18T19:10Z","2024-06-18T19:10Z","Illinois State Water Survey Central Analytical Laboratory",298.0,0.05190,5,"2024-06-20","A",,
"5c3bb373-817b-4fe1-94ab-beff94454fa9","D19","CARI","CARI.AOS.S2","CARI.SS.20240618.FIL","A00000431525","2024-06-18T19:10Z","2024-06-18T19:10Z","Illinois State Water Survey Central Analytical Laboratory",542.0,0.00194,5,"2024-06-20","A",,
"bf43e365-6c0f-4e74-a9ca-9aa27807163a","D19","CARI","CARI.AOS.S2","CARI.SS.20240618.FIL","A00000431525","2024-06-18T19:10Z","2024-06-18T19:10Z","Illinois State Water Survey Central Analytical Laboratory",564.0,0.00140,5,"2024-06-20","B",,
"80c40fa7-09c0-4759-a333-a4cee12c790c","D19","CARI","CARI.AOS.S2","CARI.SS.20240618.FIL","A00000431525","2024-06-18T19:10Z","2024-06-18T19:10Z","Illinois State Water Survey Central Analytical Laboratory",488.0,0.00318,5,"2024-06-20","A",,
"d5e254a5-1378-4b5f-ae35-d8d0f1bde3dd","D19","CARI","CARI.AOS.S2","CARI.SS.20240618.FIL","A00000431525","2024-06-18T19:10Z","2024-06-18T19:10Z","Illinois State Water Survey Central Analytical Laboratory",438.0,0.00552,5,"2024-06-20","B",,
"6d6430d6-dc44-4760-b11c-4647ca914677","D19","CARI","CARI.AOS.S2","CARI.SS.20240618.FIL","A00000431525","2024-06-18T19:10Z","2024-06-18T19:10Z","Illinois State Water Survey Central Analytical Laboratory",530.0,0.00192,5,"2024-06-20","B",,
"b2cf5f4e-e6e5-4b1e-8b36-2c44f3eadd2a","D19","CARI","CARI.AOS.S2","CARI.SS.20240618.FIL","A00000431525","2024-06-18T19:10Z","2024-06-18T19:10Z","Illinois State Water Survey Central Analytical Laboratory",260.0,0.08554,5,"2024-06-20","A",,
"f47140ef-106c-47ff-a3e2-ae200144a646","D19","CARI","CARI.AOS.S2","CARI.SS.20240618.FIL","A00000431525","2024-06-18T19:10Z","2024-06-18T19:10Z","Illinois State Water Survey Central Analytical Laboratory",278.0,0.06858,5,"2024-06-20","B",,
"996e420d-5a8f-4fcd-8a04-fce4ae2bd5e1","D19","CARI","CARI.AOS.S2","CARI.SS.20240618.FIL","A00000431525","2024-06-18T19:10Z","2024-06-18T19:10Z","Illinois State Water Survey Central Analytical Laboratory",428.0,0.00640,5,"2024-06-20","B",,
"999eba7b-b09f-4446-b854-ab2c453fd0b5","D19","CARI","CARI.AOS.S2","CARI.SS.20240618.FIL","A00000431525","2024-06-18T19:10Z","2024-06-18T19:10Z","Illinois State Water Survey Central Analytical Laboratory",406.0,0.00912,5,"2024-06-20","A",,
"ff2362b5-1744-4ecd-91c4-a9166c854aa9","D19","CARI","CARI.AOS.S2","CARI.SS.20240618.FIL","A00000431525","2024-06-18T19:10Z","2024-06-18T19:10Z","Illinois State Water Survey Central Analytical Laboratory",392.0,0.01144,5,"2024-06-20","A",,
"dfca1d31-a27f-4211-8353-62a6bf9b0b20","D19","CARI","CARI.AOS.S2","CARI.SS.20240618.FIL","A00000431525","2024-06-18T19:10Z","2024-06-18T19:10Z","Illinois State Water Survey Central Analytical Laboratory",250.0,0.09368,5,"2024-06-20","A",,
"1bf764ec-024f-4246-844d-64f14aaeff87","D19","CARI","CARI.AOS.S2","CARI.SS.20240618.FIL","A00000431525","2024-06-18T19:10Z","2024-06-18T19:10Z","Illinois State Water Survey Central Analytical Laboratory",344.0,0.02626,5,"2024-06-20","B",,
"8a4e987a-5705-4085-9c3e-ee48f46e9bb3","D19","CARI","CARI.AOS.S2","CARI.SS.20240618.FIL","A00000431525","2024-06-18T19:10Z","2024-06-18T19:10Z","Illinois State Water Survey Central Analytical Laboratory",594.0,0.00124,5,"2024-06-20","A",,
"8e483ed0-517c-4ae3-82d4-7a92c8e927cf","D19","CARI","CARI.AOS.S2","CARI.SS.20240618.FIL","A00000431525","2024-06-18T19:10Z","2024-06-18T19:10Z","Illinois State Water Survey Central Analytical Laboratory",252.0,0.09194,5,"2024-06-20","A",,
"9bc9606e-6c95-4080-84a9-5734ac636eaa","D19","CARI","CARI.AOS.S2","CARI.SS.20240618.FIL","A00000431525","2024-06-18T19:10Z","2024-06-18T19:10Z","Illinois State Water Survey Central Analytical Laboratory",460.0,0.00418,5,"2024-06-20","A",,
"ace5da5e-a1c8-468f-a9cb-1541b3c42c14","D19","CARI","CARI.AOS.S2","CARI.SS.20240618.FIL","A00000431525","2024-06-18T19:10Z","2024-06-18T19:10Z","Illinois State Water Survey Central Analytical Laboratory",552.0,0.00172,5,"2024-06-20","A",,
"f69f5b57-70ff-42b7-9a67-18d953e2bfb1","D19","CARI","CARI.AOS.S2","CARI.SS.20240618.FIL","A00000431525","2024-06-18T19:10Z","2024-06-18T19:10Z","Illinois State Water Survey Central Analytical Laboratory",600.0,0.00114,5,"2024-06-20","A",,
"81a02697-b4ae-441e-92a2-6d6a27ac45bd","D19","CARI","CARI.AOS.S2","CARI.SS.20240618.FIL","A00000431525","2024-06-18T19:10Z","2024-06-18T19:10Z","Illinois State Water Survey Central Analytical Laboratory",480.0,0.00328,5,"2024-06-20","B",,
"28424adb-71c6-47cd-97de-668d1ed0dad2","D19","CARI","CARI.AOS.S2","CARI.SS.20240618.FIL","A00000431525","2024-06-18T19:10Z","2024-06-18T19:10Z","Illinois State Water Survey Central Analytical Laboratory",288.0,0.05976,5,"2024-06-20","A",,
"57fb00e4-1c18-4089-bb16-f5c7e8d06584","D19","CARI","CARI.AOS.S2","CARI.SS.20240618.FIL","A00000431525","2024-06-18T19:10Z","2024-06-18T19:10Z","Illinois State Water Survey Central Analytical Laboratory",572.0,0.00150,5,"2024-06-20","A",,
"0b30b570-3b47-4285-8312-a7ea8091af91","D19","CARI","CARI.AOS.S2","CARI.SS.20240618.FIL","A00000431525","2024-06-18T19:10Z","2024-06-18T19:10Z","Illinois State Water Survey Central Analytical Laboratory",284.0,0.06314,5,"2024-06-20","A",,
"954c1e00-8aeb-4f11-a73a-bb2f12d24d6f","D19","CARI","CARI.AOS.S2","CARI.SS.20240618.FIL","A00000431525","2024-06-18T19:10Z","2024-06-18T19:10Z","Illinois State Water Survey Central Analytical Laboratory",384.0,0.01322,5,"2024-06-20","A",,
"67c5272f-648c-41bd-9c1e-2026b03100b6","D19","CARI","CARI.AOS.S2","CARI.SS.20240618.FIL","A00000431525","2024-06-18T19:10Z","2024-06-18T19:10Z","Illinois State Water Survey Central Analytical Laboratory",386.0,0.01278,5,"2024-06-20","A",,
"da39c688-fee1-4fdb-b3a7-f1cf8d2cfec3","D19","CARI","CARI.AOS.S2","CARI.SS.20240618.FIL","A00000431525","2024-06-18T19:10Z","2024-06-18T19:10Z","Illinois State Water Survey Central Analytical Laboratory",260.0,0.08550,5,"2024-06-20","B",,
"1038cd65-076c-4870-99e0-a453c83343ba","D19","CARI","CARI.AOS.S2","CARI.SS.20240618.FIL","A00000431525","2024-06-18T19:10Z","2024-06-18T19:10Z","Illinois State Water Survey Central Analytical Laboratory",348.0,0.02468,5,"2024-06-20","B",,
"e48ee71b-ec58-46c8-8901-80a91fd6633e","D19","CARI","CARI.AOS.S2","CARI.SS.20240618.FIL","A00000431525","2024-06-18T19:10Z","2024-06-18T19:10Z","Illinois State Water Survey Central Analytical Laboratory",546.0,0.00184,5,"2024-06-20","A",,
"e7775822-2e3b-407b-bb06-7b283b411f28","D19","CARI","CARI.AOS.S2","CARI.SS.20240618.FIL","A00000431525","2024-06-18T19:10Z","2024-06-18T19:10Z","Illinois State Water Survey Central Analytical Laboratory",366.0,0.01826,5,"2024-06-20","A",,
"bb6d687c-3e3d-4cb4-8ff7-dec47edfdb28","D19","CARI","CARI.AOS.S2","CARI.SS.20240618.FIL","A00000431525","2024-06-18T19:10Z","2024-06-18T19:10Z","Illinois State Water Survey Central Analytical Laboratory",568.0,0.00146,5,"2024-06-20","A",,
"be4c367f-1a06-4f8f-b4ca-5b518b910846","D19","CARI","CARI.AOS.S2","CARI.SS.20240618.FIL","A00000431525","2024-06-18T19:10Z","2024-06-18T19:10Z","Illinois State Water Survey Central Analytical Laboratory",384.0,0.01316,5,"2024-06-20","B",,
"2acdbebd-8cd9-4f96-9add-75cd86ef925c","D19","CARI","CARI.AOS.S2","CARI.SS.20240618.FIL","A00000431525","2024-06-18T19:10Z","2024-06-18T19:10Z","Illinois State Water Survey Central Analytical Laboratory",528.0,0.00196,5,"2024-06-20","B",,
"4b8f59e3-082d-47a3-b6c7-32664c8e108c","D19","CARI","CARI.AOS.S2","CARI.SS.20240618.FIL","A00000431525","2024-06-18T19:10Z","2024-06-18T19:10Z","Illinois State Water Survey Central Analytical Laboratory",388.0,0.01228,5,"2024-06-20","A",,
"d4a187ca-5baf-45e0-8f72-31e1d1f86330","D19","CARI","CARI.AOS.S2","CARI.SS.20240618.FIL","A00000431525","2024-06-18T19:10Z","2024-06-18T19:10Z","Illinois State Water Survey Central Analytical Laboratory",478.0,0.00348,5,"2024-06-20","A",,
"15fd1b9e-9e17-43ed-80a7-0d55992aec7f","D19","CARI","CARI.AOS.S2","CARI.SS.20240618.FIL","A00000431525","2024-06-18T19:10Z","2024-06-18T19:10Z","Illinois State Water Survey Central Analytical Laboratory",342.0,0.02718,5,"2024-06-20","A",,
"55e4431d-91a6-487a-a2a5-5f8c685edfb8","D19","CARI","CARI.AOS.S2","CARI.SS.20240618.FIL","A00000431525","2024-06-18T19:10Z","2024-06-18T19:10Z","Illinois State Water Survey Central Analytical Laboratory",564.0,0.00154,5,"2024-06-20","A",,
"3b3388b9-849a-457d-90b4-f266ac578945","D19","CARI","CARI.AOS.S2","CARI.SS.20240618.FIL","A00000431525","2024-06-18T19:10Z","2024-06-18T19:10Z","Illinois State Water Survey Central Analytical Laboratory",226.0,0.16308,5,"2024-06-20","A",,
"336a60ed-0a1a-443d-9dd7-bb64d0655e6f","D19","CARI","CARI.AOS.S2","CARI.SS.20240618.FIL","A00000431525","2024-06-18T19:10Z","2024-06-18T19:10Z","Illinois State Water Survey Central Analytical Laboratory",456.0,0.00428,5,"2024-06-20","B",,
"a31c565b-3d29-49cc-ba02-944ff53ec03a","D19","CARI","CARI.AOS.S2","CARI.SS.20240618.FIL","A00000431525","2024-06-18T19:10Z","2024-06-18T19:10Z","Illinois State Water Survey Central Analytical Laboratory",432.0,0.00612,5,"2024-06-20","A",,
"14d1ad23-2dd9-4334-8028-e58475b23ddc","D19","CARI","CARI.AOS.S2","CARI.SS.20240618.FIL","A00000431525","2024-06-18T19:10Z","2024-06-18T19:10Z","Illinois State Water Survey Central Analytical Laboratory",370.0,0.01700,5,"2024-06-20","A",,
"8069e791-3607-4cab-bb8d-62b6fa3ba9d4","D19","CARI","CARI.AOS.S2","CARI.SS.20240618.FIL","A00000431525","2024-06-18T19:10Z","2024-06-18T19:10Z","Illinois State Water Survey Central Analytical Laboratory",324.0,0.03554,5,"2024-06-20","B",,
"b7a337b8-a338-48a9-b9b7-724e3c363bfa","D19","CARI","CARI.AOS.S2","CARI.SS.20240624.FIL","A00000431502","2024-06-24T18:33Z","2024-06-24T18:33Z","Illinois State Water Survey Central Analytical Laboratory",600.0,0.00078,5,"2024-06-26","B",,
"0cb23104-ed10-4888-9ef2-c0ae5982c99a","D19","CARI","CARI.AOS.S2","CARI.SS.20240624.FIL","A00000431502","2024-06-24T18:33Z","2024-06-24T18:33Z","Illinois State Water Survey Central Analytical Laboratory",586.0,0.00086,5,"2024-06-26","B",,
"977877f7-12b2-491f-921c-fd5820109d6f","D19","CARI","CARI.AOS.S2","CARI.SS.20240624.FIL","A00000431502","2024-06-24T18:33Z","2024-06-24T18:33Z","Illinois State Water Survey Central Analytical Laboratory",264.0,0.06738,5,"2024-06-26","A",,
"5bd2d66e-7d94-4bf3-9c5d-9501f9ef8d24","D19","CARI","CARI.AOS.S2","CARI.SS.20240624.FIL","A00000431502","2024-06-24T18:33Z","2024-06-24T18:33Z","Illinois State Water Survey Central Analytical Laboratory",536.0,0.00158,5,"2024-06-26","A",,
"356bfb79-3353-413b-bfe0-0d01fadff8a5","D19","CARI","CARI.AOS.S2","CARI.SS.20240624.FIL","A00000431502","2024-06-24T18:33Z","2024-06-24T18:33Z","Illinois State Water Survey Central Analytical Laboratory",276.0,0.05766,5,"2024-06-26","B",,
"541217c4-7132-42c9-966e-7a1b89a9274a","D19","CARI","CARI.AOS.S2","CARI.SS.20240624.FIL","A00000431502","2024-06-24T18:33Z","2024-06-24T18:33Z","Illinois State Water Survey Central Analytical Laboratory",394.0,0.00880,5,"2024-06-26","A",,
"cd3cf65c-ecf9-45d9-983f-c94775a0e388","D19","CARI","CARI.AOS.S2","CARI.SS.20240624.FIL","A00000431502","2024-06-24T18:33Z","2024-06-24T18:33Z","Illinois State Water Survey Central Analytical Laboratory",480.0,0.00246,5,"2024-06-26","B",,
"95247757-e6e1-4034-b91d-f9deaa51c77f","D19","CARI","CARI.AOS.S2","CARI.SS.20240624.FIL","A00000431502","2024-06-24T18:33Z","2024-06-24T18:33Z","Illinois State Water Survey Central Analytical Laboratory",308.0,0.03638,5,"2024-06-26","B",,
"da638e5f-fc7f-4582-850a-b0c24d6df23f","D19","CARI","CARI.AOS.S2","CARI.SS.20240624.FIL","A00000431502","2024-06-24T18:33Z","2024-06-24T18:33Z","Illinois State Water Survey Central Analytical Laboratory",426.0,0.00516,5,"2024-06-26","B",,
"52f375e9-873d-4e13-8d71-37abccb5ba8d","D19","CARI","CARI.AOS.S2","CARI.SS.20240624.FIL","A00000431502","2024-06-24T18:33Z","2024-06-24T18:33Z","Illinois State Water Survey Central Analytical Laboratory",338.0,0.02318,5,"2024-06-26","B",,
"4a1d3818-d8ca-4204-a184-5e5ac16c2931","D19","CARI","CARI.AOS.S2","CARI.SS.20240624.FIL","A00000431502","2024-06-24T18:33Z","2024-06-24T18:33Z","Illinois State Water Survey Central Analytical Laboratory",316.0,0.03238,5,"2024-06-26","A",,
"a16dbdc1-69b8-4747-9ce7-b049a7a1c287","D19","CARI","CARI.AOS.S2","CARI.SS.20240624.FIL","A00000431502","2024-06-24T18:33Z","2024-06-24T18:33Z","Illinois State Water Survey Central Analytical Laboratory",442.0,0.00402,5,"2024-06-26","B",,
"983cf966-1ceb-4508-9b1f-e3bfee9cf5c5","D19","CARI","CARI.AOS.S2","CARI.SS.20240624.FIL","A00000431502","2024-06-24T18:33Z","2024-06-24T18:33Z","Illinois State Water Survey Central Analytical Laboratory",338.0,0.02320,5,"2024-06-26","A",,
"bac58896-96e7-4e67-b884-08b85064857b","D19","CARI","CARI.AOS.S2","CARI.SS.20240624.FIL","A00000431502","2024-06-24T18:33Z","2024-06-24T18:33Z","Illinois State Water Survey Central Analytical Laboratory",516.0,0.00158,5,"2024-06-26","B",,
"8558742a-3aa0-4aff-aca4-d2eb115e02a1","D19","CARI","CARI.AOS.S2","CARI.SS.20240624.FIL","A00000431502","2024-06-24T18:33Z","2024-06-24T18:33Z","Illinois State Water Survey Central Analytical Laboratory",470.0,0.00270,5,"2024-06-26","B",,
"04d685f7-608c-47bb-8f74-f717de0c56a0","D19","CARI","CARI.AOS.S2","CARI.SS.20240624.FIL","A00000431502","2024-06-24T18:33Z","2024-06-24T18:33Z","Illinois State Water Survey Central Analytical Laboratory",478.0,0.00262,5,"2024-06-26","A",,
"0a9b9053-d4cb-4c8b-b694-e2bada8a6350","D19","CARI","CARI.AOS.S2","CARI.SS.20240624.FIL","A00000431502","2024-06-24T18:33Z","2024-06-24T18:33Z","Illinois State Water Survey Central Analytical Laboratory",312.0,0.03436,5,"2024-06-26","A",,
"75a86731-35f1-498e-80a1-1ae91658bfe4","D19","CARI","CARI.AOS.S2","CARI.SS.20240624.FIL","A00000431502","2024-06-24T18:33Z","2024-06-24T18:33Z","Illinois State Water Survey Central Analytical Laboratory",390.0,0.00940,5,"2024-06-26","A",,
"1750274d-c809-4756-ab2e-5f655026e948","D19","CARI","CARI.AOS.S2","CARI.SS.20240624.FIL","A00000431502","2024-06-24T18:33Z","2024-06-24T18:33Z","Illinois State Water Survey Central Analytical Laboratory",392.0,0.00908,5,"2024-06-26","A",,
"b0b6be57-7bd9-4873-abaa-a92c1d7162b4","D19","CARI","CARI.AOS.S2","CARI.SS.20240624.FIL","A00000431502","2024-06-24T18:33Z","2024-06-24T18:33Z","Illinois State Water Survey Central Analytical Laboratory",290.0,0.04726,5,"2024-06-26","B",,
"f4fd29a5-1ec9-4a21-8897-70b7764f4467","D19","CARI","CARI.AOS.S2","CARI.SS.20240624.FIL","A00000431502","2024-06-24T18:33Z","2024-06-24T18:33Z","Illinois State Water Survey Central Analytical Laboratory",226.0,0.13846,5,"2024-06-26","A",,
"4c404b31-56e8-477e-acdc-ad5eee5720b9","D19","CARI","CARI.AOS.S2","CARI.SS.20240624.FIL","A00000431502","2024-06-24T18:33Z","2024-06-24T18:33Z","Illinois State Water Survey Central Analytical Laboratory",400.0,0.00800,5,"2024-06-26","A",,
"d5ac5bce-26ae-41bc-843f-ff5a9b127e30","D19","CARI","CARI.AOS.S2","CARI.SS.20240624.FIL","A00000431502","2024-06-24T18:33Z","2024-06-24T18:33Z","Illinois State Water Survey Central Analytical Laboratory",438.0,0.00432,5,"2024-06-26","B",,
"e73aff5e-563f-4161-92af-9053d1a74799","D19","CARI","CARI.AOS.S2","CARI.SS.20240624.FIL","A00000431502","2024-06-24T18:33Z","2024-06-24T18:33Z","Illinois State Water Survey Central Analytical Laboratory",300.0,0.04094,5,"2024-06-26","A",,
"e3eac526-2efe-4355-87ac-eb425d7a50af","D19","CARI","CARI.AOS.S2","CARI.SS.20240624.FIL","A00000431502","2024-06-24T18:33Z","2024-06-24T18:33Z","Illinois State Water Survey Central Analytical Laboratory",466.0,0.00284,5,"2024-06-26","B",,
"2d477a00-6d04-4d5b-b360-ed9980c94751","D19","CARI","CARI.AOS.S2","CARI.SS.20240624.FIL","A00000431502","2024-06-24T18:33Z","2024-06-24T18:33Z","Illinois State Water Survey Central Analytical Laboratory",288.0,0.04876,5,"2024-06-26","B",,
"af9ec059-5cab-4156-b57b-bb75488d0560","D19","CARI","CARI.AOS.S2","CARI.SS.20240624.FIL","A00000431502","2024-06-24T18:33Z","2024-06-24T18:33Z","Illinois State Water Survey Central Analytical Laboratory",518.0,0.00150,5,"2024-06-26","B",,
"16367e50-2174-4b54-a752-0db4d0ca492e","D19","CARI","CARI.AOS.S2","CARI.SS.20240624.FIL","A00000431502","2024-06-24T18:33Z","2024-06-24T18:33Z","Illinois State Water Survey Central Analytical Laboratory",360.0,0.01624,5,"2024-06-26","B",,
"4969b642-0655-4262-a43b-b211b22efcd5","D19","CARI","CARI.AOS.S2","CARI.SS.20240624.FIL","A00000431502","2024-06-24T18:33Z","2024-06-24T18:33Z","Illinois State Water Survey Central Analytical Laboratory",314.0,0.03326,5,"2024-06-26","A",,
"0b4f913d-04fc-4f8f-beb3-2bc47e6fee18","D19","CARI","CARI.AOS.S2","CARI.SS.20240624.FIL","A00000431502","2024-06-24T18:33Z","2024-06-24T18:33Z","Illinois State Water Survey Central Analytical Laboratory",416.0,0.00592,5,"2024-06-26","B",,
"98dc1691-fd33-4d3c-bde2-a201e7da8639","D19","CARI","CARI.AOS.S2","CARI.SS.20240624.FIL","A00000431502","2024-06-24T18:33Z","2024-06-24T18:33Z","Illinois State Water Survey Central Analytical Laboratory",326.0,0.02778,5,"2024-06-26","B",,
"553f44a5-2e04-47be-8f7a-c255e99e4f93","D19","CARI","CARI.AOS.S2","CARI.SS.20240624.FIL","A00000431502","2024-06-24T18:33Z","2024-06-24T18:33Z","Illinois State Water Survey Central Analytical Laboratory",548.0,0.00116,5,"2024-06-26","B",,
"ff43f3eb-8e48-4155-96a8-b1cd10ec2216","D19","CARI","CARI.AOS.S2","CARI.SS.20240624.FIL","A00000431502","2024-06-24T18:33Z","2024-06-24T18:33Z","Illinois State Water Survey Central Analytical Laboratory",292.0,0.04594,5,"2024-06-26","B",,
"7390613a-50fb-4f61-ae26-e0b974d56ac8","D19","CARI","CARI.AOS.S2","CARI.SS.20240624.FIL","A00000431502","2024-06-24T18:33Z","2024-06-24T18:33Z","Illinois State Water Survey Central Analytical Laboratory",244.0,0.08218,5,"2024-06-26","B",,
"61a39051-1ba2-46d9-8eaa-947e35abc759","D19","CARI","CARI.AOS.S2","CARI.SS.20240624.FIL","A00000431502","2024-06-24T18:33Z","2024-06-24T18:33Z","Illinois State Water Survey Central Analytical Laboratory",310.0,0.03536,5,"2024-06-26","B",,
"03380376-bfad-45bb-a3f2-3be43777679e","D19","CARI","CARI.AOS.S2","CARI.SS.20240624.FIL","A00000431502","2024-06-24T18:33Z","2024-06-24T18:33Z","Illinois State Water Survey Central Analytical Laboratory",522.0,0.00144,5,"2024-06-26","B",,
"63b5c28c-3cda-4c16-a1c1-afc8d82ce2a2","D19","CARI","CARI.AOS.S2","CARI.SS.20240624.FIL","A00000431502","2024-06-24T18:33Z","2024-06-24T18:33Z","Illinois State Water Survey Central Analytical Laboratory",242.0,0.08418,5,"2024-06-26","B",,
"22e10455-ab67-442b-b18c-78409c9a84ee","D19","CARI","CARI.AOS.S2","CARI.SS.20240624.FIL","A00000431502","2024-06-24T18:33Z","2024-06-24T18:33Z","Illinois State Water Survey Central Analytical Laboratory",252.0,0.07548,5,"2024-06-26","B",,
"86288c53-058b-4c7b-9623-faab4294f2a0","D19","CARI","CARI.AOS.S2","CARI.SS.20240624.FIL","A00000431502","2024-06-24T18:33Z","2024-06-24T18:33Z","Illinois State Water Survey Central Analytical Laboratory",550.0,0.00112,5,"2024-06-26","B",,
"3ede0815-e64a-4a60-b746-83437dc97a26","D19","CARI","CARI.AOS.S2","CARI.SS.20240624.FIL","A00000431502","2024-06-24T18:33Z","2024-06-24T18:33Z","Illinois State Water Survey Central Analytical Laboratory",254.0,0.07428,5,"2024-06-26","A",,
"fc7fa8da-ea71-49b6-bacf-d2279125735d","D19","CARI","CARI.AOS.S2","CARI.SS.20240624.FIL","A00000431502","2024-06-24T18:33Z","2024-06-24T18:33Z","Illinois State Water Survey Central Analytical Laboratory",308.0,0.03640,5,"2024-06-26","A",,
"b10e5d13-a2f8-438d-ab53-4c280ecb7890","D19","CARI","CARI.AOS.S2","CARI.SS.20240624.FIL","A00000431502","2024-06-24T18:33Z","2024-06-24T18:33Z","Illinois State Water Survey Central Analytical Laboratory",384.0,0.01052,5,"2024-06-26","A",,
"32e75fde-ba93-4984-a75d-506e2d73685a","D19","CARI","CARI.AOS.S2","CARI.SS.20240624.FIL","A00000431502","2024-06-24T18:33Z","2024-06-24T18:33Z","Illinois State Water Survey Central Analytical Laboratory",490.0,0.00216,5,"2024-06-26","B",,
"08121d23-754c-402e-87f8-d81c38fc8b38","D19","CARI","CARI.AOS.S2","CARI.SS.20240624.FIL","A00000431502","2024-06-24T18:33Z","2024-06-24T18:33Z","Illinois State Water Survey Central Analytical Laboratory",432.0,0.00474,5,"2024-06-26","A",,
"1ddcfe24-0a38-404a-8c8b-fcb528a054f2","D19","CARI","CARI.AOS.S2","CARI.SS.20240624.FIL","A00000431502","2024-06-24T18:33Z","2024-06-24T18:33Z","Illinois State Water Survey Central Analytical Laboratory",396.0,0.00850,5,"2024-06-26","A",,
"ced5d3e9-22e9-45d2-a193-0f44289f2e2e","D19","CARI","CARI.AOS.S2","CARI.SS.20240624.FIL","A00000431502","2024-06-24T18:33Z","2024-06-24T18:33Z","Illinois State Water Survey Central Analytical Laboratory",576.0,0.00088,5,"2024-06-26","B",,
"025e9bbe-d974-484b-b6ae-8959ba3f9732","D19","CARI","CARI.AOS.S2","CARI.SS.20240624.FIL","A00000431502","2024-06-24T18:33Z","2024-06-24T18:33Z","Illinois State Water Survey Central Analytical Laboratory",590.0,0.00080,5,"2024-06-26","B",,
"630a8745-15a0-41ab-ba4b-5c68d9875cb8","D19","CARI","CARI.AOS.S2","CARI.SS.20240624.FIL","A00000431502","2024-06-24T18:33Z","2024-06-24T18:33Z","Illinois State Water Survey Central Analytical Laboratory",370.0,0.01360,5,"2024-06-26","B",,
"90522b45-03c3-4ede-a1c2-fa0b69e850df","D19","CARI","CARI.AOS.S2","CARI.SS.20240624.FIL","A00000431502","2024-06-24T18:33Z","2024-06-24T18:33Z","Illinois State Water Survey Central Analytical Laboratory",284.0,0.05158,5,"2024-06-26","B",,
"014ba167-88fd-4f39-bd7c-df0c39e4ba60","D19","CARI","CARI.AOS.S2","CARI.SS.20240624.FIL","A00000431502","2024-06-24T18:33Z","2024-06-24T18:33Z","Illinois State Water Survey Central Analytical Laboratory",500.0,0.00186,5,"2024-06-26","B",,
"fb49825c-edf9-45ab-abfa-7adb64b30c2d","D19","CARI","CARI.AOS.S2","CARI.SS.20240624.FIL","A00000431502","2024-06-24T18:33Z","2024-06-24T18:33Z","Illinois State Water Survey Central Analytical Laboratory",586.0,0.00110,5,"2024-06-26","A",,
"c9554c5a-b46a-4072-b6ee-0d723849174b","D19","CARI","CARI.AOS.S2","CARI.SS.20240624.FIL","A00000431502","2024-06-24T18:33Z","2024-06-24T18:33Z","Illinois State Water Survey Central Analytical Laboratory",510.0,0.00190,5,"2024-06-26","A",,
"d2e1ac81-60df-4d7c-b6cb-25dbdc3c91e7","D19","CARI","CARI.AOS.S2","CARI.SS.20240624.FIL","A00000431502","2024-06-24T18:33Z","2024-06-24T18:33Z","Illinois State Water Survey Central Analytical Laboratory",466.0,0.00294,5,"2024-06-26","A",,
"a5d2c915-6465-4b44-9b42-01b72951b9b0","D19","CARI","CARI.AOS.S2","CARI.SS.20240624.FIL","A00000431502","2024-06-24T18:33Z","2024-06-24T18:33Z","Illinois State Water Survey Central Analytical Laboratory",296.0,0.04326,5,"2024-06-26","A",,
"f5f79ec9-bc6f-4054-928e-f3072ad36f23","D19","CARI","CARI.AOS.S2","CARI.SS.20240624.FIL","A00000431502","2024-06-24T18:33Z","2024-06-24T18:33Z","Illinois State Water Survey Central Analytical Laboratory",316.0,0.03236,5,"2024-06-26","B",,
"ad671949-fc5d-4b8b-a014-ccca5ebce9da","D19","CARI","CARI.AOS.S2","CARI.SS.20240624.FIL","A00000431502","2024-06-24T18:33Z","2024-06-24T18:33Z","Illinois State Water Survey Central Analytical Laboratory",344.0,0.02112,5,"2024-06-26","A",,
"c5f00200-fff9-49a0-8528-20a08837e97f","D19","CARI","CARI.AOS.S2","CARI.SS.20240624.FIL","A00000431502","2024-06-24T18:33Z","2024-06-24T18:33Z","Illinois State Water Survey Central Analytical Laboratory",482.0,0.00246,5,"2024-06-26","B",,
"03e6658b-3760-4d04-a95f-b5fff9f8bf49","D19","CARI","CARI.AOS.S2","CARI.SS.20240624.FIL","A00000431502","2024-06-24T18:33Z","2024-06-24T18:33Z","Illinois State Water Survey Central Analytical Laboratory",576.0,0.00118,5,"2024-06-26","A",,
"b394344a-f746-4d1e-bf64-a6f3fad3a377","D19","CARI","CARI.AOS.S2","CARI.SS.20240624.FIL","A00000431502","2024-06-24T18:33Z","2024-06-24T18:33Z","Illinois State Water Survey Central Analytical Laboratory",408.0,0.00686,5,"2024-06-26","B",,
"c17246ed-eaa4-4212-aa58-7ae41bb4c77f","D19","CARI","CARI.AOS.S2","CARI.SS.20240624.FIL","A00000431502","2024-06-24T18:33Z","2024-06-24T18:33Z","Illinois State Water Survey Central Analytical Laboratory",542.0,0.00124,5,"2024-06-26","B",,
"09fe0586-79b7-40c4-b4c9-ef329db74721","D19","CARI","CARI.AOS.S2","CARI.SS.20240624.FIL","A00000431502","2024-06-24T18:33Z","2024-06-24T18:33Z","Illinois State Water Survey Central Analytical Laboratory",488.0,0.00222,5,"2024-06-26","B",,
"fce77af1-a40a-4bda-ae7a-5e479c9811e1","D19","CARI","CARI.AOS.S2","CARI.SS.20240624.FIL","A00000431502","2024-06-24T18:33Z","2024-06-24T18:33Z","Illinois State Water Survey Central Analytical Laboratory",230.0,0.11610,5,"2024-06-26","A",,
"62fe458c-1148-41dd-a458-62608db0f3cb","D19","CARI","CARI.AOS.S2","CARI.SS.20240624.FIL","A00000431502","2024-06-24T18:33Z","2024-06-24T18:33Z","Illinois State Water Survey Central Analytical Laboratory",306.0,0.03752,5,"2024-06-26","A",,
"ee3c7e31-a93d-42f0-aab2-f9c74b0113f1","D19","CARI","CARI.AOS.S2","CARI.SS.20240624.FIL","A00000431502","2024-06-24T18:33Z","2024-06-24T18:33Z","Illinois State Water Survey Central Analytical Laboratory",402.0,0.00772,5,"2024-06-26","A",,
"37c59808-9e6f-45a8-aa98-f03e9b4a6a1a","D19","CARI","CARI.AOS.S2","CARI.SS.20240624.FIL","A00000431502","2024-06-24T18:33Z","2024-06-24T18:33Z","Illinois State Water Survey Central Analytical Laboratory",506.0,0.00200,5,"2024-06-26","A",,
"f7937ddc-91d4-47a8-9469-d9510e0a850e","D19","CARI","CARI.AOS.S2","CARI.SS.20240624.FIL","A00000431502","2024-06-24T18:33Z","2024-06-24T18:33Z","Illinois State Water Survey Central Analytical Laboratory",364.0,0.01514,5,"2024-06-26","A",,
"0215c71f-f789-44ed-a065-6ea3e5d3a7c5","D19","CARI","CARI.AOS.S2","CARI.SS.20240624.FIL","A00000431502","2024-06-24T18:33Z","2024-06-24T18:33Z","Illinois State Water Survey Central Analytical Laboratory",234.0,0.10002,5,"2024-06-26","A",,
"7fcee4f6-722a-4aef-9f55-50337b75f526","D19","CARI","CARI.AOS.S2","CARI.SS.20240624.FIL","A00000431502","2024-06-24T18:33Z","2024-06-24T18:33Z","Illinois State Water Survey Central Analytical Laboratory",408.0,0.00692,5,"2024-06-26","A",,
"60d33f96-5407-42b2-9b6e-bcffc6deb062","D19","CARI","CARI.AOS.S2","CARI.SS.20240624.FIL","A00000431502","2024-06-24T18:33Z","2024-06-24T18:33Z","Illinois State Water Survey Central Analytical Laboratory",248.0,0.07844,5,"2024-06-26","B",,
"38d7bb64-e6e6-41b0-86f3-a7f153f58bef","D19","CARI","CARI.AOS.S2","CARI.SS.20240624.FIL","A00000431502","2024-06-24T18:33Z","2024-06-24T18:33Z","Illinois State Water Survey Central Analytical Laboratory",440.0,0.00420,5,"2024-06-26","A",,
"1c410bc8-936b-4fd5-8280-ca8be67425e6","D19","CARI","CARI.AOS.S2","CARI.SS.20240624.FIL","A00000431502","2024-06-24T18:33Z","2024-06-24T18:33Z","Illinois State Water Survey Central Analytical Laboratory",372.0,0.01312,5,"2024-06-26","A",,
"93bb9890-ebdc-40d2-9caf-eabe6dc5efec","D19","CARI","CARI.AOS.S2","CARI.SS.20240624.FIL","A00000431502","2024-06-24T18:33Z","2024-06-24T18:33Z","Illinois State Water Survey Central Analytical Laboratory",412.0,0.00636,5,"2024-06-26","B",,
"c52853a0-ec92-4f7f-9d05-4986dc385f4c","D19","CARI","CARI.AOS.S2","CARI.SS.20240624.FIL","A00000431502","2024-06-24T18:33Z","2024-06-24T18:33Z","Illinois State Water Survey Central Analytical Laboratory",430.0,0.00482,5,"2024-06-26","B",,
"3a37dcea-80c2-458f-a52a-f12bf5fe9ae5","D19","CARI","CARI.AOS.S2","CARI.SS.20240624.FIL","A00000431502","2024-06-24T18:33Z","2024-06-24T18:33Z","Illinois State Water Survey Central Analytical Laboratory",496.0,0.00200,5,"2024-06-26","B",,
"861959b5-3534-4859-8b11-a5cceb0587b2","D19","CARI","CARI.AOS.S2","CARI.SS.20240624.FIL","A00000431502","2024-06-24T18:33Z","2024-06-24T18:33Z","Illinois State Water Survey Central Analytical Laboratory",580.0,0.00106,5,"2024-06-26","A",,
"ab2c0fa9-acf6-4bc9-9f66-b028d1367e58","D19","CARI","CARI.AOS.S2","CARI.SS.20240624.FIL","A00000431502","2024-06-24T18:33Z","2024-06-24T18:33Z","Illinois State Water Survey Central Analytical Laboratory",354.0,0.01796,5,"2024-06-26","B",,
"9d90cba5-61ff-4ff4-9816-615bd4195d65","D19","CARI","CARI.AOS.S2","CARI.SS.20240624.FIL","A00000431502","2024-06-24T18:33Z","2024-06-24T18:33Z","Illinois State Water Survey Central Analytical Laboratory",552.0,0.00114,5,"2024-06-26","B",,
"96ae8268-bb9a-4694-a58c-372d630dc2f3","D19","CARI","CARI.AOS.S2","CARI.SS.20240624.FIL","A00000431502","2024-06-24T18:33Z","2024-06-24T18:33Z","Illinois State Water Survey Central Analytical Laboratory",244.0,0.08218,5,"2024-06-26","A",,
"3a596909-12c5-4774-990d-279c43a0f610","D19","CARI","CARI.AOS.S2","CARI.SS.20240624.FIL","A00000431502","2024-06-24T18:33Z","2024-06-24T18:33Z","Illinois State Water Survey Central Analytical Laboratory",342.0,0.02180,5,"2024-06-26","A",,
"7d50581b-2f4f-4580-8c3c-500f2cdfb975","D19","CARI","CARI.AOS.S2","CARI.SS.20240624.FIL","A00000431502","2024-06-24T18:33Z","2024-06-24T18:33Z","Illinois State Water Survey Central Analytical Laboratory",412.0,0.00644,5,"2024-06-26","A",,
"d6f5f3b1-1ac0-4764-a485-cdb2578fd85c","D19","CARI","CARI.AOS.S2","CARI.SS.20240624.FIL","A00000431502","2024-06-24T18:33Z","2024-06-24T18:33Z","Illinois State Water Survey Central Analytical Laboratory",400.0,0.00790,5,"2024-06-26","B",,
"0a32f062-7edd-4ce3-9d1f-f356db9981b0","D19","CARI","CARI.AOS.S2","CARI.SS.20240624.FIL","A00000431502","2024-06-24T18:33Z","2024-06-24T18:33Z","Illinois State Water Survey Central Analytical Laboratory",332.0,0.02538,5,"2024-06-26","B",,
"c40311d9-5e33-47de-8cb1-8199a05a70b7","D19","CARI","CARI.AOS.S2","CARI.SS.20240624.FIL","A00000431502","2024-06-24T18:33Z","2024-06-24T18:33Z","Illinois State Water Survey Central Analytical Laboratory",362.0,0.01564,5,"2024-06-26","A",,
"40b7e0e8-e2b3-4bc1-9947-f55900e6f415","D19","CARI","CARI.AOS.S2","CARI.SS.20240624.FIL","A00000431502","2024-06-24T18:33Z","2024-06-24T18:33Z","Illinois State Water Survey Central Analytical Laboratory",498.0,0.00212,5,"2024-06-26","A",,
"1f40a4f4-9663-40bf-a88f-e23ec438991a","D19","CARI","CARI.AOS.S2","CARI.SS.20240624.FIL","A00000431502","2024-06-24T18:33Z","2024-06-24T18:33Z","Illinois State Water Survey Central Analytical Laboratory",558.0,0.00132,5,"2024-06-26","A",,
"c9697f1e-9ee7-4a1c-9d65-29390ddd70a8","D19","CARI","CARI.AOS.S2","CARI.SS.20240624.FIL","A00000431502","2024-06-24T18:33Z","2024-06-24T18:33Z","Illinois State Water Survey Central Analytical Laboratory",232.0,0.10722,5,"2024-06-26","A",,
"2e504200-5bfb-4a30-8a1c-47f98f015650","D19","CARI","CARI.AOS.S2","CARI.SS.20240624.FIL","A00000431502","2024-06-24T18:33Z","2024-06-24T18:33Z","Illinois State Water Survey Central Analytical Laboratory",246.0,0.07992,5,"2024-06-26","B",,
"baf3825c-6e19-4701-868d-11a1ff99aeb5","D19","CARI","CARI.AOS.S2","CARI.SS.20240624.FIL","A00000431502","2024-06-24T18:33Z","2024-06-24T18:33Z","Illinois State Water Survey Central Analytical Laboratory",302.0,0.03976,5,"2024-06-26","B",,
"680e1e38-5739-4cca-891e-62219b4ac2b0","D19","CARI","CARI.AOS.S2","CARI.SS.20240624.FIL","A00000431502","2024-06-24T18:33Z","2024-06-24T18:33Z","Illinois State Water Survey Central Analytical Laboratory",434.0,0.00452,5,"2024-06-26","B",,
"f81a394a-26d9-4c43-94f2-bd7cd1b28a00","D19","CARI","CARI.AOS.S2","CARI.SS.20240624.FIL","A00000431502","2024-06-24T18:33Z","2024-06-24T18:33Z","Illinois State Water Survey Central Analytical Laboratory",542.0,0.00154,5,"2024-06-26","A",,
"2e2b3fd3-de05-4420-b034-16d77eafefb7","D19","CARI","CARI.AOS.S2","CARI.SS.20240624.FIL","A00000431502","2024-06-24T18:33Z","2024-06-24T18:33Z","Illinois State Water Survey Central Analytical Laboratory",498.0,0.00190,5,"2024-06-26","B",,
"b8f1af7e-6244-4a37-a85a-266cf47ece72","D19","CARI","CARI.AOS.S2","CARI.SS.20240624.FIL","A00000431502","2024-06-24T18:33Z","2024-06-24T18:33Z","Illinois State Water Survey Central Analytical Laboratory",528.0,0.00174,5,"2024-06-26","A",,
"0c498c53-c1f1-41ec-9359-8f6be1b0d493","D19","CARI","CARI.AOS.S2","CARI.SS.20240624.FIL","A00000431502","2024-06-24T18:33Z","2024-06-24T18:33Z","Illinois State Water Survey Central Analytical Laboratory",520.0,0.00178,5,"2024-06-26","A",,
"cefa8326-cfa7-40b4-a8ca-2eed03e7e1c5","D19","CARI","CARI.AOS.S2","CARI.SS.20240624.FIL","A00000431502","2024-06-24T18:33Z","2024-06-24T18:33Z","Illinois State Water Survey Central Analytical Laboratory",512.0,0.00188,5,"2024-06-26","A",,
"822cf22b-ee88-426b-a7a3-8c3f88050bd0","D19","CARI","CARI.AOS.S2","CARI.SS.20240624.FIL","A00000431502","2024-06-24T18:33Z","2024-06-24T18:33Z","Illinois State Water Survey Central Analytical Laboratory",548.0,0.00144,5,"2024-06-26","A",,
"1a7a8765-9098-455d-886c-bcc791fbf3e0","D19","CARI","CARI.AOS.S2","CARI.SS.20240624.FIL","A00000431502","2024-06-24T18:33Z","2024-06-24T18:33Z","Illinois State Water Survey Central Analytical Laboratory",370.0,0.01358,5,"2024-06-26","A",,
"7d411668-34c8-4870-aa61-4f827e2ea089","D19","CARI","CARI.AOS.S2","CARI.SS.20240624.FIL","A00000431502","2024-06-24T18:33Z","2024-06-24T18:33Z","Illinois State Water Survey Central Analytical Laboratory",596.0,0.00108,5,"2024-06-26","A",,
"50bdff34-132c-49ef-821c-aea18aca4ecc","D19","CARI","CARI.AOS.S2","CARI.SS.20240624.FIL","A00000431502","2024-06-24T18:33Z","2024-06-24T18:33Z","Illinois State Water Survey Central Analytical Laboratory",252.0,0.07548,5,"2024-06-26","A",,
"3889b728-21cf-455f-a251-4a3d73fa5326","D19","CARI","CARI.AOS.S2","CARI.SS.20240624.FIL","A00000431502","2024-06-24T18:33Z","2024-06-24T18:33Z","Illinois State Water Survey Central Analytical Laboratory",282.0,0.05306,5,"2024-06-26","A",,
"56126f78-f5d7-4f82-a79e-ff3f624a1024","D19","CARI","CARI.AOS.S2","CARI.SS.20240624.FIL","A00000431502","2024-06-24T18:33Z","2024-06-24T18:33Z","Illinois State Water Survey Central Analytical Laboratory",430.0,0.00488,5,"2024-06-26","A",,
"b64d4518-4d85-4407-b8dd-6755407a7918","D19","CARI","CARI.AOS.S2","CARI.SS.20240624.FIL","A00000431502","2024-06-24T18:33Z","2024-06-24T18:33Z","Illinois State Water Survey Central Analytical Laboratory",450.0,0.00364,5,"2024-06-26","A",,
"ea3ef113-e2be-47a0-8fcb-e2cec29716ed","D19","CARI","CARI.AOS.S2","CARI.SS.20240624.FIL","A00000431502","2024-06-24T18:33Z","2024-06-24T18:33Z","Illinois State Water Survey Central Analytical Laboratory",378.0,0.01178,5,"2024-06-26","B",,
"56e47305-4be1-4a4f-a150-c817975d2c1e","D19","CARI","CARI.AOS.S2","CARI.SS.20240624.FIL","A00000431502","2024-06-24T18:33Z","2024-06-24T18:33Z","Illinois State Water Survey Central Analytical Laboratory",344.0,0.02110,5,"2024-06-26","B",,
"37da1931-c6c9-4223-902b-08ec8bbf78c0","D19","CARI","CARI.AOS.S2","CARI.SS.20240624.FIL","A00000431502","2024-06-24T18:33Z","2024-06-24T18:33Z","Illinois State Water Survey Central Analytical Laboratory",556.0,0.00140,5,"2024-06-26","A",,
"a1337441-8d87-4c2d-8222-81d7398090a2","D19","CARI","CARI.AOS.S2","CARI.SS.20240624.FIL","A00000431502","2024-06-24T18:33Z","2024-06-24T18:33Z","Illinois State Water Survey Central Analytical Laboratory",226.0,0.13872,5,"2024-06-26","B",,
"211b98bb-118a-4356-b0d4-efba702de7a6","D19","CARI","CARI.AOS.S2","CARI.SS.20240624.FIL","A00000431502","2024-06-24T18:33Z","2024-06-24T18:33Z","Illinois State Water Survey Central Analytical Laboratory",342.0,0.02178,5,"2024-06-26","B",,
"ab43b8bb-aa20-42dc-9c94-af3af66d124b","D19","CARI","CARI.AOS.S2","CARI.SS.20240624.FIL","A00000431502","2024-06-24T18:33Z","2024-06-24T18:33Z","Illinois State Water Survey Central Analytical Laboratory",492.0,0.00212,5,"2024-06-26","B",,
"b4e2ee57-cd71-4370-a9da-e971652da845","D19","CARI","CARI.AOS.S2","CARI.SS.20240624.FIL","A00000431502","2024-06-24T18:33Z","2024-06-24T18:33Z","Illinois State Water Survey Central Analytical Laboratory",300.0,0.04092,5,"2024-06-26","B",,
"bb269edb-f5d4-47b3-9f43-bf8dfb18da60","D19","CARI","CARI.AOS.S2","CARI.SS.20240624.FIL","A00000431502","2024-06-24T18:33Z","2024-06-24T18:33Z","Illinois State Water Survey Central Analytical Laboratory",330.0,0.02620,5,"2024-06-26","A",,
"3d61d4b6-54d0-4446-9690-e6b46a5c69bd","D19","CARI","CARI.AOS.S2","CARI.SS.20240624.FIL","A00000431502","2024-06-24T18:33Z","2024-06-24T18:33Z","Illinois State Water Survey Central Analytical Laboratory",294.0,0.04456,5,"2024-06-26","A",,
"f21e8388-7b93-4f25-abe4-77e600907217","D19","CARI","CARI.AOS.S2","CARI.SS.20240624.FIL","A00000431502","2024-06-24T18:33Z","2024-06-24T18:33Z","Illinois State Water Survey Central Analytical Laboratory",320.0,0.03050,5,"2024-06-26","A",,
"6c24e10c-d158-433f-a4c1-cfee0ff1efec","D19","CARI","CARI.AOS.S2","CARI.SS.20240624.FIL","A00000431502","2024-06-24T18:33Z","2024-06-24T18:33Z","Illinois State Water Survey Central Analytical Laboratory",418.0,0.00582,5,"2024-06-26","A",,
"05867c74-461f-4c56-a3a9-10e26f1510eb","D19","CARI","CARI.AOS.S2","CARI.SS.20240624.FIL","A00000431502","2024-06-24T18:33Z","2024-06-24T18:33Z","Illinois State Water Survey Central Analytical Laboratory",336.0,0.02394,5,"2024-06-26","A",,
"6fddf942-9bf0-4106-a3e3-b02cd9444807","D19","CARI","CARI.AOS.S2","CARI.SS.20240624.FIL","A00000431502","2024-06-24T18:33Z","2024-06-24T18:33Z","Illinois State Water Survey Central Analytical Laboratory",580.0,0.00088,5,"2024-06-26","B",,
"a2ed6741-b010-4e11-a2a9-d29c8f28e347","D19","CARI","CARI.AOS.S2","CARI.SS.20240624.FIL","A00000431502","2024-06-24T18:33Z","2024-06-24T18:33Z","Illinois State Water Survey Central Analytical Laboratory",298.0,0.04216,5,"2024-06-26","A",,
"fc2a2eed-6e03-4931-b9db-d98b1bc2688f","D19","CARI","CARI.AOS.S2","CARI.SS.20240624.FIL","A00000431502","2024-06-24T18:33Z","2024-06-24T18:33Z","Illinois State Water Survey Central Analytical Laboratory",494.0,0.00206,5,"2024-06-26","B",,
"9d5686cd-b1d7-42cd-9cf3-c121d0a0265d","D19","CARI","CARI.AOS.S2","CARI.SS.20240624.FIL","A00000431502","2024-06-24T18:33Z","2024-06-24T18:33Z","Illinois State Water Survey Central Analytical Laboratory",450.0,0.00356,5,"2024-06-26","B",,
"ac4da9df-ac95-42f0-9d05-79ebb7a901be","D19","CARI","CARI.AOS.S2","CARI.SS.20240624.FIL","A00000431502","2024-06-24T18:33Z","2024-06-24T18:33Z","Illinois State Water Survey Central Analytical Laboratory",352.0,0.01856,5,"2024-06-26","B",,
"6debcee0-d2fa-4525-860f-4b94727a923a","D19","CARI","CARI.AOS.S2","CARI.SS.20240624.FIL","A00000431502","2024-06-24T18:33Z","2024-06-24T18:33Z","Illinois State Water Survey Central Analytical Laboratory",470.0,0.00280,5,"2024-06-26","A",,
"687cd270-9b5b-4671-8c9d-1c022dc3ca6f","D19","CARI","CARI.AOS.S2","CARI.SS.20240624.FIL","A00000431502","2024-06-24T18:33Z","2024-06-24T18:33Z","Illinois State Water Survey Central Analytical Laboratory",266.0,0.06576,5,"2024-06-26","B",,
"127b3645-0f59-4bef-b60c-6ec8ff7e2178","D19","CARI","CARI.AOS.S2","CARI.SS.20240624.FIL","A00000431502","2024-06-24T18:33Z","2024-06-24T18:33Z","Illinois State Water Survey Central Analytical Laboratory",378.0,0.01178,5,"2024-06-26","A",,
"33da26e9-ef14-4455-8edf-275d424cbb66","D19","CARI","CARI.AOS.S2","CARI.SS.20240624.FIL","A00000431502","2024-06-24T18:33Z","2024-06-24T18:33Z","Illinois State Water Survey Central Analytical Laboratory",598.0,0.00100,5,"2024-06-26","A",,
"4327fd3d-2d63-4d7f-ae95-40cc2691603b","D19","CARI","CARI.AOS.S2","CARI.SS.20240624.FIL","A00000431502","2024-06-24T18:33Z","2024-06-24T18:33Z","Illinois State Water Survey Central Analytical Laboratory",314.0,0.03320,5,"2024-06-26","B",,
"3c89e20e-1eaf-4660-9384-0ab3d5d7200f","D19","CARI","CARI.AOS.S2","CARI.SS.20240624.FIL","A00000431502","2024-06-24T18:33Z","2024-06-24T18:33Z","Illinois State Water Survey Central Analytical Laboratory",416.0,0.00596,5,"2024-06-26","A",,
"98027fa3-e351-4c40-ae82-e56c77a18296","D19","CARI","CARI.AOS.S2","CARI.SS.20240624.FIL","A00000431502","2024-06-24T18:33Z","2024-06-24T18:33Z","Illinois State Water Survey Central Analytical Laboratory",268.0,0.06422,5,"2024-06-26","A",,
"856aed4d-ddcb-4f01-adf5-b9b01a8af6d5","D19","CARI","CARI.AOS.S2","CARI.SS.20240624.FIL","A00000431502","2024-06-24T18:33Z","2024-06-24T18:33Z","Illinois State Water Survey Central Analytical Laboratory",574.0,0.00088,5,"2024-06-26","B",,
"3c5a387a-1a01-4e96-9c33-ed536bd2e731","D19","CARI","CARI.AOS.S2","CARI.SS.20240624.FIL","A00000431502","2024-06-24T18:33Z","2024-06-24T18:33Z","Illinois State Water Survey Central Analytical Laboratory",600.0,0.00106,5,"2024-06-26","A",,
"d5475758-4613-42be-87d6-265d8b1930d8","D19","CARI","CARI.AOS.S2","CARI.SS.20240624.FIL","A00000431502","2024-06-24T18:33Z","2024-06-24T18:33Z","Illinois State Water Survey Central Analytical Laboratory",550.0,0.00140,5,"2024-06-26","A",,
"0d112a45-e548-4204-912d-cffd8bc940c3","D19","CARI","CARI.AOS.S2","CARI.SS.20240624.FIL","A00000431502","2024-06-24T18:33Z","2024-06-24T18:33Z","Illinois State Water Survey Central Analytical Laboratory",462.0,0.00300,5,"2024-06-26","B",,
"6845eff9-47c5-47c2-9535-4c9b7ae89265","D19","CARI","CARI.AOS.S2","CARI.SS.20240624.FIL","A00000431502","2024-06-24T18:33Z","2024-06-24T18:33Z","Illinois State Water Survey Central Analytical Laboratory",280.0,0.05454,5,"2024-06-26","A",,
"659545e7-77e0-4ce4-82d5-7e35a0709485","D19","CARI","CARI.AOS.S2","CARI.SS.20240624.FIL","A00000431502","2024-06-24T18:33Z","2024-06-24T18:33Z","Illinois State Water Survey Central Analytical Laboratory",336.0,0.02394,5,"2024-06-26","B",,
"e534504e-5799-413d-bb5f-e425754c387e","D19","CARI","CARI.AOS.S2","CARI.SS.20240624.FIL","A00000431502","2024-06-24T18:33Z","2024-06-24T18:33Z","Illinois State Water Survey Central Analytical Laboratory",274.0,0.05936,5,"2024-06-26","A",,
"0a48c7ff-2440-444a-a602-b260fe56acf9","D19","CARI","CARI.AOS.S2","CARI.SS.20240624.FIL","A00000431502","2024-06-24T18:33Z","2024-06-24T18:33Z","Illinois State Water Survey Central Analytical Laboratory",482.0,0.00256,5,"2024-06-26","A",,
"392f00e2-a6ee-4c3e-971e-9349e1109c8b","D19","CARI","CARI.AOS.S2","CARI.SS.20240624.FIL","A00000431502","2024-06-24T18:33Z","2024-06-24T18:33Z","Illinois State Water Survey Central Analytical Laboratory",324.0,0.02868,5,"2024-06-26","B",,
"489ec794-1928-41c1-9911-4352b57274bd","D19","CARI","CARI.AOS.S2","CARI.SS.20240624.FIL","A00000431502","2024-06-24T18:33Z","2024-06-24T18:33Z","Illinois State Water Survey Central Analytical Laboratory",544.0,0.00152,5,"2024-06-26","A",,
"9b8089ce-c89b-4588-82f3-433137b1fc40","D19","CARI","CARI.AOS.S2","CARI.SS.20240624.FIL","A00000431502","2024-06-24T18:33Z","2024-06-24T18:33Z","Illinois State Water Survey Central Analytical Laboratory",234.0,0.10002,5,"2024-06-26","B",,
"890b84de-346d-459b-9bd0-186fe5916203","D19","CARI","CARI.AOS.S2","CARI.SS.20240624.FIL","A00000431502","2024-06-24T18:33Z","2024-06-24T18:33Z","Illinois State Water Survey Central Analytical Laboratory",598.0,0.00072,5,"2024-06-26","B",,
"57c53f2b-032b-47c3-a4c0-d8ca25785daf","D19","CARI","CARI.AOS.S2","CARI.SS.20240624.FIL","A00000431502","2024-06-24T18:33Z","2024-06-24T18:33Z","Illinois State Water Survey Central Analytical Laboratory",250.0,0.07696,5,"2024-06-26","A",,
"61909598-00ad-4cad-8045-fb8282c694ac","D19","CARI","CARI.AOS.S2","CARI.SS.20240624.FIL","A00000431502","2024-06-24T18:33Z","2024-06-24T18:33Z","Illinois State Water Survey Central Analytical Laboratory",236.0,0.09462,5,"2024-06-26","B",,
"05e1c80d-f9f5-4a99-ac6b-92aa4ea07528","D19","CARI","CARI.AOS.S2","CARI.SS.20240624.FIL","A00000431502","2024-06-24T18:33Z","2024-06-24T18:33Z","Illinois State Water Survey Central Analytical Laboratory",346.0,0.02052,5,"2024-06-26","A",,
"a27a61a7-a97e-429a-a7a4-f5521cd1f685","D19","CARI","CARI.AOS.S2","CARI.SS.20240624.FIL","A00000431502","2024-06-24T18:33Z","2024-06-24T18:33Z","Illinois State Water Survey Central Analytical Laboratory",292.0,0.04596,5,"2024-06-26","A",,
"23721e9d-6c81-48ad-8bc6-47684f02f7c9","D19","CARI","CARI.AOS.S2","CARI.SS.20240624.FIL","A00000431502","2024-06-24T18:33Z","2024-06-24T18:33Z","Illinois State Water Survey Central Analytical Laboratory",538.0,0.00158,5,"2024-06-26","A",,
"8ee855da-7821-40d1-8550-fc77f632f7ad","D19","CARI","CARI.AOS.S2","CARI.SS.20240624.FIL","A00000431502","2024-06-24T18:33Z","2024-06-24T18:33Z","Illinois State Water Survey Central Analytical Laboratory",560.0,0.00104,5,"2024-06-26","B",,
"97db8366-ed76-4f10-a9dd-84b8fb38444c","D19","CARI","CARI.AOS.S2","CARI.SS.20240624.FIL","A00000431502","2024-06-24T18:33Z","2024-06-24T18:33Z","Illinois State Water Survey Central Analytical Laboratory",546.0,0.00148,5,"2024-06-26","A",,
"941641d1-bb68-4e0a-9497-cd0d016d738b","D19","CARI","CARI.AOS.S2","CARI.SS.20240624.FIL","A00000431502","2024-06-24T18:33Z","2024-06-24T18:33Z","Illinois State Water Survey Central Analytical Laboratory",398.0,0.00818,5,"2024-06-26","B",,
"d76ea8d5-a5a4-4960-b4ce-8f8a705828d3","D19","CARI","CARI.AOS.S2","CARI.SS.20240624.FIL","A00000431502","2024-06-24T18:33Z","2024-06-24T18:33Z","Illinois State Water Survey Central Analytical Laboratory",294.0,0.04452,5,"2024-06-26","B",,
"f413d557-7a17-49fa-a7d2-d9e2bdbf4e5e","D19","CARI","CARI.AOS.S2","CARI.SS.20240624.FIL","A00000431502","2024-06-24T18:33Z","2024-06-24T18:33Z","Illinois State Water Survey Central Analytical Laboratory",340.0,0.02248,5,"2024-06-26","A",,
"83fe7498-7265-46b5-9916-3539d9fc5030","D19","CARI","CARI.AOS.S2","CARI.SS.20240624.FIL","A00000431502","2024-06-24T18:33Z","2024-06-24T18:33Z","Illinois State Water Survey Central Analytical Laboratory",364.0,0.01516,5,"2024-06-26","B",,
"1018ac66-9616-458e-9769-f0f533ea4c36","D19","CARI","CARI.AOS.S2","CARI.SS.20240624.FIL","A00000431502","2024-06-24T18:33Z","2024-06-24T18:33Z","Illinois State Water Survey Central Analytical Laboratory",512.0,0.00164,5,"2024-06-26","B",,
"1180177d-03c2-4c64-b4ac-aa894de89047","D19","CARI","CARI.AOS.S2","CARI.SS.20240624.FIL","A00000431502","2024-06-24T18:33Z","2024-06-24T18:33Z","Illinois State Water Survey Central Analytical Laboratory",584.0,0.00080,5,"2024-06-26","B",,
"0cb28c1f-dabb-4ad6-9929-87d1c400cd0f","D19","CARI","CARI.AOS.S2","CARI.SS.20240624.FIL","A00000431502","2024-06-24T18:33Z","2024-06-24T18:33Z","Illinois State Water Survey Central Analytical Laboratory",452.0,0.00350,5,"2024-06-26","A",,
"cc8a813e-3446-45db-aa5f-4b323eb6530b","D19","CARI","CARI.AOS.S2","CARI.SS.20240624.FIL","A00000431502","2024-06-24T18:33Z","2024-06-24T18:33Z","Illinois State Water Survey Central Analytical Laboratory",440.0,0.00418,5,"2024-06-26","B",,
"a77b55ee-021f-4106-b26e-b91a626b2970","D19","CARI","CARI.AOS.S2","CARI.SS.20240624.FIL","A00000431502","2024-06-24T18:33Z","2024-06-24T18:33Z","Illinois State Water Survey Central Analytical Laboratory",268.0,0.06424,5,"2024-06-26","B",,
"10179fa2-35aa-4888-b2c7-df8399203025","D19","CARI","CARI.AOS.S2","CARI.SS.20240624.FIL","A00000431502","2024-06-24T18:33Z","2024-06-24T18:33Z","Illinois State Water Survey Central Analytical Laboratory",560.0,0.00132,5,"2024-06-26","A",,
"7a5e99e8-520f-4b73-93ca-ccb970f27375","D19","CARI","CARI.AOS.S2","CARI.SS.20240624.FIL","A00000431502","2024-06-24T18:33Z","2024-06-24T18:33Z","Illinois State Water Survey Central Analytical Laboratory",310.0,0.03538,5,"2024-06-26","A",,
"7fea690a-f5e0-45fe-87aa-f31ef79a234e","D19","CARI","CARI.AOS.S2","CARI.SS.20240624.FIL","A00000431502","2024-06-24T18:33Z","2024-06-24T18:33Z","Illinois State Water Survey Central Analytical Laboratory",442.0,0.00408,5,"2024-06-26","A",,
"60bee747-cab3-46ef-83e5-418cd0bfc5e0","D19","CARI","CARI.AOS.S2","CARI.SS.20240624.FIL","A00000431502","2024-06-24T18:33Z","2024-06-24T18:33Z","Illinois State Water Survey Central Analytical Laboratory",504.0,0.00178,5,"2024-06-26","B",,
"223ef76b-96f3-437f-a0d4-ee2f3213695b","D19","CARI","CARI.AOS.S2","CARI.SS.20240624.FIL","A00000431502","2024-06-24T18:33Z","2024-06-24T18:33Z","Illinois State Water Survey Central Analytical Laboratory",238.0,0.09048,5,"2024-06-26","A",,
"684ab062-4d57-406f-bbd4-a49278334397","D19","CARI","CARI.AOS.S2","CARI.SS.20240624.FIL","A00000431502","2024-06-24T18:33Z","2024-06-24T18:33Z","Illinois State Water Survey Central Analytical Laboratory",282.0,0.05308,5,"2024-06-26","B",,
"2bcf710c-d6dd-4cbe-a9f7-10f7f2b9e36f","D19","CARI","CARI.AOS.S2","CARI.SS.20240624.FIL","A00000431502","2024-06-24T18:33Z","2024-06-24T18:33Z","Illinois State Water Survey Central Analytical Laboratory",322.0,0.02954,5,"2024-06-26","A",,
"ebec249b-ac03-4af3-82ab-8943d5e57ee3","D19","CARI","CARI.AOS.S2","CARI.SS.20240624.FIL","A00000431502","2024-06-24T18:33Z","2024-06-24T18:33Z","Illinois State Water Survey Central Analytical Laboratory",436.0,0.00448,5,"2024-06-26","A",,
"e83df119-469e-4fd6-8f1b-b52c7c354fae","D19","CARI","CARI.AOS.S2","CARI.SS.20240624.FIL","A00000431502","2024-06-24T18:33Z","2024-06-24T18:33Z","Illinois State Water Survey Central Analytical Laboratory",540.0,0.00160,5,"2024-06-26","A",,
"18bfbf55-35ec-4379-a3c0-8483088aa048","D19","CARI","CARI.AOS.S2","CARI.SS.20240624.FIL","A00000431502","2024-06-24T18:33Z","2024-06-24T18:33Z","Illinois State Water Survey Central Analytical Laboratory",324.0,0.02870,5,"2024-06-26","A",,
"b00057db-d809-4686-a08f-03cbb434e033","D19","CARI","CARI.AOS.S2","CARI.SS.20240624.FIL","A00000431502","2024-06-24T18:33Z","2024-06-24T18:33Z","Illinois State Water Survey Central Analytical Laboratory",464.0,0.00300,5,"2024-06-26","A",,
"3ec49b95-5777-4eda-804c-2d70673e4f64","D19","CARI","CARI.AOS.S2","CARI.SS.20240624.FIL","A00000431502","2024-06-24T18:33Z","2024-06-24T18:33Z","Illinois State Water Survey Central Analytical Laboratory",448.0,0.00372,5,"2024-06-26","A",,
"f2ffa2dc-a7a6-419d-bc79-49b2a6154f25","D19","CARI","CARI.AOS.S2","CARI.SS.20240624.FIL","A00000431502","2024-06-24T18:33Z","2024-06-24T18:33Z","Illinois State Water Survey Central Analytical Laboratory",514.0,0.00160,5,"2024-06-26","B",,
"1297ae84-6810-479a-b104-5a956573e281","D19","CARI","CARI.AOS.S2","CARI.SS.20240624.FIL","A00000431502","2024-06-24T18:33Z","2024-06-24T18:33Z","Illinois State Water Survey Central Analytical Laboratory",224.0,0.15486,5,"2024-06-26","A",,
"6b5ca622-26f7-46ba-97c7-2ee8cf7ce594","D19","CARI","CARI.AOS.S2","CARI.SS.20240624.FIL","A00000431502","2024-06-24T18:33Z","2024-06-24T18:33Z","Illinois State Water Survey Central Analytical Laboratory",436.0,0.00442,5,"2024-06-26","B",,
"b68b9625-d974-45ed-86f8-04e115358706","D19","CARI","CARI.AOS.S2","CARI.SS.20240624.FIL","A00000431502","2024-06-24T18:33Z","2024-06-24T18:33Z","Illinois State Water Survey Central Analytical Laboratory",356.0,0.01734,5,"2024-06-26","A",,
"e00778d7-561e-4994-ab34-010b783f530b","D19","CARI","CARI.AOS.S2","CARI.SS.20240624.FIL","A00000431502","2024-06-24T18:33Z","2024-06-24T18:33Z","Illinois State Water Survey Central Analytical Laboratory",458.0,0.00316,5,"2024-06-26","B",,
"1b49189b-54c3-4359-bf1d-bbe34aa34724","D19","CARI","CARI.AOS.S2","CARI.SS.20240624.FIL","A00000431502","2024-06-24T18:33Z","2024-06-24T18:33Z","Illinois State Water Survey Central Analytical Laboratory",388.0,0.00976,5,"2024-06-26","A",,
"bdcd3933-7ff3-4472-95b4-8c570507fd0a","D19","CARI","CARI.AOS.S2","CARI.SS.20240624.FIL","A00000431502","2024-06-24T18:33Z","2024-06-24T18:33Z","Illinois State Water Survey Central Analytical Laboratory",572.0,0.00094,5,"2024-06-26","B",,
"80d51c9f-e943-48da-a7b8-2b0b578ba388","D19","CARI","CARI.AOS.S2","CARI.SS.20240624.FIL","A00000431502","2024-06-24T18:33Z","2024-06-24T18:33Z","Illinois State Water Survey Central Analytical Laboratory",424.0,0.00532,5,"2024-06-26","B",,
"50caf550-9e4a-493e-b709-640ace7168c3","D19","CARI","CARI.AOS.S2","CARI.SS.20240624.FIL","A00000431502","2024-06-24T18:33Z","2024-06-24T18:33Z","Illinois State Water Survey Central Analytical Laboratory",588.0,0.00080,5,"2024-06-26","B",,
"0334f25f-1248-441b-ae48-3af4272db962","D19","CARI","CARI.AOS.S2","CARI.SS.20240624.FIL","A00000431502","2024-06-24T18:33Z","2024-06-24T18:33Z","Illinois State Water Survey Central Analytical Laboratory",428.0,0.00502,5,"2024-06-26","A",,
"d4b445f9-e068-4e6a-a739-f37ad5ddcd7e","D19","CARI","CARI.AOS.S2","CARI.SS.20240624.FIL","A00000431502","2024-06-24T18:33Z","2024-06-24T18:33Z","Illinois State Water Survey Central Analytical Laboratory",510.0,0.00166,5,"2024-06-26","B",,
"b56de814-bc6c-4c87-9ea0-91f0d6e313f7","D19","CARI","CARI.AOS.S2","CARI.SS.20240624.FIL","A00000431502","2024-06-24T18:33Z","2024-06-24T18:33Z","Illinois State Water Survey Central Analytical Laboratory",240.0,0.08704,5,"2024-06-26","B",,
"838c5a95-36e1-4a54-9a0d-3ef4a441df1e","D19","CARI","CARI.AOS.S2","CARI.SS.20240624.FIL","A00000431502","2024-06-24T18:33Z","2024-06-24T18:33Z","Illinois State Water Survey Central Analytical Laboratory",298.0,0.04214,5,"2024-06-26","B",,
"e418d39b-77df-4e9a-affd-67a3421d8eea","D19","CARI","CARI.AOS.S2","CARI.SS.20240624.FIL","A00000431502","2024-06-24T18:33Z","2024-06-24T18:33Z","Illinois State Water Survey Central Analytical Laboratory",476.0,0.00254,5,"2024-06-26","B",,
"d4419ad9-96fc-431b-a815-98ab6d1321c2","D19","CARI","CARI.AOS.S2","CARI.SS.20240624.FIL","A00000431502","2024-06-24T18:33Z","2024-06-24T18:33Z","Illinois State Water Survey Central Analytical Laboratory",516.0,0.00184,5,"2024-06-26","A",,
"c1216802-c7f8-4306-aa59-72a039fbb56d","D19","CARI","CARI.AOS.S2","CARI.SS.20240624.FIL","A00000431502","2024-06-24T18:33Z","2024-06-24T18:33Z","Illinois State Water Survey Central Analytical Laboratory",228.0,0.12512,5,"2024-06-26","B",,
"04d634be-05d8-4135-995e-eeed5691eb76","D19","CARI","CARI.AOS.S2","CARI.SS.20240624.FIL","A00000431502","2024-06-24T18:33Z","2024-06-24T18:33Z","Illinois State Water Survey Central Analytical Laboratory",432.0,0.00468,5,"2024-06-26","B",,
"70ad5bab-785a-41ed-af3a-36fadb30f6e5","D19","CARI","CARI.AOS.S2","CARI.SS.20240624.FIL","A00000431502","2024-06-24T18:33Z","2024-06-24T18:33Z","Illinois State Water Survey Central Analytical Laboratory",456.0,0.00332,5,"2024-06-26","A",,
"746d6fb5-02b7-4e29-b6f3-8d10c5b02384","D19","CARI","CARI.AOS.S2","CARI.SS.20240624.FIL","A00000431502","2024-06-24T18:33Z","2024-06-24T18:33Z","Illinois State Water Survey Central Analytical Laboratory",274.0,0.05934,5,"2024-06-26","B",,
"04de6993-640e-4be7-8113-8d6daa2efbd7","D19","CARI","CARI.AOS.S2","CARI.SS.20240624.FIL","A00000431502","2024-06-24T18:33Z","2024-06-24T18:33Z","Illinois State Water Survey Central Analytical Laboratory",266.0,0.06576,5,"2024-06-26","A",,
"e1c0ece1-c591-4da4-bb5d-ec484cd11d0f","D19","CARI","CARI.AOS.S2","CARI.SS.20240624.FIL","A00000431502","2024-06-24T18:33Z","2024-06-24T18:33Z","Illinois State Water Survey Central Analytical Laboratory",380.0,0.01126,5,"2024-06-26","B",,
"39eaae5f-8e33-4cbe-846e-b6a9fd10c3c1","D19","CARI","CARI.AOS.S2","CARI.SS.20240624.FIL","A00000431502","2024-06-24T18:33Z","2024-06-24T18:33Z","Illinois State Water Survey Central Analytical Laboratory",594.0,0.00112,5,"2024-06-26","A",,
"d60f7453-aca7-461b-973f-672b10545006","D19","CARI","CARI.AOS.S2","CARI.SS.20240624.FIL","A00000431502","2024-06-24T18:33Z","2024-06-24T18:33Z","Illinois State Water Survey Central Analytical Laboratory",318.0,0.03140,5,"2024-06-26","A",,
"e795cbe7-ef14-4374-a643-88bd5895cfdf","D19","CARI","CARI.AOS.S2","CARI.SS.20240624.FIL","A00000431502","2024-06-24T18:33Z","2024-06-24T18:33Z","Illinois State Water Survey Central Analytical Laboratory",574.0,0.00118,5,"2024-06-26","A",,
"c404f91d-11b9-465f-b7e7-0f2b7b5e5863","D19","CARI","CARI.AOS.S2","CARI.SS.20240624.FIL","A00000431502","2024-06-24T18:33Z","2024-06-24T18:33Z","Illinois State Water Survey Central Analytical Laboratory",376.0,0.01214,5,"2024-06-26","B",,
"7474b812-d09a-41de-9b4f-b27409cf22b3","D19","CARI","CARI.AOS.S2","CARI.SS.20240624.FIL","A00000431502","2024-06-24T18:33Z","2024-06-24T18:33Z","Illinois State Water Survey Central Analytical Laboratory",230.0,0.11614,5,"2024-06-26","B",,
"549b6cd2-3266-436e-9e0c-1b8135cffd11","D19","CARI","CARI.AOS.S2","CARI.SS.20240624.FIL","A00000431502","2024-06-24T18:33Z","2024-06-24T18:33Z","Illinois State Water Survey Central Analytical Laboratory",374.0,0.01262,5,"2024-06-26","A",,
"2142ed76-16cb-4e2b-8bf4-0396ef9c2a37","D19","CARI","CARI.AOS.S2","CARI.SS.20240624.FIL","A00000431502","2024-06-24T18:33Z","2024-06-24T18:33Z","Illinois State Water Survey Central Analytical Laboratory",246.0,0.07990,5,"2024-06-26","A",,
"8b1c3de0-84c2-47b2-b9cc-3158c6451327","D19","CARI","CARI.AOS.S2","CARI.SS.20240624.FIL","A00000431502","2024-06-24T18:33Z","2024-06-24T18:33Z","Illinois State Water Survey Central Analytical Laboratory",460.0,0.00308,5,"2024-06-26","B",,
"078bf0e1-af4c-4192-9eec-b3b1f38b01be","D19","CARI","CARI.AOS.S2","CARI.SS.20240624.FIL","A00000431502","2024-06-24T18:33Z","2024-06-24T18:33Z","Illinois State Water Survey Central Analytical Laboratory",312.0,0.03434,5,"2024-06-26","B",,
"7eaa1f81-c76d-4d80-93c6-be85efeb481d","D19","CARI","CARI.AOS.S2","CARI.SS.20240624.FIL","A00000431502","2024-06-24T18:33Z","2024-06-24T18:33Z","Illinois State Water Survey Central Analytical Laboratory",540.0,0.00124,5,"2024-06-26","B",,
"33398a0b-cb96-483b-a3f6-5e182dc53ca8","D19","CARI","CARI.AOS.S2","CARI.SS.20240624.FIL","A00000431502","2024-06-24T18:33Z","2024-06-24T18:33Z","Illinois State Water Survey Central Analytical Laboratory",572.0,0.00114,5,"2024-06-26","A",,
"7079915d-cbca-4f92-a110-9407e7d2793c","D19","CARI","CARI.AOS.S2","CARI.SS.20240624.FIL","A00000431502","2024-06-24T18:33Z","2024-06-24T18:33Z","Illinois State Water Survey Central Analytical Laboratory",564.0,0.00126,5,"2024-06-26","A",,
"f9a0eb50-d967-415a-a9a8-85d8d7380340","D19","CARI","CARI.AOS.S2","CARI.SS.20240624.FIL","A00000431502","2024-06-24T18:33Z","2024-06-24T18:33Z","Illinois State Water Survey Central Analytical Laboratory",386.0,0.01012,5,"2024-06-26","A",,
"417fbc82-fcfa-454a-89ae-eb9fe0f1ca07","D19","CARI","CARI.AOS.S2","CARI.SS.20240624.FIL","A00000431502","2024-06-24T18:33Z","2024-06-24T18:33Z","Illinois State Water Survey Central Analytical Laboratory",422.0,0.00552,5,"2024-06-26","A",,
"4945514c-738e-443d-9d9c-9c588f149245","D19","CARI","CARI.AOS.S2","CARI.SS.20240624.FIL","A00000431502","2024-06-24T18:33Z","2024-06-24T18:33Z","Illinois State Water Survey Central Analytical Laboratory",222.0,0.17414,5,"2024-06-26","A",,
"18ff3520-5d0a-4d67-83fb-676d180b2809","D19","CARI","CARI.AOS.S2","CARI.SS.20240624.FIL","A00000431502","2024-06-24T18:33Z","2024-06-24T18:33Z","Illinois State Water Survey Central Analytical Laboratory",354.0,0.01794,5,"2024-06-26","A",,
"b7deb932-0a88-46eb-a22a-c24631f392dc","D19","CARI","CARI.AOS.S2","CARI.SS.20240624.FIL","A00000431502","2024-06-24T18:33Z","2024-06-24T18:33Z","Illinois State Water Survey Central Analytical Laboratory",256.0,0.07288,5,"2024-06-26","A",,
"c7970866-3c8d-4908-bcff-14adfd2ed692","D19","CARI","CARI.AOS.S2","CARI.SS.20240624.FIL","A00000431502","2024-06-24T18:33Z","2024-06-24T18:33Z","Illinois State Water Survey Central Analytical Laboratory",224.0,0.15486,5,"2024-06-26","B",,
"410fbe94-0913-4148-a038-cd91515600bb","D19","CARI","CARI.AOS.S2","CARI.SS.20240624.FIL","A00000431502","2024-06-24T18:33Z","2024-06-24T18:33Z","Illinois State Water Survey Central Analytical Laboratory",390.0,0.00936,5,"2024-06-26","B",,
"f17a857e-bd04-48f3-b802-6c04fa86df8f","D19","CARI","CARI.AOS.S2","CARI.SS.20240624.FIL","A00000431502","2024-06-24T18:33Z","2024-06-24T18:33Z","Illinois State Water Survey Central Analytical Laboratory",484.0,0.00234,5,"2024-06-26","B",,
"41324ee6-ea0f-4622-93e8-9174574c86fd","D19","CARI","CARI.AOS.S2","CARI.SS.20240624.FIL","A00000431502","2024-06-24T18:33Z","2024-06-24T18:33Z","Illinois State Water Survey Central Analytical Laboratory",582.0,0.00084,5,"2024-06-26","B",,
"fb4efe6e-ecf3-4be0-abce-00eb723e083f","D19","CARI","CARI.AOS.S2","CARI.SS.20240624.FIL","A00000431502","2024-06-24T18:33Z","2024-06-24T18:33Z","Illinois State Water Survey Central Analytical Laboratory",276.0,0.05766,5,"2024-06-26","A",,
"ebb5e8f2-ef18-40ed-bc77-eb14f6f03def","D19","CARI","CARI.AOS.S2","CARI.SS.20240624.FIL","A00000431502","2024-06-24T18:33Z","2024-06-24T18:33Z","Illinois State Water Survey Central Analytical Laboratory",556.0,0.00114,5,"2024-06-26","B",,
"c15f0b02-a672-4f42-9153-95f54247288f","D19","CARI","CARI.AOS.S2","CARI.SS.20240624.FIL","A00000431502","2024-06-24T18:33Z","2024-06-24T18:33Z","Illinois State Water Survey Central Analytical Laboratory",272.0,0.06102,5,"2024-06-26","A",,
"7dcc30f7-a18a-45a6-99af-5d6557c0a0a8","D19","CARI","CARI.AOS.S2","CARI.SS.20240624.FIL","A00000431502","2024-06-24T18:33Z","2024-06-24T18:33Z","Illinois State Water Survey Central Analytical Laboratory",302.0,0.03978,5,"2024-06-26","A",,
"bf54d709-68ce-44f2-8d7d-7325d12f41c7","D19","CARI","CARI.AOS.S2","CARI.SS.20240624.FIL","A00000431502","2024-06-24T18:33Z","2024-06-24T18:33Z","Illinois State Water Survey Central Analytical Laboratory",520.0,0.00146,5,"2024-06-26","B",,
"9e7e54e9-3a4c-48b4-b7d0-b6841c96d210","D19","CARI","CARI.AOS.S2","CARI.SS.20240624.FIL","A00000431502","2024-06-24T18:33Z","2024-06-24T18:33Z","Illinois State Water Survey Central Analytical Laboratory",566.0,0.00100,5,"2024-06-26","B",,
"b5586b4d-5644-459b-971a-95222e57bf84","D19","CARI","CARI.AOS.S2","CARI.SS.20240624.FIL","A00000431502","2024-06-24T18:33Z","2024-06-24T18:33Z","Illinois State Water Survey Central Analytical Laboratory",392.0,0.00908,5,"2024-06-26","B",,
"ef45e34a-35c8-4dea-9475-509fed97d679","D19","CARI","CARI.AOS.S2","CARI.SS.20240624.FIL","A00000431502","2024-06-24T18:33Z","2024-06-24T18:33Z","Illinois State Water Survey Central Analytical Laboratory",532.0,0.00164,5,"2024-06-26","A",,
"67aa7aa9-ab81-48f2-8a7d-06ff0fc71517","D19","CARI","CARI.AOS.S2","CARI.SS.20240624.FIL","A00000431502","2024-06-24T18:33Z","2024-06-24T18:33Z","Illinois State Water Survey Central Analytical Laboratory",320.0,0.03048,5,"2024-06-26","B",,
"289938e7-9185-4b59-9482-2aed25ee94e0","D19","CARI","CARI.AOS.S2","CARI.SS.20240624.FIL","A00000431502","2024-06-24T18:33Z","2024-06-24T18:33Z","Illinois State Water Survey Central Analytical Laboratory",396.0,0.00846,5,"2024-06-26","B",,
"debe37eb-9f6d-4879-8283-7781a73b6ae8","D19","CARI","CARI.AOS.S2","CARI.SS.20240624.FIL","A00000431502","2024-06-24T18:33Z","2024-06-24T18:33Z","Illinois State Water Survey Central Analytical Laboratory",382.0,0.01090,5,"2024-06-26","A",,
"2cddb6d9-199c-47fe-ad81-6572b761902e","D19","CARI","CARI.AOS.S2","CARI.SS.20240624.FIL","A00000431502","2024-06-24T18:33Z","2024-06-24T18:33Z","Illinois State Water Survey Central Analytical Laboratory",444.0,0.00392,5,"2024-06-26","A",,
"86d6e640-efb8-4a4b-b324-ddf866078d39","D19","CARI","CARI.AOS.S2","CARI.SS.20240624.FIL","A00000431502","2024-06-24T18:33Z","2024-06-24T18:33Z","Illinois State Water Survey Central Analytical Laboratory",596.0,0.00074,5,"2024-06-26","B",,
"0b192d2a-89d1-4098-b3cb-e32a9c3cc3da","D19","CARI","CARI.AOS.S2","CARI.SS.20240624.FIL","A00000431502","2024-06-24T18:33Z","2024-06-24T18:33Z","Illinois State Water Survey Central Analytical Laboratory",254.0,0.07428,5,"2024-06-26","B",,
"e68097fb-3074-4fd7-a4c5-350a53349b74","D19","CARI","CARI.AOS.S2","CARI.SS.20240624.FIL","A00000431502","2024-06-24T18:33Z","2024-06-24T18:33Z","Illinois State Water Survey Central Analytical Laboratory",372.0,0.01310,5,"2024-06-26","B",,
"e36a4658-110c-4212-9d32-04bc13da78eb","D19","CARI","CARI.AOS.S2","CARI.SS.20240624.FIL","A00000431502","2024-06-24T18:33Z","2024-06-24T18:33Z","Illinois State Water Survey Central Analytical Laboratory",260.0,0.07020,5,"2024-06-26","A",,
"0cbd8d1d-4e30-4b38-997f-14a7ed5818b8","D19","CARI","CARI.AOS.S2","CARI.SS.20240624.FIL","A00000431502","2024-06-24T18:33Z","2024-06-24T18:33Z","Illinois State Water Survey Central Analytical Laboratory",554.0,0.00102,5,"2024-06-26","B",,
"97f987c0-2b38-4879-b8e5-7e6d83570433","D19","CARI","CARI.AOS.S2","CARI.SS.20240624.FIL","A00000431502","2024-06-24T18:33Z","2024-06-24T18:33Z","Illinois State Water Survey Central Analytical Laboratory",534.0,0.00130,5,"2024-06-26","B",,
"43e765dc-c530-4157-9876-289c032a2c8e","D19","CARI","CARI.AOS.S2","CARI.SS.20240624.FIL","A00000431502","2024-06-24T18:33Z","2024-06-24T18:33Z","Illinois State Water Survey Central Analytical Laboratory",278.0,0.05618,5,"2024-06-26","A",,
"25af1a23-bb1c-4292-86ef-47b8ff631cee","D19","CARI","CARI.AOS.S2","CARI.SS.20240624.FIL","A00000431502","2024-06-24T18:33Z","2024-06-24T18:33Z","Illinois State Water Survey Central Analytical Laboratory",398.0,0.00820,5,"2024-06-26","A",,
"5d0d9591-26bf-4de9-8b92-1b39b60f4731","D19","CARI","CARI.AOS.S2","CARI.SS.20240624.FIL","A00000431502","2024-06-24T18:33Z","2024-06-24T18:33Z","Illinois State Water Survey Central Analytical Laboratory",422.0,0.00546,5,"2024-06-26","B",,
"ed15f334-2648-418f-ab68-bf4e5927fca1","D19","CARI","CARI.AOS.S2","CARI.SS.20240624.FIL","A00000431502","2024-06-24T18:33Z","2024-06-24T18:33Z","Illinois State Water Survey Central Analytical Laboratory",376.0,0.01216,5,"2024-06-26","A",,
"501a31d6-9c5d-4521-a95b-cbe1dd2010ae","D19","CARI","CARI.AOS.S2","CARI.SS.20240624.FIL","A00000431502","2024-06-24T18:33Z","2024-06-24T18:33Z","Illinois State Water Survey Central Analytical Laboratory",340.0,0.02248,5,"2024-06-26","B",,
"fe154c88-25e9-475f-8d1e-0ae43d5c86e2","D19","CARI","CARI.AOS.S2","CARI.SS.20240624.FIL","A00000431502","2024-06-24T18:33Z","2024-06-24T18:33Z","Illinois State Water Survey Central Analytical Laboratory",526.0,0.00172,5,"2024-06-26","A",,
"3674f7be-f2b5-48b6-b971-cf165f8c63fa","D19","CARI","CARI.AOS.S2","CARI.SS.20240624.FIL","A00000431502","2024-06-24T18:33Z","2024-06-24T18:33Z","Illinois State Water Survey Central Analytical Laboratory",304.0,0.03866,5,"2024-06-26","B",,
"12d04aa9-0c33-469f-8650-b4d6ba02dca8","D19","CARI","CARI.AOS.S2","CARI.SS.20240624.FIL","A00000431502","2024-06-24T18:33Z","2024-06-24T18:33Z","Illinois State Water Survey Central Analytical Laboratory",346.0,0.02050,5,"2024-06-26","B",,
"d371519d-22eb-4604-9679-9ed197d008bb","D19","CARI","CARI.AOS.S2","CARI.SS.20240624.FIL","A00000431502","2024-06-24T18:33Z","2024-06-24T18:33Z","Illinois State Water Survey Central Analytical Laboratory",262.0,0.06878,5,"2024-06-26","B",,
"855619ab-0b92-4bbd-9f5d-dfdeb8cbcaf0","D19","CARI","CARI.AOS.S2","CARI.SS.20240624.FIL","A00000431502","2024-06-24T18:33Z","2024-06-24T18:33Z","Illinois State Water Survey Central Analytical Laboratory",504.0,0.00202,5,"2024-06-26","A",,
"2d5605f0-6652-4bd5-b20f-bb25fa70f9f6","D19","CARI","CARI.AOS.S2","CARI.SS.20240624.FIL","A00000431502","2024-06-24T18:33Z","2024-06-24T18:33Z","Illinois State Water Survey Central Analytical Laboratory",404.0,0.00744,5,"2024-06-26","A",,
"7c31b67c-a4cc-4a6e-a3b4-d9cfeef4ccd1","D19","CARI","CARI.AOS.S2","CARI.SS.20240624.FIL","A00000431502","2024-06-24T18:33Z","2024-06-24T18:33Z","Illinois State Water Survey Central Analytical Laboratory",220.0,0.19614,5,"2024-06-26","A",,
"d96cb2c4-6ee6-41d6-bd21-75d5f82c594b","D19","CARI","CARI.AOS.S2","CARI.SS.20240624.FIL","A00000431502","2024-06-24T18:33Z","2024-06-24T18:33Z","Illinois State Water Survey Central Analytical Laboratory",496.0,0.00220,5,"2024-06-26","A",,
"74414e16-f5b5-4107-8373-32d13784cfa6","D19","CARI","CARI.AOS.S2","CARI.SS.20240624.FIL","A00000431502","2024-06-24T18:33Z","2024-06-24T18:33Z","Illinois State Water Survey Central Analytical Laboratory",228.0,0.12512,5,"2024-06-26","A",,
"42a0128a-6194-411a-8a3b-246466603e27","D19","CARI","CARI.AOS.S2","CARI.SS.20240624.FIL","A00000431502","2024-06-24T18:33Z","2024-06-24T18:33Z","Illinois State Water Survey Central Analytical Laboratory",288.0,0.04876,5,"2024-06-26","A",,
"c1cbb1ee-acd8-4eed-855e-757f9d77824d","D19","CARI","CARI.AOS.S2","CARI.SS.20240624.FIL","A00000431502","2024-06-24T18:33Z","2024-06-24T18:33Z","Illinois State Water Survey Central Analytical Laboratory",446.0,0.00380,5,"2024-06-26","A",,
"0307c722-0e83-4777-966c-2effaecf7056","D19","CARI","CARI.AOS.S2","CARI.SS.20240624.FIL","A00000431502","2024-06-24T18:33Z","2024-06-24T18:33Z","Illinois State Water Survey Central Analytical Laboratory",538.0,0.00124,5,"2024-06-26","B",,
"05445b98-609c-4776-b69d-310bdd1dc566","D19","CARI","CARI.AOS.S2","CARI.SS.20240624.FIL","A00000431502","2024-06-24T18:33Z","2024-06-24T18:33Z","Illinois State Water Survey Central Analytical Laboratory",536.0,0.00126,5,"2024-06-26","B",,
"e2966c8b-0405-4a24-ad23-65bb9d4b8a7d","D19","CARI","CARI.AOS.S2","CARI.SS.20240624.FIL","A00000431502","2024-06-24T18:33Z","2024-06-24T18:33Z","Illinois State Water Survey Central Analytical Laboratory",594.0,0.00076,5,"2024-06-26","B",,
"b989fb00-03f0-4b75-ba71-ee818a0cc41e","D19","CARI","CARI.AOS.S2","CARI.SS.20240624.FIL","A00000431502","2024-06-24T18:33Z","2024-06-24T18:33Z","Illinois State Water Survey Central Analytical Laboratory",420.0,0.00562,5,"2024-06-26","B",,
"106fce6c-e3ba-4bc9-9cd2-3df6f44426a7","D19","CARI","CARI.AOS.S2","CARI.SS.20240624.FIL","A00000431502","2024-06-24T18:33Z","2024-06-24T18:33Z","Illinois State Water Survey Central Analytical Laboratory",454.0,0.00342,5,"2024-06-26","A",,
"9e349219-368a-4594-8ee2-c6830d20105e","D19","CARI","CARI.AOS.S2","CARI.SS.20240624.FIL","A00000431502","2024-06-24T18:33Z","2024-06-24T18:33Z","Illinois State Water Survey Central Analytical Laboratory",462.0,0.00306,5,"2024-06-26","A",,
"cc509a52-a07b-44d0-809b-c1de8003b777","D19","CARI","CARI.AOS.S2","CARI.SS.20240624.FIL","A00000431502","2024-06-24T18:33Z","2024-06-24T18:33Z","Illinois State Water Survey Central Analytical Laboratory",502.0,0.00210,5,"2024-06-26","A",,
"233555fc-bfc3-4cb6-b268-ec18ba16838d","D19","CARI","CARI.AOS.S2","CARI.SS.20240624.FIL","A00000431502","2024-06-24T18:33Z","2024-06-24T18:33Z","Illinois State Water Survey Central Analytical Laboratory",472.0,0.00266,5,"2024-06-26","B",,
"659834fb-5c9d-462d-90fb-e122e13f0d05","D19","CARI","CARI.AOS.S2","CARI.SS.20240624.FIL","A00000431502","2024-06-24T18:33Z","2024-06-24T18:33Z","Illinois State Water Survey Central Analytical Laboratory",258.0,0.07148,5,"2024-06-26","A",,
"a83db57d-9217-4cb6-8225-df47a835d15a","D19","CARI","CARI.AOS.S2","CARI.SS.20240624.FIL","A00000431502","2024-06-24T18:33Z","2024-06-24T18:33Z","Illinois State Water Survey Central Analytical Laboratory",256.0,0.07286,5,"2024-06-26","B",,
"0e56eaa2-7b06-4b38-96c3-57aa6383e6e3","D19","CARI","CARI.AOS.S2","CARI.SS.20240624.FIL","A00000431502","2024-06-24T18:33Z","2024-06-24T18:33Z","Illinois State Water Survey Central Analytical Laboratory",410.0,0.00674,5,"2024-06-26","A",,
"efecaaeb-2f78-4e15-95ba-d9dae92133c2","D19","CARI","CARI.AOS.S2","CARI.SS.20240624.FIL","A00000431502","2024-06-24T18:33Z","2024-06-24T18:33Z","Illinois State Water Survey Central Analytical Laboratory",384.0,0.01050,5,"2024-06-26","B",,
"3f63c6de-ca7d-49bf-b331-a2fba70440a4","D19","CARI","CARI.AOS.S2","CARI.SS.20240624.FIL","A00000431502","2024-06-24T18:33Z","2024-06-24T18:33Z","Illinois State Water Survey Central Analytical Laboratory",394.0,0.00876,5,"2024-06-26","B",,
"e666f1d2-3be8-4520-83f3-ca28247e0abc","D19","CARI","CARI.AOS.S2","CARI.SS.20240624.FIL","A00000431502","2024-06-24T18:33Z","2024-06-24T18:33Z","Illinois State Water Survey Central Analytical Laboratory",456.0,0.00326,5,"2024-06-26","B",,
"d94a8c18-f598-43e2-bbe5-b9ef90c2365e","D19","CARI","CARI.AOS.S2","CARI.SS.20240624.FIL","A00000431502","2024-06-24T18:33Z","2024-06-24T18:33Z","Illinois State Water Survey Central Analytical Laboratory",558.0,0.00104,5,"2024-06-26","B",,
"6df3f036-841f-4eeb-84b3-835c8866b4c3","D19","CARI","CARI.AOS.S2","CARI.SS.20240624.FIL","A00000431502","2024-06-24T18:33Z","2024-06-24T18:33Z","Illinois State Water Survey Central Analytical Laboratory",446.0,0.00378,5,"2024-06-26","B",,
"b07b917f-2074-45cf-a6b1-59ca38024527","D19","CARI","CARI.AOS.S2","CARI.SS.20240624.FIL","A00000431502","2024-06-24T18:33Z","2024-06-24T18:33Z","Illinois State Water Survey Central Analytical Laboratory",448.0,0.00368,5,"2024-06-26","B",,
"1eb684ce-a155-4bfe-b3fd-0d3db3745997","D19","CARI","CARI.AOS.S2","CARI.SS.20240624.FIL","A00000431502","2024-06-24T18:33Z","2024-06-24T18:33Z","Illinois State Water Survey Central Analytical Laboratory",508.0,0.00200,5,"2024-06-26","A",,
"a8a26162-4611-41b9-a8fb-f2885da2f178","D19","CARI","CARI.AOS.S2","CARI.SS.20240624.FIL","A00000431502","2024-06-24T18:33Z","2024-06-24T18:33Z","Illinois State Water Survey Central Analytical Laboratory",438.0,0.00436,5,"2024-06-26","A",,
"fa61f6cc-850b-4cda-a0cb-e89491423117","D19","CARI","CARI.AOS.S2","CARI.SS.20240624.FIL","A00000431502","2024-06-24T18:33Z","2024-06-24T18:33Z","Illinois State Water Survey Central Analytical Laboratory",388.0,0.00974,5,"2024-06-26","B",,
"cf203098-601e-4929-a2df-f42f9eed5a77","D19","CARI","CARI.AOS.S2","CARI.SS.20240624.FIL","A00000431502","2024-06-24T18:33Z","2024-06-24T18:33Z","Illinois State Water Survey Central Analytical Laboratory",444.0,0.00390,5,"2024-06-26","B",,
"9a9f9d6a-672a-4bef-9667-097f9574e58b","D19","CARI","CARI.AOS.S2","CARI.SS.20240624.FIL","A00000431502","2024-06-24T18:33Z","2024-06-24T18:33Z","Illinois State Water Survey Central Analytical Laboratory",402.0,0.00768,5,"2024-06-26","B",,
"31317a08-dfc8-4bd6-90e7-19d50138fd46","D19","CARI","CARI.AOS.S2","CARI.SS.20240624.FIL","A00000431502","2024-06-24T18:33Z","2024-06-24T18:33Z","Illinois State Water Survey Central Analytical Laboratory",544.0,0.00118,5,"2024-06-26","B",,
"7df76b53-b592-4f70-9e19-ebfc5ec9b6e6","D19","CARI","CARI.AOS.S2","CARI.SS.20240624.FIL","A00000431502","2024-06-24T18:33Z","2024-06-24T18:33Z","Illinois State Water Survey Central Analytical Laboratory",532.0,0.00134,5,"2024-06-26","B",,
"f31f32f6-2d75-47e9-9b39-7a4ec8da1d0e","D19","CARI","CARI.AOS.S2","CARI.SS.20240624.FIL","A00000431502","2024-06-24T18:33Z","2024-06-24T18:33Z","Illinois State Water Survey Central Analytical Laboratory",258.0,0.07150,5,"2024-06-26","B",,
"546a72c9-3316-48f8-8708-70c1007c2dc6","D19","CARI","CARI.AOS.S2","CARI.SS.20240624.FIL","A00000431502","2024-06-24T18:33Z","2024-06-24T18:33Z","Illinois State Water Survey Central Analytical Laboratory",584.0,0.00120,5,"2024-06-26","A",,
"bc0de708-6e0e-4630-a6e2-230818296f44","D19","CARI","CARI.AOS.S2","CARI.SS.20240624.FIL","A00000431502","2024-06-24T18:33Z","2024-06-24T18:33Z","Illinois State Water Survey Central Analytical Laboratory",318.0,0.03140,5,"2024-06-26","B",,
"7b537a81-69f2-4c95-8b90-e2a7ce480ced","D19","CARI","CARI.AOS.S2","CARI.SS.20240624.FIL","A00000431502","2024-06-24T18:33Z","2024-06-24T18:33Z","Illinois State Water Survey Central Analytical Laboratory",578.0,0.00090,5,"2024-06-26","B",,
"771afe41-c8aa-4d53-a554-a7c6a067df80","D19","CARI","CARI.AOS.S2","CARI.SS.20240624.FIL","A00000431502","2024-06-24T18:33Z","2024-06-24T18:33Z","Illinois State Water Survey Central Analytical Laboratory",358.0,0.01682,5,"2024-06-26","B",,
"4068cc83-2329-40c8-b117-20e6af4d8ac7","D19","CARI","CARI.AOS.S2","CARI.SS.20240624.FIL","A00000431502","2024-06-24T18:33Z","2024-06-24T18:33Z","Illinois State Water Survey Central Analytical Laboratory",564.0,0.00098,5,"2024-06-26","B",,
"a30ec57f-3658-459d-ba4c-a9a6babebec4","D19","CARI","CARI.AOS.S2","CARI.SS.20240624.FIL","A00000431502","2024-06-24T18:33Z","2024-06-24T18:33Z","Illinois State Water Survey Central Analytical Laboratory",386.0,0.01006,5,"2024-06-26","B",,
"c0cc33ff-690a-4c94-8260-3942e6c8d3b6","D19","CARI","CARI.AOS.S2","CARI.SS.20240624.FIL","A00000431502","2024-06-24T18:33Z","2024-06-24T18:33Z","Illinois State Water Survey Central Analytical Laboratory",382.0,0.01086,5,"2024-06-26","B",,
"d2054830-a856-4c66-8476-40a1968c8134","D19","CARI","CARI.AOS.S2","CARI.SS.20240624.FIL","A00000431502","2024-06-24T18:33Z","2024-06-24T18:33Z","Illinois State Water Survey Central Analytical Laboratory",236.0,0.09464,5,"2024-06-26","A",,
"d497dd32-f945-461c-98f8-22c2d076b486","D19","CARI","CARI.AOS.S2","CARI.SS.20240624.FIL","A00000431502","2024-06-24T18:33Z","2024-06-24T18:33Z","Illinois State Water Survey Central Analytical Laboratory",286.0,0.05014,5,"2024-06-26","B",,
"eca37488-b271-4dbf-a207-dda39e34ab43","D19","CARI","CARI.AOS.S2","CARI.SS.20240624.FIL","A00000431502","2024-06-24T18:33Z","2024-06-24T18:33Z","Illinois State Water Survey Central Analytical Laboratory",488.0,0.00234,5,"2024-06-26","A",,
"886dbbdc-2e08-4349-ad1c-2b94f3e9d79c","D19","CARI","CARI.AOS.S2","CARI.SS.20240624.FIL","A00000431502","2024-06-24T18:33Z","2024-06-24T18:33Z","Illinois State Water Survey Central Analytical Laboratory",328.0,0.02700,5,"2024-06-26","B",,
"c43a5a6b-b4e3-4969-82b4-1f6aa676eb5c","D19","CARI","CARI.AOS.S2","CARI.SS.20240624.FIL","A00000431502","2024-06-24T18:33Z","2024-06-24T18:33Z","Illinois State Water Survey Central Analytical Laboratory",358.0,0.01678,5,"2024-06-26","A",,
"1243fec1-b107-4233-b63b-097be884852f","D19","CARI","CARI.AOS.S2","CARI.SS.20240624.FIL","A00000431502","2024-06-24T18:33Z","2024-06-24T18:33Z","Illinois State Water Survey Central Analytical Laboratory",578.0,0.00120,5,"2024-06-26","A",,
"df6a5628-8f45-47b5-bda5-b7fe242685a9","D19","CARI","CARI.AOS.S2","CARI.SS.20240624.FIL","A00000431502","2024-06-24T18:33Z","2024-06-24T18:33Z","Illinois State Water Survey Central Analytical Laboratory",494.0,0.00222,5,"2024-06-26","A",,
"0827d58c-f7a6-48f3-b7ba-5e92f3bb70e7","D19","CARI","CARI.AOS.S2","CARI.SS.20240624.FIL","A00000431502","2024-06-24T18:33Z","2024-06-24T18:33Z","Illinois State Water Survey Central Analytical Laboratory",356.0,0.01736,5,"2024-06-26","B",,
"4902b3ac-39ab-4e74-8d68-d1434e462e63","D19","CARI","CARI.AOS.S2","CARI.SS.20240624.FIL","A00000431502","2024-06-24T18:33Z","2024-06-24T18:33Z","Illinois State Water Survey Central Analytical Laboratory",530.0,0.00166,5,"2024-06-26","A",,
"1a9db25a-0fb0-4266-8432-4831b81313c8","D19","CARI","CARI.AOS.S2","CARI.SS.20240624.FIL","A00000431502","2024-06-24T18:33Z","2024-06-24T18:33Z","Illinois State Water Survey Central Analytical Laboratory",368.0,0.01408,5,"2024-06-26","B",,
"6f50d9ef-8ef5-4510-ba83-a913a44b6df9","D19","CARI","CARI.AOS.S2","CARI.SS.20240624.FIL","A00000431502","2024-06-24T18:33Z","2024-06-24T18:33Z","Illinois State Water Survey Central Analytical Laboratory",480.0,0.00260,5,"2024-06-26","A",,
"7218b75b-6c94-4446-8cd7-cae90c4e5c39","D19","CARI","CARI.AOS.S2","CARI.SS.20240624.FIL","A00000431502","2024-06-24T18:33Z","2024-06-24T18:33Z","Illinois State Water Survey Central Analytical Laboratory",458.0,0.00324,5,"2024-06-26","A",,
"89c29294-895d-4139-bc80-de97a85b2325","D19","CARI","CARI.AOS.S2","CARI.SS.20240624.FIL","A00000431502","2024-06-24T18:33Z","2024-06-24T18:33Z","Illinois State Water Survey Central Analytical Laboratory",546.0,0.00118,5,"2024-06-26","B",,
"6ad16600-dbe6-4419-b0e1-8d567792cac4","D19","CARI","CARI.AOS.S2","CARI.SS.20240624.FIL","A00000431502","2024-06-24T18:33Z","2024-06-24T18:33Z","Illinois State Water Survey Central Analytical Laboratory",566.0,0.00126,5,"2024-06-26","A",,
"c70ce671-941a-497d-b901-ab5e8b4395ba","D19","CARI","CARI.AOS.S2","CARI.SS.20240624.FIL","A00000431502","2024-06-24T18:33Z","2024-06-24T18:33Z","Illinois State Water Survey Central Analytical Laboratory",518.0,0.00178,5,"2024-06-26","A",,
"6f06923a-dde0-444a-a6c1-67867e38a3c4","D19","CARI","CARI.AOS.S2","CARI.SS.20240624.FIL","A00000431502","2024-06-24T18:33Z","2024-06-24T18:33Z","Illinois State Water Survey Central Analytical Laboratory",366.0,0.01456,5,"2024-06-26","B",,
"0d6c48cd-45a6-4456-9b5f-9af978665ee0","D19","CARI","CARI.AOS.S2","CARI.SS.20240624.FIL","A00000431502","2024-06-24T18:33Z","2024-06-24T18:33Z","Illinois State Water Survey Central Analytical Laboratory",552.0,0.00144,5,"2024-06-26","A",,
"ca1b3c52-147b-40db-b2d9-8ac74c71a3ca","D19","CARI","CARI.AOS.S2","CARI.SS.20240624.FIL","A00000431502","2024-06-24T18:33Z","2024-06-24T18:33Z","Illinois State Water Survey Central Analytical Laboratory",404.0,0.00740,5,"2024-06-26","B",,
"5b4a70d6-f467-4569-b59d-92444cc2499f","D19","CARI","CARI.AOS.S2","CARI.SS.20240624.FIL","A00000431502","2024-06-24T18:33Z","2024-06-24T18:33Z","Illinois State Water Survey Central Analytical Laboratory",528.0,0.00142,5,"2024-06-26","B",,
"950e9439-b9f2-4956-b160-6a35f1292c93","D19","CARI","CARI.AOS.S2","CARI.SS.20240624.FIL","A00000431502","2024-06-24T18:33Z","2024-06-24T18:33Z","Illinois State Water Survey Central Analytical Laboratory",366.0,0.01456,5,"2024-06-26","A",,
"a15c5db6-98e1-450f-8a66-89a7d1cf54dc","D19","CARI","CARI.AOS.S2","CARI.SS.20240624.FIL","A00000431502","2024-06-24T18:33Z","2024-06-24T18:33Z","Illinois State Water Survey Central Analytical Laboratory",410.0,0.00668,5,"2024-06-26","B",,
"24534337-43b2-4c05-9d56-ac3c96227560","D19","CARI","CARI.AOS.S2","CARI.SS.20240624.FIL","A00000431502","2024-06-24T18:33Z","2024-06-24T18:33Z","Illinois State Water Survey Central Analytical Laboratory",238.0,0.09048,5,"2024-06-26","B",,
"a4943924-e69d-4e51-986e-a979299a0fe3","D19","CARI","CARI.AOS.S2","CARI.SS.20240624.FIL","A00000431502","2024-06-24T18:33Z","2024-06-24T18:33Z","Illinois State Water Survey Central Analytical Laboratory",290.0,0.04728,5,"2024-06-26","A",,
"74879b03-ae0d-466d-ba34-27a11c74cc52","D19","CARI","CARI.AOS.S2","CARI.SS.20240624.FIL","A00000431502","2024-06-24T18:33Z","2024-06-24T18:33Z","Illinois State Water Survey Central Analytical Laboratory",286.0,0.05016,5,"2024-06-26","A",,
"054eda0e-738c-40e3-8a42-d9500807c340","D19","CARI","CARI.AOS.S2","CARI.SS.20240624.FIL","A00000431502","2024-06-24T18:33Z","2024-06-24T18:33Z","Illinois State Water Survey Central Analytical Laboratory",250.0,0.07698,5,"2024-06-26","B",,
"08ef0380-a60e-4652-a048-db42fd9c5a2e","D19","CARI","CARI.AOS.S2","CARI.SS.20240624.FIL","A00000431502","2024-06-24T18:33Z","2024-06-24T18:33Z","Illinois State Water Survey Central Analytical Laboratory",562.0,0.00102,5,"2024-06-26","B",,
"c5f6cd5b-82c1-4e6e-a809-5b8c130d8b2f","D19","CARI","CARI.AOS.S2","CARI.SS.20240624.FIL","A00000431502","2024-06-24T18:33Z","2024-06-24T18:33Z","Illinois State Water Survey Central Analytical Laboratory",306.0,0.03750,5,"2024-06-26","B",,
"f2028571-538b-4f6c-987a-6295bbaafce1","D19","CARI","CARI.AOS.S2","CARI.SS.20240624.FIL","A00000431502","2024-06-24T18:33Z","2024-06-24T18:33Z","Illinois State Water Survey Central Analytical Laboratory",350.0,0.01918,5,"2024-06-26","A",,
"b13dfe30-2918-4abf-829c-524fac27e8c4","D19","CARI","CARI.AOS.S2","CARI.SS.20240624.FIL","A00000431502","2024-06-24T18:33Z","2024-06-24T18:33Z","Illinois State Water Survey Central Analytical Laboratory",270.0,0.06246,5,"2024-06-26","A",,
"6c0db121-50cf-4feb-a8a8-313b50361862","D19","CARI","CARI.AOS.S2","CARI.SS.20240624.FIL","A00000431502","2024-06-24T18:33Z","2024-06-24T18:33Z","Illinois State Water Survey Central Analytical Laboratory",270.0,0.06244,5,"2024-06-26","B",,
"3278f4c0-aaf5-4b23-be85-a28761e65d17","D19","CARI","CARI.AOS.S2","CARI.SS.20240624.FIL","A00000431502","2024-06-24T18:33Z","2024-06-24T18:33Z","Illinois State Water Survey Central Analytical Laboratory",472.0,0.00278,5,"2024-06-26","A",,
"a2471e6a-4408-4db2-946f-86a557fa9b3c","D19","CARI","CARI.AOS.S2","CARI.SS.20240624.FIL","A00000431502","2024-06-24T18:33Z","2024-06-24T18:33Z","Illinois State Water Survey Central Analytical Laboratory",570.0,0.00124,5,"2024-06-26","A",,
"b9ba0038-1993-4f36-930c-eaab8002bed1","D19","CARI","CARI.AOS.S2","CARI.SS.20240624.FIL","A00000431502","2024-06-24T18:33Z","2024-06-24T18:33Z","Illinois State Water Survey Central Analytical Laboratory",262.0,0.06878,5,"2024-06-26","A",,
"ca36368e-d09d-40bd-9885-75b4a08f0a88","D19","CARI","CARI.AOS.S2","CARI.SS.20240624.FIL","A00000431502","2024-06-24T18:33Z","2024-06-24T18:33Z","Illinois State Water Survey Central Analytical Laboratory",362.0,0.01568,5,"2024-06-26","B",,
"67dda521-28d1-4f09-93a0-5ce1b0c62f77","D19","CARI","CARI.AOS.S2","CARI.SS.20240624.FIL","A00000431502","2024-06-24T18:33Z","2024-06-24T18:33Z","Illinois State Water Survey Central Analytical Laboratory",328.0,0.02704,5,"2024-06-26","A",,
"0c2dce09-0990-42f9-a985-9cb5b0497d94","D19","CARI","CARI.AOS.S2","CARI.SS.20240624.FIL","A00000431502","2024-06-24T18:33Z","2024-06-24T18:33Z","Illinois State Water Survey Central Analytical Laboratory",428.0,0.00502,5,"2024-06-26","B",,
"d3bb24e1-e6d2-473d-9dcc-c1fe70419cf4","D19","CARI","CARI.AOS.S2","CARI.SS.20240624.FIL","A00000431502","2024-06-24T18:33Z","2024-06-24T18:33Z","Illinois State Water Survey Central Analytical Laboratory",486.0,0.00228,5,"2024-06-26","B",,
"dbd4eb5e-2376-44e7-bc83-c02e96a5ab85","D19","CARI","CARI.AOS.S2","CARI.SS.20240624.FIL","A00000431502","2024-06-24T18:33Z","2024-06-24T18:33Z","Illinois State Water Survey Central Analytical Laboratory",420.0,0.00564,5,"2024-06-26","A",,
"961c384f-d9aa-4ad5-94f0-da6f0325bfb6","D19","CARI","CARI.AOS.S2","CARI.SS.20240624.FIL","A00000431502","2024-06-24T18:33Z","2024-06-24T18:33Z","Illinois State Water Survey Central Analytical Laboratory",334.0,0.02470,5,"2024-06-26","A",,
"8a619850-2765-49b9-b2bb-3a3823f56132","D19","CARI","CARI.AOS.S2","CARI.SS.20240624.FIL","A00000431502","2024-06-24T18:33Z","2024-06-24T18:33Z","Illinois State Water Survey Central Analytical Laboratory",514.0,0.00186,5,"2024-06-26","A",,
"38ea6afd-8d3d-4bc3-811c-c119d79ebda4","D19","CARI","CARI.AOS.S2","CARI.SS.20240624.FIL","A00000431502","2024-06-24T18:33Z","2024-06-24T18:33Z","Illinois State Water Survey Central Analytical Laboratory",360.0,0.01620,5,"2024-06-26","A",,
"8259b009-16df-43c6-af0d-bfd72722d706","D19","CARI","CARI.AOS.S2","CARI.SS.20240624.FIL","A00000431502","2024-06-24T18:33Z","2024-06-24T18:33Z","Illinois State Water Survey Central Analytical Laboratory",526.0,0.00142,5,"2024-06-26","B",,
"d3b887bf-9e05-49c8-9447-959b42f806ce","D19","CARI","CARI.AOS.S2","CARI.SS.20240624.FIL","A00000431502","2024-06-24T18:33Z","2024-06-24T18:33Z","Illinois State Water Survey Central Analytical Laboratory",284.0,0.05156,5,"2024-06-26","A",,
"ebeec286-164b-40cd-b94e-a8835373dee0","D19","CARI","CARI.AOS.S2","CARI.SS.20240624.FIL","A00000431502","2024-06-24T18:33Z","2024-06-24T18:33Z","Illinois State Water Survey Central Analytical Laboratory",592.0,0.00108,5,"2024-06-26","A",,
"edb45332-1b5b-4115-b009-fdb8c37187ba","D19","CARI","CARI.AOS.S2","CARI.SS.20240624.FIL","A00000431502","2024-06-24T18:33Z","2024-06-24T18:33Z","Illinois State Water Survey Central Analytical Laboratory",506.0,0.00176,5,"2024-06-26","B",,
"82551eac-b8fc-44b3-bc2e-05590f396a38","D19","CARI","CARI.AOS.S2","CARI.SS.20240624.FIL","A00000431502","2024-06-24T18:33Z","2024-06-24T18:33Z","Illinois State Water Survey Central Analytical Laboratory",474.0,0.00270,5,"2024-06-26","A",,
"529d7392-7fc3-4828-aa5a-6a7bb8f7ad52","D19","CARI","CARI.AOS.S2","CARI.SS.20240624.FIL","A00000431502","2024-06-24T18:33Z","2024-06-24T18:33Z","Illinois State Water Survey Central Analytical Laboratory",582.0,0.00112,5,"2024-06-26","A",,
"58e67046-b4d3-40f4-adaa-021e7b16d85f","D19","CARI","CARI.AOS.S2","CARI.SS.20240624.FIL","A00000431502","2024-06-24T18:33Z","2024-06-24T18:33Z","Illinois State Water Survey Central Analytical Laboratory",326.0,0.02780,5,"2024-06-26","A",,
"fa6ada9a-cdda-4173-be38-b037084dfe2e","D19","CARI","CARI.AOS.S2","CARI.SS.20240624.FIL","A00000431502","2024-06-24T18:33Z","2024-06-24T18:33Z","Illinois State Water Survey Central Analytical Laboratory",452.0,0.00342,5,"2024-06-26","B",,
"d057624d-d91b-435d-bac8-660ea8956d31","D19","CARI","CARI.AOS.S2","CARI.SS.20240624.FIL","A00000431502","2024-06-24T18:33Z","2024-06-24T18:33Z","Illinois State Water Survey Central Analytical Laboratory",264.0,0.06738,5,"2024-06-26","B",,
"5f6db5ac-e832-429d-a851-3a00aa1306e3","D19","CARI","CARI.AOS.S2","CARI.SS.20240624.FIL","A00000431502","2024-06-24T18:33Z","2024-06-24T18:33Z","Illinois State Water Survey Central Analytical Laboratory",484.0,0.00246,5,"2024-06-26","A",,
"cb465e15-6321-4be8-aed1-938e71f66d20","D19","CARI","CARI.AOS.S2","CARI.SS.20240624.FIL","A00000431502","2024-06-24T18:33Z","2024-06-24T18:33Z","Illinois State Water Survey Central Analytical Laboratory",380.0,0.01132,5,"2024-06-26","A",,
"73ef0d61-a7f5-454f-9c55-389c3283695b","D19","CARI","CARI.AOS.S2","CARI.SS.20240624.FIL","A00000431502","2024-06-24T18:33Z","2024-06-24T18:33Z","Illinois State Water Survey Central Analytical Laboratory",220.0,0.19606,5,"2024-06-26","B",,
"8ac8f168-36c2-4f0c-bbf0-6e2d5ea54239","D19","CARI","CARI.AOS.S2","CARI.SS.20240624.FIL","A00000431502","2024-06-24T18:33Z","2024-06-24T18:33Z","Illinois State Water Survey Central Analytical Laboratory",468.0,0.00280,5,"2024-06-26","B",,
"458d4577-ff07-4708-97bb-f3e6481eae6c","D19","CARI","CARI.AOS.S2","CARI.SS.20240624.FIL","A00000431502","2024-06-24T18:33Z","2024-06-24T18:33Z","Illinois State Water Survey Central Analytical Laboratory",240.0,0.08704,5,"2024-06-26","A",,
"f8b0e4e9-2ab7-4a51-bf91-c95a371e5e4b","D19","CARI","CARI.AOS.S2","CARI.SS.20240624.FIL","A00000431502","2024-06-24T18:33Z","2024-06-24T18:33Z","Illinois State Water Survey Central Analytical Laboratory",554.0,0.00138,5,"2024-06-26","A",,
"e166a066-e9f4-49ef-bcb5-10c1b5cb4890","D19","CARI","CARI.AOS.S2","CARI.SS.20240624.FIL","A00000431502","2024-06-24T18:33Z","2024-06-24T18:33Z","Illinois State Water Survey Central Analytical Laboratory",414.0,0.00616,5,"2024-06-26","A",,
"362c3c79-fa83-40aa-8195-94aa5820b5b2","D19","CARI","CARI.AOS.S2","CARI.SS.20240624.FIL","A00000431502","2024-06-24T18:33Z","2024-06-24T18:33Z","Illinois State Water Survey Central Analytical Laboratory",460.0,0.00314,5,"2024-06-26","A",,
"a8e1e7df-8153-473d-a3e1-609661db3bcd","D19","CARI","CARI.AOS.S2","CARI.SS.20240624.FIL","A00000431502","2024-06-24T18:33Z","2024-06-24T18:33Z","Illinois State Water Survey Central Analytical Laboratory",464.0,0.00294,5,"2024-06-26","B",,
"36bf42b8-fd11-488b-95bc-9095f58e3a03","D19","CARI","CARI.AOS.S2","CARI.SS.20240624.FIL","A00000431502","2024-06-24T18:33Z","2024-06-24T18:33Z","Illinois State Water Survey Central Analytical Laboratory",232.0,0.10722,5,"2024-06-26","B",,
"7fe1491b-6591-49d4-a0fc-f548898c1f21","D19","CARI","CARI.AOS.S2","CARI.SS.20240624.FIL","A00000431502","2024-06-24T18:33Z","2024-06-24T18:33Z","Illinois State Water Survey Central Analytical Laboratory",490.0,0.00230,5,"2024-06-26","A",,
"5cf4cf74-67bb-4f8c-8e24-0b0dcafdf330","D19","CARI","CARI.AOS.S2","CARI.SS.20240624.FIL","A00000431502","2024-06-24T18:33Z","2024-06-24T18:33Z","Illinois State Water Survey Central Analytical Laboratory",272.0,0.06104,5,"2024-06-26","B",,
"1bc6709e-8165-44cc-ada3-5b8b8fe3fc92","D19","CARI","CARI.AOS.S2","CARI.SS.20240624.FIL","A00000431502","2024-06-24T18:33Z","2024-06-24T18:33Z","Illinois State Water Survey Central Analytical Laboratory",374.0,0.01260,5,"2024-06-26","B",,
"3cdbba6d-e5e8-48c9-aad0-0c5f7834c594","D19","CARI","CARI.AOS.S2","CARI.SS.20240624.FIL","A00000431502","2024-06-24T18:33Z","2024-06-24T18:33Z","Illinois State Water Survey Central Analytical Laboratory",434.0,0.00460,5,"2024-06-26","A",,
"fddbc902-07da-48e5-b23c-bb68955cc6ca","D19","CARI","CARI.AOS.S2","CARI.SS.20240624.FIL","A00000431502","2024-06-24T18:33Z","2024-06-24T18:33Z","Illinois State Water Survey Central Analytical Laboratory",350.0,0.01920,5,"2024-06-26","B",,
"5f6eb544-9510-401b-b5cf-1dfc405d33d6","D19","CARI","CARI.AOS.S2","CARI.SS.20240624.FIL","A00000431502","2024-06-24T18:33Z","2024-06-24T18:33Z","Illinois State Water Survey Central Analytical Laboratory",476.0,0.00264,5,"2024-06-26","A",,
"c419840f-9ca3-45fc-8322-9c27dd8288b3","D19","CARI","CARI.AOS.S2","CARI.SS.20240624.FIL","A00000431502","2024-06-24T18:33Z","2024-06-24T18:33Z","Illinois State Water Survey Central Analytical Laboratory",330.0,0.02618,5,"2024-06-26","B",,
"4c17931e-6df6-4944-afb1-03958df5f63a","D19","CARI","CARI.AOS.S2","CARI.SS.20240624.FIL","A00000431502","2024-06-24T18:33Z","2024-06-24T18:33Z","Illinois State Water Survey Central Analytical Laboratory",260.0,0.07022,5,"2024-06-26","B",,
"427006c2-64f9-497d-9b3e-3f98dbf84ce5","D19","CARI","CARI.AOS.S2","CARI.SS.20240624.FIL","A00000431502","2024-06-24T18:33Z","2024-06-24T18:33Z","Illinois State Water Survey Central Analytical Laboratory",524.0,0.00172,5,"2024-06-26","A",,
"4f9b9680-ad60-4987-b0f0-452e033b01bc","D19","CARI","CARI.AOS.S2","CARI.SS.20240624.FIL","A00000431502","2024-06-24T18:33Z","2024-06-24T18:33Z","Illinois State Water Survey Central Analytical Laboratory",296.0,0.04324,5,"2024-06-26","B",,
"0bea643c-fbef-44d6-82cc-8dfaf959d67a","D19","CARI","CARI.AOS.S2","CARI.SS.20240624.FIL","A00000431502","2024-06-24T18:33Z","2024-06-24T18:33Z","Illinois State Water Survey Central Analytical Laboratory",500.0,0.00208,5,"2024-06-26","A",,
"ed76592f-7606-437e-a91e-190ee430b443","D19","CARI","CARI.AOS.S2","CARI.SS.20240624.FIL","A00000431502","2024-06-24T18:33Z","2024-06-24T18:33Z","Illinois State Water Survey Central Analytical Laboratory",406.0,0.00712,5,"2024-06-26","B",,
"6f49cd9b-cbc3-49a3-bad0-6ef3e7b1643f","D19","CARI","CARI.AOS.S2","CARI.SS.20240624.FIL","A00000431502","2024-06-24T18:33Z","2024-06-24T18:33Z","Illinois State Water Survey Central Analytical Laboratory",524.0,0.00146,5,"2024-06-26","B",,
"6367e20b-fc31-41f2-b3a4-2d1623d3558c","D19","CARI","CARI.AOS.S2","CARI.SS.20240624.FIL","A00000431502","2024-06-24T18:33Z","2024-06-24T18:33Z","Illinois State Water Survey Central Analytical Laboratory",348.0,0.01982,5,"2024-06-26","B",,
"848cbd92-d478-4f7b-a930-b039a14b211f","D19","CARI","CARI.AOS.S2","CARI.SS.20240624.FIL","A00000431502","2024-06-24T18:33Z","2024-06-24T18:33Z","Illinois State Water Survey Central Analytical Laboratory",424.0,0.00536,5,"2024-06-26","A",,
"c2a0ea73-62bb-4972-860b-ea98f36f9f3b","D19","CARI","CARI.AOS.S2","CARI.SS.20240624.FIL","A00000431502","2024-06-24T18:33Z","2024-06-24T18:33Z","Illinois State Water Survey Central Analytical Laboratory",348.0,0.01986,5,"2024-06-26","A",,
"d8cc3c21-4c8d-423a-9657-d4c5163430a1","D19","CARI","CARI.AOS.S2","CARI.SS.20240624.FIL","A00000431502","2024-06-24T18:33Z","2024-06-24T18:33Z","Illinois State Water Survey Central Analytical Laboratory",280.0,0.05450,5,"2024-06-26","B",,
"51482b22-5963-4117-90cf-7535889b684f","D19","CARI","CARI.AOS.S2","CARI.SS.20240624.FIL","A00000431502","2024-06-24T18:33Z","2024-06-24T18:33Z","Illinois State Water Survey Central Analytical Laboratory",278.0,0.05618,5,"2024-06-26","B",,
"998a8a48-db3c-4fa6-96c5-9728dc784a40","D19","CARI","CARI.AOS.S2","CARI.SS.20240624.FIL","A00000431502","2024-06-24T18:33Z","2024-06-24T18:33Z","Illinois State Water Survey Central Analytical Laboratory",242.0,0.08420,5,"2024-06-26","A",,
"29039828-e2d1-47cd-bff2-90c449a469e9","D19","CARI","CARI.AOS.S2","CARI.SS.20240624.FIL","A00000431502","2024-06-24T18:33Z","2024-06-24T18:33Z","Illinois State Water Survey Central Analytical Laboratory",332.0,0.02538,5,"2024-06-26","A",,
"2fcc71f8-f365-4dc2-9439-0136acf7fbe8","D19","CARI","CARI.AOS.S2","CARI.SS.20240624.FIL","A00000431502","2024-06-24T18:33Z","2024-06-24T18:33Z","Illinois State Water Survey Central Analytical Laboratory",588.0,0.00114,5,"2024-06-26","A",,
"7d634442-0b65-4170-8a44-cafd9bf9ca90","D19","CARI","CARI.AOS.S2","CARI.SS.20240624.FIL","A00000431502","2024-06-24T18:33Z","2024-06-24T18:33Z","Illinois State Water Survey Central Analytical Laboratory",562.0,0.00124,5,"2024-06-26","A",,
"ebfe6c18-da7b-40b4-bf73-41c20ad94208","D19","CARI","CARI.AOS.S2","CARI.SS.20240624.FIL","A00000431502","2024-06-24T18:33Z","2024-06-24T18:33Z","Illinois State Water Survey Central Analytical Laboratory",468.0,0.00290,5,"2024-06-26","A",,
"c8392645-504a-40ed-bf46-a9d1b90aff56","D19","CARI","CARI.AOS.S2","CARI.SS.20240624.FIL","A00000431502","2024-06-24T18:33Z","2024-06-24T18:33Z","Illinois State Water Survey Central Analytical Laboratory",474.0,0.00258,5,"2024-06-26","B",,
"34e02fdb-484b-4a58-b0ed-66a79082b2cb","D19","CARI","CARI.AOS.S2","CARI.SS.20240624.FIL","A00000431502","2024-06-24T18:33Z","2024-06-24T18:33Z","Illinois State Water Survey Central Analytical Laboratory",592.0,0.00076,5,"2024-06-26","B",,
"e7a5e651-3712-477b-b613-3d09b55ec1aa","D19","CARI","CARI.AOS.S2","CARI.SS.20240624.FIL","A00000431502","2024-06-24T18:33Z","2024-06-24T18:33Z","Illinois State Water Survey Central Analytical Laboratory",222.0,0.17414,5,"2024-06-26","B",,
"a1bbc19b-82c8-4efc-b756-b13121d89029","D19","CARI","CARI.AOS.S2","CARI.SS.20240624.FIL","A00000431502","2024-06-24T18:33Z","2024-06-24T18:33Z","Illinois State Water Survey Central Analytical Laboratory",406.0,0.00718,5,"2024-06-26","A",,
"3b494757-c003-4677-8675-4cc62f7b33f7","D19","CARI","CARI.AOS.S2","CARI.SS.20240624.FIL","A00000431502","2024-06-24T18:33Z","2024-06-24T18:33Z","Illinois State Water Survey Central Analytical Laboratory",334.0,0.02470,5,"2024-06-26","B",,
"51aaade8-5a4b-41f1-81b3-65b46a99ea4c","D19","CARI","CARI.AOS.S2","CARI.SS.20240624.FIL","A00000431502","2024-06-24T18:33Z","2024-06-24T18:33Z","Illinois State Water Survey Central Analytical Laboratory",418.0,0.00578,5,"2024-06-26","B",,
"abf9a180-b5f8-472b-964b-3eb9bc0032c3","D19","CARI","CARI.AOS.S2","CARI.SS.20240624.FIL","A00000431502","2024-06-24T18:33Z","2024-06-24T18:33Z","Illinois State Water Survey Central Analytical Laboratory",568.0,0.00094,5,"2024-06-26","B",,
"8dd3cc92-aee1-45bc-8823-29816cf9bb4d","D19","CARI","CARI.AOS.S2","CARI.SS.20240624.FIL","A00000431502","2024-06-24T18:33Z","2024-06-24T18:33Z","Illinois State Water Survey Central Analytical Laboratory",414.0,0.00612,5,"2024-06-26","B",,
"064b778b-16fc-40be-8c1b-dc127395b395","D19","CARI","CARI.AOS.S2","CARI.SS.20240624.FIL","A00000431502","2024-06-24T18:33Z","2024-06-24T18:33Z","Illinois State Water Survey Central Analytical Laboratory",368.0,0.01408,5,"2024-06-26","A",,
"170076a7-dbe3-481d-997b-f0cb373c2549","D19","CARI","CARI.AOS.S2","CARI.SS.20240624.FIL","A00000431502","2024-06-24T18:33Z","2024-06-24T18:33Z","Illinois State Water Survey Central Analytical Laboratory",454.0,0.00336,5,"2024-06-26","B",,
"2f1a598f-2dcc-4d56-8ad9-f75f0153f4e0","D19","CARI","CARI.AOS.S2","CARI.SS.20240624.FIL","A00000431502","2024-06-24T18:33Z","2024-06-24T18:33Z","Illinois State Water Survey Central Analytical Laboratory",492.0,0.00228,5,"2024-06-26","A",,
"570be5d5-f8b6-414f-ab82-cdbbe15306ae","D19","CARI","CARI.AOS.S2","CARI.SS.20240624.FIL","A00000431502","2024-06-24T18:33Z","2024-06-24T18:33Z","Illinois State Water Survey Central Analytical Laboratory",486.0,0.00240,5,"2024-06-26","A",,
"c8a392f0-fd56-4860-8f0d-aeca5983d294","D19","CARI","CARI.AOS.S2","CARI.SS.20240624.FIL","A00000431502","2024-06-24T18:33Z","2024-06-24T18:33Z","Illinois State Water Survey Central Analytical Laboratory",322.0,0.02952,5,"2024-06-26","B",,
"627c817e-3fc5-456e-9bc2-8e1c3f0a2044","D19","CARI","CARI.AOS.S2","CARI.SS.20240624.FIL","A00000431502","2024-06-24T18:33Z","2024-06-24T18:33Z","Illinois State Water Survey Central Analytical Laboratory",530.0,0.00138,5,"2024-06-26","B",,
"d6f5f91f-9ddc-4117-8ebe-037cd3500f36","D19","CARI","CARI.AOS.S2","CARI.SS.20240624.FIL","A00000431502","2024-06-24T18:33Z","2024-06-24T18:33Z","Illinois State Water Survey Central Analytical Laboratory",570.0,0.00098,5,"2024-06-26","B",,
"cb6b9f89-8889-4d99-ad96-271ca785dc44","D19","CARI","CARI.AOS.S2","CARI.SS.20240624.FIL","A00000431502","2024-06-24T18:33Z","2024-06-24T18:33Z","Illinois State Water Survey Central Analytical Laboratory",508.0,0.00172,5,"2024-06-26","B",,
"4d827ad0-c679-4498-8118-fa94d896ef16","D19","CARI","CARI.AOS.S2","CARI.SS.20240624.FIL","A00000431502","2024-06-24T18:33Z","2024-06-24T18:33Z","Illinois State Water Survey Central Analytical Laboratory",478.0,0.00250,5,"2024-06-26","B",,
"40f6ab7f-504e-4e7e-916e-08e04f6ca85a","D19","CARI","CARI.AOS.S2","CARI.SS.20240624.FIL","A00000431502","2024-06-24T18:33Z","2024-06-24T18:33Z","Illinois State Water Survey Central Analytical Laboratory",352.0,0.01856,5,"2024-06-26","A",,
"29b81dcf-b7fe-4fd6-871e-a60aa7a77348","D19","CARI","CARI.AOS.S2","CARI.SS.20240624.FIL","A00000431502","2024-06-24T18:33Z","2024-06-24T18:33Z","Illinois State Water Survey Central Analytical Laboratory",590.0,0.00110,5,"2024-06-26","A",,
"591622bc-1306-441c-8a36-b5619415e03e","D19","CARI","CARI.AOS.S2","CARI.SS.20240624.FIL","A00000431502","2024-06-24T18:33Z","2024-06-24T18:33Z","Illinois State Water Survey Central Analytical Laboratory",502.0,0.00182,5,"2024-06-26","B",,
"3db438f0-2de6-4558-9700-89749ea217e2","D19","CARI","CARI.AOS.S2","CARI.SS.20240624.FIL","A00000431502","2024-06-24T18:33Z","2024-06-24T18:33Z","Illinois State Water Survey Central Analytical Laboratory",248.0,0.07844,5,"2024-06-26","A",,
"1774f073-cbd4-497c-a3fe-2e5bccbdfb66","D19","CARI","CARI.AOS.S2","CARI.SS.20240624.FIL","A00000431502","2024-06-24T18:33Z","2024-06-24T18:33Z","Illinois State Water Survey Central Analytical Laboratory",304.0,0.03868,5,"2024-06-26","A",,
"353eba34-43e6-43d3-bd24-0ffc7ed94a13","D19","CARI","CARI.AOS.S2","CARI.SS.20240624.FIL","A00000431502","2024-06-24T18:33Z","2024-06-24T18:33Z","Illinois State Water Survey Central Analytical Laboratory",534.0,0.00160,5,"2024-06-26","A",,
"6cd149fd-28b4-42f0-8aa3-477fb9bb4895","D19","CARI","CARI.AOS.S2","CARI.SS.20240624.FIL","A00000431502","2024-06-24T18:33Z","2024-06-24T18:33Z","Illinois State Water Survey Central Analytical Laboratory",568.0,0.00120,5,"2024-06-26","A",,
"2353717c-ec48-4216-9c9c-506d3f3af364","D19","CARI","CARI.AOS.S2","CARI.SS.20240624.FIL","A00000431502","2024-06-24T18:33Z","2024-06-24T18:33Z","Illinois State Water Survey Central Analytical Laboratory",426.0,0.00518,5,"2024-06-26","A",,
"fb09b08e-408c-43dd-8c61-468b6409e527","D19","CARI","CARI.AOS.S2","CARI.SS.20240624.FIL","A00000431502","2024-06-24T18:33Z","2024-06-24T18:33Z","Illinois State Water Survey Central Analytical Laboratory",522.0,0.00176,5,"2024-06-26","A",,
