uid,domainID,siteID,namedLocation,sampleID,sampleCode,startDate,collectDate,laboratoryName,wavelength,decadicAbsorbance,cuvetteLength,analysisDate,spectrumReplicateID,remarks,dataQF
"eef6bec6-b6eb-4c32-b6b8-59c2e6230d8b","D06","KING","KING.AOS.S2","KING.SS.20240506.FIL","A00000436157","2024-05-06T14:20Z","2024-05-06T14:20Z","Illinois State Water Survey Central Analytical Laboratory",416.0,0.00188,5,"2024-05-07","B",,
"d477df98-bed4-4935-b175-94181abb71bc","D06","KING","KING.AOS.S2","KING.SS.20240506.FIL","A00000436157","2024-05-06T14:20Z","2024-05-06T14:20Z","Illinois State Water Survey Central Analytical Laboratory",422.0,0.00172,5,"2024-05-07","B",,
"fc9dfe5e-c312-4878-8ca6-cb1acdaaf0fb","D06","KING","KING.AOS.S2","KING.SS.20240506.FIL","A00000436157","2024-05-06T14:20Z","2024-05-06T14:20Z","Illinois State Water Survey Central Analytical Laboratory",546.0,0.00058,5,"2024-05-07","A",,
"ac976aae-7ea0-4898-a62e-77497ba4d617","D06","KING","KING.AOS.S2","KING.SS.20240506.FIL","A00000436157","2024-05-06T14:20Z","2024-05-06T14:20Z","Illinois State Water Survey Central Analytical Laboratory",580.0,0.00052,5,"2024-05-07","A",,
"71f35d01-1d8b-4369-8154-c095bec7b320","D06","KING","KING.AOS.S2","KING.SS.20240506.FIL","A00000436157","2024-05-06T14:20Z","2024-05-06T14:20Z","Illinois State Water Survey Central Analytical Laboratory",540.0,0.00042,5,"2024-05-07","B",,
"0be29d77-1acf-4b49-a82b-a9c306dfaa9b","D06","KING","KING.AOS.S2","KING.SS.20240506.FIL","A00000436157","2024-05-06T14:20Z","2024-05-06T14:20Z","Illinois State Water Survey Central Analytical Laboratory",566.0,0.00034,5,"2024-05-07","B",,
"907b308c-55dd-4378-86be-9bd778c70d81","D06","KING","KING.AOS.S2","KING.SS.20240506.FIL","A00000436157","2024-05-06T14:20Z","2024-05-06T14:20Z","Illinois State Water Survey Central Analytical Laboratory",574.0,0.00030,5,"2024-05-07","B",,
"2052f6cc-5122-4854-9ad9-a2f7190b4357","D06","KING","KING.AOS.S2","KING.SS.20240506.FIL","A00000436157","2024-05-06T14:20Z","2024-05-06T14:20Z","Illinois State Water Survey Central Analytical Laboratory",444.0,0.00140,5,"2024-05-07","A",,
"0c7aac03-1d7b-487b-bd42-1f4a56941811","D06","KING","KING.AOS.S2","KING.SS.20240506.FIL","A00000436157","2024-05-06T14:20Z","2024-05-06T14:20Z","Illinois State Water Survey Central Analytical Laboratory",490.0,0.00072,5,"2024-05-07","B",,
"e14a5dba-7719-42db-8e8b-e0dd6bdee561","D06","KING","KING.AOS.S2","KING.SS.20240506.FIL","A00000436157","2024-05-06T14:20Z","2024-05-06T14:20Z","Illinois State Water Survey Central Analytical Laboratory",598.0,0.00020,5,"2024-05-07","B",,
"c2fd2d22-2a77-4d0f-a4e9-5e3bb2d5d00e","D06","KING","KING.AOS.S2","KING.SS.20240506.FIL","A00000436157","2024-05-06T14:20Z","2024-05-06T14:20Z","Illinois State Water Survey Central Analytical Laboratory",492.0,0.00074,5,"2024-05-07","B",,
"e0a664df-ddab-4d6d-bc3f-2d9c94140f76","D06","KING","KING.AOS.S2","KING.SS.20240506.FIL","A00000436157","2024-05-06T14:20Z","2024-05-06T14:20Z","Illinois State Water Survey Central Analytical Laboratory",348.0,0.00630,5,"2024-05-07","A",,
"c6abf898-b9c8-4190-8a6c-e526427cb890","D06","KING","KING.AOS.S2","KING.SS.20240506.FIL","A00000436157","2024-05-06T14:20Z","2024-05-06T14:20Z","Illinois State Water Survey Central Analytical Laboratory",372.0,0.00418,5,"2024-05-07","A",,
"f80249d3-2762-44e5-879d-f46ad7b33bb3","D06","KING","KING.AOS.S2","KING.SS.20240506.FIL","A00000436157","2024-05-06T14:20Z","2024-05-06T14:20Z","Illinois State Water Survey Central Analytical Laboratory",262.0,0.02494,5,"2024-05-07","A",,
"99298161-adcd-4664-a021-16ea015c51fc","D06","KING","KING.AOS.S2","KING.SS.20240506.FIL","A00000436157","2024-05-06T14:20Z","2024-05-06T14:20Z","Illinois State Water Survey Central Analytical Laboratory",234.0,0.03846,5,"2024-05-07","B",,
"ae591495-ca2f-4859-a727-1df2d10014ec","D06","KING","KING.AOS.S2","KING.SS.20240506.FIL","A00000436157","2024-05-06T14:20Z","2024-05-06T14:20Z","Illinois State Water Survey Central Analytical Laboratory",600.0,0.00028,5,"2024-05-07","B",,
"52e3eb9c-20ed-4710-b365-56d82565c7d4","D06","KING","KING.AOS.S2","KING.SS.20240506.FIL","A00000436157","2024-05-06T14:20Z","2024-05-06T14:20Z","Illinois State Water Survey Central Analytical Laboratory",382.0,0.00336,5,"2024-05-07","B",,
"7cfcc8a2-a02d-48d3-ab6c-6e73a98f098a","D06","KING","KING.AOS.S2","KING.SS.20240506.FIL","A00000436157","2024-05-06T14:20Z","2024-05-06T14:20Z","Illinois State Water Survey Central Analytical Laboratory",528.0,0.00048,5,"2024-05-07","B",,
"05f34e6c-553a-40ce-a01c-612e6dc3fe13","D06","KING","KING.AOS.S2","KING.SS.20240506.FIL","A00000436157","2024-05-06T14:20Z","2024-05-06T14:20Z","Illinois State Water Survey Central Analytical Laboratory",566.0,0.00052,5,"2024-05-07","A",,
"ff5493ec-336f-4d4e-a0d0-264deddaddfe","D06","KING","KING.AOS.S2","KING.SS.20240506.FIL","A00000436157","2024-05-06T14:20Z","2024-05-06T14:20Z","Illinois State Water Survey Central Analytical Laboratory",528.0,0.00066,5,"2024-05-07","A",,
"95430604-b622-482f-a8ee-373cb1c201f4","D06","KING","KING.AOS.S2","KING.SS.20240506.FIL","A00000436157","2024-05-06T14:20Z","2024-05-06T14:20Z","Illinois State Water Survey Central Analytical Laboratory",364.0,0.00462,5,"2024-05-07","B",,
"d6ffbe33-a276-4299-8983-a5013691e965","D06","KING","KING.AOS.S2","KING.SS.20240506.FIL","A00000436157","2024-05-06T14:20Z","2024-05-06T14:20Z","Illinois State Water Survey Central Analytical Laboratory",404.0,0.00230,5,"2024-05-07","B",,
"b8c0cf14-8189-4589-88f0-41a724b11f7e","D06","KING","KING.AOS.S2","KING.SS.20240506.FIL","A00000436157","2024-05-06T14:20Z","2024-05-06T14:20Z","Illinois State Water Survey Central Analytical Laboratory",550.0,0.00044,5,"2024-05-07","B",,
"12c2ba0c-a1cd-4b29-a591-3dc790be47bd","D06","KING","KING.AOS.S2","KING.SS.20240506.FIL","A00000436157","2024-05-06T14:20Z","2024-05-06T14:20Z","Illinois State Water Survey Central Analytical Laboratory",304.0,0.01332,5,"2024-05-07","A",,
"e2a11914-d58f-4616-a294-c91c996a3d2d","D06","KING","KING.AOS.S2","KING.SS.20240506.FIL","A00000436157","2024-05-06T14:20Z","2024-05-06T14:20Z","Illinois State Water Survey Central Analytical Laboratory",482.0,0.00082,5,"2024-05-07","B",,
"ad96a95d-b299-4bc7-8a6f-59d3ae1772bf","D06","KING","KING.AOS.S2","KING.SS.20240506.FIL","A00000436157","2024-05-06T14:20Z","2024-05-06T14:20Z","Illinois State Water Survey Central Analytical Laboratory",300.0,0.01422,5,"2024-05-07","A",,
"fe52a873-ba63-4e72-bb74-f7a642a782cd","D06","KING","KING.AOS.S2","KING.SS.20240506.FIL","A00000436157","2024-05-06T14:20Z","2024-05-06T14:20Z","Illinois State Water Survey Central Analytical Laboratory",266.0,0.02378,5,"2024-05-07","A",,
"d29dcb71-418a-403b-a7b3-e295534dd2a5","D06","KING","KING.AOS.S2","KING.SS.20240506.FIL","A00000436157","2024-05-06T14:20Z","2024-05-06T14:20Z","Illinois State Water Survey Central Analytical Laboratory",288.0,0.01750,5,"2024-05-07","A",,
"24baaaf3-405c-4764-a77f-f7184ec5f6d6","D06","KING","KING.AOS.S2","KING.SS.20240506.FIL","A00000436157","2024-05-06T14:20Z","2024-05-06T14:20Z","Illinois State Water Survey Central Analytical Laboratory",316.0,0.01074,5,"2024-05-07","B",,
"4eb82705-8df0-4836-af6b-c41d0e6787b3","D06","KING","KING.AOS.S2","KING.SS.20240506.FIL","A00000436157","2024-05-06T14:20Z","2024-05-06T14:20Z","Illinois State Water Survey Central Analytical Laboratory",344.0,0.00672,5,"2024-05-07","A",,
"5a5cb1f0-ead0-4c72-a14f-0439c8f40bde","D06","KING","KING.AOS.S2","KING.SS.20240506.FIL","A00000436157","2024-05-06T14:20Z","2024-05-06T14:20Z","Illinois State Water Survey Central Analytical Laboratory",338.0,0.00742,5,"2024-05-07","A",,
"fae1d19d-ff5e-4011-8977-02805ea41527","D06","KING","KING.AOS.S2","KING.SS.20240506.FIL","A00000436157","2024-05-06T14:20Z","2024-05-06T14:20Z","Illinois State Water Survey Central Analytical Laboratory",490.0,0.00088,5,"2024-05-07","A",,
"7b8dcf4d-573c-40e1-9ef9-0d53cd47c695","D06","KING","KING.AOS.S2","KING.SS.20240506.FIL","A00000436157","2024-05-06T14:20Z","2024-05-06T14:20Z","Illinois State Water Survey Central Analytical Laboratory",268.0,0.02314,5,"2024-05-07","B",,
"50bda8ca-dff4-4561-b981-fd94895ef582","D06","KING","KING.AOS.S2","KING.SS.20240506.FIL","A00000436157","2024-05-06T14:20Z","2024-05-06T14:20Z","Illinois State Water Survey Central Analytical Laboratory",288.0,0.01738,5,"2024-05-07","B",,
"dfefa7f6-045a-45e6-b484-734cb9d6a8bc","D06","KING","KING.AOS.S2","KING.SS.20240506.FIL","A00000436157","2024-05-06T14:20Z","2024-05-06T14:20Z","Illinois State Water Survey Central Analytical Laboratory",436.0,0.00146,5,"2024-05-07","B",,
"8d46468d-5d0c-43bc-9e9a-7d09fc7377fc","D06","KING","KING.AOS.S2","KING.SS.20240506.FIL","A00000436157","2024-05-06T14:20Z","2024-05-06T14:20Z","Illinois State Water Survey Central Analytical Laboratory",348.0,0.00612,5,"2024-05-07","B",,
"f6f0f7c4-fc02-4322-a83b-2738e2b856d4","D06","KING","KING.AOS.S2","KING.SS.20240506.FIL","A00000436157","2024-05-06T14:20Z","2024-05-06T14:20Z","Illinois State Water Survey Central Analytical Laboratory",574.0,0.00044,5,"2024-05-07","A",,
"cd16b54e-9c01-423c-9ca0-ec3de352e3cc","D06","KING","KING.AOS.S2","KING.SS.20240506.FIL","A00000436157","2024-05-06T14:20Z","2024-05-06T14:20Z","Illinois State Water Survey Central Analytical Laboratory",424.0,0.00184,5,"2024-05-07","A",,
"b3021383-2f9b-42d7-a349-8d11a9ea6dbc","D06","KING","KING.AOS.S2","KING.SS.20240506.FIL","A00000436157","2024-05-06T14:20Z","2024-05-06T14:20Z","Illinois State Water Survey Central Analytical Laboratory",258.0,0.02610,5,"2024-05-07","A",,
"b05d4fe1-9c46-4162-9d87-da424d6cb536","D06","KING","KING.AOS.S2","KING.SS.20240506.FIL","A00000436157","2024-05-06T14:20Z","2024-05-06T14:20Z","Illinois State Water Survey Central Analytical Laboratory",520.0,0.00066,5,"2024-05-07","A",,
"25e401ad-0f7e-4b4f-8923-dcdb51d9aab4","D06","KING","KING.AOS.S2","KING.SS.20240506.FIL","A00000436157","2024-05-06T14:20Z","2024-05-06T14:20Z","Illinois State Water Survey Central Analytical Laboratory",330.0,0.00850,5,"2024-05-07","A",,
"e4a2a2a6-6e3f-4c93-8615-1799b4836faf","D06","KING","KING.AOS.S2","KING.SS.20240506.FIL","A00000436157","2024-05-06T14:20Z","2024-05-06T14:20Z","Illinois State Water Survey Central Analytical Laboratory",232.0,0.04094,5,"2024-05-07","B",,
"7aa93392-3227-4967-bc1b-76eda9e1fd71","D06","KING","KING.AOS.S2","KING.SS.20240506.FIL","A00000436157","2024-05-06T14:20Z","2024-05-06T14:20Z","Illinois State Water Survey Central Analytical Laboratory",354.0,0.00566,5,"2024-05-07","A",,
"7af1e2b7-36b4-440b-9242-a86810114580","D06","KING","KING.AOS.S2","KING.SS.20240506.FIL","A00000436157","2024-05-06T14:20Z","2024-05-06T14:20Z","Illinois State Water Survey Central Analytical Laboratory",466.0,0.00092,5,"2024-05-07","B",,
"bfff058c-2bb9-453e-9bef-a40f67ffa746","D06","KING","KING.AOS.S2","KING.SS.20240506.FIL","A00000436157","2024-05-06T14:20Z","2024-05-06T14:20Z","Illinois State Water Survey Central Analytical Laboratory",274.0,0.02158,5,"2024-05-07","A",,
"5411b5ed-d1f0-4225-8a4a-219203b8e18b","D06","KING","KING.AOS.S2","KING.SS.20240506.FIL","A00000436157","2024-05-06T14:20Z","2024-05-06T14:20Z","Illinois State Water Survey Central Analytical Laboratory",448.0,0.00134,5,"2024-05-07","A",,
"eff87bf1-a004-4ea0-83c1-5bdbedeccd22","D06","KING","KING.AOS.S2","KING.SS.20240506.FIL","A00000436157","2024-05-06T14:20Z","2024-05-06T14:20Z","Illinois State Water Survey Central Analytical Laboratory",502.0,0.00080,5,"2024-05-07","A",,
"42e28c0c-7e30-4529-a669-b7f7947b3b61","D06","KING","KING.AOS.S2","KING.SS.20240506.FIL","A00000436157","2024-05-06T14:20Z","2024-05-06T14:20Z","Illinois State Water Survey Central Analytical Laboratory",386.0,0.00328,5,"2024-05-07","A",,
"44775b0f-85e1-4315-bcb9-2c1b6b3253ae","D06","KING","KING.AOS.S2","KING.SS.20240506.FIL","A00000436157","2024-05-06T14:20Z","2024-05-06T14:20Z","Illinois State Water Survey Central Analytical Laboratory",332.0,0.00818,5,"2024-05-07","A",,
"5fd1038f-7143-4ad2-890a-0185835b536b","D06","KING","KING.AOS.S2","KING.SS.20240506.FIL","A00000436157","2024-05-06T14:20Z","2024-05-06T14:20Z","Illinois State Water Survey Central Analytical Laboratory",280.0,0.01970,5,"2024-05-07","B",,
"198add28-aa6e-433e-b5e9-183942022c69","D06","KING","KING.AOS.S2","KING.SS.20240506.FIL","A00000436157","2024-05-06T14:20Z","2024-05-06T14:20Z","Illinois State Water Survey Central Analytical Laboratory",576.0,0.00052,5,"2024-05-07","A",,
"637d97a7-bd41-4ee7-b209-4cc21ff44db6","D06","KING","KING.AOS.S2","KING.SS.20240506.FIL","A00000436157","2024-05-06T14:20Z","2024-05-06T14:20Z","Illinois State Water Survey Central Analytical Laboratory",252.0,0.02788,5,"2024-05-07","B",,
"908d5233-e01c-4bac-bdc7-da912b4b9780","D06","KING","KING.AOS.S2","KING.SS.20240506.FIL","A00000436157","2024-05-06T14:20Z","2024-05-06T14:20Z","Illinois State Water Survey Central Analytical Laboratory",568.0,0.00032,5,"2024-05-07","B",,
"838ff967-3b71-420c-96c0-26824ec7a0fa","D06","KING","KING.AOS.S2","KING.SS.20240506.FIL","A00000436157","2024-05-06T14:20Z","2024-05-06T14:20Z","Illinois State Water Survey Central Analytical Laboratory",584.0,0.00030,5,"2024-05-07","B",,
"58880899-d42f-4f37-89a2-1633b9dc0269","D06","KING","KING.AOS.S2","KING.SS.20240506.FIL","A00000436157","2024-05-06T14:20Z","2024-05-06T14:20Z","Illinois State Water Survey Central Analytical Laboratory",256.0,0.02672,5,"2024-05-07","A",,
"5ba51766-1a8e-40fe-93fd-d4931035be79","D06","KING","KING.AOS.S2","KING.SS.20240506.FIL","A00000436157","2024-05-06T14:20Z","2024-05-06T14:20Z","Illinois State Water Survey Central Analytical Laboratory",542.0,0.00060,5,"2024-05-07","A",,
"090cecc2-60b1-421c-a861-a4a7def8a7c6","D06","KING","KING.AOS.S2","KING.SS.20240506.FIL","A00000436157","2024-05-06T14:20Z","2024-05-06T14:20Z","Illinois State Water Survey Central Analytical Laboratory",300.0,0.01410,5,"2024-05-07","B",,
"58343ecb-08d5-4243-a6f6-1494d5136afe","D06","KING","KING.AOS.S2","KING.SS.20240506.FIL","A00000436157","2024-05-06T14:20Z","2024-05-06T14:20Z","Illinois State Water Survey Central Analytical Laboratory",246.0,0.03032,5,"2024-05-07","A",,
"5cc1e721-2694-4106-a68e-414256301b0e","D06","KING","KING.AOS.S2","KING.SS.20240506.FIL","A00000436157","2024-05-06T14:20Z","2024-05-06T14:20Z","Illinois State Water Survey Central Analytical Laboratory",280.0,0.01982,5,"2024-05-07","A",,
"8824a0e5-28fb-4df5-88a5-7427d87e9462","D06","KING","KING.AOS.S2","KING.SS.20240506.FIL","A00000436157","2024-05-06T14:20Z","2024-05-06T14:20Z","Illinois State Water Survey Central Analytical Laboratory",502.0,0.00062,5,"2024-05-07","B",,
"e3ae5426-59f1-441b-b596-b20aa5fb7872","D06","KING","KING.AOS.S2","KING.SS.20240506.FIL","A00000436157","2024-05-06T14:20Z","2024-05-06T14:20Z","Illinois State Water Survey Central Analytical Laboratory",446.0,0.00126,5,"2024-05-07","B",,
"1c9f1a22-91a8-4e67-b140-e52fe2430507","D06","KING","KING.AOS.S2","KING.SS.20240506.FIL","A00000436157","2024-05-06T14:20Z","2024-05-06T14:20Z","Illinois State Water Survey Central Analytical Laboratory",250.0,0.02864,5,"2024-05-07","B",,
"ed1f2356-5dd3-4438-9f55-f118cf2b4b77","D06","KING","KING.AOS.S2","KING.SS.20240506.FIL","A00000436157","2024-05-06T14:20Z","2024-05-06T14:20Z","Illinois State Water Survey Central Analytical Laboratory",254.0,0.02726,5,"2024-05-07","B",,
"63af37e3-bc3b-4e71-8693-09e7a99049a8","D06","KING","KING.AOS.S2","KING.SS.20240506.FIL","A00000436157","2024-05-06T14:20Z","2024-05-06T14:20Z","Illinois State Water Survey Central Analytical Laboratory",532.0,0.00046,5,"2024-05-07","B",,
"ffbd3344-349d-4855-85a8-b15682879799","D06","KING","KING.AOS.S2","KING.SS.20240506.FIL","A00000436157","2024-05-06T14:20Z","2024-05-06T14:20Z","Illinois State Water Survey Central Analytical Laboratory",454.0,0.00106,5,"2024-05-07","B",,
"a17d0d03-7c28-46a1-b9bc-aa2e48b3cfca","D06","KING","KING.AOS.S2","KING.SS.20240506.FIL","A00000436157","2024-05-06T14:20Z","2024-05-06T14:20Z","Illinois State Water Survey Central Analytical Laboratory",456.0,0.00100,5,"2024-05-07","B",,
"0d1801ac-83e2-43b4-bb07-d45bcabb2976","D06","KING","KING.AOS.S2","KING.SS.20240506.FIL","A00000436157","2024-05-06T14:20Z","2024-05-06T14:20Z","Illinois State Water Survey Central Analytical Laboratory",424.0,0.00166,5,"2024-05-07","B",,
"65efa315-12ce-4ae6-84d4-ab2f4180b88f","D06","KING","KING.AOS.S2","KING.SS.20240506.FIL","A00000436157","2024-05-06T14:20Z","2024-05-06T14:20Z","Illinois State Water Survey Central Analytical Laboratory",562.0,0.00030,5,"2024-05-07","B",,
"a4024a77-5f4d-4cef-b444-3765d78f91f7","D06","KING","KING.AOS.S2","KING.SS.20240506.FIL","A00000436157","2024-05-06T14:20Z","2024-05-06T14:20Z","Illinois State Water Survey Central Analytical Laboratory",276.0,0.02100,5,"2024-05-07","A",,
"75bfe831-ed78-4a42-a047-2d258f0ebec0","D06","KING","KING.AOS.S2","KING.SS.20240506.FIL","A00000436157","2024-05-06T14:20Z","2024-05-06T14:20Z","Illinois State Water Survey Central Analytical Laboratory",426.0,0.00184,5,"2024-05-07","A",,
"00619473-e017-48eb-95f9-e6e987ca1461","D06","KING","KING.AOS.S2","KING.SS.20240506.FIL","A00000436157","2024-05-06T14:20Z","2024-05-06T14:20Z","Illinois State Water Survey Central Analytical Laboratory",326.0,0.00908,5,"2024-05-07","A",,
"17b5f886-dbc0-4868-af55-ce85bde10342","D06","KING","KING.AOS.S2","KING.SS.20240506.FIL","A00000436157","2024-05-06T14:20Z","2024-05-06T14:20Z","Illinois State Water Survey Central Analytical Laboratory",340.0,0.00702,5,"2024-05-07","B",,
"4d6ea5bf-c9b0-42b5-82ba-f965a0814a22","D06","KING","KING.AOS.S2","KING.SS.20240506.FIL","A00000436157","2024-05-06T14:20Z","2024-05-06T14:20Z","Illinois State Water Survey Central Analytical Laboratory",338.0,0.00726,5,"2024-05-07","B",,
"54f451e2-6ef1-45ed-bbb9-21fc77c554c4","D06","KING","KING.AOS.S2","KING.SS.20240506.FIL","A00000436157","2024-05-06T14:20Z","2024-05-06T14:20Z","Illinois State Water Survey Central Analytical Laboratory",526.0,0.00070,5,"2024-05-07","A",,
"e6dcd9a1-cd96-4176-8a3b-78cfd832289d","D06","KING","KING.AOS.S2","KING.SS.20240506.FIL","A00000436157","2024-05-06T14:20Z","2024-05-06T14:20Z","Illinois State Water Survey Central Analytical Laboratory",524.0,0.00048,5,"2024-05-07","B",,
"13330a7e-e8ca-4693-bfd4-d5423114c92b","D06","KING","KING.AOS.S2","KING.SS.20240506.FIL","A00000436157","2024-05-06T14:20Z","2024-05-06T14:20Z","Illinois State Water Survey Central Analytical Laboratory",550.0,0.00056,5,"2024-05-07","A",,
"89b3b7cd-3990-4b4e-b729-b1b2302d21e8","D06","KING","KING.AOS.S2","KING.SS.20240506.FIL","A00000436157","2024-05-06T14:20Z","2024-05-06T14:20Z","Illinois State Water Survey Central Analytical Laboratory",436.0,0.00160,5,"2024-05-07","A",,
"4bf00834-b50e-46e3-b679-a37062da8944","D06","KING","KING.AOS.S2","KING.SS.20240506.FIL","A00000436157","2024-05-06T14:20Z","2024-05-06T14:20Z","Illinois State Water Survey Central Analytical Laboratory",240.0,0.03360,5,"2024-05-07","A",,
"74210f6f-91f7-46ab-8be6-07f948d98e06","D06","KING","KING.AOS.S2","KING.SS.20240506.FIL","A00000436157","2024-05-06T14:20Z","2024-05-06T14:20Z","Illinois State Water Survey Central Analytical Laboratory",480.0,0.00078,5,"2024-05-07","B",,
"cd8f3042-f4a2-48de-b4e6-f80a032e2379","D06","KING","KING.AOS.S2","KING.SS.20240506.FIL","A00000436157","2024-05-06T14:20Z","2024-05-06T14:20Z","Illinois State Water Survey Central Analytical Laboratory",476.0,0.00098,5,"2024-05-07","A",,
"60c5273b-4225-4b71-b2e5-c26c395b69d2","D06","KING","KING.AOS.S2","KING.SS.20240506.FIL","A00000436157","2024-05-06T14:20Z","2024-05-06T14:20Z","Illinois State Water Survey Central Analytical Laboratory",588.0,0.00040,5,"2024-05-07","A",,
"bc7c9a93-aa4c-4c69-a2b1-90e908f6dd72","D06","KING","KING.AOS.S2","KING.SS.20240506.FIL","A00000436157","2024-05-06T14:20Z","2024-05-06T14:20Z","Illinois State Water Survey Central Analytical Laboratory",508.0,0.00076,5,"2024-05-07","A",,
"a3ecc473-2d6f-4ba1-9939-8f89b19b54b5","D06","KING","KING.AOS.S2","KING.SS.20240506.FIL","A00000436157","2024-05-06T14:20Z","2024-05-06T14:20Z","Illinois State Water Survey Central Analytical Laboratory",326.0,0.00894,5,"2024-05-07","B",,
"e1eb3b27-c37f-4dc2-b63b-996612f8f335","D06","KING","KING.AOS.S2","KING.SS.20240506.FIL","A00000436157","2024-05-06T14:20Z","2024-05-06T14:20Z","Illinois State Water Survey Central Analytical Laboratory",506.0,0.00058,5,"2024-05-07","B",,
"560ddfab-a413-4c9f-9f0e-0e3f99576567","D06","KING","KING.AOS.S2","KING.SS.20240506.FIL","A00000436157","2024-05-06T14:20Z","2024-05-06T14:20Z","Illinois State Water Survey Central Analytical Laboratory",298.0,0.01472,5,"2024-05-07","A",,
"0eb57eb1-1e31-4ab8-ae8a-932274fcf959","D06","KING","KING.AOS.S2","KING.SS.20240506.FIL","A00000436157","2024-05-06T14:20Z","2024-05-06T14:20Z","Illinois State Water Survey Central Analytical Laboratory",318.0,0.01050,5,"2024-05-07","A",,
"4f48c528-1c88-4864-b243-968de308b0e9","D06","KING","KING.AOS.S2","KING.SS.20240506.FIL","A00000436157","2024-05-06T14:20Z","2024-05-06T14:20Z","Illinois State Water Survey Central Analytical Laboratory",368.0,0.00432,5,"2024-05-07","B",,
"37414802-1730-4833-86d6-4943c2298434","D06","KING","KING.AOS.S2","KING.SS.20240506.FIL","A00000436157","2024-05-06T14:20Z","2024-05-06T14:20Z","Illinois State Water Survey Central Analytical Laboratory",484.0,0.00080,5,"2024-05-07","B",,
"d8b9f677-13dc-4619-a207-bc3871c08722","D06","KING","KING.AOS.S2","KING.SS.20240506.FIL","A00000436157","2024-05-06T14:20Z","2024-05-06T14:20Z","Illinois State Water Survey Central Analytical Laboratory",282.0,0.01924,5,"2024-05-07","A",,
"7d89d678-202c-4cc0-b723-939e48521179","D06","KING","KING.AOS.S2","KING.SS.20240506.FIL","A00000436157","2024-05-06T14:20Z","2024-05-06T14:20Z","Illinois State Water Survey Central Analytical Laboratory",538.0,0.00056,5,"2024-05-07","A",,
"51ccde26-6619-4ab4-8e06-4f37991b8725","D06","KING","KING.AOS.S2","KING.SS.20240506.FIL","A00000436157","2024-05-06T14:20Z","2024-05-06T14:20Z","Illinois State Water Survey Central Analytical Laboratory",446.0,0.00142,5,"2024-05-07","A",,
"5066ffa6-5b12-4442-875b-8bb09c83ec9d","D06","KING","KING.AOS.S2","KING.SS.20240506.FIL","A00000436157","2024-05-06T14:20Z","2024-05-06T14:20Z","Illinois State Water Survey Central Analytical Laboratory",270.0,0.02254,5,"2024-05-07","B",,
"cca0bee3-3e4c-44df-aa11-18187be0c976","D06","KING","KING.AOS.S2","KING.SS.20240506.FIL","A00000436157","2024-05-06T14:20Z","2024-05-06T14:20Z","Illinois State Water Survey Central Analytical Laboratory",564.0,0.00054,5,"2024-05-07","A",,
"3d9e1778-0225-47f1-9bc4-9d99593fd118","D06","KING","KING.AOS.S2","KING.SS.20240506.FIL","A00000436157","2024-05-06T14:20Z","2024-05-06T14:20Z","Illinois State Water Survey Central Analytical Laboratory",230.0,0.04396,5,"2024-05-07","A",,
"cf9f6fe8-5a92-4af2-9cee-bdc9f54248dd","D06","KING","KING.AOS.S2","KING.SS.20240506.FIL","A00000436157","2024-05-06T14:20Z","2024-05-06T14:20Z","Illinois State Water Survey Central Analytical Laboratory",272.0,0.02204,5,"2024-05-07","B",,
"21106677-4907-4894-89ea-efe5f22b1d71","D06","KING","KING.AOS.S2","KING.SS.20240506.FIL","A00000436157","2024-05-06T14:20Z","2024-05-06T14:20Z","Illinois State Water Survey Central Analytical Laboratory",534.0,0.00044,5,"2024-05-07","B",,
"62b83082-44f8-4cd7-a2c1-2c37c2756395","D06","KING","KING.AOS.S2","KING.SS.20240506.FIL","A00000436157","2024-05-06T14:20Z","2024-05-06T14:20Z","Illinois State Water Survey Central Analytical Laboratory",428.0,0.00160,5,"2024-05-07","B",,
"ffa90789-b5a8-4399-820a-ed3cdb9fbfd1","D06","KING","KING.AOS.S2","KING.SS.20240506.FIL","A00000436157","2024-05-06T14:20Z","2024-05-06T14:20Z","Illinois State Water Survey Central Analytical Laboratory",294.0,0.01562,5,"2024-05-07","B",,
"5e9f6222-df1b-4d7d-a1d0-a8165614c34c","D06","KING","KING.AOS.S2","KING.SS.20240506.FIL","A00000436157","2024-05-06T14:20Z","2024-05-06T14:20Z","Illinois State Water Survey Central Analytical Laboratory",514.0,0.00068,5,"2024-05-07","A",,
"45e24da1-42d9-4f8d-9ccf-a50b955d979b","D06","KING","KING.AOS.S2","KING.SS.20240506.FIL","A00000436157","2024-05-06T14:20Z","2024-05-06T14:20Z","Illinois State Water Survey Central Analytical Laboratory",374.0,0.00388,5,"2024-05-07","B",,
"53b83e69-8874-408d-9145-f71238ea1131","D06","KING","KING.AOS.S2","KING.SS.20240506.FIL","A00000436157","2024-05-06T14:20Z","2024-05-06T14:20Z","Illinois State Water Survey Central Analytical Laboratory",516.0,0.00074,5,"2024-05-07","A",,
"07e07059-26b8-47b6-9bb5-3da0dce7b110","D06","KING","KING.AOS.S2","KING.SS.20240506.FIL","A00000436157","2024-05-06T14:20Z","2024-05-06T14:20Z","Illinois State Water Survey Central Analytical Laboratory",450.0,0.00114,5,"2024-05-07","B",,
"2dec6eab-9340-4734-bb6b-4d9175bb1a05","D06","KING","KING.AOS.S2","KING.SS.20240506.FIL","A00000436157","2024-05-06T14:20Z","2024-05-06T14:20Z","Illinois State Water Survey Central Analytical Laboratory",460.0,0.00102,5,"2024-05-07","B",,
"2432db3d-5a94-406d-a379-9d24f7e839f8","D06","KING","KING.AOS.S2","KING.SS.20240506.FIL","A00000436157","2024-05-06T14:20Z","2024-05-06T14:20Z","Illinois State Water Survey Central Analytical Laboratory",370.0,0.00414,5,"2024-05-07","B",,
"7df83116-34e1-4007-85b5-09d917141edb","D06","KING","KING.AOS.S2","KING.SS.20240506.FIL","A00000436157","2024-05-06T14:20Z","2024-05-06T14:20Z","Illinois State Water Survey Central Analytical Laboratory",524.0,0.00068,5,"2024-05-07","A",,
"8b56db48-1bdb-4dc3-83c9-5152cc6b5d66","D06","KING","KING.AOS.S2","KING.SS.20240506.FIL","A00000436157","2024-05-06T14:20Z","2024-05-06T14:20Z","Illinois State Water Survey Central Analytical Laboratory",470.0,0.00092,5,"2024-05-07","B",,
"43445718-d430-48ac-9b81-7f5f6e0a71bd","D06","KING","KING.AOS.S2","KING.SS.20240506.FIL","A00000436157","2024-05-06T14:20Z","2024-05-06T14:20Z","Illinois State Water Survey Central Analytical Laboratory",586.0,0.00042,5,"2024-05-07","A",,
"7e29d10b-2854-4c0c-ae35-b515cee5f9ef","D06","KING","KING.AOS.S2","KING.SS.20240506.FIL","A00000436157","2024-05-06T14:20Z","2024-05-06T14:20Z","Illinois State Water Survey Central Analytical Laboratory",428.0,0.00176,5,"2024-05-07","A",,
"4208d492-0b5b-4c13-bd48-d56cc2d829ce","D06","KING","KING.AOS.S2","KING.SS.20240506.FIL","A00000436157","2024-05-06T14:20Z","2024-05-06T14:20Z","Illinois State Water Survey Central Analytical Laboratory",590.0,0.00048,5,"2024-05-07","A",,
"f0e49c91-087e-4b4b-9701-e49c475ce2ea","D06","KING","KING.AOS.S2","KING.SS.20240506.FIL","A00000436157","2024-05-06T14:20Z","2024-05-06T14:20Z","Illinois State Water Survey Central Analytical Laboratory",460.0,0.00114,5,"2024-05-07","A",,
"34614102-307f-42b3-8d73-59d227eadb93","D06","KING","KING.AOS.S2","KING.SS.20240506.FIL","A00000436157","2024-05-06T14:20Z","2024-05-06T14:20Z","Illinois State Water Survey Central Analytical Laboratory",538.0,0.00040,5,"2024-05-07","B",,
"84015205-601f-4c91-b000-b64a6befa6f4","D06","KING","KING.AOS.S2","KING.SS.20240506.FIL","A00000436157","2024-05-06T14:20Z","2024-05-06T14:20Z","Illinois State Water Survey Central Analytical Laboratory",518.0,0.00050,5,"2024-05-07","B",,
"76f265c3-be57-4618-8c44-294d2343cfb9","D06","KING","KING.AOS.S2","KING.SS.20240506.FIL","A00000436157","2024-05-06T14:20Z","2024-05-06T14:20Z","Illinois State Water Survey Central Analytical Laboratory",250.0,0.02880,5,"2024-05-07","A",,
"35caa292-818c-4617-8f7a-490e726183aa","D06","KING","KING.AOS.S2","KING.SS.20240506.FIL","A00000436157","2024-05-06T14:20Z","2024-05-06T14:20Z","Illinois State Water Survey Central Analytical Laboratory",496.0,0.00086,5,"2024-05-07","A",,
"8a0909bd-297e-454f-87e8-2075eda44161","D06","KING","KING.AOS.S2","KING.SS.20240506.FIL","A00000436157","2024-05-06T14:20Z","2024-05-06T14:20Z","Illinois State Water Survey Central Analytical Laboratory",294.0,0.01572,5,"2024-05-07","A",,
"6b062d9a-7054-4a9b-a473-e970b478a29f","D06","KING","KING.AOS.S2","KING.SS.20240506.FIL","A00000436157","2024-05-06T14:20Z","2024-05-06T14:20Z","Illinois State Water Survey Central Analytical Laboratory",222.0,0.06176,5,"2024-05-07","B",,
"8595b275-8266-4472-ae77-ffdc3c1a9899","D06","KING","KING.AOS.S2","KING.SS.20240506.FIL","A00000436157","2024-05-06T14:20Z","2024-05-06T14:20Z","Illinois State Water Survey Central Analytical Laboratory",260.0,0.02536,5,"2024-05-07","B",,
"132cf730-d1d5-444e-b9bc-75a6285ff578","D06","KING","KING.AOS.S2","KING.SS.20240506.FIL","A00000436157","2024-05-06T14:20Z","2024-05-06T14:20Z","Illinois State Water Survey Central Analytical Laboratory",224.0,0.05604,5,"2024-05-07","A",,
"6eba26f9-5748-4429-8417-4850c56a1cb2","D06","KING","KING.AOS.S2","KING.SS.20240506.FIL","A00000436157","2024-05-06T14:20Z","2024-05-06T14:20Z","Illinois State Water Survey Central Analytical Laboratory",366.0,0.00446,5,"2024-05-07","B",,
"7e1a6c96-5f78-4b53-a0e6-41d4a2dbf161","D06","KING","KING.AOS.S2","KING.SS.20240506.FIL","A00000436157","2024-05-06T14:20Z","2024-05-06T14:20Z","Illinois State Water Survey Central Analytical Laboratory",336.0,0.00768,5,"2024-05-07","A",,
"bb20da7b-6556-47bd-8059-d151012148f0","D06","KING","KING.AOS.S2","KING.SS.20240506.FIL","A00000436157","2024-05-06T14:20Z","2024-05-06T14:20Z","Illinois State Water Survey Central Analytical Laboratory",382.0,0.00352,5,"2024-05-07","A",,
"63393d01-c6c5-4edb-955c-c2904d659a3f","D06","KING","KING.AOS.S2","KING.SS.20240506.FIL","A00000436157","2024-05-06T14:20Z","2024-05-06T14:20Z","Illinois State Water Survey Central Analytical Laboratory",458.0,0.00118,5,"2024-05-07","A",,
"221b0b5c-357f-43e2-ac2b-933234cdab18","D06","KING","KING.AOS.S2","KING.SS.20240506.FIL","A00000436157","2024-05-06T14:20Z","2024-05-06T14:20Z","Illinois State Water Survey Central Analytical Laboratory",512.0,0.00070,5,"2024-05-07","A",,
"1d07ce71-561e-43fd-9892-43637cfe34af","D06","KING","KING.AOS.S2","KING.SS.20240506.FIL","A00000436157","2024-05-06T14:20Z","2024-05-06T14:20Z","Illinois State Water Survey Central Analytical Laboratory",298.0,0.01460,5,"2024-05-07","B",,
"568c34e2-88ca-4eaa-83b4-96fc6484edc1","D06","KING","KING.AOS.S2","KING.SS.20240506.FIL","A00000436157","2024-05-06T14:20Z","2024-05-06T14:20Z","Illinois State Water Survey Central Analytical Laboratory",238.0,0.03494,5,"2024-05-07","A",,
"b8d863bb-0045-4322-8948-258bcd0c0a4d","D06","KING","KING.AOS.S2","KING.SS.20240506.FIL","A00000436157","2024-05-06T14:20Z","2024-05-06T14:20Z","Illinois State Water Survey Central Analytical Laboratory",310.0,0.01192,5,"2024-05-07","B",,
"83dc9e65-c94c-4f2c-80ba-c3f854fcbce7","D06","KING","KING.AOS.S2","KING.SS.20240506.FIL","A00000436157","2024-05-06T14:20Z","2024-05-06T14:20Z","Illinois State Water Survey Central Analytical Laboratory",340.0,0.00720,5,"2024-05-07","A",,
"6e87eab3-6f19-46d2-93f2-cb6f8347283e","D06","KING","KING.AOS.S2","KING.SS.20240506.FIL","A00000436157","2024-05-06T14:20Z","2024-05-06T14:20Z","Illinois State Water Survey Central Analytical Laboratory",248.0,0.02952,5,"2024-05-07","A",,
"1ff0e07d-f444-41af-87d0-63289b49bfe4","D06","KING","KING.AOS.S2","KING.SS.20240506.FIL","A00000436157","2024-05-06T14:20Z","2024-05-06T14:20Z","Illinois State Water Survey Central Analytical Laboratory",576.0,0.00028,5,"2024-05-07","B",,
"3f5f9672-569e-458e-878d-01fdd868e32d","D06","KING","KING.AOS.S2","KING.SS.20240506.FIL","A00000436157","2024-05-06T14:20Z","2024-05-06T14:20Z","Illinois State Water Survey Central Analytical Laboratory",526.0,0.00048,5,"2024-05-07","B",,
"e923110e-eb95-40c2-8e22-d9cb05dbfe1c","D06","KING","KING.AOS.S2","KING.SS.20240506.FIL","A00000436157","2024-05-06T14:20Z","2024-05-06T14:20Z","Illinois State Water Survey Central Analytical Laboratory",406.0,0.00240,5,"2024-05-07","A",,
"35a92faa-9fbc-4115-91e2-a42713475dd6","D06","KING","KING.AOS.S2","KING.SS.20240506.FIL","A00000436157","2024-05-06T14:20Z","2024-05-06T14:20Z","Illinois State Water Survey Central Analytical Laboratory",572.0,0.00048,5,"2024-05-07","A",,
"e2090440-bf70-4062-8b1b-ab04c2aab67b","D06","KING","KING.AOS.S2","KING.SS.20240506.FIL","A00000436157","2024-05-06T14:20Z","2024-05-06T14:20Z","Illinois State Water Survey Central Analytical Laboratory",358.0,0.00520,5,"2024-05-07","B",,
"78180aa9-c0a2-467f-9e4f-bcad78e6c25a","D06","KING","KING.AOS.S2","KING.SS.20240506.FIL","A00000436157","2024-05-06T14:20Z","2024-05-06T14:20Z","Illinois State Water Survey Central Analytical Laboratory",390.0,0.00306,5,"2024-05-07","A",,
"e5cb44a6-85dc-4754-bac0-16096f68b12c","D06","KING","KING.AOS.S2","KING.SS.20240506.FIL","A00000436157","2024-05-06T14:20Z","2024-05-06T14:20Z","Illinois State Water Survey Central Analytical Laboratory",468.0,0.00108,5,"2024-05-07","A",,
"cffb6e1d-01dd-4424-8095-350387dbe144","D06","KING","KING.AOS.S2","KING.SS.20240506.FIL","A00000436157","2024-05-06T14:20Z","2024-05-06T14:20Z","Illinois State Water Survey Central Analytical Laboratory",390.0,0.00288,5,"2024-05-07","B",,
"d87e8e62-8f27-439c-83f2-0bf441b9a216","D06","KING","KING.AOS.S2","KING.SS.20240506.FIL","A00000436157","2024-05-06T14:20Z","2024-05-06T14:20Z","Illinois State Water Survey Central Analytical Laboratory",378.0,0.00370,5,"2024-05-07","A",,
"6249a2c8-dd99-4530-b3d5-9011174ddf58","D06","KING","KING.AOS.S2","KING.SS.20240506.FIL","A00000436157","2024-05-06T14:20Z","2024-05-06T14:20Z","Illinois State Water Survey Central Analytical Laboratory",546.0,0.00038,5,"2024-05-07","B",,
"d6879ddd-75c5-4cda-a0fd-c2cf4abc3e20","D06","KING","KING.AOS.S2","KING.SS.20240506.FIL","A00000436157","2024-05-06T14:20Z","2024-05-06T14:20Z","Illinois State Water Survey Central Analytical Laboratory",320.0,0.01004,5,"2024-05-07","B",,
"6df6c150-e4b0-445a-9bfb-b436c05a341d","D06","KING","KING.AOS.S2","KING.SS.20240506.FIL","A00000436157","2024-05-06T14:20Z","2024-05-06T14:20Z","Illinois State Water Survey Central Analytical Laboratory",366.0,0.00466,5,"2024-05-07","A",,
"1a857099-1397-4e1a-a073-21291e20d9bb","D06","KING","KING.AOS.S2","KING.SS.20240506.FIL","A00000436157","2024-05-06T14:20Z","2024-05-06T14:20Z","Illinois State Water Survey Central Analytical Laboratory",364.0,0.00472,5,"2024-05-07","A",,
"b6fc9076-17d8-4080-a24e-c39676e2791e","D06","KING","KING.AOS.S2","KING.SS.20240506.FIL","A00000436157","2024-05-06T14:20Z","2024-05-06T14:20Z","Illinois State Water Survey Central Analytical Laboratory",278.0,0.02044,5,"2024-05-07","A",,
"4ae37fff-095a-4279-a790-251642509037","D06","KING","KING.AOS.S2","KING.SS.20240506.FIL","A00000436157","2024-05-06T14:20Z","2024-05-06T14:20Z","Illinois State Water Survey Central Analytical Laboratory",388.0,0.00302,5,"2024-05-07","B",,
"0d26e06d-af98-48c9-8fdb-72c5319f6e7c","D06","KING","KING.AOS.S2","KING.SS.20240506.FIL","A00000436157","2024-05-06T14:20Z","2024-05-06T14:20Z","Illinois State Water Survey Central Analytical Laboratory",430.0,0.00156,5,"2024-05-07","B",,
"74bb26ab-cd01-49fd-9929-e2e20ff4ef25","D06","KING","KING.AOS.S2","KING.SS.20240506.FIL","A00000436157","2024-05-06T14:20Z","2024-05-06T14:20Z","Illinois State Water Survey Central Analytical Laboratory",380.0,0.00348,5,"2024-05-07","B",,
"aa5918e9-23c1-40ec-87b3-d23d620c5050","D06","KING","KING.AOS.S2","KING.SS.20240506.FIL","A00000436157","2024-05-06T14:20Z","2024-05-06T14:20Z","Illinois State Water Survey Central Analytical Laboratory",414.0,0.00190,5,"2024-05-07","B",,
"fe4843bd-3de3-4112-82f6-52e6b5ac203a","D06","KING","KING.AOS.S2","KING.SS.20240506.FIL","A00000436157","2024-05-06T14:20Z","2024-05-06T14:20Z","Illinois State Water Survey Central Analytical Laboratory",408.0,0.00210,5,"2024-05-07","B",,
"12e76ddc-9bb8-406d-8f73-40195653a68b","D06","KING","KING.AOS.S2","KING.SS.20240506.FIL","A00000436157","2024-05-06T14:20Z","2024-05-06T14:20Z","Illinois State Water Survey Central Analytical Laboratory",222.0,0.06184,5,"2024-05-07","A",,
"15c16f31-7dfe-4656-ad32-82612cf80463","D06","KING","KING.AOS.S2","KING.SS.20240506.FIL","A00000436157","2024-05-06T14:20Z","2024-05-06T14:20Z","Illinois State Water Survey Central Analytical Laboratory",426.0,0.00164,5,"2024-05-07","B",,
"559b11dc-6e68-483f-9d4a-f3ab91fa406c","D06","KING","KING.AOS.S2","KING.SS.20240506.FIL","A00000436157","2024-05-06T14:20Z","2024-05-06T14:20Z","Illinois State Water Survey Central Analytical Laboratory",438.0,0.00142,5,"2024-05-07","B",,
"19728589-832f-4776-9e19-6bef68ed0a35","D06","KING","KING.AOS.S2","KING.SS.20240506.FIL","A00000436157","2024-05-06T14:20Z","2024-05-06T14:20Z","Illinois State Water Survey Central Analytical Laboratory",344.0,0.00654,5,"2024-05-07","B",,
"9a7a6ef9-c717-4cdf-8c57-620599314400","D06","KING","KING.AOS.S2","KING.SS.20240506.FIL","A00000436157","2024-05-06T14:20Z","2024-05-06T14:20Z","Illinois State Water Survey Central Analytical Laboratory",398.0,0.00266,5,"2024-05-07","A",,
"84df07b5-72dd-450b-bb67-10252177a5e7","D06","KING","KING.AOS.S2","KING.SS.20240506.FIL","A00000436157","2024-05-06T14:20Z","2024-05-06T14:20Z","Illinois State Water Survey Central Analytical Laboratory",316.0,0.01086,5,"2024-05-07","A",,
"8f4d447b-603a-47a0-9fe9-7947fdeacc99","D06","KING","KING.AOS.S2","KING.SS.20240506.FIL","A00000436157","2024-05-06T14:20Z","2024-05-06T14:20Z","Illinois State Water Survey Central Analytical Laboratory",444.0,0.00126,5,"2024-05-07","B",,
"f0ba1863-7be7-4bfe-b901-0489e57509a5","D06","KING","KING.AOS.S2","KING.SS.20240506.FIL","A00000436157","2024-05-06T14:20Z","2024-05-06T14:20Z","Illinois State Water Survey Central Analytical Laboratory",302.0,0.01364,5,"2024-05-07","B",,
"c6ad672f-152c-4b9d-b527-0a7647f2cff5","D06","KING","KING.AOS.S2","KING.SS.20240506.FIL","A00000436157","2024-05-06T14:20Z","2024-05-06T14:20Z","Illinois State Water Survey Central Analytical Laboratory",410.0,0.00204,5,"2024-05-07","B",,
"35fadc50-fe98-4840-ae57-e14310934e98","D06","KING","KING.AOS.S2","KING.SS.20240506.FIL","A00000436157","2024-05-06T14:20Z","2024-05-06T14:20Z","Illinois State Water Survey Central Analytical Laboratory",510.0,0.00058,5,"2024-05-07","B",,
"771e6d5e-af6c-452f-8053-5283579da474","D06","KING","KING.AOS.S2","KING.SS.20240506.FIL","A00000436157","2024-05-06T14:20Z","2024-05-06T14:20Z","Illinois State Water Survey Central Analytical Laboratory",512.0,0.00054,5,"2024-05-07","B",,
"d9a98451-e62e-47dc-b452-76fb5201ccf5","D06","KING","KING.AOS.S2","KING.SS.20240506.FIL","A00000436157","2024-05-06T14:20Z","2024-05-06T14:20Z","Illinois State Water Survey Central Analytical Laboratory",324.0,0.00930,5,"2024-05-07","B",,
"997bfa3d-6627-4ed5-b7c4-d3249c9be5e6","D06","KING","KING.AOS.S2","KING.SS.20240506.FIL","A00000436157","2024-05-06T14:20Z","2024-05-06T14:20Z","Illinois State Water Survey Central Analytical Laboratory",248.0,0.02936,5,"2024-05-07","B",,
"4abfc3e7-6388-4b48-9c65-dda0cf69e6c1","D06","KING","KING.AOS.S2","KING.SS.20240506.FIL","A00000436157","2024-05-06T14:20Z","2024-05-06T14:20Z","Illinois State Water Survey Central Analytical Laboratory",258.0,0.02594,5,"2024-05-07","B",,
"bcd5dda6-5c28-415c-ae90-d319cf7c8238","D06","KING","KING.AOS.S2","KING.SS.20240506.FIL","A00000436157","2024-05-06T14:20Z","2024-05-06T14:20Z","Illinois State Water Survey Central Analytical Laboratory",552.0,0.00042,5,"2024-05-07","B",,
"a48b5dfd-d569-4ee8-8d3d-081f486b088f","D06","KING","KING.AOS.S2","KING.SS.20240506.FIL","A00000436157","2024-05-06T14:20Z","2024-05-06T14:20Z","Illinois State Water Survey Central Analytical Laboratory",464.0,0.00096,5,"2024-05-07","B",,
"17990c6e-5920-45b5-b3d8-1a5edf67c501","D06","KING","KING.AOS.S2","KING.SS.20240506.FIL","A00000436157","2024-05-06T14:20Z","2024-05-06T14:20Z","Illinois State Water Survey Central Analytical Laboratory",380.0,0.00364,5,"2024-05-07","A",,
"77bb5484-ee98-4e32-aca6-7513b745a95b","D06","KING","KING.AOS.S2","KING.SS.20240506.FIL","A00000436157","2024-05-06T14:20Z","2024-05-06T14:20Z","Illinois State Water Survey Central Analytical Laboratory",394.0,0.00284,5,"2024-05-07","A",,
"0101dbfd-a75e-4507-be9b-ba150953b021","D06","KING","KING.AOS.S2","KING.SS.20240506.FIL","A00000436157","2024-05-06T14:20Z","2024-05-06T14:20Z","Illinois State Water Survey Central Analytical Laboratory",472.0,0.00088,5,"2024-05-07","B",,
"054e1198-92de-4349-aeaf-5a55446ba4f7","D06","KING","KING.AOS.S2","KING.SS.20240506.FIL","A00000436157","2024-05-06T14:20Z","2024-05-06T14:20Z","Illinois State Water Survey Central Analytical Laboratory",458.0,0.00100,5,"2024-05-07","B",,
"83516c86-1446-4ef8-9a2e-30a11129c347","D06","KING","KING.AOS.S2","KING.SS.20240506.FIL","A00000436157","2024-05-06T14:20Z","2024-05-06T14:20Z","Illinois State Water Survey Central Analytical Laboratory",226.0,0.05104,5,"2024-05-07","A",,
"efba018e-08a3-4dcb-984c-abc7f987fad0","D06","KING","KING.AOS.S2","KING.SS.20240506.FIL","A00000436157","2024-05-06T14:20Z","2024-05-06T14:20Z","Illinois State Water Survey Central Analytical Laboratory",318.0,0.01036,5,"2024-05-07","B",,
"39424c0e-1aa7-4784-aa9b-715f31127a0c","D06","KING","KING.AOS.S2","KING.SS.20240506.FIL","A00000436157","2024-05-06T14:20Z","2024-05-06T14:20Z","Illinois State Water Survey Central Analytical Laboratory",292.0,0.01620,5,"2024-05-07","B",,
"ce8ba6fc-2801-4a77-8a93-f1931f3908be","D06","KING","KING.AOS.S2","KING.SS.20240506.FIL","A00000436157","2024-05-06T14:20Z","2024-05-06T14:20Z","Illinois State Water Survey Central Analytical Laboratory",590.0,0.00026,5,"2024-05-07","B",,
"e2127f59-ee44-402b-82e2-8ba4054ea8a6","D06","KING","KING.AOS.S2","KING.SS.20240506.FIL","A00000436157","2024-05-06T14:20Z","2024-05-06T14:20Z","Illinois State Water Survey Central Analytical Laboratory",384.0,0.00340,5,"2024-05-07","A",,
"4a6a0a53-ebba-4d08-a7ee-cd3b78c4a869","D06","KING","KING.AOS.S2","KING.SS.20240506.FIL","A00000436157","2024-05-06T14:20Z","2024-05-06T14:20Z","Illinois State Water Survey Central Analytical Laboratory",352.0,0.00570,5,"2024-05-07","B",,
"0c481872-c517-4ece-a93e-dd9594a114ed","D06","KING","KING.AOS.S2","KING.SS.20240506.FIL","A00000436157","2024-05-06T14:20Z","2024-05-06T14:20Z","Illinois State Water Survey Central Analytical Laboratory",440.0,0.00134,5,"2024-05-07","B",,
"ac54fe75-94f6-4761-bd14-7f63954e569a","D06","KING","KING.AOS.S2","KING.SS.20240506.FIL","A00000436157","2024-05-06T14:20Z","2024-05-06T14:20Z","Illinois State Water Survey Central Analytical Laboratory",376.0,0.00390,5,"2024-05-07","A",,
"78d0208e-67b5-4210-9694-000931f9ab23","D06","KING","KING.AOS.S2","KING.SS.20240506.FIL","A00000436157","2024-05-06T14:20Z","2024-05-06T14:20Z","Illinois State Water Survey Central Analytical Laboratory",314.0,0.01108,5,"2024-05-07","B",,
"959685aa-bf88-4908-82fc-41d87d9427b2","D06","KING","KING.AOS.S2","KING.SS.20240506.FIL","A00000436157","2024-05-06T14:20Z","2024-05-06T14:20Z","Illinois State Water Survey Central Analytical Laboratory",468.0,0.00094,5,"2024-05-07","B",,
"5acdba0e-7223-4534-8104-a0c02a2e2e79","D06","KING","KING.AOS.S2","KING.SS.20240506.FIL","A00000436157","2024-05-06T14:20Z","2024-05-06T14:20Z","Illinois State Water Survey Central Analytical Laboratory",270.0,0.02270,5,"2024-05-07","A",,
"827966cd-c04b-426f-9769-2d6f8bc66c3c","D06","KING","KING.AOS.S2","KING.SS.20240506.FIL","A00000436157","2024-05-06T14:20Z","2024-05-06T14:20Z","Illinois State Water Survey Central Analytical Laboratory",504.0,0.00062,5,"2024-05-07","B",,
"090c465a-2336-41d7-a7ac-73b84379e970","D06","KING","KING.AOS.S2","KING.SS.20240506.FIL","A00000436157","2024-05-06T14:20Z","2024-05-06T14:20Z","Illinois State Water Survey Central Analytical Laboratory",320.0,0.01016,5,"2024-05-07","A",,
"d59631ef-6f2d-461a-b5e2-d3a7908644f9","D06","KING","KING.AOS.S2","KING.SS.20240506.FIL","A00000436157","2024-05-06T14:20Z","2024-05-06T14:20Z","Illinois State Water Survey Central Analytical Laboratory",552.0,0.00056,5,"2024-05-07","A",,
"d216384c-245f-4c91-bc14-2428d85dee34","D06","KING","KING.AOS.S2","KING.SS.20240506.FIL","A00000436157","2024-05-06T14:20Z","2024-05-06T14:20Z","Illinois State Water Survey Central Analytical Laboratory",372.0,0.00402,5,"2024-05-07","B",,
"8b229866-7ee1-47f4-8074-ac9b91268664","D06","KING","KING.AOS.S2","KING.SS.20240506.FIL","A00000436157","2024-05-06T14:20Z","2024-05-06T14:20Z","Illinois State Water Survey Central Analytical Laboratory",394.0,0.00268,5,"2024-05-07","B",,
"11cb3c3f-bed2-4d8d-b5e8-9e4a0ef73438","D06","KING","KING.AOS.S2","KING.SS.20240506.FIL","A00000436157","2024-05-06T14:20Z","2024-05-06T14:20Z","Illinois State Water Survey Central Analytical Laboratory",362.0,0.00480,5,"2024-05-07","B",,
"5a60f32f-fbb6-45a2-ab01-a10eeb848701","D06","KING","KING.AOS.S2","KING.SS.20240506.FIL","A00000436157","2024-05-06T14:20Z","2024-05-06T14:20Z","Illinois State Water Survey Central Analytical Laboratory",228.0,0.04682,5,"2024-05-07","B",,
"e6157631-b0f9-4c1f-baab-6007f6f4a48e","D06","KING","KING.AOS.S2","KING.SS.20240506.FIL","A00000436157","2024-05-06T14:20Z","2024-05-06T14:20Z","Illinois State Water Survey Central Analytical Laboratory",254.0,0.02742,5,"2024-05-07","A",,
"e47b1f6b-13d7-429d-9998-2bc74eb1ffa4","D06","KING","KING.AOS.S2","KING.SS.20240506.FIL","A00000436157","2024-05-06T14:20Z","2024-05-06T14:20Z","Illinois State Water Survey Central Analytical Laboratory",332.0,0.00804,5,"2024-05-07","B",,
"bef4b83b-edf3-4b27-b4a3-591055983db8","D06","KING","KING.AOS.S2","KING.SS.20240506.FIL","A00000436157","2024-05-06T14:20Z","2024-05-06T14:20Z","Illinois State Water Survey Central Analytical Laboratory",418.0,0.00182,5,"2024-05-07","B",,
"42239f43-2145-40e7-8222-c008e1f0ce49","D06","KING","KING.AOS.S2","KING.SS.20240506.FIL","A00000436157","2024-05-06T14:20Z","2024-05-06T14:20Z","Illinois State Water Survey Central Analytical Laboratory",600.0,0.00046,5,"2024-05-07","A",,
"e428aa19-1e54-4c2a-a963-fee68bad7639","D06","KING","KING.AOS.S2","KING.SS.20240506.FIL","A00000436157","2024-05-06T14:20Z","2024-05-06T14:20Z","Illinois State Water Survey Central Analytical Laboratory",470.0,0.00110,5,"2024-05-07","A",,
"233f812e-615f-437a-a766-4c4d48bf644d","D06","KING","KING.AOS.S2","KING.SS.20240506.FIL","A00000436157","2024-05-06T14:20Z","2024-05-06T14:20Z","Illinois State Water Survey Central Analytical Laboratory",472.0,0.00104,5,"2024-05-07","A",,
"92affa29-6290-48b6-9584-a1d5809e1da6","D06","KING","KING.AOS.S2","KING.SS.20240506.FIL","A00000436157","2024-05-06T14:20Z","2024-05-06T14:20Z","Illinois State Water Survey Central Analytical Laboratory",532.0,0.00062,5,"2024-05-07","A",,
"2e7dee7b-0a84-4bf0-bffb-14c782c71e01","D06","KING","KING.AOS.S2","KING.SS.20240506.FIL","A00000436157","2024-05-06T14:20Z","2024-05-06T14:20Z","Illinois State Water Survey Central Analytical Laboratory",544.0,0.00044,5,"2024-05-07","B",,
"4b726364-bc12-4dd7-ad55-29382b2ba3a7","D06","KING","KING.AOS.S2","KING.SS.20240506.FIL","A00000436157","2024-05-06T14:20Z","2024-05-06T14:20Z","Illinois State Water Survey Central Analytical Laboratory",560.0,0.00052,5,"2024-05-07","A",,
"624d1235-20ae-4b8f-a377-699c1646c541","D06","KING","KING.AOS.S2","KING.SS.20240506.FIL","A00000436157","2024-05-06T14:20Z","2024-05-06T14:20Z","Illinois State Water Survey Central Analytical Laboratory",536.0,0.00040,5,"2024-05-07","B",,
"a4ef0bda-38b0-4f71-9d9e-e011865be91c","D06","KING","KING.AOS.S2","KING.SS.20240506.FIL","A00000436157","2024-05-06T14:20Z","2024-05-06T14:20Z","Illinois State Water Survey Central Analytical Laboratory",398.0,0.00250,5,"2024-05-07","B",,
"500f00e5-e0af-4717-937b-3551f569a80e","D06","KING","KING.AOS.S2","KING.SS.20240506.FIL","A00000436157","2024-05-06T14:20Z","2024-05-06T14:20Z","Illinois State Water Survey Central Analytical Laboratory",578.0,0.00026,5,"2024-05-07","B",,
"66b8c8eb-0216-4db7-a3c8-0f4ff5deaac8","D06","KING","KING.AOS.S2","KING.SS.20240506.FIL","A00000436157","2024-05-06T14:20Z","2024-05-06T14:20Z","Illinois State Water Survey Central Analytical Laboratory",360.0,0.00498,5,"2024-05-07","B",,
"c4c4a7a8-2d5b-4565-ba9d-bdf3db86853b","D06","KING","KING.AOS.S2","KING.SS.20240506.FIL","A00000436157","2024-05-06T14:20Z","2024-05-06T14:20Z","Illinois State Water Survey Central Analytical Laboratory",354.0,0.00554,5,"2024-05-07","B",,
"dc743672-3e09-4995-a693-7cc410012e1c","D06","KING","KING.AOS.S2","KING.SS.20240506.FIL","A00000436157","2024-05-06T14:20Z","2024-05-06T14:20Z","Illinois State Water Survey Central Analytical Laboratory",516.0,0.00056,5,"2024-05-07","B",,
"dd8a353c-c6d4-4e2a-a6cd-0fc518ea1897","D06","KING","KING.AOS.S2","KING.SS.20240506.FIL","A00000436157","2024-05-06T14:20Z","2024-05-06T14:20Z","Illinois State Water Survey Central Analytical Laboratory",486.0,0.00078,5,"2024-05-07","B",,
"a2a329b1-7091-4b43-b01d-1df2607cba41","D06","KING","KING.AOS.S2","KING.SS.20240506.FIL","A00000436157","2024-05-06T14:20Z","2024-05-06T14:20Z","Illinois State Water Survey Central Analytical Laboratory",356.0,0.00536,5,"2024-05-07","B",,
"8befd3f3-29bc-4cc2-a656-a821edd5b806","D06","KING","KING.AOS.S2","KING.SS.20240506.FIL","A00000436157","2024-05-06T14:20Z","2024-05-06T14:20Z","Illinois State Water Survey Central Analytical Laboratory",304.0,0.01320,5,"2024-05-07","B",,
"7f139037-5bb7-45e6-a89a-908ebd90a01c","D06","KING","KING.AOS.S2","KING.SS.20240506.FIL","A00000436157","2024-05-06T14:20Z","2024-05-06T14:20Z","Illinois State Water Survey Central Analytical Laboratory",596.0,0.00042,5,"2024-05-07","A",,
"c92dca3e-c673-43ab-a27d-a0557e03bab0","D06","KING","KING.AOS.S2","KING.SS.20240506.FIL","A00000436157","2024-05-06T14:20Z","2024-05-06T14:20Z","Illinois State Water Survey Central Analytical Laboratory",498.0,0.00082,5,"2024-05-07","A",,
"134020ea-1ca2-44f3-b931-e9fc76dd7cc0","D06","KING","KING.AOS.S2","KING.SS.20240506.FIL","A00000436157","2024-05-06T14:20Z","2024-05-06T14:20Z","Illinois State Water Survey Central Analytical Laboratory",556.0,0.00052,5,"2024-05-07","A",,
"185d53e0-bd4d-44d7-89da-c9640ebfb7f4","D06","KING","KING.AOS.S2","KING.SS.20240506.FIL","A00000436157","2024-05-06T14:20Z","2024-05-06T14:20Z","Illinois State Water Survey Central Analytical Laboratory",484.0,0.00094,5,"2024-05-07","A",,
"fc3ee923-9541-4626-90e5-9fd01f414b6e","D06","KING","KING.AOS.S2","KING.SS.20240506.FIL","A00000436157","2024-05-06T14:20Z","2024-05-06T14:20Z","Illinois State Water Survey Central Analytical Laboratory",330.0,0.00832,5,"2024-05-07","B",,
"32424d3c-04f5-4039-b16c-213612a82b3e","D06","KING","KING.AOS.S2","KING.SS.20240506.FIL","A00000436157","2024-05-06T14:20Z","2024-05-06T14:20Z","Illinois State Water Survey Central Analytical Laboratory",284.0,0.01868,5,"2024-05-07","A",,
"7065b05b-dc2e-4f39-88ab-4090797a41da","D06","KING","KING.AOS.S2","KING.SS.20240506.FIL","A00000436157","2024-05-06T14:20Z","2024-05-06T14:20Z","Illinois State Water Survey Central Analytical Laboratory",578.0,0.00046,5,"2024-05-07","A",,
"1c34929c-240f-497f-805d-87e29496fbd4","D06","KING","KING.AOS.S2","KING.SS.20240506.FIL","A00000436157","2024-05-06T14:20Z","2024-05-06T14:20Z","Illinois State Water Survey Central Analytical Laboratory",548.0,0.00058,5,"2024-05-07","A",,
"9dee0cd5-0b0b-40f0-aa94-1ba09c003eee","D06","KING","KING.AOS.S2","KING.SS.20240506.FIL","A00000436157","2024-05-06T14:20Z","2024-05-06T14:20Z","Illinois State Water Survey Central Analytical Laboratory",594.0,0.00022,5,"2024-05-07","B",,
"891f409c-3ec0-40cb-b5fc-409303f25c2a","D06","KING","KING.AOS.S2","KING.SS.20240506.FIL","A00000436157","2024-05-06T14:20Z","2024-05-06T14:20Z","Illinois State Water Survey Central Analytical Laboratory",434.0,0.00164,5,"2024-05-07","A",,
"6be5ae2c-6d3f-4d57-893a-28bf62dcaf4c","D06","KING","KING.AOS.S2","KING.SS.20240506.FIL","A00000436157","2024-05-06T14:20Z","2024-05-06T14:20Z","Illinois State Water Survey Central Analytical Laboratory",492.0,0.00090,5,"2024-05-07","A",,
"61654d75-7265-4c12-93f7-32d17d85f4c4","D06","KING","KING.AOS.S2","KING.SS.20240506.FIL","A00000436157","2024-05-06T14:20Z","2024-05-06T14:20Z","Illinois State Water Survey Central Analytical Laboratory",474.0,0.00086,5,"2024-05-07","B",,
"648cbbe3-109f-465f-9b65-e7ba4628ffd5","D06","KING","KING.AOS.S2","KING.SS.20240506.FIL","A00000436157","2024-05-06T14:20Z","2024-05-06T14:20Z","Illinois State Water Survey Central Analytical Laboratory",312.0,0.01164,5,"2024-05-07","A",,
"e893a50c-cca1-4b47-8ccf-562da94a584a","D06","KING","KING.AOS.S2","KING.SS.20240506.FIL","A00000436157","2024-05-06T14:20Z","2024-05-06T14:20Z","Illinois State Water Survey Central Analytical Laboratory",452.0,0.00110,5,"2024-05-07","B",,
"6436fe29-1f7b-4d15-b7b1-9b316df67847","D06","KING","KING.AOS.S2","KING.SS.20240506.FIL","A00000436157","2024-05-06T14:20Z","2024-05-06T14:20Z","Illinois State Water Survey Central Analytical Laboratory",462.0,0.00108,5,"2024-05-07","A",,
"9cf8681e-f580-4548-8407-9e3808587dd0","D06","KING","KING.AOS.S2","KING.SS.20240506.FIL","A00000436157","2024-05-06T14:20Z","2024-05-06T14:20Z","Illinois State Water Survey Central Analytical Laboratory",530.0,0.00064,5,"2024-05-07","A",,
"584730eb-c844-4386-8491-558d060903d0","D06","KING","KING.AOS.S2","KING.SS.20240506.FIL","A00000436157","2024-05-06T14:20Z","2024-05-06T14:20Z","Illinois State Water Survey Central Analytical Laboratory",324.0,0.00944,5,"2024-05-07","A",,
"da3a9bba-4029-4484-85db-f7860aa980b3","D06","KING","KING.AOS.S2","KING.SS.20240506.FIL","A00000436157","2024-05-06T14:20Z","2024-05-06T14:20Z","Illinois State Water Survey Central Analytical Laboratory",464.0,0.00108,5,"2024-05-07","A",,
"3510285d-7435-4a99-a30f-0b9073afa30b","D06","KING","KING.AOS.S2","KING.SS.20240506.FIL","A00000436157","2024-05-06T14:20Z","2024-05-06T14:20Z","Illinois State Water Survey Central Analytical Laboratory",540.0,0.00056,5,"2024-05-07","A",,
"4d14de96-f713-4a68-8b6a-bc2cd7bac3cd","D06","KING","KING.AOS.S2","KING.SS.20240506.FIL","A00000436157","2024-05-06T14:20Z","2024-05-06T14:20Z","Illinois State Water Survey Central Analytical Laboratory",432.0,0.00168,5,"2024-05-07","A",,
"dbc2df14-16dc-4220-bba8-c189e6fdb770","D06","KING","KING.AOS.S2","KING.SS.20240506.FIL","A00000436157","2024-05-06T14:20Z","2024-05-06T14:20Z","Illinois State Water Survey Central Analytical Laboratory",488.0,0.00092,5,"2024-05-07","A",,
"3e90eceb-3e6b-4ff2-bb74-4905f851719e","D06","KING","KING.AOS.S2","KING.SS.20240506.FIL","A00000436157","2024-05-06T14:20Z","2024-05-06T14:20Z","Illinois State Water Survey Central Analytical Laboratory",264.0,0.02426,5,"2024-05-07","B",,
"86b024a4-6415-4208-b2de-18c4aab63946","D06","KING","KING.AOS.S2","KING.SS.20240506.FIL","A00000436157","2024-05-06T14:20Z","2024-05-06T14:20Z","Illinois State Water Survey Central Analytical Laboratory",500.0,0.00060,5,"2024-05-07","B",,
"447227fe-cc12-483f-b41a-cb23369ee958","D06","KING","KING.AOS.S2","KING.SS.20240506.FIL","A00000436157","2024-05-06T14:20Z","2024-05-06T14:20Z","Illinois State Water Survey Central Analytical Laboratory",350.0,0.00604,5,"2024-05-07","A",,
"fcf9a233-a13f-4c13-b35f-0f1ecd784f5b","D06","KING","KING.AOS.S2","KING.SS.20240506.FIL","A00000436157","2024-05-06T14:20Z","2024-05-06T14:20Z","Illinois State Water Survey Central Analytical Laboratory",236.0,0.03648,5,"2024-05-07","B",,
"9982af58-c7bc-4be8-b5f5-d0c0d689ba5b","D06","KING","KING.AOS.S2","KING.SS.20240506.FIL","A00000436157","2024-05-06T14:20Z","2024-05-06T14:20Z","Illinois State Water Survey Central Analytical Laboratory",292.0,0.01634,5,"2024-05-07","A",,
"dd7cec0b-ed7f-4143-9c1f-690208b41743","D06","KING","KING.AOS.S2","KING.SS.20240506.FIL","A00000436157","2024-05-06T14:20Z","2024-05-06T14:20Z","Illinois State Water Survey Central Analytical Laboratory",480.0,0.00094,5,"2024-05-07","A",,
"0d4ebb4b-8b2f-4909-9f1c-fcb157aa71a3","D06","KING","KING.AOS.S2","KING.SS.20240506.FIL","A00000436157","2024-05-06T14:20Z","2024-05-06T14:20Z","Illinois State Water Survey Central Analytical Laboratory",478.0,0.00102,5,"2024-05-07","A",,
"385160aa-8b29-482a-9b10-7a588ec14155","D06","KING","KING.AOS.S2","KING.SS.20240506.FIL","A00000436157","2024-05-06T14:20Z","2024-05-06T14:20Z","Illinois State Water Survey Central Analytical Laboratory",592.0,0.00028,5,"2024-05-07","B",,
"cdecfc02-7177-47fc-8c62-021690a114cd","D06","KING","KING.AOS.S2","KING.SS.20240506.FIL","A00000436157","2024-05-06T14:20Z","2024-05-06T14:20Z","Illinois State Water Survey Central Analytical Laboratory",240.0,0.03344,5,"2024-05-07","B",,
"36c3badb-a129-4af6-bd4e-28b0d2603fd0","D06","KING","KING.AOS.S2","KING.SS.20240506.FIL","A00000436157","2024-05-06T14:20Z","2024-05-06T14:20Z","Illinois State Water Survey Central Analytical Laboratory",310.0,0.01204,5,"2024-05-07","A",,
"e0caeb30-31d1-4caf-a618-621c46fdb60d","D06","KING","KING.AOS.S2","KING.SS.20240506.FIL","A00000436157","2024-05-06T14:20Z","2024-05-06T14:20Z","Illinois State Water Survey Central Analytical Laboratory",548.0,0.00040,5,"2024-05-07","B",,
"b1921975-3b4e-49d2-9ee5-bb4ffa7a7b33","D06","KING","KING.AOS.S2","KING.SS.20240506.FIL","A00000436157","2024-05-06T14:20Z","2024-05-06T14:20Z","Illinois State Water Survey Central Analytical Laboratory",556.0,0.00034,5,"2024-05-07","B",,
"02b2f0f8-042a-42f8-9328-5f356a56882d","D06","KING","KING.AOS.S2","KING.SS.20240506.FIL","A00000436157","2024-05-06T14:20Z","2024-05-06T14:20Z","Illinois State Water Survey Central Analytical Laboratory",370.0,0.00428,5,"2024-05-07","A",,
"f8d33aee-a4ee-4163-9cac-02e39a729637","D06","KING","KING.AOS.S2","KING.SS.20240506.FIL","A00000436157","2024-05-06T14:20Z","2024-05-06T14:20Z","Illinois State Water Survey Central Analytical Laboratory",246.0,0.03016,5,"2024-05-07","B",,
"51b9a023-d8ca-4724-8b7f-279911e85acc","D06","KING","KING.AOS.S2","KING.SS.20240506.FIL","A00000436157","2024-05-06T14:20Z","2024-05-06T14:20Z","Illinois State Water Survey Central Analytical Laboratory",242.0,0.03216,5,"2024-05-07","B",,
"90d5dac9-6825-4946-8398-f1bec35797d7","D06","KING","KING.AOS.S2","KING.SS.20240506.FIL","A00000436157","2024-05-06T14:20Z","2024-05-06T14:20Z","Illinois State Water Survey Central Analytical Laboratory",494.0,0.00070,5,"2024-05-07","B",,
"b522b503-c6d9-4d86-bf3f-6c6fb015959e","D06","KING","KING.AOS.S2","KING.SS.20240506.FIL","A00000436157","2024-05-06T14:20Z","2024-05-06T14:20Z","Illinois State Water Survey Central Analytical Laboratory",414.0,0.00208,5,"2024-05-07","A",,
"586b8f6f-f84e-4db8-b327-caee9548c7f4","D06","KING","KING.AOS.S2","KING.SS.20240506.FIL","A00000436157","2024-05-06T14:20Z","2024-05-06T14:20Z","Illinois State Water Survey Central Analytical Laboratory",368.0,0.00444,5,"2024-05-07","A",,
"d4a3ac11-6ecc-4089-b09b-e2429eae8873","D06","KING","KING.AOS.S2","KING.SS.20240506.FIL","A00000436157","2024-05-06T14:20Z","2024-05-06T14:20Z","Illinois State Water Survey Central Analytical Laboratory",402.0,0.00254,5,"2024-05-07","A",,
"9db79b02-8f7a-4152-b9ac-d7df871fd515","D06","KING","KING.AOS.S2","KING.SS.20240506.FIL","A00000436157","2024-05-06T14:20Z","2024-05-06T14:20Z","Illinois State Water Survey Central Analytical Laboratory",404.0,0.00246,5,"2024-05-07","A",,
"cff5077b-b3e1-4ddc-86ba-b91777016a18","D06","KING","KING.AOS.S2","KING.SS.20240506.FIL","A00000436157","2024-05-06T14:20Z","2024-05-06T14:20Z","Illinois State Water Survey Central Analytical Laboratory",268.0,0.02328,5,"2024-05-07","A",,
"01ccff2d-4955-4a57-a2c3-ca9bcb5b0e66","D06","KING","KING.AOS.S2","KING.SS.20240506.FIL","A00000436157","2024-05-06T14:20Z","2024-05-06T14:20Z","Illinois State Water Survey Central Analytical Laboratory",306.0,0.01276,5,"2024-05-07","B",,
"a36de393-dbe8-41fd-9f1d-b4070d08e33f","D06","KING","KING.AOS.S2","KING.SS.20240506.FIL","A00000436157","2024-05-06T14:20Z","2024-05-06T14:20Z","Illinois State Water Survey Central Analytical Laboratory",588.0,0.00024,5,"2024-05-07","B",,
"6b4b71ba-e2fe-4bfe-8843-bea18cc89010","D06","KING","KING.AOS.S2","KING.SS.20240506.FIL","A00000436157","2024-05-06T14:20Z","2024-05-06T14:20Z","Illinois State Water Survey Central Analytical Laboratory",342.0,0.00692,5,"2024-05-07","A",,
"3f52a41b-13b6-4afb-9be6-906d90b9472b","D06","KING","KING.AOS.S2","KING.SS.20240506.FIL","A00000436157","2024-05-06T14:20Z","2024-05-06T14:20Z","Illinois State Water Survey Central Analytical Laboratory",534.0,0.00062,5,"2024-05-07","A",,
"cada9c2c-4b65-4d80-9c2a-6d63ebbf02bd","D06","KING","KING.AOS.S2","KING.SS.20240506.FIL","A00000436157","2024-05-06T14:20Z","2024-05-06T14:20Z","Illinois State Water Survey Central Analytical Laboratory",476.0,0.00084,5,"2024-05-07","B",,
"5f112e1a-9040-41e1-92fb-4705eed1bab6","D06","KING","KING.AOS.S2","KING.SS.20240506.FIL","A00000436157","2024-05-06T14:20Z","2024-05-06T14:20Z","Illinois State Water Survey Central Analytical Laboratory",352.0,0.00586,5,"2024-05-07","A",,
"71c73df4-dc6b-4740-955a-844383052abb","D06","KING","KING.AOS.S2","KING.SS.20240506.FIL","A00000436157","2024-05-06T14:20Z","2024-05-06T14:20Z","Illinois State Water Survey Central Analytical Laboratory",374.0,0.00404,5,"2024-05-07","A",,
"160c0097-039a-45b1-b07a-d7cb36356e7a","D06","KING","KING.AOS.S2","KING.SS.20240506.FIL","A00000436157","2024-05-06T14:20Z","2024-05-06T14:20Z","Illinois State Water Survey Central Analytical Laboratory",452.0,0.00126,5,"2024-05-07","A",,
"766b0841-66ac-4385-8608-c4a2bfc25a32","D06","KING","KING.AOS.S2","KING.SS.20240506.FIL","A00000436157","2024-05-06T14:20Z","2024-05-06T14:20Z","Illinois State Water Survey Central Analytical Laboratory",570.0,0.00034,5,"2024-05-07","B",,
"5ee25c5d-9f9e-41f7-90c0-5a43feb3480e","D06","KING","KING.AOS.S2","KING.SS.20240506.FIL","A00000436157","2024-05-06T14:20Z","2024-05-06T14:20Z","Illinois State Water Survey Central Analytical Laboratory",228.0,0.04694,5,"2024-05-07","A",,
"4b032346-e812-490b-a826-194837c865c5","D06","KING","KING.AOS.S2","KING.SS.20240506.FIL","A00000436157","2024-05-06T14:20Z","2024-05-06T14:20Z","Illinois State Water Survey Central Analytical Laboratory",412.0,0.00190,5,"2024-05-07","B",,
"7b95c704-67dc-4b26-87e1-786ca165db5b","D06","KING","KING.AOS.S2","KING.SS.20240506.FIL","A00000436157","2024-05-06T14:20Z","2024-05-06T14:20Z","Illinois State Water Survey Central Analytical Laboratory",438.0,0.00156,5,"2024-05-07","A",,
"5b7159a9-e455-44ff-905c-28611400375b","D06","KING","KING.AOS.S2","KING.SS.20240506.FIL","A00000436157","2024-05-06T14:20Z","2024-05-06T14:20Z","Illinois State Water Survey Central Analytical Laboratory",334.0,0.00794,5,"2024-05-07","A",,
"8e51b246-ca27-4f65-8a90-4d590783ade6","D06","KING","KING.AOS.S2","KING.SS.20240506.FIL","A00000436157","2024-05-06T14:20Z","2024-05-06T14:20Z","Illinois State Water Survey Central Analytical Laboratory",286.0,0.01806,5,"2024-05-07","A",,
"994d794d-86ee-4cf8-bee3-3f5a8a4b02ad","D06","KING","KING.AOS.S2","KING.SS.20240506.FIL","A00000436157","2024-05-06T14:20Z","2024-05-06T14:20Z","Illinois State Water Survey Central Analytical Laboratory",234.0,0.03860,5,"2024-05-07","A",,
"1880fd88-cb50-4d2e-9e45-a5d701a6d6dc","D06","KING","KING.AOS.S2","KING.SS.20240506.FIL","A00000436157","2024-05-06T14:20Z","2024-05-06T14:20Z","Illinois State Water Survey Central Analytical Laboratory",542.0,0.00042,5,"2024-05-07","B",,
"3ded6edf-7d79-4d4e-bfc8-60957808ee93","D06","KING","KING.AOS.S2","KING.SS.20240506.FIL","A00000436157","2024-05-06T14:20Z","2024-05-06T14:20Z","Illinois State Water Survey Central Analytical Laboratory",508.0,0.00060,5,"2024-05-07","B",,
"e39fbeac-65a6-4454-8c52-5fc33bc240c1","D06","KING","KING.AOS.S2","KING.SS.20240506.FIL","A00000436157","2024-05-06T14:20Z","2024-05-06T14:20Z","Illinois State Water Survey Central Analytical Laboratory",514.0,0.00052,5,"2024-05-07","B",,
"f34df0dd-7eae-4290-8c30-3cf664ec225a","D06","KING","KING.AOS.S2","KING.SS.20240506.FIL","A00000436157","2024-05-06T14:20Z","2024-05-06T14:20Z","Illinois State Water Survey Central Analytical Laboratory",442.0,0.00132,5,"2024-05-07","B",,
"bbaaf6b5-3297-4b29-9d63-9b4fd3e713d6","D06","KING","KING.AOS.S2","KING.SS.20240506.FIL","A00000436157","2024-05-06T14:20Z","2024-05-06T14:20Z","Illinois State Water Survey Central Analytical Laboratory",308.0,0.01244,5,"2024-05-07","A",,
"500b88f8-e0d6-4894-b7c2-8e68ddfa55f8","D06","KING","KING.AOS.S2","KING.SS.20240506.FIL","A00000436157","2024-05-06T14:20Z","2024-05-06T14:20Z","Illinois State Water Survey Central Analytical Laboratory",496.0,0.00064,5,"2024-05-07","B",,
"c6a8ace4-b448-4096-a03d-bed8bfad7cdd","D06","KING","KING.AOS.S2","KING.SS.20240506.FIL","A00000436157","2024-05-06T14:20Z","2024-05-06T14:20Z","Illinois State Water Survey Central Analytical Laboratory",290.0,0.01676,5,"2024-05-07","B",,
"3ff13831-63a7-4f96-8bdd-6f3ad4677024","D06","KING","KING.AOS.S2","KING.SS.20240506.FIL","A00000436157","2024-05-06T14:20Z","2024-05-06T14:20Z","Illinois State Water Survey Central Analytical Laboratory",356.0,0.00546,5,"2024-05-07","A",,
"db22d51d-72a3-404d-a5fd-6f9024caea08","D06","KING","KING.AOS.S2","KING.SS.20240506.FIL","A00000436157","2024-05-06T14:20Z","2024-05-06T14:20Z","Illinois State Water Survey Central Analytical Laboratory",568.0,0.00054,5,"2024-05-07","A",,
"63cb17ea-7f28-40c1-a2b8-832677758cb9","D06","KING","KING.AOS.S2","KING.SS.20240506.FIL","A00000436157","2024-05-06T14:20Z","2024-05-06T14:20Z","Illinois State Water Survey Central Analytical Laboratory",230.0,0.04378,5,"2024-05-07","B",,
"e6e4bf10-3803-4e8d-b56e-1144e813f174","D06","KING","KING.AOS.S2","KING.SS.20240506.FIL","A00000436157","2024-05-06T14:20Z","2024-05-06T14:20Z","Illinois State Water Survey Central Analytical Laboratory",544.0,0.00062,5,"2024-05-07","A",,
"dc0c1f39-a012-47c3-96eb-37c1da342da8","D06","KING","KING.AOS.S2","KING.SS.20240506.FIL","A00000436157","2024-05-06T14:20Z","2024-05-06T14:20Z","Illinois State Water Survey Central Analytical Laboratory",260.0,0.02550,5,"2024-05-07","A",,
"54441a01-c4f8-43e7-870e-d6f4c074b7df","D06","KING","KING.AOS.S2","KING.SS.20240506.FIL","A00000436157","2024-05-06T14:20Z","2024-05-06T14:20Z","Illinois State Water Survey Central Analytical Laboratory",408.0,0.00228,5,"2024-05-07","A",,
"17c63ed3-bb7a-4283-9965-2739cb9cd642","D06","KING","KING.AOS.S2","KING.SS.20240506.FIL","A00000436157","2024-05-06T14:20Z","2024-05-06T14:20Z","Illinois State Water Survey Central Analytical Laboratory",284.0,0.01854,5,"2024-05-07","B",,
"093ac81e-254d-4e1c-8ccf-ff1963c048f1","D06","KING","KING.AOS.S2","KING.SS.20240506.FIL","A00000436157","2024-05-06T14:20Z","2024-05-06T14:20Z","Illinois State Water Survey Central Analytical Laboratory",520.0,0.00048,5,"2024-05-07","B",,
"16a56343-6e6b-4551-81cc-b2c711c39bfb","D06","KING","KING.AOS.S2","KING.SS.20240506.FIL","A00000436157","2024-05-06T14:20Z","2024-05-06T14:20Z","Illinois State Water Survey Central Analytical Laboratory",350.0,0.00588,5,"2024-05-07","B",,
"ccf5cbef-4cf8-4ead-aa19-62f20eeb890b","D06","KING","KING.AOS.S2","KING.SS.20240506.FIL","A00000436157","2024-05-06T14:20Z","2024-05-06T14:20Z","Illinois State Water Survey Central Analytical Laboratory",500.0,0.00080,5,"2024-05-07","A",,
"8c93931c-48bb-413d-9f48-d12d0c90ecf0","D06","KING","KING.AOS.S2","KING.SS.20240506.FIL","A00000436157","2024-05-06T14:20Z","2024-05-06T14:20Z","Illinois State Water Survey Central Analytical Laboratory",238.0,0.03486,5,"2024-05-07","B",,
"34efea47-6971-4572-b64d-ac93bbcae489","D06","KING","KING.AOS.S2","KING.SS.20240506.FIL","A00000436157","2024-05-06T14:20Z","2024-05-06T14:20Z","Illinois State Water Survey Central Analytical Laboratory",400.0,0.00262,5,"2024-05-07","A",,
"5ea3e63c-e83b-4bbe-969b-4e4be8d2bb69","D06","KING","KING.AOS.S2","KING.SS.20240506.FIL","A00000436157","2024-05-06T14:20Z","2024-05-06T14:20Z","Illinois State Water Survey Central Analytical Laboratory",400.0,0.00242,5,"2024-05-07","B",,
"9170b587-d5f4-478a-8b83-64c2271c76fa","D06","KING","KING.AOS.S2","KING.SS.20240506.FIL","A00000436157","2024-05-06T14:20Z","2024-05-06T14:20Z","Illinois State Water Survey Central Analytical Laboratory",266.0,0.02366,5,"2024-05-07","B",,
"6081aef0-28e2-471e-96d5-a656ab34fa87","D06","KING","KING.AOS.S2","KING.SS.20240506.FIL","A00000436157","2024-05-06T14:20Z","2024-05-06T14:20Z","Illinois State Water Survey Central Analytical Laboratory",596.0,0.00024,5,"2024-05-07","B",,
"f1ff5545-63bf-4485-a605-7867ffc11ac3","D06","KING","KING.AOS.S2","KING.SS.20240506.FIL","A00000436157","2024-05-06T14:20Z","2024-05-06T14:20Z","Illinois State Water Survey Central Analytical Laboratory",554.0,0.00038,5,"2024-05-07","B",,
"c3292284-4500-4ce3-8d8a-5c49fef8d786","D06","KING","KING.AOS.S2","KING.SS.20240506.FIL","A00000436157","2024-05-06T14:20Z","2024-05-06T14:20Z","Illinois State Water Survey Central Analytical Laboratory",558.0,0.00050,5,"2024-05-07","A",,
"43702993-a60d-49d1-a5a0-235d8d7d956b","D06","KING","KING.AOS.S2","KING.SS.20240506.FIL","A00000436157","2024-05-06T14:20Z","2024-05-06T14:20Z","Illinois State Water Survey Central Analytical Laboratory",328.0,0.00864,5,"2024-05-07","B",,
"ec65c406-3b4d-400d-bb1c-e2ee62af0dc4","D06","KING","KING.AOS.S2","KING.SS.20240506.FIL","A00000436157","2024-05-06T14:20Z","2024-05-06T14:20Z","Illinois State Water Survey Central Analytical Laboratory",454.0,0.00124,5,"2024-05-07","A",,
"2e93e562-5d88-4bd5-b23a-86477cd48a0a","D06","KING","KING.AOS.S2","KING.SS.20240506.FIL","A00000436157","2024-05-06T14:20Z","2024-05-06T14:20Z","Illinois State Water Survey Central Analytical Laboratory",430.0,0.00174,5,"2024-05-07","A",,
"9fc9b3f8-7edf-4a26-95b5-6314dce8cef5","D06","KING","KING.AOS.S2","KING.SS.20240506.FIL","A00000436157","2024-05-06T14:20Z","2024-05-06T14:20Z","Illinois State Water Survey Central Analytical Laboratory",358.0,0.00532,5,"2024-05-07","A",,
"1a787172-a719-42e9-9198-f25070f696f3","D06","KING","KING.AOS.S2","KING.SS.20240506.FIL","A00000436157","2024-05-06T14:20Z","2024-05-06T14:20Z","Illinois State Water Survey Central Analytical Laboratory",220.0,0.06862,5,"2024-05-07","A",,
"a233d7b7-0d1a-4c47-b6eb-920f10027ccb","D06","KING","KING.AOS.S2","KING.SS.20240506.FIL","A00000436157","2024-05-06T14:20Z","2024-05-06T14:20Z","Illinois State Water Survey Central Analytical Laboratory",314.0,0.01120,5,"2024-05-07","A",,
"109e719f-71e4-42b5-b23a-a2628ebe5e88","D06","KING","KING.AOS.S2","KING.SS.20240506.FIL","A00000436157","2024-05-06T14:20Z","2024-05-06T14:20Z","Illinois State Water Survey Central Analytical Laboratory",334.0,0.00778,5,"2024-05-07","B",,
"4b833c98-2ea9-451d-b32e-1f63db8bcc78","D06","KING","KING.AOS.S2","KING.SS.20240506.FIL","A00000436157","2024-05-06T14:20Z","2024-05-06T14:20Z","Illinois State Water Survey Central Analytical Laboratory",530.0,0.00042,5,"2024-05-07","B",,
"b7efd96e-a771-417d-973c-b9e620538f17","D06","KING","KING.AOS.S2","KING.SS.20240506.FIL","A00000436157","2024-05-06T14:20Z","2024-05-06T14:20Z","Illinois State Water Survey Central Analytical Laboratory",402.0,0.00236,5,"2024-05-07","B",,
"d9a389a4-0f74-4e62-aecb-89a2287b31b5","D06","KING","KING.AOS.S2","KING.SS.20240506.FIL","A00000436157","2024-05-06T14:20Z","2024-05-06T14:20Z","Illinois State Water Survey Central Analytical Laboratory",434.0,0.00146,5,"2024-05-07","B",,
"5f058e90-a289-4e15-a310-f3f1f3bafb90","D06","KING","KING.AOS.S2","KING.SS.20240506.FIL","A00000436157","2024-05-06T14:20Z","2024-05-06T14:20Z","Illinois State Water Survey Central Analytical Laboratory",388.0,0.00318,5,"2024-05-07","A",,
"22857fcc-850d-417c-beaa-8b70b4e718da","D06","KING","KING.AOS.S2","KING.SS.20240506.FIL","A00000436157","2024-05-06T14:20Z","2024-05-06T14:20Z","Illinois State Water Survey Central Analytical Laboratory",312.0,0.01150,5,"2024-05-07","B",,
"6865cb45-80fe-452c-9e44-17b6bdb977fe","D06","KING","KING.AOS.S2","KING.SS.20240506.FIL","A00000436157","2024-05-06T14:20Z","2024-05-06T14:20Z","Illinois State Water Survey Central Analytical Laboratory",560.0,0.00034,5,"2024-05-07","B",,
"613f4c0c-c146-43fc-aaa8-9b32250fa7bc","D06","KING","KING.AOS.S2","KING.SS.20240506.FIL","A00000436157","2024-05-06T14:20Z","2024-05-06T14:20Z","Illinois State Water Survey Central Analytical Laboratory",412.0,0.00210,5,"2024-05-07","A",,
"de360266-06b9-4a4a-a8bf-8feb9f19d5e5","D06","KING","KING.AOS.S2","KING.SS.20240506.FIL","A00000436157","2024-05-06T14:20Z","2024-05-06T14:20Z","Illinois State Water Survey Central Analytical Laboratory",482.0,0.00100,5,"2024-05-07","A",,
"04f4d278-807b-4541-8d1f-d4a982aa0169","D06","KING","KING.AOS.S2","KING.SS.20240506.FIL","A00000436157","2024-05-06T14:20Z","2024-05-06T14:20Z","Illinois State Water Survey Central Analytical Laboratory",244.0,0.03120,5,"2024-05-07","B",,
"5f411f47-5555-45ff-b9eb-11f440212058","D06","KING","KING.AOS.S2","KING.SS.20240506.FIL","A00000436157","2024-05-06T14:20Z","2024-05-06T14:20Z","Illinois State Water Survey Central Analytical Laboratory",252.0,0.02802,5,"2024-05-07","A",,
"1f579be7-8f38-4481-9030-4ad100391231","D06","KING","KING.AOS.S2","KING.SS.20240506.FIL","A00000436157","2024-05-06T14:20Z","2024-05-06T14:20Z","Illinois State Water Survey Central Analytical Laboratory",488.0,0.00074,5,"2024-05-07","B",,
"d5f8d458-1d7c-4866-aa5a-3c6d9aec6ea3","D06","KING","KING.AOS.S2","KING.SS.20240506.FIL","A00000436157","2024-05-06T14:20Z","2024-05-06T14:20Z","Illinois State Water Survey Central Analytical Laboratory",336.0,0.00750,5,"2024-05-07","B",,
"012c4776-7ab9-4e0e-b875-c28a820bb9c5","D06","KING","KING.AOS.S2","KING.SS.20240506.FIL","A00000436157","2024-05-06T14:20Z","2024-05-06T14:20Z","Illinois State Water Survey Central Analytical Laboratory",570.0,0.00052,5,"2024-05-07","A",,
"fab6cada-0b37-4dd0-8cdd-70b12d66909e","D06","KING","KING.AOS.S2","KING.SS.20240506.FIL","A00000436157","2024-05-06T14:20Z","2024-05-06T14:20Z","Illinois State Water Survey Central Analytical Laboratory",466.0,0.00106,5,"2024-05-07","A",,
"8e5d10e2-2b7a-4cc8-b77b-9cf7e9d4f77f","D06","KING","KING.AOS.S2","KING.SS.20240506.FIL","A00000436157","2024-05-06T14:20Z","2024-05-06T14:20Z","Illinois State Water Survey Central Analytical Laboratory",242.0,0.03230,5,"2024-05-07","A",,
"f68f1bd0-168f-4d72-91c3-d61106c6b9f1","D06","KING","KING.AOS.S2","KING.SS.20240506.FIL","A00000436157","2024-05-06T14:20Z","2024-05-06T14:20Z","Illinois State Water Survey Central Analytical Laboratory",392.0,0.00290,5,"2024-05-07","A",,
"1fe302cf-b2e1-494a-9b17-803d73619d7f","D06","KING","KING.AOS.S2","KING.SS.20240506.FIL","A00000436157","2024-05-06T14:20Z","2024-05-06T14:20Z","Illinois State Water Survey Central Analytical Laboratory",224.0,0.05594,5,"2024-05-07","B",,
"97ee45d1-f192-4ed4-bfa3-4732df3718d9","D06","KING","KING.AOS.S2","KING.SS.20240506.FIL","A00000436157","2024-05-06T14:20Z","2024-05-06T14:20Z","Illinois State Water Survey Central Analytical Laboratory",346.0,0.00634,5,"2024-05-07","B",,
"05a33ead-fd4d-4139-8de7-cbfd8d238d27","D06","KING","KING.AOS.S2","KING.SS.20240506.FIL","A00000436157","2024-05-06T14:20Z","2024-05-06T14:20Z","Illinois State Water Survey Central Analytical Laboratory",450.0,0.00134,5,"2024-05-07","A",,
"29a50dd4-01d4-4609-a095-44efe8be5a9c","D06","KING","KING.AOS.S2","KING.SS.20240506.FIL","A00000436157","2024-05-06T14:20Z","2024-05-06T14:20Z","Illinois State Water Survey Central Analytical Laboratory",232.0,0.04106,5,"2024-05-07","A",,
"5aece2f8-c994-458b-8a25-c0c10561e4f1","D06","KING","KING.AOS.S2","KING.SS.20240506.FIL","A00000436157","2024-05-06T14:20Z","2024-05-06T14:20Z","Illinois State Water Survey Central Analytical Laboratory",410.0,0.00222,5,"2024-05-07","A",,
"f4a8bafb-a46b-4c22-b713-9e3d6c2f007d","D06","KING","KING.AOS.S2","KING.SS.20240506.FIL","A00000436157","2024-05-06T14:20Z","2024-05-06T14:20Z","Illinois State Water Survey Central Analytical Laboratory",220.0,0.06856,5,"2024-05-07","B",,
"285db372-3f67-499d-8fd6-3275011c4c7e","D06","KING","KING.AOS.S2","KING.SS.20240506.FIL","A00000436157","2024-05-06T14:20Z","2024-05-06T14:20Z","Illinois State Water Survey Central Analytical Laboratory",264.0,0.02444,5,"2024-05-07","A",,
"a1da9366-6d8d-4f62-96a8-e1cd45532bb0","D06","KING","KING.AOS.S2","KING.SS.20240506.FIL","A00000436157","2024-05-06T14:20Z","2024-05-06T14:20Z","Illinois State Water Survey Central Analytical Laboratory",584.0,0.00056,5,"2024-05-07","A",,
"cbc204a1-67c4-4221-b2ca-8e384a828eaa","D06","KING","KING.AOS.S2","KING.SS.20240506.FIL","A00000436157","2024-05-06T14:20Z","2024-05-06T14:20Z","Illinois State Water Survey Central Analytical Laboratory",598.0,0.00040,5,"2024-05-07","A",,
"f76645fa-2074-425b-bec5-a0b6bda94da6","D06","KING","KING.AOS.S2","KING.SS.20240506.FIL","A00000436157","2024-05-06T14:20Z","2024-05-06T14:20Z","Illinois State Water Survey Central Analytical Laboratory",432.0,0.00148,5,"2024-05-07","B",,
"075b349c-11ec-48a7-a2f0-e5bfc41d3716","D06","KING","KING.AOS.S2","KING.SS.20240506.FIL","A00000436157","2024-05-06T14:20Z","2024-05-06T14:20Z","Illinois State Water Survey Central Analytical Laboratory",342.0,0.00676,5,"2024-05-07","B",,
"fa6a8bf8-51ec-4e0f-b5c9-d66edabfc5e5","D06","KING","KING.AOS.S2","KING.SS.20240506.FIL","A00000436157","2024-05-06T14:20Z","2024-05-06T14:20Z","Illinois State Water Survey Central Analytical Laboratory",384.0,0.00326,5,"2024-05-07","B",,
"a13c4af5-048a-4c0d-8f93-ed57f5df0e44","D06","KING","KING.AOS.S2","KING.SS.20240506.FIL","A00000436157","2024-05-06T14:20Z","2024-05-06T14:20Z","Illinois State Water Survey Central Analytical Laboratory",396.0,0.00280,5,"2024-05-07","A",,
"4b5945f7-0a98-478a-9acc-9a82dca8044b","D06","KING","KING.AOS.S2","KING.SS.20240506.FIL","A00000436157","2024-05-06T14:20Z","2024-05-06T14:20Z","Illinois State Water Survey Central Analytical Laboratory",522.0,0.00070,5,"2024-05-07","A",,
"9bbdf5a6-8938-4cbf-b5da-49b6210b2719","D06","KING","KING.AOS.S2","KING.SS.20240506.FIL","A00000436157","2024-05-06T14:20Z","2024-05-06T14:20Z","Illinois State Water Survey Central Analytical Laboratory",586.0,0.00026,5,"2024-05-07","B",,
"bcaf749a-039b-426d-83f8-a3e2ebf2d80a","D06","KING","KING.AOS.S2","KING.SS.20240506.FIL","A00000436157","2024-05-06T14:20Z","2024-05-06T14:20Z","Illinois State Water Survey Central Analytical Laboratory",522.0,0.00046,5,"2024-05-07","B",,
"9f903840-a40d-4490-a05e-29bdf376ab11","D06","KING","KING.AOS.S2","KING.SS.20240506.FIL","A00000436157","2024-05-06T14:20Z","2024-05-06T14:20Z","Illinois State Water Survey Central Analytical Laboratory",582.0,0.00050,5,"2024-05-07","A",,
"8bd31fbd-f863-4596-b560-d9aedb42d777","D06","KING","KING.AOS.S2","KING.SS.20240506.FIL","A00000436157","2024-05-06T14:20Z","2024-05-06T14:20Z","Illinois State Water Survey Central Analytical Laboratory",486.0,0.00092,5,"2024-05-07","A",,
"82c54e80-6d71-40e7-aa5d-27a8e4168288","D06","KING","KING.AOS.S2","KING.SS.20240506.FIL","A00000436157","2024-05-06T14:20Z","2024-05-06T14:20Z","Illinois State Water Survey Central Analytical Laboratory",406.0,0.00220,5,"2024-05-07","B",,
"d5a4145c-8e32-4c55-a47d-50ba6e006442","D06","KING","KING.AOS.S2","KING.SS.20240506.FIL","A00000436157","2024-05-06T14:20Z","2024-05-06T14:20Z","Illinois State Water Survey Central Analytical Laboratory",478.0,0.00084,5,"2024-05-07","B",,
"ca86c557-18b7-4f14-8ba6-f5c444d64f3f","D06","KING","KING.AOS.S2","KING.SS.20240506.FIL","A00000436157","2024-05-06T14:20Z","2024-05-06T14:20Z","Illinois State Water Survey Central Analytical Laboratory",594.0,0.00040,5,"2024-05-07","A",,
"4e3d932c-0180-4aab-bf4b-6a8dab232b52","D06","KING","KING.AOS.S2","KING.SS.20240506.FIL","A00000436157","2024-05-06T14:20Z","2024-05-06T14:20Z","Illinois State Water Survey Central Analytical Laboratory",296.0,0.01508,5,"2024-05-07","B",,
"43811b41-0bb6-4d6c-abaf-b86ec8b23bd1","D06","KING","KING.AOS.S2","KING.SS.20240506.FIL","A00000436157","2024-05-06T14:20Z","2024-05-06T14:20Z","Illinois State Water Survey Central Analytical Laboratory",276.0,0.02086,5,"2024-05-07","B",,
"4d8ac1c2-52bf-4b89-adf5-2b2981d1a3a0","D06","KING","KING.AOS.S2","KING.SS.20240506.FIL","A00000436157","2024-05-06T14:20Z","2024-05-06T14:20Z","Illinois State Water Survey Central Analytical Laboratory",518.0,0.00072,5,"2024-05-07","A",,
"0b8dd112-2429-4e8b-ab96-b38dcd3ff437","D06","KING","KING.AOS.S2","KING.SS.20240506.FIL","A00000436157","2024-05-06T14:20Z","2024-05-06T14:20Z","Illinois State Water Survey Central Analytical Laboratory",346.0,0.00650,5,"2024-05-07","A",,
"66bd0480-f84c-4a21-8b6a-2addca0aea14","D06","KING","KING.AOS.S2","KING.SS.20240506.FIL","A00000436157","2024-05-06T14:20Z","2024-05-06T14:20Z","Illinois State Water Survey Central Analytical Laboratory",376.0,0.00376,5,"2024-05-07","B",,
"ef3dd08b-1d15-4589-bfb8-321cbe1cba4a","D06","KING","KING.AOS.S2","KING.SS.20240506.FIL","A00000436157","2024-05-06T14:20Z","2024-05-06T14:20Z","Illinois State Water Survey Central Analytical Laboratory",272.0,0.02218,5,"2024-05-07","A",,
"01a6b886-909f-40f5-8744-e13434a95f03","D06","KING","KING.AOS.S2","KING.SS.20240506.FIL","A00000436157","2024-05-06T14:20Z","2024-05-06T14:20Z","Illinois State Water Survey Central Analytical Laboratory",262.0,0.02478,5,"2024-05-07","B",,
"331b882b-734a-474c-811d-5ead9d259b53","D06","KING","KING.AOS.S2","KING.SS.20240506.FIL","A00000436157","2024-05-06T14:20Z","2024-05-06T14:20Z","Illinois State Water Survey Central Analytical Laboratory",416.0,0.00206,5,"2024-05-07","A",,
"5d658d1a-e742-44bf-900c-8fc1965439a9","D06","KING","KING.AOS.S2","KING.SS.20240506.FIL","A00000436157","2024-05-06T14:20Z","2024-05-06T14:20Z","Illinois State Water Survey Central Analytical Laboratory",510.0,0.00074,5,"2024-05-07","A",,
"9d232eab-de17-4b41-8cef-1236cd51dadf","D06","KING","KING.AOS.S2","KING.SS.20240506.FIL","A00000436157","2024-05-06T14:20Z","2024-05-06T14:20Z","Illinois State Water Survey Central Analytical Laboratory",506.0,0.00080,5,"2024-05-07","A",,
"5ed0404e-9d5c-4fcf-871c-ce8c980e9ef0","D06","KING","KING.AOS.S2","KING.SS.20240506.FIL","A00000436157","2024-05-06T14:20Z","2024-05-06T14:20Z","Illinois State Water Survey Central Analytical Laboratory",554.0,0.00056,5,"2024-05-07","A",,
"d935d0e6-60e8-446f-bfaf-5125142a69e2","D06","KING","KING.AOS.S2","KING.SS.20240506.FIL","A00000436157","2024-05-06T14:20Z","2024-05-06T14:20Z","Illinois State Water Survey Central Analytical Laboratory",456.0,0.00120,5,"2024-05-07","A",,
"460daa70-04a2-4f39-b465-69f3edd970c5","D06","KING","KING.AOS.S2","KING.SS.20240506.FIL","A00000436157","2024-05-06T14:20Z","2024-05-06T14:20Z","Illinois State Water Survey Central Analytical Laboratory",290.0,0.01690,5,"2024-05-07","A",,
"efbfa501-d984-4fb9-b3bd-54b564bdb34e","D06","KING","KING.AOS.S2","KING.SS.20240506.FIL","A00000436157","2024-05-06T14:20Z","2024-05-06T14:20Z","Illinois State Water Survey Central Analytical Laboratory",308.0,0.01232,5,"2024-05-07","B",,
"4b569968-cc00-4ec7-b91d-a8d33595d279","D06","KING","KING.AOS.S2","KING.SS.20240506.FIL","A00000436157","2024-05-06T14:20Z","2024-05-06T14:20Z","Illinois State Water Survey Central Analytical Laboratory",322.0,0.00964,5,"2024-05-07","B",,
"c267e560-f49d-4142-8753-bbb2631ffd1f","D06","KING","KING.AOS.S2","KING.SS.20240506.FIL","A00000436157","2024-05-06T14:20Z","2024-05-06T14:20Z","Illinois State Water Survey Central Analytical Laboratory",236.0,0.03662,5,"2024-05-07","A",,
"40b061d9-9a42-407b-b9f4-7cdcedf5551b","D06","KING","KING.AOS.S2","KING.SS.20240506.FIL","A00000436157","2024-05-06T14:20Z","2024-05-06T14:20Z","Illinois State Water Survey Central Analytical Laboratory",274.0,0.02146,5,"2024-05-07","B",,
"b85431d7-bb73-4801-bc45-5838bab4d76f","D06","KING","KING.AOS.S2","KING.SS.20240506.FIL","A00000436157","2024-05-06T14:20Z","2024-05-06T14:20Z","Illinois State Water Survey Central Analytical Laboratory",302.0,0.01376,5,"2024-05-07","A",,
"2635e6b3-3d68-4793-bd7f-e93daa997498","D06","KING","KING.AOS.S2","KING.SS.20240506.FIL","A00000436157","2024-05-06T14:20Z","2024-05-06T14:20Z","Illinois State Water Survey Central Analytical Laboratory",296.0,0.01520,5,"2024-05-07","A",,
"7fd55a5b-ceb6-4c00-932a-d288a0a0afd4","D06","KING","KING.AOS.S2","KING.SS.20240506.FIL","A00000436157","2024-05-06T14:20Z","2024-05-06T14:20Z","Illinois State Water Survey Central Analytical Laboratory",498.0,0.00066,5,"2024-05-07","B",,
"eabac1d1-780a-4e60-a8fe-6312dbb081c6","D06","KING","KING.AOS.S2","KING.SS.20240506.FIL","A00000436157","2024-05-06T14:20Z","2024-05-06T14:20Z","Illinois State Water Survey Central Analytical Laboratory",562.0,0.00048,5,"2024-05-07","A",,
"4f38c660-2996-436c-9fe4-de22c161256d","D06","KING","KING.AOS.S2","KING.SS.20240506.FIL","A00000436157","2024-05-06T14:20Z","2024-05-06T14:20Z","Illinois State Water Survey Central Analytical Laboratory",282.0,0.01914,5,"2024-05-07","B",,
"0d07ef73-fc48-4cf7-a5f4-1fb62a4cb325","D06","KING","KING.AOS.S2","KING.SS.20240506.FIL","A00000436157","2024-05-06T14:20Z","2024-05-06T14:20Z","Illinois State Water Survey Central Analytical Laboratory",504.0,0.00082,5,"2024-05-07","A",,
"7603f0b9-f01c-4a22-8601-e122e9020e03","D06","KING","KING.AOS.S2","KING.SS.20240506.FIL","A00000436157","2024-05-06T14:20Z","2024-05-06T14:20Z","Illinois State Water Survey Central Analytical Laboratory",286.0,0.01794,5,"2024-05-07","B",,
"fe4b7776-3670-4367-996e-5ec5d86fd27f","D06","KING","KING.AOS.S2","KING.SS.20240506.FIL","A00000436157","2024-05-06T14:20Z","2024-05-06T14:20Z","Illinois State Water Survey Central Analytical Laboratory",564.0,0.00040,5,"2024-05-07","B",,
"56fdb247-3458-468b-a481-5d7e46a54d5c","D06","KING","KING.AOS.S2","KING.SS.20240506.FIL","A00000436157","2024-05-06T14:20Z","2024-05-06T14:20Z","Illinois State Water Survey Central Analytical Laboratory",244.0,0.03138,5,"2024-05-07","A",,
"804afe59-cd09-409d-9820-6f2bdcf23f9a","D06","KING","KING.AOS.S2","KING.SS.20240506.FIL","A00000436157","2024-05-06T14:20Z","2024-05-06T14:20Z","Illinois State Water Survey Central Analytical Laboratory",420.0,0.00198,5,"2024-05-07","A",,
"e7439ba2-7479-4325-be1c-1f6dfc6cf91e","D06","KING","KING.AOS.S2","KING.SS.20240506.FIL","A00000436157","2024-05-06T14:20Z","2024-05-06T14:20Z","Illinois State Water Survey Central Analytical Laboratory",328.0,0.00880,5,"2024-05-07","A",,
"d153c30d-a1bd-4cdf-be40-3b18e51bf1c5","D06","KING","KING.AOS.S2","KING.SS.20240506.FIL","A00000436157","2024-05-06T14:20Z","2024-05-06T14:20Z","Illinois State Water Survey Central Analytical Laboratory",494.0,0.00086,5,"2024-05-07","A",,
"75577745-c9c5-4265-a1f2-73bb6db01a2f","D06","KING","KING.AOS.S2","KING.SS.20240506.FIL","A00000436157","2024-05-06T14:20Z","2024-05-06T14:20Z","Illinois State Water Survey Central Analytical Laboratory",448.0,0.00118,5,"2024-05-07","B",,
"c5e35e44-99e8-4acc-832d-98e21e44c6cc","D06","KING","KING.AOS.S2","KING.SS.20240506.FIL","A00000436157","2024-05-06T14:20Z","2024-05-06T14:20Z","Illinois State Water Survey Central Analytical Laboratory",440.0,0.00150,5,"2024-05-07","A",,
"9ddd9350-16cd-41d5-857b-d2af10ee2982","D06","KING","KING.AOS.S2","KING.SS.20240506.FIL","A00000436157","2024-05-06T14:20Z","2024-05-06T14:20Z","Illinois State Water Survey Central Analytical Laboratory",422.0,0.00188,5,"2024-05-07","A",,
"0625db63-9519-45de-8f6e-1172a9fae0b0","D06","KING","KING.AOS.S2","KING.SS.20240506.FIL","A00000436157","2024-05-06T14:20Z","2024-05-06T14:20Z","Illinois State Water Survey Central Analytical Laboratory",462.0,0.00096,5,"2024-05-07","B",,
"32397ad7-bb8d-4b51-bb04-97503da91c9f","D06","KING","KING.AOS.S2","KING.SS.20240506.FIL","A00000436157","2024-05-06T14:20Z","2024-05-06T14:20Z","Illinois State Water Survey Central Analytical Laboratory",386.0,0.00310,5,"2024-05-07","B",,
"0d6c517c-6ef2-405b-bb08-2bf521c593ad","D06","KING","KING.AOS.S2","KING.SS.20240506.FIL","A00000436157","2024-05-06T14:20Z","2024-05-06T14:20Z","Illinois State Water Survey Central Analytical Laboratory",362.0,0.00496,5,"2024-05-07","A",,
"64f89e30-3ea4-4e1a-b59c-ab0971cc42c0","D06","KING","KING.AOS.S2","KING.SS.20240506.FIL","A00000436157","2024-05-06T14:20Z","2024-05-06T14:20Z","Illinois State Water Survey Central Analytical Laboratory",392.0,0.00280,5,"2024-05-07","B",,
"cff6a3dd-62e5-47a4-a34f-fe6a2b72bcde","D06","KING","KING.AOS.S2","KING.SS.20240506.FIL","A00000436157","2024-05-06T14:20Z","2024-05-06T14:20Z","Illinois State Water Survey Central Analytical Laboratory",558.0,0.00038,5,"2024-05-07","B",,
"1e6d1be7-c48c-4675-9e0a-c28949a64f09","D06","KING","KING.AOS.S2","KING.SS.20240506.FIL","A00000436157","2024-05-06T14:20Z","2024-05-06T14:20Z","Illinois State Water Survey Central Analytical Laboratory",322.0,0.00976,5,"2024-05-07","A",,
"3ff2c4a0-4313-4aa1-bc33-ee6ea381d5d9","D06","KING","KING.AOS.S2","KING.SS.20240506.FIL","A00000436157","2024-05-06T14:20Z","2024-05-06T14:20Z","Illinois State Water Survey Central Analytical Laboratory",226.0,0.05104,5,"2024-05-07","B",,
"ff378419-afdb-4139-b027-b9e83e9acaf9","D06","KING","KING.AOS.S2","KING.SS.20240506.FIL","A00000436157","2024-05-06T14:20Z","2024-05-06T14:20Z","Illinois State Water Survey Central Analytical Laboratory",592.0,0.00042,5,"2024-05-07","A",,
"328de5fd-79d4-40ec-b7b5-772f653f5c2f","D06","KING","KING.AOS.S2","KING.SS.20240506.FIL","A00000436157","2024-05-06T14:20Z","2024-05-06T14:20Z","Illinois State Water Survey Central Analytical Laboratory",536.0,0.00060,5,"2024-05-07","A",,
"ba3c1c4d-5531-4159-8a1f-c11b52106b93","D06","KING","KING.AOS.S2","KING.SS.20240506.FIL","A00000436157","2024-05-06T14:20Z","2024-05-06T14:20Z","Illinois State Water Survey Central Analytical Laboratory",420.0,0.00180,5,"2024-05-07","B",,
"445b56d1-d118-4ec7-8783-74061932e3cb","D06","KING","KING.AOS.S2","KING.SS.20240506.FIL","A00000436157","2024-05-06T14:20Z","2024-05-06T14:20Z","Illinois State Water Survey Central Analytical Laboratory",572.0,0.00036,5,"2024-05-07","B",,
"08243a7a-8fb5-43f9-93d4-26a0e3afc11b","D06","KING","KING.AOS.S2","KING.SS.20240506.FIL","A00000436157","2024-05-06T14:20Z","2024-05-06T14:20Z","Illinois State Water Survey Central Analytical Laboratory",442.0,0.00144,5,"2024-05-07","A",,
"8b527a9e-83cb-47f9-ab54-7396df44d1c0","D06","KING","KING.AOS.S2","KING.SS.20240506.FIL","A00000436157","2024-05-06T14:20Z","2024-05-06T14:20Z","Illinois State Water Survey Central Analytical Laboratory",580.0,0.00032,5,"2024-05-07","B",,
"45874874-feda-4dba-9f0a-ad58b5b445e9","D06","KING","KING.AOS.S2","KING.SS.20240506.FIL","A00000436157","2024-05-06T14:20Z","2024-05-06T14:20Z","Illinois State Water Survey Central Analytical Laboratory",306.0,0.01286,5,"2024-05-07","A",,
"c119304f-1847-4b86-8c9f-d5c4cfe75a71","D06","KING","KING.AOS.S2","KING.SS.20240506.FIL","A00000436157","2024-05-06T14:20Z","2024-05-06T14:20Z","Illinois State Water Survey Central Analytical Laboratory",474.0,0.00100,5,"2024-05-07","A",,
"0305a93f-1fc9-48dc-94fa-43f3ecb20f81","D06","KING","KING.AOS.S2","KING.SS.20240506.FIL","A00000436157","2024-05-06T14:20Z","2024-05-06T14:20Z","Illinois State Water Survey Central Analytical Laboratory",256.0,0.02658,5,"2024-05-07","B",,
"f13936d2-d1cb-42e4-bf57-da6190cfe114","D06","KING","KING.AOS.S2","KING.SS.20240506.FIL","A00000436157","2024-05-06T14:20Z","2024-05-06T14:20Z","Illinois State Water Survey Central Analytical Laboratory",378.0,0.00360,5,"2024-05-07","B",,
"5cfcc5d6-1095-4ae2-8b14-5677996147b8","D06","KING","KING.AOS.S2","KING.SS.20240506.FIL","A00000436157","2024-05-06T14:20Z","2024-05-06T14:20Z","Illinois State Water Survey Central Analytical Laboratory",278.0,0.02030,5,"2024-05-07","B",,
"29558a87-e125-47a1-b9d6-0951fc716df9","D06","KING","KING.AOS.S2","KING.SS.20240506.FIL","A00000436157","2024-05-06T14:20Z","2024-05-06T14:20Z","Illinois State Water Survey Central Analytical Laboratory",360.0,0.00512,5,"2024-05-07","A",,
"c641ba6a-666c-4b5b-b66a-5f7d33a87942","D06","KING","KING.AOS.S2","KING.SS.20240506.FIL","A00000436157","2024-05-06T14:20Z","2024-05-06T14:20Z","Illinois State Water Survey Central Analytical Laboratory",396.0,0.00260,5,"2024-05-07","B",,
"3f8e003f-7517-4ee8-bc5f-ab72185d3404","D06","KING","KING.AOS.S2","KING.SS.20240506.FIL","A00000436157","2024-05-06T14:20Z","2024-05-06T14:20Z","Illinois State Water Survey Central Analytical Laboratory",418.0,0.00200,5,"2024-05-07","A",,
"9ef69cc2-d087-4afd-a8fd-d6b31c4a8b37","D06","KING","KING.AOS.S2","KING.SS.20240506.FIL","A00000436157","2024-05-06T14:20Z","2024-05-06T14:20Z","Illinois State Water Survey Central Analytical Laboratory",582.0,0.00032,5,"2024-05-07","B",,
"d3d768e6-49e5-457d-bcbb-6400d08222a8","D06","KING","KING.AOS.reach","KING.RE.20240514.FIL","A00000436168","2024-05-14T13:55Z","2024-05-14T13:55Z","Illinois State Water Survey Central Analytical Laboratory",472.0,0.00078,5,"2024-05-16","A",,
"610d5fdb-b758-4859-a79b-0966334154a3","D06","KING","KING.AOS.reach","KING.RE.20240514.FIL","A00000436168","2024-05-14T13:55Z","2024-05-14T13:55Z","Illinois State Water Survey Central Analytical Laboratory",442.0,0.00112,5,"2024-05-16","A",,
"79bec272-17c6-4d6d-b29d-6589d3bd38d1","D06","KING","KING.AOS.reach","KING.RE.20240514.FIL","A00000436168","2024-05-14T13:55Z","2024-05-14T13:55Z","Illinois State Water Survey Central Analytical Laboratory",262.0,0.02166,5,"2024-05-16","A",,
"10fd7d20-490f-4767-b57b-fea4a00c40ec","D06","KING","KING.AOS.reach","KING.RE.20240514.FIL","A00000436168","2024-05-14T13:55Z","2024-05-14T13:55Z","Illinois State Water Survey Central Analytical Laboratory",232.0,0.03770,5,"2024-05-16","B",,
"235ea4e7-2a46-4e15-844e-ef1057d4e034","D06","KING","KING.AOS.reach","KING.RE.20240514.FIL","A00000436168","2024-05-14T13:55Z","2024-05-14T13:55Z","Illinois State Water Survey Central Analytical Laboratory",242.0,0.02852,5,"2024-05-16","B",,
"8a28dc12-a633-4041-b108-71747e314115","D06","KING","KING.AOS.reach","KING.RE.20240514.FIL","A00000436168","2024-05-14T13:55Z","2024-05-14T13:55Z","Illinois State Water Survey Central Analytical Laboratory",272.0,0.01934,5,"2024-05-16","B",,
"259e7b3b-c83c-4e41-878a-eef194c3a95a","D06","KING","KING.AOS.reach","KING.RE.20240514.FIL","A00000436168","2024-05-14T13:55Z","2024-05-14T13:55Z","Illinois State Water Survey Central Analytical Laboratory",332.0,0.00698,5,"2024-05-16","B",,
"2394a1ea-b96e-4d1a-a01f-70d51b7f0a39","D06","KING","KING.AOS.reach","KING.RE.20240514.FIL","A00000436168","2024-05-14T13:55Z","2024-05-14T13:55Z","Illinois State Water Survey Central Analytical Laboratory",314.0,0.00956,5,"2024-05-16","A",,
"742fbe16-708c-416a-bd50-a3b2c5fd7055","D06","KING","KING.AOS.reach","KING.RE.20240514.FIL","A00000436168","2024-05-14T13:55Z","2024-05-14T13:55Z","Illinois State Water Survey Central Analytical Laboratory",482.0,0.00086,5,"2024-05-16","B",,
"6711d64b-491e-4771-85ca-15bbd2a733ca","D06","KING","KING.AOS.reach","KING.RE.20240514.FIL","A00000436168","2024-05-14T13:55Z","2024-05-14T13:55Z","Illinois State Water Survey Central Analytical Laboratory",362.0,0.00418,5,"2024-05-16","B",,
"1a23ee21-6596-467c-9085-eb501413055b","D06","KING","KING.AOS.reach","KING.RE.20240514.FIL","A00000436168","2024-05-14T13:55Z","2024-05-14T13:55Z","Illinois State Water Survey Central Analytical Laboratory",536.0,0.00032,5,"2024-05-16","A",,
"e64ccc36-6737-4f8b-a16c-775f258165df","D06","KING","KING.AOS.reach","KING.RE.20240514.FIL","A00000436168","2024-05-14T13:55Z","2024-05-14T13:55Z","Illinois State Water Survey Central Analytical Laboratory",284.0,0.01628,5,"2024-05-16","B",,
"f3f69e82-c39a-4aae-93d7-455aaf68bd81","D06","KING","KING.AOS.reach","KING.RE.20240514.FIL","A00000436168","2024-05-14T13:55Z","2024-05-14T13:55Z","Illinois State Water Survey Central Analytical Laboratory",530.0,0.00040,5,"2024-05-16","A",,
"20bcd2a2-49da-46cf-a7b1-4661f4e31a95","D06","KING","KING.AOS.reach","KING.RE.20240514.FIL","A00000436168","2024-05-14T13:55Z","2024-05-14T13:55Z","Illinois State Water Survey Central Analytical Laboratory",542.0,0.00054,5,"2024-05-16","B",,
"8f96a9ea-8c84-4fc4-9b49-976a6e9cb3b4","D06","KING","KING.AOS.reach","KING.RE.20240514.FIL","A00000436168","2024-05-14T13:55Z","2024-05-14T13:55Z","Illinois State Water Survey Central Analytical Laboratory",334.0,0.00674,5,"2024-05-16","B",,
"d6ef4d1b-e720-4fc2-b65e-cccd44d844d8","D06","KING","KING.AOS.reach","KING.RE.20240514.FIL","A00000436168","2024-05-14T13:55Z","2024-05-14T13:55Z","Illinois State Water Survey Central Analytical Laboratory",320.0,0.00874,5,"2024-05-16","B",,
"2cc1f0f2-4737-4cca-a119-e2aa29d00ffc","D06","KING","KING.AOS.reach","KING.RE.20240514.FIL","A00000436168","2024-05-14T13:55Z","2024-05-14T13:55Z","Illinois State Water Survey Central Analytical Laboratory",392.0,0.00238,5,"2024-05-16","A",,
"e0189a94-66bb-4079-a29b-2c3352d3c6f3","D06","KING","KING.AOS.reach","KING.RE.20240514.FIL","A00000436168","2024-05-14T13:55Z","2024-05-14T13:55Z","Illinois State Water Survey Central Analytical Laboratory",502.0,0.00064,5,"2024-05-16","B",,
"eae286c9-399e-440c-bcd9-f75ae769372e","D06","KING","KING.AOS.reach","KING.RE.20240514.FIL","A00000436168","2024-05-14T13:55Z","2024-05-14T13:55Z","Illinois State Water Survey Central Analytical Laboratory",332.0,0.00694,5,"2024-05-16","A",,
"c923314b-13d6-4023-9a4f-d12dc12cbbad","D06","KING","KING.AOS.reach","KING.RE.20240514.FIL","A00000436168","2024-05-14T13:55Z","2024-05-14T13:55Z","Illinois State Water Survey Central Analytical Laboratory",566.0,0.00044,5,"2024-05-16","B",,
"0fbdb186-4994-479c-bb5d-197f8f691bd4","D06","KING","KING.AOS.reach","KING.RE.20240514.FIL","A00000436168","2024-05-14T13:55Z","2024-05-14T13:55Z","Illinois State Water Survey Central Analytical Laboratory",440.0,0.00114,5,"2024-05-16","A",,
"746017dd-74d8-4e5a-a1b5-5d49fc372d0d","D06","KING","KING.AOS.reach","KING.RE.20240514.FIL","A00000436168","2024-05-14T13:55Z","2024-05-14T13:55Z","Illinois State Water Survey Central Analytical Laboratory",426.0,0.00148,5,"2024-05-16","B",,
"d446a901-4dd8-4e5c-a170-df9afd8760a6","D06","KING","KING.AOS.reach","KING.RE.20240514.FIL","A00000436168","2024-05-14T13:55Z","2024-05-14T13:55Z","Illinois State Water Survey Central Analytical Laboratory",290.0,0.01468,5,"2024-05-16","B",,
"6dd90192-65a5-42c9-9bbd-d5d789ee6585","D06","KING","KING.AOS.reach","KING.RE.20240514.FIL","A00000436168","2024-05-14T13:55Z","2024-05-14T13:55Z","Illinois State Water Survey Central Analytical Laboratory",492.0,0.00062,5,"2024-05-16","A",,
"dc39c2df-689b-4224-92f0-ec7d0c2a6f93","D06","KING","KING.AOS.reach","KING.RE.20240514.FIL","A00000436168","2024-05-14T13:55Z","2024-05-14T13:55Z","Illinois State Water Survey Central Analytical Laboratory",420.0,0.00160,5,"2024-05-16","B",,
"d2a30ae9-efbd-44e9-9120-8c59d9fb0f2b","D06","KING","KING.AOS.reach","KING.RE.20240514.FIL","A00000436168","2024-05-14T13:55Z","2024-05-14T13:55Z","Illinois State Water Survey Central Analytical Laboratory",388.0,0.00264,5,"2024-05-16","B",,
"a15fae93-7f12-4b9c-a3b4-fa5fa49d4fa9","D06","KING","KING.AOS.reach","KING.RE.20240514.FIL","A00000436168","2024-05-14T13:55Z","2024-05-14T13:55Z","Illinois State Water Survey Central Analytical Laboratory",312.0,0.01002,5,"2024-05-16","B",,
"a2e1c666-1aa9-4e6c-8050-d09856539867","D06","KING","KING.AOS.reach","KING.RE.20240514.FIL","A00000436168","2024-05-14T13:55Z","2024-05-14T13:55Z","Illinois State Water Survey Central Analytical Laboratory",344.0,0.00568,5,"2024-05-16","A",,
"0e4f6e2f-d7cd-4f89-85a4-8ebc1f23ea7c","D06","KING","KING.AOS.reach","KING.RE.20240514.FIL","A00000436168","2024-05-14T13:55Z","2024-05-14T13:55Z","Illinois State Water Survey Central Analytical Laboratory",368.0,0.00382,5,"2024-05-16","B",,
"98c1012b-ca80-459d-ab57-aaca1acde4da","D06","KING","KING.AOS.reach","KING.RE.20240514.FIL","A00000436168","2024-05-14T13:55Z","2024-05-14T13:55Z","Illinois State Water Survey Central Analytical Laboratory",490.0,0.00074,5,"2024-05-16","B",,
"7dc70d7f-425d-4cf6-b48f-ebcb2691cf1a","D06","KING","KING.AOS.reach","KING.RE.20240514.FIL","A00000436168","2024-05-14T13:55Z","2024-05-14T13:55Z","Illinois State Water Survey Central Analytical Laboratory",248.0,0.02570,5,"2024-05-16","A",,
"c438c5e7-ef08-4248-bc06-3cc5100dc386","D06","KING","KING.AOS.reach","KING.RE.20240514.FIL","A00000436168","2024-05-14T13:55Z","2024-05-14T13:55Z","Illinois State Water Survey Central Analytical Laboratory",592.0,0.00030,5,"2024-05-16","B",,
"6a457071-9542-4b74-acb3-d9d734b138bd","D06","KING","KING.AOS.reach","KING.RE.20240514.FIL","A00000436168","2024-05-14T13:55Z","2024-05-14T13:55Z","Illinois State Water Survey Central Analytical Laboratory",452.0,0.00108,5,"2024-05-16","B",,
"84f346a1-c79e-4f13-9090-09799306a7b4","D06","KING","KING.AOS.reach","KING.RE.20240514.FIL","A00000436168","2024-05-14T13:55Z","2024-05-14T13:55Z","Illinois State Water Survey Central Analytical Laboratory",422.0,0.00158,5,"2024-05-16","B",,
"1cbc3a7d-1ff4-4b1d-b123-851f49fb7543","D06","KING","KING.AOS.reach","KING.RE.20240514.FIL","A00000436168","2024-05-14T13:55Z","2024-05-14T13:55Z","Illinois State Water Survey Central Analytical Laboratory",384.0,0.00274,5,"2024-05-16","A",,
"93a756d2-0957-444d-a624-98e96b239544","D06","KING","KING.AOS.reach","KING.RE.20240514.FIL","A00000436168","2024-05-14T13:55Z","2024-05-14T13:55Z","Illinois State Water Survey Central Analytical Laboratory",224.0,0.05086,5,"2024-05-16","A",,
"083cbe5b-f0fa-4729-b35d-976500db3feb","D06","KING","KING.AOS.reach","KING.RE.20240514.FIL","A00000436168","2024-05-14T13:55Z","2024-05-14T13:55Z","Illinois State Water Survey Central Analytical Laboratory",452.0,0.00096,5,"2024-05-16","A",,
"404af713-0794-40fa-8311-07dea7f063bd","D06","KING","KING.AOS.reach","KING.RE.20240514.FIL","A00000436168","2024-05-14T13:55Z","2024-05-14T13:55Z","Illinois State Water Survey Central Analytical Laboratory",276.0,0.01816,5,"2024-05-16","A",,
"538ef8a6-1947-419d-834b-a9519b1bb4c0","D06","KING","KING.AOS.reach","KING.RE.20240514.FIL","A00000436168","2024-05-14T13:55Z","2024-05-14T13:55Z","Illinois State Water Survey Central Analytical Laboratory",494.0,0.00066,5,"2024-05-16","B",,
"6499497e-6642-417e-83b3-aba2e6a7f919","D06","KING","KING.AOS.reach","KING.RE.20240514.FIL","A00000436168","2024-05-14T13:55Z","2024-05-14T13:55Z","Illinois State Water Survey Central Analytical Laboratory",594.0,0.00026,5,"2024-05-16","A",,
"cf7df775-1e56-4a50-ac97-ba8e1cef0aab","D06","KING","KING.AOS.reach","KING.RE.20240514.FIL","A00000436168","2024-05-14T13:55Z","2024-05-14T13:55Z","Illinois State Water Survey Central Analytical Laboratory",414.0,0.00172,5,"2024-05-16","B",,
"3453f18d-8102-45ba-8c01-dce56f234d61","D06","KING","KING.AOS.reach","KING.RE.20240514.FIL","A00000436168","2024-05-14T13:55Z","2024-05-14T13:55Z","Illinois State Water Survey Central Analytical Laboratory",306.0,0.01112,5,"2024-05-16","B",,
"82390193-96c1-4f06-8794-6e5aad921b6b","D06","KING","KING.AOS.reach","KING.RE.20240514.FIL","A00000436168","2024-05-14T13:55Z","2024-05-14T13:55Z","Illinois State Water Survey Central Analytical Laboratory",226.0,0.04932,5,"2024-05-16","B",,
"b2ce6cdd-1caa-4132-aced-a9f7c3558294","D06","KING","KING.AOS.reach","KING.RE.20240514.FIL","A00000436168","2024-05-14T13:55Z","2024-05-14T13:55Z","Illinois State Water Survey Central Analytical Laboratory",436.0,0.00124,5,"2024-05-16","A",,
"c4a86438-183f-4d8b-a385-08f877a98035","D06","KING","KING.AOS.reach","KING.RE.20240514.FIL","A00000436168","2024-05-14T13:55Z","2024-05-14T13:55Z","Illinois State Water Survey Central Analytical Laboratory",256.0,0.02316,5,"2024-05-16","A",,
"b93e4d50-ccf2-4dc9-bba2-af01f077f182","D06","KING","KING.AOS.reach","KING.RE.20240514.FIL","A00000436168","2024-05-14T13:55Z","2024-05-14T13:55Z","Illinois State Water Survey Central Analytical Laboratory",404.0,0.00208,5,"2024-05-16","B",,
"735cb5ed-b31f-45d6-a03d-f801b5f37e62","D06","KING","KING.AOS.reach","KING.RE.20240514.FIL","A00000436168","2024-05-14T13:55Z","2024-05-14T13:55Z","Illinois State Water Survey Central Analytical Laboratory",400.0,0.00208,5,"2024-05-16","A",,
"fb8de329-bcf6-4633-aa6b-77c300cf6b44","D06","KING","KING.AOS.reach","KING.RE.20240514.FIL","A00000436168","2024-05-14T13:55Z","2024-05-14T13:55Z","Illinois State Water Survey Central Analytical Laboratory",228.0,0.04462,5,"2024-05-16","B",,
"b9178927-d8bd-4047-a389-908bceae8fb4","D06","KING","KING.AOS.reach","KING.RE.20240514.FIL","A00000436168","2024-05-14T13:55Z","2024-05-14T13:55Z","Illinois State Water Survey Central Analytical Laboratory",480.0,0.00070,5,"2024-05-16","A",,
"1dc35552-4b84-4c0c-a129-5f3c2b17ee2e","D06","KING","KING.AOS.reach","KING.RE.20240514.FIL","A00000436168","2024-05-14T13:55Z","2024-05-14T13:55Z","Illinois State Water Survey Central Analytical Laboratory",310.0,0.01038,5,"2024-05-16","B",,
"65d81a3d-1440-43f0-baf9-314b39ea5148","D06","KING","KING.AOS.reach","KING.RE.20240514.FIL","A00000436168","2024-05-14T13:55Z","2024-05-14T13:55Z","Illinois State Water Survey Central Analytical Laboratory",274.0,0.01868,5,"2024-05-16","A",,
"b24e0760-dba5-45da-9f4c-7fe6fdc430a3","D06","KING","KING.AOS.reach","KING.RE.20240514.FIL","A00000436168","2024-05-14T13:55Z","2024-05-14T13:55Z","Illinois State Water Survey Central Analytical Laboratory",354.0,0.00478,5,"2024-05-16","A",,
"02d42a01-b584-4042-b77b-46d0472659ea","D06","KING","KING.AOS.reach","KING.RE.20240514.FIL","A00000436168","2024-05-14T13:55Z","2024-05-14T13:55Z","Illinois State Water Survey Central Analytical Laboratory",280.0,0.01716,5,"2024-05-16","A",,
"f108421b-cb97-4a1e-ab72-93c68c4f9db7","D06","KING","KING.AOS.reach","KING.RE.20240514.FIL","A00000436168","2024-05-14T13:55Z","2024-05-14T13:55Z","Illinois State Water Survey Central Analytical Laboratory",516.0,0.00054,5,"2024-05-16","B",,
"fe2562b8-a0dc-4b99-9e95-dfee678dd690","D06","KING","KING.AOS.reach","KING.RE.20240514.FIL","A00000436168","2024-05-14T13:55Z","2024-05-14T13:55Z","Illinois State Water Survey Central Analytical Laboratory",488.0,0.00078,5,"2024-05-16","B",,
"663add21-5d6d-4371-8f86-9b216af57312","D06","KING","KING.AOS.reach","KING.RE.20240514.FIL","A00000436168","2024-05-14T13:55Z","2024-05-14T13:55Z","Illinois State Water Survey Central Analytical Laboratory",544.0,0.00054,5,"2024-05-16","B",,
"b5cccb23-f643-4a8b-9477-6853dfc0afa8","D06","KING","KING.AOS.reach","KING.RE.20240514.FIL","A00000436168","2024-05-14T13:55Z","2024-05-14T13:55Z","Illinois State Water Survey Central Analytical Laboratory",372.0,0.00344,5,"2024-05-16","A",,
"bafad2aa-e552-4187-a3c3-4f8749337738","D06","KING","KING.AOS.reach","KING.RE.20240514.FIL","A00000436168","2024-05-14T13:55Z","2024-05-14T13:55Z","Illinois State Water Survey Central Analytical Laboratory",284.0,0.01614,5,"2024-05-16","A",,
"784ec80a-3d08-47ed-87e8-714f410e5110","D06","KING","KING.AOS.reach","KING.RE.20240514.FIL","A00000436168","2024-05-14T13:55Z","2024-05-14T13:55Z","Illinois State Water Survey Central Analytical Laboratory",330.0,0.00722,5,"2024-05-16","B",,
"076b79d9-36a9-49d6-aeea-e676a069aee7","D06","KING","KING.AOS.reach","KING.RE.20240514.FIL","A00000436168","2024-05-14T13:55Z","2024-05-14T13:55Z","Illinois State Water Survey Central Analytical Laboratory",308.0,0.01066,5,"2024-05-16","A",,
"2a14ef8b-71f6-418f-9aac-eb498a7fd3f8","D06","KING","KING.AOS.reach","KING.RE.20240514.FIL","A00000436168","2024-05-14T13:55Z","2024-05-14T13:55Z","Illinois State Water Survey Central Analytical Laboratory",398.0,0.00214,5,"2024-05-16","A",,
"a6f781c1-2652-4b34-9a6e-1ccd334bfe4d","D06","KING","KING.AOS.reach","KING.RE.20240514.FIL","A00000436168","2024-05-14T13:55Z","2024-05-14T13:55Z","Illinois State Water Survey Central Analytical Laboratory",596.0,0.00028,5,"2024-05-16","B",,
"290585c8-5623-4594-8945-980a3fffa749","D06","KING","KING.AOS.reach","KING.RE.20240514.FIL","A00000436168","2024-05-14T13:55Z","2024-05-14T13:55Z","Illinois State Water Survey Central Analytical Laboratory",432.0,0.00138,5,"2024-05-16","B",,
"8dfb3122-7656-4c26-a26c-67c548b4f070","D06","KING","KING.AOS.reach","KING.RE.20240514.FIL","A00000436168","2024-05-14T13:55Z","2024-05-14T13:55Z","Illinois State Water Survey Central Analytical Laboratory",468.0,0.00078,5,"2024-05-16","A",,
"e17b3a90-6811-4ed4-92c1-9d28ba565985","D06","KING","KING.AOS.reach","KING.RE.20240514.FIL","A00000436168","2024-05-14T13:55Z","2024-05-14T13:55Z","Illinois State Water Survey Central Analytical Laboratory",498.0,0.00054,5,"2024-05-16","A",,
"ead7f36c-ba4a-4a19-8fb5-11ecbaad5827","D06","KING","KING.AOS.reach","KING.RE.20240514.FIL","A00000436168","2024-05-14T13:55Z","2024-05-14T13:55Z","Illinois State Water Survey Central Analytical Laboratory",366.0,0.00392,5,"2024-05-16","B",,
"73949f05-4f5c-4035-a772-0f1e1634cbe5","D06","KING","KING.AOS.reach","KING.RE.20240514.FIL","A00000436168","2024-05-14T13:55Z","2024-05-14T13:55Z","Illinois State Water Survey Central Analytical Laboratory",356.0,0.00462,5,"2024-05-16","B",,
"1abfbe9d-182f-40e5-b4ca-da81918f283c","D06","KING","KING.AOS.reach","KING.RE.20240514.FIL","A00000436168","2024-05-14T13:55Z","2024-05-14T13:55Z","Illinois State Water Survey Central Analytical Laboratory",246.0,0.02660,5,"2024-05-16","B",,
"d7439ab7-8090-4d77-a495-127ec0a3b3d8","D06","KING","KING.AOS.reach","KING.RE.20240514.FIL","A00000436168","2024-05-14T13:55Z","2024-05-14T13:55Z","Illinois State Water Survey Central Analytical Laboratory",402.0,0.00200,5,"2024-05-16","A",,
"de9c9def-1224-4fc6-800e-8d2a695c1b8f","D06","KING","KING.AOS.reach","KING.RE.20240514.FIL","A00000436168","2024-05-14T13:55Z","2024-05-14T13:55Z","Illinois State Water Survey Central Analytical Laboratory",462.0,0.00094,5,"2024-05-16","B",,
"75289d23-573f-4c3c-8f54-ed243f213e2f","D06","KING","KING.AOS.reach","KING.RE.20240514.FIL","A00000436168","2024-05-14T13:55Z","2024-05-14T13:55Z","Illinois State Water Survey Central Analytical Laboratory",236.0,0.03284,5,"2024-05-16","B",,
"27c8331e-7b65-4c75-b18d-ee928bd35570","D06","KING","KING.AOS.reach","KING.RE.20240514.FIL","A00000436168","2024-05-14T13:55Z","2024-05-14T13:55Z","Illinois State Water Survey Central Analytical Laboratory",524.0,0.00056,5,"2024-05-16","B",,
"253b7b1c-3853-40d5-b0bc-8b87bb5e50dc","D06","KING","KING.AOS.reach","KING.RE.20240514.FIL","A00000436168","2024-05-14T13:55Z","2024-05-14T13:55Z","Illinois State Water Survey Central Analytical Laboratory",252.0,0.02448,5,"2024-05-16","B",,
"bf103420-ae84-4f86-b2bd-d9ae925024dd","D06","KING","KING.AOS.reach","KING.RE.20240514.FIL","A00000436168","2024-05-14T13:55Z","2024-05-14T13:55Z","Illinois State Water Survey Central Analytical Laboratory",510.0,0.00058,5,"2024-05-16","B",,
"c48a5a58-70a2-4599-83ba-0016d76f2607","D06","KING","KING.AOS.reach","KING.RE.20240514.FIL","A00000436168","2024-05-14T13:55Z","2024-05-14T13:55Z","Illinois State Water Survey Central Analytical Laboratory",348.0,0.00528,5,"2024-05-16","A",,
"8d93909a-1d0a-4564-b978-ac8e1aaa0f68","D06","KING","KING.AOS.reach","KING.RE.20240514.FIL","A00000436168","2024-05-14T13:55Z","2024-05-14T13:55Z","Illinois State Water Survey Central Analytical Laboratory",286.0,0.01576,5,"2024-05-16","B",,
"333d0ee5-47ac-4b37-b3a4-fddd088c4395","D06","KING","KING.AOS.reach","KING.RE.20240514.FIL","A00000436168","2024-05-14T13:55Z","2024-05-14T13:55Z","Illinois State Water Survey Central Analytical Laboratory",444.0,0.00118,5,"2024-05-16","B",,
"2d6b3574-8f7a-4757-b45d-05d6ce3d6760","D06","KING","KING.AOS.reach","KING.RE.20240514.FIL","A00000436168","2024-05-14T13:55Z","2024-05-14T13:55Z","Illinois State Water Survey Central Analytical Laboratory",292.0,0.01418,5,"2024-05-16","B",,
"dfb80532-dcba-476a-b7a0-0f6e8e953c69","D06","KING","KING.AOS.reach","KING.RE.20240514.FIL","A00000436168","2024-05-14T13:55Z","2024-05-14T13:55Z","Illinois State Water Survey Central Analytical Laboratory",330.0,0.00718,5,"2024-05-16","A",,
"1ad285eb-f21b-41a4-9f47-7de7de26c8b2","D06","KING","KING.AOS.reach","KING.RE.20240514.FIL","A00000436168","2024-05-14T13:55Z","2024-05-14T13:55Z","Illinois State Water Survey Central Analytical Laboratory",362.0,0.00416,5,"2024-05-16","A",,
"e1cfadcf-edb8-4fde-9835-fadd9129dfd1","D06","KING","KING.AOS.reach","KING.RE.20240514.FIL","A00000436168","2024-05-14T13:55Z","2024-05-14T13:55Z","Illinois State Water Survey Central Analytical Laboratory",410.0,0.00176,5,"2024-05-16","A",,
"12392c92-c69b-44c3-a38e-7fb1a1b00311","D06","KING","KING.AOS.reach","KING.RE.20240514.FIL","A00000436168","2024-05-14T13:55Z","2024-05-14T13:55Z","Illinois State Water Survey Central Analytical Laboratory",588.0,0.00040,5,"2024-05-16","B",,
"4d02605d-352c-4df3-82b4-0cfeb06a13a4","D06","KING","KING.AOS.reach","KING.RE.20240514.FIL","A00000436168","2024-05-14T13:55Z","2024-05-14T13:55Z","Illinois State Water Survey Central Analytical Laboratory",260.0,0.02216,5,"2024-05-16","A",,
"f7c8faac-2634-408f-9988-0e9ef5665c83","D06","KING","KING.AOS.reach","KING.RE.20240514.FIL","A00000436168","2024-05-14T13:55Z","2024-05-14T13:55Z","Illinois State Water Survey Central Analytical Laboratory",296.0,0.01310,5,"2024-05-16","A",,
"1cb9f5f5-ab7b-4a29-b07e-f74d5f07115c","D06","KING","KING.AOS.reach","KING.RE.20240514.FIL","A00000436168","2024-05-14T13:55Z","2024-05-14T13:55Z","Illinois State Water Survey Central Analytical Laboratory",418.0,0.00166,5,"2024-05-16","B",,
"6e566a03-0140-4481-8d01-34b96007b7fb","D06","KING","KING.AOS.reach","KING.RE.20240514.FIL","A00000436168","2024-05-14T13:55Z","2024-05-14T13:55Z","Illinois State Water Survey Central Analytical Laboratory",382.0,0.00282,5,"2024-05-16","A",,
"c32d0450-ec68-483f-96a5-4f07dd819f90","D06","KING","KING.AOS.reach","KING.RE.20240514.FIL","A00000436168","2024-05-14T13:55Z","2024-05-14T13:55Z","Illinois State Water Survey Central Analytical Laboratory",354.0,0.00482,5,"2024-05-16","B",,
"2a77bce4-a91c-48cc-9f96-b0354c139ec8","D06","KING","KING.AOS.reach","KING.RE.20240514.FIL","A00000436168","2024-05-14T13:55Z","2024-05-14T13:55Z","Illinois State Water Survey Central Analytical Laboratory",412.0,0.00178,5,"2024-05-16","B",,
"970be866-c45f-47fe-a0c5-1fd81edd2c95","D06","KING","KING.AOS.reach","KING.RE.20240514.FIL","A00000436168","2024-05-14T13:55Z","2024-05-14T13:55Z","Illinois State Water Survey Central Analytical Laboratory",552.0,0.00046,5,"2024-05-16","B",,
"b9ca18e3-fc8a-4124-98f2-76b380c3bd6d","D06","KING","KING.AOS.reach","KING.RE.20240514.FIL","A00000436168","2024-05-14T13:55Z","2024-05-14T13:55Z","Illinois State Water Survey Central Analytical Laboratory",496.0,0.00066,5,"2024-05-16","B",,
"fd956ef4-fdf0-4766-9ecd-41ab936a937f","D06","KING","KING.AOS.reach","KING.RE.20240514.FIL","A00000436168","2024-05-14T13:55Z","2024-05-14T13:55Z","Illinois State Water Survey Central Analytical Laboratory",252.0,0.02434,5,"2024-05-16","A",,
"fb6bf375-5b43-4f7d-a290-ad195c6f2e5c","D06","KING","KING.AOS.reach","KING.RE.20240514.FIL","A00000436168","2024-05-14T13:55Z","2024-05-14T13:55Z","Illinois State Water Survey Central Analytical Laboratory",320.0,0.00866,5,"2024-05-16","A",,
"18c442c7-cb77-4c5f-9d86-d0dd36cb5fcd","D06","KING","KING.AOS.reach","KING.RE.20240514.FIL","A00000436168","2024-05-14T13:55Z","2024-05-14T13:55Z","Illinois State Water Survey Central Analytical Laboratory",526.0,0.00056,5,"2024-05-16","B",,
"2b903a6b-54c8-496e-b2b0-1092c1f7f1fd","D06","KING","KING.AOS.reach","KING.RE.20240514.FIL","A00000436168","2024-05-14T13:55Z","2024-05-14T13:55Z","Illinois State Water Survey Central Analytical Laboratory",520.0,0.00038,5,"2024-05-16","A",,
"b0df62fd-315c-4537-bfe9-1d4e475edab3","D06","KING","KING.AOS.reach","KING.RE.20240514.FIL","A00000436168","2024-05-14T13:55Z","2024-05-14T13:55Z","Illinois State Water Survey Central Analytical Laboratory",374.0,0.00328,5,"2024-05-16","A",,
"6c82f3ed-277a-4e9c-9e3b-05c9cfb75b8e","D06","KING","KING.AOS.reach","KING.RE.20240514.FIL","A00000436168","2024-05-14T13:55Z","2024-05-14T13:55Z","Illinois State Water Survey Central Analytical Laboratory",468.0,0.00092,5,"2024-05-16","B",,
"c91beb47-c39c-400b-895d-8c696a3d0f78","D06","KING","KING.AOS.reach","KING.RE.20240514.FIL","A00000436168","2024-05-14T13:55Z","2024-05-14T13:55Z","Illinois State Water Survey Central Analytical Laboratory",568.0,0.00046,5,"2024-05-16","B",,
"7a6a6b23-db7c-453c-9169-b6db5f48d988","D06","KING","KING.AOS.reach","KING.RE.20240514.FIL","A00000436168","2024-05-14T13:55Z","2024-05-14T13:55Z","Illinois State Water Survey Central Analytical Laboratory",372.0,0.00354,5,"2024-05-16","B",,
"66cc15aa-7870-4b71-9b28-f0b2ba58af9d","D06","KING","KING.AOS.reach","KING.RE.20240514.FIL","A00000436168","2024-05-14T13:55Z","2024-05-14T13:55Z","Illinois State Water Survey Central Analytical Laboratory",274.0,0.01886,5,"2024-05-16","B",,
"9ea4e9a3-4a30-4f9c-bf20-a0f5d91700dd","D06","KING","KING.AOS.reach","KING.RE.20240514.FIL","A00000436168","2024-05-14T13:55Z","2024-05-14T13:55Z","Illinois State Water Survey Central Analytical Laboratory",486.0,0.00076,5,"2024-05-16","B",,
"ccb24377-90c2-46aa-80c1-e190c1aa64ed","D06","KING","KING.AOS.reach","KING.RE.20240514.FIL","A00000436168","2024-05-14T13:55Z","2024-05-14T13:55Z","Illinois State Water Survey Central Analytical Laboratory",568.0,0.00034,5,"2024-05-16","A",,
"4f264c10-fe4c-49f9-8ff7-3e024f137802","D06","KING","KING.AOS.reach","KING.RE.20240514.FIL","A00000436168","2024-05-14T13:55Z","2024-05-14T13:55Z","Illinois State Water Survey Central Analytical Laboratory",250.0,0.02522,5,"2024-05-16","B",,
"005f748b-23c2-4566-abf3-de74e58613b0","D06","KING","KING.AOS.reach","KING.RE.20240514.FIL","A00000436168","2024-05-14T13:55Z","2024-05-14T13:55Z","Illinois State Water Survey Central Analytical Laboratory",270.0,0.01962,5,"2024-05-16","A",,
"68084e5c-99e5-4620-a756-575253a19ef3","D06","KING","KING.AOS.reach","KING.RE.20240514.FIL","A00000436168","2024-05-14T13:55Z","2024-05-14T13:55Z","Illinois State Water Survey Central Analytical Laboratory",290.0,0.01456,5,"2024-05-16","A",,
"0cbb7dfc-b12d-4e11-aea8-59fb499c5f99","D06","KING","KING.AOS.reach","KING.RE.20240514.FIL","A00000436168","2024-05-14T13:55Z","2024-05-14T13:55Z","Illinois State Water Survey Central Analytical Laboratory",352.0,0.00498,5,"2024-05-16","B",,
"640cb12a-797f-47a9-b7aa-ffbf5f518706","D06","KING","KING.AOS.reach","KING.RE.20240514.FIL","A00000436168","2024-05-14T13:55Z","2024-05-14T13:55Z","Illinois State Water Survey Central Analytical Laboratory",594.0,0.00030,5,"2024-05-16","B",,
"a15d41b7-b590-45ad-b532-9f7c0a855368","D06","KING","KING.AOS.reach","KING.RE.20240514.FIL","A00000436168","2024-05-14T13:55Z","2024-05-14T13:55Z","Illinois State Water Survey Central Analytical Laboratory",312.0,0.00994,5,"2024-05-16","A",,
"6fc5a23a-43ca-4620-bd07-05046da744a8","D06","KING","KING.AOS.reach","KING.RE.20240514.FIL","A00000436168","2024-05-14T13:55Z","2024-05-14T13:55Z","Illinois State Water Survey Central Analytical Laboratory",302.0,0.01186,5,"2024-05-16","A",,
"e68644f0-1502-4334-a925-179a174e955e","D06","KING","KING.AOS.reach","KING.RE.20240514.FIL","A00000436168","2024-05-14T13:55Z","2024-05-14T13:55Z","Illinois State Water Survey Central Analytical Laboratory",578.0,0.00034,5,"2024-05-16","B",,
"416a8e74-40c3-4f0e-8e6a-04bdbb442645","D06","KING","KING.AOS.reach","KING.RE.20240514.FIL","A00000436168","2024-05-14T13:55Z","2024-05-14T13:55Z","Illinois State Water Survey Central Analytical Laboratory",360.0,0.00432,5,"2024-05-16","B",,
"ed02c65a-f50f-44ef-a05f-e8066c3db3b7","D06","KING","KING.AOS.reach","KING.RE.20240514.FIL","A00000436168","2024-05-14T13:55Z","2024-05-14T13:55Z","Illinois State Water Survey Central Analytical Laboratory",318.0,0.00894,5,"2024-05-16","A",,
"7f873a68-4030-4378-9fc7-c35250cbb9ca","D06","KING","KING.AOS.reach","KING.RE.20240514.FIL","A00000436168","2024-05-14T13:55Z","2024-05-14T13:55Z","Illinois State Water Survey Central Analytical Laboratory",260.0,0.02230,5,"2024-05-16","B",,
"631b2aff-abde-4906-92f3-218534fe666f","D06","KING","KING.AOS.reach","KING.RE.20240514.FIL","A00000436168","2024-05-14T13:55Z","2024-05-14T13:55Z","Illinois State Water Survey Central Analytical Laboratory",480.0,0.00084,5,"2024-05-16","B",,
"b0b5afee-7216-4e8f-be2c-fbf0d3fc4ae5","D06","KING","KING.AOS.reach","KING.RE.20240514.FIL","A00000436168","2024-05-14T13:55Z","2024-05-14T13:55Z","Illinois State Water Survey Central Analytical Laboratory",250.0,0.02506,5,"2024-05-16","A",,
"0c12031a-4238-409b-94f9-8b4e3c2a3d42","D06","KING","KING.AOS.reach","KING.RE.20240514.FIL","A00000436168","2024-05-14T13:55Z","2024-05-14T13:55Z","Illinois State Water Survey Central Analytical Laboratory",532.0,0.00040,5,"2024-05-16","A",,
"4fa75f33-bc89-49fa-9945-30ef8826736c","D06","KING","KING.AOS.reach","KING.RE.20240514.FIL","A00000436168","2024-05-14T13:55Z","2024-05-14T13:55Z","Illinois State Water Survey Central Analytical Laboratory",488.0,0.00064,5,"2024-05-16","A",,
"ce5c84ab-7f28-4cfe-93bd-1ae2d41a2fe5","D06","KING","KING.AOS.reach","KING.RE.20240514.FIL","A00000436168","2024-05-14T13:55Z","2024-05-14T13:55Z","Illinois State Water Survey Central Analytical Laboratory",590.0,0.00034,5,"2024-05-16","B",,
"f0fd2941-7175-42a8-b6e6-aaf5f25fd82c","D06","KING","KING.AOS.reach","KING.RE.20240514.FIL","A00000436168","2024-05-14T13:55Z","2024-05-14T13:55Z","Illinois State Water Survey Central Analytical Laboratory",230.0,0.04116,5,"2024-05-16","B",,
"2319a675-1b48-45c1-b9d9-fb4c5cb87a7e","D06","KING","KING.AOS.reach","KING.RE.20240514.FIL","A00000436168","2024-05-14T13:55Z","2024-05-14T13:55Z","Illinois State Water Survey Central Analytical Laboratory",546.0,0.00056,5,"2024-05-16","B",,
"fe9206ac-b366-44c2-950f-f44f947e35de","D06","KING","KING.AOS.reach","KING.RE.20240514.FIL","A00000436168","2024-05-14T13:55Z","2024-05-14T13:55Z","Illinois State Water Survey Central Analytical Laboratory",396.0,0.00234,5,"2024-05-16","B",,
"c1dc4424-8a12-40f5-9218-b20002f54eb4","D06","KING","KING.AOS.reach","KING.RE.20240514.FIL","A00000436168","2024-05-14T13:55Z","2024-05-14T13:55Z","Illinois State Water Survey Central Analytical Laboratory",518.0,0.00044,5,"2024-05-16","A",,
"919ed320-744d-41a0-a11e-f5eced7182d4","D06","KING","KING.AOS.reach","KING.RE.20240514.FIL","A00000436168","2024-05-14T13:55Z","2024-05-14T13:55Z","Illinois State Water Survey Central Analytical Laboratory",298.0,0.01278,5,"2024-05-16","B",,
"224ba702-266c-488c-91fe-a8626d14f163","D06","KING","KING.AOS.reach","KING.RE.20240514.FIL","A00000436168","2024-05-14T13:55Z","2024-05-14T13:55Z","Illinois State Water Survey Central Analytical Laboratory",458.0,0.00102,5,"2024-05-16","B",,
"53f79967-eab5-4d0e-955a-b921ddb0fa4e","D06","KING","KING.AOS.reach","KING.RE.20240514.FIL","A00000436168","2024-05-14T13:55Z","2024-05-14T13:55Z","Illinois State Water Survey Central Analytical Laboratory",404.0,0.00196,5,"2024-05-16","A",,
"ec61ad3a-77d1-40a0-9a4d-3901826066cd","D06","KING","KING.AOS.reach","KING.RE.20240514.FIL","A00000436168","2024-05-14T13:55Z","2024-05-14T13:55Z","Illinois State Water Survey Central Analytical Laboratory",592.0,0.00020,5,"2024-05-16","A",,
"6edc3015-a269-4189-8e6b-bc880935a631","D06","KING","KING.AOS.reach","KING.RE.20240514.FIL","A00000436168","2024-05-14T13:55Z","2024-05-14T13:55Z","Illinois State Water Survey Central Analytical Laboratory",558.0,0.00046,5,"2024-05-16","B",,
"2c7da362-5b97-4b97-a84b-73fbdb9b801a","D06","KING","KING.AOS.reach","KING.RE.20240514.FIL","A00000436168","2024-05-14T13:55Z","2024-05-14T13:55Z","Illinois State Water Survey Central Analytical Laboratory",268.0,0.02018,5,"2024-05-16","A",,
"cee57134-bb2e-42b0-a4ff-88510e7f2493","D06","KING","KING.AOS.reach","KING.RE.20240514.FIL","A00000436168","2024-05-14T13:55Z","2024-05-14T13:55Z","Illinois State Water Survey Central Analytical Laboratory",340.0,0.00610,5,"2024-05-16","B",,
"a6dd1d87-813f-4cb8-ae10-4cbd29a2804e","D06","KING","KING.AOS.reach","KING.RE.20240514.FIL","A00000436168","2024-05-14T13:55Z","2024-05-14T13:55Z","Illinois State Water Survey Central Analytical Laboratory",448.0,0.00112,5,"2024-05-16","B",,
"494058a0-b210-40ce-9d8a-f58afc3b52b8","D06","KING","KING.AOS.reach","KING.RE.20240514.FIL","A00000436168","2024-05-14T13:55Z","2024-05-14T13:55Z","Illinois State Water Survey Central Analytical Laboratory",580.0,0.00032,5,"2024-05-16","B",,
"355bfba6-af17-41e6-a2cb-f3559871b174","D06","KING","KING.AOS.reach","KING.RE.20240514.FIL","A00000436168","2024-05-14T13:55Z","2024-05-14T13:55Z","Illinois State Water Survey Central Analytical Laboratory",576.0,0.00024,5,"2024-05-16","A",,
"f457f780-d463-4a7f-af96-0a67448b09cf","D06","KING","KING.AOS.reach","KING.RE.20240514.FIL","A00000436168","2024-05-14T13:55Z","2024-05-14T13:55Z","Illinois State Water Survey Central Analytical Laboratory",510.0,0.00046,5,"2024-05-16","A",,
"98a29f24-1896-48f9-9538-ec183243da60","D06","KING","KING.AOS.reach","KING.RE.20240514.FIL","A00000436168","2024-05-14T13:55Z","2024-05-14T13:55Z","Illinois State Water Survey Central Analytical Laboratory",406.0,0.00202,5,"2024-05-16","B",,
"b15b290f-bf3c-48b4-b1a7-cbca287233d3","D06","KING","KING.AOS.reach","KING.RE.20240514.FIL","A00000436168","2024-05-14T13:55Z","2024-05-14T13:55Z","Illinois State Water Survey Central Analytical Laboratory",534.0,0.00056,5,"2024-05-16","B",,
"1f657606-d01c-49db-8924-e7db6188d1f6","D06","KING","KING.AOS.reach","KING.RE.20240514.FIL","A00000436168","2024-05-14T13:55Z","2024-05-14T13:55Z","Illinois State Water Survey Central Analytical Laboratory",434.0,0.00128,5,"2024-05-16","A",,
"6a458c91-f3e6-41b1-b27a-cf8c51e27bde","D06","KING","KING.AOS.reach","KING.RE.20240514.FIL","A00000436168","2024-05-14T13:55Z","2024-05-14T13:55Z","Illinois State Water Survey Central Analytical Laboratory",476.0,0.00074,5,"2024-05-16","A",,
"e3cffd83-114a-45ff-849f-190fa4e8bb0b","D06","KING","KING.AOS.reach","KING.RE.20240514.FIL","A00000436168","2024-05-14T13:55Z","2024-05-14T13:55Z","Illinois State Water Survey Central Analytical Laboratory",408.0,0.00182,5,"2024-05-16","A",,
"4a4e5972-ac9d-45d3-931f-f578f567ffe4","D06","KING","KING.AOS.reach","KING.RE.20240514.FIL","A00000436168","2024-05-14T13:55Z","2024-05-14T13:55Z","Illinois State Water Survey Central Analytical Laboratory",442.0,0.00122,5,"2024-05-16","B",,
"2eb64f48-42d0-40d7-8dda-a1e8bdef8302","D06","KING","KING.AOS.reach","KING.RE.20240514.FIL","A00000436168","2024-05-14T13:55Z","2024-05-14T13:55Z","Illinois State Water Survey Central Analytical Laboratory",348.0,0.00532,5,"2024-05-16","B",,
"c88033ba-6765-40d4-afeb-2ba205d2ed0c","D06","KING","KING.AOS.reach","KING.RE.20240514.FIL","A00000436168","2024-05-14T13:55Z","2024-05-14T13:55Z","Illinois State Water Survey Central Analytical Laboratory",564.0,0.00046,5,"2024-05-16","B",,
"bb9fa7a8-57cc-4a51-aee3-218731c2ce7d","D06","KING","KING.AOS.reach","KING.RE.20240514.FIL","A00000436168","2024-05-14T13:55Z","2024-05-14T13:55Z","Illinois State Water Survey Central Analytical Laboratory",478.0,0.00088,5,"2024-05-16","B",,
"79c6051a-5b70-4300-9698-a3514448536a","D06","KING","KING.AOS.reach","KING.RE.20240514.FIL","A00000436168","2024-05-14T13:55Z","2024-05-14T13:55Z","Illinois State Water Survey Central Analytical Laboratory",430.0,0.00134,5,"2024-05-16","A",,
"88187f7c-cb41-4c08-8c0f-1c2b8aae2a79","D06","KING","KING.AOS.reach","KING.RE.20240514.FIL","A00000436168","2024-05-14T13:55Z","2024-05-14T13:55Z","Illinois State Water Survey Central Analytical Laboratory",538.0,0.00048,5,"2024-05-16","B",,
"39045817-6585-4758-9c46-cf799f580409","D06","KING","KING.AOS.reach","KING.RE.20240514.FIL","A00000436168","2024-05-14T13:55Z","2024-05-14T13:55Z","Illinois State Water Survey Central Analytical Laboratory",462.0,0.00082,5,"2024-05-16","A",,
"4a0712dc-2fb5-4aa0-934f-f1271646533c","D06","KING","KING.AOS.reach","KING.RE.20240514.FIL","A00000436168","2024-05-14T13:55Z","2024-05-14T13:55Z","Illinois State Water Survey Central Analytical Laboratory",396.0,0.00220,5,"2024-05-16","A",,
"4833852a-51aa-4705-a106-a8910c1c24fc","D06","KING","KING.AOS.reach","KING.RE.20240514.FIL","A00000436168","2024-05-14T13:55Z","2024-05-14T13:55Z","Illinois State Water Survey Central Analytical Laboratory",316.0,0.00932,5,"2024-05-16","B",,
"de9dda87-9e3f-430d-972c-2433ea562944","D06","KING","KING.AOS.reach","KING.RE.20240514.FIL","A00000436168","2024-05-14T13:55Z","2024-05-14T13:55Z","Illinois State Water Survey Central Analytical Laboratory",416.0,0.00164,5,"2024-05-16","B",,
"b69b091f-f85a-42f0-9c67-46ff4475a0a0","D06","KING","KING.AOS.reach","KING.RE.20240514.FIL","A00000436168","2024-05-14T13:55Z","2024-05-14T13:55Z","Illinois State Water Survey Central Analytical Laboratory",384.0,0.00288,5,"2024-05-16","B",,
"814ff21e-2149-4dcd-bd0a-18ef68f0afe8","D06","KING","KING.AOS.reach","KING.RE.20240514.FIL","A00000436168","2024-05-14T13:55Z","2024-05-14T13:55Z","Illinois State Water Survey Central Analytical Laboratory",438.0,0.00120,5,"2024-05-16","A",,
"6b1ea849-f561-4bbf-bbe3-999c9279f918","D06","KING","KING.AOS.reach","KING.RE.20240514.FIL","A00000436168","2024-05-14T13:55Z","2024-05-14T13:55Z","Illinois State Water Survey Central Analytical Laboratory",456.0,0.00090,5,"2024-05-16","A",,
"3f615835-ad17-45ec-994c-350f4cbd9d67","D06","KING","KING.AOS.reach","KING.RE.20240514.FIL","A00000436168","2024-05-14T13:55Z","2024-05-14T13:55Z","Illinois State Water Survey Central Analytical Laboratory",246.0,0.02642,5,"2024-05-16","A",,
"1476b55a-9103-4860-846a-2e522c3421c9","D06","KING","KING.AOS.reach","KING.RE.20240514.FIL","A00000436168","2024-05-14T13:55Z","2024-05-14T13:55Z","Illinois State Water Survey Central Analytical Laboratory",392.0,0.00248,5,"2024-05-16","B",,
"169dccf7-b028-422d-b789-39267d55ed04","D06","KING","KING.AOS.reach","KING.RE.20240514.FIL","A00000436168","2024-05-14T13:55Z","2024-05-14T13:55Z","Illinois State Water Survey Central Analytical Laboratory",550.0,0.00032,5,"2024-05-16","A",,
"9891fe6b-1cd8-4a6b-8d14-b55ab87a043c","D06","KING","KING.AOS.reach","KING.RE.20240514.FIL","A00000436168","2024-05-14T13:55Z","2024-05-14T13:55Z","Illinois State Water Survey Central Analytical Laboratory",222.0,0.06144,5,"2024-05-16","B",,
"3edad278-a2d0-45d4-8a6e-af9e14af8b11","D06","KING","KING.AOS.reach","KING.RE.20240514.FIL","A00000436168","2024-05-14T13:55Z","2024-05-14T13:55Z","Illinois State Water Survey Central Analytical Laboratory",560.0,0.00040,5,"2024-05-16","B",,
"7f92d56f-83a9-428f-94b3-3e0fea165a60","D06","KING","KING.AOS.reach","KING.RE.20240514.FIL","A00000436168","2024-05-14T13:55Z","2024-05-14T13:55Z","Illinois State Water Survey Central Analytical Laboratory",418.0,0.00152,5,"2024-05-16","A",,
"f8c1b047-746e-43c6-9cd4-b99652f8cef4","D06","KING","KING.AOS.reach","KING.RE.20240514.FIL","A00000436168","2024-05-14T13:55Z","2024-05-14T13:55Z","Illinois State Water Survey Central Analytical Laboratory",394.0,0.00230,5,"2024-05-16","A",,
"80efae27-054e-4cc5-b921-5b194d4aeca7","D06","KING","KING.AOS.reach","KING.RE.20240514.FIL","A00000436168","2024-05-14T13:55Z","2024-05-14T13:55Z","Illinois State Water Survey Central Analytical Laboratory",342.0,0.00588,5,"2024-05-16","B",,
"7d823610-4097-458b-beac-5d01e0e3ed10","D06","KING","KING.AOS.reach","KING.RE.20240514.FIL","A00000436168","2024-05-14T13:55Z","2024-05-14T13:55Z","Illinois State Water Survey Central Analytical Laboratory",292.0,0.01408,5,"2024-05-16","A",,
"8d16766b-4f1f-4833-88f8-62b607e43917","D06","KING","KING.AOS.reach","KING.RE.20240514.FIL","A00000436168","2024-05-14T13:55Z","2024-05-14T13:55Z","Illinois State Water Survey Central Analytical Laboratory",264.0,0.02128,5,"2024-05-16","B",,
"84f9591e-cbf9-4c2e-9431-84f4f7e98e29","D06","KING","KING.AOS.reach","KING.RE.20240514.FIL","A00000436168","2024-05-14T13:55Z","2024-05-14T13:55Z","Illinois State Water Survey Central Analytical Laboratory",590.0,0.00024,5,"2024-05-16","A",,
"dd7f4d2f-2a7d-4b0b-92f6-e5d0bede2328","D06","KING","KING.AOS.reach","KING.RE.20240514.FIL","A00000436168","2024-05-14T13:55Z","2024-05-14T13:55Z","Illinois State Water Survey Central Analytical Laboratory",280.0,0.01730,5,"2024-05-16","B",,
"b7689140-86ab-4227-8c53-d53c9e502091","D06","KING","KING.AOS.reach","KING.RE.20240514.FIL","A00000436168","2024-05-14T13:55Z","2024-05-14T13:55Z","Illinois State Water Survey Central Analytical Laboratory",476.0,0.00090,5,"2024-05-16","B",,
"ad08a338-03f3-41b3-becb-a9ab885c8cde","D06","KING","KING.AOS.reach","KING.RE.20240514.FIL","A00000436168","2024-05-14T13:55Z","2024-05-14T13:55Z","Illinois State Water Survey Central Analytical Laboratory",508.0,0.00050,5,"2024-05-16","A",,
"28ccd7a2-b760-40c2-a828-6ea3b8be7094","D06","KING","KING.AOS.reach","KING.RE.20240514.FIL","A00000436168","2024-05-14T13:55Z","2024-05-14T13:55Z","Illinois State Water Survey Central Analytical Laboratory",440.0,0.00128,5,"2024-05-16","B",,
"2adfad69-c86d-41e1-9005-caed395bfc43","D06","KING","KING.AOS.reach","KING.RE.20240514.FIL","A00000436168","2024-05-14T13:55Z","2024-05-14T13:55Z","Illinois State Water Survey Central Analytical Laboratory",540.0,0.00052,5,"2024-05-16","B",,
"01cba7fb-ef77-4481-8295-2953f79fc445","D06","KING","KING.AOS.reach","KING.RE.20240514.FIL","A00000436168","2024-05-14T13:55Z","2024-05-14T13:55Z","Illinois State Water Survey Central Analytical Laboratory",422.0,0.00148,5,"2024-05-16","A",,
"44d9c287-85cd-403d-9b82-ee098f73753d","D06","KING","KING.AOS.reach","KING.RE.20240514.FIL","A00000436168","2024-05-14T13:55Z","2024-05-14T13:55Z","Illinois State Water Survey Central Analytical Laboratory",344.0,0.00572,5,"2024-05-16","B",,
"a8318f80-ab1b-4c4c-991a-c8e14c7543a3","D06","KING","KING.AOS.reach","KING.RE.20240514.FIL","A00000436168","2024-05-14T13:55Z","2024-05-14T13:55Z","Illinois State Water Survey Central Analytical Laboratory",324.0,0.00810,5,"2024-05-16","B",,
"0b436342-430c-48d7-bc8b-52f828376b86","D06","KING","KING.AOS.reach","KING.RE.20240514.FIL","A00000436168","2024-05-14T13:55Z","2024-05-14T13:55Z","Illinois State Water Survey Central Analytical Laboratory",546.0,0.00034,5,"2024-05-16","A",,
"862a27cd-9f65-46c3-8f3a-f943f2a26762","D06","KING","KING.AOS.reach","KING.RE.20240514.FIL","A00000436168","2024-05-14T13:55Z","2024-05-14T13:55Z","Illinois State Water Survey Central Analytical Laboratory",220.0,0.06352,5,"2024-05-16","A",,
"0e3e524d-be43-4273-950b-2180b237a8cf","D06","KING","KING.AOS.reach","KING.RE.20240514.FIL","A00000436168","2024-05-14T13:55Z","2024-05-14T13:55Z","Illinois State Water Survey Central Analytical Laboratory",484.0,0.00080,5,"2024-05-16","B",,
"6b6a31f1-79d0-45b2-9ba2-ac6535474a21","D06","KING","KING.AOS.reach","KING.RE.20240514.FIL","A00000436168","2024-05-14T13:55Z","2024-05-14T13:55Z","Illinois State Water Survey Central Analytical Laboratory",514.0,0.00046,5,"2024-05-16","A",,
"5a2a5538-f335-4837-a3f9-171c69645553","D06","KING","KING.AOS.reach","KING.RE.20240514.FIL","A00000436168","2024-05-14T13:55Z","2024-05-14T13:55Z","Illinois State Water Survey Central Analytical Laboratory",248.0,0.02588,5,"2024-05-16","B",,
"41ac54f6-1e8b-4cc7-8859-53cbcf683bff","D06","KING","KING.AOS.reach","KING.RE.20240514.FIL","A00000436168","2024-05-14T13:55Z","2024-05-14T13:55Z","Illinois State Water Survey Central Analytical Laboratory",256.0,0.02332,5,"2024-05-16","B",,
"a2a8df70-413d-4170-bb3b-192e27d53f59","D06","KING","KING.AOS.reach","KING.RE.20240514.FIL","A00000436168","2024-05-14T13:55Z","2024-05-14T13:55Z","Illinois State Water Survey Central Analytical Laboratory",506.0,0.00048,5,"2024-05-16","A",,
"1a1eb1be-6773-4e91-ac5a-dcf32b990a01","D06","KING","KING.AOS.reach","KING.RE.20240514.FIL","A00000436168","2024-05-14T13:55Z","2024-05-14T13:55Z","Illinois State Water Survey Central Analytical Laboratory",576.0,0.00036,5,"2024-05-16","B",,
"85e3dabc-23f5-4baf-a0b3-b8f34a32750b","D06","KING","KING.AOS.reach","KING.RE.20240514.FIL","A00000436168","2024-05-14T13:55Z","2024-05-14T13:55Z","Illinois State Water Survey Central Analytical Laboratory",240.0,0.02978,5,"2024-05-16","B",,
"c2d0d444-406d-46fc-ba33-69b9c9258c32","D06","KING","KING.AOS.reach","KING.RE.20240514.FIL","A00000436168","2024-05-14T13:55Z","2024-05-14T13:55Z","Illinois State Water Survey Central Analytical Laboratory",304.0,0.01152,5,"2024-05-16","B",,
"019a87c0-d35f-4901-b492-52181dd4e9cd","D06","KING","KING.AOS.reach","KING.RE.20240514.FIL","A00000436168","2024-05-14T13:55Z","2024-05-14T13:55Z","Illinois State Water Survey Central Analytical Laboratory",564.0,0.00030,5,"2024-05-16","A",,
"fdd534c2-6613-4148-92b4-0f9019cc0ae3","D06","KING","KING.AOS.reach","KING.RE.20240514.FIL","A00000436168","2024-05-14T13:55Z","2024-05-14T13:55Z","Illinois State Water Survey Central Analytical Laboratory",482.0,0.00076,5,"2024-05-16","A",,
"d4af8e42-3afc-46ae-adba-b9a3ec8e11e3","D06","KING","KING.AOS.reach","KING.RE.20240514.FIL","A00000436168","2024-05-14T13:55Z","2024-05-14T13:55Z","Illinois State Water Survey Central Analytical Laboratory",326.0,0.00772,5,"2024-05-16","A",,
"6dd394ea-fae7-4f53-a326-24f89aa9ebcb","D06","KING","KING.AOS.reach","KING.RE.20240514.FIL","A00000436168","2024-05-14T13:55Z","2024-05-14T13:55Z","Illinois State Water Survey Central Analytical Laboratory",494.0,0.00054,5,"2024-05-16","A",,
"233bc6c0-30a9-4eec-a660-23d041c221e4","D06","KING","KING.AOS.reach","KING.RE.20240514.FIL","A00000436168","2024-05-14T13:55Z","2024-05-14T13:55Z","Illinois State Water Survey Central Analytical Laboratory",444.0,0.00108,5,"2024-05-16","A",,
"5856d8cc-422e-4c59-bab9-8956fbeac14e","D06","KING","KING.AOS.reach","KING.RE.20240514.FIL","A00000436168","2024-05-14T13:55Z","2024-05-14T13:55Z","Illinois State Water Survey Central Analytical Laboratory",240.0,0.02942,5,"2024-05-16","A",,
"be4fd515-81ce-49cb-95cf-dd1ffb8965d8","D06","KING","KING.AOS.reach","KING.RE.20240514.FIL","A00000436168","2024-05-14T13:55Z","2024-05-14T13:55Z","Illinois State Water Survey Central Analytical Laboratory",552.0,0.00032,5,"2024-05-16","A",,
"7ca05fe9-aea8-4897-9890-795d22e450ba","D06","KING","KING.AOS.reach","KING.RE.20240514.FIL","A00000436168","2024-05-14T13:55Z","2024-05-14T13:55Z","Illinois State Water Survey Central Analytical Laboratory",336.0,0.00648,5,"2024-05-16","A",,
"c1b16928-b076-4fab-b41f-aaa3f2e28fa1","D06","KING","KING.AOS.reach","KING.RE.20240514.FIL","A00000436168","2024-05-14T13:55Z","2024-05-14T13:55Z","Illinois State Water Survey Central Analytical Laboratory",572.0,0.00042,5,"2024-05-16","B",,
"32b67c74-064d-4e66-bbea-a0c36cbb46b9","D06","KING","KING.AOS.reach","KING.RE.20240514.FIL","A00000436168","2024-05-14T13:55Z","2024-05-14T13:55Z","Illinois State Water Survey Central Analytical Laboratory",526.0,0.00044,5,"2024-05-16","A",,
"3f34e086-8390-4b80-a71f-c546e4da59f5","D06","KING","KING.AOS.reach","KING.RE.20240514.FIL","A00000436168","2024-05-14T13:55Z","2024-05-14T13:55Z","Illinois State Water Survey Central Analytical Laboratory",572.0,0.00028,5,"2024-05-16","A",,
"4194da14-e64b-4e4f-93d7-ca9f77b7fe3c","D06","KING","KING.AOS.reach","KING.RE.20240514.FIL","A00000436168","2024-05-14T13:55Z","2024-05-14T13:55Z","Illinois State Water Survey Central Analytical Laboratory",524.0,0.00042,5,"2024-05-16","A",,
"b9274161-e4d7-4614-a167-7fc677deba9c","D06","KING","KING.AOS.reach","KING.RE.20240514.FIL","A00000436168","2024-05-14T13:55Z","2024-05-14T13:55Z","Illinois State Water Survey Central Analytical Laboratory",364.0,0.00404,5,"2024-05-16","A",,
"164e385c-1dd4-4326-83f5-5c6132ef9868","D06","KING","KING.AOS.reach","KING.RE.20240514.FIL","A00000436168","2024-05-14T13:55Z","2024-05-14T13:55Z","Illinois State Water Survey Central Analytical Laboratory",286.0,0.01562,5,"2024-05-16","A",,
"48e32e2c-6c83-4fba-9a52-eca17611f210","D06","KING","KING.AOS.reach","KING.RE.20240514.FIL","A00000436168","2024-05-14T13:55Z","2024-05-14T13:55Z","Illinois State Water Survey Central Analytical Laboratory",366.0,0.00386,5,"2024-05-16","A",,
"2f8055f4-40ba-4702-a693-d60f15c3156d","D06","KING","KING.AOS.reach","KING.RE.20240514.FIL","A00000436168","2024-05-14T13:55Z","2024-05-14T13:55Z","Illinois State Water Survey Central Analytical Laboratory",578.0,0.00022,5,"2024-05-16","A",,
"de2217a7-2142-41f5-9211-92ba38400aa9","D06","KING","KING.AOS.reach","KING.RE.20240514.FIL","A00000436168","2024-05-14T13:55Z","2024-05-14T13:55Z","Illinois State Water Survey Central Analytical Laboratory",230.0,0.03908,5,"2024-05-16","A",,
"c35cab22-ea29-45f2-a3bf-25f16656ad38","D06","KING","KING.AOS.reach","KING.RE.20240514.FIL","A00000436168","2024-05-14T13:55Z","2024-05-14T13:55Z","Illinois State Water Survey Central Analytical Laboratory",228.0,0.04188,5,"2024-05-16","A",,
"bcec7a7f-960f-4931-ae56-7ca4a0b60f10","D06","KING","KING.AOS.reach","KING.RE.20240514.FIL","A00000436168","2024-05-14T13:55Z","2024-05-14T13:55Z","Illinois State Water Survey Central Analytical Laboratory",560.0,0.00030,5,"2024-05-16","A",,
"2593a476-d702-4724-a116-9da968e89cb0","D06","KING","KING.AOS.reach","KING.RE.20240514.FIL","A00000436168","2024-05-14T13:55Z","2024-05-14T13:55Z","Illinois State Water Survey Central Analytical Laboratory",556.0,0.00046,5,"2024-05-16","B",,
"f76b8238-2178-461a-b973-fe43c2c402b1","D06","KING","KING.AOS.reach","KING.RE.20240514.FIL","A00000436168","2024-05-14T13:55Z","2024-05-14T13:55Z","Illinois State Water Survey Central Analytical Laboratory",244.0,0.02740,5,"2024-05-16","A",,
"e25934cd-e78d-4b41-b07a-d151bdc2443f","D06","KING","KING.AOS.reach","KING.RE.20240514.FIL","A00000436168","2024-05-14T13:55Z","2024-05-14T13:55Z","Illinois State Water Survey Central Analytical Laboratory",528.0,0.00044,5,"2024-05-16","A",,
"b09e61b7-aafc-48bc-9360-c3bb302ff0da","D06","KING","KING.AOS.reach","KING.RE.20240514.FIL","A00000436168","2024-05-14T13:55Z","2024-05-14T13:55Z","Illinois State Water Survey Central Analytical Laboratory",358.0,0.00448,5,"2024-05-16","A",,
"83bf27a6-3ea5-478f-b59b-6d8cdafca99b","D06","KING","KING.AOS.reach","KING.RE.20240514.FIL","A00000436168","2024-05-14T13:55Z","2024-05-14T13:55Z","Illinois State Water Survey Central Analytical Laboratory",506.0,0.00062,5,"2024-05-16","B",,
"494d50c7-ccd5-4e2c-9b58-c4f0cfb919dc","D06","KING","KING.AOS.reach","KING.RE.20240514.FIL","A00000436168","2024-05-14T13:55Z","2024-05-14T13:55Z","Illinois State Water Survey Central Analytical Laboratory",338.0,0.00624,5,"2024-05-16","A",,
"963936c5-6f02-4e1c-9b2f-1bf9a39d754a","D06","KING","KING.AOS.reach","KING.RE.20240514.FIL","A00000436168","2024-05-14T13:55Z","2024-05-14T13:55Z","Illinois State Water Survey Central Analytical Laboratory",504.0,0.00050,5,"2024-05-16","A",,
"3fbd49ea-861f-485c-ae0b-dd9928b20156","D06","KING","KING.AOS.reach","KING.RE.20240514.FIL","A00000436168","2024-05-14T13:55Z","2024-05-14T13:55Z","Illinois State Water Survey Central Analytical Laboratory",456.0,0.00102,5,"2024-05-16","B",,
"917bb9a0-71ff-4e44-a818-f01814e5df19","D06","KING","KING.AOS.reach","KING.RE.20240514.FIL","A00000436168","2024-05-14T13:55Z","2024-05-14T13:55Z","Illinois State Water Survey Central Analytical Laboratory",386.0,0.00278,5,"2024-05-16","B",,
"274d26d0-824e-4b0c-9641-4e250d2c8486","D06","KING","KING.AOS.reach","KING.RE.20240514.FIL","A00000436168","2024-05-14T13:55Z","2024-05-14T13:55Z","Illinois State Water Survey Central Analytical Laboratory",350.0,0.00510,5,"2024-05-16","A",,
"b5f8c7e6-da73-458b-8dee-8716ef502263","D06","KING","KING.AOS.reach","KING.RE.20240514.FIL","A00000436168","2024-05-14T13:55Z","2024-05-14T13:55Z","Illinois State Water Survey Central Analytical Laboratory",262.0,0.02178,5,"2024-05-16","B",,
"8c3f8024-9a81-4ff5-9bee-775fd800cf21","D06","KING","KING.AOS.reach","KING.RE.20240514.FIL","A00000436168","2024-05-14T13:55Z","2024-05-14T13:55Z","Illinois State Water Survey Central Analytical Laboratory",432.0,0.00130,5,"2024-05-16","A",,
"da42c951-564b-464c-88cc-66b8c8283575","D06","KING","KING.AOS.reach","KING.RE.20240514.FIL","A00000436168","2024-05-14T13:55Z","2024-05-14T13:55Z","Illinois State Water Survey Central Analytical Laboratory",512.0,0.00048,5,"2024-05-16","A",,
"673be326-e055-46b7-b722-ca21b6c5c367","D06","KING","KING.AOS.reach","KING.RE.20240514.FIL","A00000436168","2024-05-14T13:55Z","2024-05-14T13:55Z","Illinois State Water Survey Central Analytical Laboratory",428.0,0.00144,5,"2024-05-16","B",,
"29efb6ec-6f29-4fd4-a6a7-3e2c5fc2806f","D06","KING","KING.AOS.reach","KING.RE.20240514.FIL","A00000436168","2024-05-14T13:55Z","2024-05-14T13:55Z","Illinois State Water Survey Central Analytical Laboratory",470.0,0.00074,5,"2024-05-16","A",,
"27fd3857-1420-49f8-9d39-0ccfd8f4ffc6","D06","KING","KING.AOS.reach","KING.RE.20240514.FIL","A00000436168","2024-05-14T13:55Z","2024-05-14T13:55Z","Illinois State Water Survey Central Analytical Laboratory",352.0,0.00490,5,"2024-05-16","A",,
"c950ed1f-4d49-43ca-ad6d-e906f2751e2b","D06","KING","KING.AOS.reach","KING.RE.20240514.FIL","A00000436168","2024-05-14T13:55Z","2024-05-14T13:55Z","Illinois State Water Survey Central Analytical Laboratory",360.0,0.00432,5,"2024-05-16","A",,
"c3dbb5b7-2614-4841-8712-2edb1e559c60","D06","KING","KING.AOS.reach","KING.RE.20240514.FIL","A00000436168","2024-05-14T13:55Z","2024-05-14T13:55Z","Illinois State Water Survey Central Analytical Laboratory",314.0,0.00964,5,"2024-05-16","B",,
"919d8de3-6052-4bb7-8399-1e73b56e701e","D06","KING","KING.AOS.reach","KING.RE.20240514.FIL","A00000436168","2024-05-14T13:55Z","2024-05-14T13:55Z","Illinois State Water Survey Central Analytical Laboratory",556.0,0.00032,5,"2024-05-16","A",,
"63e3e19e-4813-4ac8-8749-28de8fdf85b8","D06","KING","KING.AOS.reach","KING.RE.20240514.FIL","A00000436168","2024-05-14T13:55Z","2024-05-14T13:55Z","Illinois State Water Survey Central Analytical Laboratory",380.0,0.00308,5,"2024-05-16","B",,
"89afd30f-aee1-4a39-8a4a-afabfe624b2e","D06","KING","KING.AOS.reach","KING.RE.20240514.FIL","A00000436168","2024-05-14T13:55Z","2024-05-14T13:55Z","Illinois State Water Survey Central Analytical Laboratory",424.0,0.00150,5,"2024-05-16","B",,
"8d9588ce-3942-49c3-983e-f29767d89638","D06","KING","KING.AOS.reach","KING.RE.20240514.FIL","A00000436168","2024-05-14T13:55Z","2024-05-14T13:55Z","Illinois State Water Survey Central Analytical Laboratory",382.0,0.00292,5,"2024-05-16","B",,
"1cde248f-6294-4cdd-a566-0ed201d451a1","D06","KING","KING.AOS.reach","KING.RE.20240514.FIL","A00000436168","2024-05-14T13:55Z","2024-05-14T13:55Z","Illinois State Water Survey Central Analytical Laboratory",306.0,0.01106,5,"2024-05-16","A",,
"231070ef-cab1-4f70-8ef8-be5a67eddd38","D06","KING","KING.AOS.reach","KING.RE.20240514.FIL","A00000436168","2024-05-14T13:55Z","2024-05-14T13:55Z","Illinois State Water Survey Central Analytical Laboratory",466.0,0.00080,5,"2024-05-16","A",,
"2f4ce4a6-acd9-47c5-bc6a-60f6114147a7","D06","KING","KING.AOS.reach","KING.RE.20240514.FIL","A00000436168","2024-05-14T13:55Z","2024-05-14T13:55Z","Illinois State Water Survey Central Analytical Laboratory",558.0,0.00028,5,"2024-05-16","A",,
"1c686ddf-9147-4c83-a479-0e0c80c02dce","D06","KING","KING.AOS.reach","KING.RE.20240514.FIL","A00000436168","2024-05-14T13:55Z","2024-05-14T13:55Z","Illinois State Water Survey Central Analytical Laboratory",370.0,0.00360,5,"2024-05-16","A",,
"8d087739-e1d2-4459-b1cf-56189093c75c","D06","KING","KING.AOS.reach","KING.RE.20240514.FIL","A00000436168","2024-05-14T13:55Z","2024-05-14T13:55Z","Illinois State Water Survey Central Analytical Laboratory",598.0,0.00030,5,"2024-05-16","B",,
"19fbdd3c-1f8d-4770-983a-323af5370a60","D06","KING","KING.AOS.reach","KING.RE.20240514.FIL","A00000436168","2024-05-14T13:55Z","2024-05-14T13:55Z","Illinois State Water Survey Central Analytical Laboratory",288.0,0.01524,5,"2024-05-16","B",,
"a20916f3-dc82-4960-bc99-f42bd77e7998","D06","KING","KING.AOS.reach","KING.RE.20240514.FIL","A00000436168","2024-05-14T13:55Z","2024-05-14T13:55Z","Illinois State Water Survey Central Analytical Laboratory",522.0,0.00056,5,"2024-05-16","B",,
"fe8a662f-f33e-4322-a42a-507582844bb0","D06","KING","KING.AOS.reach","KING.RE.20240514.FIL","A00000436168","2024-05-14T13:55Z","2024-05-14T13:55Z","Illinois State Water Survey Central Analytical Laboratory",450.0,0.00100,5,"2024-05-16","A",,
"b64c3b08-f4db-46f4-9900-af4e70cff068","D06","KING","KING.AOS.reach","KING.RE.20240514.FIL","A00000436168","2024-05-14T13:55Z","2024-05-14T13:55Z","Illinois State Water Survey Central Analytical Laboratory",390.0,0.00258,5,"2024-05-16","B",,
"63ca9315-add1-44dd-aeae-cd7942da03e3","D06","KING","KING.AOS.reach","KING.RE.20240514.FIL","A00000436168","2024-05-14T13:55Z","2024-05-14T13:55Z","Illinois State Water Survey Central Analytical Laboratory",386.0,0.00272,5,"2024-05-16","A",,
"4471db79-a994-42fa-9667-1dd1727ad412","D06","KING","KING.AOS.reach","KING.RE.20240514.FIL","A00000436168","2024-05-14T13:55Z","2024-05-14T13:55Z","Illinois State Water Survey Central Analytical Laboratory",388.0,0.00254,5,"2024-05-16","A",,
"ac245c9a-32e6-4644-bc70-e95ae9d391b3","D06","KING","KING.AOS.reach","KING.RE.20240514.FIL","A00000436168","2024-05-14T13:55Z","2024-05-14T13:55Z","Illinois State Water Survey Central Analytical Laboratory",542.0,0.00036,5,"2024-05-16","A",,
"6b8d5365-5aa3-499c-b9e1-8129b8e2055a","D06","KING","KING.AOS.reach","KING.RE.20240514.FIL","A00000436168","2024-05-14T13:55Z","2024-05-14T13:55Z","Illinois State Water Survey Central Analytical Laboratory",554.0,0.00034,5,"2024-05-16","A",,
"cef425a5-5070-4f31-bf69-5b80232d409d","D06","KING","KING.AOS.reach","KING.RE.20240514.FIL","A00000436168","2024-05-14T13:55Z","2024-05-14T13:55Z","Illinois State Water Survey Central Analytical Laboratory",350.0,0.00516,5,"2024-05-16","B",,
"330380bf-d42a-4579-a906-77472eeb6882","D06","KING","KING.AOS.reach","KING.RE.20240514.FIL","A00000436168","2024-05-14T13:55Z","2024-05-14T13:55Z","Illinois State Water Survey Central Analytical Laboratory",430.0,0.00142,5,"2024-05-16","B",,
"c9966e8d-0d93-4547-b00e-1a9aea8d6ccf","D06","KING","KING.AOS.reach","KING.RE.20240514.FIL","A00000436168","2024-05-14T13:55Z","2024-05-14T13:55Z","Illinois State Water Survey Central Analytical Laboratory",586.0,0.00026,5,"2024-05-16","A",,
"cfd9f55b-fc07-4aff-8567-d6c44c3d51af","D06","KING","KING.AOS.reach","KING.RE.20240514.FIL","A00000436168","2024-05-14T13:55Z","2024-05-14T13:55Z","Illinois State Water Survey Central Analytical Laboratory",580.0,0.00022,5,"2024-05-16","A",,
"8fe3fa20-2cf9-4b0e-9797-1fbbaf3dc581","D06","KING","KING.AOS.reach","KING.RE.20240514.FIL","A00000436168","2024-05-14T13:55Z","2024-05-14T13:55Z","Illinois State Water Survey Central Analytical Laboratory",588.0,0.00030,5,"2024-05-16","A",,
"de5b01fb-98ed-4e00-abce-8cca41aa7976","D06","KING","KING.AOS.reach","KING.RE.20240514.FIL","A00000436168","2024-05-14T13:55Z","2024-05-14T13:55Z","Illinois State Water Survey Central Analytical Laboratory",516.0,0.00040,5,"2024-05-16","A",,
"108c4d65-40b0-4294-8d9b-d8b05c779df0","D06","KING","KING.AOS.reach","KING.RE.20240514.FIL","A00000436168","2024-05-14T13:55Z","2024-05-14T13:55Z","Illinois State Water Survey Central Analytical Laboratory",268.0,0.02032,5,"2024-05-16","B",,
"f6ade688-d0e7-48c9-9472-1ee26f245139","D06","KING","KING.AOS.reach","KING.RE.20240514.FIL","A00000436168","2024-05-14T13:55Z","2024-05-14T13:55Z","Illinois State Water Survey Central Analytical Laboratory",356.0,0.00458,5,"2024-05-16","A",,
"82bd8f69-0922-48aa-b3eb-ee5500a0e377","D06","KING","KING.AOS.reach","KING.RE.20240514.FIL","A00000436168","2024-05-14T13:55Z","2024-05-14T13:55Z","Illinois State Water Survey Central Analytical Laboratory",466.0,0.00092,5,"2024-05-16","B",,
"4b7767b2-61aa-4f18-abb7-6ed38e109fe1","D06","KING","KING.AOS.reach","KING.RE.20240514.FIL","A00000436168","2024-05-14T13:55Z","2024-05-14T13:55Z","Illinois State Water Survey Central Analytical Laboratory",472.0,0.00090,5,"2024-05-16","B",,
"63392fd1-6953-41a7-8e90-ff8452ee4b0a","D06","KING","KING.AOS.reach","KING.RE.20240514.FIL","A00000436168","2024-05-14T13:55Z","2024-05-14T13:55Z","Illinois State Water Survey Central Analytical Laboratory",380.0,0.00298,5,"2024-05-16","A",,
"1a0fa67f-7dfa-4aff-a656-e3896e828ead","D06","KING","KING.AOS.reach","KING.RE.20240514.FIL","A00000436168","2024-05-14T13:55Z","2024-05-14T13:55Z","Illinois State Water Survey Central Analytical Laboratory",570.0,0.00040,5,"2024-05-16","B",,
"2c653c15-8cae-4177-a674-7d022342b07b","D06","KING","KING.AOS.reach","KING.RE.20240514.FIL","A00000436168","2024-05-14T13:55Z","2024-05-14T13:55Z","Illinois State Water Survey Central Analytical Laboratory",318.0,0.00902,5,"2024-05-16","B",,
"0fec732b-52d4-4f0d-b596-98f678f8fea0","D06","KING","KING.AOS.reach","KING.RE.20240514.FIL","A00000436168","2024-05-14T13:55Z","2024-05-14T13:55Z","Illinois State Water Survey Central Analytical Laboratory",414.0,0.00160,5,"2024-05-16","A",,
"1dd9caaa-daad-48dd-abb6-964c2e028701","D06","KING","KING.AOS.reach","KING.RE.20240514.FIL","A00000436168","2024-05-14T13:55Z","2024-05-14T13:55Z","Illinois State Water Survey Central Analytical Laboratory",338.0,0.00628,5,"2024-05-16","B",,
"a305e70c-afec-4ff8-a699-a18341253b97","D06","KING","KING.AOS.reach","KING.RE.20240514.FIL","A00000436168","2024-05-14T13:55Z","2024-05-14T13:55Z","Illinois State Water Survey Central Analytical Laboratory",270.0,0.01978,5,"2024-05-16","B",,
"e1073005-7dba-4457-8b78-8ae158de7e98","D06","KING","KING.AOS.reach","KING.RE.20240514.FIL","A00000436168","2024-05-14T13:55Z","2024-05-14T13:55Z","Illinois State Water Survey Central Analytical Laboratory",584.0,0.00032,5,"2024-05-16","B",,
"cf5cc423-a2ae-4e94-ad38-87f5fbc13375","D06","KING","KING.AOS.reach","KING.RE.20240514.FIL","A00000436168","2024-05-14T13:55Z","2024-05-14T13:55Z","Illinois State Water Survey Central Analytical Laboratory",244.0,0.02764,5,"2024-05-16","B",,
"d73afa45-fbeb-45b6-8d92-24e4d321f5e8","D06","KING","KING.AOS.reach","KING.RE.20240514.FIL","A00000436168","2024-05-14T13:55Z","2024-05-14T13:55Z","Illinois State Water Survey Central Analytical Laboratory",238.0,0.03118,5,"2024-05-16","B",,
"b723506e-78b1-4839-ab0f-40eedfa10dcc","D06","KING","KING.AOS.reach","KING.RE.20240514.FIL","A00000436168","2024-05-14T13:55Z","2024-05-14T13:55Z","Illinois State Water Survey Central Analytical Laboratory",316.0,0.00926,5,"2024-05-16","A",,
"8ee36e98-69f3-423b-bd80-2ec39c01da8d","D06","KING","KING.AOS.reach","KING.RE.20240514.FIL","A00000436168","2024-05-14T13:55Z","2024-05-14T13:55Z","Illinois State Water Survey Central Analytical Laboratory",434.0,0.00136,5,"2024-05-16","B",,
"4712390d-a398-4a94-b6e4-23a3ad94071e","D06","KING","KING.AOS.reach","KING.RE.20240514.FIL","A00000436168","2024-05-14T13:55Z","2024-05-14T13:55Z","Illinois State Water Survey Central Analytical Laboratory",328.0,0.00750,5,"2024-05-16","B",,
"026182d1-d1d2-4e94-8360-3b76e2af40db","D06","KING","KING.AOS.reach","KING.RE.20240514.FIL","A00000436168","2024-05-14T13:55Z","2024-05-14T13:55Z","Illinois State Water Survey Central Analytical Laboratory",300.0,0.01224,5,"2024-05-16","A",,
"f2625a66-3b5e-40ef-b0e6-fa4a71f76b26","D06","KING","KING.AOS.reach","KING.RE.20240514.FIL","A00000436168","2024-05-14T13:55Z","2024-05-14T13:55Z","Illinois State Water Survey Central Analytical Laboratory",504.0,0.00064,5,"2024-05-16","B",,
"cb2b65b0-61a5-4ea9-91b7-fc4be73a2652","D06","KING","KING.AOS.reach","KING.RE.20240514.FIL","A00000436168","2024-05-14T13:55Z","2024-05-14T13:55Z","Illinois State Water Survey Central Analytical Laboratory",322.0,0.00832,5,"2024-05-16","A",,
"94b82012-7f67-4337-8542-65b51d31d9d8","D06","KING","KING.AOS.reach","KING.RE.20240514.FIL","A00000436168","2024-05-14T13:55Z","2024-05-14T13:55Z","Illinois State Water Survey Central Analytical Laboratory",278.0,0.01786,5,"2024-05-16","B",,
"9755c8c5-6618-4273-87c1-ace328ca9e89","D06","KING","KING.AOS.reach","KING.RE.20240514.FIL","A00000436168","2024-05-14T13:55Z","2024-05-14T13:55Z","Illinois State Water Survey Central Analytical Laboratory",322.0,0.00838,5,"2024-05-16","B",,
"c50e85e2-0a32-42f9-9097-b9760b998f7f","D06","KING","KING.AOS.reach","KING.RE.20240514.FIL","A00000436168","2024-05-14T13:55Z","2024-05-14T13:55Z","Illinois State Water Survey Central Analytical Laboratory",420.0,0.00150,5,"2024-05-16","A",,
"ec0646bd-0088-4a92-9e10-0bef2bc2fd55","D06","KING","KING.AOS.reach","KING.RE.20240514.FIL","A00000436168","2024-05-14T13:55Z","2024-05-14T13:55Z","Illinois State Water Survey Central Analytical Laboratory",490.0,0.00064,5,"2024-05-16","A",,
"44bf572a-c09d-446c-bcc9-97aca62dc92c","D06","KING","KING.AOS.reach","KING.RE.20240514.FIL","A00000436168","2024-05-14T13:55Z","2024-05-14T13:55Z","Illinois State Water Survey Central Analytical Laboratory",334.0,0.00672,5,"2024-05-16","A",,
"10ed355a-409d-40ea-a722-cd899d3e8164","D06","KING","KING.AOS.reach","KING.RE.20240514.FIL","A00000436168","2024-05-14T13:55Z","2024-05-14T13:55Z","Illinois State Water Survey Central Analytical Laboratory",582.0,0.00026,5,"2024-05-16","A",,
"a9eba63e-7c5e-4cc2-925e-f15ca0e3cd62","D06","KING","KING.AOS.reach","KING.RE.20240514.FIL","A00000436168","2024-05-14T13:55Z","2024-05-14T13:55Z","Illinois State Water Survey Central Analytical Laboratory",474.0,0.00080,5,"2024-05-16","A",,
"24bc6fe2-96a2-4402-a0fe-925749464b76","D06","KING","KING.AOS.reach","KING.RE.20240514.FIL","A00000436168","2024-05-14T13:55Z","2024-05-14T13:55Z","Illinois State Water Survey Central Analytical Laboratory",222.0,0.05674,5,"2024-05-16","A",,
"6e25f3c8-b9ec-49af-a2b9-2aa31a76e69d","D06","KING","KING.AOS.reach","KING.RE.20240514.FIL","A00000436168","2024-05-14T13:55Z","2024-05-14T13:55Z","Illinois State Water Survey Central Analytical Laboratory",448.0,0.00100,5,"2024-05-16","A",,
"4471d407-0a0c-440c-bde9-46a5aef704a3","D06","KING","KING.AOS.reach","KING.RE.20240514.FIL","A00000436168","2024-05-14T13:55Z","2024-05-14T13:55Z","Illinois State Water Survey Central Analytical Laboratory",454.0,0.00104,5,"2024-05-16","B",,
"879279bc-d3be-4a55-869c-3b612860d486","D06","KING","KING.AOS.reach","KING.RE.20240514.FIL","A00000436168","2024-05-14T13:55Z","2024-05-14T13:55Z","Illinois State Water Survey Central Analytical Laboratory",412.0,0.00166,5,"2024-05-16","A",,
"5900f73e-3210-44d2-b9f2-620260abd949","D06","KING","KING.AOS.reach","KING.RE.20240514.FIL","A00000436168","2024-05-14T13:55Z","2024-05-14T13:55Z","Illinois State Water Survey Central Analytical Laboratory",294.0,0.01368,5,"2024-05-16","B",,
"84a0fc26-208f-4cf4-8e5e-e9ba6a560736","D06","KING","KING.AOS.reach","KING.RE.20240514.FIL","A00000436168","2024-05-14T13:55Z","2024-05-14T13:55Z","Illinois State Water Survey Central Analytical Laboratory",460.0,0.00084,5,"2024-05-16","A",,
"993f4cd8-5d2e-4139-8c7c-8987b0617f04","D06","KING","KING.AOS.reach","KING.RE.20240514.FIL","A00000436168","2024-05-14T13:55Z","2024-05-14T13:55Z","Illinois State Water Survey Central Analytical Laboratory",544.0,0.00036,5,"2024-05-16","A",,
"111423f3-e9fc-4131-8330-66f3e8e2ff80","D06","KING","KING.AOS.reach","KING.RE.20240514.FIL","A00000436168","2024-05-14T13:55Z","2024-05-14T13:55Z","Illinois State Water Survey Central Analytical Laboratory",562.0,0.00038,5,"2024-05-16","B",,
"898ec452-1804-4cd9-8205-ff18ce494a78","D06","KING","KING.AOS.reach","KING.RE.20240514.FIL","A00000436168","2024-05-14T13:55Z","2024-05-14T13:55Z","Illinois State Water Survey Central Analytical Laboratory",298.0,0.01268,5,"2024-05-16","A",,
"1f60ba44-c510-42f0-a204-fa36a6dce1f8","D06","KING","KING.AOS.reach","KING.RE.20240514.FIL","A00000436168","2024-05-14T13:55Z","2024-05-14T13:55Z","Illinois State Water Survey Central Analytical Laboratory",224.0,0.05482,5,"2024-05-16","B",,
"1c4c1c84-5f8b-41e1-8657-8ca67bc7c0d3","D06","KING","KING.AOS.reach","KING.RE.20240514.FIL","A00000436168","2024-05-14T13:55Z","2024-05-14T13:55Z","Illinois State Water Survey Central Analytical Laboratory",596.0,0.00020,5,"2024-05-16","A",,
"b4a77231-d1a1-4339-951c-98092018af0a","D06","KING","KING.AOS.reach","KING.RE.20240514.FIL","A00000436168","2024-05-14T13:55Z","2024-05-14T13:55Z","Illinois State Water Survey Central Analytical Laboratory",532.0,0.00054,5,"2024-05-16","B",,
"4c858e26-6d5a-4ce1-aa02-3e4073796e57","D06","KING","KING.AOS.reach","KING.RE.20240514.FIL","A00000436168","2024-05-14T13:55Z","2024-05-14T13:55Z","Illinois State Water Survey Central Analytical Laboratory",406.0,0.00190,5,"2024-05-16","A",,
"6114f7c5-3d5e-4a7c-b389-27d8044cf129","D06","KING","KING.AOS.reach","KING.RE.20240514.FIL","A00000436168","2024-05-14T13:55Z","2024-05-14T13:55Z","Illinois State Water Survey Central Analytical Laboratory",308.0,0.01074,5,"2024-05-16","B",,
"d5b56e70-de08-4499-9fcb-5d57a2cf5129","D06","KING","KING.AOS.reach","KING.RE.20240514.FIL","A00000436168","2024-05-14T13:55Z","2024-05-14T13:55Z","Illinois State Water Survey Central Analytical Laboratory",520.0,0.00052,5,"2024-05-16","B",,
"2dad81ce-d5f3-449f-8b1e-81c6db88ca50","D06","KING","KING.AOS.reach","KING.RE.20240514.FIL","A00000436168","2024-05-14T13:55Z","2024-05-14T13:55Z","Illinois State Water Survey Central Analytical Laboratory",424.0,0.00140,5,"2024-05-16","A",,
"e5f57b52-3b6f-44da-af1b-1d83aec9a88c","D06","KING","KING.AOS.reach","KING.RE.20240514.FIL","A00000436168","2024-05-14T13:55Z","2024-05-14T13:55Z","Illinois State Water Survey Central Analytical Laboratory",534.0,0.00038,5,"2024-05-16","A",,
"ef1ae5cd-fe01-4c77-ab5d-e107a19c471b","D06","KING","KING.AOS.reach","KING.RE.20240514.FIL","A00000436168","2024-05-14T13:55Z","2024-05-14T13:55Z","Illinois State Water Survey Central Analytical Laboratory",234.0,0.03402,5,"2024-05-16","A",,
"d4e1b716-8c04-497c-8557-e5b350501d56","D06","KING","KING.AOS.reach","KING.RE.20240514.FIL","A00000436168","2024-05-14T13:55Z","2024-05-14T13:55Z","Illinois State Water Survey Central Analytical Laboratory",498.0,0.00066,5,"2024-05-16","B",,
"55be4fab-a140-4957-8755-89d178e6359e","D06","KING","KING.AOS.reach","KING.RE.20240514.FIL","A00000436168","2024-05-14T13:55Z","2024-05-14T13:55Z","Illinois State Water Survey Central Analytical Laboratory",266.0,0.02064,5,"2024-05-16","A",,
"13c1cac0-4e72-4c45-a48b-78d4d836cbb4","D06","KING","KING.AOS.reach","KING.RE.20240514.FIL","A00000436168","2024-05-14T13:55Z","2024-05-14T13:55Z","Illinois State Water Survey Central Analytical Laboratory",310.0,0.01032,5,"2024-05-16","A",,
"3e1e3ebd-42f1-4951-9575-ee31c6022798","D06","KING","KING.AOS.reach","KING.RE.20240514.FIL","A00000436168","2024-05-14T13:55Z","2024-05-14T13:55Z","Illinois State Water Survey Central Analytical Laboratory",276.0,0.01832,5,"2024-05-16","B",,
"b964b7f5-6cbf-41f9-81ab-9d7e7a6ca52c","D06","KING","KING.AOS.reach","KING.RE.20240514.FIL","A00000436168","2024-05-14T13:55Z","2024-05-14T13:55Z","Illinois State Water Survey Central Analytical Laboratory",394.0,0.00242,5,"2024-05-16","B",,
"6236fc70-48fc-438d-ad2b-86fb05509d3c","D06","KING","KING.AOS.reach","KING.RE.20240514.FIL","A00000436168","2024-05-14T13:55Z","2024-05-14T13:55Z","Illinois State Water Survey Central Analytical Laboratory",512.0,0.00060,5,"2024-05-16","B",,
"1e3656ba-5dc7-4fe3-b0ba-49bf5ca39429","D06","KING","KING.AOS.reach","KING.RE.20240514.FIL","A00000436168","2024-05-14T13:55Z","2024-05-14T13:55Z","Illinois State Water Survey Central Analytical Laboratory",346.0,0.00550,5,"2024-05-16","B",,
"7bdd778c-79cb-4629-9bcf-da9259ef4467","D06","KING","KING.AOS.reach","KING.RE.20240514.FIL","A00000436168","2024-05-14T13:55Z","2024-05-14T13:55Z","Illinois State Water Survey Central Analytical Laboratory",574.0,0.00026,5,"2024-05-16","A",,
"904e2ae0-750f-4a72-b626-dacf9b515ec2","D06","KING","KING.AOS.reach","KING.RE.20240514.FIL","A00000436168","2024-05-14T13:55Z","2024-05-14T13:55Z","Illinois State Water Survey Central Analytical Laboratory",300.0,0.01232,5,"2024-05-16","B",,
"a3944da2-868f-4221-9714-0c26964a70c0","D06","KING","KING.AOS.reach","KING.RE.20240514.FIL","A00000436168","2024-05-14T13:55Z","2024-05-14T13:55Z","Illinois State Water Survey Central Analytical Laboratory",598.0,0.00018,5,"2024-05-16","A",,
"10332ecf-b2ea-4a42-a7a3-1499235dbc52","D06","KING","KING.AOS.reach","KING.RE.20240514.FIL","A00000436168","2024-05-14T13:55Z","2024-05-14T13:55Z","Illinois State Water Survey Central Analytical Laboratory",294.0,0.01356,5,"2024-05-16","A",,
"1a0c8b6e-46d2-495a-aaa2-7faa1f4c70c9","D06","KING","KING.AOS.reach","KING.RE.20240514.FIL","A00000436168","2024-05-14T13:55Z","2024-05-14T13:55Z","Illinois State Water Survey Central Analytical Laboratory",238.0,0.03072,5,"2024-05-16","A",,
"6efff09f-dfc6-4d36-8320-9923bd0989d2","D06","KING","KING.AOS.reach","KING.RE.20240514.FIL","A00000436168","2024-05-14T13:55Z","2024-05-14T13:55Z","Illinois State Water Survey Central Analytical Laboratory",258.0,0.02264,5,"2024-05-16","A",,
"b380f373-c876-490b-82b0-bc014fc9c8d1","D06","KING","KING.AOS.reach","KING.RE.20240514.FIL","A00000436168","2024-05-14T13:55Z","2024-05-14T13:55Z","Illinois State Water Survey Central Analytical Laboratory",460.0,0.00098,5,"2024-05-16","B",,
"dbe92c16-7ea9-4ce8-a4f4-e8c0b9c31ad7","D06","KING","KING.AOS.reach","KING.RE.20240514.FIL","A00000436168","2024-05-14T13:55Z","2024-05-14T13:55Z","Illinois State Water Survey Central Analytical Laboratory",282.0,0.01682,5,"2024-05-16","B",,
"783dcbef-f3ea-44b4-b108-12415289a451","D06","KING","KING.AOS.reach","KING.RE.20240514.FIL","A00000436168","2024-05-14T13:55Z","2024-05-14T13:55Z","Illinois State Water Survey Central Analytical Laboratory",514.0,0.00060,5,"2024-05-16","B",,
"882c0a25-b786-4fd5-9c13-950cbb390667","D06","KING","KING.AOS.reach","KING.RE.20240514.FIL","A00000436168","2024-05-14T13:55Z","2024-05-14T13:55Z","Illinois State Water Survey Central Analytical Laboratory",500.0,0.00052,5,"2024-05-16","A",,
"789501db-de70-4317-8ccc-3b26d5b5b019","D06","KING","KING.AOS.reach","KING.RE.20240514.FIL","A00000436168","2024-05-14T13:55Z","2024-05-14T13:55Z","Illinois State Water Survey Central Analytical Laboratory",538.0,0.00034,5,"2024-05-16","A",,
"1869729b-0ae3-491d-977a-d12a093563c5","D06","KING","KING.AOS.reach","KING.RE.20240514.FIL","A00000436168","2024-05-14T13:55Z","2024-05-14T13:55Z","Illinois State Water Survey Central Analytical Laboratory",378.0,0.00310,5,"2024-05-16","A",,
"ecc41dd9-1d32-48ef-b52b-47597478cfca","D06","KING","KING.AOS.reach","KING.RE.20240514.FIL","A00000436168","2024-05-14T13:55Z","2024-05-14T13:55Z","Illinois State Water Survey Central Analytical Laboratory",336.0,0.00652,5,"2024-05-16","B",,
"b3cd5bd8-ff7f-4ce1-aea2-90b143e800df","D06","KING","KING.AOS.reach","KING.RE.20240514.FIL","A00000436168","2024-05-14T13:55Z","2024-05-14T13:55Z","Illinois State Water Survey Central Analytical Laboratory",600.0,0.00026,5,"2024-05-16","A",,
"91d27f06-685f-4034-a4c0-28c584e7a301","D06","KING","KING.AOS.reach","KING.RE.20240514.FIL","A00000436168","2024-05-14T13:55Z","2024-05-14T13:55Z","Illinois State Water Survey Central Analytical Laboratory",562.0,0.00024,5,"2024-05-16","A",,
"428bf65e-a121-41bc-884c-8b7fef04dd6d","D06","KING","KING.AOS.reach","KING.RE.20240514.FIL","A00000436168","2024-05-14T13:55Z","2024-05-14T13:55Z","Illinois State Water Survey Central Analytical Laboratory",454.0,0.00090,5,"2024-05-16","A",,
"deea1cf2-0747-41a4-8e3d-206676141eb8","D06","KING","KING.AOS.reach","KING.RE.20240514.FIL","A00000436168","2024-05-14T13:55Z","2024-05-14T13:55Z","Illinois State Water Survey Central Analytical Laboratory",254.0,0.02394,5,"2024-05-16","B",,
"ca683ec7-2834-4c01-af07-2bcdc60678f2","D06","KING","KING.AOS.reach","KING.RE.20240514.FIL","A00000436168","2024-05-14T13:55Z","2024-05-14T13:55Z","Illinois State Water Survey Central Analytical Laboratory",554.0,0.00050,5,"2024-05-16","B",,
"d5cb636e-734d-47f7-8c30-45cff10ad9db","D06","KING","KING.AOS.reach","KING.RE.20240514.FIL","A00000436168","2024-05-14T13:55Z","2024-05-14T13:55Z","Illinois State Water Survey Central Analytical Laboratory",390.0,0.00248,5,"2024-05-16","A",,
"c178d12b-9a0c-4706-8209-6090b1c36804","D06","KING","KING.AOS.reach","KING.RE.20240514.FIL","A00000436168","2024-05-14T13:55Z","2024-05-14T13:55Z","Illinois State Water Survey Central Analytical Laboratory",582.0,0.00034,5,"2024-05-16","B",,
"64819d8e-42ba-42ce-ae24-0c08759c5657","D06","KING","KING.AOS.reach","KING.RE.20240514.FIL","A00000436168","2024-05-14T13:55Z","2024-05-14T13:55Z","Illinois State Water Survey Central Analytical Laboratory",266.0,0.02078,5,"2024-05-16","B",,
"2efd6acf-bfd6-4b00-a771-3be41c02554b","D06","KING","KING.AOS.reach","KING.RE.20240514.FIL","A00000436168","2024-05-14T13:55Z","2024-05-14T13:55Z","Illinois State Water Survey Central Analytical Laboratory",536.0,0.00054,5,"2024-05-16","B",,
"914b4851-4868-46fb-88f9-078faaabbc2f","D06","KING","KING.AOS.reach","KING.RE.20240514.FIL","A00000436168","2024-05-14T13:55Z","2024-05-14T13:55Z","Illinois State Water Survey Central Analytical Laboratory",410.0,0.00186,5,"2024-05-16","B",,
"f7853720-3481-483e-b1f7-5bc7855c51fd","D06","KING","KING.AOS.reach","KING.RE.20240514.FIL","A00000436168","2024-05-14T13:55Z","2024-05-14T13:55Z","Illinois State Water Survey Central Analytical Laboratory",438.0,0.00128,5,"2024-05-16","B",,
"6bed3926-98fc-4730-ae36-cf0d2f112cb2","D06","KING","KING.AOS.reach","KING.RE.20240514.FIL","A00000436168","2024-05-14T13:55Z","2024-05-14T13:55Z","Illinois State Water Survey Central Analytical Laboratory",302.0,0.01192,5,"2024-05-16","B",,
"f92cc378-8df2-4f6a-9f69-5613a0cbb3ac","D06","KING","KING.AOS.reach","KING.RE.20240514.FIL","A00000436168","2024-05-14T13:55Z","2024-05-14T13:55Z","Illinois State Water Survey Central Analytical Laboratory",548.0,0.00030,5,"2024-05-16","A",,
"053feb44-e2e0-45ec-930e-8ed225533856","D06","KING","KING.AOS.reach","KING.RE.20240514.FIL","A00000436168","2024-05-14T13:55Z","2024-05-14T13:55Z","Illinois State Water Survey Central Analytical Laboratory",566.0,0.00032,5,"2024-05-16","A",,
"9a5344f6-524c-44f4-bf97-33a56426a1cb","D06","KING","KING.AOS.reach","KING.RE.20240514.FIL","A00000436168","2024-05-14T13:55Z","2024-05-14T13:55Z","Illinois State Water Survey Central Analytical Laboratory",326.0,0.00778,5,"2024-05-16","B",,
"f2b06006-e29c-4368-aa3f-df7c00ee2dbb","D06","KING","KING.AOS.reach","KING.RE.20240514.FIL","A00000436168","2024-05-14T13:55Z","2024-05-14T13:55Z","Illinois State Water Survey Central Analytical Laboratory",304.0,0.01148,5,"2024-05-16","A",,
"a0366f96-45f6-49c6-ab00-7ee454cb483a","D06","KING","KING.AOS.reach","KING.RE.20240514.FIL","A00000436168","2024-05-14T13:55Z","2024-05-14T13:55Z","Illinois State Water Survey Central Analytical Laboratory",364.0,0.00408,5,"2024-05-16","B",,
"8a0e1cec-8a1c-4b46-aebd-450a6b04ca4d","D06","KING","KING.AOS.reach","KING.RE.20240514.FIL","A00000436168","2024-05-14T13:55Z","2024-05-14T13:55Z","Illinois State Water Survey Central Analytical Laboratory",340.0,0.00606,5,"2024-05-16","A",,
"92cdc0a0-c738-4636-9d04-10bbf73750b3","D06","KING","KING.AOS.reach","KING.RE.20240514.FIL","A00000436168","2024-05-14T13:55Z","2024-05-14T13:55Z","Illinois State Water Survey Central Analytical Laboratory",464.0,0.00082,5,"2024-05-16","A",,
"c23e266d-217f-4579-a4a9-b6190b14f045","D06","KING","KING.AOS.reach","KING.RE.20240514.FIL","A00000436168","2024-05-14T13:55Z","2024-05-14T13:55Z","Illinois State Water Survey Central Analytical Laboratory",446.0,0.00118,5,"2024-05-16","B",,
"20dd049a-b5a6-469c-bbcc-0cdd1e7211a5","D06","KING","KING.AOS.reach","KING.RE.20240514.FIL","A00000436168","2024-05-14T13:55Z","2024-05-14T13:55Z","Illinois State Water Survey Central Analytical Laboratory",368.0,0.00370,5,"2024-05-16","A",,
"27e1b13a-23f4-439d-8827-77084952c0e3","D06","KING","KING.AOS.reach","KING.RE.20240514.FIL","A00000436168","2024-05-14T13:55Z","2024-05-14T13:55Z","Illinois State Water Survey Central Analytical Laboratory",484.0,0.00066,5,"2024-05-16","A",,
"8b23af0e-5185-4b0b-99b4-74295688a65d","D06","KING","KING.AOS.reach","KING.RE.20240514.FIL","A00000436168","2024-05-14T13:55Z","2024-05-14T13:55Z","Illinois State Water Survey Central Analytical Laboratory",570.0,0.00024,5,"2024-05-16","A",,
"e0d5a092-63d8-4216-ab6e-0399334b6d52","D06","KING","KING.AOS.reach","KING.RE.20240514.FIL","A00000436168","2024-05-14T13:55Z","2024-05-14T13:55Z","Illinois State Water Survey Central Analytical Laboratory",470.0,0.00088,5,"2024-05-16","B",,
"7437b413-09de-407d-9e8f-d80c628fb170","D06","KING","KING.AOS.reach","KING.RE.20240514.FIL","A00000436168","2024-05-14T13:55Z","2024-05-14T13:55Z","Illinois State Water Survey Central Analytical Laboratory",530.0,0.00054,5,"2024-05-16","B",,
"8b8e4aca-f0ed-4a53-8723-e9b2816dc789","D06","KING","KING.AOS.reach","KING.RE.20240514.FIL","A00000436168","2024-05-14T13:55Z","2024-05-14T13:55Z","Illinois State Water Survey Central Analytical Laboratory",242.0,0.02824,5,"2024-05-16","A",,
"97b15544-aa40-4fe6-81f9-04717a42ca62","D06","KING","KING.AOS.reach","KING.RE.20240514.FIL","A00000436168","2024-05-14T13:55Z","2024-05-14T13:55Z","Illinois State Water Survey Central Analytical Laboratory",474.0,0.00092,5,"2024-05-16","B",,
"f2a9318b-7032-4b38-8519-6365b7a4e212","D06","KING","KING.AOS.reach","KING.RE.20240514.FIL","A00000436168","2024-05-14T13:55Z","2024-05-14T13:55Z","Illinois State Water Survey Central Analytical Laboratory",254.0,0.02382,5,"2024-05-16","A",,
"cab87742-644e-42dc-92bd-16c81c6745ed","D06","KING","KING.AOS.reach","KING.RE.20240514.FIL","A00000436168","2024-05-14T13:55Z","2024-05-14T13:55Z","Illinois State Water Survey Central Analytical Laboratory",540.0,0.00040,5,"2024-05-16","A",,
"5a98d15b-27eb-4104-91e3-ff95a0552ba8","D06","KING","KING.AOS.reach","KING.RE.20240514.FIL","A00000436168","2024-05-14T13:55Z","2024-05-14T13:55Z","Illinois State Water Survey Central Analytical Laboratory",586.0,0.00032,5,"2024-05-16","B",,
"9979313a-d2e5-45a3-a664-6b13131aceb5","D06","KING","KING.AOS.reach","KING.RE.20240514.FIL","A00000436168","2024-05-14T13:55Z","2024-05-14T13:55Z","Illinois State Water Survey Central Analytical Laboratory",464.0,0.00096,5,"2024-05-16","B",,
"04ed7694-1b16-4af5-a695-7e4396e2ace1","D06","KING","KING.AOS.reach","KING.RE.20240514.FIL","A00000436168","2024-05-14T13:55Z","2024-05-14T13:55Z","Illinois State Water Survey Central Analytical Laboratory",500.0,0.00062,5,"2024-05-16","B",,
"71776e81-f68e-45ba-920c-ee35bea099e3","D06","KING","KING.AOS.reach","KING.RE.20240514.FIL","A00000436168","2024-05-14T13:55Z","2024-05-14T13:55Z","Illinois State Water Survey Central Analytical Laboratory",226.0,0.04596,5,"2024-05-16","A",,
"7f282310-774b-4b57-b0fb-3d243d13829b","D06","KING","KING.AOS.reach","KING.RE.20240514.FIL","A00000436168","2024-05-14T13:55Z","2024-05-14T13:55Z","Illinois State Water Survey Central Analytical Laboratory",584.0,0.00024,5,"2024-05-16","A",,
"c59b3fd0-ce54-49bd-9721-e8f25d8d36cf","D06","KING","KING.AOS.reach","KING.RE.20240514.FIL","A00000436168","2024-05-14T13:55Z","2024-05-14T13:55Z","Illinois State Water Survey Central Analytical Laboratory",232.0,0.03630,5,"2024-05-16","A",,
"edb036af-6619-4144-a98c-f375a66b1148","D06","KING","KING.AOS.reach","KING.RE.20240514.FIL","A00000436168","2024-05-14T13:55Z","2024-05-14T13:55Z","Illinois State Water Survey Central Analytical Laboratory",458.0,0.00086,5,"2024-05-16","A",,
"5044e676-655e-4679-8f0d-6a56d63dd02d","D06","KING","KING.AOS.reach","KING.RE.20240514.FIL","A00000436168","2024-05-14T13:55Z","2024-05-14T13:55Z","Illinois State Water Survey Central Analytical Laboratory",416.0,0.00154,5,"2024-05-16","A",,
"ae29d978-d47f-4062-8cf2-d63c9c541d2b","D06","KING","KING.AOS.reach","KING.RE.20240514.FIL","A00000436168","2024-05-14T13:55Z","2024-05-14T13:55Z","Illinois State Water Survey Central Analytical Laboratory",272.0,0.01920,5,"2024-05-16","A",,
"770b6c36-b17c-4c06-a6dd-08f8c9569179","D06","KING","KING.AOS.reach","KING.RE.20240514.FIL","A00000436168","2024-05-14T13:55Z","2024-05-14T13:55Z","Illinois State Water Survey Central Analytical Laboratory",428.0,0.00134,5,"2024-05-16","A",,
"47961c3d-a3f6-4a71-9ed7-f2cc714c28d6","D06","KING","KING.AOS.reach","KING.RE.20240514.FIL","A00000436168","2024-05-14T13:55Z","2024-05-14T13:55Z","Illinois State Water Survey Central Analytical Laboratory",408.0,0.00194,5,"2024-05-16","B",,
"de807bfa-3b0b-47b6-8a1a-e766dfd114fe","D06","KING","KING.AOS.reach","KING.RE.20240514.FIL","A00000436168","2024-05-14T13:55Z","2024-05-14T13:55Z","Illinois State Water Survey Central Analytical Laboratory",398.0,0.00226,5,"2024-05-16","B",,
"776e6faf-dcdc-4713-a9e3-0c18d16fd7f7","D06","KING","KING.AOS.reach","KING.RE.20240514.FIL","A00000436168","2024-05-14T13:55Z","2024-05-14T13:55Z","Illinois State Water Survey Central Analytical Laboratory",574.0,0.00036,5,"2024-05-16","B",,
"003099ed-ad86-498e-a785-231d6da03ea9","D06","KING","KING.AOS.reach","KING.RE.20240514.FIL","A00000436168","2024-05-14T13:55Z","2024-05-14T13:55Z","Illinois State Water Survey Central Analytical Laboratory",508.0,0.00062,5,"2024-05-16","B",,
"c8dc09b7-a797-44d9-b051-93f9b6dd9e13","D06","KING","KING.AOS.reach","KING.RE.20240514.FIL","A00000436168","2024-05-14T13:55Z","2024-05-14T13:55Z","Illinois State Water Survey Central Analytical Laboratory",600.0,0.00036,5,"2024-05-16","B",,
"d0c17a83-a62b-4479-9b64-17c859fcd406","D06","KING","KING.AOS.reach","KING.RE.20240514.FIL","A00000436168","2024-05-14T13:55Z","2024-05-14T13:55Z","Illinois State Water Survey Central Analytical Laboratory",258.0,0.02276,5,"2024-05-16","B",,
"9c5703b9-0c34-4278-b5e1-a761bd7ef7c3","D06","KING","KING.AOS.reach","KING.RE.20240514.FIL","A00000436168","2024-05-14T13:55Z","2024-05-14T13:55Z","Illinois State Water Survey Central Analytical Laboratory",522.0,0.00044,5,"2024-05-16","A",,
"1a4bd878-86b0-43a6-85f0-7ca4af7bac86","D06","KING","KING.AOS.reach","KING.RE.20240514.FIL","A00000436168","2024-05-14T13:55Z","2024-05-14T13:55Z","Illinois State Water Survey Central Analytical Laboratory",236.0,0.03220,5,"2024-05-16","A",,
"98d5d7e4-27da-4ffa-b423-ee3ddf94982b","D06","KING","KING.AOS.reach","KING.RE.20240514.FIL","A00000436168","2024-05-14T13:55Z","2024-05-14T13:55Z","Illinois State Water Survey Central Analytical Laboratory",370.0,0.00370,5,"2024-05-16","B",,
"925554df-885d-4741-aafa-b2a259048c1d","D06","KING","KING.AOS.reach","KING.RE.20240514.FIL","A00000436168","2024-05-14T13:55Z","2024-05-14T13:55Z","Illinois State Water Survey Central Analytical Laboratory",518.0,0.00056,5,"2024-05-16","B",,
"8e354c22-0b43-4615-bbc2-61e46f9e1224","D06","KING","KING.AOS.reach","KING.RE.20240514.FIL","A00000436168","2024-05-14T13:55Z","2024-05-14T13:55Z","Illinois State Water Survey Central Analytical Laboratory",378.0,0.00316,5,"2024-05-16","B",,
"8d31bc35-e432-4262-b52c-94691c0ca1c8","D06","KING","KING.AOS.reach","KING.RE.20240514.FIL","A00000436168","2024-05-14T13:55Z","2024-05-14T13:55Z","Illinois State Water Survey Central Analytical Laboratory",450.0,0.00112,5,"2024-05-16","B",,
"520ad5fe-e854-4d56-a099-570be3bcfdc8","D06","KING","KING.AOS.reach","KING.RE.20240514.FIL","A00000436168","2024-05-14T13:55Z","2024-05-14T13:55Z","Illinois State Water Survey Central Analytical Laboratory",296.0,0.01320,5,"2024-05-16","B",,
"a827769b-cbd3-4a00-9a66-8b533cefc452","D06","KING","KING.AOS.reach","KING.RE.20240514.FIL","A00000436168","2024-05-14T13:55Z","2024-05-14T13:55Z","Illinois State Water Survey Central Analytical Laboratory",264.0,0.02116,5,"2024-05-16","A",,
"78fbb8ea-b1f6-4f74-a309-b8b69b986476","D06","KING","KING.AOS.reach","KING.RE.20240514.FIL","A00000436168","2024-05-14T13:55Z","2024-05-14T13:55Z","Illinois State Water Survey Central Analytical Laboratory",400.0,0.00220,5,"2024-05-16","B",,
"a1e45f52-7719-4364-868f-edf81ef05f3e","D06","KING","KING.AOS.reach","KING.RE.20240514.FIL","A00000436168","2024-05-14T13:55Z","2024-05-14T13:55Z","Illinois State Water Survey Central Analytical Laboratory",376.0,0.00318,5,"2024-05-16","A",,
"15aa7c0e-8132-4fb6-a89d-ec1fdacf307a","D06","KING","KING.AOS.reach","KING.RE.20240514.FIL","A00000436168","2024-05-14T13:55Z","2024-05-14T13:55Z","Illinois State Water Survey Central Analytical Laboratory",278.0,0.01772,5,"2024-05-16","A",,
"5712f12c-1b6b-4796-a8a7-873434be6f2f","D06","KING","KING.AOS.reach","KING.RE.20240514.FIL","A00000436168","2024-05-14T13:55Z","2024-05-14T13:55Z","Illinois State Water Survey Central Analytical Laboratory",550.0,0.00046,5,"2024-05-16","B",,
"05aa6d1e-fe7a-4c37-afc2-730584567b41","D06","KING","KING.AOS.reach","KING.RE.20240514.FIL","A00000436168","2024-05-14T13:55Z","2024-05-14T13:55Z","Illinois State Water Survey Central Analytical Laboratory",358.0,0.00452,5,"2024-05-16","B",,
"d66d8c73-a01e-44ed-b57f-d328e4f5deb2","D06","KING","KING.AOS.reach","KING.RE.20240514.FIL","A00000436168","2024-05-14T13:55Z","2024-05-14T13:55Z","Illinois State Water Survey Central Analytical Laboratory",376.0,0.00330,5,"2024-05-16","B",,
"683b4256-98bf-4587-a62d-25733c6765be","D06","KING","KING.AOS.reach","KING.RE.20240514.FIL","A00000436168","2024-05-14T13:55Z","2024-05-14T13:55Z","Illinois State Water Survey Central Analytical Laboratory",548.0,0.00050,5,"2024-05-16","B",,
"a6b0d3a3-d37e-460d-8420-9c3768a3b134","D06","KING","KING.AOS.reach","KING.RE.20240514.FIL","A00000436168","2024-05-14T13:55Z","2024-05-14T13:55Z","Illinois State Water Survey Central Analytical Laboratory",426.0,0.00138,5,"2024-05-16","A",,
"56b41602-b61d-4f32-80a0-42879f3c5274","D06","KING","KING.AOS.reach","KING.RE.20240514.FIL","A00000436168","2024-05-14T13:55Z","2024-05-14T13:55Z","Illinois State Water Survey Central Analytical Laboratory",220.0,0.06902,5,"2024-05-16","B",,
"505b1355-884e-46be-9f36-222821964bfb","D06","KING","KING.AOS.reach","KING.RE.20240514.FIL","A00000436168","2024-05-14T13:55Z","2024-05-14T13:55Z","Illinois State Water Survey Central Analytical Laboratory",446.0,0.00106,5,"2024-05-16","A",,
"18d8d1ce-998d-46af-b5e9-334e555e005e","D06","KING","KING.AOS.reach","KING.RE.20240514.FIL","A00000436168","2024-05-14T13:55Z","2024-05-14T13:55Z","Illinois State Water Survey Central Analytical Laboratory",324.0,0.00806,5,"2024-05-16","A",,
"08f5c64e-1237-4c6a-a00a-6f927b0144d0","D06","KING","KING.AOS.reach","KING.RE.20240514.FIL","A00000436168","2024-05-14T13:55Z","2024-05-14T13:55Z","Illinois State Water Survey Central Analytical Laboratory",288.0,0.01512,5,"2024-05-16","A",,
"86601e9c-6ccf-4002-ba5a-6d3984394c64","D06","KING","KING.AOS.reach","KING.RE.20240514.FIL","A00000436168","2024-05-14T13:55Z","2024-05-14T13:55Z","Illinois State Water Survey Central Analytical Laboratory",374.0,0.00338,5,"2024-05-16","B",,
"a405532b-8d1e-4f56-a2fd-418bc2828f80","D06","KING","KING.AOS.reach","KING.RE.20240514.FIL","A00000436168","2024-05-14T13:55Z","2024-05-14T13:55Z","Illinois State Water Survey Central Analytical Laboratory",478.0,0.00074,5,"2024-05-16","A",,
"38810514-8dfd-407c-bdfa-1205b6214fce","D06","KING","KING.AOS.reach","KING.RE.20240514.FIL","A00000436168","2024-05-14T13:55Z","2024-05-14T13:55Z","Illinois State Water Survey Central Analytical Laboratory",492.0,0.00076,5,"2024-05-16","B",,
"d0dc5f1c-2f02-428f-93d9-2c50d6c79350","D06","KING","KING.AOS.reach","KING.RE.20240514.FIL","A00000436168","2024-05-14T13:55Z","2024-05-14T13:55Z","Illinois State Water Survey Central Analytical Laboratory",342.0,0.00582,5,"2024-05-16","A",,
"c55e2d72-6cc8-43af-b940-7066a1603ad5","D06","KING","KING.AOS.reach","KING.RE.20240514.FIL","A00000436168","2024-05-14T13:55Z","2024-05-14T13:55Z","Illinois State Water Survey Central Analytical Laboratory",528.0,0.00056,5,"2024-05-16","B",,
"d1207bf4-de74-4a03-8103-834d9216e398","D06","KING","KING.AOS.reach","KING.RE.20240514.FIL","A00000436168","2024-05-14T13:55Z","2024-05-14T13:55Z","Illinois State Water Survey Central Analytical Laboratory",436.0,0.00134,5,"2024-05-16","B",,
"f3e32f11-d93c-416e-b1bd-785a977a25eb","D06","KING","KING.AOS.reach","KING.RE.20240514.FIL","A00000436168","2024-05-14T13:55Z","2024-05-14T13:55Z","Illinois State Water Survey Central Analytical Laboratory",346.0,0.00548,5,"2024-05-16","A",,
"fe3a5e70-6e41-410d-93e1-ccdd8e352171","D06","KING","KING.AOS.reach","KING.RE.20240514.FIL","A00000436168","2024-05-14T13:55Z","2024-05-14T13:55Z","Illinois State Water Survey Central Analytical Laboratory",502.0,0.00054,5,"2024-05-16","A",,
"45ce4d4c-0534-4a60-95b6-5a526f8916fd","D06","KING","KING.AOS.reach","KING.RE.20240514.FIL","A00000436168","2024-05-14T13:55Z","2024-05-14T13:55Z","Illinois State Water Survey Central Analytical Laboratory",234.0,0.03492,5,"2024-05-16","B",,
"7108d750-7e26-4168-9e2c-caeed1235d7f","D06","KING","KING.AOS.reach","KING.RE.20240514.FIL","A00000436168","2024-05-14T13:55Z","2024-05-14T13:55Z","Illinois State Water Survey Central Analytical Laboratory",486.0,0.00064,5,"2024-05-16","A",,
"6d38f73a-4cdd-4634-8897-9d06ea7dd8d9","D06","KING","KING.AOS.reach","KING.RE.20240514.FIL","A00000436168","2024-05-14T13:55Z","2024-05-14T13:55Z","Illinois State Water Survey Central Analytical Laboratory",328.0,0.00746,5,"2024-05-16","A",,
"eeab7198-b7dc-4b02-93db-80a9bee0f516","D06","KING","KING.AOS.reach","KING.RE.20240514.FIL","A00000436168","2024-05-14T13:55Z","2024-05-14T13:55Z","Illinois State Water Survey Central Analytical Laboratory",402.0,0.00212,5,"2024-05-16","B",,
"e98a494f-8fc4-433a-b47a-e6a577fdbae1","D06","KING","KING.AOS.reach","KING.RE.20240514.FIL","A00000436168","2024-05-14T13:55Z","2024-05-14T13:55Z","Illinois State Water Survey Central Analytical Laboratory",282.0,0.01668,5,"2024-05-16","A",,
"718106e0-4132-414a-a2e8-f2541741eb40","D06","KING","KING.AOS.reach","KING.RE.20240514.FIL","A00000436168","2024-05-14T13:55Z","2024-05-14T13:55Z","Illinois State Water Survey Central Analytical Laboratory",496.0,0.00056,5,"2024-05-16","A",,
