uid,domainID,siteID,namedLocation,sampleID,sampleCode,startDate,collectDate,laboratoryName,wavelength,decadicAbsorbance,cuvetteLength,analysisDate,spectrumReplicateID,remarks,dataQF
"8ab74a1f-d0cf-4dfb-9856-6c56c9940bd2","D02","POSE","POSE.AOS.S2","POSE.SS.20240611.FIL","A00000371069","2024-06-11T12:42Z","2024-06-11T12:42Z","Illinois State Water Survey Central Analytical Laboratory",306.0,0.03870,5,"2024-06-13","B",,
"e5a1bd27-a44e-422d-ae15-20060b5af259","D02","POSE","POSE.AOS.S2","POSE.SS.20240611.FIL.2","A00000371070","2024-06-11T12:42Z","2024-06-11T12:42Z","Illinois State Water Survey Central Analytical Laboratory",464.0,0.00360,5,"2024-06-13","B",,
"1f03b941-f99d-4e25-8b23-28df993fcb9e","D02","POSE","POSE.AOS.S2","POSE.SS.20240611.FIL.2","A00000371070","2024-06-11T12:42Z","2024-06-11T12:42Z","Illinois State Water Survey Central Analytical Laboratory",276.0,0.05650,5,"2024-06-13","B",,
"7f9e01f1-44d8-4da2-b0ef-a6ecfc1f92f0","D02","POSE","POSE.AOS.S2","POSE.SS.20240611.FIL","A00000371069","2024-06-11T12:42Z","2024-06-11T12:42Z","Illinois State Water Survey Central Analytical Laboratory",522.0,0.00180,5,"2024-06-13","B",,
"2dea07dc-df4b-4fc3-adb7-dd274b3180c5","D02","POSE","POSE.AOS.S2","POSE.SS.20240611.FIL.3","A00000371071","2024-06-11T12:42Z","2024-06-11T12:42Z","Illinois State Water Survey Central Analytical Laboratory",388.0,0.01102,5,"2024-06-13","B",,
"37fc105a-31fa-4780-9e31-f686a0f1315a","D02","POSE","POSE.AOS.S2","POSE.SS.20240611.FIL","A00000371069","2024-06-11T12:42Z","2024-06-11T12:42Z","Illinois State Water Survey Central Analytical Laboratory",406.0,0.00848,5,"2024-06-13","A",,
"b52fcb53-ca61-4a5e-a467-0e04f3754f83","D02","POSE","POSE.AOS.S2","POSE.SS.20240611.FIL","A00000371069","2024-06-11T12:42Z","2024-06-11T12:42Z","Illinois State Water Survey Central Analytical Laboratory",552.0,0.00126,5,"2024-06-13","A",,
"92198c43-b379-4d74-8a0b-da3ad5567248","D02","POSE","POSE.AOS.S2","POSE.SS.20240611.FIL.2","A00000371070","2024-06-11T12:42Z","2024-06-11T12:42Z","Illinois State Water Survey Central Analytical Laboratory",546.0,0.00148,5,"2024-06-13","B",,
"e4025f1b-e5b3-4670-9f43-f9031ed3a2be","D02","POSE","POSE.AOS.S2","POSE.SS.20240611.FIL","A00000371069","2024-06-11T12:42Z","2024-06-11T12:42Z","Illinois State Water Survey Central Analytical Laboratory",446.0,0.00468,5,"2024-06-13","B",,
"76ee6653-addf-461e-baa4-21606b30cd1d","D02","POSE","POSE.AOS.S2","POSE.SS.20240611.FIL.2","A00000371070","2024-06-11T12:42Z","2024-06-11T12:42Z","Illinois State Water Survey Central Analytical Laboratory",364.0,0.01622,5,"2024-06-13","A",,
"287550f1-e6a4-422f-a11d-187dec7c7877","D02","POSE","POSE.AOS.S2","POSE.SS.20240611.FIL","A00000371069","2024-06-11T12:42Z","2024-06-11T12:42Z","Illinois State Water Survey Central Analytical Laboratory",288.0,0.04924,5,"2024-06-13","B",,
"f279c92a-e394-4631-91a0-78b6dc026385","D02","POSE","POSE.AOS.S2","POSE.SS.20240611.FIL.2","A00000371070","2024-06-11T12:42Z","2024-06-11T12:42Z","Illinois State Water Survey Central Analytical Laboratory",484.0,0.00288,5,"2024-06-13","B",,
"f54bef2b-be4b-4b3f-ae69-55f47cdd5a8d","D02","POSE","POSE.AOS.S2","POSE.SS.20240611.FIL","A00000371069","2024-06-11T12:42Z","2024-06-11T12:42Z","Illinois State Water Survey Central Analytical Laboratory",424.0,0.00648,5,"2024-06-13","B",,
"c9f0adb6-a861-4d32-9722-73b92b8d17ab","D02","POSE","POSE.AOS.S2","POSE.SS.20240611.FIL.2","A00000371070","2024-06-11T12:42Z","2024-06-11T12:42Z","Illinois State Water Survey Central Analytical Laboratory",332.0,0.02630,5,"2024-06-13","A",,
"4c036620-9b07-478a-873f-99e426f97b92","D02","POSE","POSE.AOS.S2","POSE.SS.20240611.FIL.3","A00000371071","2024-06-11T12:42Z","2024-06-11T12:42Z","Illinois State Water Survey Central Analytical Laboratory",446.0,0.00448,5,"2024-06-13","B",,
"ff6e767b-e024-4ca1-b858-3b82cc514478","D02","POSE","POSE.AOS.S2","POSE.SS.20240611.FIL.3","A00000371071","2024-06-11T12:42Z","2024-06-11T12:42Z","Illinois State Water Survey Central Analytical Laboratory",362.0,0.01686,5,"2024-06-13","A",,
"9f0e5645-6f14-45ee-b307-7821b037226d","D02","POSE","POSE.AOS.S2","POSE.SS.20240611.FIL.2","A00000371070","2024-06-11T12:42Z","2024-06-11T12:42Z","Illinois State Water Survey Central Analytical Laboratory",588.0,0.00076,5,"2024-06-13","A",,
"907340ee-0e36-439c-8eab-f0d1d66afac6","D02","POSE","POSE.AOS.S2","POSE.SS.20240611.FIL.3","A00000371071","2024-06-11T12:42Z","2024-06-11T12:42Z","Illinois State Water Survey Central Analytical Laboratory",540.0,0.00142,5,"2024-06-13","B",,
"aab08004-7f6b-46eb-9ad5-753bf1b53395","D02","POSE","POSE.AOS.S2","POSE.SS.20240611.FIL.2","A00000371070","2024-06-11T12:42Z","2024-06-11T12:42Z","Illinois State Water Survey Central Analytical Laboratory",310.0,0.03576,5,"2024-06-13","A",,
"9dd45b36-9ac1-4d3d-b1cf-7da9631428d5","D02","POSE","POSE.AOS.S2","POSE.SS.20240611.FIL.2","A00000371070","2024-06-11T12:42Z","2024-06-11T12:42Z","Illinois State Water Survey Central Analytical Laboratory",566.0,0.00106,5,"2024-06-13","A",,
"ac4977a1-eea6-4bdb-9903-299dc165db13","D02","POSE","POSE.AOS.S2","POSE.SS.20240611.FIL.3","A00000371071","2024-06-11T12:42Z","2024-06-11T12:42Z","Illinois State Water Survey Central Analytical Laboratory",456.0,0.00386,5,"2024-06-13","B",,
"c0a7f8d8-d43d-484c-ac3d-8d63f55f69e3","D02","POSE","POSE.AOS.S2","POSE.SS.20240611.FIL","A00000371069","2024-06-11T12:42Z","2024-06-11T12:42Z","Illinois State Water Survey Central Analytical Laboratory",572.0,0.00114,5,"2024-06-13","B",,
"9cb0aeca-2323-4e9c-b15e-75fccbeb1f54","D02","POSE","POSE.AOS.S2","POSE.SS.20240611.FIL.2","A00000371070","2024-06-11T12:42Z","2024-06-11T12:42Z","Illinois State Water Survey Central Analytical Laboratory",280.0,0.05398,5,"2024-06-13","B",,
"e799c4f0-9b4a-4d4c-bfa7-5f0244fab0ac","D02","POSE","POSE.AOS.S2","POSE.SS.20240611.FIL","A00000371069","2024-06-11T12:42Z","2024-06-11T12:42Z","Illinois State Water Survey Central Analytical Laboratory",382.0,0.01240,5,"2024-06-13","A",,
"d7f27459-6510-45ab-b7f7-9d849d6ad0bb","D02","POSE","POSE.AOS.S2","POSE.SS.20240611.FIL.2","A00000371070","2024-06-11T12:42Z","2024-06-11T12:42Z","Illinois State Water Survey Central Analytical Laboratory",406.0,0.00818,5,"2024-06-13","A",,
"755ffae3-613d-4202-b37d-7ac2160fcbae","D02","POSE","POSE.AOS.S2","POSE.SS.20240611.FIL","A00000371069","2024-06-11T12:42Z","2024-06-11T12:42Z","Illinois State Water Survey Central Analytical Laboratory",404.0,0.00886,5,"2024-06-13","B",,
"6ca3b2f8-1421-4295-ba24-4750c83ead7e","D02","POSE","POSE.AOS.S2","POSE.SS.20240611.FIL.2","A00000371070","2024-06-11T12:42Z","2024-06-11T12:42Z","Illinois State Water Survey Central Analytical Laboratory",464.0,0.00342,5,"2024-06-13","A",,
"e6a57db3-6cf7-4d46-8e51-14bfaeb5569e","D02","POSE","POSE.AOS.S2","POSE.SS.20240611.FIL.3","A00000371071","2024-06-11T12:42Z","2024-06-11T12:42Z","Illinois State Water Survey Central Analytical Laboratory",518.0,0.00180,5,"2024-06-13","A",,
"08ebf5bb-db43-4121-9ee8-96095dd81a28","D02","POSE","POSE.AOS.S2","POSE.SS.20240611.FIL","A00000371069","2024-06-11T12:42Z","2024-06-11T12:42Z","Illinois State Water Survey Central Analytical Laboratory",220.0,0.17042,5,"2024-06-13","B",,
"531e2b68-b173-49dc-83c5-4982f5961967","D02","POSE","POSE.AOS.S2","POSE.SS.20240611.FIL.2","A00000371070","2024-06-11T12:42Z","2024-06-11T12:42Z","Illinois State Water Survey Central Analytical Laboratory",356.0,0.01886,5,"2024-06-13","B",,
"db503d5b-e5bb-47c5-862a-1d7cb555f166","D02","POSE","POSE.AOS.S2","POSE.SS.20240611.FIL","A00000371069","2024-06-11T12:42Z","2024-06-11T12:42Z","Illinois State Water Survey Central Analytical Laboratory",450.0,0.00442,5,"2024-06-13","B",,
"ddd45709-40c5-4602-8c6e-93b4f72b5db7","D02","POSE","POSE.AOS.S2","POSE.SS.20240611.FIL.2","A00000371070","2024-06-11T12:42Z","2024-06-11T12:42Z","Illinois State Water Survey Central Analytical Laboratory",274.0,0.05674,5,"2024-06-13","A",,
"cd837b8f-b853-4289-b49f-1c13e83df6f3","D02","POSE","POSE.AOS.S2","POSE.SS.20240611.FIL","A00000371069","2024-06-11T12:42Z","2024-06-11T12:42Z","Illinois State Water Survey Central Analytical Laboratory",394.0,0.01020,5,"2024-06-13","A",,
"9592ca20-98a0-4a56-b3ef-87a6ca17b4a8","D02","POSE","POSE.AOS.S2","POSE.SS.20240611.FIL.3","A00000371071","2024-06-11T12:42Z","2024-06-11T12:42Z","Illinois State Water Survey Central Analytical Laboratory",512.0,0.00192,5,"2024-06-13","B",,
"35866556-ca2b-4ecf-a9ce-97cd6c16af20","D02","POSE","POSE.AOS.S2","POSE.SS.20240611.FIL","A00000371069","2024-06-11T12:42Z","2024-06-11T12:42Z","Illinois State Water Survey Central Analytical Laboratory",524.0,0.00176,5,"2024-06-13","B",,
"64623426-d51c-4735-80e2-08f19bdb481e","D02","POSE","POSE.AOS.S2","POSE.SS.20240611.FIL.3","A00000371071","2024-06-11T12:42Z","2024-06-11T12:42Z","Illinois State Water Survey Central Analytical Laboratory",314.0,0.03422,5,"2024-06-13","B",,
"ce8d0c0c-8233-4b55-ba50-1ad71f98d8f0","D02","POSE","POSE.AOS.S2","POSE.SS.20240611.FIL.3","A00000371071","2024-06-11T12:42Z","2024-06-11T12:42Z","Illinois State Water Survey Central Analytical Laboratory",400.0,0.00910,5,"2024-06-13","B",,
"d0efa4d1-dea1-4136-ae71-4b1dbf659556","D02","POSE","POSE.AOS.S2","POSE.SS.20240611.FIL.2","A00000371070","2024-06-11T12:42Z","2024-06-11T12:42Z","Illinois State Water Survey Central Analytical Laboratory",390.0,0.01054,5,"2024-06-13","A",,
"385b6bba-272f-49f4-bf73-d585ca311acb","D02","POSE","POSE.AOS.S2","POSE.SS.20240611.FIL.2","A00000371070","2024-06-11T12:42Z","2024-06-11T12:42Z","Illinois State Water Survey Central Analytical Laboratory",442.0,0.00470,5,"2024-06-13","A",,
"51949e33-bd4c-478c-9df9-dab1092a1e0d","D02","POSE","POSE.AOS.S2","POSE.SS.20240611.FIL.3","A00000371071","2024-06-11T12:42Z","2024-06-11T12:42Z","Illinois State Water Survey Central Analytical Laboratory",512.0,0.00194,5,"2024-06-13","A",,
"9ddbffbf-ea04-481e-b24a-db1d86efeb58","D02","POSE","POSE.AOS.S2","POSE.SS.20240611.FIL.3","A00000371071","2024-06-11T12:42Z","2024-06-11T12:42Z","Illinois State Water Survey Central Analytical Laboratory",542.0,0.00146,5,"2024-06-13","B",,
"6e7d166a-8ac3-4603-a816-5726fdc10a64","D02","POSE","POSE.AOS.S2","POSE.SS.20240611.FIL.3","A00000371071","2024-06-11T12:42Z","2024-06-11T12:42Z","Illinois State Water Survey Central Analytical Laboratory",500.0,0.00220,5,"2024-06-13","B",,
"d1eaf6e0-b254-4b95-8496-57b3c62b594a","D02","POSE","POSE.AOS.S2","POSE.SS.20240611.FIL.3","A00000371071","2024-06-11T12:42Z","2024-06-11T12:42Z","Illinois State Water Survey Central Analytical Laboratory",220.0,0.16902,5,"2024-06-13","B",,
"bb35adae-0b79-4d7f-a54a-776dc75d8c22","D02","POSE","POSE.AOS.S2","POSE.SS.20240611.FIL.3","A00000371071","2024-06-11T12:42Z","2024-06-11T12:42Z","Illinois State Water Survey Central Analytical Laboratory",250.0,0.07208,5,"2024-06-13","A",,
"e577db80-5da1-4c63-8ada-df0b1e4e58ca","D02","POSE","POSE.AOS.S2","POSE.SS.20240611.FIL","A00000371069","2024-06-11T12:42Z","2024-06-11T12:42Z","Illinois State Water Survey Central Analytical Laboratory",580.0,0.00094,5,"2024-06-13","A",,
"92a069b8-665b-4af2-b278-6ab9192c6532","D02","POSE","POSE.AOS.S2","POSE.SS.20240611.FIL.2","A00000371070","2024-06-11T12:42Z","2024-06-11T12:42Z","Illinois State Water Survey Central Analytical Laboratory",342.0,0.02272,5,"2024-06-13","A",,
"d3a41068-b536-4a1f-9992-29dc50a0718f","D02","POSE","POSE.AOS.S2","POSE.SS.20240611.FIL.3","A00000371071","2024-06-11T12:42Z","2024-06-11T12:42Z","Illinois State Water Survey Central Analytical Laboratory",526.0,0.00166,5,"2024-06-13","B",,
"c1107f1c-153b-4def-9e74-dbe0a564eda9","D02","POSE","POSE.AOS.S2","POSE.SS.20240611.FIL.3","A00000371071","2024-06-11T12:42Z","2024-06-11T12:42Z","Illinois State Water Survey Central Analytical Laboratory",486.0,0.00260,5,"2024-06-13","A",,
"02bcf7ee-1ad2-407a-8fff-5db13615425f","D02","POSE","POSE.AOS.S2","POSE.SS.20240611.FIL.2","A00000371070","2024-06-11T12:42Z","2024-06-11T12:42Z","Illinois State Water Survey Central Analytical Laboratory",434.0,0.00554,5,"2024-06-13","B",,
"c9c456a4-4120-4cff-ac52-e0e917a75260","D02","POSE","POSE.AOS.S2","POSE.SS.20240611.FIL.3","A00000371071","2024-06-11T12:42Z","2024-06-11T12:42Z","Illinois State Water Survey Central Analytical Laboratory",344.0,0.02226,5,"2024-06-13","A",,
"c119fecb-2533-40e8-8f2d-f873513f3fda","D02","POSE","POSE.AOS.S2","POSE.SS.20240611.FIL","A00000371069","2024-06-11T12:42Z","2024-06-11T12:42Z","Illinois State Water Survey Central Analytical Laboratory",508.0,0.00218,5,"2024-06-13","B",,
"b93deba5-6e0e-408b-898e-140741f5eb61","D02","POSE","POSE.AOS.S2","POSE.SS.20240611.FIL.3","A00000371071","2024-06-11T12:42Z","2024-06-11T12:42Z","Illinois State Water Survey Central Analytical Laboratory",562.0,0.00112,5,"2024-06-13","A",,
"94cd6304-f6cf-49f7-9ecf-b33f784eeded","D02","POSE","POSE.AOS.S2","POSE.SS.20240611.FIL","A00000371069","2024-06-11T12:42Z","2024-06-11T12:42Z","Illinois State Water Survey Central Analytical Laboratory",440.0,0.00514,5,"2024-06-13","B",,
"5d44e7c0-4fa7-43a8-9978-6939c8e64a40","D02","POSE","POSE.AOS.S2","POSE.SS.20240611.FIL.2","A00000371070","2024-06-11T12:42Z","2024-06-11T12:42Z","Illinois State Water Survey Central Analytical Laboratory",486.0,0.00278,5,"2024-06-13","B",,
"49cd60d0-23f2-4a56-b9e2-8367972425c4","D02","POSE","POSE.AOS.S2","POSE.SS.20240611.FIL","A00000371069","2024-06-11T12:42Z","2024-06-11T12:42Z","Illinois State Water Survey Central Analytical Laboratory",272.0,0.05924,5,"2024-06-13","A",,
"e86400aa-d1dc-4774-815d-43f052fb85aa","D02","POSE","POSE.AOS.S2","POSE.SS.20240611.FIL.3","A00000371071","2024-06-11T12:42Z","2024-06-11T12:42Z","Illinois State Water Survey Central Analytical Laboratory",406.0,0.00830,5,"2024-06-13","A",,
"b72b5614-3d99-42c3-adb2-de378ed7b057","D02","POSE","POSE.AOS.S2","POSE.SS.20240611.FIL.3","A00000371071","2024-06-11T12:42Z","2024-06-11T12:42Z","Illinois State Water Survey Central Analytical Laboratory",424.0,0.00628,5,"2024-06-13","B",,
"6349ac81-ceb6-4059-9e86-3f285302b4b7","D02","POSE","POSE.AOS.S2","POSE.SS.20240611.FIL.3","A00000371071","2024-06-11T12:42Z","2024-06-11T12:42Z","Illinois State Water Survey Central Analytical Laboratory",468.0,0.00328,5,"2024-06-13","A",,
"2b2325e8-bfa6-407d-8363-9b626801b047","D02","POSE","POSE.AOS.S2","POSE.SS.20240611.FIL","A00000371069","2024-06-11T12:42Z","2024-06-11T12:42Z","Illinois State Water Survey Central Analytical Laboratory",364.0,0.01680,5,"2024-06-13","B",,
"b0360b90-4f8e-4090-9117-92608885073a","D02","POSE","POSE.AOS.S2","POSE.SS.20240611.FIL.3","A00000371071","2024-06-11T12:42Z","2024-06-11T12:42Z","Illinois State Water Survey Central Analytical Laboratory",278.0,0.05496,5,"2024-06-13","B",,
"f95279ed-0146-4b82-b1e5-ee88a32389a4","D02","POSE","POSE.AOS.S2","POSE.SS.20240611.FIL","A00000371069","2024-06-11T12:42Z","2024-06-11T12:42Z","Illinois State Water Survey Central Analytical Laboratory",454.0,0.00410,5,"2024-06-13","A",,
"229c6490-9d3c-4c7b-a74e-f9b5a358c084","D02","POSE","POSE.AOS.S2","POSE.SS.20240611.FIL","A00000371069","2024-06-11T12:42Z","2024-06-11T12:42Z","Illinois State Water Survey Central Analytical Laboratory",338.0,0.02484,5,"2024-06-13","B",,
"f9352c2f-b910-4cce-acf1-439cb4a764f5","D02","POSE","POSE.AOS.S2","POSE.SS.20240611.FIL.3","A00000371071","2024-06-11T12:42Z","2024-06-11T12:42Z","Illinois State Water Survey Central Analytical Laboratory",596.0,0.00080,5,"2024-06-13","A",,
"367e202a-489a-4964-b24f-f34bc45c15d9","D02","POSE","POSE.AOS.S2","POSE.SS.20240611.FIL.2","A00000371070","2024-06-11T12:42Z","2024-06-11T12:42Z","Illinois State Water Survey Central Analytical Laboratory",490.0,0.00268,5,"2024-06-13","B",,
"4934aaaa-9e24-4c7d-a358-d878d4b13941","D02","POSE","POSE.AOS.S2","POSE.SS.20240611.FIL.3","A00000371071","2024-06-11T12:42Z","2024-06-11T12:42Z","Illinois State Water Survey Central Analytical Laboratory",258.0,0.06686,5,"2024-06-13","A",,
"f43620f8-93fd-47f0-846b-96576253d93b","D02","POSE","POSE.AOS.S2","POSE.SS.20240611.FIL.3","A00000371071","2024-06-11T12:42Z","2024-06-11T12:42Z","Illinois State Water Survey Central Analytical Laboratory",548.0,0.00132,5,"2024-06-13","A",,
"8ac43455-8890-455c-96cc-1a41233e7f20","D02","POSE","POSE.AOS.S2","POSE.SS.20240611.FIL.2","A00000371070","2024-06-11T12:42Z","2024-06-11T12:42Z","Illinois State Water Survey Central Analytical Laboratory",354.0,0.01948,5,"2024-06-13","B",,
"b72368e3-0a52-4e5c-b92f-42dc4aa5fe57","D02","POSE","POSE.AOS.S2","POSE.SS.20240611.FIL","A00000371069","2024-06-11T12:42Z","2024-06-11T12:42Z","Illinois State Water Survey Central Analytical Laboratory",520.0,0.00186,5,"2024-06-13","B",,
"5d2777c8-095d-4bd5-aecd-d66554433d06","D02","POSE","POSE.AOS.S2","POSE.SS.20240611.FIL.3","A00000371071","2024-06-11T12:42Z","2024-06-11T12:42Z","Illinois State Water Survey Central Analytical Laboratory",498.0,0.00230,5,"2024-06-13","B",,
"4831a12f-820b-493e-8c73-9b6b0a311b1c","D02","POSE","POSE.AOS.S2","POSE.SS.20240611.FIL.2","A00000371070","2024-06-11T12:42Z","2024-06-11T12:42Z","Illinois State Water Survey Central Analytical Laboratory",366.0,0.01566,5,"2024-06-13","A",,
"353a906a-8342-46a9-aea6-dcaeb7e1a4ef","D02","POSE","POSE.AOS.S2","POSE.SS.20240611.FIL.3","A00000371071","2024-06-11T12:42Z","2024-06-11T12:42Z","Illinois State Water Survey Central Analytical Laboratory",256.0,0.06812,5,"2024-06-13","A",,
"ae622626-cbeb-4647-85f7-11fac236cc89","D02","POSE","POSE.AOS.S2","POSE.SS.20240611.FIL.3","A00000371071","2024-06-11T12:42Z","2024-06-11T12:42Z","Illinois State Water Survey Central Analytical Laboratory",346.0,0.02164,5,"2024-06-13","A",,
"91b60ce0-dbb5-488e-bef6-7d1ccb936c7d","D02","POSE","POSE.AOS.S2","POSE.SS.20240611.FIL.2","A00000371070","2024-06-11T12:42Z","2024-06-11T12:42Z","Illinois State Water Survey Central Analytical Laboratory",594.0,0.00084,5,"2024-06-13","A",,
"1495ae0b-85e3-4db1-bd10-6b016ac4830e","D02","POSE","POSE.AOS.S2","POSE.SS.20240611.FIL.3","A00000371071","2024-06-11T12:42Z","2024-06-11T12:42Z","Illinois State Water Survey Central Analytical Laboratory",436.0,0.00522,5,"2024-06-13","A",,
"d23d8cad-ad80-40fc-9138-2674cf3d8b51","D02","POSE","POSE.AOS.S2","POSE.SS.20240611.FIL","A00000371069","2024-06-11T12:42Z","2024-06-11T12:42Z","Illinois State Water Survey Central Analytical Laboratory",564.0,0.00120,5,"2024-06-13","B",,
"20099a7c-be7f-4bb5-9ade-2b9e85e099cb","D02","POSE","POSE.AOS.S2","POSE.SS.20240611.FIL.3","A00000371071","2024-06-11T12:42Z","2024-06-11T12:42Z","Illinois State Water Survey Central Analytical Laboratory",288.0,0.04860,5,"2024-06-13","B",,
"ebf0b72e-22f8-42b1-a47c-f3989fe8324a","D02","POSE","POSE.AOS.S2","POSE.SS.20240611.FIL","A00000371069","2024-06-11T12:42Z","2024-06-11T12:42Z","Illinois State Water Survey Central Analytical Laboratory",328.0,0.02870,5,"2024-06-13","B",,
"b59a33f2-378f-4668-80be-eed230409787","D02","POSE","POSE.AOS.S2","POSE.SS.20240611.FIL.2","A00000371070","2024-06-11T12:42Z","2024-06-11T12:42Z","Illinois State Water Survey Central Analytical Laboratory",252.0,0.07110,5,"2024-06-13","B",,
"681bde7c-4b70-43fa-9d9b-9453ef142056","D02","POSE","POSE.AOS.S2","POSE.SS.20240611.FIL","A00000371069","2024-06-11T12:42Z","2024-06-11T12:42Z","Illinois State Water Survey Central Analytical Laboratory",376.0,0.01380,5,"2024-06-13","B",,
"1f10d863-dff5-4d2b-929a-6e5e142fcb1f","D02","POSE","POSE.AOS.S2","POSE.SS.20240611.FIL.3","A00000371071","2024-06-11T12:42Z","2024-06-11T12:42Z","Illinois State Water Survey Central Analytical Laboratory",228.0,0.11480,5,"2024-06-13","B",,
"51d44d79-2d95-4cae-a84c-4d6829d6a139","D02","POSE","POSE.AOS.S2","POSE.SS.20240611.FIL.3","A00000371071","2024-06-11T12:42Z","2024-06-11T12:42Z","Illinois State Water Survey Central Analytical Laboratory",396.0,0.00966,5,"2024-06-13","B",,
"38dcf621-1271-4a49-943a-2a3a03234ab9","D02","POSE","POSE.AOS.S2","POSE.SS.20240611.FIL","A00000371069","2024-06-11T12:42Z","2024-06-11T12:42Z","Illinois State Water Survey Central Analytical Laboratory",594.0,0.00094,5,"2024-06-13","B",,
"65e7198f-321d-4050-b591-2b8358289dc5","D02","POSE","POSE.AOS.S2","POSE.SS.20240611.FIL.3","A00000371071","2024-06-11T12:42Z","2024-06-11T12:42Z","Illinois State Water Survey Central Analytical Laboratory",586.0,0.00102,5,"2024-06-13","B",,
"056809e5-a9e7-46bd-b705-9cfc9d9bafac","D02","POSE","POSE.AOS.S2","POSE.SS.20240611.FIL","A00000371069","2024-06-11T12:42Z","2024-06-11T12:42Z","Illinois State Water Survey Central Analytical Laboratory",592.0,0.00104,5,"2024-06-13","B",,
"50904bf1-61e1-4ce2-b677-2d54e257baf3","D02","POSE","POSE.AOS.S2","POSE.SS.20240611.FIL.3","A00000371071","2024-06-11T12:42Z","2024-06-11T12:42Z","Illinois State Water Survey Central Analytical Laboratory",598.0,0.00076,5,"2024-06-13","A",,
"5001d3d0-a6d5-4327-adb1-57d5a354a8d3","D02","POSE","POSE.AOS.S2","POSE.SS.20240611.FIL","A00000371069","2024-06-11T12:42Z","2024-06-11T12:42Z","Illinois State Water Survey Central Analytical Laboratory",472.0,0.00324,5,"2024-06-13","A",,
"e00eeca3-4232-4c4d-b09a-b26b4acc49d2","D02","POSE","POSE.AOS.S2","POSE.SS.20240611.FIL.3","A00000371071","2024-06-11T12:42Z","2024-06-11T12:42Z","Illinois State Water Survey Central Analytical Laboratory",384.0,0.01178,5,"2024-06-13","B",,
"ccdeedfa-dc66-40e7-8efd-6741e6f3b5df","D02","POSE","POSE.AOS.S2","POSE.SS.20240611.FIL","A00000371069","2024-06-11T12:42Z","2024-06-11T12:42Z","Illinois State Water Survey Central Analytical Laboratory",264.0,0.06414,5,"2024-06-13","A",,
"063f6bd2-bd34-4f61-b683-78a1e23a1b16","D02","POSE","POSE.AOS.S2","POSE.SS.20240611.FIL.2","A00000371070","2024-06-11T12:42Z","2024-06-11T12:42Z","Illinois State Water Survey Central Analytical Laboratory",546.0,0.00148,5,"2024-06-13","B",,
"dfcf18c4-7fd9-4168-89a8-f507d7bb9ef7","D02","POSE","POSE.AOS.S2","POSE.SS.20240611.FIL.2","A00000371070","2024-06-11T12:42Z","2024-06-11T12:42Z","Illinois State Water Survey Central Analytical Laboratory",534.0,0.00148,5,"2024-06-13","A",,
"40c31169-b777-453b-b995-5aaa2876656f","D02","POSE","POSE.AOS.S2","POSE.SS.20240611.FIL","A00000371069","2024-06-11T12:42Z","2024-06-11T12:42Z","Illinois State Water Survey Central Analytical Laboratory",468.0,0.00344,5,"2024-06-13","B",,
"e45bbb75-f246-4fff-a919-a53e4d639635","D02","POSE","POSE.AOS.S2","POSE.SS.20240611.FIL.3","A00000371071","2024-06-11T12:42Z","2024-06-11T12:42Z","Illinois State Water Survey Central Analytical Laboratory",352.0,0.01978,5,"2024-06-13","B",,
"86ab783b-22af-48bd-93d0-39a554660c60","D02","POSE","POSE.AOS.S2","POSE.SS.20240611.FIL.3","A00000371071","2024-06-11T12:42Z","2024-06-11T12:42Z","Illinois State Water Survey Central Analytical Laboratory",528.0,0.00164,5,"2024-06-13","B",,
"83aef311-42f8-4982-9014-b3e23e469007","D02","POSE","POSE.AOS.S2","POSE.SS.20240611.FIL.2","A00000371070","2024-06-11T12:42Z","2024-06-11T12:42Z","Illinois State Water Survey Central Analytical Laboratory",454.0,0.00412,5,"2024-06-13","B",,
"88bdaa05-ee64-40a8-9826-2b8fcadf4050","D02","POSE","POSE.AOS.S2","POSE.SS.20240611.FIL.3","A00000371071","2024-06-11T12:42Z","2024-06-11T12:42Z","Illinois State Water Survey Central Analytical Laboratory",272.0,0.05868,5,"2024-06-13","B",,
"ed1410d2-4ebd-470c-9d41-f53656ce517e","D02","POSE","POSE.AOS.S2","POSE.SS.20240611.FIL","A00000371069","2024-06-11T12:42Z","2024-06-11T12:42Z","Illinois State Water Survey Central Analytical Laboratory",220.0,0.17016,5,"2024-06-13","A",,
"6b2e5896-51e8-46d0-8d80-aac842d5b4be","D02","POSE","POSE.AOS.S2","POSE.SS.20240611.FIL.2","A00000371070","2024-06-11T12:42Z","2024-06-11T12:42Z","Illinois State Water Survey Central Analytical Laboratory",348.0,0.02130,5,"2024-06-13","B",,
"697bf2cf-a0c5-48b6-be58-eeb8760f3d16","D02","POSE","POSE.AOS.S2","POSE.SS.20240611.FIL","A00000371069","2024-06-11T12:42Z","2024-06-11T12:42Z","Illinois State Water Survey Central Analytical Laboratory",366.0,0.01616,5,"2024-06-13","A",,
"a1ba2fcb-7429-4449-9c58-485c3fc92709","D02","POSE","POSE.AOS.S2","POSE.SS.20240611.FIL.2","A00000371070","2024-06-11T12:42Z","2024-06-11T12:42Z","Illinois State Water Survey Central Analytical Laboratory",428.0,0.00578,5,"2024-06-13","A",,
"c7f69176-8697-49e1-8e56-3a86aa8fa570","D02","POSE","POSE.AOS.S2","POSE.SS.20240611.FIL","A00000371069","2024-06-11T12:42Z","2024-06-11T12:42Z","Illinois State Water Survey Central Analytical Laboratory",428.0,0.00608,5,"2024-06-13","B",,
"e98b6d6c-e40d-478e-add3-ddddf19a80ef","D02","POSE","POSE.AOS.S2","POSE.SS.20240611.FIL.3","A00000371071","2024-06-11T12:42Z","2024-06-11T12:42Z","Illinois State Water Survey Central Analytical Laboratory",456.0,0.00382,5,"2024-06-13","A",,
"7f2f6dd5-9985-4cc0-8135-7b13ed20d94d","D02","POSE","POSE.AOS.S2","POSE.SS.20240611.FIL","A00000371069","2024-06-11T12:42Z","2024-06-11T12:42Z","Illinois State Water Survey Central Analytical Laboratory",466.0,0.00352,5,"2024-06-13","B",,
"d3689d86-8d1c-45b0-a9f6-3e8c150dabcd","D02","POSE","POSE.AOS.S2","POSE.SS.20240611.FIL","A00000371069","2024-06-11T12:42Z","2024-06-11T12:42Z","Illinois State Water Survey Central Analytical Laboratory",462.0,0.00366,5,"2024-06-13","B",,
"f165bc53-1d4e-435e-bed7-d5d19ed8d1f2","D02","POSE","POSE.AOS.S2","POSE.SS.20240611.FIL.2","A00000371070","2024-06-11T12:42Z","2024-06-11T12:42Z","Illinois State Water Survey Central Analytical Laboratory",488.0,0.00274,5,"2024-06-13","B",,
"5d1f1c90-7ac7-40e6-9447-ffa617e330ea","D02","POSE","POSE.AOS.S2","POSE.SS.20240611.FIL.3","A00000371071","2024-06-11T12:42Z","2024-06-11T12:42Z","Illinois State Water Survey Central Analytical Laboratory",340.0,0.02362,5,"2024-06-13","A",,
"d05a9a54-e5c0-4321-bb8e-f37f0577798b","D02","POSE","POSE.AOS.S2","POSE.SS.20240611.FIL.3","A00000371071","2024-06-11T12:42Z","2024-06-11T12:42Z","Illinois State Water Survey Central Analytical Laboratory",260.0,0.06570,5,"2024-06-13","A",,
"4f9b6ecb-f35f-489f-bb0e-337d9da9e878","D02","POSE","POSE.AOS.S2","POSE.SS.20240611.FIL","A00000371069","2024-06-11T12:42Z","2024-06-11T12:42Z","Illinois State Water Survey Central Analytical Laboratory",510.0,0.00204,5,"2024-06-13","A",,
"1a401fbe-35ba-44fb-91d6-a8f58aeb45df","D02","POSE","POSE.AOS.S2","POSE.SS.20240611.FIL.2","A00000371070","2024-06-11T12:42Z","2024-06-11T12:42Z","Illinois State Water Survey Central Analytical Laboratory",572.0,0.00098,5,"2024-06-13","A",,
"17604e18-1b75-401a-ba16-2d0c7dab08a5","D02","POSE","POSE.AOS.S2","POSE.SS.20240611.FIL.2","A00000371070","2024-06-11T12:42Z","2024-06-11T12:42Z","Illinois State Water Survey Central Analytical Laboratory",402.0,0.00904,5,"2024-06-13","B",,
"2274f049-2949-46d6-a1e0-6a9a0cb953e2","D02","POSE","POSE.AOS.S2","POSE.SS.20240611.FIL.2","A00000371070","2024-06-11T12:42Z","2024-06-11T12:42Z","Illinois State Water Survey Central Analytical Laboratory",546.0,0.00128,5,"2024-06-13","A",,
"0339e577-d52d-4261-95f8-e4d5597699d9","D02","POSE","POSE.AOS.S2","POSE.SS.20240611.FIL.3","A00000371071","2024-06-11T12:42Z","2024-06-11T12:42Z","Illinois State Water Survey Central Analytical Laboratory",566.0,0.00116,5,"2024-06-13","B",,
"f8c5e39a-c3b0-434d-a045-58bdb9540b65","D02","POSE","POSE.AOS.S2","POSE.SS.20240611.FIL.3","A00000371071","2024-06-11T12:42Z","2024-06-11T12:42Z","Illinois State Water Survey Central Analytical Laboratory",370.0,0.01488,5,"2024-06-13","B",,
"b341ab08-d14b-4833-ba7e-3b953590c58b","D02","POSE","POSE.AOS.S2","POSE.SS.20240611.FIL","A00000371069","2024-06-11T12:42Z","2024-06-11T12:42Z","Illinois State Water Survey Central Analytical Laboratory",282.0,0.05298,5,"2024-06-13","A",,
"877a6d0f-51ee-4488-97a4-13044645841f","D02","POSE","POSE.AOS.S2","POSE.SS.20240611.FIL","A00000371069","2024-06-11T12:42Z","2024-06-11T12:42Z","Illinois State Water Survey Central Analytical Laboratory",340.0,0.02404,5,"2024-06-13","A",,
"6a8bc24f-fecb-4e5a-be6d-f2710636ddc7","D02","POSE","POSE.AOS.S2","POSE.SS.20240611.FIL.3","A00000371071","2024-06-11T12:42Z","2024-06-11T12:42Z","Illinois State Water Survey Central Analytical Laboratory",422.0,0.00648,5,"2024-06-13","A",,
"6a0eeccc-7ad4-4b38-9771-f8b120ea01f2","D02","POSE","POSE.AOS.S2","POSE.SS.20240611.FIL.2","A00000371070","2024-06-11T12:42Z","2024-06-11T12:42Z","Illinois State Water Survey Central Analytical Laboratory",326.0,0.02930,5,"2024-06-13","B",,
"2d6fe84d-bed2-43d8-b5d3-7fb836716882","D02","POSE","POSE.AOS.S2","POSE.SS.20240611.FIL","A00000371069","2024-06-11T12:42Z","2024-06-11T12:42Z","Illinois State Water Survey Central Analytical Laboratory",526.0,0.00168,5,"2024-06-13","A",,
"96169fc3-c195-434f-9fd1-66b01a2182ae","D02","POSE","POSE.AOS.S2","POSE.SS.20240611.FIL.3","A00000371071","2024-06-11T12:42Z","2024-06-11T12:42Z","Illinois State Water Survey Central Analytical Laboratory",480.0,0.00284,5,"2024-06-13","A",,
"cb077403-36ea-4209-bb3d-eed251bdd8c6","D02","POSE","POSE.AOS.S2","POSE.SS.20240611.FIL.3","A00000371071","2024-06-11T12:42Z","2024-06-11T12:42Z","Illinois State Water Survey Central Analytical Laboratory",454.0,0.00400,5,"2024-06-13","B",,
"7f15228b-41ea-42a0-a2f9-614c271b5485","D02","POSE","POSE.AOS.S2","POSE.SS.20240611.FIL.2","A00000371070","2024-06-11T12:42Z","2024-06-11T12:42Z","Illinois State Water Survey Central Analytical Laboratory",516.0,0.00184,5,"2024-06-13","A",,
"ce565a9f-9364-4fc7-81d7-030ebaa257d5","D02","POSE","POSE.AOS.S2","POSE.SS.20240611.FIL.2","A00000371070","2024-06-11T12:42Z","2024-06-11T12:42Z","Illinois State Water Survey Central Analytical Laboratory",288.0,0.04800,5,"2024-06-13","A",,
"753455df-7faa-4b39-9a11-2d327b88a94d","D02","POSE","POSE.AOS.S2","POSE.SS.20240611.FIL","A00000371069","2024-06-11T12:42Z","2024-06-11T12:42Z","Illinois State Water Survey Central Analytical Laboratory",294.0,0.04528,5,"2024-06-13","B",,
"5c369a4b-cb1c-438f-ad1f-c00e9b2fcf39","D02","POSE","POSE.AOS.S2","POSE.SS.20240611.FIL","A00000371069","2024-06-11T12:42Z","2024-06-11T12:42Z","Illinois State Water Survey Central Analytical Laboratory",302.0,0.04068,5,"2024-06-13","A",,
"ff9d493c-41cc-4a51-a7b7-616c024efc3b","D02","POSE","POSE.AOS.S2","POSE.SS.20240611.FIL.3","A00000371071","2024-06-11T12:42Z","2024-06-11T12:42Z","Illinois State Water Survey Central Analytical Laboratory",472.0,0.00318,5,"2024-06-13","B",,
"908b8a62-500b-4934-ae05-f37ef516f0e9","D02","POSE","POSE.AOS.S2","POSE.SS.20240611.FIL.3","A00000371071","2024-06-11T12:42Z","2024-06-11T12:42Z","Illinois State Water Survey Central Analytical Laboratory",230.0,0.10722,5,"2024-06-13","A",,
"524333cc-2e57-46c4-9651-f0809063fd73","D02","POSE","POSE.AOS.S2","POSE.SS.20240611.FIL.3","A00000371071","2024-06-11T12:42Z","2024-06-11T12:42Z","Illinois State Water Survey Central Analytical Laboratory",416.0,0.00706,5,"2024-06-13","A",,
"ab349f8e-9cd0-4ebf-963f-f233cddd3d81","D02","POSE","POSE.AOS.S2","POSE.SS.20240611.FIL","A00000371069","2024-06-11T12:42Z","2024-06-11T12:42Z","Illinois State Water Survey Central Analytical Laboratory",342.0,0.02342,5,"2024-06-13","B",,
"7ea3226f-e76b-4aad-8f2d-8bbea99be0ea","D02","POSE","POSE.AOS.S2","POSE.SS.20240611.FIL.2","A00000371070","2024-06-11T12:42Z","2024-06-11T12:42Z","Illinois State Water Survey Central Analytical Laboratory",588.0,0.00100,5,"2024-06-13","B",,
"1c7c3280-81fe-4664-a4f2-9d97cd2dc14f","D02","POSE","POSE.AOS.S2","POSE.SS.20240611.FIL","A00000371069","2024-06-11T12:42Z","2024-06-11T12:42Z","Illinois State Water Survey Central Analytical Laboratory",286.0,0.05034,5,"2024-06-13","A",,
"6f4dcb72-77c1-435e-8294-d3419f7123cc","D02","POSE","POSE.AOS.S2","POSE.SS.20240611.FIL.2","A00000371070","2024-06-11T12:42Z","2024-06-11T12:42Z","Illinois State Water Survey Central Analytical Laboratory",568.0,0.00122,5,"2024-06-13","B",,
"f6858305-7815-44c3-9bc3-64885aea7af0","D02","POSE","POSE.AOS.S2","POSE.SS.20240611.FIL","A00000371069","2024-06-11T12:42Z","2024-06-11T12:42Z","Illinois State Water Survey Central Analytical Laboratory",264.0,0.06430,5,"2024-06-13","B",,
"b1b58cde-7e49-4cf8-a8cf-7cc4654247ee","D02","POSE","POSE.AOS.S2","POSE.SS.20240611.FIL.2","A00000371070","2024-06-11T12:42Z","2024-06-11T12:42Z","Illinois State Water Survey Central Analytical Laboratory",452.0,0.00422,5,"2024-06-13","B",,
"8011152a-aacd-453a-a96b-ef0363dc76bd","D02","POSE","POSE.AOS.S2","POSE.SS.20240611.FIL","A00000371069","2024-06-11T12:42Z","2024-06-11T12:42Z","Illinois State Water Survey Central Analytical Laboratory",276.0,0.05684,5,"2024-06-13","B",,
"5cd64808-c7cf-4957-adba-e153ba6dc385","D02","POSE","POSE.AOS.S2","POSE.SS.20240611.FIL","A00000371069","2024-06-11T12:42Z","2024-06-11T12:42Z","Illinois State Water Survey Central Analytical Laboratory",532.0,0.00162,5,"2024-06-13","A",,
"1c98a4e5-8288-4afb-aea0-ec101a3af434","D02","POSE","POSE.AOS.S2","POSE.SS.20240611.FIL.2","A00000371070","2024-06-11T12:42Z","2024-06-11T12:42Z","Illinois State Water Survey Central Analytical Laboratory",592.0,0.00084,5,"2024-06-13","A",,
"6564c376-da78-4d2f-ae22-de6f1fb5a779","D02","POSE","POSE.AOS.S2","POSE.SS.20240611.FIL.3","A00000371071","2024-06-11T12:42Z","2024-06-11T12:42Z","Illinois State Water Survey Central Analytical Laboratory",228.0,0.11456,5,"2024-06-13","A",,
"aa21abec-a402-4c98-974b-baa71ff427d5","D02","POSE","POSE.AOS.S2","POSE.SS.20240611.FIL","A00000371069","2024-06-11T12:42Z","2024-06-11T12:42Z","Illinois State Water Survey Central Analytical Laboratory",590.0,0.00096,5,"2024-06-13","B",,
"6fd612eb-d71d-41ba-9241-ea2abc913234","D02","POSE","POSE.AOS.S2","POSE.SS.20240611.FIL.3","A00000371071","2024-06-11T12:42Z","2024-06-11T12:42Z","Illinois State Water Survey Central Analytical Laboratory",472.0,0.00316,5,"2024-06-13","A",,
"06a67222-245a-45d8-9a77-5940a0bcc71d","D02","POSE","POSE.AOS.S2","POSE.SS.20240611.FIL.2","A00000371070","2024-06-11T12:42Z","2024-06-11T12:42Z","Illinois State Water Survey Central Analytical Laboratory",234.0,0.09456,5,"2024-06-13","B",,
"a277257c-1fab-4329-898b-69ecf676cdbe","D02","POSE","POSE.AOS.S2","POSE.SS.20240611.FIL.3","A00000371071","2024-06-11T12:42Z","2024-06-11T12:42Z","Illinois State Water Survey Central Analytical Laboratory",268.0,0.06116,5,"2024-06-13","B",,
"93d47b4e-90d5-41e0-b3a3-17f2b5d043e2","D02","POSE","POSE.AOS.S2","POSE.SS.20240611.FIL.3","A00000371071","2024-06-11T12:42Z","2024-06-11T12:42Z","Illinois State Water Survey Central Analytical Laboratory",346.0,0.02168,5,"2024-06-13","B",,
"0f49811c-1f33-4e82-99c9-d016aa5d63a9","D02","POSE","POSE.AOS.S2","POSE.SS.20240611.FIL.2","A00000371070","2024-06-11T12:42Z","2024-06-11T12:42Z","Illinois State Water Survey Central Analytical Laboratory",230.0,0.10592,5,"2024-06-13","A",,
"994dc514-4c9a-4851-a387-c1967e712690","D02","POSE","POSE.AOS.S2","POSE.SS.20240611.FIL.3","A00000371071","2024-06-11T12:42Z","2024-06-11T12:42Z","Illinois State Water Survey Central Analytical Laboratory",558.0,0.00122,5,"2024-06-13","A",,
"751b03e1-a8e2-40ce-853a-59845e628004","D02","POSE","POSE.AOS.S2","POSE.SS.20240611.FIL.3","A00000371071","2024-06-11T12:42Z","2024-06-11T12:42Z","Illinois State Water Survey Central Analytical Laboratory",250.0,0.07208,5,"2024-06-13","A",,
"a09b3416-c79d-4028-a550-2f9c8664df35","D02","POSE","POSE.AOS.S2","POSE.SS.20240611.FIL","A00000371069","2024-06-11T12:42Z","2024-06-11T12:42Z","Illinois State Water Survey Central Analytical Laboratory",406.0,0.00856,5,"2024-06-13","B",,
"2b6f64b7-105c-4675-9ddd-28f8934b6a37","D02","POSE","POSE.AOS.S2","POSE.SS.20240611.FIL","A00000371069","2024-06-11T12:42Z","2024-06-11T12:42Z","Illinois State Water Survey Central Analytical Laboratory",544.0,0.00136,5,"2024-06-13","A",,
"228e7636-01cc-4cc1-82d5-6d1cbd95df8e","D02","POSE","POSE.AOS.S2","POSE.SS.20240611.FIL.2","A00000371070","2024-06-11T12:42Z","2024-06-11T12:42Z","Illinois State Water Survey Central Analytical Laboratory",496.0,0.00232,5,"2024-06-13","A",,
"b1cc162c-239d-4718-beb1-86b7d815cfef","D02","POSE","POSE.AOS.S2","POSE.SS.20240611.FIL","A00000371069","2024-06-11T12:42Z","2024-06-11T12:42Z","Illinois State Water Survey Central Analytical Laboratory",432.0,0.00574,5,"2024-06-13","B",,
"62c66bbf-f573-4ffb-b655-4d2dd58afcc4","D02","POSE","POSE.AOS.S2","POSE.SS.20240611.FIL.2","A00000371070","2024-06-11T12:42Z","2024-06-11T12:42Z","Illinois State Water Survey Central Analytical Laboratory",414.0,0.00742,5,"2024-06-13","B",,
"f277e95a-1825-40d9-b3d7-deff859a909f","D02","POSE","POSE.AOS.S2","POSE.SS.20240611.FIL","A00000371069","2024-06-11T12:42Z","2024-06-11T12:42Z","Illinois State Water Survey Central Analytical Laboratory",416.0,0.00716,5,"2024-06-13","A",,
"7f046509-6d91-479d-baee-a8e1d0c7056e","D02","POSE","POSE.AOS.S2","POSE.SS.20240611.FIL.3","A00000371071","2024-06-11T12:42Z","2024-06-11T12:42Z","Illinois State Water Survey Central Analytical Laboratory",388.0,0.01100,5,"2024-06-13","A",,
"a70f3bc1-060a-44df-995a-477b7d27837a","D02","POSE","POSE.AOS.S2","POSE.SS.20240611.FIL","A00000371069","2024-06-11T12:42Z","2024-06-11T12:42Z","Illinois State Water Survey Central Analytical Laboratory",514.0,0.00200,5,"2024-06-13","B",,
"ef7586d8-ed01-4407-a516-856585b95d91","D02","POSE","POSE.AOS.S2","POSE.SS.20240611.FIL.2","A00000371070","2024-06-11T12:42Z","2024-06-11T12:42Z","Illinois State Water Survey Central Analytical Laboratory",306.0,0.03844,5,"2024-06-13","B",,
"22e6dae3-7c97-4325-a794-6cd75c71b12a","D02","POSE","POSE.AOS.S2","POSE.SS.20240611.FIL.3","A00000371071","2024-06-11T12:42Z","2024-06-11T12:42Z","Illinois State Water Survey Central Analytical Laboratory",474.0,0.00306,5,"2024-06-13","A",,
"546e4605-7884-40f3-a22c-b8c36c1f24f4","D02","POSE","POSE.AOS.S2","POSE.SS.20240611.FIL.3","A00000371071","2024-06-11T12:42Z","2024-06-11T12:42Z","Illinois State Water Survey Central Analytical Laboratory",598.0,0.00076,5,"2024-06-13","A",,
"f69f8eaf-6bdf-4ead-b75c-0ff50f9515d8","D02","POSE","POSE.AOS.S2","POSE.SS.20240611.FIL","A00000371069","2024-06-11T12:42Z","2024-06-11T12:42Z","Illinois State Water Survey Central Analytical Laboratory",304.0,0.03978,5,"2024-06-13","B",,
"3779f985-f312-44a8-94d5-71f713d289d1","D02","POSE","POSE.AOS.S2","POSE.SS.20240611.FIL.3","A00000371071","2024-06-11T12:42Z","2024-06-11T12:42Z","Illinois State Water Survey Central Analytical Laboratory",500.0,0.00220,5,"2024-06-13","A",,
"60c3847b-f40b-4bcf-9efe-78beb171293b","D02","POSE","POSE.AOS.S2","POSE.SS.20240611.FIL.3","A00000371071","2024-06-11T12:42Z","2024-06-11T12:42Z","Illinois State Water Survey Central Analytical Laboratory",262.0,0.06468,5,"2024-06-13","B",,
"53b7296e-f9e3-43b4-98b5-6259f8c0ad86","D02","POSE","POSE.AOS.S2","POSE.SS.20240611.FIL","A00000371069","2024-06-11T12:42Z","2024-06-11T12:42Z","Illinois State Water Survey Central Analytical Laboratory",386.0,0.01168,5,"2024-06-13","B",,
"061d8c65-823c-4b4e-a509-642e39638347","D02","POSE","POSE.AOS.S2","POSE.SS.20240611.FIL.2","A00000371070","2024-06-11T12:42Z","2024-06-11T12:42Z","Illinois State Water Survey Central Analytical Laboratory",236.0,0.08828,5,"2024-06-13","A",,
"9b2a9a5f-2fbf-49b7-ad1b-00d7647c3444","D02","POSE","POSE.AOS.S2","POSE.SS.20240611.FIL.2","A00000371070","2024-06-11T12:42Z","2024-06-11T12:42Z","Illinois State Water Survey Central Analytical Laboratory",248.0,0.07278,5,"2024-06-13","A",,
"9ccb71d2-4865-4e8b-82b3-55cb1d1efc30","D02","POSE","POSE.AOS.S2","POSE.SS.20240611.FIL.2","A00000371070","2024-06-11T12:42Z","2024-06-11T12:42Z","Illinois State Water Survey Central Analytical Laboratory",492.0,0.00242,5,"2024-06-13","A",,
"6462a324-e4e8-418a-a217-1c4a50ae8f2d","D02","POSE","POSE.AOS.S2","POSE.SS.20240611.FIL","A00000371069","2024-06-11T12:42Z","2024-06-11T12:42Z","Illinois State Water Survey Central Analytical Laboratory",336.0,0.02560,5,"2024-06-13","B",,
"cbf81563-111f-4bc0-a2ae-5a5644fde4c1","D02","POSE","POSE.AOS.S2","POSE.SS.20240611.FIL","A00000371069","2024-06-11T12:42Z","2024-06-11T12:42Z","Illinois State Water Survey Central Analytical Laboratory",510.0,0.00212,5,"2024-06-13","B",,
"4a651015-5103-4cc4-99d1-d0b10e72b467","D02","POSE","POSE.AOS.S2","POSE.SS.20240611.FIL.3","A00000371071","2024-06-11T12:42Z","2024-06-11T12:42Z","Illinois State Water Survey Central Analytical Laboratory",350.0,0.02036,5,"2024-06-13","A",,
"65766e43-64a7-4e2b-8983-b7a3e86adf7f","D02","POSE","POSE.AOS.S2","POSE.SS.20240611.FIL.3","A00000371071","2024-06-11T12:42Z","2024-06-11T12:42Z","Illinois State Water Survey Central Analytical Laboratory",330.0,0.02740,5,"2024-06-13","B",,
"4e0fdd1a-21e8-4dfb-86f0-538ff755b6b2","D02","POSE","POSE.AOS.S2","POSE.SS.20240611.FIL","A00000371069","2024-06-11T12:42Z","2024-06-11T12:42Z","Illinois State Water Survey Central Analytical Laboratory",502.0,0.00224,5,"2024-06-13","A",,
"828dc226-b713-4964-971a-fb08c6ce9778","D02","POSE","POSE.AOS.S2","POSE.SS.20240611.FIL","A00000371069","2024-06-11T12:42Z","2024-06-11T12:42Z","Illinois State Water Survey Central Analytical Laboratory",334.0,0.02636,5,"2024-06-13","B",,
"77452909-82e7-4703-9977-34a37d2cc601","D02","POSE","POSE.AOS.S2","POSE.SS.20240611.FIL.2","A00000371070","2024-06-11T12:42Z","2024-06-11T12:42Z","Illinois State Water Survey Central Analytical Laboratory",438.0,0.00524,5,"2024-06-13","B",,
"c5c1ec0d-e176-4c94-ae3a-764c596241fa","D02","POSE","POSE.AOS.S2","POSE.SS.20240611.FIL","A00000371069","2024-06-11T12:42Z","2024-06-11T12:42Z","Illinois State Water Survey Central Analytical Laboratory",412.0,0.00774,5,"2024-06-13","B",,
"fa2f6557-d029-4f6e-a611-a96b48762cbb","D02","POSE","POSE.AOS.S2","POSE.SS.20240611.FIL","A00000371069","2024-06-11T12:42Z","2024-06-11T12:42Z","Illinois State Water Survey Central Analytical Laboratory",288.0,0.04910,5,"2024-06-13","A",,
"d4ccfbd9-337c-46c2-b893-18ab92b61342","D02","POSE","POSE.AOS.S2","POSE.SS.20240611.FIL","A00000371069","2024-06-11T12:42Z","2024-06-11T12:42Z","Illinois State Water Survey Central Analytical Laboratory",350.0,0.02074,5,"2024-06-13","A",,
"3c6f5c8a-24c5-4ce2-9da1-da6ee8bfaa4c","D02","POSE","POSE.AOS.S2","POSE.SS.20240611.FIL.2","A00000371070","2024-06-11T12:42Z","2024-06-11T12:42Z","Illinois State Water Survey Central Analytical Laboratory",472.0,0.00330,5,"2024-06-13","B",,
"3d4ded09-8366-49a3-a763-45c08faeb323","D02","POSE","POSE.AOS.S2","POSE.SS.20240611.FIL","A00000371069","2024-06-11T12:42Z","2024-06-11T12:42Z","Illinois State Water Survey Central Analytical Laboratory",452.0,0.00424,5,"2024-06-13","B",,
"045e2a77-d1e3-4099-b033-2c1f87cb78d7","D02","POSE","POSE.AOS.S2","POSE.SS.20240611.FIL.2","A00000371070","2024-06-11T12:42Z","2024-06-11T12:42Z","Illinois State Water Survey Central Analytical Laboratory",520.0,0.00168,5,"2024-06-13","A",,
"643596e7-74a4-4c83-b6aa-b2f49dc73e06","D02","POSE","POSE.AOS.S2","POSE.SS.20240611.FIL.2","A00000371070","2024-06-11T12:42Z","2024-06-11T12:42Z","Illinois State Water Survey Central Analytical Laboratory",410.0,0.00764,5,"2024-06-13","A",,
"00bf10ca-88b3-4602-bdc6-057f3958537c","D02","POSE","POSE.AOS.S2","POSE.SS.20240611.FIL","A00000371069","2024-06-11T12:42Z","2024-06-11T12:42Z","Illinois State Water Survey Central Analytical Laboratory",274.0,0.05798,5,"2024-06-13","A",,
"f1faead9-77bb-4a46-a90f-8501373e8cb5","D02","POSE","POSE.AOS.S2","POSE.SS.20240611.FIL","A00000371069","2024-06-11T12:42Z","2024-06-11T12:42Z","Illinois State Water Survey Central Analytical Laboratory",468.0,0.00338,5,"2024-06-13","A",,
"1a49a34e-0e19-457c-9c9c-17e67b6300d1","D02","POSE","POSE.AOS.S2","POSE.SS.20240611.FIL","A00000371069","2024-06-11T12:42Z","2024-06-11T12:42Z","Illinois State Water Survey Central Analytical Laboratory",430.0,0.00586,5,"2024-06-13","A",,
"6ac98235-7c33-466a-a414-b357c4d15686","D02","POSE","POSE.AOS.S2","POSE.SS.20240611.FIL.2","A00000371070","2024-06-11T12:42Z","2024-06-11T12:42Z","Illinois State Water Survey Central Analytical Laboratory",512.0,0.00210,5,"2024-06-13","B",,
"d88649e0-e2e9-4a96-a71b-d3e628043010","D02","POSE","POSE.AOS.S2","POSE.SS.20240611.FIL.2","A00000371070","2024-06-11T12:42Z","2024-06-11T12:42Z","Illinois State Water Survey Central Analytical Laboratory",382.0,0.01202,5,"2024-06-13","A",,
"19b573e7-81f3-4851-8622-84a4d1337280","D02","POSE","POSE.AOS.S2","POSE.SS.20240611.FIL","A00000371069","2024-06-11T12:42Z","2024-06-11T12:42Z","Illinois State Water Survey Central Analytical Laboratory",330.0,0.02788,5,"2024-06-13","B",,
"cc3628e4-0a52-4094-8724-d03fb0e2c12c","D02","POSE","POSE.AOS.S2","POSE.SS.20240611.FIL","A00000371069","2024-06-11T12:42Z","2024-06-11T12:42Z","Illinois State Water Survey Central Analytical Laboratory",534.0,0.00156,5,"2024-06-13","A",,
"f51e6864-54b9-4cb1-bc07-c4f8e5951a11","D02","POSE","POSE.AOS.S2","POSE.SS.20240611.FIL.2","A00000371070","2024-06-11T12:42Z","2024-06-11T12:42Z","Illinois State Water Survey Central Analytical Laboratory",324.0,0.03016,5,"2024-06-13","B",,
"9ccd8e29-8633-4878-8103-6fd8fcbeff26","D02","POSE","POSE.AOS.S2","POSE.SS.20240611.FIL","A00000371069","2024-06-11T12:42Z","2024-06-11T12:42Z","Illinois State Water Survey Central Analytical Laboratory",416.0,0.00724,5,"2024-06-13","B",,
"b4a0dec8-6e8b-4147-abfd-f8ddc1d855db","D02","POSE","POSE.AOS.S2","POSE.SS.20240611.FIL.3","A00000371071","2024-06-11T12:42Z","2024-06-11T12:42Z","Illinois State Water Survey Central Analytical Laboratory",280.0,0.05362,5,"2024-06-13","B",,
"45b1c787-6975-4a1a-9425-678840271ea2","D02","POSE","POSE.AOS.S2","POSE.SS.20240611.FIL","A00000371069","2024-06-11T12:42Z","2024-06-11T12:42Z","Illinois State Water Survey Central Analytical Laboratory",456.0,0.00400,5,"2024-06-13","B",,
"8fba8f22-b512-4710-b161-7940040a6887","D02","POSE","POSE.AOS.S2","POSE.SS.20240611.FIL","A00000371069","2024-06-11T12:42Z","2024-06-11T12:42Z","Illinois State Water Survey Central Analytical Laboratory",432.0,0.00566,5,"2024-06-13","A",,
"21cee80c-6794-4d26-9e02-0a3e044c58ec","D02","POSE","POSE.AOS.S2","POSE.SS.20240611.FIL.3","A00000371071","2024-06-11T12:42Z","2024-06-11T12:42Z","Illinois State Water Survey Central Analytical Laboratory",580.0,0.00100,5,"2024-06-13","B",,
"ec998881-4f0e-41dc-b2c9-9344d24d70c0","D02","POSE","POSE.AOS.S2","POSE.SS.20240611.FIL","A00000371069","2024-06-11T12:42Z","2024-06-11T12:42Z","Illinois State Water Survey Central Analytical Laboratory",374.0,0.01418,5,"2024-06-13","A",,
"cf68d928-ba57-40ad-bb03-922d0b196fb7","D02","POSE","POSE.AOS.S2","POSE.SS.20240611.FIL","A00000371069","2024-06-11T12:42Z","2024-06-11T12:42Z","Illinois State Water Survey Central Analytical Laboratory",358.0,0.01846,5,"2024-06-13","B",,
"9e36cb7d-3018-4592-9c31-a9a433dbf8ff","D02","POSE","POSE.AOS.S2","POSE.SS.20240611.FIL.3","A00000371071","2024-06-11T12:42Z","2024-06-11T12:42Z","Illinois State Water Survey Central Analytical Laboratory",574.0,0.00108,5,"2024-06-13","A",,
"8ad685ba-79a4-47a2-ae3b-7b3ac88b3205","D02","POSE","POSE.AOS.S2","POSE.SS.20240611.FIL","A00000371069","2024-06-11T12:42Z","2024-06-11T12:42Z","Illinois State Water Survey Central Analytical Laboratory",260.0,0.06660,5,"2024-06-13","B",,
"e1203222-50fe-4497-8dc1-052a3a34e346","D02","POSE","POSE.AOS.S2","POSE.SS.20240611.FIL.3","A00000371071","2024-06-11T12:42Z","2024-06-11T12:42Z","Illinois State Water Survey Central Analytical Laboratory",502.0,0.00220,5,"2024-06-13","B",,
"3206cb3d-3062-4a37-a63a-26a685ffa77c","D02","POSE","POSE.AOS.S2","POSE.SS.20240611.FIL","A00000371069","2024-06-11T12:42Z","2024-06-11T12:42Z","Illinois State Water Survey Central Analytical Laboratory",250.0,0.07300,5,"2024-06-13","B",,
"334074ff-fa35-45f1-b57b-6a3b4ac913a4","D02","POSE","POSE.AOS.S2","POSE.SS.20240611.FIL.3","A00000371071","2024-06-11T12:42Z","2024-06-11T12:42Z","Illinois State Water Survey Central Analytical Laboratory",546.0,0.00134,5,"2024-06-13","B",,
"c5494299-f5f8-429d-824a-fbda4fb65b91","D02","POSE","POSE.AOS.S2","POSE.SS.20240611.FIL","A00000371069","2024-06-11T12:42Z","2024-06-11T12:42Z","Illinois State Water Survey Central Analytical Laboratory",434.0,0.00552,5,"2024-06-13","A",,
"73cb95da-b881-413b-a4a3-5593e5543aa5","D02","POSE","POSE.AOS.S2","POSE.SS.20240611.FIL.3","A00000371071","2024-06-11T12:42Z","2024-06-11T12:42Z","Illinois State Water Survey Central Analytical Laboratory",522.0,0.00174,5,"2024-06-13","B",,
"9518cc5d-eea7-41a4-b2ca-957f51c2b8bf","D02","POSE","POSE.AOS.S2","POSE.SS.20240611.FIL.2","A00000371070","2024-06-11T12:42Z","2024-06-11T12:42Z","Illinois State Water Survey Central Analytical Laboratory",358.0,0.01782,5,"2024-06-13","A",,
"9d12bbc9-3992-463c-8d7b-018456e23714","D02","POSE","POSE.AOS.S2","POSE.SS.20240611.FIL.2","A00000371070","2024-06-11T12:42Z","2024-06-11T12:42Z","Illinois State Water Survey Central Analytical Laboratory",476.0,0.00294,5,"2024-06-13","A",,
"515286aa-ab26-4db5-91bd-6b68b8ea6b84","D02","POSE","POSE.AOS.S2","POSE.SS.20240611.FIL.3","A00000371071","2024-06-11T12:42Z","2024-06-11T12:42Z","Illinois State Water Survey Central Analytical Laboratory",264.0,0.06356,5,"2024-06-13","B",,
"cca3ef30-9fd8-4991-b22c-9063b6430df6","D02","POSE","POSE.AOS.S2","POSE.SS.20240611.FIL.3","A00000371071","2024-06-11T12:42Z","2024-06-11T12:42Z","Illinois State Water Survey Central Analytical Laboratory",588.0,0.00088,5,"2024-06-13","A",,
"987b0cf6-4f8c-4324-884c-e6b73f40ef4f","D02","POSE","POSE.AOS.S2","POSE.SS.20240611.FIL.3","A00000371071","2024-06-11T12:42Z","2024-06-11T12:42Z","Illinois State Water Survey Central Analytical Laboratory",572.0,0.00104,5,"2024-06-13","A",,
"36e15008-db38-4c40-831b-fa3e7d98c7a1","D02","POSE","POSE.AOS.S2","POSE.SS.20240611.FIL","A00000371069","2024-06-11T12:42Z","2024-06-11T12:42Z","Illinois State Water Survey Central Analytical Laboratory",392.0,0.01064,5,"2024-06-13","B",,
"5616d3e7-d0cb-4967-9a3c-edc501b1ebcb","D02","POSE","POSE.AOS.S2","POSE.SS.20240611.FIL.3","A00000371071","2024-06-11T12:42Z","2024-06-11T12:42Z","Illinois State Water Survey Central Analytical Laboratory",298.0,0.04234,5,"2024-06-13","A",,
"b894708d-2e14-43bd-8731-d3bfd6edc5be","D02","POSE","POSE.AOS.S2","POSE.SS.20240611.FIL.3","A00000371071","2024-06-11T12:42Z","2024-06-11T12:42Z","Illinois State Water Survey Central Analytical Laboratory",294.0,0.04466,5,"2024-06-13","B",,
"f27c3569-126f-40bf-8b36-f3df49511fcb","D02","POSE","POSE.AOS.S2","POSE.SS.20240611.FIL.3","A00000371071","2024-06-11T12:42Z","2024-06-11T12:42Z","Illinois State Water Survey Central Analytical Laboratory",488.0,0.00258,5,"2024-06-13","A",,
"d33f9179-fa94-4a44-a7fa-df5d91801d3d","D02","POSE","POSE.AOS.S2","POSE.SS.20240611.FIL.3","A00000371071","2024-06-11T12:42Z","2024-06-11T12:42Z","Illinois State Water Survey Central Analytical Laboratory",482.0,0.00280,5,"2024-06-13","A",,
"b058ebf7-e769-488f-aa2f-e69735230bd8","D02","POSE","POSE.AOS.S2","POSE.SS.20240611.FIL.2","A00000371070","2024-06-11T12:42Z","2024-06-11T12:42Z","Illinois State Water Survey Central Analytical Laboratory",258.0,0.06616,5,"2024-06-13","A",,
"be207257-e519-4d26-a0fa-d6714507039a","D02","POSE","POSE.AOS.S2","POSE.SS.20240611.FIL","A00000371069","2024-06-11T12:42Z","2024-06-11T12:42Z","Illinois State Water Survey Central Analytical Laboratory",284.0,0.05180,5,"2024-06-13","B",,
"00f41a32-b60d-4401-8d4f-76a5a03bb081","D02","POSE","POSE.AOS.S2","POSE.SS.20240611.FIL.2","A00000371070","2024-06-11T12:42Z","2024-06-11T12:42Z","Illinois State Water Survey Central Analytical Laboratory",290.0,0.04664,5,"2024-06-13","A",,
"81214224-aa0c-424d-8885-50ebf787af78","D02","POSE","POSE.AOS.S2","POSE.SS.20240611.FIL.2","A00000371070","2024-06-11T12:42Z","2024-06-11T12:42Z","Illinois State Water Survey Central Analytical Laboratory",532.0,0.00152,5,"2024-06-13","A",,
"bcb1ec16-9c1c-489f-8806-bd72d6089b78","D02","POSE","POSE.AOS.S2","POSE.SS.20240611.FIL","A00000371069","2024-06-11T12:42Z","2024-06-11T12:42Z","Illinois State Water Survey Central Analytical Laboratory",562.0,0.00120,5,"2024-06-13","B",,
"e27483c8-2cc7-4f8e-9327-8e2630617266","D02","POSE","POSE.AOS.S2","POSE.SS.20240611.FIL.3","A00000371071","2024-06-11T12:42Z","2024-06-11T12:42Z","Illinois State Water Survey Central Analytical Laboratory",334.0,0.02588,5,"2024-06-13","B",,
"f3fb3614-14e0-46ea-ae94-d1a2dadf7b88","D02","POSE","POSE.AOS.S2","POSE.SS.20240611.FIL","A00000371069","2024-06-11T12:42Z","2024-06-11T12:42Z","Illinois State Water Survey Central Analytical Laboratory",466.0,0.00346,5,"2024-06-13","A",,
"71ecc3dd-6d92-4774-98bf-80fbcbee0d88","D02","POSE","POSE.AOS.S2","POSE.SS.20240611.FIL.3","A00000371071","2024-06-11T12:42Z","2024-06-11T12:42Z","Illinois State Water Survey Central Analytical Laboratory",318.0,0.03238,5,"2024-06-13","A",,
"bbebc21e-1a0c-494c-9d03-448c420c5fc7","D02","POSE","POSE.AOS.S2","POSE.SS.20240611.FIL.2","A00000371070","2024-06-11T12:42Z","2024-06-11T12:42Z","Illinois State Water Survey Central Analytical Laboratory",314.0,0.03452,5,"2024-06-13","B",,
"f5962ff3-bfdb-4bac-a833-0e53021dffd5","D02","POSE","POSE.AOS.S2","POSE.SS.20240611.FIL.2","A00000371070","2024-06-11T12:42Z","2024-06-11T12:42Z","Illinois State Water Survey Central Analytical Laboratory",284.0,0.05050,5,"2024-06-13","A",,
"8cc3d8b5-c1fe-4a15-ae8a-a816dabbe6d9","D02","POSE","POSE.AOS.S2","POSE.SS.20240611.FIL.3","A00000371071","2024-06-11T12:42Z","2024-06-11T12:42Z","Illinois State Water Survey Central Analytical Laboratory",400.0,0.00910,5,"2024-06-13","A",,
"ebbd6a51-c579-4fc5-91fb-ca8579b2bcb8","D02","POSE","POSE.AOS.S2","POSE.SS.20240611.FIL.3","A00000371071","2024-06-11T12:42Z","2024-06-11T12:42Z","Illinois State Water Survey Central Analytical Laboratory",528.0,0.00164,5,"2024-06-13","B",,
"9f24cd62-b3e5-4c04-834e-6f49b5baee06","D02","POSE","POSE.AOS.S2","POSE.SS.20240611.FIL","A00000371069","2024-06-11T12:42Z","2024-06-11T12:42Z","Illinois State Water Survey Central Analytical Laboratory",590.0,0.00088,5,"2024-06-13","A",,
"3d29d086-d4c6-47ee-b7dc-fa09dae32a8f","D02","POSE","POSE.AOS.S2","POSE.SS.20240611.FIL.2","A00000371070","2024-06-11T12:42Z","2024-06-11T12:42Z","Illinois State Water Survey Central Analytical Laboratory",418.0,0.00670,5,"2024-06-13","A",,
"98d51ce5-f115-4edf-b118-ea57911d3db9","D02","POSE","POSE.AOS.S2","POSE.SS.20240611.FIL.2","A00000371070","2024-06-11T12:42Z","2024-06-11T12:42Z","Illinois State Water Survey Central Analytical Laboratory",432.0,0.00546,5,"2024-06-13","A",,
"a7ac823d-1c2d-47ff-a60b-e1ff76707c0c","D02","POSE","POSE.AOS.S2","POSE.SS.20240611.FIL","A00000371069","2024-06-11T12:42Z","2024-06-11T12:42Z","Illinois State Water Survey Central Analytical Laboratory",378.0,0.01330,5,"2024-06-13","A",,
"bbd3620a-0f39-4936-a63b-051cf6ac4f9e","D02","POSE","POSE.AOS.S2","POSE.SS.20240611.FIL","A00000371069","2024-06-11T12:42Z","2024-06-11T12:42Z","Illinois State Water Survey Central Analytical Laboratory",224.0,0.13888,5,"2024-06-13","B",,
"5b831bba-09d8-454e-b6f9-25c886087a4f","D02","POSE","POSE.AOS.S2","POSE.SS.20240611.FIL.2","A00000371070","2024-06-11T12:42Z","2024-06-11T12:42Z","Illinois State Water Survey Central Analytical Laboratory",424.0,0.00618,5,"2024-06-13","A",,
"72768fb5-723c-4d75-8dcc-7e6c18e05b6b","D02","POSE","POSE.AOS.S2","POSE.SS.20240611.FIL.3","A00000371071","2024-06-11T12:42Z","2024-06-11T12:42Z","Illinois State Water Survey Central Analytical Laboratory",224.0,0.13772,5,"2024-06-13","B",,
"cf78f052-7125-48aa-be72-9a5a3fa2e4b3","D02","POSE","POSE.AOS.S2","POSE.SS.20240611.FIL","A00000371069","2024-06-11T12:42Z","2024-06-11T12:42Z","Illinois State Water Survey Central Analytical Laboratory",332.0,0.02696,5,"2024-06-13","A",,
"2d7a5f39-39a9-4c30-a015-d9348bef2120","D02","POSE","POSE.AOS.S2","POSE.SS.20240611.FIL","A00000371069","2024-06-11T12:42Z","2024-06-11T12:42Z","Illinois State Water Survey Central Analytical Laboratory",306.0,0.03858,5,"2024-06-13","A",,
"e4898642-07e0-410d-87fc-36c62635266a","D02","POSE","POSE.AOS.S2","POSE.SS.20240611.FIL.3","A00000371071","2024-06-11T12:42Z","2024-06-11T12:42Z","Illinois State Water Survey Central Analytical Laboratory",376.0,0.01340,5,"2024-06-13","A",,
"1be004a8-8003-40ed-b429-0187c7e2954b","D02","POSE","POSE.AOS.S2","POSE.SS.20240611.FIL.3","A00000371071","2024-06-11T12:42Z","2024-06-11T12:42Z","Illinois State Water Survey Central Analytical Laboratory",350.0,0.02036,5,"2024-06-13","A",,
"e8b1764a-20a9-4a24-b294-693db7523658","D02","POSE","POSE.AOS.S2","POSE.SS.20240611.FIL.3","A00000371071","2024-06-11T12:42Z","2024-06-11T12:42Z","Illinois State Water Survey Central Analytical Laboratory",364.0,0.01640,5,"2024-06-13","B",,
"1e55a2eb-b3d6-4cd2-b0b6-e5d8b6349985","D02","POSE","POSE.AOS.S2","POSE.SS.20240611.FIL.2","A00000371070","2024-06-11T12:42Z","2024-06-11T12:42Z","Illinois State Water Survey Central Analytical Laboratory",390.0,0.01090,5,"2024-06-13","B",,
"c6734083-8f26-4b49-9327-d63d1305879f","D02","POSE","POSE.AOS.S2","POSE.SS.20240611.FIL","A00000371069","2024-06-11T12:42Z","2024-06-11T12:42Z","Illinois State Water Survey Central Analytical Laboratory",548.0,0.00140,5,"2024-06-13","B",,
"d84a29bb-386a-424b-8e79-4bdaf369f3bd","D02","POSE","POSE.AOS.S2","POSE.SS.20240611.FIL.3","A00000371071","2024-06-11T12:42Z","2024-06-11T12:42Z","Illinois State Water Survey Central Analytical Laboratory",332.0,0.02660,5,"2024-06-13","B",,
"9d6b5ed0-228b-4a28-a646-2a39ca494371","D02","POSE","POSE.AOS.S2","POSE.SS.20240611.FIL","A00000371069","2024-06-11T12:42Z","2024-06-11T12:42Z","Illinois State Water Survey Central Analytical Laboratory",272.0,0.05924,5,"2024-06-13","A",,
"ca298396-9b2a-4956-ba33-00f382cbec2c","D02","POSE","POSE.AOS.S2","POSE.SS.20240611.FIL","A00000371069","2024-06-11T12:42Z","2024-06-11T12:42Z","Illinois State Water Survey Central Analytical Laboratory",392.0,0.01054,5,"2024-06-13","A",,
"dd37d137-eb1d-4e0b-b409-7337a4cb6b2e","D02","POSE","POSE.AOS.S2","POSE.SS.20240611.FIL","A00000371069","2024-06-11T12:42Z","2024-06-11T12:42Z","Illinois State Water Survey Central Analytical Laboratory",270.0,0.06036,5,"2024-06-13","A",,
"a6deb24c-71ca-40ac-8c90-4110f5ed6e36","D02","POSE","POSE.AOS.S2","POSE.SS.20240611.FIL","A00000371069","2024-06-11T12:42Z","2024-06-11T12:42Z","Illinois State Water Survey Central Analytical Laboratory",434.0,0.00552,5,"2024-06-13","A",,
"f87a366c-dc9d-4820-97cc-1dc77bd6d962","D02","POSE","POSE.AOS.S2","POSE.SS.20240611.FIL","A00000371069","2024-06-11T12:42Z","2024-06-11T12:42Z","Illinois State Water Survey Central Analytical Laboratory",386.0,0.01160,5,"2024-06-13","A",,
"7de51b97-4a2e-487f-b76e-e60ed21b9aa9","D02","POSE","POSE.AOS.S2","POSE.SS.20240611.FIL.3","A00000371071","2024-06-11T12:42Z","2024-06-11T12:42Z","Illinois State Water Survey Central Analytical Laboratory",298.0,0.04242,5,"2024-06-13","B",,
"327e79df-f502-4d90-8d53-85a90491272f","D02","POSE","POSE.AOS.S2","POSE.SS.20240611.FIL.3","A00000371071","2024-06-11T12:42Z","2024-06-11T12:42Z","Illinois State Water Survey Central Analytical Laboratory",372.0,0.01432,5,"2024-06-13","A",,
"39ccc698-6d35-483d-94df-6a029d4a97dd","D02","POSE","POSE.AOS.S2","POSE.SS.20240611.FIL.2","A00000371070","2024-06-11T12:42Z","2024-06-11T12:42Z","Illinois State Water Survey Central Analytical Laboratory",350.0,0.02020,5,"2024-06-13","A",,
"4bbdfae4-506c-4b95-9b1b-1f6067b331b1","D02","POSE","POSE.AOS.S2","POSE.SS.20240611.FIL.2","A00000371070","2024-06-11T12:42Z","2024-06-11T12:42Z","Illinois State Water Survey Central Analytical Laboratory",538.0,0.00142,5,"2024-06-13","A",,
"634e2bc0-b8f4-4e49-b620-a9834f0a41c7","D02","POSE","POSE.AOS.S2","POSE.SS.20240611.FIL.2","A00000371070","2024-06-11T12:42Z","2024-06-11T12:42Z","Illinois State Water Survey Central Analytical Laboratory",470.0,0.00334,5,"2024-06-13","B",,
"56a56fef-f5db-409a-bf6c-d263f23baab8","D02","POSE","POSE.AOS.S2","POSE.SS.20240611.FIL","A00000371069","2024-06-11T12:42Z","2024-06-11T12:42Z","Illinois State Water Survey Central Analytical Laboratory",340.0,0.02414,5,"2024-06-13","B",,
"44ba1887-0c5b-4b3d-9af8-754a9ca02b0d","D02","POSE","POSE.AOS.S2","POSE.SS.20240611.FIL.2","A00000371070","2024-06-11T12:42Z","2024-06-11T12:42Z","Illinois State Water Survey Central Analytical Laboratory",582.0,0.00086,5,"2024-06-13","A",,
"290b27f4-3d5f-404e-87b5-57c6d16ca8e9","D02","POSE","POSE.AOS.S2","POSE.SS.20240611.FIL","A00000371069","2024-06-11T12:42Z","2024-06-11T12:42Z","Illinois State Water Survey Central Analytical Laboratory",538.0,0.00158,5,"2024-06-13","B",,
"eb05ea58-8127-4a6b-bcd3-75ffd38a9455","D02","POSE","POSE.AOS.S2","POSE.SS.20240611.FIL.3","A00000371071","2024-06-11T12:42Z","2024-06-11T12:42Z","Illinois State Water Survey Central Analytical Laboratory",444.0,0.00462,5,"2024-06-13","A",,
"7d10c5ce-317e-4a66-80e1-b425782df478","D02","POSE","POSE.AOS.S2","POSE.SS.20240611.FIL.2","A00000371070","2024-06-11T12:42Z","2024-06-11T12:42Z","Illinois State Water Survey Central Analytical Laboratory",334.0,0.02562,5,"2024-06-13","A",,
"d263cd56-f7eb-40fb-bdfc-678cbe774b5a","D02","POSE","POSE.AOS.S2","POSE.SS.20240611.FIL.3","A00000371071","2024-06-11T12:42Z","2024-06-11T12:42Z","Illinois State Water Survey Central Analytical Laboratory",580.0,0.00094,5,"2024-06-13","A",,
"07be2a1e-c972-4738-b74a-419d895dfb9b","D02","POSE","POSE.AOS.S2","POSE.SS.20240611.FIL.3","A00000371071","2024-06-11T12:42Z","2024-06-11T12:42Z","Illinois State Water Survey Central Analytical Laboratory",594.0,0.00088,5,"2024-06-13","A",,
"6692701c-be91-42d0-a905-572442e75904","D02","POSE","POSE.AOS.S2","POSE.SS.20240611.FIL","A00000371069","2024-06-11T12:42Z","2024-06-11T12:42Z","Illinois State Water Survey Central Analytical Laboratory",422.0,0.00668,5,"2024-06-13","B",,
"fad6913b-4f60-4579-9cbf-f7007d71f536","D02","POSE","POSE.AOS.S2","POSE.SS.20240611.FIL.3","A00000371071","2024-06-11T12:42Z","2024-06-11T12:42Z","Illinois State Water Survey Central Analytical Laboratory",362.0,0.01686,5,"2024-06-13","A",,
"0937e7bd-fb72-4c22-a00b-a114b1577818","D02","POSE","POSE.AOS.S2","POSE.SS.20240611.FIL","A00000371069","2024-06-11T12:42Z","2024-06-11T12:42Z","Illinois State Water Survey Central Analytical Laboratory",318.0,0.03298,5,"2024-06-13","B",,
"b3a226a2-84da-4105-b20e-2cc5f69c6e9b","D02","POSE","POSE.AOS.S2","POSE.SS.20240611.FIL.2","A00000371070","2024-06-11T12:42Z","2024-06-11T12:42Z","Illinois State Water Survey Central Analytical Laboratory",584.0,0.00088,5,"2024-06-13","A",,
"8feb3fe3-0ac4-4ddb-b36a-f645e1cd6ff7","D02","POSE","POSE.AOS.S2","POSE.SS.20240611.FIL.3","A00000371071","2024-06-11T12:42Z","2024-06-11T12:42Z","Illinois State Water Survey Central Analytical Laboratory",444.0,0.00464,5,"2024-06-13","B",,
"28eda43a-e3c0-4368-bb45-2775db5a7056","D02","POSE","POSE.AOS.S2","POSE.SS.20240611.FIL.3","A00000371071","2024-06-11T12:42Z","2024-06-11T12:42Z","Illinois State Water Survey Central Analytical Laboratory",286.0,0.04980,5,"2024-06-13","B",,
"84b81f2c-20e7-4b30-93f0-0b1abe375454","D02","POSE","POSE.AOS.S2","POSE.SS.20240611.FIL.3","A00000371071","2024-06-11T12:42Z","2024-06-11T12:42Z","Illinois State Water Survey Central Analytical Laboratory",236.0,0.08932,5,"2024-06-13","A",,
"b08b927b-f439-459f-82c4-cf8e8ab353c9","D02","POSE","POSE.AOS.S2","POSE.SS.20240611.FIL.3","A00000371071","2024-06-11T12:42Z","2024-06-11T12:42Z","Illinois State Water Survey Central Analytical Laboratory",248.0,0.07358,5,"2024-06-13","A",,
"a0ba14d3-36af-4411-aaed-a92d11b7979b","D02","POSE","POSE.AOS.S2","POSE.SS.20240611.FIL.3","A00000371071","2024-06-11T12:42Z","2024-06-11T12:42Z","Illinois State Water Survey Central Analytical Laboratory",348.0,0.02102,5,"2024-06-13","B",,
"cf8d181a-91ea-4a05-a94a-b68b4620683c","D02","POSE","POSE.AOS.S2","POSE.SS.20240611.FIL","A00000371069","2024-06-11T12:42Z","2024-06-11T12:42Z","Illinois State Water Survey Central Analytical Laboratory",482.0,0.00292,5,"2024-06-13","A",,
"fcf53712-e36a-409c-b0c4-bf59573dac45","D02","POSE","POSE.AOS.S2","POSE.SS.20240611.FIL","A00000371069","2024-06-11T12:42Z","2024-06-11T12:42Z","Illinois State Water Survey Central Analytical Laboratory",248.0,0.07450,5,"2024-06-13","B",,
"f835f21b-2b55-4f95-98ce-a669302dd386","D02","POSE","POSE.AOS.S2","POSE.SS.20240611.FIL","A00000371069","2024-06-11T12:42Z","2024-06-11T12:42Z","Illinois State Water Survey Central Analytical Laboratory",350.0,0.02074,5,"2024-06-13","A",,
"1e2befb8-43a2-480b-88ce-be336e5aa831","D02","POSE","POSE.AOS.S2","POSE.SS.20240611.FIL","A00000371069","2024-06-11T12:42Z","2024-06-11T12:42Z","Illinois State Water Survey Central Analytical Laboratory",314.0,0.03462,5,"2024-06-13","A",,
"69e95e77-0a7a-48c9-a5c6-df635a37993d","D02","POSE","POSE.AOS.S2","POSE.SS.20240611.FIL.3","A00000371071","2024-06-11T12:42Z","2024-06-11T12:42Z","Illinois State Water Survey Central Analytical Laboratory",234.0,0.09400,5,"2024-06-13","A",,
"84ce26b1-0ab2-4960-9f12-c5adf91c0c58","D02","POSE","POSE.AOS.S2","POSE.SS.20240611.FIL","A00000371069","2024-06-11T12:42Z","2024-06-11T12:42Z","Illinois State Water Survey Central Analytical Laboratory",432.0,0.00566,5,"2024-06-13","A",,
"a700e24d-81a1-4a03-8323-c6726620d37d","D02","POSE","POSE.AOS.S2","POSE.SS.20240611.FIL","A00000371069","2024-06-11T12:42Z","2024-06-11T12:42Z","Illinois State Water Survey Central Analytical Laboratory",542.0,0.00146,5,"2024-06-13","A",,
"38ae4468-28eb-42f7-b406-877e8800b5ee","D02","POSE","POSE.AOS.S2","POSE.SS.20240611.FIL.3","A00000371071","2024-06-11T12:42Z","2024-06-11T12:42Z","Illinois State Water Survey Central Analytical Laboratory",368.0,0.01530,5,"2024-06-13","A",,
"8d73400d-47a8-417c-996e-cf5e025d64ee","D02","POSE","POSE.AOS.S2","POSE.SS.20240611.FIL","A00000371069","2024-06-11T12:42Z","2024-06-11T12:42Z","Illinois State Water Survey Central Analytical Laboratory",378.0,0.01342,5,"2024-06-13","B",,
"f0392010-8057-4057-8fc1-ae0a7a499036","D02","POSE","POSE.AOS.S2","POSE.SS.20240611.FIL","A00000371069","2024-06-11T12:42Z","2024-06-11T12:42Z","Illinois State Water Survey Central Analytical Laboratory",598.0,0.00086,5,"2024-06-13","B",,
"117a0299-4227-4c10-ad80-403d77dc5b5b","D02","POSE","POSE.AOS.S2","POSE.SS.20240611.FIL.3","A00000371071","2024-06-11T12:42Z","2024-06-11T12:42Z","Illinois State Water Survey Central Analytical Laboratory",398.0,0.00940,5,"2024-06-13","A",,
"6896cee1-7629-476c-a469-a74892fa351e","D02","POSE","POSE.AOS.S2","POSE.SS.20240611.FIL.2","A00000371070","2024-06-11T12:42Z","2024-06-11T12:42Z","Illinois State Water Survey Central Analytical Laboratory",250.0,0.07262,5,"2024-06-13","B",,
"53fddd8b-fdd6-471f-a395-baf5cfbb7d38","D02","POSE","POSE.AOS.S2","POSE.SS.20240611.FIL.2","A00000371070","2024-06-11T12:42Z","2024-06-11T12:42Z","Illinois State Water Survey Central Analytical Laboratory",554.0,0.00116,5,"2024-06-13","A",,
"2ce1b2c2-98fe-4fbd-af4f-7f9faba8a9d9","D02","POSE","POSE.AOS.S2","POSE.SS.20240611.FIL.3","A00000371071","2024-06-11T12:42Z","2024-06-11T12:42Z","Illinois State Water Survey Central Analytical Laboratory",320.0,0.03164,5,"2024-06-13","B",,
"e3a9ea15-f7e9-49ca-a4a5-bdc1c6c05c23","D02","POSE","POSE.AOS.S2","POSE.SS.20240611.FIL.3","A00000371071","2024-06-11T12:42Z","2024-06-11T12:42Z","Illinois State Water Survey Central Analytical Laboratory",432.0,0.00554,5,"2024-06-13","B",,
"6072a61f-b8ab-4ae1-9337-3fadae58614a","D02","POSE","POSE.AOS.S2","POSE.SS.20240611.FIL","A00000371069","2024-06-11T12:42Z","2024-06-11T12:42Z","Illinois State Water Survey Central Analytical Laboratory",480.0,0.00296,5,"2024-06-13","A",,
"cf9b65f9-9712-4363-96e5-3f888ebd33ee","D02","POSE","POSE.AOS.S2","POSE.SS.20240611.FIL.2","A00000371070","2024-06-11T12:42Z","2024-06-11T12:42Z","Illinois State Water Survey Central Analytical Laboratory",472.0,0.00330,5,"2024-06-13","B",,
"dc8d36d3-2d05-4ced-9a08-ac3dcf67fd2c","D02","POSE","POSE.AOS.S2","POSE.SS.20240611.FIL.3","A00000371071","2024-06-11T12:42Z","2024-06-11T12:42Z","Illinois State Water Survey Central Analytical Laboratory",440.0,0.00492,5,"2024-06-13","A",,
"192cdd72-470e-4cf2-8c20-fb2842ea7616","D02","POSE","POSE.AOS.S2","POSE.SS.20240611.FIL.2","A00000371070","2024-06-11T12:42Z","2024-06-11T12:42Z","Illinois State Water Survey Central Analytical Laboratory",574.0,0.00120,5,"2024-06-13","B",,
"94f11ba6-6934-40ba-95c2-f1de4c44fcd9","D02","POSE","POSE.AOS.S2","POSE.SS.20240611.FIL","A00000371069","2024-06-11T12:42Z","2024-06-11T12:42Z","Illinois State Water Survey Central Analytical Laboratory",538.0,0.00150,5,"2024-06-13","A",,
"8e8a0486-f8c0-4cee-b227-ff601dc01f7a","D02","POSE","POSE.AOS.S2","POSE.SS.20240611.FIL","A00000371069","2024-06-11T12:42Z","2024-06-11T12:42Z","Illinois State Water Survey Central Analytical Laboratory",528.0,0.00164,5,"2024-06-13","A",,
"b29160c8-a4c5-4ddb-9265-29025a97f215","D02","POSE","POSE.AOS.S2","POSE.SS.20240611.FIL.3","A00000371071","2024-06-11T12:42Z","2024-06-11T12:42Z","Illinois State Water Survey Central Analytical Laboratory",570.0,0.00110,5,"2024-06-13","B",,
"f9d43d78-dbe3-47d5-a0e3-4bcb0022ffa1","D02","POSE","POSE.AOS.S2","POSE.SS.20240611.FIL.2","A00000371070","2024-06-11T12:42Z","2024-06-11T12:42Z","Illinois State Water Survey Central Analytical Laboratory",288.0,0.04892,5,"2024-06-13","B",,
"9fce4e89-1ec6-4e57-8253-1774689f939e","D02","POSE","POSE.AOS.S2","POSE.SS.20240611.FIL","A00000371069","2024-06-11T12:42Z","2024-06-11T12:42Z","Illinois State Water Survey Central Analytical Laboratory",222.0,0.15342,5,"2024-06-13","A",,
"e81ec80d-d1c4-45b0-b77b-0bdc3c4dd0e1","D02","POSE","POSE.AOS.S2","POSE.SS.20240611.FIL","A00000371069","2024-06-11T12:42Z","2024-06-11T12:42Z","Illinois State Water Survey Central Analytical Laboratory",522.0,0.00180,5,"2024-06-13","B",,
"67a57143-a412-4a25-a03c-7eb8c729d83c","D02","POSE","POSE.AOS.S2","POSE.SS.20240611.FIL.3","A00000371071","2024-06-11T12:42Z","2024-06-11T12:42Z","Illinois State Water Survey Central Analytical Laboratory",420.0,0.00662,5,"2024-06-13","B",,
"25e3436e-1c8b-44b5-a680-c31bda0ad922","D02","POSE","POSE.AOS.S2","POSE.SS.20240611.FIL","A00000371069","2024-06-11T12:42Z","2024-06-11T12:42Z","Illinois State Water Survey Central Analytical Laboratory",310.0,0.03672,5,"2024-06-13","B",,
"a297dd38-b56c-402e-9f7f-91184f22d65b","D02","POSE","POSE.AOS.S2","POSE.SS.20240611.FIL.2","A00000371070","2024-06-11T12:42Z","2024-06-11T12:42Z","Illinois State Water Survey Central Analytical Laboratory",556.0,0.00134,5,"2024-06-13","B",,
"da91f08b-da2f-47ff-8140-433b21f72032","D02","POSE","POSE.AOS.S2","POSE.SS.20240611.FIL.3","A00000371071","2024-06-11T12:42Z","2024-06-11T12:42Z","Illinois State Water Survey Central Analytical Laboratory",228.0,0.11480,5,"2024-06-13","B",,
"a0ab0b00-c4ea-43a5-ab2d-c5b8184a2e49","D02","POSE","POSE.AOS.S2","POSE.SS.20240611.FIL.3","A00000371071","2024-06-11T12:42Z","2024-06-11T12:42Z","Illinois State Water Survey Central Analytical Laboratory",392.0,0.01032,5,"2024-06-13","A",,
"90a722d0-8f3a-4905-b40f-fbabc72f4e46","D02","POSE","POSE.AOS.S2","POSE.SS.20240611.FIL.3","A00000371071","2024-06-11T12:42Z","2024-06-11T12:42Z","Illinois State Water Survey Central Analytical Laboratory",438.0,0.00506,5,"2024-06-13","A",,
"ae80f7b7-f67d-4ab3-b86b-0ca6cd81f892","D02","POSE","POSE.AOS.S2","POSE.SS.20240611.FIL.2","A00000371070","2024-06-11T12:42Z","2024-06-11T12:42Z","Illinois State Water Survey Central Analytical Laboratory",226.0,0.12556,5,"2024-06-13","B",,
"228e120f-3d62-4f70-ad0f-0ab324955f7b","D02","POSE","POSE.AOS.S2","POSE.SS.20240611.FIL.2","A00000371070","2024-06-11T12:42Z","2024-06-11T12:42Z","Illinois State Water Survey Central Analytical Laboratory",378.0,0.01330,5,"2024-06-13","B",,
"137e5915-c25f-4fd2-a43e-eaf9a7e21087","D02","POSE","POSE.AOS.S2","POSE.SS.20240611.FIL","A00000371069","2024-06-11T12:42Z","2024-06-11T12:42Z","Illinois State Water Survey Central Analytical Laboratory",600.0,0.00084,5,"2024-06-13","A",,
"7a962eb3-ad6e-4283-9c0a-1b9aaedaaafc","D02","POSE","POSE.AOS.S2","POSE.SS.20240611.FIL.3","A00000371071","2024-06-11T12:42Z","2024-06-11T12:42Z","Illinois State Water Survey Central Analytical Laboratory",338.0,0.02432,5,"2024-06-13","A",,
"c4c1d381-377d-4a6a-a35f-ca9d920cb3bf","D02","POSE","POSE.AOS.S2","POSE.SS.20240611.FIL.2","A00000371070","2024-06-11T12:42Z","2024-06-11T12:42Z","Illinois State Water Survey Central Analytical Laboratory",482.0,0.00278,5,"2024-06-13","A",,
"e81d3aca-0fd9-4a75-add4-ce274a850208","D02","POSE","POSE.AOS.S2","POSE.SS.20240611.FIL.3","A00000371071","2024-06-11T12:42Z","2024-06-11T12:42Z","Illinois State Water Survey Central Analytical Laboratory",482.0,0.00284,5,"2024-06-13","B",,
"cdf80482-c8b6-4633-9efc-8b319a504e0f","D02","POSE","POSE.AOS.S2","POSE.SS.20240611.FIL.3","A00000371071","2024-06-11T12:42Z","2024-06-11T12:42Z","Illinois State Water Survey Central Analytical Laboratory",378.0,0.01304,5,"2024-06-13","B",,
"12922fcc-6bc0-455e-9e6f-06991adb9bae","D02","POSE","POSE.AOS.S2","POSE.SS.20240611.FIL.2","A00000371070","2024-06-11T12:42Z","2024-06-11T12:42Z","Illinois State Water Survey Central Analytical Laboratory",430.0,0.00562,5,"2024-06-13","A",,
"4ef141c1-4cf1-4c69-a4dc-f675466cdf2d","D02","POSE","POSE.AOS.S2","POSE.SS.20240611.FIL.2","A00000371070","2024-06-11T12:42Z","2024-06-11T12:42Z","Illinois State Water Survey Central Analytical Laboratory",232.0,0.10058,5,"2024-06-13","B",,
"7c8ef302-5218-4c55-9d42-80b363fd6c29","D02","POSE","POSE.AOS.S2","POSE.SS.20240611.FIL.2","A00000371070","2024-06-11T12:42Z","2024-06-11T12:42Z","Illinois State Water Survey Central Analytical Laboratory",396.0,0.00956,5,"2024-06-13","A",,
"78b7293a-e917-49ec-b8a1-c3dab2e8780a","D02","POSE","POSE.AOS.S2","POSE.SS.20240611.FIL.3","A00000371071","2024-06-11T12:42Z","2024-06-11T12:42Z","Illinois State Water Survey Central Analytical Laboratory",276.0,0.05612,5,"2024-06-13","B",,
"993663c2-e92f-402b-850c-74fb5eecd450","D02","POSE","POSE.AOS.S2","POSE.SS.20240611.FIL.3","A00000371071","2024-06-11T12:42Z","2024-06-11T12:42Z","Illinois State Water Survey Central Analytical Laboratory",248.0,0.07372,5,"2024-06-13","B",,
"6e605341-f182-476a-985d-19381153ae05","D02","POSE","POSE.AOS.S2","POSE.SS.20240611.FIL.2","A00000371070","2024-06-11T12:42Z","2024-06-11T12:42Z","Illinois State Water Survey Central Analytical Laboratory",562.0,0.00124,5,"2024-06-13","B",,
"1f99ed38-3c01-4513-b71d-27b9900c8cbe","D02","POSE","POSE.AOS.S2","POSE.SS.20240611.FIL.3","A00000371071","2024-06-11T12:42Z","2024-06-11T12:42Z","Illinois State Water Survey Central Analytical Laboratory",452.0,0.00410,5,"2024-06-13","B",,
"fd2448cd-dd9e-45fd-9c48-ac39075adfd4","D02","POSE","POSE.AOS.S2","POSE.SS.20240611.FIL.2","A00000371070","2024-06-11T12:42Z","2024-06-11T12:42Z","Illinois State Water Survey Central Analytical Laboratory",574.0,0.00098,5,"2024-06-13","A",,
"77b2e72f-a4da-47e3-826f-10929fb7dde8","D02","POSE","POSE.AOS.S2","POSE.SS.20240611.FIL.2","A00000371070","2024-06-11T12:42Z","2024-06-11T12:42Z","Illinois State Water Survey Central Analytical Laboratory",270.0,0.06016,5,"2024-06-13","B",,
"f779f9df-ce9b-4cb2-90b4-9f2a5e76b557","D02","POSE","POSE.AOS.S2","POSE.SS.20240611.FIL.2","A00000371070","2024-06-11T12:42Z","2024-06-11T12:42Z","Illinois State Water Survey Central Analytical Laboratory",328.0,0.02790,5,"2024-06-13","A",,
"0e1f380a-3a07-455d-8add-2a8741a71f3f","D02","POSE","POSE.AOS.S2","POSE.SS.20240611.FIL.2","A00000371070","2024-06-11T12:42Z","2024-06-11T12:42Z","Illinois State Water Survey Central Analytical Laboratory",410.0,0.00796,5,"2024-06-13","B",,
"a3a4d581-f96a-4da0-b637-c4a703e948b9","D02","POSE","POSE.AOS.S2","POSE.SS.20240611.FIL.3","A00000371071","2024-06-11T12:42Z","2024-06-11T12:42Z","Illinois State Water Survey Central Analytical Laboratory",412.0,0.00750,5,"2024-06-13","B",,
"2c8af204-1e12-4f1e-8590-a17641daf5b5","D02","POSE","POSE.AOS.S2","POSE.SS.20240611.FIL.3","A00000371071","2024-06-11T12:42Z","2024-06-11T12:42Z","Illinois State Water Survey Central Analytical Laboratory",532.0,0.00156,5,"2024-06-13","B",,
"29b4cff4-faf8-4c66-b0ba-dee648397ef2","D02","POSE","POSE.AOS.S2","POSE.SS.20240611.FIL","A00000371069","2024-06-11T12:42Z","2024-06-11T12:42Z","Illinois State Water Survey Central Analytical Laboratory",332.0,0.02706,5,"2024-06-13","B",,
"145fe7c4-be78-4915-a8dc-486c2775dafa","D02","POSE","POSE.AOS.S2","POSE.SS.20240611.FIL.3","A00000371071","2024-06-11T12:42Z","2024-06-11T12:42Z","Illinois State Water Survey Central Analytical Laboratory",402.0,0.00882,5,"2024-06-13","B",,
"acfa434d-4d7d-46f4-aecd-589f35a00c33","D02","POSE","POSE.AOS.S2","POSE.SS.20240611.FIL.3","A00000371071","2024-06-11T12:42Z","2024-06-11T12:42Z","Illinois State Water Survey Central Analytical Laboratory",588.0,0.00086,5,"2024-06-13","B",,
"b2da8174-e188-4a4b-bfd9-8571e047a1a8","D02","POSE","POSE.AOS.S2","POSE.SS.20240611.FIL","A00000371069","2024-06-11T12:42Z","2024-06-11T12:42Z","Illinois State Water Survey Central Analytical Laboratory",476.0,0.00308,5,"2024-06-13","A",,
"a624acf5-3c93-42b2-834b-ff1819ffba69","D02","POSE","POSE.AOS.S2","POSE.SS.20240611.FIL.2","A00000371070","2024-06-11T12:42Z","2024-06-11T12:42Z","Illinois State Water Survey Central Analytical Laboratory",504.0,0.00224,5,"2024-06-13","B",,
"ff247e5c-5586-49b9-b37e-9921f15ca4ab","D02","POSE","POSE.AOS.S2","POSE.SS.20240611.FIL","A00000371069","2024-06-11T12:42Z","2024-06-11T12:42Z","Illinois State Water Survey Central Analytical Laboratory",348.0,0.02148,5,"2024-06-13","B",,
"d8739fce-4191-4441-badf-d184b8d51246","D02","POSE","POSE.AOS.S2","POSE.SS.20240611.FIL.3","A00000371071","2024-06-11T12:42Z","2024-06-11T12:42Z","Illinois State Water Survey Central Analytical Laboratory",508.0,0.00206,5,"2024-06-13","A",,
"3c849ebb-80f6-4f49-9de6-c7774af9a0d8","D02","POSE","POSE.AOS.S2","POSE.SS.20240611.FIL","A00000371069","2024-06-11T12:42Z","2024-06-11T12:42Z","Illinois State Water Survey Central Analytical Laboratory",354.0,0.01962,5,"2024-06-13","B",,
"c428ca8a-809e-4527-97d2-f7209d2ddbfc","D02","POSE","POSE.AOS.S2","POSE.SS.20240611.FIL.2","A00000371070","2024-06-11T12:42Z","2024-06-11T12:42Z","Illinois State Water Survey Central Analytical Laboratory",420.0,0.00680,5,"2024-06-13","B",,
"0adc4e8d-22a4-4cda-be38-e284957b1b0f","D02","POSE","POSE.AOS.S2","POSE.SS.20240611.FIL.3","A00000371071","2024-06-11T12:42Z","2024-06-11T12:42Z","Illinois State Water Survey Central Analytical Laboratory",494.0,0.00238,5,"2024-06-13","B",,
"1e8dfe94-ccfa-4b23-9593-92bcf3c95a7d","D02","POSE","POSE.AOS.S2","POSE.SS.20240611.FIL","A00000371069","2024-06-11T12:42Z","2024-06-11T12:42Z","Illinois State Water Survey Central Analytical Laboratory",484.0,0.00288,5,"2024-06-13","B",,
"ada5dee1-5027-4d2f-be24-e81d8781245a","D02","POSE","POSE.AOS.S2","POSE.SS.20240611.FIL.3","A00000371071","2024-06-11T12:42Z","2024-06-11T12:42Z","Illinois State Water Survey Central Analytical Laboratory",304.0,0.03920,5,"2024-06-13","B",,
"c0a6040b-5eab-49d7-a79d-9e7a7f89073f","D02","POSE","POSE.AOS.S2","POSE.SS.20240611.FIL.2","A00000371070","2024-06-11T12:42Z","2024-06-11T12:42Z","Illinois State Water Survey Central Analytical Laboratory",394.0,0.00988,5,"2024-06-13","A",,
"202e291f-fe44-40da-be27-7ba184064a24","D02","POSE","POSE.AOS.S2","POSE.SS.20240611.FIL.2","A00000371070","2024-06-11T12:42Z","2024-06-11T12:42Z","Illinois State Water Survey Central Analytical Laboratory",292.0,0.04628,5,"2024-06-13","B",,
"39a63d4e-de22-43b6-9961-ac7655ed0f31","D02","POSE","POSE.AOS.S2","POSE.SS.20240611.FIL","A00000371069","2024-06-11T12:42Z","2024-06-11T12:42Z","Illinois State Water Survey Central Analytical Laboratory",378.0,0.01342,5,"2024-06-13","B",,
"c5f7e82e-dc61-4c28-8e2e-dd9aa94b3be3","D02","POSE","POSE.AOS.S2","POSE.SS.20240611.FIL.3","A00000371071","2024-06-11T12:42Z","2024-06-11T12:42Z","Illinois State Water Survey Central Analytical Laboratory",242.0,0.07954,5,"2024-06-13","A",,
"6de78e4d-091a-4941-8f33-eb3d9d178a65","D02","POSE","POSE.AOS.S2","POSE.SS.20240611.FIL","A00000371069","2024-06-11T12:42Z","2024-06-11T12:42Z","Illinois State Water Survey Central Analytical Laboratory",528.0,0.00170,5,"2024-06-13","B",,
"b153b04a-6787-4e46-b14d-59a9e09e168a","D02","POSE","POSE.AOS.S2","POSE.SS.20240611.FIL.2","A00000371070","2024-06-11T12:42Z","2024-06-11T12:42Z","Illinois State Water Survey Central Analytical Laboratory",434.0,0.00530,5,"2024-06-13","A",,
"3f97c762-b09c-4fbc-99fd-af9f07c00076","D02","POSE","POSE.AOS.S2","POSE.SS.20240611.FIL.3","A00000371071","2024-06-11T12:42Z","2024-06-11T12:42Z","Illinois State Water Survey Central Analytical Laboratory",394.0,0.00996,5,"2024-06-13","A",,
"984d67f1-639f-4d58-89a3-a88346241961","D02","POSE","POSE.AOS.S2","POSE.SS.20240611.FIL.2","A00000371070","2024-06-11T12:42Z","2024-06-11T12:42Z","Illinois State Water Survey Central Analytical Laboratory",482.0,0.00300,5,"2024-06-13","B",,
"b6ada899-d725-4376-bef6-0d01333af7d3","D02","POSE","POSE.AOS.S2","POSE.SS.20240611.FIL","A00000371069","2024-06-11T12:42Z","2024-06-11T12:42Z","Illinois State Water Survey Central Analytical Laboratory",534.0,0.00160,5,"2024-06-13","B",,
"f86a1949-0d8c-4e4d-a20e-7d0786dd86df","D02","POSE","POSE.AOS.S2","POSE.SS.20240611.FIL.3","A00000371071","2024-06-11T12:42Z","2024-06-11T12:42Z","Illinois State Water Survey Central Analytical Laboratory",306.0,0.03814,5,"2024-06-13","B",,
"c9b87ceb-3532-44d7-b331-18624ea5f1ab","D02","POSE","POSE.AOS.S2","POSE.SS.20240611.FIL.2","A00000371070","2024-06-11T12:42Z","2024-06-11T12:42Z","Illinois State Water Survey Central Analytical Laboratory",302.0,0.04054,5,"2024-06-13","B",,
"6dca874b-4a59-4d5f-a4d5-df457fe6a11d","D02","POSE","POSE.AOS.S2","POSE.SS.20240611.FIL.2","A00000371070","2024-06-11T12:42Z","2024-06-11T12:42Z","Illinois State Water Survey Central Analytical Laboratory",300.0,0.04080,5,"2024-06-13","A",,
"45e17d86-933d-42a4-ae00-1a27c6221a16","D02","POSE","POSE.AOS.S2","POSE.SS.20240611.FIL","A00000371069","2024-06-11T12:42Z","2024-06-11T12:42Z","Illinois State Water Survey Central Analytical Laboratory",544.0,0.00144,5,"2024-06-13","B",,
"0d7bab1c-379b-42c3-8e48-5abfb40a04dd","D02","POSE","POSE.AOS.S2","POSE.SS.20240611.FIL","A00000371069","2024-06-11T12:42Z","2024-06-11T12:42Z","Illinois State Water Survey Central Analytical Laboratory",314.0,0.03476,5,"2024-06-13","B",,
"aae8a07f-46de-4f91-9948-b0d62d42456f","D02","POSE","POSE.AOS.S2","POSE.SS.20240611.FIL.2","A00000371070","2024-06-11T12:42Z","2024-06-11T12:42Z","Illinois State Water Survey Central Analytical Laboratory",400.0,0.00932,5,"2024-06-13","B",,
"e2194af4-3337-4831-a3f1-a0a441666744","D02","POSE","POSE.AOS.S2","POSE.SS.20240611.FIL","A00000371069","2024-06-11T12:42Z","2024-06-11T12:42Z","Illinois State Water Survey Central Analytical Laboratory",554.0,0.00126,5,"2024-06-13","A",,
"6889ed22-5fc1-4899-b619-8ff54ab4f760","D02","POSE","POSE.AOS.S2","POSE.SS.20240611.FIL","A00000371069","2024-06-11T12:42Z","2024-06-11T12:42Z","Illinois State Water Survey Central Analytical Laboratory",356.0,0.01902,5,"2024-06-13","B",,
"b695f58b-2233-4434-8d16-156b45b4c25e","D02","POSE","POSE.AOS.S2","POSE.SS.20240611.FIL.2","A00000371070","2024-06-11T12:42Z","2024-06-11T12:42Z","Illinois State Water Survey Central Analytical Laboratory",524.0,0.00184,5,"2024-06-13","B",,
"e01583a7-ca2e-443c-90b9-3216fcf80793","D02","POSE","POSE.AOS.S2","POSE.SS.20240611.FIL.3","A00000371071","2024-06-11T12:42Z","2024-06-11T12:42Z","Illinois State Water Survey Central Analytical Laboratory",394.0,0.00998,5,"2024-06-13","B",,
"a2b9f60d-79de-4aea-ada4-62f055bf5d1d","D02","POSE","POSE.AOS.S2","POSE.SS.20240611.FIL.3","A00000371071","2024-06-11T12:42Z","2024-06-11T12:42Z","Illinois State Water Survey Central Analytical Laboratory",572.0,0.00108,5,"2024-06-13","B",,
"84fe9bae-8327-460b-9c10-1d08acbbf742","D02","POSE","POSE.AOS.S2","POSE.SS.20240611.FIL.2","A00000371070","2024-06-11T12:42Z","2024-06-11T12:42Z","Illinois State Water Survey Central Analytical Laboratory",600.0,0.00096,5,"2024-06-13","B",,
"50510ceb-eedc-4a82-aa91-add174eada1c","D02","POSE","POSE.AOS.S2","POSE.SS.20240611.FIL.2","A00000371070","2024-06-11T12:42Z","2024-06-11T12:42Z","Illinois State Water Survey Central Analytical Laboratory",312.0,0.03484,5,"2024-06-13","A",,
"3de25181-e8a9-42a3-a3fe-18641c4dfbff","D02","POSE","POSE.AOS.S2","POSE.SS.20240611.FIL.3","A00000371071","2024-06-11T12:42Z","2024-06-11T12:42Z","Illinois State Water Survey Central Analytical Laboratory",450.0,0.00420,5,"2024-06-13","A",,
"0bb38100-817a-48ed-bd96-925a588578fb","D02","POSE","POSE.AOS.S2","POSE.SS.20240611.FIL.3","A00000371071","2024-06-11T12:42Z","2024-06-11T12:42Z","Illinois State Water Survey Central Analytical Laboratory",234.0,0.09422,5,"2024-06-13","B",,
"86130a3c-b881-49d4-8afc-2b63b670d148","D02","POSE","POSE.AOS.S2","POSE.SS.20240611.FIL.3","A00000371071","2024-06-11T12:42Z","2024-06-11T12:42Z","Illinois State Water Survey Central Analytical Laboratory",312.0,0.03518,5,"2024-06-13","A",,
"6caa108e-a79f-48fa-a863-6b24b510a4a2","D02","POSE","POSE.AOS.S2","POSE.SS.20240611.FIL","A00000371069","2024-06-11T12:42Z","2024-06-11T12:42Z","Illinois State Water Survey Central Analytical Laboratory",564.0,0.00120,5,"2024-06-13","B",,
"59b2389e-d3c8-4119-a0ca-cf6f53b96eb4","D02","POSE","POSE.AOS.S2","POSE.SS.20240611.FIL","A00000371069","2024-06-11T12:42Z","2024-06-11T12:42Z","Illinois State Water Survey Central Analytical Laboratory",228.0,0.11554,5,"2024-06-13","A",,
"4c566e4d-ccfe-4888-a44b-7448f2608a30","D02","POSE","POSE.AOS.S2","POSE.SS.20240611.FIL.3","A00000371071","2024-06-11T12:42Z","2024-06-11T12:42Z","Illinois State Water Survey Central Analytical Laboratory",526.0,0.00166,5,"2024-06-13","B",,
"d8afebe5-857c-4114-b699-25cc7bb8ae99","D02","POSE","POSE.AOS.S2","POSE.SS.20240611.FIL","A00000371069","2024-06-11T12:42Z","2024-06-11T12:42Z","Illinois State Water Survey Central Analytical Laboratory",420.0,0.00678,5,"2024-06-13","A",,
"65378be9-27a9-4e1c-a4d6-959cf69c8ab2","D02","POSE","POSE.AOS.S2","POSE.SS.20240611.FIL.2","A00000371070","2024-06-11T12:42Z","2024-06-11T12:42Z","Illinois State Water Survey Central Analytical Laboratory",462.0,0.00344,5,"2024-06-13","A",,
"97137aeb-9f53-4e8d-b7a1-f0fdd04aedf7","D02","POSE","POSE.AOS.S2","POSE.SS.20240611.FIL.3","A00000371071","2024-06-11T12:42Z","2024-06-11T12:42Z","Illinois State Water Survey Central Analytical Laboratory",562.0,0.00112,5,"2024-06-13","A",,
"1c3cca8f-6ed8-4ce5-adfe-62d67fe4c19b","D02","POSE","POSE.AOS.S2","POSE.SS.20240611.FIL.3","A00000371071","2024-06-11T12:42Z","2024-06-11T12:42Z","Illinois State Water Survey Central Analytical Laboratory",584.0,0.00098,5,"2024-06-13","B",,
"b4050332-0a33-445b-b138-0e27d63ea6c3","D02","POSE","POSE.AOS.S2","POSE.SS.20240611.FIL.2","A00000371070","2024-06-11T12:42Z","2024-06-11T12:42Z","Illinois State Water Survey Central Analytical Laboratory",292.0,0.04544,5,"2024-06-13","A",,
"2fe727c5-24f1-4f9c-aedf-c1825e204ab1","D02","POSE","POSE.AOS.S2","POSE.SS.20240611.FIL","A00000371069","2024-06-11T12:42Z","2024-06-11T12:42Z","Illinois State Water Survey Central Analytical Laboratory",244.0,0.07842,5,"2024-06-13","B",,
"3597fb07-ecb7-414e-a9db-2373299597e1","D02","POSE","POSE.AOS.S2","POSE.SS.20240611.FIL","A00000371069","2024-06-11T12:42Z","2024-06-11T12:42Z","Illinois State Water Survey Central Analytical Laboratory",580.0,0.00102,5,"2024-06-13","B",,
"d568f717-ea83-48b6-a96d-1d53c45c4110","D02","POSE","POSE.AOS.S2","POSE.SS.20240611.FIL","A00000371069","2024-06-11T12:42Z","2024-06-11T12:42Z","Illinois State Water Survey Central Analytical Laboratory",468.0,0.00344,5,"2024-06-13","B",,
"61133890-cfcf-4d84-88f1-ddfde7b54141","D02","POSE","POSE.AOS.S2","POSE.SS.20240611.FIL.2","A00000371070","2024-06-11T12:42Z","2024-06-11T12:42Z","Illinois State Water Survey Central Analytical Laboratory",328.0,0.02850,5,"2024-06-13","B",,
"c1f18044-143f-43be-9f7d-d087291a5044","D02","POSE","POSE.AOS.S2","POSE.SS.20240611.FIL","A00000371069","2024-06-11T12:42Z","2024-06-11T12:42Z","Illinois State Water Survey Central Analytical Laboratory",474.0,0.00322,5,"2024-06-13","B",,
"05f9ca60-deff-4efd-9e03-998e69ecefae","D02","POSE","POSE.AOS.S2","POSE.SS.20240611.FIL.2","A00000371070","2024-06-11T12:42Z","2024-06-11T12:42Z","Illinois State Water Survey Central Analytical Laboratory",542.0,0.00156,5,"2024-06-13","B",,
"71f5e5f2-5463-4794-971e-1ac028472caf","D02","POSE","POSE.AOS.S2","POSE.SS.20240611.FIL","A00000371069","2024-06-11T12:42Z","2024-06-11T12:42Z","Illinois State Water Survey Central Analytical Laboratory",220.0,0.17016,5,"2024-06-13","A",,
"76770ec9-6e3c-49f7-b402-c8dd654274fd","D02","POSE","POSE.AOS.S2","POSE.SS.20240611.FIL.3","A00000371071","2024-06-11T12:42Z","2024-06-11T12:42Z","Illinois State Water Survey Central Analytical Laboratory",532.0,0.00156,5,"2024-06-13","B",,
"ed748017-b486-4670-9b2b-aeb8a0004ea0","D02","POSE","POSE.AOS.S2","POSE.SS.20240611.FIL.2","A00000371070","2024-06-11T12:42Z","2024-06-11T12:42Z","Illinois State Water Survey Central Analytical Laboratory",380.0,0.01248,5,"2024-06-13","A",,
"9f8c37d9-fdfa-4ccb-889c-e5bec6c534ba","D02","POSE","POSE.AOS.S2","POSE.SS.20240611.FIL.3","A00000371071","2024-06-11T12:42Z","2024-06-11T12:42Z","Illinois State Water Survey Central Analytical Laboratory",288.0,0.04850,5,"2024-06-13","A",,
"16788c8f-11e7-40e0-9c41-ff60fd5c1a99","D02","POSE","POSE.AOS.S2","POSE.SS.20240611.FIL.2","A00000371070","2024-06-11T12:42Z","2024-06-11T12:42Z","Illinois State Water Survey Central Analytical Laboratory",448.0,0.00452,5,"2024-06-13","B",,
"96884283-7441-41ff-aadb-f8e53596dbff","D02","POSE","POSE.AOS.S2","POSE.SS.20240611.FIL.2","A00000371070","2024-06-11T12:42Z","2024-06-11T12:42Z","Illinois State Water Survey Central Analytical Laboratory",342.0,0.02324,5,"2024-06-13","B",,
"d5ff3a01-7743-40fc-b3e4-c768cdedf456","D02","POSE","POSE.AOS.S2","POSE.SS.20240611.FIL.2","A00000371070","2024-06-11T12:42Z","2024-06-11T12:42Z","Illinois State Water Survey Central Analytical Laboratory",256.0,0.06740,5,"2024-06-13","A",,
"948de39c-a972-4b1a-bba4-69222d255a56","D02","POSE","POSE.AOS.S2","POSE.SS.20240611.FIL","A00000371069","2024-06-11T12:42Z","2024-06-11T12:42Z","Illinois State Water Survey Central Analytical Laboratory",316.0,0.03392,5,"2024-06-13","B",,
"ef294bd0-b7db-42cf-bf50-8d7f943ff743","D02","POSE","POSE.AOS.S2","POSE.SS.20240611.FIL.2","A00000371070","2024-06-11T12:42Z","2024-06-11T12:42Z","Illinois State Water Survey Central Analytical Laboratory",378.0,0.01290,5,"2024-06-13","A",,
"fae521d7-c21f-4c68-aabb-12d034c3d4c5","D02","POSE","POSE.AOS.S2","POSE.SS.20240611.FIL.3","A00000371071","2024-06-11T12:42Z","2024-06-11T12:42Z","Illinois State Water Survey Central Analytical Laboratory",458.0,0.00374,5,"2024-06-13","A",,
"68d8aded-1790-4fbe-9f30-97e5abffa7e4","D02","POSE","POSE.AOS.S2","POSE.SS.20240611.FIL.3","A00000371071","2024-06-11T12:42Z","2024-06-11T12:42Z","Illinois State Water Survey Central Analytical Laboratory",338.0,0.02432,5,"2024-06-13","A",,
"08f50dc3-2c69-4105-b502-d9fadf7a7a10","D02","POSE","POSE.AOS.S2","POSE.SS.20240611.FIL.2","A00000371070","2024-06-11T12:42Z","2024-06-11T12:42Z","Illinois State Water Survey Central Analytical Laboratory",284.0,0.05146,5,"2024-06-13","B",,
"88287a7e-075d-425c-b436-227c8458d1aa","D02","POSE","POSE.AOS.S2","POSE.SS.20240611.FIL","A00000371069","2024-06-11T12:42Z","2024-06-11T12:42Z","Illinois State Water Survey Central Analytical Laboratory",582.0,0.00100,5,"2024-06-13","B",,
"483985b3-7461-439a-b1ee-06c9c2879fdc","D02","POSE","POSE.AOS.S2","POSE.SS.20240611.FIL.2","A00000371070","2024-06-11T12:42Z","2024-06-11T12:42Z","Illinois State Water Survey Central Analytical Laboratory",596.0,0.00074,5,"2024-06-13","A",,
"2dd21132-5ab1-4bd0-8c53-d8a99f09f5ab","D02","POSE","POSE.AOS.S2","POSE.SS.20240611.FIL.3","A00000371071","2024-06-11T12:42Z","2024-06-11T12:42Z","Illinois State Water Survey Central Analytical Laboratory",576.0,0.00098,5,"2024-06-13","A",,
"3b05203f-daf0-4beb-8012-ed8904d14810","D02","POSE","POSE.AOS.S2","POSE.SS.20240611.FIL.2","A00000371070","2024-06-11T12:42Z","2024-06-11T12:42Z","Illinois State Water Survey Central Analytical Laboratory",534.0,0.00148,5,"2024-06-13","A",,
"ad95eeba-2ae1-4f7c-8652-c9d12eafa6cd","D02","POSE","POSE.AOS.S2","POSE.SS.20240611.FIL","A00000371069","2024-06-11T12:42Z","2024-06-11T12:42Z","Illinois State Water Survey Central Analytical Laboratory",540.0,0.00144,5,"2024-06-13","A",,
"955e1995-dc86-43d6-9077-da5fd01d2998","D02","POSE","POSE.AOS.S2","POSE.SS.20240611.FIL.3","A00000371071","2024-06-11T12:42Z","2024-06-11T12:42Z","Illinois State Water Survey Central Analytical Laboratory",340.0,0.02362,5,"2024-06-13","A",,
"2f501d40-8973-4282-a18c-ba69827a7f34","D02","POSE","POSE.AOS.S2","POSE.SS.20240611.FIL.3","A00000371071","2024-06-11T12:42Z","2024-06-11T12:42Z","Illinois State Water Survey Central Analytical Laboratory",408.0,0.00796,5,"2024-06-13","A",,
"b384799b-f34e-4e2d-a450-8f8942ccc74a","D02","POSE","POSE.AOS.S2","POSE.SS.20240611.FIL","A00000371069","2024-06-11T12:42Z","2024-06-11T12:42Z","Illinois State Water Survey Central Analytical Laboratory",372.0,0.01474,5,"2024-06-13","B",,
"f3f562b0-d5c1-49ef-90e8-db633a014a32","D02","POSE","POSE.AOS.S2","POSE.SS.20240611.FIL","A00000371069","2024-06-11T12:42Z","2024-06-11T12:42Z","Illinois State Water Survey Central Analytical Laboratory",252.0,0.07148,5,"2024-06-13","B",,
"94b75998-675b-471d-a27a-df8e9050ff94","D02","POSE","POSE.AOS.S2","POSE.SS.20240611.FIL.2","A00000371070","2024-06-11T12:42Z","2024-06-11T12:42Z","Illinois State Water Survey Central Analytical Laboratory",226.0,0.12556,5,"2024-06-13","B",,
"000cdb9a-fe80-432e-b3d4-7d489d802205","D02","POSE","POSE.AOS.S2","POSE.SS.20240611.FIL.3","A00000371071","2024-06-11T12:42Z","2024-06-11T12:42Z","Illinois State Water Survey Central Analytical Laboratory",392.0,0.01032,5,"2024-06-13","B",,
"6e3302ab-2863-4a0d-aa54-841d485f7c02","D02","POSE","POSE.AOS.S2","POSE.SS.20240611.FIL.2","A00000371070","2024-06-11T12:42Z","2024-06-11T12:42Z","Illinois State Water Survey Central Analytical Laboratory",380.0,0.01284,5,"2024-06-13","B",,
"2b929360-a9cf-4a4c-9afe-64fc31735a70","D02","POSE","POSE.AOS.S2","POSE.SS.20240611.FIL.2","A00000371070","2024-06-11T12:42Z","2024-06-11T12:42Z","Illinois State Water Survey Central Analytical Laboratory",354.0,0.01948,5,"2024-06-13","B",,
"094248bd-07a2-449c-a0f9-8b0efd7f72a4","D02","POSE","POSE.AOS.S2","POSE.SS.20240611.FIL.2","A00000371070","2024-06-11T12:42Z","2024-06-11T12:42Z","Illinois State Water Survey Central Analytical Laboratory",326.0,0.02866,5,"2024-06-13","A",,
"6553bf86-108c-4ca1-897f-33106edcaa5f","D02","POSE","POSE.AOS.S2","POSE.SS.20240611.FIL.3","A00000371071","2024-06-11T12:42Z","2024-06-11T12:42Z","Illinois State Water Survey Central Analytical Laboratory",410.0,0.00776,5,"2024-06-13","A",,
"29508c35-790a-4809-9ff4-fa15204678cc","D02","POSE","POSE.AOS.S2","POSE.SS.20240611.FIL","A00000371069","2024-06-11T12:42Z","2024-06-11T12:42Z","Illinois State Water Survey Central Analytical Laboratory",550.0,0.00132,5,"2024-06-13","A",,
"97afed6a-0707-4314-8833-f6093bcfc49d","D02","POSE","POSE.AOS.S2","POSE.SS.20240611.FIL.3","A00000371071","2024-06-11T12:42Z","2024-06-11T12:42Z","Illinois State Water Survey Central Analytical Laboratory",582.0,0.00098,5,"2024-06-13","B",,
"2bad793d-1af8-4080-b551-e39c4877389d","D02","POSE","POSE.AOS.S2","POSE.SS.20240611.FIL","A00000371069","2024-06-11T12:42Z","2024-06-11T12:42Z","Illinois State Water Survey Central Analytical Laboratory",526.0,0.00174,5,"2024-06-13","B",,
"9865f541-4cf2-4729-9dd6-12d5e8fc8811","D02","POSE","POSE.AOS.S2","POSE.SS.20240611.FIL.2","A00000371070","2024-06-11T12:42Z","2024-06-11T12:42Z","Illinois State Water Survey Central Analytical Laboratory",294.0,0.04498,5,"2024-06-13","B",,
"9a4439d7-f2a5-4a3e-8bbd-e5657870729c","D02","POSE","POSE.AOS.S2","POSE.SS.20240611.FIL","A00000371069","2024-06-11T12:42Z","2024-06-11T12:42Z","Illinois State Water Survey Central Analytical Laboratory",418.0,0.00704,5,"2024-06-13","B",,
"f30648e2-ac0a-4543-8028-35232c1b12d1","D02","POSE","POSE.AOS.S2","POSE.SS.20240611.FIL","A00000371069","2024-06-11T12:42Z","2024-06-11T12:42Z","Illinois State Water Survey Central Analytical Laboratory",556.0,0.00124,5,"2024-06-13","B",,
"91ea9ab7-912c-401b-a12e-1b79b4505899","D02","POSE","POSE.AOS.S2","POSE.SS.20240611.FIL.3","A00000371071","2024-06-11T12:42Z","2024-06-11T12:42Z","Illinois State Water Survey Central Analytical Laboratory",448.0,0.00438,5,"2024-06-13","B",,
"303fa940-afef-4d8c-af6c-c08d177a76f9","D02","POSE","POSE.AOS.S2","POSE.SS.20240611.FIL","A00000371069","2024-06-11T12:42Z","2024-06-11T12:42Z","Illinois State Water Survey Central Analytical Laboratory",278.0,0.05568,5,"2024-06-13","B",,
"1005c845-82ce-4317-aa17-3c2a6bf99936","D02","POSE","POSE.AOS.S2","POSE.SS.20240611.FIL","A00000371069","2024-06-11T12:42Z","2024-06-11T12:42Z","Illinois State Water Survey Central Analytical Laboratory",460.0,0.00376,5,"2024-06-13","A",,
"23457328-3397-4222-8ae8-d95b19058e31","D02","POSE","POSE.AOS.S2","POSE.SS.20240611.FIL","A00000371069","2024-06-11T12:42Z","2024-06-11T12:42Z","Illinois State Water Survey Central Analytical Laboratory",504.0,0.00224,5,"2024-06-13","B",,
"893dd202-e110-407e-b145-8de40d2d81f6","D02","POSE","POSE.AOS.S2","POSE.SS.20240611.FIL.3","A00000371071","2024-06-11T12:42Z","2024-06-11T12:42Z","Illinois State Water Survey Central Analytical Laboratory",556.0,0.00124,5,"2024-06-13","B",,
"52d193c2-e635-4b62-bd4a-cd35e42791f8","D02","POSE","POSE.AOS.S2","POSE.SS.20240611.FIL.3","A00000371071","2024-06-11T12:42Z","2024-06-11T12:42Z","Illinois State Water Survey Central Analytical Laboratory",270.0,0.05978,5,"2024-06-13","B",,
"816bb794-5bbb-4864-b06e-54e843bd13b8","D02","POSE","POSE.AOS.S2","POSE.SS.20240611.FIL.3","A00000371071","2024-06-11T12:42Z","2024-06-11T12:42Z","Illinois State Water Survey Central Analytical Laboratory",226.0,0.12510,5,"2024-06-13","A",,
"73a43737-4a0b-4fb7-8fcd-dc054750e729","D02","POSE","POSE.AOS.S2","POSE.SS.20240611.FIL.2","A00000371070","2024-06-11T12:42Z","2024-06-11T12:42Z","Illinois State Water Survey Central Analytical Laboratory",354.0,0.01896,5,"2024-06-13","A",,
"fb25c19f-76f5-4da5-adeb-55be8bc7f6ad","D02","POSE","POSE.AOS.S2","POSE.SS.20240611.FIL","A00000371069","2024-06-11T12:42Z","2024-06-11T12:42Z","Illinois State Water Survey Central Analytical Laboratory",252.0,0.07148,5,"2024-06-13","B",,
"fafaa0ee-13ab-4cc8-ad2d-24aa8cf187d3","D02","POSE","POSE.AOS.S2","POSE.SS.20240611.FIL.2","A00000371070","2024-06-11T12:42Z","2024-06-11T12:42Z","Illinois State Water Survey Central Analytical Laboratory",362.0,0.01716,5,"2024-06-13","B",,
"4ebf891d-afaa-40ca-a660-39b3ce25b92c","D02","POSE","POSE.AOS.S2","POSE.SS.20240611.FIL.2","A00000371070","2024-06-11T12:42Z","2024-06-11T12:42Z","Illinois State Water Survey Central Analytical Laboratory",308.0,0.03740,5,"2024-06-13","B",,
"97a7c71e-b564-4966-bd63-5f83e74de840","D02","POSE","POSE.AOS.S2","POSE.SS.20240611.FIL.3","A00000371071","2024-06-11T12:42Z","2024-06-11T12:42Z","Illinois State Water Survey Central Analytical Laboratory",394.0,0.00998,5,"2024-06-13","B",,
"0a6298f2-91a5-409c-b215-f71c1509ccb2","D02","POSE","POSE.AOS.S2","POSE.SS.20240611.FIL","A00000371069","2024-06-11T12:42Z","2024-06-11T12:42Z","Illinois State Water Survey Central Analytical Laboratory",376.0,0.01372,5,"2024-06-13","A",,
"23cf8644-ab7d-4561-8c72-675aedbdd74e","D02","POSE","POSE.AOS.S2","POSE.SS.20240611.FIL","A00000371069","2024-06-11T12:42Z","2024-06-11T12:42Z","Illinois State Water Survey Central Analytical Laboratory",384.0,0.01204,5,"2024-06-13","A",,
"a9ef15e6-4b9a-4b63-b842-f31e5b64d41b","D02","POSE","POSE.AOS.S2","POSE.SS.20240611.FIL.2","A00000371070","2024-06-11T12:42Z","2024-06-11T12:42Z","Illinois State Water Survey Central Analytical Laboratory",458.0,0.00366,5,"2024-06-13","A",,
"2e631b86-d30d-4b0f-9afa-2082c62586f9","D02","POSE","POSE.AOS.S2","POSE.SS.20240611.FIL.3","A00000371071","2024-06-11T12:42Z","2024-06-11T12:42Z","Illinois State Water Survey Central Analytical Laboratory",324.0,0.02980,5,"2024-06-13","A",,
"0616508c-7c40-45a0-947b-718ca25c3896","D02","POSE","POSE.AOS.S2","POSE.SS.20240611.FIL.3","A00000371071","2024-06-11T12:42Z","2024-06-11T12:42Z","Illinois State Water Survey Central Analytical Laboratory",276.0,0.05602,5,"2024-06-13","A",,
"0872b7fa-9320-47ac-9984-7183f9915ec7","D02","POSE","POSE.AOS.S2","POSE.SS.20240611.FIL","A00000371069","2024-06-11T12:42Z","2024-06-11T12:42Z","Illinois State Water Survey Central Analytical Laboratory",572.0,0.00114,5,"2024-06-13","B",,
"b0f20196-6a9d-4984-ba6b-5fef126c11f6","D02","POSE","POSE.AOS.S2","POSE.SS.20240611.FIL","A00000371069","2024-06-11T12:42Z","2024-06-11T12:42Z","Illinois State Water Survey Central Analytical Laboratory",564.0,0.00112,5,"2024-06-13","A",,
"e9644eb2-863f-451e-b63c-90ea59b58f3b","D02","POSE","POSE.AOS.S2","POSE.SS.20240611.FIL.3","A00000371071","2024-06-11T12:42Z","2024-06-11T12:42Z","Illinois State Water Survey Central Analytical Laboratory",222.0,0.15238,5,"2024-06-13","B",,
"1c055516-789e-4111-b20c-5ae293da946a","D02","POSE","POSE.AOS.S2","POSE.SS.20240611.FIL.2","A00000371070","2024-06-11T12:42Z","2024-06-11T12:42Z","Illinois State Water Survey Central Analytical Laboratory",494.0,0.00250,5,"2024-06-13","B",,
"3d4c49f3-c2e0-4f90-b76e-6fd9bd75f1ab","D02","POSE","POSE.AOS.S2","POSE.SS.20240611.FIL","A00000371069","2024-06-11T12:42Z","2024-06-11T12:42Z","Illinois State Water Survey Central Analytical Laboratory",562.0,0.00114,5,"2024-06-13","A",,
"0f259308-68b2-4708-adb8-a9194648985a","D02","POSE","POSE.AOS.S2","POSE.SS.20240611.FIL.2","A00000371070","2024-06-11T12:42Z","2024-06-11T12:42Z","Illinois State Water Survey Central Analytical Laboratory",490.0,0.00248,5,"2024-06-13","A",,
"5089fea6-c6ad-4c57-a65f-632115b52037","D02","POSE","POSE.AOS.S2","POSE.SS.20240611.FIL.2","A00000371070","2024-06-11T12:42Z","2024-06-11T12:42Z","Illinois State Water Survey Central Analytical Laboratory",406.0,0.00850,5,"2024-06-13","B",,
"151df1ec-c715-4508-ab8a-4769b277ae76","D02","POSE","POSE.AOS.S2","POSE.SS.20240611.FIL.2","A00000371070","2024-06-11T12:42Z","2024-06-11T12:42Z","Illinois State Water Survey Central Analytical Laboratory",504.0,0.00208,5,"2024-06-13","A",,
"5ae4e40c-ddb9-4701-8cec-f9d41d9210d2","D02","POSE","POSE.AOS.S2","POSE.SS.20240611.FIL","A00000371069","2024-06-11T12:42Z","2024-06-11T12:42Z","Illinois State Water Survey Central Analytical Laboratory",546.0,0.00138,5,"2024-06-13","B",,
"f1d28fe5-cd1d-483c-95f7-ad9fd881d37c","D02","POSE","POSE.AOS.S2","POSE.SS.20240611.FIL.2","A00000371070","2024-06-11T12:42Z","2024-06-11T12:42Z","Illinois State Water Survey Central Analytical Laboratory",392.0,0.01018,5,"2024-06-13","A",,
"487dc618-8dd7-4583-be36-534327e5a692","D02","POSE","POSE.AOS.S2","POSE.SS.20240611.FIL","A00000371069","2024-06-11T12:42Z","2024-06-11T12:42Z","Illinois State Water Survey Central Analytical Laboratory",298.0,0.04288,5,"2024-06-13","A",,
"56c82704-6074-4607-83a4-dc9dd4cc5296","D02","POSE","POSE.AOS.S2","POSE.SS.20240611.FIL","A00000371069","2024-06-11T12:42Z","2024-06-11T12:42Z","Illinois State Water Survey Central Analytical Laboratory",306.0,0.03870,5,"2024-06-13","B",,
"50452c5f-5dc1-427c-8d92-476584ff5804","D02","POSE","POSE.AOS.S2","POSE.SS.20240611.FIL.3","A00000371071","2024-06-11T12:42Z","2024-06-11T12:42Z","Illinois State Water Survey Central Analytical Laboratory",568.0,0.00116,5,"2024-06-13","B",,
"f6a7b8a4-19c4-4ebf-9d0d-a1e4fa56bf1f","D02","POSE","POSE.AOS.S2","POSE.SS.20240611.FIL","A00000371069","2024-06-11T12:42Z","2024-06-11T12:42Z","Illinois State Water Survey Central Analytical Laboratory",336.0,0.02560,5,"2024-06-13","B",,
"59210c4c-b952-497f-9059-ec4c9727ea71","D02","POSE","POSE.AOS.S2","POSE.SS.20240611.FIL.2","A00000371070","2024-06-11T12:42Z","2024-06-11T12:42Z","Illinois State Water Survey Central Analytical Laboratory",280.0,0.05298,5,"2024-06-13","A",,
"5521a663-2d9e-4c5c-8830-a67f3e7f76d2","D02","POSE","POSE.AOS.S2","POSE.SS.20240611.FIL.3","A00000371071","2024-06-11T12:42Z","2024-06-11T12:42Z","Illinois State Water Survey Central Analytical Laboratory",258.0,0.06700,5,"2024-06-13","B",,
"d0063bca-1220-419a-8ef8-aa10240368c9","D02","POSE","POSE.AOS.S2","POSE.SS.20240611.FIL","A00000371069","2024-06-11T12:42Z","2024-06-11T12:42Z","Illinois State Water Survey Central Analytical Laboratory",540.0,0.00144,5,"2024-06-13","A",,
"c5f09aef-7657-41d5-aa39-5122d6fd5307","D02","POSE","POSE.AOS.S2","POSE.SS.20240611.FIL","A00000371069","2024-06-11T12:42Z","2024-06-11T12:42Z","Illinois State Water Survey Central Analytical Laboratory",320.0,0.03216,5,"2024-06-13","B",,
"0131fe9d-38b8-4bc9-a6ef-96dc2aeb9839","D02","POSE","POSE.AOS.S2","POSE.SS.20240611.FIL.2","A00000371070","2024-06-11T12:42Z","2024-06-11T12:42Z","Illinois State Water Survey Central Analytical Laboratory",222.0,0.14996,5,"2024-06-13","A",,
"ea4c9365-d813-4930-aeee-46c92f0dac5c","D02","POSE","POSE.AOS.S2","POSE.SS.20240611.FIL.2","A00000371070","2024-06-11T12:42Z","2024-06-11T12:42Z","Illinois State Water Survey Central Analytical Laboratory",222.0,0.14996,5,"2024-06-13","A",,
"14bd42d4-60df-4805-addf-d7bcf24899c0","D02","POSE","POSE.AOS.S2","POSE.SS.20240611.FIL.2","A00000371070","2024-06-11T12:42Z","2024-06-11T12:42Z","Illinois State Water Survey Central Analytical Laboratory",558.0,0.00116,5,"2024-06-13","A",,
"8c32cfc9-1176-4793-8b80-d6868bae10e3","D02","POSE","POSE.AOS.S2","POSE.SS.20240611.FIL.2","A00000371070","2024-06-11T12:42Z","2024-06-11T12:42Z","Illinois State Water Survey Central Analytical Laboratory",386.0,0.01124,5,"2024-06-13","A",,
"2dafe669-40aa-409c-aa41-f28e6b9445a4","D02","POSE","POSE.AOS.S2","POSE.SS.20240611.FIL","A00000371069","2024-06-11T12:42Z","2024-06-11T12:42Z","Illinois State Water Survey Central Analytical Laboratory",404.0,0.00878,5,"2024-06-13","A",,
"c53f59b1-a791-4683-a294-e43f1b91d0f8","D02","POSE","POSE.AOS.S2","POSE.SS.20240611.FIL","A00000371069","2024-06-11T12:42Z","2024-06-11T12:42Z","Illinois State Water Survey Central Analytical Laboratory",304.0,0.03978,5,"2024-06-13","B",,
"a688ab9d-718e-432a-8d6d-74a50eeb17ab","D02","POSE","POSE.AOS.S2","POSE.SS.20240611.FIL.2","A00000371070","2024-06-11T12:42Z","2024-06-11T12:42Z","Illinois State Water Survey Central Analytical Laboratory",488.0,0.00256,5,"2024-06-13","A",,
"58278799-8782-425f-af0f-0deb0b838fa5","D02","POSE","POSE.AOS.S2","POSE.SS.20240611.FIL.2","A00000371070","2024-06-11T12:42Z","2024-06-11T12:42Z","Illinois State Water Survey Central Analytical Laboratory",304.0,0.03950,5,"2024-06-13","B",,
"b478caf5-8d71-4090-8463-6b85d4676ce0","D02","POSE","POSE.AOS.S2","POSE.SS.20240611.FIL.3","A00000371071","2024-06-11T12:42Z","2024-06-11T12:42Z","Illinois State Water Survey Central Analytical Laboratory",504.0,0.00212,5,"2024-06-13","B",,
"10f52005-8bdb-4981-84c5-6bb37a2907af","D02","POSE","POSE.AOS.S2","POSE.SS.20240611.FIL","A00000371069","2024-06-11T12:42Z","2024-06-11T12:42Z","Illinois State Water Survey Central Analytical Laboratory",242.0,0.08030,5,"2024-06-13","A",,
"14f66418-c904-4325-ad60-889abe7e5852","D02","POSE","POSE.AOS.S2","POSE.SS.20240611.FIL.3","A00000371071","2024-06-11T12:42Z","2024-06-11T12:42Z","Illinois State Water Survey Central Analytical Laboratory",240.0,0.08236,5,"2024-06-13","A",,
"14b1a3bd-421d-4482-b534-1b3d35a7a1e3","D02","POSE","POSE.AOS.S2","POSE.SS.20240611.FIL","A00000371069","2024-06-11T12:42Z","2024-06-11T12:42Z","Illinois State Water Survey Central Analytical Laboratory",366.0,0.01622,5,"2024-06-13","B",,
"c716e3f9-adbf-458a-a5c1-9e4e155a76f8","D02","POSE","POSE.AOS.S2","POSE.SS.20240611.FIL.3","A00000371071","2024-06-11T12:42Z","2024-06-11T12:42Z","Illinois State Water Survey Central Analytical Laboratory",330.0,0.02734,5,"2024-06-13","A",,
"0d0670f3-5a37-4914-8740-13652fa67894","D02","POSE","POSE.AOS.S2","POSE.SS.20240611.FIL","A00000371069","2024-06-11T12:42Z","2024-06-11T12:42Z","Illinois State Water Survey Central Analytical Laboratory",506.0,0.00212,5,"2024-06-13","A",,
"19861859-2338-43d8-a200-c533e570c0c9","D02","POSE","POSE.AOS.S2","POSE.SS.20240611.FIL","A00000371069","2024-06-11T12:42Z","2024-06-11T12:42Z","Illinois State Water Survey Central Analytical Laboratory",276.0,0.05684,5,"2024-06-13","B",,
"d00e3da1-0bce-4e84-9253-42d5d2eaca46","D02","POSE","POSE.AOS.S2","POSE.SS.20240611.FIL.3","A00000371071","2024-06-11T12:42Z","2024-06-11T12:42Z","Illinois State Water Survey Central Analytical Laboratory",224.0,0.13744,5,"2024-06-13","A",,
"765152c5-f088-461e-b7f4-54082fc70927","D02","POSE","POSE.AOS.S2","POSE.SS.20240611.FIL.3","A00000371071","2024-06-11T12:42Z","2024-06-11T12:42Z","Illinois State Water Survey Central Analytical Laboratory",574.0,0.00114,5,"2024-06-13","B",,
"4e298d89-1c59-41a5-a3f5-38abf6ab0353","D02","POSE","POSE.AOS.S2","POSE.SS.20240611.FIL.2","A00000371070","2024-06-11T12:42Z","2024-06-11T12:42Z","Illinois State Water Survey Central Analytical Laboratory",456.0,0.00378,5,"2024-06-13","A",,
"8909d331-9be3-4960-83ad-68dc0a199a0f","D02","POSE","POSE.AOS.S2","POSE.SS.20240611.FIL","A00000371069","2024-06-11T12:42Z","2024-06-11T12:42Z","Illinois State Water Survey Central Analytical Laboratory",388.0,0.01134,5,"2024-06-13","B",,
"f07581bd-dd4b-45e5-b960-c306105e2be8","D02","POSE","POSE.AOS.S2","POSE.SS.20240611.FIL.2","A00000371070","2024-06-11T12:42Z","2024-06-11T12:42Z","Illinois State Water Survey Central Analytical Laboratory",422.0,0.00636,5,"2024-06-13","A",,
"6a288f6e-96a7-440b-99bf-e65046ac40d5","D02","POSE","POSE.AOS.S2","POSE.SS.20240611.FIL.3","A00000371071","2024-06-11T12:42Z","2024-06-11T12:42Z","Illinois State Water Survey Central Analytical Laboratory",470.0,0.00320,5,"2024-06-13","B",,
"b34f9343-afc3-40a8-9be1-424cea5fed16","D02","POSE","POSE.AOS.S2","POSE.SS.20240611.FIL.3","A00000371071","2024-06-11T12:42Z","2024-06-11T12:42Z","Illinois State Water Survey Central Analytical Laboratory",356.0,0.01854,5,"2024-06-13","A",,
"693958b7-ca0a-44a3-b701-a14ce40c4113","D02","POSE","POSE.AOS.S2","POSE.SS.20240611.FIL.2","A00000371070","2024-06-11T12:42Z","2024-06-11T12:42Z","Illinois State Water Survey Central Analytical Laboratory",248.0,0.07412,5,"2024-06-13","B",,
"84992718-700d-40c1-8da1-3092a9caa26f","D02","POSE","POSE.AOS.S2","POSE.SS.20240611.FIL","A00000371069","2024-06-11T12:42Z","2024-06-11T12:42Z","Illinois State Water Survey Central Analytical Laboratory",310.0,0.03660,5,"2024-06-13","A",,
"e8a52303-b715-42ae-87c8-8e96206aad9f","D02","POSE","POSE.AOS.S2","POSE.SS.20240611.FIL.3","A00000371071","2024-06-11T12:42Z","2024-06-11T12:42Z","Illinois State Water Survey Central Analytical Laboratory",232.0,0.10004,5,"2024-06-13","A",,
"dfe1e56d-ce5b-4dcf-9895-fa5f3774b51c","D02","POSE","POSE.AOS.S2","POSE.SS.20240611.FIL.3","A00000371071","2024-06-11T12:42Z","2024-06-11T12:42Z","Illinois State Water Survey Central Analytical Laboratory",506.0,0.00208,5,"2024-06-13","B",,
"14da8361-1500-4e14-b617-29a7970f858b","D02","POSE","POSE.AOS.S2","POSE.SS.20240611.FIL","A00000371069","2024-06-11T12:42Z","2024-06-11T12:42Z","Illinois State Water Survey Central Analytical Laboratory",550.0,0.00132,5,"2024-06-13","A",,
"445cb96e-a461-4cf5-b55b-3aac839c415b","D02","POSE","POSE.AOS.S2","POSE.SS.20240611.FIL.3","A00000371071","2024-06-11T12:42Z","2024-06-11T12:42Z","Illinois State Water Survey Central Analytical Laboratory",428.0,0.00586,5,"2024-06-13","B",,
"04109b8a-2e6a-4b6f-8b6c-026aaa85f44d","D02","POSE","POSE.AOS.S2","POSE.SS.20240611.FIL","A00000371069","2024-06-11T12:42Z","2024-06-11T12:42Z","Illinois State Water Survey Central Analytical Laboratory",568.0,0.00122,5,"2024-06-13","B",,
"2d7ae9ed-a66f-48d8-8fb3-f696f4d07de7","D02","POSE","POSE.AOS.S2","POSE.SS.20240611.FIL.2","A00000371070","2024-06-11T12:42Z","2024-06-11T12:42Z","Illinois State Water Survey Central Analytical Laboratory",436.0,0.00540,5,"2024-06-13","B",,
"155953e7-ef02-4b3a-bf6e-f961eddcbf8a","D02","POSE","POSE.AOS.S2","POSE.SS.20240611.FIL","A00000371069","2024-06-11T12:42Z","2024-06-11T12:42Z","Illinois State Water Survey Central Analytical Laboratory",262.0,0.06524,5,"2024-06-13","A",,
"48aff376-805f-40ca-8a09-0c36903e1ea5","D02","POSE","POSE.AOS.S2","POSE.SS.20240611.FIL","A00000371069","2024-06-11T12:42Z","2024-06-11T12:42Z","Illinois State Water Survey Central Analytical Laboratory",552.0,0.00132,5,"2024-06-13","B",,
"9e4f5a2a-d133-44b3-9d87-f07428085dda","D02","POSE","POSE.AOS.S2","POSE.SS.20240611.FIL.3","A00000371071","2024-06-11T12:42Z","2024-06-11T12:42Z","Illinois State Water Survey Central Analytical Laboratory",414.0,0.00726,5,"2024-06-13","A",,
"1d9c703a-cd52-4606-981e-e068beb255ff","D02","POSE","POSE.AOS.S2","POSE.SS.20240611.FIL.2","A00000371070","2024-06-11T12:42Z","2024-06-11T12:42Z","Illinois State Water Survey Central Analytical Laboratory",372.0,0.01420,5,"2024-06-13","A",,
"574396ec-be14-4f1e-8d1d-b88749735a5c","D02","POSE","POSE.AOS.S2","POSE.SS.20240611.FIL.2","A00000371070","2024-06-11T12:42Z","2024-06-11T12:42Z","Illinois State Water Survey Central Analytical Laboratory",246.0,0.07570,5,"2024-06-13","B",,
"67e297d0-a0db-48c0-865a-efa6639c61b8","D02","POSE","POSE.AOS.S2","POSE.SS.20240611.FIL.3","A00000371071","2024-06-11T12:42Z","2024-06-11T12:42Z","Illinois State Water Survey Central Analytical Laboratory",462.0,0.00350,5,"2024-06-13","A",,
"2634e293-d117-4944-9610-9d5c2d59d6ce","D02","POSE","POSE.AOS.S2","POSE.SS.20240611.FIL.2","A00000371070","2024-06-11T12:42Z","2024-06-11T12:42Z","Illinois State Water Survey Central Analytical Laboratory",580.0,0.00090,5,"2024-06-13","A",,
"24e19b94-e333-4665-a82a-5478d51053ca","D02","POSE","POSE.AOS.S2","POSE.SS.20240611.FIL.2","A00000371070","2024-06-11T12:42Z","2024-06-11T12:42Z","Illinois State Water Survey Central Analytical Laboratory",538.0,0.00142,5,"2024-06-13","A",,
"97579f4f-ad01-42b3-b282-828ccd9a939a","D02","POSE","POSE.AOS.S2","POSE.SS.20240611.FIL.3","A00000371071","2024-06-11T12:42Z","2024-06-11T12:42Z","Illinois State Water Survey Central Analytical Laboratory",228.0,0.11456,5,"2024-06-13","A",,
"23f524c7-095e-4560-814f-e03c9379129d","D02","POSE","POSE.AOS.S2","POSE.SS.20240611.FIL.3","A00000371071","2024-06-11T12:42Z","2024-06-11T12:42Z","Illinois State Water Survey Central Analytical Laboratory",496.0,0.00232,5,"2024-06-13","B",,
"2da32c9c-b3fb-4c1c-99fb-a11e1364e860","D02","POSE","POSE.AOS.S2","POSE.SS.20240611.FIL","A00000371069","2024-06-11T12:42Z","2024-06-11T12:42Z","Illinois State Water Survey Central Analytical Laboratory",596.0,0.00084,5,"2024-06-13","A",,
"2b340545-e2c0-4eb4-a1ac-eec1c92676d0","D02","POSE","POSE.AOS.S2","POSE.SS.20240611.FIL.3","A00000371071","2024-06-11T12:42Z","2024-06-11T12:42Z","Illinois State Water Survey Central Analytical Laboratory",516.0,0.00186,5,"2024-06-13","B",,
"c5bf9402-0375-4aa8-82c3-7a59a785788d","D02","POSE","POSE.AOS.S2","POSE.SS.20240611.FIL","A00000371069","2024-06-11T12:42Z","2024-06-11T12:42Z","Illinois State Water Survey Central Analytical Laboratory",494.0,0.00250,5,"2024-06-13","B",,
"2cc561c1-c5c0-4df6-883e-350a5328a934","D02","POSE","POSE.AOS.S2","POSE.SS.20240611.FIL.3","A00000371071","2024-06-11T12:42Z","2024-06-11T12:42Z","Illinois State Water Survey Central Analytical Laboratory",382.0,0.01214,5,"2024-06-13","B",,
"8c9fa8ba-db45-4947-8f41-9ed016b8dafb","D02","POSE","POSE.AOS.S2","POSE.SS.20240611.FIL.2","A00000371070","2024-06-11T12:42Z","2024-06-11T12:42Z","Illinois State Water Survey Central Analytical Laboratory",240.0,0.08140,5,"2024-06-13","A",,
"9bed6b12-97b8-477e-9e40-c2f2ddf9989c","D02","POSE","POSE.AOS.S2","POSE.SS.20240611.FIL","A00000371069","2024-06-11T12:42Z","2024-06-11T12:42Z","Illinois State Water Survey Central Analytical Laboratory",460.0,0.00384,5,"2024-06-13","B",,
"448b79be-4809-4753-b9f9-aee9403c7adf","D02","POSE","POSE.AOS.S2","POSE.SS.20240611.FIL","A00000371069","2024-06-11T12:42Z","2024-06-11T12:42Z","Illinois State Water Survey Central Analytical Laboratory",362.0,0.01720,5,"2024-06-13","A",,
"d05ad4ba-58da-43c1-90f0-005630776689","D02","POSE","POSE.AOS.S2","POSE.SS.20240611.FIL","A00000371069","2024-06-11T12:42Z","2024-06-11T12:42Z","Illinois State Water Survey Central Analytical Laboratory",476.0,0.00310,5,"2024-06-13","B",,
"b030acce-bdf5-4c8e-8f4f-8b6164b35810","D02","POSE","POSE.AOS.S2","POSE.SS.20240611.FIL.3","A00000371071","2024-06-11T12:42Z","2024-06-11T12:42Z","Illinois State Water Survey Central Analytical Laboratory",324.0,0.02980,5,"2024-06-13","A",,
"7a97c585-e8a9-407e-9c80-d20a1abb19ff","D02","POSE","POSE.AOS.S2","POSE.SS.20240611.FIL.2","A00000371070","2024-06-11T12:42Z","2024-06-11T12:42Z","Illinois State Water Survey Central Analytical Laboratory",394.0,0.00988,5,"2024-06-13","A",,
"9dc1e682-4b4f-4a21-a99f-13839ed4d133","D02","POSE","POSE.AOS.S2","POSE.SS.20240611.FIL","A00000371069","2024-06-11T12:42Z","2024-06-11T12:42Z","Illinois State Water Survey Central Analytical Laboratory",412.0,0.00774,5,"2024-06-13","B",,
"67275656-bd59-4d33-80ea-1d6bff6afc88","D02","POSE","POSE.AOS.S2","POSE.SS.20240611.FIL.3","A00000371071","2024-06-11T12:42Z","2024-06-11T12:42Z","Illinois State Water Survey Central Analytical Laboratory",326.0,0.02900,5,"2024-06-13","B",,
"ae25706e-9d52-47ca-9a98-570b435bc8d5","D02","POSE","POSE.AOS.S2","POSE.SS.20240611.FIL.3","A00000371071","2024-06-11T12:42Z","2024-06-11T12:42Z","Illinois State Water Survey Central Analytical Laboratory",248.0,0.07358,5,"2024-06-13","A",,
"d0da0ba5-c1b0-4a3d-8d93-9c16bd61fa11","D02","POSE","POSE.AOS.S2","POSE.SS.20240611.FIL.2","A00000371070","2024-06-11T12:42Z","2024-06-11T12:42Z","Illinois State Water Survey Central Analytical Laboratory",320.0,0.03126,5,"2024-06-13","A",,
"7bb84b20-67f3-4e1a-9af5-3ca4cc6d1d62","D02","POSE","POSE.AOS.S2","POSE.SS.20240611.FIL.2","A00000371070","2024-06-11T12:42Z","2024-06-11T12:42Z","Illinois State Water Survey Central Analytical Laboratory",240.0,0.08140,5,"2024-06-13","A",,
"30f63c9c-5be8-4688-8e0b-11c77ae198e8","D02","POSE","POSE.AOS.S2","POSE.SS.20240611.FIL","A00000371069","2024-06-11T12:42Z","2024-06-11T12:42Z","Illinois State Water Survey Central Analytical Laboratory",382.0,0.01240,5,"2024-06-13","A",,
"f4a8d1e8-87be-4c1c-bdc9-bf0ba05da23c","D02","POSE","POSE.AOS.S2","POSE.SS.20240611.FIL.3","A00000371071","2024-06-11T12:42Z","2024-06-11T12:42Z","Illinois State Water Survey Central Analytical Laboratory",530.0,0.00162,5,"2024-06-13","B",,
"0b20be88-e272-4c85-9a1e-2858e8c1e67c","D02","POSE","POSE.AOS.S2","POSE.SS.20240611.FIL.2","A00000371070","2024-06-11T12:42Z","2024-06-11T12:42Z","Illinois State Water Survey Central Analytical Laboratory",532.0,0.00152,5,"2024-06-13","A",,
"462bb1cb-241b-4363-9408-4cc666dbb4d1","D02","POSE","POSE.AOS.S2","POSE.SS.20240611.FIL.3","A00000371071","2024-06-11T12:42Z","2024-06-11T12:42Z","Illinois State Water Survey Central Analytical Laboratory",256.0,0.06812,5,"2024-06-13","A",,
"9b6115e1-907d-4122-8b10-a9d04f2057c7","D02","POSE","POSE.AOS.S2","POSE.SS.20240611.FIL.2","A00000371070","2024-06-11T12:42Z","2024-06-11T12:42Z","Illinois State Water Survey Central Analytical Laboratory",484.0,0.00268,5,"2024-06-13","A",,
"db411dca-91f1-449f-823d-91b56f759c08","D02","POSE","POSE.AOS.S2","POSE.SS.20240611.FIL.2","A00000371070","2024-06-11T12:42Z","2024-06-11T12:42Z","Illinois State Water Survey Central Analytical Laboratory",338.0,0.02468,5,"2024-06-13","B",,
"812c67cf-e494-45ce-8b8d-15d29e27bb24","D02","POSE","POSE.AOS.S2","POSE.SS.20240611.FIL.2","A00000371070","2024-06-11T12:42Z","2024-06-11T12:42Z","Illinois State Water Survey Central Analytical Laboratory",580.0,0.00090,5,"2024-06-13","A",,
"4b1f4515-b4b6-4c69-ba6b-2a80c4dc8a1c","D02","POSE","POSE.AOS.S2","POSE.SS.20240611.FIL","A00000371069","2024-06-11T12:42Z","2024-06-11T12:42Z","Illinois State Water Survey Central Analytical Laboratory",326.0,0.02940,5,"2024-06-13","A",,
"448aeb50-28ec-4da3-beae-c4d162cfcd23","D02","POSE","POSE.AOS.S2","POSE.SS.20240611.FIL.2","A00000371070","2024-06-11T12:42Z","2024-06-11T12:42Z","Illinois State Water Survey Central Analytical Laboratory",292.0,0.04544,5,"2024-06-13","A",,
"7750c95e-ea34-45d8-96c1-4fb74758212e","D02","POSE","POSE.AOS.S2","POSE.SS.20240611.FIL","A00000371069","2024-06-11T12:42Z","2024-06-11T12:42Z","Illinois State Water Survey Central Analytical Laboratory",274.0,0.05816,5,"2024-06-13","B",,
"6011b8a7-9bc2-4f97-8abe-674a4fe16ed2","D02","POSE","POSE.AOS.S2","POSE.SS.20240611.FIL","A00000371069","2024-06-11T12:42Z","2024-06-11T12:42Z","Illinois State Water Survey Central Analytical Laboratory",420.0,0.00678,5,"2024-06-13","A",,
"ae4099e2-1664-4b0a-b33b-9feea1fb3ecf","D02","POSE","POSE.AOS.S2","POSE.SS.20240611.FIL.3","A00000371071","2024-06-11T12:42Z","2024-06-11T12:42Z","Illinois State Water Survey Central Analytical Laboratory",390.0,0.01062,5,"2024-06-13","B",,
"b4caf594-acad-4d1e-9cdc-763dd988d8eb","D02","POSE","POSE.AOS.S2","POSE.SS.20240611.FIL","A00000371069","2024-06-11T12:42Z","2024-06-11T12:42Z","Illinois State Water Survey Central Analytical Laboratory",538.0,0.00158,5,"2024-06-13","B",,
"cd0862b3-d8c3-4f91-8a82-1f39a0916a45","D02","POSE","POSE.AOS.S2","POSE.SS.20240611.FIL.3","A00000371071","2024-06-11T12:42Z","2024-06-11T12:42Z","Illinois State Water Survey Central Analytical Laboratory",442.0,0.00476,5,"2024-06-13","A",,
"7058a2f5-aff3-45c6-94af-b7cbdfeaa0ac","D02","POSE","POSE.AOS.S2","POSE.SS.20240611.FIL.3","A00000371071","2024-06-11T12:42Z","2024-06-11T12:42Z","Illinois State Water Survey Central Analytical Laboratory",486.0,0.00266,5,"2024-06-13","B",,
"43c548a9-9c3c-438f-a314-6496c8175e22","D02","POSE","POSE.AOS.S2","POSE.SS.20240611.FIL.2","A00000371070","2024-06-11T12:42Z","2024-06-11T12:42Z","Illinois State Water Survey Central Analytical Laboratory",392.0,0.01056,5,"2024-06-13","B",,
"b7f66061-27f7-4b97-a98e-304ff52c1c9f","D02","POSE","POSE.AOS.S2","POSE.SS.20240611.FIL","A00000371069","2024-06-11T12:42Z","2024-06-11T12:42Z","Illinois State Water Survey Central Analytical Laboratory",560.0,0.00126,5,"2024-06-13","B",,
"848532d2-2f74-48c9-9b88-25cfcd21cf0a","D02","POSE","POSE.AOS.S2","POSE.SS.20240611.FIL.3","A00000371071","2024-06-11T12:42Z","2024-06-11T12:42Z","Illinois State Water Survey Central Analytical Laboratory",566.0,0.00108,5,"2024-06-13","A",,
"aba0775c-db02-4f67-9977-55ba11658bb4","D02","POSE","POSE.AOS.S2","POSE.SS.20240611.FIL","A00000371069","2024-06-11T12:42Z","2024-06-11T12:42Z","Illinois State Water Survey Central Analytical Laboratory",540.0,0.00152,5,"2024-06-13","B",,
"ae7df778-2498-4a15-928f-61456d27415e","D02","POSE","POSE.AOS.S2","POSE.SS.20240611.FIL","A00000371069","2024-06-11T12:42Z","2024-06-11T12:42Z","Illinois State Water Survey Central Analytical Laboratory",446.0,0.00468,5,"2024-06-13","B",,
"96d754fa-b0e2-40ac-ae01-4133165705a1","D02","POSE","POSE.AOS.S2","POSE.SS.20240611.FIL.3","A00000371071","2024-06-11T12:42Z","2024-06-11T12:42Z","Illinois State Water Survey Central Analytical Laboratory",238.0,0.08572,5,"2024-06-13","B",,
"cdd97cdd-6527-4edb-98b2-e46665fa39db","D02","POSE","POSE.AOS.S2","POSE.SS.20240611.FIL","A00000371069","2024-06-11T12:42Z","2024-06-11T12:42Z","Illinois State Water Survey Central Analytical Laboratory",224.0,0.13864,5,"2024-06-13","A",,
"05a356ec-0514-4efd-b4c9-ae094cb811ca","D02","POSE","POSE.AOS.S2","POSE.SS.20240611.FIL.2","A00000371070","2024-06-11T12:42Z","2024-06-11T12:42Z","Illinois State Water Survey Central Analytical Laboratory",230.0,0.10778,5,"2024-06-13","B",,
"37df300e-17be-41b1-a2b0-2d21fa2d1b4c","D02","POSE","POSE.AOS.S2","POSE.SS.20240611.FIL","A00000371069","2024-06-11T12:42Z","2024-06-11T12:42Z","Illinois State Water Survey Central Analytical Laboratory",444.0,0.00472,5,"2024-06-13","A",,
"99cee981-bddf-4404-a5fb-709f7edc1eb7","D02","POSE","POSE.AOS.S2","POSE.SS.20240611.FIL","A00000371069","2024-06-11T12:42Z","2024-06-11T12:42Z","Illinois State Water Survey Central Analytical Laboratory",586.0,0.00106,5,"2024-06-13","B",,
"612e1fe2-a1a6-4f54-b212-524fe2878dbe","D02","POSE","POSE.AOS.S2","POSE.SS.20240611.FIL.3","A00000371071","2024-06-11T12:42Z","2024-06-11T12:42Z","Illinois State Water Survey Central Analytical Laboratory",444.0,0.00462,5,"2024-06-13","A",,
"00965949-e622-44ea-8a23-afd089b5bce5","D02","POSE","POSE.AOS.S2","POSE.SS.20240611.FIL.2","A00000371070","2024-06-11T12:42Z","2024-06-11T12:42Z","Illinois State Water Survey Central Analytical Laboratory",236.0,0.08986,5,"2024-06-13","B",,
"048d39d7-5f4c-4f82-ad88-4714197ad3c1","D02","POSE","POSE.AOS.S2","POSE.SS.20240611.FIL.3","A00000371071","2024-06-11T12:42Z","2024-06-11T12:42Z","Illinois State Water Survey Central Analytical Laboratory",474.0,0.00306,5,"2024-06-13","A",,
"ec7ccf0f-e85c-4391-8f04-f0dcbc02a341","D02","POSE","POSE.AOS.S2","POSE.SS.20240611.FIL.2","A00000371070","2024-06-11T12:42Z","2024-06-11T12:42Z","Illinois State Water Survey Central Analytical Laboratory",526.0,0.00160,5,"2024-06-13","A",,
"61d5d847-bd08-48f5-ac3a-0afa9f911946","D02","POSE","POSE.AOS.S2","POSE.SS.20240611.FIL","A00000371069","2024-06-11T12:42Z","2024-06-11T12:42Z","Illinois State Water Survey Central Analytical Laboratory",506.0,0.00212,5,"2024-06-13","A",,
"88be3933-567d-4819-80b9-007c344dd2dd","D02","POSE","POSE.AOS.S2","POSE.SS.20240611.FIL.3","A00000371071","2024-06-11T12:42Z","2024-06-11T12:42Z","Illinois State Water Survey Central Analytical Laboratory",560.0,0.00128,5,"2024-06-13","B",,
"842e343e-1cf3-4c39-b88f-6d14bad17ae3","D02","POSE","POSE.AOS.S2","POSE.SS.20240611.FIL","A00000371069","2024-06-11T12:42Z","2024-06-11T12:42Z","Illinois State Water Survey Central Analytical Laboratory",508.0,0.00214,5,"2024-06-13","A",,
"b8a3d9c9-48d4-4382-bf5c-dac0a5c2289c","D02","POSE","POSE.AOS.S2","POSE.SS.20240611.FIL.2","A00000371070","2024-06-11T12:42Z","2024-06-11T12:42Z","Illinois State Water Survey Central Analytical Laboratory",246.0,0.07436,5,"2024-06-13","A",,
"2d4ef87f-71e7-4a69-a9ca-edc14026007b","D02","POSE","POSE.AOS.S2","POSE.SS.20240611.FIL","A00000371069","2024-06-11T12:42Z","2024-06-11T12:42Z","Illinois State Water Survey Central Analytical Laboratory",254.0,0.07014,5,"2024-06-13","A",,
"38aead31-5a06-49b9-8b4b-2358c817b63f","D02","POSE","POSE.AOS.S2","POSE.SS.20240611.FIL","A00000371069","2024-06-11T12:42Z","2024-06-11T12:42Z","Illinois State Water Survey Central Analytical Laboratory",410.0,0.00800,5,"2024-06-13","B",,
"38d9edb3-5ae8-46aa-94b0-65e61973f6d8","D02","POSE","POSE.AOS.S2","POSE.SS.20240611.FIL.3","A00000371071","2024-06-11T12:42Z","2024-06-11T12:42Z","Illinois State Water Survey Central Analytical Laboratory",454.0,0.00398,5,"2024-06-13","A",,
"5052e908-f814-4875-8f4b-69405d9259b7","D02","POSE","POSE.AOS.S2","POSE.SS.20240611.FIL.3","A00000371071","2024-06-11T12:42Z","2024-06-11T12:42Z","Illinois State Water Survey Central Analytical Laboratory",510.0,0.00200,5,"2024-06-13","B",,
"5dded198-5021-4998-b8f3-641ff3278192","D02","POSE","POSE.AOS.S2","POSE.SS.20240611.FIL.3","A00000371071","2024-06-11T12:42Z","2024-06-11T12:42Z","Illinois State Water Survey Central Analytical Laboratory",594.0,0.00088,5,"2024-06-13","A",,
"0ae09d30-f471-4858-a2df-b731f50bd9cc","D02","POSE","POSE.AOS.S2","POSE.SS.20240611.FIL.2","A00000371070","2024-06-11T12:42Z","2024-06-11T12:42Z","Illinois State Water Survey Central Analytical Laboratory",278.0,0.05534,5,"2024-06-13","B",,
"9abe19ae-288e-485c-b977-20ef7fd84928","D02","POSE","POSE.AOS.S2","POSE.SS.20240611.FIL.2","A00000371070","2024-06-11T12:42Z","2024-06-11T12:42Z","Illinois State Water Survey Central Analytical Laboratory",270.0,0.05908,5,"2024-06-13","A",,
"392c36c4-7deb-4fa9-a677-4db30c43e338","D02","POSE","POSE.AOS.S2","POSE.SS.20240611.FIL","A00000371069","2024-06-11T12:42Z","2024-06-11T12:42Z","Illinois State Water Survey Central Analytical Laboratory",446.0,0.00460,5,"2024-06-13","A",,
"b165c86f-3d28-4f21-b24c-95812e52bb0b","D02","POSE","POSE.AOS.S2","POSE.SS.20240611.FIL.2","A00000371070","2024-06-11T12:42Z","2024-06-11T12:42Z","Illinois State Water Survey Central Analytical Laboratory",446.0,0.00438,5,"2024-06-13","A",,
"705d45c4-1821-4530-8c08-a36fb2384b94","D02","POSE","POSE.AOS.S2","POSE.SS.20240611.FIL.2","A00000371070","2024-06-11T12:42Z","2024-06-11T12:42Z","Illinois State Water Survey Central Analytical Laboratory",240.0,0.08288,5,"2024-06-13","B",,
"1d89f1c8-a2c9-4cd5-86dc-7a0fe5e87d98","D02","POSE","POSE.AOS.S2","POSE.SS.20240611.FIL","A00000371069","2024-06-11T12:42Z","2024-06-11T12:42Z","Illinois State Water Survey Central Analytical Laboratory",592.0,0.00090,5,"2024-06-13","A",,
"f8fab63c-6670-43b1-8c3e-e5c141649d8d","D02","POSE","POSE.AOS.S2","POSE.SS.20240611.FIL","A00000371069","2024-06-11T12:42Z","2024-06-11T12:42Z","Illinois State Water Survey Central Analytical Laboratory",416.0,0.00716,5,"2024-06-13","A",,
"ab1114b8-acc9-448d-b5af-6f5c81810ec5","D02","POSE","POSE.AOS.S2","POSE.SS.20240611.FIL.2","A00000371070","2024-06-11T12:42Z","2024-06-11T12:42Z","Illinois State Water Survey Central Analytical Laboratory",458.0,0.00390,5,"2024-06-13","B",,
"045491f4-a548-49fe-b115-326374e69c4b","D02","POSE","POSE.AOS.S2","POSE.SS.20240611.FIL","A00000371069","2024-06-11T12:42Z","2024-06-11T12:42Z","Illinois State Water Survey Central Analytical Laboratory",346.0,0.02214,5,"2024-06-13","B",,
"d1902a73-1b79-4b2b-b104-fe12b8bcf133","D02","POSE","POSE.AOS.S2","POSE.SS.20240611.FIL","A00000371069","2024-06-11T12:42Z","2024-06-11T12:42Z","Illinois State Water Survey Central Analytical Laboratory",274.0,0.05816,5,"2024-06-13","B",,
"f494a812-f771-40a8-95e1-cb386f77b0dd","D02","POSE","POSE.AOS.S2","POSE.SS.20240611.FIL.2","A00000371070","2024-06-11T12:42Z","2024-06-11T12:42Z","Illinois State Water Survey Central Analytical Laboratory",330.0,0.02710,5,"2024-06-13","A",,
"2a7523cc-ede3-4ddd-8649-b02b24be795b","D02","POSE","POSE.AOS.S2","POSE.SS.20240611.FIL.3","A00000371071","2024-06-11T12:42Z","2024-06-11T12:42Z","Illinois State Water Survey Central Analytical Laboratory",422.0,0.00646,5,"2024-06-13","B",,
"4ff050d5-026e-4a7a-a138-57625cbd6175","D02","POSE","POSE.AOS.S2","POSE.SS.20240611.FIL.2","A00000371070","2024-06-11T12:42Z","2024-06-11T12:42Z","Illinois State Water Survey Central Analytical Laboratory",538.0,0.00164,5,"2024-06-13","B",,
"3a003ee4-3823-4bf9-818d-c3363f5fc746","D02","POSE","POSE.AOS.S2","POSE.SS.20240611.FIL.3","A00000371071","2024-06-11T12:42Z","2024-06-11T12:42Z","Illinois State Water Survey Central Analytical Laboratory",508.0,0.00208,5,"2024-06-13","B",,
"31678624-28d2-40b6-b237-71863df95e57","D02","POSE","POSE.AOS.S2","POSE.SS.20240611.FIL.2","A00000371070","2024-06-11T12:42Z","2024-06-11T12:42Z","Illinois State Water Survey Central Analytical Laboratory",314.0,0.03384,5,"2024-06-13","A",,
"ebabb4bd-c77b-49f4-aa40-656638432d0a","D02","POSE","POSE.AOS.S2","POSE.SS.20240611.FIL.3","A00000371071","2024-06-11T12:42Z","2024-06-11T12:42Z","Illinois State Water Survey Central Analytical Laboratory",254.0,0.06954,5,"2024-06-13","B",,
"11ecf5e2-04fd-49f0-b36b-24c1a27d518b","D02","POSE","POSE.AOS.S2","POSE.SS.20240611.FIL.2","A00000371070","2024-06-11T12:42Z","2024-06-11T12:42Z","Illinois State Water Survey Central Analytical Laboratory",452.0,0.00402,5,"2024-06-13","A",,
"8d46f688-eaf6-4ea6-9cb8-c3dd61c4e25e","D02","POSE","POSE.AOS.S2","POSE.SS.20240611.FIL.3","A00000371071","2024-06-11T12:42Z","2024-06-11T12:42Z","Illinois State Water Survey Central Analytical Laboratory",250.0,0.07224,5,"2024-06-13","B",,
"cb0d1eca-2318-41b1-9e43-64c0be208fcd","D02","POSE","POSE.AOS.S2","POSE.SS.20240611.FIL.2","A00000371070","2024-06-11T12:42Z","2024-06-11T12:42Z","Illinois State Water Survey Central Analytical Laboratory",222.0,0.15252,5,"2024-06-13","B",,
"a46b8779-71f9-4f94-a312-50bce4510c8d","D02","POSE","POSE.AOS.S2","POSE.SS.20240611.FIL.3","A00000371071","2024-06-11T12:42Z","2024-06-11T12:42Z","Illinois State Water Survey Central Analytical Laboratory",418.0,0.00682,5,"2024-06-13","A",,
"a7155553-6ef3-41ff-99d9-405144c59043","D02","POSE","POSE.AOS.S2","POSE.SS.20240611.FIL.3","A00000371071","2024-06-11T12:42Z","2024-06-11T12:42Z","Illinois State Water Survey Central Analytical Laboratory",236.0,0.08950,5,"2024-06-13","B",,
"24aaf284-81b4-4656-a38d-ad551b3c55a9","D02","POSE","POSE.AOS.S2","POSE.SS.20240611.FIL.3","A00000371071","2024-06-11T12:42Z","2024-06-11T12:42Z","Illinois State Water Survey Central Analytical Laboratory",436.0,0.00522,5,"2024-06-13","B",,
"4b313dd1-08a7-49ed-b427-58712143080e","D02","POSE","POSE.AOS.S2","POSE.SS.20240611.FIL.2","A00000371070","2024-06-11T12:42Z","2024-06-11T12:42Z","Illinois State Water Survey Central Analytical Laboratory",440.0,0.00484,5,"2024-06-13","A",,
"184d7e38-02d9-451b-940f-9fc626cfd59b","D02","POSE","POSE.AOS.S2","POSE.SS.20240611.FIL","A00000371069","2024-06-11T12:42Z","2024-06-11T12:42Z","Illinois State Water Survey Central Analytical Laboratory",550.0,0.00138,5,"2024-06-13","B",,
"542a230d-bb04-47eb-9ad1-6cd7148fbe14","D02","POSE","POSE.AOS.S2","POSE.SS.20240611.FIL.2","A00000371070","2024-06-11T12:42Z","2024-06-11T12:42Z","Illinois State Water Survey Central Analytical Laboratory",348.0,0.02080,5,"2024-06-13","A",,
"3bc914c5-092c-49e9-adaa-f20370bf6f17","D02","POSE","POSE.AOS.S2","POSE.SS.20240611.FIL","A00000371069","2024-06-11T12:42Z","2024-06-11T12:42Z","Illinois State Water Survey Central Analytical Laboratory",456.0,0.00396,5,"2024-06-13","A",,
"cead568c-cf6e-45e2-9215-84374e24f561","D02","POSE","POSE.AOS.S2","POSE.SS.20240611.FIL.2","A00000371070","2024-06-11T12:42Z","2024-06-11T12:42Z","Illinois State Water Survey Central Analytical Laboratory",530.0,0.00174,5,"2024-06-13","B",,
"6d46e8ff-b97b-44de-afb6-133b1e538f0d","D02","POSE","POSE.AOS.S2","POSE.SS.20240611.FIL.3","A00000371071","2024-06-11T12:42Z","2024-06-11T12:42Z","Illinois State Water Survey Central Analytical Laboratory",592.0,0.00098,5,"2024-06-13","B",,
"407ff7c0-6b09-4238-8718-fc7498094de9","D02","POSE","POSE.AOS.S2","POSE.SS.20240611.FIL.3","A00000371071","2024-06-11T12:42Z","2024-06-11T12:42Z","Illinois State Water Survey Central Analytical Laboratory",530.0,0.00162,5,"2024-06-13","B",,
"2cba7c21-dd20-4152-9be7-4836ad30c501","D02","POSE","POSE.AOS.S2","POSE.SS.20240611.FIL","A00000371069","2024-06-11T12:42Z","2024-06-11T12:42Z","Illinois State Water Survey Central Analytical Laboratory",320.0,0.03216,5,"2024-06-13","B",,
"9939844c-f64e-4de4-a5f4-a9e64ed42eb7","D02","POSE","POSE.AOS.S2","POSE.SS.20240611.FIL.3","A00000371071","2024-06-11T12:42Z","2024-06-11T12:42Z","Illinois State Water Survey Central Analytical Laboratory",260.0,0.06570,5,"2024-06-13","A",,
"4174f738-d4d1-4b83-9f2b-2ad7a15b3983","D02","POSE","POSE.AOS.S2","POSE.SS.20240611.FIL.3","A00000371071","2024-06-11T12:42Z","2024-06-11T12:42Z","Illinois State Water Survey Central Analytical Laboratory",278.0,0.05496,5,"2024-06-13","B",,
"f7015bc1-2d5b-45c0-af24-8772f92fd217","D02","POSE","POSE.AOS.S2","POSE.SS.20240611.FIL","A00000371069","2024-06-11T12:42Z","2024-06-11T12:42Z","Illinois State Water Survey Central Analytical Laboratory",298.0,0.04300,5,"2024-06-13","B",,
"837258d6-bbae-449e-870a-1a8cdf1fe946","D02","POSE","POSE.AOS.S2","POSE.SS.20240611.FIL.2","A00000371070","2024-06-11T12:42Z","2024-06-11T12:42Z","Illinois State Water Survey Central Analytical Laboratory",422.0,0.00636,5,"2024-06-13","A",,
"87e0923c-490c-4ebe-89ec-92c491100184","D02","POSE","POSE.AOS.S2","POSE.SS.20240611.FIL.2","A00000371070","2024-06-11T12:42Z","2024-06-11T12:42Z","Illinois State Water Survey Central Analytical Laboratory",398.0,0.00960,5,"2024-06-13","B",,
"f399d541-21b3-48e9-9bcc-a7c14b49dd8c","D02","POSE","POSE.AOS.S2","POSE.SS.20240611.FIL.2","A00000371070","2024-06-11T12:42Z","2024-06-11T12:42Z","Illinois State Water Survey Central Analytical Laboratory",504.0,0.00224,5,"2024-06-13","B",,
"0dfe8404-926a-44d6-a971-62e25a5617cf","D02","POSE","POSE.AOS.S2","POSE.SS.20240611.FIL.2","A00000371070","2024-06-11T12:42Z","2024-06-11T12:42Z","Illinois State Water Survey Central Analytical Laboratory",444.0,0.00478,5,"2024-06-13","B",,
"99f1146e-f7d1-44e7-a2da-93723ce15549","D02","POSE","POSE.AOS.S2","POSE.SS.20240611.FIL.3","A00000371071","2024-06-11T12:42Z","2024-06-11T12:42Z","Illinois State Water Survey Central Analytical Laboratory",568.0,0.00112,5,"2024-06-13","A",,
"614948fa-5b25-4a21-9f5d-75ac5146951e","D02","POSE","POSE.AOS.S2","POSE.SS.20240611.FIL.2","A00000371070","2024-06-11T12:42Z","2024-06-11T12:42Z","Illinois State Water Survey Central Analytical Laboratory",226.0,0.12342,5,"2024-06-13","A",,
"ff77a438-a19e-473b-beff-bc63642e380c","D02","POSE","POSE.AOS.S2","POSE.SS.20240611.FIL.2","A00000371070","2024-06-11T12:42Z","2024-06-11T12:42Z","Illinois State Water Survey Central Analytical Laboratory",384.0,0.01166,5,"2024-06-13","A",,
"4e528fab-671f-482c-a09d-8562d53e375e","D02","POSE","POSE.AOS.S2","POSE.SS.20240611.FIL.3","A00000371071","2024-06-11T12:42Z","2024-06-11T12:42Z","Illinois State Water Survey Central Analytical Laboratory",290.0,0.04710,5,"2024-06-13","A",,
"56a1610f-c19a-4c9d-8e8e-86aff1396f9c","D02","POSE","POSE.AOS.S2","POSE.SS.20240611.FIL","A00000371069","2024-06-11T12:42Z","2024-06-11T12:42Z","Illinois State Water Survey Central Analytical Laboratory",446.0,0.00460,5,"2024-06-13","A",,
"f809f68a-c50c-4af2-846f-007a9710d00b","D02","POSE","POSE.AOS.S2","POSE.SS.20240611.FIL.3","A00000371071","2024-06-11T12:42Z","2024-06-11T12:42Z","Illinois State Water Survey Central Analytical Laboratory",320.0,0.03156,5,"2024-06-13","A",,
"cade02cf-114a-453d-8a10-f9a5898b1b9f","D02","POSE","POSE.AOS.S2","POSE.SS.20240611.FIL.3","A00000371071","2024-06-11T12:42Z","2024-06-11T12:42Z","Illinois State Water Survey Central Analytical Laboratory",274.0,0.05744,5,"2024-06-13","B",,
"11d47eb9-aa39-4235-83a7-3008b15f13ee","D02","POSE","POSE.AOS.S2","POSE.SS.20240611.FIL.3","A00000371071","2024-06-11T12:42Z","2024-06-11T12:42Z","Illinois State Water Survey Central Analytical Laboratory",252.0,0.07058,5,"2024-06-13","A",,
"c4879c7a-992c-42fd-9fe5-05b6f110202f","D02","POSE","POSE.AOS.S2","POSE.SS.20240611.FIL.3","A00000371071","2024-06-11T12:42Z","2024-06-11T12:42Z","Illinois State Water Survey Central Analytical Laboratory",310.0,0.03608,5,"2024-06-13","A",,
"6dfcbd9f-eb6b-474a-ad44-a59039de2ae4","D02","POSE","POSE.AOS.S2","POSE.SS.20240611.FIL.3","A00000371071","2024-06-11T12:42Z","2024-06-11T12:42Z","Illinois State Water Survey Central Analytical Laboratory",570.0,0.00104,5,"2024-06-13","A",,
"8e403b52-9a74-48ac-9b11-10bf2ce57f74","D02","POSE","POSE.AOS.S2","POSE.SS.20240611.FIL","A00000371069","2024-06-11T12:42Z","2024-06-11T12:42Z","Illinois State Water Survey Central Analytical Laboratory",360.0,0.01776,5,"2024-06-13","A",,
"018199af-06e4-4a3a-9c9b-e58afe4b3212","D02","POSE","POSE.AOS.S2","POSE.SS.20240611.FIL.2","A00000371070","2024-06-11T12:42Z","2024-06-11T12:42Z","Illinois State Water Survey Central Analytical Laboratory",404.0,0.00878,5,"2024-06-13","B",,
"c4bc1d0c-9e7e-46ce-9731-ee7cdc254e04","D02","POSE","POSE.AOS.S2","POSE.SS.20240611.FIL.3","A00000371071","2024-06-11T12:42Z","2024-06-11T12:42Z","Illinois State Water Survey Central Analytical Laboratory",262.0,0.06454,5,"2024-06-13","A",,
"e06b6a87-a762-408c-9561-e6d2b5f63cc5","D02","POSE","POSE.AOS.S2","POSE.SS.20240611.FIL.2","A00000371070","2024-06-11T12:42Z","2024-06-11T12:42Z","Illinois State Water Survey Central Analytical Laboratory",544.0,0.00132,5,"2024-06-13","A",,
"9efd56a3-4599-4b9a-aadf-fc48e9c77893","D02","POSE","POSE.AOS.S2","POSE.SS.20240611.FIL.2","A00000371070","2024-06-11T12:42Z","2024-06-11T12:42Z","Illinois State Water Survey Central Analytical Laboratory",548.0,0.00132,5,"2024-06-13","A",,
"126dcc60-9122-42de-9874-05404eab166d","D02","POSE","POSE.AOS.S2","POSE.SS.20240611.FIL.2","A00000371070","2024-06-11T12:42Z","2024-06-11T12:42Z","Illinois State Water Survey Central Analytical Laboratory",406.0,0.00818,5,"2024-06-13","A",,
"f1e48bdf-102a-4826-b853-b1b01454bbd0","D02","POSE","POSE.AOS.S2","POSE.SS.20240611.FIL","A00000371069","2024-06-11T12:42Z","2024-06-11T12:42Z","Illinois State Water Survey Central Analytical Laboratory",422.0,0.00668,5,"2024-06-13","B",,
"f1f2cc81-825d-439b-9a81-135e4a3dae6b","D02","POSE","POSE.AOS.S2","POSE.SS.20240611.FIL.3","A00000371071","2024-06-11T12:42Z","2024-06-11T12:42Z","Illinois State Water Survey Central Analytical Laboratory",292.0,0.04596,5,"2024-06-13","B",,
"c49c8ec5-8c93-49f5-979a-8395c1594ecc","D02","POSE","POSE.AOS.S2","POSE.SS.20240611.FIL.2","A00000371070","2024-06-11T12:42Z","2024-06-11T12:42Z","Illinois State Water Survey Central Analytical Laboratory",426.0,0.00598,5,"2024-06-13","A",,
"a80219ae-a1ef-47be-a13d-6349e3c32ed8","D02","POSE","POSE.AOS.S2","POSE.SS.20240611.FIL","A00000371069","2024-06-11T12:42Z","2024-06-11T12:42Z","Illinois State Water Survey Central Analytical Laboratory",240.0,0.08332,5,"2024-06-13","B",,
"6dfd1b32-4011-4dfa-b338-9924039f49ab","D02","POSE","POSE.AOS.S2","POSE.SS.20240611.FIL.2","A00000371070","2024-06-11T12:42Z","2024-06-11T12:42Z","Illinois State Water Survey Central Analytical Laboratory",416.0,0.00720,5,"2024-06-13","B",,
"a79d5fc9-208c-4019-8fe9-aaf727829ee9","D02","POSE","POSE.AOS.S2","POSE.SS.20240611.FIL.2","A00000371070","2024-06-11T12:42Z","2024-06-11T12:42Z","Illinois State Water Survey Central Analytical Laboratory",510.0,0.00212,5,"2024-06-13","B",,
"c413e1e2-bd78-49b5-b29f-e02e970d0e1a","D02","POSE","POSE.AOS.S2","POSE.SS.20240611.FIL","A00000371069","2024-06-11T12:42Z","2024-06-11T12:42Z","Illinois State Water Survey Central Analytical Laboratory",470.0,0.00334,5,"2024-06-13","B",,
"13f2622a-1d47-46c0-8dca-f43058c3c465","D02","POSE","POSE.AOS.S2","POSE.SS.20240611.FIL","A00000371069","2024-06-11T12:42Z","2024-06-11T12:42Z","Illinois State Water Survey Central Analytical Laboratory",418.0,0.00696,5,"2024-06-13","A",,
"b22478df-fa9e-4e0a-a62e-90f01119ccb0","D02","POSE","POSE.AOS.S2","POSE.SS.20240611.FIL.3","A00000371071","2024-06-11T12:42Z","2024-06-11T12:42Z","Illinois State Water Survey Central Analytical Laboratory",220.0,0.16864,5,"2024-06-13","A",,
"16f5dc25-849d-4091-b8d5-4fb38756e49d","D02","POSE","POSE.AOS.S2","POSE.SS.20240611.FIL.2","A00000371070","2024-06-11T12:42Z","2024-06-11T12:42Z","Illinois State Water Survey Central Analytical Laboratory",454.0,0.00392,5,"2024-06-13","A",,
"f1d5b857-4eb1-4802-839e-d4f5bc30d008","D02","POSE","POSE.AOS.S2","POSE.SS.20240611.FIL.3","A00000371071","2024-06-11T12:42Z","2024-06-11T12:42Z","Illinois State Water Survey Central Analytical Laboratory",544.0,0.00134,5,"2024-06-13","A",,
"f0ccba66-f5ce-49e2-af4b-965853745df8","D02","POSE","POSE.AOS.S2","POSE.SS.20240611.FIL.3","A00000371071","2024-06-11T12:42Z","2024-06-11T12:42Z","Illinois State Water Survey Central Analytical Laboratory",522.0,0.00170,5,"2024-06-13","A",,
"da293ba0-9ed1-487a-a28d-f31d4dd7b6c8","D02","POSE","POSE.AOS.S2","POSE.SS.20240611.FIL.2","A00000371070","2024-06-11T12:42Z","2024-06-11T12:42Z","Illinois State Water Survey Central Analytical Laboratory",374.0,0.01374,5,"2024-06-13","A",,
"c8e7ce50-adb8-44e9-838f-acddb626d67d","D02","POSE","POSE.AOS.S2","POSE.SS.20240611.FIL.3","A00000371071","2024-06-11T12:42Z","2024-06-11T12:42Z","Illinois State Water Survey Central Analytical Laboratory",240.0,0.08252,5,"2024-06-13","B",,
"59c617b0-6887-464e-a70c-e77d2d032d5e","D02","POSE","POSE.AOS.S2","POSE.SS.20240611.FIL.2","A00000371070","2024-06-11T12:42Z","2024-06-11T12:42Z","Illinois State Water Survey Central Analytical Laboratory",596.0,0.00074,5,"2024-06-13","A",,
"6872c445-2b39-4155-9a55-47596bf4f0dd","D02","POSE","POSE.AOS.S2","POSE.SS.20240611.FIL.2","A00000371070","2024-06-11T12:42Z","2024-06-11T12:42Z","Illinois State Water Survey Central Analytical Laboratory",370.0,0.01512,5,"2024-06-13","B",,
"fd04a044-158e-44da-ab67-94ec54bb34a2","D02","POSE","POSE.AOS.S2","POSE.SS.20240611.FIL.3","A00000371071","2024-06-11T12:42Z","2024-06-11T12:42Z","Illinois State Water Survey Central Analytical Laboratory",408.0,0.00796,5,"2024-06-13","B",,
"692e7032-7ef4-4fc4-aad2-dd1b66c7bf35","D02","POSE","POSE.AOS.S2","POSE.SS.20240611.FIL.2","A00000371070","2024-06-11T12:42Z","2024-06-11T12:42Z","Illinois State Water Survey Central Analytical Laboratory",242.0,0.07866,5,"2024-06-13","A",,
"144ab4a8-f1c7-4f28-8425-0a411f5c97b0","D02","POSE","POSE.AOS.S2","POSE.SS.20240611.FIL","A00000371069","2024-06-11T12:42Z","2024-06-11T12:42Z","Illinois State Water Survey Central Analytical Laboratory",308.0,0.03754,5,"2024-06-13","A",,
"7469bf5b-022b-4f49-accd-5f99846f9923","D02","POSE","POSE.AOS.S2","POSE.SS.20240611.FIL.3","A00000371071","2024-06-11T12:42Z","2024-06-11T12:42Z","Illinois State Water Survey Central Analytical Laboratory",352.0,0.01974,5,"2024-06-13","A",,
"678ae7dd-ece1-4e27-863a-8be8518398d3","D02","POSE","POSE.AOS.S2","POSE.SS.20240611.FIL.3","A00000371071","2024-06-11T12:42Z","2024-06-11T12:42Z","Illinois State Water Survey Central Analytical Laboratory",428.0,0.00588,5,"2024-06-13","A",,
"da580968-616f-4908-b066-4308edceb038","D02","POSE","POSE.AOS.S2","POSE.SS.20240611.FIL.3","A00000371071","2024-06-11T12:42Z","2024-06-11T12:42Z","Illinois State Water Survey Central Analytical Laboratory",516.0,0.00186,5,"2024-06-13","A",,
"42021f76-da9b-44d4-b780-76d1b79f7c37","D02","POSE","POSE.AOS.S2","POSE.SS.20240611.FIL","A00000371069","2024-06-11T12:42Z","2024-06-11T12:42Z","Illinois State Water Survey Central Analytical Laboratory",234.0,0.09488,5,"2024-06-13","A",,
"ad218807-8008-4ccb-a5e9-5973fc4ac93a","D02","POSE","POSE.AOS.S2","POSE.SS.20240611.FIL.3","A00000371071","2024-06-11T12:42Z","2024-06-11T12:42Z","Illinois State Water Survey Central Analytical Laboratory",284.0,0.05102,5,"2024-06-13","A",,
"a1cb30a1-7025-4dae-bb30-0da2220b6850","D02","POSE","POSE.AOS.S2","POSE.SS.20240611.FIL.2","A00000371070","2024-06-11T12:42Z","2024-06-11T12:42Z","Illinois State Water Survey Central Analytical Laboratory",288.0,0.04800,5,"2024-06-13","A",,
"b8e7c62e-e3da-4b33-9a9b-58a33ac577e5","D02","POSE","POSE.AOS.S2","POSE.SS.20240611.FIL.2","A00000371070","2024-06-11T12:42Z","2024-06-11T12:42Z","Illinois State Water Survey Central Analytical Laboratory",424.0,0.00618,5,"2024-06-13","A",,
"47fe82ec-fcb2-4159-a9e9-8ae138468544","D02","POSE","POSE.AOS.S2","POSE.SS.20240611.FIL","A00000371069","2024-06-11T12:42Z","2024-06-11T12:42Z","Illinois State Water Survey Central Analytical Laboratory",584.0,0.00092,5,"2024-06-13","A",,
"41ad3358-052a-458a-bd39-37b6dd15b9c9","D02","POSE","POSE.AOS.S2","POSE.SS.20240611.FIL.3","A00000371071","2024-06-11T12:42Z","2024-06-11T12:42Z","Illinois State Water Survey Central Analytical Laboratory",482.0,0.00280,5,"2024-06-13","A",,
"a5821d3b-2573-4276-83c4-5c6896122ac1","D02","POSE","POSE.AOS.S2","POSE.SS.20240611.FIL","A00000371069","2024-06-11T12:42Z","2024-06-11T12:42Z","Illinois State Water Survey Central Analytical Laboratory",372.0,0.01474,5,"2024-06-13","B",,
"72185b6e-b37a-4369-bb35-fe034b439629","D02","POSE","POSE.AOS.S2","POSE.SS.20240611.FIL.3","A00000371071","2024-06-11T12:42Z","2024-06-11T12:42Z","Illinois State Water Survey Central Analytical Laboratory",328.0,0.02820,5,"2024-06-13","B",,
"a28d6ad0-8586-4a1a-b087-8b3267ea6ea1","D02","POSE","POSE.AOS.S2","POSE.SS.20240611.FIL.2","A00000371070","2024-06-11T12:42Z","2024-06-11T12:42Z","Illinois State Water Survey Central Analytical Laboratory",566.0,0.00128,5,"2024-06-13","B",,
"f2fe49ca-70c1-4335-844b-67980f946aab","D02","POSE","POSE.AOS.S2","POSE.SS.20240611.FIL","A00000371069","2024-06-11T12:42Z","2024-06-11T12:42Z","Illinois State Water Survey Central Analytical Laboratory",292.0,0.04662,5,"2024-06-13","B",,
"809d728c-723c-47c4-8dca-ff291f99f989","D02","POSE","POSE.AOS.S2","POSE.SS.20240611.FIL.3","A00000371071","2024-06-11T12:42Z","2024-06-11T12:42Z","Illinois State Water Survey Central Analytical Laboratory",504.0,0.00208,5,"2024-06-13","A",,
"feab89ff-c129-4689-9de5-f3c5dd1b477d","D02","POSE","POSE.AOS.S2","POSE.SS.20240611.FIL.2","A00000371070","2024-06-11T12:42Z","2024-06-11T12:42Z","Illinois State Water Survey Central Analytical Laboratory",526.0,0.00178,5,"2024-06-13","B",,
"45c02746-2e9a-4f0f-b389-f256970de19d","D02","POSE","POSE.AOS.S2","POSE.SS.20240611.FIL.3","A00000371071","2024-06-11T12:42Z","2024-06-11T12:42Z","Illinois State Water Survey Central Analytical Laboratory",408.0,0.00796,5,"2024-06-13","A",,
"0e6ca3f6-4237-4424-98dc-c71c8337c1cf","D02","POSE","POSE.AOS.S2","POSE.SS.20240611.FIL","A00000371069","2024-06-11T12:42Z","2024-06-11T12:42Z","Illinois State Water Survey Central Analytical Laboratory",444.0,0.00480,5,"2024-06-13","B",,
"5c3c892f-99c6-4730-9044-58b26df02a61","D02","POSE","POSE.AOS.S2","POSE.SS.20240611.FIL.2","A00000371070","2024-06-11T12:42Z","2024-06-11T12:42Z","Illinois State Water Survey Central Analytical Laboratory",514.0,0.00204,5,"2024-06-13","B",,
"0d9fdde6-326c-4869-912a-fec7023bcc59","D02","POSE","POSE.AOS.S2","POSE.SS.20240611.FIL.3","A00000371071","2024-06-11T12:42Z","2024-06-11T12:42Z","Illinois State Water Survey Central Analytical Laboratory",530.0,0.00156,5,"2024-06-13","A",,
"62266c88-71a5-49ab-af0b-23e8fa49af90","D02","POSE","POSE.AOS.S2","POSE.SS.20240611.FIL","A00000371069","2024-06-11T12:42Z","2024-06-11T12:42Z","Illinois State Water Survey Central Analytical Laboratory",282.0,0.05298,5,"2024-06-13","A",,
"803ef98d-7f4f-4793-b665-030642702813","D02","POSE","POSE.AOS.S2","POSE.SS.20240611.FIL.3","A00000371071","2024-06-11T12:42Z","2024-06-11T12:42Z","Illinois State Water Survey Central Analytical Laboratory",324.0,0.02986,5,"2024-06-13","B",,
"a49e7f86-85af-4932-8379-d35687c03ea5","D02","POSE","POSE.AOS.S2","POSE.SS.20240611.FIL.2","A00000371070","2024-06-11T12:42Z","2024-06-11T12:42Z","Illinois State Water Survey Central Analytical Laboratory",534.0,0.00166,5,"2024-06-13","B",,
"b69cc953-de46-4fb6-83e3-bcc9506c1891","D02","POSE","POSE.AOS.S2","POSE.SS.20240611.FIL.3","A00000371071","2024-06-11T12:42Z","2024-06-11T12:42Z","Illinois State Water Survey Central Analytical Laboratory",378.0,0.01304,5,"2024-06-13","A",,
"ac7d60c7-9828-4c95-a444-404d08358edf","D02","POSE","POSE.AOS.S2","POSE.SS.20240611.FIL.2","A00000371070","2024-06-11T12:42Z","2024-06-11T12:42Z","Illinois State Water Survey Central Analytical Laboratory",272.0,0.05798,5,"2024-06-13","A",,
"832627ba-dd0e-47ef-b627-f7afde592a99","D02","POSE","POSE.AOS.S2","POSE.SS.20240611.FIL","A00000371069","2024-06-11T12:42Z","2024-06-11T12:42Z","Illinois State Water Survey Central Analytical Laboratory",364.0,0.01670,5,"2024-06-13","A",,
"da5bf323-3f9e-4822-967d-788aa001908e","D02","POSE","POSE.AOS.S2","POSE.SS.20240611.FIL","A00000371069","2024-06-11T12:42Z","2024-06-11T12:42Z","Illinois State Water Survey Central Analytical Laboratory",246.0,0.07610,5,"2024-06-13","B",,
"d92a4a15-5275-4666-a5ed-42e56ac2c88a","D02","POSE","POSE.AOS.S2","POSE.SS.20240611.FIL.3","A00000371071","2024-06-11T12:42Z","2024-06-11T12:42Z","Illinois State Water Survey Central Analytical Laboratory",564.0,0.00120,5,"2024-06-13","B",,
"9dd21a05-423b-4b55-bcb4-9d21c6e35c67","D02","POSE","POSE.AOS.S2","POSE.SS.20240611.FIL","A00000371069","2024-06-11T12:42Z","2024-06-11T12:42Z","Illinois State Water Survey Central Analytical Laboratory",410.0,0.00800,5,"2024-06-13","B",,
"d72a5e53-881e-479d-8ef5-445995bd3ed2","D02","POSE","POSE.AOS.S2","POSE.SS.20240611.FIL.2","A00000371070","2024-06-11T12:42Z","2024-06-11T12:42Z","Illinois State Water Survey Central Analytical Laboratory",526.0,0.00160,5,"2024-06-13","A",,
"566308ae-b705-426a-abff-6ebff22d89ef","D02","POSE","POSE.AOS.S2","POSE.SS.20240611.FIL.3","A00000371071","2024-06-11T12:42Z","2024-06-11T12:42Z","Illinois State Water Survey Central Analytical Laboratory",270.0,0.05978,5,"2024-06-13","B",,
"166e1cfc-5925-41e6-a1fc-09346fcf10f6","D02","POSE","POSE.AOS.S2","POSE.SS.20240611.FIL.2","A00000371070","2024-06-11T12:42Z","2024-06-11T12:42Z","Illinois State Water Survey Central Analytical Laboratory",564.0,0.00130,5,"2024-06-13","B",,
"8d21f505-0e20-45ef-8448-2707f7be670b","D02","POSE","POSE.AOS.S2","POSE.SS.20240611.FIL.3","A00000371071","2024-06-11T12:42Z","2024-06-11T12:42Z","Illinois State Water Survey Central Analytical Laboratory",538.0,0.00148,5,"2024-06-13","B",,
"22f2c8e0-906c-4950-a0ed-8e098f90b914","D02","POSE","POSE.AOS.S2","POSE.SS.20240611.FIL.2","A00000371070","2024-06-11T12:42Z","2024-06-11T12:42Z","Illinois State Water Survey Central Analytical Laboratory",262.0,0.06506,5,"2024-06-13","B",,
"f2bd2870-7e23-4dbf-aaf5-93a838526170","D02","POSE","POSE.AOS.S2","POSE.SS.20240611.FIL.3","A00000371071","2024-06-11T12:42Z","2024-06-11T12:42Z","Illinois State Water Survey Central Analytical Laboratory",250.0,0.07224,5,"2024-06-13","B",,
"946fc58a-dbe1-4973-bbfe-416945ebb80a","D02","POSE","POSE.AOS.S2","POSE.SS.20240611.FIL","A00000371069","2024-06-11T12:42Z","2024-06-11T12:42Z","Illinois State Water Survey Central Analytical Laboratory",234.0,0.09510,5,"2024-06-13","B",,
"6c17fd10-9c73-4953-9ce0-cb4dff011350","D02","POSE","POSE.AOS.S2","POSE.SS.20240611.FIL.2","A00000371070","2024-06-11T12:42Z","2024-06-11T12:42Z","Illinois State Water Survey Central Analytical Laboratory",286.0,0.04922,5,"2024-06-13","A",,
"49e3defa-2ab5-4d23-9f12-a12f4ea780d1","D02","POSE","POSE.AOS.S2","POSE.SS.20240611.FIL.3","A00000371071","2024-06-11T12:42Z","2024-06-11T12:42Z","Illinois State Water Survey Central Analytical Laboratory",580.0,0.00100,5,"2024-06-13","B",,
"246e327d-4721-4cd2-b203-b0b2fcd49726","D02","POSE","POSE.AOS.S2","POSE.SS.20240611.FIL.2","A00000371070","2024-06-11T12:42Z","2024-06-11T12:42Z","Illinois State Water Survey Central Analytical Laboratory",500.0,0.00218,5,"2024-06-13","A",,
"7f545ee8-8659-4833-94ea-2ed23867e2ca","D02","POSE","POSE.AOS.S2","POSE.SS.20240611.FIL.3","A00000371071","2024-06-11T12:42Z","2024-06-11T12:42Z","Illinois State Water Survey Central Analytical Laboratory",550.0,0.00130,5,"2024-06-13","B",,
"9e94ca9f-be9c-412b-9de1-1d33e8768db5","D02","POSE","POSE.AOS.S2","POSE.SS.20240611.FIL.2","A00000371070","2024-06-11T12:42Z","2024-06-11T12:42Z","Illinois State Water Survey Central Analytical Laboratory",530.0,0.00156,5,"2024-06-13","A",,
"31f90b37-7a84-4ef9-9707-0f7da8aea2e1","D02","POSE","POSE.AOS.S2","POSE.SS.20240611.FIL.3","A00000371071","2024-06-11T12:42Z","2024-06-11T12:42Z","Illinois State Water Survey Central Analytical Laboratory",490.0,0.00252,5,"2024-06-13","A",,
"ea3616b3-1995-422f-9b3d-3bd968ad4fcd","D02","POSE","POSE.AOS.S2","POSE.SS.20240611.FIL.2","A00000371070","2024-06-11T12:42Z","2024-06-11T12:42Z","Illinois State Water Survey Central Analytical Laboratory",432.0,0.00546,5,"2024-06-13","A",,
"09ec8b1d-2ec6-4f75-8da3-f8e397856135","D02","POSE","POSE.AOS.S2","POSE.SS.20240611.FIL","A00000371069","2024-06-11T12:42Z","2024-06-11T12:42Z","Illinois State Water Survey Central Analytical Laboratory",374.0,0.01428,5,"2024-06-13","B",,
"cd08d6f0-c425-4efe-9033-3713a1e97376","D02","POSE","POSE.AOS.S2","POSE.SS.20240611.FIL.2","A00000371070","2024-06-11T12:42Z","2024-06-11T12:42Z","Illinois State Water Survey Central Analytical Laboratory",304.0,0.03950,5,"2024-06-13","B",,
"fd96fd28-9ebb-432c-8f51-3fd244eabb45","D02","POSE","POSE.AOS.S2","POSE.SS.20240611.FIL","A00000371069","2024-06-11T12:42Z","2024-06-11T12:42Z","Illinois State Water Survey Central Analytical Laboratory",394.0,0.01028,5,"2024-06-13","B",,
"95fdb62c-9210-4a6f-9b7a-65d104a7185b","D02","POSE","POSE.AOS.S2","POSE.SS.20240611.FIL.2","A00000371070","2024-06-11T12:42Z","2024-06-11T12:42Z","Illinois State Water Survey Central Analytical Laboratory",428.0,0.00602,5,"2024-06-13","B",,
"41fba4c3-cdd3-45a6-8a99-9c9d0ee2758e","D02","POSE","POSE.AOS.S2","POSE.SS.20240611.FIL","A00000371069","2024-06-11T12:42Z","2024-06-11T12:42Z","Illinois State Water Survey Central Analytical Laboratory",268.0,0.06172,5,"2024-06-13","A",,
"634ff82e-07f2-4428-9f73-f226cfa74ab1","D02","POSE","POSE.AOS.S2","POSE.SS.20240611.FIL.3","A00000371071","2024-06-11T12:42Z","2024-06-11T12:42Z","Illinois State Water Survey Central Analytical Laboratory",254.0,0.06954,5,"2024-06-13","B",,
"6923dc23-1f9b-4b94-b25d-39e110c0fb90","D02","POSE","POSE.AOS.S2","POSE.SS.20240611.FIL.2","A00000371070","2024-06-11T12:42Z","2024-06-11T12:42Z","Illinois State Water Survey Central Analytical Laboratory",306.0,0.03770,5,"2024-06-13","A",,
"a0dc8403-a443-40c7-81f9-541e9992d045","D02","POSE","POSE.AOS.S2","POSE.SS.20240611.FIL","A00000371069","2024-06-11T12:42Z","2024-06-11T12:42Z","Illinois State Water Survey Central Analytical Laboratory",296.0,0.04394,5,"2024-06-13","A",,
"3f1c8671-a3e0-4e37-871f-f91eb09463aa","D02","POSE","POSE.AOS.S2","POSE.SS.20240611.FIL.3","A00000371071","2024-06-11T12:42Z","2024-06-11T12:42Z","Illinois State Water Survey Central Analytical Laboratory",510.0,0.00200,5,"2024-06-13","A",,
"96e6b5de-85b3-438f-a8b7-01af1f96baa6","D02","POSE","POSE.AOS.S2","POSE.SS.20240611.FIL.3","A00000371071","2024-06-11T12:42Z","2024-06-11T12:42Z","Illinois State Water Survey Central Analytical Laboratory",566.0,0.00108,5,"2024-06-13","A",,
"235b6c15-12e7-41a7-a2dd-921c77e271f8","D02","POSE","POSE.AOS.S2","POSE.SS.20240611.FIL.2","A00000371070","2024-06-11T12:42Z","2024-06-11T12:42Z","Illinois State Water Survey Central Analytical Laboratory",274.0,0.05780,5,"2024-06-13","B",,
"f9ab8e6f-7a5a-4b0c-b29a-193784ac6b39","D02","POSE","POSE.AOS.S2","POSE.SS.20240611.FIL","A00000371069","2024-06-11T12:42Z","2024-06-11T12:42Z","Illinois State Water Survey Central Analytical Laboratory",442.0,0.00496,5,"2024-06-13","B",,
"c62ae5ff-8605-4fb9-a3af-0ac5ee570a6d","D02","POSE","POSE.AOS.S2","POSE.SS.20240611.FIL.2","A00000371070","2024-06-11T12:42Z","2024-06-11T12:42Z","Illinois State Water Survey Central Analytical Laboratory",300.0,0.04160,5,"2024-06-13","B",,
"4c5c4717-162e-42e6-993f-bcb5a50c2eac","D02","POSE","POSE.AOS.S2","POSE.SS.20240611.FIL.2","A00000371070","2024-06-11T12:42Z","2024-06-11T12:42Z","Illinois State Water Survey Central Analytical Laboratory",538.0,0.00164,5,"2024-06-13","B",,
"609b0d01-a445-4ee4-b7da-aa48c9da76ab","D02","POSE","POSE.AOS.S2","POSE.SS.20240611.FIL.3","A00000371071","2024-06-11T12:42Z","2024-06-11T12:42Z","Illinois State Water Survey Central Analytical Laboratory",328.0,0.02814,5,"2024-06-13","A",,
"9e7edf75-f0e8-4514-84cc-e4829d4027c8","D02","POSE","POSE.AOS.S2","POSE.SS.20240611.FIL.3","A00000371071","2024-06-11T12:42Z","2024-06-11T12:42Z","Illinois State Water Survey Central Analytical Laboratory",530.0,0.00156,5,"2024-06-13","A",,
"9450bb54-0527-4f0b-b30f-fbfa9da9d426","D02","POSE","POSE.AOS.S2","POSE.SS.20240611.FIL","A00000371069","2024-06-11T12:42Z","2024-06-11T12:42Z","Illinois State Water Survey Central Analytical Laboratory",230.0,0.10844,5,"2024-06-13","B",,
"29532746-6f1c-4d1f-9514-3e9962b21cde","D02","POSE","POSE.AOS.S2","POSE.SS.20240611.FIL.3","A00000371071","2024-06-11T12:42Z","2024-06-11T12:42Z","Illinois State Water Survey Central Analytical Laboratory",246.0,0.07534,5,"2024-06-13","B",,
"c55eb574-a7f7-45d8-ad6d-e2135be34933","D02","POSE","POSE.AOS.S2","POSE.SS.20240611.FIL","A00000371069","2024-06-11T12:42Z","2024-06-11T12:42Z","Illinois State Water Survey Central Analytical Laboratory",364.0,0.01680,5,"2024-06-13","B",,
"b1b72b3c-3609-4367-b84c-a6f2a0a8c3c8","D02","POSE","POSE.AOS.S2","POSE.SS.20240611.FIL.2","A00000371070","2024-06-11T12:42Z","2024-06-11T12:42Z","Illinois State Water Survey Central Analytical Laboratory",382.0,0.01242,5,"2024-06-13","B",,
"ba68a090-495c-49b2-b5c4-cc5a30ab3573","D02","POSE","POSE.AOS.S2","POSE.SS.20240611.FIL","A00000371069","2024-06-11T12:42Z","2024-06-11T12:42Z","Illinois State Water Survey Central Analytical Laboratory",360.0,0.01776,5,"2024-06-13","A",,
"f94acef5-bfb9-4ed0-ab16-6596b9922406","D02","POSE","POSE.AOS.S2","POSE.SS.20240611.FIL.3","A00000371071","2024-06-11T12:42Z","2024-06-11T12:42Z","Illinois State Water Survey Central Analytical Laboratory",488.0,0.00258,5,"2024-06-13","A",,
"f2246ffa-58ec-4759-a7ec-456841b225c8","D02","POSE","POSE.AOS.S2","POSE.SS.20240611.FIL.3","A00000371071","2024-06-11T12:42Z","2024-06-11T12:42Z","Illinois State Water Survey Central Analytical Laboratory",592.0,0.00084,5,"2024-06-13","A",,
"b064eaeb-f9a8-4bb4-aad9-35be676ad292","D02","POSE","POSE.AOS.S2","POSE.SS.20240611.FIL.3","A00000371071","2024-06-11T12:42Z","2024-06-11T12:42Z","Illinois State Water Survey Central Analytical Laboratory",396.0,0.00968,5,"2024-06-13","A",,
"99acc35d-8c1a-4b52-83d1-cf92befbdfa0","D02","POSE","POSE.AOS.S2","POSE.SS.20240611.FIL.2","A00000371070","2024-06-11T12:42Z","2024-06-11T12:42Z","Illinois State Water Survey Central Analytical Laboratory",264.0,0.06278,5,"2024-06-13","A",,
"5d7bf3a7-27e5-4507-954b-5ed2fb30dd81","D02","POSE","POSE.AOS.S2","POSE.SS.20240611.FIL.2","A00000371070","2024-06-11T12:42Z","2024-06-11T12:42Z","Illinois State Water Survey Central Analytical Laboratory",522.0,0.00186,5,"2024-06-13","B",,
"3fa51fb4-5764-418a-86a0-d3af3385e422","D02","POSE","POSE.AOS.S2","POSE.SS.20240611.FIL","A00000371069","2024-06-11T12:42Z","2024-06-11T12:42Z","Illinois State Water Survey Central Analytical Laboratory",318.0,0.03286,5,"2024-06-13","A",,
"a28e9269-af1c-43c1-a81a-673e7a1682a6","D02","POSE","POSE.AOS.S2","POSE.SS.20240611.FIL.3","A00000371071","2024-06-11T12:42Z","2024-06-11T12:42Z","Illinois State Water Survey Central Analytical Laboratory",314.0,0.03414,5,"2024-06-13","A",,
"81c95367-a706-4028-ba1f-d0dc4765b928","D02","POSE","POSE.AOS.S2","POSE.SS.20240611.FIL.3","A00000371071","2024-06-11T12:42Z","2024-06-11T12:42Z","Illinois State Water Survey Central Analytical Laboratory",450.0,0.00420,5,"2024-06-13","A",,
"89e88a89-5fdd-43cd-9ed6-776569968ba0","D02","POSE","POSE.AOS.S2","POSE.SS.20240611.FIL","A00000371069","2024-06-11T12:42Z","2024-06-11T12:42Z","Illinois State Water Survey Central Analytical Laboratory",338.0,0.02484,5,"2024-06-13","B",,
"d7e531ea-567e-449a-88d9-b4ccf785703d","D02","POSE","POSE.AOS.S2","POSE.SS.20240611.FIL","A00000371069","2024-06-11T12:42Z","2024-06-11T12:42Z","Illinois State Water Survey Central Analytical Laboratory",228.0,0.11578,5,"2024-06-13","B",,
"1b4f4fee-3ec1-4c51-b0f2-b837051e6d20","D02","POSE","POSE.AOS.S2","POSE.SS.20240611.FIL","A00000371069","2024-06-11T12:42Z","2024-06-11T12:42Z","Illinois State Water Survey Central Analytical Laboratory",326.0,0.02950,5,"2024-06-13","B",,
"af3bae7e-a26d-4382-b7b2-a6a2a64aa7e8","D02","POSE","POSE.AOS.S2","POSE.SS.20240611.FIL","A00000371069","2024-06-11T12:42Z","2024-06-11T12:42Z","Illinois State Water Survey Central Analytical Laboratory",458.0,0.00386,5,"2024-06-13","A",,
"63480ee6-58ac-4249-8836-3f9e6834f8fe","D02","POSE","POSE.AOS.S2","POSE.SS.20240611.FIL","A00000371069","2024-06-11T12:42Z","2024-06-11T12:42Z","Illinois State Water Survey Central Analytical Laboratory",574.0,0.00112,5,"2024-06-13","B",,
"d48b86cd-f869-4cae-88e5-3de77379dff4","D02","POSE","POSE.AOS.S2","POSE.SS.20240611.FIL.2","A00000371070","2024-06-11T12:42Z","2024-06-11T12:42Z","Illinois State Water Survey Central Analytical Laboratory",248.0,0.07412,5,"2024-06-13","B",,
"4527ba2f-1ee1-4958-bc72-2e01d65f7e93","D02","POSE","POSE.AOS.S2","POSE.SS.20240611.FIL.3","A00000371071","2024-06-11T12:42Z","2024-06-11T12:42Z","Illinois State Water Survey Central Analytical Laboratory",254.0,0.06942,5,"2024-06-13","A",,
"57239ad9-5015-44a8-9154-0607616e8e48","D02","POSE","POSE.AOS.S2","POSE.SS.20240611.FIL.2","A00000371070","2024-06-11T12:42Z","2024-06-11T12:42Z","Illinois State Water Survey Central Analytical Laboratory",224.0,0.13556,5,"2024-06-13","A",,
"d53539bc-416e-42c9-a215-13d6d7d33c49","D02","POSE","POSE.AOS.S2","POSE.SS.20240611.FIL","A00000371069","2024-06-11T12:42Z","2024-06-11T12:42Z","Illinois State Water Survey Central Analytical Laboratory",370.0,0.01518,5,"2024-06-13","A",,
"69b666b3-77dc-44b1-b6ec-6da484e1a70c","D02","POSE","POSE.AOS.S2","POSE.SS.20240611.FIL","A00000371069","2024-06-11T12:42Z","2024-06-11T12:42Z","Illinois State Water Survey Central Analytical Laboratory",402.0,0.00912,5,"2024-06-13","B",,
"ca00568e-24e5-4cd7-a594-aae57b545cda","D02","POSE","POSE.AOS.S2","POSE.SS.20240611.FIL.3","A00000371071","2024-06-11T12:42Z","2024-06-11T12:42Z","Illinois State Water Survey Central Analytical Laboratory",586.0,0.00096,5,"2024-06-13","A",,
"e4b130f7-631f-4b5d-9de4-6b529e4029cd","D02","POSE","POSE.AOS.S2","POSE.SS.20240611.FIL.3","A00000371071","2024-06-11T12:42Z","2024-06-11T12:42Z","Illinois State Water Survey Central Analytical Laboratory",556.0,0.00124,5,"2024-06-13","B",,
"9910a9e9-68ea-4494-94be-55d545bdb310","D02","POSE","POSE.AOS.S2","POSE.SS.20240611.FIL.2","A00000371070","2024-06-11T12:42Z","2024-06-11T12:42Z","Illinois State Water Survey Central Analytical Laboratory",482.0,0.00278,5,"2024-06-13","A",,
"344ca2e4-ac8d-4f23-b3c5-19c588ebcd92","D02","POSE","POSE.AOS.S2","POSE.SS.20240611.FIL.2","A00000371070","2024-06-11T12:42Z","2024-06-11T12:42Z","Illinois State Water Survey Central Analytical Laboratory",260.0,0.06506,5,"2024-06-13","A",,
"0bb4699c-33e4-4833-b62a-bf45fd85067d","D02","POSE","POSE.AOS.S2","POSE.SS.20240611.FIL","A00000371069","2024-06-11T12:42Z","2024-06-11T12:42Z","Illinois State Water Survey Central Analytical Laboratory",284.0,0.05166,5,"2024-06-13","A",,
"e59a92ec-ef7a-44b2-b85e-267c6ebe66d7","D02","POSE","POSE.AOS.S2","POSE.SS.20240611.FIL","A00000371069","2024-06-11T12:42Z","2024-06-11T12:42Z","Illinois State Water Survey Central Analytical Laboratory",440.0,0.00514,5,"2024-06-13","B",,
"21008868-3bda-4043-aec1-1ee659bcdcd3","D02","POSE","POSE.AOS.S2","POSE.SS.20240611.FIL.2","A00000371070","2024-06-11T12:42Z","2024-06-11T12:42Z","Illinois State Water Survey Central Analytical Laboratory",402.0,0.00872,5,"2024-06-13","A",,
"f3089606-2213-4811-81cf-4ed3fc723bf1","D02","POSE","POSE.AOS.S2","POSE.SS.20240611.FIL.2","A00000371070","2024-06-11T12:42Z","2024-06-11T12:42Z","Illinois State Water Survey Central Analytical Laboratory",510.0,0.00212,5,"2024-06-13","B",,
"b70e3c4c-d40b-4be6-93f7-5742a02927b0","D02","POSE","POSE.AOS.S2","POSE.SS.20240611.FIL.2","A00000371070","2024-06-11T12:42Z","2024-06-11T12:42Z","Illinois State Water Survey Central Analytical Laboratory",456.0,0.00400,5,"2024-06-13","B",,
"ba55b9ec-69ed-4fe2-be4f-b1c7ae98ab93","D02","POSE","POSE.AOS.S2","POSE.SS.20240611.FIL.2","A00000371070","2024-06-11T12:42Z","2024-06-11T12:42Z","Illinois State Water Survey Central Analytical Laboratory",524.0,0.00164,5,"2024-06-13","A",,
"a4116195-f6c9-4e6d-ac48-21a62be052b8","D02","POSE","POSE.AOS.S2","POSE.SS.20240611.FIL.3","A00000371071","2024-06-11T12:42Z","2024-06-11T12:42Z","Illinois State Water Survey Central Analytical Laboratory",560.0,0.00128,5,"2024-06-13","B",,
"480bf2dd-ced8-473f-b6a4-e562bb22dc23","D02","POSE","POSE.AOS.S2","POSE.SS.20240611.FIL.2","A00000371070","2024-06-11T12:42Z","2024-06-11T12:42Z","Illinois State Water Survey Central Analytical Laboratory",528.0,0.00178,5,"2024-06-13","B",,
"e165a85f-b0d3-45b2-bbe1-66888e6117d8","D02","POSE","POSE.AOS.S2","POSE.SS.20240611.FIL.3","A00000371071","2024-06-11T12:42Z","2024-06-11T12:42Z","Illinois State Water Survey Central Analytical Laboratory",524.0,0.00168,5,"2024-06-13","A",,
"b5a644c7-bcfe-4934-affc-a8d66c526cc1","D02","POSE","POSE.AOS.S2","POSE.SS.20240611.FIL.3","A00000371071","2024-06-11T12:42Z","2024-06-11T12:42Z","Illinois State Water Survey Central Analytical Laboratory",432.0,0.00554,5,"2024-06-13","B",,
"61551e23-7c2e-4fd1-9343-11fb09957b86","D02","POSE","POSE.AOS.S2","POSE.SS.20240611.FIL.2","A00000371070","2024-06-11T12:42Z","2024-06-11T12:42Z","Illinois State Water Survey Central Analytical Laboratory",340.0,0.02398,5,"2024-06-13","B",,
"f5294695-e736-420c-8e15-2d1aa8339a91","D02","POSE","POSE.AOS.S2","POSE.SS.20240611.FIL.2","A00000371070","2024-06-11T12:42Z","2024-06-11T12:42Z","Illinois State Water Survey Central Analytical Laboratory",322.0,0.03100,5,"2024-06-13","B",,
"66664cdc-2805-4633-bdb5-3a688ec35e4f","D02","POSE","POSE.AOS.S2","POSE.SS.20240611.FIL","A00000371069","2024-06-11T12:42Z","2024-06-11T12:42Z","Illinois State Water Survey Central Analytical Laboratory",358.0,0.01834,5,"2024-06-13","A",,
"5351cb0c-f233-4a3c-9555-75c0a1e9689a","D02","POSE","POSE.AOS.S2","POSE.SS.20240611.FIL","A00000371069","2024-06-11T12:42Z","2024-06-11T12:42Z","Illinois State Water Survey Central Analytical Laboratory",500.0,0.00228,5,"2024-06-13","A",,
"7f9e4a0c-8b19-4657-ac97-e389d2de0d78","D02","POSE","POSE.AOS.S2","POSE.SS.20240611.FIL.2","A00000371070","2024-06-11T12:42Z","2024-06-11T12:42Z","Illinois State Water Survey Central Analytical Laboratory",432.0,0.00572,5,"2024-06-13","B",,
"859b0061-15fd-4e65-a40f-e9d5e1c73822","D02","POSE","POSE.AOS.S2","POSE.SS.20240611.FIL.2","A00000371070","2024-06-11T12:42Z","2024-06-11T12:42Z","Illinois State Water Survey Central Analytical Laboratory",568.0,0.00104,5,"2024-06-13","A",,
"db643c21-8714-473b-90f8-f96558f99859","D02","POSE","POSE.AOS.S2","POSE.SS.20240611.FIL.3","A00000371071","2024-06-11T12:42Z","2024-06-11T12:42Z","Illinois State Water Survey Central Analytical Laboratory",474.0,0.00306,5,"2024-06-13","B",,
"c28bb409-c0f4-4efa-a22f-1999e564dfc1","D02","POSE","POSE.AOS.S2","POSE.SS.20240611.FIL.2","A00000371070","2024-06-11T12:42Z","2024-06-11T12:42Z","Illinois State Water Survey Central Analytical Laboratory",526.0,0.00178,5,"2024-06-13","B",,
"ef3fccc7-487e-4175-a134-f54666451fc3","D02","POSE","POSE.AOS.S2","POSE.SS.20240611.FIL","A00000371069","2024-06-11T12:42Z","2024-06-11T12:42Z","Illinois State Water Survey Central Analytical Laboratory",570.0,0.00116,5,"2024-06-13","B",,
"d4f425b5-95c4-49d9-a150-eb5dff885b50","D02","POSE","POSE.AOS.S2","POSE.SS.20240611.FIL","A00000371069","2024-06-11T12:42Z","2024-06-11T12:42Z","Illinois State Water Survey Central Analytical Laboratory",498.0,0.00236,5,"2024-06-13","A",,
"3d6c11df-4f02-4f6d-a30e-e0d37ae5281f","D02","POSE","POSE.AOS.S2","POSE.SS.20240611.FIL","A00000371069","2024-06-11T12:42Z","2024-06-11T12:42Z","Illinois State Water Survey Central Analytical Laboratory",492.0,0.00256,5,"2024-06-13","A",,
"69e01e1a-cf81-4640-b83f-af79327585d7","D02","POSE","POSE.AOS.S2","POSE.SS.20240611.FIL.3","A00000371071","2024-06-11T12:42Z","2024-06-11T12:42Z","Illinois State Water Survey Central Analytical Laboratory",594.0,0.00098,5,"2024-06-13","B",,
"2fbcbee2-5591-47b6-bbdd-cc756d6053e9","D02","POSE","POSE.AOS.S2","POSE.SS.20240611.FIL.2","A00000371070","2024-06-11T12:42Z","2024-06-11T12:42Z","Illinois State Water Survey Central Analytical Laboratory",380.0,0.01248,5,"2024-06-13","A",,
"98e99459-3d5f-4cc7-882e-b9ede78cee2d","D02","POSE","POSE.AOS.S2","POSE.SS.20240611.FIL","A00000371069","2024-06-11T12:42Z","2024-06-11T12:42Z","Illinois State Water Survey Central Analytical Laboratory",490.0,0.00258,5,"2024-06-13","A",,
"944c6f78-f888-48eb-b6f9-52df1a47b6bd","D02","POSE","POSE.AOS.S2","POSE.SS.20240611.FIL.2","A00000371070","2024-06-11T12:42Z","2024-06-11T12:42Z","Illinois State Water Survey Central Analytical Laboratory",584.0,0.00088,5,"2024-06-13","A",,
"c50fe27f-b1e0-4993-8696-c8267e39a713","D02","POSE","POSE.AOS.S2","POSE.SS.20240611.FIL.3","A00000371071","2024-06-11T12:42Z","2024-06-11T12:42Z","Illinois State Water Survey Central Analytical Laboratory",494.0,0.00236,5,"2024-06-13","A",,
"2ce5a61f-fd53-40fb-8ed5-d72410065cc4","D02","POSE","POSE.AOS.S2","POSE.SS.20240611.FIL","A00000371069","2024-06-11T12:42Z","2024-06-11T12:42Z","Illinois State Water Survey Central Analytical Laboratory",488.0,0.00274,5,"2024-06-13","B",,
"53cfc75f-60b1-4b67-8ab8-1445dd383736","D02","POSE","POSE.AOS.S2","POSE.SS.20240611.FIL.2","A00000371070","2024-06-11T12:42Z","2024-06-11T12:42Z","Illinois State Water Survey Central Analytical Laboratory",360.0,0.01726,5,"2024-06-13","A",,
"d5a9c756-fd54-4e8d-abc4-8911a50a05e4","D02","POSE","POSE.AOS.S2","POSE.SS.20240611.FIL.3","A00000371071","2024-06-11T12:42Z","2024-06-11T12:42Z","Illinois State Water Survey Central Analytical Laboratory",262.0,0.06454,5,"2024-06-13","A",,
"041dc306-f0b9-49c1-9c9a-dee1ccf6ae04","D02","POSE","POSE.AOS.S2","POSE.SS.20240611.FIL.2","A00000371070","2024-06-11T12:42Z","2024-06-11T12:42Z","Illinois State Water Survey Central Analytical Laboratory",438.0,0.00500,5,"2024-06-13","A",,
"ffcd7222-7183-454d-b6e5-717e178cf79b","D02","POSE","POSE.AOS.S2","POSE.SS.20240611.FIL.2","A00000371070","2024-06-11T12:42Z","2024-06-11T12:42Z","Illinois State Water Survey Central Analytical Laboratory",600.0,0.00096,5,"2024-06-13","B",,
"d67e4dcf-725c-40a4-9cf4-74e104c6f1a4","D02","POSE","POSE.AOS.S2","POSE.SS.20240611.FIL","A00000371069","2024-06-11T12:42Z","2024-06-11T12:42Z","Illinois State Water Survey Central Analytical Laboratory",222.0,0.15368,5,"2024-06-13","B",,
"6b76e42b-db39-4ae5-b3c8-2e51143c90a0","D02","POSE","POSE.AOS.S2","POSE.SS.20240611.FIL","A00000371069","2024-06-11T12:42Z","2024-06-11T12:42Z","Illinois State Water Survey Central Analytical Laboratory",362.0,0.01730,5,"2024-06-13","B",,
"1c2d62c4-2370-4599-969d-ab431c4afd07","D02","POSE","POSE.AOS.S2","POSE.SS.20240611.FIL.3","A00000371071","2024-06-11T12:42Z","2024-06-11T12:42Z","Illinois State Water Survey Central Analytical Laboratory",514.0,0.00190,5,"2024-06-13","B",,
"dab194bc-d4ce-4afa-8869-604303e93c37","D02","POSE","POSE.AOS.S2","POSE.SS.20240611.FIL.2","A00000371070","2024-06-11T12:42Z","2024-06-11T12:42Z","Illinois State Water Survey Central Analytical Laboratory",312.0,0.03484,5,"2024-06-13","A",,
"4813d7d5-96a2-4d6c-b09a-e6ae08abba1e","D02","POSE","POSE.AOS.S2","POSE.SS.20240611.FIL","A00000371069","2024-06-11T12:42Z","2024-06-11T12:42Z","Illinois State Water Survey Central Analytical Laboratory",356.0,0.01902,5,"2024-06-13","B",,
"c5e30484-cc27-4744-ba0a-5544b575b4e3","D02","POSE","POSE.AOS.S2","POSE.SS.20240611.FIL.3","A00000371071","2024-06-11T12:42Z","2024-06-11T12:42Z","Illinois State Water Survey Central Analytical Laboratory",364.0,0.01634,5,"2024-06-13","A",,
"a97c3bbc-3920-4f82-ac36-65753df8ee87","D02","POSE","POSE.AOS.S2","POSE.SS.20240611.FIL.3","A00000371071","2024-06-11T12:42Z","2024-06-11T12:42Z","Illinois State Water Survey Central Analytical Laboratory",300.0,0.04130,5,"2024-06-13","B",,
"3baa60ba-9afc-47ff-94c1-c8261ff0e5a9","D02","POSE","POSE.AOS.S2","POSE.SS.20240611.FIL","A00000371069","2024-06-11T12:42Z","2024-06-11T12:42Z","Illinois State Water Survey Central Analytical Laboratory",332.0,0.02706,5,"2024-06-13","B",,
"907924c4-89f6-4206-8267-21d28e263737","D02","POSE","POSE.AOS.S2","POSE.SS.20240611.FIL","A00000371069","2024-06-11T12:42Z","2024-06-11T12:42Z","Illinois State Water Survey Central Analytical Laboratory",462.0,0.00362,5,"2024-06-13","A",,
"5f56b3f7-587b-4d6f-ba0f-7efcaa8e2c11","D02","POSE","POSE.AOS.S2","POSE.SS.20240611.FIL.3","A00000371071","2024-06-11T12:42Z","2024-06-11T12:42Z","Illinois State Water Survey Central Analytical Laboratory",372.0,0.01438,5,"2024-06-13","B",,
"e4c1c945-2cd6-4c1e-a9ca-11a333917fcd","D02","POSE","POSE.AOS.S2","POSE.SS.20240611.FIL.2","A00000371070","2024-06-11T12:42Z","2024-06-11T12:42Z","Illinois State Water Survey Central Analytical Laboratory",474.0,0.00324,5,"2024-06-13","B",,
"a4edba81-ff64-447e-a025-10aa7292b305","D02","POSE","POSE.AOS.S2","POSE.SS.20240611.FIL","A00000371069","2024-06-11T12:42Z","2024-06-11T12:42Z","Illinois State Water Survey Central Analytical Laboratory",290.0,0.04772,5,"2024-06-13","A",,
"2e626c1f-b1a9-416f-9299-97bdf740d1fa","D02","POSE","POSE.AOS.S2","POSE.SS.20240611.FIL.3","A00000371071","2024-06-11T12:42Z","2024-06-11T12:42Z","Illinois State Water Survey Central Analytical Laboratory",596.0,0.00090,5,"2024-06-13","B",,
"fc47bb0b-9f6a-46ac-bac5-721264914394","D02","POSE","POSE.AOS.S2","POSE.SS.20240611.FIL.3","A00000371071","2024-06-11T12:42Z","2024-06-11T12:42Z","Illinois State Water Survey Central Analytical Laboratory",528.0,0.00160,5,"2024-06-13","A",,
"e1666afc-5053-4be3-baa0-0467d866c1c8","D02","POSE","POSE.AOS.S2","POSE.SS.20240611.FIL.2","A00000371070","2024-06-11T12:42Z","2024-06-11T12:42Z","Illinois State Water Survey Central Analytical Laboratory",484.0,0.00268,5,"2024-06-13","A",,
"72d94c1c-6164-47f0-9fe9-7e6faef7d0a5","D02","POSE","POSE.AOS.S2","POSE.SS.20240611.FIL.3","A00000371071","2024-06-11T12:42Z","2024-06-11T12:42Z","Illinois State Water Survey Central Analytical Laboratory",344.0,0.02230,5,"2024-06-13","B",,
"fb207222-ed66-4eee-a5ac-052bd89509e8","D02","POSE","POSE.AOS.S2","POSE.SS.20240611.FIL.2","A00000371070","2024-06-11T12:42Z","2024-06-11T12:42Z","Illinois State Water Survey Central Analytical Laboratory",316.0,0.03302,5,"2024-06-13","A",,
"1a046d1b-8fed-4622-9812-736ab14a6916","D02","POSE","POSE.AOS.S2","POSE.SS.20240611.FIL","A00000371069","2024-06-11T12:42Z","2024-06-11T12:42Z","Illinois State Water Survey Central Analytical Laboratory",528.0,0.00170,5,"2024-06-13","B",,
"e5979271-ae1c-4058-be32-dbdade6f0ffd","D02","POSE","POSE.AOS.S2","POSE.SS.20240611.FIL.2","A00000371070","2024-06-11T12:42Z","2024-06-11T12:42Z","Illinois State Water Survey Central Analytical Laboratory",466.0,0.00330,5,"2024-06-13","A",,
"173ad016-0c42-4998-a67f-b7241c8fa6e2","D02","POSE","POSE.AOS.S2","POSE.SS.20240611.FIL.3","A00000371071","2024-06-11T12:42Z","2024-06-11T12:42Z","Illinois State Water Survey Central Analytical Laboratory",452.0,0.00406,5,"2024-06-13","A",,
"57c88278-6562-45b5-8f37-d15a1da72af7","D02","POSE","POSE.AOS.S2","POSE.SS.20240611.FIL","A00000371069","2024-06-11T12:42Z","2024-06-11T12:42Z","Illinois State Water Survey Central Analytical Laboratory",566.0,0.00118,5,"2024-06-13","B",,
"8c53f293-cd46-4803-b717-22814fea4ff3","D02","POSE","POSE.AOS.S2","POSE.SS.20240611.FIL","A00000371069","2024-06-11T12:42Z","2024-06-11T12:42Z","Illinois State Water Survey Central Analytical Laboratory",408.0,0.00826,5,"2024-06-13","B",,
"3ded2301-f10a-4bea-a5a8-a2d3e3d5a592","D02","POSE","POSE.AOS.S2","POSE.SS.20240611.FIL.3","A00000371071","2024-06-11T12:42Z","2024-06-11T12:42Z","Illinois State Water Survey Central Analytical Laboratory",398.0,0.00938,5,"2024-06-13","B",,
"48072789-f854-44f1-892b-7b87cb1f64e3","D02","POSE","POSE.AOS.S2","POSE.SS.20240611.FIL.2","A00000371070","2024-06-11T12:42Z","2024-06-11T12:42Z","Illinois State Water Survey Central Analytical Laboratory",362.0,0.01716,5,"2024-06-13","B",,
"8702b886-7ada-4a19-8b44-2b60ba9c642c","D02","POSE","POSE.AOS.S2","POSE.SS.20240611.FIL.2","A00000371070","2024-06-11T12:42Z","2024-06-11T12:42Z","Illinois State Water Survey Central Analytical Laboratory",556.0,0.00134,5,"2024-06-13","B",,
"0519a0c9-ec3f-4201-b398-a173e104284b","D02","POSE","POSE.AOS.S2","POSE.SS.20240611.FIL.3","A00000371071","2024-06-11T12:42Z","2024-06-11T12:42Z","Illinois State Water Survey Central Analytical Laboratory",354.0,0.01914,5,"2024-06-13","A",,
"6986d0b0-199b-4a70-91af-f5f0510bde7b","D02","POSE","POSE.AOS.S2","POSE.SS.20240611.FIL.3","A00000371071","2024-06-11T12:42Z","2024-06-11T12:42Z","Illinois State Water Survey Central Analytical Laboratory",502.0,0.00216,5,"2024-06-13","A",,
"1405965e-995e-4ea4-b845-e37724372d89","D02","POSE","POSE.AOS.S2","POSE.SS.20240611.FIL.2","A00000371070","2024-06-11T12:42Z","2024-06-11T12:42Z","Illinois State Water Survey Central Analytical Laboratory",548.0,0.00132,5,"2024-06-13","A",,
"18a79c3a-a4c4-4473-a7bd-1ddec43d58dd","D02","POSE","POSE.AOS.S2","POSE.SS.20240611.FIL","A00000371069","2024-06-11T12:42Z","2024-06-11T12:42Z","Illinois State Water Survey Central Analytical Laboratory",326.0,0.02940,5,"2024-06-13","A",,
"26f44677-62a2-4085-943f-810267a74651","D02","POSE","POSE.AOS.S2","POSE.SS.20240611.FIL.3","A00000371071","2024-06-11T12:42Z","2024-06-11T12:42Z","Illinois State Water Survey Central Analytical Laboratory",478.0,0.00290,5,"2024-06-13","B",,
"029aea0f-55d7-4ad2-88bd-e06f402e3d1c","D02","POSE","POSE.AOS.S2","POSE.SS.20240611.FIL","A00000371069","2024-06-11T12:42Z","2024-06-11T12:42Z","Illinois State Water Survey Central Analytical Laboratory",584.0,0.00100,5,"2024-06-13","B",,
"b13cec1b-b75f-4b41-b69d-86efa2289c5a","D02","POSE","POSE.AOS.S2","POSE.SS.20240611.FIL.3","A00000371071","2024-06-11T12:42Z","2024-06-11T12:42Z","Illinois State Water Survey Central Analytical Laboratory",454.0,0.00398,5,"2024-06-13","A",,
"24b22576-945f-4502-9697-4503b8e76885","D02","POSE","POSE.AOS.S2","POSE.SS.20240611.FIL.3","A00000371071","2024-06-11T12:42Z","2024-06-11T12:42Z","Illinois State Water Survey Central Analytical Laboratory",520.0,0.00176,5,"2024-06-13","A",,
"e37cdd04-d613-41ad-8ecf-dd3a3f7cf1b3","D02","POSE","POSE.AOS.S2","POSE.SS.20240611.FIL","A00000371069","2024-06-11T12:42Z","2024-06-11T12:42Z","Illinois State Water Survey Central Analytical Laboratory",474.0,0.00318,5,"2024-06-13","A",,
"96919b21-2394-42df-bd80-e7a5a6dbe382","D02","POSE","POSE.AOS.S2","POSE.SS.20240611.FIL","A00000371069","2024-06-11T12:42Z","2024-06-11T12:42Z","Illinois State Water Survey Central Analytical Laboratory",448.0,0.00448,5,"2024-06-13","A",,
"17032f29-0abf-4e63-8b8e-06ccdc2cae50","D02","POSE","POSE.AOS.S2","POSE.SS.20240611.FIL.3","A00000371071","2024-06-11T12:42Z","2024-06-11T12:42Z","Illinois State Water Survey Central Analytical Laboratory",470.0,0.00320,5,"2024-06-13","A",,
"a9f3258b-00d7-4e4e-947e-b4af2d4304c9","D02","POSE","POSE.AOS.S2","POSE.SS.20240611.FIL.2","A00000371070","2024-06-11T12:42Z","2024-06-11T12:42Z","Illinois State Water Survey Central Analytical Laboratory",576.0,0.00114,5,"2024-06-13","B",,
"10fe5e4f-367c-4450-8dce-372a3e01f941","D02","POSE","POSE.AOS.S2","POSE.SS.20240611.FIL.2","A00000371070","2024-06-11T12:42Z","2024-06-11T12:42Z","Illinois State Water Survey Central Analytical Laboratory",572.0,0.00098,5,"2024-06-13","A",,
"556105c3-f97f-4f4a-a6fd-f37bcb28d8f4","D02","POSE","POSE.AOS.S2","POSE.SS.20240611.FIL.2","A00000371070","2024-06-11T12:42Z","2024-06-11T12:42Z","Illinois State Water Survey Central Analytical Laboratory",326.0,0.02930,5,"2024-06-13","B",,
"8d55f95c-2a80-412f-9fcf-0be4d6afcfb2","D02","POSE","POSE.AOS.S2","POSE.SS.20240611.FIL.2","A00000371070","2024-06-11T12:42Z","2024-06-11T12:42Z","Illinois State Water Survey Central Analytical Laboratory",450.0,0.00436,5,"2024-06-13","B",,
"2cb6ed22-d282-4796-a366-e28431b52786","D02","POSE","POSE.AOS.S2","POSE.SS.20240611.FIL","A00000371069","2024-06-11T12:42Z","2024-06-11T12:42Z","Illinois State Water Survey Central Analytical Laboratory",252.0,0.07132,5,"2024-06-13","A",,
"8b0f46f1-6dd7-4f2f-ba9c-a985e29d32f9","D02","POSE","POSE.AOS.S2","POSE.SS.20240611.FIL","A00000371069","2024-06-11T12:42Z","2024-06-11T12:42Z","Illinois State Water Survey Central Analytical Laboratory",556.0,0.00128,5,"2024-06-13","A",,
"63a4bcbc-66f0-4c72-801b-a50f001e6808","D02","POSE","POSE.AOS.S2","POSE.SS.20240611.FIL.2","A00000371070","2024-06-11T12:42Z","2024-06-11T12:42Z","Illinois State Water Survey Central Analytical Laboratory",576.0,0.00114,5,"2024-06-13","B",,
"13a3c163-ef0e-4790-bf24-12275d159790","D02","POSE","POSE.AOS.S2","POSE.SS.20240611.FIL.2","A00000371070","2024-06-11T12:42Z","2024-06-11T12:42Z","Illinois State Water Survey Central Analytical Laboratory",430.0,0.00590,5,"2024-06-13","B",,
"614722dc-4084-4bad-8b5d-a4dd16480c01","D02","POSE","POSE.AOS.S2","POSE.SS.20240611.FIL.2","A00000371070","2024-06-11T12:42Z","2024-06-11T12:42Z","Illinois State Water Survey Central Analytical Laboratory",468.0,0.00324,5,"2024-06-13","A",,
"b8baad84-3d1a-4f79-90ac-df1756da3669","D02","POSE","POSE.AOS.S2","POSE.SS.20240611.FIL.3","A00000371071","2024-06-11T12:42Z","2024-06-11T12:42Z","Illinois State Water Survey Central Analytical Laboratory",282.0,0.05228,5,"2024-06-13","A",,
"53c9222e-67cb-47df-9705-64a297f7d1d1","D02","POSE","POSE.AOS.S2","POSE.SS.20240611.FIL","A00000371069","2024-06-11T12:42Z","2024-06-11T12:42Z","Illinois State Water Survey Central Analytical Laboratory",372.0,0.01468,5,"2024-06-13","A",,
"0e255b91-c963-4aee-a03e-f05849206b49","D02","POSE","POSE.AOS.S2","POSE.SS.20240611.FIL","A00000371069","2024-06-11T12:42Z","2024-06-11T12:42Z","Illinois State Water Survey Central Analytical Laboratory",398.0,0.00962,5,"2024-06-13","A",,
"d2333156-9b01-4d6d-908a-b39689b8718b","D02","POSE","POSE.AOS.S2","POSE.SS.20240611.FIL.2","A00000371070","2024-06-11T12:42Z","2024-06-11T12:42Z","Illinois State Water Survey Central Analytical Laboratory",296.0,0.04296,5,"2024-06-13","A",,
"b9245103-4ce4-4f83-b71f-db505a2276be","D02","POSE","POSE.AOS.S2","POSE.SS.20240611.FIL.3","A00000371071","2024-06-11T12:42Z","2024-06-11T12:42Z","Illinois State Water Survey Central Analytical Laboratory",332.0,0.02652,5,"2024-06-13","A",,
"7d98f0f9-8b78-4e5c-8a17-4613b4ef6757","D02","POSE","POSE.AOS.S2","POSE.SS.20240611.FIL.2","A00000371070","2024-06-11T12:42Z","2024-06-11T12:42Z","Illinois State Water Survey Central Analytical Laboratory",540.0,0.00156,5,"2024-06-13","B",,
"b8751079-08ae-473b-b78a-3443ae517188","D02","POSE","POSE.AOS.S2","POSE.SS.20240611.FIL","A00000371069","2024-06-11T12:42Z","2024-06-11T12:42Z","Illinois State Water Survey Central Analytical Laboratory",532.0,0.00166,5,"2024-06-13","B",,
"e5b206a6-aa16-4021-941c-dd8e56da96c9","D02","POSE","POSE.AOS.S2","POSE.SS.20240611.FIL","A00000371069","2024-06-11T12:42Z","2024-06-11T12:42Z","Illinois State Water Survey Central Analytical Laboratory",390.0,0.01086,5,"2024-06-13","A",,
"f264e08c-5504-408a-a3c3-c5b2ca58a357","D02","POSE","POSE.AOS.S2","POSE.SS.20240611.FIL","A00000371069","2024-06-11T12:42Z","2024-06-11T12:42Z","Illinois State Water Survey Central Analytical Laboratory",492.0,0.00260,5,"2024-06-13","B",,
"987b3460-3615-4ce4-805b-4810153676ba","D02","POSE","POSE.AOS.S2","POSE.SS.20240611.FIL.3","A00000371071","2024-06-11T12:42Z","2024-06-11T12:42Z","Illinois State Water Survey Central Analytical Laboratory",596.0,0.00090,5,"2024-06-13","B",,
"603bc558-9897-4935-9c46-b86e9c068c2d","D02","POSE","POSE.AOS.S2","POSE.SS.20240611.FIL.3","A00000371071","2024-06-11T12:42Z","2024-06-11T12:42Z","Illinois State Water Survey Central Analytical Laboratory",302.0,0.04024,5,"2024-06-13","B",,
"7bd24ac3-f915-4eaa-ab6d-d2e9ab847b43","D02","POSE","POSE.AOS.S2","POSE.SS.20240611.FIL","A00000371069","2024-06-11T12:42Z","2024-06-11T12:42Z","Illinois State Water Survey Central Analytical Laboratory",576.0,0.00102,5,"2024-06-13","A",,
"d1b5871c-1bd2-4a3c-bab5-1553d8f00235","D02","POSE","POSE.AOS.S2","POSE.SS.20240611.FIL","A00000371069","2024-06-11T12:42Z","2024-06-11T12:42Z","Illinois State Water Survey Central Analytical Laboratory",426.0,0.00624,5,"2024-06-13","A",,
"9a186fda-79e1-41a8-b789-7c71d5562d2a","D02","POSE","POSE.AOS.S2","POSE.SS.20240611.FIL.2","A00000371070","2024-06-11T12:42Z","2024-06-11T12:42Z","Illinois State Water Survey Central Analytical Laboratory",258.0,0.06616,5,"2024-06-13","A",,
"ce922cb0-6c5a-4e1f-a165-a8dc2a9053f1","D02","POSE","POSE.AOS.S2","POSE.SS.20240611.FIL","A00000371069","2024-06-11T12:42Z","2024-06-11T12:42Z","Illinois State Water Survey Central Analytical Laboratory",586.0,0.00094,5,"2024-06-13","A",,
"95869b7c-45ad-4029-81ec-78dca625afb3","D02","POSE","POSE.AOS.S2","POSE.SS.20240611.FIL.2","A00000371070","2024-06-11T12:42Z","2024-06-11T12:42Z","Illinois State Water Survey Central Analytical Laboratory",336.0,0.02484,5,"2024-06-13","A",,
"1bcde718-9ca3-4564-a81e-fd238b9f28ab","D02","POSE","POSE.AOS.S2","POSE.SS.20240611.FIL.2","A00000371070","2024-06-11T12:42Z","2024-06-11T12:42Z","Illinois State Water Survey Central Analytical Laboratory",260.0,0.06624,5,"2024-06-13","B",,
"918303d4-0b77-418f-ae1f-7233f75ec42f","D02","POSE","POSE.AOS.S2","POSE.SS.20240611.FIL","A00000371069","2024-06-11T12:42Z","2024-06-11T12:42Z","Illinois State Water Survey Central Analytical Laboratory",262.0,0.06542,5,"2024-06-13","B",,
"c2bf2fc7-9b11-430e-b2fb-ffeb80e94378","D02","POSE","POSE.AOS.S2","POSE.SS.20240611.FIL.2","A00000371070","2024-06-11T12:42Z","2024-06-11T12:42Z","Illinois State Water Survey Central Analytical Laboratory",234.0,0.09290,5,"2024-06-13","A",,
"35399c49-66ec-49d5-adcb-ea0e9bc4fcaa","D02","POSE","POSE.AOS.S2","POSE.SS.20240611.FIL","A00000371069","2024-06-11T12:42Z","2024-06-11T12:42Z","Illinois State Water Survey Central Analytical Laboratory",308.0,0.03754,5,"2024-06-13","A",,
"ee60a6df-db9e-41ab-ba10-a5882e477ea0","D02","POSE","POSE.AOS.S2","POSE.SS.20240611.FIL.2","A00000371070","2024-06-11T12:42Z","2024-06-11T12:42Z","Illinois State Water Survey Central Analytical Laboratory",224.0,0.13788,5,"2024-06-13","B",,
"7bc5cbc0-2eb7-417e-bacc-604c0768fb2b","D02","POSE","POSE.AOS.S2","POSE.SS.20240611.FIL.3","A00000371071","2024-06-11T12:42Z","2024-06-11T12:42Z","Illinois State Water Survey Central Analytical Laboratory",568.0,0.00112,5,"2024-06-13","A",,
"11373770-51a0-421e-b06c-b9bf7e50e426","D02","POSE","POSE.AOS.S2","POSE.SS.20240611.FIL.3","A00000371071","2024-06-11T12:42Z","2024-06-11T12:42Z","Illinois State Water Survey Central Analytical Laboratory",418.0,0.00684,5,"2024-06-13","B",,
"06e239d2-0228-450d-8ea5-1647219ddd21","D02","POSE","POSE.AOS.S2","POSE.SS.20240611.FIL.2","A00000371070","2024-06-11T12:42Z","2024-06-11T12:42Z","Illinois State Water Survey Central Analytical Laboratory",382.0,0.01202,5,"2024-06-13","A",,
"cb02dc86-736a-4308-927c-74df9b4f93d4","D02","POSE","POSE.AOS.S2","POSE.SS.20240611.FIL.2","A00000371070","2024-06-11T12:42Z","2024-06-11T12:42Z","Illinois State Water Survey Central Analytical Laboratory",434.0,0.00554,5,"2024-06-13","B",,
"93cca48e-837b-46a0-850b-f96fabe75946","D02","POSE","POSE.AOS.S2","POSE.SS.20240611.FIL.3","A00000371071","2024-06-11T12:42Z","2024-06-11T12:42Z","Illinois State Water Survey Central Analytical Laboratory",244.0,0.07748,5,"2024-06-13","A",,
"32f76d2b-593d-4e40-a46b-bfb6934a130d","D02","POSE","POSE.AOS.S2","POSE.SS.20240611.FIL.3","A00000371071","2024-06-11T12:42Z","2024-06-11T12:42Z","Illinois State Water Survey Central Analytical Laboratory",390.0,0.01064,5,"2024-06-13","A",,
"df282dae-2f9d-437d-a856-8f40b5cc7c78","D02","POSE","POSE.AOS.S2","POSE.SS.20240611.FIL.3","A00000371071","2024-06-11T12:42Z","2024-06-11T12:42Z","Illinois State Water Survey Central Analytical Laboratory",252.0,0.07074,5,"2024-06-13","B",,
"4b3b9fe0-f4b5-4709-bfba-540dd7f3fd2e","D02","POSE","POSE.AOS.S2","POSE.SS.20240611.FIL.3","A00000371071","2024-06-11T12:42Z","2024-06-11T12:42Z","Illinois State Water Survey Central Analytical Laboratory",266.0,0.06216,5,"2024-06-13","A",,
"aad1a033-41e9-4f31-9501-ee79147d5392","D02","POSE","POSE.AOS.S2","POSE.SS.20240611.FIL.3","A00000371071","2024-06-11T12:42Z","2024-06-11T12:42Z","Illinois State Water Survey Central Analytical Laboratory",546.0,0.00128,5,"2024-06-13","A",,
"ddd05c18-fe21-4d6a-a605-c287ad6d9f88","D02","POSE","POSE.AOS.S2","POSE.SS.20240611.FIL.3","A00000371071","2024-06-11T12:42Z","2024-06-11T12:42Z","Illinois State Water Survey Central Analytical Laboratory",304.0,0.03910,5,"2024-06-13","A",,
"741c7063-ac2c-4390-ac3e-9987966c2055","D02","POSE","POSE.AOS.S2","POSE.SS.20240611.FIL.2","A00000371070","2024-06-11T12:42Z","2024-06-11T12:42Z","Illinois State Water Survey Central Analytical Laboratory",562.0,0.00102,5,"2024-06-13","A",,
"5ddb2a5b-a623-4e76-b360-a5dd4813c8eb","D02","POSE","POSE.AOS.S2","POSE.SS.20240611.FIL","A00000371069","2024-06-11T12:42Z","2024-06-11T12:42Z","Illinois State Water Survey Central Analytical Laboratory",582.0,0.00094,5,"2024-06-13","A",,
"0b5f2d48-b2f5-4b79-86a0-695375e805e6","D02","POSE","POSE.AOS.S2","POSE.SS.20240611.FIL.2","A00000371070","2024-06-11T12:42Z","2024-06-11T12:42Z","Illinois State Water Survey Central Analytical Laboratory",336.0,0.02540,5,"2024-06-13","B",,
"7a2d0048-60f3-414e-bf8b-488ac36649a6","D02","POSE","POSE.AOS.S2","POSE.SS.20240611.FIL.2","A00000371070","2024-06-11T12:42Z","2024-06-11T12:42Z","Illinois State Water Survey Central Analytical Laboratory",272.0,0.05906,5,"2024-06-13","B",,
"d23156f7-edc8-4933-85e9-3b51d5b1a56e","D02","POSE","POSE.AOS.S2","POSE.SS.20240611.FIL","A00000371069","2024-06-11T12:42Z","2024-06-11T12:42Z","Illinois State Water Survey Central Analytical Laboratory",586.0,0.00106,5,"2024-06-13","B",,
"7629895a-b5d1-4c6a-aa21-6c4a16513ac3","D02","POSE","POSE.AOS.S2","POSE.SS.20240611.FIL.2","A00000371070","2024-06-11T12:42Z","2024-06-11T12:42Z","Illinois State Water Survey Central Analytical Laboratory",426.0,0.00626,5,"2024-06-13","B",,
"8ba334f0-bc0b-458a-8121-9abf221342a8","D02","POSE","POSE.AOS.S2","POSE.SS.20240611.FIL","A00000371069","2024-06-11T12:42Z","2024-06-11T12:42Z","Illinois State Water Survey Central Analytical Laboratory",272.0,0.05940,5,"2024-06-13","B",,
"bfe2d4ce-a5cb-4f73-849f-84d8a899522c","D02","POSE","POSE.AOS.S2","POSE.SS.20240611.FIL.3","A00000371071","2024-06-11T12:42Z","2024-06-11T12:42Z","Illinois State Water Survey Central Analytical Laboratory",292.0,0.04596,5,"2024-06-13","B",,
"8162166f-604c-4c1e-850b-d740b4aaeecf","D02","POSE","POSE.AOS.S2","POSE.SS.20240611.FIL","A00000371069","2024-06-11T12:42Z","2024-06-11T12:42Z","Illinois State Water Survey Central Analytical Laboratory",230.0,0.10844,5,"2024-06-13","B",,
"d2f838d5-5a2b-4b93-b09b-cdd1ff74e796","D02","POSE","POSE.AOS.S2","POSE.SS.20240611.FIL.2","A00000371070","2024-06-11T12:42Z","2024-06-11T12:42Z","Illinois State Water Survey Central Analytical Laboratory",328.0,0.02850,5,"2024-06-13","B",,
"3b63a311-0e0f-4ae3-9909-9deba4e32566","D02","POSE","POSE.AOS.S2","POSE.SS.20240611.FIL","A00000371069","2024-06-11T12:42Z","2024-06-11T12:42Z","Illinois State Water Survey Central Analytical Laboratory",442.0,0.00490,5,"2024-06-13","A",,
"abc6033c-e78a-4dcf-9649-61981c663dce","D02","POSE","POSE.AOS.S2","POSE.SS.20240611.FIL","A00000371069","2024-06-11T12:42Z","2024-06-11T12:42Z","Illinois State Water Survey Central Analytical Laboratory",452.0,0.00424,5,"2024-06-13","B",,
"f0f0d091-346c-40ab-8017-ea6e0e1bae92","D02","POSE","POSE.AOS.S2","POSE.SS.20240611.FIL","A00000371069","2024-06-11T12:42Z","2024-06-11T12:42Z","Illinois State Water Survey Central Analytical Laboratory",330.0,0.02788,5,"2024-06-13","B",,
"8093a77f-0c6d-4fa1-865c-79a603c84901","D02","POSE","POSE.AOS.S2","POSE.SS.20240611.FIL.2","A00000371070","2024-06-11T12:42Z","2024-06-11T12:42Z","Illinois State Water Survey Central Analytical Laboratory",254.0,0.06992,5,"2024-06-13","B",,
"5819ed4e-3d22-4db4-a818-da7fec6d4149","D02","POSE","POSE.AOS.S2","POSE.SS.20240611.FIL.3","A00000371071","2024-06-11T12:42Z","2024-06-11T12:42Z","Illinois State Water Survey Central Analytical Laboratory",376.0,0.01344,5,"2024-06-13","B",,
"9fa3573a-9d35-4df6-a8e8-356c9da60f64","D02","POSE","POSE.AOS.S2","POSE.SS.20240611.FIL.2","A00000371070","2024-06-11T12:42Z","2024-06-11T12:42Z","Illinois State Water Survey Central Analytical Laboratory",574.0,0.00098,5,"2024-06-13","A",,
"1a1e58cd-c2d9-41b7-bd85-cb9fdf4e2b13","D02","POSE","POSE.AOS.S2","POSE.SS.20240611.FIL.3","A00000371071","2024-06-11T12:42Z","2024-06-11T12:42Z","Illinois State Water Survey Central Analytical Laboratory",498.0,0.00224,5,"2024-06-13","A",,
"8fc4bdba-bede-45d0-8d78-fe7605e1f259","D02","POSE","POSE.AOS.S2","POSE.SS.20240611.FIL.3","A00000371071","2024-06-11T12:42Z","2024-06-11T12:42Z","Illinois State Water Survey Central Analytical Laboratory",464.0,0.00344,5,"2024-06-13","A",,
"a7cb439b-425d-4985-bf1c-aa3b159f5824","D02","POSE","POSE.AOS.S2","POSE.SS.20240611.FIL.3","A00000371071","2024-06-11T12:42Z","2024-06-11T12:42Z","Illinois State Water Survey Central Analytical Laboratory",464.0,0.00348,5,"2024-06-13","B",,
"d07bd4b5-9924-43d1-bb3c-f67455cac57a","D02","POSE","POSE.AOS.S2","POSE.SS.20240611.FIL.2","A00000371070","2024-06-11T12:42Z","2024-06-11T12:42Z","Illinois State Water Survey Central Analytical Laboratory",374.0,0.01416,5,"2024-06-13","B",,
"b5e56457-4766-44f0-a5be-0b199efcdc4f","D02","POSE","POSE.AOS.S2","POSE.SS.20240611.FIL","A00000371069","2024-06-11T12:42Z","2024-06-11T12:42Z","Illinois State Water Survey Central Analytical Laboratory",478.0,0.00302,5,"2024-06-13","B",,
"0d3ac0be-e4a6-4d45-a642-822928e6beca","D02","POSE","POSE.AOS.S2","POSE.SS.20240611.FIL","A00000371069","2024-06-11T12:42Z","2024-06-11T12:42Z","Illinois State Water Survey Central Analytical Laboratory",430.0,0.00586,5,"2024-06-13","A",,
"94d0e276-5049-433c-9e70-1bc3b40d2b34","D02","POSE","POSE.AOS.S2","POSE.SS.20240611.FIL.2","A00000371070","2024-06-11T12:42Z","2024-06-11T12:42Z","Illinois State Water Survey Central Analytical Laboratory",302.0,0.04054,5,"2024-06-13","B",,
"786fb259-74f3-47f3-9ded-8b6b2dd3b8cb","D02","POSE","POSE.AOS.S2","POSE.SS.20240611.FIL.2","A00000371070","2024-06-11T12:42Z","2024-06-11T12:42Z","Illinois State Water Survey Central Analytical Laboratory",586.0,0.00096,5,"2024-06-13","A",,
"fbfe2c11-e5cb-4dd4-85b3-5ed3fb8e0e34","D02","POSE","POSE.AOS.S2","POSE.SS.20240611.FIL.3","A00000371071","2024-06-11T12:42Z","2024-06-11T12:42Z","Illinois State Water Survey Central Analytical Laboratory",336.0,0.02512,5,"2024-06-13","B",,
"5ed243e8-27cb-4700-b4e8-2be43e8cae88","D02","POSE","POSE.AOS.S2","POSE.SS.20240611.FIL.3","A00000371071","2024-06-11T12:42Z","2024-06-11T12:42Z","Illinois State Water Survey Central Analytical Laboratory",354.0,0.01914,5,"2024-06-13","A",,
"19f2ad1b-8c91-480a-9781-5acf7bc471f1","D02","POSE","POSE.AOS.S2","POSE.SS.20240611.FIL.2","A00000371070","2024-06-11T12:42Z","2024-06-11T12:42Z","Illinois State Water Survey Central Analytical Laboratory",496.0,0.00232,5,"2024-06-13","A",,
"bff2a2fc-b231-4af4-8d79-fe50f19a1d00","D02","POSE","POSE.AOS.S2","POSE.SS.20240611.FIL","A00000371069","2024-06-11T12:42Z","2024-06-11T12:42Z","Illinois State Water Survey Central Analytical Laboratory",596.0,0.00094,5,"2024-06-13","B",,
"3f1cc9b1-8943-4c42-b595-9ac22e74ddf6","D02","POSE","POSE.AOS.S2","POSE.SS.20240611.FIL.2","A00000371070","2024-06-11T12:42Z","2024-06-11T12:42Z","Illinois State Water Survey Central Analytical Laboratory",386.0,0.01158,5,"2024-06-13","B",,
"5354c56c-becb-4e38-9988-da8a2e666f86","D02","POSE","POSE.AOS.S2","POSE.SS.20240611.FIL.2","A00000371070","2024-06-11T12:42Z","2024-06-11T12:42Z","Illinois State Water Survey Central Analytical Laboratory",260.0,0.06624,5,"2024-06-13","B",,
"ecbec20e-7fd0-4b3b-adc4-d81d938b269e","D02","POSE","POSE.AOS.S2","POSE.SS.20240611.FIL","A00000371069","2024-06-11T12:42Z","2024-06-11T12:42Z","Illinois State Water Survey Central Analytical Laboratory",356.0,0.01890,5,"2024-06-13","A",,
"908e1950-ba69-46dc-b834-c8aded531fe8","D02","POSE","POSE.AOS.S2","POSE.SS.20240611.FIL.2","A00000371070","2024-06-11T12:42Z","2024-06-11T12:42Z","Illinois State Water Survey Central Analytical Laboratory",596.0,0.00092,5,"2024-06-13","B",,
"1d26dbbb-3926-42e2-8429-15c2a8c621ca","D02","POSE","POSE.AOS.S2","POSE.SS.20240611.FIL.2","A00000371070","2024-06-11T12:42Z","2024-06-11T12:42Z","Illinois State Water Survey Central Analytical Laboratory",294.0,0.04498,5,"2024-06-13","B",,
"248e7e76-2e4b-49b1-b1f0-b8e9c2025d30","D02","POSE","POSE.AOS.S2","POSE.SS.20240611.FIL.3","A00000371071","2024-06-11T12:42Z","2024-06-11T12:42Z","Illinois State Water Survey Central Analytical Laboratory",318.0,0.03238,5,"2024-06-13","A",,
"6524ca23-e621-42f9-8b28-35235dac1066","D02","POSE","POSE.AOS.S2","POSE.SS.20240611.FIL.3","A00000371071","2024-06-11T12:42Z","2024-06-11T12:42Z","Illinois State Water Survey Central Analytical Laboratory",264.0,0.06356,5,"2024-06-13","B",,
"e2e35ea7-84dd-47b2-80bb-55542fe9fcb8","D02","POSE","POSE.AOS.S2","POSE.SS.20240611.FIL.2","A00000371070","2024-06-11T12:42Z","2024-06-11T12:42Z","Illinois State Water Survey Central Analytical Laboratory",286.0,0.05014,5,"2024-06-13","B",,
"53bfdd8f-8495-4bda-a549-9ab473f1702f","D02","POSE","POSE.AOS.S2","POSE.SS.20240611.FIL","A00000371069","2024-06-11T12:42Z","2024-06-11T12:42Z","Illinois State Water Survey Central Analytical Laboratory",344.0,0.02276,5,"2024-06-13","B",,
"7162a0b5-66ce-415d-aca8-1451fec5fada","D02","POSE","POSE.AOS.S2","POSE.SS.20240611.FIL.3","A00000371071","2024-06-11T12:42Z","2024-06-11T12:42Z","Illinois State Water Survey Central Analytical Laboratory",422.0,0.00646,5,"2024-06-13","B",,
"c928ec4f-a552-42b7-88de-8d65e7f38df6","D02","POSE","POSE.AOS.S2","POSE.SS.20240611.FIL.3","A00000371071","2024-06-11T12:42Z","2024-06-11T12:42Z","Illinois State Water Survey Central Analytical Laboratory",258.0,0.06700,5,"2024-06-13","B",,
"9279e387-bb71-4d34-8952-e0de5e16878b","D02","POSE","POSE.AOS.S2","POSE.SS.20240611.FIL.3","A00000371071","2024-06-11T12:42Z","2024-06-11T12:42Z","Illinois State Water Survey Central Analytical Laboratory",366.0,0.01582,5,"2024-06-13","B",,
"b688c9e1-7e96-4276-a1ae-ed9b82ebd190","D02","POSE","POSE.AOS.S2","POSE.SS.20240611.FIL","A00000371069","2024-06-11T12:42Z","2024-06-11T12:42Z","Illinois State Water Survey Central Analytical Laboratory",548.0,0.00134,5,"2024-06-13","A",,
"014700be-0578-4c48-be9f-a3c1b0ccb382","D02","POSE","POSE.AOS.S2","POSE.SS.20240611.FIL.2","A00000371070","2024-06-11T12:42Z","2024-06-11T12:42Z","Illinois State Water Survey Central Analytical Laboratory",510.0,0.00194,5,"2024-06-13","A",,
"11379ed7-cf30-460b-b4a1-40fe5fb34f90","D02","POSE","POSE.AOS.S2","POSE.SS.20240611.FIL","A00000371069","2024-06-11T12:42Z","2024-06-11T12:42Z","Illinois State Water Survey Central Analytical Laboratory",290.0,0.04772,5,"2024-06-13","A",,
"336abfda-1311-417e-8a03-eda29b66907b","D02","POSE","POSE.AOS.S2","POSE.SS.20240611.FIL.2","A00000371070","2024-06-11T12:42Z","2024-06-11T12:42Z","Illinois State Water Survey Central Analytical Laboratory",390.0,0.01054,5,"2024-06-13","A",,
"83adecb7-7fa0-4a7c-97c6-2f013d0c13ba","D02","POSE","POSE.AOS.S2","POSE.SS.20240611.FIL","A00000371069","2024-06-11T12:42Z","2024-06-11T12:42Z","Illinois State Water Survey Central Analytical Laboratory",230.0,0.10824,5,"2024-06-13","A",,
"b6c10a05-3d43-45ff-8d89-e78765551443","D02","POSE","POSE.AOS.S2","POSE.SS.20240611.FIL.3","A00000371071","2024-06-11T12:42Z","2024-06-11T12:42Z","Illinois State Water Survey Central Analytical Laboratory",452.0,0.00406,5,"2024-06-13","A",,
"3edd64bd-e0c7-43c3-8f0e-6adaa3290964","D02","POSE","POSE.AOS.S2","POSE.SS.20240611.FIL.2","A00000371070","2024-06-11T12:42Z","2024-06-11T12:42Z","Illinois State Water Survey Central Analytical Laboratory",288.0,0.04892,5,"2024-06-13","B",,
"e7593754-18f4-4ef9-b2e3-6b03674bd3a7","D02","POSE","POSE.AOS.S2","POSE.SS.20240611.FIL","A00000371069","2024-06-11T12:42Z","2024-06-11T12:42Z","Illinois State Water Survey Central Analytical Laboratory",322.0,0.03124,5,"2024-06-13","B",,
"efd85a6f-b828-4be1-8bed-fa165c307799","D02","POSE","POSE.AOS.S2","POSE.SS.20240611.FIL","A00000371069","2024-06-11T12:42Z","2024-06-11T12:42Z","Illinois State Water Survey Central Analytical Laboratory",266.0,0.06284,5,"2024-06-13","A",,
"f4cfcb62-7235-4ca6-93e9-ad31bae8b486","D02","POSE","POSE.AOS.S2","POSE.SS.20240611.FIL.3","A00000371071","2024-06-11T12:42Z","2024-06-11T12:42Z","Illinois State Water Survey Central Analytical Laboratory",492.0,0.00246,5,"2024-06-13","A",,
"36ad8f3a-cebd-4a6a-92b2-6fe8a6d33129","D02","POSE","POSE.AOS.S2","POSE.SS.20240611.FIL.2","A00000371070","2024-06-11T12:42Z","2024-06-11T12:42Z","Illinois State Water Survey Central Analytical Laboratory",228.0,0.11504,5,"2024-06-13","B",,
"3d263a6c-256b-4fa4-9299-211ca9ec5665","D02","POSE","POSE.AOS.S2","POSE.SS.20240611.FIL.2","A00000371070","2024-06-11T12:42Z","2024-06-11T12:42Z","Illinois State Water Survey Central Analytical Laboratory",266.0,0.06266,5,"2024-06-13","B",,
"8fb4deff-a062-4ef7-a893-7003b50e3c37","D02","POSE","POSE.AOS.S2","POSE.SS.20240611.FIL.3","A00000371071","2024-06-11T12:42Z","2024-06-11T12:42Z","Illinois State Water Survey Central Analytical Laboratory",430.0,0.00572,5,"2024-06-13","A",,
"b7b5ce10-3330-4ed4-b65c-f5ad78b4b583","D02","POSE","POSE.AOS.S2","POSE.SS.20240611.FIL.2","A00000371070","2024-06-11T12:42Z","2024-06-11T12:42Z","Illinois State Water Survey Central Analytical Laboratory",350.0,0.02020,5,"2024-06-13","A",,
"d18166f2-3dac-4dff-89e7-ef5d8ebb5f17","D02","POSE","POSE.AOS.S2","POSE.SS.20240611.FIL.2","A00000371070","2024-06-11T12:42Z","2024-06-11T12:42Z","Illinois State Water Survey Central Analytical Laboratory",464.0,0.00342,5,"2024-06-13","A",,
"9eb2065a-70bd-47fe-bcc9-20cf7ae37b9b","D02","POSE","POSE.AOS.S2","POSE.SS.20240611.FIL.2","A00000371070","2024-06-11T12:42Z","2024-06-11T12:42Z","Illinois State Water Survey Central Analytical Laboratory",322.0,0.03100,5,"2024-06-13","B",,
"02305162-3f95-4413-a37c-0ce616418162","D02","POSE","POSE.AOS.S2","POSE.SS.20240611.FIL.3","A00000371071","2024-06-11T12:42Z","2024-06-11T12:42Z","Illinois State Water Survey Central Analytical Laboratory",332.0,0.02660,5,"2024-06-13","B",,
"5c7f0e0d-ffbe-4636-87e2-b2b4042295bb","D02","POSE","POSE.AOS.S2","POSE.SS.20240611.FIL","A00000371069","2024-06-11T12:42Z","2024-06-11T12:42Z","Illinois State Water Survey Central Analytical Laboratory",338.0,0.02474,5,"2024-06-13","A",,
"fc7be82b-ef64-41b9-b8ce-409576d17681","D02","POSE","POSE.AOS.S2","POSE.SS.20240611.FIL.2","A00000371070","2024-06-11T12:42Z","2024-06-11T12:42Z","Illinois State Water Survey Central Analytical Laboratory",568.0,0.00104,5,"2024-06-13","A",,
"4e83df58-c2c9-4e8c-bcb2-6edf412abe10","D02","POSE","POSE.AOS.S2","POSE.SS.20240611.FIL.3","A00000371071","2024-06-11T12:42Z","2024-06-11T12:42Z","Illinois State Water Survey Central Analytical Laboratory",312.0,0.03526,5,"2024-06-13","B",,
"013ec442-18f1-48f4-851b-b231ea63b757","D02","POSE","POSE.AOS.S2","POSE.SS.20240611.FIL","A00000371069","2024-06-11T12:42Z","2024-06-11T12:42Z","Illinois State Water Survey Central Analytical Laboratory",578.0,0.00110,5,"2024-06-13","B",,
"36fce159-4a73-48e5-a340-03ce2aa6cfa7","D02","POSE","POSE.AOS.S2","POSE.SS.20240611.FIL.2","A00000371070","2024-06-11T12:42Z","2024-06-11T12:42Z","Illinois State Water Survey Central Analytical Laboratory",404.0,0.00846,5,"2024-06-13","A",,
"5e9fc3d8-9793-401b-8fb5-a61b8e632441","D02","POSE","POSE.AOS.S2","POSE.SS.20240611.FIL.3","A00000371071","2024-06-11T12:42Z","2024-06-11T12:42Z","Illinois State Water Survey Central Analytical Laboratory",426.0,0.00608,5,"2024-06-13","B",,
"b08ed30c-2a5b-48d4-be9a-23a631ac4930","D02","POSE","POSE.AOS.S2","POSE.SS.20240611.FIL.3","A00000371071","2024-06-11T12:42Z","2024-06-11T12:42Z","Illinois State Water Survey Central Analytical Laboratory",346.0,0.02164,5,"2024-06-13","A",,
"a98bdc66-0a72-48c2-9871-19717a9b29c5","D02","POSE","POSE.AOS.S2","POSE.SS.20240611.FIL.3","A00000371071","2024-06-11T12:42Z","2024-06-11T12:42Z","Illinois State Water Survey Central Analytical Laboratory",316.0,0.03340,5,"2024-06-13","B",,
"0c611c31-d6cb-4057-b3d6-a2823cd3ddb9","D02","POSE","POSE.AOS.S2","POSE.SS.20240611.FIL","A00000371069","2024-06-11T12:42Z","2024-06-11T12:42Z","Illinois State Water Survey Central Analytical Laboratory",304.0,0.03964,5,"2024-06-13","A",,
"dc30eec3-9bae-425b-8373-7a1989e52846","D02","POSE","POSE.AOS.S2","POSE.SS.20240611.FIL.3","A00000371071","2024-06-11T12:42Z","2024-06-11T12:42Z","Illinois State Water Survey Central Analytical Laboratory",436.0,0.00522,5,"2024-06-13","B",,
"63490a7a-e4ce-4fd3-a00c-dfa80a8b25a0","D02","POSE","POSE.AOS.S2","POSE.SS.20240611.FIL.2","A00000371070","2024-06-11T12:42Z","2024-06-11T12:42Z","Illinois State Water Survey Central Analytical Laboratory",376.0,0.01372,5,"2024-06-13","B",,
"893e5428-d201-4020-8ea2-e34eb6e02d90","D02","POSE","POSE.AOS.S2","POSE.SS.20240611.FIL.3","A00000371071","2024-06-11T12:42Z","2024-06-11T12:42Z","Illinois State Water Survey Central Analytical Laboratory",528.0,0.00160,5,"2024-06-13","A",,
"0da67ac1-0d77-4494-87aa-35ef6efa11b6","D02","POSE","POSE.AOS.S2","POSE.SS.20240611.FIL","A00000371069","2024-06-11T12:42Z","2024-06-11T12:42Z","Illinois State Water Survey Central Analytical Laboratory",322.0,0.03110,5,"2024-06-13","A",,
"9a858757-f584-4fe6-8035-e5a4dbe54d5f","D02","POSE","POSE.AOS.S2","POSE.SS.20240611.FIL","A00000371069","2024-06-11T12:42Z","2024-06-11T12:42Z","Illinois State Water Survey Central Analytical Laboratory",544.0,0.00136,5,"2024-06-13","A",,
"3b2a6b97-d8ec-435e-932a-71a0dac54b25","D02","POSE","POSE.AOS.S2","POSE.SS.20240611.FIL","A00000371069","2024-06-11T12:42Z","2024-06-11T12:42Z","Illinois State Water Survey Central Analytical Laboratory",224.0,0.13888,5,"2024-06-13","B",,
"aaf34b66-1873-4a8b-986f-8adf2d5a4078","D02","POSE","POSE.AOS.S2","POSE.SS.20240611.FIL.2","A00000371070","2024-06-11T12:42Z","2024-06-11T12:42Z","Illinois State Water Survey Central Analytical Laboratory",512.0,0.00210,5,"2024-06-13","B",,
"7d5da2e3-77a1-4477-9a77-f101cccb61fd","D02","POSE","POSE.AOS.S2","POSE.SS.20240611.FIL.3","A00000371071","2024-06-11T12:42Z","2024-06-11T12:42Z","Illinois State Water Survey Central Analytical Laboratory",308.0,0.03712,5,"2024-06-13","B",,
"40396e0a-fa0e-4fa9-8c6c-58e12439b5ad","D02","POSE","POSE.AOS.S2","POSE.SS.20240611.FIL.3","A00000371071","2024-06-11T12:42Z","2024-06-11T12:42Z","Illinois State Water Survey Central Analytical Laboratory",318.0,0.03246,5,"2024-06-13","B",,
"9c46e722-f227-454e-92ac-475b0557e6ed","D02","POSE","POSE.AOS.S2","POSE.SS.20240611.FIL.3","A00000371071","2024-06-11T12:42Z","2024-06-11T12:42Z","Illinois State Water Survey Central Analytical Laboratory",466.0,0.00338,5,"2024-06-13","B",,
"94cafe3d-3cc0-4f22-9875-9b435f642db7","D02","POSE","POSE.AOS.S2","POSE.SS.20240611.FIL.3","A00000371071","2024-06-11T12:42Z","2024-06-11T12:42Z","Illinois State Water Survey Central Analytical Laboratory",470.0,0.00320,5,"2024-06-13","B",,
"3726358b-6a9a-4a77-91b6-7b84152e3226","D02","POSE","POSE.AOS.S2","POSE.SS.20240611.FIL","A00000371069","2024-06-11T12:42Z","2024-06-11T12:42Z","Illinois State Water Survey Central Analytical Laboratory",580.0,0.00102,5,"2024-06-13","B",,
"2284b690-8978-4bb0-8fad-49d052be52f5","D02","POSE","POSE.AOS.S2","POSE.SS.20240611.FIL","A00000371069","2024-06-11T12:42Z","2024-06-11T12:42Z","Illinois State Water Survey Central Analytical Laboratory",400.0,0.00942,5,"2024-06-13","B",,
"f80b3599-c409-42e3-8a8a-e4a94a9b151c","D02","POSE","POSE.AOS.S2","POSE.SS.20240611.FIL.3","A00000371071","2024-06-11T12:42Z","2024-06-11T12:42Z","Illinois State Water Survey Central Analytical Laboratory",570.0,0.00104,5,"2024-06-13","A",,
"13b7792a-5ca4-4fc4-8710-4b96e4a368fa","D02","POSE","POSE.AOS.S2","POSE.SS.20240611.FIL.2","A00000371070","2024-06-11T12:42Z","2024-06-11T12:42Z","Illinois State Water Survey Central Analytical Laboratory",324.0,0.02954,5,"2024-06-13","A",,
"3752947a-5dfc-4ea0-bc82-23acd7e72ac7","D02","POSE","POSE.AOS.S2","POSE.SS.20240611.FIL.2","A00000371070","2024-06-11T12:42Z","2024-06-11T12:42Z","Illinois State Water Survey Central Analytical Laboratory",418.0,0.00702,5,"2024-06-13","B",,
"f1f77cdd-9d98-433a-a5ca-39380238fd78","D02","POSE","POSE.AOS.S2","POSE.SS.20240611.FIL.3","A00000371071","2024-06-11T12:42Z","2024-06-11T12:42Z","Illinois State Water Survey Central Analytical Laboratory",252.0,0.07058,5,"2024-06-13","A",,
"84f69f7b-1755-4bb7-b82c-d6f12842f00e","D02","POSE","POSE.AOS.S2","POSE.SS.20240611.FIL.3","A00000371071","2024-06-11T12:42Z","2024-06-11T12:42Z","Illinois State Water Survey Central Analytical Laboratory",326.0,0.02894,5,"2024-06-13","A",,
"01a0c550-818c-4dea-b178-8098092761d9","D02","POSE","POSE.AOS.S2","POSE.SS.20240611.FIL.2","A00000371070","2024-06-11T12:42Z","2024-06-11T12:42Z","Illinois State Water Survey Central Analytical Laboratory",480.0,0.00284,5,"2024-06-13","A",,
"3aa18981-7f23-4f94-adb3-50e14bfe9d85","D02","POSE","POSE.AOS.S2","POSE.SS.20240611.FIL.2","A00000371070","2024-06-11T12:42Z","2024-06-11T12:42Z","Illinois State Water Survey Central Analytical Laboratory",544.0,0.00150,5,"2024-06-13","B",,
"c3aacfe2-ac6d-4268-a978-78fce4058daf","D02","POSE","POSE.AOS.S2","POSE.SS.20240611.FIL.2","A00000371070","2024-06-11T12:42Z","2024-06-11T12:42Z","Illinois State Water Survey Central Analytical Laboratory",588.0,0.00076,5,"2024-06-13","A",,
"8feff1bc-89fd-48b3-a687-1af3beb2c144","D02","POSE","POSE.AOS.S2","POSE.SS.20240611.FIL.2","A00000371070","2024-06-11T12:42Z","2024-06-11T12:42Z","Illinois State Water Survey Central Analytical Laboratory",392.0,0.01018,5,"2024-06-13","A",,
"3646cb66-7338-4c20-9377-8b8e60dd1211","D02","POSE","POSE.AOS.S2","POSE.SS.20240611.FIL","A00000371069","2024-06-11T12:42Z","2024-06-11T12:42Z","Illinois State Water Survey Central Analytical Laboratory",600.0,0.00084,5,"2024-06-13","A",,
"3dda85d0-28c3-4833-b1fb-6c3eeaa48726","D02","POSE","POSE.AOS.S2","POSE.SS.20240611.FIL.2","A00000371070","2024-06-11T12:42Z","2024-06-11T12:42Z","Illinois State Water Survey Central Analytical Laboratory",298.0,0.04274,5,"2024-06-13","B",,
"62b494c5-d420-413e-9f11-1ff890281c15","D02","POSE","POSE.AOS.S2","POSE.SS.20240611.FIL","A00000371069","2024-06-11T12:42Z","2024-06-11T12:42Z","Illinois State Water Survey Central Analytical Laboratory",502.0,0.00228,5,"2024-06-13","B",,
"c636bf15-0620-4f48-b24e-d30efad2473e","D02","POSE","POSE.AOS.S2","POSE.SS.20240611.FIL","A00000371069","2024-06-11T12:42Z","2024-06-11T12:42Z","Illinois State Water Survey Central Analytical Laboratory",546.0,0.00138,5,"2024-06-13","B",,
"591b2b12-ed57-4517-8f26-e98056b263a4","D02","POSE","POSE.AOS.S2","POSE.SS.20240611.FIL.3","A00000371071","2024-06-11T12:42Z","2024-06-11T12:42Z","Illinois State Water Survey Central Analytical Laboratory",490.0,0.00252,5,"2024-06-13","B",,
"ad99984a-f705-479e-88c8-477f9416b559","D02","POSE","POSE.AOS.S2","POSE.SS.20240611.FIL.2","A00000371070","2024-06-11T12:42Z","2024-06-11T12:42Z","Illinois State Water Survey Central Analytical Laboratory",244.0,0.07802,5,"2024-06-13","B",,
"0480bdab-44f3-4678-9aff-384d5c4372e4","D02","POSE","POSE.AOS.S2","POSE.SS.20240611.FIL.2","A00000371070","2024-06-11T12:42Z","2024-06-11T12:42Z","Illinois State Water Survey Central Analytical Laboratory",524.0,0.00184,5,"2024-06-13","B",,
"dc500d1a-459b-435a-88dd-27577592b546","D02","POSE","POSE.AOS.S2","POSE.SS.20240611.FIL.3","A00000371071","2024-06-11T12:42Z","2024-06-11T12:42Z","Illinois State Water Survey Central Analytical Laboratory",342.0,0.02292,5,"2024-06-13","A",,
"15aa9868-a214-4ad6-8e3c-33debba4af9c","D02","POSE","POSE.AOS.S2","POSE.SS.20240611.FIL.2","A00000371070","2024-06-11T12:42Z","2024-06-11T12:42Z","Illinois State Water Survey Central Analytical Laboratory",360.0,0.01772,5,"2024-06-13","B",,
"ebe0c05d-e756-466b-9f73-0e17c6eeca3f","D02","POSE","POSE.AOS.S2","POSE.SS.20240611.FIL.3","A00000371071","2024-06-11T12:42Z","2024-06-11T12:42Z","Illinois State Water Survey Central Analytical Laboratory",322.0,0.03066,5,"2024-06-13","A",,
"e4f5ec9e-9e76-443d-9691-67da8fce5cae","D02","POSE","POSE.AOS.S2","POSE.SS.20240611.FIL.2","A00000371070","2024-06-11T12:42Z","2024-06-11T12:42Z","Illinois State Water Survey Central Analytical Laboratory",426.0,0.00598,5,"2024-06-13","A",,
"30d4fe3c-a3e5-46a6-91d6-e892f4688317","D02","POSE","POSE.AOS.S2","POSE.SS.20240611.FIL.2","A00000371070","2024-06-11T12:42Z","2024-06-11T12:42Z","Illinois State Water Survey Central Analytical Laboratory",598.0,0.00072,5,"2024-06-13","A",,
"589957b5-88c1-44fa-8320-1a3453d03c6a","D02","POSE","POSE.AOS.S2","POSE.SS.20240611.FIL.3","A00000371071","2024-06-11T12:42Z","2024-06-11T12:42Z","Illinois State Water Survey Central Analytical Laboratory",506.0,0.00206,5,"2024-06-13","A",,
"21e6ca91-b86d-49b4-9698-b7dfbe5f9f9a","D02","POSE","POSE.AOS.S2","POSE.SS.20240611.FIL","A00000371069","2024-06-11T12:42Z","2024-06-11T12:42Z","Illinois State Water Survey Central Analytical Laboratory",234.0,0.09510,5,"2024-06-13","B",,
"ec6d08e4-af46-4d31-948e-fc5f34234287","D02","POSE","POSE.AOS.S2","POSE.SS.20240611.FIL.2","A00000371070","2024-06-11T12:42Z","2024-06-11T12:42Z","Illinois State Water Survey Central Analytical Laboratory",262.0,0.06390,5,"2024-06-13","A",,
"7e8f44f5-ac81-41fb-8f78-41af94825718","D02","POSE","POSE.AOS.S2","POSE.SS.20240611.FIL","A00000371069","2024-06-11T12:42Z","2024-06-11T12:42Z","Illinois State Water Survey Central Analytical Laboratory",410.0,0.00790,5,"2024-06-13","A",,
"a0a9feb7-8e65-4ebb-9bd6-9f9d0f1b85bb","D02","POSE","POSE.AOS.S2","POSE.SS.20240611.FIL.2","A00000371070","2024-06-11T12:42Z","2024-06-11T12:42Z","Illinois State Water Survey Central Analytical Laboratory",300.0,0.04080,5,"2024-06-13","A",,
"40e494ed-c8d1-4812-b386-1b50e158efc5","D02","POSE","POSE.AOS.S2","POSE.SS.20240611.FIL.3","A00000371071","2024-06-11T12:42Z","2024-06-11T12:42Z","Illinois State Water Survey Central Analytical Laboratory",270.0,0.05966,5,"2024-06-13","A",,
"f1b8d11f-b238-4007-b10f-ad79cdcbb742","D02","POSE","POSE.AOS.S2","POSE.SS.20240611.FIL.2","A00000371070","2024-06-11T12:42Z","2024-06-11T12:42Z","Illinois State Water Survey Central Analytical Laboratory",322.0,0.03036,5,"2024-06-13","A",,
"f83cf01e-3212-49e3-a2d3-3a86712d777b","D02","POSE","POSE.AOS.S2","POSE.SS.20240611.FIL.3","A00000371071","2024-06-11T12:42Z","2024-06-11T12:42Z","Illinois State Water Survey Central Analytical Laboratory",522.0,0.00174,5,"2024-06-13","B",,
"e6e7d03c-18da-4a3d-803b-0352763935a1","D02","POSE","POSE.AOS.S2","POSE.SS.20240611.FIL.3","A00000371071","2024-06-11T12:42Z","2024-06-11T12:42Z","Illinois State Water Survey Central Analytical Laboratory",322.0,0.03072,5,"2024-06-13","B",,
"77fc6eaa-4451-4e89-931c-fa6e918ca4eb","D02","POSE","POSE.AOS.S2","POSE.SS.20240611.FIL","A00000371069","2024-06-11T12:42Z","2024-06-11T12:42Z","Illinois State Water Survey Central Analytical Laboratory",398.0,0.00968,5,"2024-06-13","B",,
"e0ebcd89-6996-4f8f-8eb3-a1429f018ecc","D02","POSE","POSE.AOS.S2","POSE.SS.20240611.FIL.3","A00000371071","2024-06-11T12:42Z","2024-06-11T12:42Z","Illinois State Water Survey Central Analytical Laboratory",280.0,0.05362,5,"2024-06-13","B",,
"c17f63c1-8c89-43e6-a83e-47c89084d787","D02","POSE","POSE.AOS.S2","POSE.SS.20240611.FIL","A00000371069","2024-06-11T12:42Z","2024-06-11T12:42Z","Illinois State Water Survey Central Analytical Laboratory",536.0,0.00158,5,"2024-06-13","B",,
"538fb3de-d005-402c-9a62-490da7f426ae","D02","POSE","POSE.AOS.S2","POSE.SS.20240611.FIL.3","A00000371071","2024-06-11T12:42Z","2024-06-11T12:42Z","Illinois State Water Survey Central Analytical Laboratory",590.0,0.00096,5,"2024-06-13","B",,
"3715abcc-8404-4a72-b462-4be9f3276b2d","D02","POSE","POSE.AOS.S2","POSE.SS.20240611.FIL.3","A00000371071","2024-06-11T12:42Z","2024-06-11T12:42Z","Illinois State Water Survey Central Analytical Laboratory",480.0,0.00284,5,"2024-06-13","A",,
"82bbae18-0ed3-48d6-9091-c2e1e6dacaa3","D02","POSE","POSE.AOS.S2","POSE.SS.20240611.FIL","A00000371069","2024-06-11T12:42Z","2024-06-11T12:42Z","Illinois State Water Survey Central Analytical Laboratory",300.0,0.04176,5,"2024-06-13","A",,
"73e06dd5-7cf7-4ef3-bf34-cf2cdc58b1d0","D02","POSE","POSE.AOS.S2","POSE.SS.20240611.FIL.3","A00000371071","2024-06-11T12:42Z","2024-06-11T12:42Z","Illinois State Water Survey Central Analytical Laboratory",394.0,0.00996,5,"2024-06-13","A",,
"2845ba2a-fac7-4eab-aa53-75007b0c1eae","D02","POSE","POSE.AOS.S2","POSE.SS.20240611.FIL","A00000371069","2024-06-11T12:42Z","2024-06-11T12:42Z","Illinois State Water Survey Central Analytical Laboratory",320.0,0.03204,5,"2024-06-13","A",,
"b2063e68-a7ce-401d-8643-9b1a041f6bde","D02","POSE","POSE.AOS.S2","POSE.SS.20240611.FIL","A00000371069","2024-06-11T12:42Z","2024-06-11T12:42Z","Illinois State Water Survey Central Analytical Laboratory",504.0,0.00218,5,"2024-06-13","A",,
"1c9e1586-0be0-47cf-b5cb-737e214a13f6","D02","POSE","POSE.AOS.S2","POSE.SS.20240611.FIL.3","A00000371071","2024-06-11T12:42Z","2024-06-11T12:42Z","Illinois State Water Survey Central Analytical Laboratory",480.0,0.00286,5,"2024-06-13","B",,
"61fe71b4-417e-439a-b349-d595287c12a4","D02","POSE","POSE.AOS.S2","POSE.SS.20240611.FIL","A00000371069","2024-06-11T12:42Z","2024-06-11T12:42Z","Illinois State Water Survey Central Analytical Laboratory",582.0,0.00100,5,"2024-06-13","B",,
"873f9d77-8dbc-49e1-8872-30f4ae733dd0","D02","POSE","POSE.AOS.S2","POSE.SS.20240611.FIL.3","A00000371071","2024-06-11T12:42Z","2024-06-11T12:42Z","Illinois State Water Survey Central Analytical Laboratory",380.0,0.01258,5,"2024-06-13","B",,
"45c6b4c4-b404-4c62-a4e7-f5ce0392f93c","D02","POSE","POSE.AOS.S2","POSE.SS.20240611.FIL","A00000371069","2024-06-11T12:42Z","2024-06-11T12:42Z","Illinois State Water Survey Central Analytical Laboratory",536.0,0.00158,5,"2024-06-13","B",,
"a2a5f49d-6128-4355-b370-b1427efcbbff","D02","POSE","POSE.AOS.S2","POSE.SS.20240611.FIL","A00000371069","2024-06-11T12:42Z","2024-06-11T12:42Z","Illinois State Water Survey Central Analytical Laboratory",418.0,0.00704,5,"2024-06-13","B",,
"0900bffb-1d3b-4aa6-91fa-bca22f4eeaf7","D02","POSE","POSE.AOS.S2","POSE.SS.20240611.FIL.3","A00000371071","2024-06-11T12:42Z","2024-06-11T12:42Z","Illinois State Water Survey Central Analytical Laboratory",336.0,0.02504,5,"2024-06-13","A",,
"134ec533-5875-4af1-9dd6-98fe30cce758","D02","POSE","POSE.AOS.S2","POSE.SS.20240611.FIL.2","A00000371070","2024-06-11T12:42Z","2024-06-11T12:42Z","Illinois State Water Survey Central Analytical Laboratory",492.0,0.00262,5,"2024-06-13","B",,
"e81fa874-f891-4fc3-bedb-d87d05769f84","D02","POSE","POSE.AOS.S2","POSE.SS.20240611.FIL","A00000371069","2024-06-11T12:42Z","2024-06-11T12:42Z","Illinois State Water Survey Central Analytical Laboratory",388.0,0.01134,5,"2024-06-13","B",,
"83886758-169a-4e7a-9c9d-806520fbc83e","D02","POSE","POSE.AOS.S2","POSE.SS.20240611.FIL","A00000371069","2024-06-11T12:42Z","2024-06-11T12:42Z","Illinois State Water Survey Central Analytical Laboratory",474.0,0.00318,5,"2024-06-13","A",,
"b0a4fea9-1572-4328-8124-67cb4200b1db","D02","POSE","POSE.AOS.S2","POSE.SS.20240611.FIL.3","A00000371071","2024-06-11T12:42Z","2024-06-11T12:42Z","Illinois State Water Survey Central Analytical Laboratory",520.0,0.00176,5,"2024-06-13","B",,
"15b91ecc-3f52-4b66-a75f-0be3747c2ca0","D02","POSE","POSE.AOS.S2","POSE.SS.20240611.FIL.3","A00000371071","2024-06-11T12:42Z","2024-06-11T12:42Z","Illinois State Water Survey Central Analytical Laboratory",290.0,0.04720,5,"2024-06-13","B",,
"3df160f1-150e-457e-9efc-29c94de112e6","D02","POSE","POSE.AOS.S2","POSE.SS.20240611.FIL.3","A00000371071","2024-06-11T12:42Z","2024-06-11T12:42Z","Illinois State Water Survey Central Analytical Laboratory",514.0,0.00190,5,"2024-06-13","B",,
"8aa3aac1-84d2-49c4-99fa-3395eb1b4c26","D02","POSE","POSE.AOS.S2","POSE.SS.20240611.FIL.2","A00000371070","2024-06-11T12:42Z","2024-06-11T12:42Z","Illinois State Water Survey Central Analytical Laboratory",356.0,0.01886,5,"2024-06-13","B",,
"8199b554-afb4-4057-8b34-42e4148eecf9","D02","POSE","POSE.AOS.S2","POSE.SS.20240611.FIL.2","A00000371070","2024-06-11T12:42Z","2024-06-11T12:42Z","Illinois State Water Survey Central Analytical Laboratory",530.0,0.00174,5,"2024-06-13","B",,
"0a1dee94-593f-436d-ae09-94d53799db4b","D02","POSE","POSE.AOS.S2","POSE.SS.20240611.FIL","A00000371069","2024-06-11T12:42Z","2024-06-11T12:42Z","Illinois State Water Survey Central Analytical Laboratory",338.0,0.02474,5,"2024-06-13","A",,
"c3fc2653-7992-4e90-ac6e-6cc0f24efb41","D02","POSE","POSE.AOS.S2","POSE.SS.20240611.FIL","A00000371069","2024-06-11T12:42Z","2024-06-11T12:42Z","Illinois State Water Survey Central Analytical Laboratory",358.0,0.01834,5,"2024-06-13","A",,
"d95010c2-f57e-4d1e-abb5-5a1d362d4d25","D02","POSE","POSE.AOS.S2","POSE.SS.20240611.FIL.2","A00000371070","2024-06-11T12:42Z","2024-06-11T12:42Z","Illinois State Water Survey Central Analytical Laboratory",386.0,0.01124,5,"2024-06-13","A",,
"3c4e62f5-8bba-4cb5-8ee6-61b6dd5018c5","D02","POSE","POSE.AOS.S2","POSE.SS.20240611.FIL.2","A00000371070","2024-06-11T12:42Z","2024-06-11T12:42Z","Illinois State Water Survey Central Analytical Laboratory",296.0,0.04296,5,"2024-06-13","A",,
"5cfe3e85-0179-4420-b4df-1398bb494370","D02","POSE","POSE.AOS.S2","POSE.SS.20240611.FIL.3","A00000371071","2024-06-11T12:42Z","2024-06-11T12:42Z","Illinois State Water Survey Central Analytical Laboratory",238.0,0.08572,5,"2024-06-13","B",,
"dee12fe6-3200-417b-84eb-1c16c62a791f","D02","POSE","POSE.AOS.S2","POSE.SS.20240611.FIL.3","A00000371071","2024-06-11T12:42Z","2024-06-11T12:42Z","Illinois State Water Survey Central Analytical Laboratory",406.0,0.00830,5,"2024-06-13","A",,
"d72dd3db-4435-41f4-be73-3e3dbd4ba285","D02","POSE","POSE.AOS.S2","POSE.SS.20240611.FIL.3","A00000371071","2024-06-11T12:42Z","2024-06-11T12:42Z","Illinois State Water Survey Central Analytical Laboratory",576.0,0.00106,5,"2024-06-13","B",,
"0cb36201-9916-42e5-9f25-2cb0805bf611","D02","POSE","POSE.AOS.S2","POSE.SS.20240611.FIL","A00000371069","2024-06-11T12:42Z","2024-06-11T12:42Z","Illinois State Water Survey Central Analytical Laboratory",546.0,0.00134,5,"2024-06-13","A",,
"c975bcad-6dfa-4a19-8f3b-89a425d0f3bb","D02","POSE","POSE.AOS.S2","POSE.SS.20240611.FIL.2","A00000371070","2024-06-11T12:42Z","2024-06-11T12:42Z","Illinois State Water Survey Central Analytical Laboratory",438.0,0.00500,5,"2024-06-13","A",,
"fb226986-75d2-4a59-a591-f6b906aac203","D02","POSE","POSE.AOS.S2","POSE.SS.20240611.FIL.3","A00000371071","2024-06-11T12:42Z","2024-06-11T12:42Z","Illinois State Water Survey Central Analytical Laboratory",374.0,0.01390,5,"2024-06-13","B",,
"39a7e2a4-7004-415c-b48e-ddf844ac97f7","D02","POSE","POSE.AOS.S2","POSE.SS.20240611.FIL.2","A00000371070","2024-06-11T12:42Z","2024-06-11T12:42Z","Illinois State Water Survey Central Analytical Laboratory",266.0,0.06152,5,"2024-06-13","A",,
"4ac61488-8d03-422a-9a3b-7ed60750cc73","D02","POSE","POSE.AOS.S2","POSE.SS.20240611.FIL.2","A00000371070","2024-06-11T12:42Z","2024-06-11T12:42Z","Illinois State Water Survey Central Analytical Laboratory",414.0,0.00714,5,"2024-06-13","A",,
"ff98e74e-5754-4e76-b301-444465e043b9","D02","POSE","POSE.AOS.S2","POSE.SS.20240611.FIL.2","A00000371070","2024-06-11T12:42Z","2024-06-11T12:42Z","Illinois State Water Survey Central Analytical Laboratory",552.0,0.00138,5,"2024-06-13","B",,
"928af8ed-a8b9-44a0-bd83-6d0b2486fa21","D02","POSE","POSE.AOS.S2","POSE.SS.20240611.FIL","A00000371069","2024-06-11T12:42Z","2024-06-11T12:42Z","Illinois State Water Survey Central Analytical Laboratory",346.0,0.02202,5,"2024-06-13","A",,
"2d5ccfa4-645e-4da8-901d-b048162c8357","D02","POSE","POSE.AOS.S2","POSE.SS.20240611.FIL","A00000371069","2024-06-11T12:42Z","2024-06-11T12:42Z","Illinois State Water Survey Central Analytical Laboratory",220.0,0.17042,5,"2024-06-13","B",,
"a1738734-954f-4bdd-bc68-92f631f537f4","D02","POSE","POSE.AOS.S2","POSE.SS.20240611.FIL.2","A00000371070","2024-06-11T12:42Z","2024-06-11T12:42Z","Illinois State Water Survey Central Analytical Laboratory",580.0,0.00110,5,"2024-06-13","B",,
"ee397650-2599-45fb-bbca-03e87ebe35c5","D02","POSE","POSE.AOS.S2","POSE.SS.20240611.FIL","A00000371069","2024-06-11T12:42Z","2024-06-11T12:42Z","Illinois State Water Survey Central Analytical Laboratory",432.0,0.00574,5,"2024-06-13","B",,
"23fbd95e-57d0-4a6e-ab6b-aaf58763ecb8","D02","POSE","POSE.AOS.S2","POSE.SS.20240611.FIL.2","A00000371070","2024-06-11T12:42Z","2024-06-11T12:42Z","Illinois State Water Survey Central Analytical Laboratory",242.0,0.07866,5,"2024-06-13","A",,
"4fb9e7cc-ae9a-4ab6-8837-f7cad4411953","D02","POSE","POSE.AOS.S2","POSE.SS.20240611.FIL.2","A00000371070","2024-06-11T12:42Z","2024-06-11T12:42Z","Illinois State Water Survey Central Analytical Laboratory",460.0,0.00378,5,"2024-06-13","B",,
"5c81a92e-5120-4415-849b-89bccdbcf2d5","D02","POSE","POSE.AOS.S2","POSE.SS.20240611.FIL.2","A00000371070","2024-06-11T12:42Z","2024-06-11T12:42Z","Illinois State Water Survey Central Analytical Laboratory",536.0,0.00162,5,"2024-06-13","B",,
"bce044c5-44d9-403b-8d44-b1cb9ab5f285","D02","POSE","POSE.AOS.S2","POSE.SS.20240611.FIL.2","A00000371070","2024-06-11T12:42Z","2024-06-11T12:42Z","Illinois State Water Survey Central Analytical Laboratory",476.0,0.00294,5,"2024-06-13","A",,
"6e655afd-8b9b-48f7-ad3d-ddbd64e1697f","D02","POSE","POSE.AOS.S2","POSE.SS.20240611.FIL.3","A00000371071","2024-06-11T12:42Z","2024-06-11T12:42Z","Illinois State Water Survey Central Analytical Laboratory",392.0,0.01032,5,"2024-06-13","B",,
"cfd3a174-dc4e-4a9e-b7ab-0b907a7dc941","D02","POSE","POSE.AOS.S2","POSE.SS.20240611.FIL","A00000371069","2024-06-11T12:42Z","2024-06-11T12:42Z","Illinois State Water Survey Central Analytical Laboratory",436.0,0.00542,5,"2024-06-13","B",,
"924ae64f-9c33-4f0c-ac3a-222aac0cbf3d","D02","POSE","POSE.AOS.S2","POSE.SS.20240611.FIL","A00000371069","2024-06-11T12:42Z","2024-06-11T12:42Z","Illinois State Water Survey Central Analytical Laboratory",342.0,0.02330,5,"2024-06-13","A",,
"997167b3-daad-4944-9301-6d476352b49e","D02","POSE","POSE.AOS.S2","POSE.SS.20240611.FIL.2","A00000371070","2024-06-11T12:42Z","2024-06-11T12:42Z","Illinois State Water Survey Central Analytical Laboratory",336.0,0.02484,5,"2024-06-13","A",,
"2ea41d03-e788-4d67-a17b-271dae2bb09e","D02","POSE","POSE.AOS.S2","POSE.SS.20240611.FIL","A00000371069","2024-06-11T12:42Z","2024-06-11T12:42Z","Illinois State Water Survey Central Analytical Laboratory",312.0,0.03578,5,"2024-06-13","B",,
"ef02b9c7-6e7f-414f-9c1d-3311ce477988","D02","POSE","POSE.AOS.S2","POSE.SS.20240611.FIL.2","A00000371070","2024-06-11T12:42Z","2024-06-11T12:42Z","Illinois State Water Survey Central Analytical Laboratory",466.0,0.00350,5,"2024-06-13","B",,
"3acd22db-d504-4af6-8e1d-57f4ca526e08","D02","POSE","POSE.AOS.S2","POSE.SS.20240611.FIL.3","A00000371071","2024-06-11T12:42Z","2024-06-11T12:42Z","Illinois State Water Survey Central Analytical Laboratory",374.0,0.01390,5,"2024-06-13","B",,
"13dbfc6f-cca1-4db7-ac23-822d2f91535c","D02","POSE","POSE.AOS.S2","POSE.SS.20240611.FIL","A00000371069","2024-06-11T12:42Z","2024-06-11T12:42Z","Illinois State Water Survey Central Analytical Laboratory",264.0,0.06414,5,"2024-06-13","A",,
"6c379009-d637-494a-99cc-f35b0b6401a2","D02","POSE","POSE.AOS.S2","POSE.SS.20240611.FIL","A00000371069","2024-06-11T12:42Z","2024-06-11T12:42Z","Illinois State Water Survey Central Analytical Laboratory",398.0,0.00962,5,"2024-06-13","A",,
"22dbfe3f-51cc-4a58-83a2-27915fc0acec","D02","POSE","POSE.AOS.S2","POSE.SS.20240611.FIL","A00000371069","2024-06-11T12:42Z","2024-06-11T12:42Z","Illinois State Water Survey Central Analytical Laboratory",528.0,0.00164,5,"2024-06-13","A",,
"69b4d936-00fa-4c01-a33e-3e9d2de50bda","D02","POSE","POSE.AOS.S2","POSE.SS.20240611.FIL.2","A00000371070","2024-06-11T12:42Z","2024-06-11T12:42Z","Illinois State Water Survey Central Analytical Laboratory",246.0,0.07436,5,"2024-06-13","A",,
"6513b018-6f34-43e3-a04f-5632dfceb08b","D02","POSE","POSE.AOS.S2","POSE.SS.20240611.FIL.3","A00000371071","2024-06-11T12:42Z","2024-06-11T12:42Z","Illinois State Water Survey Central Analytical Laboratory",392.0,0.01032,5,"2024-06-13","A",,
"2e36f12a-1353-4f30-9488-bab8dc0553d4","D02","POSE","POSE.AOS.S2","POSE.SS.20240611.FIL.2","A00000371070","2024-06-11T12:42Z","2024-06-11T12:42Z","Illinois State Water Survey Central Analytical Laboratory",452.0,0.00402,5,"2024-06-13","A",,
"68f689fc-3d2b-4b9c-b25d-e7477e1dd5e7","D02","POSE","POSE.AOS.S2","POSE.SS.20240611.FIL","A00000371069","2024-06-11T12:42Z","2024-06-11T12:42Z","Illinois State Water Survey Central Analytical Laboratory",554.0,0.00130,5,"2024-06-13","B",,
"5ae4d453-a652-45bc-b99f-1ae2cd36d399","D02","POSE","POSE.AOS.S2","POSE.SS.20240611.FIL.3","A00000371071","2024-06-11T12:42Z","2024-06-11T12:42Z","Illinois State Water Survey Central Analytical Laboratory",582.0,0.00098,5,"2024-06-13","B",,
"447a542f-5b1e-48b7-81c4-5bac8e129b77","D02","POSE","POSE.AOS.S2","POSE.SS.20240611.FIL.3","A00000371071","2024-06-11T12:42Z","2024-06-11T12:42Z","Illinois State Water Survey Central Analytical Laboratory",428.0,0.00588,5,"2024-06-13","A",,
"f5d556e3-80c3-4ae5-a86a-8456b9ce1b2f","D02","POSE","POSE.AOS.S2","POSE.SS.20240611.FIL","A00000371069","2024-06-11T12:42Z","2024-06-11T12:42Z","Illinois State Water Survey Central Analytical Laboratory",482.0,0.00292,5,"2024-06-13","A",,
"aa882534-6778-496d-962c-1315beb7108f","D02","POSE","POSE.AOS.S2","POSE.SS.20240611.FIL","A00000371069","2024-06-11T12:42Z","2024-06-11T12:42Z","Illinois State Water Survey Central Analytical Laboratory",498.0,0.00236,5,"2024-06-13","A",,
"8f8c0fad-8e50-4d86-8e0c-d8218d911b1b","D02","POSE","POSE.AOS.S2","POSE.SS.20240611.FIL","A00000371069","2024-06-11T12:42Z","2024-06-11T12:42Z","Illinois State Water Survey Central Analytical Laboratory",248.0,0.07434,5,"2024-06-13","A",,
"c5420c1f-bc32-4173-a7d3-84b7fc1cb8c2","D02","POSE","POSE.AOS.S2","POSE.SS.20240611.FIL.2","A00000371070","2024-06-11T12:42Z","2024-06-11T12:42Z","Illinois State Water Survey Central Analytical Laboratory",430.0,0.00590,5,"2024-06-13","B",,
"d3c06833-718b-47a9-b0ab-fc530667c300","D02","POSE","POSE.AOS.S2","POSE.SS.20240611.FIL","A00000371069","2024-06-11T12:42Z","2024-06-11T12:42Z","Illinois State Water Survey Central Analytical Laboratory",318.0,0.03298,5,"2024-06-13","B",,
"03f9ee51-8843-4cb2-b23e-05356bdda2ac","D02","POSE","POSE.AOS.S2","POSE.SS.20240611.FIL.3","A00000371071","2024-06-11T12:42Z","2024-06-11T12:42Z","Illinois State Water Survey Central Analytical Laboratory",538.0,0.00148,5,"2024-06-13","A",,
"13e4f209-5348-4727-947c-e3d91be11387","D02","POSE","POSE.AOS.S2","POSE.SS.20240611.FIL","A00000371069","2024-06-11T12:42Z","2024-06-11T12:42Z","Illinois State Water Survey Central Analytical Laboratory",458.0,0.00390,5,"2024-06-13","B",,
"6c4e810f-4a61-46e6-b05b-bcd157eccff3","D02","POSE","POSE.AOS.S2","POSE.SS.20240611.FIL.2","A00000371070","2024-06-11T12:42Z","2024-06-11T12:42Z","Illinois State Water Survey Central Analytical Laboratory",468.0,0.00344,5,"2024-06-13","B",,
"d32bcf52-adc3-4c86-8620-ad046b9b0d27","D02","POSE","POSE.AOS.S2","POSE.SS.20240611.FIL","A00000371069","2024-06-11T12:42Z","2024-06-11T12:42Z","Illinois State Water Survey Central Analytical Laboratory",250.0,0.07300,5,"2024-06-13","B",,
"953b365e-4393-4e82-9345-36ab14953b29","D02","POSE","POSE.AOS.S2","POSE.SS.20240611.FIL.2","A00000371070","2024-06-11T12:42Z","2024-06-11T12:42Z","Illinois State Water Survey Central Analytical Laboratory",564.0,0.00130,5,"2024-06-13","B",,
"9904796a-924a-41c1-a886-6ac21ebc32c2","D02","POSE","POSE.AOS.S2","POSE.SS.20240611.FIL","A00000371069","2024-06-11T12:42Z","2024-06-11T12:42Z","Illinois State Water Survey Central Analytical Laboratory",596.0,0.00084,5,"2024-06-13","A",,
"6bf697d0-23de-4c36-88fb-8dd5137629e8","D02","POSE","POSE.AOS.S2","POSE.SS.20240611.FIL.3","A00000371071","2024-06-11T12:42Z","2024-06-11T12:42Z","Illinois State Water Survey Central Analytical Laboratory",578.0,0.00102,5,"2024-06-13","A",,
"46d0aff6-dbf1-4c40-b0d7-42481fa38292","D02","POSE","POSE.AOS.S2","POSE.SS.20240611.FIL","A00000371069","2024-06-11T12:42Z","2024-06-11T12:42Z","Illinois State Water Survey Central Analytical Laboratory",406.0,0.00848,5,"2024-06-13","A",,
"ef4b9229-4b34-4ea1-9080-4d1b6acf52eb","D02","POSE","POSE.AOS.S2","POSE.SS.20240611.FIL.2","A00000371070","2024-06-11T12:42Z","2024-06-11T12:42Z","Illinois State Water Survey Central Analytical Laboratory",574.0,0.00120,5,"2024-06-13","B",,
"79c69c3a-44fe-48c7-99a1-4fe9ef6db159","D02","POSE","POSE.AOS.S2","POSE.SS.20240611.FIL.3","A00000371071","2024-06-11T12:42Z","2024-06-11T12:42Z","Illinois State Water Survey Central Analytical Laboratory",282.0,0.05228,5,"2024-06-13","A",,
"375d7654-906f-48f3-8954-f6f96fed69ed","D02","POSE","POSE.AOS.S2","POSE.SS.20240611.FIL.2","A00000371070","2024-06-11T12:42Z","2024-06-11T12:42Z","Illinois State Water Survey Central Analytical Laboratory",580.0,0.00110,5,"2024-06-13","B",,
"db4cf5bc-1e24-4893-9ff9-a6ccaee95697","D02","POSE","POSE.AOS.S2","POSE.SS.20240611.FIL.3","A00000371071","2024-06-11T12:42Z","2024-06-11T12:42Z","Illinois State Water Survey Central Analytical Laboratory",524.0,0.00168,5,"2024-06-13","B",,
"09ae6e71-6dac-4c6d-a527-da91e152b609","D02","POSE","POSE.AOS.S2","POSE.SS.20240611.FIL.3","A00000371071","2024-06-11T12:42Z","2024-06-11T12:42Z","Illinois State Water Survey Central Analytical Laboratory",354.0,0.01916,5,"2024-06-13","B",,
"966c7314-9d87-471c-a8c6-5469971d5bde","D02","POSE","POSE.AOS.S2","POSE.SS.20240611.FIL","A00000371069","2024-06-11T12:42Z","2024-06-11T12:42Z","Illinois State Water Survey Central Analytical Laboratory",562.0,0.00114,5,"2024-06-13","A",,
"bd12fe33-9eae-4395-9dbf-d8e1f1773c7a","D02","POSE","POSE.AOS.S2","POSE.SS.20240611.FIL.2","A00000371070","2024-06-11T12:42Z","2024-06-11T12:42Z","Illinois State Water Survey Central Analytical Laboratory",536.0,0.00144,5,"2024-06-13","A",,
"559cd1ed-d5ca-474a-9eb6-31eee0e0852b","D02","POSE","POSE.AOS.S2","POSE.SS.20240611.FIL.3","A00000371071","2024-06-11T12:42Z","2024-06-11T12:42Z","Illinois State Water Survey Central Analytical Laboratory",440.0,0.00494,5,"2024-06-13","B",,
"4688981d-ae8c-40c9-85d5-bb90dd881de6","D02","POSE","POSE.AOS.S2","POSE.SS.20240611.FIL","A00000371069","2024-06-11T12:42Z","2024-06-11T12:42Z","Illinois State Water Survey Central Analytical Laboratory",270.0,0.06050,5,"2024-06-13","B",,
"843d6f34-3eec-4587-88c1-5c7c8367b80e","D02","POSE","POSE.AOS.S2","POSE.SS.20240611.FIL.2","A00000371070","2024-06-11T12:42Z","2024-06-11T12:42Z","Illinois State Water Survey Central Analytical Laboratory",230.0,0.10778,5,"2024-06-13","B",,
"a33e9155-af2a-4df5-ad51-2cea32cc78a9","D02","POSE","POSE.AOS.S2","POSE.SS.20240611.FIL","A00000371069","2024-06-11T12:42Z","2024-06-11T12:42Z","Illinois State Water Survey Central Analytical Laboratory",566.0,0.00112,5,"2024-06-13","A",,
"28db4285-eeea-46c5-b47d-98c451d018e0","D02","POSE","POSE.AOS.S2","POSE.SS.20240611.FIL","A00000371069","2024-06-11T12:42Z","2024-06-11T12:42Z","Illinois State Water Survey Central Analytical Laboratory",238.0,0.08640,5,"2024-06-13","A",,
"708d37de-48b8-49ed-97d3-6ca9babba44b","D02","POSE","POSE.AOS.S2","POSE.SS.20240611.FIL.2","A00000371070","2024-06-11T12:42Z","2024-06-11T12:42Z","Illinois State Water Survey Central Analytical Laboratory",282.0,0.05276,5,"2024-06-13","B",,
"e5ca7aea-4928-4409-bd47-7ade844d02bb","D02","POSE","POSE.AOS.S2","POSE.SS.20240611.FIL.2","A00000371070","2024-06-11T12:42Z","2024-06-11T12:42Z","Illinois State Water Survey Central Analytical Laboratory",264.0,0.06394,5,"2024-06-13","B",,
"f0b1a13e-bfb8-4af6-ad4c-b1664a7b4538","D02","POSE","POSE.AOS.S2","POSE.SS.20240611.FIL","A00000371069","2024-06-11T12:42Z","2024-06-11T12:42Z","Illinois State Water Survey Central Analytical Laboratory",570.0,0.00106,5,"2024-06-13","A",,
"f6989223-f657-47bc-96cc-03fb1a204f02","D02","POSE","POSE.AOS.S2","POSE.SS.20240611.FIL","A00000371069","2024-06-11T12:42Z","2024-06-11T12:42Z","Illinois State Water Survey Central Analytical Laboratory",368.0,0.01566,5,"2024-06-13","A",,
"6423e122-7d6f-4e53-8d09-fbaa77dabea4","D02","POSE","POSE.AOS.S2","POSE.SS.20240611.FIL.3","A00000371071","2024-06-11T12:42Z","2024-06-11T12:42Z","Illinois State Water Survey Central Analytical Laboratory",434.0,0.00538,5,"2024-06-13","B",,
"946e70ad-38b9-40ff-b90d-075f468a205a","D02","POSE","POSE.AOS.S2","POSE.SS.20240611.FIL.3","A00000371071","2024-06-11T12:42Z","2024-06-11T12:42Z","Illinois State Water Survey Central Analytical Laboratory",536.0,0.00148,5,"2024-06-13","B",,
"0667fca9-9c53-4058-95dd-ca5979ddead0","D02","POSE","POSE.AOS.S2","POSE.SS.20240611.FIL.2","A00000371070","2024-06-11T12:42Z","2024-06-11T12:42Z","Illinois State Water Survey Central Analytical Laboratory",584.0,0.00100,5,"2024-06-13","B",,
"f35336ab-a5a4-463d-a750-b2abea1c83b0","D02","POSE","POSE.AOS.S2","POSE.SS.20240611.FIL.2","A00000371070","2024-06-11T12:42Z","2024-06-11T12:42Z","Illinois State Water Survey Central Analytical Laboratory",474.0,0.00324,5,"2024-06-13","B",,
"d27726ae-6d1f-4b4f-bfb6-1067f9d132ab","D02","POSE","POSE.AOS.S2","POSE.SS.20240611.FIL.2","A00000371070","2024-06-11T12:42Z","2024-06-11T12:42Z","Illinois State Water Survey Central Analytical Laboratory",398.0,0.00926,5,"2024-06-13","A",,
"da678612-1510-46ca-b871-e2c52f69c004","D02","POSE","POSE.AOS.S2","POSE.SS.20240611.FIL.2","A00000371070","2024-06-11T12:42Z","2024-06-11T12:42Z","Illinois State Water Survey Central Analytical Laboratory",344.0,0.02260,5,"2024-06-13","B",,
"cd3338ba-5a3e-4482-bc1a-2c386e9fa0d1","D02","POSE","POSE.AOS.S2","POSE.SS.20240611.FIL.2","A00000371070","2024-06-11T12:42Z","2024-06-11T12:42Z","Illinois State Water Survey Central Analytical Laboratory",236.0,0.08986,5,"2024-06-13","B",,
"b05efb15-ff50-481f-ad88-d8e25a3da286","D02","POSE","POSE.AOS.S2","POSE.SS.20240611.FIL","A00000371069","2024-06-11T12:42Z","2024-06-11T12:42Z","Illinois State Water Survey Central Analytical Laboratory",260.0,0.06660,5,"2024-06-13","B",,
"306b890f-afa6-4369-aa70-ba3250e5e766","D02","POSE","POSE.AOS.S2","POSE.SS.20240611.FIL.3","A00000371071","2024-06-11T12:42Z","2024-06-11T12:42Z","Illinois State Water Survey Central Analytical Laboratory",272.0,0.05868,5,"2024-06-13","B",,
"1f4514cd-0b64-4625-aba0-d000e2cdb1e9","D02","POSE","POSE.AOS.S2","POSE.SS.20240611.FIL","A00000371069","2024-06-11T12:42Z","2024-06-11T12:42Z","Illinois State Water Survey Central Analytical Laboratory",518.0,0.00194,5,"2024-06-13","B",,
"ce8721bb-a5bb-469a-94d6-8fd85a1c824d","D02","POSE","POSE.AOS.S2","POSE.SS.20240611.FIL.2","A00000371070","2024-06-11T12:42Z","2024-06-11T12:42Z","Illinois State Water Survey Central Analytical Laboratory",412.0,0.00740,5,"2024-06-13","A",,
"898ce5ba-d251-4918-9d88-4931c16e847d","D02","POSE","POSE.AOS.S2","POSE.SS.20240611.FIL.3","A00000371071","2024-06-11T12:42Z","2024-06-11T12:42Z","Illinois State Water Survey Central Analytical Laboratory",596.0,0.00080,5,"2024-06-13","A",,
"cf522997-da36-4b58-877f-37b851713e43","D02","POSE","POSE.AOS.S2","POSE.SS.20240611.FIL.3","A00000371071","2024-06-11T12:42Z","2024-06-11T12:42Z","Illinois State Water Survey Central Analytical Laboratory",416.0,0.00706,5,"2024-06-13","A",,
"2fdfc070-f99a-4e54-9fc5-65d6214eea32","D02","POSE","POSE.AOS.S2","POSE.SS.20240611.FIL.3","A00000371071","2024-06-11T12:42Z","2024-06-11T12:42Z","Illinois State Water Survey Central Analytical Laboratory",290.0,0.04720,5,"2024-06-13","B",,
"a8ded305-30ef-4767-a7da-a13ccd084c36","D02","POSE","POSE.AOS.S2","POSE.SS.20240611.FIL.3","A00000371071","2024-06-11T12:42Z","2024-06-11T12:42Z","Illinois State Water Survey Central Analytical Laboratory",288.0,0.04850,5,"2024-06-13","A",,
"92de29cb-342e-4005-8836-1ff86fd45f08","D02","POSE","POSE.AOS.S2","POSE.SS.20240611.FIL.2","A00000371070","2024-06-11T12:42Z","2024-06-11T12:42Z","Illinois State Water Survey Central Analytical Laboratory",368.0,0.01518,5,"2024-06-13","A",,
"f4fd80a4-536f-4d39-ae88-2b2fc7b362b7","D02","POSE","POSE.AOS.S2","POSE.SS.20240611.FIL.3","A00000371071","2024-06-11T12:42Z","2024-06-11T12:42Z","Illinois State Water Survey Central Analytical Laboratory",244.0,0.07748,5,"2024-06-13","A",,
"18ce3454-6d91-4811-863e-3084b0abbf72","D02","POSE","POSE.AOS.S2","POSE.SS.20240611.FIL.3","A00000371071","2024-06-11T12:42Z","2024-06-11T12:42Z","Illinois State Water Survey Central Analytical Laboratory",272.0,0.05854,5,"2024-06-13","A",,
"011a614c-d5c2-48cf-b125-66bab507c88a","D02","POSE","POSE.AOS.S2","POSE.SS.20240611.FIL.2","A00000371070","2024-06-11T12:42Z","2024-06-11T12:42Z","Illinois State Water Survey Central Analytical Laboratory",358.0,0.01832,5,"2024-06-13","B",,
"e15013af-2c90-4bc0-950f-87f11e873545","D02","POSE","POSE.AOS.S2","POSE.SS.20240611.FIL.3","A00000371071","2024-06-11T12:42Z","2024-06-11T12:42Z","Illinois State Water Survey Central Analytical Laboratory",576.0,0.00106,5,"2024-06-13","B",,
"78dede71-d8ee-4e3b-b1a9-34cb2c882642","D02","POSE","POSE.AOS.S2","POSE.SS.20240611.FIL.2","A00000371070","2024-06-11T12:42Z","2024-06-11T12:42Z","Illinois State Water Survey Central Analytical Laboratory",550.0,0.00126,5,"2024-06-13","A",,
"98ab8591-b582-4322-b380-b7cb6fc2b217","D02","POSE","POSE.AOS.S2","POSE.SS.20240611.FIL","A00000371069","2024-06-11T12:42Z","2024-06-11T12:42Z","Illinois State Water Survey Central Analytical Laboratory",390.0,0.01086,5,"2024-06-13","A",,
"4ff054bc-820a-4d2e-8858-69da1df20459","D02","POSE","POSE.AOS.S2","POSE.SS.20240611.FIL.3","A00000371071","2024-06-11T12:42Z","2024-06-11T12:42Z","Illinois State Water Survey Central Analytical Laboratory",578.0,0.00112,5,"2024-06-13","B",,
"c7ef1027-9c66-4f5c-b00e-f99e43070629","D02","POSE","POSE.AOS.S2","POSE.SS.20240611.FIL.2","A00000371070","2024-06-11T12:42Z","2024-06-11T12:42Z","Illinois State Water Survey Central Analytical Laboratory",482.0,0.00300,5,"2024-06-13","B",,
"8242390c-4875-4be9-98e7-6bfd793cf969","D02","POSE","POSE.AOS.S2","POSE.SS.20240611.FIL","A00000371069","2024-06-11T12:42Z","2024-06-11T12:42Z","Illinois State Water Survey Central Analytical Laboratory",396.0,0.00998,5,"2024-06-13","B",,
"05b45438-5e14-43ec-8621-994e1d04a643","D02","POSE","POSE.AOS.S2","POSE.SS.20240611.FIL.2","A00000371070","2024-06-11T12:42Z","2024-06-11T12:42Z","Illinois State Water Survey Central Analytical Laboratory",562.0,0.00102,5,"2024-06-13","A",,
"04fdb04e-d8b2-471b-81cc-f6026fb4069c","D02","POSE","POSE.AOS.S2","POSE.SS.20240611.FIL.3","A00000371071","2024-06-11T12:42Z","2024-06-11T12:42Z","Illinois State Water Survey Central Analytical Laboratory",276.0,0.05612,5,"2024-06-13","B",,
"555e0f1b-35b3-4b56-8dce-489f2e1d3270","D02","POSE","POSE.AOS.S2","POSE.SS.20240611.FIL.2","A00000371070","2024-06-11T12:42Z","2024-06-11T12:42Z","Illinois State Water Survey Central Analytical Laboratory",458.0,0.00390,5,"2024-06-13","B",,
"4546b171-9f76-4645-94b9-789a7313a81b","D02","POSE","POSE.AOS.S2","POSE.SS.20240611.FIL","A00000371069","2024-06-11T12:42Z","2024-06-11T12:42Z","Illinois State Water Survey Central Analytical Laboratory",412.0,0.00764,5,"2024-06-13","A",,
"00dae6ac-8cb9-46d0-aebd-f258384ee02f","D02","POSE","POSE.AOS.S2","POSE.SS.20240611.FIL","A00000371069","2024-06-11T12:42Z","2024-06-11T12:42Z","Illinois State Water Survey Central Analytical Laboratory",362.0,0.01720,5,"2024-06-13","A",,
"bd43a57e-a650-4603-b958-556bae899129","D02","POSE","POSE.AOS.S2","POSE.SS.20240611.FIL.3","A00000371071","2024-06-11T12:42Z","2024-06-11T12:42Z","Illinois State Water Survey Central Analytical Laboratory",348.0,0.02098,5,"2024-06-13","A",,
"e24312db-8072-44ba-984f-9e9dca8588e5","D02","POSE","POSE.AOS.S2","POSE.SS.20240611.FIL.3","A00000371071","2024-06-11T12:42Z","2024-06-11T12:42Z","Illinois State Water Survey Central Analytical Laboratory",538.0,0.00148,5,"2024-06-13","A",,
"897dfd8a-5901-4401-b0ef-e9deae48772b","D02","POSE","POSE.AOS.S2","POSE.SS.20240611.FIL.2","A00000371070","2024-06-11T12:42Z","2024-06-11T12:42Z","Illinois State Water Survey Central Analytical Laboratory",598.0,0.00072,5,"2024-06-13","A",,
"f8111b80-ac08-4bbb-a67b-c9bf79ecc104","D02","POSE","POSE.AOS.S2","POSE.SS.20240611.FIL.3","A00000371071","2024-06-11T12:42Z","2024-06-11T12:42Z","Illinois State Water Survey Central Analytical Laboratory",386.0,0.01134,5,"2024-06-13","B",,
"6b0cfc55-e38a-4906-9b4f-c9d715765ff6","D02","POSE","POSE.AOS.S2","POSE.SS.20240611.FIL.2","A00000371070","2024-06-11T12:42Z","2024-06-11T12:42Z","Illinois State Water Survey Central Analytical Laboratory",420.0,0.00652,5,"2024-06-13","A",,
"ccecd85d-431c-435b-9f4b-d4c1f92abf64","D02","POSE","POSE.AOS.S2","POSE.SS.20240611.FIL","A00000371069","2024-06-11T12:42Z","2024-06-11T12:42Z","Illinois State Water Survey Central Analytical Laboratory",574.0,0.00112,5,"2024-06-13","B",,
"09b19934-5f8a-453d-ba42-e4285adf77b4","D02","POSE","POSE.AOS.S2","POSE.SS.20240611.FIL","A00000371069","2024-06-11T12:42Z","2024-06-11T12:42Z","Illinois State Water Survey Central Analytical Laboratory",502.0,0.00228,5,"2024-06-13","B",,
"e409dbb4-a683-4d6d-989b-72607b8ae459","D02","POSE","POSE.AOS.S2","POSE.SS.20240611.FIL.2","A00000371070","2024-06-11T12:42Z","2024-06-11T12:42Z","Illinois State Water Survey Central Analytical Laboratory",560.0,0.00116,5,"2024-06-13","A",,
"6b0b5fc9-a632-45f3-a759-4b644b3fd3b0","D02","POSE","POSE.AOS.S2","POSE.SS.20240611.FIL.3","A00000371071","2024-06-11T12:42Z","2024-06-11T12:42Z","Illinois State Water Survey Central Analytical Laboratory",402.0,0.00882,5,"2024-06-13","B",,
"c2fe03a8-fb7e-49a7-8811-4edf234b4737","D02","POSE","POSE.AOS.S2","POSE.SS.20240611.FIL.2","A00000371070","2024-06-11T12:42Z","2024-06-11T12:42Z","Illinois State Water Survey Central Analytical Laboratory",232.0,0.09884,5,"2024-06-13","A",,
"9b069fea-4c22-4554-8b27-a17ac9540154","D02","POSE","POSE.AOS.S2","POSE.SS.20240611.FIL.2","A00000371070","2024-06-11T12:42Z","2024-06-11T12:42Z","Illinois State Water Survey Central Analytical Laboratory",492.0,0.00242,5,"2024-06-13","A",,
"276011d2-6e71-4cd0-85ce-575e7ff80610","D02","POSE","POSE.AOS.S2","POSE.SS.20240611.FIL.3","A00000371071","2024-06-11T12:42Z","2024-06-11T12:42Z","Illinois State Water Survey Central Analytical Laboratory",380.0,0.01258,5,"2024-06-13","A",,
"109e91bb-7231-491e-a1d4-b94d23b5e012","D02","POSE","POSE.AOS.S2","POSE.SS.20240611.FIL.3","A00000371071","2024-06-11T12:42Z","2024-06-11T12:42Z","Illinois State Water Survey Central Analytical Laboratory",584.0,0.00094,5,"2024-06-13","A",,
"67dfe59e-c448-406b-a022-539004777d79","D02","POSE","POSE.AOS.S2","POSE.SS.20240611.FIL.3","A00000371071","2024-06-11T12:42Z","2024-06-11T12:42Z","Illinois State Water Survey Central Analytical Laboratory",490.0,0.00252,5,"2024-06-13","A",,
"be4230ab-8ead-4e1f-8208-0aad92295bb3","D02","POSE","POSE.AOS.S2","POSE.SS.20240611.FIL.3","A00000371071","2024-06-11T12:42Z","2024-06-11T12:42Z","Illinois State Water Survey Central Analytical Laboratory",476.0,0.00300,5,"2024-06-13","B",,
"e9721b59-899e-4de5-8742-c0addcfa0f5d","D02","POSE","POSE.AOS.S2","POSE.SS.20240611.FIL.3","A00000371071","2024-06-11T12:42Z","2024-06-11T12:42Z","Illinois State Water Survey Central Analytical Laboratory",512.0,0.00192,5,"2024-06-13","B",,
"3c384f18-8bbd-4dbc-8bc8-e1c42f9db597","D02","POSE","POSE.AOS.S2","POSE.SS.20240611.FIL.2","A00000371070","2024-06-11T12:42Z","2024-06-11T12:42Z","Illinois State Water Survey Central Analytical Laboratory",298.0,0.04192,5,"2024-06-13","A",,
"be5218ed-8d77-4d7a-89a6-aa8bcbf00fd2","D02","POSE","POSE.AOS.S2","POSE.SS.20240611.FIL.3","A00000371071","2024-06-11T12:42Z","2024-06-11T12:42Z","Illinois State Water Survey Central Analytical Laboratory",460.0,0.00368,5,"2024-06-13","B",,
"4c0e76dd-00c5-452c-a19b-05b9bc669ce6","D02","POSE","POSE.AOS.S2","POSE.SS.20240611.FIL.2","A00000371070","2024-06-11T12:42Z","2024-06-11T12:42Z","Illinois State Water Survey Central Analytical Laboratory",474.0,0.00304,5,"2024-06-13","A",,
"d9cb42a6-91a3-4cbc-b4c8-3443e3ef8649","D02","POSE","POSE.AOS.S2","POSE.SS.20240611.FIL","A00000371069","2024-06-11T12:42Z","2024-06-11T12:42Z","Illinois State Water Survey Central Analytical Laboratory",526.0,0.00168,5,"2024-06-13","A",,
"836777b3-44e5-4ccc-8f1c-49d4bf86cb2b","D02","POSE","POSE.AOS.S2","POSE.SS.20240611.FIL.3","A00000371071","2024-06-11T12:42Z","2024-06-11T12:42Z","Illinois State Water Survey Central Analytical Laboratory",562.0,0.00116,5,"2024-06-13","B",,
"8a891169-c2a7-422e-81e4-e4f5a2671ea4","D02","POSE","POSE.AOS.S2","POSE.SS.20240611.FIL","A00000371069","2024-06-11T12:42Z","2024-06-11T12:42Z","Illinois State Water Survey Central Analytical Laboratory",552.0,0.00126,5,"2024-06-13","A",,
"f289bd7a-aeda-40b2-81a1-edf459b95594","D02","POSE","POSE.AOS.S2","POSE.SS.20240611.FIL.3","A00000371071","2024-06-11T12:42Z","2024-06-11T12:42Z","Illinois State Water Survey Central Analytical Laboratory",574.0,0.00114,5,"2024-06-13","B",,
"5f93e1e1-b7f6-41ca-899c-2d18ae7621cf","D02","POSE","POSE.AOS.S2","POSE.SS.20240611.FIL","A00000371069","2024-06-11T12:42Z","2024-06-11T12:42Z","Illinois State Water Survey Central Analytical Laboratory",360.0,0.01790,5,"2024-06-13","B",,
"7c50d162-cab3-4379-8509-00290f89f3f7","D02","POSE","POSE.AOS.S2","POSE.SS.20240611.FIL.2","A00000371070","2024-06-11T12:42Z","2024-06-11T12:42Z","Illinois State Water Survey Central Analytical Laboratory",348.0,0.02130,5,"2024-06-13","B",,
"a2edf5f5-98b6-4107-b5ac-0b16f7473a36","D02","POSE","POSE.AOS.S2","POSE.SS.20240611.FIL","A00000371069","2024-06-11T12:42Z","2024-06-11T12:42Z","Illinois State Water Survey Central Analytical Laboratory",270.0,0.06050,5,"2024-06-13","B",,
"4472e320-71ec-44fe-bc49-77f944624c99","D02","POSE","POSE.AOS.S2","POSE.SS.20240611.FIL.3","A00000371071","2024-06-11T12:42Z","2024-06-11T12:42Z","Illinois State Water Survey Central Analytical Laboratory",442.0,0.00476,5,"2024-06-13","A",,
"705bb1cb-b610-43be-b626-4357b737d8d5","D02","POSE","POSE.AOS.S2","POSE.SS.20240611.FIL.3","A00000371071","2024-06-11T12:42Z","2024-06-11T12:42Z","Illinois State Water Survey Central Analytical Laboratory",296.0,0.04340,5,"2024-06-13","A",,
"5d959004-f59d-4b97-9871-f35d5b52675a","D02","POSE","POSE.AOS.S2","POSE.SS.20240611.FIL.2","A00000371070","2024-06-11T12:42Z","2024-06-11T12:42Z","Illinois State Water Survey Central Analytical Laboratory",290.0,0.04664,5,"2024-06-13","A",,
"aca304d8-6d5f-4345-966a-9c77acaf4169","D02","POSE","POSE.AOS.S2","POSE.SS.20240611.FIL","A00000371069","2024-06-11T12:42Z","2024-06-11T12:42Z","Illinois State Water Survey Central Analytical Laboratory",464.0,0.00360,5,"2024-06-13","B",,
"0ad3ae07-6012-4be9-a00b-a37b02986a07","D02","POSE","POSE.AOS.S2","POSE.SS.20240611.FIL.3","A00000371071","2024-06-11T12:42Z","2024-06-11T12:42Z","Illinois State Water Survey Central Analytical Laboratory",282.0,0.05242,5,"2024-06-13","B",,
"2e9576df-5e56-477f-9194-c531cab9f192","D02","POSE","POSE.AOS.S2","POSE.SS.20240611.FIL.3","A00000371071","2024-06-11T12:42Z","2024-06-11T12:42Z","Illinois State Water Survey Central Analytical Laboratory",566.0,0.00116,5,"2024-06-13","B",,
"4e4ccb20-070b-4312-9a7b-28bba4a0f478","D02","POSE","POSE.AOS.S2","POSE.SS.20240611.FIL","A00000371069","2024-06-11T12:42Z","2024-06-11T12:42Z","Illinois State Water Survey Central Analytical Laboratory",530.0,0.00166,5,"2024-06-13","B",,
"e107a0d1-c810-42c5-a617-c9fc88160bfa","D02","POSE","POSE.AOS.S2","POSE.SS.20240611.FIL.3","A00000371071","2024-06-11T12:42Z","2024-06-11T12:42Z","Illinois State Water Survey Central Analytical Laboratory",518.0,0.00182,5,"2024-06-13","B",,
"703300a8-ab89-4183-8f37-6bf0a822efd3","D02","POSE","POSE.AOS.S2","POSE.SS.20240611.FIL.2","A00000371070","2024-06-11T12:42Z","2024-06-11T12:42Z","Illinois State Water Survey Central Analytical Laboratory",320.0,0.03126,5,"2024-06-13","A",,
"a99ba632-ff2b-4661-b2b1-980c83d405b9","D02","POSE","POSE.AOS.S2","POSE.SS.20240611.FIL","A00000371069","2024-06-11T12:42Z","2024-06-11T12:42Z","Illinois State Water Survey Central Analytical Laboratory",336.0,0.02548,5,"2024-06-13","A",,
"07a89aa7-0412-42ac-a4e2-96355a9bf5f6","D02","POSE","POSE.AOS.S2","POSE.SS.20240611.FIL.3","A00000371071","2024-06-11T12:42Z","2024-06-11T12:42Z","Illinois State Water Survey Central Analytical Laboratory",458.0,0.00376,5,"2024-06-13","B",,
"2a60fe2b-2c60-4c05-a700-120a2b20a0aa","D02","POSE","POSE.AOS.S2","POSE.SS.20240611.FIL","A00000371069","2024-06-11T12:42Z","2024-06-11T12:42Z","Illinois State Water Survey Central Analytical Laboratory",284.0,0.05180,5,"2024-06-13","B",,
"11961458-7402-4cbc-9b7b-7e00ccdb0ffd","D02","POSE","POSE.AOS.S2","POSE.SS.20240611.FIL.2","A00000371070","2024-06-11T12:42Z","2024-06-11T12:42Z","Illinois State Water Survey Central Analytical Laboratory",268.0,0.06154,5,"2024-06-13","B",,
"818682fe-4ca1-4686-944a-9843c3afd1d4","D02","POSE","POSE.AOS.S2","POSE.SS.20240611.FIL.2","A00000371070","2024-06-11T12:42Z","2024-06-11T12:42Z","Illinois State Water Survey Central Analytical Laboratory",592.0,0.00100,5,"2024-06-13","B",,
"d536efe8-cd68-4a2a-9c10-c2fa0c0403aa","D02","POSE","POSE.AOS.S2","POSE.SS.20240611.FIL.3","A00000371071","2024-06-11T12:42Z","2024-06-11T12:42Z","Illinois State Water Survey Central Analytical Laboratory",494.0,0.00238,5,"2024-06-13","B",,
"f4288e29-474c-456c-9868-153807ac9f33","D02","POSE","POSE.AOS.S2","POSE.SS.20240611.FIL","A00000371069","2024-06-11T12:42Z","2024-06-11T12:42Z","Illinois State Water Survey Central Analytical Laboratory",232.0,0.10116,5,"2024-06-13","B",,
"3e80205d-a6af-469f-a19e-74bea5eedc57","D02","POSE","POSE.AOS.S2","POSE.SS.20240611.FIL.2","A00000371070","2024-06-11T12:42Z","2024-06-11T12:42Z","Illinois State Water Survey Central Analytical Laboratory",474.0,0.00304,5,"2024-06-13","A",,
"4212939a-1670-4708-991a-2c0305076972","D02","POSE","POSE.AOS.S2","POSE.SS.20240611.FIL.2","A00000371070","2024-06-11T12:42Z","2024-06-11T12:42Z","Illinois State Water Survey Central Analytical Laboratory",494.0,0.00250,5,"2024-06-13","B",,
"f0bb7fea-9465-43ae-8170-6bc327fc77a8","D02","POSE","POSE.AOS.S2","POSE.SS.20240611.FIL.2","A00000371070","2024-06-11T12:42Z","2024-06-11T12:42Z","Illinois State Water Survey Central Analytical Laboratory",340.0,0.02398,5,"2024-06-13","B",,
"9147b925-ce42-4db1-be05-f9a06ffa4bb7","D02","POSE","POSE.AOS.S2","POSE.SS.20240611.FIL.3","A00000371071","2024-06-11T12:42Z","2024-06-11T12:42Z","Illinois State Water Survey Central Analytical Laboratory",564.0,0.00120,5,"2024-06-13","B",,
"05cdd7e7-1be8-4fda-8e2f-223085e826dd","D02","POSE","POSE.AOS.S2","POSE.SS.20240611.FIL","A00000371069","2024-06-11T12:42Z","2024-06-11T12:42Z","Illinois State Water Survey Central Analytical Laboratory",290.0,0.04786,5,"2024-06-13","B",,
"c0d2875c-8c85-4727-a3dd-94df36b26c56","D02","POSE","POSE.AOS.S2","POSE.SS.20240611.FIL.3","A00000371071","2024-06-11T12:42Z","2024-06-11T12:42Z","Illinois State Water Survey Central Analytical Laboratory",496.0,0.00228,5,"2024-06-13","A",,
"8dc50f82-9c0e-4d93-a539-6bf7245870d4","D02","POSE","POSE.AOS.S2","POSE.SS.20240611.FIL.3","A00000371071","2024-06-11T12:42Z","2024-06-11T12:42Z","Illinois State Water Survey Central Analytical Laboratory",284.0,0.05112,5,"2024-06-13","B",,
"2ab05e12-19c3-4b62-9797-8e1a719fa8ca","D02","POSE","POSE.AOS.S2","POSE.SS.20240611.FIL.2","A00000371070","2024-06-11T12:42Z","2024-06-11T12:42Z","Illinois State Water Survey Central Analytical Laboratory",534.0,0.00166,5,"2024-06-13","B",,
"a48d6978-40d7-4300-8207-74cf5cd177d8","D02","POSE","POSE.AOS.S2","POSE.SS.20240611.FIL.3","A00000371071","2024-06-11T12:42Z","2024-06-11T12:42Z","Illinois State Water Survey Central Analytical Laboratory",226.0,0.12536,5,"2024-06-13","B",,
"faebd0ec-36d7-4c89-88e4-0015e6e9431f","D02","POSE","POSE.AOS.S2","POSE.SS.20240611.FIL.2","A00000371070","2024-06-11T12:42Z","2024-06-11T12:42Z","Illinois State Water Survey Central Analytical Laboratory",436.0,0.00514,5,"2024-06-13","A",,
"a8e54cd6-694c-42a3-b9d7-efc69d6bb515","D02","POSE","POSE.AOS.S2","POSE.SS.20240611.FIL","A00000371069","2024-06-11T12:42Z","2024-06-11T12:42Z","Illinois State Water Survey Central Analytical Laboratory",426.0,0.00624,5,"2024-06-13","A",,
"35a3c3b9-f0f2-4f20-9c35-db0b586560c4","D02","POSE","POSE.AOS.S2","POSE.SS.20240611.FIL.3","A00000371071","2024-06-11T12:42Z","2024-06-11T12:42Z","Illinois State Water Survey Central Analytical Laboratory",310.0,0.03608,5,"2024-06-13","A",,
"2b85f874-e63c-448d-a010-eb1a482793e0","D02","POSE","POSE.AOS.S2","POSE.SS.20240611.FIL","A00000371069","2024-06-11T12:42Z","2024-06-11T12:42Z","Illinois State Water Survey Central Analytical Laboratory",276.0,0.05668,5,"2024-06-13","A",,
"453957e0-d8ec-480f-b5d5-e8b857de04a1","D02","POSE","POSE.AOS.S2","POSE.SS.20240611.FIL.2","A00000371070","2024-06-11T12:42Z","2024-06-11T12:42Z","Illinois State Water Survey Central Analytical Laboratory",382.0,0.01242,5,"2024-06-13","B",,
"4076c172-605e-47cf-8251-22b369bb09a8","D02","POSE","POSE.AOS.S2","POSE.SS.20240611.FIL","A00000371069","2024-06-11T12:42Z","2024-06-11T12:42Z","Illinois State Water Survey Central Analytical Laboratory",564.0,0.00112,5,"2024-06-13","A",,
"e85fe183-69ec-4cf1-a6f2-949b7dc8c8ff","D02","POSE","POSE.AOS.S2","POSE.SS.20240611.FIL.3","A00000371071","2024-06-11T12:42Z","2024-06-11T12:42Z","Illinois State Water Survey Central Analytical Laboratory",560.0,0.00116,5,"2024-06-13","A",,
"39f25122-255f-4cef-baba-081c9bdc886b","D02","POSE","POSE.AOS.S2","POSE.SS.20240611.FIL","A00000371069","2024-06-11T12:42Z","2024-06-11T12:42Z","Illinois State Water Survey Central Analytical Laboratory",314.0,0.03476,5,"2024-06-13","B",,
"228a3eb6-45b5-4e85-ab28-7e593621d8b3","D02","POSE","POSE.AOS.S2","POSE.SS.20240611.FIL.3","A00000371071","2024-06-11T12:42Z","2024-06-11T12:42Z","Illinois State Water Survey Central Analytical Laboratory",402.0,0.00882,5,"2024-06-13","A",,
"ffc1cc29-2844-4c48-87ae-e59b55609dc8","D02","POSE","POSE.AOS.S2","POSE.SS.20240611.FIL","A00000371069","2024-06-11T12:42Z","2024-06-11T12:42Z","Illinois State Water Survey Central Analytical Laboratory",254.0,0.07014,5,"2024-06-13","A",,
"7d5d460b-2455-4bdd-b1e6-9e083c246937","D02","POSE","POSE.AOS.S2","POSE.SS.20240611.FIL.2","A00000371070","2024-06-11T12:42Z","2024-06-11T12:42Z","Illinois State Water Survey Central Analytical Laboratory",488.0,0.00274,5,"2024-06-13","B",,
"f135679e-033d-4b85-9230-0163297f0b1a","D02","POSE","POSE.AOS.S2","POSE.SS.20240611.FIL","A00000371069","2024-06-11T12:42Z","2024-06-11T12:42Z","Illinois State Water Survey Central Analytical Laboratory",448.0,0.00448,5,"2024-06-13","A",,
"07ab24eb-b81b-46e8-a085-dbe0121c03e3","D02","POSE","POSE.AOS.S2","POSE.SS.20240611.FIL.2","A00000371070","2024-06-11T12:42Z","2024-06-11T12:42Z","Illinois State Water Survey Central Analytical Laboratory",448.0,0.00428,5,"2024-06-13","A",,
"05f2db87-d181-475a-bda2-0a5768d615cf","D02","POSE","POSE.AOS.S2","POSE.SS.20240611.FIL.2","A00000371070","2024-06-11T12:42Z","2024-06-11T12:42Z","Illinois State Water Survey Central Analytical Laboratory",550.0,0.00142,5,"2024-06-13","B",,
"f37462db-c577-45fc-849d-a9f5c82519b4","D02","POSE","POSE.AOS.S2","POSE.SS.20240611.FIL","A00000371069","2024-06-11T12:42Z","2024-06-11T12:42Z","Illinois State Water Survey Central Analytical Laboratory",516.0,0.00194,5,"2024-06-13","B",,
"1fd69ed4-378c-4458-a9de-fc2b58eddca4","D02","POSE","POSE.AOS.S2","POSE.SS.20240611.FIL.2","A00000371070","2024-06-11T12:42Z","2024-06-11T12:42Z","Illinois State Water Survey Central Analytical Laboratory",294.0,0.04412,5,"2024-06-13","A",,
"46d32e19-9935-4fa7-a950-a09e90dc6269","D02","POSE","POSE.AOS.S2","POSE.SS.20240611.FIL.2","A00000371070","2024-06-11T12:42Z","2024-06-11T12:42Z","Illinois State Water Survey Central Analytical Laboratory",586.0,0.00108,5,"2024-06-13","B",,
"2ca384da-22d8-4b06-ad50-471b57e270be","D02","POSE","POSE.AOS.S2","POSE.SS.20240611.FIL.3","A00000371071","2024-06-11T12:42Z","2024-06-11T12:42Z","Illinois State Water Survey Central Analytical Laboratory",352.0,0.01978,5,"2024-06-13","B",,
"57f90dee-73bc-4fcb-8af1-65108eab0a24","D02","POSE","POSE.AOS.S2","POSE.SS.20240611.FIL.3","A00000371071","2024-06-11T12:42Z","2024-06-11T12:42Z","Illinois State Water Survey Central Analytical Laboratory",368.0,0.01530,5,"2024-06-13","A",,
"e0bcd70c-0944-40a1-8bad-048a88527f6a","D02","POSE","POSE.AOS.S2","POSE.SS.20240611.FIL.2","A00000371070","2024-06-11T12:42Z","2024-06-11T12:42Z","Illinois State Water Survey Central Analytical Laboratory",294.0,0.04412,5,"2024-06-13","A",,
"c7ab7185-330e-49f9-ade9-63521bec5f0a","D02","POSE","POSE.AOS.S2","POSE.SS.20240611.FIL","A00000371069","2024-06-11T12:42Z","2024-06-11T12:42Z","Illinois State Water Survey Central Analytical Laboratory",578.0,0.00110,5,"2024-06-13","B",,
"b377edff-c4a2-4fbe-8efb-5040d42f6165","D02","POSE","POSE.AOS.S2","POSE.SS.20240611.FIL.3","A00000371071","2024-06-11T12:42Z","2024-06-11T12:42Z","Illinois State Water Survey Central Analytical Laboratory",554.0,0.00128,5,"2024-06-13","B",,
"c5967ace-2506-4e05-bbff-0a90ece9b50b","D02","POSE","POSE.AOS.S2","POSE.SS.20240611.FIL","A00000371069","2024-06-11T12:42Z","2024-06-11T12:42Z","Illinois State Water Survey Central Analytical Laboratory",534.0,0.00160,5,"2024-06-13","B",,
"1fdb76b0-9954-446b-84c1-db0c67359c2e","D02","POSE","POSE.AOS.S2","POSE.SS.20240611.FIL","A00000371069","2024-06-11T12:42Z","2024-06-11T12:42Z","Illinois State Water Survey Central Analytical Laboratory",512.0,0.00198,5,"2024-06-13","A",,
"71d62d46-c563-475f-957b-650b62326201","D02","POSE","POSE.AOS.S2","POSE.SS.20240611.FIL.2","A00000371070","2024-06-11T12:42Z","2024-06-11T12:42Z","Illinois State Water Survey Central Analytical Laboratory",548.0,0.00146,5,"2024-06-13","B",,
"3af70ca2-0113-4a7c-9781-6246c76b0cba","D02","POSE","POSE.AOS.S2","POSE.SS.20240611.FIL","A00000371069","2024-06-11T12:42Z","2024-06-11T12:42Z","Illinois State Water Survey Central Analytical Laboratory",262.0,0.06524,5,"2024-06-13","A",,
"de9007b9-8277-41a5-86f1-ef70326ea7de","D02","POSE","POSE.AOS.S2","POSE.SS.20240611.FIL.2","A00000371070","2024-06-11T12:42Z","2024-06-11T12:42Z","Illinois State Water Survey Central Analytical Laboratory",470.0,0.00316,5,"2024-06-13","A",,
"ca8974b4-6af3-48ca-92df-80a81c632f48","D02","POSE","POSE.AOS.S2","POSE.SS.20240611.FIL","A00000371069","2024-06-11T12:42Z","2024-06-11T12:42Z","Illinois State Water Survey Central Analytical Laboratory",256.0,0.06884,5,"2024-06-13","A",,
"d7357e82-0740-4013-bdf4-c8a143c26478","D02","POSE","POSE.AOS.S2","POSE.SS.20240611.FIL","A00000371069","2024-06-11T12:42Z","2024-06-11T12:42Z","Illinois State Water Survey Central Analytical Laboratory",516.0,0.00192,5,"2024-06-13","A",,
"bb2fad4c-4d1a-443e-b5d5-4ed605df9ac3","D02","POSE","POSE.AOS.S2","POSE.SS.20240611.FIL.2","A00000371070","2024-06-11T12:42Z","2024-06-11T12:42Z","Illinois State Water Survey Central Analytical Laboratory",484.0,0.00288,5,"2024-06-13","B",,
"0a2ae2d7-c1a7-444f-93e0-b363f64296b2","D02","POSE","POSE.AOS.S2","POSE.SS.20240611.FIL.2","A00000371070","2024-06-11T12:42Z","2024-06-11T12:42Z","Illinois State Water Survey Central Analytical Laboratory",220.0,0.16630,5,"2024-06-13","A",,
"09a7845c-3fb7-48b6-931e-cd73decafc48","D02","POSE","POSE.AOS.S2","POSE.SS.20240611.FIL","A00000371069","2024-06-11T12:42Z","2024-06-11T12:42Z","Illinois State Water Survey Central Analytical Laboratory",230.0,0.10824,5,"2024-06-13","A",,
"026743ea-e82b-49a4-8a15-436ab0790ec3","D02","POSE","POSE.AOS.S2","POSE.SS.20240611.FIL","A00000371069","2024-06-11T12:42Z","2024-06-11T12:42Z","Illinois State Water Survey Central Analytical Laboratory",496.0,0.00242,5,"2024-06-13","B",,
"45421167-11b0-491d-86ca-dfb0b63be40f","D02","POSE","POSE.AOS.S2","POSE.SS.20240611.FIL.2","A00000371070","2024-06-11T12:42Z","2024-06-11T12:42Z","Illinois State Water Survey Central Analytical Laboratory",502.0,0.00216,5,"2024-06-13","A",,
"c9b29aed-e136-413f-8c8d-8a6c3a3d51e7","D02","POSE","POSE.AOS.S2","POSE.SS.20240611.FIL.3","A00000371071","2024-06-11T12:42Z","2024-06-11T12:42Z","Illinois State Water Survey Central Analytical Laboratory",308.0,0.03712,5,"2024-06-13","B",,
"bb848e78-20e2-47ed-9fd7-176387344216","D02","POSE","POSE.AOS.S2","POSE.SS.20240611.FIL.3","A00000371071","2024-06-11T12:42Z","2024-06-11T12:42Z","Illinois State Water Survey Central Analytical Laboratory",370.0,0.01486,5,"2024-06-13","A",,
"4a2d7a36-f771-4349-b99a-f331f4943fa9","D02","POSE","POSE.AOS.S2","POSE.SS.20240611.FIL.3","A00000371071","2024-06-11T12:42Z","2024-06-11T12:42Z","Illinois State Water Survey Central Analytical Laboratory",436.0,0.00522,5,"2024-06-13","A",,
"f4d9dfa4-69a3-497a-ab1a-3c25c4172e10","D02","POSE","POSE.AOS.S2","POSE.SS.20240611.FIL.3","A00000371071","2024-06-11T12:42Z","2024-06-11T12:42Z","Illinois State Water Survey Central Analytical Laboratory",484.0,0.00270,5,"2024-06-13","A",,
"cc99b48e-42d7-4b34-904e-063c428c795e","D02","POSE","POSE.AOS.S2","POSE.SS.20240611.FIL.2","A00000371070","2024-06-11T12:42Z","2024-06-11T12:42Z","Illinois State Water Survey Central Analytical Laboratory",368.0,0.01562,5,"2024-06-13","B",,
"1150fd53-d64d-483a-a8b2-f22214832e45","D02","POSE","POSE.AOS.S2","POSE.SS.20240611.FIL","A00000371069","2024-06-11T12:42Z","2024-06-11T12:42Z","Illinois State Water Survey Central Analytical Laboratory",312.0,0.03568,5,"2024-06-13","A",,
"aeb565a4-caf0-4212-8e6d-42bdaaa6aa3a","D02","POSE","POSE.AOS.S2","POSE.SS.20240611.FIL.3","A00000371071","2024-06-11T12:42Z","2024-06-11T12:42Z","Illinois State Water Survey Central Analytical Laboratory",222.0,0.15238,5,"2024-06-13","B",,
"a866ab56-2acb-4dfe-8357-21499ebd1030","D02","POSE","POSE.AOS.S2","POSE.SS.20240611.FIL.2","A00000371070","2024-06-11T12:42Z","2024-06-11T12:42Z","Illinois State Water Survey Central Analytical Laboratory",518.0,0.00178,5,"2024-06-13","A",,
"b86e4c1c-c070-40a5-8c27-3258ddfb27d1","D02","POSE","POSE.AOS.S2","POSE.SS.20240611.FIL.3","A00000371071","2024-06-11T12:42Z","2024-06-11T12:42Z","Illinois State Water Survey Central Analytical Laboratory",594.0,0.00098,5,"2024-06-13","B",,
"958f3dd3-4afd-41f8-95c5-253258d5badf","D02","POSE","POSE.AOS.S2","POSE.SS.20240611.FIL.3","A00000371071","2024-06-11T12:42Z","2024-06-11T12:42Z","Illinois State Water Survey Central Analytical Laboratory",558.0,0.00124,5,"2024-06-13","B",,
"a888db90-fbef-400f-89c5-1b6d7723ed6a","D02","POSE","POSE.AOS.S2","POSE.SS.20240611.FIL","A00000371069","2024-06-11T12:42Z","2024-06-11T12:42Z","Illinois State Water Survey Central Analytical Laboratory",472.0,0.00332,5,"2024-06-13","B",,
"b89d4df6-de77-473c-87fc-96c73b132b14","D02","POSE","POSE.AOS.S2","POSE.SS.20240611.FIL","A00000371069","2024-06-11T12:42Z","2024-06-11T12:42Z","Illinois State Water Survey Central Analytical Laboratory",306.0,0.03858,5,"2024-06-13","A",,
"88b694a5-5fc2-431b-9bae-63312d700504","D02","POSE","POSE.AOS.S2","POSE.SS.20240611.FIL.3","A00000371071","2024-06-11T12:42Z","2024-06-11T12:42Z","Illinois State Water Survey Central Analytical Laboratory",376.0,0.01344,5,"2024-06-13","B",,
"ad77bd8a-2b8c-4db5-9179-dccc2e615690","D02","POSE","POSE.AOS.S2","POSE.SS.20240611.FIL.3","A00000371071","2024-06-11T12:42Z","2024-06-11T12:42Z","Illinois State Water Survey Central Analytical Laboratory",366.0,0.01580,5,"2024-06-13","A",,
"abb8d1eb-5214-4375-b13a-82a917736d6a","D02","POSE","POSE.AOS.S2","POSE.SS.20240611.FIL.3","A00000371071","2024-06-11T12:42Z","2024-06-11T12:42Z","Illinois State Water Survey Central Analytical Laboratory",442.0,0.00478,5,"2024-06-13","B",,
"1ceaa10a-3c06-463e-ac67-d67678ab6f69","D02","POSE","POSE.AOS.S2","POSE.SS.20240611.FIL","A00000371069","2024-06-11T12:42Z","2024-06-11T12:42Z","Illinois State Water Survey Central Analytical Laboratory",600.0,0.00092,5,"2024-06-13","B",,
"f505202f-aa01-4208-ac4c-cb286b6d32c2","D02","POSE","POSE.AOS.S2","POSE.SS.20240611.FIL","A00000371069","2024-06-11T12:42Z","2024-06-11T12:42Z","Illinois State Water Survey Central Analytical Laboratory",484.0,0.00282,5,"2024-06-13","A",,
"3277c9f5-ee03-4afd-ae66-ba263e3f6ec1","D02","POSE","POSE.AOS.S2","POSE.SS.20240611.FIL","A00000371069","2024-06-11T12:42Z","2024-06-11T12:42Z","Illinois State Water Survey Central Analytical Laboratory",514.0,0.00192,5,"2024-06-13","A",,
"3511d8d0-6c67-481e-9c47-febaa0e1ef14","D02","POSE","POSE.AOS.S2","POSE.SS.20240611.FIL","A00000371069","2024-06-11T12:42Z","2024-06-11T12:42Z","Illinois State Water Survey Central Analytical Laboratory",390.0,0.01098,5,"2024-06-13","B",,
"19c65166-bb51-4d1c-91e8-f108d1150646","D02","POSE","POSE.AOS.S2","POSE.SS.20240611.FIL.2","A00000371070","2024-06-11T12:42Z","2024-06-11T12:42Z","Illinois State Water Survey Central Analytical Laboratory",514.0,0.00186,5,"2024-06-13","A",,
"5584b3ce-73e2-49b2-96b6-91e0f9601b23","D02","POSE","POSE.AOS.S2","POSE.SS.20240611.FIL.3","A00000371071","2024-06-11T12:42Z","2024-06-11T12:42Z","Illinois State Water Survey Central Analytical Laboratory",462.0,0.00350,5,"2024-06-13","A",,
"26bbcded-d4c4-4783-8725-a90b2a95f3c2","D02","POSE","POSE.AOS.S2","POSE.SS.20240611.FIL.2","A00000371070","2024-06-11T12:42Z","2024-06-11T12:42Z","Illinois State Water Survey Central Analytical Laboratory",578.0,0.00116,5,"2024-06-13","B",,
"84864d7a-7b17-4b3a-9037-d3ff6f01d279","D02","POSE","POSE.AOS.S2","POSE.SS.20240611.FIL.2","A00000371070","2024-06-11T12:42Z","2024-06-11T12:42Z","Illinois State Water Survey Central Analytical Laboratory",424.0,0.00644,5,"2024-06-13","B",,
"9f0c5a1c-5c20-45cc-88f9-df4364581da5","D02","POSE","POSE.AOS.S2","POSE.SS.20240611.FIL","A00000371069","2024-06-11T12:42Z","2024-06-11T12:42Z","Illinois State Water Survey Central Analytical Laboratory",376.0,0.01372,5,"2024-06-13","A",,
"5c861d9e-fa91-4ebe-b21f-5fb2eb69b8ba","D02","POSE","POSE.AOS.S2","POSE.SS.20240611.FIL.3","A00000371071","2024-06-11T12:42Z","2024-06-11T12:42Z","Illinois State Water Survey Central Analytical Laboratory",310.0,0.03616,5,"2024-06-13","B",,
"9bb1dec6-b89e-4281-8a91-abdc30ff23c3","D02","POSE","POSE.AOS.S2","POSE.SS.20240611.FIL","A00000371069","2024-06-11T12:42Z","2024-06-11T12:42Z","Illinois State Water Survey Central Analytical Laboratory",310.0,0.03672,5,"2024-06-13","B",,
"b110bc40-7c52-4ba6-8bc8-869bf83c8396","D02","POSE","POSE.AOS.S2","POSE.SS.20240611.FIL.2","A00000371070","2024-06-11T12:42Z","2024-06-11T12:42Z","Illinois State Water Survey Central Analytical Laboratory",506.0,0.00222,5,"2024-06-13","B",,
"388be432-acb2-4f93-8099-9c58e9832271","D02","POSE","POSE.AOS.S2","POSE.SS.20240611.FIL","A00000371069","2024-06-11T12:42Z","2024-06-11T12:42Z","Illinois State Water Survey Central Analytical Laboratory",350.0,0.02086,5,"2024-06-13","B",,
"c91fade7-ad19-42a1-ada9-921991be3294","D02","POSE","POSE.AOS.S2","POSE.SS.20240611.FIL.2","A00000371070","2024-06-11T12:42Z","2024-06-11T12:42Z","Illinois State Water Survey Central Analytical Laboratory",442.0,0.00494,5,"2024-06-13","B",,
"4ee7a340-8769-44dc-90f5-370406fbbda5","D02","POSE","POSE.AOS.S2","POSE.SS.20240611.FIL.3","A00000371071","2024-06-11T12:42Z","2024-06-11T12:42Z","Illinois State Water Survey Central Analytical Laboratory",410.0,0.00774,5,"2024-06-13","B",,
"8198c040-f16e-4a42-8f9a-89390b1dfd2e","D02","POSE","POSE.AOS.S2","POSE.SS.20240611.FIL.2","A00000371070","2024-06-11T12:42Z","2024-06-11T12:42Z","Illinois State Water Survey Central Analytical Laboratory",542.0,0.00138,5,"2024-06-13","A",,
"1ec8bd0a-a4fd-4c5f-be06-520f052f6f63","D02","POSE","POSE.AOS.S2","POSE.SS.20240611.FIL.2","A00000371070","2024-06-11T12:42Z","2024-06-11T12:42Z","Illinois State Water Survey Central Analytical Laboratory",518.0,0.00196,5,"2024-06-13","B",,
"f6cd1b4f-2849-4e52-806b-3ae636150294","D02","POSE","POSE.AOS.S2","POSE.SS.20240611.FIL.3","A00000371071","2024-06-11T12:42Z","2024-06-11T12:42Z","Illinois State Water Survey Central Analytical Laboratory",388.0,0.01100,5,"2024-06-13","A",,
"158b3310-27ac-4f08-9acb-e7945be7fecc","D02","POSE","POSE.AOS.S2","POSE.SS.20240611.FIL.2","A00000371070","2024-06-11T12:42Z","2024-06-11T12:42Z","Illinois State Water Survey Central Analytical Laboratory",320.0,0.03192,5,"2024-06-13","B",,
"3fa60230-b9de-4b20-8a22-afdf4a358264","D02","POSE","POSE.AOS.S2","POSE.SS.20240611.FIL","A00000371069","2024-06-11T12:42Z","2024-06-11T12:42Z","Illinois State Water Survey Central Analytical Laboratory",282.0,0.05310,5,"2024-06-13","B",,
"16571b9d-1405-49f3-ade0-de9943e7feff","D02","POSE","POSE.AOS.S2","POSE.SS.20240611.FIL","A00000371069","2024-06-11T12:42Z","2024-06-11T12:42Z","Illinois State Water Survey Central Analytical Laboratory",386.0,0.01160,5,"2024-06-13","A",,
"524c8eb0-50a3-49ad-8e77-542c9bd80ec8","D02","POSE","POSE.AOS.S2","POSE.SS.20240611.FIL.3","A00000371071","2024-06-11T12:42Z","2024-06-11T12:42Z","Illinois State Water Survey Central Analytical Laboratory",360.0,0.01746,5,"2024-06-13","B",,
"0a29282b-5847-4429-858c-cebf888f4b72","D02","POSE","POSE.AOS.S2","POSE.SS.20240611.FIL.2","A00000371070","2024-06-11T12:42Z","2024-06-11T12:42Z","Illinois State Water Survey Central Analytical Laboratory",366.0,0.01610,5,"2024-06-13","B",,
"3b1cd17c-2f4c-486a-8e6b-d1ef0c4cc4e0","D02","POSE","POSE.AOS.S2","POSE.SS.20240611.FIL.2","A00000371070","2024-06-11T12:42Z","2024-06-11T12:42Z","Illinois State Water Survey Central Analytical Laboratory",364.0,0.01666,5,"2024-06-13","B",,
"1dea59d1-95a0-47a3-8f75-3ec6d02da7c9","D02","POSE","POSE.AOS.S2","POSE.SS.20240611.FIL","A00000371069","2024-06-11T12:42Z","2024-06-11T12:42Z","Illinois State Water Survey Central Analytical Laboratory",426.0,0.00632,5,"2024-06-13","B",,
"6864225c-c547-4cb3-a5eb-c89fafa2dce1","D02","POSE","POSE.AOS.S2","POSE.SS.20240611.FIL.3","A00000371071","2024-06-11T12:42Z","2024-06-11T12:42Z","Illinois State Water Survey Central Analytical Laboratory",256.0,0.06826,5,"2024-06-13","B",,
"e97230ea-39a3-490c-bf7d-a0938d2e1f60","D02","POSE","POSE.AOS.S2","POSE.SS.20240611.FIL","A00000371069","2024-06-11T12:42Z","2024-06-11T12:42Z","Illinois State Water Survey Central Analytical Laboratory",438.0,0.00520,5,"2024-06-13","A",,
"50de1241-8af4-4ac7-856f-b18bbf4e7113","D02","POSE","POSE.AOS.S2","POSE.SS.20240611.FIL","A00000371069","2024-06-11T12:42Z","2024-06-11T12:42Z","Illinois State Water Survey Central Analytical Laboratory",540.0,0.00152,5,"2024-06-13","B",,
"b84bd5a4-f10b-4bf3-8b0d-b7adc0ca317f","D02","POSE","POSE.AOS.S2","POSE.SS.20240611.FIL.2","A00000371070","2024-06-11T12:42Z","2024-06-11T12:42Z","Illinois State Water Survey Central Analytical Laboratory",480.0,0.00300,5,"2024-06-13","B",,
"abf8ab51-60fd-444e-8fde-bf8034915808","D02","POSE","POSE.AOS.S2","POSE.SS.20240611.FIL.3","A00000371071","2024-06-11T12:42Z","2024-06-11T12:42Z","Illinois State Water Survey Central Analytical Laboratory",220.0,0.16864,5,"2024-06-13","A",,
"a02d1f83-4f92-4098-ab60-62d239f3336d","D02","POSE","POSE.AOS.S2","POSE.SS.20240611.FIL.2","A00000371070","2024-06-11T12:42Z","2024-06-11T12:42Z","Illinois State Water Survey Central Analytical Laboratory",596.0,0.00092,5,"2024-06-13","B",,
"029bdc21-427b-442a-8fcd-0847a8bbc968","D02","POSE","POSE.AOS.S2","POSE.SS.20240611.FIL.3","A00000371071","2024-06-11T12:42Z","2024-06-11T12:42Z","Illinois State Water Survey Central Analytical Laboratory",276.0,0.05602,5,"2024-06-13","A",,
"94659598-0505-43e9-b22b-6514d3f2cab4","D02","POSE","POSE.AOS.S2","POSE.SS.20240611.FIL","A00000371069","2024-06-11T12:42Z","2024-06-11T12:42Z","Illinois State Water Survey Central Analytical Laboratory",568.0,0.00114,5,"2024-06-13","A",,
"75ae5fb6-aeb4-4466-a147-6f0cff1108b8","D02","POSE","POSE.AOS.S2","POSE.SS.20240611.FIL.2","A00000371070","2024-06-11T12:42Z","2024-06-11T12:42Z","Illinois State Water Survey Central Analytical Laboratory",394.0,0.01020,5,"2024-06-13","B",,
"445475f3-6ad9-4ebb-8b8e-851ea77b6f02","D02","POSE","POSE.AOS.S2","POSE.SS.20240611.FIL","A00000371069","2024-06-11T12:42Z","2024-06-11T12:42Z","Illinois State Water Survey Central Analytical Laboratory",460.0,0.00384,5,"2024-06-13","B",,
"29269f7d-02cf-4f43-bdb3-386b4f85529c","D02","POSE","POSE.AOS.S2","POSE.SS.20240611.FIL.2","A00000371070","2024-06-11T12:42Z","2024-06-11T12:42Z","Illinois State Water Survey Central Analytical Laboratory",518.0,0.00196,5,"2024-06-13","B",,
"74b388dc-ee31-4120-a81e-a3b4b5c7cd60","D02","POSE","POSE.AOS.S2","POSE.SS.20240611.FIL.2","A00000371070","2024-06-11T12:42Z","2024-06-11T12:42Z","Illinois State Water Survey Central Analytical Laboratory",564.0,0.00114,5,"2024-06-13","A",,
"f76e3b26-4b27-4ca1-a2e8-3a3716bcab17","D02","POSE","POSE.AOS.S2","POSE.SS.20240611.FIL.2","A00000371070","2024-06-11T12:42Z","2024-06-11T12:42Z","Illinois State Water Survey Central Analytical Laboratory",544.0,0.00150,5,"2024-06-13","B",,
"df13b716-8683-4d18-b497-918d6f7e3f47","D02","POSE","POSE.AOS.S2","POSE.SS.20240611.FIL.3","A00000371071","2024-06-11T12:42Z","2024-06-11T12:42Z","Illinois State Water Survey Central Analytical Laboratory",576.0,0.00098,5,"2024-06-13","A",,
"afdccf7b-0ee2-46d6-8d0c-831ee053001c","D02","POSE","POSE.AOS.S2","POSE.SS.20240611.FIL.2","A00000371070","2024-06-11T12:42Z","2024-06-11T12:42Z","Illinois State Water Survey Central Analytical Laboratory",428.0,0.00578,5,"2024-06-13","A",,
"d4f252b6-f2ef-4ff2-9a2d-cd2104063afc","D02","POSE","POSE.AOS.S2","POSE.SS.20240611.FIL.3","A00000371071","2024-06-11T12:42Z","2024-06-11T12:42Z","Illinois State Water Survey Central Analytical Laboratory",370.0,0.01488,5,"2024-06-13","B",,
"86e7b317-5c55-4a18-ba54-41b0ab728364","D02","POSE","POSE.AOS.S2","POSE.SS.20240611.FIL.3","A00000371071","2024-06-11T12:42Z","2024-06-11T12:42Z","Illinois State Water Survey Central Analytical Laboratory",286.0,0.04970,5,"2024-06-13","A",,
"71d02609-acbb-4267-b501-ee64898d0252","D02","POSE","POSE.AOS.S2","POSE.SS.20240611.FIL.3","A00000371071","2024-06-11T12:42Z","2024-06-11T12:42Z","Illinois State Water Survey Central Analytical Laboratory",410.0,0.00774,5,"2024-06-13","B",,
"4f03fc80-140b-4912-8727-71322f9735d1","D02","POSE","POSE.AOS.S2","POSE.SS.20240611.FIL.2","A00000371070","2024-06-11T12:42Z","2024-06-11T12:42Z","Illinois State Water Survey Central Analytical Laboratory",498.0,0.00242,5,"2024-06-13","B",,
"42fb9a3e-08c8-40cc-8a10-4b34497d5434","D02","POSE","POSE.AOS.S2","POSE.SS.20240611.FIL.3","A00000371071","2024-06-11T12:42Z","2024-06-11T12:42Z","Illinois State Water Survey Central Analytical Laboratory",598.0,0.00082,5,"2024-06-13","B",,
"6b53a61c-8a03-47a5-8037-66672044bdb5","D02","POSE","POSE.AOS.S2","POSE.SS.20240611.FIL.2","A00000371070","2024-06-11T12:42Z","2024-06-11T12:42Z","Illinois State Water Survey Central Analytical Laboratory",396.0,0.00956,5,"2024-06-13","A",,
"dad49051-1f4d-447a-ab1b-47f01fb63d34","D02","POSE","POSE.AOS.S2","POSE.SS.20240611.FIL.3","A00000371071","2024-06-11T12:42Z","2024-06-11T12:42Z","Illinois State Water Survey Central Analytical Laboratory",246.0,0.07520,5,"2024-06-13","A",,
"8e9ecd3e-1950-4494-927f-83650b6e94dd","D02","POSE","POSE.AOS.S2","POSE.SS.20240611.FIL.3","A00000371071","2024-06-11T12:42Z","2024-06-11T12:42Z","Illinois State Water Survey Central Analytical Laboratory",458.0,0.00374,5,"2024-06-13","A",,
"27bd4216-8676-4056-a2c2-d6693b9398bf","D02","POSE","POSE.AOS.S2","POSE.SS.20240611.FIL","A00000371069","2024-06-11T12:42Z","2024-06-11T12:42Z","Illinois State Water Survey Central Analytical Laboratory",490.0,0.00262,5,"2024-06-13","B",,
"b347a490-804a-4ec2-8bfa-474e80eb2ee4","D02","POSE","POSE.AOS.S2","POSE.SS.20240611.FIL.2","A00000371070","2024-06-11T12:42Z","2024-06-11T12:42Z","Illinois State Water Survey Central Analytical Laboratory",590.0,0.00100,5,"2024-06-13","B",,
"3bacc9f5-b2ae-472c-9226-cc0838012a54","D02","POSE","POSE.AOS.S2","POSE.SS.20240611.FIL.2","A00000371070","2024-06-11T12:42Z","2024-06-11T12:42Z","Illinois State Water Survey Central Analytical Laboratory",316.0,0.03370,5,"2024-06-13","B",,
"c40c5b8c-5c3b-400a-bee0-7ca023326f3f","D02","POSE","POSE.AOS.S2","POSE.SS.20240611.FIL.2","A00000371070","2024-06-11T12:42Z","2024-06-11T12:42Z","Illinois State Water Survey Central Analytical Laboratory",514.0,0.00204,5,"2024-06-13","B",,
"dc08e17b-f0e7-4c52-a0d5-0262d68a8b2d","D02","POSE","POSE.AOS.S2","POSE.SS.20240611.FIL.2","A00000371070","2024-06-11T12:42Z","2024-06-11T12:42Z","Illinois State Water Survey Central Analytical Laboratory",224.0,0.13556,5,"2024-06-13","A",,
"8455f48d-64de-4ca7-bacc-8f122ede6685","D02","POSE","POSE.AOS.S2","POSE.SS.20240611.FIL.3","A00000371071","2024-06-11T12:42Z","2024-06-11T12:42Z","Illinois State Water Survey Central Analytical Laboratory",254.0,0.06942,5,"2024-06-13","A",,
"a21cbbdf-e403-4d6e-bc6f-8f5a726c7add","D02","POSE","POSE.AOS.S2","POSE.SS.20240611.FIL","A00000371069","2024-06-11T12:42Z","2024-06-11T12:42Z","Illinois State Water Survey Central Analytical Laboratory",448.0,0.00454,5,"2024-06-13","B",,
"73b9fb5b-3e2d-4993-bbd5-23c75deae02d","D02","POSE","POSE.AOS.S2","POSE.SS.20240611.FIL.3","A00000371071","2024-06-11T12:42Z","2024-06-11T12:42Z","Illinois State Water Survey Central Analytical Laboratory",578.0,0.00102,5,"2024-06-13","A",,
"45f830fa-e7df-4656-8e43-26c221eca824","D02","POSE","POSE.AOS.S2","POSE.SS.20240611.FIL.2","A00000371070","2024-06-11T12:42Z","2024-06-11T12:42Z","Illinois State Water Survey Central Analytical Laboratory",444.0,0.00456,5,"2024-06-13","A",,
"b7c5cbce-1f31-4e06-b6ff-f2d44fba3f41","D02","POSE","POSE.AOS.S2","POSE.SS.20240611.FIL","A00000371069","2024-06-11T12:42Z","2024-06-11T12:42Z","Illinois State Water Survey Central Analytical Laboratory",316.0,0.03380,5,"2024-06-13","A",,
"1ed09660-dc90-4dc6-b2a8-a0a17b3c9b5a","D02","POSE","POSE.AOS.S2","POSE.SS.20240611.FIL.2","A00000371070","2024-06-11T12:42Z","2024-06-11T12:42Z","Illinois State Water Survey Central Analytical Laboratory",456.0,0.00400,5,"2024-06-13","B",,
"cbe0bb39-b6c9-4317-80a7-eea67117d26f","D02","POSE","POSE.AOS.S2","POSE.SS.20240611.FIL","A00000371069","2024-06-11T12:42Z","2024-06-11T12:42Z","Illinois State Water Survey Central Analytical Laboratory",464.0,0.00356,5,"2024-06-13","A",,
"26288142-7e9d-4e29-9af5-1732ea044e05","D02","POSE","POSE.AOS.S2","POSE.SS.20240611.FIL.2","A00000371070","2024-06-11T12:42Z","2024-06-11T12:42Z","Illinois State Water Survey Central Analytical Laboratory",324.0,0.03016,5,"2024-06-13","B",,
"a7c91d43-e9da-491c-a520-69cbf8704cc8","D02","POSE","POSE.AOS.S2","POSE.SS.20240611.FIL","A00000371069","2024-06-11T12:42Z","2024-06-11T12:42Z","Illinois State Water Survey Central Analytical Laboratory",352.0,0.02010,5,"2024-06-13","A",,
"503ff545-e5b5-43f3-a93a-c6691f1c3309","D02","POSE","POSE.AOS.S2","POSE.SS.20240611.FIL.3","A00000371071","2024-06-11T12:42Z","2024-06-11T12:42Z","Illinois State Water Survey Central Analytical Laboratory",364.0,0.01640,5,"2024-06-13","B",,
"0085edfd-eb8f-477a-81b5-d10efbc7fb41","D02","POSE","POSE.AOS.S2","POSE.SS.20240611.FIL.3","A00000371071","2024-06-11T12:42Z","2024-06-11T12:42Z","Illinois State Water Survey Central Analytical Laboratory",316.0,0.03340,5,"2024-06-13","B",,
"c196a085-a293-4d59-bef9-eaeba70e11c5","D02","POSE","POSE.AOS.S2","POSE.SS.20240611.FIL.3","A00000371071","2024-06-11T12:42Z","2024-06-11T12:42Z","Illinois State Water Survey Central Analytical Laboratory",356.0,0.01854,5,"2024-06-13","A",,
"ec6e0b47-56f9-450a-a1bc-4957765bf7b8","D02","POSE","POSE.AOS.S2","POSE.SS.20240611.FIL.2","A00000371070","2024-06-11T12:42Z","2024-06-11T12:42Z","Illinois State Water Survey Central Analytical Laboratory",454.0,0.00392,5,"2024-06-13","A",,
"bab74d25-9bc0-4000-ad74-6eba2604bcfc","D02","POSE","POSE.AOS.S2","POSE.SS.20240611.FIL.3","A00000371071","2024-06-11T12:42Z","2024-06-11T12:42Z","Illinois State Water Survey Central Analytical Laboratory",560.0,0.00116,5,"2024-06-13","A",,
"d8031ddb-be3e-41f5-9a7e-489727392f11","D02","POSE","POSE.AOS.S2","POSE.SS.20240611.FIL.3","A00000371071","2024-06-11T12:42Z","2024-06-11T12:42Z","Illinois State Water Survey Central Analytical Laboratory",330.0,0.02740,5,"2024-06-13","B",,
"492ff771-8d34-43d2-95b9-dfeb51e5e414","D02","POSE","POSE.AOS.S2","POSE.SS.20240611.FIL.3","A00000371071","2024-06-11T12:42Z","2024-06-11T12:42Z","Illinois State Water Survey Central Analytical Laboratory",374.0,0.01388,5,"2024-06-13","A",,
"0fb1a9f4-0a1b-4f2e-a675-afee102d53f1","D02","POSE","POSE.AOS.S2","POSE.SS.20240611.FIL","A00000371069","2024-06-11T12:42Z","2024-06-11T12:42Z","Illinois State Water Survey Central Analytical Laboratory",274.0,0.05798,5,"2024-06-13","A",,
"3246ed50-e0bd-42f3-b91d-8c1356abb9ac","D02","POSE","POSE.AOS.S2","POSE.SS.20240611.FIL.3","A00000371071","2024-06-11T12:42Z","2024-06-11T12:42Z","Illinois State Water Survey Central Analytical Laboratory",412.0,0.00750,5,"2024-06-13","A",,
"29fcb14f-3de1-4418-bf04-c3c5c04ec63e","D02","POSE","POSE.AOS.S2","POSE.SS.20240611.FIL.3","A00000371071","2024-06-11T12:42Z","2024-06-11T12:42Z","Illinois State Water Survey Central Analytical Laboratory",500.0,0.00220,5,"2024-06-13","A",,
"e45fc2fb-0657-4b44-aa3d-77a96013b21a","D02","POSE","POSE.AOS.S2","POSE.SS.20240611.FIL.2","A00000371070","2024-06-11T12:42Z","2024-06-11T12:42Z","Illinois State Water Survey Central Analytical Laboratory",442.0,0.00470,5,"2024-06-13","A",,
"fd50db2f-825e-4df9-9248-3ce7d5942da9","D02","POSE","POSE.AOS.S2","POSE.SS.20240611.FIL","A00000371069","2024-06-11T12:42Z","2024-06-11T12:42Z","Illinois State Water Survey Central Analytical Laboratory",308.0,0.03768,5,"2024-06-13","B",,
"0cf823f5-7206-4321-8415-d6f88e898882","D02","POSE","POSE.AOS.S2","POSE.SS.20240611.FIL","A00000371069","2024-06-11T12:42Z","2024-06-11T12:42Z","Illinois State Water Survey Central Analytical Laboratory",584.0,0.00092,5,"2024-06-13","A",,
"74e2d52e-11e4-4de2-ad67-75eb92c0c55c","D02","POSE","POSE.AOS.S2","POSE.SS.20240611.FIL","A00000371069","2024-06-11T12:42Z","2024-06-11T12:42Z","Illinois State Water Survey Central Analytical Laboratory",368.0,0.01574,5,"2024-06-13","B",,
"3dc501ff-3094-413b-9a4b-e8234ec17d09","D02","POSE","POSE.AOS.S2","POSE.SS.20240611.FIL.2","A00000371070","2024-06-11T12:42Z","2024-06-11T12:42Z","Illinois State Water Survey Central Analytical Laboratory",448.0,0.00428,5,"2024-06-13","A",,
"1f5a0191-eab7-4692-9160-b20f57bfd5a5","D02","POSE","POSE.AOS.S2","POSE.SS.20240611.FIL","A00000371069","2024-06-11T12:42Z","2024-06-11T12:42Z","Illinois State Water Survey Central Analytical Laboratory",570.0,0.00116,5,"2024-06-13","B",,
"318a40a7-08a9-466e-8a87-b2214437238f","D02","POSE","POSE.AOS.S2","POSE.SS.20240611.FIL","A00000371069","2024-06-11T12:42Z","2024-06-11T12:42Z","Illinois State Water Survey Central Analytical Laboratory",304.0,0.03964,5,"2024-06-13","A",,
"643ba838-835e-451c-886f-49503a5d0eba","D02","POSE","POSE.AOS.S2","POSE.SS.20240611.FIL","A00000371069","2024-06-11T12:42Z","2024-06-11T12:42Z","Illinois State Water Survey Central Analytical Laboratory",576.0,0.00104,5,"2024-06-13","B",,
"6a3b067e-5852-421f-b481-b8819045e716","D02","POSE","POSE.AOS.S2","POSE.SS.20240611.FIL","A00000371069","2024-06-11T12:42Z","2024-06-11T12:42Z","Illinois State Water Survey Central Analytical Laboratory",320.0,0.03204,5,"2024-06-13","A",,
"51dcb5bc-5f4f-47dd-be40-6270d18a6974","D02","POSE","POSE.AOS.S2","POSE.SS.20240611.FIL.3","A00000371071","2024-06-11T12:42Z","2024-06-11T12:42Z","Illinois State Water Survey Central Analytical Laboratory",582.0,0.00094,5,"2024-06-13","A",,
"25aec6f7-66e6-45fc-8907-63f356be8857","D02","POSE","POSE.AOS.S2","POSE.SS.20240611.FIL.3","A00000371071","2024-06-11T12:42Z","2024-06-11T12:42Z","Illinois State Water Survey Central Analytical Laboratory",442.0,0.00478,5,"2024-06-13","B",,
"05ca5830-9826-4579-805c-022771c891ee","D02","POSE","POSE.AOS.S2","POSE.SS.20240611.FIL","A00000371069","2024-06-11T12:42Z","2024-06-11T12:42Z","Illinois State Water Survey Central Analytical Laboratory",568.0,0.00114,5,"2024-06-13","A",,
"cd21d7cf-b54d-462e-98d9-4216c9f43186","D02","POSE","POSE.AOS.S2","POSE.SS.20240611.FIL","A00000371069","2024-06-11T12:42Z","2024-06-11T12:42Z","Illinois State Water Survey Central Analytical Laboratory",272.0,0.05940,5,"2024-06-13","B",,
"5c401ef1-bfe5-46c3-b401-314f0d63f423","D02","POSE","POSE.AOS.S2","POSE.SS.20240611.FIL","A00000371069","2024-06-11T12:42Z","2024-06-11T12:42Z","Illinois State Water Survey Central Analytical Laboratory",466.0,0.00346,5,"2024-06-13","A",,
"58b2a0ec-dc2a-492c-820f-b0fe8ad1b10e","D02","POSE","POSE.AOS.S2","POSE.SS.20240611.FIL","A00000371069","2024-06-11T12:42Z","2024-06-11T12:42Z","Illinois State Water Survey Central Analytical Laboratory",324.0,0.03026,5,"2024-06-13","A",,
"4544c6c4-ea14-4fe6-bbed-d27556179e32","D02","POSE","POSE.AOS.S2","POSE.SS.20240611.FIL.2","A00000371070","2024-06-11T12:42Z","2024-06-11T12:42Z","Illinois State Water Survey Central Analytical Laboratory",424.0,0.00644,5,"2024-06-13","B",,
"b2c7471c-6d71-46dd-9a1c-f3c9f8b98fef","D02","POSE","POSE.AOS.S2","POSE.SS.20240611.FIL.3","A00000371071","2024-06-11T12:42Z","2024-06-11T12:42Z","Illinois State Water Survey Central Analytical Laboratory",340.0,0.02370,5,"2024-06-13","B",,
"0921a6a5-8894-4022-8454-157e58b8d928","D02","POSE","POSE.AOS.S2","POSE.SS.20240611.FIL.3","A00000371071","2024-06-11T12:42Z","2024-06-11T12:42Z","Illinois State Water Survey Central Analytical Laboratory",458.0,0.00376,5,"2024-06-13","B",,
"61524496-18a8-4dc6-8f0d-32276350a369","D02","POSE","POSE.AOS.S2","POSE.SS.20240611.FIL","A00000371069","2024-06-11T12:42Z","2024-06-11T12:42Z","Illinois State Water Survey Central Analytical Laboratory",498.0,0.00242,5,"2024-06-13","B",,
"0b2d9b44-811d-4e3c-a911-71448664b174","D02","POSE","POSE.AOS.S2","POSE.SS.20240611.FIL","A00000371069","2024-06-11T12:42Z","2024-06-11T12:42Z","Illinois State Water Survey Central Analytical Laboratory",420.0,0.00686,5,"2024-06-13","B",,
"ec63481b-8e4e-46c9-afed-7ddd40cf083f","D02","POSE","POSE.AOS.S2","POSE.SS.20240611.FIL.3","A00000371071","2024-06-11T12:42Z","2024-06-11T12:42Z","Illinois State Water Survey Central Analytical Laboratory",320.0,0.03164,5,"2024-06-13","B",,
"fcf1156f-daf6-4029-ba43-3cd601658161","D02","POSE","POSE.AOS.S2","POSE.SS.20240611.FIL.2","A00000371070","2024-06-11T12:42Z","2024-06-11T12:42Z","Illinois State Water Survey Central Analytical Laboratory",344.0,0.02208,5,"2024-06-13","A",,
"003b69b5-99e6-4998-a319-cf252e9b5bee","D02","POSE","POSE.AOS.S2","POSE.SS.20240611.FIL.3","A00000371071","2024-06-11T12:42Z","2024-06-11T12:42Z","Illinois State Water Survey Central Analytical Laboratory",266.0,0.06228,5,"2024-06-13","B",,
"3539c879-ccd7-499a-b6b0-ab5b8c7e3d8d","D02","POSE","POSE.AOS.S2","POSE.SS.20240611.FIL.3","A00000371071","2024-06-11T12:42Z","2024-06-11T12:42Z","Illinois State Water Survey Central Analytical Laboratory",358.0,0.01798,5,"2024-06-13","A",,
"d748f240-a690-4b4d-a47d-ba2faf60e583","D02","POSE","POSE.AOS.S2","POSE.SS.20240611.FIL.3","A00000371071","2024-06-11T12:42Z","2024-06-11T12:42Z","Illinois State Water Survey Central Analytical Laboratory",268.0,0.06102,5,"2024-06-13","A",,
"33775487-fe1d-40a7-ad6b-90682901ca19","D02","POSE","POSE.AOS.S2","POSE.SS.20240611.FIL.3","A00000371071","2024-06-11T12:42Z","2024-06-11T12:42Z","Illinois State Water Survey Central Analytical Laboratory",540.0,0.00138,5,"2024-06-13","A",,
"7cbc2e25-c735-4b43-b4a4-b04cd02ee021","D02","POSE","POSE.AOS.S2","POSE.SS.20240611.FIL.3","A00000371071","2024-06-11T12:42Z","2024-06-11T12:42Z","Illinois State Water Survey Central Analytical Laboratory",548.0,0.00132,5,"2024-06-13","A",,
"004ac045-3d40-4711-9ab5-ace9bc6299b7","D02","POSE","POSE.AOS.S2","POSE.SS.20240611.FIL","A00000371069","2024-06-11T12:42Z","2024-06-11T12:42Z","Illinois State Water Survey Central Analytical Laboratory",298.0,0.04288,5,"2024-06-13","A",,
"46456673-6061-41e6-b331-fc6e7c871ec1","D02","POSE","POSE.AOS.S2","POSE.SS.20240611.FIL.2","A00000371070","2024-06-11T12:42Z","2024-06-11T12:42Z","Illinois State Water Survey Central Analytical Laboratory",504.0,0.00208,5,"2024-06-13","A",,
"a0e2e429-9ce2-4201-90aa-903a086de2ea","D02","POSE","POSE.AOS.S2","POSE.SS.20240611.FIL.3","A00000371071","2024-06-11T12:42Z","2024-06-11T12:42Z","Illinois State Water Survey Central Analytical Laboratory",484.0,0.00274,5,"2024-06-13","B",,
"60cc6555-df4a-4c26-8a3c-e65bb73de991","D02","POSE","POSE.AOS.S2","POSE.SS.20240611.FIL.2","A00000371070","2024-06-11T12:42Z","2024-06-11T12:42Z","Illinois State Water Survey Central Analytical Laboratory",334.0,0.02620,5,"2024-06-13","B",,
"a163ad3f-fa94-4095-ba8b-b10d7735fd21","D02","POSE","POSE.AOS.S2","POSE.SS.20240611.FIL.2","A00000371070","2024-06-11T12:42Z","2024-06-11T12:42Z","Illinois State Water Survey Central Analytical Laboratory",254.0,0.06868,5,"2024-06-13","A",,
"5cda3b6c-336e-408f-81fd-b83f7d5d84ca","D02","POSE","POSE.AOS.S2","POSE.SS.20240611.FIL","A00000371069","2024-06-11T12:42Z","2024-06-11T12:42Z","Illinois State Water Survey Central Analytical Laboratory",520.0,0.00186,5,"2024-06-13","B",,
"6c776215-f4cd-4330-8b59-3baf74449a5c","D02","POSE","POSE.AOS.S2","POSE.SS.20240611.FIL","A00000371069","2024-06-11T12:42Z","2024-06-11T12:42Z","Illinois State Water Survey Central Analytical Laboratory",450.0,0.00432,5,"2024-06-13","A",,
"5b14f43d-ffd9-487e-9f22-247cdf9fec00","D02","POSE","POSE.AOS.S2","POSE.SS.20240611.FIL.2","A00000371070","2024-06-11T12:42Z","2024-06-11T12:42Z","Illinois State Water Survey Central Analytical Laboratory",490.0,0.00248,5,"2024-06-13","A",,
"29f373b9-4e7b-4ca7-81e8-9fa7899a266a","D02","POSE","POSE.AOS.S2","POSE.SS.20240611.FIL.2","A00000371070","2024-06-11T12:42Z","2024-06-11T12:42Z","Illinois State Water Survey Central Analytical Laboratory",586.0,0.00096,5,"2024-06-13","A",,
"8bbc0cae-b907-4012-b427-e447ba7ff0b7","D02","POSE","POSE.AOS.S2","POSE.SS.20240611.FIL.2","A00000371070","2024-06-11T12:42Z","2024-06-11T12:42Z","Illinois State Water Survey Central Analytical Laboratory",416.0,0.00720,5,"2024-06-13","B",,
"2f11d549-b2f7-4f49-8cfb-c4838b446691","D02","POSE","POSE.AOS.S2","POSE.SS.20240611.FIL","A00000371069","2024-06-11T12:42Z","2024-06-11T12:42Z","Illinois State Water Survey Central Analytical Laboratory",262.0,0.06542,5,"2024-06-13","B",,
"d1ecef36-087f-4520-a870-63b5c961d530","D02","POSE","POSE.AOS.S2","POSE.SS.20240611.FIL.2","A00000371070","2024-06-11T12:42Z","2024-06-11T12:42Z","Illinois State Water Survey Central Analytical Laboratory",282.0,0.05276,5,"2024-06-13","B",,
"ece4a2f2-37b9-4d1b-beec-73ce5f66d2f4","D02","POSE","POSE.AOS.S2","POSE.SS.20240611.FIL","A00000371069","2024-06-11T12:42Z","2024-06-11T12:42Z","Illinois State Water Survey Central Analytical Laboratory",382.0,0.01250,5,"2024-06-13","B",,
"5484dd5a-e545-4011-87dc-af369ebfb605","D02","POSE","POSE.AOS.S2","POSE.SS.20240611.FIL.2","A00000371070","2024-06-11T12:42Z","2024-06-11T12:42Z","Illinois State Water Survey Central Analytical Laboratory",388.0,0.01086,5,"2024-06-13","A",,
"3b6fab3b-7376-43e5-9e20-fa2a0c95ffc0","D02","POSE","POSE.AOS.S2","POSE.SS.20240611.FIL.3","A00000371071","2024-06-11T12:42Z","2024-06-11T12:42Z","Illinois State Water Survey Central Analytical Laboratory",404.0,0.00858,5,"2024-06-13","B",,
"2716909f-43b7-48d8-b53f-7685683b60a8","D02","POSE","POSE.AOS.S2","POSE.SS.20240611.FIL","A00000371069","2024-06-11T12:42Z","2024-06-11T12:42Z","Illinois State Water Survey Central Analytical Laboratory",270.0,0.06036,5,"2024-06-13","A",,
"4c5a35e5-f4ab-4987-96f5-9a4d10e6444a","D02","POSE","POSE.AOS.S2","POSE.SS.20240611.FIL","A00000371069","2024-06-11T12:42Z","2024-06-11T12:42Z","Illinois State Water Survey Central Analytical Laboratory",588.0,0.00094,5,"2024-06-13","B",,
"77313cc9-a7e4-4656-bee0-f779846a7816","D02","POSE","POSE.AOS.S2","POSE.SS.20240611.FIL","A00000371069","2024-06-11T12:42Z","2024-06-11T12:42Z","Illinois State Water Survey Central Analytical Laboratory",464.0,0.00356,5,"2024-06-13","A",,
"1f478d40-ce52-44b0-b469-bf97cd941122","D02","POSE","POSE.AOS.S2","POSE.SS.20240611.FIL","A00000371069","2024-06-11T12:42Z","2024-06-11T12:42Z","Illinois State Water Survey Central Analytical Laboratory",240.0,0.08312,5,"2024-06-13","A",,
"73532bd2-3385-4e46-8d7d-b1e4b4a84fc7","D02","POSE","POSE.AOS.S2","POSE.SS.20240611.FIL.2","A00000371070","2024-06-11T12:42Z","2024-06-11T12:42Z","Illinois State Water Survey Central Analytical Laboratory",594.0,0.00098,5,"2024-06-13","B",,
"eb8f4e76-5a54-4033-bcc6-3b19b40101eb","D02","POSE","POSE.AOS.S2","POSE.SS.20240611.FIL.2","A00000371070","2024-06-11T12:42Z","2024-06-11T12:42Z","Illinois State Water Survey Central Analytical Laboratory",532.0,0.00168,5,"2024-06-13","B",,
"ff1c1e89-0303-4da0-b46f-80881ba17036","D02","POSE","POSE.AOS.S2","POSE.SS.20240611.FIL.2","A00000371070","2024-06-11T12:42Z","2024-06-11T12:42Z","Illinois State Water Survey Central Analytical Laboratory",372.0,0.01420,5,"2024-06-13","A",,
"925ad2d7-c752-4da2-b59c-f31d64cc2a04","D02","POSE","POSE.AOS.S2","POSE.SS.20240611.FIL","A00000371069","2024-06-11T12:42Z","2024-06-11T12:42Z","Illinois State Water Survey Central Analytical Laboratory",356.0,0.01890,5,"2024-06-13","A",,
"941c59d3-10eb-4bdf-80d6-1bb78870ed83","D02","POSE","POSE.AOS.S2","POSE.SS.20240611.FIL","A00000371069","2024-06-11T12:42Z","2024-06-11T12:42Z","Illinois State Water Survey Central Analytical Laboratory",450.0,0.00432,5,"2024-06-13","A",,
"b05ac9bc-13a1-45b2-9df3-3d17b51e728f","D02","POSE","POSE.AOS.S2","POSE.SS.20240611.FIL.2","A00000371070","2024-06-11T12:42Z","2024-06-11T12:42Z","Illinois State Water Survey Central Analytical Laboratory",228.0,0.11504,5,"2024-06-13","B",,
"ecca07de-884f-4a61-b7f7-eb165ce8ae0e","D02","POSE","POSE.AOS.S2","POSE.SS.20240611.FIL.3","A00000371071","2024-06-11T12:42Z","2024-06-11T12:42Z","Illinois State Water Survey Central Analytical Laboratory",434.0,0.00538,5,"2024-06-13","B",,
"270e7e40-691b-4c7e-87c2-bfe0ae911bed","D02","POSE","POSE.AOS.S2","POSE.SS.20240611.FIL","A00000371069","2024-06-11T12:42Z","2024-06-11T12:42Z","Illinois State Water Survey Central Analytical Laboratory",224.0,0.13864,5,"2024-06-13","A",,
"d928efd8-de39-4a6d-bde5-ff833662ca05","D02","POSE","POSE.AOS.S2","POSE.SS.20240611.FIL.3","A00000371071","2024-06-11T12:42Z","2024-06-11T12:42Z","Illinois State Water Survey Central Analytical Laboratory",480.0,0.00286,5,"2024-06-13","B",,
"d88ed10e-2d9a-4878-bfa8-31ca8691c5ca","D02","POSE","POSE.AOS.S2","POSE.SS.20240611.FIL.2","A00000371070","2024-06-11T12:42Z","2024-06-11T12:42Z","Illinois State Water Survey Central Analytical Laboratory",584.0,0.00100,5,"2024-06-13","B",,
"19e56beb-8553-4aa0-8a8c-9ec689962da7","D02","POSE","POSE.AOS.S2","POSE.SS.20240611.FIL.3","A00000371071","2024-06-11T12:42Z","2024-06-11T12:42Z","Illinois State Water Survey Central Analytical Laboratory",230.0,0.10746,5,"2024-06-13","B",,
"83f2938d-4b2a-4675-956d-16978a20600d","D02","POSE","POSE.AOS.S2","POSE.SS.20240611.FIL","A00000371069","2024-06-11T12:42Z","2024-06-11T12:42Z","Illinois State Water Survey Central Analytical Laboratory",260.0,0.06644,5,"2024-06-13","A",,
"5f639976-1914-43be-9e86-aea4f16626a4","D02","POSE","POSE.AOS.S2","POSE.SS.20240611.FIL.2","A00000371070","2024-06-11T12:42Z","2024-06-11T12:42Z","Illinois State Water Survey Central Analytical Laboratory",316.0,0.03302,5,"2024-06-13","A",,
"475b7b8a-82ca-40d3-a123-c701c4230a24","D02","POSE","POSE.AOS.S2","POSE.SS.20240611.FIL.2","A00000371070","2024-06-11T12:42Z","2024-06-11T12:42Z","Illinois State Water Survey Central Analytical Laboratory",272.0,0.05798,5,"2024-06-13","A",,
"ee46d49e-8142-4e86-8c0f-07098508e594","D02","POSE","POSE.AOS.S2","POSE.SS.20240611.FIL.3","A00000371071","2024-06-11T12:42Z","2024-06-11T12:42Z","Illinois State Water Survey Central Analytical Laboratory",588.0,0.00088,5,"2024-06-13","A",,
"20020402-f83a-4567-a8ec-1944f97cd898","D02","POSE","POSE.AOS.S2","POSE.SS.20240611.FIL.3","A00000371071","2024-06-11T12:42Z","2024-06-11T12:42Z","Illinois State Water Survey Central Analytical Laboratory",414.0,0.00726,5,"2024-06-13","B",,
"d8cc4fd1-4ce6-4576-9a41-4aee52066b91","D02","POSE","POSE.AOS.S2","POSE.SS.20240611.FIL.2","A00000371070","2024-06-11T12:42Z","2024-06-11T12:42Z","Illinois State Water Survey Central Analytical Laboratory",374.0,0.01374,5,"2024-06-13","A",,
"afbaccc1-5d5e-455d-8e4f-21892fd255fb","D02","POSE","POSE.AOS.S2","POSE.SS.20240611.FIL.3","A00000371071","2024-06-11T12:42Z","2024-06-11T12:42Z","Illinois State Water Survey Central Analytical Laboratory",356.0,0.01860,5,"2024-06-13","B",,
"b0345d36-785f-4323-a9ee-f6983bf9406f","D02","POSE","POSE.AOS.S2","POSE.SS.20240611.FIL.3","A00000371071","2024-06-11T12:42Z","2024-06-11T12:42Z","Illinois State Water Survey Central Analytical Laboratory",322.0,0.03072,5,"2024-06-13","B",,
"5e2c26e1-620d-491f-b732-074c58ebd3bb","D02","POSE","POSE.AOS.S2","POSE.SS.20240611.FIL","A00000371069","2024-06-11T12:42Z","2024-06-11T12:42Z","Illinois State Water Survey Central Analytical Laboratory",576.0,0.00102,5,"2024-06-13","A",,
"ab7b4f0f-80db-4ab1-be85-7c0efaf3c51c","D02","POSE","POSE.AOS.S2","POSE.SS.20240611.FIL","A00000371069","2024-06-11T12:42Z","2024-06-11T12:42Z","Illinois State Water Survey Central Analytical Laboratory",470.0,0.00328,5,"2024-06-13","A",,
"e8c7c949-def5-451f-9db0-989d0d4923aa","D02","POSE","POSE.AOS.S2","POSE.SS.20240611.FIL.2","A00000371070","2024-06-11T12:42Z","2024-06-11T12:42Z","Illinois State Water Survey Central Analytical Laboratory",250.0,0.07262,5,"2024-06-13","B",,
"3291cf94-2a2d-4c1a-8e68-e221b3d2bd20","D02","POSE","POSE.AOS.S2","POSE.SS.20240611.FIL.3","A00000371071","2024-06-11T12:42Z","2024-06-11T12:42Z","Illinois State Water Survey Central Analytical Laboratory",380.0,0.01258,5,"2024-06-13","B",,
"32d21014-f794-4e26-9b91-251ea7f8eedf","D02","POSE","POSE.AOS.S2","POSE.SS.20240611.FIL","A00000371069","2024-06-11T12:42Z","2024-06-11T12:42Z","Illinois State Water Survey Central Analytical Laboratory",226.0,0.12620,5,"2024-06-13","A",,
"f63d340b-0dea-4930-abae-d1a697f22607","D02","POSE","POSE.AOS.S2","POSE.SS.20240611.FIL","A00000371069","2024-06-11T12:42Z","2024-06-11T12:42Z","Illinois State Water Survey Central Analytical Laboratory",404.0,0.00878,5,"2024-06-13","A",,
"4925b7bc-cdff-4ccf-b46d-495f91145fcb","D02","POSE","POSE.AOS.S2","POSE.SS.20240611.FIL","A00000371069","2024-06-11T12:42Z","2024-06-11T12:42Z","Illinois State Water Survey Central Analytical Laboratory",248.0,0.07450,5,"2024-06-13","B",,
"69cfe2af-b551-480d-837f-cb10a3e29659","D02","POSE","POSE.AOS.S2","POSE.SS.20240611.FIL.3","A00000371071","2024-06-11T12:42Z","2024-06-11T12:42Z","Illinois State Water Survey Central Analytical Laboratory",460.0,0.00368,5,"2024-06-13","B",,
"fb6073a9-abbb-4a0c-bbef-a717b118f80d","D02","POSE","POSE.AOS.S2","POSE.SS.20240611.FIL","A00000371069","2024-06-11T12:42Z","2024-06-11T12:42Z","Illinois State Water Survey Central Analytical Laboratory",236.0,0.09014,5,"2024-06-13","A",,
"b5178ed3-f725-4e75-81bd-45d230e97272","D02","POSE","POSE.AOS.S2","POSE.SS.20240611.FIL.3","A00000371071","2024-06-11T12:42Z","2024-06-11T12:42Z","Illinois State Water Survey Central Analytical Laboratory",534.0,0.00150,5,"2024-06-13","A",,
"472f6d98-eb72-4fe4-bc5b-8e1bd277f82b","D02","POSE","POSE.AOS.S2","POSE.SS.20240611.FIL","A00000371069","2024-06-11T12:42Z","2024-06-11T12:42Z","Illinois State Water Survey Central Analytical Laboratory",302.0,0.04082,5,"2024-06-13","B",,
"15b99563-b201-4490-a78e-fa5261df52af","D02","POSE","POSE.AOS.S2","POSE.SS.20240611.FIL.2","A00000371070","2024-06-11T12:42Z","2024-06-11T12:42Z","Illinois State Water Survey Central Analytical Laboratory",512.0,0.00188,5,"2024-06-13","A",,
"6a30d1b8-5917-435a-89bd-afb5d5ad5037","D02","POSE","POSE.AOS.S2","POSE.SS.20240611.FIL.2","A00000371070","2024-06-11T12:42Z","2024-06-11T12:42Z","Illinois State Water Survey Central Analytical Laboratory",428.0,0.00602,5,"2024-06-13","B",,
"3cb96a2f-531d-41c8-b1a7-160cd4db73cb","D02","POSE","POSE.AOS.S2","POSE.SS.20240611.FIL","A00000371069","2024-06-11T12:42Z","2024-06-11T12:42Z","Illinois State Water Survey Central Analytical Laboratory",542.0,0.00150,5,"2024-06-13","B",,
"9902d044-c51a-4354-9558-28216d9f4500","D02","POSE","POSE.AOS.S2","POSE.SS.20240611.FIL.3","A00000371071","2024-06-11T12:42Z","2024-06-11T12:42Z","Illinois State Water Survey Central Analytical Laboratory",584.0,0.00094,5,"2024-06-13","A",,
"9e392da0-aa37-4d20-81a1-d6ceac57d984","D02","POSE","POSE.AOS.S2","POSE.SS.20240611.FIL.3","A00000371071","2024-06-11T12:42Z","2024-06-11T12:42Z","Illinois State Water Survey Central Analytical Laboratory",446.0,0.00448,5,"2024-06-13","B",,
"4b326a17-4be0-482f-8de8-d14fe27e774a","D02","POSE","POSE.AOS.S2","POSE.SS.20240611.FIL","A00000371069","2024-06-11T12:42Z","2024-06-11T12:42Z","Illinois State Water Survey Central Analytical Laboratory",518.0,0.00186,5,"2024-06-13","A",,
"8fcbf16b-dec9-425f-aa2f-6847c7cadbe7","D02","POSE","POSE.AOS.S2","POSE.SS.20240611.FIL.2","A00000371070","2024-06-11T12:42Z","2024-06-11T12:42Z","Illinois State Water Survey Central Analytical Laboratory",450.0,0.00416,5,"2024-06-13","A",,
"6cd60c4b-d46e-472d-9626-bd81e9e35259","D02","POSE","POSE.AOS.S2","POSE.SS.20240611.FIL.2","A00000371070","2024-06-11T12:42Z","2024-06-11T12:42Z","Illinois State Water Survey Central Analytical Laboratory",318.0,0.03206,5,"2024-06-13","A",,
"5e341c3d-2a93-4bba-8a89-9e53211091f6","D02","POSE","POSE.AOS.S2","POSE.SS.20240611.FIL","A00000371069","2024-06-11T12:42Z","2024-06-11T12:42Z","Illinois State Water Survey Central Analytical Laboratory",372.0,0.01468,5,"2024-06-13","A",,
"6cf66100-7155-47a6-864f-4dc8adf2234d","D02","POSE","POSE.AOS.S2","POSE.SS.20240611.FIL.2","A00000371070","2024-06-11T12:42Z","2024-06-11T12:42Z","Illinois State Water Survey Central Analytical Laboratory",466.0,0.00350,5,"2024-06-13","B",,
"43d67256-eaad-4513-a43d-f646da544b3f","D02","POSE","POSE.AOS.S2","POSE.SS.20240611.FIL.2","A00000371070","2024-06-11T12:42Z","2024-06-11T12:42Z","Illinois State Water Survey Central Analytical Laboratory",494.0,0.00236,5,"2024-06-13","A",,
"b5f3ffe4-da13-49f7-a481-cd5d8fb6d1cd","D02","POSE","POSE.AOS.S2","POSE.SS.20240611.FIL","A00000371069","2024-06-11T12:42Z","2024-06-11T12:42Z","Illinois State Water Survey Central Analytical Laboratory",424.0,0.00642,5,"2024-06-13","A",,
"915f361f-fb5f-410b-a955-2c36caf44fb6","D02","POSE","POSE.AOS.S2","POSE.SS.20240611.FIL.2","A00000371070","2024-06-11T12:42Z","2024-06-11T12:42Z","Illinois State Water Survey Central Analytical Laboratory",550.0,0.00142,5,"2024-06-13","B",,
"d40cb325-ced8-4333-91c0-71dbc6c89c62","D02","POSE","POSE.AOS.S2","POSE.SS.20240611.FIL.2","A00000371070","2024-06-11T12:42Z","2024-06-11T12:42Z","Illinois State Water Survey Central Analytical Laboratory",572.0,0.00116,5,"2024-06-13","B",,
"9fb4d5ba-dd99-4732-b656-037d349905c6","D02","POSE","POSE.AOS.S2","POSE.SS.20240611.FIL.2","A00000371070","2024-06-11T12:42Z","2024-06-11T12:42Z","Illinois State Water Survey Central Analytical Laboratory",476.0,0.00316,5,"2024-06-13","B",,
"8fe782c0-4456-4e2a-bb69-7d49144e5d09","D02","POSE","POSE.AOS.S2","POSE.SS.20240611.FIL","A00000371069","2024-06-11T12:42Z","2024-06-11T12:42Z","Illinois State Water Survey Central Analytical Laboratory",302.0,0.04082,5,"2024-06-13","B",,
"b036dba2-4731-41dd-b472-7800b57a2d63","D02","POSE","POSE.AOS.S2","POSE.SS.20240611.FIL","A00000371069","2024-06-11T12:42Z","2024-06-11T12:42Z","Illinois State Water Survey Central Analytical Laboratory",500.0,0.00228,5,"2024-06-13","A",,
"1f741159-12ea-45ad-a21a-7b7869391967","D02","POSE","POSE.AOS.S2","POSE.SS.20240611.FIL.3","A00000371071","2024-06-11T12:42Z","2024-06-11T12:42Z","Illinois State Water Survey Central Analytical Laboratory",540.0,0.00138,5,"2024-06-13","A",,
"5ad00f5f-b335-46b4-8854-5f33bd9b8afe","D02","POSE","POSE.AOS.S2","POSE.SS.20240611.FIL.2","A00000371070","2024-06-11T12:42Z","2024-06-11T12:42Z","Illinois State Water Survey Central Analytical Laboratory",282.0,0.05178,5,"2024-06-13","A",,
"9b1b20f7-5194-4a94-b909-a8989f145c8e","D02","POSE","POSE.AOS.S2","POSE.SS.20240611.FIL","A00000371069","2024-06-11T12:42Z","2024-06-11T12:42Z","Illinois State Water Survey Central Analytical Laboratory",594.0,0.00090,5,"2024-06-13","A",,
"f8ac1849-f0e4-4374-b927-b8f448d09e5a","D02","POSE","POSE.AOS.S2","POSE.SS.20240611.FIL.3","A00000371071","2024-06-11T12:42Z","2024-06-11T12:42Z","Illinois State Water Survey Central Analytical Laboratory",230.0,0.10722,5,"2024-06-13","A",,
"525a66c9-09a5-44b8-b4ec-24d660725f9c","D02","POSE","POSE.AOS.S2","POSE.SS.20240611.FIL.3","A00000371071","2024-06-11T12:42Z","2024-06-11T12:42Z","Illinois State Water Survey Central Analytical Laboratory",348.0,0.02098,5,"2024-06-13","A",,
"efd08d8e-5e7c-46a5-ae9a-55b1e24d03de","D02","POSE","POSE.AOS.S2","POSE.SS.20240611.FIL.2","A00000371070","2024-06-11T12:42Z","2024-06-11T12:42Z","Illinois State Water Survey Central Analytical Laboratory",370.0,0.01472,5,"2024-06-13","A",,
"70a25561-64f4-446f-8cff-eceb7a11de8b","D02","POSE","POSE.AOS.S2","POSE.SS.20240611.FIL.3","A00000371071","2024-06-11T12:42Z","2024-06-11T12:42Z","Illinois State Water Survey Central Analytical Laboratory",356.0,0.01860,5,"2024-06-13","B",,
"cfc3ad2a-95a7-46ed-a192-53287a458ea5","D02","POSE","POSE.AOS.S2","POSE.SS.20240611.FIL.3","A00000371071","2024-06-11T12:42Z","2024-06-11T12:42Z","Illinois State Water Survey Central Analytical Laboratory",444.0,0.00464,5,"2024-06-13","B",,
"a67baf6d-2945-4200-9c1f-efd93c3d623c","D02","POSE","POSE.AOS.S2","POSE.SS.20240611.FIL.3","A00000371071","2024-06-11T12:42Z","2024-06-11T12:42Z","Illinois State Water Survey Central Analytical Laboratory",478.0,0.00290,5,"2024-06-13","A",,
"2010a294-fcf3-4c60-a7b0-42b5faa58328","D02","POSE","POSE.AOS.S2","POSE.SS.20240611.FIL","A00000371069","2024-06-11T12:42Z","2024-06-11T12:42Z","Illinois State Water Survey Central Analytical Laboratory",392.0,0.01064,5,"2024-06-13","B",,
"20d9b3ce-6f8e-4d8b-8e74-94877bafafce","D02","POSE","POSE.AOS.S2","POSE.SS.20240611.FIL.3","A00000371071","2024-06-11T12:42Z","2024-06-11T12:42Z","Illinois State Water Survey Central Analytical Laboratory",248.0,0.07372,5,"2024-06-13","B",,
"5292f0aa-6f28-4630-a51f-625c88a623dc","D02","POSE","POSE.AOS.S2","POSE.SS.20240611.FIL.2","A00000371070","2024-06-11T12:42Z","2024-06-11T12:42Z","Illinois State Water Survey Central Analytical Laboratory",478.0,0.00304,5,"2024-06-13","B",,
"2ae894f2-1501-43a5-8ecc-bf805992e7c0","D02","POSE","POSE.AOS.S2","POSE.SS.20240611.FIL","A00000371069","2024-06-11T12:42Z","2024-06-11T12:42Z","Illinois State Water Survey Central Analytical Laboratory",490.0,0.00262,5,"2024-06-13","B",,
"7e1eb83e-7ff4-4e69-9b87-9533a5cb94b6","D02","POSE","POSE.AOS.S2","POSE.SS.20240611.FIL.3","A00000371071","2024-06-11T12:42Z","2024-06-11T12:42Z","Illinois State Water Survey Central Analytical Laboratory",266.0,0.06216,5,"2024-06-13","A",,
"ca9657c6-a4aa-4f68-9541-b2bac382af76","D02","POSE","POSE.AOS.S2","POSE.SS.20240611.FIL.3","A00000371071","2024-06-11T12:42Z","2024-06-11T12:42Z","Illinois State Water Survey Central Analytical Laboratory",502.0,0.00220,5,"2024-06-13","B",,
"8ffdf5e3-95af-4c64-9456-f5bf3993db48","D02","POSE","POSE.AOS.S2","POSE.SS.20240611.FIL.3","A00000371071","2024-06-11T12:42Z","2024-06-11T12:42Z","Illinois State Water Survey Central Analytical Laboratory",600.0,0.00088,5,"2024-06-13","B",,
"08ec4de1-1a57-4c60-a1ed-d832966519c1","D02","POSE","POSE.AOS.S2","POSE.SS.20240611.FIL.3","A00000371071","2024-06-11T12:42Z","2024-06-11T12:42Z","Illinois State Water Survey Central Analytical Laboratory",312.0,0.03526,5,"2024-06-13","B",,
"b24dd28e-ac02-4ae5-aff2-2ffbb169d812","D02","POSE","POSE.AOS.S2","POSE.SS.20240611.FIL","A00000371069","2024-06-11T12:42Z","2024-06-11T12:42Z","Illinois State Water Survey Central Analytical Laboratory",398.0,0.00968,5,"2024-06-13","B",,
"716efb3d-dd4b-4ef8-8bb0-1a9575134bf5","D02","POSE","POSE.AOS.S2","POSE.SS.20240611.FIL","A00000371069","2024-06-11T12:42Z","2024-06-11T12:42Z","Illinois State Water Survey Central Analytical Laboratory",232.0,0.10116,5,"2024-06-13","B",,
"de010306-79f1-4289-8c44-524322dc7bf9","D02","POSE","POSE.AOS.S2","POSE.SS.20240611.FIL.3","A00000371071","2024-06-11T12:42Z","2024-06-11T12:42Z","Illinois State Water Survey Central Analytical Laboratory",414.0,0.00726,5,"2024-06-13","B",,
"9d521534-9b7b-450f-b90d-7ccc92c5fe8b","D02","POSE","POSE.AOS.S2","POSE.SS.20240611.FIL","A00000371069","2024-06-11T12:42Z","2024-06-11T12:42Z","Illinois State Water Survey Central Analytical Laboratory",438.0,0.00526,5,"2024-06-13","B",,
"97faf633-bd79-4d52-9848-d200ce8fd2c7","D02","POSE","POSE.AOS.S2","POSE.SS.20240611.FIL.3","A00000371071","2024-06-11T12:42Z","2024-06-11T12:42Z","Illinois State Water Survey Central Analytical Laboratory",292.0,0.04588,5,"2024-06-13","A",,
"6d19aa09-ab1a-455e-9b31-91c19bea8eab","D02","POSE","POSE.AOS.S2","POSE.SS.20240611.FIL.2","A00000371070","2024-06-11T12:42Z","2024-06-11T12:42Z","Illinois State Water Survey Central Analytical Laboratory",470.0,0.00334,5,"2024-06-13","B",,
"96cf224e-9b10-467b-8a50-92f9b9e0900b","D02","POSE","POSE.AOS.S2","POSE.SS.20240611.FIL","A00000371069","2024-06-11T12:42Z","2024-06-11T12:42Z","Illinois State Water Survey Central Analytical Laboratory",538.0,0.00150,5,"2024-06-13","A",,
"c88ddaac-eb9c-4504-98f2-38cee4f25edd","D02","POSE","POSE.AOS.S2","POSE.SS.20240611.FIL","A00000371069","2024-06-11T12:42Z","2024-06-11T12:42Z","Illinois State Water Survey Central Analytical Laboratory",312.0,0.03568,5,"2024-06-13","A",,
"ba049bbf-27b6-4571-a1c8-6bfd599f9ebb","D02","POSE","POSE.AOS.S2","POSE.SS.20240611.FIL","A00000371069","2024-06-11T12:42Z","2024-06-11T12:42Z","Illinois State Water Survey Central Analytical Laboratory",458.0,0.00390,5,"2024-06-13","B",,
"c3e61537-aaa1-4dbe-9ade-dd4507b39b73","D02","POSE","POSE.AOS.S2","POSE.SS.20240611.FIL.2","A00000371070","2024-06-11T12:42Z","2024-06-11T12:42Z","Illinois State Water Survey Central Analytical Laboratory",420.0,0.00652,5,"2024-06-13","A",,
"9ff66b1a-b535-43bb-9ae9-3b407b6212fa","D02","POSE","POSE.AOS.S2","POSE.SS.20240611.FIL.3","A00000371071","2024-06-11T12:42Z","2024-06-11T12:42Z","Illinois State Water Survey Central Analytical Laboratory",536.0,0.00148,5,"2024-06-13","A",,
"766f2c60-c112-4ff6-9c6f-6a83f7dd8f2e","D02","POSE","POSE.AOS.S2","POSE.SS.20240611.FIL.3","A00000371071","2024-06-11T12:42Z","2024-06-11T12:42Z","Illinois State Water Survey Central Analytical Laboratory",380.0,0.01258,5,"2024-06-13","A",,
"602b83ec-d5d8-42b9-8921-90e4d0dc320a","D02","POSE","POSE.AOS.S2","POSE.SS.20240611.FIL","A00000371069","2024-06-11T12:42Z","2024-06-11T12:42Z","Illinois State Water Survey Central Analytical Laboratory",238.0,0.08658,5,"2024-06-13","B",,
"7b797406-006e-4c4d-9b72-5ce38f52e906","D02","POSE","POSE.AOS.S2","POSE.SS.20240611.FIL.3","A00000371071","2024-06-11T12:42Z","2024-06-11T12:42Z","Illinois State Water Survey Central Analytical Laboratory",386.0,0.01134,5,"2024-06-13","B",,
"d807d50e-df15-41a0-91c0-b6c6beb1ef35","D02","POSE","POSE.AOS.S2","POSE.SS.20240611.FIL.3","A00000371071","2024-06-11T12:42Z","2024-06-11T12:42Z","Illinois State Water Survey Central Analytical Laboratory",556.0,0.00120,5,"2024-06-13","A",,
"b3267de2-1040-4eca-acec-6d4ac83f5766","D02","POSE","POSE.AOS.S2","POSE.SS.20240611.FIL","A00000371069","2024-06-11T12:42Z","2024-06-11T12:42Z","Illinois State Water Survey Central Analytical Laboratory",250.0,0.07284,5,"2024-06-13","A",,
"4757bd6a-bd5f-4898-938d-6a1013b5f64e","D02","POSE","POSE.AOS.S2","POSE.SS.20240611.FIL","A00000371069","2024-06-11T12:42Z","2024-06-11T12:42Z","Illinois State Water Survey Central Analytical Laboratory",358.0,0.01846,5,"2024-06-13","B",,
"ec901529-588c-48d8-8aed-847a46d22846","D02","POSE","POSE.AOS.S2","POSE.SS.20240611.FIL.2","A00000371070","2024-06-11T12:42Z","2024-06-11T12:42Z","Illinois State Water Survey Central Analytical Laboratory",444.0,0.00456,5,"2024-06-13","A",,
"a0096274-ef75-4df6-aa48-31a02e916a82","D02","POSE","POSE.AOS.S2","POSE.SS.20240611.FIL.2","A00000371070","2024-06-11T12:42Z","2024-06-11T12:42Z","Illinois State Water Survey Central Analytical Laboratory",570.0,0.00122,5,"2024-06-13","B",,
"a5de1fae-5ee9-465c-9467-462c988e0520","D02","POSE","POSE.AOS.S2","POSE.SS.20240611.FIL.2","A00000371070","2024-06-11T12:42Z","2024-06-11T12:42Z","Illinois State Water Survey Central Analytical Laboratory",308.0,0.03668,5,"2024-06-13","A",,
"305ece00-ccef-4887-bb45-b654f090a4b4","D02","POSE","POSE.AOS.S2","POSE.SS.20240611.FIL","A00000371069","2024-06-11T12:42Z","2024-06-11T12:42Z","Illinois State Water Survey Central Analytical Laboratory",294.0,0.04514,5,"2024-06-13","A",,
"1e8c7397-ec2b-454c-ac92-98c9b2f891c1","D02","POSE","POSE.AOS.S2","POSE.SS.20240611.FIL.3","A00000371071","2024-06-11T12:42Z","2024-06-11T12:42Z","Illinois State Water Survey Central Analytical Laboratory",450.0,0.00424,5,"2024-06-13","B",,
"1baa5e12-4867-459f-9d88-468eb9cddc90","D02","POSE","POSE.AOS.S2","POSE.SS.20240611.FIL.2","A00000371070","2024-06-11T12:42Z","2024-06-11T12:42Z","Illinois State Water Survey Central Analytical Laboratory",546.0,0.00128,5,"2024-06-13","A",,
"b3fe3260-c62b-444f-baff-31661e92cc87","D02","POSE","POSE.AOS.S2","POSE.SS.20240611.FIL.2","A00000371070","2024-06-11T12:42Z","2024-06-11T12:42Z","Illinois State Water Survey Central Analytical Laboratory",520.0,0.00190,5,"2024-06-13","B",,
"c804bee0-0f30-4c0f-a798-7013690f5628","D02","POSE","POSE.AOS.S2","POSE.SS.20240611.FIL.2","A00000371070","2024-06-11T12:42Z","2024-06-11T12:42Z","Illinois State Water Survey Central Analytical Laboratory",318.0,0.03206,5,"2024-06-13","A",,
"27d7b5bc-479f-4738-9838-6615de831e48","D02","POSE","POSE.AOS.S2","POSE.SS.20240611.FIL","A00000371069","2024-06-11T12:42Z","2024-06-11T12:42Z","Illinois State Water Survey Central Analytical Laboratory",318.0,0.03286,5,"2024-06-13","A",,
"250fcf7a-c633-403e-b62c-740939484a9b","D02","POSE","POSE.AOS.S2","POSE.SS.20240611.FIL.3","A00000371071","2024-06-11T12:42Z","2024-06-11T12:42Z","Illinois State Water Survey Central Analytical Laboratory",408.0,0.00796,5,"2024-06-13","B",,
"f067a1e0-5a79-4f46-a270-d17a19fd2590","D02","POSE","POSE.AOS.S2","POSE.SS.20240611.FIL.3","A00000371071","2024-06-11T12:42Z","2024-06-11T12:42Z","Illinois State Water Survey Central Analytical Laboratory",542.0,0.00140,5,"2024-06-13","A",,
"4ba0aaf7-8082-4cff-9d92-27cb7c162e6b","D02","POSE","POSE.AOS.S2","POSE.SS.20240611.FIL.3","A00000371071","2024-06-11T12:42Z","2024-06-11T12:42Z","Illinois State Water Survey Central Analytical Laboratory",232.0,0.10026,5,"2024-06-13","B",,
"a2b36dd4-780f-4686-adbb-840609258c9f","D02","POSE","POSE.AOS.S2","POSE.SS.20240611.FIL","A00000371069","2024-06-11T12:42Z","2024-06-11T12:42Z","Illinois State Water Survey Central Analytical Laboratory",364.0,0.01670,5,"2024-06-13","A",,
"17c73af8-7896-4f8f-a158-57018e7434b0","D02","POSE","POSE.AOS.S2","POSE.SS.20240611.FIL.3","A00000371071","2024-06-11T12:42Z","2024-06-11T12:42Z","Illinois State Water Survey Central Analytical Laboratory",272.0,0.05854,5,"2024-06-13","A",,
"37381ac7-6ffe-450a-9ee2-b39afafc731e","D02","POSE","POSE.AOS.S2","POSE.SS.20240611.FIL.2","A00000371070","2024-06-11T12:42Z","2024-06-11T12:42Z","Illinois State Water Survey Central Analytical Laboratory",566.0,0.00106,5,"2024-06-13","A",,
"16b42e94-a08e-4677-8dbd-7d64bfb5a486","D02","POSE","POSE.AOS.S2","POSE.SS.20240611.FIL","A00000371069","2024-06-11T12:42Z","2024-06-11T12:42Z","Illinois State Water Survey Central Analytical Laboratory",598.0,0.00076,5,"2024-06-13","A",,
"cb635bd6-de46-45a2-972f-8785e5310077","D02","POSE","POSE.AOS.S2","POSE.SS.20240611.FIL","A00000371069","2024-06-11T12:42Z","2024-06-11T12:42Z","Illinois State Water Survey Central Analytical Laboratory",560.0,0.00124,5,"2024-06-13","A",,
"a4550b9d-58f7-4365-a8ac-7e8c0734a626","D02","POSE","POSE.AOS.S2","POSE.SS.20240611.FIL","A00000371069","2024-06-11T12:42Z","2024-06-11T12:42Z","Illinois State Water Survey Central Analytical Laboratory",278.0,0.05552,5,"2024-06-13","A",,
"7e4b760b-5d20-43fa-b2d7-8d08a0e5ca19","D02","POSE","POSE.AOS.S2","POSE.SS.20240611.FIL.2","A00000371070","2024-06-11T12:42Z","2024-06-11T12:42Z","Illinois State Water Survey Central Analytical Laboratory",376.0,0.01330,5,"2024-06-13","A",,
"fb250b54-b282-4280-9fe9-2ecdd69c06dc","D02","POSE","POSE.AOS.S2","POSE.SS.20240611.FIL.3","A00000371071","2024-06-11T12:42Z","2024-06-11T12:42Z","Illinois State Water Survey Central Analytical Laboratory",350.0,0.02042,5,"2024-06-13","B",,
"432926dc-ffb5-4f88-b206-6b908ce8d2d7","D02","POSE","POSE.AOS.S2","POSE.SS.20240611.FIL","A00000371069","2024-06-11T12:42Z","2024-06-11T12:42Z","Illinois State Water Survey Central Analytical Laboratory",510.0,0.00212,5,"2024-06-13","B",,
"856f87b3-7b35-4f68-a8ff-7074c4acf8c4","D02","POSE","POSE.AOS.S2","POSE.SS.20240611.FIL","A00000371069","2024-06-11T12:42Z","2024-06-11T12:42Z","Illinois State Water Survey Central Analytical Laboratory",434.0,0.00558,5,"2024-06-13","B",,
"2ca6c361-2a3a-4cdc-90ce-d75d8888ae0e","D02","POSE","POSE.AOS.S2","POSE.SS.20240611.FIL.2","A00000371070","2024-06-11T12:42Z","2024-06-11T12:42Z","Illinois State Water Survey Central Analytical Laboratory",414.0,0.00714,5,"2024-06-13","A",,
"36e298ce-3725-4f18-9383-6cf6c3ec7c6e","D02","POSE","POSE.AOS.S2","POSE.SS.20240611.FIL.3","A00000371071","2024-06-11T12:42Z","2024-06-11T12:42Z","Illinois State Water Survey Central Analytical Laboratory",298.0,0.04234,5,"2024-06-13","A",,
"8008e392-9c4c-4a5f-820e-377f6a03ed18","D02","POSE","POSE.AOS.S2","POSE.SS.20240611.FIL","A00000371069","2024-06-11T12:42Z","2024-06-11T12:42Z","Illinois State Water Survey Central Analytical Laboratory",290.0,0.04786,5,"2024-06-13","B",,
"b1a80058-31dd-4833-b185-ff4939c58e84","D02","POSE","POSE.AOS.S2","POSE.SS.20240611.FIL.3","A00000371071","2024-06-11T12:42Z","2024-06-11T12:42Z","Illinois State Water Survey Central Analytical Laboratory",476.0,0.00298,5,"2024-06-13","A",,
"c9106795-bedd-44c1-bee6-d2f41fdfca30","D02","POSE","POSE.AOS.S2","POSE.SS.20240611.FIL.3","A00000371071","2024-06-11T12:42Z","2024-06-11T12:42Z","Illinois State Water Survey Central Analytical Laboratory",328.0,0.02820,5,"2024-06-13","B",,
"efd50bc7-5a25-41c3-a6c9-6c29371e9a6b","D02","POSE","POSE.AOS.S2","POSE.SS.20240611.FIL.3","A00000371071","2024-06-11T12:42Z","2024-06-11T12:42Z","Illinois State Water Survey Central Analytical Laboratory",332.0,0.02652,5,"2024-06-13","A",,
"38b448ee-faf7-4e25-96a2-094ceed8de75","D02","POSE","POSE.AOS.S2","POSE.SS.20240611.FIL.3","A00000371071","2024-06-11T12:42Z","2024-06-11T12:42Z","Illinois State Water Survey Central Analytical Laboratory",484.0,0.00270,5,"2024-06-13","A",,
"106e2f74-f344-492d-be2a-ccae7e805e59","D02","POSE","POSE.AOS.S2","POSE.SS.20240611.FIL.2","A00000371070","2024-06-11T12:42Z","2024-06-11T12:42Z","Illinois State Water Survey Central Analytical Laboratory",256.0,0.06864,5,"2024-06-13","B",,
"3732b0e1-149d-4930-8756-8c3be4a3b765","D02","POSE","POSE.AOS.S2","POSE.SS.20240611.FIL","A00000371069","2024-06-11T12:42Z","2024-06-11T12:42Z","Illinois State Water Survey Central Analytical Laboratory",380.0,0.01294,5,"2024-06-13","B",,
"4ecda3b5-eb46-4b1c-99f6-1bd93868f0b3","D02","POSE","POSE.AOS.S2","POSE.SS.20240611.FIL","A00000371069","2024-06-11T12:42Z","2024-06-11T12:42Z","Illinois State Water Survey Central Analytical Laboratory",416.0,0.00724,5,"2024-06-13","B",,
"7dbb2dc4-2ffb-4fd2-af58-f16dda7df852","D02","POSE","POSE.AOS.S2","POSE.SS.20240611.FIL.3","A00000371071","2024-06-11T12:42Z","2024-06-11T12:42Z","Illinois State Water Survey Central Analytical Laboratory",544.0,0.00134,5,"2024-06-13","A",,
"7130e284-53e5-4dcc-860e-59a38de799c1","D02","POSE","POSE.AOS.S2","POSE.SS.20240611.FIL","A00000371069","2024-06-11T12:42Z","2024-06-11T12:42Z","Illinois State Water Survey Central Analytical Laboratory",226.0,0.12642,5,"2024-06-13","B",,
"3ffa8423-96a9-491e-9617-6d380ae80b3c","D02","POSE","POSE.AOS.S2","POSE.SS.20240611.FIL.3","A00000371071","2024-06-11T12:42Z","2024-06-11T12:42Z","Illinois State Water Survey Central Analytical Laboratory",280.0,0.05352,5,"2024-06-13","A",,
"dac62f1f-987d-4dfe-9575-700bc867f050","D02","POSE","POSE.AOS.S2","POSE.SS.20240611.FIL.2","A00000371070","2024-06-11T12:42Z","2024-06-11T12:42Z","Illinois State Water Survey Central Analytical Laboratory",440.0,0.00510,5,"2024-06-13","B",,
"387afefb-4e4d-4c64-a665-179e9280bc34","D02","POSE","POSE.AOS.S2","POSE.SS.20240611.FIL","A00000371069","2024-06-11T12:42Z","2024-06-11T12:42Z","Illinois State Water Survey Central Analytical Laboratory",482.0,0.00298,5,"2024-06-13","B",,
"366dce2e-161a-472b-b2ed-c03141889b6a","D02","POSE","POSE.AOS.S2","POSE.SS.20240611.FIL","A00000371069","2024-06-11T12:42Z","2024-06-11T12:42Z","Illinois State Water Survey Central Analytical Laboratory",244.0,0.07826,5,"2024-06-13","A",,
"f2774df2-c62b-481c-9efc-74d8a0b62ed2","D02","POSE","POSE.AOS.S2","POSE.SS.20240611.FIL.2","A00000371070","2024-06-11T12:42Z","2024-06-11T12:42Z","Illinois State Water Survey Central Analytical Laboratory",228.0,0.11308,5,"2024-06-13","A",,
"4b1fd000-586f-40df-8abe-b0d569929737","D02","POSE","POSE.AOS.S2","POSE.SS.20240611.FIL.3","A00000371071","2024-06-11T12:42Z","2024-06-11T12:42Z","Illinois State Water Survey Central Analytical Laboratory",306.0,0.03804,5,"2024-06-13","A",,
"6361f514-3146-4a66-92de-98da2302ee35","D02","POSE","POSE.AOS.S2","POSE.SS.20240611.FIL.2","A00000371070","2024-06-11T12:42Z","2024-06-11T12:42Z","Illinois State Water Survey Central Analytical Laboratory",576.0,0.00094,5,"2024-06-13","A",,
"22038a91-f138-4f36-b962-3a845865e4f7","D02","POSE","POSE.AOS.S2","POSE.SS.20240611.FIL","A00000371069","2024-06-11T12:42Z","2024-06-11T12:42Z","Illinois State Water Survey Central Analytical Laboratory",558.0,0.00122,5,"2024-06-13","A",,
"5836539e-a7c8-499a-86a8-e642727a3ba7","D02","POSE","POSE.AOS.S2","POSE.SS.20240611.FIL","A00000371069","2024-06-11T12:42Z","2024-06-11T12:42Z","Illinois State Water Survey Central Analytical Laboratory",520.0,0.00180,5,"2024-06-13","A",,
"bc3dce3d-251f-4c06-8a60-b09981614d1d","D02","POSE","POSE.AOS.S2","POSE.SS.20240611.FIL.2","A00000371070","2024-06-11T12:42Z","2024-06-11T12:42Z","Illinois State Water Survey Central Analytical Laboratory",306.0,0.03770,5,"2024-06-13","A",,
"4c5e4d1e-f00b-46a4-b4db-887b8c9ea6fb","D02","POSE","POSE.AOS.S2","POSE.SS.20240611.FIL","A00000371069","2024-06-11T12:42Z","2024-06-11T12:42Z","Illinois State Water Survey Central Analytical Laboratory",474.0,0.00322,5,"2024-06-13","B",,
"21c2bbba-2df9-4fb0-808c-5c731f886aa0","D02","POSE","POSE.AOS.S2","POSE.SS.20240611.FIL.3","A00000371071","2024-06-11T12:42Z","2024-06-11T12:42Z","Illinois State Water Survey Central Analytical Laboratory",492.0,0.00246,5,"2024-06-13","A",,
"446d21f4-c669-4f00-aeb4-6a405d03da70","D02","POSE","POSE.AOS.S2","POSE.SS.20240611.FIL","A00000371069","2024-06-11T12:42Z","2024-06-11T12:42Z","Illinois State Water Survey Central Analytical Laboratory",496.0,0.00234,5,"2024-06-13","A",,
"4cfe4c60-7346-4b05-868f-b1107229dc4d","D02","POSE","POSE.AOS.S2","POSE.SS.20240611.FIL.2","A00000371070","2024-06-11T12:42Z","2024-06-11T12:42Z","Illinois State Water Survey Central Analytical Laboratory",238.0,0.08458,5,"2024-06-13","A",,
"058551e6-3f47-4ca5-a1a5-828d2ae0eea4","D02","POSE","POSE.AOS.S2","POSE.SS.20240611.FIL.3","A00000371071","2024-06-11T12:42Z","2024-06-11T12:42Z","Illinois State Water Survey Central Analytical Laboratory",416.0,0.00706,5,"2024-06-13","B",,
"ef7b1e5d-c37c-41bc-8a78-6305652b2f8e","D02","POSE","POSE.AOS.S2","POSE.SS.20240611.FIL","A00000371069","2024-06-11T12:42Z","2024-06-11T12:42Z","Illinois State Water Survey Central Analytical Laboratory",328.0,0.02858,5,"2024-06-13","A",,
"2112a038-f824-4c19-abd3-87899e75a512","D02","POSE","POSE.AOS.S2","POSE.SS.20240611.FIL.3","A00000371071","2024-06-11T12:42Z","2024-06-11T12:42Z","Illinois State Water Survey Central Analytical Laboratory",462.0,0.00354,5,"2024-06-13","B",,
"412634c5-f92f-4617-b104-7737f9e6098b","D02","POSE","POSE.AOS.S2","POSE.SS.20240611.FIL.3","A00000371071","2024-06-11T12:42Z","2024-06-11T12:42Z","Illinois State Water Survey Central Analytical Laboratory",372.0,0.01438,5,"2024-06-13","B",,
"1000c050-e393-4a74-93e7-29d845bb5b22","D02","POSE","POSE.AOS.S2","POSE.SS.20240611.FIL.3","A00000371071","2024-06-11T12:42Z","2024-06-11T12:42Z","Illinois State Water Survey Central Analytical Laboratory",384.0,0.01176,5,"2024-06-13","A",,
"38f04f16-1af8-48b8-9510-f665416ff849","D02","POSE","POSE.AOS.S2","POSE.SS.20240611.FIL.3","A00000371071","2024-06-11T12:42Z","2024-06-11T12:42Z","Illinois State Water Survey Central Analytical Laboratory",452.0,0.00410,5,"2024-06-13","B",,
"5c670b72-0c85-4d3f-bd56-7bc2db97e13b","D02","POSE","POSE.AOS.S2","POSE.SS.20240611.FIL.2","A00000371070","2024-06-11T12:42Z","2024-06-11T12:42Z","Illinois State Water Survey Central Analytical Laboratory",242.0,0.08006,5,"2024-06-13","B",,
"cbaab026-f661-4210-8040-3d9335108b0c","D02","POSE","POSE.AOS.S2","POSE.SS.20240611.FIL","A00000371069","2024-06-11T12:42Z","2024-06-11T12:42Z","Illinois State Water Survey Central Analytical Laboratory",312.0,0.03578,5,"2024-06-13","B",,
"be8a0c01-1b32-4d28-b756-4bdb7ef4c83f","D02","POSE","POSE.AOS.S2","POSE.SS.20240611.FIL.3","A00000371071","2024-06-11T12:42Z","2024-06-11T12:42Z","Illinois State Water Survey Central Analytical Laboratory",368.0,0.01532,5,"2024-06-13","B",,
"ce0bd6f0-2054-4df1-8ba9-5dcc9bd64d5c","D02","POSE","POSE.AOS.S2","POSE.SS.20240611.FIL.3","A00000371071","2024-06-11T12:42Z","2024-06-11T12:42Z","Illinois State Water Survey Central Analytical Laboratory",552.0,0.00122,5,"2024-06-13","A",,
"3e4ee4ed-0428-415b-9818-928b3031d4bc","D02","POSE","POSE.AOS.S2","POSE.SS.20240611.FIL.2","A00000371070","2024-06-11T12:42Z","2024-06-11T12:42Z","Illinois State Water Survey Central Analytical Laboratory",506.0,0.00222,5,"2024-06-13","B",,
"6ac0511a-b21a-4db2-b538-4dfced923baf","D02","POSE","POSE.AOS.S2","POSE.SS.20240611.FIL.3","A00000371071","2024-06-11T12:42Z","2024-06-11T12:42Z","Illinois State Water Survey Central Analytical Laboratory",498.0,0.00230,5,"2024-06-13","B",,
"590ee896-5b8f-4710-a526-c0a0bd6c147f","D02","POSE","POSE.AOS.S2","POSE.SS.20240611.FIL","A00000371069","2024-06-11T12:42Z","2024-06-11T12:42Z","Illinois State Water Survey Central Analytical Laboratory",334.0,0.02626,5,"2024-06-13","A",,
"576f3277-b483-4486-a0c2-109c907a29e9","D02","POSE","POSE.AOS.S2","POSE.SS.20240611.FIL.2","A00000371070","2024-06-11T12:42Z","2024-06-11T12:42Z","Illinois State Water Survey Central Analytical Laboratory",244.0,0.07802,5,"2024-06-13","B",,
"6d3fa752-53c1-4a1e-9f7a-a2535aecef9d","D02","POSE","POSE.AOS.S2","POSE.SS.20240611.FIL","A00000371069","2024-06-11T12:42Z","2024-06-11T12:42Z","Illinois State Water Survey Central Analytical Laboratory",388.0,0.01124,5,"2024-06-13","A",,
"a37cfcb0-811a-4b80-911d-3ee206f75f4a","D02","POSE","POSE.AOS.S2","POSE.SS.20240611.FIL.3","A00000371071","2024-06-11T12:42Z","2024-06-11T12:42Z","Illinois State Water Survey Central Analytical Laboratory",420.0,0.00662,5,"2024-06-13","A",,
"1f64cb29-19f5-4c6c-b43d-4ca0d27a613a","D02","POSE","POSE.AOS.S2","POSE.SS.20240611.FIL.3","A00000371071","2024-06-11T12:42Z","2024-06-11T12:42Z","Illinois State Water Survey Central Analytical Laboratory",552.0,0.00126,5,"2024-06-13","B",,
"3dc729e2-4129-4691-a972-c74f1cf8405a","D02","POSE","POSE.AOS.S2","POSE.SS.20240611.FIL.3","A00000371071","2024-06-11T12:42Z","2024-06-11T12:42Z","Illinois State Water Survey Central Analytical Laboratory",466.0,0.00338,5,"2024-06-13","B",,
"38013c7a-a3bf-4b4f-8729-23de6e1b5bf2","D02","POSE","POSE.AOS.S2","POSE.SS.20240611.FIL.3","A00000371071","2024-06-11T12:42Z","2024-06-11T12:42Z","Illinois State Water Survey Central Analytical Laboratory",544.0,0.00138,5,"2024-06-13","B",,
"0c13f189-b2cc-4c0b-81c3-9259f2626522","D02","POSE","POSE.AOS.S2","POSE.SS.20240611.FIL.2","A00000371070","2024-06-11T12:42Z","2024-06-11T12:42Z","Illinois State Water Survey Central Analytical Laboratory",296.0,0.04378,5,"2024-06-13","B",,
"34bf7248-f7e8-4b3b-a07d-d8e37cb8c296","D02","POSE","POSE.AOS.S2","POSE.SS.20240611.FIL.2","A00000371070","2024-06-11T12:42Z","2024-06-11T12:42Z","Illinois State Water Survey Central Analytical Laboratory",352.0,0.02004,5,"2024-06-13","B",,
"e8ba5d31-f463-4332-abf9-5a4a239aa984","D02","POSE","POSE.AOS.S2","POSE.SS.20240611.FIL","A00000371069","2024-06-11T12:42Z","2024-06-11T12:42Z","Illinois State Water Survey Central Analytical Laboratory",536.0,0.00154,5,"2024-06-13","A",,
"891c4522-32c9-458e-84f6-7c700f01b857","D02","POSE","POSE.AOS.S2","POSE.SS.20240611.FIL","A00000371069","2024-06-11T12:42Z","2024-06-11T12:42Z","Illinois State Water Survey Central Analytical Laboratory",572.0,0.00106,5,"2024-06-13","A",,
"deb3872b-bfe7-4c3e-b707-c8e31c5b36f9","D02","POSE","POSE.AOS.S2","POSE.SS.20240611.FIL.2","A00000371070","2024-06-11T12:42Z","2024-06-11T12:42Z","Illinois State Water Survey Central Analytical Laboratory",498.0,0.00228,5,"2024-06-13","A",,
"1c22d342-bbd9-4a76-adb6-5a4cd83bca15","D02","POSE","POSE.AOS.S2","POSE.SS.20240611.FIL","A00000371069","2024-06-11T12:42Z","2024-06-11T12:42Z","Illinois State Water Survey Central Analytical Laboratory",294.0,0.04514,5,"2024-06-13","A",,
"354429ff-38ca-4d54-801e-e234bef1ca91","D02","POSE","POSE.AOS.S2","POSE.SS.20240611.FIL.2","A00000371070","2024-06-11T12:42Z","2024-06-11T12:42Z","Illinois State Water Survey Central Analytical Laboratory",242.0,0.08006,5,"2024-06-13","B",,
"69323125-058b-4875-b59c-1ce8fcdd4ee5","D02","POSE","POSE.AOS.S2","POSE.SS.20240611.FIL.3","A00000371071","2024-06-11T12:42Z","2024-06-11T12:42Z","Illinois State Water Survey Central Analytical Laboratory",308.0,0.03702,5,"2024-06-13","A",,
"9426a349-0f18-4f42-a9d7-38baf1eb9f54","D02","POSE","POSE.AOS.S2","POSE.SS.20240611.FIL.2","A00000371070","2024-06-11T12:42Z","2024-06-11T12:42Z","Illinois State Water Survey Central Analytical Laboratory",236.0,0.08828,5,"2024-06-13","A",,
"bef71689-fd8e-4031-a615-8b81a27edf61","D02","POSE","POSE.AOS.S2","POSE.SS.20240611.FIL.3","A00000371071","2024-06-11T12:42Z","2024-06-11T12:42Z","Illinois State Water Survey Central Analytical Laboratory",600.0,0.00088,5,"2024-06-13","B",,
"98faf1c5-1e44-4050-b84d-9f3d6041cdc4","D02","POSE","POSE.AOS.S2","POSE.SS.20240611.FIL.2","A00000371070","2024-06-11T12:42Z","2024-06-11T12:42Z","Illinois State Water Survey Central Analytical Laboratory",500.0,0.00218,5,"2024-06-13","A",,
"03cc53df-289a-4829-a955-1fd537623639","D02","POSE","POSE.AOS.S2","POSE.SS.20240611.FIL","A00000371069","2024-06-11T12:42Z","2024-06-11T12:42Z","Illinois State Water Survey Central Analytical Laboratory",254.0,0.07028,5,"2024-06-13","B",,
"90c31673-5403-4f1d-a15d-c5168ec9b57b","D02","POSE","POSE.AOS.S2","POSE.SS.20240611.FIL.2","A00000371070","2024-06-11T12:42Z","2024-06-11T12:42Z","Illinois State Water Survey Central Analytical Laboratory",328.0,0.02790,5,"2024-06-13","A",,
"e05f4dde-8d15-4edc-8b17-d9f152b9f58c","D02","POSE","POSE.AOS.S2","POSE.SS.20240611.FIL.2","A00000371070","2024-06-11T12:42Z","2024-06-11T12:42Z","Illinois State Water Survey Central Analytical Laboratory",478.0,0.00286,5,"2024-06-13","A",,
"de998e9d-936e-4a63-9b66-bae11a00a973","D02","POSE","POSE.AOS.S2","POSE.SS.20240611.FIL.3","A00000371071","2024-06-11T12:42Z","2024-06-11T12:42Z","Illinois State Water Survey Central Analytical Laboratory",502.0,0.00216,5,"2024-06-13","A",,
"12841542-d2c6-4cae-9def-fcd9c33f5280","D02","POSE","POSE.AOS.S2","POSE.SS.20240611.FIL","A00000371069","2024-06-11T12:42Z","2024-06-11T12:42Z","Illinois State Water Survey Central Analytical Laboratory",242.0,0.08030,5,"2024-06-13","A",,
"481fa61a-a341-485b-b1eb-4a7ba70f0c57","D02","POSE","POSE.AOS.S2","POSE.SS.20240611.FIL.2","A00000371070","2024-06-11T12:42Z","2024-06-11T12:42Z","Illinois State Water Survey Central Analytical Laboratory",572.0,0.00116,5,"2024-06-13","B",,
"3889fdd2-6e5e-496a-80bd-1b4d2423c359","D02","POSE","POSE.AOS.S2","POSE.SS.20240611.FIL.2","A00000371070","2024-06-11T12:42Z","2024-06-11T12:42Z","Illinois State Water Survey Central Analytical Laboratory",412.0,0.00770,5,"2024-06-13","B",,
"6ddf38c8-8318-4b46-96e6-520b20203f86","D02","POSE","POSE.AOS.S2","POSE.SS.20240611.FIL.3","A00000371071","2024-06-11T12:42Z","2024-06-11T12:42Z","Illinois State Water Survey Central Analytical Laboratory",448.0,0.00436,5,"2024-06-13","A",,
"02a62abc-7906-4ec4-8c2e-19515734ad49","D02","POSE","POSE.AOS.S2","POSE.SS.20240611.FIL.2","A00000371070","2024-06-11T12:42Z","2024-06-11T12:42Z","Illinois State Water Survey Central Analytical Laboratory",342.0,0.02324,5,"2024-06-13","B",,
"ad44e4e7-1c80-407e-abc1-bedbb8917b6f","D02","POSE","POSE.AOS.S2","POSE.SS.20240611.FIL.2","A00000371070","2024-06-11T12:42Z","2024-06-11T12:42Z","Illinois State Water Survey Central Analytical Laboratory",402.0,0.00904,5,"2024-06-13","B",,
"3a5ff479-cf77-4276-9464-d15f7b4023ae","D02","POSE","POSE.AOS.S2","POSE.SS.20240611.FIL.2","A00000371070","2024-06-11T12:42Z","2024-06-11T12:42Z","Illinois State Water Survey Central Analytical Laboratory",246.0,0.07570,5,"2024-06-13","B",,
"89c6161f-b4f2-481d-979a-c6a17bc3f794","D02","POSE","POSE.AOS.S2","POSE.SS.20240611.FIL.3","A00000371071","2024-06-11T12:42Z","2024-06-11T12:42Z","Illinois State Water Survey Central Analytical Laboratory",456.0,0.00382,5,"2024-06-13","A",,
"8e5747d4-a270-41e8-904f-42a5b652766b","D02","POSE","POSE.AOS.S2","POSE.SS.20240611.FIL.3","A00000371071","2024-06-11T12:42Z","2024-06-11T12:42Z","Illinois State Water Survey Central Analytical Laboratory",410.0,0.00776,5,"2024-06-13","A",,
"d53f71ba-e4c1-4b9d-bac0-3c469fbac3f2","D02","POSE","POSE.AOS.S2","POSE.SS.20240611.FIL.2","A00000371070","2024-06-11T12:42Z","2024-06-11T12:42Z","Illinois State Water Survey Central Analytical Laboratory",336.0,0.02540,5,"2024-06-13","B",,
"55581297-49cc-4372-8e97-5a8ad9139cce","D02","POSE","POSE.AOS.S2","POSE.SS.20240611.FIL.3","A00000371071","2024-06-11T12:42Z","2024-06-11T12:42Z","Illinois State Water Survey Central Analytical Laboratory",490.0,0.00252,5,"2024-06-13","B",,
"87a9d684-3f10-4e7c-9088-77996ffbe528","D02","POSE","POSE.AOS.S2","POSE.SS.20240611.FIL.3","A00000371071","2024-06-11T12:42Z","2024-06-11T12:42Z","Illinois State Water Survey Central Analytical Laboratory",546.0,0.00128,5,"2024-06-13","A",,
"f3b15c57-4be4-4c37-a584-f91a33d49a5c","D02","POSE","POSE.AOS.S2","POSE.SS.20240611.FIL.3","A00000371071","2024-06-11T12:42Z","2024-06-11T12:42Z","Illinois State Water Survey Central Analytical Laboratory",422.0,0.00648,5,"2024-06-13","A",,
"8914eb96-bcd1-425d-9bcd-5c31a39e64e1","D02","POSE","POSE.AOS.S2","POSE.SS.20240611.FIL.2","A00000371070","2024-06-11T12:42Z","2024-06-11T12:42Z","Illinois State Water Survey Central Analytical Laboratory",460.0,0.00358,5,"2024-06-13","A",,
"a09a2089-2cdd-4fec-984e-5726363adbe1","D02","POSE","POSE.AOS.S2","POSE.SS.20240611.FIL","A00000371069","2024-06-11T12:42Z","2024-06-11T12:42Z","Illinois State Water Survey Central Analytical Laboratory",578.0,0.00102,5,"2024-06-13","A",,
"762eb533-fc32-40ea-893d-60d192371d6c","D02","POSE","POSE.AOS.S2","POSE.SS.20240611.FIL","A00000371069","2024-06-11T12:42Z","2024-06-11T12:42Z","Illinois State Water Survey Central Analytical Laboratory",470.0,0.00328,5,"2024-06-13","A",,
"c48aff63-7a82-4c38-894f-6630286716e6","D02","POSE","POSE.AOS.S2","POSE.SS.20240611.FIL.3","A00000371071","2024-06-11T12:42Z","2024-06-11T12:42Z","Illinois State Water Survey Central Analytical Laboratory",506.0,0.00208,5,"2024-06-13","B",,
"ba94843f-23c4-4d30-8ab6-eb7f9d7e12d4","D02","POSE","POSE.AOS.S2","POSE.SS.20240611.FIL.3","A00000371071","2024-06-11T12:42Z","2024-06-11T12:42Z","Illinois State Water Survey Central Analytical Laboratory",398.0,0.00938,5,"2024-06-13","B",,
"78810375-1341-4390-97eb-2a76785b7df4","D02","POSE","POSE.AOS.S2","POSE.SS.20240611.FIL","A00000371069","2024-06-11T12:42Z","2024-06-11T12:42Z","Illinois State Water Survey Central Analytical Laboratory",524.0,0.00174,5,"2024-06-13","A",,
"b6acae60-2691-4c2e-aa10-c95f82664b34","D02","POSE","POSE.AOS.S2","POSE.SS.20240611.FIL.2","A00000371070","2024-06-11T12:42Z","2024-06-11T12:42Z","Illinois State Water Survey Central Analytical Laboratory",532.0,0.00168,5,"2024-06-13","B",,
"5a4080ad-f58a-4e28-9da0-490cce2b18b5","D02","POSE","POSE.AOS.S2","POSE.SS.20240611.FIL.2","A00000371070","2024-06-11T12:42Z","2024-06-11T12:42Z","Illinois State Water Survey Central Analytical Laboratory",524.0,0.00164,5,"2024-06-13","A",,
"8cbb376a-bc9c-4f43-820b-a9a583bfabfc","D02","POSE","POSE.AOS.S2","POSE.SS.20240611.FIL.2","A00000371070","2024-06-11T12:42Z","2024-06-11T12:42Z","Illinois State Water Survey Central Analytical Laboratory",366.0,0.01566,5,"2024-06-13","A",,
"c5ec4e37-e891-43c0-9ff4-d50ccee72720","D02","POSE","POSE.AOS.S2","POSE.SS.20240611.FIL.3","A00000371071","2024-06-11T12:42Z","2024-06-11T12:42Z","Illinois State Water Survey Central Analytical Laboratory",264.0,0.06342,5,"2024-06-13","A",,
"2dc76d76-3b54-4a5f-b351-61d844399fcb","D02","POSE","POSE.AOS.S2","POSE.SS.20240611.FIL","A00000371069","2024-06-11T12:42Z","2024-06-11T12:42Z","Illinois State Water Survey Central Analytical Laboratory",586.0,0.00094,5,"2024-06-13","A",,
"6b7492a1-6565-4b52-b08a-b284de18d80c","D02","POSE","POSE.AOS.S2","POSE.SS.20240611.FIL","A00000371069","2024-06-11T12:42Z","2024-06-11T12:42Z","Illinois State Water Survey Central Analytical Laboratory",480.0,0.00300,5,"2024-06-13","B",,
"03d3a8ae-fc4d-4389-9850-a6c879ea1b29","D02","POSE","POSE.AOS.S2","POSE.SS.20240611.FIL","A00000371069","2024-06-11T12:42Z","2024-06-11T12:42Z","Illinois State Water Survey Central Analytical Laboratory",256.0,0.06898,5,"2024-06-13","B",,
"82e84dd8-c65f-4aa4-a1de-277002a2a2db","D02","POSE","POSE.AOS.S2","POSE.SS.20240611.FIL.3","A00000371071","2024-06-11T12:42Z","2024-06-11T12:42Z","Illinois State Water Survey Central Analytical Laboratory",438.0,0.00510,5,"2024-06-13","B",,
"cad9060b-bc06-4745-90be-97a20a17c543","D02","POSE","POSE.AOS.S2","POSE.SS.20240611.FIL.3","A00000371071","2024-06-11T12:42Z","2024-06-11T12:42Z","Illinois State Water Survey Central Analytical Laboratory",564.0,0.00112,5,"2024-06-13","A",,
"ef8dc5b2-8fea-48f5-b77d-1ee9bae6ec67","D02","POSE","POSE.AOS.S2","POSE.SS.20240611.FIL","A00000371069","2024-06-11T12:42Z","2024-06-11T12:42Z","Illinois State Water Survey Central Analytical Laboratory",462.0,0.00362,5,"2024-06-13","A",,
"27c43b95-0b96-4792-b7ee-b4f11e77c0a9","D02","POSE","POSE.AOS.S2","POSE.SS.20240611.FIL.3","A00000371071","2024-06-11T12:42Z","2024-06-11T12:42Z","Illinois State Water Survey Central Analytical Laboratory",562.0,0.00116,5,"2024-06-13","B",,
"88c57b62-189c-46b0-a55a-be5ee4fef211","D02","POSE","POSE.AOS.S2","POSE.SS.20240611.FIL.2","A00000371070","2024-06-11T12:42Z","2024-06-11T12:42Z","Illinois State Water Survey Central Analytical Laboratory",416.0,0.00694,5,"2024-06-13","A",,
"cd95183b-ce82-4cff-a9ae-9e0fb2aaa1b6","D02","POSE","POSE.AOS.S2","POSE.SS.20240611.FIL.2","A00000371070","2024-06-11T12:42Z","2024-06-11T12:42Z","Illinois State Water Survey Central Analytical Laboratory",472.0,0.00310,5,"2024-06-13","A",,
"276353a9-a7b6-4d79-aa8a-3d937f9fc643","D02","POSE","POSE.AOS.S2","POSE.SS.20240611.FIL.2","A00000371070","2024-06-11T12:42Z","2024-06-11T12:42Z","Illinois State Water Survey Central Analytical Laboratory",360.0,0.01726,5,"2024-06-13","A",,
"dcb5f77e-b769-4fea-8e89-b0d74e2b6c7e","D02","POSE","POSE.AOS.S2","POSE.SS.20240611.FIL.2","A00000371070","2024-06-11T12:42Z","2024-06-11T12:42Z","Illinois State Water Survey Central Analytical Laboratory",528.0,0.00158,5,"2024-06-13","A",,
"884a2d94-b8c0-4604-83c6-6d97be95ef7c","D02","POSE","POSE.AOS.S2","POSE.SS.20240611.FIL.3","A00000371071","2024-06-11T12:42Z","2024-06-11T12:42Z","Illinois State Water Survey Central Analytical Laboratory",400.0,0.00910,5,"2024-06-13","A",,
"df30e346-00ec-4761-8723-81020aba724e","D02","POSE","POSE.AOS.S2","POSE.SS.20240611.FIL.2","A00000371070","2024-06-11T12:42Z","2024-06-11T12:42Z","Illinois State Water Survey Central Analytical Laboratory",394.0,0.01020,5,"2024-06-13","B",,
"c0c7c106-c3d0-494e-88e9-3f373783143b","D02","POSE","POSE.AOS.S2","POSE.SS.20240611.FIL.2","A00000371070","2024-06-11T12:42Z","2024-06-11T12:42Z","Illinois State Water Survey Central Analytical Laboratory",346.0,0.02198,5,"2024-06-13","B",,
"4d1fcb11-132c-4b6e-862c-1067dc4f6cec","D02","POSE","POSE.AOS.S2","POSE.SS.20240611.FIL.3","A00000371071","2024-06-11T12:42Z","2024-06-11T12:42Z","Illinois State Water Survey Central Analytical Laboratory",548.0,0.00136,5,"2024-06-13","B",,
"c689b9b4-07ee-4be9-9c52-d78a7daf89a6","D02","POSE","POSE.AOS.S2","POSE.SS.20240611.FIL","A00000371069","2024-06-11T12:42Z","2024-06-11T12:42Z","Illinois State Water Survey Central Analytical Laboratory",488.0,0.00268,5,"2024-06-13","A",,
"b6f97810-5847-43a5-8b00-ebab00fa6f2c","D02","POSE","POSE.AOS.S2","POSE.SS.20240611.FIL","A00000371069","2024-06-11T12:42Z","2024-06-11T12:42Z","Illinois State Water Survey Central Analytical Laboratory",494.0,0.00246,5,"2024-06-13","A",,
"4de0b12f-994c-4152-86b6-bd81e269f113","D02","POSE","POSE.AOS.S2","POSE.SS.20240611.FIL","A00000371069","2024-06-11T12:42Z","2024-06-11T12:42Z","Illinois State Water Survey Central Analytical Laboratory",504.0,0.00224,5,"2024-06-13","B",,
"6122809e-04f1-4827-8b82-5d6e7fc0ef2a","D02","POSE","POSE.AOS.S2","POSE.SS.20240611.FIL.2","A00000371070","2024-06-11T12:42Z","2024-06-11T12:42Z","Illinois State Water Survey Central Analytical Laboratory",480.0,0.00300,5,"2024-06-13","B",,
"cf7d1141-bc00-4292-b8a2-9cdf0d980308","D02","POSE","POSE.AOS.S2","POSE.SS.20240611.FIL.3","A00000371071","2024-06-11T12:42Z","2024-06-11T12:42Z","Illinois State Water Survey Central Analytical Laboratory",548.0,0.00136,5,"2024-06-13","B",,
"711fb2bd-d006-43f6-90ab-de031625605a","D02","POSE","POSE.AOS.S2","POSE.SS.20240611.FIL.2","A00000371070","2024-06-11T12:42Z","2024-06-11T12:42Z","Illinois State Water Survey Central Analytical Laboratory",408.0,0.00820,5,"2024-06-13","B",,
"a62aa393-773a-43ee-85be-483d6282c8e8","D02","POSE","POSE.AOS.S2","POSE.SS.20240611.FIL","A00000371069","2024-06-11T12:42Z","2024-06-11T12:42Z","Illinois State Water Survey Central Analytical Laboratory",392.0,0.01054,5,"2024-06-13","A",,
"b5e04dbb-2872-4225-8a8e-f2b6a01202a4","D02","POSE","POSE.AOS.S2","POSE.SS.20240611.FIL.3","A00000371071","2024-06-11T12:42Z","2024-06-11T12:42Z","Illinois State Water Survey Central Analytical Laboratory",274.0,0.05744,5,"2024-06-13","B",,
"e806f601-b2b4-4162-9eb6-53e3ba665cf5","D02","POSE","POSE.AOS.S2","POSE.SS.20240611.FIL.2","A00000371070","2024-06-11T12:42Z","2024-06-11T12:42Z","Illinois State Water Survey Central Analytical Laboratory",362.0,0.01670,5,"2024-06-13","A",,
"02bb13f2-f162-48fb-a6d0-3665808e6f10","D02","POSE","POSE.AOS.S2","POSE.SS.20240611.FIL.3","A00000371071","2024-06-11T12:42Z","2024-06-11T12:42Z","Illinois State Water Survey Central Analytical Laboratory",238.0,0.08562,5,"2024-06-13","A",,
"27391e5a-6fa8-41eb-b6c8-8305c7fa4eb4","D02","POSE","POSE.AOS.S2","POSE.SS.20240611.FIL","A00000371069","2024-06-11T12:42Z","2024-06-11T12:42Z","Illinois State Water Survey Central Analytical Laboratory",494.0,0.00246,5,"2024-06-13","A",,
"d95f9bda-f0ac-4f0a-a07d-c513101a33d1","D02","POSE","POSE.AOS.S2","POSE.SS.20240611.FIL.2","A00000371070","2024-06-11T12:42Z","2024-06-11T12:42Z","Illinois State Water Survey Central Analytical Laboratory",552.0,0.00122,5,"2024-06-13","A",,
"75b6d823-ff43-4d63-a4d6-ad5d2e5edf1a","D02","POSE","POSE.AOS.S2","POSE.SS.20240611.FIL","A00000371069","2024-06-11T12:42Z","2024-06-11T12:42Z","Illinois State Water Survey Central Analytical Laboratory",322.0,0.03110,5,"2024-06-13","A",,
"edee3079-2b13-47aa-961e-58860f84bd96","D02","POSE","POSE.AOS.S2","POSE.SS.20240611.FIL.3","A00000371071","2024-06-11T12:42Z","2024-06-11T12:42Z","Illinois State Water Survey Central Analytical Laboratory",246.0,0.07534,5,"2024-06-13","B",,
"5de98da3-2dc3-4c00-8f67-618227824205","D02","POSE","POSE.AOS.S2","POSE.SS.20240611.FIL.3","A00000371071","2024-06-11T12:42Z","2024-06-11T12:42Z","Illinois State Water Survey Central Analytical Laboratory",258.0,0.06686,5,"2024-06-13","A",,
"90e25a44-4ded-4dc3-88f0-cb133cfce8d1","D02","POSE","POSE.AOS.S2","POSE.SS.20240611.FIL.3","A00000371071","2024-06-11T12:42Z","2024-06-11T12:42Z","Illinois State Water Survey Central Analytical Laboratory",586.0,0.00096,5,"2024-06-13","A",,
"666d2bc2-4036-470d-8fc4-172b935774c6","D02","POSE","POSE.AOS.S2","POSE.SS.20240611.FIL.2","A00000371070","2024-06-11T12:42Z","2024-06-11T12:42Z","Illinois State Water Survey Central Analytical Laboratory",266.0,0.06152,5,"2024-06-13","A",,
"9d72e392-fc83-4115-b0ad-db1ada9c4b19","D02","POSE","POSE.AOS.S2","POSE.SS.20240611.FIL","A00000371069","2024-06-11T12:42Z","2024-06-11T12:42Z","Illinois State Water Survey Central Analytical Laboratory",530.0,0.00160,5,"2024-06-13","A",,
"31c61b1f-a662-4945-b4c3-fe084f24b9a5","D02","POSE","POSE.AOS.S2","POSE.SS.20240611.FIL","A00000371069","2024-06-11T12:42Z","2024-06-11T12:42Z","Illinois State Water Survey Central Analytical Laboratory",502.0,0.00224,5,"2024-06-13","A",,
"57ac2f18-94d9-4085-8eee-0cf9fb9f3e16","D02","POSE","POSE.AOS.S2","POSE.SS.20240611.FIL.2","A00000371070","2024-06-11T12:42Z","2024-06-11T12:42Z","Illinois State Water Survey Central Analytical Laboratory",224.0,0.13788,5,"2024-06-13","B",,
"cf6bbdf1-ab13-4e70-af45-583b8fba5985","D02","POSE","POSE.AOS.S2","POSE.SS.20240611.FIL.3","A00000371071","2024-06-11T12:42Z","2024-06-11T12:42Z","Illinois State Water Survey Central Analytical Laboratory",440.0,0.00492,5,"2024-06-13","A",,
"34d0d872-9f64-486a-a96d-f5f649f1e99a","D02","POSE","POSE.AOS.S2","POSE.SS.20240611.FIL.2","A00000371070","2024-06-11T12:42Z","2024-06-11T12:42Z","Illinois State Water Survey Central Analytical Laboratory",542.0,0.00156,5,"2024-06-13","B",,
"505de2d1-1933-4726-9cbf-378b07bcfe6a","D02","POSE","POSE.AOS.S2","POSE.SS.20240611.FIL.2","A00000371070","2024-06-11T12:42Z","2024-06-11T12:42Z","Illinois State Water Survey Central Analytical Laboratory",276.0,0.05546,5,"2024-06-13","A",,
"908f8f43-bcf6-453e-9d61-0420732b8318","D02","POSE","POSE.AOS.S2","POSE.SS.20240611.FIL.2","A00000371070","2024-06-11T12:42Z","2024-06-11T12:42Z","Illinois State Water Survey Central Analytical Laboratory",558.0,0.00116,5,"2024-06-13","A",,
"b0b41c2e-0845-4dd9-a01a-dd6ab612ceb3","D02","POSE","POSE.AOS.S2","POSE.SS.20240611.FIL.3","A00000371071","2024-06-11T12:42Z","2024-06-11T12:42Z","Illinois State Water Survey Central Analytical Laboratory",334.0,0.02588,5,"2024-06-13","B",,
"21fa463a-ce50-4b14-acb6-0f92cd021154","D02","POSE","POSE.AOS.S2","POSE.SS.20240611.FIL","A00000371069","2024-06-11T12:42Z","2024-06-11T12:42Z","Illinois State Water Survey Central Analytical Laboratory",258.0,0.06756,5,"2024-06-13","A",,
"63051f3c-479c-4c5c-9b5e-88c519da37c2","D02","POSE","POSE.AOS.S2","POSE.SS.20240611.FIL.2","A00000371070","2024-06-11T12:42Z","2024-06-11T12:42Z","Illinois State Water Survey Central Analytical Laboratory",398.0,0.00926,5,"2024-06-13","A",,
"aceb186f-422d-4977-a377-5264c9642c58","D02","POSE","POSE.AOS.S2","POSE.SS.20240611.FIL","A00000371069","2024-06-11T12:42Z","2024-06-11T12:42Z","Illinois State Water Survey Central Analytical Laboratory",268.0,0.06172,5,"2024-06-13","A",,
"981e1f13-b71a-4757-8a85-ca06f1f41ff6","D02","POSE","POSE.AOS.S2","POSE.SS.20240611.FIL.2","A00000371070","2024-06-11T12:42Z","2024-06-11T12:42Z","Illinois State Water Survey Central Analytical Laboratory",540.0,0.00136,5,"2024-06-13","A",,
"972d10e3-f221-46c5-83f8-20f9fa3b7e01","D02","POSE","POSE.AOS.S2","POSE.SS.20240611.FIL","A00000371069","2024-06-11T12:42Z","2024-06-11T12:42Z","Illinois State Water Survey Central Analytical Laboratory",486.0,0.00272,5,"2024-06-13","A",,
"c72d6c4e-c1cb-4375-910b-16941a990084","D02","POSE","POSE.AOS.S2","POSE.SS.20240611.FIL","A00000371069","2024-06-11T12:42Z","2024-06-11T12:42Z","Illinois State Water Survey Central Analytical Laboratory",512.0,0.00198,5,"2024-06-13","B",,
"f219d159-0748-4885-9e86-21a51623e433","D02","POSE","POSE.AOS.S2","POSE.SS.20240611.FIL.2","A00000371070","2024-06-11T12:42Z","2024-06-11T12:42Z","Illinois State Water Survey Central Analytical Laboratory",226.0,0.12342,5,"2024-06-13","A",,
"2c711816-b607-4cec-99f2-5d179cd65180","D02","POSE","POSE.AOS.S2","POSE.SS.20240611.FIL.3","A00000371071","2024-06-11T12:42Z","2024-06-11T12:42Z","Illinois State Water Survey Central Analytical Laboratory",468.0,0.00328,5,"2024-06-13","A",,
"f04c41a7-27a5-4be7-b1db-087aeb815563","D02","POSE","POSE.AOS.S2","POSE.SS.20240611.FIL.2","A00000371070","2024-06-11T12:42Z","2024-06-11T12:42Z","Illinois State Water Survey Central Analytical Laboratory",276.0,0.05650,5,"2024-06-13","B",,
"2084f7ff-ee1d-46b5-90e3-cbba9b1cc68b","D02","POSE","POSE.AOS.S2","POSE.SS.20240611.FIL.2","A00000371070","2024-06-11T12:42Z","2024-06-11T12:42Z","Illinois State Water Survey Central Analytical Laboratory",290.0,0.04752,5,"2024-06-13","B",,
"cb23bf3b-3289-4fe9-a1af-26d3bb471bf4","D02","POSE","POSE.AOS.S2","POSE.SS.20240611.FIL.2","A00000371070","2024-06-11T12:42Z","2024-06-11T12:42Z","Illinois State Water Survey Central Analytical Laboratory",238.0,0.08614,5,"2024-06-13","B",,
"24f23ae8-1ed9-4e2a-9b3e-51e6c75fddcd","D02","POSE","POSE.AOS.S2","POSE.SS.20240611.FIL.2","A00000371070","2024-06-11T12:42Z","2024-06-11T12:42Z","Illinois State Water Survey Central Analytical Laboratory",256.0,0.06864,5,"2024-06-13","B",,
"1e0b5a93-8779-47ea-83ec-fe817feb592a","D02","POSE","POSE.AOS.S2","POSE.SS.20240611.FIL.3","A00000371071","2024-06-11T12:42Z","2024-06-11T12:42Z","Illinois State Water Survey Central Analytical Laboratory",244.0,0.07764,5,"2024-06-13","B",,
"d68cc0e9-e010-4afd-9eb1-8629f12993d6","D02","POSE","POSE.AOS.S2","POSE.SS.20240611.FIL.3","A00000371071","2024-06-11T12:42Z","2024-06-11T12:42Z","Illinois State Water Survey Central Analytical Laboratory",402.0,0.00882,5,"2024-06-13","A",,
"7e5bcba1-6b22-4059-8a80-72788c7e3da7","D02","POSE","POSE.AOS.S2","POSE.SS.20240611.FIL","A00000371069","2024-06-11T12:42Z","2024-06-11T12:42Z","Illinois State Water Survey Central Analytical Laboratory",498.0,0.00242,5,"2024-06-13","B",,
"162ba5c3-8eee-4076-97ef-dd39077d9c95","D02","POSE","POSE.AOS.S2","POSE.SS.20240611.FIL","A00000371069","2024-06-11T12:42Z","2024-06-11T12:42Z","Illinois State Water Survey Central Analytical Laboratory",328.0,0.02858,5,"2024-06-13","A",,
"1d338ac1-dab2-4348-8959-f253c291c1c7","D02","POSE","POSE.AOS.S2","POSE.SS.20240611.FIL.2","A00000371070","2024-06-11T12:42Z","2024-06-11T12:42Z","Illinois State Water Survey Central Analytical Laboratory",518.0,0.00178,5,"2024-06-13","A",,
"69e6cca0-be76-415d-b272-38f260c7f5c4","D02","POSE","POSE.AOS.S2","POSE.SS.20240611.FIL.2","A00000371070","2024-06-11T12:42Z","2024-06-11T12:42Z","Illinois State Water Survey Central Analytical Laboratory",520.0,0.00168,5,"2024-06-13","A",,
"66861904-5829-48ce-83bf-37f7a6d65cea","D02","POSE","POSE.AOS.S2","POSE.SS.20240611.FIL.2","A00000371070","2024-06-11T12:42Z","2024-06-11T12:42Z","Illinois State Water Survey Central Analytical Laboratory",560.0,0.00116,5,"2024-06-13","A",,
"4427d482-6395-4ad2-8d95-cf6cbc491484","D02","POSE","POSE.AOS.S2","POSE.SS.20240611.FIL.2","A00000371070","2024-06-11T12:42Z","2024-06-11T12:42Z","Illinois State Water Survey Central Analytical Laboratory",274.0,0.05780,5,"2024-06-13","B",,
"a4d6218b-9676-4f62-9a6b-118373e302f1","D02","POSE","POSE.AOS.S2","POSE.SS.20240611.FIL.3","A00000371071","2024-06-11T12:42Z","2024-06-11T12:42Z","Illinois State Water Survey Central Analytical Laboratory",306.0,0.03814,5,"2024-06-13","B",,
"2a0abbfa-7099-4495-bace-cb6d2139776e","D02","POSE","POSE.AOS.S2","POSE.SS.20240611.FIL","A00000371069","2024-06-11T12:42Z","2024-06-11T12:42Z","Illinois State Water Survey Central Analytical Laboratory",302.0,0.04068,5,"2024-06-13","A",,
"fdb7fd00-d92d-4b8e-b6a3-a191c72beb72","D02","POSE","POSE.AOS.S2","POSE.SS.20240611.FIL","A00000371069","2024-06-11T12:42Z","2024-06-11T12:42Z","Illinois State Water Survey Central Analytical Laboratory",266.0,0.06284,5,"2024-06-13","A",,
"0859a2a2-e745-4f7e-9d34-e31723004965","D02","POSE","POSE.AOS.S2","POSE.SS.20240611.FIL","A00000371069","2024-06-11T12:42Z","2024-06-11T12:42Z","Illinois State Water Survey Central Analytical Laboratory",300.0,0.04176,5,"2024-06-13","A",,
"dd1cb1ba-a960-41ac-84f2-23e373545e82","D02","POSE","POSE.AOS.S2","POSE.SS.20240611.FIL","A00000371069","2024-06-11T12:42Z","2024-06-11T12:42Z","Illinois State Water Survey Central Analytical Laboratory",464.0,0.00360,5,"2024-06-13","B",,
"1bc06d36-2eed-44d6-a69a-6c922274d02e","D02","POSE","POSE.AOS.S2","POSE.SS.20240611.FIL.2","A00000371070","2024-06-11T12:42Z","2024-06-11T12:42Z","Illinois State Water Survey Central Analytical Laboratory",386.0,0.01158,5,"2024-06-13","B",,
"6941519f-a847-427b-9002-251f9894dfcd","D02","POSE","POSE.AOS.S2","POSE.SS.20240611.FIL.3","A00000371071","2024-06-11T12:42Z","2024-06-11T12:42Z","Illinois State Water Survey Central Analytical Laboratory",438.0,0.00506,5,"2024-06-13","A",,
"2a076044-2221-4d17-985c-1dd308b625ca","D02","POSE","POSE.AOS.S2","POSE.SS.20240611.FIL.3","A00000371071","2024-06-11T12:42Z","2024-06-11T12:42Z","Illinois State Water Survey Central Analytical Laboratory",464.0,0.00348,5,"2024-06-13","B",,
"dabcd614-b2ee-4b45-8026-72b2b4b0a82c","D02","POSE","POSE.AOS.S2","POSE.SS.20240611.FIL.3","A00000371071","2024-06-11T12:42Z","2024-06-11T12:42Z","Illinois State Water Survey Central Analytical Laboratory",324.0,0.02986,5,"2024-06-13","B",,
"1146ca4c-fa52-4c3d-92cb-cfb3563014ea","D02","POSE","POSE.AOS.S2","POSE.SS.20240611.FIL","A00000371069","2024-06-11T12:42Z","2024-06-11T12:42Z","Illinois State Water Survey Central Analytical Laboratory",294.0,0.04528,5,"2024-06-13","B",,
"0dbb6b6e-3817-4817-b101-5d5f95cff72e","D02","POSE","POSE.AOS.S2","POSE.SS.20240611.FIL","A00000371069","2024-06-11T12:42Z","2024-06-11T12:42Z","Illinois State Water Survey Central Analytical Laboratory",286.0,0.05046,5,"2024-06-13","B",,
"ed374b6d-7ab5-482a-8aba-36216e764836","D02","POSE","POSE.AOS.S2","POSE.SS.20240611.FIL.3","A00000371071","2024-06-11T12:42Z","2024-06-11T12:42Z","Illinois State Water Survey Central Analytical Laboratory",382.0,0.01214,5,"2024-06-13","A",,
"c1659dd3-226a-4226-9644-aa0cacbe382c","D02","POSE","POSE.AOS.S2","POSE.SS.20240611.FIL.2","A00000371070","2024-06-11T12:42Z","2024-06-11T12:42Z","Illinois State Water Survey Central Analytical Laboratory",400.0,0.00932,5,"2024-06-13","B",,
"8b561e57-d332-415f-8046-f1b29c7a795b","D02","POSE","POSE.AOS.S2","POSE.SS.20240611.FIL.3","A00000371071","2024-06-11T12:42Z","2024-06-11T12:42Z","Illinois State Water Survey Central Analytical Laboratory",234.0,0.09422,5,"2024-06-13","B",,
"c3794ae7-bf79-4905-9cc6-d004f474f442","D02","POSE","POSE.AOS.S2","POSE.SS.20240611.FIL","A00000371069","2024-06-11T12:42Z","2024-06-11T12:42Z","Illinois State Water Survey Central Analytical Laboratory",550.0,0.00138,5,"2024-06-13","B",,
"97e42544-8786-48f2-9109-180d49b9fac0","D02","POSE","POSE.AOS.S2","POSE.SS.20240611.FIL.3","A00000371071","2024-06-11T12:42Z","2024-06-11T12:42Z","Illinois State Water Survey Central Analytical Laboratory",586.0,0.00102,5,"2024-06-13","B",,
"502d22ad-7897-4034-a11e-d11986d4b5e9","D02","POSE","POSE.AOS.S2","POSE.SS.20240611.FIL","A00000371069","2024-06-11T12:42Z","2024-06-11T12:42Z","Illinois State Water Survey Central Analytical Laboratory",352.0,0.02010,5,"2024-06-13","A",,
"b97470b5-18aa-4951-8f73-98ade57faefc","D02","POSE","POSE.AOS.S2","POSE.SS.20240611.FIL.3","A00000371071","2024-06-11T12:42Z","2024-06-11T12:42Z","Illinois State Water Survey Central Analytical Laboratory",384.0,0.01176,5,"2024-06-13","A",,
"c47ea079-2edb-4073-b23d-e4eca371fab3","D02","POSE","POSE.AOS.S2","POSE.SS.20240611.FIL.2","A00000371070","2024-06-11T12:42Z","2024-06-11T12:42Z","Illinois State Water Survey Central Analytical Laboratory",582.0,0.00102,5,"2024-06-13","B",,
"d05e4799-9518-4192-bb07-7e530c08306b","D02","POSE","POSE.AOS.S2","POSE.SS.20240611.FIL","A00000371069","2024-06-11T12:42Z","2024-06-11T12:42Z","Illinois State Water Survey Central Analytical Laboratory",408.0,0.00818,5,"2024-06-13","A",,
"034f7ebf-da5c-48c2-b3fd-6abb8f55c495","D02","POSE","POSE.AOS.S2","POSE.SS.20240611.FIL.2","A00000371070","2024-06-11T12:42Z","2024-06-11T12:42Z","Illinois State Water Survey Central Analytical Laboratory",462.0,0.00366,5,"2024-06-13","B",,
"9cc8e149-ebfb-42da-b7bc-ebb411041f49","D02","POSE","POSE.AOS.S2","POSE.SS.20240611.FIL.2","A00000371070","2024-06-11T12:42Z","2024-06-11T12:42Z","Illinois State Water Survey Central Analytical Laboratory",410.0,0.00796,5,"2024-06-13","B",,
"30d7c577-9c06-410f-8e13-b5a3b89d957c","D02","POSE","POSE.AOS.S2","POSE.SS.20240611.FIL.3","A00000371071","2024-06-11T12:42Z","2024-06-11T12:42Z","Illinois State Water Survey Central Analytical Laboratory",468.0,0.00330,5,"2024-06-13","B",,
"213be323-8acc-4a1f-87f5-43084c7c1758","D02","POSE","POSE.AOS.S2","POSE.SS.20240611.FIL","A00000371069","2024-06-11T12:42Z","2024-06-11T12:42Z","Illinois State Water Survey Central Analytical Laboratory",258.0,0.06756,5,"2024-06-13","A",,
"bfa6ac19-a774-410a-bf74-13dc5eca6408","D02","POSE","POSE.AOS.S2","POSE.SS.20240611.FIL","A00000371069","2024-06-11T12:42Z","2024-06-11T12:42Z","Illinois State Water Survey Central Analytical Laboratory",380.0,0.01294,5,"2024-06-13","B",,
"82488dde-4607-4862-a8b7-5cc8c36233ba","D02","POSE","POSE.AOS.S2","POSE.SS.20240611.FIL","A00000371069","2024-06-11T12:42Z","2024-06-11T12:42Z","Illinois State Water Survey Central Analytical Laboratory",408.0,0.00826,5,"2024-06-13","B",,
"68cf1e1c-d08f-42c1-bb3b-e79635dc16ad","D02","POSE","POSE.AOS.S2","POSE.SS.20240611.FIL","A00000371069","2024-06-11T12:42Z","2024-06-11T12:42Z","Illinois State Water Survey Central Analytical Laboratory",246.0,0.07594,5,"2024-06-13","A",,
"7ea7fab6-2f36-48d2-881f-3a2a829a577a","D02","POSE","POSE.AOS.S2","POSE.SS.20240611.FIL.2","A00000371070","2024-06-11T12:42Z","2024-06-11T12:42Z","Illinois State Water Survey Central Analytical Laboratory",388.0,0.01126,5,"2024-06-13","B",,
"bcf6686c-78a9-4134-bba1-ac7ea8788d49","D02","POSE","POSE.AOS.S2","POSE.SS.20240611.FIL.2","A00000371070","2024-06-11T12:42Z","2024-06-11T12:42Z","Illinois State Water Survey Central Analytical Laboratory",464.0,0.00360,5,"2024-06-13","B",,
"1e3f3960-f62a-458e-84e5-fefa725d299e","D02","POSE","POSE.AOS.S2","POSE.SS.20240611.FIL.3","A00000371071","2024-06-11T12:42Z","2024-06-11T12:42Z","Illinois State Water Survey Central Analytical Laboratory",544.0,0.00138,5,"2024-06-13","B",,
"0d69f281-1a8d-49a0-be0a-806a1bbd1115","D02","POSE","POSE.AOS.S2","POSE.SS.20240611.FIL.2","A00000371070","2024-06-11T12:42Z","2024-06-11T12:42Z","Illinois State Water Survey Central Analytical Laboratory",306.0,0.03844,5,"2024-06-13","B",,
"167c8d25-5775-4241-9ef2-874afa790c19","D02","POSE","POSE.AOS.S2","POSE.SS.20240611.FIL","A00000371069","2024-06-11T12:42Z","2024-06-11T12:42Z","Illinois State Water Survey Central Analytical Laboratory",254.0,0.07028,5,"2024-06-13","B",,
"4c737892-bdd7-4909-ba35-a2e611425400","D02","POSE","POSE.AOS.S2","POSE.SS.20240611.FIL.2","A00000371070","2024-06-11T12:42Z","2024-06-11T12:42Z","Illinois State Water Survey Central Analytical Laboratory",412.0,0.00770,5,"2024-06-13","B",,
"3d8e2356-88fb-43d1-abb9-ef2c2c46e8c3","D02","POSE","POSE.AOS.S2","POSE.SS.20240611.FIL","A00000371069","2024-06-11T12:42Z","2024-06-11T12:42Z","Illinois State Water Survey Central Analytical Laboratory",434.0,0.00558,5,"2024-06-13","B",,
"4b89f25d-352d-49e0-9bf4-41e312039f44","D02","POSE","POSE.AOS.S2","POSE.SS.20240611.FIL","A00000371069","2024-06-11T12:42Z","2024-06-11T12:42Z","Illinois State Water Survey Central Analytical Laboratory",374.0,0.01418,5,"2024-06-13","A",,
"7927fcd1-1d16-45c0-bd77-22937ab868a0","D02","POSE","POSE.AOS.S2","POSE.SS.20240611.FIL.3","A00000371071","2024-06-11T12:42Z","2024-06-11T12:42Z","Illinois State Water Survey Central Analytical Laboratory",456.0,0.00386,5,"2024-06-13","B",,
"ead0e02d-8596-4131-bc09-dc4a8b619510","D02","POSE","POSE.AOS.S2","POSE.SS.20240611.FIL.3","A00000371071","2024-06-11T12:42Z","2024-06-11T12:42Z","Illinois State Water Survey Central Analytical Laboratory",230.0,0.10746,5,"2024-06-13","B",,
"22ab9e6f-7968-4b91-8213-8d26297fe419","D02","POSE","POSE.AOS.S2","POSE.SS.20240611.FIL","A00000371069","2024-06-11T12:42Z","2024-06-11T12:42Z","Illinois State Water Survey Central Analytical Laboratory",370.0,0.01518,5,"2024-06-13","A",,
"d1a9baaf-b260-4d49-9c79-81fdfbdbe51b","D02","POSE","POSE.AOS.S2","POSE.SS.20240611.FIL","A00000371069","2024-06-11T12:42Z","2024-06-11T12:42Z","Illinois State Water Survey Central Analytical Laboratory",436.0,0.00542,5,"2024-06-13","B",,
"62216b45-5062-4f8f-892e-3fa02aa138fc","D02","POSE","POSE.AOS.S2","POSE.SS.20240611.FIL.2","A00000371070","2024-06-11T12:42Z","2024-06-11T12:42Z","Illinois State Water Survey Central Analytical Laboratory",556.0,0.00114,5,"2024-06-13","A",,
"53a5e0e8-8848-461e-ba7f-0c9e7e3a1044","D02","POSE","POSE.AOS.S2","POSE.SS.20240611.FIL.2","A00000371070","2024-06-11T12:42Z","2024-06-11T12:42Z","Illinois State Water Survey Central Analytical Laboratory",554.0,0.00138,5,"2024-06-13","B",,
"1b9facfc-beb4-4c10-ac16-a280ce457fb1","D02","POSE","POSE.AOS.S2","POSE.SS.20240611.FIL.3","A00000371071","2024-06-11T12:42Z","2024-06-11T12:42Z","Illinois State Water Survey Central Analytical Laboratory",484.0,0.00274,5,"2024-06-13","B",,
"e61cb19c-8c05-4e6c-8228-99bb475d5dfe","D02","POSE","POSE.AOS.S2","POSE.SS.20240611.FIL","A00000371069","2024-06-11T12:42Z","2024-06-11T12:42Z","Illinois State Water Survey Central Analytical Laboratory",508.0,0.00214,5,"2024-06-13","A",,
"3a70e45d-1c84-4405-8c3a-2f42a2abaef9","D02","POSE","POSE.AOS.S2","POSE.SS.20240611.FIL.3","A00000371071","2024-06-11T12:42Z","2024-06-11T12:42Z","Illinois State Water Survey Central Analytical Laboratory",574.0,0.00108,5,"2024-06-13","A",,
"8781566f-e913-4fc6-a0cc-1d0db78d77af","D02","POSE","POSE.AOS.S2","POSE.SS.20240611.FIL","A00000371069","2024-06-11T12:42Z","2024-06-11T12:42Z","Illinois State Water Survey Central Analytical Laboratory",500.0,0.00232,5,"2024-06-13","B",,
"f52bf3a4-93da-406b-b284-145d55158481","D02","POSE","POSE.AOS.S2","POSE.SS.20240611.FIL","A00000371069","2024-06-11T12:42Z","2024-06-11T12:42Z","Illinois State Water Survey Central Analytical Laboratory",480.0,0.00296,5,"2024-06-13","A",,
"2c929168-3852-4ac8-b832-cc445529b093","D02","POSE","POSE.AOS.S2","POSE.SS.20240611.FIL","A00000371069","2024-06-11T12:42Z","2024-06-11T12:42Z","Illinois State Water Survey Central Analytical Laboratory",354.0,0.01952,5,"2024-06-13","A",,
"e5977fd5-f978-4b97-a993-e250b23e8ec9","D02","POSE","POSE.AOS.S2","POSE.SS.20240611.FIL.3","A00000371071","2024-06-11T12:42Z","2024-06-11T12:42Z","Illinois State Water Survey Central Analytical Laboratory",294.0,0.04466,5,"2024-06-13","B",,
"6e77fe70-0656-400e-a9bc-e376b42df1dc","D02","POSE","POSE.AOS.S2","POSE.SS.20240611.FIL.3","A00000371071","2024-06-11T12:42Z","2024-06-11T12:42Z","Illinois State Water Survey Central Analytical Laboratory",412.0,0.00750,5,"2024-06-13","B",,
"c84178e1-ffec-4de1-b793-5cc595be23b3","D02","POSE","POSE.AOS.S2","POSE.SS.20240611.FIL","A00000371069","2024-06-11T12:42Z","2024-06-11T12:42Z","Illinois State Water Survey Central Analytical Laboratory",292.0,0.04662,5,"2024-06-13","B",,
"fa070cbe-3e85-4f86-9115-f63993e05c40","D02","POSE","POSE.AOS.S2","POSE.SS.20240611.FIL.2","A00000371070","2024-06-11T12:42Z","2024-06-11T12:42Z","Illinois State Water Survey Central Analytical Laboratory",462.0,0.00344,5,"2024-06-13","A",,
"edb6b7eb-b673-487e-842d-4f674ace07c2","D02","POSE","POSE.AOS.S2","POSE.SS.20240611.FIL.3","A00000371071","2024-06-11T12:42Z","2024-06-11T12:42Z","Illinois State Water Survey Central Analytical Laboratory",508.0,0.00208,5,"2024-06-13","B",,
"f7b601c2-bac0-45b9-8d98-7ed09b3b5e1f","D02","POSE","POSE.AOS.S2","POSE.SS.20240611.FIL","A00000371069","2024-06-11T12:42Z","2024-06-11T12:42Z","Illinois State Water Survey Central Analytical Laboratory",588.0,0.00094,5,"2024-06-13","B",,
"137f70b9-419f-4301-be08-6fbe834ab29d","D02","POSE","POSE.AOS.S2","POSE.SS.20240611.FIL.2","A00000371070","2024-06-11T12:42Z","2024-06-11T12:42Z","Illinois State Water Survey Central Analytical Laboratory",598.0,0.00092,5,"2024-06-13","B",,
"97086713-9ae5-4055-93ff-08cd3ab17fd3","D02","POSE","POSE.AOS.S2","POSE.SS.20240611.FIL.2","A00000371070","2024-06-11T12:42Z","2024-06-11T12:42Z","Illinois State Water Survey Central Analytical Laboratory",588.0,0.00100,5,"2024-06-13","B",,
"d02e4052-58f6-4971-bf0c-1dda2488d21d","D02","POSE","POSE.AOS.S2","POSE.SS.20240611.FIL.3","A00000371071","2024-06-11T12:42Z","2024-06-11T12:42Z","Illinois State Water Survey Central Analytical Laboratory",360.0,0.01742,5,"2024-06-13","A",,
"b95082b6-c870-4647-914f-2eef688a4489","D02","POSE","POSE.AOS.S2","POSE.SS.20240611.FIL","A00000371069","2024-06-11T12:42Z","2024-06-11T12:42Z","Illinois State Water Survey Central Analytical Laboratory",244.0,0.07826,5,"2024-06-13","A",,
"7fce44ef-8543-48dc-90f6-44233d78c42e","D02","POSE","POSE.AOS.S2","POSE.SS.20240611.FIL","A00000371069","2024-06-11T12:42Z","2024-06-11T12:42Z","Illinois State Water Survey Central Analytical Laboratory",546.0,0.00134,5,"2024-06-13","A",,
"14a78b33-7431-4f29-bea1-0532cde2d7f6","D02","POSE","POSE.AOS.S2","POSE.SS.20240611.FIL","A00000371069","2024-06-11T12:42Z","2024-06-11T12:42Z","Illinois State Water Survey Central Analytical Laboratory",344.0,0.02266,5,"2024-06-13","A",,
"2662a2fc-3f7a-4cb8-b27d-67b1179eb8f6","D02","POSE","POSE.AOS.S2","POSE.SS.20240611.FIL","A00000371069","2024-06-11T12:42Z","2024-06-11T12:42Z","Illinois State Water Survey Central Analytical Laboratory",532.0,0.00166,5,"2024-06-13","B",,
"8e990163-f9e1-4e2d-9df6-86abb5adf323","D02","POSE","POSE.AOS.S2","POSE.SS.20240611.FIL","A00000371069","2024-06-11T12:42Z","2024-06-11T12:42Z","Illinois State Water Survey Central Analytical Laboratory",280.0,0.05432,5,"2024-06-13","B",,
"e4d4041b-c27e-489d-bf9a-c67277bbdd91","D02","POSE","POSE.AOS.S2","POSE.SS.20240611.FIL.3","A00000371071","2024-06-11T12:42Z","2024-06-11T12:42Z","Illinois State Water Survey Central Analytical Laboratory",300.0,0.04122,5,"2024-06-13","A",,
"a720fbda-6a38-4b10-9164-ba193f00bb22","D02","POSE","POSE.AOS.S2","POSE.SS.20240611.FIL.2","A00000371070","2024-06-11T12:42Z","2024-06-11T12:42Z","Illinois State Water Survey Central Analytical Laboratory",418.0,0.00670,5,"2024-06-13","A",,
"a0e835f1-706b-479c-8eb1-95f4b7b36ade","D02","POSE","POSE.AOS.S2","POSE.SS.20240611.FIL","A00000371069","2024-06-11T12:42Z","2024-06-11T12:42Z","Illinois State Water Survey Central Analytical Laboratory",516.0,0.00192,5,"2024-06-13","A",,
"66609e55-4f52-41b5-ba55-76dcc26efbd4","D02","POSE","POSE.AOS.S2","POSE.SS.20240611.FIL","A00000371069","2024-06-11T12:42Z","2024-06-11T12:42Z","Illinois State Water Survey Central Analytical Laboratory",422.0,0.00660,5,"2024-06-13","A",,
"d6950245-001b-4e08-86fc-cafbbd60d159","D02","POSE","POSE.AOS.S2","POSE.SS.20240611.FIL.2","A00000371070","2024-06-11T12:42Z","2024-06-11T12:42Z","Illinois State Water Survey Central Analytical Laboratory",384.0,0.01200,5,"2024-06-13","B",,
"7efa5260-4e6e-4051-8f0e-acc50850123c","D02","POSE","POSE.AOS.S2","POSE.SS.20240611.FIL.3","A00000371071","2024-06-11T12:42Z","2024-06-11T12:42Z","Illinois State Water Survey Central Analytical Laboratory",278.0,0.05484,5,"2024-06-13","A",,
"db1fa3f8-013e-4b82-ae98-de8b26474c26","D02","POSE","POSE.AOS.S2","POSE.SS.20240611.FIL","A00000371069","2024-06-11T12:42Z","2024-06-11T12:42Z","Illinois State Water Survey Central Analytical Laboratory",362.0,0.01730,5,"2024-06-13","B",,
"72b706c5-35b4-499c-9803-0c2a49054eb1","D02","POSE","POSE.AOS.S2","POSE.SS.20240611.FIL","A00000371069","2024-06-11T12:42Z","2024-06-11T12:42Z","Illinois State Water Survey Central Analytical Laboratory",414.0,0.00740,5,"2024-06-13","A",,
"da04e410-d784-43d6-b3fd-00ac4123604f","D02","POSE","POSE.AOS.S2","POSE.SS.20240611.FIL.2","A00000371070","2024-06-11T12:42Z","2024-06-11T12:42Z","Illinois State Water Survey Central Analytical Laboratory",454.0,0.00412,5,"2024-06-13","B",,
"04c0b21e-3896-43cf-a29a-c2bbfb749df9","D02","POSE","POSE.AOS.S2","POSE.SS.20240611.FIL.3","A00000371071","2024-06-11T12:42Z","2024-06-11T12:42Z","Illinois State Water Survey Central Analytical Laboratory",260.0,0.06584,5,"2024-06-13","B",,
"626da07c-07e2-453e-af83-63cb264a8b10","D02","POSE","POSE.AOS.S2","POSE.SS.20240611.FIL.3","A00000371071","2024-06-11T12:42Z","2024-06-11T12:42Z","Illinois State Water Survey Central Analytical Laboratory",466.0,0.00336,5,"2024-06-13","A",,
"06288b2e-a80e-48a3-8c4b-f7833bf42585","D02","POSE","POSE.AOS.S2","POSE.SS.20240611.FIL.2","A00000371070","2024-06-11T12:42Z","2024-06-11T12:42Z","Illinois State Water Survey Central Analytical Laboratory",268.0,0.06154,5,"2024-06-13","B",,
"9329bbdb-3b2a-46fe-b6d4-88e191d0d642","D02","POSE","POSE.AOS.S2","POSE.SS.20240611.FIL","A00000371069","2024-06-11T12:42Z","2024-06-11T12:42Z","Illinois State Water Survey Central Analytical Laboratory",402.0,0.00906,5,"2024-06-13","A",,
"6f8317b7-a8af-4cf9-bcf6-bcf9856f2288","D02","POSE","POSE.AOS.S2","POSE.SS.20240611.FIL.3","A00000371071","2024-06-11T12:42Z","2024-06-11T12:42Z","Illinois State Water Survey Central Analytical Laboratory",542.0,0.00146,5,"2024-06-13","B",,
"d6d5664f-013d-4d5d-94ff-eab2c2901fdb","D02","POSE","POSE.AOS.S2","POSE.SS.20240611.FIL.2","A00000371070","2024-06-11T12:42Z","2024-06-11T12:42Z","Illinois State Water Survey Central Analytical Laboratory",370.0,0.01472,5,"2024-06-13","A",,
"f58fdae7-7cd9-494d-8423-6b612175145b","D02","POSE","POSE.AOS.S2","POSE.SS.20240611.FIL.3","A00000371071","2024-06-11T12:42Z","2024-06-11T12:42Z","Illinois State Water Survey Central Analytical Laboratory",358.0,0.01802,5,"2024-06-13","B",,
"d81976a5-08c1-4f6a-b654-42a4a7f43653","D02","POSE","POSE.AOS.S2","POSE.SS.20240611.FIL.3","A00000371071","2024-06-11T12:42Z","2024-06-11T12:42Z","Illinois State Water Survey Central Analytical Laboratory",222.0,0.15204,5,"2024-06-13","A",,
"5a0a8443-b4b5-4fbc-9295-6a8c8caf5e45","D02","POSE","POSE.AOS.S2","POSE.SS.20240611.FIL.2","A00000371070","2024-06-11T12:42Z","2024-06-11T12:42Z","Illinois State Water Survey Central Analytical Laboratory",548.0,0.00146,5,"2024-06-13","B",,
"c1e1d214-93b3-4967-8516-a35ee0604479","D02","POSE","POSE.AOS.S2","POSE.SS.20240611.FIL.2","A00000371070","2024-06-11T12:42Z","2024-06-11T12:42Z","Illinois State Water Survey Central Analytical Laboratory",554.0,0.00116,5,"2024-06-13","A",,
"b38127f6-b94b-49ef-96c2-ae03fcfb125e","D02","POSE","POSE.AOS.S2","POSE.SS.20240611.FIL","A00000371069","2024-06-11T12:42Z","2024-06-11T12:42Z","Illinois State Water Survey Central Analytical Laboratory",452.0,0.00422,5,"2024-06-13","A",,
"ced90e48-6637-4483-9b0c-99a68f817839","D02","POSE","POSE.AOS.S2","POSE.SS.20240611.FIL.2","A00000371070","2024-06-11T12:42Z","2024-06-11T12:42Z","Illinois State Water Survey Central Analytical Laboratory",512.0,0.00188,5,"2024-06-13","A",,
"473e8a81-2648-4910-a2f1-341347a63fe0","D02","POSE","POSE.AOS.S2","POSE.SS.20240611.FIL.2","A00000371070","2024-06-11T12:42Z","2024-06-11T12:42Z","Illinois State Water Survey Central Analytical Laboratory",248.0,0.07278,5,"2024-06-13","A",,
"bcf2bf28-aeb6-4b1e-9ad1-53c83a11a33f","D02","POSE","POSE.AOS.S2","POSE.SS.20240611.FIL","A00000371069","2024-06-11T12:42Z","2024-06-11T12:42Z","Illinois State Water Survey Central Analytical Laboratory",588.0,0.00084,5,"2024-06-13","A",,
"676bc12d-d4bb-4d5b-bae1-f47203c2dc7f","D02","POSE","POSE.AOS.S2","POSE.SS.20240611.FIL","A00000371069","2024-06-11T12:42Z","2024-06-11T12:42Z","Illinois State Water Survey Central Analytical Laboratory",394.0,0.01028,5,"2024-06-13","B",,
"f6715e85-c074-410d-85fc-697d754da232","D02","POSE","POSE.AOS.S2","POSE.SS.20240611.FIL.2","A00000371070","2024-06-11T12:42Z","2024-06-11T12:42Z","Illinois State Water Survey Central Analytical Laboratory",600.0,0.00082,5,"2024-06-13","A",,
"107e00ce-d0f8-4849-914f-a5c8228a5c22","D02","POSE","POSE.AOS.S2","POSE.SS.20240611.FIL.2","A00000371070","2024-06-11T12:42Z","2024-06-11T12:42Z","Illinois State Water Survey Central Analytical Laboratory",586.0,0.00108,5,"2024-06-13","B",,
"b36b7172-f4a0-4515-8046-8d370b7742d4","D02","POSE","POSE.AOS.S2","POSE.SS.20240611.FIL.2","A00000371070","2024-06-11T12:42Z","2024-06-11T12:42Z","Illinois State Water Survey Central Analytical Laboratory",520.0,0.00190,5,"2024-06-13","B",,
"52fe17c8-be5d-4c88-b96c-57d053d1116f","D02","POSE","POSE.AOS.S2","POSE.SS.20240611.FIL.2","A00000371070","2024-06-11T12:42Z","2024-06-11T12:42Z","Illinois State Water Survey Central Analytical Laboratory",314.0,0.03452,5,"2024-06-13","B",,
"762f2659-4592-4bf1-9ba7-8929a2dabce1","D02","POSE","POSE.AOS.S2","POSE.SS.20240611.FIL","A00000371069","2024-06-11T12:42Z","2024-06-11T12:42Z","Illinois State Water Survey Central Analytical Laboratory",258.0,0.06772,5,"2024-06-13","B",,
"2031029d-baa3-4b22-a074-2933ab8c537d","D02","POSE","POSE.AOS.S2","POSE.SS.20240611.FIL.3","A00000371071","2024-06-11T12:42Z","2024-06-11T12:42Z","Illinois State Water Survey Central Analytical Laboratory",486.0,0.00260,5,"2024-06-13","A",,
"f8017a5f-a87c-455f-a37f-3e0417dba2c5","D02","POSE","POSE.AOS.S2","POSE.SS.20240611.FIL","A00000371069","2024-06-11T12:42Z","2024-06-11T12:42Z","Illinois State Water Survey Central Analytical Laboratory",246.0,0.07594,5,"2024-06-13","A",,
"e844f432-b93e-4802-a684-ed5de2c0b9d2","D02","POSE","POSE.AOS.S2","POSE.SS.20240611.FIL","A00000371069","2024-06-11T12:42Z","2024-06-11T12:42Z","Illinois State Water Survey Central Analytical Laboratory",588.0,0.00084,5,"2024-06-13","A",,
"41c17f55-4120-458d-b898-3d4eb145fcdb","D02","POSE","POSE.AOS.S2","POSE.SS.20240611.FIL.3","A00000371071","2024-06-11T12:42Z","2024-06-11T12:42Z","Illinois State Water Survey Central Analytical Laboratory",256.0,0.06826,5,"2024-06-13","B",,
"c0208fc5-a0dd-48a8-bdc7-f2c5f65b64ba","D02","POSE","POSE.AOS.S2","POSE.SS.20240611.FIL.3","A00000371071","2024-06-11T12:42Z","2024-06-11T12:42Z","Illinois State Water Survey Central Analytical Laboratory",510.0,0.00200,5,"2024-06-13","B",,
"853e0262-4f7d-44ef-80d3-80e665cecd65","D02","POSE","POSE.AOS.S2","POSE.SS.20240611.FIL.3","A00000371071","2024-06-11T12:42Z","2024-06-11T12:42Z","Illinois State Water Survey Central Analytical Laboratory",468.0,0.00330,5,"2024-06-13","B",,
"dc5c9431-2c22-44fe-aa25-91c57cbcff0e","D02","POSE","POSE.AOS.S2","POSE.SS.20240611.FIL.2","A00000371070","2024-06-11T12:42Z","2024-06-11T12:42Z","Illinois State Water Survey Central Analytical Laboratory",478.0,0.00286,5,"2024-06-13","A",,
"9de5c6a6-3131-41b4-91f0-017d62215895","D02","POSE","POSE.AOS.S2","POSE.SS.20240611.FIL.2","A00000371070","2024-06-11T12:42Z","2024-06-11T12:42Z","Illinois State Water Survey Central Analytical Laboratory",340.0,0.02342,5,"2024-06-13","A",,
"78c8eafd-db98-456f-bbde-263c75ee2b70","D02","POSE","POSE.AOS.S2","POSE.SS.20240611.FIL.3","A00000371071","2024-06-11T12:42Z","2024-06-11T12:42Z","Illinois State Water Survey Central Analytical Laboratory",374.0,0.01388,5,"2024-06-13","A",,
"bae39b8f-f6c9-4f6f-82af-e045fe4d331c","D02","POSE","POSE.AOS.S2","POSE.SS.20240611.FIL.2","A00000371070","2024-06-11T12:42Z","2024-06-11T12:42Z","Illinois State Water Survey Central Analytical Laboratory",416.0,0.00694,5,"2024-06-13","A",,
"a6981726-a30e-4db7-9a98-2ac232a393c8","D02","POSE","POSE.AOS.S2","POSE.SS.20240611.FIL.3","A00000371071","2024-06-11T12:42Z","2024-06-11T12:42Z","Illinois State Water Survey Central Analytical Laboratory",348.0,0.02102,5,"2024-06-13","B",,
"e6bc7a7d-bead-4f00-8970-53ca8aa179b7","D02","POSE","POSE.AOS.S2","POSE.SS.20240611.FIL","A00000371069","2024-06-11T12:42Z","2024-06-11T12:42Z","Illinois State Water Survey Central Analytical Laboratory",278.0,0.05568,5,"2024-06-13","B",,
"920470dd-fca3-46d4-8242-5924366aa796","D02","POSE","POSE.AOS.S2","POSE.SS.20240611.FIL.3","A00000371071","2024-06-11T12:42Z","2024-06-11T12:42Z","Illinois State Water Survey Central Analytical Laboratory",466.0,0.00336,5,"2024-06-13","A",,
"cec8d89a-6ab2-4b1f-932c-34caf8985aa6","D02","POSE","POSE.AOS.S2","POSE.SS.20240611.FIL.2","A00000371070","2024-06-11T12:42Z","2024-06-11T12:42Z","Illinois State Water Survey Central Analytical Laboratory",256.0,0.06740,5,"2024-06-13","A",,
"1e06e967-d57e-4a7f-841b-92edf638df25","D02","POSE","POSE.AOS.S2","POSE.SS.20240611.FIL.3","A00000371071","2024-06-11T12:42Z","2024-06-11T12:42Z","Illinois State Water Survey Central Analytical Laboratory",290.0,0.04710,5,"2024-06-13","A",,
"3d51e7d5-72c8-4846-a86f-6729bcafabdb","D02","POSE","POSE.AOS.S2","POSE.SS.20240611.FIL.2","A00000371070","2024-06-11T12:42Z","2024-06-11T12:42Z","Illinois State Water Survey Central Analytical Laboratory",522.0,0.00168,5,"2024-06-13","A",,
"961d93f2-f41d-4a48-a191-a275d0541ec8","D02","POSE","POSE.AOS.S2","POSE.SS.20240611.FIL.2","A00000371070","2024-06-11T12:42Z","2024-06-11T12:42Z","Illinois State Water Survey Central Analytical Laboratory",502.0,0.00234,5,"2024-06-13","B",,
"259a934f-4ae3-4ec1-9d7c-2ae17e8669ff","D02","POSE","POSE.AOS.S2","POSE.SS.20240611.FIL.3","A00000371071","2024-06-11T12:42Z","2024-06-11T12:42Z","Illinois State Water Survey Central Analytical Laboratory",462.0,0.00354,5,"2024-06-13","B",,
"978dfb6b-6559-4da2-9a61-e03afc399aed","D02","POSE","POSE.AOS.S2","POSE.SS.20240611.FIL","A00000371069","2024-06-11T12:42Z","2024-06-11T12:42Z","Illinois State Water Survey Central Analytical Laboratory",242.0,0.08048,5,"2024-06-13","B",,
"00fb0088-7858-4933-950c-ed314e32a842","D02","POSE","POSE.AOS.S2","POSE.SS.20240611.FIL","A00000371069","2024-06-11T12:42Z","2024-06-11T12:42Z","Illinois State Water Survey Central Analytical Laboratory",414.0,0.00740,5,"2024-06-13","A",,
"c40c24ef-3f37-4d34-892a-65445132c5fa","D02","POSE","POSE.AOS.S2","POSE.SS.20240611.FIL.3","A00000371071","2024-06-11T12:42Z","2024-06-11T12:42Z","Illinois State Water Survey Central Analytical Laboratory",418.0,0.00684,5,"2024-06-13","B",,
"d99ff0b5-d8ed-4b09-b4f3-a2dc0eb916d2","D02","POSE","POSE.AOS.S2","POSE.SS.20240611.FIL","A00000371069","2024-06-11T12:42Z","2024-06-11T12:42Z","Illinois State Water Survey Central Analytical Laboratory",386.0,0.01168,5,"2024-06-13","B",,
"5ed5b49b-443a-43c9-84d8-c02187ccfe3f","D02","POSE","POSE.AOS.S2","POSE.SS.20240611.FIL.3","A00000371071","2024-06-11T12:42Z","2024-06-11T12:42Z","Illinois State Water Survey Central Analytical Laboratory",338.0,0.02436,5,"2024-06-13","B",,
"8c2a1050-be46-48b2-b4c4-a6afb318a199","D02","POSE","POSE.AOS.S2","POSE.SS.20240611.FIL.2","A00000371070","2024-06-11T12:42Z","2024-06-11T12:42Z","Illinois State Water Survey Central Analytical Laboratory",298.0,0.04192,5,"2024-06-13","A",,
"649eb794-1a20-4ccd-bcd6-0e40576294c8","D02","POSE","POSE.AOS.S2","POSE.SS.20240611.FIL.2","A00000371070","2024-06-11T12:42Z","2024-06-11T12:42Z","Illinois State Water Survey Central Analytical Laboratory",590.0,0.00088,5,"2024-06-13","A",,
"28ce1f67-b3ff-4e6a-97cc-f0655da8bb20","D02","POSE","POSE.AOS.S2","POSE.SS.20240611.FIL.2","A00000371070","2024-06-11T12:42Z","2024-06-11T12:42Z","Illinois State Water Survey Central Analytical Laboratory",446.0,0.00462,5,"2024-06-13","B",,
"99b09e1a-02dd-4765-8ba4-a076b474efa7","D02","POSE","POSE.AOS.S2","POSE.SS.20240611.FIL.2","A00000371070","2024-06-11T12:42Z","2024-06-11T12:42Z","Illinois State Water Survey Central Analytical Laboratory",272.0,0.05906,5,"2024-06-13","B",,
"22fee408-c4c9-40e7-b4c5-f7ddff20165e","D02","POSE","POSE.AOS.S2","POSE.SS.20240611.FIL","A00000371069","2024-06-11T12:42Z","2024-06-11T12:42Z","Illinois State Water Survey Central Analytical Laboratory",412.0,0.00764,5,"2024-06-13","A",,
"461b4c3c-7ab7-4be3-979e-7e7c3facc5e5","D02","POSE","POSE.AOS.S2","POSE.SS.20240611.FIL.3","A00000371071","2024-06-11T12:42Z","2024-06-11T12:42Z","Illinois State Water Survey Central Analytical Laboratory",494.0,0.00236,5,"2024-06-13","A",,
"0eb8cae6-0deb-4b32-842e-8009ff5a212c","D02","POSE","POSE.AOS.S2","POSE.SS.20240611.FIL","A00000371069","2024-06-11T12:42Z","2024-06-11T12:42Z","Illinois State Water Survey Central Analytical Laboratory",236.0,0.09034,5,"2024-06-13","B",,
"7f7cf1be-a888-4d17-a2c9-343a68e98d69","D02","POSE","POSE.AOS.S2","POSE.SS.20240611.FIL","A00000371069","2024-06-11T12:42Z","2024-06-11T12:42Z","Illinois State Water Survey Central Analytical Laboratory",280.0,0.05418,5,"2024-06-13","A",,
"374b670b-2a6e-4129-9c67-7e7138b3f412","D02","POSE","POSE.AOS.S2","POSE.SS.20240611.FIL.3","A00000371071","2024-06-11T12:42Z","2024-06-11T12:42Z","Illinois State Water Survey Central Analytical Laboratory",448.0,0.00438,5,"2024-06-13","B",,
"20ca51cc-afb9-473f-8d78-4f2ee8e51bf0","D02","POSE","POSE.AOS.S2","POSE.SS.20240611.FIL.2","A00000371070","2024-06-11T12:42Z","2024-06-11T12:42Z","Illinois State Water Survey Central Analytical Laboratory",280.0,0.05298,5,"2024-06-13","A",,
"88bf2b74-5459-458f-ac72-787969416bc7","D02","POSE","POSE.AOS.S2","POSE.SS.20240611.FIL.2","A00000371070","2024-06-11T12:42Z","2024-06-11T12:42Z","Illinois State Water Survey Central Analytical Laboratory",476.0,0.00316,5,"2024-06-13","B",,
"e19c1551-bd82-44f3-b2cc-8aa747ffc33a","D02","POSE","POSE.AOS.S2","POSE.SS.20240611.FIL.3","A00000371071","2024-06-11T12:42Z","2024-06-11T12:42Z","Illinois State Water Survey Central Analytical Laboratory",532.0,0.00154,5,"2024-06-13","A",,
"226711fc-d4fd-4b89-a408-6d80f05c1563","D02","POSE","POSE.AOS.S2","POSE.SS.20240611.FIL","A00000371069","2024-06-11T12:42Z","2024-06-11T12:42Z","Illinois State Water Survey Central Analytical Laboratory",370.0,0.01530,5,"2024-06-13","B",,
"8b8257d0-df3f-4ceb-9678-25edda382542","D02","POSE","POSE.AOS.S2","POSE.SS.20240611.FIL.2","A00000371070","2024-06-11T12:42Z","2024-06-11T12:42Z","Illinois State Water Survey Central Analytical Laboratory",404.0,0.00878,5,"2024-06-13","B",,
"2186cc0b-f827-41b4-b9c7-3faccbefae0e","D02","POSE","POSE.AOS.S2","POSE.SS.20240611.FIL.3","A00000371071","2024-06-11T12:42Z","2024-06-11T12:42Z","Illinois State Water Survey Central Analytical Laboratory",296.0,0.04348,5,"2024-06-13","B",,
"ad3d2eab-0107-49e7-b9d3-bb371eec7654","D02","POSE","POSE.AOS.S2","POSE.SS.20240611.FIL.3","A00000371071","2024-06-11T12:42Z","2024-06-11T12:42Z","Illinois State Water Survey Central Analytical Laboratory",476.0,0.00298,5,"2024-06-13","A",,
"6f405075-d3e5-4f42-b74b-25619223f0e0","D02","POSE","POSE.AOS.S2","POSE.SS.20240611.FIL.2","A00000371070","2024-06-11T12:42Z","2024-06-11T12:42Z","Illinois State Water Survey Central Analytical Laboratory",528.0,0.00178,5,"2024-06-13","B",,
"652ae13d-e910-4c0b-80b7-b2cfc10c947b","D02","POSE","POSE.AOS.S2","POSE.SS.20240611.FIL","A00000371069","2024-06-11T12:42Z","2024-06-11T12:42Z","Illinois State Water Survey Central Analytical Laboratory",430.0,0.00594,5,"2024-06-13","B",,
"603e1097-e652-440e-b6cf-616064f74af1","D02","POSE","POSE.AOS.S2","POSE.SS.20240611.FIL.3","A00000371071","2024-06-11T12:42Z","2024-06-11T12:42Z","Illinois State Water Survey Central Analytical Laboratory",420.0,0.00662,5,"2024-06-13","A",,
"d73c1a76-503a-414d-8f2f-23d16ce73f6f","D02","POSE","POSE.AOS.S2","POSE.SS.20240611.FIL","A00000371069","2024-06-11T12:42Z","2024-06-11T12:42Z","Illinois State Water Survey Central Analytical Laboratory",440.0,0.00506,5,"2024-06-13","A",,
"9bf85680-8bf2-4389-998e-dacc64349932","D02","POSE","POSE.AOS.S2","POSE.SS.20240611.FIL.3","A00000371071","2024-06-11T12:42Z","2024-06-11T12:42Z","Illinois State Water Survey Central Analytical Laboratory",578.0,0.00112,5,"2024-06-13","B",,
"eb07917f-59a0-4fb3-b624-f6159442817b","D02","POSE","POSE.AOS.S2","POSE.SS.20240611.FIL","A00000371069","2024-06-11T12:42Z","2024-06-11T12:42Z","Illinois State Water Survey Central Analytical Laboratory",484.0,0.00282,5,"2024-06-13","A",,
"1e058d7d-bdc8-427f-bcb4-68fe9b78c399","D02","POSE","POSE.AOS.S2","POSE.SS.20240611.FIL.2","A00000371070","2024-06-11T12:42Z","2024-06-11T12:42Z","Illinois State Water Survey Central Analytical Laboratory",350.0,0.02070,5,"2024-06-13","B",,
"6caa8201-bb89-4d08-b726-a7a64a182e5a","D02","POSE","POSE.AOS.S2","POSE.SS.20240611.FIL.2","A00000371070","2024-06-11T12:42Z","2024-06-11T12:42Z","Illinois State Water Survey Central Analytical Laboratory",262.0,0.06390,5,"2024-06-13","A",,
"4dab0f6a-173a-42f0-9822-1d2792d9695f","D02","POSE","POSE.AOS.S2","POSE.SS.20240611.FIL.2","A00000371070","2024-06-11T12:42Z","2024-06-11T12:42Z","Illinois State Water Survey Central Analytical Laboratory",392.0,0.01056,5,"2024-06-13","B",,
"400251ea-6df5-462b-8624-45e1f7efe099","D02","POSE","POSE.AOS.S2","POSE.SS.20240611.FIL.3","A00000371071","2024-06-11T12:42Z","2024-06-11T12:42Z","Illinois State Water Survey Central Analytical Laboratory",322.0,0.03066,5,"2024-06-13","A",,
"99a3dded-fa87-4d2f-bf30-0e0e91090faf","D02","POSE","POSE.AOS.S2","POSE.SS.20240611.FIL","A00000371069","2024-06-11T12:42Z","2024-06-11T12:42Z","Illinois State Water Survey Central Analytical Laboratory",428.0,0.00600,5,"2024-06-13","A",,
"24485dc6-f6b5-4259-9d0c-deca6f2b7d8b","D02","POSE","POSE.AOS.S2","POSE.SS.20240611.FIL","A00000371069","2024-06-11T12:42Z","2024-06-11T12:42Z","Illinois State Water Survey Central Analytical Laboratory",510.0,0.00204,5,"2024-06-13","A",,
"e01cdbcb-5f8f-4679-a897-5d27fa06cfec","D02","POSE","POSE.AOS.S2","POSE.SS.20240611.FIL.2","A00000371070","2024-06-11T12:42Z","2024-06-11T12:42Z","Illinois State Water Survey Central Analytical Laboratory",506.0,0.00200,5,"2024-06-13","A",,
"cdfdcb3c-67cf-426e-b072-352c96af1f52","D02","POSE","POSE.AOS.S2","POSE.SS.20240611.FIL.2","A00000371070","2024-06-11T12:42Z","2024-06-11T12:42Z","Illinois State Water Survey Central Analytical Laboratory",234.0,0.09456,5,"2024-06-13","B",,
"f0d1bff5-7ee8-4cac-8402-d53969378ccb","D02","POSE","POSE.AOS.S2","POSE.SS.20240611.FIL.3","A00000371071","2024-06-11T12:42Z","2024-06-11T12:42Z","Illinois State Water Survey Central Analytical Laboratory",412.0,0.00750,5,"2024-06-13","A",,
"7ed75d7b-caa9-4f53-9c41-dbf49a029f71","D02","POSE","POSE.AOS.S2","POSE.SS.20240611.FIL.2","A00000371070","2024-06-11T12:42Z","2024-06-11T12:42Z","Illinois State Water Survey Central Analytical Laboratory",312.0,0.03556,5,"2024-06-13","B",,
"1aa94e62-9a7a-4957-b0f8-abd1c63ad2bc","D02","POSE","POSE.AOS.S2","POSE.SS.20240611.FIL","A00000371069","2024-06-11T12:42Z","2024-06-11T12:42Z","Illinois State Water Survey Central Analytical Laboratory",242.0,0.08048,5,"2024-06-13","B",,
"5869ce46-7065-43a8-bbc8-978f2dcd1e45","D02","POSE","POSE.AOS.S2","POSE.SS.20240611.FIL.2","A00000371070","2024-06-11T12:42Z","2024-06-11T12:42Z","Illinois State Water Survey Central Analytical Laboratory",234.0,0.09290,5,"2024-06-13","A",,
"32c5c0a4-9b1e-4280-8b3f-9e84177107f2","D02","POSE","POSE.AOS.S2","POSE.SS.20240611.FIL.2","A00000371070","2024-06-11T12:42Z","2024-06-11T12:42Z","Illinois State Water Survey Central Analytical Laboratory",456.0,0.00378,5,"2024-06-13","A",,
"aca8e763-ebb0-42b9-ae13-abacf74141f2","D02","POSE","POSE.AOS.S2","POSE.SS.20240611.FIL","A00000371069","2024-06-11T12:42Z","2024-06-11T12:42Z","Illinois State Water Survey Central Analytical Laboratory",222.0,0.15368,5,"2024-06-13","B",,
"e52085a7-9efc-4a47-b6d9-f5fae0cfc336","D02","POSE","POSE.AOS.S2","POSE.SS.20240611.FIL","A00000371069","2024-06-11T12:42Z","2024-06-11T12:42Z","Illinois State Water Survey Central Analytical Laboratory",444.0,0.00480,5,"2024-06-13","B",,
"bda288d1-edb1-4d40-bafb-261ac8c77e79","D02","POSE","POSE.AOS.S2","POSE.SS.20240611.FIL.3","A00000371071","2024-06-11T12:42Z","2024-06-11T12:42Z","Illinois State Water Survey Central Analytical Laboratory",536.0,0.00148,5,"2024-06-13","A",,
"2252667e-d597-41a0-9af3-61bc8164e37b","D02","POSE","POSE.AOS.S2","POSE.SS.20240611.FIL.3","A00000371071","2024-06-11T12:42Z","2024-06-11T12:42Z","Illinois State Water Survey Central Analytical Laboratory",424.0,0.00628,5,"2024-06-13","A",,
"bc55fc2e-89e9-4c75-891a-2a83b25d6347","D02","POSE","POSE.AOS.S2","POSE.SS.20240611.FIL.2","A00000371070","2024-06-11T12:42Z","2024-06-11T12:42Z","Illinois State Water Survey Central Analytical Laboratory",540.0,0.00156,5,"2024-06-13","B",,
"085af545-bf2c-4688-94dd-46a185a491b6","D02","POSE","POSE.AOS.S2","POSE.SS.20240611.FIL","A00000371069","2024-06-11T12:42Z","2024-06-11T12:42Z","Illinois State Water Survey Central Analytical Laboratory",396.0,0.00998,5,"2024-06-13","B",,
"bb8df837-d691-4885-9da5-f4babba3dba4","D02","POSE","POSE.AOS.S2","POSE.SS.20240611.FIL.3","A00000371071","2024-06-11T12:42Z","2024-06-11T12:42Z","Illinois State Water Survey Central Analytical Laboratory",416.0,0.00706,5,"2024-06-13","B",,
"64936af5-c5dd-4746-a6d9-7b4b45ebcd15","D02","POSE","POSE.AOS.S2","POSE.SS.20240611.FIL.3","A00000371071","2024-06-11T12:42Z","2024-06-11T12:42Z","Illinois State Water Survey Central Analytical Laboratory",474.0,0.00306,5,"2024-06-13","B",,
"592dd7e5-2e1b-4368-b707-acec63b726cf","D02","POSE","POSE.AOS.S2","POSE.SS.20240611.FIL","A00000371069","2024-06-11T12:42Z","2024-06-11T12:42Z","Illinois State Water Survey Central Analytical Laboratory",288.0,0.04924,5,"2024-06-13","B",,
"be70127b-5100-4fb0-8e19-53bb8a0037db","D02","POSE","POSE.AOS.S2","POSE.SS.20240611.FIL.3","A00000371071","2024-06-11T12:42Z","2024-06-11T12:42Z","Illinois State Water Survey Central Analytical Laboratory",338.0,0.02436,5,"2024-06-13","B",,
"70089692-77ca-4dc5-a18d-aca7608fba8d","D02","POSE","POSE.AOS.S2","POSE.SS.20240611.FIL.3","A00000371071","2024-06-11T12:42Z","2024-06-11T12:42Z","Illinois State Water Survey Central Analytical Laboratory",284.0,0.05112,5,"2024-06-13","B",,
"00a85345-3176-4457-b067-bfd4ffa0472d","D02","POSE","POSE.AOS.S2","POSE.SS.20240611.FIL","A00000371069","2024-06-11T12:42Z","2024-06-11T12:42Z","Illinois State Water Survey Central Analytical Laboratory",334.0,0.02636,5,"2024-06-13","B",,
"e11c08bc-5a75-40cb-a8ec-f22a0b5dc751","D02","POSE","POSE.AOS.S2","POSE.SS.20240611.FIL","A00000371069","2024-06-11T12:42Z","2024-06-11T12:42Z","Illinois State Water Survey Central Analytical Laboratory",380.0,0.01286,5,"2024-06-13","A",,
"94dcd99d-97c5-432b-b997-0dd27aef2089","D02","POSE","POSE.AOS.S2","POSE.SS.20240611.FIL.2","A00000371070","2024-06-11T12:42Z","2024-06-11T12:42Z","Illinois State Water Survey Central Analytical Laboratory",360.0,0.01772,5,"2024-06-13","B",,
"9de6ff44-4fef-48eb-9173-1ccec9741d3e","D02","POSE","POSE.AOS.S2","POSE.SS.20240611.FIL.3","A00000371071","2024-06-11T12:42Z","2024-06-11T12:42Z","Illinois State Water Survey Central Analytical Laboratory",242.0,0.07954,5,"2024-06-13","A",,
"ef719f88-4930-4637-b683-3dbf628971b3","D02","POSE","POSE.AOS.S2","POSE.SS.20240611.FIL.3","A00000371071","2024-06-11T12:42Z","2024-06-11T12:42Z","Illinois State Water Survey Central Analytical Laboratory",580.0,0.00094,5,"2024-06-13","A",,
"e50d679b-9bad-436f-8f32-f4e15ad980bc","D02","POSE","POSE.AOS.S2","POSE.SS.20240611.FIL.2","A00000371070","2024-06-11T12:42Z","2024-06-11T12:42Z","Illinois State Water Survey Central Analytical Laboratory",228.0,0.11308,5,"2024-06-13","A",,
"bfca0914-6597-440e-a3ff-78b7e53e2432","D02","POSE","POSE.AOS.S2","POSE.SS.20240611.FIL","A00000371069","2024-06-11T12:42Z","2024-06-11T12:42Z","Illinois State Water Survey Central Analytical Laboratory",300.0,0.04188,5,"2024-06-13","B",,
"d96fdf58-cab1-4d8b-b9bf-f6484891cc10","D02","POSE","POSE.AOS.S2","POSE.SS.20240611.FIL.2","A00000371070","2024-06-11T12:42Z","2024-06-11T12:42Z","Illinois State Water Survey Central Analytical Laboratory",498.0,0.00228,5,"2024-06-13","A",,
"52a063d8-3973-43dd-be6c-4a070efa85ee","D02","POSE","POSE.AOS.S2","POSE.SS.20240611.FIL.2","A00000371070","2024-06-11T12:42Z","2024-06-11T12:42Z","Illinois State Water Survey Central Analytical Laboratory",560.0,0.00134,5,"2024-06-13","B",,
"3ac35f61-22d3-4d90-8bc1-123e627abf9f","D02","POSE","POSE.AOS.S2","POSE.SS.20240611.FIL","A00000371069","2024-06-11T12:42Z","2024-06-11T12:42Z","Illinois State Water Survey Central Analytical Laboratory",368.0,0.01574,5,"2024-06-13","B",,
"4b7f13a3-0548-46e8-a5e0-06aa04abe723","D02","POSE","POSE.AOS.S2","POSE.SS.20240611.FIL.3","A00000371071","2024-06-11T12:42Z","2024-06-11T12:42Z","Illinois State Water Survey Central Analytical Laboratory",404.0,0.00858,5,"2024-06-13","B",,
"1e7495fd-08fb-4fe3-bb69-e5b25b787dfb","D02","POSE","POSE.AOS.S2","POSE.SS.20240611.FIL.3","A00000371071","2024-06-11T12:42Z","2024-06-11T12:42Z","Illinois State Water Survey Central Analytical Laboratory",270.0,0.05966,5,"2024-06-13","A",,
"46a50254-61ed-4ebc-bf43-406fe8601282","D02","POSE","POSE.AOS.S2","POSE.SS.20240611.FIL.3","A00000371071","2024-06-11T12:42Z","2024-06-11T12:42Z","Illinois State Water Survey Central Analytical Laboratory",424.0,0.00628,5,"2024-06-13","B",,
"943534f8-3564-443e-9a07-29d350710547","D02","POSE","POSE.AOS.S2","POSE.SS.20240611.FIL","A00000371069","2024-06-11T12:42Z","2024-06-11T12:42Z","Illinois State Water Survey Central Analytical Laboratory",548.0,0.00140,5,"2024-06-13","B",,
"88d69954-60d2-465f-9a95-b76ba91089e4","D02","POSE","POSE.AOS.S2","POSE.SS.20240611.FIL.2","A00000371070","2024-06-11T12:42Z","2024-06-11T12:42Z","Illinois State Water Survey Central Analytical Laboratory",414.0,0.00742,5,"2024-06-13","B",,
"cf76fb66-6963-46af-bb98-2822048ba3dd","D02","POSE","POSE.AOS.S2","POSE.SS.20240611.FIL.3","A00000371071","2024-06-11T12:42Z","2024-06-11T12:42Z","Illinois State Water Survey Central Analytical Laboratory",384.0,0.01178,5,"2024-06-13","B",,
"51fd05f9-f9d9-4d03-8dd2-c234296f2e1e","D02","POSE","POSE.AOS.S2","POSE.SS.20240611.FIL.2","A00000371070","2024-06-11T12:42Z","2024-06-11T12:42Z","Illinois State Water Survey Central Analytical Laboratory",510.0,0.00194,5,"2024-06-13","A",,
"150145ee-b426-466c-bc9d-378f753f657e","D02","POSE","POSE.AOS.S2","POSE.SS.20240611.FIL","A00000371069","2024-06-11T12:42Z","2024-06-11T12:42Z","Illinois State Water Survey Central Analytical Laboratory",580.0,0.00094,5,"2024-06-13","A",,
"42a4adc2-a0ae-4ae0-903f-0a1ba5be36fb","D02","POSE","POSE.AOS.S2","POSE.SS.20240611.FIL.2","A00000371070","2024-06-11T12:42Z","2024-06-11T12:42Z","Illinois State Water Survey Central Analytical Laboratory",462.0,0.00366,5,"2024-06-13","B",,
"d439b926-00b2-490e-b948-ee0e25883f74","D02","POSE","POSE.AOS.S2","POSE.SS.20240611.FIL.2","A00000371070","2024-06-11T12:42Z","2024-06-11T12:42Z","Illinois State Water Survey Central Analytical Laboratory",576.0,0.00094,5,"2024-06-13","A",,
"7a603b23-824a-421d-ae32-fc9f56189c8e","D02","POSE","POSE.AOS.S2","POSE.SS.20240611.FIL.3","A00000371071","2024-06-11T12:42Z","2024-06-11T12:42Z","Illinois State Water Survey Central Analytical Laboratory",220.0,0.16902,5,"2024-06-13","B",,
"dcc1b1a5-b45a-484c-9b31-1f6bd9a2b0fa","D02","POSE","POSE.AOS.S2","POSE.SS.20240611.FIL.2","A00000371070","2024-06-11T12:42Z","2024-06-11T12:42Z","Illinois State Water Survey Central Analytical Laboratory",260.0,0.06506,5,"2024-06-13","A",,
"b2d7bee0-4838-4bd5-afc2-f664406d11e7","D02","POSE","POSE.AOS.S2","POSE.SS.20240611.FIL","A00000371069","2024-06-11T12:42Z","2024-06-11T12:42Z","Illinois State Water Survey Central Analytical Laboratory",228.0,0.11578,5,"2024-06-13","B",,
"7e568465-1cd2-40ec-b1a0-6ec13e217f20","D02","POSE","POSE.AOS.S2","POSE.SS.20240611.FIL.3","A00000371071","2024-06-11T12:42Z","2024-06-11T12:42Z","Illinois State Water Survey Central Analytical Laboratory",426.0,0.00608,5,"2024-06-13","B",,
"7fc7eecb-fbdc-4a24-8a9b-7159a743b49b","D02","POSE","POSE.AOS.S2","POSE.SS.20240611.FIL","A00000371069","2024-06-11T12:42Z","2024-06-11T12:42Z","Illinois State Water Survey Central Analytical Laboratory",256.0,0.06898,5,"2024-06-13","B",,
"f6860144-6587-4b04-81c8-54cd36ff2540","D02","POSE","POSE.AOS.S2","POSE.SS.20240611.FIL.3","A00000371071","2024-06-11T12:42Z","2024-06-11T12:42Z","Illinois State Water Survey Central Analytical Laboratory",500.0,0.00220,5,"2024-06-13","B",,
"f09cfc9e-c98a-4638-88ec-7b21f3651218","D02","POSE","POSE.AOS.S2","POSE.SS.20240611.FIL.2","A00000371070","2024-06-11T12:42Z","2024-06-11T12:42Z","Illinois State Water Survey Central Analytical Laboratory",346.0,0.02198,5,"2024-06-13","B",,
"6978c52b-d122-4116-a652-37a08d936c48","D02","POSE","POSE.AOS.S2","POSE.SS.20240611.FIL.2","A00000371070","2024-06-11T12:42Z","2024-06-11T12:42Z","Illinois State Water Survey Central Analytical Laboratory",230.0,0.10592,5,"2024-06-13","A",,
"cbcfcdce-4f04-4f40-8c0e-01a3c0ed241e","D02","POSE","POSE.AOS.S2","POSE.SS.20240611.FIL.3","A00000371071","2024-06-11T12:42Z","2024-06-11T12:42Z","Illinois State Water Survey Central Analytical Laboratory",352.0,0.01974,5,"2024-06-13","A",,
"97495ede-2742-4cbf-8334-cad40fd0bac1","D02","POSE","POSE.AOS.S2","POSE.SS.20240611.FIL.2","A00000371070","2024-06-11T12:42Z","2024-06-11T12:42Z","Illinois State Water Survey Central Analytical Laboratory",566.0,0.00128,5,"2024-06-13","B",,
"9d6b8d00-dbf2-4d39-8e96-aae5b906cfc6","D02","POSE","POSE.AOS.S2","POSE.SS.20240611.FIL.2","A00000371070","2024-06-11T12:42Z","2024-06-11T12:42Z","Illinois State Water Survey Central Analytical Laboratory",330.0,0.02770,5,"2024-06-13","B",,
"08532b02-5b63-404a-a0d9-16cba498e883","D02","POSE","POSE.AOS.S2","POSE.SS.20240611.FIL","A00000371069","2024-06-11T12:42Z","2024-06-11T12:42Z","Illinois State Water Survey Central Analytical Laboratory",570.0,0.00106,5,"2024-06-13","A",,
"b9114aa2-7c80-4aa7-976a-8c53ae9465e1","D02","POSE","POSE.AOS.S2","POSE.SS.20240611.FIL.2","A00000371070","2024-06-11T12:42Z","2024-06-11T12:42Z","Illinois State Water Survey Central Analytical Laboratory",594.0,0.00098,5,"2024-06-13","B",,
"17fe3ff6-6462-4548-bf07-c3d6f4c50d10","D02","POSE","POSE.AOS.S2","POSE.SS.20240611.FIL","A00000371069","2024-06-11T12:42Z","2024-06-11T12:42Z","Illinois State Water Survey Central Analytical Laboratory",424.0,0.00648,5,"2024-06-13","B",,
"73991404-fc25-4e1e-9978-ea2f6b149ac3","D02","POSE","POSE.AOS.S2","POSE.SS.20240611.FIL.2","A00000371070","2024-06-11T12:42Z","2024-06-11T12:42Z","Illinois State Water Survey Central Analytical Laboratory",372.0,0.01464,5,"2024-06-13","B",,
"edb4e5f7-03b3-4d2a-90fd-64489a981270","D02","POSE","POSE.AOS.S2","POSE.SS.20240611.FIL","A00000371069","2024-06-11T12:42Z","2024-06-11T12:42Z","Illinois State Water Survey Central Analytical Laboratory",390.0,0.01098,5,"2024-06-13","B",,
"7671f8ec-e09c-4fc1-8cd6-d0da06052c8c","D02","POSE","POSE.AOS.S2","POSE.SS.20240611.FIL.2","A00000371070","2024-06-11T12:42Z","2024-06-11T12:42Z","Illinois State Water Survey Central Analytical Laboratory",536.0,0.00162,5,"2024-06-13","B",,
"15302138-6c83-4401-adfa-ffe35fa1f458","D02","POSE","POSE.AOS.S2","POSE.SS.20240611.FIL.3","A00000371071","2024-06-11T12:42Z","2024-06-11T12:42Z","Illinois State Water Survey Central Analytical Laboratory",328.0,0.02814,5,"2024-06-13","A",,
"402099da-4ffe-4d12-8942-b0a9750e6543","D02","POSE","POSE.AOS.S2","POSE.SS.20240611.FIL","A00000371069","2024-06-11T12:42Z","2024-06-11T12:42Z","Illinois State Water Survey Central Analytical Laboratory",488.0,0.00268,5,"2024-06-13","A",,
"0799728d-4b87-4ed4-b317-8362f435ce5f","D02","POSE","POSE.AOS.S2","POSE.SS.20240611.FIL.3","A00000371071","2024-06-11T12:42Z","2024-06-11T12:42Z","Illinois State Water Survey Central Analytical Laboratory",478.0,0.00290,5,"2024-06-13","B",,
"14abf7a7-20fb-4ef2-931f-18895bb6447f","D02","POSE","POSE.AOS.S2","POSE.SS.20240611.FIL.3","A00000371071","2024-06-11T12:42Z","2024-06-11T12:42Z","Illinois State Water Survey Central Analytical Laboratory",550.0,0.00130,5,"2024-06-13","A",,
"11df7e2e-c24d-46ab-8dda-fa602dd38e53","D02","POSE","POSE.AOS.S2","POSE.SS.20240611.FIL.3","A00000371071","2024-06-11T12:42Z","2024-06-11T12:42Z","Illinois State Water Survey Central Analytical Laboratory",592.0,0.00098,5,"2024-06-13","B",,
"442958a9-46ea-473d-b52f-ae38d6a25661","D02","POSE","POSE.AOS.S2","POSE.SS.20240611.FIL.3","A00000371071","2024-06-11T12:42Z","2024-06-11T12:42Z","Illinois State Water Survey Central Analytical Laboratory",344.0,0.02230,5,"2024-06-13","B",,
"c5f99c2e-588d-4c71-aef7-10786c7486d9","D02","POSE","POSE.AOS.S2","POSE.SS.20240611.FIL.3","A00000371071","2024-06-11T12:42Z","2024-06-11T12:42Z","Illinois State Water Survey Central Analytical Laboratory",570.0,0.00110,5,"2024-06-13","B",,
"e012dab1-cdb2-4f7a-962c-0b351bcb3dd3","D02","POSE","POSE.AOS.S2","POSE.SS.20240611.FIL.3","A00000371071","2024-06-11T12:42Z","2024-06-11T12:42Z","Illinois State Water Survey Central Analytical Laboratory",346.0,0.02168,5,"2024-06-13","B",,
"4dd34b76-af03-4ca2-9cee-22e6e080ba4e","D02","POSE","POSE.AOS.S2","POSE.SS.20240611.FIL.3","A00000371071","2024-06-11T12:42Z","2024-06-11T12:42Z","Illinois State Water Survey Central Analytical Laboratory",264.0,0.06342,5,"2024-06-13","A",,
"b29e1e9d-2efc-464a-9326-88e8e007d26e","D02","POSE","POSE.AOS.S2","POSE.SS.20240611.FIL.3","A00000371071","2024-06-11T12:42Z","2024-06-11T12:42Z","Illinois State Water Survey Central Analytical Laboratory",516.0,0.00186,5,"2024-06-13","B",,
"7fda1f0e-fe0e-4e62-b20c-56371cc7a62f","D02","POSE","POSE.AOS.S2","POSE.SS.20240611.FIL","A00000371069","2024-06-11T12:42Z","2024-06-11T12:42Z","Illinois State Water Survey Central Analytical Laboratory",554.0,0.00130,5,"2024-06-13","B",,
"57967ead-3ce4-4359-baf7-361ea89fcf41","D02","POSE","POSE.AOS.S2","POSE.SS.20240611.FIL","A00000371069","2024-06-11T12:42Z","2024-06-11T12:42Z","Illinois State Water Survey Central Analytical Laboratory",248.0,0.07434,5,"2024-06-13","A",,
"09d3b053-8351-4cdb-9c7e-67e86be63379","D02","POSE","POSE.AOS.S2","POSE.SS.20240611.FIL.2","A00000371070","2024-06-11T12:42Z","2024-06-11T12:42Z","Illinois State Water Survey Central Analytical Laboratory",250.0,0.07132,5,"2024-06-13","A",,
"c2d64eef-b105-4b39-94fc-1c8e0b9dc373","D02","POSE","POSE.AOS.S2","POSE.SS.20240611.FIL","A00000371069","2024-06-11T12:42Z","2024-06-11T12:42Z","Illinois State Water Survey Central Analytical Laboratory",514.0,0.00200,5,"2024-06-13","B",,
"0f489743-3013-406c-be1a-125d92114682","D02","POSE","POSE.AOS.S2","POSE.SS.20240611.FIL","A00000371069","2024-06-11T12:42Z","2024-06-11T12:42Z","Illinois State Water Survey Central Analytical Laboratory",514.0,0.00192,5,"2024-06-13","A",,
"bfd6f48c-251c-4e72-895c-8f95283e8a24","D02","POSE","POSE.AOS.S2","POSE.SS.20240611.FIL.3","A00000371071","2024-06-11T12:42Z","2024-06-11T12:42Z","Illinois State Water Survey Central Analytical Laboratory",434.0,0.00536,5,"2024-06-13","A",,
"80ed2d75-da81-44fe-a632-2b313c161109","D02","POSE","POSE.AOS.S2","POSE.SS.20240611.FIL.3","A00000371071","2024-06-11T12:42Z","2024-06-11T12:42Z","Illinois State Water Survey Central Analytical Laboratory",582.0,0.00094,5,"2024-06-13","A",,
"2ec9c780-0c12-4d85-a363-c6dbda6afdfa","D02","POSE","POSE.AOS.S2","POSE.SS.20240611.FIL.3","A00000371071","2024-06-11T12:42Z","2024-06-11T12:42Z","Illinois State Water Survey Central Analytical Laboratory",310.0,0.03616,5,"2024-06-13","B",,
"75f700c2-d116-4695-878e-6f556b284720","D02","POSE","POSE.AOS.S2","POSE.SS.20240611.FIL","A00000371069","2024-06-11T12:42Z","2024-06-11T12:42Z","Illinois State Water Survey Central Analytical Laboratory",512.0,0.00198,5,"2024-06-13","B",,
"5dccf767-c471-4625-8d93-993cfc0ee516","D02","POSE","POSE.AOS.S2","POSE.SS.20240611.FIL","A00000371069","2024-06-11T12:42Z","2024-06-11T12:42Z","Illinois State Water Survey Central Analytical Laboratory",288.0,0.04910,5,"2024-06-13","A",,
"749b7abb-7fc7-4ce2-98f4-cf4f6aabb086","D02","POSE","POSE.AOS.S2","POSE.SS.20240611.FIL.2","A00000371070","2024-06-11T12:42Z","2024-06-11T12:42Z","Illinois State Water Survey Central Analytical Laboratory",540.0,0.00136,5,"2024-06-13","A",,
"3bc1b943-50a9-4427-a1a0-0d620ebca0a1","D02","POSE","POSE.AOS.S2","POSE.SS.20240611.FIL.2","A00000371070","2024-06-11T12:42Z","2024-06-11T12:42Z","Illinois State Water Survey Central Analytical Laboratory",352.0,0.02004,5,"2024-06-13","B",,
"dfd75b51-40e2-48b7-a055-45cddc33ecec","D02","POSE","POSE.AOS.S2","POSE.SS.20240611.FIL.2","A00000371070","2024-06-11T12:42Z","2024-06-11T12:42Z","Illinois State Water Survey Central Analytical Laboratory",406.0,0.00850,5,"2024-06-13","B",,
"59ecf941-9684-4fe2-9972-84b200269029","D02","POSE","POSE.AOS.S2","POSE.SS.20240611.FIL.3","A00000371071","2024-06-11T12:42Z","2024-06-11T12:42Z","Illinois State Water Survey Central Analytical Laboratory",590.0,0.00088,5,"2024-06-13","A",,
"cf573e31-5212-4bed-a39b-101dabbf94ff","D02","POSE","POSE.AOS.S2","POSE.SS.20240611.FIL.3","A00000371071","2024-06-11T12:42Z","2024-06-11T12:42Z","Illinois State Water Survey Central Analytical Laboratory",342.0,0.02296,5,"2024-06-13","B",,
"ff403fe1-63cf-4408-bbac-3f38674f26fc","D02","POSE","POSE.AOS.S2","POSE.SS.20240611.FIL.2","A00000371070","2024-06-11T12:42Z","2024-06-11T12:42Z","Illinois State Water Survey Central Analytical Laboratory",446.0,0.00438,5,"2024-06-13","A",,
"f86d196c-74cd-4c35-bf59-6dbe0d10886c","D02","POSE","POSE.AOS.S2","POSE.SS.20240611.FIL","A00000371069","2024-06-11T12:42Z","2024-06-11T12:42Z","Illinois State Water Survey Central Analytical Laboratory",558.0,0.00126,5,"2024-06-13","B",,
"dcc1d40d-bff8-424c-afc2-0ec61f30a2bb","D02","POSE","POSE.AOS.S2","POSE.SS.20240611.FIL.3","A00000371071","2024-06-11T12:42Z","2024-06-11T12:42Z","Illinois State Water Survey Central Analytical Laboratory",314.0,0.03422,5,"2024-06-13","B",,
"2c2fc193-2f5e-46d7-b20b-967af7dcde84","D02","POSE","POSE.AOS.S2","POSE.SS.20240611.FIL","A00000371069","2024-06-11T12:42Z","2024-06-11T12:42Z","Illinois State Water Survey Central Analytical Laboratory",268.0,0.06188,5,"2024-06-13","B",,
"591e3820-11e7-4a2c-9d6c-dd182640fedc","D02","POSE","POSE.AOS.S2","POSE.SS.20240611.FIL.3","A00000371071","2024-06-11T12:42Z","2024-06-11T12:42Z","Illinois State Water Survey Central Analytical Laboratory",522.0,0.00170,5,"2024-06-13","A",,
"7317de31-94b2-4b99-bf3e-a9c0ecf42cef","D02","POSE","POSE.AOS.S2","POSE.SS.20240611.FIL.3","A00000371071","2024-06-11T12:42Z","2024-06-11T12:42Z","Illinois State Water Survey Central Analytical Laboratory",306.0,0.03804,5,"2024-06-13","A",,
"e7c6033f-7ff6-4942-bd75-851ab0e648d2","D02","POSE","POSE.AOS.S2","POSE.SS.20240611.FIL.3","A00000371071","2024-06-11T12:42Z","2024-06-11T12:42Z","Illinois State Water Survey Central Analytical Laboratory",252.0,0.07074,5,"2024-06-13","B",,
"1b0dac31-ec54-4c10-8ad0-264367675859","D02","POSE","POSE.AOS.S2","POSE.SS.20240611.FIL.2","A00000371070","2024-06-11T12:42Z","2024-06-11T12:42Z","Illinois State Water Survey Central Analytical Laboratory",502.0,0.00216,5,"2024-06-13","A",,
"5f3b1296-2848-42bf-ab15-e7e0ad43abf5","D02","POSE","POSE.AOS.S2","POSE.SS.20240611.FIL","A00000371069","2024-06-11T12:42Z","2024-06-11T12:42Z","Illinois State Water Survey Central Analytical Laboratory",332.0,0.02696,5,"2024-06-13","A",,
"e6287002-4748-4ba5-a96a-56eb2df98cb2","D02","POSE","POSE.AOS.S2","POSE.SS.20240611.FIL.3","A00000371071","2024-06-11T12:42Z","2024-06-11T12:42Z","Illinois State Water Survey Central Analytical Laboratory",524.0,0.00168,5,"2024-06-13","A",,
"dfb33104-888a-4a0b-a372-de9d06ad555b","D02","POSE","POSE.AOS.S2","POSE.SS.20240611.FIL","A00000371069","2024-06-11T12:42Z","2024-06-11T12:42Z","Illinois State Water Survey Central Analytical Laboratory",572.0,0.00106,5,"2024-06-13","A",,
"4adb0e31-8705-48a1-8409-eae313a4dc4c","D02","POSE","POSE.AOS.S2","POSE.SS.20240611.FIL.2","A00000371070","2024-06-11T12:42Z","2024-06-11T12:42Z","Illinois State Water Survey Central Analytical Laboratory",486.0,0.00258,5,"2024-06-13","A",,
"30ccba99-3af2-4d03-b319-6c49ac1aa6d2","D02","POSE","POSE.AOS.S2","POSE.SS.20240611.FIL.2","A00000371070","2024-06-11T12:42Z","2024-06-11T12:42Z","Illinois State Water Survey Central Analytical Laboratory",578.0,0.00094,5,"2024-06-13","A",,
"66329388-ec6b-465d-a0cd-db7620a04728","D02","POSE","POSE.AOS.S2","POSE.SS.20240611.FIL.3","A00000371071","2024-06-11T12:42Z","2024-06-11T12:42Z","Illinois State Water Survey Central Analytical Laboratory",388.0,0.01102,5,"2024-06-13","B",,
"390e8b9d-40b5-4d51-bac2-8d78ce586636","D02","POSE","POSE.AOS.S2","POSE.SS.20240611.FIL.2","A00000371070","2024-06-11T12:42Z","2024-06-11T12:42Z","Illinois State Water Survey Central Analytical Laboratory",412.0,0.00740,5,"2024-06-13","A",,
"6557ad27-f2c1-42c2-b132-47556ad3ac61","D02","POSE","POSE.AOS.S2","POSE.SS.20240611.FIL.3","A00000371071","2024-06-11T12:42Z","2024-06-11T12:42Z","Illinois State Water Survey Central Analytical Laboratory",448.0,0.00436,5,"2024-06-13","A",,
"828f3122-6464-429e-9660-f3ed0b5fef3f","D02","POSE","POSE.AOS.S2","POSE.SS.20240611.FIL.3","A00000371071","2024-06-11T12:42Z","2024-06-11T12:42Z","Illinois State Water Survey Central Analytical Laboratory",400.0,0.00910,5,"2024-06-13","B",,
"9fbd856b-71ca-4d1c-803d-21c37f00f282","D02","POSE","POSE.AOS.S2","POSE.SS.20240611.FIL","A00000371069","2024-06-11T12:42Z","2024-06-11T12:42Z","Illinois State Water Survey Central Analytical Laboratory",522.0,0.00178,5,"2024-06-13","A",,
"29b7e718-f6b4-4823-8cfb-97ed229bf48e","D02","POSE","POSE.AOS.S2","POSE.SS.20240611.FIL.3","A00000371071","2024-06-11T12:42Z","2024-06-11T12:42Z","Illinois State Water Survey Central Analytical Laboratory",358.0,0.01802,5,"2024-06-13","B",,
"ac70c230-747e-46ad-9c33-cf3201ae1089","D02","POSE","POSE.AOS.S2","POSE.SS.20240611.FIL.2","A00000371070","2024-06-11T12:42Z","2024-06-11T12:42Z","Illinois State Water Survey Central Analytical Laboratory",244.0,0.07664,5,"2024-06-13","A",,
"65668151-fa99-4145-b93a-689a0c26fd24","D02","POSE","POSE.AOS.S2","POSE.SS.20240611.FIL.3","A00000371071","2024-06-11T12:42Z","2024-06-11T12:42Z","Illinois State Water Survey Central Analytical Laboratory",550.0,0.00130,5,"2024-06-13","B",,
"961616f7-b90a-4d85-b422-009e2e43aa46","D02","POSE","POSE.AOS.S2","POSE.SS.20240611.FIL.2","A00000371070","2024-06-11T12:42Z","2024-06-11T12:42Z","Illinois State Water Survey Central Analytical Laboratory",284.0,0.05146,5,"2024-06-13","B",,
"32575169-b8eb-4e65-a74a-ac3fc415e1a3","D02","POSE","POSE.AOS.S2","POSE.SS.20240611.FIL.2","A00000371070","2024-06-11T12:42Z","2024-06-11T12:42Z","Illinois State Water Survey Central Analytical Laboratory",564.0,0.00114,5,"2024-06-13","A",,
"dd914325-ecf5-4b80-bc23-bd4427eae6fe","D02","POSE","POSE.AOS.S2","POSE.SS.20240611.FIL.3","A00000371071","2024-06-11T12:42Z","2024-06-11T12:42Z","Illinois State Water Survey Central Analytical Laboratory",486.0,0.00266,5,"2024-06-13","B",,
"a5a0b828-4b17-488e-a052-a52b9f467b82","D02","POSE","POSE.AOS.S2","POSE.SS.20240611.FIL.3","A00000371071","2024-06-11T12:42Z","2024-06-11T12:42Z","Illinois State Water Survey Central Analytical Laboratory",584.0,0.00098,5,"2024-06-13","B",,
"915c22ed-430e-4017-8ff8-c2e32de28269","D02","POSE","POSE.AOS.S2","POSE.SS.20240611.FIL","A00000371069","2024-06-11T12:42Z","2024-06-11T12:42Z","Illinois State Water Survey Central Analytical Laboratory",366.0,0.01616,5,"2024-06-13","A",,
"a45b32c3-4abf-4551-a1a7-e1abc62fd746","D02","POSE","POSE.AOS.S2","POSE.SS.20240611.FIL","A00000371069","2024-06-11T12:42Z","2024-06-11T12:42Z","Illinois State Water Survey Central Analytical Laboratory",340.0,0.02414,5,"2024-06-13","B",,
"8571596c-f93f-4bfc-a70c-505b604e104d","D02","POSE","POSE.AOS.S2","POSE.SS.20240611.FIL.2","A00000371070","2024-06-11T12:42Z","2024-06-11T12:42Z","Illinois State Water Survey Central Analytical Laboratory",262.0,0.06506,5,"2024-06-13","B",,
"0379c719-90af-4867-8679-34615c1c732e","D02","POSE","POSE.AOS.S2","POSE.SS.20240611.FIL.2","A00000371070","2024-06-11T12:42Z","2024-06-11T12:42Z","Illinois State Water Survey Central Analytical Laboratory",350.0,0.02070,5,"2024-06-13","B",,
"53c61858-36cb-4822-b8b2-77e963f596c0","D02","POSE","POSE.AOS.S2","POSE.SS.20240611.FIL","A00000371069","2024-06-11T12:42Z","2024-06-11T12:42Z","Illinois State Water Survey Central Analytical Laboratory",240.0,0.08312,5,"2024-06-13","A",,
"1dba3de0-2619-4012-b818-be64a15163e5","D02","POSE","POSE.AOS.S2","POSE.SS.20240611.FIL","A00000371069","2024-06-11T12:42Z","2024-06-11T12:42Z","Illinois State Water Survey Central Analytical Laboratory",516.0,0.00194,5,"2024-06-13","B",,
"f248c98c-c149-491e-a657-70b6a2dae293","D02","POSE","POSE.AOS.S2","POSE.SS.20240611.FIL.2","A00000371070","2024-06-11T12:42Z","2024-06-11T12:42Z","Illinois State Water Survey Central Analytical Laboratory",410.0,0.00764,5,"2024-06-13","A",,
"6809b0f4-624f-4965-a234-dc0d1b0eacde","D02","POSE","POSE.AOS.S2","POSE.SS.20240611.FIL","A00000371069","2024-06-11T12:42Z","2024-06-11T12:42Z","Illinois State Water Survey Central Analytical Laboratory",456.0,0.00400,5,"2024-06-13","B",,
"1a0aa608-6d5b-46b3-945e-6501e9e08dee","D02","POSE","POSE.AOS.S2","POSE.SS.20240611.FIL","A00000371069","2024-06-11T12:42Z","2024-06-11T12:42Z","Illinois State Water Survey Central Analytical Laboratory",496.0,0.00242,5,"2024-06-13","B",,
"f0f24ab0-31ef-4e85-99cf-575cb6e7a14f","D02","POSE","POSE.AOS.S2","POSE.SS.20240611.FIL","A00000371069","2024-06-11T12:42Z","2024-06-11T12:42Z","Illinois State Water Survey Central Analytical Laboratory",266.0,0.06300,5,"2024-06-13","B",,
"22ee7823-c9eb-44ec-8928-896fdd694914","D02","POSE","POSE.AOS.S2","POSE.SS.20240611.FIL","A00000371069","2024-06-11T12:42Z","2024-06-11T12:42Z","Illinois State Water Survey Central Analytical Laboratory",492.0,0.00256,5,"2024-06-13","A",,
"fd27d164-1f59-42c1-933b-84955a8d45e3","D02","POSE","POSE.AOS.S2","POSE.SS.20240611.FIL.2","A00000371070","2024-06-11T12:42Z","2024-06-11T12:42Z","Illinois State Water Survey Central Analytical Laboratory",238.0,0.08614,5,"2024-06-13","B",,
"796f1e44-b6cb-4ff8-a479-9771bcae544f","D02","POSE","POSE.AOS.S2","POSE.SS.20240611.FIL.2","A00000371070","2024-06-11T12:42Z","2024-06-11T12:42Z","Illinois State Water Survey Central Analytical Laboratory",302.0,0.03976,5,"2024-06-13","A",,
"b4c3405b-33fe-4a32-88b5-a50e29b3f678","D02","POSE","POSE.AOS.S2","POSE.SS.20240611.FIL.2","A00000371070","2024-06-11T12:42Z","2024-06-11T12:42Z","Illinois State Water Survey Central Analytical Laboratory",486.0,0.00258,5,"2024-06-13","A",,
"792d88a5-1630-4f5c-af95-7c26f5d3524d","D02","POSE","POSE.AOS.S2","POSE.SS.20240611.FIL.2","A00000371070","2024-06-11T12:42Z","2024-06-11T12:42Z","Illinois State Water Survey Central Analytical Laboratory",324.0,0.02954,5,"2024-06-13","A",,
"49e94488-a3f5-4fe0-8131-0a600eea49b5","D02","POSE","POSE.AOS.S2","POSE.SS.20240611.FIL.2","A00000371070","2024-06-11T12:42Z","2024-06-11T12:42Z","Illinois State Water Survey Central Analytical Laboratory",496.0,0.00248,5,"2024-06-13","B",,
"01346bf8-2c11-4c42-9956-aae5d2916411","D02","POSE","POSE.AOS.S2","POSE.SS.20240611.FIL.2","A00000371070","2024-06-11T12:42Z","2024-06-11T12:42Z","Illinois State Water Survey Central Analytical Laboratory",446.0,0.00462,5,"2024-06-13","B",,
"ac73db7e-7a73-4eb3-abdc-e614e79cc36f","D02","POSE","POSE.AOS.S2","POSE.SS.20240611.FIL.2","A00000371070","2024-06-11T12:42Z","2024-06-11T12:42Z","Illinois State Water Survey Central Analytical Laboratory",308.0,0.03668,5,"2024-06-13","A",,
"5dabd0d4-bd45-4df6-a48a-cce63221bffb","D02","POSE","POSE.AOS.S2","POSE.SS.20240611.FIL","A00000371069","2024-06-11T12:42Z","2024-06-11T12:42Z","Illinois State Water Survey Central Analytical Laboratory",282.0,0.05310,5,"2024-06-13","B",,
"872e7401-3c20-4724-b247-1416eaea4fbe","D02","POSE","POSE.AOS.S2","POSE.SS.20240611.FIL.2","A00000371070","2024-06-11T12:42Z","2024-06-11T12:42Z","Illinois State Water Survey Central Analytical Laboratory",522.0,0.00186,5,"2024-06-13","B",,
"94f286d0-9d59-44f2-9ef9-29ea94b61d5d","D02","POSE","POSE.AOS.S2","POSE.SS.20240611.FIL.3","A00000371071","2024-06-11T12:42Z","2024-06-11T12:42Z","Illinois State Water Survey Central Analytical Laboratory",320.0,0.03156,5,"2024-06-13","A",,
"48aa81e7-4365-4bc0-8c1d-032c37da4ef1","D02","POSE","POSE.AOS.S2","POSE.SS.20240611.FIL.2","A00000371070","2024-06-11T12:42Z","2024-06-11T12:42Z","Illinois State Water Survey Central Analytical Laboratory",390.0,0.01090,5,"2024-06-13","B",,
"7b8bf715-85b8-4283-8689-7a33086e8559","D02","POSE","POSE.AOS.S2","POSE.SS.20240611.FIL","A00000371069","2024-06-11T12:42Z","2024-06-11T12:42Z","Illinois State Water Survey Central Analytical Laboratory",380.0,0.01286,5,"2024-06-13","A",,
"c9cd0b75-8cf8-4a1d-9333-3b90d66b952a","D02","POSE","POSE.AOS.S2","POSE.SS.20240611.FIL","A00000371069","2024-06-11T12:42Z","2024-06-11T12:42Z","Illinois State Water Survey Central Analytical Laboratory",256.0,0.06884,5,"2024-06-13","A",,
"05a4b2b5-7a43-4c42-94bf-0234050fb166","D02","POSE","POSE.AOS.S2","POSE.SS.20240611.FIL.3","A00000371071","2024-06-11T12:42Z","2024-06-11T12:42Z","Illinois State Water Survey Central Analytical Laboratory",598.0,0.00082,5,"2024-06-13","B",,
"adcf73eb-6743-4074-849a-fc534b5e8814","D02","POSE","POSE.AOS.S2","POSE.SS.20240611.FIL.2","A00000371070","2024-06-11T12:42Z","2024-06-11T12:42Z","Illinois State Water Survey Central Analytical Laboratory",452.0,0.00422,5,"2024-06-13","B",,
"39555867-649c-48a2-a4af-900406f0a908","D02","POSE","POSE.AOS.S2","POSE.SS.20240611.FIL","A00000371069","2024-06-11T12:42Z","2024-06-11T12:42Z","Illinois State Water Survey Central Analytical Laboratory",482.0,0.00298,5,"2024-06-13","B",,
"e58b46ea-4c57-4617-af7e-cdecdae155ec","D02","POSE","POSE.AOS.S2","POSE.SS.20240611.FIL.3","A00000371071","2024-06-11T12:42Z","2024-06-11T12:42Z","Illinois State Water Survey Central Analytical Laboratory",514.0,0.00188,5,"2024-06-13","A",,
"5d4b78a1-1e00-45d1-92a3-ab17850ddafa","D02","POSE","POSE.AOS.S2","POSE.SS.20240611.FIL.2","A00000371070","2024-06-11T12:42Z","2024-06-11T12:42Z","Illinois State Water Survey Central Analytical Laboratory",356.0,0.01838,5,"2024-06-13","A",,
"1bfe98a7-e6c4-4c4d-97b8-b5c74a705902","D02","POSE","POSE.AOS.S2","POSE.SS.20240611.FIL","A00000371069","2024-06-11T12:42Z","2024-06-11T12:42Z","Illinois State Water Survey Central Analytical Laboratory",374.0,0.01428,5,"2024-06-13","B",,
"5247f027-92cc-4591-b5a9-0520c001e1dd","D02","POSE","POSE.AOS.S2","POSE.SS.20240611.FIL.2","A00000371070","2024-06-11T12:42Z","2024-06-11T12:42Z","Illinois State Water Survey Central Analytical Laboratory",268.0,0.06042,5,"2024-06-13","A",,
"867a8545-d5b6-412b-bbe8-a9c1e25a1769","D02","POSE","POSE.AOS.S2","POSE.SS.20240611.FIL","A00000371069","2024-06-11T12:42Z","2024-06-11T12:42Z","Illinois State Water Survey Central Analytical Laboratory",268.0,0.06188,5,"2024-06-13","B",,
"67b62c07-6aac-45e6-a07e-349609aee70c","D02","POSE","POSE.AOS.S2","POSE.SS.20240611.FIL.2","A00000371070","2024-06-11T12:42Z","2024-06-11T12:42Z","Illinois State Water Survey Central Analytical Laboratory",592.0,0.00100,5,"2024-06-13","B",,
"2961521d-86e7-4c77-a541-63b3ff289814","D02","POSE","POSE.AOS.S2","POSE.SS.20240611.FIL.2","A00000371070","2024-06-11T12:42Z","2024-06-11T12:42Z","Illinois State Water Survey Central Analytical Laboratory",330.0,0.02770,5,"2024-06-13","B",,
"9c6d2e82-35c1-431b-baa3-58174e658f4c","D02","POSE","POSE.AOS.S2","POSE.SS.20240611.FIL","A00000371069","2024-06-11T12:42Z","2024-06-11T12:42Z","Illinois State Water Survey Central Analytical Laboratory",466.0,0.00352,5,"2024-06-13","B",,
"8bfb78ac-7e50-428a-a4d6-76835bc02072","D02","POSE","POSE.AOS.S2","POSE.SS.20240611.FIL","A00000371069","2024-06-11T12:42Z","2024-06-11T12:42Z","Illinois State Water Survey Central Analytical Laboratory",336.0,0.02548,5,"2024-06-13","A",,
"f887b822-0a29-431f-8e16-be6a0696a8c8","D02","POSE","POSE.AOS.S2","POSE.SS.20240611.FIL.2","A00000371070","2024-06-11T12:42Z","2024-06-11T12:42Z","Illinois State Water Survey Central Analytical Laboratory",310.0,0.03648,5,"2024-06-13","B",,
"742498b2-c234-4797-80c4-af858c65e486","D02","POSE","POSE.AOS.S2","POSE.SS.20240611.FIL.2","A00000371070","2024-06-11T12:42Z","2024-06-11T12:42Z","Illinois State Water Survey Central Analytical Laboratory",374.0,0.01416,5,"2024-06-13","B",,
"6bcaf55e-b0c2-49b1-bdc1-6976db40bbaf","D02","POSE","POSE.AOS.S2","POSE.SS.20240611.FIL","A00000371069","2024-06-11T12:42Z","2024-06-11T12:42Z","Illinois State Water Survey Central Analytical Laboratory",524.0,0.00174,5,"2024-06-13","A",,
"1577c1fb-0412-4012-9d17-1c52d853a561","D02","POSE","POSE.AOS.S2","POSE.SS.20240611.FIL","A00000371069","2024-06-11T12:42Z","2024-06-11T12:42Z","Illinois State Water Survey Central Analytical Laboratory",298.0,0.04300,5,"2024-06-13","B",,
"6ec124f2-a0eb-4cb8-b2ed-d1af8b8b7dd5","D02","POSE","POSE.AOS.S2","POSE.SS.20240611.FIL.2","A00000371070","2024-06-11T12:42Z","2024-06-11T12:42Z","Illinois State Water Survey Central Analytical Laboratory",292.0,0.04628,5,"2024-06-13","B",,
"5f4dead7-4899-40ef-ae86-6ba8dfc082c9","D02","POSE","POSE.AOS.S2","POSE.SS.20240611.FIL.3","A00000371071","2024-06-11T12:42Z","2024-06-11T12:42Z","Illinois State Water Survey Central Analytical Laboratory",286.0,0.04980,5,"2024-06-13","B",,
"2e4e7239-b480-4499-89fe-a522b3292b78","D02","POSE","POSE.AOS.S2","POSE.SS.20240611.FIL.3","A00000371071","2024-06-11T12:42Z","2024-06-11T12:42Z","Illinois State Water Survey Central Analytical Laboratory",244.0,0.07764,5,"2024-06-13","B",,
"7e51394e-3766-47e4-9b94-58dfa59b30fe","D02","POSE","POSE.AOS.S2","POSE.SS.20240611.FIL.2","A00000371070","2024-06-11T12:42Z","2024-06-11T12:42Z","Illinois State Water Survey Central Analytical Laboratory",298.0,0.04274,5,"2024-06-13","B",,
"6e6a216f-daa4-452e-8fe1-ca79d3289b16","D02","POSE","POSE.AOS.S2","POSE.SS.20240611.FIL.2","A00000371070","2024-06-11T12:42Z","2024-06-11T12:42Z","Illinois State Water Survey Central Analytical Laboratory",334.0,0.02562,5,"2024-06-13","A",,
"3772acd6-12a3-4257-a9db-2383fff8da16","D02","POSE","POSE.AOS.S2","POSE.SS.20240611.FIL","A00000371069","2024-06-11T12:42Z","2024-06-11T12:42Z","Illinois State Water Survey Central Analytical Laboratory",354.0,0.01952,5,"2024-06-13","A",,
"a6617805-63da-4dfe-a718-927ca0ac78c1","D02","POSE","POSE.AOS.S2","POSE.SS.20240611.FIL.2","A00000371070","2024-06-11T12:42Z","2024-06-11T12:42Z","Illinois State Water Survey Central Analytical Laboratory",320.0,0.03192,5,"2024-06-13","B",,
"bbaa5bb3-2c1e-4079-b379-baf21af6609a","D02","POSE","POSE.AOS.S2","POSE.SS.20240611.FIL.3","A00000371071","2024-06-11T12:42Z","2024-06-11T12:42Z","Illinois State Water Survey Central Analytical Laboratory",532.0,0.00154,5,"2024-06-13","A",,
"fd485e55-dacc-46bf-b274-29a250c246b3","D02","POSE","POSE.AOS.S2","POSE.SS.20240611.FIL","A00000371069","2024-06-11T12:42Z","2024-06-11T12:42Z","Illinois State Water Survey Central Analytical Laboratory",324.0,0.03038,5,"2024-06-13","B",,
"1b31c0ed-986c-42cc-bcf0-addf7f06a3b8","D02","POSE","POSE.AOS.S2","POSE.SS.20240611.FIL","A00000371069","2024-06-11T12:42Z","2024-06-11T12:42Z","Illinois State Water Survey Central Analytical Laboratory",266.0,0.06300,5,"2024-06-13","B",,
"374127fd-9b7b-4bca-86c7-b4aa9bf76961","D02","POSE","POSE.AOS.S2","POSE.SS.20240611.FIL.3","A00000371071","2024-06-11T12:42Z","2024-06-11T12:42Z","Illinois State Water Survey Central Analytical Laboratory",296.0,0.04348,5,"2024-06-13","B",,
"e17fa5d2-2eb1-4957-8165-a7e43284da9a","D02","POSE","POSE.AOS.S2","POSE.SS.20240611.FIL.2","A00000371070","2024-06-11T12:42Z","2024-06-11T12:42Z","Illinois State Water Survey Central Analytical Laboratory",486.0,0.00278,5,"2024-06-13","B",,
"42360f00-214f-4772-9183-c3e25a2debb5","D02","POSE","POSE.AOS.S2","POSE.SS.20240611.FIL","A00000371069","2024-06-11T12:42Z","2024-06-11T12:42Z","Illinois State Water Survey Central Analytical Laboratory",508.0,0.00218,5,"2024-06-13","B",,
"33164b71-dc17-4509-b922-7c3983cc1f46","D02","POSE","POSE.AOS.S2","POSE.SS.20240611.FIL.3","A00000371071","2024-06-11T12:42Z","2024-06-11T12:42Z","Illinois State Water Survey Central Analytical Laboratory",546.0,0.00134,5,"2024-06-13","B",,
"cd4311f3-3875-4435-ac01-929c05c06876","D02","POSE","POSE.AOS.S2","POSE.SS.20240611.FIL","A00000371069","2024-06-11T12:42Z","2024-06-11T12:42Z","Illinois State Water Survey Central Analytical Laboratory",444.0,0.00472,5,"2024-06-13","A",,
"56a075a4-105c-4a68-a830-1d530b32cbf7","D02","POSE","POSE.AOS.S2","POSE.SS.20240611.FIL","A00000371069","2024-06-11T12:42Z","2024-06-11T12:42Z","Illinois State Water Survey Central Analytical Laboratory",478.0,0.00298,5,"2024-06-13","A",,
"b60fdc67-fc91-405b-9627-22e12635c359","D02","POSE","POSE.AOS.S2","POSE.SS.20240611.FIL","A00000371069","2024-06-11T12:42Z","2024-06-11T12:42Z","Illinois State Water Survey Central Analytical Laboratory",556.0,0.00124,5,"2024-06-13","B",,
"513c77d4-76f6-4338-898b-51cfa4316314","D02","POSE","POSE.AOS.S2","POSE.SS.20240611.FIL.3","A00000371071","2024-06-11T12:42Z","2024-06-11T12:42Z","Illinois State Water Survey Central Analytical Laboratory",404.0,0.00858,5,"2024-06-13","A",,
"15224b12-cba5-432c-aab7-2f236e59c53d","D02","POSE","POSE.AOS.S2","POSE.SS.20240611.FIL","A00000371069","2024-06-11T12:42Z","2024-06-11T12:42Z","Illinois State Water Survey Central Analytical Laboratory",330.0,0.02776,5,"2024-06-13","A",,
"fce7e2a7-436c-4c9c-a997-2d00ba5d4e1f","D02","POSE","POSE.AOS.S2","POSE.SS.20240611.FIL.3","A00000371071","2024-06-11T12:42Z","2024-06-11T12:42Z","Illinois State Water Survey Central Analytical Laboratory",516.0,0.00186,5,"2024-06-13","A",,
"216aab5d-c032-49fe-8f22-842fb0fbd258","D02","POSE","POSE.AOS.S2","POSE.SS.20240611.FIL","A00000371069","2024-06-11T12:42Z","2024-06-11T12:42Z","Illinois State Water Survey Central Analytical Laboratory",292.0,0.04646,5,"2024-06-13","A",,
"7aad6e73-e8fe-4e89-aa70-41d83a052f72","D02","POSE","POSE.AOS.S2","POSE.SS.20240611.FIL.2","A00000371070","2024-06-11T12:42Z","2024-06-11T12:42Z","Illinois State Water Survey Central Analytical Laboratory",334.0,0.02620,5,"2024-06-13","B",,
"48f24b12-bc94-44c3-861a-940cbeb000cb","D02","POSE","POSE.AOS.S2","POSE.SS.20240611.FIL","A00000371069","2024-06-11T12:42Z","2024-06-11T12:42Z","Illinois State Water Survey Central Analytical Laboratory",518.0,0.00194,5,"2024-06-13","B",,
"d5b6311c-9fe5-429c-bc40-804335362021","D02","POSE","POSE.AOS.S2","POSE.SS.20240611.FIL","A00000371069","2024-06-11T12:42Z","2024-06-11T12:42Z","Illinois State Water Survey Central Analytical Laboratory",542.0,0.00146,5,"2024-06-13","A",,
"9c8f5fea-2969-4920-8646-b3ec83902b4a","D02","POSE","POSE.AOS.S2","POSE.SS.20240611.FIL.2","A00000371070","2024-06-11T12:42Z","2024-06-11T12:42Z","Illinois State Water Survey Central Analytical Laboratory",338.0,0.02468,5,"2024-06-13","B",,
"3df0969f-5ddc-4da5-8ea4-f856dcf2837b","D02","POSE","POSE.AOS.S2","POSE.SS.20240611.FIL.3","A00000371071","2024-06-11T12:42Z","2024-06-11T12:42Z","Illinois State Water Survey Central Analytical Laboratory",534.0,0.00150,5,"2024-06-13","B",,
"7a22fe18-5f0e-4c2d-8c68-d5b8127dabd0","D02","POSE","POSE.AOS.S2","POSE.SS.20240611.FIL.3","A00000371071","2024-06-11T12:42Z","2024-06-11T12:42Z","Illinois State Water Survey Central Analytical Laboratory",572.0,0.00104,5,"2024-06-13","A",,
"e792dbda-2b8c-4cc4-afd0-a0afcc341222","D02","POSE","POSE.AOS.S2","POSE.SS.20240611.FIL","A00000371069","2024-06-11T12:42Z","2024-06-11T12:42Z","Illinois State Water Survey Central Analytical Laboratory",566.0,0.00118,5,"2024-06-13","B",,
"3deb7c10-0611-4bd7-b57c-0b7bfac9eba4","D02","POSE","POSE.AOS.S2","POSE.SS.20240611.FIL","A00000371069","2024-06-11T12:42Z","2024-06-11T12:42Z","Illinois State Water Survey Central Analytical Laboratory",348.0,0.02136,5,"2024-06-13","A",,
"4605cb3d-741b-4256-b6bf-f249bfc4f685","D02","POSE","POSE.AOS.S2","POSE.SS.20240611.FIL.2","A00000371070","2024-06-11T12:42Z","2024-06-11T12:42Z","Illinois State Water Survey Central Analytical Laboratory",316.0,0.03370,5,"2024-06-13","B",,
"2332d4c1-5e22-4a5f-a0bb-0c1c592c4ef1","D02","POSE","POSE.AOS.S2","POSE.SS.20240611.FIL.2","A00000371070","2024-06-11T12:42Z","2024-06-11T12:42Z","Illinois State Water Survey Central Analytical Laboratory",514.0,0.00186,5,"2024-06-13","A",,
"9fb5d7b2-bfcc-4f24-bbfd-ac74a39a07e6","D02","POSE","POSE.AOS.S2","POSE.SS.20240611.FIL.2","A00000371070","2024-06-11T12:42Z","2024-06-11T12:42Z","Illinois State Water Survey Central Analytical Laboratory",450.0,0.00436,5,"2024-06-13","B",,
"f852f172-e9ec-4014-8320-5164963c00d8","D02","POSE","POSE.AOS.S2","POSE.SS.20240611.FIL","A00000371069","2024-06-11T12:42Z","2024-06-11T12:42Z","Illinois State Water Survey Central Analytical Laboratory",590.0,0.00096,5,"2024-06-13","B",,
"5d028a30-b93d-4f8d-8395-94db18ad55d2","D02","POSE","POSE.AOS.S2","POSE.SS.20240611.FIL","A00000371069","2024-06-11T12:42Z","2024-06-11T12:42Z","Illinois State Water Survey Central Analytical Laboratory",382.0,0.01250,5,"2024-06-13","B",,
"ae6c4ceb-c863-4595-bee0-62e9f7ff3b4b","D02","POSE","POSE.AOS.S2","POSE.SS.20240611.FIL.3","A00000371071","2024-06-11T12:42Z","2024-06-11T12:42Z","Illinois State Water Survey Central Analytical Laboratory",590.0,0.00096,5,"2024-06-13","B",,
"d99354e9-c0e9-48cc-a396-647ddfa6d875","D02","POSE","POSE.AOS.S2","POSE.SS.20240611.FIL.3","A00000371071","2024-06-11T12:42Z","2024-06-11T12:42Z","Illinois State Water Survey Central Analytical Laboratory",552.0,0.00126,5,"2024-06-13","B",,
"fc586bc1-e7dc-4424-bd32-7ca98a5aa742","D02","POSE","POSE.AOS.S2","POSE.SS.20240611.FIL.3","A00000371071","2024-06-11T12:42Z","2024-06-11T12:42Z","Illinois State Water Survey Central Analytical Laboratory",342.0,0.02296,5,"2024-06-13","B",,
"1cd65454-ad9d-42dd-80e7-66c5daa8fee9","D02","POSE","POSE.AOS.S2","POSE.SS.20240611.FIL.3","A00000371071","2024-06-11T12:42Z","2024-06-11T12:42Z","Illinois State Water Survey Central Analytical Laboratory",554.0,0.00120,5,"2024-06-13","A",,
"3b797c6c-55cf-4cb6-b505-ead8235810c2","D02","POSE","POSE.AOS.S2","POSE.SS.20240611.FIL","A00000371069","2024-06-11T12:42Z","2024-06-11T12:42Z","Illinois State Water Survey Central Analytical Laboratory",404.0,0.00886,5,"2024-06-13","B",,
"2c33b97d-27a3-4701-a87a-d8bfbbfb372c","D02","POSE","POSE.AOS.S2","POSE.SS.20240611.FIL.2","A00000371070","2024-06-11T12:42Z","2024-06-11T12:42Z","Illinois State Water Survey Central Analytical Laboratory",238.0,0.08458,5,"2024-06-13","A",,
"97d2b461-babd-43df-af59-08350ec6efca","D02","POSE","POSE.AOS.S2","POSE.SS.20240611.FIL","A00000371069","2024-06-11T12:42Z","2024-06-11T12:42Z","Illinois State Water Survey Central Analytical Laboratory",346.0,0.02202,5,"2024-06-13","A",,
"e2b347c5-c34f-4b59-9fd5-257c8b8a736e","D02","POSE","POSE.AOS.S2","POSE.SS.20240611.FIL.2","A00000371070","2024-06-11T12:42Z","2024-06-11T12:42Z","Illinois State Water Survey Central Analytical Laboratory",254.0,0.06868,5,"2024-06-13","A",,
"47d91bf0-445e-4c87-b80f-e624a8783d30","D02","POSE","POSE.AOS.S2","POSE.SS.20240611.FIL.3","A00000371071","2024-06-11T12:42Z","2024-06-11T12:42Z","Illinois State Water Survey Central Analytical Laboratory",326.0,0.02894,5,"2024-06-13","A",,
"eba18ccb-4a4a-47d8-bf76-2bd93e54c831","D02","POSE","POSE.AOS.S2","POSE.SS.20240611.FIL.3","A00000371071","2024-06-11T12:42Z","2024-06-11T12:42Z","Illinois State Water Survey Central Analytical Laboratory",572.0,0.00108,5,"2024-06-13","B",,
"d43ce186-b164-4993-8296-686eea70411c","D02","POSE","POSE.AOS.S2","POSE.SS.20240611.FIL.3","A00000371071","2024-06-11T12:42Z","2024-06-11T12:42Z","Illinois State Water Survey Central Analytical Laboratory",460.0,0.00364,5,"2024-06-13","A",,
"fb1c3082-a1a2-4350-8f7c-43e42d5b7adb","D02","POSE","POSE.AOS.S2","POSE.SS.20240611.FIL.3","A00000371071","2024-06-11T12:42Z","2024-06-11T12:42Z","Illinois State Water Survey Central Analytical Laboratory",446.0,0.00444,5,"2024-06-13","A",,
"f46eec42-3a17-4d20-b8e2-023724132229","D02","POSE","POSE.AOS.S2","POSE.SS.20240611.FIL.3","A00000371071","2024-06-11T12:42Z","2024-06-11T12:42Z","Illinois State Water Survey Central Analytical Laboratory",236.0,0.08932,5,"2024-06-13","A",,
"8fc7fbe1-704b-479c-96a1-2f9faff79553","D02","POSE","POSE.AOS.S2","POSE.SS.20240611.FIL","A00000371069","2024-06-11T12:42Z","2024-06-11T12:42Z","Illinois State Water Survey Central Analytical Laboratory",232.0,0.10096,5,"2024-06-13","A",,
"d8d3a684-2c7e-4275-af9d-b5a2ce829e2a","D02","POSE","POSE.AOS.S2","POSE.SS.20240611.FIL.3","A00000371071","2024-06-11T12:42Z","2024-06-11T12:42Z","Illinois State Water Survey Central Analytical Laboratory",376.0,0.01340,5,"2024-06-13","A",,
"094ef4d2-a213-4d3a-82d6-d3896554a46c","D02","POSE","POSE.AOS.S2","POSE.SS.20240611.FIL.2","A00000371070","2024-06-11T12:42Z","2024-06-11T12:42Z","Illinois State Water Survey Central Analytical Laboratory",544.0,0.00132,5,"2024-06-13","A",,
"611a3a5e-cbe2-4089-85ae-ade7ce276551","D02","POSE","POSE.AOS.S2","POSE.SS.20240611.FIL.3","A00000371071","2024-06-11T12:42Z","2024-06-11T12:42Z","Illinois State Water Survey Central Analytical Laboratory",524.0,0.00168,5,"2024-06-13","B",,
"8d1b30f5-a7b8-40f5-8eb3-abb60a9f5799","D02","POSE","POSE.AOS.S2","POSE.SS.20240611.FIL.3","A00000371071","2024-06-11T12:42Z","2024-06-11T12:42Z","Illinois State Water Survey Central Analytical Laboratory",296.0,0.04340,5,"2024-06-13","A",,
"a1904f26-7429-4276-b23b-866baadfe5e6","D02","POSE","POSE.AOS.S2","POSE.SS.20240611.FIL.2","A00000371070","2024-06-11T12:42Z","2024-06-11T12:42Z","Illinois State Water Survey Central Analytical Laboratory",522.0,0.00168,5,"2024-06-13","A",,
"ad85feea-eb1e-466c-868c-c142932e7b6a","D02","POSE","POSE.AOS.S2","POSE.SS.20240611.FIL.3","A00000371071","2024-06-11T12:42Z","2024-06-11T12:42Z","Illinois State Water Survey Central Analytical Laboratory",504.0,0.00208,5,"2024-06-13","A",,
"34d4a42f-ec9f-42e1-b81d-d8eca4117a96","D02","POSE","POSE.AOS.S2","POSE.SS.20240611.FIL.3","A00000371071","2024-06-11T12:42Z","2024-06-11T12:42Z","Illinois State Water Survey Central Analytical Laboratory",278.0,0.05484,5,"2024-06-13","A",,
"4b61827d-f87f-4542-9196-60932b3f5b9c","D02","POSE","POSE.AOS.S2","POSE.SS.20240611.FIL.2","A00000371070","2024-06-11T12:42Z","2024-06-11T12:42Z","Illinois State Water Survey Central Analytical Laboratory",220.0,0.16630,5,"2024-06-13","A",,
"1101b1cd-beec-4472-b043-6bab204031e2","D02","POSE","POSE.AOS.S2","POSE.SS.20240611.FIL.2","A00000371070","2024-06-11T12:42Z","2024-06-11T12:42Z","Illinois State Water Survey Central Analytical Laboratory",252.0,0.06984,5,"2024-06-13","A",,
"3c73667a-0c1b-4f8a-9bb7-4a21f075d949","D02","POSE","POSE.AOS.S2","POSE.SS.20240611.FIL.2","A00000371070","2024-06-11T12:42Z","2024-06-11T12:42Z","Illinois State Water Survey Central Analytical Laboratory",310.0,0.03576,5,"2024-06-13","A",,
"e1bc2a92-192e-4353-84ce-9f75cbdfc1f5","D02","POSE","POSE.AOS.S2","POSE.SS.20240611.FIL.3","A00000371071","2024-06-11T12:42Z","2024-06-11T12:42Z","Illinois State Water Survey Central Analytical Laboratory",334.0,0.02584,5,"2024-06-13","A",,
"c7692080-4661-4ca5-af63-ca7fb2be3580","D02","POSE","POSE.AOS.S2","POSE.SS.20240611.FIL.2","A00000371070","2024-06-11T12:42Z","2024-06-11T12:42Z","Illinois State Water Survey Central Analytical Laboratory",516.0,0.00200,5,"2024-06-13","B",,
"5476dddc-6680-480a-8eeb-9dada0438c32","D02","POSE","POSE.AOS.S2","POSE.SS.20240611.FIL.3","A00000371071","2024-06-11T12:42Z","2024-06-11T12:42Z","Illinois State Water Survey Central Analytical Laboratory",440.0,0.00494,5,"2024-06-13","B",,
"6ecb05e3-4e38-44ce-b5dd-895920ec522c","D02","POSE","POSE.AOS.S2","POSE.SS.20240611.FIL.2","A00000371070","2024-06-11T12:42Z","2024-06-11T12:42Z","Illinois State Water Survey Central Analytical Laboratory",258.0,0.06736,5,"2024-06-13","B",,
"94f3a412-7662-44ca-969c-ca70d6a1d063","D02","POSE","POSE.AOS.S2","POSE.SS.20240611.FIL.3","A00000371071","2024-06-11T12:42Z","2024-06-11T12:42Z","Illinois State Water Survey Central Analytical Laboratory",446.0,0.00444,5,"2024-06-13","A",,
"5b78eb9d-58d9-4fe5-b56a-6519c1780834","D02","POSE","POSE.AOS.S2","POSE.SS.20240611.FIL.2","A00000371070","2024-06-11T12:42Z","2024-06-11T12:42Z","Illinois State Water Survey Central Analytical Laboratory",438.0,0.00524,5,"2024-06-13","B",,
"fdfc884a-2958-4489-a7e4-2c0e6ed4a087","D02","POSE","POSE.AOS.S2","POSE.SS.20240611.FIL.2","A00000371070","2024-06-11T12:42Z","2024-06-11T12:42Z","Illinois State Water Survey Central Analytical Laboratory",578.0,0.00094,5,"2024-06-13","A",,
"7cdda6af-531f-42b6-928b-69f89eab4b8f","D02","POSE","POSE.AOS.S2","POSE.SS.20240611.FIL","A00000371069","2024-06-11T12:42Z","2024-06-11T12:42Z","Illinois State Water Survey Central Analytical Laboratory",558.0,0.00122,5,"2024-06-13","A",,
"3e89ad11-006c-4bbd-9aad-433fdf186eb8","D02","POSE","POSE.AOS.S2","POSE.SS.20240611.FIL.2","A00000371070","2024-06-11T12:42Z","2024-06-11T12:42Z","Illinois State Water Survey Central Analytical Laboratory",376.0,0.01372,5,"2024-06-13","B",,
"26aa2b78-c6a8-476d-ba68-52a774098c37","D02","POSE","POSE.AOS.S2","POSE.SS.20240611.FIL","A00000371069","2024-06-11T12:42Z","2024-06-11T12:42Z","Illinois State Water Survey Central Analytical Laboratory",316.0,0.03380,5,"2024-06-13","A",,
"7f7ff9fb-2610-46d5-8fd9-5c15a97056fa","D02","POSE","POSE.AOS.S2","POSE.SS.20240611.FIL","A00000371069","2024-06-11T12:42Z","2024-06-11T12:42Z","Illinois State Water Survey Central Analytical Laboratory",454.0,0.00410,5,"2024-06-13","A",,
"81ffc416-12f2-43cc-b1f6-3586b3d75666","D02","POSE","POSE.AOS.S2","POSE.SS.20240611.FIL","A00000371069","2024-06-11T12:42Z","2024-06-11T12:42Z","Illinois State Water Survey Central Analytical Laboratory",292.0,0.04646,5,"2024-06-13","A",,
"a11cfc9d-29ac-4548-b805-cbd8f6a8b92f","D02","POSE","POSE.AOS.S2","POSE.SS.20240611.FIL","A00000371069","2024-06-11T12:42Z","2024-06-11T12:42Z","Illinois State Water Survey Central Analytical Laboratory",354.0,0.01962,5,"2024-06-13","B",,
"5fcd79e0-6471-4104-89e6-0fc5c660a694","D02","POSE","POSE.AOS.S2","POSE.SS.20240611.FIL","A00000371069","2024-06-11T12:42Z","2024-06-11T12:42Z","Illinois State Water Survey Central Analytical Laboratory",428.0,0.00600,5,"2024-06-13","A",,
"700b2813-c368-4438-82ac-30deb9a83c9a","D02","POSE","POSE.AOS.S2","POSE.SS.20240611.FIL.2","A00000371070","2024-06-11T12:42Z","2024-06-11T12:42Z","Illinois State Water Survey Central Analytical Laboratory",598.0,0.00092,5,"2024-06-13","B",,
"2d2756f1-eee9-4189-bd1c-ded692a1ac19","D02","POSE","POSE.AOS.S2","POSE.SS.20240611.FIL","A00000371069","2024-06-11T12:42Z","2024-06-11T12:42Z","Illinois State Water Survey Central Analytical Laboratory",420.0,0.00686,5,"2024-06-13","B",,
"52f35766-72e1-4874-bf03-0ff4eedcf657","D02","POSE","POSE.AOS.S2","POSE.SS.20240611.FIL.2","A00000371070","2024-06-11T12:42Z","2024-06-11T12:42Z","Illinois State Water Survey Central Analytical Laboratory",338.0,0.02410,5,"2024-06-13","A",,
"3ff6a794-a79b-41fd-aac8-fafb36c8c082","D02","POSE","POSE.AOS.S2","POSE.SS.20240611.FIL.3","A00000371071","2024-06-11T12:42Z","2024-06-11T12:42Z","Illinois State Water Survey Central Analytical Laboratory",520.0,0.00176,5,"2024-06-13","A",,
"898f02d9-406b-4922-baf6-e13561a407d2","D02","POSE","POSE.AOS.S2","POSE.SS.20240611.FIL.2","A00000371070","2024-06-11T12:42Z","2024-06-11T12:42Z","Illinois State Water Survey Central Analytical Laboratory",252.0,0.06984,5,"2024-06-13","A",,
"ca964f12-60ae-4572-acb7-8209f2968270","D02","POSE","POSE.AOS.S2","POSE.SS.20240611.FIL","A00000371069","2024-06-11T12:42Z","2024-06-11T12:42Z","Illinois State Water Survey Central Analytical Laboratory",238.0,0.08658,5,"2024-06-13","B",,
"d74d40f0-d262-4e19-83a5-93a035f5c1ae","D02","POSE","POSE.AOS.S2","POSE.SS.20240611.FIL","A00000371069","2024-06-11T12:42Z","2024-06-11T12:42Z","Illinois State Water Survey Central Analytical Laboratory",422.0,0.00660,5,"2024-06-13","A",,
"d79c2593-a8cc-4836-9a49-b477687b91a9","D02","POSE","POSE.AOS.S2","POSE.SS.20240611.FIL","A00000371069","2024-06-11T12:42Z","2024-06-11T12:42Z","Illinois State Water Survey Central Analytical Laboratory",566.0,0.00112,5,"2024-06-13","A",,
"07bcaf08-b5d3-4db0-9a85-5fb6adbdedfc","D02","POSE","POSE.AOS.S2","POSE.SS.20240611.FIL.2","A00000371070","2024-06-11T12:42Z","2024-06-11T12:42Z","Illinois State Water Survey Central Analytical Laboratory",578.0,0.00116,5,"2024-06-13","B",,
"6e6327d9-31f9-4018-8632-81c07b91e247","D02","POSE","POSE.AOS.S2","POSE.SS.20240611.FIL.3","A00000371071","2024-06-11T12:42Z","2024-06-11T12:42Z","Illinois State Water Survey Central Analytical Laboratory",382.0,0.01214,5,"2024-06-13","B",,
"7c6c1000-5975-4712-9b82-311709bb2f21","D02","POSE","POSE.AOS.S2","POSE.SS.20240611.FIL.2","A00000371070","2024-06-11T12:42Z","2024-06-11T12:42Z","Illinois State Water Survey Central Analytical Laboratory",376.0,0.01330,5,"2024-06-13","A",,
"4de7547c-e0d1-49e2-abcf-775c208e16c9","D02","POSE","POSE.AOS.S2","POSE.SS.20240611.FIL","A00000371069","2024-06-11T12:42Z","2024-06-11T12:42Z","Illinois State Water Survey Central Analytical Laboratory",344.0,0.02266,5,"2024-06-13","A",,
"a6bab6f3-5b82-482a-acc8-ed9c38e1b34d","D02","POSE","POSE.AOS.S2","POSE.SS.20240611.FIL.3","A00000371071","2024-06-11T12:42Z","2024-06-11T12:42Z","Illinois State Water Survey Central Analytical Laboratory",450.0,0.00424,5,"2024-06-13","B",,
"015fd4e9-d96c-4238-94f8-df9f233b92af","D02","POSE","POSE.AOS.S2","POSE.SS.20240611.FIL.2","A00000371070","2024-06-11T12:42Z","2024-06-11T12:42Z","Illinois State Water Survey Central Analytical Laboratory",500.0,0.00234,5,"2024-06-13","B",,
"d6b0dcfc-ed5b-452f-9281-bf7ad1c5bef0","D02","POSE","POSE.AOS.S2","POSE.SS.20240611.FIL","A00000371069","2024-06-11T12:42Z","2024-06-11T12:42Z","Illinois State Water Survey Central Analytical Laboratory",348.0,0.02136,5,"2024-06-13","A",,
"0587bf2e-da42-498e-93d0-78080de68d0e","D02","POSE","POSE.AOS.S2","POSE.SS.20240611.FIL.3","A00000371071","2024-06-11T12:42Z","2024-06-11T12:42Z","Illinois State Water Survey Central Analytical Laboratory",294.0,0.04458,5,"2024-06-13","A",,
"3b5164ea-ed9b-44fb-abe7-a2d45c092fd3","D02","POSE","POSE.AOS.S2","POSE.SS.20240611.FIL.2","A00000371070","2024-06-11T12:42Z","2024-06-11T12:42Z","Illinois State Water Survey Central Analytical Laboratory",570.0,0.00122,5,"2024-06-13","B",,
"efed8a5d-d0ac-4677-8c58-391dfad5224f","D02","POSE","POSE.AOS.S2","POSE.SS.20240611.FIL","A00000371069","2024-06-11T12:42Z","2024-06-11T12:42Z","Illinois State Water Survey Central Analytical Laboratory",598.0,0.00086,5,"2024-06-13","B",,
"7d9a14c7-6df8-4891-b69d-5113216369be","D02","POSE","POSE.AOS.S2","POSE.SS.20240611.FIL.3","A00000371071","2024-06-11T12:42Z","2024-06-11T12:42Z","Illinois State Water Survey Central Analytical Laboratory",238.0,0.08562,5,"2024-06-13","A",,
"6f86751e-bee3-41e6-abde-83df58ff5779","D02","POSE","POSE.AOS.S2","POSE.SS.20240611.FIL","A00000371069","2024-06-11T12:42Z","2024-06-11T12:42Z","Illinois State Water Survey Central Analytical Laboratory",340.0,0.02404,5,"2024-06-13","A",,
"e92f5e96-8265-4bd0-b8cd-b2cddbfe9a83","D02","POSE","POSE.AOS.S2","POSE.SS.20240611.FIL.2","A00000371070","2024-06-11T12:42Z","2024-06-11T12:42Z","Illinois State Water Survey Central Analytical Laboratory",318.0,0.03274,5,"2024-06-13","B",,
"b60f15f1-53fc-4ece-bcd0-711ae2d131e7","D02","POSE","POSE.AOS.S2","POSE.SS.20240611.FIL.3","A00000371071","2024-06-11T12:42Z","2024-06-11T12:42Z","Illinois State Water Survey Central Analytical Laboratory",326.0,0.02900,5,"2024-06-13","B",,
"44a76220-724e-431d-82cc-431046da82f9","D02","POSE","POSE.AOS.S2","POSE.SS.20240611.FIL","A00000371069","2024-06-11T12:42Z","2024-06-11T12:42Z","Illinois State Water Survey Central Analytical Laboratory",534.0,0.00156,5,"2024-06-13","A",,
"2bfb5a53-4eb3-46c5-843e-8970c03edf0f","D02","POSE","POSE.AOS.S2","POSE.SS.20240611.FIL.3","A00000371071","2024-06-11T12:42Z","2024-06-11T12:42Z","Illinois State Water Survey Central Analytical Laboratory",308.0,0.03702,5,"2024-06-13","A",,
"4c96200f-2a77-40e7-bc35-edc3ac076076","D02","POSE","POSE.AOS.S2","POSE.SS.20240611.FIL.3","A00000371071","2024-06-11T12:42Z","2024-06-11T12:42Z","Illinois State Water Survey Central Analytical Laboratory",226.0,0.12536,5,"2024-06-13","B",,
"e1a1dd67-8834-40e3-b973-bc7ed87b3e3a","D02","POSE","POSE.AOS.S2","POSE.SS.20240611.FIL.2","A00000371070","2024-06-11T12:42Z","2024-06-11T12:42Z","Illinois State Water Survey Central Analytical Laboratory",460.0,0.00378,5,"2024-06-13","B",,
"d8ee058e-cac8-46ba-8b92-13489a20a17b","D02","POSE","POSE.AOS.S2","POSE.SS.20240611.FIL.2","A00000371070","2024-06-11T12:42Z","2024-06-11T12:42Z","Illinois State Water Survey Central Analytical Laboratory",396.0,0.00988,5,"2024-06-13","B",,
"d7583b0d-2fec-44ae-8dc1-ac20738f3940","D02","POSE","POSE.AOS.S2","POSE.SS.20240611.FIL","A00000371069","2024-06-11T12:42Z","2024-06-11T12:42Z","Illinois State Water Survey Central Analytical Laboratory",576.0,0.00104,5,"2024-06-13","B",,
"f709fe48-3a23-414c-b084-1a7bb2c3a979","D02","POSE","POSE.AOS.S2","POSE.SS.20240611.FIL.2","A00000371070","2024-06-11T12:42Z","2024-06-11T12:42Z","Illinois State Water Survey Central Analytical Laboratory",498.0,0.00242,5,"2024-06-13","B",,
"59cac41d-bc9f-43e6-b212-6eb17a8c0e04","D02","POSE","POSE.AOS.S2","POSE.SS.20240611.FIL","A00000371069","2024-06-11T12:42Z","2024-06-11T12:42Z","Illinois State Water Survey Central Analytical Laboratory",234.0,0.09488,5,"2024-06-13","A",,
"58e98970-6797-4a27-b864-01400baf12f5","D02","POSE","POSE.AOS.S2","POSE.SS.20240611.FIL","A00000371069","2024-06-11T12:42Z","2024-06-11T12:42Z","Illinois State Water Survey Central Analytical Laboratory",408.0,0.00818,5,"2024-06-13","A",,
"07abe050-e014-480d-854c-49b781ad306d","D02","POSE","POSE.AOS.S2","POSE.SS.20240611.FIL.3","A00000371071","2024-06-11T12:42Z","2024-06-11T12:42Z","Illinois State Water Survey Central Analytical Laboratory",488.0,0.00262,5,"2024-06-13","B",,
"ba6fb0da-3f87-4a17-8b28-a3a9a7b5c8bb","D02","POSE","POSE.AOS.S2","POSE.SS.20240611.FIL.2","A00000371070","2024-06-11T12:42Z","2024-06-11T12:42Z","Illinois State Water Survey Central Analytical Laboratory",332.0,0.02688,5,"2024-06-13","B",,
"ef985a7d-12e7-4497-9e1a-6d1574c97890","D02","POSE","POSE.AOS.S2","POSE.SS.20240611.FIL.3","A00000371071","2024-06-11T12:42Z","2024-06-11T12:42Z","Illinois State Water Survey Central Analytical Laboratory",304.0,0.03920,5,"2024-06-13","B",,
"77943bad-240d-4428-8d42-d5b1e6d93fd7","D02","POSE","POSE.AOS.S2","POSE.SS.20240611.FIL.3","A00000371071","2024-06-11T12:42Z","2024-06-11T12:42Z","Illinois State Water Survey Central Analytical Laboratory",362.0,0.01684,5,"2024-06-13","B",,
"4cc2daf3-5e7f-42a0-9898-f86254b6ac44","D02","POSE","POSE.AOS.S2","POSE.SS.20240611.FIL","A00000371069","2024-06-11T12:42Z","2024-06-11T12:42Z","Illinois State Water Survey Central Analytical Laboratory",486.0,0.00272,5,"2024-06-13","A",,
"13a10ac5-784c-4aa8-81e7-198eeed4065d","D02","POSE","POSE.AOS.S2","POSE.SS.20240611.FIL.3","A00000371071","2024-06-11T12:42Z","2024-06-11T12:42Z","Illinois State Water Survey Central Analytical Laboratory",288.0,0.04860,5,"2024-06-13","B",,
"9a74e0c7-f0ed-44c0-ae8a-ac016e583a79","D02","POSE","POSE.AOS.S2","POSE.SS.20240611.FIL.2","A00000371070","2024-06-11T12:42Z","2024-06-11T12:42Z","Illinois State Water Survey Central Analytical Laboratory",364.0,0.01666,5,"2024-06-13","B",,
"abdd5511-2004-4233-bef4-ba98f6e40e7b","D02","POSE","POSE.AOS.S2","POSE.SS.20240611.FIL.2","A00000371070","2024-06-11T12:42Z","2024-06-11T12:42Z","Illinois State Water Survey Central Analytical Laboratory",282.0,0.05178,5,"2024-06-13","A",,
"c5b25ca8-8575-48ff-ab39-bc9305b8e98a","D02","POSE","POSE.AOS.S2","POSE.SS.20240611.FIL.3","A00000371071","2024-06-11T12:42Z","2024-06-11T12:42Z","Illinois State Water Survey Central Analytical Laboratory",330.0,0.02734,5,"2024-06-13","A",,
"8d435abd-63aa-44da-8a34-63e09c29185b","D02","POSE","POSE.AOS.S2","POSE.SS.20240611.FIL.3","A00000371071","2024-06-11T12:42Z","2024-06-11T12:42Z","Illinois State Water Survey Central Analytical Laboratory",366.0,0.01580,5,"2024-06-13","A",,
"05465ccd-77c0-447d-938e-b1119bfc1f6c","D02","POSE","POSE.AOS.S2","POSE.SS.20240611.FIL.3","A00000371071","2024-06-11T12:42Z","2024-06-11T12:42Z","Illinois State Water Survey Central Analytical Laboratory",552.0,0.00122,5,"2024-06-13","A",,
"88b34f30-c1d6-49b0-8ddb-871db352c1ea","D02","POSE","POSE.AOS.S2","POSE.SS.20240611.FIL","A00000371069","2024-06-11T12:42Z","2024-06-11T12:42Z","Illinois State Water Survey Central Analytical Laboratory",598.0,0.00076,5,"2024-06-13","A",,
"27560ecf-05e1-4599-93f9-a6b682fe8a5f","D02","POSE","POSE.AOS.S2","POSE.SS.20240611.FIL","A00000371069","2024-06-11T12:42Z","2024-06-11T12:42Z","Illinois State Water Survey Central Analytical Laboratory",548.0,0.00134,5,"2024-06-13","A",,
"5edb0783-a578-489a-99fa-9e622e00399f","D02","POSE","POSE.AOS.S2","POSE.SS.20240611.FIL.3","A00000371071","2024-06-11T12:42Z","2024-06-11T12:42Z","Illinois State Water Survey Central Analytical Laboratory",286.0,0.04970,5,"2024-06-13","A",,
"fe5f6ece-be14-466b-84b5-f096d1bf449e","D02","POSE","POSE.AOS.S2","POSE.SS.20240611.FIL.3","A00000371071","2024-06-11T12:42Z","2024-06-11T12:42Z","Illinois State Water Survey Central Analytical Laboratory",476.0,0.00300,5,"2024-06-13","B",,
"bea2b15b-131c-433f-a4cf-90bd7f3aec81","D02","POSE","POSE.AOS.S2","POSE.SS.20240611.FIL","A00000371069","2024-06-11T12:42Z","2024-06-11T12:42Z","Illinois State Water Survey Central Analytical Laboratory",378.0,0.01330,5,"2024-06-13","A",,
"e68db5ed-65a0-4845-b724-1106a02bc966","D02","POSE","POSE.AOS.S2","POSE.SS.20240611.FIL","A00000371069","2024-06-11T12:42Z","2024-06-11T12:42Z","Illinois State Water Survey Central Analytical Laboratory",244.0,0.07842,5,"2024-06-13","B",,
"2a0cb23f-435a-4c57-b840-bfcd3a012fd8","D02","POSE","POSE.AOS.S2","POSE.SS.20240611.FIL","A00000371069","2024-06-11T12:42Z","2024-06-11T12:42Z","Illinois State Water Survey Central Analytical Laboratory",394.0,0.01020,5,"2024-06-13","A",,
"e15b21ca-4ff0-489c-95ac-d7bc65c0177e","D02","POSE","POSE.AOS.S2","POSE.SS.20240611.FIL","A00000371069","2024-06-11T12:42Z","2024-06-11T12:42Z","Illinois State Water Survey Central Analytical Laboratory",430.0,0.00594,5,"2024-06-13","B",,
"15dd1b78-146d-446a-a3b6-2360d0c2ffdb","D02","POSE","POSE.AOS.S2","POSE.SS.20240611.FIL.3","A00000371071","2024-06-11T12:42Z","2024-06-11T12:42Z","Illinois State Water Survey Central Analytical Laboratory",294.0,0.04458,5,"2024-06-13","A",,
"7148fea6-1b20-4f31-a023-39a6955a7509","D02","POSE","POSE.AOS.S2","POSE.SS.20240611.FIL","A00000371069","2024-06-11T12:42Z","2024-06-11T12:42Z","Illinois State Water Survey Central Analytical Laboratory",276.0,0.05668,5,"2024-06-13","A",,
"5c3255b9-9d7b-4b17-aded-aaff21d047a3","D02","POSE","POSE.AOS.S2","POSE.SS.20240611.FIL.3","A00000371071","2024-06-11T12:42Z","2024-06-11T12:42Z","Illinois State Water Survey Central Analytical Laboratory",542.0,0.00140,5,"2024-06-13","A",,
"ce7df2be-5cce-4569-83b9-31dc09d033ba","D02","POSE","POSE.AOS.S2","POSE.SS.20240611.FIL.2","A00000371070","2024-06-11T12:42Z","2024-06-11T12:42Z","Illinois State Water Survey Central Analytical Laboratory",398.0,0.00960,5,"2024-06-13","B",,
"5735ef30-60fa-40b2-81fd-dd877465237f","D02","POSE","POSE.AOS.S2","POSE.SS.20240611.FIL.2","A00000371070","2024-06-11T12:42Z","2024-06-11T12:42Z","Illinois State Water Survey Central Analytical Laboratory",436.0,0.00540,5,"2024-06-13","B",,
"0df3df43-67f3-490b-84c7-b113a8644448","D02","POSE","POSE.AOS.S2","POSE.SS.20240611.FIL","A00000371069","2024-06-11T12:42Z","2024-06-11T12:42Z","Illinois State Water Survey Central Analytical Laboratory",286.0,0.05034,5,"2024-06-13","A",,
"a033af6b-6110-4b16-a9b5-f18d4572f9b8","D02","POSE","POSE.AOS.S2","POSE.SS.20240611.FIL","A00000371069","2024-06-11T12:42Z","2024-06-11T12:42Z","Illinois State Water Survey Central Analytical Laboratory",492.0,0.00260,5,"2024-06-13","B",,
"da1e09e9-1bf4-4a5c-bbe5-6a8b255a1c7a","D02","POSE","POSE.AOS.S2","POSE.SS.20240611.FIL.3","A00000371071","2024-06-11T12:42Z","2024-06-11T12:42Z","Illinois State Water Survey Central Analytical Laboratory",508.0,0.00206,5,"2024-06-13","A",,
"4015f790-d661-430a-83e6-360e8c13afe5","D02","POSE","POSE.AOS.S2","POSE.SS.20240611.FIL","A00000371069","2024-06-11T12:42Z","2024-06-11T12:42Z","Illinois State Water Survey Central Analytical Laboratory",504.0,0.00218,5,"2024-06-13","A",,
"b398d860-7a5d-4150-aade-515552f01292","D02","POSE","POSE.AOS.S2","POSE.SS.20240611.FIL","A00000371069","2024-06-11T12:42Z","2024-06-11T12:42Z","Illinois State Water Survey Central Analytical Laboratory",554.0,0.00126,5,"2024-06-13","A",,
"ed53c11e-bdac-4a47-a3a0-23f3fae5c630","D02","POSE","POSE.AOS.S2","POSE.SS.20240611.FIL","A00000371069","2024-06-11T12:42Z","2024-06-11T12:42Z","Illinois State Water Survey Central Analytical Laboratory",494.0,0.00250,5,"2024-06-13","B",,
"364d1ad8-82a9-42cb-a657-d9ca130ad21f","D02","POSE","POSE.AOS.S2","POSE.SS.20240611.FIL","A00000371069","2024-06-11T12:42Z","2024-06-11T12:42Z","Illinois State Water Survey Central Analytical Laboratory",486.0,0.00278,5,"2024-06-13","B",,
"1ddcf0df-267c-460e-9678-ad43d3c87878","D02","POSE","POSE.AOS.S2","POSE.SS.20240611.FIL","A00000371069","2024-06-11T12:42Z","2024-06-11T12:42Z","Illinois State Water Survey Central Analytical Laboratory",314.0,0.03462,5,"2024-06-13","A",,
"f1a86b8c-9185-459e-ae5e-424c87a8f820","D02","POSE","POSE.AOS.S2","POSE.SS.20240611.FIL.2","A00000371070","2024-06-11T12:42Z","2024-06-11T12:42Z","Illinois State Water Survey Central Analytical Laboratory",296.0,0.04378,5,"2024-06-13","B",,
"7145ad72-2f71-4eda-88c5-f5e4e6c5b6c3","D02","POSE","POSE.AOS.S2","POSE.SS.20240611.FIL.2","A00000371070","2024-06-11T12:42Z","2024-06-11T12:42Z","Illinois State Water Survey Central Analytical Laboratory",516.0,0.00200,5,"2024-06-13","B",,
"4ca74f27-060c-4dcb-9571-a4cda64966b0","D02","POSE","POSE.AOS.S2","POSE.SS.20240611.FIL.2","A00000371070","2024-06-11T12:42Z","2024-06-11T12:42Z","Illinois State Water Survey Central Analytical Laboratory",570.0,0.00102,5,"2024-06-13","A",,
"d2602aa9-32b2-4640-b2e1-ea336844a377","D02","POSE","POSE.AOS.S2","POSE.SS.20240611.FIL.2","A00000371070","2024-06-11T12:42Z","2024-06-11T12:42Z","Illinois State Water Survey Central Analytical Laboratory",312.0,0.03556,5,"2024-06-13","B",,
"3185f939-5843-422d-a92d-a053b6eb51f6","D02","POSE","POSE.AOS.S2","POSE.SS.20240611.FIL.3","A00000371071","2024-06-11T12:42Z","2024-06-11T12:42Z","Illinois State Water Survey Central Analytical Laboratory",262.0,0.06468,5,"2024-06-13","B",,
"26cdb6f0-8d33-418f-bb73-0b0942e25ea2","D02","POSE","POSE.AOS.S2","POSE.SS.20240611.FIL.3","A00000371071","2024-06-11T12:42Z","2024-06-11T12:42Z","Illinois State Water Survey Central Analytical Laboratory",526.0,0.00164,5,"2024-06-13","A",,
"dc86d957-a8bb-4733-9e17-6b835585358b","D02","POSE","POSE.AOS.S2","POSE.SS.20240611.FIL.2","A00000371070","2024-06-11T12:42Z","2024-06-11T12:42Z","Illinois State Water Survey Central Analytical Laboratory",352.0,0.01958,5,"2024-06-13","A",,
"9a1d4d2e-74e4-47ea-9753-17248d50c745","D02","POSE","POSE.AOS.S2","POSE.SS.20240611.FIL","A00000371069","2024-06-11T12:42Z","2024-06-11T12:42Z","Illinois State Water Survey Central Analytical Laboratory",552.0,0.00132,5,"2024-06-13","B",,
"c0745726-76f2-4ca1-bb34-79ba22f1a22c","D02","POSE","POSE.AOS.S2","POSE.SS.20240611.FIL","A00000371069","2024-06-11T12:42Z","2024-06-11T12:42Z","Illinois State Water Survey Central Analytical Laboratory",240.0,0.08332,5,"2024-06-13","B",,
"d7b492bb-16b9-4dfc-838f-f8a2a12a171e","D02","POSE","POSE.AOS.S2","POSE.SS.20240611.FIL","A00000371069","2024-06-11T12:42Z","2024-06-11T12:42Z","Illinois State Water Survey Central Analytical Laboratory",384.0,0.01204,5,"2024-06-13","A",,
"64bd13b6-e585-4fcc-bc3c-3919d3aad70e","D02","POSE","POSE.AOS.S2","POSE.SS.20240611.FIL","A00000371069","2024-06-11T12:42Z","2024-06-11T12:42Z","Illinois State Water Survey Central Analytical Laboratory",238.0,0.08640,5,"2024-06-13","A",,
"14efc755-db9b-4ade-8515-bd289ebef4cb","D02","POSE","POSE.AOS.S2","POSE.SS.20240611.FIL.2","A00000371070","2024-06-11T12:42Z","2024-06-11T12:42Z","Illinois State Water Survey Central Analytical Laboratory",442.0,0.00494,5,"2024-06-13","B",,
"11202bf5-b77b-4f1a-96d2-893efde0fee1","D02","POSE","POSE.AOS.S2","POSE.SS.20240611.FIL","A00000371069","2024-06-11T12:42Z","2024-06-11T12:42Z","Illinois State Water Survey Central Analytical Laboratory",346.0,0.02214,5,"2024-06-13","B",,
"affaaca7-0e59-4d7f-980b-3af3668b243d","D02","POSE","POSE.AOS.S2","POSE.SS.20240611.FIL.2","A00000371070","2024-06-11T12:42Z","2024-06-11T12:42Z","Illinois State Water Survey Central Analytical Laboratory",590.0,0.00088,5,"2024-06-13","A",,
"0beeeccc-4030-48bc-bbc4-bdbda95b29dc","D02","POSE","POSE.AOS.S2","POSE.SS.20240611.FIL.2","A00000371070","2024-06-11T12:42Z","2024-06-11T12:42Z","Illinois State Water Survey Central Analytical Laboratory",326.0,0.02866,5,"2024-06-13","A",,
"82ae9b96-7d27-41ab-89d8-d9e2ed306d01","D02","POSE","POSE.AOS.S2","POSE.SS.20240611.FIL","A00000371069","2024-06-11T12:42Z","2024-06-11T12:42Z","Illinois State Water Survey Central Analytical Laboratory",560.0,0.00124,5,"2024-06-13","A",,
"75c1facd-a5a0-4a87-a30d-19d5d97e6746","D02","POSE","POSE.AOS.S2","POSE.SS.20240611.FIL.3","A00000371071","2024-06-11T12:42Z","2024-06-11T12:42Z","Illinois State Water Survey Central Analytical Laboratory",316.0,0.03334,5,"2024-06-13","A",,
"84a2b1e4-8b29-47a1-a9f1-52414dee6c21","D02","POSE","POSE.AOS.S2","POSE.SS.20240611.FIL","A00000371069","2024-06-11T12:42Z","2024-06-11T12:42Z","Illinois State Water Survey Central Analytical Laboratory",424.0,0.00642,5,"2024-06-13","A",,
"a50c3338-71a7-4340-a4d9-cd1b249837e1","D02","POSE","POSE.AOS.S2","POSE.SS.20240611.FIL","A00000371069","2024-06-11T12:42Z","2024-06-11T12:42Z","Illinois State Water Survey Central Analytical Laboratory",400.0,0.00942,5,"2024-06-13","B",,
"d6b3a512-5b37-47e8-b6c4-e2763f058e8c","D02","POSE","POSE.AOS.S2","POSE.SS.20240611.FIL.2","A00000371070","2024-06-11T12:42Z","2024-06-11T12:42Z","Illinois State Water Survey Central Analytical Laboratory",388.0,0.01126,5,"2024-06-13","B",,
"bd5570ae-e14d-4d43-af2d-6d941bfd41c2","D02","POSE","POSE.AOS.S2","POSE.SS.20240611.FIL.3","A00000371071","2024-06-11T12:42Z","2024-06-11T12:42Z","Illinois State Water Survey Central Analytical Laboratory",464.0,0.00344,5,"2024-06-13","A",,
"e72d5fd5-2973-4fc6-ba5e-a0394cb98e16","D02","POSE","POSE.AOS.S2","POSE.SS.20240611.FIL.3","A00000371071","2024-06-11T12:42Z","2024-06-11T12:42Z","Illinois State Water Survey Central Analytical Laboratory",568.0,0.00116,5,"2024-06-13","B",,
"40d284ca-8c9a-46fb-a0c4-a4730fc6587c","D02","POSE","POSE.AOS.S2","POSE.SS.20240611.FIL","A00000371069","2024-06-11T12:42Z","2024-06-11T12:42Z","Illinois State Water Survey Central Analytical Laboratory",460.0,0.00376,5,"2024-06-13","A",,
"d3e88f92-1f18-422e-ae79-0d89f7120689","D02","POSE","POSE.AOS.S2","POSE.SS.20240611.FIL","A00000371069","2024-06-11T12:42Z","2024-06-11T12:42Z","Illinois State Water Survey Central Analytical Laboratory",350.0,0.02086,5,"2024-06-13","B",,
"75c4aa94-fdf5-4512-bb8a-dfd306c9027a","D02","POSE","POSE.AOS.S2","POSE.SS.20240611.FIL.2","A00000371070","2024-06-11T12:42Z","2024-06-11T12:42Z","Illinois State Water Survey Central Analytical Laboratory",232.0,0.10058,5,"2024-06-13","B",,
"2d844682-9ba3-4245-b71f-434b143bdc9a","D02","POSE","POSE.AOS.S2","POSE.SS.20240611.FIL.3","A00000371071","2024-06-11T12:42Z","2024-06-11T12:42Z","Illinois State Water Survey Central Analytical Laboratory",588.0,0.00086,5,"2024-06-13","B",,
"cabac8d3-a2a5-4e15-9c63-77c99a9e731f","D02","POSE","POSE.AOS.S2","POSE.SS.20240611.FIL","A00000371069","2024-06-11T12:42Z","2024-06-11T12:42Z","Illinois State Water Survey Central Analytical Laboratory",532.0,0.00162,5,"2024-06-13","A",,
"06ff7e53-64f9-4dcc-ab1d-b7743aca3d4f","D02","POSE","POSE.AOS.S2","POSE.SS.20240611.FIL.3","A00000371071","2024-06-11T12:42Z","2024-06-11T12:42Z","Illinois State Water Survey Central Analytical Laboratory",342.0,0.02292,5,"2024-06-13","A",,
"17893213-8966-4d2c-922c-3d3f506e5de9","D02","POSE","POSE.AOS.S2","POSE.SS.20240611.FIL.2","A00000371070","2024-06-11T12:42Z","2024-06-11T12:42Z","Illinois State Water Survey Central Analytical Laboratory",344.0,0.02208,5,"2024-06-13","A",,
"8251cea5-86cb-4dea-81cb-c1ba85b488be","D02","POSE","POSE.AOS.S2","POSE.SS.20240611.FIL.3","A00000371071","2024-06-11T12:42Z","2024-06-11T12:42Z","Illinois State Water Survey Central Analytical Laboratory",368.0,0.01532,5,"2024-06-13","B",,
"2ac1aacb-68fa-475c-8892-4e0c39a1e3d3","D02","POSE","POSE.AOS.S2","POSE.SS.20240611.FIL","A00000371069","2024-06-11T12:42Z","2024-06-11T12:42Z","Illinois State Water Survey Central Analytical Laboratory",278.0,0.05552,5,"2024-06-13","A",,
"3e512718-fe81-49ac-99e0-b8076c1c08c5","D02","POSE","POSE.AOS.S2","POSE.SS.20240611.FIL.3","A00000371071","2024-06-11T12:42Z","2024-06-11T12:42Z","Illinois State Water Survey Central Analytical Laboratory",242.0,0.07970,5,"2024-06-13","B",,
"4932ae90-9a32-40e9-9d60-ddf689f64b03","D02","POSE","POSE.AOS.S2","POSE.SS.20240611.FIL.2","A00000371070","2024-06-11T12:42Z","2024-06-11T12:42Z","Illinois State Water Survey Central Analytical Laboratory",590.0,0.00100,5,"2024-06-13","B",,
"2e7392cb-d9ba-43a5-a6dc-512d50b82915","D02","POSE","POSE.AOS.S2","POSE.SS.20240611.FIL.2","A00000371070","2024-06-11T12:42Z","2024-06-11T12:42Z","Illinois State Water Survey Central Analytical Laboratory",356.0,0.01838,5,"2024-06-13","A",,
"eef18dd2-bcd9-41a3-a69a-a7396ddbd1af","D02","POSE","POSE.AOS.S2","POSE.SS.20240611.FIL.3","A00000371071","2024-06-11T12:42Z","2024-06-11T12:42Z","Illinois State Water Survey Central Analytical Laboratory",298.0,0.04242,5,"2024-06-13","B",,
"db7a21c4-693e-41ca-910f-f09db1a190a0","D02","POSE","POSE.AOS.S2","POSE.SS.20240611.FIL","A00000371069","2024-06-11T12:42Z","2024-06-11T12:42Z","Illinois State Water Survey Central Analytical Laboratory",448.0,0.00454,5,"2024-06-13","B",,
"bcf5f9b4-264c-4be9-bf85-19084e485292","D02","POSE","POSE.AOS.S2","POSE.SS.20240611.FIL.3","A00000371071","2024-06-11T12:42Z","2024-06-11T12:42Z","Illinois State Water Survey Central Analytical Laboratory",600.0,0.00082,5,"2024-06-13","A",,
"42f0bea7-1592-4d5f-8f71-4bee042fade3","D02","POSE","POSE.AOS.S2","POSE.SS.20240611.FIL","A00000371069","2024-06-11T12:42Z","2024-06-11T12:42Z","Illinois State Water Survey Central Analytical Laboratory",472.0,0.00324,5,"2024-06-13","A",,
"ee26458f-b31c-49b2-883f-c5fa0f88156f","D02","POSE","POSE.AOS.S2","POSE.SS.20240611.FIL.2","A00000371070","2024-06-11T12:42Z","2024-06-11T12:42Z","Illinois State Water Survey Central Analytical Laboratory",470.0,0.00316,5,"2024-06-13","A",,
"9812ec24-5336-44d6-acc6-e54f006fdc25","D02","POSE","POSE.AOS.S2","POSE.SS.20240611.FIL.2","A00000371070","2024-06-11T12:42Z","2024-06-11T12:42Z","Illinois State Water Survey Central Analytical Laboratory",592.0,0.00084,5,"2024-06-13","A",,
"82d3792f-20fe-4103-829c-0fe2546c7061","D02","POSE","POSE.AOS.S2","POSE.SS.20240611.FIL.3","A00000371071","2024-06-11T12:42Z","2024-06-11T12:42Z","Illinois State Water Survey Central Analytical Laboratory",370.0,0.01486,5,"2024-06-13","A",,
"0d102faf-755a-43ad-be61-a6d70d6727d4","D02","POSE","POSE.AOS.S2","POSE.SS.20240611.FIL.2","A00000371070","2024-06-11T12:42Z","2024-06-11T12:42Z","Illinois State Water Survey Central Analytical Laboratory",516.0,0.00184,5,"2024-06-13","A",,
"e8feba29-6945-4f75-b96f-cd440f0f4d4a","D02","POSE","POSE.AOS.S2","POSE.SS.20240611.FIL.3","A00000371071","2024-06-11T12:42Z","2024-06-11T12:42Z","Illinois State Water Survey Central Analytical Laboratory",364.0,0.01634,5,"2024-06-13","A",,
"9741e30a-cdf1-4795-be70-e34409a3c957","D02","POSE","POSE.AOS.S2","POSE.SS.20240611.FIL.2","A00000371070","2024-06-11T12:42Z","2024-06-11T12:42Z","Illinois State Water Survey Central Analytical Laboratory",266.0,0.06266,5,"2024-06-13","B",,
"aac2144c-deaa-4daf-b33d-eb412a948d8a","D02","POSE","POSE.AOS.S2","POSE.SS.20240611.FIL.2","A00000371070","2024-06-11T12:42Z","2024-06-11T12:42Z","Illinois State Water Survey Central Analytical Laboratory",508.0,0.00224,5,"2024-06-13","B",,
"0bd092b4-1b6a-4d43-8de7-a4380d1826d0","D02","POSE","POSE.AOS.S2","POSE.SS.20240611.FIL.2","A00000371070","2024-06-11T12:42Z","2024-06-11T12:42Z","Illinois State Water Survey Central Analytical Laboratory",430.0,0.00562,5,"2024-06-13","A",,
"aba17ef2-dcd3-4da0-9d3b-da0107836bbd","D02","POSE","POSE.AOS.S2","POSE.SS.20240611.FIL","A00000371069","2024-06-11T12:42Z","2024-06-11T12:42Z","Illinois State Water Survey Central Analytical Laboratory",520.0,0.00180,5,"2024-06-13","A",,
"2ca196a8-23d6-4f76-b07f-6aa3f2d5a0c6","D02","POSE","POSE.AOS.S2","POSE.SS.20240611.FIL.3","A00000371071","2024-06-11T12:42Z","2024-06-11T12:42Z","Illinois State Water Survey Central Analytical Laboratory",336.0,0.02504,5,"2024-06-13","A",,
"1e0181e2-3e92-408b-9471-4893a34622bb","D02","POSE","POSE.AOS.S2","POSE.SS.20240611.FIL.2","A00000371070","2024-06-11T12:42Z","2024-06-11T12:42Z","Illinois State Water Survey Central Analytical Laboratory",370.0,0.01512,5,"2024-06-13","B",,
"294d83d8-49d4-4265-ba6e-de0f49ca8ab9","D02","POSE","POSE.AOS.S2","POSE.SS.20240611.FIL.2","A00000371070","2024-06-11T12:42Z","2024-06-11T12:42Z","Illinois State Water Survey Central Analytical Laboratory",594.0,0.00084,5,"2024-06-13","A",,
"35cb29c9-c777-4b0e-924f-8a7b4769aeb0","D02","POSE","POSE.AOS.S2","POSE.SS.20240611.FIL","A00000371069","2024-06-11T12:42Z","2024-06-11T12:42Z","Illinois State Water Survey Central Analytical Laboratory",488.0,0.00274,5,"2024-06-13","B",,
"a4ed25a0-acd2-4160-8c35-0ec7918014b8","D02","POSE","POSE.AOS.S2","POSE.SS.20240611.FIL.3","A00000371071","2024-06-11T12:42Z","2024-06-11T12:42Z","Illinois State Water Survey Central Analytical Laboratory",492.0,0.00250,5,"2024-06-13","B",,
"d82ec181-8e76-480f-836b-5128bfd6ed95","D02","POSE","POSE.AOS.S2","POSE.SS.20240611.FIL.3","A00000371071","2024-06-11T12:42Z","2024-06-11T12:42Z","Illinois State Water Survey Central Analytical Laboratory",472.0,0.00318,5,"2024-06-13","B",,
"ac48c816-61ec-4f3a-810c-6b1948591a33","D02","POSE","POSE.AOS.S2","POSE.SS.20240611.FIL.2","A00000371070","2024-06-11T12:42Z","2024-06-11T12:42Z","Illinois State Water Survey Central Analytical Laboratory",254.0,0.06992,5,"2024-06-13","B",,
"a30b0d79-e871-4c7d-9e7a-5dd0d1519d43","D02","POSE","POSE.AOS.S2","POSE.SS.20240611.FIL.3","A00000371071","2024-06-11T12:42Z","2024-06-11T12:42Z","Illinois State Water Survey Central Analytical Laboratory",260.0,0.06584,5,"2024-06-13","B",,
"350766ff-008d-4a61-b09a-37370a841da5","D02","POSE","POSE.AOS.S2","POSE.SS.20240611.FIL.2","A00000371070","2024-06-11T12:42Z","2024-06-11T12:42Z","Illinois State Water Survey Central Analytical Laboratory",468.0,0.00344,5,"2024-06-13","B",,
"e5053444-d3f7-41ed-bfcb-7916e788db51","D02","POSE","POSE.AOS.S2","POSE.SS.20240611.FIL.3","A00000371071","2024-06-11T12:42Z","2024-06-11T12:42Z","Illinois State Water Survey Central Analytical Laboratory",454.0,0.00400,5,"2024-06-13","B",,
"bf1be1f7-57a4-4787-acfb-798068c71a82","D02","POSE","POSE.AOS.S2","POSE.SS.20240611.FIL","A00000371069","2024-06-11T12:42Z","2024-06-11T12:42Z","Illinois State Water Survey Central Analytical Laboratory",542.0,0.00150,5,"2024-06-13","B",,
"231e12b0-2671-40e9-a832-2d8742484edc","D02","POSE","POSE.AOS.S2","POSE.SS.20240611.FIL","A00000371069","2024-06-11T12:42Z","2024-06-11T12:42Z","Illinois State Water Survey Central Analytical Laboratory",334.0,0.02626,5,"2024-06-13","A",,
"695838a6-f770-43d3-bc28-4a9b20d0e519","D02","POSE","POSE.AOS.S2","POSE.SS.20240611.FIL.2","A00000371070","2024-06-11T12:42Z","2024-06-11T12:42Z","Illinois State Water Survey Central Analytical Laboratory",252.0,0.07110,5,"2024-06-13","B",,
"26cbe35a-9e04-43d1-8012-1f687ac2de5a","D02","POSE","POSE.AOS.S2","POSE.SS.20240611.FIL.2","A00000371070","2024-06-11T12:42Z","2024-06-11T12:42Z","Illinois State Water Survey Central Analytical Laboratory",240.0,0.08288,5,"2024-06-13","B",,
"987c42fb-eb87-4a64-928c-974ba1608abf","D02","POSE","POSE.AOS.S2","POSE.SS.20240611.FIL.3","A00000371071","2024-06-11T12:42Z","2024-06-11T12:42Z","Illinois State Water Survey Central Analytical Laboratory",488.0,0.00262,5,"2024-06-13","B",,
"47810476-45e2-40c0-b8b8-d77897467c42","D02","POSE","POSE.AOS.S2","POSE.SS.20240611.FIL.2","A00000371070","2024-06-11T12:42Z","2024-06-11T12:42Z","Illinois State Water Survey Central Analytical Laboratory",368.0,0.01518,5,"2024-06-13","A",,
"c3cd5d28-8d2b-4819-92e0-f4768a14f2bb","D02","POSE","POSE.AOS.S2","POSE.SS.20240611.FIL.3","A00000371071","2024-06-11T12:42Z","2024-06-11T12:42Z","Illinois State Water Survey Central Analytical Laboratory",236.0,0.08950,5,"2024-06-13","B",,
"138d48de-ec52-41c1-87ba-351923456f6b","D02","POSE","POSE.AOS.S2","POSE.SS.20240611.FIL.2","A00000371070","2024-06-11T12:42Z","2024-06-11T12:42Z","Illinois State Water Survey Central Analytical Laboratory",444.0,0.00478,5,"2024-06-13","B",,
"bcceb1ff-2166-4fdc-8aeb-8a2c5edfe1e1","D02","POSE","POSE.AOS.S2","POSE.SS.20240611.FIL","A00000371069","2024-06-11T12:42Z","2024-06-11T12:42Z","Illinois State Water Survey Central Analytical Laboratory",426.0,0.00632,5,"2024-06-13","B",,
"84b480d1-653b-4892-bc97-3e7d11762009","D02","POSE","POSE.AOS.S2","POSE.SS.20240611.FIL","A00000371069","2024-06-11T12:42Z","2024-06-11T12:42Z","Illinois State Water Survey Central Analytical Laboratory",592.0,0.00090,5,"2024-06-13","A",,
"3a3c1a16-b3c6-4121-9a99-fc7c3d218ea4","D02","POSE","POSE.AOS.S2","POSE.SS.20240611.FIL.2","A00000371070","2024-06-11T12:42Z","2024-06-11T12:42Z","Illinois State Water Survey Central Analytical Laboratory",284.0,0.05050,5,"2024-06-13","A",,
"f4797bf3-ff7d-494d-8c75-c268d92f3ccc","D02","POSE","POSE.AOS.S2","POSE.SS.20240611.FIL.3","A00000371071","2024-06-11T12:42Z","2024-06-11T12:42Z","Illinois State Water Survey Central Analytical Laboratory",336.0,0.02512,5,"2024-06-13","B",,
"8c1a3101-be24-45d2-ad2a-4c4ef40f6f21","D02","POSE","POSE.AOS.S2","POSE.SS.20240611.FIL","A00000371069","2024-06-11T12:42Z","2024-06-11T12:42Z","Illinois State Water Survey Central Analytical Laboratory",326.0,0.02950,5,"2024-06-13","B",,
"0e8accb7-7962-41ee-b8cb-16669034cf33","D02","POSE","POSE.AOS.S2","POSE.SS.20240611.FIL.2","A00000371070","2024-06-11T12:42Z","2024-06-11T12:42Z","Illinois State Water Survey Central Analytical Laboratory",558.0,0.00138,5,"2024-06-13","B",,
"df993ad0-17a7-42f3-8a89-96a7a149786d","D02","POSE","POSE.AOS.S2","POSE.SS.20240611.FIL.2","A00000371070","2024-06-11T12:42Z","2024-06-11T12:42Z","Illinois State Water Survey Central Analytical Laboratory",264.0,0.06394,5,"2024-06-13","B",,
"0873eebc-96c0-442b-9b1b-889bff068a0c","D02","POSE","POSE.AOS.S2","POSE.SS.20240611.FIL.2","A00000371070","2024-06-11T12:42Z","2024-06-11T12:42Z","Illinois State Water Survey Central Analytical Laboratory",436.0,0.00514,5,"2024-06-13","A",,
"13b7ac8b-b16f-438f-a9af-f3c2aeaec741","D02","POSE","POSE.AOS.S2","POSE.SS.20240611.FIL.2","A00000371070","2024-06-11T12:42Z","2024-06-11T12:42Z","Illinois State Water Survey Central Analytical Laboratory",422.0,0.00664,5,"2024-06-13","B",,
"3db02aef-ef7c-4363-88ad-f08b0aa73000","D02","POSE","POSE.AOS.S2","POSE.SS.20240611.FIL.3","A00000371071","2024-06-11T12:42Z","2024-06-11T12:42Z","Illinois State Water Survey Central Analytical Laboratory",232.0,0.10026,5,"2024-06-13","B",,
"35038142-b3f9-406e-a90d-ea172c8fb574","D02","POSE","POSE.AOS.S2","POSE.SS.20240611.FIL.2","A00000371070","2024-06-11T12:42Z","2024-06-11T12:42Z","Illinois State Water Survey Central Analytical Laboratory",358.0,0.01782,5,"2024-06-13","A",,
"715ac18f-e86c-45d3-8c60-6e56c7fc2dcd","D02","POSE","POSE.AOS.S2","POSE.SS.20240611.FIL","A00000371069","2024-06-11T12:42Z","2024-06-11T12:42Z","Illinois State Water Survey Central Analytical Laboratory",526.0,0.00174,5,"2024-06-13","B",,
"dd659134-a17f-4d53-a1ee-085b97dcf548","D02","POSE","POSE.AOS.S2","POSE.SS.20240611.FIL","A00000371069","2024-06-11T12:42Z","2024-06-11T12:42Z","Illinois State Water Survey Central Analytical Laboratory",544.0,0.00144,5,"2024-06-13","B",,
"c0864e79-5a89-4f25-b0bd-00375983fe45","D02","POSE","POSE.AOS.S2","POSE.SS.20240611.FIL.2","A00000371070","2024-06-11T12:42Z","2024-06-11T12:42Z","Illinois State Water Survey Central Analytical Laboratory",400.0,0.00898,5,"2024-06-13","A",,
"65f7e9bf-f8de-4872-9038-e299893791a1","D02","POSE","POSE.AOS.S2","POSE.SS.20240611.FIL","A00000371069","2024-06-11T12:42Z","2024-06-11T12:42Z","Illinois State Water Survey Central Analytical Laboratory",476.0,0.00310,5,"2024-06-13","B",,
"4830c87b-32a7-45c7-8f4e-e6ce32a01b97","D02","POSE","POSE.AOS.S2","POSE.SS.20240611.FIL.2","A00000371070","2024-06-11T12:42Z","2024-06-11T12:42Z","Illinois State Water Survey Central Analytical Laboratory",490.0,0.00268,5,"2024-06-13","B",,
"964875bf-5da7-49f0-b4dc-c55c465b1802","D02","POSE","POSE.AOS.S2","POSE.SS.20240611.FIL.2","A00000371070","2024-06-11T12:42Z","2024-06-11T12:42Z","Illinois State Water Survey Central Analytical Laboratory",364.0,0.01622,5,"2024-06-13","A",,
"a69b7e77-8670-41e7-b023-039cae57b103","D02","POSE","POSE.AOS.S2","POSE.SS.20240611.FIL.3","A00000371071","2024-06-11T12:42Z","2024-06-11T12:42Z","Illinois State Water Survey Central Analytical Laboratory",378.0,0.01304,5,"2024-06-13","A",,
"5dc399fc-226f-4b72-b5a1-d4c38951006b","D02","POSE","POSE.AOS.S2","POSE.SS.20240611.FIL.2","A00000371070","2024-06-11T12:42Z","2024-06-11T12:42Z","Illinois State Water Survey Central Analytical Laboratory",488.0,0.00256,5,"2024-06-13","A",,
"39d08705-28aa-4890-bba1-79aadf0b2619","D02","POSE","POSE.AOS.S2","POSE.SS.20240611.FIL.3","A00000371071","2024-06-11T12:42Z","2024-06-11T12:42Z","Illinois State Water Survey Central Analytical Laboratory",382.0,0.01214,5,"2024-06-13","A",,
"bf9c8241-6731-44e2-ad49-78235e49544d","D02","POSE","POSE.AOS.S2","POSE.SS.20240611.FIL","A00000371069","2024-06-11T12:42Z","2024-06-11T12:42Z","Illinois State Water Survey Central Analytical Laboratory",310.0,0.03660,5,"2024-06-13","A",,
"f63c6e6e-6106-45bc-b628-ad7eed25860a","D02","POSE","POSE.AOS.S2","POSE.SS.20240611.FIL.3","A00000371071","2024-06-11T12:42Z","2024-06-11T12:42Z","Illinois State Water Survey Central Analytical Laboratory",302.0,0.04014,5,"2024-06-13","A",,
"083f4cc2-cf7a-47ea-9480-b7b5d1160c7d","D02","POSE","POSE.AOS.S2","POSE.SS.20240611.FIL","A00000371069","2024-06-11T12:42Z","2024-06-11T12:42Z","Illinois State Water Survey Central Analytical Laboratory",400.0,0.00934,5,"2024-06-13","A",,
"b2cf7c7d-ef73-41fd-9416-f424c13e0a64","D02","POSE","POSE.AOS.S2","POSE.SS.20240611.FIL","A00000371069","2024-06-11T12:42Z","2024-06-11T12:42Z","Illinois State Water Survey Central Analytical Laboratory",418.0,0.00696,5,"2024-06-13","A",,
"9cbb96f2-3b0c-4392-8900-05afc7b4a963","D02","POSE","POSE.AOS.S2","POSE.SS.20240611.FIL.2","A00000371070","2024-06-11T12:42Z","2024-06-11T12:42Z","Illinois State Water Survey Central Analytical Laboratory",582.0,0.00102,5,"2024-06-13","B",,
"f0652705-3df7-417f-bd3c-096315ae724e","D02","POSE","POSE.AOS.S2","POSE.SS.20240611.FIL.3","A00000371071","2024-06-11T12:42Z","2024-06-11T12:42Z","Illinois State Water Survey Central Analytical Laboratory",360.0,0.01746,5,"2024-06-13","B",,
"3c15b987-ea77-4a0e-add6-2c96454d1fc9","D02","POSE","POSE.AOS.S2","POSE.SS.20240611.FIL","A00000371069","2024-06-11T12:42Z","2024-06-11T12:42Z","Illinois State Water Survey Central Analytical Laboratory",330.0,0.02776,5,"2024-06-13","A",,
"d8a761a7-471e-48ae-a65e-ca7e1a79d5f1","D02","POSE","POSE.AOS.S2","POSE.SS.20240611.FIL.2","A00000371070","2024-06-11T12:42Z","2024-06-11T12:42Z","Illinois State Water Survey Central Analytical Laboratory",332.0,0.02630,5,"2024-06-13","A",,
"2e4fd77a-6372-4656-be88-58b3e57e40c1","D02","POSE","POSE.AOS.S2","POSE.SS.20240611.FIL.2","A00000371070","2024-06-11T12:42Z","2024-06-11T12:42Z","Illinois State Water Survey Central Analytical Laboratory",244.0,0.07664,5,"2024-06-13","A",,
"ea3b01cf-eeb8-48bb-a256-282b8fc64a9c","D02","POSE","POSE.AOS.S2","POSE.SS.20240611.FIL.3","A00000371071","2024-06-11T12:42Z","2024-06-11T12:42Z","Illinois State Water Survey Central Analytical Laboratory",372.0,0.01432,5,"2024-06-13","A",,
"42c6f8e9-9f03-48f2-a615-aaa34527fceb","D02","POSE","POSE.AOS.S2","POSE.SS.20240611.FIL.2","A00000371070","2024-06-11T12:42Z","2024-06-11T12:42Z","Illinois State Water Survey Central Analytical Laboratory",380.0,0.01284,5,"2024-06-13","B",,
"c0780a10-50b3-4185-9d0c-6dd04f75d489","D02","POSE","POSE.AOS.S2","POSE.SS.20240611.FIL","A00000371069","2024-06-11T12:42Z","2024-06-11T12:42Z","Illinois State Water Survey Central Analytical Laboratory",322.0,0.03124,5,"2024-06-13","B",,
"bf7dfb7f-05b4-4823-8c79-6c4fb6ddc521","D02","POSE","POSE.AOS.S2","POSE.SS.20240611.FIL.2","A00000371070","2024-06-11T12:42Z","2024-06-11T12:42Z","Illinois State Water Survey Central Analytical Laboratory",562.0,0.00124,5,"2024-06-13","B",,
"bfc6f818-d194-4db0-a6bc-eb9e93f07718","D02","POSE","POSE.AOS.S2","POSE.SS.20240611.FIL.3","A00000371071","2024-06-11T12:42Z","2024-06-11T12:42Z","Illinois State Water Survey Central Analytical Laboratory",472.0,0.00316,5,"2024-06-13","A",,
"d338ef33-3d25-40ec-9a0d-ab08ebd63a0e","D02","POSE","POSE.AOS.S2","POSE.SS.20240611.FIL.2","A00000371070","2024-06-11T12:42Z","2024-06-11T12:42Z","Illinois State Water Survey Central Analytical Laboratory",384.0,0.01200,5,"2024-06-13","B",,
"4b45b531-df1b-4988-bb20-9c8addf584f6","D02","POSE","POSE.AOS.S2","POSE.SS.20240611.FIL.2","A00000371070","2024-06-11T12:42Z","2024-06-11T12:42Z","Illinois State Water Survey Central Analytical Laboratory",556.0,0.00114,5,"2024-06-13","A",,
"a42c382c-70e4-408c-bb80-000275f46f5c","D02","POSE","POSE.AOS.S2","POSE.SS.20240611.FIL","A00000371069","2024-06-11T12:42Z","2024-06-11T12:42Z","Illinois State Water Survey Central Analytical Laboratory",530.0,0.00166,5,"2024-06-13","B",,
"718b292c-1e5c-4023-aa7c-b86836cad0ab","D02","POSE","POSE.AOS.S2","POSE.SS.20240611.FIL.2","A00000371070","2024-06-11T12:42Z","2024-06-11T12:42Z","Illinois State Water Survey Central Analytical Laboratory",250.0,0.07132,5,"2024-06-13","A",,
"e5227efe-bd83-4c89-b8cc-710d0347d152","D02","POSE","POSE.AOS.S2","POSE.SS.20240611.FIL.3","A00000371071","2024-06-11T12:42Z","2024-06-11T12:42Z","Illinois State Water Survey Central Analytical Laboratory",428.0,0.00586,5,"2024-06-13","B",,
"0499df4c-2fd8-419f-9c35-615d46fd243e","D02","POSE","POSE.AOS.S2","POSE.SS.20240611.FIL.3","A00000371071","2024-06-11T12:42Z","2024-06-11T12:42Z","Illinois State Water Survey Central Analytical Laboratory",420.0,0.00662,5,"2024-06-13","B",,
"6c048586-ce26-400e-a627-29d5ff4c8cf1","D02","POSE","POSE.AOS.S2","POSE.SS.20240611.FIL","A00000371069","2024-06-11T12:42Z","2024-06-11T12:42Z","Illinois State Water Survey Central Analytical Laboratory",252.0,0.07132,5,"2024-06-13","A",,
"29db6535-cd94-470a-bf99-f79c2861bb90","D02","POSE","POSE.AOS.S2","POSE.SS.20240611.FIL","A00000371069","2024-06-11T12:42Z","2024-06-11T12:42Z","Illinois State Water Survey Central Analytical Laboratory",296.0,0.04408,5,"2024-06-13","B",,
"cc8b949a-0351-4e2f-a7ee-b8dd97d3e7fd","D02","POSE","POSE.AOS.S2","POSE.SS.20240611.FIL","A00000371069","2024-06-11T12:42Z","2024-06-11T12:42Z","Illinois State Water Survey Central Analytical Laboratory",506.0,0.00216,5,"2024-06-13","B",,
"fbd53c3a-a9a0-41ec-8cf8-c670fade1607","D02","POSE","POSE.AOS.S2","POSE.SS.20240611.FIL.2","A00000371070","2024-06-11T12:42Z","2024-06-11T12:42Z","Illinois State Water Survey Central Analytical Laboratory",542.0,0.00138,5,"2024-06-13","A",,
"44afa09a-aadc-4d6f-9b47-1f49c08231c9","D02","POSE","POSE.AOS.S2","POSE.SS.20240611.FIL","A00000371069","2024-06-11T12:42Z","2024-06-11T12:42Z","Illinois State Water Survey Central Analytical Laboratory",536.0,0.00154,5,"2024-06-13","A",,
"cdaba08c-492f-4e71-84e2-150afbea1dd8","D02","POSE","POSE.AOS.S2","POSE.SS.20240611.FIL.3","A00000371071","2024-06-11T12:42Z","2024-06-11T12:42Z","Illinois State Water Survey Central Analytical Laboratory",274.0,0.05730,5,"2024-06-13","A",,
"7e8f8977-32ac-4cd9-9fe4-ca1c4f47dae2","D02","POSE","POSE.AOS.S2","POSE.SS.20240611.FIL.3","A00000371071","2024-06-11T12:42Z","2024-06-11T12:42Z","Illinois State Water Survey Central Analytical Laboratory",396.0,0.00968,5,"2024-06-13","A",,
"d00dce01-0141-4fc7-83a4-ec2e67a21845","D02","POSE","POSE.AOS.S2","POSE.SS.20240611.FIL.2","A00000371070","2024-06-11T12:42Z","2024-06-11T12:42Z","Illinois State Water Survey Central Analytical Laboratory",340.0,0.02342,5,"2024-06-13","A",,
"5dc1d182-7def-405e-9b7a-0afaa9b5974e","D02","POSE","POSE.AOS.S2","POSE.SS.20240611.FIL","A00000371069","2024-06-11T12:42Z","2024-06-11T12:42Z","Illinois State Water Survey Central Analytical Laboratory",366.0,0.01622,5,"2024-06-13","B",,
"a964dea0-a3b9-4ab0-b139-fced0ce430c0","D02","POSE","POSE.AOS.S2","POSE.SS.20240611.FIL.3","A00000371071","2024-06-11T12:42Z","2024-06-11T12:42Z","Illinois State Water Survey Central Analytical Laboratory",426.0,0.00608,5,"2024-06-13","A",,
"2735c548-cd85-4ce9-baea-b5cda5603abb","D02","POSE","POSE.AOS.S2","POSE.SS.20240611.FIL.3","A00000371071","2024-06-11T12:42Z","2024-06-11T12:42Z","Illinois State Water Survey Central Analytical Laboratory",302.0,0.04014,5,"2024-06-13","A",,
"51681d5a-b162-4b8a-9da0-88286d26460e","D02","POSE","POSE.AOS.S2","POSE.SS.20240611.FIL.2","A00000371070","2024-06-11T12:42Z","2024-06-11T12:42Z","Illinois State Water Survey Central Analytical Laboratory",400.0,0.00898,5,"2024-06-13","A",,
"04523dbb-dfe4-4122-b2c8-d3b5c44ec75b","D02","POSE","POSE.AOS.S2","POSE.SS.20240611.FIL.2","A00000371070","2024-06-11T12:42Z","2024-06-11T12:42Z","Illinois State Water Survey Central Analytical Laboratory",448.0,0.00452,5,"2024-06-13","B",,
"f6effb3d-97cc-4ecd-9b5c-4cfe8a38b259","D02","POSE","POSE.AOS.S2","POSE.SS.20240611.FIL.2","A00000371070","2024-06-11T12:42Z","2024-06-11T12:42Z","Illinois State Water Survey Central Analytical Laboratory",278.0,0.05534,5,"2024-06-13","B",,
"e3d28939-bc44-4745-9a79-779ed35f1a3d","D02","POSE","POSE.AOS.S2","POSE.SS.20240611.FIL.2","A00000371070","2024-06-11T12:42Z","2024-06-11T12:42Z","Illinois State Water Survey Central Analytical Laboratory",402.0,0.00872,5,"2024-06-13","A",,
"d22a256c-4888-4b24-8885-a728fb0a43bf","D02","POSE","POSE.AOS.S2","POSE.SS.20240611.FIL","A00000371069","2024-06-11T12:42Z","2024-06-11T12:42Z","Illinois State Water Survey Central Analytical Laboratory",470.0,0.00334,5,"2024-06-13","B",,
"e4085e3b-6b4b-4020-a3dd-b28fa5c50577","D02","POSE","POSE.AOS.S2","POSE.SS.20240611.FIL.3","A00000371071","2024-06-11T12:42Z","2024-06-11T12:42Z","Illinois State Water Survey Central Analytical Laboratory",386.0,0.01134,5,"2024-06-13","A",,
"f35b4a0c-aa06-4dcc-a6c1-39073217ed7f","D02","POSE","POSE.AOS.S2","POSE.SS.20240611.FIL.2","A00000371070","2024-06-11T12:42Z","2024-06-11T12:42Z","Illinois State Water Survey Central Analytical Laboratory",492.0,0.00262,5,"2024-06-13","B",,
"99a1d835-6105-4c55-a491-1176568eb97f","D02","POSE","POSE.AOS.S2","POSE.SS.20240611.FIL","A00000371069","2024-06-11T12:42Z","2024-06-11T12:42Z","Illinois State Water Survey Central Analytical Laboratory",260.0,0.06644,5,"2024-06-13","A",,
"d3b4c638-6344-4edf-b6a5-b85e1ba00266","D02","POSE","POSE.AOS.S2","POSE.SS.20240611.FIL","A00000371069","2024-06-11T12:42Z","2024-06-11T12:42Z","Illinois State Water Survey Central Analytical Laboratory",518.0,0.00186,5,"2024-06-13","A",,
"dc57fb02-c55f-451e-800d-1927b5cfd54f","D02","POSE","POSE.AOS.S2","POSE.SS.20240611.FIL.2","A00000371070","2024-06-11T12:42Z","2024-06-11T12:42Z","Illinois State Water Survey Central Analytical Laboratory",552.0,0.00122,5,"2024-06-13","A",,
"25093215-9bc8-4158-acf5-bd6a4b7e9bf6","D02","POSE","POSE.AOS.S2","POSE.SS.20240611.FIL","A00000371069","2024-06-11T12:42Z","2024-06-11T12:42Z","Illinois State Water Survey Central Analytical Laboratory",296.0,0.04408,5,"2024-06-13","B",,
"50382907-9b1c-4301-bc7f-d6d56ce3c38c","D02","POSE","POSE.AOS.S2","POSE.SS.20240611.FIL.2","A00000371070","2024-06-11T12:42Z","2024-06-11T12:42Z","Illinois State Water Survey Central Analytical Laboratory",362.0,0.01670,5,"2024-06-13","A",,
"5bc0d37c-8e04-4965-bc1b-9a8ebe8fb1df","D02","POSE","POSE.AOS.S2","POSE.SS.20240611.FIL.3","A00000371071","2024-06-11T12:42Z","2024-06-11T12:42Z","Illinois State Water Survey Central Analytical Laboratory",426.0,0.00608,5,"2024-06-13","A",,
"78d38846-2783-4977-8ba1-eee73c5352a7","D02","POSE","POSE.AOS.S2","POSE.SS.20240611.FIL.2","A00000371070","2024-06-11T12:42Z","2024-06-11T12:42Z","Illinois State Water Survey Central Analytical Laboratory",354.0,0.01896,5,"2024-06-13","A",,
"bbb3f8b5-39d9-4d43-b98b-4a90541a006d","D02","POSE","POSE.AOS.S2","POSE.SS.20240611.FIL","A00000371069","2024-06-11T12:42Z","2024-06-11T12:42Z","Illinois State Water Survey Central Analytical Laboratory",324.0,0.03026,5,"2024-06-13","A",,
"34be0e45-d63f-4039-a6f8-8a7b23dc8145","D02","POSE","POSE.AOS.S2","POSE.SS.20240611.FIL","A00000371069","2024-06-11T12:42Z","2024-06-11T12:42Z","Illinois State Water Survey Central Analytical Laboratory",348.0,0.02148,5,"2024-06-13","B",,
"1e8339d6-3df7-43db-9f16-7cce6f3e558a","D02","POSE","POSE.AOS.S2","POSE.SS.20240611.FIL","A00000371069","2024-06-11T12:42Z","2024-06-11T12:42Z","Illinois State Water Survey Central Analytical Laboratory",440.0,0.00506,5,"2024-06-13","A",,
"b3dd1a98-7caf-4356-92da-6bcd9ec4c1d4","D02","POSE","POSE.AOS.S2","POSE.SS.20240611.FIL","A00000371069","2024-06-11T12:42Z","2024-06-11T12:42Z","Illinois State Water Survey Central Analytical Laboratory",468.0,0.00338,5,"2024-06-13","A",,
"67d1b807-a9e0-4ddc-ae4d-7c2c92ca6d30","D02","POSE","POSE.AOS.S2","POSE.SS.20240611.FIL.3","A00000371071","2024-06-11T12:42Z","2024-06-11T12:42Z","Illinois State Water Survey Central Analytical Laboratory",362.0,0.01684,5,"2024-06-13","B",,
"7e98f609-a7c8-40c5-923b-83b29f5dd093","D02","POSE","POSE.AOS.S2","POSE.SS.20240611.FIL.2","A00000371070","2024-06-11T12:42Z","2024-06-11T12:42Z","Illinois State Water Survey Central Analytical Laboratory",568.0,0.00122,5,"2024-06-13","B",,
"4bb59b5f-a1a9-4ee1-be31-50a04e65671b","D02","POSE","POSE.AOS.S2","POSE.SS.20240611.FIL.2","A00000371070","2024-06-11T12:42Z","2024-06-11T12:42Z","Illinois State Water Survey Central Analytical Laboratory",302.0,0.03976,5,"2024-06-13","A",,
"0ee5f5d9-05ef-4772-a5aa-1134c1e5c53a","D02","POSE","POSE.AOS.S2","POSE.SS.20240611.FIL.3","A00000371071","2024-06-11T12:42Z","2024-06-11T12:42Z","Illinois State Water Survey Central Analytical Laboratory",506.0,0.00206,5,"2024-06-13","A",,
"c20e9d73-5f35-4ee4-8699-7f3014a4326b","D02","POSE","POSE.AOS.S2","POSE.SS.20240611.FIL.3","A00000371071","2024-06-11T12:42Z","2024-06-11T12:42Z","Illinois State Water Survey Central Analytical Laboratory",234.0,0.09400,5,"2024-06-13","A",,
"a142e279-6e22-4005-9c0c-819449611922","D02","POSE","POSE.AOS.S2","POSE.SS.20240611.FIL","A00000371069","2024-06-11T12:42Z","2024-06-11T12:42Z","Illinois State Water Survey Central Analytical Laboratory",280.0,0.05432,5,"2024-06-13","B",,
"891c7723-9261-444f-a334-bcbad7193574","D02","POSE","POSE.AOS.S2","POSE.SS.20240611.FIL.3","A00000371071","2024-06-11T12:42Z","2024-06-11T12:42Z","Illinois State Water Survey Central Analytical Laboratory",292.0,0.04588,5,"2024-06-13","A",,
"144f4f7e-14ca-485d-94a4-64206fd57d68","D02","POSE","POSE.AOS.S2","POSE.SS.20240611.FIL","A00000371069","2024-06-11T12:42Z","2024-06-11T12:42Z","Illinois State Water Survey Central Analytical Laboratory",324.0,0.03038,5,"2024-06-13","B",,
"ee9e96aa-1c29-4c94-b0da-da1cf413bf73","D02","POSE","POSE.AOS.S2","POSE.SS.20240611.FIL","A00000371069","2024-06-11T12:42Z","2024-06-11T12:42Z","Illinois State Water Survey Central Analytical Laboratory",454.0,0.00414,5,"2024-06-13","B",,
"e1b1608c-f692-4568-9442-5b39b747b513","D02","POSE","POSE.AOS.S2","POSE.SS.20240611.FIL.2","A00000371070","2024-06-11T12:42Z","2024-06-11T12:42Z","Illinois State Water Survey Central Analytical Laboratory",346.0,0.02144,5,"2024-06-13","A",,
"06644cbd-ab29-45d7-bceb-71dfef4cac44","D02","POSE","POSE.AOS.S2","POSE.SS.20240611.FIL.2","A00000371070","2024-06-11T12:42Z","2024-06-11T12:42Z","Illinois State Water Survey Central Analytical Laboratory",232.0,0.09884,5,"2024-06-13","A",,
"67132e7d-f750-4b91-966b-8476523db949","D02","POSE","POSE.AOS.S2","POSE.SS.20240611.FIL","A00000371069","2024-06-11T12:42Z","2024-06-11T12:42Z","Illinois State Water Survey Central Analytical Laboratory",280.0,0.05418,5,"2024-06-13","A",,
"4ae53b8f-0b46-4b44-9706-a2dac16612a7","D02","POSE","POSE.AOS.S2","POSE.SS.20240611.FIL.3","A00000371071","2024-06-11T12:42Z","2024-06-11T12:42Z","Illinois State Water Survey Central Analytical Laboratory",242.0,0.07970,5,"2024-06-13","B",,
"56ad5fa7-cefb-42c4-aa7f-06786a40bab0","D02","POSE","POSE.AOS.S2","POSE.SS.20240611.FIL.2","A00000371070","2024-06-11T12:42Z","2024-06-11T12:42Z","Illinois State Water Survey Central Analytical Laboratory",352.0,0.01958,5,"2024-06-13","A",,
"2bf6fad4-1215-41b7-9a5c-0e52fb424d09","D02","POSE","POSE.AOS.S2","POSE.SS.20240611.FIL.3","A00000371071","2024-06-11T12:42Z","2024-06-11T12:42Z","Illinois State Water Survey Central Analytical Laboratory",280.0,0.05352,5,"2024-06-13","A",,
"61cd6c1c-199b-4b4b-b6ec-f7d7cdbf764d","D02","POSE","POSE.AOS.S2","POSE.SS.20240611.FIL.2","A00000371070","2024-06-11T12:42Z","2024-06-11T12:42Z","Illinois State Water Survey Central Analytical Laboratory",384.0,0.01166,5,"2024-06-13","A",,
"b4c3baa3-8bfb-4beb-9394-a8a321a83e36","D02","POSE","POSE.AOS.S2","POSE.SS.20240611.FIL.2","A00000371070","2024-06-11T12:42Z","2024-06-11T12:42Z","Illinois State Water Survey Central Analytical Laboratory",318.0,0.03274,5,"2024-06-13","B",,
"aad08da5-4ca2-45a7-8a50-607276dc005f","D02","POSE","POSE.AOS.S2","POSE.SS.20240611.FIL.3","A00000371071","2024-06-11T12:42Z","2024-06-11T12:42Z","Illinois State Water Survey Central Analytical Laboratory",366.0,0.01582,5,"2024-06-13","B",,
"75de4371-f1c4-4dd7-8d49-135af3d65740","D02","POSE","POSE.AOS.S2","POSE.SS.20240611.FIL","A00000371069","2024-06-11T12:42Z","2024-06-11T12:42Z","Illinois State Water Survey Central Analytical Laboratory",592.0,0.00104,5,"2024-06-13","B",,
"0b9eff0d-c0b7-457d-b677-e82fda014073","D02","POSE","POSE.AOS.S2","POSE.SS.20240611.FIL.2","A00000371070","2024-06-11T12:42Z","2024-06-11T12:42Z","Illinois State Water Survey Central Analytical Laboratory",530.0,0.00156,5,"2024-06-13","A",,
"d6882c0b-4441-4be4-a4ab-743eff5157b3","D02","POSE","POSE.AOS.S2","POSE.SS.20240611.FIL","A00000371069","2024-06-11T12:42Z","2024-06-11T12:42Z","Illinois State Water Survey Central Analytical Laboratory",232.0,0.10096,5,"2024-06-13","A",,
"055ddb79-6b51-4d60-9ad7-b694ace173dc","D02","POSE","POSE.AOS.S2","POSE.SS.20240611.FIL","A00000371069","2024-06-11T12:42Z","2024-06-11T12:42Z","Illinois State Water Survey Central Analytical Laboratory",388.0,0.01124,5,"2024-06-13","A",,
"b035fc64-34ce-4d45-85cd-177d067ad342","D02","POSE","POSE.AOS.S2","POSE.SS.20240611.FIL","A00000371069","2024-06-11T12:42Z","2024-06-11T12:42Z","Illinois State Water Survey Central Analytical Laboratory",442.0,0.00490,5,"2024-06-13","A",,
"7b5b868d-e967-4d7d-a43d-685cc7f8fab2","D02","POSE","POSE.AOS.S2","POSE.SS.20240611.FIL.3","A00000371071","2024-06-11T12:42Z","2024-06-11T12:42Z","Illinois State Water Survey Central Analytical Laboratory",564.0,0.00112,5,"2024-06-13","A",,
"e6861ec7-93ef-4018-a6f4-fea661f95ef7","D02","POSE","POSE.AOS.S2","POSE.SS.20240611.FIL","A00000371069","2024-06-11T12:42Z","2024-06-11T12:42Z","Illinois State Water Survey Central Analytical Laboratory",300.0,0.04188,5,"2024-06-13","B",,
"2ec4672d-0f98-4a1a-ad27-afdab2deb100","D02","POSE","POSE.AOS.S2","POSE.SS.20240611.FIL","A00000371069","2024-06-11T12:42Z","2024-06-11T12:42Z","Illinois State Water Survey Central Analytical Laboratory",342.0,0.02330,5,"2024-06-13","A",,
"7c5a0200-e00f-444a-957f-d821ab7d272c","D02","POSE","POSE.AOS.S2","POSE.SS.20240611.FIL.2","A00000371070","2024-06-11T12:42Z","2024-06-11T12:42Z","Illinois State Water Survey Central Analytical Laboratory",342.0,0.02272,5,"2024-06-13","A",,
"8518f8bb-123d-4964-9fdc-726a414d3c4b","D02","POSE","POSE.AOS.S2","POSE.SS.20240611.FIL.2","A00000371070","2024-06-11T12:42Z","2024-06-11T12:42Z","Illinois State Water Survey Central Analytical Laboratory",348.0,0.02080,5,"2024-06-13","A",,
"7ef7f999-874a-4a94-bba4-7ce6bfa3e3f5","D02","POSE","POSE.AOS.S2","POSE.SS.20240611.FIL.2","A00000371070","2024-06-11T12:42Z","2024-06-11T12:42Z","Illinois State Water Survey Central Analytical Laboratory",508.0,0.00204,5,"2024-06-13","A",,
"5b73f485-0fa8-4f67-9ae1-1c155b2c06b0","D02","POSE","POSE.AOS.S2","POSE.SS.20240611.FIL","A00000371069","2024-06-11T12:42Z","2024-06-11T12:42Z","Illinois State Water Survey Central Analytical Laboratory",496.0,0.00234,5,"2024-06-13","A",,
"038c5cdb-c915-4e41-9ee3-c7a1264665ed","D02","POSE","POSE.AOS.S2","POSE.SS.20240611.FIL.2","A00000371070","2024-06-11T12:42Z","2024-06-11T12:42Z","Illinois State Water Survey Central Analytical Laboratory",496.0,0.00248,5,"2024-06-13","B",,
"0d1f0d66-ebcf-4558-a760-cf11bd4498d7","D02","POSE","POSE.AOS.S2","POSE.SS.20240611.FIL.3","A00000371071","2024-06-11T12:42Z","2024-06-11T12:42Z","Illinois State Water Survey Central Analytical Laboratory",358.0,0.01798,5,"2024-06-13","A",,
"c0258cee-5e1e-4a79-bfb3-394133072bfc","D02","POSE","POSE.AOS.S2","POSE.SS.20240611.FIL","A00000371069","2024-06-11T12:42Z","2024-06-11T12:42Z","Illinois State Water Survey Central Analytical Laboratory",438.0,0.00526,5,"2024-06-13","B",,
"f51a1f0e-30c1-4fbe-bbf0-7184df142556","D02","POSE","POSE.AOS.S2","POSE.SS.20240611.FIL","A00000371069","2024-06-11T12:42Z","2024-06-11T12:42Z","Illinois State Water Survey Central Analytical Laboratory",342.0,0.02342,5,"2024-06-13","B",,
"37721838-0d83-4aa1-8910-020174248838","D02","POSE","POSE.AOS.S2","POSE.SS.20240611.FIL.2","A00000371070","2024-06-11T12:42Z","2024-06-11T12:42Z","Illinois State Water Survey Central Analytical Laboratory",276.0,0.05546,5,"2024-06-13","A",,
"449160aa-1a9c-4084-9434-36f381192955","D02","POSE","POSE.AOS.S2","POSE.SS.20240611.FIL.3","A00000371071","2024-06-11T12:42Z","2024-06-11T12:42Z","Illinois State Water Survey Central Analytical Laboratory",518.0,0.00182,5,"2024-06-13","B",,
"86ca8877-ee82-4d82-9bcc-96de42bec40f","D02","POSE","POSE.AOS.S2","POSE.SS.20240611.FIL.2","A00000371070","2024-06-11T12:42Z","2024-06-11T12:42Z","Illinois State Water Survey Central Analytical Laboratory",310.0,0.03648,5,"2024-06-13","B",,
"e3d8dc5a-c345-49e2-a128-2692abbcae22","D02","POSE","POSE.AOS.S2","POSE.SS.20240611.FIL","A00000371069","2024-06-11T12:42Z","2024-06-11T12:42Z","Illinois State Water Survey Central Analytical Laboratory",246.0,0.07610,5,"2024-06-13","B",,
"ed1a4b0d-b448-4456-878f-6a6578b269cb","D02","POSE","POSE.AOS.S2","POSE.SS.20240611.FIL.3","A00000371071","2024-06-11T12:42Z","2024-06-11T12:42Z","Illinois State Water Survey Central Analytical Laboratory",224.0,0.13772,5,"2024-06-13","B",,
"e574c89f-2a5a-4d76-8f81-728a33ef6949","D02","POSE","POSE.AOS.S2","POSE.SS.20240611.FIL.2","A00000371070","2024-06-11T12:42Z","2024-06-11T12:42Z","Illinois State Water Survey Central Analytical Laboratory",308.0,0.03740,5,"2024-06-13","B",,
"aa1aef34-90b9-4f8e-b418-a00040911c93","D02","POSE","POSE.AOS.S2","POSE.SS.20240611.FIL.2","A00000371070","2024-06-11T12:42Z","2024-06-11T12:42Z","Illinois State Water Survey Central Analytical Laboratory",408.0,0.00790,5,"2024-06-13","A",,
"a2f40793-c3cc-4050-944c-23c732a5eb7d","D02","POSE","POSE.AOS.S2","POSE.SS.20240611.FIL.2","A00000371070","2024-06-11T12:42Z","2024-06-11T12:42Z","Illinois State Water Survey Central Analytical Laboratory",388.0,0.01086,5,"2024-06-13","A",,
"ec231549-263c-48d6-adfb-1675987674c6","D02","POSE","POSE.AOS.S2","POSE.SS.20240611.FIL.3","A00000371071","2024-06-11T12:42Z","2024-06-11T12:42Z","Illinois State Water Survey Central Analytical Laboratory",266.0,0.06228,5,"2024-06-13","B",,
"027a4c90-7e91-49ab-b86f-abbbe8c82005","D02","POSE","POSE.AOS.S2","POSE.SS.20240611.FIL.3","A00000371071","2024-06-11T12:42Z","2024-06-11T12:42Z","Illinois State Water Survey Central Analytical Laboratory",550.0,0.00130,5,"2024-06-13","A",,
"78ca12ab-4119-480e-8545-73b56533a68b","D02","POSE","POSE.AOS.S2","POSE.SS.20240611.FIL.3","A00000371071","2024-06-11T12:42Z","2024-06-11T12:42Z","Illinois State Water Survey Central Analytical Laboratory",224.0,0.13744,5,"2024-06-13","A",,
"6079d5f9-be45-4329-ba04-709052ff24e3","D02","POSE","POSE.AOS.S2","POSE.SS.20240611.FIL","A00000371069","2024-06-11T12:42Z","2024-06-11T12:42Z","Illinois State Water Survey Central Analytical Laboratory",236.0,0.09034,5,"2024-06-13","B",,
"944f4a31-dbff-4222-a4af-d4693e4dcec9","D02","POSE","POSE.AOS.S2","POSE.SS.20240611.FIL.2","A00000371070","2024-06-11T12:42Z","2024-06-11T12:42Z","Illinois State Water Survey Central Analytical Laboratory",278.0,0.05432,5,"2024-06-13","A",,
"40288293-1d2d-49a0-96e4-7416b68883ad","D02","POSE","POSE.AOS.S2","POSE.SS.20240611.FIL.3","A00000371071","2024-06-11T12:42Z","2024-06-11T12:42Z","Illinois State Water Survey Central Analytical Laboratory",390.0,0.01064,5,"2024-06-13","A",,
"129016ff-b1e3-4d78-baf2-f227d5eb7c1d","D02","POSE","POSE.AOS.S2","POSE.SS.20240611.FIL.3","A00000371071","2024-06-11T12:42Z","2024-06-11T12:42Z","Illinois State Water Survey Central Analytical Laboratory",498.0,0.00224,5,"2024-06-13","A",,
"6e6fa539-3b9a-4b83-90b7-3afa37c388e6","D02","POSE","POSE.AOS.S2","POSE.SS.20240611.FIL.3","A00000371071","2024-06-11T12:42Z","2024-06-11T12:42Z","Illinois State Water Survey Central Analytical Laboratory",430.0,0.00572,5,"2024-06-13","B",,
"190a0ebb-9676-47df-b7da-3c71b39d9eb8","D02","POSE","POSE.AOS.S2","POSE.SS.20240611.FIL.2","A00000371070","2024-06-11T12:42Z","2024-06-11T12:42Z","Illinois State Water Survey Central Analytical Laboratory",300.0,0.04160,5,"2024-06-13","B",,
"01f5ddf6-fe91-48bd-afbc-02fbaeb17e65","D02","POSE","POSE.AOS.S2","POSE.SS.20240611.FIL.3","A00000371071","2024-06-11T12:42Z","2024-06-11T12:42Z","Illinois State Water Survey Central Analytical Laboratory",424.0,0.00628,5,"2024-06-13","A",,
"e3b0bfd0-4d5a-4d07-b806-c0d5d01b3902","D02","POSE","POSE.AOS.S2","POSE.SS.20240611.FIL.2","A00000371070","2024-06-11T12:42Z","2024-06-11T12:42Z","Illinois State Water Survey Central Analytical Laboratory",222.0,0.15252,5,"2024-06-13","B",,
"89c751f5-eae5-4ed8-b4b3-211ea11f2d5f","D02","POSE","POSE.AOS.S2","POSE.SS.20240611.FIL.2","A00000371070","2024-06-11T12:42Z","2024-06-11T12:42Z","Illinois State Water Survey Central Analytical Laboratory",508.0,0.00224,5,"2024-06-13","B",,
"9d833c06-0ab1-41ea-8617-cb6b8478d7a1","D02","POSE","POSE.AOS.S2","POSE.SS.20240611.FIL","A00000371069","2024-06-11T12:42Z","2024-06-11T12:42Z","Illinois State Water Survey Central Analytical Laboratory",370.0,0.01530,5,"2024-06-13","B",,
"3095d95a-e199-4db9-af6d-bbcd2120eff5","D02","POSE","POSE.AOS.S2","POSE.SS.20240611.FIL.3","A00000371071","2024-06-11T12:42Z","2024-06-11T12:42Z","Illinois State Water Survey Central Analytical Laboratory",556.0,0.00120,5,"2024-06-13","A",,
"0a665208-e0ef-4c2a-85a5-f461efd3cbb5","D02","POSE","POSE.AOS.S2","POSE.SS.20240611.FIL","A00000371069","2024-06-11T12:42Z","2024-06-11T12:42Z","Illinois State Water Survey Central Analytical Laboratory",506.0,0.00216,5,"2024-06-13","B",,
"828ba715-9c52-4586-b953-a6b76487cfa9","D02","POSE","POSE.AOS.S2","POSE.SS.20240611.FIL","A00000371069","2024-06-11T12:42Z","2024-06-11T12:42Z","Illinois State Water Survey Central Analytical Laboratory",594.0,0.00094,5,"2024-06-13","B",,
"e994cae8-686a-4feb-822f-3da6cab96b31","D02","POSE","POSE.AOS.S2","POSE.SS.20240611.FIL.3","A00000371071","2024-06-11T12:42Z","2024-06-11T12:42Z","Illinois State Water Survey Central Analytical Laboratory",300.0,0.04130,5,"2024-06-13","B",,
"42e87469-2639-486a-8e71-6990385c4fd6","D02","POSE","POSE.AOS.S2","POSE.SS.20240611.FIL.2","A00000371070","2024-06-11T12:42Z","2024-06-11T12:42Z","Illinois State Water Survey Central Analytical Laboratory",472.0,0.00310,5,"2024-06-13","A",,
"2e5ed472-dbdb-40b4-ba44-44c2e85a9e8d","D02","POSE","POSE.AOS.S2","POSE.SS.20240611.FIL.2","A00000371070","2024-06-11T12:42Z","2024-06-11T12:42Z","Illinois State Water Survey Central Analytical Laboratory",278.0,0.05432,5,"2024-06-13","A",,
"52a953fc-d840-4020-8af2-c622f4518dea","D02","POSE","POSE.AOS.S2","POSE.SS.20240611.FIL","A00000371069","2024-06-11T12:42Z","2024-06-11T12:42Z","Illinois State Water Survey Central Analytical Laboratory",328.0,0.02870,5,"2024-06-13","B",,
"994828aa-89cb-48c0-b3df-93baad7f0d1b","D02","POSE","POSE.AOS.S2","POSE.SS.20240611.FIL.2","A00000371070","2024-06-11T12:42Z","2024-06-11T12:42Z","Illinois State Water Survey Central Analytical Laboratory",286.0,0.04922,5,"2024-06-13","A",,
"459faf5c-4e39-4e83-85c8-aff63d5e5b5b","D02","POSE","POSE.AOS.S2","POSE.SS.20240611.FIL.3","A00000371071","2024-06-11T12:42Z","2024-06-11T12:42Z","Illinois State Water Survey Central Analytical Laboratory",312.0,0.03518,5,"2024-06-13","A",,
"c1a907f6-cfff-4654-8485-6518cbe0a28e","D02","POSE","POSE.AOS.S2","POSE.SS.20240611.FIL.3","A00000371071","2024-06-11T12:42Z","2024-06-11T12:42Z","Illinois State Water Survey Central Analytical Laboratory",558.0,0.00124,5,"2024-06-13","B",,
"6e966291-4c9e-4005-bd63-ccdcb556743c","D02","POSE","POSE.AOS.S2","POSE.SS.20240611.FIL.3","A00000371071","2024-06-11T12:42Z","2024-06-11T12:42Z","Illinois State Water Survey Central Analytical Laboratory",470.0,0.00320,5,"2024-06-13","A",,
"1a70af7c-096f-439f-b81b-6c1cd4a8fd15","D02","POSE","POSE.AOS.S2","POSE.SS.20240611.FIL.2","A00000371070","2024-06-11T12:42Z","2024-06-11T12:42Z","Illinois State Water Survey Central Analytical Laboratory",552.0,0.00138,5,"2024-06-13","B",,
"5398f358-71d0-41f0-a00d-0323980fba9a","D02","POSE","POSE.AOS.S2","POSE.SS.20240611.FIL","A00000371069","2024-06-11T12:42Z","2024-06-11T12:42Z","Illinois State Water Survey Central Analytical Laboratory",410.0,0.00790,5,"2024-06-13","A",,
"136b1c15-4f29-43c1-accd-ee0b01f452d3","D02","POSE","POSE.AOS.S2","POSE.SS.20240611.FIL","A00000371069","2024-06-11T12:42Z","2024-06-11T12:42Z","Illinois State Water Survey Central Analytical Laboratory",478.0,0.00298,5,"2024-06-13","A",,
"634c3b94-5f23-478b-9d29-59d8abd8762f","D02","POSE","POSE.AOS.S2","POSE.SS.20240611.FIL.2","A00000371070","2024-06-11T12:42Z","2024-06-11T12:42Z","Illinois State Water Survey Central Analytical Laboratory",270.0,0.05908,5,"2024-06-13","A",,
"9d05789e-c31e-4dc5-9892-67ab86b3e691","D02","POSE","POSE.AOS.S2","POSE.SS.20240611.FIL","A00000371069","2024-06-11T12:42Z","2024-06-11T12:42Z","Illinois State Water Survey Central Analytical Laboratory",594.0,0.00090,5,"2024-06-13","A",,
"0a720814-47cc-4614-9944-ed6dec145699","D02","POSE","POSE.AOS.S2","POSE.SS.20240611.FIL.3","A00000371071","2024-06-11T12:42Z","2024-06-11T12:42Z","Illinois State Water Survey Central Analytical Laboratory",510.0,0.00200,5,"2024-06-13","A",,
"0ef59f69-0238-4107-b108-315075144444","D02","POSE","POSE.AOS.S2","POSE.SS.20240611.FIL.3","A00000371071","2024-06-11T12:42Z","2024-06-11T12:42Z","Illinois State Water Survey Central Analytical Laboratory",404.0,0.00858,5,"2024-06-13","A",,
"f3c31c30-80ec-456c-abf6-5e9f6c00c8e4","D02","POSE","POSE.AOS.S2","POSE.SS.20240611.FIL.3","A00000371071","2024-06-11T12:42Z","2024-06-11T12:42Z","Illinois State Water Survey Central Analytical Laboratory",418.0,0.00682,5,"2024-06-13","A",,
"d9abf240-47c3-4fe1-a132-70e1166d7692","D02","POSE","POSE.AOS.S2","POSE.SS.20240611.FIL.3","A00000371071","2024-06-11T12:42Z","2024-06-11T12:42Z","Illinois State Water Survey Central Analytical Laboratory",226.0,0.12510,5,"2024-06-13","A",,
"e5ef6020-2714-42bb-8aba-503190685dc3","D02","POSE","POSE.AOS.S2","POSE.SS.20240611.FIL","A00000371069","2024-06-11T12:42Z","2024-06-11T12:42Z","Illinois State Water Survey Central Analytical Laboratory",402.0,0.00906,5,"2024-06-13","A",,
"1f537998-c27a-4fd4-b6c3-fe7153fdebd8","D02","POSE","POSE.AOS.S2","POSE.SS.20240611.FIL.3","A00000371071","2024-06-11T12:42Z","2024-06-11T12:42Z","Illinois State Water Survey Central Analytical Laboratory",538.0,0.00148,5,"2024-06-13","B",,
"dcc8a8ef-991f-4ef8-aba6-7eca72250034","D02","POSE","POSE.AOS.S2","POSE.SS.20240611.FIL.2","A00000371070","2024-06-11T12:42Z","2024-06-11T12:42Z","Illinois State Water Survey Central Analytical Laboratory",344.0,0.02260,5,"2024-06-13","B",,
"3cb531ee-f6a4-4465-8bb7-507e050cf91c","D02","POSE","POSE.AOS.S2","POSE.SS.20240611.FIL","A00000371069","2024-06-11T12:42Z","2024-06-11T12:42Z","Illinois State Water Survey Central Analytical Laboratory",578.0,0.00102,5,"2024-06-13","A",,
"1268e57e-3c3e-45d6-99cd-a376d5c74104","D02","POSE","POSE.AOS.S2","POSE.SS.20240611.FIL","A00000371069","2024-06-11T12:42Z","2024-06-11T12:42Z","Illinois State Water Survey Central Analytical Laboratory",596.0,0.00094,5,"2024-06-13","B",,
"0ff3cc6f-7ad4-4e7a-858f-f0de3d87b1fa","D02","POSE","POSE.AOS.S2","POSE.SS.20240611.FIL.2","A00000371070","2024-06-11T12:42Z","2024-06-11T12:42Z","Illinois State Water Survey Central Analytical Laboratory",558.0,0.00138,5,"2024-06-13","B",,
"bf083f6e-6826-4dbb-aaa2-ce1c8d1c93db","D02","POSE","POSE.AOS.S2","POSE.SS.20240611.FIL","A00000371069","2024-06-11T12:42Z","2024-06-11T12:42Z","Illinois State Water Survey Central Analytical Laboratory",360.0,0.01790,5,"2024-06-13","B",,
"a5c694d3-b0b8-4b7b-9676-9afd009920c7","D02","POSE","POSE.AOS.S2","POSE.SS.20240611.FIL","A00000371069","2024-06-11T12:42Z","2024-06-11T12:42Z","Illinois State Water Survey Central Analytical Laboratory",400.0,0.00934,5,"2024-06-13","A",,
"c4fbaa43-ef33-4c54-a0af-e754411275e9","D02","POSE","POSE.AOS.S2","POSE.SS.20240611.FIL.3","A00000371071","2024-06-11T12:42Z","2024-06-11T12:42Z","Illinois State Water Survey Central Analytical Laboratory",496.0,0.00232,5,"2024-06-13","B",,
"3717b4bc-bc4d-450c-abc5-c33214106a00","D02","POSE","POSE.AOS.S2","POSE.SS.20240611.FIL.3","A00000371071","2024-06-11T12:42Z","2024-06-11T12:42Z","Illinois State Water Survey Central Analytical Laboratory",284.0,0.05102,5,"2024-06-13","A",,
"9947fdac-23ea-4fac-807e-6d1534354ded","D02","POSE","POSE.AOS.S2","POSE.SS.20240611.FIL","A00000371069","2024-06-11T12:42Z","2024-06-11T12:42Z","Illinois State Water Survey Central Analytical Laboratory",568.0,0.00122,5,"2024-06-13","B",,
"f87f9535-7966-4a1c-b813-063bb93bb8fe","D02","POSE","POSE.AOS.S2","POSE.SS.20240611.FIL","A00000371069","2024-06-11T12:42Z","2024-06-11T12:42Z","Illinois State Water Survey Central Analytical Laboratory",226.0,0.12642,5,"2024-06-13","B",,
"d886ae9b-bc84-4a60-b9f6-0f875cae5699","D02","POSE","POSE.AOS.S2","POSE.SS.20240611.FIL.2","A00000371070","2024-06-11T12:42Z","2024-06-11T12:42Z","Illinois State Water Survey Central Analytical Laboratory",508.0,0.00204,5,"2024-06-13","A",,
"7342fe4f-52bb-4a9c-b375-56bd807f695f","D02","POSE","POSE.AOS.S2","POSE.SS.20240611.FIL.3","A00000371071","2024-06-11T12:42Z","2024-06-11T12:42Z","Illinois State Water Survey Central Analytical Laboratory",438.0,0.00510,5,"2024-06-13","B",,
"ecf4fe80-9e70-4739-88e0-a54df49643be","D02","POSE","POSE.AOS.S2","POSE.SS.20240611.FIL.3","A00000371071","2024-06-11T12:42Z","2024-06-11T12:42Z","Illinois State Water Survey Central Analytical Laboratory",390.0,0.01062,5,"2024-06-13","B",,
"0ebe9e6f-2248-4ac2-8e6c-62d6355e90cf","D02","POSE","POSE.AOS.S2","POSE.SS.20240611.FIL.3","A00000371071","2024-06-11T12:42Z","2024-06-11T12:42Z","Illinois State Water Survey Central Analytical Laboratory",344.0,0.02226,5,"2024-06-13","A",,
"0a55375b-9416-41e2-8446-fc7e72339e08","D02","POSE","POSE.AOS.S2","POSE.SS.20240611.FIL.2","A00000371070","2024-06-11T12:42Z","2024-06-11T12:42Z","Illinois State Water Survey Central Analytical Laboratory",480.0,0.00284,5,"2024-06-13","A",,
"4eff4c21-2709-492b-a8c8-7aa243d046c8","D02","POSE","POSE.AOS.S2","POSE.SS.20240611.FIL","A00000371069","2024-06-11T12:42Z","2024-06-11T12:42Z","Illinois State Water Survey Central Analytical Laboratory",558.0,0.00126,5,"2024-06-13","B",,
"eb9d215f-ffe7-4c49-ab69-aea3f406a484","D02","POSE","POSE.AOS.S2","POSE.SS.20240611.FIL.2","A00000371070","2024-06-11T12:42Z","2024-06-11T12:42Z","Illinois State Water Survey Central Analytical Laboratory",268.0,0.06042,5,"2024-06-13","A",,
"13af64fa-7bd1-4b27-aeed-c1698e2a3d2f","D02","POSE","POSE.AOS.S2","POSE.SS.20240611.FIL","A00000371069","2024-06-11T12:42Z","2024-06-11T12:42Z","Illinois State Water Survey Central Analytical Laboratory",344.0,0.02276,5,"2024-06-13","B",,
"0d3bf9b3-570f-4d42-9647-4138238d1e17","D02","POSE","POSE.AOS.S2","POSE.SS.20240611.FIL","A00000371069","2024-06-11T12:42Z","2024-06-11T12:42Z","Illinois State Water Survey Central Analytical Laboratory",478.0,0.00302,5,"2024-06-13","B",,
"f06d6ec7-6557-4d18-afd3-b66935962e60","D02","POSE","POSE.AOS.S2","POSE.SS.20240611.FIL","A00000371069","2024-06-11T12:42Z","2024-06-11T12:42Z","Illinois State Water Survey Central Analytical Laboratory",442.0,0.00496,5,"2024-06-13","B",,
"9c34c945-e542-47c2-93d3-a130df0c98e1","D02","POSE","POSE.AOS.S2","POSE.SS.20240611.FIL.2","A00000371070","2024-06-11T12:42Z","2024-06-11T12:42Z","Illinois State Water Survey Central Analytical Laboratory",426.0,0.00626,5,"2024-06-13","B",,
"e1b8147e-3a38-4cb2-a40c-95c7e3c61aac","D02","POSE","POSE.AOS.S2","POSE.SS.20240611.FIL.3","A00000371071","2024-06-11T12:42Z","2024-06-11T12:42Z","Illinois State Water Survey Central Analytical Laboratory",514.0,0.00188,5,"2024-06-13","A",,
"64667981-999d-49d2-b152-4bd85302ca5c","D02","POSE","POSE.AOS.S2","POSE.SS.20240611.FIL","A00000371069","2024-06-11T12:42Z","2024-06-11T12:42Z","Illinois State Water Survey Central Analytical Laboratory",308.0,0.03768,5,"2024-06-13","B",,
"7b2fab73-4665-4871-8f30-25dfd39d0068","D02","POSE","POSE.AOS.S2","POSE.SS.20240611.FIL.2","A00000371070","2024-06-11T12:42Z","2024-06-11T12:42Z","Illinois State Water Survey Central Analytical Laboratory",304.0,0.03874,5,"2024-06-13","A",,
"b5a0780b-a477-4345-b440-f38b84bed20f","D02","POSE","POSE.AOS.S2","POSE.SS.20240611.FIL.3","A00000371071","2024-06-11T12:42Z","2024-06-11T12:42Z","Illinois State Water Survey Central Analytical Laboratory",492.0,0.00250,5,"2024-06-13","B",,
"238ab15a-6828-4d60-96bf-6c870dce52fb","D02","POSE","POSE.AOS.S2","POSE.SS.20240611.FIL.3","A00000371071","2024-06-11T12:42Z","2024-06-11T12:42Z","Illinois State Water Survey Central Analytical Laboratory",600.0,0.00082,5,"2024-06-13","A",,
"71b9c1d5-510a-47ca-aaf0-0fd12c341aba","D02","POSE","POSE.AOS.S2","POSE.SS.20240611.FIL.2","A00000371070","2024-06-11T12:42Z","2024-06-11T12:42Z","Illinois State Water Survey Central Analytical Laboratory",466.0,0.00330,5,"2024-06-13","A",,
"6a4e022f-8efe-42bb-8f77-542d28330aec","D02","POSE","POSE.AOS.S2","POSE.SS.20240611.FIL","A00000371069","2024-06-11T12:42Z","2024-06-11T12:42Z","Illinois State Water Survey Central Analytical Laboratory",236.0,0.09014,5,"2024-06-13","A",,
"ff321c5a-c6c4-48d2-b55d-35bb6ab8f563","D02","POSE","POSE.AOS.S2","POSE.SS.20240611.FIL","A00000371069","2024-06-11T12:42Z","2024-06-11T12:42Z","Illinois State Water Survey Central Analytical Laboratory",284.0,0.05166,5,"2024-06-13","A",,
"e71e8574-fcf7-4dba-8f6b-f7163308ca7e","D02","POSE","POSE.AOS.S2","POSE.SS.20240611.FIL.2","A00000371070","2024-06-11T12:42Z","2024-06-11T12:42Z","Illinois State Water Survey Central Analytical Laboratory",550.0,0.00126,5,"2024-06-13","A",,
"5b1e223c-1fc1-4e1a-9b9a-d0c79f3f52f8","D02","POSE","POSE.AOS.S2","POSE.SS.20240611.FIL","A00000371069","2024-06-11T12:42Z","2024-06-11T12:42Z","Illinois State Water Survey Central Analytical Laboratory",438.0,0.00520,5,"2024-06-13","A",,
"e60a97cc-9e30-4c3f-adfa-cc07025c1cb3","D02","POSE","POSE.AOS.S2","POSE.SS.20240611.FIL.3","A00000371071","2024-06-11T12:42Z","2024-06-11T12:42Z","Illinois State Water Survey Central Analytical Laboratory",406.0,0.00828,5,"2024-06-13","B",,
"c31d894a-4a4b-4f62-9174-f6c2bbe71a99","D02","POSE","POSE.AOS.S2","POSE.SS.20240611.FIL.2","A00000371070","2024-06-11T12:42Z","2024-06-11T12:42Z","Illinois State Water Survey Central Analytical Laboratory",440.0,0.00484,5,"2024-06-13","A",,
"b7fddf18-4ef8-4cd4-8340-46f2797a29d8","D02","POSE","POSE.AOS.S2","POSE.SS.20240611.FIL","A00000371069","2024-06-11T12:42Z","2024-06-11T12:42Z","Illinois State Water Survey Central Analytical Laboratory",574.0,0.00106,5,"2024-06-13","A",,
"078ea718-c817-420e-8bf9-372e66356da8","D02","POSE","POSE.AOS.S2","POSE.SS.20240611.FIL","A00000371069","2024-06-11T12:42Z","2024-06-11T12:42Z","Illinois State Water Survey Central Analytical Laboratory",462.0,0.00366,5,"2024-06-13","B",,
"86505b1d-b05e-4d24-bd63-58c4444604fa","D02","POSE","POSE.AOS.S2","POSE.SS.20240611.FIL.2","A00000371070","2024-06-11T12:42Z","2024-06-11T12:42Z","Illinois State Water Survey Central Analytical Laboratory",220.0,0.16908,5,"2024-06-13","B",,
"6fe514ef-2da3-48bf-8f04-afa4b812e830","D02","POSE","POSE.AOS.S2","POSE.SS.20240611.FIL","A00000371069","2024-06-11T12:42Z","2024-06-11T12:42Z","Illinois State Water Survey Central Analytical Laboratory",414.0,0.00746,5,"2024-06-13","B",,
"b12b94dd-619b-4671-8a00-5c2ed364cb0c","D02","POSE","POSE.AOS.S2","POSE.SS.20240611.FIL.2","A00000371070","2024-06-11T12:42Z","2024-06-11T12:42Z","Illinois State Water Survey Central Analytical Laboratory",422.0,0.00664,5,"2024-06-13","B",,
"e87fd145-62af-4fba-9bb1-e6807579ffab","D02","POSE","POSE.AOS.S2","POSE.SS.20240611.FIL.2","A00000371070","2024-06-11T12:42Z","2024-06-11T12:42Z","Illinois State Water Survey Central Analytical Laboratory",408.0,0.00820,5,"2024-06-13","B",,
"07aa3d41-aba7-44f7-9765-d9ed39412fa0","D02","POSE","POSE.AOS.S2","POSE.SS.20240611.FIL","A00000371069","2024-06-11T12:42Z","2024-06-11T12:42Z","Illinois State Water Survey Central Analytical Laboratory",396.0,0.00988,5,"2024-06-13","A",,
"8be7867b-c48a-459d-980b-e0f7bda1975c","D02","POSE","POSE.AOS.S2","POSE.SS.20240611.FIL.2","A00000371070","2024-06-11T12:42Z","2024-06-11T12:42Z","Illinois State Water Survey Central Analytical Laboratory",346.0,0.02144,5,"2024-06-13","A",,
"29129bbf-57d5-4f4b-af3b-a4db2fc87676","D02","POSE","POSE.AOS.S2","POSE.SS.20240611.FIL","A00000371069","2024-06-11T12:42Z","2024-06-11T12:42Z","Illinois State Water Survey Central Analytical Laboratory",228.0,0.11554,5,"2024-06-13","A",,
"05561257-7e83-4b3c-9fc1-f0b37f7046e5","D02","POSE","POSE.AOS.S2","POSE.SS.20240611.FIL.2","A00000371070","2024-06-11T12:42Z","2024-06-11T12:42Z","Illinois State Water Survey Central Analytical Laboratory",290.0,0.04752,5,"2024-06-13","B",,
"7aff6272-a91d-4a01-9d8c-71d82abe6317","D02","POSE","POSE.AOS.S2","POSE.SS.20240611.FIL.3","A00000371071","2024-06-11T12:42Z","2024-06-11T12:42Z","Illinois State Water Survey Central Analytical Laboratory",246.0,0.07520,5,"2024-06-13","A",,
"a2a34c05-b9c1-40d9-ac2a-979c17ca01ef","D02","POSE","POSE.AOS.S2","POSE.SS.20240611.FIL.2","A00000371070","2024-06-11T12:42Z","2024-06-11T12:42Z","Illinois State Water Survey Central Analytical Laboratory",332.0,0.02688,5,"2024-06-13","B",,
"989ef4b1-30e0-425e-a7c2-946a72f6d678","D02","POSE","POSE.AOS.S2","POSE.SS.20240611.FIL","A00000371069","2024-06-11T12:42Z","2024-06-11T12:42Z","Illinois State Water Survey Central Analytical Laboratory",512.0,0.00198,5,"2024-06-13","A",,
"e097f5c6-0060-4e18-b25e-734078726b2f","D02","POSE","POSE.AOS.S2","POSE.SS.20240611.FIL.3","A00000371071","2024-06-11T12:42Z","2024-06-11T12:42Z","Illinois State Water Survey Central Analytical Laboratory",314.0,0.03414,5,"2024-06-13","A",,
"cd831a72-6aa8-4c7a-bd41-1dbb0deb9cce","D02","POSE","POSE.AOS.S2","POSE.SS.20240611.FIL","A00000371069","2024-06-11T12:42Z","2024-06-11T12:42Z","Illinois State Water Survey Central Analytical Laboratory",296.0,0.04394,5,"2024-06-13","A",,
"9906075a-6ddf-4067-8e84-faaa090d7c37","D02","POSE","POSE.AOS.S2","POSE.SS.20240611.FIL.2","A00000371070","2024-06-11T12:42Z","2024-06-11T12:42Z","Illinois State Water Survey Central Analytical Laboratory",264.0,0.06278,5,"2024-06-13","A",,
"3c7b4536-93b6-4c19-8bc4-d131c85162d0","D02","POSE","POSE.AOS.S2","POSE.SS.20240611.FIL","A00000371069","2024-06-11T12:42Z","2024-06-11T12:42Z","Illinois State Water Survey Central Analytical Laboratory",480.0,0.00300,5,"2024-06-13","B",,
"8716e394-5927-426a-9bd9-1aa68b16905d","D02","POSE","POSE.AOS.S2","POSE.SS.20240611.FIL.3","A00000371071","2024-06-11T12:42Z","2024-06-11T12:42Z","Illinois State Water Survey Central Analytical Laboratory",318.0,0.03246,5,"2024-06-13","B",,
"d5108345-17b0-45fd-8121-cc1aa9d4df35","D02","POSE","POSE.AOS.S2","POSE.SS.20240611.FIL.2","A00000371070","2024-06-11T12:42Z","2024-06-11T12:42Z","Illinois State Water Survey Central Analytical Laboratory",366.0,0.01610,5,"2024-06-13","B",,
"bac869ee-d61b-42cb-ae49-609b7401b5c6","D02","POSE","POSE.AOS.S2","POSE.SS.20240611.FIL.3","A00000371071","2024-06-11T12:42Z","2024-06-11T12:42Z","Illinois State Water Survey Central Analytical Laboratory",460.0,0.00364,5,"2024-06-13","A",,
"172f204e-d87f-4796-8ff4-c5bb9494ff75","D02","POSE","POSE.AOS.S2","POSE.SS.20240611.FIL","A00000371069","2024-06-11T12:42Z","2024-06-11T12:42Z","Illinois State Water Survey Central Analytical Laboratory",414.0,0.00746,5,"2024-06-13","B",,
"63e4a491-22dc-4a73-be0e-e0cc5bdd530b","D02","POSE","POSE.AOS.S2","POSE.SS.20240611.FIL","A00000371069","2024-06-11T12:42Z","2024-06-11T12:42Z","Illinois State Water Survey Central Analytical Laboratory",486.0,0.00278,5,"2024-06-13","B",,
"5768e84e-6894-4d2c-9c94-9e00de80c2d0","D02","POSE","POSE.AOS.S2","POSE.SS.20240611.FIL.3","A00000371071","2024-06-11T12:42Z","2024-06-11T12:42Z","Illinois State Water Survey Central Analytical Laboratory",378.0,0.01304,5,"2024-06-13","B",,
"9a6ee7f6-4204-4599-b588-7e8927085767","D02","POSE","POSE.AOS.S2","POSE.SS.20240611.FIL","A00000371069","2024-06-11T12:42Z","2024-06-11T12:42Z","Illinois State Water Survey Central Analytical Laboratory",222.0,0.15342,5,"2024-06-13","A",,
"b6a511c8-f2b8-4646-87b6-b5f7620619e1","D02","POSE","POSE.AOS.S2","POSE.SS.20240611.FIL.2","A00000371070","2024-06-11T12:42Z","2024-06-11T12:42Z","Illinois State Water Survey Central Analytical Laboratory",420.0,0.00680,5,"2024-06-13","B",,
"34ebefa1-5437-4d83-87a7-4ce23e7d88bd","D02","POSE","POSE.AOS.S2","POSE.SS.20240611.FIL.3","A00000371071","2024-06-11T12:42Z","2024-06-11T12:42Z","Illinois State Water Survey Central Analytical Laboratory",496.0,0.00228,5,"2024-06-13","A",,
"58e3f985-a312-45ba-a979-690e2eb3b78c","D02","POSE","POSE.AOS.S2","POSE.SS.20240611.FIL","A00000371069","2024-06-11T12:42Z","2024-06-11T12:42Z","Illinois State Water Survey Central Analytical Laboratory",484.0,0.00288,5,"2024-06-13","B",,
"f8baa4d5-1227-4e4a-b4eb-6cdb2f17dd18","D02","POSE","POSE.AOS.S2","POSE.SS.20240611.FIL.3","A00000371071","2024-06-11T12:42Z","2024-06-11T12:42Z","Illinois State Water Survey Central Analytical Laboratory",232.0,0.10004,5,"2024-06-13","A",,
"239ded05-cbb6-464d-b8fc-0e96f27472b3","D02","POSE","POSE.AOS.S2","POSE.SS.20240611.FIL","A00000371069","2024-06-11T12:42Z","2024-06-11T12:42Z","Illinois State Water Survey Central Analytical Laboratory",530.0,0.00160,5,"2024-06-13","A",,
"850da310-b36a-4901-862e-984810fa7012","D02","POSE","POSE.AOS.S2","POSE.SS.20240611.FIL","A00000371069","2024-06-11T12:42Z","2024-06-11T12:42Z","Illinois State Water Survey Central Analytical Laboratory",524.0,0.00176,5,"2024-06-13","B",,
"1addaed5-fa62-4b01-878b-89f314e74330","D02","POSE","POSE.AOS.S2","POSE.SS.20240611.FIL.3","A00000371071","2024-06-11T12:42Z","2024-06-11T12:42Z","Illinois State Water Survey Central Analytical Laboratory",512.0,0.00194,5,"2024-06-13","A",,
"0076c401-cd5a-459d-829a-ab708d86f337","D02","POSE","POSE.AOS.S2","POSE.SS.20240611.FIL.2","A00000371070","2024-06-11T12:42Z","2024-06-11T12:42Z","Illinois State Water Survey Central Analytical Laboratory",460.0,0.00358,5,"2024-06-13","A",,
"dd7a8b65-3628-4350-9cbd-cba9dae0712c","D02","POSE","POSE.AOS.S2","POSE.SS.20240611.FIL.2","A00000371070","2024-06-11T12:42Z","2024-06-11T12:42Z","Illinois State Water Survey Central Analytical Laboratory",418.0,0.00702,5,"2024-06-13","B",,
"b4e353d5-68d7-4a83-acdc-5922abf5a07d","D02","POSE","POSE.AOS.S2","POSE.SS.20240611.FIL.3","A00000371071","2024-06-11T12:42Z","2024-06-11T12:42Z","Illinois State Water Survey Central Analytical Laboratory",432.0,0.00552,5,"2024-06-13","A",,
"be1e5cb5-6984-4f0b-bf67-689be5004901","D02","POSE","POSE.AOS.S2","POSE.SS.20240611.FIL.2","A00000371070","2024-06-11T12:42Z","2024-06-11T12:42Z","Illinois State Water Survey Central Analytical Laboratory",432.0,0.00572,5,"2024-06-13","B",,
"f5f895b7-b26b-49b8-9168-04b1a3b0bcd2","D02","POSE","POSE.AOS.S2","POSE.SS.20240611.FIL.2","A00000371070","2024-06-11T12:42Z","2024-06-11T12:42Z","Illinois State Water Survey Central Analytical Laboratory",378.0,0.01330,5,"2024-06-13","B",,
"810a2ab8-702c-474d-8d1f-05310e07c717","D02","POSE","POSE.AOS.S2","POSE.SS.20240611.FIL.3","A00000371071","2024-06-11T12:42Z","2024-06-11T12:42Z","Illinois State Water Survey Central Analytical Laboratory",536.0,0.00148,5,"2024-06-13","B",,
"5e001d99-2ed5-4805-98bc-4df2ae54e0f0","D02","POSE","POSE.AOS.S2","POSE.SS.20240611.FIL.2","A00000371070","2024-06-11T12:42Z","2024-06-11T12:42Z","Illinois State Water Survey Central Analytical Laboratory",396.0,0.00988,5,"2024-06-13","B",,
"efedc482-9a1a-4f8e-897d-b6c9d27f48ff","D02","POSE","POSE.AOS.S2","POSE.SS.20240611.FIL.3","A00000371071","2024-06-11T12:42Z","2024-06-11T12:42Z","Illinois State Water Survey Central Analytical Laboratory",478.0,0.00290,5,"2024-06-13","A",,
"740c40cb-acf5-4950-afd8-0d126bf4cd2e","D02","POSE","POSE.AOS.S2","POSE.SS.20240611.FIL.2","A00000371070","2024-06-11T12:42Z","2024-06-11T12:42Z","Illinois State Water Survey Central Analytical Laboratory",554.0,0.00138,5,"2024-06-13","B",,
"4580eaa2-7e7f-40e6-8d8f-fc7b94a521dc","D02","POSE","POSE.AOS.S2","POSE.SS.20240611.FIL","A00000371069","2024-06-11T12:42Z","2024-06-11T12:42Z","Illinois State Water Survey Central Analytical Laboratory",590.0,0.00088,5,"2024-06-13","A",,
"df5454b2-7452-45a3-bac4-7c0059102100","D02","POSE","POSE.AOS.S2","POSE.SS.20240611.FIL","A00000371069","2024-06-11T12:42Z","2024-06-11T12:42Z","Illinois State Water Survey Central Analytical Laboratory",286.0,0.05046,5,"2024-06-13","B",,
"3423e898-dd04-401f-af64-d71902d137c7","D02","POSE","POSE.AOS.S2","POSE.SS.20240611.FIL.3","A00000371071","2024-06-11T12:42Z","2024-06-11T12:42Z","Illinois State Water Survey Central Analytical Laboratory",300.0,0.04122,5,"2024-06-13","A",,
"e9e788a9-827d-431d-bdc9-01a08e16f3b7","D02","POSE","POSE.AOS.S2","POSE.SS.20240611.FIL.3","A00000371071","2024-06-11T12:42Z","2024-06-11T12:42Z","Illinois State Water Survey Central Analytical Laboratory",430.0,0.00572,5,"2024-06-13","B",,
"dba3dfc9-9874-41c5-8d4a-95c2658d5443","D02","POSE","POSE.AOS.S2","POSE.SS.20240611.FIL","A00000371069","2024-06-11T12:42Z","2024-06-11T12:42Z","Illinois State Water Survey Central Analytical Laboratory",250.0,0.07284,5,"2024-06-13","A",,
"417ed450-3f1a-4fd7-8c98-19e327e48d5b","D02","POSE","POSE.AOS.S2","POSE.SS.20240611.FIL.2","A00000371070","2024-06-11T12:42Z","2024-06-11T12:42Z","Illinois State Water Survey Central Analytical Laboratory",258.0,0.06736,5,"2024-06-13","B",,
"73bd914e-f55a-4400-9357-052bbe0b54ba","D02","POSE","POSE.AOS.S2","POSE.SS.20240611.FIL.3","A00000371071","2024-06-11T12:42Z","2024-06-11T12:42Z","Illinois State Water Survey Central Analytical Laboratory",590.0,0.00088,5,"2024-06-13","A",,
"b3c51646-5fc9-44e5-ab1a-cde635d5b9ed","D02","POSE","POSE.AOS.S2","POSE.SS.20240611.FIL.2","A00000371070","2024-06-11T12:42Z","2024-06-11T12:42Z","Illinois State Water Survey Central Analytical Laboratory",368.0,0.01562,5,"2024-06-13","B",,
"a8174e59-c72f-4494-aa9e-d1383264cce7","D02","POSE","POSE.AOS.S2","POSE.SS.20240611.FIL.2","A00000371070","2024-06-11T12:42Z","2024-06-11T12:42Z","Illinois State Water Survey Central Analytical Laboratory",330.0,0.02710,5,"2024-06-13","A",,
"27c6446c-5ec0-4ac6-b1a4-bf897977702b","D02","POSE","POSE.AOS.S2","POSE.SS.20240611.FIL.2","A00000371070","2024-06-11T12:42Z","2024-06-11T12:42Z","Illinois State Water Survey Central Analytical Laboratory",378.0,0.01290,5,"2024-06-13","A",,
"1386e7d6-8a12-45b5-a661-724bedd6197a","D02","POSE","POSE.AOS.S2","POSE.SS.20240611.FIL","A00000371069","2024-06-11T12:42Z","2024-06-11T12:42Z","Illinois State Water Survey Central Analytical Laboratory",258.0,0.06772,5,"2024-06-13","B",,
"7f5392e6-b9fa-4f2e-b799-030feae86379","D02","POSE","POSE.AOS.S2","POSE.SS.20240611.FIL.2","A00000371070","2024-06-11T12:42Z","2024-06-11T12:42Z","Illinois State Water Survey Central Analytical Laboratory",404.0,0.00846,5,"2024-06-13","A",,
"fe061ca2-9e2f-47ba-a04f-6908d588e488","D02","POSE","POSE.AOS.S2","POSE.SS.20240611.FIL.3","A00000371071","2024-06-11T12:42Z","2024-06-11T12:42Z","Illinois State Water Survey Central Analytical Laboratory",240.0,0.08236,5,"2024-06-13","A",,
"5369cf60-df51-4d81-80a1-db0b4648505b","D02","POSE","POSE.AOS.S2","POSE.SS.20240611.FIL.3","A00000371071","2024-06-11T12:42Z","2024-06-11T12:42Z","Illinois State Water Survey Central Analytical Laboratory",222.0,0.15204,5,"2024-06-13","A",,
"bd93bc16-600c-4779-bbf3-828d3de30e33","D02","POSE","POSE.AOS.S2","POSE.SS.20240611.FIL","A00000371069","2024-06-11T12:42Z","2024-06-11T12:42Z","Illinois State Water Survey Central Analytical Laboratory",450.0,0.00442,5,"2024-06-13","B",,
"4878034e-fbad-49df-8a61-b2c00280e675","D02","POSE","POSE.AOS.S2","POSE.SS.20240611.FIL.3","A00000371071","2024-06-11T12:42Z","2024-06-11T12:42Z","Illinois State Water Survey Central Analytical Laboratory",304.0,0.03910,5,"2024-06-13","A",,
"80375b2f-d51b-4bc6-a9f9-7ac804357000","D02","POSE","POSE.AOS.S2","POSE.SS.20240611.FIL.3","A00000371071","2024-06-11T12:42Z","2024-06-11T12:42Z","Illinois State Water Survey Central Analytical Laboratory",414.0,0.00726,5,"2024-06-13","A",,
"03d568a7-3eca-4203-929e-debb169f2fb9","D02","POSE","POSE.AOS.S2","POSE.SS.20240611.FIL.2","A00000371070","2024-06-11T12:42Z","2024-06-11T12:42Z","Illinois State Water Survey Central Analytical Laboratory",408.0,0.00790,5,"2024-06-13","A",,
"b2e95051-6841-46de-81e9-32b10bd6370e","D02","POSE","POSE.AOS.S2","POSE.SS.20240611.FIL.2","A00000371070","2024-06-11T12:42Z","2024-06-11T12:42Z","Illinois State Water Survey Central Analytical Laboratory",458.0,0.00366,5,"2024-06-13","A",,
"8fc40b1e-4353-4f60-b221-ff22f4947147","D02","POSE","POSE.AOS.S2","POSE.SS.20240611.FIL.3","A00000371071","2024-06-11T12:42Z","2024-06-11T12:42Z","Illinois State Water Survey Central Analytical Laboratory",554.0,0.00120,5,"2024-06-13","A",,
"04854169-d53c-4012-aee3-ee1d6a3994b1","D02","POSE","POSE.AOS.S2","POSE.SS.20240611.FIL","A00000371069","2024-06-11T12:42Z","2024-06-11T12:42Z","Illinois State Water Survey Central Analytical Laboratory",436.0,0.00534,5,"2024-06-13","A",,
"35522937-7c8a-4e26-9e07-a71a1cb3ed61","D02","POSE","POSE.AOS.S2","POSE.SS.20240611.FIL.2","A00000371070","2024-06-11T12:42Z","2024-06-11T12:42Z","Illinois State Water Survey Central Analytical Laboratory",270.0,0.06016,5,"2024-06-13","B",,
"a31dea2b-d346-453f-96fe-c174b712fac1","D02","POSE","POSE.AOS.S2","POSE.SS.20240611.FIL.3","A00000371071","2024-06-11T12:42Z","2024-06-11T12:42Z","Illinois State Water Survey Central Analytical Laboratory",434.0,0.00536,5,"2024-06-13","A",,
"8541d7f8-2ebb-4ec3-a41f-9171126e3140","D02","POSE","POSE.AOS.S2","POSE.SS.20240611.FIL","A00000371069","2024-06-11T12:42Z","2024-06-11T12:42Z","Illinois State Water Survey Central Analytical Laboratory",368.0,0.01566,5,"2024-06-13","A",,
"76ac4cfb-ad20-4f21-a182-189bf206afd4","D02","POSE","POSE.AOS.S2","POSE.SS.20240611.FIL","A00000371069","2024-06-11T12:42Z","2024-06-11T12:42Z","Illinois State Water Survey Central Analytical Laboratory",456.0,0.00396,5,"2024-06-13","A",,
"d3196474-65e5-4e98-854c-e6ea7e132173","D02","POSE","POSE.AOS.S2","POSE.SS.20240611.FIL.2","A00000371070","2024-06-11T12:42Z","2024-06-11T12:42Z","Illinois State Water Survey Central Analytical Laboratory",494.0,0.00236,5,"2024-06-13","A",,
"61d34ae6-9f9c-4e2c-a1eb-04d8e47fcb03","D02","POSE","POSE.AOS.S2","POSE.SS.20240611.FIL","A00000371069","2024-06-11T12:42Z","2024-06-11T12:42Z","Illinois State Water Survey Central Analytical Laboratory",352.0,0.02024,5,"2024-06-13","B",,
"5b9156b5-f5f6-4265-9683-be46ab2f9be7","D02","POSE","POSE.AOS.S2","POSE.SS.20240611.FIL","A00000371069","2024-06-11T12:42Z","2024-06-11T12:42Z","Illinois State Water Survey Central Analytical Laboratory",472.0,0.00332,5,"2024-06-13","B",,
"1497dc7e-adf1-4463-8f2c-ee4d0e6a834b","D02","POSE","POSE.AOS.S2","POSE.SS.20240611.FIL","A00000371069","2024-06-11T12:42Z","2024-06-11T12:42Z","Illinois State Water Survey Central Analytical Laboratory",500.0,0.00232,5,"2024-06-13","B",,
"e8dcade0-e17d-4af3-87f5-84f213d5c3fa","D02","POSE","POSE.AOS.S2","POSE.SS.20240611.FIL","A00000371069","2024-06-11T12:42Z","2024-06-11T12:42Z","Illinois State Water Survey Central Analytical Laboratory",436.0,0.00534,5,"2024-06-13","A",,
"37449399-fa01-4134-85b1-fce344ea5b08","D02","POSE","POSE.AOS.S2","POSE.SS.20240611.FIL.2","A00000371070","2024-06-11T12:42Z","2024-06-11T12:42Z","Illinois State Water Survey Central Analytical Laboratory",506.0,0.00200,5,"2024-06-13","A",,
"1646bc9f-fd43-4cbd-8141-6fb560a1ae91","D02","POSE","POSE.AOS.S2","POSE.SS.20240611.FIL","A00000371069","2024-06-11T12:42Z","2024-06-11T12:42Z","Illinois State Water Survey Central Analytical Laboratory",384.0,0.01212,5,"2024-06-13","B",,
"fc2374aa-ba7a-46cb-92eb-5a7ffd064ab1","D02","POSE","POSE.AOS.S2","POSE.SS.20240611.FIL.3","A00000371071","2024-06-11T12:42Z","2024-06-11T12:42Z","Illinois State Water Survey Central Analytical Laboratory",520.0,0.00176,5,"2024-06-13","B",,
"d90ea4fe-51bc-4027-9d02-313f7eef6366","D02","POSE","POSE.AOS.S2","POSE.SS.20240611.FIL.3","A00000371071","2024-06-11T12:42Z","2024-06-11T12:42Z","Illinois State Water Survey Central Analytical Laboratory",354.0,0.01916,5,"2024-06-13","B",,
"f9d8f36b-b77e-4b2e-9938-df5272694c41","D02","POSE","POSE.AOS.S2","POSE.SS.20240611.FIL.2","A00000371070","2024-06-11T12:42Z","2024-06-11T12:42Z","Illinois State Water Survey Central Analytical Laboratory",220.0,0.16908,5,"2024-06-13","B",,
"dfb09829-b0c4-42f6-88b1-1322c5eabe6c","D02","POSE","POSE.AOS.S2","POSE.SS.20240611.FIL.2","A00000371070","2024-06-11T12:42Z","2024-06-11T12:42Z","Illinois State Water Survey Central Analytical Laboratory",338.0,0.02410,5,"2024-06-13","A",,
"db051d7e-edcc-4fa5-8c18-a49d54bdc9d4","D02","POSE","POSE.AOS.S2","POSE.SS.20240611.FIL","A00000371069","2024-06-11T12:42Z","2024-06-11T12:42Z","Illinois State Water Survey Central Analytical Laboratory",522.0,0.00178,5,"2024-06-13","A",,
"5c2dd090-57bc-4141-af65-2f89b65e8ca9","D02","POSE","POSE.AOS.S2","POSE.SS.20240611.FIL.3","A00000371071","2024-06-11T12:42Z","2024-06-11T12:42Z","Illinois State Water Survey Central Analytical Laboratory",268.0,0.06116,5,"2024-06-13","B",,
"d9953db4-fbf1-49e2-8485-b045979d2461","D02","POSE","POSE.AOS.S2","POSE.SS.20240611.FIL.3","A00000371071","2024-06-11T12:42Z","2024-06-11T12:42Z","Illinois State Water Survey Central Analytical Laboratory",430.0,0.00572,5,"2024-06-13","A",,
"e676045e-2fc0-453b-b83d-3e4a7fb24527","D02","POSE","POSE.AOS.S2","POSE.SS.20240611.FIL.2","A00000371070","2024-06-11T12:42Z","2024-06-11T12:42Z","Illinois State Water Survey Central Analytical Laboratory",372.0,0.01464,5,"2024-06-13","B",,
"e9c39fd3-6b40-4964-89fa-7796f6d66823","D02","POSE","POSE.AOS.S2","POSE.SS.20240611.FIL.2","A00000371070","2024-06-11T12:42Z","2024-06-11T12:42Z","Illinois State Water Survey Central Analytical Laboratory",582.0,0.00086,5,"2024-06-13","A",,
"a3f2a577-e543-49d0-937e-0387a3b8c2c3","D02","POSE","POSE.AOS.S2","POSE.SS.20240611.FIL.2","A00000371070","2024-06-11T12:42Z","2024-06-11T12:42Z","Illinois State Water Survey Central Analytical Laboratory",274.0,0.05674,5,"2024-06-13","A",,
"b2221182-f05e-4ff8-a737-1a791378d052","D02","POSE","POSE.AOS.S2","POSE.SS.20240611.FIL.2","A00000371070","2024-06-11T12:42Z","2024-06-11T12:42Z","Illinois State Water Survey Central Analytical Laboratory",304.0,0.03874,5,"2024-06-13","A",,
"8414e761-f0f3-4d0e-9f85-27959b3ad9fc","D02","POSE","POSE.AOS.S2","POSE.SS.20240611.FIL.3","A00000371071","2024-06-11T12:42Z","2024-06-11T12:42Z","Illinois State Water Survey Central Analytical Laboratory",396.0,0.00966,5,"2024-06-13","B",,
"88fefab9-a306-46b0-ae29-d92d7e88fd74","D02","POSE","POSE.AOS.S2","POSE.SS.20240611.FIL","A00000371069","2024-06-11T12:42Z","2024-06-11T12:42Z","Illinois State Water Survey Central Analytical Laboratory",396.0,0.00988,5,"2024-06-13","A",,
"a5623eda-f2d4-4c1e-9ea1-85ef582f7911","D02","POSE","POSE.AOS.S2","POSE.SS.20240611.FIL.2","A00000371070","2024-06-11T12:42Z","2024-06-11T12:42Z","Illinois State Water Survey Central Analytical Laboratory",450.0,0.00416,5,"2024-06-13","A",,
"97413ec8-962d-4cae-b85e-b6196c495f53","D02","POSE","POSE.AOS.S2","POSE.SS.20240611.FIL.3","A00000371071","2024-06-11T12:42Z","2024-06-11T12:42Z","Illinois State Water Survey Central Analytical Laboratory",518.0,0.00180,5,"2024-06-13","A",,
"9277c283-a819-40bc-8138-4655d00ac7ed","D02","POSE","POSE.AOS.S2","POSE.SS.20240611.FIL.2","A00000371070","2024-06-11T12:42Z","2024-06-11T12:42Z","Illinois State Water Survey Central Analytical Laboratory",502.0,0.00234,5,"2024-06-13","B",,
"bbcaa27d-d50e-48d8-a058-e05ecb48c5a0","D02","POSE","POSE.AOS.S2","POSE.SS.20240611.FIL.3","A00000371071","2024-06-11T12:42Z","2024-06-11T12:42Z","Illinois State Water Survey Central Analytical Laboratory",406.0,0.00828,5,"2024-06-13","B",,
"60be3216-4c14-4271-ab5f-3402ef3ef3b5","D02","POSE","POSE.AOS.S2","POSE.SS.20240611.FIL","A00000371069","2024-06-11T12:42Z","2024-06-11T12:42Z","Illinois State Water Survey Central Analytical Laboratory",226.0,0.12620,5,"2024-06-13","A",,
"2f09a32a-4913-490b-ad2e-4165ea309fb2","D02","POSE","POSE.AOS.S2","POSE.SS.20240611.FIL.3","A00000371071","2024-06-11T12:42Z","2024-06-11T12:42Z","Illinois State Water Survey Central Analytical Laboratory",540.0,0.00142,5,"2024-06-13","B",,
"95591337-a993-43c1-9bba-137ee5121773","D02","POSE","POSE.AOS.S2","POSE.SS.20240611.FIL.2","A00000371070","2024-06-11T12:42Z","2024-06-11T12:42Z","Illinois State Water Survey Central Analytical Laboratory",440.0,0.00510,5,"2024-06-13","B",,
"76d6ec89-6b5e-4c7e-aa94-dcd9acf2d16f","D02","POSE","POSE.AOS.S2","POSE.SS.20240611.FIL.3","A00000371071","2024-06-11T12:42Z","2024-06-11T12:42Z","Illinois State Water Survey Central Analytical Laboratory",534.0,0.00150,5,"2024-06-13","B",,
"40946c06-9146-4dd0-951d-0c0a01239969","D02","POSE","POSE.AOS.S2","POSE.SS.20240611.FIL.2","A00000371070","2024-06-11T12:42Z","2024-06-11T12:42Z","Illinois State Water Survey Central Analytical Laboratory",322.0,0.03036,5,"2024-06-13","A",,
"7c49fc54-779b-4827-a966-7234a4ca0ee1","D02","POSE","POSE.AOS.S2","POSE.SS.20240611.FIL","A00000371069","2024-06-11T12:42Z","2024-06-11T12:42Z","Illinois State Water Survey Central Analytical Laboratory",560.0,0.00126,5,"2024-06-13","B",,
"a13ec98c-d698-4402-8efb-01f844f259f6","D02","POSE","POSE.AOS.S2","POSE.SS.20240611.FIL","A00000371069","2024-06-11T12:42Z","2024-06-11T12:42Z","Illinois State Water Survey Central Analytical Laboratory",402.0,0.00912,5,"2024-06-13","B",,
"3e0532f4-f9cd-42ae-bc87-e6e255bc8aa5","D02","POSE","POSE.AOS.S2","POSE.SS.20240611.FIL.3","A00000371071","2024-06-11T12:42Z","2024-06-11T12:42Z","Illinois State Water Survey Central Analytical Laboratory",334.0,0.02584,5,"2024-06-13","A",,
"74237936-c102-474c-ad9e-cc8df2e40ad0","D02","POSE","POSE.AOS.S2","POSE.SS.20240611.FIL.2","A00000371070","2024-06-11T12:42Z","2024-06-11T12:42Z","Illinois State Water Survey Central Analytical Laboratory",358.0,0.01832,5,"2024-06-13","B",,
"42a4e421-8e9b-43ca-9769-01c2d7868129","D02","POSE","POSE.AOS.S2","POSE.SS.20240611.FIL","A00000371069","2024-06-11T12:42Z","2024-06-11T12:42Z","Illinois State Water Survey Central Analytical Laboratory",562.0,0.00120,5,"2024-06-13","B",,
"a91d910d-a832-476a-aabf-8750cb738b7d","D02","POSE","POSE.AOS.S2","POSE.SS.20240611.FIL","A00000371069","2024-06-11T12:42Z","2024-06-11T12:42Z","Illinois State Water Survey Central Analytical Laboratory",458.0,0.00386,5,"2024-06-13","A",,
"df844ecb-1c49-442e-aa61-c31749c7b353","D02","POSE","POSE.AOS.S2","POSE.SS.20240611.FIL","A00000371069","2024-06-11T12:42Z","2024-06-11T12:42Z","Illinois State Water Survey Central Analytical Laboratory",574.0,0.00106,5,"2024-06-13","A",,
"585ecefd-026f-415a-867c-d9309055e9de","D02","POSE","POSE.AOS.S2","POSE.SS.20240611.FIL","A00000371069","2024-06-11T12:42Z","2024-06-11T12:42Z","Illinois State Water Survey Central Analytical Laboratory",352.0,0.02024,5,"2024-06-13","B",,
"6cf73967-792e-4c0a-b2f3-8360ff6445c3","D02","POSE","POSE.AOS.S2","POSE.SS.20240611.FIL","A00000371069","2024-06-11T12:42Z","2024-06-11T12:42Z","Illinois State Water Survey Central Analytical Laboratory",406.0,0.00856,5,"2024-06-13","B",,
"44c6fd17-19c5-44e3-8d83-4edac3c385ba","D02","POSE","POSE.AOS.S2","POSE.SS.20240611.FIL","A00000371069","2024-06-11T12:42Z","2024-06-11T12:42Z","Illinois State Water Survey Central Analytical Laboratory",454.0,0.00414,5,"2024-06-13","B",,
"53b8d77c-c2f8-493d-898f-edb525790a75","D02","POSE","POSE.AOS.S2","POSE.SS.20240611.FIL","A00000371069","2024-06-11T12:42Z","2024-06-11T12:42Z","Illinois State Water Survey Central Analytical Laboratory",376.0,0.01380,5,"2024-06-13","B",,
"5d9ddc49-452f-47b3-b988-7f44281143f2","D02","POSE","POSE.AOS.S2","POSE.SS.20240611.FIL.3","A00000371071","2024-06-11T12:42Z","2024-06-11T12:42Z","Illinois State Water Survey Central Analytical Laboratory",526.0,0.00164,5,"2024-06-13","A",,
"43964b7c-f3a9-4216-bd78-6a6647a9c209","D02","POSE","POSE.AOS.S2","POSE.SS.20240611.FIL","A00000371069","2024-06-11T12:42Z","2024-06-11T12:42Z","Illinois State Water Survey Central Analytical Laboratory",316.0,0.03392,5,"2024-06-13","B",,
"61464ce3-1901-4a60-b98c-3af8956a2049","D02","POSE","POSE.AOS.S2","POSE.SS.20240611.FIL.2","A00000371070","2024-06-11T12:42Z","2024-06-11T12:42Z","Illinois State Water Survey Central Analytical Laboratory",280.0,0.05398,5,"2024-06-13","B",,
"11907044-5c6c-471b-b592-63a8596e95a5","D02","POSE","POSE.AOS.S2","POSE.SS.20240611.FIL.3","A00000371071","2024-06-11T12:42Z","2024-06-11T12:42Z","Illinois State Water Survey Central Analytical Laboratory",398.0,0.00940,5,"2024-06-13","A",,
"71e32f0b-155d-492a-bf8e-d3df1539d583","D02","POSE","POSE.AOS.S2","POSE.SS.20240611.FIL","A00000371069","2024-06-11T12:42Z","2024-06-11T12:42Z","Illinois State Water Survey Central Analytical Laboratory",490.0,0.00258,5,"2024-06-13","A",,
"7b9ed708-ebcb-48d4-8ea2-70053e312110","D02","POSE","POSE.AOS.S2","POSE.SS.20240611.FIL.3","A00000371071","2024-06-11T12:42Z","2024-06-11T12:42Z","Illinois State Water Survey Central Analytical Laboratory",554.0,0.00128,5,"2024-06-13","B",,
"7a7eac7b-e320-42d2-891e-817955abfd02","D02","POSE","POSE.AOS.S2","POSE.SS.20240611.FIL.3","A00000371071","2024-06-11T12:42Z","2024-06-11T12:42Z","Illinois State Water Survey Central Analytical Laboratory",534.0,0.00150,5,"2024-06-13","A",,
"cf308bd9-6793-4d8b-a468-737bac18a9d2","D02","POSE","POSE.AOS.S2","POSE.SS.20240611.FIL.3","A00000371071","2024-06-11T12:42Z","2024-06-11T12:42Z","Illinois State Water Survey Central Analytical Laboratory",558.0,0.00122,5,"2024-06-13","A",,
"492273e5-977e-495a-a7a8-e15140562b76","D02","POSE","POSE.AOS.S2","POSE.SS.20240611.FIL","A00000371069","2024-06-11T12:42Z","2024-06-11T12:42Z","Illinois State Water Survey Central Analytical Laboratory",584.0,0.00100,5,"2024-06-13","B",,
"641e2285-60ab-4e6f-a8d5-abaad41e54ca","D02","POSE","POSE.AOS.S2","POSE.SS.20240611.FIL.2","A00000371070","2024-06-11T12:42Z","2024-06-11T12:42Z","Illinois State Water Survey Central Analytical Laboratory",478.0,0.00304,5,"2024-06-13","B",,
"42c80432-57b1-4758-925b-39be703b5b25","D02","POSE","POSE.AOS.S2","POSE.SS.20240611.FIL.3","A00000371071","2024-06-11T12:42Z","2024-06-11T12:42Z","Illinois State Water Survey Central Analytical Laboratory",592.0,0.00084,5,"2024-06-13","A",,
"9c0263ec-9702-400f-866d-7b06a44f63fc","D02","POSE","POSE.AOS.S2","POSE.SS.20240611.FIL.3","A00000371071","2024-06-11T12:42Z","2024-06-11T12:42Z","Illinois State Water Survey Central Analytical Laboratory",386.0,0.01134,5,"2024-06-13","A",,
"d0b05e84-ccdd-41e5-8fc0-75d043c63f1e","D02","POSE","POSE.AOS.S2","POSE.SS.20240611.FIL.2","A00000371070","2024-06-11T12:42Z","2024-06-11T12:42Z","Illinois State Water Survey Central Analytical Laboratory",468.0,0.00324,5,"2024-06-13","A",,
"b2bb7641-bc6b-4ff7-933f-6436077e8329","D02","POSE","POSE.AOS.S2","POSE.SS.20240611.FIL.2","A00000371070","2024-06-11T12:42Z","2024-06-11T12:42Z","Illinois State Water Survey Central Analytical Laboratory",536.0,0.00144,5,"2024-06-13","A",,
"50bb1ddb-a3ec-417b-9c18-8a0dbaff3478","D02","POSE","POSE.AOS.S2","POSE.SS.20240611.FIL","A00000371069","2024-06-11T12:42Z","2024-06-11T12:42Z","Illinois State Water Survey Central Analytical Laboratory",600.0,0.00092,5,"2024-06-13","B",,
"37a1bcd6-b1c3-4f9d-8ceb-c0087b5d26e0","D02","POSE","POSE.AOS.S2","POSE.SS.20240611.FIL.3","A00000371071","2024-06-11T12:42Z","2024-06-11T12:42Z","Illinois State Water Survey Central Analytical Laboratory",282.0,0.05242,5,"2024-06-13","B",,
"8ac0581c-43f3-4656-8fc9-aeefc49117a7","D02","POSE","POSE.AOS.S2","POSE.SS.20240611.FIL","A00000371069","2024-06-11T12:42Z","2024-06-11T12:42Z","Illinois State Water Survey Central Analytical Laboratory",384.0,0.01212,5,"2024-06-13","B",,
"7d58d6be-fd97-4b1b-81a8-9f3ac5437330","D02","POSE","POSE.AOS.S2","POSE.SS.20240611.FIL","A00000371069","2024-06-11T12:42Z","2024-06-11T12:42Z","Illinois State Water Survey Central Analytical Laboratory",582.0,0.00094,5,"2024-06-13","A",,
"2eeda775-92c2-4a73-b6b6-12632d72f1bc","D02","POSE","POSE.AOS.S2","POSE.SS.20240611.FIL.3","A00000371071","2024-06-11T12:42Z","2024-06-11T12:42Z","Illinois State Water Survey Central Analytical Laboratory",274.0,0.05730,5,"2024-06-13","A",,
"52538718-0d52-47bf-bc4a-ce98e6dc6b47","D02","POSE","POSE.AOS.S2","POSE.SS.20240611.FIL.2","A00000371070","2024-06-11T12:42Z","2024-06-11T12:42Z","Illinois State Water Survey Central Analytical Laboratory",286.0,0.05014,5,"2024-06-13","B",,
"57644715-2bb1-4025-b2d2-304d6ce56d12","D02","POSE","POSE.AOS.S2","POSE.SS.20240611.FIL","A00000371069","2024-06-11T12:42Z","2024-06-11T12:42Z","Illinois State Water Survey Central Analytical Laboratory",556.0,0.00128,5,"2024-06-13","A",,
"45e8655c-9bd0-4e3f-aebe-2966d4bda3c7","D02","POSE","POSE.AOS.S2","POSE.SS.20240611.FIL.2","A00000371070","2024-06-11T12:42Z","2024-06-11T12:42Z","Illinois State Water Survey Central Analytical Laboratory",600.0,0.00082,5,"2024-06-13","A",,
"fd59b0e6-7783-404c-a105-55e8e48d1f5f","D02","POSE","POSE.AOS.S2","POSE.SS.20240611.FIL.2","A00000371070","2024-06-11T12:42Z","2024-06-11T12:42Z","Illinois State Water Survey Central Analytical Laboratory",500.0,0.00234,5,"2024-06-13","B",,
"1c205766-c2eb-46c1-a0d1-06d2c6a9aace","D02","POSE","POSE.AOS.S2","POSE.SS.20240611.FIL.3","A00000371071","2024-06-11T12:42Z","2024-06-11T12:42Z","Illinois State Water Survey Central Analytical Laboratory",302.0,0.04024,5,"2024-06-13","B",,
"422c6e94-3e3f-4a74-a62a-596462ba038f","D02","POSE","POSE.AOS.S2","POSE.SS.20240611.FIL.2","A00000371070","2024-06-11T12:42Z","2024-06-11T12:42Z","Illinois State Water Survey Central Analytical Laboratory",570.0,0.00102,5,"2024-06-13","A",,
"36276a04-8362-47db-aeea-725fc9c5c6e6","D02","POSE","POSE.AOS.S2","POSE.SS.20240611.FIL","A00000371069","2024-06-11T12:42Z","2024-06-11T12:42Z","Illinois State Water Survey Central Analytical Laboratory",452.0,0.00422,5,"2024-06-13","A",,
"9c32b182-5016-4e75-b1dd-709be323bee9","D02","POSE","POSE.AOS.S2","POSE.SS.20240611.FIL","A00000371069","2024-06-11T12:42Z","2024-06-11T12:42Z","Illinois State Water Survey Central Analytical Laboratory",264.0,0.06430,5,"2024-06-13","B",,
"faeae6fe-1f02-424b-b0d9-4fa7332d9d4e","D02","POSE","POSE.AOS.S2","POSE.SS.20240611.FIL.3","A00000371071","2024-06-11T12:42Z","2024-06-11T12:42Z","Illinois State Water Survey Central Analytical Laboratory",316.0,0.03334,5,"2024-06-13","A",,
"427edda9-4f6b-4e6c-a14a-c37801ac12f1","D02","POSE","POSE.AOS.S2","POSE.SS.20240611.FIL","A00000371069","2024-06-11T12:42Z","2024-06-11T12:42Z","Illinois State Water Survey Central Analytical Laboratory",476.0,0.00308,5,"2024-06-13","A",,
"3bf63931-0793-4302-90ff-7ef533cfe466","D02","POSE","POSE.AOS.S2","POSE.SS.20240611.FIL.3","A00000371071","2024-06-11T12:42Z","2024-06-11T12:42Z","Illinois State Water Survey Central Analytical Laboratory",268.0,0.06102,5,"2024-06-13","A",,
"3fe2bc90-1715-48f7-b20f-e3936ed72f9a","D02","POSE","POSE.AOS.S2","POSE.SS.20240611.FIL.2","A00000371070","2024-06-11T12:42Z","2024-06-11T12:42Z","Illinois State Water Survey Central Analytical Laboratory",560.0,0.00134,5,"2024-06-13","B",,
"3c063b95-c03d-4477-bd1e-bd45207cec90","D02","POSE","POSE.AOS.S2","POSE.SS.20240611.FIL.3","A00000371071","2024-06-11T12:42Z","2024-06-11T12:42Z","Illinois State Water Survey Central Analytical Laboratory",504.0,0.00212,5,"2024-06-13","B",,
"f7eb1d91-aac8-473e-86a5-d090835aca62","D02","POSE","POSE.AOS.S2","POSE.SS.20240611.FIL.3","A00000371071","2024-06-11T12:42Z","2024-06-11T12:42Z","Illinois State Water Survey Central Analytical Laboratory",482.0,0.00284,5,"2024-06-13","B",,
"fa97701a-c44f-46b8-acfb-7ffa1eaaa881","D02","POSE","POSE.AOS.S2","POSE.SS.20240611.FIL.3","A00000371071","2024-06-11T12:42Z","2024-06-11T12:42Z","Illinois State Water Survey Central Analytical Laboratory",360.0,0.01742,5,"2024-06-13","A",,
"9b48c6c6-54f9-40cd-91f4-96ddd05517f4","D02","POSE","POSE.AOS.S2","POSE.SS.20240611.FIL.2","A00000371070","2024-06-11T12:42Z","2024-06-11T12:42Z","Illinois State Water Survey Central Analytical Laboratory",434.0,0.00530,5,"2024-06-13","A",,
"3251d4e3-e2d7-4b46-880b-8428dc5689be","D02","POSE","POSE.AOS.S2","POSE.SS.20240611.FIL.3","A00000371071","2024-06-11T12:42Z","2024-06-11T12:42Z","Illinois State Water Survey Central Analytical Laboratory",432.0,0.00552,5,"2024-06-13","A",,
"c3747042-df9f-454b-9937-e04829657096","D02","POSE","POSE.AOS.S2","POSE.SS.20240611.FIL","A00000371069","2024-06-11T12:42Z","2024-06-11T12:42Z","Illinois State Water Survey Central Analytical Laboratory",428.0,0.00608,5,"2024-06-13","B",,
"19a9fad7-30c8-483f-a340-180d695bb64b","D02","POSE","POSE.AOS.S2","POSE.SS.20240611.FIL.2","A00000371070","2024-06-11T12:42Z","2024-06-11T12:42Z","Illinois State Water Survey Central Analytical Laboratory",528.0,0.00158,5,"2024-06-13","A",,
"8b0da877-7078-45cf-8c74-23e8ec803a68","D02","POSE","POSE.AOS.S2","POSE.SS.20240611.FIL.3","A00000371071","2024-06-11T12:42Z","2024-06-11T12:42Z","Illinois State Water Survey Central Analytical Laboratory",350.0,0.02042,5,"2024-06-13","B",,
"fd976383-ea51-4bb3-b862-9c67617fc064","D02","POSE","POSE.AOS.S2","POSE.SS.20240611.FIL.3","A00000371071","2024-06-11T12:42Z","2024-06-11T12:42Z","Illinois State Water Survey Central Analytical Laboratory",340.0,0.02370,5,"2024-06-13","B",,
"eb29412b-7e02-45e2-b255-d657d30e6a08","D02","POSE","POSE.AOS.S2","POSE.SS.20240611.FIL.3","A00000371071","2024-06-11T12:42Z","2024-06-11T12:42Z","Illinois State Water Survey Central Analytical Laboratory",240.0,0.08252,5,"2024-06-13","B",,
"63ef541a-92f6-41aa-aa5f-6e6ddd770a86","D02","POSE","POSE.AOS.S2","POSE.SS.20240611.FIL.2","A00000371070","2024-06-11T12:42Z","2024-06-11T12:42Z","Illinois State Water Survey Central Analytical Laboratory",314.0,0.03384,5,"2024-06-13","A",,
"7036cbcb-9798-4924-8b0d-df123b203285","D02","POSE","POSE.AOS.S2","POSE.SS.20240625.FIL","A00000371209","2024-06-25T13:23Z","2024-06-25T13:23Z","Illinois State Water Survey Central Analytical Laboratory",232.0,0.11272,5,"2024-06-26","A",,
"0d30aee4-81ab-4d2e-b946-974104134b40","D02","POSE","POSE.AOS.S2","POSE.SS.20240625.FIL","A00000371209","2024-06-25T13:23Z","2024-06-25T13:23Z","Illinois State Water Survey Central Analytical Laboratory",298.0,0.04736,5,"2024-06-26","A",,
"1a717d6f-91be-4552-a401-79f96e93dd0e","D02","POSE","POSE.AOS.S2","POSE.SS.20240625.FIL","A00000371209","2024-06-25T13:23Z","2024-06-25T13:23Z","Illinois State Water Survey Central Analytical Laboratory",244.0,0.08842,5,"2024-06-26","B",,
"8dd9ffb6-45dc-4724-a6cb-c051e1689101","D02","POSE","POSE.AOS.S2","POSE.SS.20240625.FIL","A00000371209","2024-06-25T13:23Z","2024-06-25T13:23Z","Illinois State Water Survey Central Analytical Laboratory",422.0,0.00684,5,"2024-06-26","A",,
"38f2fa26-39ea-4632-b691-ae36001d4a2e","D02","POSE","POSE.AOS.S2","POSE.SS.20240625.FIL","A00000371209","2024-06-25T13:23Z","2024-06-25T13:23Z","Illinois State Water Survey Central Analytical Laboratory",524.0,0.00188,5,"2024-06-26","A",,
"39e7b1e5-7749-4e28-bf63-a0c22a86e679","D02","POSE","POSE.AOS.S2","POSE.SS.20240625.FIL","A00000371209","2024-06-25T13:23Z","2024-06-25T13:23Z","Illinois State Water Survey Central Analytical Laboratory",484.0,0.00284,5,"2024-06-26","B",,
"af4a0e11-aad8-43a7-99f4-7908335069ba","D02","POSE","POSE.AOS.S2","POSE.SS.20240625.FIL","A00000371209","2024-06-25T13:23Z","2024-06-25T13:23Z","Illinois State Water Survey Central Analytical Laboratory",318.0,0.03590,5,"2024-06-26","A",,
"3049d7d4-9129-4a67-92b2-4c112e94e1ac","D02","POSE","POSE.AOS.S2","POSE.SS.20240625.FIL","A00000371209","2024-06-25T13:23Z","2024-06-25T13:23Z","Illinois State Water Survey Central Analytical Laboratory",290.0,0.05292,5,"2024-06-26","B",,
"ec4d6d70-22d5-4b0b-b0f5-125d8d6ef04d","D02","POSE","POSE.AOS.S2","POSE.SS.20240625.FIL","A00000371209","2024-06-25T13:23Z","2024-06-25T13:23Z","Illinois State Water Survey Central Analytical Laboratory",406.0,0.00886,5,"2024-06-26","A",,
"e274679f-ecbf-4675-8485-32e91ab27280","D02","POSE","POSE.AOS.S2","POSE.SS.20240625.FIL","A00000371209","2024-06-25T13:23Z","2024-06-25T13:23Z","Illinois State Water Survey Central Analytical Laboratory",480.0,0.00300,5,"2024-06-26","B",,
"f84732ad-2896-467a-ae6d-daf83f9df4ca","D02","POSE","POSE.AOS.S2","POSE.SS.20240625.FIL","A00000371209","2024-06-25T13:23Z","2024-06-25T13:23Z","Illinois State Water Survey Central Analytical Laboratory",322.0,0.03388,5,"2024-06-26","A",,
"64718acb-d13c-42df-9a86-a3c6af7d31fa","D02","POSE","POSE.AOS.S2","POSE.SS.20240625.FIL","A00000371209","2024-06-25T13:23Z","2024-06-25T13:23Z","Illinois State Water Survey Central Analytical Laboratory",576.0,0.00110,5,"2024-06-26","B",,
"12ca3458-0ce2-4058-94e5-1712b7235679","D02","POSE","POSE.AOS.S2","POSE.SS.20240625.FIL","A00000371209","2024-06-25T13:23Z","2024-06-25T13:23Z","Illinois State Water Survey Central Analytical Laboratory",342.0,0.02508,5,"2024-06-26","B",,
"b6c714ab-d430-4332-bafe-23d2cbf85778","D02","POSE","POSE.AOS.S2","POSE.SS.20240625.FIL","A00000371209","2024-06-25T13:23Z","2024-06-25T13:23Z","Illinois State Water Survey Central Analytical Laboratory",576.0,0.00122,5,"2024-06-26","A",,
"241ac7be-680a-49e7-8023-45982ab9d58b","D02","POSE","POSE.AOS.S2","POSE.SS.20240625.FIL","A00000371209","2024-06-25T13:23Z","2024-06-25T13:23Z","Illinois State Water Survey Central Analytical Laboratory",452.0,0.00428,5,"2024-06-26","B",,
"aa67369a-c4e0-4e79-a701-e6fe5c1dc354","D02","POSE","POSE.AOS.S2","POSE.SS.20240625.FIL","A00000371209","2024-06-25T13:23Z","2024-06-25T13:23Z","Illinois State Water Survey Central Analytical Laboratory",374.0,0.01504,5,"2024-06-26","A",,
"878ca5c2-b3f9-43dc-a100-ae04b55559a1","D02","POSE","POSE.AOS.S2","POSE.SS.20240625.FIL","A00000371209","2024-06-25T13:23Z","2024-06-25T13:23Z","Illinois State Water Survey Central Analytical Laboratory",494.0,0.00248,5,"2024-06-26","B",,
"d25f4fe9-c92c-4399-acb0-c1e9f7c8d87e","D02","POSE","POSE.AOS.S2","POSE.SS.20240625.FIL","A00000371209","2024-06-25T13:23Z","2024-06-25T13:23Z","Illinois State Water Survey Central Analytical Laboratory",280.0,0.06064,5,"2024-06-26","A",,
"59403369-19cc-4edb-b200-0861f3783f21","D02","POSE","POSE.AOS.S2","POSE.SS.20240625.FIL","A00000371209","2024-06-25T13:23Z","2024-06-25T13:23Z","Illinois State Water Survey Central Analytical Laboratory",596.0,0.00088,5,"2024-06-26","B",,
"ef72b72d-1e14-4d85-bdca-4d77544b880e","D02","POSE","POSE.AOS.S2","POSE.SS.20240625.FIL","A00000371209","2024-06-25T13:23Z","2024-06-25T13:23Z","Illinois State Water Survey Central Analytical Laboratory",492.0,0.00260,5,"2024-06-26","B",,
"208ac520-e607-4f21-9b8f-3f66d304c5d8","D02","POSE","POSE.AOS.S2","POSE.SS.20240625.FIL","A00000371209","2024-06-25T13:23Z","2024-06-25T13:23Z","Illinois State Water Survey Central Analytical Laboratory",468.0,0.00342,5,"2024-06-26","B",,
"eec2944a-3efe-44ae-bb33-634d92c2e000","D02","POSE","POSE.AOS.S2","POSE.SS.20240625.FIL","A00000371209","2024-06-25T13:23Z","2024-06-25T13:23Z","Illinois State Water Survey Central Analytical Laboratory",316.0,0.03694,5,"2024-06-26","A",,
"7ce7abc7-782e-4224-b324-8d49268478a7","D02","POSE","POSE.AOS.S2","POSE.SS.20240625.FIL","A00000371209","2024-06-25T13:23Z","2024-06-25T13:23Z","Illinois State Water Survey Central Analytical Laboratory",590.0,0.00108,5,"2024-06-26","A",,
"6084b5f5-ffbd-41f3-91c6-66a60cb4045e","D02","POSE","POSE.AOS.S2","POSE.SS.20240625.FIL","A00000371209","2024-06-25T13:23Z","2024-06-25T13:23Z","Illinois State Water Survey Central Analytical Laboratory",422.0,0.00680,5,"2024-06-26","B",,
"acc3270b-bfa0-47ed-a9db-28d46b02fb25","D02","POSE","POSE.AOS.S2","POSE.SS.20240625.FIL","A00000371209","2024-06-25T13:23Z","2024-06-25T13:23Z","Illinois State Water Survey Central Analytical Laboratory",452.0,0.00434,5,"2024-06-26","A",,
"db087838-6621-4499-aa63-e45f9a5919ae","D02","POSE","POSE.AOS.S2","POSE.SS.20240625.FIL","A00000371209","2024-06-25T13:23Z","2024-06-25T13:23Z","Illinois State Water Survey Central Analytical Laboratory",518.0,0.00184,5,"2024-06-26","B",,
"fb07710b-c491-410c-a85f-e2b769eb202f","D02","POSE","POSE.AOS.S2","POSE.SS.20240625.FIL","A00000371209","2024-06-25T13:23Z","2024-06-25T13:23Z","Illinois State Water Survey Central Analytical Laboratory",378.0,0.01398,5,"2024-06-26","B",,
"43b4817a-72e9-410b-8950-453483766f2e","D02","POSE","POSE.AOS.S2","POSE.SS.20240625.FIL","A00000371209","2024-06-25T13:23Z","2024-06-25T13:23Z","Illinois State Water Survey Central Analytical Laboratory",558.0,0.00134,5,"2024-06-26","A",,
"8645c02b-acee-499f-b9f4-26b38d4f0525","D02","POSE","POSE.AOS.S2","POSE.SS.20240625.FIL","A00000371209","2024-06-25T13:23Z","2024-06-25T13:23Z","Illinois State Water Survey Central Analytical Laboratory",328.0,0.03108,5,"2024-06-26","A",,
"de15586c-4ec0-43c0-8e67-10443607b47e","D02","POSE","POSE.AOS.S2","POSE.SS.20240625.FIL","A00000371209","2024-06-25T13:23Z","2024-06-25T13:23Z","Illinois State Water Survey Central Analytical Laboratory",566.0,0.00118,5,"2024-06-26","B",,
"d331c12c-1258-4ce8-a1d3-651e3208356d","D02","POSE","POSE.AOS.S2","POSE.SS.20240625.FIL","A00000371209","2024-06-25T13:23Z","2024-06-25T13:23Z","Illinois State Water Survey Central Analytical Laboratory",488.0,0.00272,5,"2024-06-26","B",,
"07ab53d2-7304-4fe2-8ae4-c054847d6583","D02","POSE","POSE.AOS.S2","POSE.SS.20240625.FIL","A00000371209","2024-06-25T13:23Z","2024-06-25T13:23Z","Illinois State Water Survey Central Analytical Laboratory",594.0,0.00092,5,"2024-06-26","B",,
"78cbdd01-b47d-41a5-9f26-6996f050c803","D02","POSE","POSE.AOS.S2","POSE.SS.20240625.FIL","A00000371209","2024-06-25T13:23Z","2024-06-25T13:23Z","Illinois State Water Survey Central Analytical Laboratory",220.0,0.18404,5,"2024-06-26","A",,
"4848aa3b-bed6-448f-bf5c-01f770f0d760","D02","POSE","POSE.AOS.S2","POSE.SS.20240625.FIL","A00000371209","2024-06-25T13:23Z","2024-06-25T13:23Z","Illinois State Water Survey Central Analytical Laboratory",320.0,0.03484,5,"2024-06-26","B",,
"11373068-6685-4d4c-85ff-ed7236f931e0","D02","POSE","POSE.AOS.S2","POSE.SS.20240625.FIL","A00000371209","2024-06-25T13:23Z","2024-06-25T13:23Z","Illinois State Water Survey Central Analytical Laboratory",542.0,0.00160,5,"2024-06-26","A",,
"22b29da6-9357-48e4-b53b-c221b3e02bcc","D02","POSE","POSE.AOS.S2","POSE.SS.20240625.FIL","A00000371209","2024-06-25T13:23Z","2024-06-25T13:23Z","Illinois State Water Survey Central Analytical Laboratory",242.0,0.09060,5,"2024-06-26","B",,
"ed94627f-4b03-4998-a0d5-d815746cac62","D02","POSE","POSE.AOS.S2","POSE.SS.20240625.FIL","A00000371209","2024-06-25T13:23Z","2024-06-25T13:23Z","Illinois State Water Survey Central Analytical Laboratory",520.0,0.00190,5,"2024-06-26","A",,
"92ad34d1-09a1-4b34-b6d2-d362e4720602","D02","POSE","POSE.AOS.S2","POSE.SS.20240625.FIL","A00000371209","2024-06-25T13:23Z","2024-06-25T13:23Z","Illinois State Water Survey Central Analytical Laboratory",362.0,0.01836,5,"2024-06-26","A",,
"c0049adc-5f21-4835-9446-3af8cc169fd8","D02","POSE","POSE.AOS.S2","POSE.SS.20240625.FIL","A00000371209","2024-06-25T13:23Z","2024-06-25T13:23Z","Illinois State Water Survey Central Analytical Laboratory",326.0,0.03186,5,"2024-06-26","B",,
"b3a1b7e4-5723-40b3-88a8-de68049a9a42","D02","POSE","POSE.AOS.S2","POSE.SS.20240625.FIL","A00000371209","2024-06-25T13:23Z","2024-06-25T13:23Z","Illinois State Water Survey Central Analytical Laboratory",356.0,0.02022,5,"2024-06-26","A",,
"92d26aeb-5d93-47a3-803f-7e8d6d04a99e","D02","POSE","POSE.AOS.S2","POSE.SS.20240625.FIL","A00000371209","2024-06-25T13:23Z","2024-06-25T13:23Z","Illinois State Water Survey Central Analytical Laboratory",394.0,0.01062,5,"2024-06-26","B",,
"3c99b6fc-aa9a-44ce-b164-a5549b2db089","D02","POSE","POSE.AOS.S2","POSE.SS.20240625.FIL","A00000371209","2024-06-25T13:23Z","2024-06-25T13:23Z","Illinois State Water Survey Central Analytical Laboratory",430.0,0.00610,5,"2024-06-26","A",,
"5ceea4ac-233b-4629-85f1-3dfe992b69f1","D02","POSE","POSE.AOS.S2","POSE.SS.20240625.FIL","A00000371209","2024-06-25T13:23Z","2024-06-25T13:23Z","Illinois State Water Survey Central Analytical Laboratory",502.0,0.00226,5,"2024-06-26","B",,
"18eebe18-fe39-4387-bac7-16484ff6472d","D02","POSE","POSE.AOS.S2","POSE.SS.20240625.FIL","A00000371209","2024-06-25T13:23Z","2024-06-25T13:23Z","Illinois State Water Survey Central Analytical Laboratory",456.0,0.00410,5,"2024-06-26","A",,
"b5ba8aa3-14d5-450d-982c-75ec1f389f49","D02","POSE","POSE.AOS.S2","POSE.SS.20240625.FIL","A00000371209","2024-06-25T13:23Z","2024-06-25T13:23Z","Illinois State Water Survey Central Analytical Laboratory",476.0,0.00318,5,"2024-06-26","A",,
"b727bfd5-5af8-4477-967b-5a82ffd8baf6","D02","POSE","POSE.AOS.S2","POSE.SS.20240625.FIL","A00000371209","2024-06-25T13:23Z","2024-06-25T13:23Z","Illinois State Water Survey Central Analytical Laboratory",354.0,0.02088,5,"2024-06-26","A",,
"cbad30d4-412e-479c-a648-920665fbed3a","D02","POSE","POSE.AOS.S2","POSE.SS.20240625.FIL","A00000371209","2024-06-25T13:23Z","2024-06-25T13:23Z","Illinois State Water Survey Central Analytical Laboratory",448.0,0.00466,5,"2024-06-26","A",,
"26c52143-1e76-4da9-9f5c-8a4e7adc8bd5","D02","POSE","POSE.AOS.S2","POSE.SS.20240625.FIL","A00000371209","2024-06-25T13:23Z","2024-06-25T13:23Z","Illinois State Water Survey Central Analytical Laboratory",482.0,0.00296,5,"2024-06-26","B",,
"e6e30f62-3f92-4764-9965-b0986920a344","D02","POSE","POSE.AOS.S2","POSE.SS.20240625.FIL","A00000371209","2024-06-25T13:23Z","2024-06-25T13:23Z","Illinois State Water Survey Central Analytical Laboratory",580.0,0.00114,5,"2024-06-26","A",,
"bc8f93db-f2d5-4db2-873d-2374f639a37b","D02","POSE","POSE.AOS.S2","POSE.SS.20240625.FIL","A00000371209","2024-06-25T13:23Z","2024-06-25T13:23Z","Illinois State Water Survey Central Analytical Laboratory",564.0,0.00128,5,"2024-06-26","A",,
"e6bc487a-cbd9-40dc-abb2-f7fe78ee4943","D02","POSE","POSE.AOS.S2","POSE.SS.20240625.FIL","A00000371209","2024-06-25T13:23Z","2024-06-25T13:23Z","Illinois State Water Survey Central Analytical Laboratory",260.0,0.07548,5,"2024-06-26","B",,
"a97049a1-e5bb-48ff-b1b6-ba05eb76fbac","D02","POSE","POSE.AOS.S2","POSE.SS.20240625.FIL","A00000371209","2024-06-25T13:23Z","2024-06-25T13:23Z","Illinois State Water Survey Central Analytical Laboratory",314.0,0.03786,5,"2024-06-26","A",,
"16f7e3ad-088e-4b49-96d5-42e49bf0945a","D02","POSE","POSE.AOS.S2","POSE.SS.20240625.FIL","A00000371209","2024-06-25T13:23Z","2024-06-25T13:23Z","Illinois State Water Survey Central Analytical Laboratory",264.0,0.07278,5,"2024-06-26","A",,
"71442124-c52d-4a46-9560-5492447a3ec5","D02","POSE","POSE.AOS.S2","POSE.SS.20240625.FIL","A00000371209","2024-06-25T13:23Z","2024-06-25T13:23Z","Illinois State Water Survey Central Analytical Laboratory",388.0,0.01174,5,"2024-06-26","B",,
"bf1dc1a4-d90a-4594-92f8-695e0bc82589","D02","POSE","POSE.AOS.S2","POSE.SS.20240625.FIL","A00000371209","2024-06-25T13:23Z","2024-06-25T13:23Z","Illinois State Water Survey Central Analytical Laboratory",450.0,0.00440,5,"2024-06-26","B",,
"13e0bf80-8498-4442-a245-af4e35e99a8a","D02","POSE","POSE.AOS.S2","POSE.SS.20240625.FIL","A00000371209","2024-06-25T13:23Z","2024-06-25T13:23Z","Illinois State Water Survey Central Analytical Laboratory",534.0,0.00168,5,"2024-06-26","A",,
"58c29a00-f377-40aa-a4e9-4ae09c827325","D02","POSE","POSE.AOS.S2","POSE.SS.20240625.FIL","A00000371209","2024-06-25T13:23Z","2024-06-25T13:23Z","Illinois State Water Survey Central Analytical Laboratory",346.0,0.02364,5,"2024-06-26","B",,
"561285c4-e12d-4941-a55c-ee57b9f3a7ef","D02","POSE","POSE.AOS.S2","POSE.SS.20240625.FIL","A00000371209","2024-06-25T13:23Z","2024-06-25T13:23Z","Illinois State Water Survey Central Analytical Laboratory",392.0,0.01100,5,"2024-06-26","B",,
"df40a750-f871-454b-8d6e-c85ed9b142f1","D02","POSE","POSE.AOS.S2","POSE.SS.20240625.FIL","A00000371209","2024-06-25T13:23Z","2024-06-25T13:23Z","Illinois State Water Survey Central Analytical Laboratory",376.0,0.01450,5,"2024-06-26","A",,
"7690ca5d-08b1-49c3-bb11-71374b5ee0cd","D02","POSE","POSE.AOS.S2","POSE.SS.20240625.FIL","A00000371209","2024-06-25T13:23Z","2024-06-25T13:23Z","Illinois State Water Survey Central Analytical Laboratory",302.0,0.04474,5,"2024-06-26","B",,
"e27f1651-e460-42cc-8c7f-98e3efb28f32","D02","POSE","POSE.AOS.S2","POSE.SS.20240625.FIL","A00000371209","2024-06-25T13:23Z","2024-06-25T13:23Z","Illinois State Water Survey Central Analytical Laboratory",562.0,0.00132,5,"2024-06-26","A",,
"32b5d420-85b6-4f00-8bdc-8b7ff8ca2612","D02","POSE","POSE.AOS.S2","POSE.SS.20240625.FIL","A00000371209","2024-06-25T13:23Z","2024-06-25T13:23Z","Illinois State Water Survey Central Analytical Laboratory",332.0,0.02914,5,"2024-06-26","B",,
"5617d953-ab5e-4983-94aa-1377695ef8e3","D02","POSE","POSE.AOS.S2","POSE.SS.20240625.FIL","A00000371209","2024-06-25T13:23Z","2024-06-25T13:23Z","Illinois State Water Survey Central Analytical Laboratory",444.0,0.00484,5,"2024-06-26","B",,
"8d89afe2-77a7-4d9e-a582-93f5fa1e1ce6","D02","POSE","POSE.AOS.S2","POSE.SS.20240625.FIL","A00000371209","2024-06-25T13:23Z","2024-06-25T13:23Z","Illinois State Water Survey Central Analytical Laboratory",528.0,0.00174,5,"2024-06-26","B",,
"fa5afa9a-3e54-43f0-bea2-831def3998c6","D02","POSE","POSE.AOS.S2","POSE.SS.20240625.FIL","A00000371209","2024-06-25T13:23Z","2024-06-25T13:23Z","Illinois State Water Survey Central Analytical Laboratory",424.0,0.00668,5,"2024-06-26","A",,
"c035d30b-74a5-4e47-9604-865680061c14","D02","POSE","POSE.AOS.S2","POSE.SS.20240625.FIL","A00000371209","2024-06-25T13:23Z","2024-06-25T13:23Z","Illinois State Water Survey Central Analytical Laboratory",280.0,0.06056,5,"2024-06-26","B",,
"5d504b40-c85a-491e-92c7-4d58122dd1b7","D02","POSE","POSE.AOS.S2","POSE.SS.20240625.FIL","A00000371209","2024-06-25T13:23Z","2024-06-25T13:23Z","Illinois State Water Survey Central Analytical Laboratory",224.0,0.15160,5,"2024-06-26","B",,
"638423b3-42cd-4a0a-bc5c-916487744b58","D02","POSE","POSE.AOS.S2","POSE.SS.20240625.FIL","A00000371209","2024-06-25T13:23Z","2024-06-25T13:23Z","Illinois State Water Survey Central Analytical Laboratory",530.0,0.00176,5,"2024-06-26","A",,
"c8cd90df-3462-4b07-8d2d-494b4bfd0824","D02","POSE","POSE.AOS.S2","POSE.SS.20240625.FIL","A00000371209","2024-06-25T13:23Z","2024-06-25T13:23Z","Illinois State Water Survey Central Analytical Laboratory",472.0,0.00338,5,"2024-06-26","A",,
"bd561c10-71b9-4449-ba3b-9d62fd267c29","D02","POSE","POSE.AOS.S2","POSE.SS.20240625.FIL","A00000371209","2024-06-25T13:23Z","2024-06-25T13:23Z","Illinois State Water Survey Central Analytical Laboratory",426.0,0.00646,5,"2024-06-26","A",,
"abe7a766-fecb-41ad-b311-447ea8895324","D02","POSE","POSE.AOS.S2","POSE.SS.20240625.FIL","A00000371209","2024-06-25T13:23Z","2024-06-25T13:23Z","Illinois State Water Survey Central Analytical Laboratory",516.0,0.00202,5,"2024-06-26","A",,
"df3513b9-4724-456c-88e3-db2402011d2a","D02","POSE","POSE.AOS.S2","POSE.SS.20240625.FIL","A00000371209","2024-06-25T13:23Z","2024-06-25T13:23Z","Illinois State Water Survey Central Analytical Laboratory",412.0,0.00786,5,"2024-06-26","B",,
"dbbd5169-7f65-4a6d-a8f7-82a14ed5b0ee","D02","POSE","POSE.AOS.S2","POSE.SS.20240625.FIL","A00000371209","2024-06-25T13:23Z","2024-06-25T13:23Z","Illinois State Water Survey Central Analytical Laboratory",362.0,0.01830,5,"2024-06-26","B",,
"232c3774-13c4-4320-bb13-2669f2ab1904","D02","POSE","POSE.AOS.S2","POSE.SS.20240625.FIL","A00000371209","2024-06-25T13:23Z","2024-06-25T13:23Z","Illinois State Water Survey Central Analytical Laboratory",582.0,0.00112,5,"2024-06-26","A",,
"4ff97bcc-76da-4170-8d56-6f77e975b2f6","D02","POSE","POSE.AOS.S2","POSE.SS.20240625.FIL","A00000371209","2024-06-25T13:23Z","2024-06-25T13:23Z","Illinois State Water Survey Central Analytical Laboratory",470.0,0.00332,5,"2024-06-26","B",,
"ec1d45bb-abb6-4772-956f-a5530390b6b8","D02","POSE","POSE.AOS.S2","POSE.SS.20240625.FIL","A00000371209","2024-06-25T13:23Z","2024-06-25T13:23Z","Illinois State Water Survey Central Analytical Laboratory",444.0,0.00492,5,"2024-06-26","A",,
"c554a960-0311-4591-a2a9-dc28b36b2853","D02","POSE","POSE.AOS.S2","POSE.SS.20240625.FIL","A00000371209","2024-06-25T13:23Z","2024-06-25T13:23Z","Illinois State Water Survey Central Analytical Laboratory",388.0,0.01180,5,"2024-06-26","A",,
"b21bdde6-56d2-42de-b775-7019b8ce983b","D02","POSE","POSE.AOS.S2","POSE.SS.20240625.FIL","A00000371209","2024-06-25T13:23Z","2024-06-25T13:23Z","Illinois State Water Survey Central Analytical Laboratory",544.0,0.00154,5,"2024-06-26","A",,
"f67226ee-396b-4e21-ae0d-430af751dfac","D02","POSE","POSE.AOS.S2","POSE.SS.20240625.FIL","A00000371209","2024-06-25T13:23Z","2024-06-25T13:23Z","Illinois State Water Survey Central Analytical Laboratory",324.0,0.03286,5,"2024-06-26","B",,
"52a31576-8130-4695-83da-5724fa1c529e","D02","POSE","POSE.AOS.S2","POSE.SS.20240625.FIL","A00000371209","2024-06-25T13:23Z","2024-06-25T13:23Z","Illinois State Water Survey Central Analytical Laboratory",346.0,0.02372,5,"2024-06-26","A",,
"e0c37e79-3432-4433-8dfa-f788a99e87c0","D02","POSE","POSE.AOS.S2","POSE.SS.20240625.FIL","A00000371209","2024-06-25T13:23Z","2024-06-25T13:23Z","Illinois State Water Survey Central Analytical Laboratory",246.0,0.08586,5,"2024-06-26","B",,
"5d1e84fe-0672-4e55-8cc9-4f271d970726","D02","POSE","POSE.AOS.S2","POSE.SS.20240625.FIL","A00000371209","2024-06-25T13:23Z","2024-06-25T13:23Z","Illinois State Water Survey Central Analytical Laboratory",584.0,0.00104,5,"2024-06-26","B",,
"4cc0effc-9296-4b93-8db2-e65d011629f2","D02","POSE","POSE.AOS.S2","POSE.SS.20240625.FIL","A00000371209","2024-06-25T13:23Z","2024-06-25T13:23Z","Illinois State Water Survey Central Analytical Laboratory",266.0,0.07120,5,"2024-06-26","B",,
"fc173517-8446-4fd9-8e17-4ced0941a3df","D02","POSE","POSE.AOS.S2","POSE.SS.20240625.FIL","A00000371209","2024-06-25T13:23Z","2024-06-25T13:23Z","Illinois State Water Survey Central Analytical Laboratory",276.0,0.06362,5,"2024-06-26","B",,
"560263da-a436-409a-adcb-383459388257","D02","POSE","POSE.AOS.S2","POSE.SS.20240625.FIL","A00000371209","2024-06-25T13:23Z","2024-06-25T13:23Z","Illinois State Water Survey Central Analytical Laboratory",406.0,0.00874,5,"2024-06-26","B",,
"e58042d9-8592-4ca7-b2ff-da411e1409a9","D02","POSE","POSE.AOS.S2","POSE.SS.20240625.FIL","A00000371209","2024-06-25T13:23Z","2024-06-25T13:23Z","Illinois State Water Survey Central Analytical Laboratory",514.0,0.00196,5,"2024-06-26","B",,
"285cc51a-1076-47d1-a822-036213fed6ce","D02","POSE","POSE.AOS.S2","POSE.SS.20240625.FIL","A00000371209","2024-06-25T13:23Z","2024-06-25T13:23Z","Illinois State Water Survey Central Analytical Laboratory",600.0,0.00104,5,"2024-06-26","A",,
"f1bd1d57-b770-477e-aa6b-9d48466997b2","D02","POSE","POSE.AOS.S2","POSE.SS.20240625.FIL","A00000371209","2024-06-25T13:23Z","2024-06-25T13:23Z","Illinois State Water Survey Central Analytical Laboratory",370.0,0.01604,5,"2024-06-26","A",,
"d3548e49-1db2-46df-94c9-c349644852d4","D02","POSE","POSE.AOS.S2","POSE.SS.20240625.FIL","A00000371209","2024-06-25T13:23Z","2024-06-25T13:23Z","Illinois State Water Survey Central Analytical Laboratory",296.0,0.04852,5,"2024-06-26","B",,
"fbc22d90-8b70-431d-b494-90d913551e5b","D02","POSE","POSE.AOS.S2","POSE.SS.20240625.FIL","A00000371209","2024-06-25T13:23Z","2024-06-25T13:23Z","Illinois State Water Survey Central Analytical Laboratory",536.0,0.00162,5,"2024-06-26","A",,
"2e247d4b-28a3-439b-961a-9dcc3ef8e843","D02","POSE","POSE.AOS.S2","POSE.SS.20240625.FIL","A00000371209","2024-06-25T13:23Z","2024-06-25T13:23Z","Illinois State Water Survey Central Analytical Laboratory",286.0,0.05602,5,"2024-06-26","B",,
"78cc589e-5cbb-430e-84ab-b1df9dff57d6","D02","POSE","POSE.AOS.S2","POSE.SS.20240625.FIL","A00000371209","2024-06-25T13:23Z","2024-06-25T13:23Z","Illinois State Water Survey Central Analytical Laboratory",568.0,0.00124,5,"2024-06-26","A",,
"0e493db7-130e-4f13-a0de-85ca824e18b4","D02","POSE","POSE.AOS.S2","POSE.SS.20240625.FIL","A00000371209","2024-06-25T13:23Z","2024-06-25T13:23Z","Illinois State Water Survey Central Analytical Laboratory",410.0,0.00830,5,"2024-06-26","A",,
"790040a3-4843-42f3-9172-70400ac36ff2","D02","POSE","POSE.AOS.S2","POSE.SS.20240625.FIL","A00000371209","2024-06-25T13:23Z","2024-06-25T13:23Z","Illinois State Water Survey Central Analytical Laboratory",418.0,0.00718,5,"2024-06-26","B",,
"c1595571-924b-4fec-bc3c-3f630976f7ca","D02","POSE","POSE.AOS.S2","POSE.SS.20240625.FIL","A00000371209","2024-06-25T13:23Z","2024-06-25T13:23Z","Illinois State Water Survey Central Analytical Laboratory",238.0,0.09716,5,"2024-06-26","A",,
"3b7b194a-677c-4127-8be0-8ac9f7e978c3","D02","POSE","POSE.AOS.S2","POSE.SS.20240625.FIL","A00000371209","2024-06-25T13:23Z","2024-06-25T13:23Z","Illinois State Water Survey Central Analytical Laboratory",402.0,0.00948,5,"2024-06-26","A",,
"f790cd04-a372-4dd8-8d8b-1ef77965f031","D02","POSE","POSE.AOS.S2","POSE.SS.20240625.FIL","A00000371209","2024-06-25T13:23Z","2024-06-25T13:23Z","Illinois State Water Survey Central Analytical Laboratory",310.0,0.04014,5,"2024-06-26","A",,
"0038b39e-6be7-4d3f-bb32-fe99adacd80b","D02","POSE","POSE.AOS.S2","POSE.SS.20240625.FIL","A00000371209","2024-06-25T13:23Z","2024-06-25T13:23Z","Illinois State Water Survey Central Analytical Laboratory",270.0,0.06812,5,"2024-06-26","B",,
"17748b1f-a364-45b9-b2a7-22f5c60afbbc","D02","POSE","POSE.AOS.S2","POSE.SS.20240625.FIL","A00000371209","2024-06-25T13:23Z","2024-06-25T13:23Z","Illinois State Water Survey Central Analytical Laboratory",326.0,0.03194,5,"2024-06-26","A",,
"9cf7cb5b-6ae5-43ba-b2fd-249fcc819484","D02","POSE","POSE.AOS.S2","POSE.SS.20240625.FIL","A00000371209","2024-06-25T13:23Z","2024-06-25T13:23Z","Illinois State Water Survey Central Analytical Laboratory",470.0,0.00344,5,"2024-06-26","A",,
"71fab2e5-435c-4809-b220-f311ce608191","D02","POSE","POSE.AOS.S2","POSE.SS.20240625.FIL","A00000371209","2024-06-25T13:23Z","2024-06-25T13:23Z","Illinois State Water Survey Central Analytical Laboratory",342.0,0.02516,5,"2024-06-26","A",,
"377c9e0c-8a7a-4191-8865-01c9f67567a8","D02","POSE","POSE.AOS.S2","POSE.SS.20240625.FIL","A00000371209","2024-06-25T13:23Z","2024-06-25T13:23Z","Illinois State Water Survey Central Analytical Laboratory",594.0,0.00102,5,"2024-06-26","A",,
"c53d2f75-3541-4e39-991f-4ab0cf559cf0","D02","POSE","POSE.AOS.S2","POSE.SS.20240625.FIL","A00000371209","2024-06-25T13:23Z","2024-06-25T13:23Z","Illinois State Water Survey Central Analytical Laboratory",238.0,0.09718,5,"2024-06-26","B",,
"7ff68dc8-a8fe-4a58-aaef-9f0575fbda33","D02","POSE","POSE.AOS.S2","POSE.SS.20240625.FIL","A00000371209","2024-06-25T13:23Z","2024-06-25T13:23Z","Illinois State Water Survey Central Analytical Laboratory",368.0,0.01660,5,"2024-06-26","A",,
"a2dbe6ac-8ad7-4432-ba72-bf6464396601","D02","POSE","POSE.AOS.S2","POSE.SS.20240625.FIL","A00000371209","2024-06-25T13:23Z","2024-06-25T13:23Z","Illinois State Water Survey Central Analytical Laboratory",382.0,0.01300,5,"2024-06-26","B",,
"6b9351c6-b47c-4d6b-8e3d-89e8dca4cdcd","D02","POSE","POSE.AOS.S2","POSE.SS.20240625.FIL","A00000371209","2024-06-25T13:23Z","2024-06-25T13:23Z","Illinois State Water Survey Central Analytical Laboratory",368.0,0.01654,5,"2024-06-26","B",,
"746c2ec2-7241-47bd-8a48-0bd72577180c","D02","POSE","POSE.AOS.S2","POSE.SS.20240625.FIL","A00000371209","2024-06-25T13:23Z","2024-06-25T13:23Z","Illinois State Water Survey Central Analytical Laboratory",300.0,0.04606,5,"2024-06-26","A",,
"37403f46-f96b-4788-a474-bf9271ac2754","D02","POSE","POSE.AOS.S2","POSE.SS.20240625.FIL","A00000371209","2024-06-25T13:23Z","2024-06-25T13:23Z","Illinois State Water Survey Central Analytical Laboratory",528.0,0.00184,5,"2024-06-26","A",,
"2ac4c55d-8153-4157-afc2-2d14507d26e9","D02","POSE","POSE.AOS.S2","POSE.SS.20240625.FIL","A00000371209","2024-06-25T13:23Z","2024-06-25T13:23Z","Illinois State Water Survey Central Analytical Laboratory",334.0,0.02836,5,"2024-06-26","B",,
"99a2efef-3608-4de6-b789-3991e65c703a","D02","POSE","POSE.AOS.S2","POSE.SS.20240625.FIL","A00000371209","2024-06-25T13:23Z","2024-06-25T13:23Z","Illinois State Water Survey Central Analytical Laboratory",548.0,0.00134,5,"2024-06-26","B",,
"adc9f5a6-101d-440c-8e84-35db3aebb659","D02","POSE","POSE.AOS.S2","POSE.SS.20240625.FIL","A00000371209","2024-06-25T13:23Z","2024-06-25T13:23Z","Illinois State Water Survey Central Analytical Laboratory",588.0,0.00110,5,"2024-06-26","A",,
"73aab58c-9655-4a7c-a67d-b214fa512478","D02","POSE","POSE.AOS.S2","POSE.SS.20240625.FIL","A00000371209","2024-06-25T13:23Z","2024-06-25T13:23Z","Illinois State Water Survey Central Analytical Laboratory",552.0,0.00146,5,"2024-06-26","A",,
"798e5797-e185-4550-b734-550ef6757e6d","D02","POSE","POSE.AOS.S2","POSE.SS.20240625.FIL","A00000371209","2024-06-25T13:23Z","2024-06-25T13:23Z","Illinois State Water Survey Central Analytical Laboratory",486.0,0.00282,5,"2024-06-26","B",,
"e2f5f4f0-b8f1-4dbf-9748-08699c456dd1","D02","POSE","POSE.AOS.S2","POSE.SS.20240625.FIL","A00000371209","2024-06-25T13:23Z","2024-06-25T13:23Z","Illinois State Water Survey Central Analytical Laboratory",490.0,0.00272,5,"2024-06-26","A",,
"7a922ec2-28b8-45ef-be8d-f02745ab1437","D02","POSE","POSE.AOS.S2","POSE.SS.20240625.FIL","A00000371209","2024-06-25T13:23Z","2024-06-25T13:23Z","Illinois State Water Survey Central Analytical Laboratory",284.0,0.05760,5,"2024-06-26","A",,
"7b47b901-32f1-475b-9fe0-6614babc60fb","D02","POSE","POSE.AOS.S2","POSE.SS.20240625.FIL","A00000371209","2024-06-25T13:23Z","2024-06-25T13:23Z","Illinois State Water Survey Central Analytical Laboratory",396.0,0.01038,5,"2024-06-26","A",,
"f2b4cfed-ddb5-44a4-883f-b4f47acf7653","D02","POSE","POSE.AOS.S2","POSE.SS.20240625.FIL","A00000371209","2024-06-25T13:23Z","2024-06-25T13:23Z","Illinois State Water Survey Central Analytical Laboratory",442.0,0.00510,5,"2024-06-26","A",,
"8e5fceba-6840-433e-899a-8a414d3540b6","D02","POSE","POSE.AOS.S2","POSE.SS.20240625.FIL","A00000371209","2024-06-25T13:23Z","2024-06-25T13:23Z","Illinois State Water Survey Central Analytical Laboratory",350.0,0.02222,5,"2024-06-26","A",,
"5ba784be-c612-4782-959e-da6fdc89936a","D02","POSE","POSE.AOS.S2","POSE.SS.20240625.FIL","A00000371209","2024-06-25T13:23Z","2024-06-25T13:23Z","Illinois State Water Survey Central Analytical Laboratory",570.0,0.00118,5,"2024-06-26","B",,
"6c033e5a-ea7f-4f46-9d68-1ba5aca02aa3","D02","POSE","POSE.AOS.S2","POSE.SS.20240625.FIL","A00000371209","2024-06-25T13:23Z","2024-06-25T13:23Z","Illinois State Water Survey Central Analytical Laboratory",344.0,0.02432,5,"2024-06-26","B",,
"3ee461ed-a1d2-41b8-aaae-249b21aeb786","D02","POSE","POSE.AOS.S2","POSE.SS.20240625.FIL","A00000371209","2024-06-25T13:23Z","2024-06-25T13:23Z","Illinois State Water Survey Central Analytical Laboratory",262.0,0.07408,5,"2024-06-26","B",,
"30461384-3c6d-473f-ae64-c3dddfaa34a3","D02","POSE","POSE.AOS.S2","POSE.SS.20240625.FIL","A00000371209","2024-06-25T13:23Z","2024-06-25T13:23Z","Illinois State Water Survey Central Analytical Laboratory",220.0,0.18398,5,"2024-06-26","B",,
"93674fbf-c662-4d13-9807-f2c6d9b5e953","D02","POSE","POSE.AOS.S2","POSE.SS.20240625.FIL","A00000371209","2024-06-25T13:23Z","2024-06-25T13:23Z","Illinois State Water Survey Central Analytical Laboratory",256.0,0.07822,5,"2024-06-26","A",,
"bfaae6c0-c55a-4775-9415-bea90d7221c1","D02","POSE","POSE.AOS.S2","POSE.SS.20240625.FIL","A00000371209","2024-06-25T13:23Z","2024-06-25T13:23Z","Illinois State Water Survey Central Analytical Laboratory",596.0,0.00098,5,"2024-06-26","A",,
"b6fa2db6-14a1-4f6d-8c69-95c1fb093cbb","D02","POSE","POSE.AOS.S2","POSE.SS.20240625.FIL","A00000371209","2024-06-25T13:23Z","2024-06-25T13:23Z","Illinois State Water Survey Central Analytical Laboratory",438.0,0.00532,5,"2024-06-26","B",,
"f80ec00e-e736-4217-9994-f5476ed83525","D02","POSE","POSE.AOS.S2","POSE.SS.20240625.FIL","A00000371209","2024-06-25T13:23Z","2024-06-25T13:23Z","Illinois State Water Survey Central Analytical Laboratory",300.0,0.04598,5,"2024-06-26","B",,
"8df9c2e3-8959-43e4-ae53-382fef9a4635","D02","POSE","POSE.AOS.S2","POSE.SS.20240625.FIL","A00000371209","2024-06-25T13:23Z","2024-06-25T13:23Z","Illinois State Water Survey Central Analytical Laboratory",336.0,0.02750,5,"2024-06-26","B",,
"e56f55d0-4892-4b75-97cb-66936de1566c","D02","POSE","POSE.AOS.S2","POSE.SS.20240625.FIL","A00000371209","2024-06-25T13:23Z","2024-06-25T13:23Z","Illinois State Water Survey Central Analytical Laboratory",302.0,0.04482,5,"2024-06-26","A",,
"577fab6c-b6d7-44b5-ac85-8a6f1584d6e8","D02","POSE","POSE.AOS.S2","POSE.SS.20240625.FIL","A00000371209","2024-06-25T13:23Z","2024-06-25T13:23Z","Illinois State Water Survey Central Analytical Laboratory",276.0,0.06368,5,"2024-06-26","A",,
"ff2824e6-77d1-45e4-83dc-dff47567ddbd","D02","POSE","POSE.AOS.S2","POSE.SS.20240625.FIL","A00000371209","2024-06-25T13:23Z","2024-06-25T13:23Z","Illinois State Water Survey Central Analytical Laboratory",550.0,0.00136,5,"2024-06-26","B",,
"41fc26d2-2ecb-4db5-adb2-29027f097804","D02","POSE","POSE.AOS.S2","POSE.SS.20240625.FIL","A00000371209","2024-06-25T13:23Z","2024-06-25T13:23Z","Illinois State Water Survey Central Analytical Laboratory",404.0,0.00918,5,"2024-06-26","A",,
"3050b304-96d6-471b-a961-f66d2acd3420","D02","POSE","POSE.AOS.S2","POSE.SS.20240625.FIL","A00000371209","2024-06-25T13:23Z","2024-06-25T13:23Z","Illinois State Water Survey Central Analytical Laboratory",258.0,0.07674,5,"2024-06-26","B",,
"6c66da0b-ca90-434f-9098-c2604360deeb","D02","POSE","POSE.AOS.S2","POSE.SS.20240625.FIL","A00000371209","2024-06-25T13:23Z","2024-06-25T13:23Z","Illinois State Water Survey Central Analytical Laboratory",506.0,0.00224,5,"2024-06-26","A",,
"da02fded-c7cc-4f96-844e-d34612f34d14","D02","POSE","POSE.AOS.S2","POSE.SS.20240625.FIL","A00000371209","2024-06-25T13:23Z","2024-06-25T13:23Z","Illinois State Water Survey Central Analytical Laboratory",458.0,0.00390,5,"2024-06-26","B",,
"891037bf-8eaf-4298-bc59-e8c13ab7a4c1","D02","POSE","POSE.AOS.S2","POSE.SS.20240625.FIL","A00000371209","2024-06-25T13:23Z","2024-06-25T13:23Z","Illinois State Water Survey Central Analytical Laboratory",278.0,0.06220,5,"2024-06-26","B",,
"bf689b97-4f70-4083-b76b-5954c8296335","D02","POSE","POSE.AOS.S2","POSE.SS.20240625.FIL","A00000371209","2024-06-25T13:23Z","2024-06-25T13:23Z","Illinois State Water Survey Central Analytical Laboratory",556.0,0.00144,5,"2024-06-26","A",,
"781ef8d7-79bc-41b4-badd-09876e6e7aa6","D02","POSE","POSE.AOS.S2","POSE.SS.20240625.FIL","A00000371209","2024-06-25T13:23Z","2024-06-25T13:23Z","Illinois State Water Survey Central Analytical Laboratory",228.0,0.12774,5,"2024-06-26","B",,
"1615e4c1-8673-4b72-8956-7b979df10e80","D02","POSE","POSE.AOS.S2","POSE.SS.20240625.FIL","A00000371209","2024-06-25T13:23Z","2024-06-25T13:23Z","Illinois State Water Survey Central Analytical Laboratory",328.0,0.03100,5,"2024-06-26","B",,
"908f43a7-0f6e-49f1-b980-06cd7fef97f8","D02","POSE","POSE.AOS.S2","POSE.SS.20240625.FIL","A00000371209","2024-06-25T13:23Z","2024-06-25T13:23Z","Illinois State Water Survey Central Analytical Laboratory",426.0,0.00640,5,"2024-06-26","B",,
"05b531c8-e571-4570-bbde-1c853ada71f3","D02","POSE","POSE.AOS.S2","POSE.SS.20240625.FIL","A00000371209","2024-06-25T13:23Z","2024-06-25T13:23Z","Illinois State Water Survey Central Analytical Laboratory",304.0,0.04362,5,"2024-06-26","A",,
"360b17c0-11bd-42bb-b8f3-0ac42db17b81","D02","POSE","POSE.AOS.S2","POSE.SS.20240625.FIL","A00000371209","2024-06-25T13:23Z","2024-06-25T13:23Z","Illinois State Water Survey Central Analytical Laboratory",540.0,0.00160,5,"2024-06-26","A",,
"199e2e36-1a7c-4f67-a907-d1e99b22859c","D02","POSE","POSE.AOS.S2","POSE.SS.20240625.FIL","A00000371209","2024-06-25T13:23Z","2024-06-25T13:23Z","Illinois State Water Survey Central Analytical Laboratory",418.0,0.00726,5,"2024-06-26","A",,
"adc25ce0-8e7d-47aa-98bd-f007ef413b03","D02","POSE","POSE.AOS.S2","POSE.SS.20240625.FIL","A00000371209","2024-06-25T13:23Z","2024-06-25T13:23Z","Illinois State Water Survey Central Analytical Laboratory",320.0,0.03492,5,"2024-06-26","A",,
"4a39b847-bf00-44f7-aaac-3937cbfe5bc7","D02","POSE","POSE.AOS.S2","POSE.SS.20240625.FIL","A00000371209","2024-06-25T13:23Z","2024-06-25T13:23Z","Illinois State Water Survey Central Analytical Laboratory",236.0,0.10124,5,"2024-06-26","A",,
"2d95bd7a-2d9c-448d-ac7d-e76d8fb56eb2","D02","POSE","POSE.AOS.S2","POSE.SS.20240625.FIL","A00000371209","2024-06-25T13:23Z","2024-06-25T13:23Z","Illinois State Water Survey Central Analytical Laboratory",284.0,0.05754,5,"2024-06-26","B",,
"e084e48e-ceef-434a-b157-e6c4271937c0","D02","POSE","POSE.AOS.S2","POSE.SS.20240625.FIL","A00000371209","2024-06-25T13:23Z","2024-06-25T13:23Z","Illinois State Water Survey Central Analytical Laboratory",568.0,0.00112,5,"2024-06-26","B",,
"2027ab08-e756-4468-93b9-7db1d302d9e3","D02","POSE","POSE.AOS.S2","POSE.SS.20240625.FIL","A00000371209","2024-06-25T13:23Z","2024-06-25T13:23Z","Illinois State Water Survey Central Analytical Laboratory",482.0,0.00306,5,"2024-06-26","A",,
"943e5689-c5d0-4ddb-a355-ab6385197a1e","D02","POSE","POSE.AOS.S2","POSE.SS.20240625.FIL","A00000371209","2024-06-25T13:23Z","2024-06-25T13:23Z","Illinois State Water Survey Central Analytical Laboratory",226.0,0.13854,5,"2024-06-26","B",,
"aaedf969-fe9b-4af7-8af0-f4215c322d26","D02","POSE","POSE.AOS.S2","POSE.SS.20240625.FIL","A00000371209","2024-06-25T13:23Z","2024-06-25T13:23Z","Illinois State Water Survey Central Analytical Laboratory",248.0,0.08422,5,"2024-06-26","B",,
"c1471afd-5a76-4162-9c11-8a067f3cdeb3","D02","POSE","POSE.AOS.S2","POSE.SS.20240625.FIL","A00000371209","2024-06-25T13:23Z","2024-06-25T13:23Z","Illinois State Water Survey Central Analytical Laboratory",316.0,0.03686,5,"2024-06-26","B",,
"1688a9a5-fd83-4377-809b-73f1f4a4aba4","D02","POSE","POSE.AOS.S2","POSE.SS.20240625.FIL","A00000371209","2024-06-25T13:23Z","2024-06-25T13:23Z","Illinois State Water Survey Central Analytical Laboratory",586.0,0.00110,5,"2024-06-26","A",,
"63060d83-b9da-4637-b2c0-9eea270880ae","D02","POSE","POSE.AOS.S2","POSE.SS.20240625.FIL","A00000371209","2024-06-25T13:23Z","2024-06-25T13:23Z","Illinois State Water Survey Central Analytical Laboratory",410.0,0.00822,5,"2024-06-26","B",,
"19cbf47d-617b-4e05-ac06-725a7f1585a6","D02","POSE","POSE.AOS.S2","POSE.SS.20240625.FIL","A00000371209","2024-06-25T13:23Z","2024-06-25T13:23Z","Illinois State Water Survey Central Analytical Laboratory",538.0,0.00148,5,"2024-06-26","B",,
"ddae7e42-1d83-4fa4-a701-6167539fe276","D02","POSE","POSE.AOS.S2","POSE.SS.20240625.FIL","A00000371209","2024-06-25T13:23Z","2024-06-25T13:23Z","Illinois State Water Survey Central Analytical Laboratory",278.0,0.06228,5,"2024-06-26","A",,
"0b258446-cb20-4d3c-8645-05a758bf74b9","D02","POSE","POSE.AOS.S2","POSE.SS.20240625.FIL","A00000371209","2024-06-25T13:23Z","2024-06-25T13:23Z","Illinois State Water Survey Central Analytical Laboratory",226.0,0.13882,5,"2024-06-26","A",,
"3cba5291-a74b-4bbb-9160-437844a07c13","D02","POSE","POSE.AOS.S2","POSE.SS.20240625.FIL","A00000371209","2024-06-25T13:23Z","2024-06-25T13:23Z","Illinois State Water Survey Central Analytical Laboratory",454.0,0.00416,5,"2024-06-26","B",,
"b364207d-d2b9-4a52-804c-f3bec05942db","D02","POSE","POSE.AOS.S2","POSE.SS.20240625.FIL","A00000371209","2024-06-25T13:23Z","2024-06-25T13:23Z","Illinois State Water Survey Central Analytical Laboratory",520.0,0.00180,5,"2024-06-26","B",,
"4b7a0d84-8e62-4a83-8488-1a5e0a27172d","D02","POSE","POSE.AOS.S2","POSE.SS.20240625.FIL","A00000371209","2024-06-25T13:23Z","2024-06-25T13:23Z","Illinois State Water Survey Central Analytical Laboratory",398.0,0.00996,5,"2024-06-26","B",,
"50830eca-f674-4e35-b866-f38e2f684d3c","D02","POSE","POSE.AOS.S2","POSE.SS.20240625.FIL","A00000371209","2024-06-25T13:23Z","2024-06-25T13:23Z","Illinois State Water Survey Central Analytical Laboratory",360.0,0.01898,5,"2024-06-26","A",,
"f6a9d816-20cb-41a1-b072-f6b27eeabf93","D02","POSE","POSE.AOS.S2","POSE.SS.20240625.FIL","A00000371209","2024-06-25T13:23Z","2024-06-25T13:23Z","Illinois State Water Survey Central Analytical Laboratory",318.0,0.03582,5,"2024-06-26","B",,
"37479f7f-c6e5-4f30-b356-b3822a3795ad","D02","POSE","POSE.AOS.S2","POSE.SS.20240625.FIL","A00000371209","2024-06-25T13:23Z","2024-06-25T13:23Z","Illinois State Water Survey Central Analytical Laboratory",330.0,0.03004,5,"2024-06-26","B",,
"91f40ccd-a4bf-413b-9f47-0bd173b6443c","D02","POSE","POSE.AOS.S2","POSE.SS.20240625.FIL","A00000371209","2024-06-25T13:23Z","2024-06-25T13:23Z","Illinois State Water Survey Central Analytical Laboratory",246.0,0.08592,5,"2024-06-26","A",,
"837d1502-d3be-4ce4-b60f-0ee6e672aafa","D02","POSE","POSE.AOS.S2","POSE.SS.20240625.FIL","A00000371209","2024-06-25T13:23Z","2024-06-25T13:23Z","Illinois State Water Survey Central Analytical Laboratory",296.0,0.04858,5,"2024-06-26","A",,
"73baf895-f3e2-4a4b-8778-3c0c67270e7b","D02","POSE","POSE.AOS.S2","POSE.SS.20240625.FIL","A00000371209","2024-06-25T13:23Z","2024-06-25T13:23Z","Illinois State Water Survey Central Analytical Laboratory",472.0,0.00326,5,"2024-06-26","B",,
"b164bc38-d7fd-40c7-96f6-652f83e2f1c9","D02","POSE","POSE.AOS.S2","POSE.SS.20240625.FIL","A00000371209","2024-06-25T13:23Z","2024-06-25T13:23Z","Illinois State Water Survey Central Analytical Laboratory",386.0,0.01212,5,"2024-06-26","B",,
"925eb8d8-eee5-4677-b59a-b54b78535809","D02","POSE","POSE.AOS.S2","POSE.SS.20240625.FIL","A00000371209","2024-06-25T13:23Z","2024-06-25T13:23Z","Illinois State Water Survey Central Analytical Laboratory",424.0,0.00658,5,"2024-06-26","B",,
"f08a98ef-a2f5-4702-8413-e6292ce21393","D02","POSE","POSE.AOS.S2","POSE.SS.20240625.FIL","A00000371209","2024-06-25T13:23Z","2024-06-25T13:23Z","Illinois State Water Survey Central Analytical Laboratory",464.0,0.00370,5,"2024-06-26","A",,
"5c920855-70ac-4695-8e45-55f431639453","D02","POSE","POSE.AOS.S2","POSE.SS.20240625.FIL","A00000371209","2024-06-25T13:23Z","2024-06-25T13:23Z","Illinois State Water Survey Central Analytical Laboratory",474.0,0.00318,5,"2024-06-26","B",,
"d1d4934d-abf0-470d-abb6-2c037adb3172","D02","POSE","POSE.AOS.S2","POSE.SS.20240625.FIL","A00000371209","2024-06-25T13:23Z","2024-06-25T13:23Z","Illinois State Water Survey Central Analytical Laboratory",518.0,0.00194,5,"2024-06-26","A",,
"536e7dcf-eb90-453e-a5ad-6e0f3c40f190","D02","POSE","POSE.AOS.S2","POSE.SS.20240625.FIL","A00000371209","2024-06-25T13:23Z","2024-06-25T13:23Z","Illinois State Water Survey Central Analytical Laboratory",250.0,0.08260,5,"2024-06-26","A",,
"a415ee53-dfdf-4188-a9b1-1fba720e08c9","D02","POSE","POSE.AOS.S2","POSE.SS.20240625.FIL","A00000371209","2024-06-25T13:23Z","2024-06-25T13:23Z","Illinois State Water Survey Central Analytical Laboratory",460.0,0.00380,5,"2024-06-26","B",,
"a934d25a-6c63-45c2-85f0-6e234c1e3347","D02","POSE","POSE.AOS.S2","POSE.SS.20240625.FIL","A00000371209","2024-06-25T13:23Z","2024-06-25T13:23Z","Illinois State Water Survey Central Analytical Laboratory",462.0,0.00370,5,"2024-06-26","B",,
"024e1fbf-3bf0-437e-82fd-0ea392c03ec0","D02","POSE","POSE.AOS.S2","POSE.SS.20240625.FIL","A00000371209","2024-06-25T13:23Z","2024-06-25T13:23Z","Illinois State Water Survey Central Analytical Laboratory",580.0,0.00102,5,"2024-06-26","B",,
"0a5071da-ded1-4a21-855d-89db65bdd8c2","D02","POSE","POSE.AOS.S2","POSE.SS.20240625.FIL","A00000371209","2024-06-25T13:23Z","2024-06-25T13:23Z","Illinois State Water Survey Central Analytical Laboratory",242.0,0.09064,5,"2024-06-26","A",,
"eb47dd70-9dd0-4018-9a8c-871a572148f2","D02","POSE","POSE.AOS.S2","POSE.SS.20240625.FIL","A00000371209","2024-06-25T13:23Z","2024-06-25T13:23Z","Illinois State Water Survey Central Analytical Laboratory",588.0,0.00096,5,"2024-06-26","B",,
"3c5dd685-082e-4c2e-88f9-f619b7a0c3cc","D02","POSE","POSE.AOS.S2","POSE.SS.20240625.FIL","A00000371209","2024-06-25T13:23Z","2024-06-25T13:23Z","Illinois State Water Survey Central Analytical Laboratory",572.0,0.00108,5,"2024-06-26","B",,
"90e45176-1066-4142-b861-944908e00358","D02","POSE","POSE.AOS.S2","POSE.SS.20240625.FIL","A00000371209","2024-06-25T13:23Z","2024-06-25T13:23Z","Illinois State Water Survey Central Analytical Laboratory",530.0,0.00164,5,"2024-06-26","B",,
"67be7f63-9049-47e7-9886-a631a4ee132d","D02","POSE","POSE.AOS.S2","POSE.SS.20240625.FIL","A00000371209","2024-06-25T13:23Z","2024-06-25T13:23Z","Illinois State Water Survey Central Analytical Laboratory",440.0,0.00522,5,"2024-06-26","B",,
"59cc6c69-01f0-43e0-a8d5-e468ae650456","D02","POSE","POSE.AOS.S2","POSE.SS.20240625.FIL","A00000371209","2024-06-25T13:23Z","2024-06-25T13:23Z","Illinois State Water Survey Central Analytical Laboratory",386.0,0.01220,5,"2024-06-26","A",,
"a0c8dc6e-5e52-4986-8e97-8119980c73fc","D02","POSE","POSE.AOS.S2","POSE.SS.20240625.FIL","A00000371209","2024-06-25T13:23Z","2024-06-25T13:23Z","Illinois State Water Survey Central Analytical Laboratory",496.0,0.00244,5,"2024-06-26","B",,
"9b7a842d-3583-432b-ab30-a58d5f3c0daa","D02","POSE","POSE.AOS.S2","POSE.SS.20240625.FIL","A00000371209","2024-06-25T13:23Z","2024-06-25T13:23Z","Illinois State Water Survey Central Analytical Laboratory",428.0,0.00632,5,"2024-06-26","A",,
"c8023d4a-3a24-4a88-9896-de74fcff516c","D02","POSE","POSE.AOS.S2","POSE.SS.20240625.FIL","A00000371209","2024-06-25T13:23Z","2024-06-25T13:23Z","Illinois State Water Survey Central Analytical Laboratory",358.0,0.01964,5,"2024-06-26","A",,
"a6abec10-b565-4504-a578-8e9ff84d3eaf","D02","POSE","POSE.AOS.S2","POSE.SS.20240625.FIL","A00000371209","2024-06-25T13:23Z","2024-06-25T13:23Z","Illinois State Water Survey Central Analytical Laboratory",552.0,0.00134,5,"2024-06-26","B",,
"bcc88c8e-f327-4878-9130-6db9497de5da","D02","POSE","POSE.AOS.S2","POSE.SS.20240625.FIL","A00000371209","2024-06-25T13:23Z","2024-06-25T13:23Z","Illinois State Water Survey Central Analytical Laboratory",338.0,0.02674,5,"2024-06-26","A",,
"9aa0916f-1029-4746-9752-5824dadc6f74","D02","POSE","POSE.AOS.S2","POSE.SS.20240625.FIL","A00000371209","2024-06-25T13:23Z","2024-06-25T13:23Z","Illinois State Water Survey Central Analytical Laboratory",356.0,0.02014,5,"2024-06-26","B",,
"99ba54d5-a477-45da-989a-e6a5e4c8a0ca","D02","POSE","POSE.AOS.S2","POSE.SS.20240625.FIL","A00000371209","2024-06-25T13:23Z","2024-06-25T13:23Z","Illinois State Water Survey Central Analytical Laboratory",510.0,0.00212,5,"2024-06-26","A",,
"0a175c04-de97-4f8e-bacd-c6339aff45f0","D02","POSE","POSE.AOS.S2","POSE.SS.20240625.FIL","A00000371209","2024-06-25T13:23Z","2024-06-25T13:23Z","Illinois State Water Survey Central Analytical Laboratory",450.0,0.00452,5,"2024-06-26","A",,
"0702435b-9679-4787-85a2-113da96f11fb","D02","POSE","POSE.AOS.S2","POSE.SS.20240625.FIL","A00000371209","2024-06-25T13:23Z","2024-06-25T13:23Z","Illinois State Water Survey Central Analytical Laboratory",486.0,0.00288,5,"2024-06-26","A",,
"0d70d006-d657-408e-abb3-f5fc28dfd2ee","D02","POSE","POSE.AOS.S2","POSE.SS.20240625.FIL","A00000371209","2024-06-25T13:23Z","2024-06-25T13:23Z","Illinois State Water Survey Central Analytical Laboratory",578.0,0.00108,5,"2024-06-26","B",,
"b9c830b6-5bfb-466c-841c-41c8c6b931f7","D02","POSE","POSE.AOS.S2","POSE.SS.20240625.FIL","A00000371209","2024-06-25T13:23Z","2024-06-25T13:23Z","Illinois State Water Survey Central Analytical Laboratory",312.0,0.03904,5,"2024-06-26","A",,
"97ed4434-3373-4145-81da-129f58b4c986","D02","POSE","POSE.AOS.S2","POSE.SS.20240625.FIL","A00000371209","2024-06-25T13:23Z","2024-06-25T13:23Z","Illinois State Water Survey Central Analytical Laboratory",390.0,0.01132,5,"2024-06-26","B",,
"c47a60ff-8d69-4838-8fdd-130a710652df","D02","POSE","POSE.AOS.S2","POSE.SS.20240625.FIL","A00000371209","2024-06-25T13:23Z","2024-06-25T13:23Z","Illinois State Water Survey Central Analytical Laboratory",232.0,0.11266,5,"2024-06-26","B",,
"d9f8dd42-4413-45bd-8a69-7b25d1df0288","D02","POSE","POSE.AOS.S2","POSE.SS.20240625.FIL","A00000371209","2024-06-25T13:23Z","2024-06-25T13:23Z","Illinois State Water Survey Central Analytical Laboratory",512.0,0.00212,5,"2024-06-26","A",,
"e4de4b62-d048-48a3-8e80-f217a42b8404","D02","POSE","POSE.AOS.S2","POSE.SS.20240625.FIL","A00000371209","2024-06-25T13:23Z","2024-06-25T13:23Z","Illinois State Water Survey Central Analytical Laboratory",408.0,0.00854,5,"2024-06-26","A",,
"7f0344ca-7511-41c8-9216-d9b78b23631f","D02","POSE","POSE.AOS.S2","POSE.SS.20240625.FIL","A00000371209","2024-06-25T13:23Z","2024-06-25T13:23Z","Illinois State Water Survey Central Analytical Laboratory",598.0,0.00094,5,"2024-06-26","A",,
"95e685af-1b2b-453b-b564-71bea3fd51b4","D02","POSE","POSE.AOS.S2","POSE.SS.20240625.FIL","A00000371209","2024-06-25T13:23Z","2024-06-25T13:23Z","Illinois State Water Survey Central Analytical Laboratory",306.0,0.04232,5,"2024-06-26","B",,
"4994ab28-0f93-457a-9cc0-5fe6f05b5f07","D02","POSE","POSE.AOS.S2","POSE.SS.20240625.FIL","A00000371209","2024-06-25T13:23Z","2024-06-25T13:23Z","Illinois State Water Survey Central Analytical Laboratory",256.0,0.07818,5,"2024-06-26","B",,
"f10648ff-7313-4750-bc94-a311e2eebbda","D02","POSE","POSE.AOS.S2","POSE.SS.20240625.FIL","A00000371209","2024-06-25T13:23Z","2024-06-25T13:23Z","Illinois State Water Survey Central Analytical Laboratory",404.0,0.00910,5,"2024-06-26","B",,
"9e6f9382-f9d2-4d5d-82ef-2afcbe25f823","D02","POSE","POSE.AOS.S2","POSE.SS.20240625.FIL","A00000371209","2024-06-25T13:23Z","2024-06-25T13:23Z","Illinois State Water Survey Central Analytical Laboratory",498.0,0.00234,5,"2024-06-26","B",,
"66589463-ae2f-4aac-9005-756f70a6beab","D02","POSE","POSE.AOS.S2","POSE.SS.20240625.FIL","A00000371209","2024-06-25T13:23Z","2024-06-25T13:23Z","Illinois State Water Survey Central Analytical Laboratory",440.0,0.00528,5,"2024-06-26","A",,
"39c6beb5-1329-4482-a08e-5e880ace1bf2","D02","POSE","POSE.AOS.S2","POSE.SS.20240625.FIL","A00000371209","2024-06-25T13:23Z","2024-06-25T13:23Z","Illinois State Water Survey Central Analytical Laboratory",468.0,0.00352,5,"2024-06-26","A",,
"90ad8a20-761a-40a8-ade3-e70500541153","D02","POSE","POSE.AOS.S2","POSE.SS.20240625.FIL","A00000371209","2024-06-25T13:23Z","2024-06-25T13:23Z","Illinois State Water Survey Central Analytical Laboratory",352.0,0.02148,5,"2024-06-26","B",,
"a28d7069-eecf-4d27-86cd-770b66cc2f7e","D02","POSE","POSE.AOS.S2","POSE.SS.20240625.FIL","A00000371209","2024-06-25T13:23Z","2024-06-25T13:23Z","Illinois State Water Survey Central Analytical Laboratory",390.0,0.01142,5,"2024-06-26","A",,
"63a7c7fd-d3e4-4c1f-b424-ee9d3388ce8f","D02","POSE","POSE.AOS.S2","POSE.SS.20240625.FIL","A00000371209","2024-06-25T13:23Z","2024-06-25T13:23Z","Illinois State Water Survey Central Analytical Laboratory",350.0,0.02218,5,"2024-06-26","B",,
"e4ec0a2d-344a-4047-bde6-514c3adf1b78","D02","POSE","POSE.AOS.S2","POSE.SS.20240625.FIL","A00000371209","2024-06-25T13:23Z","2024-06-25T13:23Z","Illinois State Water Survey Central Analytical Laboratory",496.0,0.00256,5,"2024-06-26","A",,
"b5bae9fb-0108-410c-b88c-66e4e4fba856","D02","POSE","POSE.AOS.S2","POSE.SS.20240625.FIL","A00000371209","2024-06-25T13:23Z","2024-06-25T13:23Z","Illinois State Water Survey Central Analytical Laboratory",504.0,0.00220,5,"2024-06-26","B",,
"82576f7f-59ad-44da-8a2c-abe4d42f451f","D02","POSE","POSE.AOS.S2","POSE.SS.20240625.FIL","A00000371209","2024-06-25T13:23Z","2024-06-25T13:23Z","Illinois State Water Survey Central Analytical Laboratory",498.0,0.00244,5,"2024-06-26","A",,
"85c9909c-fb89-4c79-a524-ce262bc778e8","D02","POSE","POSE.AOS.S2","POSE.SS.20240625.FIL","A00000371209","2024-06-25T13:23Z","2024-06-25T13:23Z","Illinois State Water Survey Central Analytical Laboratory",564.0,0.00116,5,"2024-06-26","B",,
"7ac466f7-ab86-4a45-95b2-9e66690d84fb","D02","POSE","POSE.AOS.S2","POSE.SS.20240625.FIL","A00000371209","2024-06-25T13:23Z","2024-06-25T13:23Z","Illinois State Water Survey Central Analytical Laboratory",364.0,0.01768,5,"2024-06-26","B",,
"6f687869-153e-421b-9f22-379dc798de57","D02","POSE","POSE.AOS.S2","POSE.SS.20240625.FIL","A00000371209","2024-06-25T13:23Z","2024-06-25T13:23Z","Illinois State Water Survey Central Analytical Laboratory",466.0,0.00362,5,"2024-06-26","A",,
"1d32d744-883a-4521-8f18-c489bcaafe2b","D02","POSE","POSE.AOS.S2","POSE.SS.20240625.FIL","A00000371209","2024-06-25T13:23Z","2024-06-25T13:23Z","Illinois State Water Survey Central Analytical Laboratory",324.0,0.03294,5,"2024-06-26","A",,
"d0d69460-0971-41c6-9543-ef0dedb8b3b2","D02","POSE","POSE.AOS.S2","POSE.SS.20240625.FIL","A00000371209","2024-06-25T13:23Z","2024-06-25T13:23Z","Illinois State Water Survey Central Analytical Laboratory",348.0,0.02300,5,"2024-06-26","A",,
"d3e5ebb1-dad9-43d3-8842-dc5afe736391","D02","POSE","POSE.AOS.S2","POSE.SS.20240625.FIL","A00000371209","2024-06-25T13:23Z","2024-06-25T13:23Z","Illinois State Water Survey Central Analytical Laboratory",306.0,0.04240,5,"2024-06-26","A",,
"9cef80ff-6244-4f69-95ba-26dd8881af4e","D02","POSE","POSE.AOS.S2","POSE.SS.20240625.FIL","A00000371209","2024-06-25T13:23Z","2024-06-25T13:23Z","Illinois State Water Survey Central Analytical Laboratory",392.0,0.01110,5,"2024-06-26","A",,
"7e7dc29a-dbf7-4cdb-8772-a3a92a520d69","D02","POSE","POSE.AOS.S2","POSE.SS.20240625.FIL","A00000371209","2024-06-25T13:23Z","2024-06-25T13:23Z","Illinois State Water Survey Central Analytical Laboratory",560.0,0.00132,5,"2024-06-26","A",,
"c9a3019f-296e-436f-9a67-3cbb78e74712","D02","POSE","POSE.AOS.S2","POSE.SS.20240625.FIL","A00000371209","2024-06-25T13:23Z","2024-06-25T13:23Z","Illinois State Water Survey Central Analytical Laboratory",272.0,0.06684,5,"2024-06-26","A",,
"946e82ba-f69c-4851-a1e1-e7834bf0956e","D02","POSE","POSE.AOS.S2","POSE.SS.20240625.FIL","A00000371209","2024-06-25T13:23Z","2024-06-25T13:23Z","Illinois State Water Survey Central Analytical Laboratory",532.0,0.00160,5,"2024-06-26","B",,
"b5a656f4-1441-4c38-a7af-ce6a60b0a20b","D02","POSE","POSE.AOS.S2","POSE.SS.20240625.FIL","A00000371209","2024-06-25T13:23Z","2024-06-25T13:23Z","Illinois State Water Survey Central Analytical Laboratory",526.0,0.00170,5,"2024-06-26","B",,
"a62b8d2e-011e-4ae5-b4ee-fd43fc5bbdfb","D02","POSE","POSE.AOS.S2","POSE.SS.20240625.FIL","A00000371209","2024-06-25T13:23Z","2024-06-25T13:23Z","Illinois State Water Survey Central Analytical Laboratory",526.0,0.00186,5,"2024-06-26","A",,
"9ac1cc6e-9fa8-4b4c-af08-88188e103ae4","D02","POSE","POSE.AOS.S2","POSE.SS.20240625.FIL","A00000371209","2024-06-25T13:23Z","2024-06-25T13:23Z","Illinois State Water Survey Central Analytical Laboratory",332.0,0.02920,5,"2024-06-26","A",,
"d1018197-60ea-4922-be0f-2d08a6879b26","D02","POSE","POSE.AOS.S2","POSE.SS.20240625.FIL","A00000371209","2024-06-25T13:23Z","2024-06-25T13:23Z","Illinois State Water Survey Central Analytical Laboratory",534.0,0.00156,5,"2024-06-26","B",,
"34313d31-7985-4f42-9945-7069294db8e0","D02","POSE","POSE.AOS.S2","POSE.SS.20240625.FIL","A00000371209","2024-06-25T13:23Z","2024-06-25T13:23Z","Illinois State Water Survey Central Analytical Laboratory",448.0,0.00456,5,"2024-06-26","B",,
"1dec2b83-4704-4f69-8ccb-cbb561045361","D02","POSE","POSE.AOS.S2","POSE.SS.20240625.FIL","A00000371209","2024-06-25T13:23Z","2024-06-25T13:23Z","Illinois State Water Survey Central Analytical Laboratory",562.0,0.00122,5,"2024-06-26","B",,
"d0ef7b66-7fa2-4f61-892e-41791ec50c3c","D02","POSE","POSE.AOS.S2","POSE.SS.20240625.FIL","A00000371209","2024-06-25T13:23Z","2024-06-25T13:23Z","Illinois State Water Survey Central Analytical Laboratory",502.0,0.00234,5,"2024-06-26","A",,
"8575dd96-634c-4f38-a810-2aaa869c9e92","D02","POSE","POSE.AOS.S2","POSE.SS.20240625.FIL","A00000371209","2024-06-25T13:23Z","2024-06-25T13:23Z","Illinois State Water Survey Central Analytical Laboratory",240.0,0.09366,5,"2024-06-26","A",,
"7f7544c5-5180-44bd-a552-197327501224","D02","POSE","POSE.AOS.S2","POSE.SS.20240625.FIL","A00000371209","2024-06-25T13:23Z","2024-06-25T13:23Z","Illinois State Water Survey Central Analytical Laboratory",352.0,0.02160,5,"2024-06-26","A",,
"655fba1c-b591-495d-a7d9-ae0e51cf82c9","D02","POSE","POSE.AOS.S2","POSE.SS.20240625.FIL","A00000371209","2024-06-25T13:23Z","2024-06-25T13:23Z","Illinois State Water Survey Central Analytical Laboratory",584.0,0.00114,5,"2024-06-26","A",,
"8d89d563-546f-4173-99ec-b03d2a6127d3","D02","POSE","POSE.AOS.S2","POSE.SS.20240625.FIL","A00000371209","2024-06-25T13:23Z","2024-06-25T13:23Z","Illinois State Water Survey Central Analytical Laboratory",414.0,0.00766,5,"2024-06-26","A",,
"906ec171-0c78-4620-9d65-dae0564b7124","D02","POSE","POSE.AOS.S2","POSE.SS.20240625.FIL","A00000371209","2024-06-25T13:23Z","2024-06-25T13:23Z","Illinois State Water Survey Central Analytical Laboratory",572.0,0.00122,5,"2024-06-26","A",,
"b0c7df45-34fb-4c35-ba1b-cb83d2d95618","D02","POSE","POSE.AOS.S2","POSE.SS.20240625.FIL","A00000371209","2024-06-25T13:23Z","2024-06-25T13:23Z","Illinois State Water Survey Central Analytical Laboratory",384.0,0.01260,5,"2024-06-26","B",,
"871cc052-eb76-4866-b80f-63810f7b4f6f","D02","POSE","POSE.AOS.S2","POSE.SS.20240625.FIL","A00000371209","2024-06-25T13:23Z","2024-06-25T13:23Z","Illinois State Water Survey Central Analytical Laboratory",586.0,0.00102,5,"2024-06-26","B",,
"a1520f79-72f2-4878-ad5c-2a53c5227f39","D02","POSE","POSE.AOS.S2","POSE.SS.20240625.FIL","A00000371209","2024-06-25T13:23Z","2024-06-25T13:23Z","Illinois State Water Survey Central Analytical Laboratory",322.0,0.03380,5,"2024-06-26","B",,
"451af65a-e650-4cc5-a65e-19a7b446003b","D02","POSE","POSE.AOS.S2","POSE.SS.20240625.FIL","A00000371209","2024-06-25T13:23Z","2024-06-25T13:23Z","Illinois State Water Survey Central Analytical Laboratory",370.0,0.01598,5,"2024-06-26","B",,
"10be8c9c-f6dd-43ca-bf7c-eafa8602dd44","D02","POSE","POSE.AOS.S2","POSE.SS.20240625.FIL","A00000371209","2024-06-25T13:23Z","2024-06-25T13:23Z","Illinois State Water Survey Central Analytical Laboratory",372.0,0.01544,5,"2024-06-26","B",,
"5ee57abd-2aad-43ca-a4fa-dfb2d285caa1","D02","POSE","POSE.AOS.S2","POSE.SS.20240625.FIL","A00000371209","2024-06-25T13:23Z","2024-06-25T13:23Z","Illinois State Water Survey Central Analytical Laboratory",466.0,0.00352,5,"2024-06-26","B",,
"f4ea0976-dd68-45ff-b02c-0a81a2023b5f","D02","POSE","POSE.AOS.S2","POSE.SS.20240625.FIL","A00000371209","2024-06-25T13:23Z","2024-06-25T13:23Z","Illinois State Water Survey Central Analytical Laboratory",308.0,0.04120,5,"2024-06-26","A",,
"d006cc16-41f1-404b-8079-ed9a558de989","D02","POSE","POSE.AOS.S2","POSE.SS.20240625.FIL","A00000371209","2024-06-25T13:23Z","2024-06-25T13:23Z","Illinois State Water Survey Central Analytical Laboratory",540.0,0.00150,5,"2024-06-26","B",,
"db9d3465-45f4-41e0-8353-c76f69eda88c","D02","POSE","POSE.AOS.S2","POSE.SS.20240625.FIL","A00000371209","2024-06-25T13:23Z","2024-06-25T13:23Z","Illinois State Water Survey Central Analytical Laboratory",592.0,0.00106,5,"2024-06-26","A",,
"1237a7c9-4d39-4504-8f69-1447ee67ade8","D02","POSE","POSE.AOS.S2","POSE.SS.20240625.FIL","A00000371209","2024-06-25T13:23Z","2024-06-25T13:23Z","Illinois State Water Survey Central Analytical Laboratory",478.0,0.00304,5,"2024-06-26","B",,
"18f96de1-3509-4a59-a339-002eeb89d3b5","D02","POSE","POSE.AOS.S2","POSE.SS.20240625.FIL","A00000371209","2024-06-25T13:23Z","2024-06-25T13:23Z","Illinois State Water Survey Central Analytical Laboratory",428.0,0.00620,5,"2024-06-26","B",,
"b9af19b1-67a6-4798-94d2-ee30c192c4ce","D02","POSE","POSE.AOS.S2","POSE.SS.20240625.FIL","A00000371209","2024-06-25T13:23Z","2024-06-25T13:23Z","Illinois State Water Survey Central Analytical Laboratory",262.0,0.07410,5,"2024-06-26","A",,
"25ffe70d-947d-4e7f-a7c4-5cff08d6390b","D02","POSE","POSE.AOS.S2","POSE.SS.20240625.FIL","A00000371209","2024-06-25T13:23Z","2024-06-25T13:23Z","Illinois State Water Survey Central Analytical Laboratory",378.0,0.01408,5,"2024-06-26","A",,
"b76fe515-ef7d-4006-8857-f15cb4959f5f","D02","POSE","POSE.AOS.S2","POSE.SS.20240625.FIL","A00000371209","2024-06-25T13:23Z","2024-06-25T13:23Z","Illinois State Water Survey Central Analytical Laboratory",408.0,0.00844,5,"2024-06-26","B",,
"6b2fba6c-a912-4936-bb60-2f601ac87520","D02","POSE","POSE.AOS.S2","POSE.SS.20240625.FIL","A00000371209","2024-06-25T13:23Z","2024-06-25T13:23Z","Illinois State Water Survey Central Analytical Laboratory",268.0,0.06976,5,"2024-06-26","B",,
"59110c7f-5465-4b49-9c81-6175cb494d73","D02","POSE","POSE.AOS.S2","POSE.SS.20240625.FIL","A00000371209","2024-06-25T13:23Z","2024-06-25T13:23Z","Illinois State Water Survey Central Analytical Laboratory",412.0,0.00796,5,"2024-06-26","A",,
"3d81c9d7-d1fe-4f30-97fa-643fe9910c79","D02","POSE","POSE.AOS.S2","POSE.SS.20240625.FIL","A00000371209","2024-06-25T13:23Z","2024-06-25T13:23Z","Illinois State Water Survey Central Analytical Laboratory",430.0,0.00598,5,"2024-06-26","B",,
"e3ea4d48-f0cf-4c62-aee7-56a027cd3961","D02","POSE","POSE.AOS.S2","POSE.SS.20240625.FIL","A00000371209","2024-06-25T13:23Z","2024-06-25T13:23Z","Illinois State Water Survey Central Analytical Laboratory",222.0,0.16674,5,"2024-06-26","B",,
"30669166-cb5f-4ce6-bb76-929b305fab1b","D02","POSE","POSE.AOS.S2","POSE.SS.20240625.FIL","A00000371209","2024-06-25T13:23Z","2024-06-25T13:23Z","Illinois State Water Survey Central Analytical Laboratory",240.0,0.09362,5,"2024-06-26","B",,
"e47ddfdb-fda3-48c1-85e9-b47aecd40377","D02","POSE","POSE.AOS.S2","POSE.SS.20240625.FIL","A00000371209","2024-06-25T13:23Z","2024-06-25T13:23Z","Illinois State Water Survey Central Analytical Laboratory",550.0,0.00142,5,"2024-06-26","A",,
"fea317c2-1986-4496-8298-6cb3f53dff54","D02","POSE","POSE.AOS.S2","POSE.SS.20240625.FIL","A00000371209","2024-06-25T13:23Z","2024-06-25T13:23Z","Illinois State Water Survey Central Analytical Laboratory",402.0,0.00942,5,"2024-06-26","B",,
"d4f50fc5-6d84-488d-a910-a76e822ab1ff","D02","POSE","POSE.AOS.S2","POSE.SS.20240625.FIL","A00000371209","2024-06-25T13:23Z","2024-06-25T13:23Z","Illinois State Water Survey Central Analytical Laboratory",446.0,0.00476,5,"2024-06-26","A",,
"e43ca109-9f72-4d83-8f22-e4ceda1989c8","D02","POSE","POSE.AOS.S2","POSE.SS.20240625.FIL","A00000371209","2024-06-25T13:23Z","2024-06-25T13:23Z","Illinois State Water Survey Central Analytical Laboratory",358.0,0.01954,5,"2024-06-26","B",,
"5f018257-914f-4586-bcb6-09cda636b5ef","D02","POSE","POSE.AOS.S2","POSE.SS.20240625.FIL","A00000371209","2024-06-25T13:23Z","2024-06-25T13:23Z","Illinois State Water Survey Central Analytical Laboratory",228.0,0.12778,5,"2024-06-26","A",,
"f81d42ed-6a87-4ee5-b1d1-12304a53d5db","D02","POSE","POSE.AOS.S2","POSE.SS.20240625.FIL","A00000371209","2024-06-25T13:23Z","2024-06-25T13:23Z","Illinois State Water Survey Central Analytical Laboratory",266.0,0.07124,5,"2024-06-26","A",,
"04505c2c-243e-45f1-8090-4ecd645e9a28","D02","POSE","POSE.AOS.S2","POSE.SS.20240625.FIL","A00000371209","2024-06-25T13:23Z","2024-06-25T13:23Z","Illinois State Water Survey Central Analytical Laboratory",542.0,0.00146,5,"2024-06-26","B",,
"3ab1bbec-8515-4d34-a01c-0b155227ba9e","D02","POSE","POSE.AOS.S2","POSE.SS.20240625.FIL","A00000371209","2024-06-25T13:23Z","2024-06-25T13:23Z","Illinois State Water Survey Central Analytical Laboratory",248.0,0.08426,5,"2024-06-26","A",,
"939e20ad-0fb7-4bbc-afb1-afbb441a9ef2","D02","POSE","POSE.AOS.S2","POSE.SS.20240625.FIL","A00000371209","2024-06-25T13:23Z","2024-06-25T13:23Z","Illinois State Water Survey Central Analytical Laboratory",292.0,0.05154,5,"2024-06-26","A",,
"80a85acc-bba0-472f-862f-f69d8bceace2","D02","POSE","POSE.AOS.S2","POSE.SS.20240625.FIL","A00000371209","2024-06-25T13:23Z","2024-06-25T13:23Z","Illinois State Water Survey Central Analytical Laboratory",236.0,0.10118,5,"2024-06-26","B",,
"c48afc93-7ebe-4cb5-9e82-dbb7c8105966","D02","POSE","POSE.AOS.S2","POSE.SS.20240625.FIL","A00000371209","2024-06-25T13:23Z","2024-06-25T13:23Z","Illinois State Water Survey Central Analytical Laboratory",446.0,0.00470,5,"2024-06-26","B",,
"5abc32fa-03a5-4d00-9192-748599bf4d8b","D02","POSE","POSE.AOS.S2","POSE.SS.20240625.FIL","A00000371209","2024-06-25T13:23Z","2024-06-25T13:23Z","Illinois State Water Survey Central Analytical Laboratory",308.0,0.04112,5,"2024-06-26","B",,
"ab0aece5-fb00-4f07-a4e5-63c5639139aa","D02","POSE","POSE.AOS.S2","POSE.SS.20240625.FIL","A00000371209","2024-06-25T13:23Z","2024-06-25T13:23Z","Illinois State Water Survey Central Analytical Laboratory",252.0,0.08098,5,"2024-06-26","A",,
"1b28b125-7c78-4f39-aedb-d133132ac2a7","D02","POSE","POSE.AOS.S2","POSE.SS.20240625.FIL","A00000371209","2024-06-25T13:23Z","2024-06-25T13:23Z","Illinois State Water Survey Central Analytical Laboratory",508.0,0.00222,5,"2024-06-26","A",,
"bba83fe6-bebe-4727-84db-e9bdf4e56f43","D02","POSE","POSE.AOS.S2","POSE.SS.20240625.FIL","A00000371209","2024-06-25T13:23Z","2024-06-25T13:23Z","Illinois State Water Survey Central Analytical Laboratory",294.0,0.05000,5,"2024-06-26","A",,
"279ff5c4-cf1a-445f-b5ed-42273a3d9d84","D02","POSE","POSE.AOS.S2","POSE.SS.20240625.FIL","A00000371209","2024-06-25T13:23Z","2024-06-25T13:23Z","Illinois State Water Survey Central Analytical Laboratory",400.0,0.00978,5,"2024-06-26","A",,
"cfebc9c6-77e6-4e7c-be13-1b72a38d40ed","D02","POSE","POSE.AOS.S2","POSE.SS.20240625.FIL","A00000371209","2024-06-25T13:23Z","2024-06-25T13:23Z","Illinois State Water Survey Central Analytical Laboratory",384.0,0.01268,5,"2024-06-26","A",,
"1b1ed670-e122-408d-a18a-8fd698d245f3","D02","POSE","POSE.AOS.S2","POSE.SS.20240625.FIL","A00000371209","2024-06-25T13:23Z","2024-06-25T13:23Z","Illinois State Water Survey Central Analytical Laboratory",288.0,0.05460,5,"2024-06-26","A",,
"281f69a2-d82c-4ad7-bf0e-de71eb099611","D02","POSE","POSE.AOS.S2","POSE.SS.20240625.FIL","A00000371209","2024-06-25T13:23Z","2024-06-25T13:23Z","Illinois State Water Survey Central Analytical Laboratory",286.0,0.05610,5,"2024-06-26","A",,
"7c0fc67d-490c-4095-98aa-e63587b9439c","D02","POSE","POSE.AOS.S2","POSE.SS.20240625.FIL","A00000371209","2024-06-25T13:23Z","2024-06-25T13:23Z","Illinois State Water Survey Central Analytical Laboratory",380.0,0.01344,5,"2024-06-26","B",,
"01635a13-8c41-4c9c-8ddb-9dfd185898e9","D02","POSE","POSE.AOS.S2","POSE.SS.20240625.FIL","A00000371209","2024-06-25T13:23Z","2024-06-25T13:23Z","Illinois State Water Survey Central Analytical Laboratory",376.0,0.01440,5,"2024-06-26","B",,
"91e34d15-3c32-45a2-a379-9a7be5a7a188","D02","POSE","POSE.AOS.S2","POSE.SS.20240625.FIL","A00000371209","2024-06-25T13:23Z","2024-06-25T13:23Z","Illinois State Water Survey Central Analytical Laboratory",354.0,0.02080,5,"2024-06-26","B",,
"7f90713c-5265-4780-9899-b5cf7fc9b8d5","D02","POSE","POSE.AOS.S2","POSE.SS.20240625.FIL","A00000371209","2024-06-25T13:23Z","2024-06-25T13:23Z","Illinois State Water Survey Central Analytical Laboratory",312.0,0.03898,5,"2024-06-26","B",,
"22de9460-2c15-4b13-a5d5-59b53da434d2","D02","POSE","POSE.AOS.S2","POSE.SS.20240625.FIL","A00000371209","2024-06-25T13:23Z","2024-06-25T13:23Z","Illinois State Water Survey Central Analytical Laboratory",546.0,0.00140,5,"2024-06-26","B",,
"35293363-1655-4551-bc38-30125a2b5e75","D02","POSE","POSE.AOS.S2","POSE.SS.20240625.FIL","A00000371209","2024-06-25T13:23Z","2024-06-25T13:23Z","Illinois State Water Survey Central Analytical Laboratory",230.0,0.12030,5,"2024-06-26","B",,
"45698189-5f78-48c6-b2af-6be6d6f0f560","D02","POSE","POSE.AOS.S2","POSE.SS.20240625.FIL","A00000371209","2024-06-25T13:23Z","2024-06-25T13:23Z","Illinois State Water Survey Central Analytical Laboratory",558.0,0.00124,5,"2024-06-26","B",,
"57b53853-331b-40f2-b115-ace84047d133","D02","POSE","POSE.AOS.S2","POSE.SS.20240625.FIL","A00000371209","2024-06-25T13:23Z","2024-06-25T13:23Z","Illinois State Water Survey Central Analytical Laboratory",574.0,0.00120,5,"2024-06-26","A",,
"3f603aa5-4d95-457e-baf3-a9958a482598","D02","POSE","POSE.AOS.S2","POSE.SS.20240625.FIL","A00000371209","2024-06-25T13:23Z","2024-06-25T13:23Z","Illinois State Water Survey Central Analytical Laboratory",432.0,0.00590,5,"2024-06-26","A",,
"af2f15fa-80ae-4c29-a64a-799d5bd747ab","D02","POSE","POSE.AOS.S2","POSE.SS.20240625.FIL","A00000371209","2024-06-25T13:23Z","2024-06-25T13:23Z","Illinois State Water Survey Central Analytical Laboratory",334.0,0.02844,5,"2024-06-26","A",,
"47387c46-8b60-45be-840a-1bbed0e0515b","D02","POSE","POSE.AOS.S2","POSE.SS.20240625.FIL","A00000371209","2024-06-25T13:23Z","2024-06-25T13:23Z","Illinois State Water Survey Central Analytical Laboratory",274.0,0.06528,5,"2024-06-26","A",,
"74ef9c57-5eee-4b90-aae7-889a842ff5c5","D02","POSE","POSE.AOS.S2","POSE.SS.20240625.FIL","A00000371209","2024-06-25T13:23Z","2024-06-25T13:23Z","Illinois State Water Survey Central Analytical Laboratory",512.0,0.00200,5,"2024-06-26","B",,
"c7c4cf79-9a59-4915-bde8-c537b0a2b1d4","D02","POSE","POSE.AOS.S2","POSE.SS.20240625.FIL","A00000371209","2024-06-25T13:23Z","2024-06-25T13:23Z","Illinois State Water Survey Central Analytical Laboratory",396.0,0.01024,5,"2024-06-26","B",,
"d5d3803c-f88e-4ee2-aa77-823eff42f925","D02","POSE","POSE.AOS.S2","POSE.SS.20240625.FIL","A00000371209","2024-06-25T13:23Z","2024-06-25T13:23Z","Illinois State Water Survey Central Analytical Laboratory",340.0,0.02586,5,"2024-06-26","B",,
"ee998e0a-168c-4eaa-bc75-eec36cae246a","D02","POSE","POSE.AOS.S2","POSE.SS.20240625.FIL","A00000371209","2024-06-25T13:23Z","2024-06-25T13:23Z","Illinois State Water Survey Central Analytical Laboratory",436.0,0.00560,5,"2024-06-26","A",,
"09527671-ce77-4142-b2ee-d83542578c3d","D02","POSE","POSE.AOS.S2","POSE.SS.20240625.FIL","A00000371209","2024-06-25T13:23Z","2024-06-25T13:23Z","Illinois State Water Survey Central Analytical Laboratory",234.0,0.10628,5,"2024-06-26","A",,
"13cf3fb0-28dd-496a-9c61-07d8f2b856a5","D02","POSE","POSE.AOS.S2","POSE.SS.20240625.FIL","A00000371209","2024-06-25T13:23Z","2024-06-25T13:23Z","Illinois State Water Survey Central Analytical Laboratory",436.0,0.00546,5,"2024-06-26","B",,
"eabdc348-5ee0-484d-8ccc-06c4f6d5e08b","D02","POSE","POSE.AOS.S2","POSE.SS.20240625.FIL","A00000371209","2024-06-25T13:23Z","2024-06-25T13:23Z","Illinois State Water Survey Central Analytical Laboratory",500.0,0.00228,5,"2024-06-26","B",,
"f5e0eee0-7954-44f6-a80e-7cff40852bba","D02","POSE","POSE.AOS.S2","POSE.SS.20240625.FIL","A00000371209","2024-06-25T13:23Z","2024-06-25T13:23Z","Illinois State Water Survey Central Analytical Laboratory",548.0,0.00146,5,"2024-06-26","A",,
"044b69f5-1e33-4049-b21f-c2b9e33c8f81","D02","POSE","POSE.AOS.S2","POSE.SS.20240625.FIL","A00000371209","2024-06-25T13:23Z","2024-06-25T13:23Z","Illinois State Water Survey Central Analytical Laboratory",380.0,0.01354,5,"2024-06-26","A",,
"1713e5a6-9634-4160-b817-d85c85fc5378","D02","POSE","POSE.AOS.S2","POSE.SS.20240625.FIL","A00000371209","2024-06-25T13:23Z","2024-06-25T13:23Z","Illinois State Water Survey Central Analytical Laboratory",250.0,0.08258,5,"2024-06-26","B",,
"69c8f8e3-d5f0-4526-8ccc-a32d2e4054c8","D02","POSE","POSE.AOS.S2","POSE.SS.20240625.FIL","A00000371209","2024-06-25T13:23Z","2024-06-25T13:23Z","Illinois State Water Survey Central Analytical Laboratory",290.0,0.05300,5,"2024-06-26","A",,
"f78a2bd6-864a-4c91-8a72-592fa6c71a6f","D02","POSE","POSE.AOS.S2","POSE.SS.20240625.FIL","A00000371209","2024-06-25T13:23Z","2024-06-25T13:23Z","Illinois State Water Survey Central Analytical Laboratory",560.0,0.00118,5,"2024-06-26","B",,
"4c328ee9-9a1d-442a-acd5-4e0da510ec1e","D02","POSE","POSE.AOS.S2","POSE.SS.20240625.FIL","A00000371209","2024-06-25T13:23Z","2024-06-25T13:23Z","Illinois State Water Survey Central Analytical Laboratory",234.0,0.10622,5,"2024-06-26","B",,
"b1589094-277a-47c1-b46c-7965dcd412d1","D02","POSE","POSE.AOS.S2","POSE.SS.20240625.FIL","A00000371209","2024-06-25T13:23Z","2024-06-25T13:23Z","Illinois State Water Survey Central Analytical Laboratory",462.0,0.00378,5,"2024-06-26","A",,
"f0be3d7a-213d-499b-aa6e-c3fdac7ae5e5","D02","POSE","POSE.AOS.S2","POSE.SS.20240625.FIL","A00000371209","2024-06-25T13:23Z","2024-06-25T13:23Z","Illinois State Water Survey Central Analytical Laboratory",394.0,0.01074,5,"2024-06-26","A",,
"481bd91f-968a-464b-b4a4-90319bd9bcbf","D02","POSE","POSE.AOS.S2","POSE.SS.20240625.FIL","A00000371209","2024-06-25T13:23Z","2024-06-25T13:23Z","Illinois State Water Survey Central Analytical Laboratory",492.0,0.00268,5,"2024-06-26","A",,
"9c433cc4-cd34-4318-aa6a-f6a46a967bea","D02","POSE","POSE.AOS.S2","POSE.SS.20240625.FIL","A00000371209","2024-06-25T13:23Z","2024-06-25T13:23Z","Illinois State Water Survey Central Analytical Laboratory",398.0,0.01004,5,"2024-06-26","A",,
"ca5befae-bb01-4c0d-9d70-a1a99b6edc9f","D02","POSE","POSE.AOS.S2","POSE.SS.20240625.FIL","A00000371209","2024-06-25T13:23Z","2024-06-25T13:23Z","Illinois State Water Survey Central Analytical Laboratory",484.0,0.00292,5,"2024-06-26","A",,
"0f2ffded-0273-4985-9416-483e462eb1ce","D02","POSE","POSE.AOS.S2","POSE.SS.20240625.FIL","A00000371209","2024-06-25T13:23Z","2024-06-25T13:23Z","Illinois State Water Survey Central Analytical Laboratory",420.0,0.00696,5,"2024-06-26","B",,
"562bce70-6833-4e43-9826-3221588200ef","D02","POSE","POSE.AOS.S2","POSE.SS.20240625.FIL","A00000371209","2024-06-25T13:23Z","2024-06-25T13:23Z","Illinois State Water Survey Central Analytical Laboratory",340.0,0.02594,5,"2024-06-26","A",,
"24085aec-9845-48b6-92a6-cad6e14e89f4","D02","POSE","POSE.AOS.S2","POSE.SS.20240625.FIL","A00000371209","2024-06-25T13:23Z","2024-06-25T13:23Z","Illinois State Water Survey Central Analytical Laboratory",442.0,0.00502,5,"2024-06-26","B",,
"d38d6b0d-5091-4596-b36f-86aa1b2e2996","D02","POSE","POSE.AOS.S2","POSE.SS.20240625.FIL","A00000371209","2024-06-25T13:23Z","2024-06-25T13:23Z","Illinois State Water Survey Central Analytical Laboratory",490.0,0.00262,5,"2024-06-26","B",,
"295c452a-1b83-4313-b91a-34aaff54161e","D02","POSE","POSE.AOS.S2","POSE.SS.20240625.FIL","A00000371209","2024-06-25T13:23Z","2024-06-25T13:23Z","Illinois State Water Survey Central Analytical Laboratory",288.0,0.05452,5,"2024-06-26","B",,
"c7bb2568-4866-44c9-918d-9cc2dc83d0c4","D02","POSE","POSE.AOS.S2","POSE.SS.20240625.FIL","A00000371209","2024-06-25T13:23Z","2024-06-25T13:23Z","Illinois State Water Survey Central Analytical Laboratory",314.0,0.03780,5,"2024-06-26","B",,
"cecfaffc-6007-4515-8b43-c988c1401f1b","D02","POSE","POSE.AOS.S2","POSE.SS.20240625.FIL","A00000371209","2024-06-25T13:23Z","2024-06-25T13:23Z","Illinois State Water Survey Central Analytical Laboratory",524.0,0.00174,5,"2024-06-26","B",,
"7a56c96c-9732-4734-8dd4-b4fd8e6ccb36","D02","POSE","POSE.AOS.S2","POSE.SS.20240625.FIL","A00000371209","2024-06-25T13:23Z","2024-06-25T13:23Z","Illinois State Water Survey Central Analytical Laboratory",416.0,0.00742,5,"2024-06-26","A",,
"6a2a8d12-b989-4fbd-a2ea-3afb71a5bd3c","D02","POSE","POSE.AOS.S2","POSE.SS.20240625.FIL","A00000371209","2024-06-25T13:23Z","2024-06-25T13:23Z","Illinois State Water Survey Central Analytical Laboratory",570.0,0.00134,5,"2024-06-26","A",,
"5ab6cbe8-a299-471a-a01a-fdcd2fd56fc8","D02","POSE","POSE.AOS.S2","POSE.SS.20240625.FIL","A00000371209","2024-06-25T13:23Z","2024-06-25T13:23Z","Illinois State Water Survey Central Analytical Laboratory",438.0,0.00544,5,"2024-06-26","A",,
"6055c29d-d782-47c2-b4f9-da6df04e791b","D02","POSE","POSE.AOS.S2","POSE.SS.20240625.FIL","A00000371209","2024-06-25T13:23Z","2024-06-25T13:23Z","Illinois State Water Survey Central Analytical Laboratory",416.0,0.00734,5,"2024-06-26","B",,
"6944440d-bb33-483c-8e1e-f7464f4a948d","D02","POSE","POSE.AOS.S2","POSE.SS.20240625.FIL","A00000371209","2024-06-25T13:23Z","2024-06-25T13:23Z","Illinois State Water Survey Central Analytical Laboratory",600.0,0.00096,5,"2024-06-26","B",,
"8e53f43d-d13f-4fc2-99a5-61db315a76b2","D02","POSE","POSE.AOS.S2","POSE.SS.20240625.FIL","A00000371209","2024-06-25T13:23Z","2024-06-25T13:23Z","Illinois State Water Survey Central Analytical Laboratory",254.0,0.07964,5,"2024-06-26","B",,
"496bb555-5b93-4b3e-a8be-34d1a2a9b987","D02","POSE","POSE.AOS.S2","POSE.SS.20240625.FIL","A00000371209","2024-06-25T13:23Z","2024-06-25T13:23Z","Illinois State Water Survey Central Analytical Laboratory",420.0,0.00704,5,"2024-06-26","A",,
"de191758-b817-426b-a54c-516ac5ad2230","D02","POSE","POSE.AOS.S2","POSE.SS.20240625.FIL","A00000371209","2024-06-25T13:23Z","2024-06-25T13:23Z","Illinois State Water Survey Central Analytical Laboratory",582.0,0.00094,5,"2024-06-26","B",,
"72fa5dd2-ffe0-46be-848e-4d0b8208e528","D02","POSE","POSE.AOS.S2","POSE.SS.20240625.FIL","A00000371209","2024-06-25T13:23Z","2024-06-25T13:23Z","Illinois State Water Survey Central Analytical Laboratory",414.0,0.00756,5,"2024-06-26","B",,
"a5146666-d302-4a1d-8fa7-498e51d6c27f","D02","POSE","POSE.AOS.S2","POSE.SS.20240625.FIL","A00000371209","2024-06-25T13:23Z","2024-06-25T13:23Z","Illinois State Water Survey Central Analytical Laboratory",224.0,0.15168,5,"2024-06-26","A",,
"e0c17f64-d938-4dd4-90eb-35e082fc648a","D02","POSE","POSE.AOS.S2","POSE.SS.20240625.FIL","A00000371209","2024-06-25T13:23Z","2024-06-25T13:23Z","Illinois State Water Survey Central Analytical Laboratory",336.0,0.02756,5,"2024-06-26","A",,
"599665d5-f639-4815-ae8f-ff6f9264a51b","D02","POSE","POSE.AOS.S2","POSE.SS.20240625.FIL","A00000371209","2024-06-25T13:23Z","2024-06-25T13:23Z","Illinois State Water Survey Central Analytical Laboratory",382.0,0.01308,5,"2024-06-26","A",,
"eb3d0343-bb8d-4091-9473-087efc194dda","D02","POSE","POSE.AOS.S2","POSE.SS.20240625.FIL","A00000371209","2024-06-25T13:23Z","2024-06-25T13:23Z","Illinois State Water Survey Central Analytical Laboratory",504.0,0.00232,5,"2024-06-26","A",,
"f1f11346-b79d-4449-97e8-7baa90a3b1d3","D02","POSE","POSE.AOS.S2","POSE.SS.20240625.FIL","A00000371209","2024-06-25T13:23Z","2024-06-25T13:23Z","Illinois State Water Survey Central Analytical Laboratory",344.0,0.02440,5,"2024-06-26","A",,
"6997962d-cfae-44a7-8985-4ac154701c7c","D02","POSE","POSE.AOS.S2","POSE.SS.20240625.FIL","A00000371209","2024-06-25T13:23Z","2024-06-25T13:23Z","Illinois State Water Survey Central Analytical Laboratory",252.0,0.08094,5,"2024-06-26","B",,
"372ff915-c9f8-4542-af92-a1eb077319f3","D02","POSE","POSE.AOS.S2","POSE.SS.20240625.FIL","A00000371209","2024-06-25T13:23Z","2024-06-25T13:23Z","Illinois State Water Survey Central Analytical Laboratory",268.0,0.06984,5,"2024-06-26","A",,
"1b64ed43-c7df-4e85-b61a-b27be1cffc0a","D02","POSE","POSE.AOS.S2","POSE.SS.20240625.FIL","A00000371209","2024-06-25T13:23Z","2024-06-25T13:23Z","Illinois State Water Survey Central Analytical Laboratory",360.0,0.01890,5,"2024-06-26","B",,
"5b9b18a9-c03b-4d80-986e-de4a339a0ac1","D02","POSE","POSE.AOS.S2","POSE.SS.20240625.FIL","A00000371209","2024-06-25T13:23Z","2024-06-25T13:23Z","Illinois State Water Survey Central Analytical Laboratory",292.0,0.05146,5,"2024-06-26","B",,
"125bd1bc-2f89-46a6-ad37-e5e7475960e8","D02","POSE","POSE.AOS.S2","POSE.SS.20240625.FIL","A00000371209","2024-06-25T13:23Z","2024-06-25T13:23Z","Illinois State Water Survey Central Analytical Laboratory",434.0,0.00574,5,"2024-06-26","A",,
"5fce507d-b1f5-4988-8ed6-24e62c0b9796","D02","POSE","POSE.AOS.S2","POSE.SS.20240625.FIL","A00000371209","2024-06-25T13:23Z","2024-06-25T13:23Z","Illinois State Water Survey Central Analytical Laboratory",264.0,0.07274,5,"2024-06-26","B",,
"63dcafe2-5a92-43c1-9ff5-d5bb38a090c0","D02","POSE","POSE.AOS.S2","POSE.SS.20240625.FIL","A00000371209","2024-06-25T13:23Z","2024-06-25T13:23Z","Illinois State Water Survey Central Analytical Laboratory",298.0,0.04730,5,"2024-06-26","B",,
"65f43616-a68a-4811-82d0-ff21475da900","D02","POSE","POSE.AOS.S2","POSE.SS.20240625.FIL","A00000371209","2024-06-25T13:23Z","2024-06-25T13:23Z","Illinois State Water Survey Central Analytical Laboratory",366.0,0.01704,5,"2024-06-26","B",,
"471e9748-ee03-435d-ba8a-4ea980ac1740","D02","POSE","POSE.AOS.S2","POSE.SS.20240625.FIL","A00000371209","2024-06-25T13:23Z","2024-06-25T13:23Z","Illinois State Water Survey Central Analytical Laboratory",556.0,0.00130,5,"2024-06-26","B",,
"83bf7785-5032-4b37-98c7-2425ed265856","D02","POSE","POSE.AOS.S2","POSE.SS.20240625.FIL","A00000371209","2024-06-25T13:23Z","2024-06-25T13:23Z","Illinois State Water Survey Central Analytical Laboratory",578.0,0.00124,5,"2024-06-26","A",,
"3b503bf3-1aec-4932-8f5d-e12898cda624","D02","POSE","POSE.AOS.S2","POSE.SS.20240625.FIL","A00000371209","2024-06-25T13:23Z","2024-06-25T13:23Z","Illinois State Water Survey Central Analytical Laboratory",458.0,0.00398,5,"2024-06-26","A",,
"884735cc-706c-4ba2-8727-f795feffd7de","D02","POSE","POSE.AOS.S2","POSE.SS.20240625.FIL","A00000371209","2024-06-25T13:23Z","2024-06-25T13:23Z","Illinois State Water Survey Central Analytical Laboratory",476.0,0.00308,5,"2024-06-26","B",,
"6a15bb8e-eee7-41e8-8eff-8f4e71449490","D02","POSE","POSE.AOS.S2","POSE.SS.20240625.FIL","A00000371209","2024-06-25T13:23Z","2024-06-25T13:23Z","Illinois State Water Survey Central Analytical Laboratory",258.0,0.07678,5,"2024-06-26","A",,
"173fe45e-1f81-4d5e-97f4-68e29a9acc73","D02","POSE","POSE.AOS.S2","POSE.SS.20240625.FIL","A00000371209","2024-06-25T13:23Z","2024-06-25T13:23Z","Illinois State Water Survey Central Analytical Laboratory",522.0,0.00188,5,"2024-06-26","A",,
"cb457b3b-a3b5-4f46-a1ae-ebe276b83ce3","D02","POSE","POSE.AOS.S2","POSE.SS.20240625.FIL","A00000371209","2024-06-25T13:23Z","2024-06-25T13:23Z","Illinois State Water Survey Central Analytical Laboratory",546.0,0.00150,5,"2024-06-26","A",,
"2ae6ef56-4a41-48bd-8c64-305eaeefd15a","D02","POSE","POSE.AOS.S2","POSE.SS.20240625.FIL","A00000371209","2024-06-25T13:23Z","2024-06-25T13:23Z","Illinois State Water Survey Central Analytical Laboratory",348.0,0.02290,5,"2024-06-26","B",,
"15f0958e-d04b-4dd5-8957-c848b3e522ec","D02","POSE","POSE.AOS.S2","POSE.SS.20240625.FIL","A00000371209","2024-06-25T13:23Z","2024-06-25T13:23Z","Illinois State Water Survey Central Analytical Laboratory",272.0,0.06680,5,"2024-06-26","B",,
"f7d6ca2d-aefb-4a25-8b1f-625968558013","D02","POSE","POSE.AOS.S2","POSE.SS.20240625.FIL","A00000371209","2024-06-25T13:23Z","2024-06-25T13:23Z","Illinois State Water Survey Central Analytical Laboratory",474.0,0.00328,5,"2024-06-26","A",,
"9a476c96-c3a3-496a-beb6-2357932edc85","D02","POSE","POSE.AOS.S2","POSE.SS.20240625.FIL","A00000371209","2024-06-25T13:23Z","2024-06-25T13:23Z","Illinois State Water Survey Central Analytical Laboratory",230.0,0.12034,5,"2024-06-26","A",,
"06f22ad7-bbc6-4d24-9ad5-eb58d7d5051c","D02","POSE","POSE.AOS.S2","POSE.SS.20240625.FIL","A00000371209","2024-06-25T13:23Z","2024-06-25T13:23Z","Illinois State Water Survey Central Analytical Laboratory",500.0,0.00240,5,"2024-06-26","A",,
"7ade3ce3-d80e-49f4-b924-57ce8afc5c80","D02","POSE","POSE.AOS.S2","POSE.SS.20240625.FIL","A00000371209","2024-06-25T13:23Z","2024-06-25T13:23Z","Illinois State Water Survey Central Analytical Laboratory",464.0,0.00360,5,"2024-06-26","B",,
"1cd8767d-1538-4a77-87a1-f8de250068ea","D02","POSE","POSE.AOS.S2","POSE.SS.20240625.FIL","A00000371209","2024-06-25T13:23Z","2024-06-25T13:23Z","Illinois State Water Survey Central Analytical Laboratory",538.0,0.00160,5,"2024-06-26","A",,
"0c9b89a2-a61b-49a3-9a55-a432bef9a3d0","D02","POSE","POSE.AOS.S2","POSE.SS.20240625.FIL","A00000371209","2024-06-25T13:23Z","2024-06-25T13:23Z","Illinois State Water Survey Central Analytical Laboratory",544.0,0.00142,5,"2024-06-26","B",,
"348f6ada-df6c-4cd3-8b02-682a020530c5","D02","POSE","POSE.AOS.S2","POSE.SS.20240625.FIL","A00000371209","2024-06-25T13:23Z","2024-06-25T13:23Z","Illinois State Water Survey Central Analytical Laboratory",510.0,0.00200,5,"2024-06-26","B",,
"ec509de3-1c46-4d2d-ac35-bc6565f730ff","D02","POSE","POSE.AOS.S2","POSE.SS.20240625.FIL","A00000371209","2024-06-25T13:23Z","2024-06-25T13:23Z","Illinois State Water Survey Central Analytical Laboratory",566.0,0.00128,5,"2024-06-26","A",,
"7f8c558d-ba1d-4ce4-a10c-2473c647f198","D02","POSE","POSE.AOS.S2","POSE.SS.20240625.FIL","A00000371209","2024-06-25T13:23Z","2024-06-25T13:23Z","Illinois State Water Survey Central Analytical Laboratory",294.0,0.04992,5,"2024-06-26","B",,
"07fe2e46-5778-411a-b3b6-4551fea3bd75","D02","POSE","POSE.AOS.S2","POSE.SS.20240625.FIL","A00000371209","2024-06-25T13:23Z","2024-06-25T13:23Z","Illinois State Water Survey Central Analytical Laboratory",532.0,0.00170,5,"2024-06-26","A",,
"438e1f0c-68c0-446f-a61b-50de55beeb5c","D02","POSE","POSE.AOS.S2","POSE.SS.20240625.FIL","A00000371209","2024-06-25T13:23Z","2024-06-25T13:23Z","Illinois State Water Survey Central Analytical Laboratory",480.0,0.00310,5,"2024-06-26","A",,
"672beb2b-4934-43ce-b46b-bf67ad38901a","D02","POSE","POSE.AOS.S2","POSE.SS.20240625.FIL","A00000371209","2024-06-25T13:23Z","2024-06-25T13:23Z","Illinois State Water Survey Central Analytical Laboratory",274.0,0.06522,5,"2024-06-26","B",,
"5771604f-9642-4c6a-9e09-d198c56a7d1e","D02","POSE","POSE.AOS.S2","POSE.SS.20240625.FIL","A00000371209","2024-06-25T13:23Z","2024-06-25T13:23Z","Illinois State Water Survey Central Analytical Laboratory",554.0,0.00140,5,"2024-06-26","A",,
"e13cd9cf-563f-436b-a2c6-d11c02e6dae6","D02","POSE","POSE.AOS.S2","POSE.SS.20240625.FIL","A00000371209","2024-06-25T13:23Z","2024-06-25T13:23Z","Illinois State Water Survey Central Analytical Laboratory",338.0,0.02666,5,"2024-06-26","B",,
"baad1468-7bc1-4656-b203-b9253043e6e8","D02","POSE","POSE.AOS.S2","POSE.SS.20240625.FIL","A00000371209","2024-06-25T13:23Z","2024-06-25T13:23Z","Illinois State Water Survey Central Analytical Laboratory",364.0,0.01778,5,"2024-06-26","A",,
"ff7abae5-dc58-4b9c-9e5c-08a5d41e5ea9","D02","POSE","POSE.AOS.S2","POSE.SS.20240625.FIL","A00000371209","2024-06-25T13:23Z","2024-06-25T13:23Z","Illinois State Water Survey Central Analytical Laboratory",478.0,0.00312,5,"2024-06-26","A",,
"05a7566d-9c13-47b5-b626-73ce96d9ef67","D02","POSE","POSE.AOS.S2","POSE.SS.20240625.FIL","A00000371209","2024-06-25T13:23Z","2024-06-25T13:23Z","Illinois State Water Survey Central Analytical Laboratory",494.0,0.00258,5,"2024-06-26","A",,
"a8da98af-66a1-49df-8f54-c281613279dc","D02","POSE","POSE.AOS.S2","POSE.SS.20240625.FIL","A00000371209","2024-06-25T13:23Z","2024-06-25T13:23Z","Illinois State Water Survey Central Analytical Laboratory",310.0,0.04004,5,"2024-06-26","B",,
"1fd27b06-2d16-4396-ab93-ffbfe92bb37e","D02","POSE","POSE.AOS.S2","POSE.SS.20240625.FIL","A00000371209","2024-06-25T13:23Z","2024-06-25T13:23Z","Illinois State Water Survey Central Analytical Laboratory",506.0,0.00214,5,"2024-06-26","B",,
"7bf2f7d0-fa91-4ad8-99b2-a6dad757e24d","D02","POSE","POSE.AOS.S2","POSE.SS.20240625.FIL","A00000371209","2024-06-25T13:23Z","2024-06-25T13:23Z","Illinois State Water Survey Central Analytical Laboratory",366.0,0.01714,5,"2024-06-26","A",,
"733e9870-e2e6-4475-b8d9-773e890a104b","D02","POSE","POSE.AOS.S2","POSE.SS.20240625.FIL","A00000371209","2024-06-25T13:23Z","2024-06-25T13:23Z","Illinois State Water Survey Central Analytical Laboratory",434.0,0.00562,5,"2024-06-26","B",,
"6d5a5e86-4e09-4765-a947-9f2b1df982a8","D02","POSE","POSE.AOS.S2","POSE.SS.20240625.FIL","A00000371209","2024-06-25T13:23Z","2024-06-25T13:23Z","Illinois State Water Survey Central Analytical Laboratory",400.0,0.00970,5,"2024-06-26","B",,
"24c62958-8843-45ca-a49c-6791318f2f09","D02","POSE","POSE.AOS.S2","POSE.SS.20240625.FIL","A00000371209","2024-06-25T13:23Z","2024-06-25T13:23Z","Illinois State Water Survey Central Analytical Laboratory",270.0,0.06818,5,"2024-06-26","A",,
"4a029de4-01fd-4382-ad80-effd37ea4116","D02","POSE","POSE.AOS.S2","POSE.SS.20240625.FIL","A00000371209","2024-06-25T13:23Z","2024-06-25T13:23Z","Illinois State Water Survey Central Analytical Laboratory",222.0,0.16680,5,"2024-06-26","A",,
"3bee9ba9-adc6-46a3-a045-65d450002750","D02","POSE","POSE.AOS.S2","POSE.SS.20240625.FIL","A00000371209","2024-06-25T13:23Z","2024-06-25T13:23Z","Illinois State Water Survey Central Analytical Laboratory",460.0,0.00390,5,"2024-06-26","A",,
"bfd26984-e934-4921-9939-f13564d616cf","D02","POSE","POSE.AOS.S2","POSE.SS.20240625.FIL","A00000371209","2024-06-25T13:23Z","2024-06-25T13:23Z","Illinois State Water Survey Central Analytical Laboratory",244.0,0.08844,5,"2024-06-26","A",,
"c7f5c257-7c0e-41e0-8e41-171ce68def07","D02","POSE","POSE.AOS.S2","POSE.SS.20240625.FIL","A00000371209","2024-06-25T13:23Z","2024-06-25T13:23Z","Illinois State Water Survey Central Analytical Laboratory",260.0,0.07552,5,"2024-06-26","A",,
"43a7b9aa-0a54-4637-96c4-ecfc03cae677","D02","POSE","POSE.AOS.S2","POSE.SS.20240625.FIL","A00000371209","2024-06-25T13:23Z","2024-06-25T13:23Z","Illinois State Water Survey Central Analytical Laboratory",536.0,0.00148,5,"2024-06-26","B",,
"c4706525-5575-43ea-b6aa-65e612bf9d31","D02","POSE","POSE.AOS.S2","POSE.SS.20240625.FIL","A00000371209","2024-06-25T13:23Z","2024-06-25T13:23Z","Illinois State Water Survey Central Analytical Laboratory",304.0,0.04356,5,"2024-06-26","B",,
"322dbb92-62a3-4f1d-88ad-41eaf0d65746","D02","POSE","POSE.AOS.S2","POSE.SS.20240625.FIL","A00000371209","2024-06-25T13:23Z","2024-06-25T13:23Z","Illinois State Water Survey Central Analytical Laboratory",456.0,0.00400,5,"2024-06-26","B",,
"bfd1fd6f-64b9-4c56-b5f5-39d69c0f4fa4","D02","POSE","POSE.AOS.S2","POSE.SS.20240625.FIL","A00000371209","2024-06-25T13:23Z","2024-06-25T13:23Z","Illinois State Water Survey Central Analytical Laboratory",514.0,0.00202,5,"2024-06-26","A",,
"f7c2d1ac-5bd4-4290-a6e7-bc228fb358e7","D02","POSE","POSE.AOS.S2","POSE.SS.20240625.FIL","A00000371209","2024-06-25T13:23Z","2024-06-25T13:23Z","Illinois State Water Survey Central Analytical Laboratory",574.0,0.00108,5,"2024-06-26","B",,
"e9052ab5-31e0-47c2-9bd6-8591fe9dcfce","D02","POSE","POSE.AOS.S2","POSE.SS.20240625.FIL","A00000371209","2024-06-25T13:23Z","2024-06-25T13:23Z","Illinois State Water Survey Central Analytical Laboratory",516.0,0.00192,5,"2024-06-26","B",,
"c81ec331-4a3c-4750-9ae3-05f908c812ad","D02","POSE","POSE.AOS.S2","POSE.SS.20240625.FIL","A00000371209","2024-06-25T13:23Z","2024-06-25T13:23Z","Illinois State Water Survey Central Analytical Laboratory",554.0,0.00122,5,"2024-06-26","B",,
"1041c883-9d45-468f-b5ef-130253ab31f2","D02","POSE","POSE.AOS.S2","POSE.SS.20240625.FIL","A00000371209","2024-06-25T13:23Z","2024-06-25T13:23Z","Illinois State Water Survey Central Analytical Laboratory",330.0,0.03010,5,"2024-06-26","A",,
"f53f68e8-4a31-44fc-91bf-3a2339bdd539","D02","POSE","POSE.AOS.S2","POSE.SS.20240625.FIL","A00000371209","2024-06-25T13:23Z","2024-06-25T13:23Z","Illinois State Water Survey Central Analytical Laboratory",282.0,0.05912,5,"2024-06-26","B",,
"1a9f5139-2f8f-49b4-a981-eab89eac7a31","D02","POSE","POSE.AOS.S2","POSE.SS.20240625.FIL","A00000371209","2024-06-25T13:23Z","2024-06-25T13:23Z","Illinois State Water Survey Central Analytical Laboratory",522.0,0.00176,5,"2024-06-26","B",,
"a944946c-a357-4da8-8087-0d107e7d6171","D02","POSE","POSE.AOS.S2","POSE.SS.20240625.FIL","A00000371209","2024-06-25T13:23Z","2024-06-25T13:23Z","Illinois State Water Survey Central Analytical Laboratory",282.0,0.05918,5,"2024-06-26","A",,
"c55858c8-521a-4ede-b3ba-ab32af8adf81","D02","POSE","POSE.AOS.S2","POSE.SS.20240625.FIL","A00000371209","2024-06-25T13:23Z","2024-06-25T13:23Z","Illinois State Water Survey Central Analytical Laboratory",432.0,0.00580,5,"2024-06-26","B",,
"2e4f27ed-3999-41df-9b5d-e4fa659c068c","D02","POSE","POSE.AOS.S2","POSE.SS.20240625.FIL","A00000371209","2024-06-25T13:23Z","2024-06-25T13:23Z","Illinois State Water Survey Central Analytical Laboratory",374.0,0.01494,5,"2024-06-26","B",,
"f3549e3e-8a73-4dfc-8443-6e32ab001fe4","D02","POSE","POSE.AOS.S2","POSE.SS.20240625.FIL","A00000371209","2024-06-25T13:23Z","2024-06-25T13:23Z","Illinois State Water Survey Central Analytical Laboratory",590.0,0.00094,5,"2024-06-26","B",,
"e42524f9-7dc5-4b86-8032-0afbb90f4665","D02","POSE","POSE.AOS.S2","POSE.SS.20240625.FIL","A00000371209","2024-06-25T13:23Z","2024-06-25T13:23Z","Illinois State Water Survey Central Analytical Laboratory",598.0,0.00084,5,"2024-06-26","B",,
"c6328730-a48a-47a1-841d-cec7775fdce5","D02","POSE","POSE.AOS.S2","POSE.SS.20240625.FIL","A00000371209","2024-06-25T13:23Z","2024-06-25T13:23Z","Illinois State Water Survey Central Analytical Laboratory",488.0,0.00280,5,"2024-06-26","A",,
"e072c673-835b-4e80-b3c2-2720fda12e80","D02","POSE","POSE.AOS.S2","POSE.SS.20240625.FIL","A00000371209","2024-06-25T13:23Z","2024-06-25T13:23Z","Illinois State Water Survey Central Analytical Laboratory",454.0,0.00424,5,"2024-06-26","A",,
"88007e15-c2b7-42f8-bc15-fa4548d4ac57","D02","POSE","POSE.AOS.S2","POSE.SS.20240625.FIL","A00000371209","2024-06-25T13:23Z","2024-06-25T13:23Z","Illinois State Water Survey Central Analytical Laboratory",254.0,0.07968,5,"2024-06-26","A",,
"4d7c1e10-cc6d-4771-b850-fb4948a595a5","D02","POSE","POSE.AOS.S2","POSE.SS.20240625.FIL","A00000371209","2024-06-25T13:23Z","2024-06-25T13:23Z","Illinois State Water Survey Central Analytical Laboratory",508.0,0.00214,5,"2024-06-26","B",,
"fb77600b-267e-4881-ad2c-3705456a8287","D02","POSE","POSE.AOS.S2","POSE.SS.20240625.FIL","A00000371209","2024-06-25T13:23Z","2024-06-25T13:23Z","Illinois State Water Survey Central Analytical Laboratory",592.0,0.00094,5,"2024-06-26","B",,
"98ba91fd-8c52-40b7-b967-18c008159bed","D02","POSE","POSE.AOS.S2","POSE.SS.20240625.FIL","A00000371209","2024-06-25T13:23Z","2024-06-25T13:23Z","Illinois State Water Survey Central Analytical Laboratory",372.0,0.01552,5,"2024-06-26","A",,
