uid,domainID,siteID,namedLocation,sampleID,sampleCode,startDate,collectDate,laboratoryName,wavelength,decadicAbsorbance,cuvetteLength,analysisDate,spectrumReplicateID,remarks,dataQF
"87d79a8d-5b26-4f19-bfca-fa5abccf79b0","D16","MCRA","MCRA.AOS.S2","MCRA.SS.20240515.FIL","A00000296977","2024-05-15T15:08Z","2024-05-15T15:08Z","Illinois State Water Survey Central Analytical Laboratory",598.0,0.00018,5,"2024-05-17","B",,
"7e4dec2a-2e8e-4744-95f6-b49be7decee3","D16","MCRA","MCRA.AOS.S2","MCRA.SS.20240515.FIL","A00000296977","2024-05-15T15:08Z","2024-05-15T15:08Z","Illinois State Water Survey Central Analytical Laboratory",366.0,0.00206,5,"2024-05-17","A",,
"adb92b1f-93fa-4d2c-9d32-52ba6be3c22d","D16","MCRA","MCRA.AOS.S2","MCRA.SS.20240515.FIL","A00000296977","2024-05-15T15:08Z","2024-05-15T15:08Z","Illinois State Water Survey Central Analytical Laboratory",592.0,0.00020,5,"2024-05-17","A",,
"ee14dcea-efe6-43a8-ae48-b0e5889370b6","D16","MCRA","MCRA.AOS.S2","MCRA.SS.20240515.FIL","A00000296977","2024-05-15T15:08Z","2024-05-15T15:08Z","Illinois State Water Survey Central Analytical Laboratory",532.0,0.00026,5,"2024-05-17","A",,
"a3b9c270-f53a-4b2a-99dd-9b8d7d4c5493","D16","MCRA","MCRA.AOS.S2","MCRA.SS.20240515.FIL","A00000296977","2024-05-15T15:08Z","2024-05-15T15:08Z","Illinois State Water Survey Central Analytical Laboratory",348.0,0.00284,5,"2024-05-17","B",,
"605d9460-b10c-457d-8721-daccca6d809f","D16","MCRA","MCRA.AOS.S2","MCRA.SS.20240515.FIL","A00000296977","2024-05-15T15:08Z","2024-05-15T15:08Z","Illinois State Water Survey Central Analytical Laboratory",252.0,0.01082,5,"2024-05-17","B",,
"cf56869e-76b6-42b1-b072-478ca4a91efd","D16","MCRA","MCRA.AOS.S2","MCRA.SS.20240515.FIL","A00000296977","2024-05-15T15:08Z","2024-05-15T15:08Z","Illinois State Water Survey Central Analytical Laboratory",226.0,0.01726,5,"2024-05-17","B",,
"1fd0a3ec-b70b-4e9b-9aed-1963bb1c3992","D16","MCRA","MCRA.AOS.S2","MCRA.SS.20240515.FIL","A00000296977","2024-05-15T15:08Z","2024-05-15T15:08Z","Illinois State Water Survey Central Analytical Laboratory",322.0,0.00446,5,"2024-05-17","B",,
"f84b2cf4-22a4-4c99-86d7-e531838446cc","D16","MCRA","MCRA.AOS.S2","MCRA.SS.20240515.FIL","A00000296977","2024-05-15T15:08Z","2024-05-15T15:08Z","Illinois State Water Survey Central Analytical Laboratory",298.0,0.00628,5,"2024-05-17","B",,
"607b9899-ef08-4fac-b4cb-8f7fe580a3f3","D16","MCRA","MCRA.AOS.S2","MCRA.SS.20240515.FIL","A00000296977","2024-05-15T15:08Z","2024-05-15T15:08Z","Illinois State Water Survey Central Analytical Laboratory",298.0,0.00624,5,"2024-05-17","A",,
"65006d5c-0e0a-4d57-9bfa-a0da0599fa91","D16","MCRA","MCRA.AOS.S2","MCRA.SS.20240515.FIL","A00000296977","2024-05-15T15:08Z","2024-05-15T15:08Z","Illinois State Water Survey Central Analytical Laboratory",228.0,0.01624,5,"2024-05-17","B",,
"e165081c-d37d-4c97-9848-aea5647bc4b9","D16","MCRA","MCRA.AOS.S2","MCRA.SS.20240515.FIL","A00000296977","2024-05-15T15:08Z","2024-05-15T15:08Z","Illinois State Water Survey Central Analytical Laboratory",442.0,0.00088,5,"2024-05-17","A",,
"854f9cb1-5b58-4608-a3d3-1ef5f149aa53","D16","MCRA","MCRA.AOS.S2","MCRA.SS.20240515.FIL","A00000296977","2024-05-15T15:08Z","2024-05-15T15:08Z","Illinois State Water Survey Central Analytical Laboratory",582.0,0.00030,5,"2024-05-17","B",,
"e1c88b61-21eb-466d-ba46-4a51aa13935e","D16","MCRA","MCRA.AOS.S2","MCRA.SS.20240515.FIL","A00000296977","2024-05-15T15:08Z","2024-05-15T15:08Z","Illinois State Water Survey Central Analytical Laboratory",442.0,0.00078,5,"2024-05-17","B",,
"58ed2df3-cf95-446a-8edc-8c9582857532","D16","MCRA","MCRA.AOS.S2","MCRA.SS.20240515.FIL","A00000296977","2024-05-15T15:08Z","2024-05-15T15:08Z","Illinois State Water Survey Central Analytical Laboratory",278.0,0.00832,5,"2024-05-17","A",,
"6036e199-9870-4e6b-a08b-0862760bcaac","D16","MCRA","MCRA.AOS.S2","MCRA.SS.20240515.FIL","A00000296977","2024-05-15T15:08Z","2024-05-15T15:08Z","Illinois State Water Survey Central Analytical Laboratory",222.0,0.01968,5,"2024-05-17","B",,
"77d48ca2-8503-45bc-8216-dbffe95c0548","D16","MCRA","MCRA.AOS.S2","MCRA.SS.20240515.FIL","A00000296977","2024-05-15T15:08Z","2024-05-15T15:08Z","Illinois State Water Survey Central Analytical Laboratory",598.0,0.00016,5,"2024-05-17","A",,
"84af6641-4146-4438-9989-0b3061efb756","D16","MCRA","MCRA.AOS.S2","MCRA.SS.20240515.FIL","A00000296977","2024-05-15T15:08Z","2024-05-15T15:08Z","Illinois State Water Survey Central Analytical Laboratory",462.0,0.00064,5,"2024-05-17","A",,
"e1845019-3347-413d-b983-ba610b37d8f6","D16","MCRA","MCRA.AOS.S2","MCRA.SS.20240515.FIL","A00000296977","2024-05-15T15:08Z","2024-05-15T15:08Z","Illinois State Water Survey Central Analytical Laboratory",594.0,0.00022,5,"2024-05-17","A",,
"cbf6b37e-ff3c-4877-9c2c-37bace28f9b7","D16","MCRA","MCRA.AOS.S2","MCRA.SS.20240515.FIL","A00000296977","2024-05-15T15:08Z","2024-05-15T15:08Z","Illinois State Water Survey Central Analytical Laboratory",576.0,0.00028,5,"2024-05-17","A",,
"df4ff8e4-f8ea-47da-8cef-0fb6bc4ac2f5","D16","MCRA","MCRA.AOS.S2","MCRA.SS.20240515.FIL","A00000296977","2024-05-15T15:08Z","2024-05-15T15:08Z","Illinois State Water Survey Central Analytical Laboratory",382.0,0.00162,5,"2024-05-17","B",,
"57e017d3-13e9-40fe-84cc-d9b1dfc2e436","D16","MCRA","MCRA.AOS.S2","MCRA.SS.20240515.FIL","A00000296977","2024-05-15T15:08Z","2024-05-15T15:08Z","Illinois State Water Survey Central Analytical Laboratory",588.0,0.00024,5,"2024-05-17","A",,
"2c075184-3f93-4afc-a381-a9d5511f7f2a","D16","MCRA","MCRA.AOS.S2","MCRA.SS.20240515.FIL","A00000296977","2024-05-15T15:08Z","2024-05-15T15:08Z","Illinois State Water Survey Central Analytical Laboratory",506.0,0.00026,5,"2024-05-17","A",,
"23061f54-ba88-4291-9aa1-ee30271505b5","D16","MCRA","MCRA.AOS.S2","MCRA.SS.20240515.FIL","A00000296977","2024-05-15T15:08Z","2024-05-15T15:08Z","Illinois State Water Survey Central Analytical Laboratory",452.0,0.00052,5,"2024-05-17","B",,
"6e26e10b-be2c-478b-9a5c-167904b012c3","D16","MCRA","MCRA.AOS.S2","MCRA.SS.20240515.FIL","A00000296977","2024-05-15T15:08Z","2024-05-15T15:08Z","Illinois State Water Survey Central Analytical Laboratory",282.0,0.00792,5,"2024-05-17","A",,
"573959cf-4a98-4942-b61c-acc446f4685d","D16","MCRA","MCRA.AOS.S2","MCRA.SS.20240515.FIL","A00000296977","2024-05-15T15:08Z","2024-05-15T15:08Z","Illinois State Water Survey Central Analytical Laboratory",314.0,0.00500,5,"2024-05-17","A",,
"111c2cef-dbba-47af-905d-1fc9d246f3f7","D16","MCRA","MCRA.AOS.S2","MCRA.SS.20240515.FIL","A00000296977","2024-05-15T15:08Z","2024-05-15T15:08Z","Illinois State Water Survey Central Analytical Laboratory",538.0,0.00030,5,"2024-05-17","B",,
"d370fd5b-ac76-4717-8caa-d084159153ec","D16","MCRA","MCRA.AOS.S2","MCRA.SS.20240515.FIL","A00000296977","2024-05-15T15:08Z","2024-05-15T15:08Z","Illinois State Water Survey Central Analytical Laboratory",438.0,0.00078,5,"2024-05-17","B",,
"f4c1aa2b-0ae9-4d2a-9e3d-7c350b069008","D16","MCRA","MCRA.AOS.S2","MCRA.SS.20240515.FIL","A00000296977","2024-05-15T15:08Z","2024-05-15T15:08Z","Illinois State Water Survey Central Analytical Laboratory",326.0,0.00418,5,"2024-05-17","B",,
"1c062f37-6c9d-4605-bf88-3214b17e6293","D16","MCRA","MCRA.AOS.S2","MCRA.SS.20240515.FIL","A00000296977","2024-05-15T15:08Z","2024-05-15T15:08Z","Illinois State Water Survey Central Analytical Laboratory",350.0,0.00268,5,"2024-05-17","A",,
"5823d246-ad02-4c3e-a3f1-ee4bf8619f58","D16","MCRA","MCRA.AOS.S2","MCRA.SS.20240515.FIL","A00000296977","2024-05-15T15:08Z","2024-05-15T15:08Z","Illinois State Water Survey Central Analytical Laboratory",340.0,0.00318,5,"2024-05-17","A",,
"fa7ca5ae-cf2e-4c8a-88e9-1e751f9807f8","D16","MCRA","MCRA.AOS.S2","MCRA.SS.20240515.FIL","A00000296977","2024-05-15T15:08Z","2024-05-15T15:08Z","Illinois State Water Survey Central Analytical Laboratory",490.0,0.00042,5,"2024-05-17","B",,
"b4d9c729-13e3-44b7-b520-ebb2ac202ec5","D16","MCRA","MCRA.AOS.S2","MCRA.SS.20240515.FIL","A00000296977","2024-05-15T15:08Z","2024-05-15T15:08Z","Illinois State Water Survey Central Analytical Laboratory",592.0,0.00026,5,"2024-05-17","B",,
"e8836c09-cfe8-44b6-8109-f3a84b372c88","D16","MCRA","MCRA.AOS.S2","MCRA.SS.20240515.FIL","A00000296977","2024-05-15T15:08Z","2024-05-15T15:08Z","Illinois State Water Survey Central Analytical Laboratory",322.0,0.00446,5,"2024-05-17","A",,
"87c77f75-c426-45b3-89e6-4754f3c4d6d9","D16","MCRA","MCRA.AOS.S2","MCRA.SS.20240515.FIL","A00000296977","2024-05-15T15:08Z","2024-05-15T15:08Z","Illinois State Water Survey Central Analytical Laboratory",496.0,0.00038,5,"2024-05-17","B",,
"44aa1a01-cc31-46fb-ad8d-1abe888c07c7","D16","MCRA","MCRA.AOS.S2","MCRA.SS.20240515.FIL","A00000296977","2024-05-15T15:08Z","2024-05-15T15:08Z","Illinois State Water Survey Central Analytical Laboratory",418.0,0.00100,5,"2024-05-17","B",,
"babe8ef7-54fa-47c1-ab04-b884371d323d","D16","MCRA","MCRA.AOS.S2","MCRA.SS.20240515.FIL","A00000296977","2024-05-15T15:08Z","2024-05-15T15:08Z","Illinois State Water Survey Central Analytical Laboratory",332.0,0.00366,5,"2024-05-17","A",,
"ee5e15d1-d13d-48bf-951f-808e74e6a506","D16","MCRA","MCRA.AOS.S2","MCRA.SS.20240515.FIL","A00000296977","2024-05-15T15:08Z","2024-05-15T15:08Z","Illinois State Water Survey Central Analytical Laboratory",378.0,0.00182,5,"2024-05-17","B",,
"a86b6e9d-ae42-4af7-8cf1-e45c25a8fd30","D16","MCRA","MCRA.AOS.S2","MCRA.SS.20240515.FIL","A00000296977","2024-05-15T15:08Z","2024-05-15T15:08Z","Illinois State Water Survey Central Analytical Laboratory",502.0,0.00032,5,"2024-05-17","A",,
"954a3805-2fc4-42e6-972b-6c8b90531611","D16","MCRA","MCRA.AOS.S2","MCRA.SS.20240515.FIL","A00000296977","2024-05-15T15:08Z","2024-05-15T15:08Z","Illinois State Water Survey Central Analytical Laboratory",452.0,0.00066,5,"2024-05-17","A",,
"60c52d6d-438f-4f35-b07a-57770df65e13","D16","MCRA","MCRA.AOS.S2","MCRA.SS.20240515.FIL","A00000296977","2024-05-15T15:08Z","2024-05-15T15:08Z","Illinois State Water Survey Central Analytical Laboratory",294.0,0.00660,5,"2024-05-17","A",,
"624ee56d-1ee0-4b96-a708-9a5e3724253e","D16","MCRA","MCRA.AOS.S2","MCRA.SS.20240515.FIL","A00000296977","2024-05-15T15:08Z","2024-05-15T15:08Z","Illinois State Water Survey Central Analytical Laboratory",520.0,0.00026,5,"2024-05-17","A",,
"d0c1c7cf-517f-4331-bf49-217b4b52136c","D16","MCRA","MCRA.AOS.S2","MCRA.SS.20240515.FIL","A00000296977","2024-05-15T15:08Z","2024-05-15T15:08Z","Illinois State Water Survey Central Analytical Laboratory",400.0,0.00120,5,"2024-05-17","B",,
"8a7e24e7-4aca-445b-9873-12e0892d4c9e","D16","MCRA","MCRA.AOS.S2","MCRA.SS.20240515.FIL","A00000296977","2024-05-15T15:08Z","2024-05-15T15:08Z","Illinois State Water Survey Central Analytical Laboratory",584.0,0.00028,5,"2024-05-17","B",,
"23cdd730-6e3e-44fa-bb02-c069083de9cd","D16","MCRA","MCRA.AOS.S2","MCRA.SS.20240515.FIL","A00000296977","2024-05-15T15:08Z","2024-05-15T15:08Z","Illinois State Water Survey Central Analytical Laboratory",474.0,0.00044,5,"2024-05-17","B",,
"d70af222-ed4e-42eb-a73b-3deceff4799e","D16","MCRA","MCRA.AOS.S2","MCRA.SS.20240515.FIL","A00000296977","2024-05-15T15:08Z","2024-05-15T15:08Z","Illinois State Water Survey Central Analytical Laboratory",528.0,0.00032,5,"2024-05-17","A",,
"80c8cd39-df25-4d6d-acba-d6fb4db83014","D16","MCRA","MCRA.AOS.S2","MCRA.SS.20240515.FIL","A00000296977","2024-05-15T15:08Z","2024-05-15T15:08Z","Illinois State Water Survey Central Analytical Laboratory",436.0,0.00076,5,"2024-05-17","A",,
"90e646bc-c290-4b99-af71-02468b40f75f","D16","MCRA","MCRA.AOS.S2","MCRA.SS.20240515.FIL","A00000296977","2024-05-15T15:08Z","2024-05-15T15:08Z","Illinois State Water Survey Central Analytical Laboratory",584.0,0.00020,5,"2024-05-17","A",,
"39c7bb8f-67e1-4d69-84b6-26e0bce3c84f","D16","MCRA","MCRA.AOS.S2","MCRA.SS.20240515.FIL","A00000296977","2024-05-15T15:08Z","2024-05-15T15:08Z","Illinois State Water Survey Central Analytical Laboratory",562.0,0.00050,5,"2024-05-17","B",,
"5d9ab71e-a2a3-4138-b85b-f30a32a6ddc3","D16","MCRA","MCRA.AOS.S2","MCRA.SS.20240515.FIL","A00000296977","2024-05-15T15:08Z","2024-05-15T15:08Z","Illinois State Water Survey Central Analytical Laboratory",392.0,0.00156,5,"2024-05-17","A",,
"86907dbc-9003-428b-8d39-9f402da7592f","D16","MCRA","MCRA.AOS.S2","MCRA.SS.20240515.FIL","A00000296977","2024-05-15T15:08Z","2024-05-15T15:08Z","Illinois State Water Survey Central Analytical Laboratory",558.0,0.00044,5,"2024-05-17","B",,
"4a449cb9-3664-403e-a1a0-57aa1c90a1d6","D16","MCRA","MCRA.AOS.S2","MCRA.SS.20240515.FIL","A00000296977","2024-05-15T15:08Z","2024-05-15T15:08Z","Illinois State Water Survey Central Analytical Laboratory",334.0,0.00362,5,"2024-05-17","B",,
"62ab5ef8-1ed4-4f42-b8cb-0e5ea37df68f","D16","MCRA","MCRA.AOS.S2","MCRA.SS.20240515.FIL","A00000296977","2024-05-15T15:08Z","2024-05-15T15:08Z","Illinois State Water Survey Central Analytical Laboratory",534.0,0.00034,5,"2024-05-17","B",,
"5b8820c3-4eb4-45af-8625-484f2676ff38","D16","MCRA","MCRA.AOS.S2","MCRA.SS.20240515.FIL","A00000296977","2024-05-15T15:08Z","2024-05-15T15:08Z","Illinois State Water Survey Central Analytical Laboratory",318.0,0.00470,5,"2024-05-17","A",,
"d335f7c6-2f1c-4c40-b816-5fca357633c8","D16","MCRA","MCRA.AOS.S2","MCRA.SS.20240515.FIL","A00000296977","2024-05-15T15:08Z","2024-05-15T15:08Z","Illinois State Water Survey Central Analytical Laboratory",476.0,0.00042,5,"2024-05-17","B",,
"d7b99e96-4aad-4dd1-8ca3-9651045bff97","D16","MCRA","MCRA.AOS.S2","MCRA.SS.20240515.FIL","A00000296977","2024-05-15T15:08Z","2024-05-15T15:08Z","Illinois State Water Survey Central Analytical Laboratory",440.0,0.00080,5,"2024-05-17","B",,
"93ad4063-1fe6-4919-beec-c9fa1ec24545","D16","MCRA","MCRA.AOS.S2","MCRA.SS.20240515.FIL","A00000296977","2024-05-15T15:08Z","2024-05-15T15:08Z","Illinois State Water Survey Central Analytical Laboratory",596.0,0.00018,5,"2024-05-17","A",,
"859a49c7-686e-4301-9db9-faabdf220337","D16","MCRA","MCRA.AOS.S2","MCRA.SS.20240515.FIL","A00000296977","2024-05-15T15:08Z","2024-05-15T15:08Z","Illinois State Water Survey Central Analytical Laboratory",522.0,0.00028,5,"2024-05-17","A",,
"b94c4d29-824d-4d0c-a325-5690880d199e","D16","MCRA","MCRA.AOS.S2","MCRA.SS.20240515.FIL","A00000296977","2024-05-15T15:08Z","2024-05-15T15:08Z","Illinois State Water Survey Central Analytical Laboratory",478.0,0.00040,5,"2024-05-17","B",,
"53fa6a32-8e89-4389-bde0-d3055b253079","D16","MCRA","MCRA.AOS.S2","MCRA.SS.20240515.FIL","A00000296977","2024-05-15T15:08Z","2024-05-15T15:08Z","Illinois State Water Survey Central Analytical Laboratory",272.0,0.00892,5,"2024-05-17","B",,
"42425c8a-fbab-4deb-89a0-d2c7ffdd5e6f","D16","MCRA","MCRA.AOS.S2","MCRA.SS.20240515.FIL","A00000296977","2024-05-15T15:08Z","2024-05-15T15:08Z","Illinois State Water Survey Central Analytical Laboratory",346.0,0.00296,5,"2024-05-17","B",,
"c4ce7142-5abd-46dc-a8fd-e171d380f81e","D16","MCRA","MCRA.AOS.S2","MCRA.SS.20240515.FIL","A00000296977","2024-05-15T15:08Z","2024-05-15T15:08Z","Illinois State Water Survey Central Analytical Laboratory",548.0,0.00032,5,"2024-05-17","A",,
"d81c6357-f45c-4007-9afc-537ff44afebf","D16","MCRA","MCRA.AOS.S2","MCRA.SS.20240515.FIL","A00000296977","2024-05-15T15:08Z","2024-05-15T15:08Z","Illinois State Water Survey Central Analytical Laboratory",402.0,0.00118,5,"2024-05-17","A",,
"74bdfc1a-4d83-4fac-94e4-f5693645d5e5","D16","MCRA","MCRA.AOS.S2","MCRA.SS.20240515.FIL","A00000296977","2024-05-15T15:08Z","2024-05-15T15:08Z","Illinois State Water Survey Central Analytical Laboratory",518.0,0.00032,5,"2024-05-17","B",,
"1f350010-3980-4e41-a179-28138b89929f","D16","MCRA","MCRA.AOS.S2","MCRA.SS.20240515.FIL","A00000296977","2024-05-15T15:08Z","2024-05-15T15:08Z","Illinois State Water Survey Central Analytical Laboratory",546.0,0.00032,5,"2024-05-17","A",,
"0212b3a7-3c6b-4646-912a-3e6313c11738","D16","MCRA","MCRA.AOS.S2","MCRA.SS.20240515.FIL","A00000296977","2024-05-15T15:08Z","2024-05-15T15:08Z","Illinois State Water Survey Central Analytical Laboratory",250.0,0.01110,5,"2024-05-17","B",,
"1382b542-255e-45d6-b867-41b27bfb731b","D16","MCRA","MCRA.AOS.S2","MCRA.SS.20240515.FIL","A00000296977","2024-05-15T15:08Z","2024-05-15T15:08Z","Illinois State Water Survey Central Analytical Laboratory",504.0,0.00040,5,"2024-05-17","B",,
"3e4cd83c-f763-4d1b-b1cc-52a71000a9af","D16","MCRA","MCRA.AOS.S2","MCRA.SS.20240515.FIL","A00000296977","2024-05-15T15:08Z","2024-05-15T15:08Z","Illinois State Water Survey Central Analytical Laboratory",396.0,0.00132,5,"2024-05-17","B",,
"0eca79ea-67f6-48bb-8ea2-a5002f8bcfe0","D16","MCRA","MCRA.AOS.S2","MCRA.SS.20240515.FIL","A00000296977","2024-05-15T15:08Z","2024-05-15T15:08Z","Illinois State Water Survey Central Analytical Laboratory",564.0,0.00040,5,"2024-05-17","A",,
"8a7feea1-4dec-44f3-ad69-691533729445","D16","MCRA","MCRA.AOS.S2","MCRA.SS.20240515.FIL","A00000296977","2024-05-15T15:08Z","2024-05-15T15:08Z","Illinois State Water Survey Central Analytical Laboratory",312.0,0.00508,5,"2024-05-17","A",,
"2b79504c-a4b6-4a8e-9d6f-64bcc3bf7604","D16","MCRA","MCRA.AOS.S2","MCRA.SS.20240515.FIL","A00000296977","2024-05-15T15:08Z","2024-05-15T15:08Z","Illinois State Water Survey Central Analytical Laboratory",384.0,0.00156,5,"2024-05-17","A",,
"26bce589-fbfd-4735-8e89-f2cfd3e35ddf","D16","MCRA","MCRA.AOS.S2","MCRA.SS.20240515.FIL","A00000296977","2024-05-15T15:08Z","2024-05-15T15:08Z","Illinois State Water Survey Central Analytical Laboratory",362.0,0.00226,5,"2024-05-17","B",,
"d163f079-7f8b-4ba5-a09c-1546dc1b39ce","D16","MCRA","MCRA.AOS.S2","MCRA.SS.20240515.FIL","A00000296977","2024-05-15T15:08Z","2024-05-15T15:08Z","Illinois State Water Survey Central Analytical Laboratory",284.0,0.00772,5,"2024-05-17","B",,
"77234bc8-84e9-46f4-90c6-0f74596a8bb4","D16","MCRA","MCRA.AOS.S2","MCRA.SS.20240515.FIL","A00000296977","2024-05-15T15:08Z","2024-05-15T15:08Z","Illinois State Water Survey Central Analytical Laboratory",358.0,0.00248,5,"2024-05-17","B",,
"0c2c8c40-a823-4281-81cc-a50a0edfb0e9","D16","MCRA","MCRA.AOS.S2","MCRA.SS.20240515.FIL","A00000296977","2024-05-15T15:08Z","2024-05-15T15:08Z","Illinois State Water Survey Central Analytical Laboratory",478.0,0.00048,5,"2024-05-17","A",,
"4678cbf4-b630-4862-af81-78144e3f89ad","D16","MCRA","MCRA.AOS.S2","MCRA.SS.20240515.FIL","A00000296977","2024-05-15T15:08Z","2024-05-15T15:08Z","Illinois State Water Survey Central Analytical Laboratory",544.0,0.00034,5,"2024-05-17","A",,
"ed7301f5-0f9a-4d4e-a8bd-9e8147c018c2","D16","MCRA","MCRA.AOS.S2","MCRA.SS.20240515.FIL","A00000296977","2024-05-15T15:08Z","2024-05-15T15:08Z","Illinois State Water Survey Central Analytical Laboratory",290.0,0.00704,5,"2024-05-17","A",,
"68d00932-ff5b-4ac0-b8fd-49d98169927c","D16","MCRA","MCRA.AOS.S2","MCRA.SS.20240515.FIL","A00000296977","2024-05-15T15:08Z","2024-05-15T15:08Z","Illinois State Water Survey Central Analytical Laboratory",392.0,0.00148,5,"2024-05-17","B",,
"ee66cd83-5bb1-4da4-9aeb-47e6077a98c7","D16","MCRA","MCRA.AOS.S2","MCRA.SS.20240515.FIL","A00000296977","2024-05-15T15:08Z","2024-05-15T15:08Z","Illinois State Water Survey Central Analytical Laboratory",330.0,0.00380,5,"2024-05-17","A",,
"f2ed7514-3088-4316-bfec-75876c28b50e","D16","MCRA","MCRA.AOS.S2","MCRA.SS.20240515.FIL","A00000296977","2024-05-15T15:08Z","2024-05-15T15:08Z","Illinois State Water Survey Central Analytical Laboratory",574.0,0.00028,5,"2024-05-17","A",,
"3ac3792f-630d-440e-9c12-ce378b390920","D16","MCRA","MCRA.AOS.S2","MCRA.SS.20240515.FIL","A00000296977","2024-05-15T15:08Z","2024-05-15T15:08Z","Illinois State Water Survey Central Analytical Laboratory",424.0,0.00096,5,"2024-05-17","B",,
"bbf5eb7c-07d1-4076-9244-fb9a8d42c0a8","D16","MCRA","MCRA.AOS.S2","MCRA.SS.20240515.FIL","A00000296977","2024-05-15T15:08Z","2024-05-15T15:08Z","Illinois State Water Survey Central Analytical Laboratory",410.0,0.00108,5,"2024-05-17","A",,
"7ae2182c-37a6-4830-b1e3-428277ea52b8","D16","MCRA","MCRA.AOS.S2","MCRA.SS.20240515.FIL","A00000296977","2024-05-15T15:08Z","2024-05-15T15:08Z","Illinois State Water Survey Central Analytical Laboratory",248.0,0.01130,5,"2024-05-17","A",,
"6ba6ad6d-313b-4aa3-8c61-a84f79d8df02","D16","MCRA","MCRA.AOS.S2","MCRA.SS.20240515.FIL","A00000296977","2024-05-15T15:08Z","2024-05-15T15:08Z","Illinois State Water Survey Central Analytical Laboratory",432.0,0.00080,5,"2024-05-17","B",,
"bdcbba0b-ea68-4dce-b4f1-44b367e2dc8e","D16","MCRA","MCRA.AOS.S2","MCRA.SS.20240515.FIL","A00000296977","2024-05-15T15:08Z","2024-05-15T15:08Z","Illinois State Water Survey Central Analytical Laboratory",286.0,0.00750,5,"2024-05-17","B",,
"21df14d6-9fe9-49e2-9130-4e0167e68956","D16","MCRA","MCRA.AOS.S2","MCRA.SS.20240515.FIL","A00000296977","2024-05-15T15:08Z","2024-05-15T15:08Z","Illinois State Water Survey Central Analytical Laboratory",562.0,0.00040,5,"2024-05-17","A",,
"7f839b21-bce3-4c1b-896d-cabbc6e0f3f2","D16","MCRA","MCRA.AOS.S2","MCRA.SS.20240515.FIL","A00000296977","2024-05-15T15:08Z","2024-05-15T15:08Z","Illinois State Water Survey Central Analytical Laboratory",246.0,0.01158,5,"2024-05-17","B",,
"b9e0aac4-9fc5-493c-a1e6-3fb1a24ebdbd","D16","MCRA","MCRA.AOS.S2","MCRA.SS.20240515.FIL","A00000296977","2024-05-15T15:08Z","2024-05-15T15:08Z","Illinois State Water Survey Central Analytical Laboratory",280.0,0.00812,5,"2024-05-17","B",,
"b7ed5cbd-867b-41db-8506-8784998c1829","D16","MCRA","MCRA.AOS.S2","MCRA.SS.20240515.FIL","A00000296977","2024-05-15T15:08Z","2024-05-15T15:08Z","Illinois State Water Survey Central Analytical Laboratory",472.0,0.00046,5,"2024-05-17","B",,
"5318265f-68ad-47b1-927d-d298a45e602b","D16","MCRA","MCRA.AOS.S2","MCRA.SS.20240515.FIL","A00000296977","2024-05-15T15:08Z","2024-05-15T15:08Z","Illinois State Water Survey Central Analytical Laboratory",408.0,0.00110,5,"2024-05-17","A",,
"f46ab778-e2a1-4ac6-821d-d717b754e715","D16","MCRA","MCRA.AOS.S2","MCRA.SS.20240515.FIL","A00000296977","2024-05-15T15:08Z","2024-05-15T15:08Z","Illinois State Water Survey Central Analytical Laboratory",390.0,0.00142,5,"2024-05-17","A",,
"35ce7147-bd16-42b0-936e-ac8df5d9c33c","D16","MCRA","MCRA.AOS.S2","MCRA.SS.20240515.FIL","A00000296977","2024-05-15T15:08Z","2024-05-15T15:08Z","Illinois State Water Survey Central Analytical Laboratory",516.0,0.00030,5,"2024-05-17","B",,
"c6b1a65f-d9f9-4cac-854d-3b6cfea27dbf","D16","MCRA","MCRA.AOS.S2","MCRA.SS.20240515.FIL","A00000296977","2024-05-15T15:08Z","2024-05-15T15:08Z","Illinois State Water Survey Central Analytical Laboratory",560.0,0.00042,5,"2024-05-17","B",,
"3e8a90e7-8e1d-435e-b8d7-d26faf94e9a3","D16","MCRA","MCRA.AOS.S2","MCRA.SS.20240515.FIL","A00000296977","2024-05-15T15:08Z","2024-05-15T15:08Z","Illinois State Water Survey Central Analytical Laboratory",376.0,0.00176,5,"2024-05-17","A",,
"e30cf7c3-d19f-468f-bda1-b61697c878a0","D16","MCRA","MCRA.AOS.S2","MCRA.SS.20240515.FIL","A00000296977","2024-05-15T15:08Z","2024-05-15T15:08Z","Illinois State Water Survey Central Analytical Laboratory",256.0,0.01046,5,"2024-05-17","B",,
"29ee8990-8111-44bf-be41-9690febd240e","D16","MCRA","MCRA.AOS.S2","MCRA.SS.20240515.FIL","A00000296977","2024-05-15T15:08Z","2024-05-15T15:08Z","Illinois State Water Survey Central Analytical Laboratory",596.0,0.00022,5,"2024-05-17","B",,
"1619f2c9-882a-4333-a052-f9635663c08a","D16","MCRA","MCRA.AOS.S2","MCRA.SS.20240515.FIL","A00000296977","2024-05-15T15:08Z","2024-05-15T15:08Z","Illinois State Water Survey Central Analytical Laboratory",412.0,0.00098,5,"2024-05-17","B",,
"a3f1baa2-0f90-4852-8e94-9170af337728","D16","MCRA","MCRA.AOS.S2","MCRA.SS.20240515.FIL","A00000296977","2024-05-15T15:08Z","2024-05-15T15:08Z","Illinois State Water Survey Central Analytical Laboratory",268.0,0.00926,5,"2024-05-17","B",,
"451702f2-1070-4a72-a31b-7e2ac273f383","D16","MCRA","MCRA.AOS.S2","MCRA.SS.20240515.FIL","A00000296977","2024-05-15T15:08Z","2024-05-15T15:08Z","Illinois State Water Survey Central Analytical Laboratory",352.0,0.00270,5,"2024-05-17","B",,
"4864518b-4c73-4a02-aeac-368d5cc1da3d","D16","MCRA","MCRA.AOS.S2","MCRA.SS.20240515.FIL","A00000296977","2024-05-15T15:08Z","2024-05-15T15:08Z","Illinois State Water Survey Central Analytical Laboratory",472.0,0.00054,5,"2024-05-17","A",,
"b0e21b4b-86ff-46a4-817b-d52498be1e86","D16","MCRA","MCRA.AOS.S2","MCRA.SS.20240515.FIL","A00000296977","2024-05-15T15:08Z","2024-05-15T15:08Z","Illinois State Water Survey Central Analytical Laboratory",542.0,0.00030,5,"2024-05-17","A",,
"ea28f03b-1f7a-4c98-849e-b47926056873","D16","MCRA","MCRA.AOS.S2","MCRA.SS.20240515.FIL","A00000296977","2024-05-15T15:08Z","2024-05-15T15:08Z","Illinois State Water Survey Central Analytical Laboratory",502.0,0.00036,5,"2024-05-17","B",,
"50b75f11-2908-454e-9dc8-684ea429edea","D16","MCRA","MCRA.AOS.S2","MCRA.SS.20240515.FIL","A00000296977","2024-05-15T15:08Z","2024-05-15T15:08Z","Illinois State Water Survey Central Analytical Laboratory",388.0,0.00148,5,"2024-05-17","B",,
"580ef2d0-db32-4c7d-a958-83055203a3ca","D16","MCRA","MCRA.AOS.S2","MCRA.SS.20240515.FIL","A00000296977","2024-05-15T15:08Z","2024-05-15T15:08Z","Illinois State Water Survey Central Analytical Laboratory",570.0,0.00046,5,"2024-05-17","B",,
"e1eaa17e-74b0-492e-a1ff-52e70cfd0428","D16","MCRA","MCRA.AOS.S2","MCRA.SS.20240515.FIL","A00000296977","2024-05-15T15:08Z","2024-05-15T15:08Z","Illinois State Water Survey Central Analytical Laboratory",500.0,0.00034,5,"2024-05-17","B",,
"5e9d9716-4567-4596-9281-bb02d30d19c0","D16","MCRA","MCRA.AOS.S2","MCRA.SS.20240515.FIL","A00000296977","2024-05-15T15:08Z","2024-05-15T15:08Z","Illinois State Water Survey Central Analytical Laboratory",528.0,0.00038,5,"2024-05-17","B",,
"9de5f4d7-ccef-446f-8344-8fc4816fa870","D16","MCRA","MCRA.AOS.S2","MCRA.SS.20240515.FIL","A00000296977","2024-05-15T15:08Z","2024-05-15T15:08Z","Illinois State Water Survey Central Analytical Laboratory",254.0,0.01068,5,"2024-05-17","B",,
"6f4fa9b3-a06c-446c-9c0a-390ea16f95a8","D16","MCRA","MCRA.AOS.S2","MCRA.SS.20240515.FIL","A00000296977","2024-05-15T15:08Z","2024-05-15T15:08Z","Illinois State Water Survey Central Analytical Laboratory",576.0,0.00036,5,"2024-05-17","B",,
"f08c412e-0a66-46cf-b285-5a290d9e28ef","D16","MCRA","MCRA.AOS.S2","MCRA.SS.20240515.FIL","A00000296977","2024-05-15T15:08Z","2024-05-15T15:08Z","Illinois State Water Survey Central Analytical Laboratory",414.0,0.00100,5,"2024-05-17","A",,
"78920f67-0367-4ce8-990e-933ef27f1119","D16","MCRA","MCRA.AOS.S2","MCRA.SS.20240515.FIL","A00000296977","2024-05-15T15:08Z","2024-05-15T15:08Z","Illinois State Water Survey Central Analytical Laboratory",344.0,0.00298,5,"2024-05-17","A",,
"383a69ac-078c-49b5-8441-b06c1142d487","D16","MCRA","MCRA.AOS.S2","MCRA.SS.20240515.FIL","A00000296977","2024-05-15T15:08Z","2024-05-15T15:08Z","Illinois State Water Survey Central Analytical Laboratory",266.0,0.00950,5,"2024-05-17","B",,
"83a937cb-9d1a-4d14-9f78-404f5b4466eb","D16","MCRA","MCRA.AOS.S2","MCRA.SS.20240515.FIL","A00000296977","2024-05-15T15:08Z","2024-05-15T15:08Z","Illinois State Water Survey Central Analytical Laboratory",256.0,0.01044,5,"2024-05-17","A",,
"0cda6d2f-4635-4be2-b094-7e4a598696e3","D16","MCRA","MCRA.AOS.S2","MCRA.SS.20240515.FIL","A00000296977","2024-05-15T15:08Z","2024-05-15T15:08Z","Illinois State Water Survey Central Analytical Laboratory",376.0,0.00182,5,"2024-05-17","B",,
"b63b419d-1f7e-4eb5-ac0a-e0d51447987f","D16","MCRA","MCRA.AOS.S2","MCRA.SS.20240515.FIL","A00000296977","2024-05-15T15:08Z","2024-05-15T15:08Z","Illinois State Water Survey Central Analytical Laboratory",588.0,0.00028,5,"2024-05-17","B",,
"fa8f69f5-9256-4012-9f3d-4366e7a3fe92","D16","MCRA","MCRA.AOS.S2","MCRA.SS.20240515.FIL","A00000296977","2024-05-15T15:08Z","2024-05-15T15:08Z","Illinois State Water Survey Central Analytical Laboratory",316.0,0.00484,5,"2024-05-17","B",,
"ef7ca95a-1b73-4043-a39c-12cfed0b959d","D16","MCRA","MCRA.AOS.S2","MCRA.SS.20240515.FIL","A00000296977","2024-05-15T15:08Z","2024-05-15T15:08Z","Illinois State Water Survey Central Analytical Laboratory",480.0,0.00044,5,"2024-05-17","A",,
"31e60173-d9f1-4961-a98b-e09d750af1a7","D16","MCRA","MCRA.AOS.S2","MCRA.SS.20240515.FIL","A00000296977","2024-05-15T15:08Z","2024-05-15T15:08Z","Illinois State Water Survey Central Analytical Laboratory",262.0,0.00988,5,"2024-05-17","A",,
"7dc665ad-3060-4c70-b606-358e769598e2","D16","MCRA","MCRA.AOS.S2","MCRA.SS.20240515.FIL","A00000296977","2024-05-15T15:08Z","2024-05-15T15:08Z","Illinois State Water Survey Central Analytical Laboratory",262.0,0.00988,5,"2024-05-17","B",,
"b48e58b5-33d3-45be-bea3-768c50486f9f","D16","MCRA","MCRA.AOS.S2","MCRA.SS.20240515.FIL","A00000296977","2024-05-15T15:08Z","2024-05-15T15:08Z","Illinois State Water Survey Central Analytical Laboratory",548.0,0.00036,5,"2024-05-17","B",,
"903519cd-1601-4392-9235-8a8258774d9b","D16","MCRA","MCRA.AOS.S2","MCRA.SS.20240515.FIL","A00000296977","2024-05-15T15:08Z","2024-05-15T15:08Z","Illinois State Water Survey Central Analytical Laboratory",238.0,0.01320,5,"2024-05-17","B",,
"64f87106-034e-4e25-a644-3daba6f83986","D16","MCRA","MCRA.AOS.S2","MCRA.SS.20240515.FIL","A00000296977","2024-05-15T15:08Z","2024-05-15T15:08Z","Illinois State Water Survey Central Analytical Laboratory",252.0,0.01082,5,"2024-05-17","A",,
"eb84ecc2-2341-42ad-9bc1-073c36d5deca","D16","MCRA","MCRA.AOS.S2","MCRA.SS.20240515.FIL","A00000296977","2024-05-15T15:08Z","2024-05-15T15:08Z","Illinois State Water Survey Central Analytical Laboratory",460.0,0.00052,5,"2024-05-17","B",,
"b2041607-4beb-4277-8573-44ab92d1d921","D16","MCRA","MCRA.AOS.S2","MCRA.SS.20240515.FIL","A00000296977","2024-05-15T15:08Z","2024-05-15T15:08Z","Illinois State Water Survey Central Analytical Laboratory",572.0,0.00042,5,"2024-05-17","B",,
"94784233-a822-49d1-8642-e94a3a7f9ad5","D16","MCRA","MCRA.AOS.S2","MCRA.SS.20240515.FIL","A00000296977","2024-05-15T15:08Z","2024-05-15T15:08Z","Illinois State Water Survey Central Analytical Laboratory",414.0,0.00100,5,"2024-05-17","B",,
"25257499-0db8-4414-8700-eea3c8a53f71","D16","MCRA","MCRA.AOS.S2","MCRA.SS.20240515.FIL","A00000296977","2024-05-15T15:08Z","2024-05-15T15:08Z","Illinois State Water Survey Central Analytical Laboratory",538.0,0.00026,5,"2024-05-17","A",,
"0ce796a7-30a2-4d7a-836d-26e452492f1f","D16","MCRA","MCRA.AOS.S2","MCRA.SS.20240515.FIL","A00000296977","2024-05-15T15:08Z","2024-05-15T15:08Z","Illinois State Water Survey Central Analytical Laboratory",318.0,0.00472,5,"2024-05-17","B",,
"4b45c1cf-b64e-44ae-9ee5-79ea4563d6cd","D16","MCRA","MCRA.AOS.S2","MCRA.SS.20240515.FIL","A00000296977","2024-05-15T15:08Z","2024-05-15T15:08Z","Illinois State Water Survey Central Analytical Laboratory",422.0,0.00100,5,"2024-05-17","A",,
"0494d70b-c48d-44d4-aa39-a7607a8ae79a","D16","MCRA","MCRA.AOS.S2","MCRA.SS.20240515.FIL","A00000296977","2024-05-15T15:08Z","2024-05-15T15:08Z","Illinois State Water Survey Central Analytical Laboratory",342.0,0.00304,5,"2024-05-17","A",,
"b5634abd-e72b-4388-9722-97c8b6456e3d","D16","MCRA","MCRA.AOS.S2","MCRA.SS.20240515.FIL","A00000296977","2024-05-15T15:08Z","2024-05-15T15:08Z","Illinois State Water Survey Central Analytical Laboratory",420.0,0.00096,5,"2024-05-17","B",,
"c5d6d463-42a1-4cd6-bd8b-b5bd45320fa1","D16","MCRA","MCRA.AOS.S2","MCRA.SS.20240515.FIL","A00000296977","2024-05-15T15:08Z","2024-05-15T15:08Z","Illinois State Water Survey Central Analytical Laboratory",536.0,0.00030,5,"2024-05-17","A",,
"4c34626b-c745-4fe8-88f0-0f265de78939","D16","MCRA","MCRA.AOS.S2","MCRA.SS.20240515.FIL","A00000296977","2024-05-15T15:08Z","2024-05-15T15:08Z","Illinois State Water Survey Central Analytical Laboratory",362.0,0.00220,5,"2024-05-17","A",,
"3aff8546-487f-4399-bba3-3fab128833c6","D16","MCRA","MCRA.AOS.S2","MCRA.SS.20240515.FIL","A00000296977","2024-05-15T15:08Z","2024-05-15T15:08Z","Illinois State Water Survey Central Analytical Laboratory",406.0,0.00112,5,"2024-05-17","A",,
"391d3506-dc4e-4678-92a5-4f6551ad4e5b","D16","MCRA","MCRA.AOS.S2","MCRA.SS.20240515.FIL","A00000296977","2024-05-15T15:08Z","2024-05-15T15:08Z","Illinois State Water Survey Central Analytical Laboratory",354.0,0.00260,5,"2024-05-17","B",,
"425dd009-a9d4-4ee6-b92f-59f04d3a0da3","D16","MCRA","MCRA.AOS.S2","MCRA.SS.20240515.FIL","A00000296977","2024-05-15T15:08Z","2024-05-15T15:08Z","Illinois State Water Survey Central Analytical Laboratory",438.0,0.00078,5,"2024-05-17","A",,
"1f34e1a2-aeee-46b9-8b3b-f5c2802250fa","D16","MCRA","MCRA.AOS.S2","MCRA.SS.20240515.FIL","A00000296977","2024-05-15T15:08Z","2024-05-15T15:08Z","Illinois State Water Survey Central Analytical Laboratory",486.0,0.00052,5,"2024-05-17","A",,
"420dc940-9666-49e9-b238-c960f0dd3ca7","D16","MCRA","MCRA.AOS.S2","MCRA.SS.20240515.FIL","A00000296977","2024-05-15T15:08Z","2024-05-15T15:08Z","Illinois State Water Survey Central Analytical Laboratory",314.0,0.00506,5,"2024-05-17","B",,
"ff57bd4e-62f1-49c6-b7aa-d78272a74a2c","D16","MCRA","MCRA.AOS.S2","MCRA.SS.20240515.FIL","A00000296977","2024-05-15T15:08Z","2024-05-15T15:08Z","Illinois State Water Survey Central Analytical Laboratory",506.0,0.00032,5,"2024-05-17","B",,
"83892871-53d8-4cb4-b799-d5eba1f403c6","D16","MCRA","MCRA.AOS.S2","MCRA.SS.20240515.FIL","A00000296977","2024-05-15T15:08Z","2024-05-15T15:08Z","Illinois State Water Survey Central Analytical Laboratory",244.0,0.01194,5,"2024-05-17","A",,
"791192a7-17cc-48e9-8bf5-5799e1953ee3","D16","MCRA","MCRA.AOS.S2","MCRA.SS.20240515.FIL","A00000296977","2024-05-15T15:08Z","2024-05-15T15:08Z","Illinois State Water Survey Central Analytical Laboratory",586.0,0.00026,5,"2024-05-17","B",,
"d6da9433-71d1-45ee-b089-635a20df961f","D16","MCRA","MCRA.AOS.S2","MCRA.SS.20240515.FIL","A00000296977","2024-05-15T15:08Z","2024-05-15T15:08Z","Illinois State Water Survey Central Analytical Laboratory",302.0,0.00592,5,"2024-05-17","B",,
"a4e8becd-6ade-4c9a-85e3-076eabb1bbf6","D16","MCRA","MCRA.AOS.S2","MCRA.SS.20240515.FIL","A00000296977","2024-05-15T15:08Z","2024-05-15T15:08Z","Illinois State Water Survey Central Analytical Laboratory",556.0,0.00040,5,"2024-05-17","A",,
"fd303294-d643-47d3-93a0-5bf9fe540477","D16","MCRA","MCRA.AOS.S2","MCRA.SS.20240515.FIL","A00000296977","2024-05-15T15:08Z","2024-05-15T15:08Z","Illinois State Water Survey Central Analytical Laboratory",594.0,0.00026,5,"2024-05-17","B",,
"476ee070-d462-4a55-a0b4-82d733f2c01e","D16","MCRA","MCRA.AOS.S2","MCRA.SS.20240515.FIL","A00000296977","2024-05-15T15:08Z","2024-05-15T15:08Z","Illinois State Water Survey Central Analytical Laboratory",544.0,0.00038,5,"2024-05-17","B",,
"9e1b2599-cb07-4c64-bea0-cabdd9d2df3f","D16","MCRA","MCRA.AOS.S2","MCRA.SS.20240515.FIL","A00000296977","2024-05-15T15:08Z","2024-05-15T15:08Z","Illinois State Water Survey Central Analytical Laboratory",300.0,0.00604,5,"2024-05-17","A",,
"ac8242ca-badf-4be8-a7a2-98b82afc166f","D16","MCRA","MCRA.AOS.S2","MCRA.SS.20240515.FIL","A00000296977","2024-05-15T15:08Z","2024-05-15T15:08Z","Illinois State Water Survey Central Analytical Laboratory",512.0,0.00030,5,"2024-05-17","A",,
"bdac0ab6-055c-4b0b-920a-c547a0c7eee3","D16","MCRA","MCRA.AOS.S2","MCRA.SS.20240515.FIL","A00000296977","2024-05-15T15:08Z","2024-05-15T15:08Z","Illinois State Water Survey Central Analytical Laboratory",250.0,0.01108,5,"2024-05-17","A",,
"93767404-b846-410b-8327-5a1e7c4c8c79","D16","MCRA","MCRA.AOS.S2","MCRA.SS.20240515.FIL","A00000296977","2024-05-15T15:08Z","2024-05-15T15:08Z","Illinois State Water Survey Central Analytical Laboratory",372.0,0.00184,5,"2024-05-17","A",,
"8d9c095c-aa26-48be-b7d6-5280af86343d","D16","MCRA","MCRA.AOS.S2","MCRA.SS.20240515.FIL","A00000296977","2024-05-15T15:08Z","2024-05-15T15:08Z","Illinois State Water Survey Central Analytical Laboratory",370.0,0.00192,5,"2024-05-17","A",,
"a5cb32ad-356f-401e-b0ed-80dfba1d107e","D16","MCRA","MCRA.AOS.S2","MCRA.SS.20240515.FIL","A00000296977","2024-05-15T15:08Z","2024-05-15T15:08Z","Illinois State Water Survey Central Analytical Laboratory",394.0,0.00134,5,"2024-05-17","A",,
"d32e4f83-cfa7-4f70-b273-d66383474f70","D16","MCRA","MCRA.AOS.S2","MCRA.SS.20240515.FIL","A00000296977","2024-05-15T15:08Z","2024-05-15T15:08Z","Illinois State Water Survey Central Analytical Laboratory",552.0,0.00038,5,"2024-05-17","B",,
"44b2fcde-8dbf-4acb-bae4-74fc048818b5","D16","MCRA","MCRA.AOS.S2","MCRA.SS.20240515.FIL","A00000296977","2024-05-15T15:08Z","2024-05-15T15:08Z","Illinois State Water Survey Central Analytical Laboratory",558.0,0.00038,5,"2024-05-17","A",,
"b1d592c4-fa1d-43c0-8789-0d5da2f6088c","D16","MCRA","MCRA.AOS.S2","MCRA.SS.20240515.FIL","A00000296977","2024-05-15T15:08Z","2024-05-15T15:08Z","Illinois State Water Survey Central Analytical Laboratory",384.0,0.00160,5,"2024-05-17","B",,
"0eeffe88-ee7f-4d95-90d8-1e49c21e42f2","D16","MCRA","MCRA.AOS.S2","MCRA.SS.20240515.FIL","A00000296977","2024-05-15T15:08Z","2024-05-15T15:08Z","Illinois State Water Survey Central Analytical Laboratory",334.0,0.00354,5,"2024-05-17","A",,
"21500bf0-475c-46e8-a662-9df49f367fcb","D16","MCRA","MCRA.AOS.S2","MCRA.SS.20240515.FIL","A00000296977","2024-05-15T15:08Z","2024-05-15T15:08Z","Illinois State Water Survey Central Analytical Laboratory",312.0,0.00512,5,"2024-05-17","B",,
"b83e75ea-17d4-4dfa-949c-df18b19e5561","D16","MCRA","MCRA.AOS.S2","MCRA.SS.20240515.FIL","A00000296977","2024-05-15T15:08Z","2024-05-15T15:08Z","Illinois State Water Survey Central Analytical Laboratory",492.0,0.00048,5,"2024-05-17","B",,
"e400213a-d88e-46ce-9460-a8a63a77f028","D16","MCRA","MCRA.AOS.S2","MCRA.SS.20240515.FIL","A00000296977","2024-05-15T15:08Z","2024-05-15T15:08Z","Illinois State Water Survey Central Analytical Laboratory",316.0,0.00480,5,"2024-05-17","A",,
"ad1d6d22-0202-4210-a005-fe7d4ae4a57c","D16","MCRA","MCRA.AOS.S2","MCRA.SS.20240515.FIL","A00000296977","2024-05-15T15:08Z","2024-05-15T15:08Z","Illinois State Water Survey Central Analytical Laboratory",580.0,0.00024,5,"2024-05-17","A",,
"eb8bf268-3cca-4bb5-aeec-abf244c78c78","D16","MCRA","MCRA.AOS.S2","MCRA.SS.20240515.FIL","A00000296977","2024-05-15T15:08Z","2024-05-15T15:08Z","Illinois State Water Survey Central Analytical Laboratory",428.0,0.00090,5,"2024-05-17","B",,
"97c3f469-250d-4568-9964-da734a5bb822","D16","MCRA","MCRA.AOS.S2","MCRA.SS.20240515.FIL","A00000296977","2024-05-15T15:08Z","2024-05-15T15:08Z","Illinois State Water Survey Central Analytical Laboratory",428.0,0.00094,5,"2024-05-17","A",,
"376d72c7-729a-4860-8531-4b52a9e297ae","D16","MCRA","MCRA.AOS.S2","MCRA.SS.20240515.FIL","A00000296977","2024-05-15T15:08Z","2024-05-15T15:08Z","Illinois State Water Survey Central Analytical Laboratory",498.0,0.00032,5,"2024-05-17","A",,
"49395cfb-29b0-47cb-8001-32a2ca22fe97","D16","MCRA","MCRA.AOS.S2","MCRA.SS.20240515.FIL","A00000296977","2024-05-15T15:08Z","2024-05-15T15:08Z","Illinois State Water Survey Central Analytical Laboratory",484.0,0.00050,5,"2024-05-17","A",,
"e1977de9-0bf1-4ac5-9697-e03078335df5","D16","MCRA","MCRA.AOS.S2","MCRA.SS.20240515.FIL","A00000296977","2024-05-15T15:08Z","2024-05-15T15:08Z","Illinois State Water Survey Central Analytical Laboratory",396.0,0.00132,5,"2024-05-17","A",,
"a32ae545-57f2-4a45-ac72-387159fd36c7","D16","MCRA","MCRA.AOS.S2","MCRA.SS.20240515.FIL","A00000296977","2024-05-15T15:08Z","2024-05-15T15:08Z","Illinois State Water Survey Central Analytical Laboratory",456.0,0.00048,5,"2024-05-17","B",,
"98a2a892-87db-423d-84d5-83a8b4f84ad7","D16","MCRA","MCRA.AOS.S2","MCRA.SS.20240515.FIL","A00000296977","2024-05-15T15:08Z","2024-05-15T15:08Z","Illinois State Water Survey Central Analytical Laboratory",236.0,0.01366,5,"2024-05-17","B",,
"ebbe60cb-ef96-421e-98af-57e71eb9632b","D16","MCRA","MCRA.AOS.S2","MCRA.SS.20240515.FIL","A00000296977","2024-05-15T15:08Z","2024-05-15T15:08Z","Illinois State Water Survey Central Analytical Laboratory",426.0,0.00094,5,"2024-05-17","A",,
"b4fb0482-986e-4383-bbb0-ea98cdd5a7c8","D16","MCRA","MCRA.AOS.S2","MCRA.SS.20240515.FIL","A00000296977","2024-05-15T15:08Z","2024-05-15T15:08Z","Illinois State Water Survey Central Analytical Laboratory",222.0,0.01982,5,"2024-05-17","A",,
"194da75a-c380-42d2-98b3-c28843e6a8d4","D16","MCRA","MCRA.AOS.S2","MCRA.SS.20240515.FIL","A00000296977","2024-05-15T15:08Z","2024-05-15T15:08Z","Illinois State Water Survey Central Analytical Laboratory",590.0,0.00022,5,"2024-05-17","A",,
"4d47fc29-3a9b-4b75-bb1f-4bd58ab327f5","D16","MCRA","MCRA.AOS.S2","MCRA.SS.20240515.FIL","A00000296977","2024-05-15T15:08Z","2024-05-15T15:08Z","Illinois State Water Survey Central Analytical Laboratory",500.0,0.00030,5,"2024-05-17","A",,
"a59b9a27-2b73-4333-a677-d2c849d95810","D16","MCRA","MCRA.AOS.S2","MCRA.SS.20240515.FIL","A00000296977","2024-05-15T15:08Z","2024-05-15T15:08Z","Illinois State Water Survey Central Analytical Laboratory",234.0,0.01420,5,"2024-05-17","A",,
"7db0c7e4-3690-49ae-800c-d5a9349944a2","D16","MCRA","MCRA.AOS.S2","MCRA.SS.20240515.FIL","A00000296977","2024-05-15T15:08Z","2024-05-15T15:08Z","Illinois State Water Survey Central Analytical Laboratory",420.0,0.00102,5,"2024-05-17","A",,
"6c66029b-2745-4623-84bc-db45aebbaf2b","D16","MCRA","MCRA.AOS.S2","MCRA.SS.20240515.FIL","A00000296977","2024-05-15T15:08Z","2024-05-15T15:08Z","Illinois State Water Survey Central Analytical Laboratory",328.0,0.00402,5,"2024-05-17","B",,
"7a9226a7-0ed7-4434-9373-987c887be69b","D16","MCRA","MCRA.AOS.S2","MCRA.SS.20240515.FIL","A00000296977","2024-05-15T15:08Z","2024-05-15T15:08Z","Illinois State Water Survey Central Analytical Laboratory",580.0,0.00032,5,"2024-05-17","B",,
"4a580ce7-f127-4c6d-aa74-8ff94c0c3878","D16","MCRA","MCRA.AOS.S2","MCRA.SS.20240515.FIL","A00000296977","2024-05-15T15:08Z","2024-05-15T15:08Z","Illinois State Water Survey Central Analytical Laboratory",226.0,0.01730,5,"2024-05-17","A",,
"4dd1f8f9-599c-4582-a6e0-cf3a92a5dcbb","D16","MCRA","MCRA.AOS.S2","MCRA.SS.20240515.FIL","A00000296977","2024-05-15T15:08Z","2024-05-15T15:08Z","Illinois State Water Survey Central Analytical Laboratory",434.0,0.00080,5,"2024-05-17","B",,
"d971b715-07a6-413e-8f83-743066cd2277","D16","MCRA","MCRA.AOS.S2","MCRA.SS.20240515.FIL","A00000296977","2024-05-15T15:08Z","2024-05-15T15:08Z","Illinois State Water Survey Central Analytical Laboratory",344.0,0.00308,5,"2024-05-17","B",,
"1d5295a2-4eb2-4cef-b62a-fb0a158c71ca","D16","MCRA","MCRA.AOS.S2","MCRA.SS.20240515.FIL","A00000296977","2024-05-15T15:08Z","2024-05-15T15:08Z","Illinois State Water Survey Central Analytical Laboratory",270.0,0.00906,5,"2024-05-17","A",,
"c4415d98-d111-4a6c-8ac2-731e866a1d12","D16","MCRA","MCRA.AOS.S2","MCRA.SS.20240515.FIL","A00000296977","2024-05-15T15:08Z","2024-05-15T15:08Z","Illinois State Water Survey Central Analytical Laboratory",536.0,0.00032,5,"2024-05-17","B",,
"b26ba8c2-8d13-4c57-bf5f-e7e30e15e05f","D16","MCRA","MCRA.AOS.S2","MCRA.SS.20240515.FIL","A00000296977","2024-05-15T15:08Z","2024-05-15T15:08Z","Illinois State Water Survey Central Analytical Laboratory",292.0,0.00682,5,"2024-05-17","A",,
"d2f9a3b5-680d-42f0-ad6d-f71de21e753d","D16","MCRA","MCRA.AOS.S2","MCRA.SS.20240515.FIL","A00000296977","2024-05-15T15:08Z","2024-05-15T15:08Z","Illinois State Water Survey Central Analytical Laboratory",578.0,0.00032,5,"2024-05-17","B",,
"674f09a6-8d0e-4554-83ce-11a162221199","D16","MCRA","MCRA.AOS.S2","MCRA.SS.20240515.FIL","A00000296977","2024-05-15T15:08Z","2024-05-15T15:08Z","Illinois State Water Survey Central Analytical Laboratory",368.0,0.00204,5,"2024-05-17","B",,
"84e50c10-6040-495a-9614-0fc1cf61f187","D16","MCRA","MCRA.AOS.S2","MCRA.SS.20240515.FIL","A00000296977","2024-05-15T15:08Z","2024-05-15T15:08Z","Illinois State Water Survey Central Analytical Laboratory",348.0,0.00278,5,"2024-05-17","A",,
"0f384306-8b74-4823-86ac-927658c2c0c2","D16","MCRA","MCRA.AOS.S2","MCRA.SS.20240515.FIL","A00000296977","2024-05-15T15:08Z","2024-05-15T15:08Z","Illinois State Water Survey Central Analytical Laboratory",424.0,0.00094,5,"2024-05-17","A",,
"04f05035-e6ba-4278-8cfb-f021928a55bc","D16","MCRA","MCRA.AOS.S2","MCRA.SS.20240515.FIL","A00000296977","2024-05-15T15:08Z","2024-05-15T15:08Z","Illinois State Water Survey Central Analytical Laboratory",278.0,0.00834,5,"2024-05-17","B",,
"8b758965-9c56-4ac3-9787-3c73d210116b","D16","MCRA","MCRA.AOS.S2","MCRA.SS.20240515.FIL","A00000296977","2024-05-15T15:08Z","2024-05-15T15:08Z","Illinois State Water Survey Central Analytical Laboratory",320.0,0.00454,5,"2024-05-17","A",,
"92ee8533-ce0b-4fe2-bd3e-84fdb3bbf78f","D16","MCRA","MCRA.AOS.S2","MCRA.SS.20240515.FIL","A00000296977","2024-05-15T15:08Z","2024-05-15T15:08Z","Illinois State Water Survey Central Analytical Laboratory",492.0,0.00050,5,"2024-05-17","A",,
"ef45c548-29c2-4bed-9c17-7c5d40c388de","D16","MCRA","MCRA.AOS.S2","MCRA.SS.20240515.FIL","A00000296977","2024-05-15T15:08Z","2024-05-15T15:08Z","Illinois State Water Survey Central Analytical Laboratory",468.0,0.00056,5,"2024-05-17","A",,
"2821e842-1196-44a3-be7b-d9bc791e71f8","D16","MCRA","MCRA.AOS.S2","MCRA.SS.20240515.FIL","A00000296977","2024-05-15T15:08Z","2024-05-15T15:08Z","Illinois State Water Survey Central Analytical Laboratory",550.0,0.00030,5,"2024-05-17","A",,
"e545e2a3-f60b-450d-a699-a2c7a8f08c86","D16","MCRA","MCRA.AOS.S2","MCRA.SS.20240515.FIL","A00000296977","2024-05-15T15:08Z","2024-05-15T15:08Z","Illinois State Water Survey Central Analytical Laboratory",456.0,0.00062,5,"2024-05-17","A",,
"61eafa0b-46da-46da-acca-df1fc7378310","D16","MCRA","MCRA.AOS.S2","MCRA.SS.20240515.FIL","A00000296977","2024-05-15T15:08Z","2024-05-15T15:08Z","Illinois State Water Survey Central Analytical Laboratory",234.0,0.01420,5,"2024-05-17","B",,
"232fdb42-c170-4a2f-b08e-5e423567a5c0","D16","MCRA","MCRA.AOS.S2","MCRA.SS.20240515.FIL","A00000296977","2024-05-15T15:08Z","2024-05-15T15:08Z","Illinois State Water Survey Central Analytical Laboratory",488.0,0.00050,5,"2024-05-17","A",,
"d4c86b36-8cf9-489e-83ab-113340e92610","D16","MCRA","MCRA.AOS.S2","MCRA.SS.20240515.FIL","A00000296977","2024-05-15T15:08Z","2024-05-15T15:08Z","Illinois State Water Survey Central Analytical Laboratory",586.0,0.00018,5,"2024-05-17","A",,
"68e7558d-58b3-40c4-9c0e-fd0ec49b5a5d","D16","MCRA","MCRA.AOS.S2","MCRA.SS.20240515.FIL","A00000296977","2024-05-15T15:08Z","2024-05-15T15:08Z","Illinois State Water Survey Central Analytical Laboratory",416.0,0.00096,5,"2024-05-17","B",,
"cd9cf7b4-2ad3-4685-a079-1eabfec98dee","D16","MCRA","MCRA.AOS.S2","MCRA.SS.20240515.FIL","A00000296977","2024-05-15T15:08Z","2024-05-15T15:08Z","Illinois State Water Survey Central Analytical Laboratory",480.0,0.00038,5,"2024-05-17","B",,
"96f2d4cd-0eba-4115-8b4a-84e22e769e67","D16","MCRA","MCRA.AOS.S2","MCRA.SS.20240515.FIL","A00000296977","2024-05-15T15:08Z","2024-05-15T15:08Z","Illinois State Water Survey Central Analytical Laboratory",552.0,0.00030,5,"2024-05-17","A",,
"be86a758-2403-435b-b10a-21e2ecfdd2b4","D16","MCRA","MCRA.AOS.S2","MCRA.SS.20240515.FIL","A00000296977","2024-05-15T15:08Z","2024-05-15T15:08Z","Illinois State Water Survey Central Analytical Laboratory",380.0,0.00164,5,"2024-05-17","A",,
"03563194-0c52-4213-90aa-8a01da90a118","D16","MCRA","MCRA.AOS.S2","MCRA.SS.20240515.FIL","A00000296977","2024-05-15T15:08Z","2024-05-15T15:08Z","Illinois State Water Survey Central Analytical Laboratory",508.0,0.00028,5,"2024-05-17","A",,
"642a213f-55fa-4462-9c41-a8c35a147458","D16","MCRA","MCRA.AOS.S2","MCRA.SS.20240515.FIL","A00000296977","2024-05-15T15:08Z","2024-05-15T15:08Z","Illinois State Water Survey Central Analytical Laboratory",416.0,0.00098,5,"2024-05-17","A",,
"39232c5a-acc5-4eee-8726-22787baccca9","D16","MCRA","MCRA.AOS.S2","MCRA.SS.20240515.FIL","A00000296977","2024-05-15T15:08Z","2024-05-15T15:08Z","Illinois State Water Survey Central Analytical Laboratory",600.0,0.00016,5,"2024-05-17","A",,
"4f40d32a-a79b-4992-a230-8cf18237680c","D16","MCRA","MCRA.AOS.S2","MCRA.SS.20240515.FIL","A00000296977","2024-05-15T15:08Z","2024-05-15T15:08Z","Illinois State Water Survey Central Analytical Laboratory",466.0,0.00054,5,"2024-05-17","A",,
"a9c29141-3dcf-4009-9685-b01e9594bd5f","D16","MCRA","MCRA.AOS.S2","MCRA.SS.20240515.FIL","A00000296977","2024-05-15T15:08Z","2024-05-15T15:08Z","Illinois State Water Survey Central Analytical Laboratory",390.0,0.00142,5,"2024-05-17","B",,
"1ffc49db-f79e-4ac4-a8b3-e0bf59c188e6","D16","MCRA","MCRA.AOS.S2","MCRA.SS.20240515.FIL","A00000296977","2024-05-15T15:08Z","2024-05-15T15:08Z","Illinois State Water Survey Central Analytical Laboratory",308.0,0.00538,5,"2024-05-17","A",,
"348dfa53-7d71-41b4-be59-1c5439321722","D16","MCRA","MCRA.AOS.S2","MCRA.SS.20240515.FIL","A00000296977","2024-05-15T15:08Z","2024-05-15T15:08Z","Illinois State Water Survey Central Analytical Laboratory",486.0,0.00050,5,"2024-05-17","B",,
"5ce48710-bd9e-45aa-8c3e-6b35cfa4dae8","D16","MCRA","MCRA.AOS.S2","MCRA.SS.20240515.FIL","A00000296977","2024-05-15T15:08Z","2024-05-15T15:08Z","Illinois State Water Survey Central Analytical Laboratory",430.0,0.00084,5,"2024-05-17","A",,
"44842a1a-6e6c-4db0-9b32-3a275b7b51b7","D16","MCRA","MCRA.AOS.S2","MCRA.SS.20240515.FIL","A00000296977","2024-05-15T15:08Z","2024-05-15T15:08Z","Illinois State Water Survey Central Analytical Laboratory",542.0,0.00038,5,"2024-05-17","B",,
"7957f8bd-f945-4628-aea5-c92433346522","D16","MCRA","MCRA.AOS.S2","MCRA.SS.20240515.FIL","A00000296977","2024-05-15T15:08Z","2024-05-15T15:08Z","Illinois State Water Survey Central Analytical Laboratory",534.0,0.00028,5,"2024-05-17","A",,
"464a97ac-20cf-4638-bc03-218f86006381","D16","MCRA","MCRA.AOS.S2","MCRA.SS.20240515.FIL","A00000296977","2024-05-15T15:08Z","2024-05-15T15:08Z","Illinois State Water Survey Central Analytical Laboratory",350.0,0.00274,5,"2024-05-17","B",,
"41bf72e9-f761-46f9-83af-c39e491faf53","D16","MCRA","MCRA.AOS.S2","MCRA.SS.20240515.FIL","A00000296977","2024-05-15T15:08Z","2024-05-15T15:08Z","Illinois State Water Survey Central Analytical Laboratory",496.0,0.00032,5,"2024-05-17","A",,
"39723e31-1b8f-4163-9622-3fe128c49cd9","D16","MCRA","MCRA.AOS.S2","MCRA.SS.20240515.FIL","A00000296977","2024-05-15T15:08Z","2024-05-15T15:08Z","Illinois State Water Survey Central Analytical Laboratory",498.0,0.00038,5,"2024-05-17","B",,
"c02b0693-55f6-4956-9784-37179501609d","D16","MCRA","MCRA.AOS.S2","MCRA.SS.20240515.FIL","A00000296977","2024-05-15T15:08Z","2024-05-15T15:08Z","Illinois State Water Survey Central Analytical Laboratory",332.0,0.00374,5,"2024-05-17","B",,
"5166e441-6df7-4487-b583-88487eefbd4b","D16","MCRA","MCRA.AOS.S2","MCRA.SS.20240515.FIL","A00000296977","2024-05-15T15:08Z","2024-05-15T15:08Z","Illinois State Water Survey Central Analytical Laboratory",320.0,0.00458,5,"2024-05-17","B",,
"25a432be-49ae-4c72-b0f1-83baf4c64582","D16","MCRA","MCRA.AOS.S2","MCRA.SS.20240515.FIL","A00000296977","2024-05-15T15:08Z","2024-05-15T15:08Z","Illinois State Water Survey Central Analytical Laboratory",444.0,0.00070,5,"2024-05-17","A",,
"2e23cea2-ee58-4506-ac1e-9ec3689d6893","D16","MCRA","MCRA.AOS.S2","MCRA.SS.20240515.FIL","A00000296977","2024-05-15T15:08Z","2024-05-15T15:08Z","Illinois State Water Survey Central Analytical Laboratory",406.0,0.00114,5,"2024-05-17","B",,
"d8c40a6a-fba5-4d48-9966-42ba5d054f48","D16","MCRA","MCRA.AOS.S2","MCRA.SS.20240515.FIL","A00000296977","2024-05-15T15:08Z","2024-05-15T15:08Z","Illinois State Water Survey Central Analytical Laboratory",554.0,0.00028,5,"2024-05-17","A",,
"ec2f7d92-4995-4fe7-863f-d0362865284d","D16","MCRA","MCRA.AOS.S2","MCRA.SS.20240515.FIL","A00000296977","2024-05-15T15:08Z","2024-05-15T15:08Z","Illinois State Water Survey Central Analytical Laboratory",260.0,0.01006,5,"2024-05-17","B",,
"206e27d5-bae8-435e-9e7c-525bae6f23b7","D16","MCRA","MCRA.AOS.S2","MCRA.SS.20240515.FIL","A00000296977","2024-05-15T15:08Z","2024-05-15T15:08Z","Illinois State Water Survey Central Analytical Laboratory",224.0,0.01836,5,"2024-05-17","B",,
"9476971c-081c-4ce6-b4cd-8821a0915604","D16","MCRA","MCRA.AOS.S2","MCRA.SS.20240515.FIL","A00000296977","2024-05-15T15:08Z","2024-05-15T15:08Z","Illinois State Water Survey Central Analytical Laboratory",398.0,0.00128,5,"2024-05-17","B",,
"f1514eba-dc38-4b92-8ab0-5aa4b8164cf9","D16","MCRA","MCRA.AOS.S2","MCRA.SS.20240515.FIL","A00000296977","2024-05-15T15:08Z","2024-05-15T15:08Z","Illinois State Water Survey Central Analytical Laboratory",426.0,0.00090,5,"2024-05-17","B",,
"4b8e1e18-325f-49fd-99e2-6f5b1998d99a","D16","MCRA","MCRA.AOS.S2","MCRA.SS.20240515.FIL","A00000296977","2024-05-15T15:08Z","2024-05-15T15:08Z","Illinois State Water Survey Central Analytical Laboratory",510.0,0.00028,5,"2024-05-17","A",,
"580d291f-d0d0-4134-bc90-775eabf2021f","D16","MCRA","MCRA.AOS.S2","MCRA.SS.20240515.FIL","A00000296977","2024-05-15T15:08Z","2024-05-15T15:08Z","Illinois State Water Survey Central Analytical Laboratory",488.0,0.00044,5,"2024-05-17","B",,
"c12adf92-f680-4185-a66f-13b0a732d230","D16","MCRA","MCRA.AOS.S2","MCRA.SS.20240515.FIL","A00000296977","2024-05-15T15:08Z","2024-05-15T15:08Z","Illinois State Water Survey Central Analytical Laboratory",380.0,0.00164,5,"2024-05-17","B",,
"a23f39b4-a78e-41bb-b66b-f3555a1fdbd7","D16","MCRA","MCRA.AOS.S2","MCRA.SS.20240515.FIL","A00000296977","2024-05-15T15:08Z","2024-05-15T15:08Z","Illinois State Water Survey Central Analytical Laboratory",342.0,0.00310,5,"2024-05-17","B",,
"7afa03f6-31a9-4a2b-9479-d0763fd4b88c","D16","MCRA","MCRA.AOS.S2","MCRA.SS.20240515.FIL","A00000296977","2024-05-15T15:08Z","2024-05-15T15:08Z","Illinois State Water Survey Central Analytical Laboratory",372.0,0.00188,5,"2024-05-17","B",,
"ecf0aa67-88d9-4406-91e1-6205c4c5cb3a","D16","MCRA","MCRA.AOS.S2","MCRA.SS.20240515.FIL","A00000296977","2024-05-15T15:08Z","2024-05-15T15:08Z","Illinois State Water Survey Central Analytical Laboratory",572.0,0.00032,5,"2024-05-17","A",,
"db49094b-c77f-418f-a5d7-0f9affe7a638","D16","MCRA","MCRA.AOS.S2","MCRA.SS.20240515.FIL","A00000296977","2024-05-15T15:08Z","2024-05-15T15:08Z","Illinois State Water Survey Central Analytical Laboratory",248.0,0.01130,5,"2024-05-17","B",,
"ca7afe5c-682d-4b02-872d-a62c6e0f645f","D16","MCRA","MCRA.AOS.S2","MCRA.SS.20240515.FIL","A00000296977","2024-05-15T15:08Z","2024-05-15T15:08Z","Illinois State Water Survey Central Analytical Laboratory",356.0,0.00258,5,"2024-05-17","B",,
"499a5a79-498f-46fc-b048-819c2e0d3b58","D16","MCRA","MCRA.AOS.S2","MCRA.SS.20240515.FIL","A00000296977","2024-05-15T15:08Z","2024-05-15T15:08Z","Illinois State Water Survey Central Analytical Laboratory",436.0,0.00076,5,"2024-05-17","B",,
"48d7a47a-45d7-4670-84ad-40e5a4f05c0f","D16","MCRA","MCRA.AOS.S2","MCRA.SS.20240515.FIL","A00000296977","2024-05-15T15:08Z","2024-05-15T15:08Z","Illinois State Water Survey Central Analytical Laboratory",458.0,0.00048,5,"2024-05-17","B",,
"9e0f0699-b00c-4fd8-878f-514de8108b2a","D16","MCRA","MCRA.AOS.S2","MCRA.SS.20240515.FIL","A00000296977","2024-05-15T15:08Z","2024-05-15T15:08Z","Illinois State Water Survey Central Analytical Laboratory",370.0,0.00192,5,"2024-05-17","B",,
"0e447675-5be6-46e2-ac0a-320b055b3e14","D16","MCRA","MCRA.AOS.S2","MCRA.SS.20240515.FIL","A00000296977","2024-05-15T15:08Z","2024-05-15T15:08Z","Illinois State Water Survey Central Analytical Laboratory",354.0,0.00252,5,"2024-05-17","A",,
"4f6218b6-a496-451b-9d72-8fbc5e07f750","D16","MCRA","MCRA.AOS.S2","MCRA.SS.20240515.FIL","A00000296977","2024-05-15T15:08Z","2024-05-15T15:08Z","Illinois State Water Survey Central Analytical Laboratory",220.0,0.02140,5,"2024-05-17","A",,
"510aee37-6a81-414a-ac87-8b9cbf70449a","D16","MCRA","MCRA.AOS.S2","MCRA.SS.20240515.FIL","A00000296977","2024-05-15T15:08Z","2024-05-15T15:08Z","Illinois State Water Survey Central Analytical Laboratory",300.0,0.00608,5,"2024-05-17","B",,
"87f64035-5f9e-4d2b-a429-d61183fdc075","D16","MCRA","MCRA.AOS.S2","MCRA.SS.20240515.FIL","A00000296977","2024-05-15T15:08Z","2024-05-15T15:08Z","Illinois State Water Survey Central Analytical Laboratory",338.0,0.00328,5,"2024-05-17","A",,
"59379a6a-c938-405c-8162-a1332cab85b4","D16","MCRA","MCRA.AOS.S2","MCRA.SS.20240515.FIL","A00000296977","2024-05-15T15:08Z","2024-05-15T15:08Z","Illinois State Water Survey Central Analytical Laboratory",514.0,0.00032,5,"2024-05-17","A",,
"5b46479f-f50c-4ea5-a4b6-402a10be027f","D16","MCRA","MCRA.AOS.S2","MCRA.SS.20240515.FIL","A00000296977","2024-05-15T15:08Z","2024-05-15T15:08Z","Illinois State Water Survey Central Analytical Laboratory",230.0,0.01558,5,"2024-05-17","A",,
"13c55832-df98-44d1-a439-698e48b8c9eb","D16","MCRA","MCRA.AOS.S2","MCRA.SS.20240515.FIL","A00000296977","2024-05-15T15:08Z","2024-05-15T15:08Z","Illinois State Water Survey Central Analytical Laboratory",600.0,0.00018,5,"2024-05-17","B",,
"8a0edd8b-9557-425c-bd20-e71c61b86138","D16","MCRA","MCRA.AOS.S2","MCRA.SS.20240515.FIL","A00000296977","2024-05-15T15:08Z","2024-05-15T15:08Z","Illinois State Water Survey Central Analytical Laboratory",286.0,0.00748,5,"2024-05-17","A",,
"dfb22afa-2a7d-435f-a88b-e81533a2d4b2","D16","MCRA","MCRA.AOS.S2","MCRA.SS.20240515.FIL","A00000296977","2024-05-15T15:08Z","2024-05-15T15:08Z","Illinois State Water Survey Central Analytical Laboratory",458.0,0.00062,5,"2024-05-17","A",,
"8652ef31-1993-4df6-8f36-8353b9198cf4","D16","MCRA","MCRA.AOS.S2","MCRA.SS.20240515.FIL","A00000296977","2024-05-15T15:08Z","2024-05-15T15:08Z","Illinois State Water Survey Central Analytical Laboratory",560.0,0.00036,5,"2024-05-17","A",,
"816869e4-7591-4292-b9f5-b042eb4cf54d","D16","MCRA","MCRA.AOS.S2","MCRA.SS.20240515.FIL","A00000296977","2024-05-15T15:08Z","2024-05-15T15:08Z","Illinois State Water Survey Central Analytical Laboratory",360.0,0.00244,5,"2024-05-17","B",,
"f6bc51f0-d843-40d4-9388-b8376120d878","D16","MCRA","MCRA.AOS.S2","MCRA.SS.20240515.FIL","A00000296977","2024-05-15T15:08Z","2024-05-15T15:08Z","Illinois State Water Survey Central Analytical Laboratory",430.0,0.00084,5,"2024-05-17","B",,
"f28414c7-72dd-465d-ab9f-9a803368184d","D16","MCRA","MCRA.AOS.S2","MCRA.SS.20240515.FIL","A00000296977","2024-05-15T15:08Z","2024-05-15T15:08Z","Illinois State Water Survey Central Analytical Laboratory",374.0,0.00182,5,"2024-05-17","B",,
"8dc21ffc-0ab2-465a-b22f-115aebd58b04","D16","MCRA","MCRA.AOS.S2","MCRA.SS.20240515.FIL","A00000296977","2024-05-15T15:08Z","2024-05-15T15:08Z","Illinois State Water Survey Central Analytical Laboratory",232.0,0.01480,5,"2024-05-17","B",,
"9d12b11a-cd81-40f2-8cf7-025014177c63","D16","MCRA","MCRA.AOS.S2","MCRA.SS.20240515.FIL","A00000296977","2024-05-15T15:08Z","2024-05-15T15:08Z","Illinois State Water Survey Central Analytical Laboratory",520.0,0.00028,5,"2024-05-17","B",,
"87a20e51-85a2-4d63-9b80-dbd110330024","D16","MCRA","MCRA.AOS.S2","MCRA.SS.20240515.FIL","A00000296977","2024-05-15T15:08Z","2024-05-15T15:08Z","Illinois State Water Survey Central Analytical Laboratory",400.0,0.00124,5,"2024-05-17","A",,
"e28b75df-90ec-4b04-bf12-babcf198c902","D16","MCRA","MCRA.AOS.S2","MCRA.SS.20240515.FIL","A00000296977","2024-05-15T15:08Z","2024-05-15T15:08Z","Illinois State Water Survey Central Analytical Laboratory",254.0,0.01066,5,"2024-05-17","A",,
"f20148e2-aea2-48b3-89c5-f53e62ed5315","D16","MCRA","MCRA.AOS.S2","MCRA.SS.20240515.FIL","A00000296977","2024-05-15T15:08Z","2024-05-15T15:08Z","Illinois State Water Survey Central Analytical Laboratory",568.0,0.00040,5,"2024-05-17","A",,
"ffef0eb7-9892-40b8-a496-0758db2dd148","D16","MCRA","MCRA.AOS.S2","MCRA.SS.20240515.FIL","A00000296977","2024-05-15T15:08Z","2024-05-15T15:08Z","Illinois State Water Survey Central Analytical Laboratory",360.0,0.00238,5,"2024-05-17","A",,
"fdf556f0-8220-427d-87a1-5a97c2277644","D16","MCRA","MCRA.AOS.S2","MCRA.SS.20240515.FIL","A00000296977","2024-05-15T15:08Z","2024-05-15T15:08Z","Illinois State Water Survey Central Analytical Laboratory",484.0,0.00048,5,"2024-05-17","B",,
"db1747e9-5c12-4cab-b0e9-3b9d58296b56","D16","MCRA","MCRA.AOS.S2","MCRA.SS.20240515.FIL","A00000296977","2024-05-15T15:08Z","2024-05-15T15:08Z","Illinois State Water Survey Central Analytical Laboratory",510.0,0.00030,5,"2024-05-17","B",,
"daef8389-cfd2-47e7-9d36-ee675b6d3f70","D16","MCRA","MCRA.AOS.S2","MCRA.SS.20240515.FIL","A00000296977","2024-05-15T15:08Z","2024-05-15T15:08Z","Illinois State Water Survey Central Analytical Laboratory",526.0,0.00032,5,"2024-05-17","B",,
"c5bac2a3-dc7f-4400-b1b4-feaf96d951a7","D16","MCRA","MCRA.AOS.S2","MCRA.SS.20240515.FIL","A00000296977","2024-05-15T15:08Z","2024-05-15T15:08Z","Illinois State Water Survey Central Analytical Laboratory",240.0,0.01270,5,"2024-05-17","A",,
"db5c6070-ad31-47f5-9e28-f15305d552f1","D16","MCRA","MCRA.AOS.S2","MCRA.SS.20240515.FIL","A00000296977","2024-05-15T15:08Z","2024-05-15T15:08Z","Illinois State Water Survey Central Analytical Laboratory",582.0,0.00024,5,"2024-05-17","A",,
"275141d6-c726-460a-a8b8-56973cdffd97","D16","MCRA","MCRA.AOS.S2","MCRA.SS.20240515.FIL","A00000296977","2024-05-15T15:08Z","2024-05-15T15:08Z","Illinois State Water Survey Central Analytical Laboratory",230.0,0.01552,5,"2024-05-17","B",,
"440f376a-2cd8-43e5-ab5c-57ec0c147238","D16","MCRA","MCRA.AOS.S2","MCRA.SS.20240515.FIL","A00000296977","2024-05-15T15:08Z","2024-05-15T15:08Z","Illinois State Water Survey Central Analytical Laboratory",566.0,0.00046,5,"2024-05-17","B",,
"e8c4c418-0f5a-41ce-a183-d66c7560ff90","D16","MCRA","MCRA.AOS.S2","MCRA.SS.20240515.FIL","A00000296977","2024-05-15T15:08Z","2024-05-15T15:08Z","Illinois State Water Survey Central Analytical Laboratory",368.0,0.00200,5,"2024-05-17","A",,
"6294329b-752b-49e3-b621-66e74ded97d3","D16","MCRA","MCRA.AOS.S2","MCRA.SS.20240515.FIL","A00000296977","2024-05-15T15:08Z","2024-05-15T15:08Z","Illinois State Water Survey Central Analytical Laboratory",402.0,0.00118,5,"2024-05-17","B",,
"2d4d647b-1a4e-4d56-8ff8-d31c6caa410e","D16","MCRA","MCRA.AOS.S2","MCRA.SS.20240515.FIL","A00000296977","2024-05-15T15:08Z","2024-05-15T15:08Z","Illinois State Water Survey Central Analytical Laboratory",474.0,0.00052,5,"2024-05-17","A",,
"e6cc80e9-13e8-4073-8c80-145539f5c5d3","D16","MCRA","MCRA.AOS.S2","MCRA.SS.20240515.FIL","A00000296977","2024-05-15T15:08Z","2024-05-15T15:08Z","Illinois State Water Survey Central Analytical Laboratory",284.0,0.00768,5,"2024-05-17","A",,
"abf15611-477b-485e-8650-7fbf8b3bb228","D16","MCRA","MCRA.AOS.S2","MCRA.SS.20240515.FIL","A00000296977","2024-05-15T15:08Z","2024-05-15T15:08Z","Illinois State Water Survey Central Analytical Laboratory",508.0,0.00030,5,"2024-05-17","B",,
"8002be84-a801-48aa-b09e-aaaf2511a06e","D16","MCRA","MCRA.AOS.S2","MCRA.SS.20240515.FIL","A00000296977","2024-05-15T15:08Z","2024-05-15T15:08Z","Illinois State Water Survey Central Analytical Laboratory",264.0,0.00968,5,"2024-05-17","A",,
"27812777-2800-4d1a-a336-55d740f7ab0e","D16","MCRA","MCRA.AOS.S2","MCRA.SS.20240515.FIL","A00000296977","2024-05-15T15:08Z","2024-05-15T15:08Z","Illinois State Water Survey Central Analytical Laboratory",242.0,0.01226,5,"2024-05-17","B",,
"96df5f55-8270-4ce4-a101-7c9204677409","D16","MCRA","MCRA.AOS.S2","MCRA.SS.20240515.FIL","A00000296977","2024-05-15T15:08Z","2024-05-15T15:08Z","Illinois State Water Survey Central Analytical Laboratory",228.0,0.01630,5,"2024-05-17","A",,
"37917c15-14d0-47a3-a1f9-99d2c8eaccb8","D16","MCRA","MCRA.AOS.S2","MCRA.SS.20240515.FIL","A00000296977","2024-05-15T15:08Z","2024-05-15T15:08Z","Illinois State Water Survey Central Analytical Laboratory",518.0,0.00030,5,"2024-05-17","A",,
"07e0771e-2cbf-42a3-8fd9-ced4c9413149","D16","MCRA","MCRA.AOS.S2","MCRA.SS.20240515.FIL","A00000296977","2024-05-15T15:08Z","2024-05-15T15:08Z","Illinois State Water Survey Central Analytical Laboratory",494.0,0.00036,5,"2024-05-17","A",,
"9ae88c27-79cc-4a94-93dd-e99f31e7c343","D16","MCRA","MCRA.AOS.S2","MCRA.SS.20240515.FIL","A00000296977","2024-05-15T15:08Z","2024-05-15T15:08Z","Illinois State Water Survey Central Analytical Laboratory",450.0,0.00070,5,"2024-05-17","A",,
"f61d2340-ffa2-41b2-9df9-a484cd462074","D16","MCRA","MCRA.AOS.S2","MCRA.SS.20240515.FIL","A00000296977","2024-05-15T15:08Z","2024-05-15T15:08Z","Illinois State Water Survey Central Analytical Laboratory",574.0,0.00032,5,"2024-05-17","B",,
"84cb45ee-2077-410b-b5be-b16db4110697","D16","MCRA","MCRA.AOS.S2","MCRA.SS.20240515.FIL","A00000296977","2024-05-15T15:08Z","2024-05-15T15:08Z","Illinois State Water Survey Central Analytical Laboratory",446.0,0.00064,5,"2024-05-17","B",,
"49a931f9-44cd-4741-bcc1-ca1c9b1cb1e6","D16","MCRA","MCRA.AOS.S2","MCRA.SS.20240515.FIL","A00000296977","2024-05-15T15:08Z","2024-05-15T15:08Z","Illinois State Water Survey Central Analytical Laboratory",448.0,0.00074,5,"2024-05-17","A",,
"f4411ece-002b-4a72-9400-deabcbceaa2c","D16","MCRA","MCRA.AOS.S2","MCRA.SS.20240515.FIL","A00000296977","2024-05-15T15:08Z","2024-05-15T15:08Z","Illinois State Water Survey Central Analytical Laboratory",310.0,0.00524,5,"2024-05-17","A",,
"511f2f91-3097-4070-8041-23a97a3f6f61","D16","MCRA","MCRA.AOS.S2","MCRA.SS.20240515.FIL","A00000296977","2024-05-15T15:08Z","2024-05-15T15:08Z","Illinois State Water Survey Central Analytical Laboratory",550.0,0.00036,5,"2024-05-17","B",,
"22627ac5-6e63-41c5-ae3a-1a3451ec2557","D16","MCRA","MCRA.AOS.S2","MCRA.SS.20240515.FIL","A00000296977","2024-05-15T15:08Z","2024-05-15T15:08Z","Illinois State Water Survey Central Analytical Laboratory",482.0,0.00042,5,"2024-05-17","B",,
"cf65b38c-5986-4b41-a175-890862c88c2c","D16","MCRA","MCRA.AOS.S2","MCRA.SS.20240515.FIL","A00000296977","2024-05-15T15:08Z","2024-05-15T15:08Z","Illinois State Water Survey Central Analytical Laboratory",374.0,0.00180,5,"2024-05-17","A",,
"dd3afd7d-3e74-4fbf-b51d-7b2561698b31","D16","MCRA","MCRA.AOS.S2","MCRA.SS.20240515.FIL","A00000296977","2024-05-15T15:08Z","2024-05-15T15:08Z","Illinois State Water Survey Central Analytical Laboratory",462.0,0.00050,5,"2024-05-17","B",,
"5899be40-9456-4ec6-984e-d05f7579b613","D16","MCRA","MCRA.AOS.S2","MCRA.SS.20240515.FIL","A00000296977","2024-05-15T15:08Z","2024-05-15T15:08Z","Illinois State Water Survey Central Analytical Laboratory",524.0,0.00034,5,"2024-05-17","B",,
"b3a3ca1b-6184-4bd3-8d69-89cd5f096085","D16","MCRA","MCRA.AOS.S2","MCRA.SS.20240515.FIL","A00000296977","2024-05-15T15:08Z","2024-05-15T15:08Z","Illinois State Water Survey Central Analytical Laboratory",282.0,0.00792,5,"2024-05-17","B",,
"7872bb19-4b02-42a7-8a3d-89f35ed2d492","D16","MCRA","MCRA.AOS.S2","MCRA.SS.20240515.FIL","A00000296977","2024-05-15T15:08Z","2024-05-15T15:08Z","Illinois State Water Survey Central Analytical Laboratory",412.0,0.00100,5,"2024-05-17","A",,
"6a208112-1678-4b3b-bb9f-77a0b62884bb","D16","MCRA","MCRA.AOS.S2","MCRA.SS.20240515.FIL","A00000296977","2024-05-15T15:08Z","2024-05-15T15:08Z","Illinois State Water Survey Central Analytical Laboratory",246.0,0.01158,5,"2024-05-17","A",,
"e42678af-bb69-4682-884f-4b22538cfbf4","D16","MCRA","MCRA.AOS.S2","MCRA.SS.20240515.FIL","A00000296977","2024-05-15T15:08Z","2024-05-15T15:08Z","Illinois State Water Survey Central Analytical Laboratory",302.0,0.00590,5,"2024-05-17","A",,
"93f7f396-b218-4781-a495-b92832fc003a","D16","MCRA","MCRA.AOS.S2","MCRA.SS.20240515.FIL","A00000296977","2024-05-15T15:08Z","2024-05-15T15:08Z","Illinois State Water Survey Central Analytical Laboratory",454.0,0.00050,5,"2024-05-17","B",,
"5ab42572-52cb-4ffe-b32d-077d13c699ce","D16","MCRA","MCRA.AOS.S2","MCRA.SS.20240515.FIL","A00000296977","2024-05-15T15:08Z","2024-05-15T15:08Z","Illinois State Water Survey Central Analytical Laboratory",292.0,0.00686,5,"2024-05-17","B",,
"bdde9551-86f8-4e69-9005-f2e13ec202c6","D16","MCRA","MCRA.AOS.S2","MCRA.SS.20240515.FIL","A00000296977","2024-05-15T15:08Z","2024-05-15T15:08Z","Illinois State Water Survey Central Analytical Laboratory",324.0,0.00424,5,"2024-05-17","A",,
"52d32734-02b7-4638-862d-12af4ca4c947","D16","MCRA","MCRA.AOS.S2","MCRA.SS.20240515.FIL","A00000296977","2024-05-15T15:08Z","2024-05-15T15:08Z","Illinois State Water Survey Central Analytical Laboratory",260.0,0.01006,5,"2024-05-17","A",,
"290a7984-61ab-4856-81c8-a16f9cf59ca9","D16","MCRA","MCRA.AOS.S2","MCRA.SS.20240515.FIL","A00000296977","2024-05-15T15:08Z","2024-05-15T15:08Z","Illinois State Water Survey Central Analytical Laboratory",398.0,0.00130,5,"2024-05-17","A",,
"656ea136-cf82-4964-914e-7b31c3c5071f","D16","MCRA","MCRA.AOS.S2","MCRA.SS.20240515.FIL","A00000296977","2024-05-15T15:08Z","2024-05-15T15:08Z","Illinois State Water Survey Central Analytical Laboratory",338.0,0.00336,5,"2024-05-17","B",,
"cf15f2b2-3c6c-4d2f-98b0-c078d66fb4bb","D16","MCRA","MCRA.AOS.S2","MCRA.SS.20240515.FIL","A00000296977","2024-05-15T15:08Z","2024-05-15T15:08Z","Illinois State Water Survey Central Analytical Laboratory",280.0,0.00810,5,"2024-05-17","A",,
"359e1040-96ef-4c84-887d-137cf2975cda","D16","MCRA","MCRA.AOS.S2","MCRA.SS.20240515.FIL","A00000296977","2024-05-15T15:08Z","2024-05-15T15:08Z","Illinois State Water Survey Central Analytical Laboratory",324.0,0.00430,5,"2024-05-17","B",,
"903ba1e8-ad25-423d-8965-2624b599c559","D16","MCRA","MCRA.AOS.S2","MCRA.SS.20240515.FIL","A00000296977","2024-05-15T15:08Z","2024-05-15T15:08Z","Illinois State Water Survey Central Analytical Laboratory",464.0,0.00058,5,"2024-05-17","A",,
"16bf9a25-2a29-4468-b61a-bf84d4826b8f","D16","MCRA","MCRA.AOS.S2","MCRA.SS.20240515.FIL","A00000296977","2024-05-15T15:08Z","2024-05-15T15:08Z","Illinois State Water Survey Central Analytical Laboratory",296.0,0.00642,5,"2024-05-17","A",,
"49dfe760-d6fc-4de7-bd03-f6fd57febc9a","D16","MCRA","MCRA.AOS.S2","MCRA.SS.20240515.FIL","A00000296977","2024-05-15T15:08Z","2024-05-15T15:08Z","Illinois State Water Survey Central Analytical Laboratory",358.0,0.00244,5,"2024-05-17","A",,
"06544b0b-a2e8-40c1-880e-dfc9d23bb369","D16","MCRA","MCRA.AOS.S2","MCRA.SS.20240515.FIL","A00000296977","2024-05-15T15:08Z","2024-05-15T15:08Z","Illinois State Water Survey Central Analytical Laboratory",394.0,0.00138,5,"2024-05-17","B",,
"5c227810-3b66-46a9-8ff9-43de60d7221c","D16","MCRA","MCRA.AOS.S2","MCRA.SS.20240515.FIL","A00000296977","2024-05-15T15:08Z","2024-05-15T15:08Z","Illinois State Water Survey Central Analytical Laboratory",328.0,0.00394,5,"2024-05-17","A",,
"fa8bc39b-28d6-4ab9-9c4a-2c06ac2d147e","D16","MCRA","MCRA.AOS.S2","MCRA.SS.20240515.FIL","A00000296977","2024-05-15T15:08Z","2024-05-15T15:08Z","Illinois State Water Survey Central Analytical Laboratory",440.0,0.00088,5,"2024-05-17","A",,
"ef05ab30-55e8-448f-9680-8dbbb76411c1","D16","MCRA","MCRA.AOS.S2","MCRA.SS.20240515.FIL","A00000296977","2024-05-15T15:08Z","2024-05-15T15:08Z","Illinois State Water Survey Central Analytical Laboratory",404.0,0.00118,5,"2024-05-17","B",,
"c9444c37-861c-453e-9b4e-038d6a6bf558","D16","MCRA","MCRA.AOS.S2","MCRA.SS.20240515.FIL","A00000296977","2024-05-15T15:08Z","2024-05-15T15:08Z","Illinois State Water Survey Central Analytical Laboratory",466.0,0.00044,5,"2024-05-17","B",,
"f1e73562-dd72-4f58-abde-ef457156c186","D16","MCRA","MCRA.AOS.S2","MCRA.SS.20240515.FIL","A00000296977","2024-05-15T15:08Z","2024-05-15T15:08Z","Illinois State Water Survey Central Analytical Laboratory",530.0,0.00034,5,"2024-05-17","A",,
"5a669dd3-7833-4a04-9eaa-91c84fee1e06","D16","MCRA","MCRA.AOS.S2","MCRA.SS.20240515.FIL","A00000296977","2024-05-15T15:08Z","2024-05-15T15:08Z","Illinois State Water Survey Central Analytical Laboratory",570.0,0.00040,5,"2024-05-17","A",,
"b36836c3-090f-4b14-b87f-44ff38536e87","D16","MCRA","MCRA.AOS.S2","MCRA.SS.20240515.FIL","A00000296977","2024-05-15T15:08Z","2024-05-15T15:08Z","Illinois State Water Survey Central Analytical Laboratory",336.0,0.00344,5,"2024-05-17","A",,
"a881f74a-3047-46ea-9657-e216b85c5c28","D16","MCRA","MCRA.AOS.S2","MCRA.SS.20240515.FIL","A00000296977","2024-05-15T15:08Z","2024-05-15T15:08Z","Illinois State Water Survey Central Analytical Laboratory",590.0,0.00022,5,"2024-05-17","B",,
"8ea2a0e5-7b81-440b-a6b6-cfa115add416","D16","MCRA","MCRA.AOS.S2","MCRA.SS.20240515.FIL","A00000296977","2024-05-15T15:08Z","2024-05-15T15:08Z","Illinois State Water Survey Central Analytical Laboratory",482.0,0.00044,5,"2024-05-17","A",,
"14d001ff-1fc1-41c8-8612-6e1077633e35","D16","MCRA","MCRA.AOS.S2","MCRA.SS.20240515.FIL","A00000296977","2024-05-15T15:08Z","2024-05-15T15:08Z","Illinois State Water Survey Central Analytical Laboratory",306.0,0.00560,5,"2024-05-17","B",,
"bf7c881a-80ad-49f4-af64-f18b5d6f3518","D16","MCRA","MCRA.AOS.S2","MCRA.SS.20240515.FIL","A00000296977","2024-05-15T15:08Z","2024-05-15T15:08Z","Illinois State Water Survey Central Analytical Laboratory",386.0,0.00154,5,"2024-05-17","A",,
"a5988c79-c728-4c18-8c36-ed2a02521897","D16","MCRA","MCRA.AOS.S2","MCRA.SS.20240515.FIL","A00000296977","2024-05-15T15:08Z","2024-05-15T15:08Z","Illinois State Water Survey Central Analytical Laboratory",244.0,0.01194,5,"2024-05-17","B",,
"4535eeb2-cda0-4371-ac60-532db0fbe3b3","D16","MCRA","MCRA.AOS.S2","MCRA.SS.20240515.FIL","A00000296977","2024-05-15T15:08Z","2024-05-15T15:08Z","Illinois State Water Survey Central Analytical Laboratory",464.0,0.00046,5,"2024-05-17","B",,
"fedc8fe6-99d0-4690-96b6-b19951b76ced","D16","MCRA","MCRA.AOS.S2","MCRA.SS.20240515.FIL","A00000296977","2024-05-15T15:08Z","2024-05-15T15:08Z","Illinois State Water Survey Central Analytical Laboratory",238.0,0.01316,5,"2024-05-17","A",,
"9752f6b1-5b10-4fc0-a2d2-2640957583cd","D16","MCRA","MCRA.AOS.S2","MCRA.SS.20240515.FIL","A00000296977","2024-05-15T15:08Z","2024-05-15T15:08Z","Illinois State Water Survey Central Analytical Laboratory",470.0,0.00046,5,"2024-05-17","B",,
"1cb19680-fdab-403d-8b2f-62f84625fc3a","D16","MCRA","MCRA.AOS.S2","MCRA.SS.20240515.FIL","A00000296977","2024-05-15T15:08Z","2024-05-15T15:08Z","Illinois State Water Survey Central Analytical Laboratory",454.0,0.00064,5,"2024-05-17","A",,
"000c1e05-d466-4a9a-9a52-974724dfd060","D16","MCRA","MCRA.AOS.S2","MCRA.SS.20240515.FIL","A00000296977","2024-05-15T15:08Z","2024-05-15T15:08Z","Illinois State Water Survey Central Analytical Laboratory",306.0,0.00556,5,"2024-05-17","A",,
"7c53901b-b250-4967-8142-c853aa7d2642","D16","MCRA","MCRA.AOS.S2","MCRA.SS.20240515.FIL","A00000296977","2024-05-15T15:08Z","2024-05-15T15:08Z","Illinois State Water Survey Central Analytical Laboratory",224.0,0.01846,5,"2024-05-17","A",,
"298572a6-933a-4d6b-aa53-f3cc3f61eb2c","D16","MCRA","MCRA.AOS.S2","MCRA.SS.20240515.FIL","A00000296977","2024-05-15T15:08Z","2024-05-15T15:08Z","Illinois State Water Survey Central Analytical Laboratory",512.0,0.00034,5,"2024-05-17","B",,
"a7b9e6fc-3294-4562-b1e4-28a02088dd02","D16","MCRA","MCRA.AOS.S2","MCRA.SS.20240515.FIL","A00000296977","2024-05-15T15:08Z","2024-05-15T15:08Z","Illinois State Water Survey Central Analytical Laboratory",266.0,0.00948,5,"2024-05-17","A",,
"9bc11317-d365-46e3-a637-8e2c2c13acf7","D16","MCRA","MCRA.AOS.S2","MCRA.SS.20240515.FIL","A00000296977","2024-05-15T15:08Z","2024-05-15T15:08Z","Illinois State Water Survey Central Analytical Laboratory",450.0,0.00056,5,"2024-05-17","B",,
"9ab0391e-8c8a-4eb2-afb6-4ac93dee644e","D16","MCRA","MCRA.AOS.S2","MCRA.SS.20240515.FIL","A00000296977","2024-05-15T15:08Z","2024-05-15T15:08Z","Illinois State Water Survey Central Analytical Laboratory",388.0,0.00148,5,"2024-05-17","A",,
"fc0566cb-fce2-4e9f-a132-3dc715893397","D16","MCRA","MCRA.AOS.S2","MCRA.SS.20240515.FIL","A00000296977","2024-05-15T15:08Z","2024-05-15T15:08Z","Illinois State Water Survey Central Analytical Laboratory",448.0,0.00060,5,"2024-05-17","B",,
"6db2fee4-97dc-4e87-9232-df772b34b6d2","D16","MCRA","MCRA.AOS.S2","MCRA.SS.20240515.FIL","A00000296977","2024-05-15T15:08Z","2024-05-15T15:08Z","Illinois State Water Survey Central Analytical Laboratory",460.0,0.00068,5,"2024-05-17","A",,
"e6394993-2b29-4086-825b-eef5e37f285b","D16","MCRA","MCRA.AOS.S2","MCRA.SS.20240515.FIL","A00000296977","2024-05-15T15:08Z","2024-05-15T15:08Z","Illinois State Water Survey Central Analytical Laboratory",270.0,0.00910,5,"2024-05-17","B",,
"deb96c3f-2a31-4c11-bd6e-e4492a0afc2c","D16","MCRA","MCRA.AOS.S2","MCRA.SS.20240515.FIL","A00000296977","2024-05-15T15:08Z","2024-05-15T15:08Z","Illinois State Water Survey Central Analytical Laboratory",288.0,0.00732,5,"2024-05-17","B",,
"23856446-b4d1-4337-83d8-ee7ab4f6c727","D16","MCRA","MCRA.AOS.S2","MCRA.SS.20240515.FIL","A00000296977","2024-05-15T15:08Z","2024-05-15T15:08Z","Illinois State Water Survey Central Analytical Laboratory",240.0,0.01272,5,"2024-05-17","B",,
"3088deee-fc1d-41cb-98a9-181914df04aa","D16","MCRA","MCRA.AOS.S2","MCRA.SS.20240515.FIL","A00000296977","2024-05-15T15:08Z","2024-05-15T15:08Z","Illinois State Water Survey Central Analytical Laboratory",432.0,0.00082,5,"2024-05-17","A",,
"3c871004-e5e9-4523-b0bf-1ecb400c2c27","D16","MCRA","MCRA.AOS.S2","MCRA.SS.20240515.FIL","A00000296977","2024-05-15T15:08Z","2024-05-15T15:08Z","Illinois State Water Survey Central Analytical Laboratory",556.0,0.00046,5,"2024-05-17","B",,
"c84206c9-b438-47cd-b9be-0664e5f68903","D16","MCRA","MCRA.AOS.S2","MCRA.SS.20240515.FIL","A00000296977","2024-05-15T15:08Z","2024-05-15T15:08Z","Illinois State Water Survey Central Analytical Laboratory",274.0,0.00872,5,"2024-05-17","B",,
"df27c429-3fdf-4048-af3d-e2ea9486fdde","D16","MCRA","MCRA.AOS.S2","MCRA.SS.20240515.FIL","A00000296977","2024-05-15T15:08Z","2024-05-15T15:08Z","Illinois State Water Survey Central Analytical Laboratory",336.0,0.00346,5,"2024-05-17","B",,
"1acf7547-f2d0-44fe-82e5-d18b8d8a0284","D16","MCRA","MCRA.AOS.S2","MCRA.SS.20240515.FIL","A00000296977","2024-05-15T15:08Z","2024-05-15T15:08Z","Illinois State Water Survey Central Analytical Laboratory",294.0,0.00664,5,"2024-05-17","B",,
"185f13b7-1c5e-4c84-aa4f-d6a86f9aa71b","D16","MCRA","MCRA.AOS.S2","MCRA.SS.20240515.FIL","A00000296977","2024-05-15T15:08Z","2024-05-15T15:08Z","Illinois State Water Survey Central Analytical Laboratory",304.0,0.00570,5,"2024-05-17","A",,
"5e8dd7e6-c5b7-408a-b3ef-9917bff85f84","D16","MCRA","MCRA.AOS.S2","MCRA.SS.20240515.FIL","A00000296977","2024-05-15T15:08Z","2024-05-15T15:08Z","Illinois State Water Survey Central Analytical Laboratory",276.0,0.00852,5,"2024-05-17","B",,
"28152087-6999-4e87-8105-409ea9c676ce","D16","MCRA","MCRA.AOS.S2","MCRA.SS.20240515.FIL","A00000296977","2024-05-15T15:08Z","2024-05-15T15:08Z","Illinois State Water Survey Central Analytical Laboratory",304.0,0.00574,5,"2024-05-17","B",,
"782f9cce-2b81-494e-9924-677ebe7db056","D16","MCRA","MCRA.AOS.S2","MCRA.SS.20240515.FIL","A00000296977","2024-05-15T15:08Z","2024-05-15T15:08Z","Illinois State Water Survey Central Analytical Laboratory",386.0,0.00156,5,"2024-05-17","B",,
"cd02f6f4-54f9-44a9-97cd-2668d4b4c405","D16","MCRA","MCRA.AOS.S2","MCRA.SS.20240515.FIL","A00000296977","2024-05-15T15:08Z","2024-05-15T15:08Z","Illinois State Water Survey Central Analytical Laboratory",340.0,0.00324,5,"2024-05-17","B",,
"f37eced4-b0ba-4bd1-a385-18721c305cf4","D16","MCRA","MCRA.AOS.S2","MCRA.SS.20240515.FIL","A00000296977","2024-05-15T15:08Z","2024-05-15T15:08Z","Illinois State Water Survey Central Analytical Laboratory",258.0,0.01024,5,"2024-05-17","B",,
"aa89c8d5-91a6-4273-bae5-d06d1491fb11","D16","MCRA","MCRA.AOS.S2","MCRA.SS.20240515.FIL","A00000296977","2024-05-15T15:08Z","2024-05-15T15:08Z","Illinois State Water Survey Central Analytical Laboratory",494.0,0.00038,5,"2024-05-17","B",,
"97cf0642-56a9-48fa-b541-a85bd7f195f4","D16","MCRA","MCRA.AOS.S2","MCRA.SS.20240515.FIL","A00000296977","2024-05-15T15:08Z","2024-05-15T15:08Z","Illinois State Water Survey Central Analytical Laboratory",490.0,0.00042,5,"2024-05-17","A",,
"7f9fba01-a9d8-4240-bb88-6a5c732da5cc","D16","MCRA","MCRA.AOS.S2","MCRA.SS.20240515.FIL","A00000296977","2024-05-15T15:08Z","2024-05-15T15:08Z","Illinois State Water Survey Central Analytical Laboratory",264.0,0.00970,5,"2024-05-17","B",,
"19b689e5-fa2f-4482-8114-d8b58b33f023","D16","MCRA","MCRA.AOS.S2","MCRA.SS.20240515.FIL","A00000296977","2024-05-15T15:08Z","2024-05-15T15:08Z","Illinois State Water Survey Central Analytical Laboratory",364.0,0.00226,5,"2024-05-17","A",,
"0aaf9149-0fe4-4c58-8114-6a755cf63a6c","D16","MCRA","MCRA.AOS.S2","MCRA.SS.20240515.FIL","A00000296977","2024-05-15T15:08Z","2024-05-15T15:08Z","Illinois State Water Survey Central Analytical Laboratory",418.0,0.00108,5,"2024-05-17","A",,
"7b25df93-fd1b-4e98-8489-b3175a7bc8e0","D16","MCRA","MCRA.AOS.S2","MCRA.SS.20240515.FIL","A00000296977","2024-05-15T15:08Z","2024-05-15T15:08Z","Illinois State Water Survey Central Analytical Laboratory",540.0,0.00028,5,"2024-05-17","A",,
"bae80209-26a2-4bd0-9cab-43ebdb10567f","D16","MCRA","MCRA.AOS.S2","MCRA.SS.20240515.FIL","A00000296977","2024-05-15T15:08Z","2024-05-15T15:08Z","Illinois State Water Survey Central Analytical Laboratory",522.0,0.00028,5,"2024-05-17","B",,
"8b2cee68-1289-42cb-b818-99471b4058c9","D16","MCRA","MCRA.AOS.S2","MCRA.SS.20240515.FIL","A00000296977","2024-05-15T15:08Z","2024-05-15T15:08Z","Illinois State Water Survey Central Analytical Laboratory",444.0,0.00064,5,"2024-05-17","B",,
"323aea9b-5c22-480d-9ead-7aeadf091c21","D16","MCRA","MCRA.AOS.S2","MCRA.SS.20240515.FIL","A00000296977","2024-05-15T15:08Z","2024-05-15T15:08Z","Illinois State Water Survey Central Analytical Laboratory",346.0,0.00286,5,"2024-05-17","A",,
"0569d4e8-ebaa-40ec-a6b1-0fb1d2baf2dd","D16","MCRA","MCRA.AOS.S2","MCRA.SS.20240515.FIL","A00000296977","2024-05-15T15:08Z","2024-05-15T15:08Z","Illinois State Water Survey Central Analytical Laboratory",308.0,0.00542,5,"2024-05-17","B",,
"68a6169e-0a60-44d8-93db-5333ff656410","D16","MCRA","MCRA.AOS.S2","MCRA.SS.20240515.FIL","A00000296977","2024-05-15T15:08Z","2024-05-15T15:08Z","Illinois State Water Survey Central Analytical Laboratory",408.0,0.00108,5,"2024-05-17","B",,
"6a64b537-df60-4622-88fa-8b509962c7a5","D16","MCRA","MCRA.AOS.S2","MCRA.SS.20240515.FIL","A00000296977","2024-05-15T15:08Z","2024-05-15T15:08Z","Illinois State Water Survey Central Analytical Laboratory",554.0,0.00036,5,"2024-05-17","B",,
"ee021a7a-ea36-4137-9be6-18ce7f9e8fd0","D16","MCRA","MCRA.AOS.S2","MCRA.SS.20240515.FIL","A00000296977","2024-05-15T15:08Z","2024-05-15T15:08Z","Illinois State Water Survey Central Analytical Laboratory",288.0,0.00728,5,"2024-05-17","A",,
"952934eb-65bf-4a60-a1d0-5d69f8e51a91","D16","MCRA","MCRA.AOS.S2","MCRA.SS.20240515.FIL","A00000296977","2024-05-15T15:08Z","2024-05-15T15:08Z","Illinois State Water Survey Central Analytical Laboratory",366.0,0.00212,5,"2024-05-17","B",,
"5028fe2c-5687-4de6-8721-4c9eb7749b8e","D16","MCRA","MCRA.AOS.S2","MCRA.SS.20240515.FIL","A00000296977","2024-05-15T15:08Z","2024-05-15T15:08Z","Illinois State Water Survey Central Analytical Laboratory",290.0,0.00706,5,"2024-05-17","B",,
"745e8d81-cb1f-4a68-91fe-ae6a540d2506","D16","MCRA","MCRA.AOS.S2","MCRA.SS.20240515.FIL","A00000296977","2024-05-15T15:08Z","2024-05-15T15:08Z","Illinois State Water Survey Central Analytical Laboratory",546.0,0.00038,5,"2024-05-17","B",,
"0fa933a9-ff51-475e-a5d0-de161dcf729b","D16","MCRA","MCRA.AOS.S2","MCRA.SS.20240515.FIL","A00000296977","2024-05-15T15:08Z","2024-05-15T15:08Z","Illinois State Water Survey Central Analytical Laboratory",566.0,0.00040,5,"2024-05-17","A",,
"4e8db08e-b35e-4dc9-9a98-f4af2c96d64f","D16","MCRA","MCRA.AOS.S2","MCRA.SS.20240515.FIL","A00000296977","2024-05-15T15:08Z","2024-05-15T15:08Z","Illinois State Water Survey Central Analytical Laboratory",382.0,0.00160,5,"2024-05-17","A",,
"3d264341-bd18-4f74-a9ac-9ff5e4ad00d0","D16","MCRA","MCRA.AOS.S2","MCRA.SS.20240515.FIL","A00000296977","2024-05-15T15:08Z","2024-05-15T15:08Z","Illinois State Water Survey Central Analytical Laboratory",532.0,0.00032,5,"2024-05-17","B",,
"906bd0bd-79ad-4c81-b244-e40959e28085","D16","MCRA","MCRA.AOS.S2","MCRA.SS.20240515.FIL","A00000296977","2024-05-15T15:08Z","2024-05-15T15:08Z","Illinois State Water Survey Central Analytical Laboratory",468.0,0.00046,5,"2024-05-17","B",,
"c309115c-9c4c-43ec-939f-5b33f33cadb6","D16","MCRA","MCRA.AOS.S2","MCRA.SS.20240515.FIL","A00000296977","2024-05-15T15:08Z","2024-05-15T15:08Z","Illinois State Water Survey Central Analytical Laboratory",296.0,0.00644,5,"2024-05-17","B",,
"7b574ef1-297b-4f80-9fb1-9bf37c447d0c","D16","MCRA","MCRA.AOS.S2","MCRA.SS.20240515.FIL","A00000296977","2024-05-15T15:08Z","2024-05-15T15:08Z","Illinois State Water Survey Central Analytical Laboratory",578.0,0.00030,5,"2024-05-17","A",,
"2e381614-3205-4366-abd7-e63b5fd67945","D16","MCRA","MCRA.AOS.S2","MCRA.SS.20240515.FIL","A00000296977","2024-05-15T15:08Z","2024-05-15T15:08Z","Illinois State Water Survey Central Analytical Laboratory",530.0,0.00038,5,"2024-05-17","B",,
"f1fd0a4f-3f51-4502-baa1-5762db73fedb","D16","MCRA","MCRA.AOS.S2","MCRA.SS.20240515.FIL","A00000296977","2024-05-15T15:08Z","2024-05-15T15:08Z","Illinois State Water Survey Central Analytical Laboratory",564.0,0.00052,5,"2024-05-17","B",,
"66a8c517-8bc2-476c-aba9-bf8ff6c4d23b","D16","MCRA","MCRA.AOS.S2","MCRA.SS.20240515.FIL","A00000296977","2024-05-15T15:08Z","2024-05-15T15:08Z","Illinois State Water Survey Central Analytical Laboratory",364.0,0.00226,5,"2024-05-17","B",,
"7530bb85-5f58-4012-b9a7-cdb824e395f7","D16","MCRA","MCRA.AOS.S2","MCRA.SS.20240515.FIL","A00000296977","2024-05-15T15:08Z","2024-05-15T15:08Z","Illinois State Water Survey Central Analytical Laboratory",540.0,0.00030,5,"2024-05-17","B",,
"fb5a1c50-9da4-4dd5-9d88-ed09ae14180c","D16","MCRA","MCRA.AOS.S2","MCRA.SS.20240515.FIL","A00000296977","2024-05-15T15:08Z","2024-05-15T15:08Z","Illinois State Water Survey Central Analytical Laboratory",276.0,0.00850,5,"2024-05-17","A",,
"e9632fa5-0ece-4e58-a261-127a1da63694","D16","MCRA","MCRA.AOS.S2","MCRA.SS.20240515.FIL","A00000296977","2024-05-15T15:08Z","2024-05-15T15:08Z","Illinois State Water Survey Central Analytical Laboratory",470.0,0.00054,5,"2024-05-17","A",,
"98333345-b671-4297-8926-95c760242d90","D16","MCRA","MCRA.AOS.S2","MCRA.SS.20240515.FIL","A00000296977","2024-05-15T15:08Z","2024-05-15T15:08Z","Illinois State Water Survey Central Analytical Laboratory",410.0,0.00106,5,"2024-05-17","B",,
"a11b72d7-c635-48b3-86f3-1b3661d581eb","D16","MCRA","MCRA.AOS.S2","MCRA.SS.20240515.FIL","A00000296977","2024-05-15T15:08Z","2024-05-15T15:08Z","Illinois State Water Survey Central Analytical Laboratory",568.0,0.00048,5,"2024-05-17","B",,
"50beb9c2-8e22-4c61-b7d1-0b37f0b3d1d1","D16","MCRA","MCRA.AOS.S2","MCRA.SS.20240515.FIL","A00000296977","2024-05-15T15:08Z","2024-05-15T15:08Z","Illinois State Water Survey Central Analytical Laboratory",434.0,0.00080,5,"2024-05-17","A",,
"8eed37b3-911a-4dbb-a0ec-e5c3cf8c0881","D16","MCRA","MCRA.AOS.S2","MCRA.SS.20240515.FIL","A00000296977","2024-05-15T15:08Z","2024-05-15T15:08Z","Illinois State Water Survey Central Analytical Laboratory",242.0,0.01226,5,"2024-05-17","A",,
"48e341c4-e79a-4bad-8e76-16f0618903a0","D16","MCRA","MCRA.AOS.S2","MCRA.SS.20240515.FIL","A00000296977","2024-05-15T15:08Z","2024-05-15T15:08Z","Illinois State Water Survey Central Analytical Laboratory",220.0,0.02128,5,"2024-05-17","B",,
"800721e7-c09d-459b-87fb-e17b78ddc4a6","D16","MCRA","MCRA.AOS.S2","MCRA.SS.20240515.FIL","A00000296977","2024-05-15T15:08Z","2024-05-15T15:08Z","Illinois State Water Survey Central Analytical Laboratory",310.0,0.00528,5,"2024-05-17","B",,
"f77d84d5-ca3d-45f5-8412-a7b3634bb619","D16","MCRA","MCRA.AOS.S2","MCRA.SS.20240515.FIL","A00000296977","2024-05-15T15:08Z","2024-05-15T15:08Z","Illinois State Water Survey Central Analytical Laboratory",524.0,0.00028,5,"2024-05-17","A",,
"b889d4cd-a8b1-44f2-bafe-5c5e3b136ee7","D16","MCRA","MCRA.AOS.S2","MCRA.SS.20240515.FIL","A00000296977","2024-05-15T15:08Z","2024-05-15T15:08Z","Illinois State Water Survey Central Analytical Laboratory",446.0,0.00078,5,"2024-05-17","A",,
"a201b9a8-86a8-4acc-a7d0-3b7a8d34b118","D16","MCRA","MCRA.AOS.S2","MCRA.SS.20240515.FIL","A00000296977","2024-05-15T15:08Z","2024-05-15T15:08Z","Illinois State Water Survey Central Analytical Laboratory",422.0,0.00098,5,"2024-05-17","B",,
"2fbc56ce-7175-4b55-abec-50f125fae066","D16","MCRA","MCRA.AOS.S2","MCRA.SS.20240515.FIL","A00000296977","2024-05-15T15:08Z","2024-05-15T15:08Z","Illinois State Water Survey Central Analytical Laboratory",404.0,0.00118,5,"2024-05-17","A",,
"c57599c5-c335-4de4-8fee-82759cb02734","D16","MCRA","MCRA.AOS.S2","MCRA.SS.20240515.FIL","A00000296977","2024-05-15T15:08Z","2024-05-15T15:08Z","Illinois State Water Survey Central Analytical Laboratory",236.0,0.01366,5,"2024-05-17","A",,
"b2775875-a326-4060-89c9-62b2c2dfed8c","D16","MCRA","MCRA.AOS.S2","MCRA.SS.20240515.FIL","A00000296977","2024-05-15T15:08Z","2024-05-15T15:08Z","Illinois State Water Survey Central Analytical Laboratory",330.0,0.00386,5,"2024-05-17","B",,
"14e9fcca-275d-43b3-ad48-410f9e9d8cc0","D16","MCRA","MCRA.AOS.S2","MCRA.SS.20240515.FIL","A00000296977","2024-05-15T15:08Z","2024-05-15T15:08Z","Illinois State Water Survey Central Analytical Laboratory",258.0,0.01022,5,"2024-05-17","A",,
"50437e42-8ed2-4aab-bef1-4d45207c7e08","D16","MCRA","MCRA.AOS.S2","MCRA.SS.20240515.FIL","A00000296977","2024-05-15T15:08Z","2024-05-15T15:08Z","Illinois State Water Survey Central Analytical Laboratory",378.0,0.00190,5,"2024-05-17","A",,
"bac2d149-e151-40f1-9f67-0ef01db49e2d","D16","MCRA","MCRA.AOS.S2","MCRA.SS.20240515.FIL","A00000296977","2024-05-15T15:08Z","2024-05-15T15:08Z","Illinois State Water Survey Central Analytical Laboratory",352.0,0.00262,5,"2024-05-17","A",,
"7bf523af-e3f2-4ceb-9643-92447b31768c","D16","MCRA","MCRA.AOS.S2","MCRA.SS.20240515.FIL","A00000296977","2024-05-15T15:08Z","2024-05-15T15:08Z","Illinois State Water Survey Central Analytical Laboratory",268.0,0.00928,5,"2024-05-17","A",,
"b35aeb5c-d821-49da-bb13-02415b7bcdb0","D16","MCRA","MCRA.AOS.S2","MCRA.SS.20240515.FIL","A00000296977","2024-05-15T15:08Z","2024-05-15T15:08Z","Illinois State Water Survey Central Analytical Laboratory",274.0,0.00868,5,"2024-05-17","A",,
"d022ac9e-c508-4f2c-8ad6-fd63c140aa2a","D16","MCRA","MCRA.AOS.S2","MCRA.SS.20240515.FIL","A00000296977","2024-05-15T15:08Z","2024-05-15T15:08Z","Illinois State Water Survey Central Analytical Laboratory",516.0,0.00032,5,"2024-05-17","A",,
"3ff3298c-4fc8-40e5-9ceb-ffaf27d49559","D16","MCRA","MCRA.AOS.S2","MCRA.SS.20240515.FIL","A00000296977","2024-05-15T15:08Z","2024-05-15T15:08Z","Illinois State Water Survey Central Analytical Laboratory",326.0,0.00418,5,"2024-05-17","A",,
"04a0a92b-0879-45e0-976a-7fe3dceb871b","D16","MCRA","MCRA.AOS.S2","MCRA.SS.20240515.FIL","A00000296977","2024-05-15T15:08Z","2024-05-15T15:08Z","Illinois State Water Survey Central Analytical Laboratory",526.0,0.00028,5,"2024-05-17","A",,
"8697fa2e-0fa0-4432-91ce-f516185b8623","D16","MCRA","MCRA.AOS.S2","MCRA.SS.20240515.FIL","A00000296977","2024-05-15T15:08Z","2024-05-15T15:08Z","Illinois State Water Survey Central Analytical Laboratory",504.0,0.00034,5,"2024-05-17","A",,
"44a1e8f1-c7b3-458f-a28e-f7e4cc378b90","D16","MCRA","MCRA.AOS.S2","MCRA.SS.20240515.FIL","A00000296977","2024-05-15T15:08Z","2024-05-15T15:08Z","Illinois State Water Survey Central Analytical Laboratory",514.0,0.00034,5,"2024-05-17","B",,
"b294c6e1-1628-4da9-b50c-61d67a166078","D16","MCRA","MCRA.AOS.S2","MCRA.SS.20240515.FIL","A00000296977","2024-05-15T15:08Z","2024-05-15T15:08Z","Illinois State Water Survey Central Analytical Laboratory",476.0,0.00050,5,"2024-05-17","A",,
"b945496c-7679-417f-9f41-5095319f8947","D16","MCRA","MCRA.AOS.S2","MCRA.SS.20240515.FIL","A00000296977","2024-05-15T15:08Z","2024-05-15T15:08Z","Illinois State Water Survey Central Analytical Laboratory",232.0,0.01484,5,"2024-05-17","A",,
"6274599f-80ca-4177-b763-c3d9f014f744","D16","MCRA","MCRA.AOS.S2","MCRA.SS.20240515.FIL","A00000296977","2024-05-15T15:08Z","2024-05-15T15:08Z","Illinois State Water Survey Central Analytical Laboratory",356.0,0.00258,5,"2024-05-17","A",,
"b327f6e3-07a8-417c-97b0-749c0d7284f9","D16","MCRA","MCRA.AOS.S2","MCRA.SS.20240515.FIL","A00000296977","2024-05-15T15:08Z","2024-05-15T15:08Z","Illinois State Water Survey Central Analytical Laboratory",272.0,0.00888,5,"2024-05-17","A",,
"0505c63f-3e23-44ff-aeaa-0824b30e8fc4","D16","MCRA","MCRA.AOS.S2","MCRA.SS.20240521.FIL","A00000296856","2024-05-21T15:04Z","2024-05-21T15:04Z","Illinois State Water Survey Central Analytical Laboratory",506.0,0.00038,5,"2024-05-23","B",,
"10a58119-22b3-4b8e-bdbd-4c6d7fbcc7dc","D16","MCRA","MCRA.AOS.S2","MCRA.SS.20240521.FIL","A00000296856","2024-05-21T15:04Z","2024-05-21T15:04Z","Illinois State Water Survey Central Analytical Laboratory",334.0,0.00336,5,"2024-05-23","B",,
"50072b04-c2cb-4ca1-bd03-828fcae449b1","D16","MCRA","MCRA.AOS.S2","MCRA.SS.20240521.FIL","A00000296856","2024-05-21T15:04Z","2024-05-21T15:04Z","Illinois State Water Survey Central Analytical Laboratory",272.0,0.00828,5,"2024-05-23","A",,
"ee6bb8e1-aee9-4394-8e3a-e8b395681f14","D16","MCRA","MCRA.AOS.S2","MCRA.SS.20240521.FIL","A00000296856","2024-05-21T15:04Z","2024-05-21T15:04Z","Illinois State Water Survey Central Analytical Laboratory",338.0,0.00306,5,"2024-05-23","A",,
"468d7bf8-e760-43c2-a341-5639f5568bca","D16","MCRA","MCRA.AOS.S2","MCRA.SS.20240521.FIL","A00000296856","2024-05-21T15:04Z","2024-05-21T15:04Z","Illinois State Water Survey Central Analytical Laboratory",308.0,0.00498,5,"2024-05-23","B",,
"1b47c92e-3530-4142-94ad-1088c800e01d","D16","MCRA","MCRA.AOS.S2","MCRA.SS.20240521.FIL","A00000296856","2024-05-21T15:04Z","2024-05-21T15:04Z","Illinois State Water Survey Central Analytical Laboratory",448.0,0.00068,5,"2024-05-23","A",,
"ebcf4f5d-8cc1-409c-b6bf-77024a6d9173","D16","MCRA","MCRA.AOS.S2","MCRA.SS.20240521.FIL","A00000296856","2024-05-21T15:04Z","2024-05-21T15:04Z","Illinois State Water Survey Central Analytical Laboratory",390.0,0.00140,5,"2024-05-23","B",,
"00e0e539-dbc0-4159-bf16-76a182ee18f8","D16","MCRA","MCRA.AOS.S2","MCRA.SS.20240521.FIL","A00000296856","2024-05-21T15:04Z","2024-05-21T15:04Z","Illinois State Water Survey Central Analytical Laboratory",226.0,0.01534,5,"2024-05-23","A",,
"1ad5901f-c449-466d-9d6a-19efbcea5056","D16","MCRA","MCRA.AOS.S2","MCRA.SS.20240521.FIL","A00000296856","2024-05-21T15:04Z","2024-05-21T15:04Z","Illinois State Water Survey Central Analytical Laboratory",562.0,0.00022,5,"2024-05-23","A",,
"889d5b9f-2349-4ce1-94e6-f85ec1df2288","D16","MCRA","MCRA.AOS.S2","MCRA.SS.20240521.FIL","A00000296856","2024-05-21T15:04Z","2024-05-21T15:04Z","Illinois State Water Survey Central Analytical Laboratory",484.0,0.00050,5,"2024-05-23","B",,
"498654ec-9803-4b61-ae91-4133363b84ca","D16","MCRA","MCRA.AOS.S2","MCRA.SS.20240521.FIL","A00000296856","2024-05-21T15:04Z","2024-05-21T15:04Z","Illinois State Water Survey Central Analytical Laboratory",518.0,0.00032,5,"2024-05-23","A",,
"839f503f-f6c9-4005-bbb6-f4c60447b27c","D16","MCRA","MCRA.AOS.S2","MCRA.SS.20240521.FIL","A00000296856","2024-05-21T15:04Z","2024-05-21T15:04Z","Illinois State Water Survey Central Analytical Laboratory",464.0,0.00052,5,"2024-05-23","A",,
"7b95ad6e-0952-4a7c-b647-0fe27d3d176f","D16","MCRA","MCRA.AOS.S2","MCRA.SS.20240521.FIL","A00000296856","2024-05-21T15:04Z","2024-05-21T15:04Z","Illinois State Water Survey Central Analytical Laboratory",258.0,0.00954,5,"2024-05-23","B",,
"7d04608a-786b-49d8-926c-059eef310219","D16","MCRA","MCRA.AOS.S2","MCRA.SS.20240521.FIL","A00000296856","2024-05-21T15:04Z","2024-05-21T15:04Z","Illinois State Water Survey Central Analytical Laboratory",296.0,0.00596,5,"2024-05-23","B",,
"09688e2c-f277-4ca1-a583-77e977bd0a78","D16","MCRA","MCRA.AOS.S2","MCRA.SS.20240521.FIL","A00000296856","2024-05-21T15:04Z","2024-05-21T15:04Z","Illinois State Water Survey Central Analytical Laboratory",306.0,0.00510,5,"2024-05-23","A",,
"6ef56b3d-4910-427d-821d-a6200db82bea","D16","MCRA","MCRA.AOS.S2","MCRA.SS.20240521.FIL","A00000296856","2024-05-21T15:04Z","2024-05-21T15:04Z","Illinois State Water Survey Central Analytical Laboratory",576.0,0.00028,5,"2024-05-23","A",,
"33e28b23-22fc-4f9b-a170-433cc910d9b1","D16","MCRA","MCRA.AOS.S2","MCRA.SS.20240521.FIL","A00000296856","2024-05-21T15:04Z","2024-05-21T15:04Z","Illinois State Water Survey Central Analytical Laboratory",224.0,0.01620,5,"2024-05-23","A",,
"df59ed6c-d211-4e74-9668-c84dd666a91f","D16","MCRA","MCRA.AOS.S2","MCRA.SS.20240521.FIL","A00000296856","2024-05-21T15:04Z","2024-05-21T15:04Z","Illinois State Water Survey Central Analytical Laboratory",366.0,0.00212,5,"2024-05-23","B",,
"ac41392e-6a7e-4734-b19e-9be4ccff1b51","D16","MCRA","MCRA.AOS.S2","MCRA.SS.20240521.FIL","A00000296856","2024-05-21T15:04Z","2024-05-21T15:04Z","Illinois State Water Survey Central Analytical Laboratory",466.0,0.00050,5,"2024-05-23","A",,
"6c34dc8a-85cc-4388-92ee-54486934b20d","D16","MCRA","MCRA.AOS.S2","MCRA.SS.20240521.FIL","A00000296856","2024-05-21T15:04Z","2024-05-21T15:04Z","Illinois State Water Survey Central Analytical Laboratory",572.0,0.00030,5,"2024-05-23","A",,
"b6fea57c-9ab6-47b7-87d7-a00d5b3a126c","D16","MCRA","MCRA.AOS.S2","MCRA.SS.20240521.FIL","A00000296856","2024-05-21T15:04Z","2024-05-21T15:04Z","Illinois State Water Survey Central Analytical Laboratory",434.0,0.00086,5,"2024-05-23","B",,
"bfb0beb7-cabe-4d08-93fe-36741e285cdf","D16","MCRA","MCRA.AOS.S2","MCRA.SS.20240521.FIL","A00000296856","2024-05-21T15:04Z","2024-05-21T15:04Z","Illinois State Water Survey Central Analytical Laboratory",480.0,0.00052,5,"2024-05-23","B",,
"c8b79cea-8f70-493d-8e0f-0645af28aeeb","D16","MCRA","MCRA.AOS.S2","MCRA.SS.20240521.FIL","A00000296856","2024-05-21T15:04Z","2024-05-21T15:04Z","Illinois State Water Survey Central Analytical Laboratory",576.0,0.00030,5,"2024-05-23","B",,
"a6a32e05-8d39-481c-9661-4585f5405c80","D16","MCRA","MCRA.AOS.S2","MCRA.SS.20240521.FIL","A00000296856","2024-05-21T15:04Z","2024-05-21T15:04Z","Illinois State Water Survey Central Analytical Laboratory",460.0,0.00058,5,"2024-05-23","A",,
"7f933922-3a9a-4738-ab72-4b20af6e075b","D16","MCRA","MCRA.AOS.S2","MCRA.SS.20240521.FIL","A00000296856","2024-05-21T15:04Z","2024-05-21T15:04Z","Illinois State Water Survey Central Analytical Laboratory",338.0,0.00312,5,"2024-05-23","B",,
"250ddae7-9066-440c-8777-96cbf1f2b570","D16","MCRA","MCRA.AOS.S2","MCRA.SS.20240521.FIL","A00000296856","2024-05-21T15:04Z","2024-05-21T15:04Z","Illinois State Water Survey Central Analytical Laboratory",330.0,0.00350,5,"2024-05-23","A",,
"bd9e945f-258a-4f0d-989f-e38a60222588","D16","MCRA","MCRA.AOS.S2","MCRA.SS.20240521.FIL","A00000296856","2024-05-21T15:04Z","2024-05-21T15:04Z","Illinois State Water Survey Central Analytical Laboratory",472.0,0.00050,5,"2024-05-23","B",,
"f17dd0cc-cf68-4adb-9a1e-517ed2a084ab","D16","MCRA","MCRA.AOS.S2","MCRA.SS.20240521.FIL","A00000296856","2024-05-21T15:04Z","2024-05-21T15:04Z","Illinois State Water Survey Central Analytical Laboratory",502.0,0.00040,5,"2024-05-23","A",,
"edd11b73-a9ab-4d87-a054-1360134168ca","D16","MCRA","MCRA.AOS.S2","MCRA.SS.20240521.FIL","A00000296856","2024-05-21T15:04Z","2024-05-21T15:04Z","Illinois State Water Survey Central Analytical Laboratory",418.0,0.00090,5,"2024-05-23","A",,
"5daa36a5-2577-4c1a-a50b-6f596ebe9aa7","D16","MCRA","MCRA.AOS.S2","MCRA.SS.20240521.FIL","A00000296856","2024-05-21T15:04Z","2024-05-21T15:04Z","Illinois State Water Survey Central Analytical Laboratory",310.0,0.00478,5,"2024-05-23","A",,
"b5caa459-6a5c-4e6e-88ce-45e516f4aaa5","D16","MCRA","MCRA.AOS.S2","MCRA.SS.20240521.FIL","A00000296856","2024-05-21T15:04Z","2024-05-21T15:04Z","Illinois State Water Survey Central Analytical Laboratory",360.0,0.00222,5,"2024-05-23","A",,
"114de655-23a1-4aaf-876c-0339edd7f2ee","D16","MCRA","MCRA.AOS.S2","MCRA.SS.20240521.FIL","A00000296856","2024-05-21T15:04Z","2024-05-21T15:04Z","Illinois State Water Survey Central Analytical Laboratory",484.0,0.00048,5,"2024-05-23","A",,
"af955e83-353e-4f5e-86d7-6d271ef660b6","D16","MCRA","MCRA.AOS.S2","MCRA.SS.20240521.FIL","A00000296856","2024-05-21T15:04Z","2024-05-21T15:04Z","Illinois State Water Survey Central Analytical Laboratory",526.0,0.00030,5,"2024-05-23","B",,
"d0afbff6-d6c9-48d5-a328-82d2a9650e5b","D16","MCRA","MCRA.AOS.S2","MCRA.SS.20240521.FIL","A00000296856","2024-05-21T15:04Z","2024-05-21T15:04Z","Illinois State Water Survey Central Analytical Laboratory",418.0,0.00098,5,"2024-05-23","B",,
"bc4f0e02-6f88-40bb-961d-133efdb5b6aa","D16","MCRA","MCRA.AOS.S2","MCRA.SS.20240521.FIL","A00000296856","2024-05-21T15:04Z","2024-05-21T15:04Z","Illinois State Water Survey Central Analytical Laboratory",498.0,0.00038,5,"2024-05-23","A",,
"e2c9613b-06fc-4bd7-9c54-d62645ae0d21","D16","MCRA","MCRA.AOS.S2","MCRA.SS.20240521.FIL","A00000296856","2024-05-21T15:04Z","2024-05-21T15:04Z","Illinois State Water Survey Central Analytical Laboratory",474.0,0.00052,5,"2024-05-23","A",,
"c90c2114-fc70-4a8a-8ec2-b5caa0ef43c4","D16","MCRA","MCRA.AOS.S2","MCRA.SS.20240521.FIL","A00000296856","2024-05-21T15:04Z","2024-05-21T15:04Z","Illinois State Water Survey Central Analytical Laboratory",274.0,0.00814,5,"2024-05-23","B",,
"a9935dd2-e180-4746-914a-fcdb91842e44","D16","MCRA","MCRA.AOS.S2","MCRA.SS.20240521.FIL","A00000296856","2024-05-21T15:04Z","2024-05-21T15:04Z","Illinois State Water Survey Central Analytical Laboratory",410.0,0.00104,5,"2024-05-23","A",,
"c3b93adc-c622-47c3-b76c-670a79ef4199","D16","MCRA","MCRA.AOS.S2","MCRA.SS.20240521.FIL","A00000296856","2024-05-21T15:04Z","2024-05-21T15:04Z","Illinois State Water Survey Central Analytical Laboratory",402.0,0.00122,5,"2024-05-23","A",,
"57bc34dc-7428-4031-8522-4d5f67cfd973","D16","MCRA","MCRA.AOS.S2","MCRA.SS.20240521.FIL","A00000296856","2024-05-21T15:04Z","2024-05-21T15:04Z","Illinois State Water Survey Central Analytical Laboratory",334.0,0.00332,5,"2024-05-23","A",,
"a1056163-ee09-4b93-ad9a-e05d84062f1e","D16","MCRA","MCRA.AOS.S2","MCRA.SS.20240521.FIL","A00000296856","2024-05-21T15:04Z","2024-05-21T15:04Z","Illinois State Water Survey Central Analytical Laboratory",496.0,0.00042,5,"2024-05-23","B",,
"6122aeb5-be03-471e-b44a-447f2aaf9e94","D16","MCRA","MCRA.AOS.S2","MCRA.SS.20240521.FIL","A00000296856","2024-05-21T15:04Z","2024-05-21T15:04Z","Illinois State Water Survey Central Analytical Laboratory",524.0,0.00030,5,"2024-05-23","B",,
"f58d168a-31a9-4b1a-9cee-90bb3bf32b86","D16","MCRA","MCRA.AOS.S2","MCRA.SS.20240521.FIL","A00000296856","2024-05-21T15:04Z","2024-05-21T15:04Z","Illinois State Water Survey Central Analytical Laboratory",376.0,0.00178,5,"2024-05-23","B",,
"953a1924-00ec-4f6f-8b9c-b137c9f5aa06","D16","MCRA","MCRA.AOS.S2","MCRA.SS.20240521.FIL","A00000296856","2024-05-21T15:04Z","2024-05-21T15:04Z","Illinois State Water Survey Central Analytical Laboratory",594.0,0.00018,5,"2024-05-23","B",,
"e88cea86-331c-4385-b8ec-c20cc49c2fc4","D16","MCRA","MCRA.AOS.S2","MCRA.SS.20240521.FIL","A00000296856","2024-05-21T15:04Z","2024-05-21T15:04Z","Illinois State Water Survey Central Analytical Laboratory",384.0,0.00146,5,"2024-05-23","A",,
"064a2c3c-6189-41c5-abbc-a80265d950eb","D16","MCRA","MCRA.AOS.S2","MCRA.SS.20240521.FIL","A00000296856","2024-05-21T15:04Z","2024-05-21T15:04Z","Illinois State Water Survey Central Analytical Laboratory",330.0,0.00354,5,"2024-05-23","B",,
"c201d277-ed62-465a-9df2-c398ce9d9f87","D16","MCRA","MCRA.AOS.S2","MCRA.SS.20240521.FIL","A00000296856","2024-05-21T15:04Z","2024-05-21T15:04Z","Illinois State Water Survey Central Analytical Laboratory",562.0,0.00022,5,"2024-05-23","B",,
"83069898-6293-43e0-8d60-cb608e4ae28d","D16","MCRA","MCRA.AOS.S2","MCRA.SS.20240521.FIL","A00000296856","2024-05-21T15:04Z","2024-05-21T15:04Z","Illinois State Water Survey Central Analytical Laboratory",288.0,0.00682,5,"2024-05-23","B",,
"fa4ec5b9-8738-4710-9f74-ff5ac337d958","D16","MCRA","MCRA.AOS.S2","MCRA.SS.20240521.FIL","A00000296856","2024-05-21T15:04Z","2024-05-21T15:04Z","Illinois State Water Survey Central Analytical Laboratory",252.0,0.01016,5,"2024-05-23","B",,
"bfde4035-6673-40c4-8ffc-5bd1ae42aa48","D16","MCRA","MCRA.AOS.S2","MCRA.SS.20240521.FIL","A00000296856","2024-05-21T15:04Z","2024-05-21T15:04Z","Illinois State Water Survey Central Analytical Laboratory",546.0,0.00030,5,"2024-05-23","B",,
"9171f9f3-faf9-4bad-898c-07ff4dfcf9e2","D16","MCRA","MCRA.AOS.S2","MCRA.SS.20240521.FIL","A00000296856","2024-05-21T15:04Z","2024-05-21T15:04Z","Illinois State Water Survey Central Analytical Laboratory",512.0,0.00038,5,"2024-05-23","A",,
"e1f974d3-8191-4910-b0c5-051f60a8fbd8","D16","MCRA","MCRA.AOS.S2","MCRA.SS.20240521.FIL","A00000296856","2024-05-21T15:04Z","2024-05-21T15:04Z","Illinois State Water Survey Central Analytical Laboratory",486.0,0.00046,5,"2024-05-23","A",,
"da20eb92-fc24-445c-9b7d-0bfbfdd18777","D16","MCRA","MCRA.AOS.S2","MCRA.SS.20240521.FIL","A00000296856","2024-05-21T15:04Z","2024-05-21T15:04Z","Illinois State Water Survey Central Analytical Laboratory",588.0,0.00016,5,"2024-05-23","A",,
"721d5d58-899c-46fb-b936-59bd1b1baa10","D16","MCRA","MCRA.AOS.S2","MCRA.SS.20240521.FIL","A00000296856","2024-05-21T15:04Z","2024-05-21T15:04Z","Illinois State Water Survey Central Analytical Laboratory",480.0,0.00046,5,"2024-05-23","A",,
"9dc3106a-d46f-4d72-9832-c31fbb136ffb","D16","MCRA","MCRA.AOS.S2","MCRA.SS.20240521.FIL","A00000296856","2024-05-21T15:04Z","2024-05-21T15:04Z","Illinois State Water Survey Central Analytical Laboratory",502.0,0.00040,5,"2024-05-23","B",,
"9d19b03b-2194-4771-bb7d-8c45bc2cfee2","D16","MCRA","MCRA.AOS.S2","MCRA.SS.20240521.FIL","A00000296856","2024-05-21T15:04Z","2024-05-21T15:04Z","Illinois State Water Survey Central Analytical Laboratory",446.0,0.00076,5,"2024-05-23","B",,
"3c787da4-88b4-426c-bc2c-598f3b3ae58e","D16","MCRA","MCRA.AOS.S2","MCRA.SS.20240521.FIL","A00000296856","2024-05-21T15:04Z","2024-05-21T15:04Z","Illinois State Water Survey Central Analytical Laboratory",554.0,0.00030,5,"2024-05-23","A",,
"f9c9f215-73f0-4a2d-8c9a-c319d8fb5964","D16","MCRA","MCRA.AOS.S2","MCRA.SS.20240521.FIL","A00000296856","2024-05-21T15:04Z","2024-05-21T15:04Z","Illinois State Water Survey Central Analytical Laboratory",300.0,0.00564,5,"2024-05-23","B",,
"1837a1a4-901f-4bc4-8fbd-f34886c45115","D16","MCRA","MCRA.AOS.S2","MCRA.SS.20240521.FIL","A00000296856","2024-05-21T15:04Z","2024-05-21T15:04Z","Illinois State Water Survey Central Analytical Laboratory",234.0,0.01310,5,"2024-05-23","A",,
"ac257bee-eaeb-47f2-ae98-f8e00a220a1f","D16","MCRA","MCRA.AOS.S2","MCRA.SS.20240521.FIL","A00000296856","2024-05-21T15:04Z","2024-05-21T15:04Z","Illinois State Water Survey Central Analytical Laboratory",396.0,0.00120,5,"2024-05-23","A",,
"95320562-d550-49c2-ab0e-83bcac791a3a","D16","MCRA","MCRA.AOS.S2","MCRA.SS.20240521.FIL","A00000296856","2024-05-21T15:04Z","2024-05-21T15:04Z","Illinois State Water Survey Central Analytical Laboratory",408.0,0.00120,5,"2024-05-23","B",,
"d93dcbe2-ea04-480b-84e1-bcb298ecb289","D16","MCRA","MCRA.AOS.S2","MCRA.SS.20240521.FIL","A00000296856","2024-05-21T15:04Z","2024-05-21T15:04Z","Illinois State Water Survey Central Analytical Laboratory",318.0,0.00432,5,"2024-05-23","B",,
"f9002e1b-f758-4544-9fae-8ae59f13c340","D16","MCRA","MCRA.AOS.S2","MCRA.SS.20240521.FIL","A00000296856","2024-05-21T15:04Z","2024-05-21T15:04Z","Illinois State Water Survey Central Analytical Laboratory",348.0,0.00270,5,"2024-05-23","B",,
"fb4e27ba-ea95-42ff-b4ec-372ec8105a42","D16","MCRA","MCRA.AOS.S2","MCRA.SS.20240521.FIL","A00000296856","2024-05-21T15:04Z","2024-05-21T15:04Z","Illinois State Water Survey Central Analytical Laboratory",262.0,0.00912,5,"2024-05-23","A",,
"1620ede6-5698-4fef-96dc-bf16320abc94","D16","MCRA","MCRA.AOS.S2","MCRA.SS.20240521.FIL","A00000296856","2024-05-21T15:04Z","2024-05-21T15:04Z","Illinois State Water Survey Central Analytical Laboratory",302.0,0.00546,5,"2024-05-23","B",,
"297ee634-29ac-4c84-a9eb-4b0e96d280f9","D16","MCRA","MCRA.AOS.S2","MCRA.SS.20240521.FIL","A00000296856","2024-05-21T15:04Z","2024-05-21T15:04Z","Illinois State Water Survey Central Analytical Laboratory",540.0,0.00032,5,"2024-05-23","A",,
"803e2476-b5b9-4f65-b263-55b2130c9033","D16","MCRA","MCRA.AOS.S2","MCRA.SS.20240521.FIL","A00000296856","2024-05-21T15:04Z","2024-05-21T15:04Z","Illinois State Water Survey Central Analytical Laboratory",582.0,0.00020,5,"2024-05-23","B",,
"c6e09301-c0c5-44a5-8b82-3bf66ddd85ad","D16","MCRA","MCRA.AOS.S2","MCRA.SS.20240521.FIL","A00000296856","2024-05-21T15:04Z","2024-05-21T15:04Z","Illinois State Water Survey Central Analytical Laboratory",328.0,0.00366,5,"2024-05-23","A",,
"fedb8b38-d165-4d9d-98bb-64a28784dd32","D16","MCRA","MCRA.AOS.S2","MCRA.SS.20240521.FIL","A00000296856","2024-05-21T15:04Z","2024-05-21T15:04Z","Illinois State Water Survey Central Analytical Laboratory",266.0,0.00884,5,"2024-05-23","B",,
"d5f39d2d-20cb-4e0b-a7d3-0b84e8290955","D16","MCRA","MCRA.AOS.S2","MCRA.SS.20240521.FIL","A00000296856","2024-05-21T15:04Z","2024-05-21T15:04Z","Illinois State Water Survey Central Analytical Laboratory",456.0,0.00060,5,"2024-05-23","A",,
"95bfe187-d6e5-44eb-83aa-e18b2ce024f2","D16","MCRA","MCRA.AOS.S2","MCRA.SS.20240521.FIL","A00000296856","2024-05-21T15:04Z","2024-05-21T15:04Z","Illinois State Water Survey Central Analytical Laboratory",552.0,0.00032,5,"2024-05-23","A",,
"f108fe54-c107-48d2-8fd9-a12fec9860c4","D16","MCRA","MCRA.AOS.S2","MCRA.SS.20240521.FIL","A00000296856","2024-05-21T15:04Z","2024-05-21T15:04Z","Illinois State Water Survey Central Analytical Laboratory",388.0,0.00138,5,"2024-05-23","A",,
"03752188-21f9-4c47-bbec-b88599d2d45f","D16","MCRA","MCRA.AOS.S2","MCRA.SS.20240521.FIL","A00000296856","2024-05-21T15:04Z","2024-05-21T15:04Z","Illinois State Water Survey Central Analytical Laboratory",346.0,0.00276,5,"2024-05-23","B",,
"17da5db9-e608-4163-b864-f6ec9f65eecb","D16","MCRA","MCRA.AOS.S2","MCRA.SS.20240521.FIL","A00000296856","2024-05-21T15:04Z","2024-05-21T15:04Z","Illinois State Water Survey Central Analytical Laboratory",460.0,0.00062,5,"2024-05-23","B",,
"62c36c4a-98b9-4a3f-b293-a5b5204d318b","D16","MCRA","MCRA.AOS.S2","MCRA.SS.20240521.FIL","A00000296856","2024-05-21T15:04Z","2024-05-21T15:04Z","Illinois State Water Survey Central Analytical Laboratory",344.0,0.00278,5,"2024-05-23","A",,
"78271e84-42c1-46c8-a08c-1bf1f592406d","D16","MCRA","MCRA.AOS.S2","MCRA.SS.20240521.FIL","A00000296856","2024-05-21T15:04Z","2024-05-21T15:04Z","Illinois State Water Survey Central Analytical Laboratory",376.0,0.00172,5,"2024-05-23","A",,
"cb08dac8-4b03-47f2-bd56-a74ce5dbe007","D16","MCRA","MCRA.AOS.S2","MCRA.SS.20240521.FIL","A00000296856","2024-05-21T15:04Z","2024-05-21T15:04Z","Illinois State Water Survey Central Analytical Laboratory",446.0,0.00070,5,"2024-05-23","A",,
"3d0b5c91-bbb5-49dc-883c-126490d1a362","D16","MCRA","MCRA.AOS.S2","MCRA.SS.20240521.FIL","A00000296856","2024-05-21T15:04Z","2024-05-21T15:04Z","Illinois State Water Survey Central Analytical Laboratory",454.0,0.00062,5,"2024-05-23","A",,
"eafe5cc2-25fd-4355-8ae4-7094d0697f9d","D16","MCRA","MCRA.AOS.S2","MCRA.SS.20240521.FIL","A00000296856","2024-05-21T15:04Z","2024-05-21T15:04Z","Illinois State Water Survey Central Analytical Laboratory",226.0,0.01546,5,"2024-05-23","B",,
"47be41c0-6c28-430f-848e-71ec9dd6ac68","D16","MCRA","MCRA.AOS.S2","MCRA.SS.20240521.FIL","A00000296856","2024-05-21T15:04Z","2024-05-21T15:04Z","Illinois State Water Survey Central Analytical Laboratory",294.0,0.00616,5,"2024-05-23","B",,
"a294ad5a-f392-4b7b-899f-03d790453ee7","D16","MCRA","MCRA.AOS.S2","MCRA.SS.20240521.FIL","A00000296856","2024-05-21T15:04Z","2024-05-21T15:04Z","Illinois State Water Survey Central Analytical Laboratory",548.0,0.00032,5,"2024-05-23","A",,
"0d0a4e84-ebe8-45b1-bdd2-f8c970fc2b58","D16","MCRA","MCRA.AOS.S2","MCRA.SS.20240521.FIL","A00000296856","2024-05-21T15:04Z","2024-05-21T15:04Z","Illinois State Water Survey Central Analytical Laboratory",260.0,0.00936,5,"2024-05-23","A",,
"51e58588-a681-43ed-bb80-847939605d02","D16","MCRA","MCRA.AOS.S2","MCRA.SS.20240521.FIL","A00000296856","2024-05-21T15:04Z","2024-05-21T15:04Z","Illinois State Water Survey Central Analytical Laboratory",486.0,0.00050,5,"2024-05-23","B",,
"8efa7e29-ceec-448b-a588-cd4c8626145e","D16","MCRA","MCRA.AOS.S2","MCRA.SS.20240521.FIL","A00000296856","2024-05-21T15:04Z","2024-05-21T15:04Z","Illinois State Water Survey Central Analytical Laboratory",356.0,0.00234,5,"2024-05-23","A",,
"3b123889-03ad-4f6c-94a0-1c496660051b","D16","MCRA","MCRA.AOS.S2","MCRA.SS.20240521.FIL","A00000296856","2024-05-21T15:04Z","2024-05-21T15:04Z","Illinois State Water Survey Central Analytical Laboratory",504.0,0.00036,5,"2024-05-23","A",,
"4c11b266-884b-4ee9-af97-00b42325301f","D16","MCRA","MCRA.AOS.S2","MCRA.SS.20240521.FIL","A00000296856","2024-05-21T15:04Z","2024-05-21T15:04Z","Illinois State Water Survey Central Analytical Laboratory",232.0,0.01372,5,"2024-05-23","B",,
"d2c1db59-462a-4483-a796-58e94cfc1ffd","D16","MCRA","MCRA.AOS.S2","MCRA.SS.20240521.FIL","A00000296856","2024-05-21T15:04Z","2024-05-21T15:04Z","Illinois State Water Survey Central Analytical Laboratory",362.0,0.00222,5,"2024-05-23","B",,
"a131f4c9-2070-4d3e-a1fe-433eb09fd8ab","D16","MCRA","MCRA.AOS.S2","MCRA.SS.20240521.FIL","A00000296856","2024-05-21T15:04Z","2024-05-21T15:04Z","Illinois State Water Survey Central Analytical Laboratory",328.0,0.00370,5,"2024-05-23","B",,
"60a11389-832f-490b-90e4-bc18ee30324c","D16","MCRA","MCRA.AOS.S2","MCRA.SS.20240521.FIL","A00000296856","2024-05-21T15:04Z","2024-05-21T15:04Z","Illinois State Water Survey Central Analytical Laboratory",316.0,0.00442,5,"2024-05-23","B",,
"7ce62843-7ac7-49b5-85ad-d30f2647a342","D16","MCRA","MCRA.AOS.S2","MCRA.SS.20240521.FIL","A00000296856","2024-05-21T15:04Z","2024-05-21T15:04Z","Illinois State Water Survey Central Analytical Laboratory",566.0,0.00036,5,"2024-05-23","B",,
"48100c0e-55b2-40b4-a89f-2dbca121af89","D16","MCRA","MCRA.AOS.S2","MCRA.SS.20240521.FIL","A00000296856","2024-05-21T15:04Z","2024-05-21T15:04Z","Illinois State Water Survey Central Analytical Laboratory",406.0,0.00114,5,"2024-05-23","A",,
"cb12a575-89f9-4242-8b38-ac7a37623dc5","D16","MCRA","MCRA.AOS.S2","MCRA.SS.20240521.FIL","A00000296856","2024-05-21T15:04Z","2024-05-21T15:04Z","Illinois State Water Survey Central Analytical Laboratory",300.0,0.00556,5,"2024-05-23","A",,
"281b040d-ac31-400d-95d2-635a6c198241","D16","MCRA","MCRA.AOS.S2","MCRA.SS.20240521.FIL","A00000296856","2024-05-21T15:04Z","2024-05-21T15:04Z","Illinois State Water Survey Central Analytical Laboratory",420.0,0.00094,5,"2024-05-23","A",,
"ae6a03a8-ae66-43da-a7fa-14bb10954d90","D16","MCRA","MCRA.AOS.S2","MCRA.SS.20240521.FIL","A00000296856","2024-05-21T15:04Z","2024-05-21T15:04Z","Illinois State Water Survey Central Analytical Laboratory",464.0,0.00058,5,"2024-05-23","B",,
"566c90ab-944c-495a-957b-4d0e0e2f1113","D16","MCRA","MCRA.AOS.S2","MCRA.SS.20240521.FIL","A00000296856","2024-05-21T15:04Z","2024-05-21T15:04Z","Illinois State Water Survey Central Analytical Laboratory",282.0,0.00732,5,"2024-05-23","A",,
"f4716c49-7729-4e92-b775-e65e7d55ccf9","D16","MCRA","MCRA.AOS.S2","MCRA.SS.20240521.FIL","A00000296856","2024-05-21T15:04Z","2024-05-21T15:04Z","Illinois State Water Survey Central Analytical Laboratory",568.0,0.00034,5,"2024-05-23","B",,
"cc77a28c-625c-4c7d-bbd2-ed85c9cec13c","D16","MCRA","MCRA.AOS.S2","MCRA.SS.20240521.FIL","A00000296856","2024-05-21T15:04Z","2024-05-21T15:04Z","Illinois State Water Survey Central Analytical Laboratory",256.0,0.00968,5,"2024-05-23","A",,
"a8437402-24c5-4ec2-996d-399067845571","D16","MCRA","MCRA.AOS.S2","MCRA.SS.20240521.FIL","A00000296856","2024-05-21T15:04Z","2024-05-21T15:04Z","Illinois State Water Survey Central Analytical Laboratory",318.0,0.00430,5,"2024-05-23","A",,
"6447c2c0-de74-4798-9d70-4d85179c448d","D16","MCRA","MCRA.AOS.S2","MCRA.SS.20240521.FIL","A00000296856","2024-05-21T15:04Z","2024-05-21T15:04Z","Illinois State Water Survey Central Analytical Laboratory",470.0,0.00056,5,"2024-05-23","B",,
"619971a8-0cf1-43ae-a6fd-72e61102c27a","D16","MCRA","MCRA.AOS.S2","MCRA.SS.20240521.FIL","A00000296856","2024-05-21T15:04Z","2024-05-21T15:04Z","Illinois State Water Survey Central Analytical Laboratory",476.0,0.00054,5,"2024-05-23","B",,
"056fb810-eaee-4c62-87b2-e89b6e4c7421","D16","MCRA","MCRA.AOS.S2","MCRA.SS.20240521.FIL","A00000296856","2024-05-21T15:04Z","2024-05-21T15:04Z","Illinois State Water Survey Central Analytical Laboratory",414.0,0.00102,5,"2024-05-23","B",,
"4f6e12a2-21d1-434b-acf2-60855d259443","D16","MCRA","MCRA.AOS.S2","MCRA.SS.20240521.FIL","A00000296856","2024-05-21T15:04Z","2024-05-21T15:04Z","Illinois State Water Survey Central Analytical Laboratory",392.0,0.00130,5,"2024-05-23","A",,
"a5527983-87af-49ca-be2b-53cb039b824d","D16","MCRA","MCRA.AOS.S2","MCRA.SS.20240521.FIL","A00000296856","2024-05-21T15:04Z","2024-05-21T15:04Z","Illinois State Water Survey Central Analytical Laboratory",298.0,0.00582,5,"2024-05-23","B",,
"248324de-9338-4cd6-9cb6-c568aee3f041","D16","MCRA","MCRA.AOS.S2","MCRA.SS.20240521.FIL","A00000296856","2024-05-21T15:04Z","2024-05-21T15:04Z","Illinois State Water Survey Central Analytical Laboratory",510.0,0.00034,5,"2024-05-23","A",,
"29639c06-c3d6-43a7-920a-c2189d1b17a5","D16","MCRA","MCRA.AOS.S2","MCRA.SS.20240521.FIL","A00000296856","2024-05-21T15:04Z","2024-05-21T15:04Z","Illinois State Water Survey Central Analytical Laboratory",374.0,0.00180,5,"2024-05-23","A",,
"645b64fd-c203-4002-861d-1241fea4d7af","D16","MCRA","MCRA.AOS.S2","MCRA.SS.20240521.FIL","A00000296856","2024-05-21T15:04Z","2024-05-21T15:04Z","Illinois State Water Survey Central Analytical Laboratory",578.0,0.00028,5,"2024-05-23","A",,
"b4f55e59-b714-4ef0-9476-aa31cf17f891","D16","MCRA","MCRA.AOS.S2","MCRA.SS.20240521.FIL","A00000296856","2024-05-21T15:04Z","2024-05-21T15:04Z","Illinois State Water Survey Central Analytical Laboratory",534.0,0.00026,5,"2024-05-23","A",,
"aab4627b-f19b-44f1-8700-1a3835e1bf04","D16","MCRA","MCRA.AOS.S2","MCRA.SS.20240521.FIL","A00000296856","2024-05-21T15:04Z","2024-05-21T15:04Z","Illinois State Water Survey Central Analytical Laboratory",564.0,0.00028,5,"2024-05-23","A",,
"8f5d1119-88e6-400e-ac0d-d07ab719f005","D16","MCRA","MCRA.AOS.S2","MCRA.SS.20240521.FIL","A00000296856","2024-05-21T15:04Z","2024-05-21T15:04Z","Illinois State Water Survey Central Analytical Laboratory",314.0,0.00446,5,"2024-05-23","A",,
"ba87e573-1363-42c5-bce6-82e2d84bea49","D16","MCRA","MCRA.AOS.S2","MCRA.SS.20240521.FIL","A00000296856","2024-05-21T15:04Z","2024-05-21T15:04Z","Illinois State Water Survey Central Analytical Laboratory",416.0,0.00094,5,"2024-05-23","A",,
"368f5877-85b0-45ab-8e99-bb236cd6d35e","D16","MCRA","MCRA.AOS.S2","MCRA.SS.20240521.FIL","A00000296856","2024-05-21T15:04Z","2024-05-21T15:04Z","Illinois State Water Survey Central Analytical Laboratory",394.0,0.00136,5,"2024-05-23","B",,
"a385c287-5091-4780-8365-f361f0a22fc8","D16","MCRA","MCRA.AOS.S2","MCRA.SS.20240521.FIL","A00000296856","2024-05-21T15:04Z","2024-05-21T15:04Z","Illinois State Water Survey Central Analytical Laboratory",522.0,0.00026,5,"2024-05-23","A",,
"18a5f4b9-ddf7-4ff0-981d-dca4e7b3d6de","D16","MCRA","MCRA.AOS.S2","MCRA.SS.20240521.FIL","A00000296856","2024-05-21T15:04Z","2024-05-21T15:04Z","Illinois State Water Survey Central Analytical Laboratory",240.0,0.01190,5,"2024-05-23","B",,
"606c313b-cae6-481d-b81d-036e6759c316","D16","MCRA","MCRA.AOS.S2","MCRA.SS.20240521.FIL","A00000296856","2024-05-21T15:04Z","2024-05-21T15:04Z","Illinois State Water Survey Central Analytical Laboratory",572.0,0.00032,5,"2024-05-23","B",,
"7d88dfa1-f912-4f49-9a0b-622d0b5b286f","D16","MCRA","MCRA.AOS.S2","MCRA.SS.20240521.FIL","A00000296856","2024-05-21T15:04Z","2024-05-21T15:04Z","Illinois State Water Survey Central Analytical Laboratory",248.0,0.01064,5,"2024-05-23","B",,
"1bfbad4f-eadc-4deb-9ab9-fd1fd3309460","D16","MCRA","MCRA.AOS.S2","MCRA.SS.20240521.FIL","A00000296856","2024-05-21T15:04Z","2024-05-21T15:04Z","Illinois State Water Survey Central Analytical Laboratory",438.0,0.00078,5,"2024-05-23","A",,
"58e0af69-3b93-48ed-bd85-07ca7f1825d0","D16","MCRA","MCRA.AOS.S2","MCRA.SS.20240521.FIL","A00000296856","2024-05-21T15:04Z","2024-05-21T15:04Z","Illinois State Water Survey Central Analytical Laboratory",326.0,0.00374,5,"2024-05-23","A",,
"bd73ac2e-e4f1-432c-afba-4969726b0485","D16","MCRA","MCRA.AOS.S2","MCRA.SS.20240521.FIL","A00000296856","2024-05-21T15:04Z","2024-05-21T15:04Z","Illinois State Water Survey Central Analytical Laboratory",236.0,0.01264,5,"2024-05-23","A",,
"f46dbdbe-b52f-4209-a36f-204f53eeaacf","D16","MCRA","MCRA.AOS.S2","MCRA.SS.20240521.FIL","A00000296856","2024-05-21T15:04Z","2024-05-21T15:04Z","Illinois State Water Survey Central Analytical Laboratory",478.0,0.00048,5,"2024-05-23","A",,
"a1a8b12e-0cb6-4f73-82c5-3e982c520fef","D16","MCRA","MCRA.AOS.S2","MCRA.SS.20240521.FIL","A00000296856","2024-05-21T15:04Z","2024-05-21T15:04Z","Illinois State Water Survey Central Analytical Laboratory",432.0,0.00084,5,"2024-05-23","A",,
"910fbb1f-dce8-4246-b5ee-655ba0e927fe","D16","MCRA","MCRA.AOS.S2","MCRA.SS.20240521.FIL","A00000296856","2024-05-21T15:04Z","2024-05-21T15:04Z","Illinois State Water Survey Central Analytical Laboratory",494.0,0.00038,5,"2024-05-23","A",,
"99fdbe84-4a06-4838-b4f1-bcec9b1a27b7","D16","MCRA","MCRA.AOS.S2","MCRA.SS.20240521.FIL","A00000296856","2024-05-21T15:04Z","2024-05-21T15:04Z","Illinois State Water Survey Central Analytical Laboratory",420.0,0.00100,5,"2024-05-23","B",,
"74dfbef3-e155-4530-b360-4c8658a338a3","D16","MCRA","MCRA.AOS.S2","MCRA.SS.20240521.FIL","A00000296856","2024-05-21T15:04Z","2024-05-21T15:04Z","Illinois State Water Survey Central Analytical Laboratory",550.0,0.00034,5,"2024-05-23","A",,
"154f48da-3fa3-467e-9d8a-87a6e8942319","D16","MCRA","MCRA.AOS.S2","MCRA.SS.20240521.FIL","A00000296856","2024-05-21T15:04Z","2024-05-21T15:04Z","Illinois State Water Survey Central Analytical Laboratory",500.0,0.00038,5,"2024-05-23","B",,
"59e1d1c7-f61b-4fe3-a974-1d92685b1125","D16","MCRA","MCRA.AOS.S2","MCRA.SS.20240521.FIL","A00000296856","2024-05-21T15:04Z","2024-05-21T15:04Z","Illinois State Water Survey Central Analytical Laboratory",598.0,0.00018,5,"2024-05-23","B",,
"98a1236a-0d2d-4afb-ab38-ef7c49c0a8ba","D16","MCRA","MCRA.AOS.S2","MCRA.SS.20240521.FIL","A00000296856","2024-05-21T15:04Z","2024-05-21T15:04Z","Illinois State Water Survey Central Analytical Laboratory",406.0,0.00124,5,"2024-05-23","B",,
"9183cee8-ccc2-4d6d-8abf-ae9e557d6269","D16","MCRA","MCRA.AOS.S2","MCRA.SS.20240521.FIL","A00000296856","2024-05-21T15:04Z","2024-05-21T15:04Z","Illinois State Water Survey Central Analytical Laboratory",340.0,0.00302,5,"2024-05-23","B",,
"0e7019eb-a424-4c01-8ecf-4c6b84e66193","D16","MCRA","MCRA.AOS.S2","MCRA.SS.20240521.FIL","A00000296856","2024-05-21T15:04Z","2024-05-21T15:04Z","Illinois State Water Survey Central Analytical Laboratory",246.0,0.01086,5,"2024-05-23","B",,
"582e7ef6-1f64-4b10-9337-4faf08634d12","D16","MCRA","MCRA.AOS.S2","MCRA.SS.20240521.FIL","A00000296856","2024-05-21T15:04Z","2024-05-21T15:04Z","Illinois State Water Survey Central Analytical Laboratory",220.0,0.01810,5,"2024-05-23","A",,
"6833475a-2af1-456e-823d-14e61c15d4b3","D16","MCRA","MCRA.AOS.S2","MCRA.SS.20240521.FIL","A00000296856","2024-05-21T15:04Z","2024-05-21T15:04Z","Illinois State Water Survey Central Analytical Laboratory",272.0,0.00834,5,"2024-05-23","B",,
"d718cdd9-dc44-4771-bd89-1ee020bf38ca","D16","MCRA","MCRA.AOS.S2","MCRA.SS.20240521.FIL","A00000296856","2024-05-21T15:04Z","2024-05-21T15:04Z","Illinois State Water Survey Central Analytical Laboratory",430.0,0.00090,5,"2024-05-23","B",,
"edcecb1d-1390-4a7a-9d4f-490bcb707081","D16","MCRA","MCRA.AOS.S2","MCRA.SS.20240521.FIL","A00000296856","2024-05-21T15:04Z","2024-05-21T15:04Z","Illinois State Water Survey Central Analytical Laboratory",308.0,0.00492,5,"2024-05-23","A",,
"0a1aadd4-834e-4cfb-8f21-240b88d2ecb5","D16","MCRA","MCRA.AOS.S2","MCRA.SS.20240521.FIL","A00000296856","2024-05-21T15:04Z","2024-05-21T15:04Z","Illinois State Water Survey Central Analytical Laboratory",242.0,0.01140,5,"2024-05-23","A",,
"97210b5b-9ae0-4b49-9e7c-a923bfc764ec","D16","MCRA","MCRA.AOS.S2","MCRA.SS.20240521.FIL","A00000296856","2024-05-21T15:04Z","2024-05-21T15:04Z","Illinois State Water Survey Central Analytical Laboratory",264.0,0.00904,5,"2024-05-23","B",,
"74b03771-3a10-4560-b67c-b5c0bd9e1801","D16","MCRA","MCRA.AOS.S2","MCRA.SS.20240521.FIL","A00000296856","2024-05-21T15:04Z","2024-05-21T15:04Z","Illinois State Water Survey Central Analytical Laboratory",372.0,0.00184,5,"2024-05-23","A",,
"c59255b0-625f-4a99-b9c0-106ef46ae292","D16","MCRA","MCRA.AOS.S2","MCRA.SS.20240521.FIL","A00000296856","2024-05-21T15:04Z","2024-05-21T15:04Z","Illinois State Water Survey Central Analytical Laboratory",536.0,0.00028,5,"2024-05-23","A",,
"6125d45e-2557-4b6a-9912-4c3189c27f27","D16","MCRA","MCRA.AOS.S2","MCRA.SS.20240521.FIL","A00000296856","2024-05-21T15:04Z","2024-05-21T15:04Z","Illinois State Water Survey Central Analytical Laboratory",394.0,0.00124,5,"2024-05-23","A",,
"53b08e75-b3fd-4a1b-aea8-c1c31ec747c2","D16","MCRA","MCRA.AOS.S2","MCRA.SS.20240521.FIL","A00000296856","2024-05-21T15:04Z","2024-05-21T15:04Z","Illinois State Water Survey Central Analytical Laboratory",506.0,0.00034,5,"2024-05-23","A",,
"5139e318-b8f4-4676-acf9-3bfb320d312d","D16","MCRA","MCRA.AOS.S2","MCRA.SS.20240521.FIL","A00000296856","2024-05-21T15:04Z","2024-05-21T15:04Z","Illinois State Water Survey Central Analytical Laboratory",312.0,0.00470,5,"2024-05-23","B",,
"b1d0d094-3274-4a90-8929-7f241b0bfaa2","D16","MCRA","MCRA.AOS.S2","MCRA.SS.20240521.FIL","A00000296856","2024-05-21T15:04Z","2024-05-21T15:04Z","Illinois State Water Survey Central Analytical Laboratory",574.0,0.00028,5,"2024-05-23","A",,
"b755731f-7ba2-4d21-8bbd-f2f10bad0cec","D16","MCRA","MCRA.AOS.S2","MCRA.SS.20240521.FIL","A00000296856","2024-05-21T15:04Z","2024-05-21T15:04Z","Illinois State Water Survey Central Analytical Laboratory",554.0,0.00030,5,"2024-05-23","B",,
"52fb1aac-3360-4076-84fd-c45797ab9042","D16","MCRA","MCRA.AOS.S2","MCRA.SS.20240521.FIL","A00000296856","2024-05-21T15:04Z","2024-05-21T15:04Z","Illinois State Water Survey Central Analytical Laboratory",364.0,0.00208,5,"2024-05-23","A",,
"12d6cd7b-d12f-46e3-acf9-00fc62f836b6","D16","MCRA","MCRA.AOS.S2","MCRA.SS.20240521.FIL","A00000296856","2024-05-21T15:04Z","2024-05-21T15:04Z","Illinois State Water Survey Central Analytical Laboratory",574.0,0.00034,5,"2024-05-23","B",,
"70c4f43c-2125-4cd0-9c59-5940d95ec618","D16","MCRA","MCRA.AOS.S2","MCRA.SS.20240521.FIL","A00000296856","2024-05-21T15:04Z","2024-05-21T15:04Z","Illinois State Water Survey Central Analytical Laboratory",570.0,0.00030,5,"2024-05-23","B",,
"68f44a4d-f061-40ad-9985-3b958ca993db","D16","MCRA","MCRA.AOS.S2","MCRA.SS.20240521.FIL","A00000296856","2024-05-21T15:04Z","2024-05-21T15:04Z","Illinois State Water Survey Central Analytical Laboratory",242.0,0.01150,5,"2024-05-23","B",,
"881636c5-8809-4155-9027-a046dc153cad","D16","MCRA","MCRA.AOS.S2","MCRA.SS.20240521.FIL","A00000296856","2024-05-21T15:04Z","2024-05-21T15:04Z","Illinois State Water Survey Central Analytical Laboratory",324.0,0.00390,5,"2024-05-23","B",,
"cd88b7c9-848c-465f-a3b4-f2b3efc1f3d4","D16","MCRA","MCRA.AOS.S2","MCRA.SS.20240521.FIL","A00000296856","2024-05-21T15:04Z","2024-05-21T15:04Z","Illinois State Water Survey Central Analytical Laboratory",270.0,0.00844,5,"2024-05-23","B",,
"74e2d578-2f12-45d5-a860-6225b01031c2","D16","MCRA","MCRA.AOS.S2","MCRA.SS.20240521.FIL","A00000296856","2024-05-21T15:04Z","2024-05-21T15:04Z","Illinois State Water Survey Central Analytical Laboratory",600.0,0.00022,5,"2024-05-23","A",,
"c142ba18-9774-49bd-a8b6-8752c7d1f31d","D16","MCRA","MCRA.AOS.S2","MCRA.SS.20240521.FIL","A00000296856","2024-05-21T15:04Z","2024-05-21T15:04Z","Illinois State Water Survey Central Analytical Laboratory",336.0,0.00320,5,"2024-05-23","A",,
"ace24224-77ca-41da-b5b7-dccf480d9ae2","D16","MCRA","MCRA.AOS.S2","MCRA.SS.20240521.FIL","A00000296856","2024-05-21T15:04Z","2024-05-21T15:04Z","Illinois State Water Survey Central Analytical Laboratory",458.0,0.00066,5,"2024-05-23","B",,
"58834efe-174a-4685-88a8-da0bcbe36b18","D16","MCRA","MCRA.AOS.S2","MCRA.SS.20240521.FIL","A00000296856","2024-05-21T15:04Z","2024-05-21T15:04Z","Illinois State Water Survey Central Analytical Laboratory",412.0,0.00102,5,"2024-05-23","A",,
"0ae83631-5aa7-4ed0-8e79-34c77c6eacea","D16","MCRA","MCRA.AOS.S2","MCRA.SS.20240521.FIL","A00000296856","2024-05-21T15:04Z","2024-05-21T15:04Z","Illinois State Water Survey Central Analytical Laboratory",322.0,0.00406,5,"2024-05-23","B",,
"179534f1-ee01-49d6-8024-9647d0e366fa","D16","MCRA","MCRA.AOS.S2","MCRA.SS.20240521.FIL","A00000296856","2024-05-21T15:04Z","2024-05-21T15:04Z","Illinois State Water Survey Central Analytical Laboratory",230.0,0.01418,5,"2024-05-23","A",,
"f8173287-2537-487d-b8bc-e48ac1aba55a","D16","MCRA","MCRA.AOS.S2","MCRA.SS.20240521.FIL","A00000296856","2024-05-21T15:04Z","2024-05-21T15:04Z","Illinois State Water Survey Central Analytical Laboratory",310.0,0.00484,5,"2024-05-23","B",,
"24bc0fe3-311c-4d1d-9b1d-f333b3b46121","D16","MCRA","MCRA.AOS.S2","MCRA.SS.20240521.FIL","A00000296856","2024-05-21T15:04Z","2024-05-21T15:04Z","Illinois State Water Survey Central Analytical Laboratory",388.0,0.00144,5,"2024-05-23","B",,
"8d9c7b1e-792f-40bc-9ed4-59f9fb801538","D16","MCRA","MCRA.AOS.S2","MCRA.SS.20240521.FIL","A00000296856","2024-05-21T15:04Z","2024-05-21T15:04Z","Illinois State Water Survey Central Analytical Laboratory",412.0,0.00104,5,"2024-05-23","B",,
"0b992c4f-92f8-4ddd-840a-3ac864974f9d","D16","MCRA","MCRA.AOS.S2","MCRA.SS.20240521.FIL","A00000296856","2024-05-21T15:04Z","2024-05-21T15:04Z","Illinois State Water Survey Central Analytical Laboratory",264.0,0.00894,5,"2024-05-23","A",,
"d91be3d6-7b5d-4297-b7ec-08fd51197c64","D16","MCRA","MCRA.AOS.S2","MCRA.SS.20240521.FIL","A00000296856","2024-05-21T15:04Z","2024-05-21T15:04Z","Illinois State Water Survey Central Analytical Laboratory",342.0,0.00294,5,"2024-05-23","B",,
"41841d32-8f96-4556-a95b-0fda5beef690","D16","MCRA","MCRA.AOS.S2","MCRA.SS.20240521.FIL","A00000296856","2024-05-21T15:04Z","2024-05-21T15:04Z","Illinois State Water Survey Central Analytical Laboratory",280.0,0.00752,5,"2024-05-23","A",,
"4d4fc331-cdac-44f8-8b9a-4a70eca33fd9","D16","MCRA","MCRA.AOS.S2","MCRA.SS.20240521.FIL","A00000296856","2024-05-21T15:04Z","2024-05-21T15:04Z","Illinois State Water Survey Central Analytical Laboratory",588.0,0.00014,5,"2024-05-23","B",,
"8f6ee8e6-6692-4118-8752-4809d1dde2f9","D16","MCRA","MCRA.AOS.S2","MCRA.SS.20240521.FIL","A00000296856","2024-05-21T15:04Z","2024-05-21T15:04Z","Illinois State Water Survey Central Analytical Laboratory",222.0,0.01720,5,"2024-05-23","B",,
"fd8a30ae-7b12-479e-b9e6-da848230c6a2","D16","MCRA","MCRA.AOS.S2","MCRA.SS.20240521.FIL","A00000296856","2024-05-21T15:04Z","2024-05-21T15:04Z","Illinois State Water Survey Central Analytical Laboratory",298.0,0.00574,5,"2024-05-23","A",,
"8026da2f-db4c-43bc-b017-8dc4bc47ddc0","D16","MCRA","MCRA.AOS.S2","MCRA.SS.20240521.FIL","A00000296856","2024-05-21T15:04Z","2024-05-21T15:04Z","Illinois State Water Survey Central Analytical Laboratory",540.0,0.00030,5,"2024-05-23","B",,
"d056686c-6be1-49e8-a1e5-4e2aaca20aca","D16","MCRA","MCRA.AOS.S2","MCRA.SS.20240521.FIL","A00000296856","2024-05-21T15:04Z","2024-05-21T15:04Z","Illinois State Water Survey Central Analytical Laboratory",422.0,0.00090,5,"2024-05-23","B",,
"fd7a6d18-372a-4d74-b221-60e90d31a468","D16","MCRA","MCRA.AOS.S2","MCRA.SS.20240521.FIL","A00000296856","2024-05-21T15:04Z","2024-05-21T15:04Z","Illinois State Water Survey Central Analytical Laboratory",462.0,0.00060,5,"2024-05-23","B",,
"5a4c681e-0882-413f-8dd2-801044df1446","D16","MCRA","MCRA.AOS.S2","MCRA.SS.20240521.FIL","A00000296856","2024-05-21T15:04Z","2024-05-21T15:04Z","Illinois State Water Survey Central Analytical Laboratory",594.0,0.00018,5,"2024-05-23","A",,
"ca2507d3-855d-4b0f-a177-0ae4bdf04ed8","D16","MCRA","MCRA.AOS.S2","MCRA.SS.20240521.FIL","A00000296856","2024-05-21T15:04Z","2024-05-21T15:04Z","Illinois State Water Survey Central Analytical Laboratory",344.0,0.00284,5,"2024-05-23","B",,
"bdf5a37c-88af-4204-9896-e12966799469","D16","MCRA","MCRA.AOS.S2","MCRA.SS.20240521.FIL","A00000296856","2024-05-21T15:04Z","2024-05-21T15:04Z","Illinois State Water Survey Central Analytical Laboratory",492.0,0.00046,5,"2024-05-23","B",,
"c7e85134-a0b3-4ff9-8ba4-1e6a79968ca9","D16","MCRA","MCRA.AOS.S2","MCRA.SS.20240521.FIL","A00000296856","2024-05-21T15:04Z","2024-05-21T15:04Z","Illinois State Water Survey Central Analytical Laboratory",342.0,0.00290,5,"2024-05-23","A",,
"4a94d620-6775-4538-8abc-9bf28cb7b40b","D16","MCRA","MCRA.AOS.S2","MCRA.SS.20240521.FIL","A00000296856","2024-05-21T15:04Z","2024-05-21T15:04Z","Illinois State Water Survey Central Analytical Laboratory",584.0,0.00024,5,"2024-05-23","B",,
"98bd5473-13ea-40aa-8bec-4965050cf692","D16","MCRA","MCRA.AOS.S2","MCRA.SS.20240521.FIL","A00000296856","2024-05-21T15:04Z","2024-05-21T15:04Z","Illinois State Water Survey Central Analytical Laboratory",526.0,0.00030,5,"2024-05-23","A",,
"c3ef0e71-2fae-49ba-97e7-ff150b456172","D16","MCRA","MCRA.AOS.S2","MCRA.SS.20240521.FIL","A00000296856","2024-05-21T15:04Z","2024-05-21T15:04Z","Illinois State Water Survey Central Analytical Laboratory",560.0,0.00036,5,"2024-05-23","B",,
"83f65bea-21de-4a92-918f-48cf47b0e797","D16","MCRA","MCRA.AOS.S2","MCRA.SS.20240521.FIL","A00000296856","2024-05-21T15:04Z","2024-05-21T15:04Z","Illinois State Water Survey Central Analytical Laboratory",432.0,0.00090,5,"2024-05-23","B",,
"9a371bb1-6acf-4eac-82fe-66bdbc1b4760","D16","MCRA","MCRA.AOS.S2","MCRA.SS.20240521.FIL","A00000296856","2024-05-21T15:04Z","2024-05-21T15:04Z","Illinois State Water Survey Central Analytical Laboratory",306.0,0.00518,5,"2024-05-23","B",,
"2f0daae3-4249-4934-b251-62565fce522d","D16","MCRA","MCRA.AOS.S2","MCRA.SS.20240521.FIL","A00000296856","2024-05-21T15:04Z","2024-05-21T15:04Z","Illinois State Water Survey Central Analytical Laboratory",536.0,0.00030,5,"2024-05-23","B",,
"dcd3aa7b-920d-48c8-abc9-e2d4919c4700","D16","MCRA","MCRA.AOS.S2","MCRA.SS.20240521.FIL","A00000296856","2024-05-21T15:04Z","2024-05-21T15:04Z","Illinois State Water Survey Central Analytical Laboratory",558.0,0.00030,5,"2024-05-23","B",,
"adf122e1-95a2-473e-a7bf-617e772195ee","D16","MCRA","MCRA.AOS.S2","MCRA.SS.20240521.FIL","A00000296856","2024-05-21T15:04Z","2024-05-21T15:04Z","Illinois State Water Survey Central Analytical Laboratory",294.0,0.00610,5,"2024-05-23","A",,
"851d90f3-defc-4120-b64c-9b765a0e9963","D16","MCRA","MCRA.AOS.S2","MCRA.SS.20240521.FIL","A00000296856","2024-05-21T15:04Z","2024-05-21T15:04Z","Illinois State Water Survey Central Analytical Laboratory",302.0,0.00540,5,"2024-05-23","A",,
"9150ef18-819a-4958-b61d-f3133cad2f49","D16","MCRA","MCRA.AOS.S2","MCRA.SS.20240521.FIL","A00000296856","2024-05-21T15:04Z","2024-05-21T15:04Z","Illinois State Water Survey Central Analytical Laboratory",456.0,0.00064,5,"2024-05-23","B",,
"de4db63f-058d-44fe-8d62-b519cd382f49","D16","MCRA","MCRA.AOS.S2","MCRA.SS.20240521.FIL","A00000296856","2024-05-21T15:04Z","2024-05-21T15:04Z","Illinois State Water Survey Central Analytical Laboratory",280.0,0.00762,5,"2024-05-23","B",,
"d0e015ee-7393-47b0-a3f3-15dd8772cf0c","D16","MCRA","MCRA.AOS.S2","MCRA.SS.20240521.FIL","A00000296856","2024-05-21T15:04Z","2024-05-21T15:04Z","Illinois State Water Survey Central Analytical Laboratory",530.0,0.00030,5,"2024-05-23","A",,
"76f0a825-958e-455f-be21-a2c9d093d983","D16","MCRA","MCRA.AOS.S2","MCRA.SS.20240521.FIL","A00000296856","2024-05-21T15:04Z","2024-05-21T15:04Z","Illinois State Water Survey Central Analytical Laboratory",286.0,0.00696,5,"2024-05-23","A",,
"3648653b-1a15-40fa-a970-869061ae678f","D16","MCRA","MCRA.AOS.S2","MCRA.SS.20240521.FIL","A00000296856","2024-05-21T15:04Z","2024-05-21T15:04Z","Illinois State Water Survey Central Analytical Laboratory",356.0,0.00236,5,"2024-05-23","B",,
"8ba61d55-0ba4-408b-a716-54a9b064799e","D16","MCRA","MCRA.AOS.S2","MCRA.SS.20240521.FIL","A00000296856","2024-05-21T15:04Z","2024-05-21T15:04Z","Illinois State Water Survey Central Analytical Laboratory",288.0,0.00676,5,"2024-05-23","A",,
"0867a36e-f5bc-4832-9817-fb2fae09c3ba","D16","MCRA","MCRA.AOS.S2","MCRA.SS.20240521.FIL","A00000296856","2024-05-21T15:04Z","2024-05-21T15:04Z","Illinois State Water Survey Central Analytical Laboratory",380.0,0.00166,5,"2024-05-23","B",,
"d673146e-5e6e-4867-beaf-c824a4a9121e","D16","MCRA","MCRA.AOS.S2","MCRA.SS.20240521.FIL","A00000296856","2024-05-21T15:04Z","2024-05-21T15:04Z","Illinois State Water Survey Central Analytical Laboratory",224.0,0.01630,5,"2024-05-23","B",,
"45ea2b0b-e388-41c5-815e-a4fc27c89778","D16","MCRA","MCRA.AOS.S2","MCRA.SS.20240521.FIL","A00000296856","2024-05-21T15:04Z","2024-05-21T15:04Z","Illinois State Water Survey Central Analytical Laboratory",488.0,0.00048,5,"2024-05-23","B",,
"a64a0832-a97f-49ee-85f4-d0d21cf4e3f3","D16","MCRA","MCRA.AOS.S2","MCRA.SS.20240521.FIL","A00000296856","2024-05-21T15:04Z","2024-05-21T15:04Z","Illinois State Water Survey Central Analytical Laboratory",378.0,0.00170,5,"2024-05-23","B",,
"ed62a185-e74b-4461-9297-8b4eef461ab4","D16","MCRA","MCRA.AOS.S2","MCRA.SS.20240521.FIL","A00000296856","2024-05-21T15:04Z","2024-05-21T15:04Z","Illinois State Water Survey Central Analytical Laboratory",396.0,0.00134,5,"2024-05-23","B",,
"4a596773-2efd-42c6-be18-7bdc4f48686f","D16","MCRA","MCRA.AOS.S2","MCRA.SS.20240521.FIL","A00000296856","2024-05-21T15:04Z","2024-05-21T15:04Z","Illinois State Water Survey Central Analytical Laboratory",452.0,0.00062,5,"2024-05-23","A",,
"4a9cbaf4-4bbf-4099-a719-efb6ce19c3a2","D16","MCRA","MCRA.AOS.S2","MCRA.SS.20240521.FIL","A00000296856","2024-05-21T15:04Z","2024-05-21T15:04Z","Illinois State Water Survey Central Analytical Laboratory",386.0,0.00150,5,"2024-05-23","B",,
"9e176179-1864-4520-8e59-aa0b8e9ffdc0","D16","MCRA","MCRA.AOS.S2","MCRA.SS.20240521.FIL","A00000296856","2024-05-21T15:04Z","2024-05-21T15:04Z","Illinois State Water Survey Central Analytical Laboratory",468.0,0.00056,5,"2024-05-23","B",,
"48b9172f-ff03-45b4-a0b1-a18b396ac6d9","D16","MCRA","MCRA.AOS.S2","MCRA.SS.20240521.FIL","A00000296856","2024-05-21T15:04Z","2024-05-21T15:04Z","Illinois State Water Survey Central Analytical Laboratory",238.0,0.01220,5,"2024-05-23","A",,
"84c2d6f0-bb05-42fe-b449-98e752a6406d","D16","MCRA","MCRA.AOS.S2","MCRA.SS.20240521.FIL","A00000296856","2024-05-21T15:04Z","2024-05-21T15:04Z","Illinois State Water Survey Central Analytical Laboratory",284.0,0.00714,5,"2024-05-23","A",,
"c685b9b2-d71a-4475-80ec-744810a94401","D16","MCRA","MCRA.AOS.S2","MCRA.SS.20240521.FIL","A00000296856","2024-05-21T15:04Z","2024-05-21T15:04Z","Illinois State Water Survey Central Analytical Laboratory",426.0,0.00084,5,"2024-05-23","A",,
"d97e7fa7-b155-48d2-92b0-003bfff666d8","D16","MCRA","MCRA.AOS.S2","MCRA.SS.20240521.FIL","A00000296856","2024-05-21T15:04Z","2024-05-21T15:04Z","Illinois State Water Survey Central Analytical Laboratory",544.0,0.00032,5,"2024-05-23","B",,
"04e2c6e3-9bbc-4ecc-8721-6095c7708707","D16","MCRA","MCRA.AOS.S2","MCRA.SS.20240521.FIL","A00000296856","2024-05-21T15:04Z","2024-05-21T15:04Z","Illinois State Water Survey Central Analytical Laboratory",410.0,0.00110,5,"2024-05-23","B",,
"08745b5a-b7bf-4af9-81f7-259cda0c4587","D16","MCRA","MCRA.AOS.S2","MCRA.SS.20240521.FIL","A00000296856","2024-05-21T15:04Z","2024-05-21T15:04Z","Illinois State Water Survey Central Analytical Laboratory",352.0,0.00252,5,"2024-05-23","A",,
"c7043cbe-1962-45c5-9a8f-59d33f86c817","D16","MCRA","MCRA.AOS.S2","MCRA.SS.20240521.FIL","A00000296856","2024-05-21T15:04Z","2024-05-21T15:04Z","Illinois State Water Survey Central Analytical Laboratory",452.0,0.00066,5,"2024-05-23","B",,
"ba15e46d-438b-48cd-804a-c791db3952b6","D16","MCRA","MCRA.AOS.S2","MCRA.SS.20240521.FIL","A00000296856","2024-05-21T15:04Z","2024-05-21T15:04Z","Illinois State Water Survey Central Analytical Laboratory",402.0,0.00130,5,"2024-05-23","B",,
"29f39e86-2e90-47e1-8f91-deda12097d14","D16","MCRA","MCRA.AOS.S2","MCRA.SS.20240521.FIL","A00000296856","2024-05-21T15:04Z","2024-05-21T15:04Z","Illinois State Water Survey Central Analytical Laboratory",350.0,0.00256,5,"2024-05-23","A",,
"f22df318-aab8-462c-99b6-7a4a2d148932","D16","MCRA","MCRA.AOS.S2","MCRA.SS.20240521.FIL","A00000296856","2024-05-21T15:04Z","2024-05-21T15:04Z","Illinois State Water Survey Central Analytical Laboratory",262.0,0.00920,5,"2024-05-23","B",,
"f7d4acc8-3c8f-4763-bc82-a58b96bdb700","D16","MCRA","MCRA.AOS.S2","MCRA.SS.20240521.FIL","A00000296856","2024-05-21T15:04Z","2024-05-21T15:04Z","Illinois State Water Survey Central Analytical Laboratory",316.0,0.00436,5,"2024-05-23","A",,
"55274bc5-f0e2-4db9-b8cb-f92c6afc3f9d","D16","MCRA","MCRA.AOS.S2","MCRA.SS.20240521.FIL","A00000296856","2024-05-21T15:04Z","2024-05-21T15:04Z","Illinois State Water Survey Central Analytical Laboratory",246.0,0.01078,5,"2024-05-23","A",,
"df8f7626-2d99-4170-acca-bfbd3c51b7da","D16","MCRA","MCRA.AOS.S2","MCRA.SS.20240521.FIL","A00000296856","2024-05-21T15:04Z","2024-05-21T15:04Z","Illinois State Water Survey Central Analytical Laboratory",494.0,0.00044,5,"2024-05-23","B",,
"62af3a86-ef56-499b-8686-56b988c478af","D16","MCRA","MCRA.AOS.S2","MCRA.SS.20240521.FIL","A00000296856","2024-05-21T15:04Z","2024-05-21T15:04Z","Illinois State Water Survey Central Analytical Laboratory",364.0,0.00216,5,"2024-05-23","B",,
"14fcfd0d-dec9-4cb1-8b8f-c9fafa714ad2","D16","MCRA","MCRA.AOS.S2","MCRA.SS.20240521.FIL","A00000296856","2024-05-21T15:04Z","2024-05-21T15:04Z","Illinois State Water Survey Central Analytical Laboratory",448.0,0.00070,5,"2024-05-23","B",,
"b4800d8f-1370-4e51-ac8f-9a6877a79561","D16","MCRA","MCRA.AOS.S2","MCRA.SS.20240521.FIL","A00000296856","2024-05-21T15:04Z","2024-05-21T15:04Z","Illinois State Water Survey Central Analytical Laboratory",416.0,0.00104,5,"2024-05-23","B",,
"cacbf591-9b34-437e-af2d-0891724f3e27","D16","MCRA","MCRA.AOS.S2","MCRA.SS.20240521.FIL","A00000296856","2024-05-21T15:04Z","2024-05-21T15:04Z","Illinois State Water Survey Central Analytical Laboratory",556.0,0.00028,5,"2024-05-23","B",,
"502aa68d-99ab-461d-a8f4-6684119ba2d3","D16","MCRA","MCRA.AOS.S2","MCRA.SS.20240521.FIL","A00000296856","2024-05-21T15:04Z","2024-05-21T15:04Z","Illinois State Water Survey Central Analytical Laboratory",400.0,0.00124,5,"2024-05-23","A",,
"08cbf964-30db-4d51-877a-5a9acdd3baba","D16","MCRA","MCRA.AOS.S2","MCRA.SS.20240521.FIL","A00000296856","2024-05-21T15:04Z","2024-05-21T15:04Z","Illinois State Water Survey Central Analytical Laboratory",490.0,0.00044,5,"2024-05-23","A",,
"7312d61d-565b-4792-973c-0a009b1a7b2e","D16","MCRA","MCRA.AOS.S2","MCRA.SS.20240521.FIL","A00000296856","2024-05-21T15:04Z","2024-05-21T15:04Z","Illinois State Water Survey Central Analytical Laboratory",322.0,0.00400,5,"2024-05-23","A",,
"975869b0-ce92-4195-b4c9-d63be54f1288","D16","MCRA","MCRA.AOS.S2","MCRA.SS.20240521.FIL","A00000296856","2024-05-21T15:04Z","2024-05-21T15:04Z","Illinois State Water Survey Central Analytical Laboratory",324.0,0.00386,5,"2024-05-23","A",,
"4737071a-4307-4052-b7a7-1dbb8ecf89d4","D16","MCRA","MCRA.AOS.S2","MCRA.SS.20240521.FIL","A00000296856","2024-05-21T15:04Z","2024-05-21T15:04Z","Illinois State Water Survey Central Analytical Laboratory",286.0,0.00704,5,"2024-05-23","B",,
"1b4d101a-93a4-46c5-82ea-f75a6d297c8d","D16","MCRA","MCRA.AOS.S2","MCRA.SS.20240521.FIL","A00000296856","2024-05-21T15:04Z","2024-05-21T15:04Z","Illinois State Water Survey Central Analytical Laboratory",436.0,0.00086,5,"2024-05-23","B",,
"c69dd775-91af-4c7a-a4d3-f2f6632af64a","D16","MCRA","MCRA.AOS.S2","MCRA.SS.20240521.FIL","A00000296856","2024-05-21T15:04Z","2024-05-21T15:04Z","Illinois State Water Survey Central Analytical Laboratory",582.0,0.00020,5,"2024-05-23","A",,
"6631ad6f-8d04-48a6-a5fd-fa0eae8b2b13","D16","MCRA","MCRA.AOS.S2","MCRA.SS.20240521.FIL","A00000296856","2024-05-21T15:04Z","2024-05-21T15:04Z","Illinois State Water Survey Central Analytical Laboratory",580.0,0.00028,5,"2024-05-23","A",,
"4a7e4ef0-1983-4848-91b0-26c7539be051","D16","MCRA","MCRA.AOS.S2","MCRA.SS.20240521.FIL","A00000296856","2024-05-21T15:04Z","2024-05-21T15:04Z","Illinois State Water Survey Central Analytical Laboratory",362.0,0.00214,5,"2024-05-23","A",,
"e0438cca-5cb5-45fa-94e0-6b1d4dde4162","D16","MCRA","MCRA.AOS.S2","MCRA.SS.20240521.FIL","A00000296856","2024-05-21T15:04Z","2024-05-21T15:04Z","Illinois State Water Survey Central Analytical Laboratory",500.0,0.00038,5,"2024-05-23","A",,
"3e29bd09-0e3f-4c51-bc96-79f556f3d3c9","D16","MCRA","MCRA.AOS.S2","MCRA.SS.20240521.FIL","A00000296856","2024-05-21T15:04Z","2024-05-21T15:04Z","Illinois State Water Survey Central Analytical Laboratory",534.0,0.00030,5,"2024-05-23","B",,
"4ae43063-1d7e-441f-9801-33503727c558","D16","MCRA","MCRA.AOS.S2","MCRA.SS.20240521.FIL","A00000296856","2024-05-21T15:04Z","2024-05-21T15:04Z","Illinois State Water Survey Central Analytical Laboratory",444.0,0.00070,5,"2024-05-23","A",,
"eebee3c6-2806-4f46-bbc0-59b4e218e05b","D16","MCRA","MCRA.AOS.S2","MCRA.SS.20240521.FIL","A00000296856","2024-05-21T15:04Z","2024-05-21T15:04Z","Illinois State Water Survey Central Analytical Laboratory",552.0,0.00026,5,"2024-05-23","B",,
"23123887-9bd5-4e2b-9549-25bf5d7ff67c","D16","MCRA","MCRA.AOS.S2","MCRA.SS.20240521.FIL","A00000296856","2024-05-21T15:04Z","2024-05-21T15:04Z","Illinois State Water Survey Central Analytical Laboratory",444.0,0.00074,5,"2024-05-23","B",,
"9fa1a83d-b9c1-4bd9-a6a8-9c80d8b34592","D16","MCRA","MCRA.AOS.S2","MCRA.SS.20240521.FIL","A00000296856","2024-05-21T15:04Z","2024-05-21T15:04Z","Illinois State Water Survey Central Analytical Laboratory",472.0,0.00048,5,"2024-05-23","A",,
"0c3f8234-b3c7-4a3b-9aa7-36b14de483ea","D16","MCRA","MCRA.AOS.S2","MCRA.SS.20240521.FIL","A00000296856","2024-05-21T15:04Z","2024-05-21T15:04Z","Illinois State Water Survey Central Analytical Laboratory",542.0,0.00032,5,"2024-05-23","B",,
"fa6d6210-4be7-494b-9acf-95643e8fa9b0","D16","MCRA","MCRA.AOS.S2","MCRA.SS.20240521.FIL","A00000296856","2024-05-21T15:04Z","2024-05-21T15:04Z","Illinois State Water Survey Central Analytical Laboratory",504.0,0.00040,5,"2024-05-23","B",,
"d8fb0ab4-0418-4c15-981a-5d6ebe978203","D16","MCRA","MCRA.AOS.S2","MCRA.SS.20240521.FIL","A00000296856","2024-05-21T15:04Z","2024-05-21T15:04Z","Illinois State Water Survey Central Analytical Laboratory",234.0,0.01320,5,"2024-05-23","B",,
"ed28d6ac-2af5-4c1a-aa4c-a34aaf60f173","D16","MCRA","MCRA.AOS.S2","MCRA.SS.20240521.FIL","A00000296856","2024-05-21T15:04Z","2024-05-21T15:04Z","Illinois State Water Survey Central Analytical Laboratory",320.0,0.00418,5,"2024-05-23","A",,
"fe9fece9-c9c9-40a3-9898-39c03fd3af1a","D16","MCRA","MCRA.AOS.S2","MCRA.SS.20240521.FIL","A00000296856","2024-05-21T15:04Z","2024-05-21T15:04Z","Illinois State Water Survey Central Analytical Laboratory",426.0,0.00090,5,"2024-05-23","B",,
"3c185053-709f-4430-a88c-ba9bd29484c3","D16","MCRA","MCRA.AOS.S2","MCRA.SS.20240521.FIL","A00000296856","2024-05-21T15:04Z","2024-05-21T15:04Z","Illinois State Water Survey Central Analytical Laboratory",434.0,0.00082,5,"2024-05-23","A",,
"1fe73f49-d9f1-4b65-a35e-8a94bb18d6e3","D16","MCRA","MCRA.AOS.S2","MCRA.SS.20240521.FIL","A00000296856","2024-05-21T15:04Z","2024-05-21T15:04Z","Illinois State Water Survey Central Analytical Laboratory",454.0,0.00068,5,"2024-05-23","B",,
"2c45df7b-2b00-4f84-a9ec-cd92a88aa2a7","D16","MCRA","MCRA.AOS.S2","MCRA.SS.20240521.FIL","A00000296856","2024-05-21T15:04Z","2024-05-21T15:04Z","Illinois State Water Survey Central Analytical Laboratory",268.0,0.00860,5,"2024-05-23","A",,
"521dc9a1-21ad-428d-82fd-b464ad3f13a2","D16","MCRA","MCRA.AOS.S2","MCRA.SS.20240521.FIL","A00000296856","2024-05-21T15:04Z","2024-05-21T15:04Z","Illinois State Water Survey Central Analytical Laboratory",560.0,0.00030,5,"2024-05-23","A",,
"4411d036-5715-4dc5-a29e-49d518d0d305","D16","MCRA","MCRA.AOS.S2","MCRA.SS.20240521.FIL","A00000296856","2024-05-21T15:04Z","2024-05-21T15:04Z","Illinois State Water Survey Central Analytical Laboratory",384.0,0.00154,5,"2024-05-23","B",,
"ef2f51fc-892c-488a-81fb-e8c22f9869e5","D16","MCRA","MCRA.AOS.S2","MCRA.SS.20240521.FIL","A00000296856","2024-05-21T15:04Z","2024-05-21T15:04Z","Illinois State Water Survey Central Analytical Laboratory",404.0,0.00132,5,"2024-05-23","B",,
"38b77d40-a0af-4b18-b667-a352f1019a95","D16","MCRA","MCRA.AOS.S2","MCRA.SS.20240521.FIL","A00000296856","2024-05-21T15:04Z","2024-05-21T15:04Z","Illinois State Water Survey Central Analytical Laboratory",228.0,0.01476,5,"2024-05-23","B",,
"d2a68b38-6703-4f02-a4f5-47d3d477df81","D16","MCRA","MCRA.AOS.S2","MCRA.SS.20240521.FIL","A00000296856","2024-05-21T15:04Z","2024-05-21T15:04Z","Illinois State Water Survey Central Analytical Laboratory",510.0,0.00038,5,"2024-05-23","B",,
"629c143c-afad-400c-a2eb-13cc9939cae3","D16","MCRA","MCRA.AOS.S2","MCRA.SS.20240521.FIL","A00000296856","2024-05-21T15:04Z","2024-05-21T15:04Z","Illinois State Water Survey Central Analytical Laboratory",254.0,0.00994,5,"2024-05-23","B",,
"aa5f93a7-0ac6-4541-bc4b-57b11189fe7f","D16","MCRA","MCRA.AOS.S2","MCRA.SS.20240521.FIL","A00000296856","2024-05-21T15:04Z","2024-05-21T15:04Z","Illinois State Water Survey Central Analytical Laboratory",558.0,0.00034,5,"2024-05-23","A",,
"2fa0af65-e251-4806-8662-65e72169bc58","D16","MCRA","MCRA.AOS.S2","MCRA.SS.20240521.FIL","A00000296856","2024-05-21T15:04Z","2024-05-21T15:04Z","Illinois State Water Survey Central Analytical Laboratory",556.0,0.00022,5,"2024-05-23","A",,
"ffc4f117-3322-4902-927a-5e2308418448","D16","MCRA","MCRA.AOS.S2","MCRA.SS.20240521.FIL","A00000296856","2024-05-21T15:04Z","2024-05-21T15:04Z","Illinois State Water Survey Central Analytical Laboratory",466.0,0.00054,5,"2024-05-23","B",,
"e831903c-fda2-4083-9d02-888743589037","D16","MCRA","MCRA.AOS.S2","MCRA.SS.20240521.FIL","A00000296856","2024-05-21T15:04Z","2024-05-21T15:04Z","Illinois State Water Survey Central Analytical Laboratory",374.0,0.00188,5,"2024-05-23","B",,
"85a346c9-72f2-4109-a9ba-ae1cc7226126","D16","MCRA","MCRA.AOS.S2","MCRA.SS.20240521.FIL","A00000296856","2024-05-21T15:04Z","2024-05-21T15:04Z","Illinois State Water Survey Central Analytical Laboratory",450.0,0.00070,5,"2024-05-23","B",,
"10b0afab-ab17-4cbf-ae97-508d8802fb05","D16","MCRA","MCRA.AOS.S2","MCRA.SS.20240521.FIL","A00000296856","2024-05-21T15:04Z","2024-05-21T15:04Z","Illinois State Water Survey Central Analytical Laboratory",468.0,0.00050,5,"2024-05-23","A",,
"1783a65b-2019-4cb7-95c8-6bc9bb5efb3b","D16","MCRA","MCRA.AOS.S2","MCRA.SS.20240521.FIL","A00000296856","2024-05-21T15:04Z","2024-05-21T15:04Z","Illinois State Water Survey Central Analytical Laboratory",522.0,0.00032,5,"2024-05-23","B",,
"a9cbb4c1-2532-4378-9c73-313e517bdc91","D16","MCRA","MCRA.AOS.S2","MCRA.SS.20240521.FIL","A00000296856","2024-05-21T15:04Z","2024-05-21T15:04Z","Illinois State Water Survey Central Analytical Laboratory",566.0,0.00034,5,"2024-05-23","A",,
"feb5d033-c3c0-464f-a6ce-c46beea6657a","D16","MCRA","MCRA.AOS.S2","MCRA.SS.20240521.FIL","A00000296856","2024-05-21T15:04Z","2024-05-21T15:04Z","Illinois State Water Survey Central Analytical Laboratory",382.0,0.00158,5,"2024-05-23","B",,
"41c5302f-02b1-444a-8984-1d07bc164694","D16","MCRA","MCRA.AOS.S2","MCRA.SS.20240521.FIL","A00000296856","2024-05-21T15:04Z","2024-05-21T15:04Z","Illinois State Water Survey Central Analytical Laboratory",404.0,0.00118,5,"2024-05-23","A",,
"9594d4e0-1a9f-48db-8635-1df74e8385dc","D16","MCRA","MCRA.AOS.S2","MCRA.SS.20240521.FIL","A00000296856","2024-05-21T15:04Z","2024-05-21T15:04Z","Illinois State Water Survey Central Analytical Laboratory",378.0,0.00162,5,"2024-05-23","A",,
"cb7ba74e-1372-4a20-8c19-3e45f4c0c31b","D16","MCRA","MCRA.AOS.S2","MCRA.SS.20240521.FIL","A00000296856","2024-05-21T15:04Z","2024-05-21T15:04Z","Illinois State Water Survey Central Analytical Laboratory",408.0,0.00108,5,"2024-05-23","A",,
"1015e4c3-f042-4ecb-b7e0-18e561cb7343","D16","MCRA","MCRA.AOS.S2","MCRA.SS.20240521.FIL","A00000296856","2024-05-21T15:04Z","2024-05-21T15:04Z","Illinois State Water Survey Central Analytical Laboratory",590.0,0.00022,5,"2024-05-23","B",,
"8adb632c-16d4-49bb-b96a-78a77aaae413","D16","MCRA","MCRA.AOS.S2","MCRA.SS.20240521.FIL","A00000296856","2024-05-21T15:04Z","2024-05-21T15:04Z","Illinois State Water Survey Central Analytical Laboratory",260.0,0.00944,5,"2024-05-23","B",,
"4afebd49-d239-412b-b382-c987a42622f5","D16","MCRA","MCRA.AOS.S2","MCRA.SS.20240521.FIL","A00000296856","2024-05-21T15:04Z","2024-05-21T15:04Z","Illinois State Water Survey Central Analytical Laboratory",514.0,0.00036,5,"2024-05-23","B",,
"a6d5568c-9047-4591-8ed7-988ebe6fbb0c","D16","MCRA","MCRA.AOS.S2","MCRA.SS.20240521.FIL","A00000296856","2024-05-21T15:04Z","2024-05-21T15:04Z","Illinois State Water Survey Central Analytical Laboratory",598.0,0.00018,5,"2024-05-23","A",,
"715d377a-0b6e-4083-88de-d2a73810a430","D16","MCRA","MCRA.AOS.S2","MCRA.SS.20240521.FIL","A00000296856","2024-05-21T15:04Z","2024-05-21T15:04Z","Illinois State Water Survey Central Analytical Laboratory",336.0,0.00326,5,"2024-05-23","B",,
"bc0ef0ff-2981-47c7-86c1-5ec00da0c364","D16","MCRA","MCRA.AOS.S2","MCRA.SS.20240521.FIL","A00000296856","2024-05-21T15:04Z","2024-05-21T15:04Z","Illinois State Water Survey Central Analytical Laboratory",244.0,0.01114,5,"2024-05-23","A",,
"ba41ee8a-1489-4605-a291-9ad68c3d35b9","D16","MCRA","MCRA.AOS.S2","MCRA.SS.20240521.FIL","A00000296856","2024-05-21T15:04Z","2024-05-21T15:04Z","Illinois State Water Survey Central Analytical Laboratory",544.0,0.00028,5,"2024-05-23","A",,
"7f3b4032-08da-4327-9b8c-8b1341493eb0","D16","MCRA","MCRA.AOS.S2","MCRA.SS.20240521.FIL","A00000296856","2024-05-21T15:04Z","2024-05-21T15:04Z","Illinois State Water Survey Central Analytical Laboratory",482.0,0.00054,5,"2024-05-23","B",,
"a6d0c7fb-7cfd-48c8-93ac-27000b6ba48a","D16","MCRA","MCRA.AOS.S2","MCRA.SS.20240521.FIL","A00000296856","2024-05-21T15:04Z","2024-05-21T15:04Z","Illinois State Water Survey Central Analytical Laboratory",532.0,0.00030,5,"2024-05-23","A",,
"5fc8903e-a31b-4756-9fbb-6321c0bfb755","D16","MCRA","MCRA.AOS.S2","MCRA.SS.20240521.FIL","A00000296856","2024-05-21T15:04Z","2024-05-21T15:04Z","Illinois State Water Survey Central Analytical Laboratory",380.0,0.00160,5,"2024-05-23","A",,
"6230f44a-2450-4f3b-9ebc-dd326e7c1039","D16","MCRA","MCRA.AOS.S2","MCRA.SS.20240521.FIL","A00000296856","2024-05-21T15:04Z","2024-05-21T15:04Z","Illinois State Water Survey Central Analytical Laboratory",230.0,0.01430,5,"2024-05-23","B",,
"45bf57d7-1900-4960-b885-f19fba67b1d9","D16","MCRA","MCRA.AOS.S2","MCRA.SS.20240521.FIL","A00000296856","2024-05-21T15:04Z","2024-05-21T15:04Z","Illinois State Water Survey Central Analytical Laboratory",516.0,0.00036,5,"2024-05-23","A",,
"916f2595-8113-45a0-9af7-cad9b3d29403","D16","MCRA","MCRA.AOS.S2","MCRA.SS.20240521.FIL","A00000296856","2024-05-21T15:04Z","2024-05-21T15:04Z","Illinois State Water Survey Central Analytical Laboratory",354.0,0.00252,5,"2024-05-23","B",,
"f3e2bd82-7920-47cf-808d-b9a7205ce407","D16","MCRA","MCRA.AOS.S2","MCRA.SS.20240521.FIL","A00000296856","2024-05-21T15:04Z","2024-05-21T15:04Z","Illinois State Water Survey Central Analytical Laboratory",438.0,0.00084,5,"2024-05-23","B",,
"487e8344-df04-4c53-8e5b-4cc7dd499151","D16","MCRA","MCRA.AOS.S2","MCRA.SS.20240521.FIL","A00000296856","2024-05-21T15:04Z","2024-05-21T15:04Z","Illinois State Water Survey Central Analytical Laboratory",278.0,0.00778,5,"2024-05-23","B",,
"69f65e85-8b68-4d46-adbb-25ef1b3e63c2","D16","MCRA","MCRA.AOS.S2","MCRA.SS.20240521.FIL","A00000296856","2024-05-21T15:04Z","2024-05-21T15:04Z","Illinois State Water Survey Central Analytical Laboratory",528.0,0.00032,5,"2024-05-23","A",,
"bd463dab-31a9-4633-bf43-ca4171558574","D16","MCRA","MCRA.AOS.S2","MCRA.SS.20240521.FIL","A00000296856","2024-05-21T15:04Z","2024-05-21T15:04Z","Illinois State Water Survey Central Analytical Laboratory",348.0,0.00266,5,"2024-05-23","A",,
"692d4aad-d51e-4e93-b035-5831d16d5395","D16","MCRA","MCRA.AOS.S2","MCRA.SS.20240521.FIL","A00000296856","2024-05-21T15:04Z","2024-05-21T15:04Z","Illinois State Water Survey Central Analytical Laboratory",326.0,0.00380,5,"2024-05-23","B",,
"26c8dd5c-0271-4f3c-8f1d-e1a9622a64b1","D16","MCRA","MCRA.AOS.S2","MCRA.SS.20240521.FIL","A00000296856","2024-05-21T15:04Z","2024-05-21T15:04Z","Illinois State Water Survey Central Analytical Laboratory",332.0,0.00342,5,"2024-05-23","A",,
"d84f3e35-eeb0-4090-be4f-a80cc3595d27","D16","MCRA","MCRA.AOS.S2","MCRA.SS.20240521.FIL","A00000296856","2024-05-21T15:04Z","2024-05-21T15:04Z","Illinois State Water Survey Central Analytical Laboratory",332.0,0.00344,5,"2024-05-23","B",,
"872aa481-dddc-4dd0-86c7-bda999ac3311","D16","MCRA","MCRA.AOS.S2","MCRA.SS.20240521.FIL","A00000296856","2024-05-21T15:04Z","2024-05-21T15:04Z","Illinois State Water Survey Central Analytical Laboratory",340.0,0.00296,5,"2024-05-23","A",,
"bf8e55ae-f3f9-4b6b-a6eb-d9bd22379c7d","D16","MCRA","MCRA.AOS.S2","MCRA.SS.20240521.FIL","A00000296856","2024-05-21T15:04Z","2024-05-21T15:04Z","Illinois State Water Survey Central Analytical Laboratory",382.0,0.00152,5,"2024-05-23","A",,
"1499c44b-410c-4ad4-a853-daabce8b523b","D16","MCRA","MCRA.AOS.S2","MCRA.SS.20240521.FIL","A00000296856","2024-05-21T15:04Z","2024-05-21T15:04Z","Illinois State Water Survey Central Analytical Laboratory",250.0,0.01042,5,"2024-05-23","B",,
"97beceeb-b16b-4ea4-a9bc-3f288c1bc75d","D16","MCRA","MCRA.AOS.S2","MCRA.SS.20240521.FIL","A00000296856","2024-05-21T15:04Z","2024-05-21T15:04Z","Illinois State Water Survey Central Analytical Laboratory",538.0,0.00030,5,"2024-05-23","B",,
"3c8df9d1-b3f5-49c4-a268-adc95dad197c","D16","MCRA","MCRA.AOS.S2","MCRA.SS.20240521.FIL","A00000296856","2024-05-21T15:04Z","2024-05-21T15:04Z","Illinois State Water Survey Central Analytical Laboratory",474.0,0.00054,5,"2024-05-23","B",,
"52a15a25-5ed7-4757-8764-e5b39bf951a8","D16","MCRA","MCRA.AOS.S2","MCRA.SS.20240521.FIL","A00000296856","2024-05-21T15:04Z","2024-05-21T15:04Z","Illinois State Water Survey Central Analytical Laboratory",354.0,0.00242,5,"2024-05-23","A",,
"f11b1a4f-5ce7-486b-8784-848b9b01c9eb","D16","MCRA","MCRA.AOS.S2","MCRA.SS.20240521.FIL","A00000296856","2024-05-21T15:04Z","2024-05-21T15:04Z","Illinois State Water Survey Central Analytical Laboratory",520.0,0.00032,5,"2024-05-23","B",,
"b4f4424b-c94e-4943-b854-5b24fddc35a3","D16","MCRA","MCRA.AOS.S2","MCRA.SS.20240521.FIL","A00000296856","2024-05-21T15:04Z","2024-05-21T15:04Z","Illinois State Water Survey Central Analytical Laboratory",586.0,0.00026,5,"2024-05-23","B",,
"d3b014e1-d782-4a69-826a-881b13b34a87","D16","MCRA","MCRA.AOS.S2","MCRA.SS.20240521.FIL","A00000296856","2024-05-21T15:04Z","2024-05-21T15:04Z","Illinois State Water Survey Central Analytical Laboratory",530.0,0.00030,5,"2024-05-23","B",,
"840d1199-39c3-44ab-8492-083c5767a76e","D16","MCRA","MCRA.AOS.S2","MCRA.SS.20240521.FIL","A00000296856","2024-05-21T15:04Z","2024-05-21T15:04Z","Illinois State Water Survey Central Analytical Laboratory",358.0,0.00238,5,"2024-05-23","B",,
"9821f8be-5773-40a9-bda1-5de22c6e3ec5","D16","MCRA","MCRA.AOS.S2","MCRA.SS.20240521.FIL","A00000296856","2024-05-21T15:04Z","2024-05-21T15:04Z","Illinois State Water Survey Central Analytical Laboratory",386.0,0.00142,5,"2024-05-23","A",,
"9922e5cf-0ea9-43f1-b7f3-5df3d968c23d","D16","MCRA","MCRA.AOS.S2","MCRA.SS.20240521.FIL","A00000296856","2024-05-21T15:04Z","2024-05-21T15:04Z","Illinois State Water Survey Central Analytical Laboratory",498.0,0.00042,5,"2024-05-23","B",,
"d09b2eb3-6fa2-4dab-9603-6c7c2080cede","D16","MCRA","MCRA.AOS.S2","MCRA.SS.20240521.FIL","A00000296856","2024-05-21T15:04Z","2024-05-21T15:04Z","Illinois State Water Survey Central Analytical Laboratory",538.0,0.00028,5,"2024-05-23","A",,
"ed25efe7-3e4c-4a48-a170-1a80e1570e58","D16","MCRA","MCRA.AOS.S2","MCRA.SS.20240521.FIL","A00000296856","2024-05-21T15:04Z","2024-05-21T15:04Z","Illinois State Water Survey Central Analytical Laboratory",292.0,0.00630,5,"2024-05-23","A",,
"92880286-fea5-4c81-9c20-f6c5c8d2f2df","D16","MCRA","MCRA.AOS.S2","MCRA.SS.20240521.FIL","A00000296856","2024-05-21T15:04Z","2024-05-21T15:04Z","Illinois State Water Survey Central Analytical Laboratory",578.0,0.00030,5,"2024-05-23","B",,
"de4149fa-38d6-45dc-8989-52cde6852b5c","D16","MCRA","MCRA.AOS.S2","MCRA.SS.20240521.FIL","A00000296856","2024-05-21T15:04Z","2024-05-21T15:04Z","Illinois State Water Survey Central Analytical Laboratory",512.0,0.00036,5,"2024-05-23","B",,
"64fb01d8-c4cf-4756-b379-17fe14ada772","D16","MCRA","MCRA.AOS.S2","MCRA.SS.20240521.FIL","A00000296856","2024-05-21T15:04Z","2024-05-21T15:04Z","Illinois State Water Survey Central Analytical Laboratory",278.0,0.00772,5,"2024-05-23","A",,
"6df2c5d8-a605-49ad-9170-d722a5d888a7","D16","MCRA","MCRA.AOS.S2","MCRA.SS.20240521.FIL","A00000296856","2024-05-21T15:04Z","2024-05-21T15:04Z","Illinois State Water Survey Central Analytical Laboratory",508.0,0.00032,5,"2024-05-23","A",,
"8582e8cd-2582-4473-9350-8d9316635e1e","D16","MCRA","MCRA.AOS.S2","MCRA.SS.20240521.FIL","A00000296856","2024-05-21T15:04Z","2024-05-21T15:04Z","Illinois State Water Survey Central Analytical Laboratory",422.0,0.00084,5,"2024-05-23","A",,
"58f6e1f0-1411-46fd-ab68-8c6550856b01","D16","MCRA","MCRA.AOS.S2","MCRA.SS.20240521.FIL","A00000296856","2024-05-21T15:04Z","2024-05-21T15:04Z","Illinois State Water Survey Central Analytical Laboratory",228.0,0.01466,5,"2024-05-23","A",,
"76521fec-5906-4277-8970-5f3de5934252","D16","MCRA","MCRA.AOS.S2","MCRA.SS.20240521.FIL","A00000296856","2024-05-21T15:04Z","2024-05-21T15:04Z","Illinois State Water Survey Central Analytical Laboratory",258.0,0.00948,5,"2024-05-23","A",,
"f4b45181-f7bd-4982-8077-043317dace28","D16","MCRA","MCRA.AOS.S2","MCRA.SS.20240521.FIL","A00000296856","2024-05-21T15:04Z","2024-05-21T15:04Z","Illinois State Water Survey Central Analytical Laboratory",370.0,0.00204,5,"2024-05-23","B",,
"ac85aecb-c8b7-464a-9189-516605a984e7","D16","MCRA","MCRA.AOS.S2","MCRA.SS.20240521.FIL","A00000296856","2024-05-21T15:04Z","2024-05-21T15:04Z","Illinois State Water Survey Central Analytical Laboratory",586.0,0.00028,5,"2024-05-23","A",,
"a93931a2-0583-4463-b8c1-0f5619439366","D16","MCRA","MCRA.AOS.S2","MCRA.SS.20240521.FIL","A00000296856","2024-05-21T15:04Z","2024-05-21T15:04Z","Illinois State Water Survey Central Analytical Laboratory",248.0,0.01054,5,"2024-05-23","A",,
"6a97158d-715f-46ad-907d-d04344bc7016","D16","MCRA","MCRA.AOS.S2","MCRA.SS.20240521.FIL","A00000296856","2024-05-21T15:04Z","2024-05-21T15:04Z","Illinois State Water Survey Central Analytical Laboratory",282.0,0.00740,5,"2024-05-23","B",,
"b2fb2c11-2937-44d5-aee5-f0c41ab02bcb","D16","MCRA","MCRA.AOS.S2","MCRA.SS.20240521.FIL","A00000296856","2024-05-21T15:04Z","2024-05-21T15:04Z","Illinois State Water Survey Central Analytical Laboratory",366.0,0.00202,5,"2024-05-23","A",,
"b5e39aa8-f855-4585-beb1-57956205300e","D16","MCRA","MCRA.AOS.S2","MCRA.SS.20240521.FIL","A00000296856","2024-05-21T15:04Z","2024-05-21T15:04Z","Illinois State Water Survey Central Analytical Laboratory",424.0,0.00082,5,"2024-05-23","A",,
"cf15ac86-fe51-438b-92dd-6db41abf335a","D16","MCRA","MCRA.AOS.S2","MCRA.SS.20240521.FIL","A00000296856","2024-05-21T15:04Z","2024-05-21T15:04Z","Illinois State Water Survey Central Analytical Laboratory",524.0,0.00028,5,"2024-05-23","A",,
"f6b29c8a-df5f-409c-8e9b-dd9fa85df9f7","D16","MCRA","MCRA.AOS.S2","MCRA.SS.20240521.FIL","A00000296856","2024-05-21T15:04Z","2024-05-21T15:04Z","Illinois State Water Survey Central Analytical Laboratory",236.0,0.01274,5,"2024-05-23","B",,
"8a2e7aef-63ec-4606-9946-7320ca2ef254","D16","MCRA","MCRA.AOS.S2","MCRA.SS.20240521.FIL","A00000296856","2024-05-21T15:04Z","2024-05-21T15:04Z","Illinois State Water Survey Central Analytical Laboratory",440.0,0.00082,5,"2024-05-23","B",,
"208d200b-4710-4f5c-8bb8-edad6a8df9f0","D16","MCRA","MCRA.AOS.S2","MCRA.SS.20240521.FIL","A00000296856","2024-05-21T15:04Z","2024-05-21T15:04Z","Illinois State Water Survey Central Analytical Laboratory",440.0,0.00080,5,"2024-05-23","A",,
"98e5fbb9-2dde-4bf7-9a6d-34f8fc97f54f","D16","MCRA","MCRA.AOS.S2","MCRA.SS.20240521.FIL","A00000296856","2024-05-21T15:04Z","2024-05-21T15:04Z","Illinois State Water Survey Central Analytical Laboratory",482.0,0.00050,5,"2024-05-23","A",,
"35b51864-aa39-494e-b0e7-d1f8fb651f38","D16","MCRA","MCRA.AOS.S2","MCRA.SS.20240521.FIL","A00000296856","2024-05-21T15:04Z","2024-05-21T15:04Z","Illinois State Water Survey Central Analytical Laboratory",478.0,0.00052,5,"2024-05-23","B",,
"9359e2c0-ba00-4dcf-8adf-8d1e2bd1e5b1","D16","MCRA","MCRA.AOS.S2","MCRA.SS.20240521.FIL","A00000296856","2024-05-21T15:04Z","2024-05-21T15:04Z","Illinois State Water Survey Central Analytical Laboratory",390.0,0.00132,5,"2024-05-23","A",,
"e4b91871-f499-49e8-a4ce-791be1946ed5","D16","MCRA","MCRA.AOS.S2","MCRA.SS.20240521.FIL","A00000296856","2024-05-21T15:04Z","2024-05-21T15:04Z","Illinois State Water Survey Central Analytical Laboratory",442.0,0.00078,5,"2024-05-23","B",,
"0955ec55-0fe8-4e32-8c9d-2c5d65e11ad7","D16","MCRA","MCRA.AOS.S2","MCRA.SS.20240521.FIL","A00000296856","2024-05-21T15:04Z","2024-05-21T15:04Z","Illinois State Water Survey Central Analytical Laboratory",276.0,0.00794,5,"2024-05-23","B",,
"bf0309f8-3b09-4e4e-a4e7-50d6174cda6f","D16","MCRA","MCRA.AOS.S2","MCRA.SS.20240521.FIL","A00000296856","2024-05-21T15:04Z","2024-05-21T15:04Z","Illinois State Water Survey Central Analytical Laboratory",490.0,0.00044,5,"2024-05-23","B",,
"efe2f3ee-4fc9-4f8b-93fa-3c9fb8b61cf6","D16","MCRA","MCRA.AOS.S2","MCRA.SS.20240521.FIL","A00000296856","2024-05-21T15:04Z","2024-05-21T15:04Z","Illinois State Water Survey Central Analytical Laboratory",304.0,0.00532,5,"2024-05-23","B",,
"841e7c88-8fa7-4bda-b08c-a55b5735b9d5","D16","MCRA","MCRA.AOS.S2","MCRA.SS.20240521.FIL","A00000296856","2024-05-21T15:04Z","2024-05-21T15:04Z","Illinois State Water Survey Central Analytical Laboratory",352.0,0.00258,5,"2024-05-23","B",,
"e28f4b4f-7529-4b9b-86b9-77e70ea2def3","D16","MCRA","MCRA.AOS.S2","MCRA.SS.20240521.FIL","A00000296856","2024-05-21T15:04Z","2024-05-21T15:04Z","Illinois State Water Survey Central Analytical Laboratory",592.0,0.00024,5,"2024-05-23","A",,
"fb6a850b-c5b3-4968-9df9-d8f5b8b48e6f","D16","MCRA","MCRA.AOS.S2","MCRA.SS.20240521.FIL","A00000296856","2024-05-21T15:04Z","2024-05-21T15:04Z","Illinois State Water Survey Central Analytical Laboratory",546.0,0.00028,5,"2024-05-23","A",,
"1bdce3e0-7d25-4fb2-9a99-6c2bfaa78965","D16","MCRA","MCRA.AOS.S2","MCRA.SS.20240521.FIL","A00000296856","2024-05-21T15:04Z","2024-05-21T15:04Z","Illinois State Water Survey Central Analytical Laboratory",548.0,0.00036,5,"2024-05-23","B",,
"b5b34c75-e7c5-4702-9088-56f6a93de9b8","D16","MCRA","MCRA.AOS.S2","MCRA.SS.20240521.FIL","A00000296856","2024-05-21T15:04Z","2024-05-21T15:04Z","Illinois State Water Survey Central Analytical Laboratory",564.0,0.00028,5,"2024-05-23","B",,
"b9ad496d-fe99-46e9-bdf7-d44ef8f16fb8","D16","MCRA","MCRA.AOS.S2","MCRA.SS.20240521.FIL","A00000296856","2024-05-21T15:04Z","2024-05-21T15:04Z","Illinois State Water Survey Central Analytical Laboratory",414.0,0.00092,5,"2024-05-23","A",,
"22a1848e-ac14-4790-8c6a-7f222375fa19","D16","MCRA","MCRA.AOS.S2","MCRA.SS.20240521.FIL","A00000296856","2024-05-21T15:04Z","2024-05-21T15:04Z","Illinois State Water Survey Central Analytical Laboratory",268.0,0.00866,5,"2024-05-23","B",,
"ad358495-a41d-4aa6-8430-847dc85adc2d","D16","MCRA","MCRA.AOS.S2","MCRA.SS.20240521.FIL","A00000296856","2024-05-21T15:04Z","2024-05-21T15:04Z","Illinois State Water Survey Central Analytical Laboratory",292.0,0.00638,5,"2024-05-23","B",,
"6023f555-683a-4582-bac8-77d2c9d06c1e","D16","MCRA","MCRA.AOS.S2","MCRA.SS.20240521.FIL","A00000296856","2024-05-21T15:04Z","2024-05-21T15:04Z","Illinois State Water Survey Central Analytical Laboratory",244.0,0.01124,5,"2024-05-23","B",,
"d9615127-f50c-438b-825b-4c21f18a6b39","D16","MCRA","MCRA.AOS.S2","MCRA.SS.20240521.FIL","A00000296856","2024-05-21T15:04Z","2024-05-21T15:04Z","Illinois State Water Survey Central Analytical Laboratory",580.0,0.00030,5,"2024-05-23","B",,
"21161503-227b-48f5-bf62-37cb2f8a2fcb","D16","MCRA","MCRA.AOS.S2","MCRA.SS.20240521.FIL","A00000296856","2024-05-21T15:04Z","2024-05-21T15:04Z","Illinois State Water Survey Central Analytical Laboratory",392.0,0.00138,5,"2024-05-23","B",,
"fea257d3-9017-4d55-9cd9-883ef7938624","D16","MCRA","MCRA.AOS.S2","MCRA.SS.20240521.FIL","A00000296856","2024-05-21T15:04Z","2024-05-21T15:04Z","Illinois State Water Survey Central Analytical Laboratory",232.0,0.01362,5,"2024-05-23","A",,
"1c53912d-a839-4f17-877f-22efa268529e","D16","MCRA","MCRA.AOS.S2","MCRA.SS.20240521.FIL","A00000296856","2024-05-21T15:04Z","2024-05-21T15:04Z","Illinois State Water Survey Central Analytical Laboratory",284.0,0.00720,5,"2024-05-23","B",,
"177cef80-e5b1-422b-a84c-ceaa2bc75145","D16","MCRA","MCRA.AOS.S2","MCRA.SS.20240521.FIL","A00000296856","2024-05-21T15:04Z","2024-05-21T15:04Z","Illinois State Water Survey Central Analytical Laboratory",250.0,0.01034,5,"2024-05-23","A",,
"c78ed9d8-f442-4db1-adb8-53e2e40da7dd","D16","MCRA","MCRA.AOS.S2","MCRA.SS.20240521.FIL","A00000296856","2024-05-21T15:04Z","2024-05-21T15:04Z","Illinois State Water Survey Central Analytical Laboratory",520.0,0.00032,5,"2024-05-23","A",,
"ae0b946f-5d46-4111-b524-fbea9e5b1de4","D16","MCRA","MCRA.AOS.S2","MCRA.SS.20240521.FIL","A00000296856","2024-05-21T15:04Z","2024-05-21T15:04Z","Illinois State Water Survey Central Analytical Laboratory",458.0,0.00058,5,"2024-05-23","A",,
"ddf7bc2a-0070-400d-a888-4539435f1b06","D16","MCRA","MCRA.AOS.S2","MCRA.SS.20240521.FIL","A00000296856","2024-05-21T15:04Z","2024-05-21T15:04Z","Illinois State Water Survey Central Analytical Laboratory",508.0,0.00036,5,"2024-05-23","B",,
"e7408747-2e2c-41ff-aab5-f8495bbbf2b3","D16","MCRA","MCRA.AOS.S2","MCRA.SS.20240521.FIL","A00000296856","2024-05-21T15:04Z","2024-05-21T15:04Z","Illinois State Water Survey Central Analytical Laboratory",462.0,0.00054,5,"2024-05-23","A",,
"0eff933f-1239-4fd0-a8ef-8723969a9561","D16","MCRA","MCRA.AOS.S2","MCRA.SS.20240521.FIL","A00000296856","2024-05-21T15:04Z","2024-05-21T15:04Z","Illinois State Water Survey Central Analytical Laboratory",296.0,0.00590,5,"2024-05-23","A",,
"f0d176a7-9a85-488f-815f-7898629091fd","D16","MCRA","MCRA.AOS.S2","MCRA.SS.20240521.FIL","A00000296856","2024-05-21T15:04Z","2024-05-21T15:04Z","Illinois State Water Survey Central Analytical Laboratory",350.0,0.00262,5,"2024-05-23","B",,
"a738f3cb-5b68-4644-853d-65c9e294ffc0","D16","MCRA","MCRA.AOS.S2","MCRA.SS.20240521.FIL","A00000296856","2024-05-21T15:04Z","2024-05-21T15:04Z","Illinois State Water Survey Central Analytical Laboratory",314.0,0.00454,5,"2024-05-23","B",,
"0476a9f4-211f-4bf2-a61b-2e69ba3c02f5","D16","MCRA","MCRA.AOS.S2","MCRA.SS.20240521.FIL","A00000296856","2024-05-21T15:04Z","2024-05-21T15:04Z","Illinois State Water Survey Central Analytical Laboratory",476.0,0.00050,5,"2024-05-23","A",,
"6d01c988-35ff-46fa-bb6b-d8da2c4fd9ed","D16","MCRA","MCRA.AOS.S2","MCRA.SS.20240521.FIL","A00000296856","2024-05-21T15:04Z","2024-05-21T15:04Z","Illinois State Water Survey Central Analytical Laboratory",256.0,0.00976,5,"2024-05-23","B",,
"080c210f-7833-482f-8a2f-65adc950bd68","D16","MCRA","MCRA.AOS.S2","MCRA.SS.20240521.FIL","A00000296856","2024-05-21T15:04Z","2024-05-21T15:04Z","Illinois State Water Survey Central Analytical Laboratory",276.0,0.00788,5,"2024-05-23","A",,
"e35fab6d-6eaf-4f8b-a8e2-4ed9443fdf09","D16","MCRA","MCRA.AOS.S2","MCRA.SS.20240521.FIL","A00000296856","2024-05-21T15:04Z","2024-05-21T15:04Z","Illinois State Water Survey Central Analytical Laboratory",312.0,0.00464,5,"2024-05-23","A",,
"e27c6868-ee1b-473b-8a44-3431fe4d18d5","D16","MCRA","MCRA.AOS.S2","MCRA.SS.20240521.FIL","A00000296856","2024-05-21T15:04Z","2024-05-21T15:04Z","Illinois State Water Survey Central Analytical Laboratory",436.0,0.00080,5,"2024-05-23","A",,
"3e881bf0-f48d-47af-8812-58721955bdb7","D16","MCRA","MCRA.AOS.S2","MCRA.SS.20240521.FIL","A00000296856","2024-05-21T15:04Z","2024-05-21T15:04Z","Illinois State Water Survey Central Analytical Laboratory",274.0,0.00806,5,"2024-05-23","A",,
"2cb748ee-6909-4f77-a9eb-22d51e394587","D16","MCRA","MCRA.AOS.S2","MCRA.SS.20240521.FIL","A00000296856","2024-05-21T15:04Z","2024-05-21T15:04Z","Illinois State Water Survey Central Analytical Laboratory",514.0,0.00030,5,"2024-05-23","A",,
"2cb18d63-e1e9-40eb-986e-65ec415f9600","D16","MCRA","MCRA.AOS.S2","MCRA.SS.20240521.FIL","A00000296856","2024-05-21T15:04Z","2024-05-21T15:04Z","Illinois State Water Survey Central Analytical Laboratory",570.0,0.00030,5,"2024-05-23","A",,
"31f5fd23-a4df-40fd-beef-319c6eae3021","D16","MCRA","MCRA.AOS.S2","MCRA.SS.20240521.FIL","A00000296856","2024-05-21T15:04Z","2024-05-21T15:04Z","Illinois State Water Survey Central Analytical Laboratory",470.0,0.00050,5,"2024-05-23","A",,
"754a5367-75c9-43ad-87fe-4497afd0ec93","D16","MCRA","MCRA.AOS.S2","MCRA.SS.20240521.FIL","A00000296856","2024-05-21T15:04Z","2024-05-21T15:04Z","Illinois State Water Survey Central Analytical Laboratory",488.0,0.00048,5,"2024-05-23","A",,
"6d40445b-88bd-40ea-bdd4-801490ddc197","D16","MCRA","MCRA.AOS.S2","MCRA.SS.20240521.FIL","A00000296856","2024-05-21T15:04Z","2024-05-21T15:04Z","Illinois State Water Survey Central Analytical Laboratory",528.0,0.00036,5,"2024-05-23","B",,
"0326d315-74b0-4d4c-96f7-e1ad7b966958","D16","MCRA","MCRA.AOS.S2","MCRA.SS.20240521.FIL","A00000296856","2024-05-21T15:04Z","2024-05-21T15:04Z","Illinois State Water Survey Central Analytical Laboratory",450.0,0.00064,5,"2024-05-23","A",,
"34ed5cb1-1b8a-4348-823f-cc2f8b5df87f","D16","MCRA","MCRA.AOS.S2","MCRA.SS.20240521.FIL","A00000296856","2024-05-21T15:04Z","2024-05-21T15:04Z","Illinois State Water Survey Central Analytical Laboratory",532.0,0.00032,5,"2024-05-23","B",,
"c9f1bfe3-cb4f-452f-8f43-cf2b9a9256af","D16","MCRA","MCRA.AOS.S2","MCRA.SS.20240521.FIL","A00000296856","2024-05-21T15:04Z","2024-05-21T15:04Z","Illinois State Water Survey Central Analytical Laboratory",600.0,0.00024,5,"2024-05-23","B",,
"54b3da08-a026-4504-8bf2-253c1d5c88eb","D16","MCRA","MCRA.AOS.S2","MCRA.SS.20240521.FIL","A00000296856","2024-05-21T15:04Z","2024-05-21T15:04Z","Illinois State Water Survey Central Analytical Laboratory",590.0,0.00022,5,"2024-05-23","A",,
"acc37be3-e9df-4021-8764-b9d779739169","D16","MCRA","MCRA.AOS.S2","MCRA.SS.20240521.FIL","A00000296856","2024-05-21T15:04Z","2024-05-21T15:04Z","Illinois State Water Survey Central Analytical Laboratory",254.0,0.00990,5,"2024-05-23","A",,
"62eb5b17-9f85-4074-883a-c8f563bc3b42","D16","MCRA","MCRA.AOS.S2","MCRA.SS.20240521.FIL","A00000296856","2024-05-21T15:04Z","2024-05-21T15:04Z","Illinois State Water Survey Central Analytical Laboratory",496.0,0.00040,5,"2024-05-23","A",,
"6e7af2ea-3f7d-496a-ae40-ecfc5b685799","D16","MCRA","MCRA.AOS.S2","MCRA.SS.20240521.FIL","A00000296856","2024-05-21T15:04Z","2024-05-21T15:04Z","Illinois State Water Survey Central Analytical Laboratory",266.0,0.00876,5,"2024-05-23","A",,
"9df6e281-8425-44ae-a179-b554ddf85a6f","D16","MCRA","MCRA.AOS.S2","MCRA.SS.20240521.FIL","A00000296856","2024-05-21T15:04Z","2024-05-21T15:04Z","Illinois State Water Survey Central Analytical Laboratory",220.0,0.01824,5,"2024-05-23","B",,
"5a6c5a8f-4b17-492f-b4b2-3d635a755c07","D16","MCRA","MCRA.AOS.S2","MCRA.SS.20240521.FIL","A00000296856","2024-05-21T15:04Z","2024-05-21T15:04Z","Illinois State Water Survey Central Analytical Laboratory",398.0,0.00120,5,"2024-05-23","A",,
"50c268e4-8c1f-4676-af42-832435786baa","D16","MCRA","MCRA.AOS.S2","MCRA.SS.20240521.FIL","A00000296856","2024-05-21T15:04Z","2024-05-21T15:04Z","Illinois State Water Survey Central Analytical Laboratory",424.0,0.00088,5,"2024-05-23","B",,
"30cd7159-2e41-42c2-9533-a71194c6a846","D16","MCRA","MCRA.AOS.S2","MCRA.SS.20240521.FIL","A00000296856","2024-05-21T15:04Z","2024-05-21T15:04Z","Illinois State Water Survey Central Analytical Laboratory",518.0,0.00038,5,"2024-05-23","B",,
"5e046bab-42af-4ef1-b769-28590e458cbb","D16","MCRA","MCRA.AOS.S2","MCRA.SS.20240521.FIL","A00000296856","2024-05-21T15:04Z","2024-05-21T15:04Z","Illinois State Water Survey Central Analytical Laboratory",252.0,0.01004,5,"2024-05-23","A",,
"4cf0979f-f5e4-42d3-8b15-26bc1234e067","D16","MCRA","MCRA.AOS.S2","MCRA.SS.20240521.FIL","A00000296856","2024-05-21T15:04Z","2024-05-21T15:04Z","Illinois State Water Survey Central Analytical Laboratory",550.0,0.00030,5,"2024-05-23","B",,
"4312f97a-ac7d-41df-acf4-45aeee4d11a7","D16","MCRA","MCRA.AOS.S2","MCRA.SS.20240521.FIL","A00000296856","2024-05-21T15:04Z","2024-05-21T15:04Z","Illinois State Water Survey Central Analytical Laboratory",430.0,0.00086,5,"2024-05-23","A",,
"d3e9e8d4-908c-4601-8249-1b92a543e6c9","D16","MCRA","MCRA.AOS.S2","MCRA.SS.20240521.FIL","A00000296856","2024-05-21T15:04Z","2024-05-21T15:04Z","Illinois State Water Survey Central Analytical Laboratory",398.0,0.00128,5,"2024-05-23","B",,
"86fe3396-6a6c-4106-aa8f-82fb6169f46d","D16","MCRA","MCRA.AOS.S2","MCRA.SS.20240521.FIL","A00000296856","2024-05-21T15:04Z","2024-05-21T15:04Z","Illinois State Water Survey Central Analytical Laboratory",596.0,0.00016,5,"2024-05-23","A",,
"22f678dc-dfb2-4cc6-8970-f59f65e6f0da","D16","MCRA","MCRA.AOS.S2","MCRA.SS.20240521.FIL","A00000296856","2024-05-21T15:04Z","2024-05-21T15:04Z","Illinois State Water Survey Central Analytical Laboratory",442.0,0.00074,5,"2024-05-23","A",,
"bf7d924e-a6dc-4e40-9d78-7a12a1038db4","D16","MCRA","MCRA.AOS.S2","MCRA.SS.20240521.FIL","A00000296856","2024-05-21T15:04Z","2024-05-21T15:04Z","Illinois State Water Survey Central Analytical Laboratory",542.0,0.00026,5,"2024-05-23","A",,
"d16822eb-d519-47ef-a60b-61d6a238d887","D16","MCRA","MCRA.AOS.S2","MCRA.SS.20240521.FIL","A00000296856","2024-05-21T15:04Z","2024-05-21T15:04Z","Illinois State Water Survey Central Analytical Laboratory",596.0,0.00016,5,"2024-05-23","B",,
"77619639-fff6-40f3-8c1b-6c3d6d7e7d8a","D16","MCRA","MCRA.AOS.S2","MCRA.SS.20240521.FIL","A00000296856","2024-05-21T15:04Z","2024-05-21T15:04Z","Illinois State Water Survey Central Analytical Laboratory",592.0,0.00022,5,"2024-05-23","B",,
"f957393f-cf46-42a6-9ad7-94ff340773af","D16","MCRA","MCRA.AOS.S2","MCRA.SS.20240521.FIL","A00000296856","2024-05-21T15:04Z","2024-05-21T15:04Z","Illinois State Water Survey Central Analytical Laboratory",428.0,0.00084,5,"2024-05-23","A",,
"39fb5518-6d4d-433d-addb-f6ea7f0f59de","D16","MCRA","MCRA.AOS.S2","MCRA.SS.20240521.FIL","A00000296856","2024-05-21T15:04Z","2024-05-21T15:04Z","Illinois State Water Survey Central Analytical Laboratory",304.0,0.00528,5,"2024-05-23","A",,
"3f0e8262-3a32-47cd-9208-7a796eb773d9","D16","MCRA","MCRA.AOS.S2","MCRA.SS.20240521.FIL","A00000296856","2024-05-21T15:04Z","2024-05-21T15:04Z","Illinois State Water Survey Central Analytical Laboratory",320.0,0.00422,5,"2024-05-23","B",,
"f0368c7f-def2-4d59-98f5-1e76bb799f7a","D16","MCRA","MCRA.AOS.S2","MCRA.SS.20240521.FIL","A00000296856","2024-05-21T15:04Z","2024-05-21T15:04Z","Illinois State Water Survey Central Analytical Laboratory",492.0,0.00046,5,"2024-05-23","A",,
"b29ed2fa-7dcb-43e2-9346-b8aa36c588d1","D16","MCRA","MCRA.AOS.S2","MCRA.SS.20240521.FIL","A00000296856","2024-05-21T15:04Z","2024-05-21T15:04Z","Illinois State Water Survey Central Analytical Laboratory",238.0,0.01230,5,"2024-05-23","B",,
"730bc149-bd4c-43f2-bd68-6027ab137096","D16","MCRA","MCRA.AOS.S2","MCRA.SS.20240521.FIL","A00000296856","2024-05-21T15:04Z","2024-05-21T15:04Z","Illinois State Water Survey Central Analytical Laboratory",516.0,0.00038,5,"2024-05-23","B",,
"27a2015c-7b49-4fa9-b90e-d2abe3687fdc","D16","MCRA","MCRA.AOS.S2","MCRA.SS.20240521.FIL","A00000296856","2024-05-21T15:04Z","2024-05-21T15:04Z","Illinois State Water Survey Central Analytical Laboratory",346.0,0.00270,5,"2024-05-23","A",,
"ef09a194-92bf-4e1d-a44b-974adb3616db","D16","MCRA","MCRA.AOS.S2","MCRA.SS.20240521.FIL","A00000296856","2024-05-21T15:04Z","2024-05-21T15:04Z","Illinois State Water Survey Central Analytical Laboratory",372.0,0.00196,5,"2024-05-23","B",,
"957f6be6-fa78-4476-8b3d-c764c7025267","D16","MCRA","MCRA.AOS.S2","MCRA.SS.20240521.FIL","A00000296856","2024-05-21T15:04Z","2024-05-21T15:04Z","Illinois State Water Survey Central Analytical Laboratory",568.0,0.00034,5,"2024-05-23","A",,
"65e09e00-9625-4c6c-8ebf-70f4a3956b72","D16","MCRA","MCRA.AOS.S2","MCRA.SS.20240521.FIL","A00000296856","2024-05-21T15:04Z","2024-05-21T15:04Z","Illinois State Water Survey Central Analytical Laboratory",428.0,0.00090,5,"2024-05-23","B",,
"9daf6a93-e987-4d78-a289-95ce111d1032","D16","MCRA","MCRA.AOS.S2","MCRA.SS.20240521.FIL","A00000296856","2024-05-21T15:04Z","2024-05-21T15:04Z","Illinois State Water Survey Central Analytical Laboratory",290.0,0.00652,5,"2024-05-23","A",,
"d54b90c1-2060-4558-9e9c-5568e480f444","D16","MCRA","MCRA.AOS.S2","MCRA.SS.20240521.FIL","A00000296856","2024-05-21T15:04Z","2024-05-21T15:04Z","Illinois State Water Survey Central Analytical Laboratory",360.0,0.00228,5,"2024-05-23","B",,
"fa4bd997-9177-4817-83ce-1f4521c65fd0","D16","MCRA","MCRA.AOS.S2","MCRA.SS.20240521.FIL","A00000296856","2024-05-21T15:04Z","2024-05-21T15:04Z","Illinois State Water Survey Central Analytical Laboratory",290.0,0.00658,5,"2024-05-23","B",,
"8bb27160-4cc6-4308-a35c-898296616f69","D16","MCRA","MCRA.AOS.S2","MCRA.SS.20240521.FIL","A00000296856","2024-05-21T15:04Z","2024-05-21T15:04Z","Illinois State Water Survey Central Analytical Laboratory",270.0,0.00836,5,"2024-05-23","A",,
"6a5f603f-a849-4108-bd7a-237006592f2c","D16","MCRA","MCRA.AOS.S2","MCRA.SS.20240521.FIL","A00000296856","2024-05-21T15:04Z","2024-05-21T15:04Z","Illinois State Water Survey Central Analytical Laboratory",584.0,0.00030,5,"2024-05-23","A",,
"e8ff2a95-d607-40c3-a3bd-fa1128052a34","D16","MCRA","MCRA.AOS.S2","MCRA.SS.20240521.FIL","A00000296856","2024-05-21T15:04Z","2024-05-21T15:04Z","Illinois State Water Survey Central Analytical Laboratory",358.0,0.00230,5,"2024-05-23","A",,
"bda6ec96-0f10-49e3-b520-27094bafdb0d","D16","MCRA","MCRA.AOS.S2","MCRA.SS.20240521.FIL","A00000296856","2024-05-21T15:04Z","2024-05-21T15:04Z","Illinois State Water Survey Central Analytical Laboratory",370.0,0.00194,5,"2024-05-23","A",,
"ff966d2d-e93b-4c11-b0a6-dd19c765b213","D16","MCRA","MCRA.AOS.S2","MCRA.SS.20240521.FIL","A00000296856","2024-05-21T15:04Z","2024-05-21T15:04Z","Illinois State Water Survey Central Analytical Laboratory",240.0,0.01182,5,"2024-05-23","A",,
"b988c28b-c379-4582-9fe4-6f67132fabdd","D16","MCRA","MCRA.AOS.S2","MCRA.SS.20240521.FIL","A00000296856","2024-05-21T15:04Z","2024-05-21T15:04Z","Illinois State Water Survey Central Analytical Laboratory",368.0,0.00202,5,"2024-05-23","A",,
"96df6e38-6c19-4284-827b-0356e8d6f9d3","D16","MCRA","MCRA.AOS.S2","MCRA.SS.20240521.FIL","A00000296856","2024-05-21T15:04Z","2024-05-21T15:04Z","Illinois State Water Survey Central Analytical Laboratory",222.0,0.01706,5,"2024-05-23","A",,
"c0245eb7-7749-4d5f-b443-ccb1e9508dc6","D16","MCRA","MCRA.AOS.S2","MCRA.SS.20240521.FIL","A00000296856","2024-05-21T15:04Z","2024-05-21T15:04Z","Illinois State Water Survey Central Analytical Laboratory",368.0,0.00206,5,"2024-05-23","B",,
"d8b2e97b-0cbb-4cea-bba7-36f75da72f6c","D16","MCRA","MCRA.AOS.S2","MCRA.SS.20240521.FIL","A00000296856","2024-05-21T15:04Z","2024-05-21T15:04Z","Illinois State Water Survey Central Analytical Laboratory",400.0,0.00132,5,"2024-05-23","B",,
