uid,domainID,siteID,namedLocation,sampleID,sampleCode,startDate,collectDate,laboratoryName,wavelength,decadicAbsorbance,cuvetteLength,analysisDate,spectrumReplicateID,remarks,dataQF
"4c2fcdd0-edf4-4235-9dca-157a4642cac4","D06","KING","KING.AOS.S2","KING.SS.20240701.FIL","A00000439629","2024-07-01T15:20Z","2024-07-01T15:20Z","Illinois State Water Survey Central Analytical Laboratory",354.0,0.14840,1,"2024-07-03","A",,
"c06af6ae-e626-4edd-86ab-174029cde899","D06","KING","KING.AOS.S2","KING.SS.20240701.FIL.3","A00000439633","2024-07-01T15:20Z","2024-07-01T15:20Z","Illinois State Water Survey Central Analytical Laboratory",252.0,0.45490,1,"2024-07-03","B",,
"fd80ade8-9df2-40b5-9cab-edfe140f5ba5","D06","KING","KING.AOS.S2","KING.SS.20240701.FIL","A00000439629","2024-07-01T15:20Z","2024-07-01T15:20Z","Illinois State Water Survey Central Analytical Laboratory",330.0,0.18920,1,"2024-07-03","B",,
"2b1c8bb1-2594-4af5-91bf-8090df166703","D06","KING","KING.AOS.S2","KING.SS.20240701.FIL","A00000439629","2024-07-01T15:20Z","2024-07-01T15:20Z","Illinois State Water Survey Central Analytical Laboratory",500.0,0.06190,1,"2024-07-03","B",,
"ad77702b-fb32-4cf2-9af9-b6ccb7621670","D06","KING","KING.AOS.S2","KING.SS.20240701.FIL.3","A00000439633","2024-07-01T15:20Z","2024-07-01T15:20Z","Illinois State Water Survey Central Analytical Laboratory",262.0,0.42670,1,"2024-07-03","B",,
"2a990e12-a189-43c0-b405-c67ffb4b139c","D06","KING","KING.AOS.S2","KING.SS.20240701.FIL.3","A00000439633","2024-07-01T15:20Z","2024-07-01T15:20Z","Illinois State Water Survey Central Analytical Laboratory",426.0,0.12090,1,"2024-07-03","B",,
"27cfa7ed-bc3c-48b2-954e-2d3b7734ada8","D06","KING","KING.AOS.S2","KING.SS.20240701.FIL.3","A00000439633","2024-07-01T15:20Z","2024-07-01T15:20Z","Illinois State Water Survey Central Analytical Laboratory",546.0,0.08070,1,"2024-07-03","A",,
"8ef4f88b-5bb1-4029-814e-7315587d0697","D06","KING","KING.AOS.S2","KING.SS.20240701.FIL.2","A00000439631","2024-07-01T15:20Z","2024-07-01T15:20Z","Illinois State Water Survey Central Analytical Laboratory",442.0,0.08290,1,"2024-07-03","A",,
"3af30de4-5d91-4c45-80dc-c11b24255407","D06","KING","KING.AOS.S2","KING.SS.20240701.FIL.2","A00000439631","2024-07-01T15:20Z","2024-07-01T15:20Z","Illinois State Water Survey Central Analytical Laboratory",444.0,0.08260,1,"2024-07-03","B",,
"5b8ac37b-41af-4d2c-8818-5d75d17c3a4a","D06","KING","KING.AOS.S2","KING.SS.20240701.FIL.2","A00000439631","2024-07-01T15:20Z","2024-07-01T15:20Z","Illinois State Water Survey Central Analytical Laboratory",578.0,0.05310,1,"2024-07-03","B",,
"25991584-d2a7-417c-9658-44498cf22b6b","D06","KING","KING.AOS.S2","KING.SS.20240701.FIL.2","A00000439631","2024-07-01T15:20Z","2024-07-01T15:20Z","Illinois State Water Survey Central Analytical Laboratory",398.0,0.10840,1,"2024-07-03","B",,
"9dffa63b-0b9f-4698-9117-8b126cd947b8","D06","KING","KING.AOS.S2","KING.SS.20240701.FIL","A00000439629","2024-07-01T15:20Z","2024-07-01T15:20Z","Illinois State Water Survey Central Analytical Laboratory",418.0,0.09130,1,"2024-07-03","B",,
"4ed02f0e-ae99-43f4-affc-aa9208089e4f","D06","KING","KING.AOS.S2","KING.SS.20240701.FIL","A00000439629","2024-07-01T15:20Z","2024-07-01T15:20Z","Illinois State Water Survey Central Analytical Laboratory",454.0,0.07450,1,"2024-07-03","B",,
"7739eccd-8318-4753-883a-76b3027061f6","D06","KING","KING.AOS.S2","KING.SS.20240701.FIL.2","A00000439631","2024-07-01T15:20Z","2024-07-01T15:20Z","Illinois State Water Survey Central Analytical Laboratory",366.0,0.13840,1,"2024-07-03","A",,
"6419bc8c-3493-45f1-b48c-294390945c77","D06","KING","KING.AOS.S2","KING.SS.20240701.FIL.2","A00000439631","2024-07-01T15:20Z","2024-07-01T15:20Z","Illinois State Water Survey Central Analytical Laboratory",296.0,0.27060,1,"2024-07-03","B",,
"a926b89e-ffc7-426d-bf49-db17ebe38bfe","D06","KING","KING.AOS.S2","KING.SS.20240701.FIL.3","A00000439633","2024-07-01T15:20Z","2024-07-01T15:20Z","Illinois State Water Survey Central Analytical Laboratory",552.0,0.07970,1,"2024-07-03","A",,
"83fbc8e5-22ec-4fcd-b239-d96f0e845cea","D06","KING","KING.AOS.S2","KING.SS.20240701.FIL","A00000439629","2024-07-01T15:20Z","2024-07-01T15:20Z","Illinois State Water Survey Central Analytical Laboratory",238.0,0.44400,1,"2024-07-03","B",,
"ead267ae-ef2d-4c3b-946d-55feab26dfaf","D06","KING","KING.AOS.S2","KING.SS.20240701.FIL","A00000439629","2024-07-01T15:20Z","2024-07-01T15:20Z","Illinois State Water Survey Central Analytical Laboratory",354.0,0.15030,1,"2024-07-03","B",,
"7ae8e9e4-dfcb-498e-8381-0de5c83ab07a","D06","KING","KING.AOS.S2","KING.SS.20240701.FIL.2","A00000439631","2024-07-01T15:20Z","2024-07-01T15:20Z","Illinois State Water Survey Central Analytical Laboratory",424.0,0.09200,1,"2024-07-03","B",,
"19ad0bea-ecd2-4bb6-9420-aabba5134f65","D06","KING","KING.AOS.S2","KING.SS.20240701.FIL.2","A00000439631","2024-07-01T15:20Z","2024-07-01T15:20Z","Illinois State Water Survey Central Analytical Laboratory",262.0,0.36890,1,"2024-07-03","B",,
"1e5cf718-17c8-43be-a145-757c855febc2","D06","KING","KING.AOS.S2","KING.SS.20240701.FIL","A00000439629","2024-07-01T15:20Z","2024-07-01T15:20Z","Illinois State Water Survey Central Analytical Laboratory",364.0,0.13790,1,"2024-07-03","B",,
"22087d28-8434-45d2-bfee-50498a870239","D06","KING","KING.AOS.S2","KING.SS.20240701.FIL.2","A00000439631","2024-07-01T15:20Z","2024-07-01T15:20Z","Illinois State Water Survey Central Analytical Laboratory",552.0,0.05610,1,"2024-07-03","A",,
"fedd355d-d6da-44b1-83ae-042159590ed5","D06","KING","KING.AOS.S2","KING.SS.20240701.FIL","A00000439629","2024-07-01T15:20Z","2024-07-01T15:20Z","Illinois State Water Survey Central Analytical Laboratory",306.0,0.23720,1,"2024-07-03","A",,
"a3716093-f1c9-4279-ba44-75903ce7278d","D06","KING","KING.AOS.S2","KING.SS.20240701.FIL.2","A00000439631","2024-07-01T15:20Z","2024-07-01T15:20Z","Illinois State Water Survey Central Analytical Laboratory",246.0,0.41240,1,"2024-07-03","A",,
"f38b64c5-65a9-4bbd-8103-6a140b909a0e","D06","KING","KING.AOS.S2","KING.SS.20240701.FIL.2","A00000439631","2024-07-01T15:20Z","2024-07-01T15:20Z","Illinois State Water Survey Central Analytical Laboratory",416.0,0.09650,1,"2024-07-03","B",,
"4fba2bfb-fbf7-4a40-b43c-b8b57b96ebc5","D06","KING","KING.AOS.S2","KING.SS.20240701.FIL.3","A00000439633","2024-07-01T15:20Z","2024-07-01T15:20Z","Illinois State Water Survey Central Analytical Laboratory",494.0,0.09300,1,"2024-07-03","B",,
"ee98af4d-5f5c-466c-8ee5-78e02f6671a7","D06","KING","KING.AOS.S2","KING.SS.20240701.FIL.3","A00000439633","2024-07-01T15:20Z","2024-07-01T15:20Z","Illinois State Water Survey Central Analytical Laboratory",384.0,0.15450,1,"2024-07-03","B",,
"ee8bbf05-eca7-40f9-8290-d65870741230","D06","KING","KING.AOS.S2","KING.SS.20240701.FIL","A00000439629","2024-07-01T15:20Z","2024-07-01T15:20Z","Illinois State Water Survey Central Analytical Laboratory",518.0,0.05800,1,"2024-07-03","A",,
"dfe33da2-5089-4902-b4e1-ef7d1290958b","D06","KING","KING.AOS.S2","KING.SS.20240701.FIL","A00000439629","2024-07-01T15:20Z","2024-07-01T15:20Z","Illinois State Water Survey Central Analytical Laboratory",284.0,0.30270,1,"2024-07-03","B",,
"5cee086e-f8c6-432d-9f9e-e3477941038f","D06","KING","KING.AOS.S2","KING.SS.20240701.FIL.2","A00000439631","2024-07-01T15:20Z","2024-07-01T15:20Z","Illinois State Water Survey Central Analytical Laboratory",538.0,0.05820,1,"2024-07-03","A",,
"e4024fe1-8c62-4446-b280-c4548c8828f6","D06","KING","KING.AOS.S2","KING.SS.20240701.FIL","A00000439629","2024-07-01T15:20Z","2024-07-01T15:20Z","Illinois State Water Survey Central Analytical Laboratory",376.0,0.12290,1,"2024-07-03","A",,
"ec24c670-84db-42e2-bce9-ad3bfaa3521d","D06","KING","KING.AOS.S2","KING.SS.20240701.FIL.3","A00000439633","2024-07-01T15:20Z","2024-07-01T15:20Z","Illinois State Water Survey Central Analytical Laboratory",568.0,0.07650,1,"2024-07-03","B",,
"e6253fce-3fcb-4aa9-a210-6896bce13025","D06","KING","KING.AOS.S2","KING.SS.20240701.FIL.2","A00000439631","2024-07-01T15:20Z","2024-07-01T15:20Z","Illinois State Water Survey Central Analytical Laboratory",298.0,0.26530,1,"2024-07-03","B",,
"96e5c911-0bca-4b17-96b7-1b55d956333c","D06","KING","KING.AOS.S2","KING.SS.20240701.FIL.3","A00000439633","2024-07-01T15:20Z","2024-07-01T15:20Z","Illinois State Water Survey Central Analytical Laboratory",272.0,0.39970,1,"2024-07-03","A",,
"e973927f-69fe-4116-bfcb-6d9b38f1d86f","D06","KING","KING.AOS.S2","KING.SS.20240701.FIL.2","A00000439631","2024-07-01T15:20Z","2024-07-01T15:20Z","Illinois State Water Survey Central Analytical Laboratory",236.0,0.45850,1,"2024-07-03","A",,
"4193cb7d-45eb-4f73-ad04-bf8b1a80e06d","D06","KING","KING.AOS.S2","KING.SS.20240701.FIL","A00000439629","2024-07-01T15:20Z","2024-07-01T15:20Z","Illinois State Water Survey Central Analytical Laboratory",380.0,0.11890,1,"2024-07-03","A",,
"897c540d-4ff2-44cb-97de-3f562e0baeee","D06","KING","KING.AOS.S2","KING.SS.20240701.FIL.2","A00000439631","2024-07-01T15:20Z","2024-07-01T15:20Z","Illinois State Water Survey Central Analytical Laboratory",296.0,0.26850,1,"2024-07-03","A",,
"6b9012e8-8f5a-46cc-9c24-07169f6a1a5d","D06","KING","KING.AOS.S2","KING.SS.20240701.FIL","A00000439629","2024-07-01T15:20Z","2024-07-01T15:20Z","Illinois State Water Survey Central Analytical Laboratory",526.0,0.05680,1,"2024-07-03","A",,
"08a0d550-b832-4738-aab9-905381125c6b","D06","KING","KING.AOS.S2","KING.SS.20240701.FIL.2","A00000439631","2024-07-01T15:20Z","2024-07-01T15:20Z","Illinois State Water Survey Central Analytical Laboratory",512.0,0.06350,1,"2024-07-03","B",,
"b0dee92e-aca0-4060-a2c4-230412a331eb","D06","KING","KING.AOS.S2","KING.SS.20240701.FIL.3","A00000439633","2024-07-01T15:20Z","2024-07-01T15:20Z","Illinois State Water Survey Central Analytical Laboratory",412.0,0.13010,1,"2024-07-03","B",,
"9cab06fa-a821-4a5d-8c6c-dece0d30d685","D06","KING","KING.AOS.S2","KING.SS.20240701.FIL","A00000439629","2024-07-01T15:20Z","2024-07-01T15:20Z","Illinois State Water Survey Central Analytical Laboratory",394.0,0.10740,1,"2024-07-03","B",,
"8abdf04b-3227-4e95-810d-d2d11b6ebb76","D06","KING","KING.AOS.S2","KING.SS.20240701.FIL","A00000439629","2024-07-01T15:20Z","2024-07-01T15:20Z","Illinois State Water Survey Central Analytical Laboratory",264.0,0.35810,1,"2024-07-03","B",,
"57ee75e7-8919-4d1d-8f73-aee281d8b514","D06","KING","KING.AOS.S2","KING.SS.20240701.FIL.2","A00000439631","2024-07-01T15:20Z","2024-07-01T15:20Z","Illinois State Water Survey Central Analytical Laboratory",234.0,0.47010,1,"2024-07-03","A",,
"edbc63ff-b017-448f-8fdc-3854f4939f78","D06","KING","KING.AOS.S2","KING.SS.20240701.FIL","A00000439629","2024-07-01T15:20Z","2024-07-01T15:20Z","Illinois State Water Survey Central Analytical Laboratory",300.0,0.25510,1,"2024-07-03","B",,
"eb9613f8-fff1-407c-8427-07f3f68f50a7","D06","KING","KING.AOS.S2","KING.SS.20240701.FIL.3","A00000439633","2024-07-01T15:20Z","2024-07-01T15:20Z","Illinois State Water Survey Central Analytical Laboratory",286.0,0.35230,1,"2024-07-03","B",,
"48494482-0cfa-471c-b59e-1afc577fff5f","D06","KING","KING.AOS.S2","KING.SS.20240701.FIL","A00000439629","2024-07-01T15:20Z","2024-07-01T15:20Z","Illinois State Water Survey Central Analytical Laboratory",404.0,0.10020,1,"2024-07-03","B",,
"937e7ef6-cb81-4f5d-97f8-41fb99ba76cb","D06","KING","KING.AOS.S2","KING.SS.20240701.FIL.2","A00000439631","2024-07-01T15:20Z","2024-07-01T15:20Z","Illinois State Water Survey Central Analytical Laboratory",516.0,0.06250,1,"2024-07-03","B",,
"6c1158b6-9d37-43bf-ba5b-990208ecca7b","D06","KING","KING.AOS.S2","KING.SS.20240701.FIL.3","A00000439633","2024-07-01T15:20Z","2024-07-01T15:20Z","Illinois State Water Survey Central Analytical Laboratory",516.0,0.08730,1,"2024-07-03","B",,
"167d3d29-1637-4a1c-9555-e6260c773d3d","D06","KING","KING.AOS.S2","KING.SS.20240701.FIL","A00000439629","2024-07-01T15:20Z","2024-07-01T15:20Z","Illinois State Water Survey Central Analytical Laboratory",400.0,0.10210,1,"2024-07-03","A",,
"a08ea7b4-331a-4018-a0bc-aef14ee71f5d","D06","KING","KING.AOS.S2","KING.SS.20240701.FIL.3","A00000439633","2024-07-01T15:20Z","2024-07-01T15:20Z","Illinois State Water Survey Central Analytical Laboratory",220.0,0.64170,1,"2024-07-03","B",,
"e9cdf455-a2ca-46f7-9879-821ce4355c89","D06","KING","KING.AOS.S2","KING.SS.20240701.FIL.3","A00000439633","2024-07-01T15:20Z","2024-07-01T15:20Z","Illinois State Water Survey Central Analytical Laboratory",476.0,0.09810,1,"2024-07-03","B",,
"1ae311e1-78ea-4b92-832a-da3ae8b2c047","D06","KING","KING.AOS.S2","KING.SS.20240701.FIL.3","A00000439633","2024-07-01T15:20Z","2024-07-01T15:20Z","Illinois State Water Survey Central Analytical Laboratory",278.0,0.38120,1,"2024-07-03","A",,
"16874324-bef6-4690-8508-759407ed0799","D06","KING","KING.AOS.S2","KING.SS.20240701.FIL","A00000439629","2024-07-01T15:20Z","2024-07-01T15:20Z","Illinois State Water Survey Central Analytical Laboratory",328.0,0.19100,1,"2024-07-03","A",,
"628ee5a3-6a76-4aef-bc36-7ed70a04a90a","D06","KING","KING.AOS.S2","KING.SS.20240701.FIL.3","A00000439633","2024-07-01T15:20Z","2024-07-01T15:20Z","Illinois State Water Survey Central Analytical Laboratory",358.0,0.18630,1,"2024-07-03","B",,
"a67b1c63-5b12-4dad-bae9-e24b2c4a6c0b","D06","KING","KING.AOS.S2","KING.SS.20240701.FIL.3","A00000439633","2024-07-01T15:20Z","2024-07-01T15:20Z","Illinois State Water Survey Central Analytical Laboratory",440.0,0.11360,1,"2024-07-03","A",,
"89b515b9-f1a3-49e6-bc2d-c40fd82806fd","D06","KING","KING.AOS.S2","KING.SS.20240701.FIL","A00000439629","2024-07-01T15:20Z","2024-07-01T15:20Z","Illinois State Water Survey Central Analytical Laboratory",550.0,0.05300,1,"2024-07-03","A",,
"50db9dc6-39ac-4f38-b7aa-184dc7be2e37","D06","KING","KING.AOS.S2","KING.SS.20240701.FIL.3","A00000439633","2024-07-01T15:20Z","2024-07-01T15:20Z","Illinois State Water Survey Central Analytical Laboratory",226.0,0.58880,1,"2024-07-03","B",,
"bb522c19-b040-4b46-b23b-af9ef590c064","D06","KING","KING.AOS.S2","KING.SS.20240701.FIL.3","A00000439633","2024-07-01T15:20Z","2024-07-01T15:20Z","Illinois State Water Survey Central Analytical Laboratory",468.0,0.10070,1,"2024-07-03","B",,
"3c77edfd-711d-42e9-a58e-00eae45fa9d6","D06","KING","KING.AOS.S2","KING.SS.20240701.FIL.2","A00000439631","2024-07-01T15:20Z","2024-07-01T15:20Z","Illinois State Water Survey Central Analytical Laboratory",372.0,0.13300,1,"2024-07-03","B",,
"0e875b2f-9724-42ed-9607-4239fecdf95f","D06","KING","KING.AOS.S2","KING.SS.20240701.FIL.2","A00000439631","2024-07-01T15:20Z","2024-07-01T15:20Z","Illinois State Water Survey Central Analytical Laboratory",530.0,0.06030,1,"2024-07-03","B",,
"949a61e0-04f0-42f3-ae31-7b7178bc4669","D06","KING","KING.AOS.S2","KING.SS.20240701.FIL","A00000439629","2024-07-01T15:20Z","2024-07-01T15:20Z","Illinois State Water Survey Central Analytical Laboratory",350.0,0.15400,1,"2024-07-03","A",,
"6732ed0b-f335-4c27-b92d-1ffbb463bac8","D06","KING","KING.AOS.S2","KING.SS.20240701.FIL.3","A00000439633","2024-07-01T15:20Z","2024-07-01T15:20Z","Illinois State Water Survey Central Analytical Laboratory",508.0,0.08900,1,"2024-07-03","B",,
"0942fd40-8153-4062-a246-751627132183","D06","KING","KING.AOS.S2","KING.SS.20240701.FIL.3","A00000439633","2024-07-01T15:20Z","2024-07-01T15:20Z","Illinois State Water Survey Central Analytical Laboratory",534.0,0.08340,1,"2024-07-03","A",,
"d4684738-7980-433a-aaf9-67f1562caa42","D06","KING","KING.AOS.S2","KING.SS.20240701.FIL","A00000439629","2024-07-01T15:20Z","2024-07-01T15:20Z","Illinois State Water Survey Central Analytical Laboratory",472.0,0.06880,1,"2024-07-03","B",,
"96d653c7-d50a-4c9e-878b-b82974a4eae4","D06","KING","KING.AOS.S2","KING.SS.20240701.FIL","A00000439629","2024-07-01T15:20Z","2024-07-01T15:20Z","Illinois State Water Survey Central Analytical Laboratory",456.0,0.07350,1,"2024-07-03","A",,
"4b9f5ee5-6414-4611-b731-f42fca406f23","D06","KING","KING.AOS.S2","KING.SS.20240701.FIL.3","A00000439633","2024-07-01T15:20Z","2024-07-01T15:20Z","Illinois State Water Survey Central Analytical Laboratory",390.0,0.14880,1,"2024-07-03","A",,
"e4055b07-ea36-4e48-97b1-eb6d6e1d3c87","D06","KING","KING.AOS.S2","KING.SS.20240701.FIL.2","A00000439631","2024-07-01T15:20Z","2024-07-01T15:20Z","Illinois State Water Survey Central Analytical Laboratory",356.0,0.15030,1,"2024-07-03","A",,
"7068430e-a555-46ea-9654-e876c72a6527","D06","KING","KING.AOS.S2","KING.SS.20240701.FIL","A00000439629","2024-07-01T15:20Z","2024-07-01T15:20Z","Illinois State Water Survey Central Analytical Laboratory",548.0,0.05430,1,"2024-07-03","B",,
"4f399782-3155-44a4-9c4d-463c7d630740","D06","KING","KING.AOS.S2","KING.SS.20240701.FIL","A00000439629","2024-07-01T15:20Z","2024-07-01T15:20Z","Illinois State Water Survey Central Analytical Laboratory",328.0,0.19320,1,"2024-07-03","B",,
"fac32f7b-2953-4a41-8b76-6bea17468ce3","D06","KING","KING.AOS.S2","KING.SS.20240701.FIL.2","A00000439631","2024-07-01T15:20Z","2024-07-01T15:20Z","Illinois State Water Survey Central Analytical Laboratory",294.0,0.27430,1,"2024-07-03","A",,
"8026d32f-e040-48e5-acf2-2436abce383b","D06","KING","KING.AOS.S2","KING.SS.20240701.FIL.3","A00000439633","2024-07-01T15:20Z","2024-07-01T15:20Z","Illinois State Water Survey Central Analytical Laboratory",254.0,0.44950,1,"2024-07-03","B",,
"936ba02b-c86e-436e-89fd-f9d897db9713","D06","KING","KING.AOS.S2","KING.SS.20240701.FIL","A00000439629","2024-07-01T15:20Z","2024-07-01T15:20Z","Illinois State Water Survey Central Analytical Laboratory",528.0,0.05710,1,"2024-07-03","B",,
"90d8e948-3ecb-4b10-8f02-3cd522147970","D06","KING","KING.AOS.S2","KING.SS.20240701.FIL.3","A00000439633","2024-07-01T15:20Z","2024-07-01T15:20Z","Illinois State Water Survey Central Analytical Laboratory",274.0,0.39350,1,"2024-07-03","A",,
"505a13e8-294e-4444-b3fa-e5823153b3ed","D06","KING","KING.AOS.S2","KING.SS.20240701.FIL","A00000439629","2024-07-01T15:20Z","2024-07-01T15:20Z","Illinois State Water Survey Central Analytical Laboratory",434.0,0.08290,1,"2024-07-03","B",,
"9f9622ff-dfc4-4fda-a3c4-aa8bf36d5c90","D06","KING","KING.AOS.S2","KING.SS.20240701.FIL.3","A00000439633","2024-07-01T15:20Z","2024-07-01T15:20Z","Illinois State Water Survey Central Analytical Laboratory",240.0,0.50230,1,"2024-07-03","A",,
"d3f57a42-a01e-45fc-a5da-5a683d6fbf8b","D06","KING","KING.AOS.S2","KING.SS.20240701.FIL.3","A00000439633","2024-07-01T15:20Z","2024-07-01T15:20Z","Illinois State Water Survey Central Analytical Laboratory",330.0,0.23620,1,"2024-07-03","A",,
"6a94bd50-378b-4bfa-bb26-05e1f2f586b9","D06","KING","KING.AOS.S2","KING.SS.20240701.FIL","A00000439629","2024-07-01T15:20Z","2024-07-01T15:20Z","Illinois State Water Survey Central Analytical Laboratory",236.0,0.44900,1,"2024-07-03","A",,
"906419fb-31fd-4576-b386-6787c25d3e41","D06","KING","KING.AOS.S2","KING.SS.20240701.FIL.2","A00000439631","2024-07-01T15:20Z","2024-07-01T15:20Z","Illinois State Water Survey Central Analytical Laboratory",280.0,0.32000,1,"2024-07-03","B",,
"023ad630-aa04-4396-8330-bc161f684761","D06","KING","KING.AOS.S2","KING.SS.20240701.FIL","A00000439629","2024-07-01T15:20Z","2024-07-01T15:20Z","Illinois State Water Survey Central Analytical Laboratory",454.0,0.07420,1,"2024-07-03","A",,
"947f710c-065e-40b0-902c-f186fca94c51","D06","KING","KING.AOS.S2","KING.SS.20240701.FIL.2","A00000439631","2024-07-01T15:20Z","2024-07-01T15:20Z","Illinois State Water Survey Central Analytical Laboratory",462.0,0.07580,1,"2024-07-03","A",,
"43260646-0eaa-431a-bb98-954102ac140b","D06","KING","KING.AOS.S2","KING.SS.20240701.FIL.3","A00000439633","2024-07-01T15:20Z","2024-07-01T15:20Z","Illinois State Water Survey Central Analytical Laboratory",462.0,0.10290,1,"2024-07-03","B",,
"994cdbeb-e27b-4f37-833c-2f98fd299872","D06","KING","KING.AOS.S2","KING.SS.20240701.FIL.3","A00000439633","2024-07-01T15:20Z","2024-07-01T15:20Z","Illinois State Water Survey Central Analytical Laboratory",338.0,0.21840,1,"2024-07-03","B",,
"6a590c8f-6959-4c31-a515-d5ac2334d35a","D06","KING","KING.AOS.S2","KING.SS.20240701.FIL.3","A00000439633","2024-07-01T15:20Z","2024-07-01T15:20Z","Illinois State Water Survey Central Analytical Laboratory",502.0,0.09160,1,"2024-07-03","A",,
"5d49a3a5-7023-4b7a-a4e8-bd429f96f42c","D06","KING","KING.AOS.S2","KING.SS.20240701.FIL","A00000439629","2024-07-01T15:20Z","2024-07-01T15:20Z","Illinois State Water Survey Central Analytical Laboratory",544.0,0.05410,1,"2024-07-03","A",,
"66cdabb1-aff9-49ee-beb7-fee3a001f770","D06","KING","KING.AOS.S2","KING.SS.20240701.FIL","A00000439629","2024-07-01T15:20Z","2024-07-01T15:20Z","Illinois State Water Survey Central Analytical Laboratory",250.0,0.39120,1,"2024-07-03","A",,
"fff2e908-60b7-4cec-ab68-876027c72c9a","D06","KING","KING.AOS.S2","KING.SS.20240701.FIL.2","A00000439631","2024-07-01T15:20Z","2024-07-01T15:20Z","Illinois State Water Survey Central Analytical Laboratory",254.0,0.39020,1,"2024-07-03","B",,
"719e4412-d15a-43c6-b720-04758965d74a","D06","KING","KING.AOS.S2","KING.SS.20240701.FIL.2","A00000439631","2024-07-01T15:20Z","2024-07-01T15:20Z","Illinois State Water Survey Central Analytical Laboratory",246.0,0.41460,1,"2024-07-03","B",,
"c724d9df-58db-4f4d-b414-729c1ba82633","D06","KING","KING.AOS.S2","KING.SS.20240701.FIL.3","A00000439633","2024-07-01T15:20Z","2024-07-01T15:20Z","Illinois State Water Survey Central Analytical Laboratory",310.0,0.28000,1,"2024-07-03","B",,
"0fef1d74-daa2-491c-a32c-53435dcf95bc","D06","KING","KING.AOS.S2","KING.SS.20240701.FIL","A00000439629","2024-07-01T15:20Z","2024-07-01T15:20Z","Illinois State Water Survey Central Analytical Laboratory",496.0,0.06310,1,"2024-07-03","B",,
"3bad3068-3e7f-4040-969e-bb3c83c27d36","D06","KING","KING.AOS.S2","KING.SS.20240701.FIL.2","A00000439631","2024-07-01T15:20Z","2024-07-01T15:20Z","Illinois State Water Survey Central Analytical Laboratory",368.0,0.13720,1,"2024-07-03","B",,
"b8d08b5a-30d8-49b7-854e-b731685b8358","D06","KING","KING.AOS.S2","KING.SS.20240701.FIL","A00000439629","2024-07-01T15:20Z","2024-07-01T15:20Z","Illinois State Water Survey Central Analytical Laboratory",556.0,0.05200,1,"2024-07-03","A",,
"3cdeb1ad-430e-49ee-bc5c-6ab818c86f67","D06","KING","KING.AOS.S2","KING.SS.20240701.FIL.2","A00000439631","2024-07-01T15:20Z","2024-07-01T15:20Z","Illinois State Water Survey Central Analytical Laboratory",350.0,0.16000,1,"2024-07-03","B",,
"5105afe0-9141-4508-ab29-ac701724448c","D06","KING","KING.AOS.S2","KING.SS.20240701.FIL.3","A00000439633","2024-07-01T15:20Z","2024-07-01T15:20Z","Illinois State Water Survey Central Analytical Laboratory",398.0,0.14120,1,"2024-07-03","B",,
"b5c59afb-0b65-4543-b4b2-5dc776dc8e30","D06","KING","KING.AOS.S2","KING.SS.20240701.FIL","A00000439629","2024-07-01T15:20Z","2024-07-01T15:20Z","Illinois State Water Survey Central Analytical Laboratory",556.0,0.05320,1,"2024-07-03","B",,
"3f939cb7-4efa-432f-bac9-34825c1cfd4b","D06","KING","KING.AOS.S2","KING.SS.20240701.FIL","A00000439629","2024-07-01T15:20Z","2024-07-01T15:20Z","Illinois State Water Survey Central Analytical Laboratory",452.0,0.07510,1,"2024-07-03","A",,
"12c8a5ae-b4e1-4d83-a67b-a804b04f98c8","D06","KING","KING.AOS.S2","KING.SS.20240701.FIL.3","A00000439633","2024-07-01T15:20Z","2024-07-01T15:20Z","Illinois State Water Survey Central Analytical Laboratory",432.0,0.11760,1,"2024-07-03","A",,
"1f10ff97-5bc0-49b6-b2b0-6b975c0eb0fd","D06","KING","KING.AOS.S2","KING.SS.20240701.FIL.2","A00000439631","2024-07-01T15:20Z","2024-07-01T15:20Z","Illinois State Water Survey Central Analytical Laboratory",406.0,0.10290,1,"2024-07-03","B",,
"23cf201b-f68d-4a1d-8d97-27830f572c26","D06","KING","KING.AOS.S2","KING.SS.20240701.FIL.2","A00000439631","2024-07-01T15:20Z","2024-07-01T15:20Z","Illinois State Water Survey Central Analytical Laboratory",222.0,0.55420,1,"2024-07-03","A",,
"3c7e0b63-a2bb-4070-8e0c-c7c76fa4ff6d","D06","KING","KING.AOS.S2","KING.SS.20240701.FIL","A00000439629","2024-07-01T15:20Z","2024-07-01T15:20Z","Illinois State Water Survey Central Analytical Laboratory",376.0,0.12440,1,"2024-07-03","B",,
"4a4a9648-8e1e-45d1-9d5d-8df9c26f2c99","D06","KING","KING.AOS.S2","KING.SS.20240701.FIL","A00000439629","2024-07-01T15:20Z","2024-07-01T15:20Z","Illinois State Water Survey Central Analytical Laboratory",434.0,0.08220,1,"2024-07-03","A",,
"6327841f-bc4d-4777-9514-e68c35169124","D06","KING","KING.AOS.S2","KING.SS.20240701.FIL.3","A00000439633","2024-07-01T15:20Z","2024-07-01T15:20Z","Illinois State Water Survey Central Analytical Laboratory",320.0,0.25840,1,"2024-07-03","A",,
"e9521650-cb49-4e06-8604-e7ccdbd544e8","D06","KING","KING.AOS.S2","KING.SS.20240701.FIL.3","A00000439633","2024-07-01T15:20Z","2024-07-01T15:20Z","Illinois State Water Survey Central Analytical Laboratory",296.0,0.31810,1,"2024-07-03","B",,
"326f669a-86a1-4cf8-964d-8bb93baf75ad","D06","KING","KING.AOS.S2","KING.SS.20240701.FIL.3","A00000439633","2024-07-01T15:20Z","2024-07-01T15:20Z","Illinois State Water Survey Central Analytical Laboratory",454.0,0.10620,1,"2024-07-03","B",,
"a52bda42-e955-4fe9-8956-0e39abea25da","D06","KING","KING.AOS.S2","KING.SS.20240701.FIL.2","A00000439631","2024-07-01T15:20Z","2024-07-01T15:20Z","Illinois State Water Survey Central Analytical Laboratory",480.0,0.07030,1,"2024-07-03","B",,
"130b79bc-ffbf-47c1-b3bc-4a07c9849995","D06","KING","KING.AOS.S2","KING.SS.20240701.FIL","A00000439629","2024-07-01T15:20Z","2024-07-01T15:20Z","Illinois State Water Survey Central Analytical Laboratory",224.0,0.53350,1,"2024-07-03","B",,
"76a7cdee-e6d4-49da-bb19-2934f1643da9","D06","KING","KING.AOS.S2","KING.SS.20240701.FIL.3","A00000439633","2024-07-01T15:20Z","2024-07-01T15:20Z","Illinois State Water Survey Central Analytical Laboratory",246.0,0.47590,1,"2024-07-03","A",,
"77bee10d-62ac-44ef-8ac7-7aab84df0e3f","D06","KING","KING.AOS.S2","KING.SS.20240701.FIL","A00000439629","2024-07-01T15:20Z","2024-07-01T15:20Z","Illinois State Water Survey Central Analytical Laboratory",282.0,0.30500,1,"2024-07-03","A",,
"e6f01251-d361-4a94-9bcf-51e437125b49","D06","KING","KING.AOS.S2","KING.SS.20240701.FIL","A00000439629","2024-07-01T15:20Z","2024-07-01T15:20Z","Illinois State Water Survey Central Analytical Laboratory",338.0,0.17470,1,"2024-07-03","B",,
"31ba7095-9ca2-4b7b-9cb9-123169254d7d","D06","KING","KING.AOS.S2","KING.SS.20240701.FIL.2","A00000439631","2024-07-01T15:20Z","2024-07-01T15:20Z","Illinois State Water Survey Central Analytical Laboratory",282.0,0.31410,1,"2024-07-03","B",,
"9b48e2a0-bdef-45b9-b4c6-1501bc41f762","D06","KING","KING.AOS.S2","KING.SS.20240701.FIL","A00000439629","2024-07-01T15:20Z","2024-07-01T15:20Z","Illinois State Water Survey Central Analytical Laboratory",352.0,0.15130,1,"2024-07-03","A",,
"6d9d611e-eba1-45fe-81f9-c70d135bb289","D06","KING","KING.AOS.S2","KING.SS.20240701.FIL.2","A00000439631","2024-07-01T15:20Z","2024-07-01T15:20Z","Illinois State Water Survey Central Analytical Laboratory",288.0,0.29550,1,"2024-07-03","B",,
"dc56798d-bed1-4379-85f8-6b5f7709e11c","D06","KING","KING.AOS.S2","KING.SS.20240701.FIL","A00000439629","2024-07-01T15:20Z","2024-07-01T15:20Z","Illinois State Water Survey Central Analytical Laboratory",326.0,0.19720,1,"2024-07-03","B",,
"29bd77c2-043a-496b-8152-eb1f5630c49d","D06","KING","KING.AOS.S2","KING.SS.20240701.FIL","A00000439629","2024-07-01T15:20Z","2024-07-01T15:20Z","Illinois State Water Survey Central Analytical Laboratory",378.0,0.12110,1,"2024-07-03","A",,
"b3aa15e0-5fa7-41cd-a187-9c3196dee039","D06","KING","KING.AOS.S2","KING.SS.20240701.FIL.3","A00000439633","2024-07-01T15:20Z","2024-07-01T15:20Z","Illinois State Water Survey Central Analytical Laboratory",538.0,0.08270,1,"2024-07-03","A",,
"e2ed64ec-ba04-450f-a2d8-054905c357c9","D06","KING","KING.AOS.S2","KING.SS.20240701.FIL.2","A00000439631","2024-07-01T15:20Z","2024-07-01T15:20Z","Illinois State Water Survey Central Analytical Laboratory",558.0,0.05540,1,"2024-07-03","A",,
"475835be-84f7-4857-8eca-f060547e4f5d","D06","KING","KING.AOS.S2","KING.SS.20240701.FIL.2","A00000439631","2024-07-01T15:20Z","2024-07-01T15:20Z","Illinois State Water Survey Central Analytical Laboratory",592.0,0.05050,1,"2024-07-03","A",,
"c4bf56b4-8759-4889-a098-6a3730ee25e3","D06","KING","KING.AOS.S2","KING.SS.20240701.FIL.2","A00000439631","2024-07-01T15:20Z","2024-07-01T15:20Z","Illinois State Water Survey Central Analytical Laboratory",352.0,0.15580,1,"2024-07-03","A",,
"dbf60f9f-f86c-4c38-9e3b-acb430fb37f3","D06","KING","KING.AOS.S2","KING.SS.20240701.FIL","A00000439629","2024-07-01T15:20Z","2024-07-01T15:20Z","Illinois State Water Survey Central Analytical Laboratory",464.0,0.07090,1,"2024-07-03","A",,
"f96e7db7-b079-4889-a73c-5f4afad598a9","D06","KING","KING.AOS.S2","KING.SS.20240701.FIL","A00000439629","2024-07-01T15:20Z","2024-07-01T15:20Z","Illinois State Water Survey Central Analytical Laboratory",248.0,0.39740,1,"2024-07-03","A",,
"ce9169ab-20eb-490a-a77c-3ff8ba3bcb14","D06","KING","KING.AOS.S2","KING.SS.20240701.FIL.3","A00000439633","2024-07-01T15:20Z","2024-07-01T15:20Z","Illinois State Water Survey Central Analytical Laboratory",224.0,0.60560,1,"2024-07-03","A",,
"83eacd3c-d24d-4626-814e-ecb6c1cb9bd5","D06","KING","KING.AOS.S2","KING.SS.20240701.FIL.2","A00000439631","2024-07-01T15:20Z","2024-07-01T15:20Z","Illinois State Water Survey Central Analytical Laboratory",536.0,0.05840,1,"2024-07-03","A",,
"239cc4fb-a7cb-403a-a79b-588ea08bba09","D06","KING","KING.AOS.S2","KING.SS.20240701.FIL.2","A00000439631","2024-07-01T15:20Z","2024-07-01T15:20Z","Illinois State Water Survey Central Analytical Laboratory",226.0,0.52160,1,"2024-07-03","A",,
"772c3279-2385-443d-8ca1-bdef8a38125c","D06","KING","KING.AOS.S2","KING.SS.20240701.FIL.2","A00000439631","2024-07-01T15:20Z","2024-07-01T15:20Z","Illinois State Water Survey Central Analytical Laboratory",230.0,0.49850,1,"2024-07-03","B",,
"d1ceca84-9f52-4fbf-aeb4-137894bdd75c","D06","KING","KING.AOS.S2","KING.SS.20240701.FIL.3","A00000439633","2024-07-01T15:20Z","2024-07-01T15:20Z","Illinois State Water Survey Central Analytical Laboratory",284.0,0.36100,1,"2024-07-03","A",,
"a665b39d-b356-48ec-85ee-d68839edc846","D06","KING","KING.AOS.S2","KING.SS.20240701.FIL.2","A00000439631","2024-07-01T15:20Z","2024-07-01T15:20Z","Illinois State Water Survey Central Analytical Laboratory",284.0,0.30590,1,"2024-07-03","A",,
"21aba320-a9f6-43ac-b4de-9998e9efedec","D06","KING","KING.AOS.S2","KING.SS.20240701.FIL.3","A00000439633","2024-07-01T15:20Z","2024-07-01T15:20Z","Illinois State Water Survey Central Analytical Laboratory",448.0,0.10890,1,"2024-07-03","B",,
"14ac487f-b089-4941-b777-0bed511d7251","D06","KING","KING.AOS.S2","KING.SS.20240701.FIL.2","A00000439631","2024-07-01T15:20Z","2024-07-01T15:20Z","Illinois State Water Survey Central Analytical Laboratory",294.0,0.27630,1,"2024-07-03","B",,
"72533716-fba5-42e5-85bc-6abd93b15fb8","D06","KING","KING.AOS.S2","KING.SS.20240701.FIL.2","A00000439631","2024-07-01T15:20Z","2024-07-01T15:20Z","Illinois State Water Survey Central Analytical Laboratory",554.0,0.05550,1,"2024-07-03","A",,
"9eec694c-0c42-42db-9bb1-34a8eea77745","D06","KING","KING.AOS.S2","KING.SS.20240701.FIL.2","A00000439631","2024-07-01T15:20Z","2024-07-01T15:20Z","Illinois State Water Survey Central Analytical Laboratory",288.0,0.29340,1,"2024-07-03","A",,
"afc2b731-9082-4771-b910-c9c72575488b","D06","KING","KING.AOS.S2","KING.SS.20240701.FIL","A00000439629","2024-07-01T15:20Z","2024-07-01T15:20Z","Illinois State Water Survey Central Analytical Laboratory",228.0,0.49650,1,"2024-07-03","A",,
"c347ceca-18c4-4900-b8bc-9a1a79105744","D06","KING","KING.AOS.S2","KING.SS.20240701.FIL","A00000439629","2024-07-01T15:20Z","2024-07-01T15:20Z","Illinois State Water Survey Central Analytical Laboratory",310.0,0.23100,1,"2024-07-03","B",,
"e373cdcb-9a70-488a-abba-9306bb746dfa","D06","KING","KING.AOS.S2","KING.SS.20240701.FIL.3","A00000439633","2024-07-01T15:20Z","2024-07-01T15:20Z","Illinois State Water Survey Central Analytical Laboratory",474.0,0.09870,1,"2024-07-03","B",,
"e79505ae-e854-4586-b3c2-e2da3c0220d0","D06","KING","KING.AOS.S2","KING.SS.20240701.FIL.3","A00000439633","2024-07-01T15:20Z","2024-07-01T15:20Z","Illinois State Water Survey Central Analytical Laboratory",238.0,0.51160,1,"2024-07-03","B",,
"5bc0bc3b-48a6-4fc3-8f00-80249438c874","D06","KING","KING.AOS.S2","KING.SS.20240701.FIL.3","A00000439633","2024-07-01T15:20Z","2024-07-01T15:20Z","Illinois State Water Survey Central Analytical Laboratory",518.0,0.08730,1,"2024-07-03","A",,
"345a1bde-8be3-4d8d-ae9b-22f0f573cb59","D06","KING","KING.AOS.S2","KING.SS.20240701.FIL.3","A00000439633","2024-07-01T15:20Z","2024-07-01T15:20Z","Illinois State Water Survey Central Analytical Laboratory",398.0,0.14160,1,"2024-07-03","A",,
"15daee59-7282-4057-8819-af8d292ce7d2","D06","KING","KING.AOS.S2","KING.SS.20240701.FIL.3","A00000439633","2024-07-01T15:20Z","2024-07-01T15:20Z","Illinois State Water Survey Central Analytical Laboratory",510.0,0.08930,1,"2024-07-03","A",,
"17c156d8-e004-4b10-8a94-4ae9beed4827","D06","KING","KING.AOS.S2","KING.SS.20240701.FIL.2","A00000439631","2024-07-01T15:20Z","2024-07-01T15:20Z","Illinois State Water Survey Central Analytical Laboratory",590.0,0.05220,1,"2024-07-03","B",,
"b8d56f19-e1b1-438f-917a-b86c02c3fd67","D06","KING","KING.AOS.S2","KING.SS.20240701.FIL","A00000439629","2024-07-01T15:20Z","2024-07-01T15:20Z","Illinois State Water Survey Central Analytical Laboratory",532.0,0.05590,1,"2024-07-03","A",,
"95f2e85f-7dd6-4b4c-8f16-df61cb608376","D06","KING","KING.AOS.S2","KING.SS.20240701.FIL.3","A00000439633","2024-07-01T15:20Z","2024-07-01T15:20Z","Illinois State Water Survey Central Analytical Laboratory",266.0,0.41680,1,"2024-07-03","A",,
"98e94758-1efd-41c6-97b3-1ced96e427ee","D06","KING","KING.AOS.S2","KING.SS.20240701.FIL","A00000439629","2024-07-01T15:20Z","2024-07-01T15:20Z","Illinois State Water Survey Central Analytical Laboratory",568.0,0.05050,1,"2024-07-03","A",,
"1ed97319-c499-4a37-87c6-c91aaf34536a","D06","KING","KING.AOS.S2","KING.SS.20240701.FIL","A00000439629","2024-07-01T15:20Z","2024-07-01T15:20Z","Illinois State Water Survey Central Analytical Laboratory",546.0,0.05440,1,"2024-07-03","B",,
"3274ab7f-d242-4f82-99a2-b74e60c7b515","D06","KING","KING.AOS.S2","KING.SS.20240701.FIL.3","A00000439633","2024-07-01T15:20Z","2024-07-01T15:20Z","Illinois State Water Survey Central Analytical Laboratory",224.0,0.60490,1,"2024-07-03","B",,
"0d89ed94-71a0-4d79-ad5b-f56683a15f00","D06","KING","KING.AOS.S2","KING.SS.20240701.FIL.3","A00000439633","2024-07-01T15:20Z","2024-07-01T15:20Z","Illinois State Water Survey Central Analytical Laboratory",382.0,0.15780,1,"2024-07-03","A",,
"20cb2faa-04fd-4aaa-af99-fcb2d44de14a","D06","KING","KING.AOS.S2","KING.SS.20240701.FIL.2","A00000439631","2024-07-01T15:20Z","2024-07-01T15:20Z","Illinois State Water Survey Central Analytical Laboratory",520.0,0.06200,1,"2024-07-03","B",,
"5adaa21a-fb3b-47b9-b837-800d6d29d093","D06","KING","KING.AOS.S2","KING.SS.20240701.FIL.3","A00000439633","2024-07-01T15:20Z","2024-07-01T15:20Z","Illinois State Water Survey Central Analytical Laboratory",512.0,0.08880,1,"2024-07-03","A",,
"083c9265-06ea-43fb-82a8-648e27672a19","D06","KING","KING.AOS.S2","KING.SS.20240701.FIL.3","A00000439633","2024-07-01T15:20Z","2024-07-01T15:20Z","Illinois State Water Survey Central Analytical Laboratory",538.0,0.08270,1,"2024-07-03","B",,
"0c1d5db3-6c69-48e9-b500-579199349da9","D06","KING","KING.AOS.S2","KING.SS.20240701.FIL.3","A00000439633","2024-07-01T15:20Z","2024-07-01T15:20Z","Illinois State Water Survey Central Analytical Laboratory",376.0,0.16470,1,"2024-07-03","A",,
"ea56b53b-ee0e-4e65-b897-831e150eda6e","D06","KING","KING.AOS.S2","KING.SS.20240701.FIL.3","A00000439633","2024-07-01T15:20Z","2024-07-01T15:20Z","Illinois State Water Survey Central Analytical Laboratory",250.0,0.46280,1,"2024-07-03","A",,
"4a7a29c5-cc35-4455-ae36-401f3d63ce75","D06","KING","KING.AOS.S2","KING.SS.20240701.FIL.2","A00000439631","2024-07-01T15:20Z","2024-07-01T15:20Z","Illinois State Water Survey Central Analytical Laboratory",344.0,0.16740,1,"2024-07-03","A",,
"ce56f67d-5885-48ac-8fb1-d8e9302c176c","D06","KING","KING.AOS.S2","KING.SS.20240701.FIL.3","A00000439633","2024-07-01T15:20Z","2024-07-01T15:20Z","Illinois State Water Survey Central Analytical Laboratory",382.0,0.15700,1,"2024-07-03","B",,
"88f52327-e614-4f5c-824a-d77d4792a519","D06","KING","KING.AOS.S2","KING.SS.20240701.FIL.2","A00000439631","2024-07-01T15:20Z","2024-07-01T15:20Z","Illinois State Water Survey Central Analytical Laboratory",488.0,0.06860,1,"2024-07-03","A",,
"7557c3ef-b306-4484-8ef3-1fba35fd486b","D06","KING","KING.AOS.S2","KING.SS.20240701.FIL","A00000439629","2024-07-01T15:20Z","2024-07-01T15:20Z","Illinois State Water Survey Central Analytical Laboratory",530.0,0.05690,1,"2024-07-03","B",,
"1a5ed122-9614-4342-8725-9220277134f8","D06","KING","KING.AOS.S2","KING.SS.20240701.FIL.3","A00000439633","2024-07-01T15:20Z","2024-07-01T15:20Z","Illinois State Water Survey Central Analytical Laboratory",466.0,0.10140,1,"2024-07-03","B",,
"f6d5d174-804b-4170-9cf6-c6606cf54833","D06","KING","KING.AOS.S2","KING.SS.20240701.FIL","A00000439629","2024-07-01T15:20Z","2024-07-01T15:20Z","Illinois State Water Survey Central Analytical Laboratory",554.0,0.05350,1,"2024-07-03","B",,
"c24171a7-90d3-45c8-b013-55ce42432eae","D06","KING","KING.AOS.S2","KING.SS.20240701.FIL","A00000439629","2024-07-01T15:20Z","2024-07-01T15:20Z","Illinois State Water Survey Central Analytical Laboratory",294.0,0.27120,1,"2024-07-03","B",,
"f1e13aec-8556-4235-9d33-eef6374839ed","D06","KING","KING.AOS.S2","KING.SS.20240701.FIL.2","A00000439631","2024-07-01T15:20Z","2024-07-01T15:20Z","Illinois State Water Survey Central Analytical Laboratory",332.0,0.18940,1,"2024-07-03","B",,
"bde4301c-7788-4fd6-8c21-1435dd801861","D06","KING","KING.AOS.S2","KING.SS.20240701.FIL.3","A00000439633","2024-07-01T15:20Z","2024-07-01T15:20Z","Illinois State Water Survey Central Analytical Laboratory",318.0,0.26080,1,"2024-07-03","B",,
"fbe3b8c2-6b65-4e25-9cf0-65fd95dedd47","D06","KING","KING.AOS.S2","KING.SS.20240701.FIL.3","A00000439633","2024-07-01T15:20Z","2024-07-01T15:20Z","Illinois State Water Survey Central Analytical Laboratory",440.0,0.11280,1,"2024-07-03","B",,
"0de8cd6d-a0ec-4344-a434-65543e294de8","D06","KING","KING.AOS.S2","KING.SS.20240701.FIL","A00000439629","2024-07-01T15:20Z","2024-07-01T15:20Z","Illinois State Water Survey Central Analytical Laboratory",382.0,0.11700,1,"2024-07-03","A",,
"f7d01668-1d07-45ca-be7a-b4e8662a02db","D06","KING","KING.AOS.S2","KING.SS.20240701.FIL.2","A00000439631","2024-07-01T15:20Z","2024-07-01T15:20Z","Illinois State Water Survey Central Analytical Laboratory",582.0,0.05190,1,"2024-07-03","A",,
"6caa7053-fe84-4790-b365-d00ff2d546b9","D06","KING","KING.AOS.S2","KING.SS.20240701.FIL.2","A00000439631","2024-07-01T15:20Z","2024-07-01T15:20Z","Illinois State Water Survey Central Analytical Laboratory",222.0,0.55740,1,"2024-07-03","B",,
"970ec7c7-9d60-4e2f-8aeb-2a880ed08c72","D06","KING","KING.AOS.S2","KING.SS.20240701.FIL.3","A00000439633","2024-07-01T15:20Z","2024-07-01T15:20Z","Illinois State Water Survey Central Analytical Laboratory",278.0,0.37940,1,"2024-07-03","B",,
"5ecc5e14-4637-4637-b24b-2f3a89027c03","D06","KING","KING.AOS.S2","KING.SS.20240701.FIL.2","A00000439631","2024-07-01T15:20Z","2024-07-01T15:20Z","Illinois State Water Survey Central Analytical Laboratory",390.0,0.11320,1,"2024-07-03","A",,
"26442b79-cf77-4aec-a6a0-ad2a4498c805","D06","KING","KING.AOS.S2","KING.SS.20240701.FIL.2","A00000439631","2024-07-01T15:20Z","2024-07-01T15:20Z","Illinois State Water Survey Central Analytical Laboratory",264.0,0.36170,1,"2024-07-03","A",,
"f99748e0-b69e-429d-bbad-887086ef03cb","D06","KING","KING.AOS.S2","KING.SS.20240701.FIL.2","A00000439631","2024-07-01T15:20Z","2024-07-01T15:20Z","Illinois State Water Survey Central Analytical Laboratory",272.0,0.34070,1,"2024-07-03","A",,
"a6ab97aa-7400-4c66-9c67-5f6010f73ac6","D06","KING","KING.AOS.S2","KING.SS.20240701.FIL","A00000439629","2024-07-01T15:20Z","2024-07-01T15:20Z","Illinois State Water Survey Central Analytical Laboratory",366.0,0.13410,1,"2024-07-03","A",,
"60fb3175-9283-440d-adb7-bffc732c86c5","D06","KING","KING.AOS.S2","KING.SS.20240701.FIL.3","A00000439633","2024-07-01T15:20Z","2024-07-01T15:20Z","Illinois State Water Survey Central Analytical Laboratory",582.0,0.07420,1,"2024-07-03","A",,
"3c378733-e516-468d-98c3-1f0f2b9be986","D06","KING","KING.AOS.S2","KING.SS.20240701.FIL.3","A00000439633","2024-07-01T15:20Z","2024-07-01T15:20Z","Illinois State Water Survey Central Analytical Laboratory",400.0,0.13970,1,"2024-07-03","B",,
"8669ce03-9fee-449c-9cd7-c6c22ac68f4d","D06","KING","KING.AOS.S2","KING.SS.20240701.FIL.3","A00000439633","2024-07-01T15:20Z","2024-07-01T15:20Z","Illinois State Water Survey Central Analytical Laboratory",384.0,0.15540,1,"2024-07-03","A",,
"5f990da5-ab12-409b-9872-b4ceff23d5c1","D06","KING","KING.AOS.S2","KING.SS.20240701.FIL","A00000439629","2024-07-01T15:20Z","2024-07-01T15:20Z","Illinois State Water Survey Central Analytical Laboratory",452.0,0.07530,1,"2024-07-03","B",,
"421fdc14-f1ff-4fc2-b7b0-848ca0974742","D06","KING","KING.AOS.S2","KING.SS.20240701.FIL","A00000439629","2024-07-01T15:20Z","2024-07-01T15:20Z","Illinois State Water Survey Central Analytical Laboratory",408.0,0.09740,1,"2024-07-03","B",,
"e42e6e75-f217-4f4a-b16c-4b0462c08ab2","D06","KING","KING.AOS.S2","KING.SS.20240701.FIL","A00000439629","2024-07-01T15:20Z","2024-07-01T15:20Z","Illinois State Water Survey Central Analytical Laboratory",440.0,0.07960,1,"2024-07-03","A",,
"7857a3c8-14b2-400d-bedb-eade7518620f","D06","KING","KING.AOS.S2","KING.SS.20240701.FIL.3","A00000439633","2024-07-01T15:20Z","2024-07-01T15:20Z","Illinois State Water Survey Central Analytical Laboratory",256.0,0.44330,1,"2024-07-03","B",,
"e85e0b60-36fd-4cc1-9e13-71df8a94d45e","D06","KING","KING.AOS.S2","KING.SS.20240701.FIL.2","A00000439631","2024-07-01T15:20Z","2024-07-01T15:20Z","Illinois State Water Survey Central Analytical Laboratory",384.0,0.11910,1,"2024-07-03","A",,
"b55d7489-09cd-423c-8203-87d27225e146","D06","KING","KING.AOS.S2","KING.SS.20240701.FIL.3","A00000439633","2024-07-01T15:20Z","2024-07-01T15:20Z","Illinois State Water Survey Central Analytical Laboratory",558.0,0.07860,1,"2024-07-03","B",,
"48f54ab3-b64b-4122-b656-58ecfef965f7","D06","KING","KING.AOS.S2","KING.SS.20240701.FIL.3","A00000439633","2024-07-01T15:20Z","2024-07-01T15:20Z","Illinois State Water Survey Central Analytical Laboratory",314.0,0.27180,1,"2024-07-03","A",,
"d7982726-86dd-4fc1-81aa-2b066155812a","D06","KING","KING.AOS.S2","KING.SS.20240701.FIL.3","A00000439633","2024-07-01T15:20Z","2024-07-01T15:20Z","Illinois State Water Survey Central Analytical Laboratory",470.0,0.10000,1,"2024-07-03","B",,
"bced8a1a-435c-4410-a16e-1aa1dbb5784b","D06","KING","KING.AOS.S2","KING.SS.20240701.FIL.3","A00000439633","2024-07-01T15:20Z","2024-07-01T15:20Z","Illinois State Water Survey Central Analytical Laboratory",298.0,0.31220,1,"2024-07-03","B",,
"077bfde4-71f9-4cf8-8051-6a7aec2a3824","D06","KING","KING.AOS.S2","KING.SS.20240701.FIL.2","A00000439631","2024-07-01T15:20Z","2024-07-01T15:20Z","Illinois State Water Survey Central Analytical Laboratory",560.0,0.05480,1,"2024-07-03","A",,
"d420b9de-6a67-4dea-b791-e8c0eb19e67f","D06","KING","KING.AOS.S2","KING.SS.20240701.FIL.3","A00000439633","2024-07-01T15:20Z","2024-07-01T15:20Z","Illinois State Water Survey Central Analytical Laboratory",354.0,0.19170,1,"2024-07-03","B",,
"d5bce766-bd88-4b8e-947d-9d269a151588","D06","KING","KING.AOS.S2","KING.SS.20240701.FIL.3","A00000439633","2024-07-01T15:20Z","2024-07-01T15:20Z","Illinois State Water Survey Central Analytical Laboratory",552.0,0.07960,1,"2024-07-03","B",,
"c6cc97f3-a124-4fd8-9242-f6c336ccea12","D06","KING","KING.AOS.S2","KING.SS.20240701.FIL.2","A00000439631","2024-07-01T15:20Z","2024-07-01T15:20Z","Illinois State Water Survey Central Analytical Laboratory",250.0,0.40180,1,"2024-07-03","B",,
"8e69778d-60f1-4a3d-891a-00203a828997","D06","KING","KING.AOS.S2","KING.SS.20240701.FIL.3","A00000439633","2024-07-01T15:20Z","2024-07-01T15:20Z","Illinois State Water Survey Central Analytical Laboratory",394.0,0.14510,1,"2024-07-03","A",,
"fd1b33b1-93c9-4dc4-978a-c45b18587a47","D06","KING","KING.AOS.S2","KING.SS.20240701.FIL.3","A00000439633","2024-07-01T15:20Z","2024-07-01T15:20Z","Illinois State Water Survey Central Analytical Laboratory",562.0,0.07760,1,"2024-07-03","B",,
"c337d81c-402f-46dc-97e2-66e37be41e0e","D06","KING","KING.AOS.S2","KING.SS.20240701.FIL.2","A00000439631","2024-07-01T15:20Z","2024-07-01T15:20Z","Illinois State Water Survey Central Analytical Laboratory",336.0,0.18090,1,"2024-07-03","A",,
"036ac7f9-67a6-44bf-a019-8a3a8e6ddc51","D06","KING","KING.AOS.S2","KING.SS.20240701.FIL","A00000439629","2024-07-01T15:20Z","2024-07-01T15:20Z","Illinois State Water Survey Central Analytical Laboratory",404.0,0.09910,1,"2024-07-03","A",,
"330a44a7-fbb7-4eee-a21c-55d1c7983b00","D06","KING","KING.AOS.S2","KING.SS.20240701.FIL.2","A00000439631","2024-07-01T15:20Z","2024-07-01T15:20Z","Illinois State Water Survey Central Analytical Laboratory",404.0,0.10420,1,"2024-07-03","B",,
"645a37d2-4fc9-48c0-adf1-a016d5f4088b","D06","KING","KING.AOS.S2","KING.SS.20240701.FIL.3","A00000439633","2024-07-01T15:20Z","2024-07-01T15:20Z","Illinois State Water Survey Central Analytical Laboratory",324.0,0.24730,1,"2024-07-03","B",,
"837d1fb8-e87f-4a2c-a17d-4e3f4e898ce5","D06","KING","KING.AOS.S2","KING.SS.20240701.FIL","A00000439629","2024-07-01T15:20Z","2024-07-01T15:20Z","Illinois State Water Survey Central Analytical Laboratory",312.0,0.22660,1,"2024-07-03","B",,
"17c7b6a6-8505-4847-9b3e-6fd6a081e848","D06","KING","KING.AOS.S2","KING.SS.20240701.FIL","A00000439629","2024-07-01T15:20Z","2024-07-01T15:20Z","Illinois State Water Survey Central Analytical Laboratory",230.0,0.49200,1,"2024-07-03","B",,
"56c28b9e-8b62-46f3-aedb-6127dfbadd54","D06","KING","KING.AOS.S2","KING.SS.20240701.FIL.2","A00000439631","2024-07-01T15:20Z","2024-07-01T15:20Z","Illinois State Water Survey Central Analytical Laboratory",274.0,0.33520,1,"2024-07-03","A",,
"7fe110ce-5e89-40ec-9d29-5c459d98bbf9","D06","KING","KING.AOS.S2","KING.SS.20240701.FIL","A00000439629","2024-07-01T15:20Z","2024-07-01T15:20Z","Illinois State Water Survey Central Analytical Laboratory",242.0,0.42460,1,"2024-07-03","B",,
"a09fcabb-183b-4e17-8cf3-43ed9fc76c17","D06","KING","KING.AOS.S2","KING.SS.20240701.FIL","A00000439629","2024-07-01T15:20Z","2024-07-01T15:20Z","Illinois State Water Survey Central Analytical Laboratory",466.0,0.07040,1,"2024-07-03","B",,
"22d35793-e066-4444-9057-ec6c00180697","D06","KING","KING.AOS.S2","KING.SS.20240701.FIL.2","A00000439631","2024-07-01T15:20Z","2024-07-01T15:20Z","Illinois State Water Survey Central Analytical Laboratory",580.0,0.05300,1,"2024-07-03","B",,
"5847ee23-2197-4430-999c-6553e76754a2","D06","KING","KING.AOS.S2","KING.SS.20240701.FIL","A00000439629","2024-07-01T15:20Z","2024-07-01T15:20Z","Illinois State Water Survey Central Analytical Laboratory",430.0,0.08410,1,"2024-07-03","A",,
"4a07bb97-582c-43f8-b8fa-8b22063b2a9d","D06","KING","KING.AOS.S2","KING.SS.20240701.FIL.2","A00000439631","2024-07-01T15:20Z","2024-07-01T15:20Z","Illinois State Water Survey Central Analytical Laboratory",460.0,0.07670,1,"2024-07-03","B",,
"1c509675-ebe6-4a27-8054-739d9d14131e","D06","KING","KING.AOS.S2","KING.SS.20240701.FIL.3","A00000439633","2024-07-01T15:20Z","2024-07-01T15:20Z","Illinois State Water Survey Central Analytical Laboratory",524.0,0.08580,1,"2024-07-03","A",,
"b5a3b806-ade8-4640-bbb7-43d2f710cad5","D06","KING","KING.AOS.S2","KING.SS.20240701.FIL.2","A00000439631","2024-07-01T15:20Z","2024-07-01T15:20Z","Illinois State Water Survey Central Analytical Laboratory",304.0,0.24990,1,"2024-07-03","B",,
"a3f9562f-a6ac-454b-bd17-5ed940219420","D06","KING","KING.AOS.S2","KING.SS.20240701.FIL.3","A00000439633","2024-07-01T15:20Z","2024-07-01T15:20Z","Illinois State Water Survey Central Analytical Laboratory",590.0,0.07320,1,"2024-07-03","A",,
"840beed8-56db-4677-932a-b434f15e78fa","D06","KING","KING.AOS.S2","KING.SS.20240701.FIL.2","A00000439631","2024-07-01T15:20Z","2024-07-01T15:20Z","Illinois State Water Survey Central Analytical Laboratory",380.0,0.12450,1,"2024-07-03","B",,
"0eef15e4-dd2f-4d23-9272-979da03e8dfe","D06","KING","KING.AOS.S2","KING.SS.20240701.FIL.2","A00000439631","2024-07-01T15:20Z","2024-07-01T15:20Z","Illinois State Water Survey Central Analytical Laboratory",334.0,0.18590,1,"2024-07-03","B",,
"c9fc10d1-a815-495d-add7-1be3c84bd012","D06","KING","KING.AOS.S2","KING.SS.20240701.FIL","A00000439629","2024-07-01T15:20Z","2024-07-01T15:20Z","Illinois State Water Survey Central Analytical Laboratory",318.0,0.21370,1,"2024-07-03","B",,
"4b7a6494-1ff4-42b0-aec3-96ac1e7f9091","D06","KING","KING.AOS.S2","KING.SS.20240701.FIL.3","A00000439633","2024-07-01T15:20Z","2024-07-01T15:20Z","Illinois State Water Survey Central Analytical Laboratory",288.0,0.34710,1,"2024-07-03","A",,
"e3f35470-b9a2-478f-9352-e7efa7c762ca","D06","KING","KING.AOS.S2","KING.SS.20240701.FIL.3","A00000439633","2024-07-01T15:20Z","2024-07-01T15:20Z","Illinois State Water Survey Central Analytical Laboratory",520.0,0.08690,1,"2024-07-03","A",,
"fb0383a1-b2e1-4f13-9849-b0e2a0bc59e3","D06","KING","KING.AOS.S2","KING.SS.20240701.FIL","A00000439629","2024-07-01T15:20Z","2024-07-01T15:20Z","Illinois State Water Survey Central Analytical Laboratory",244.0,0.41720,1,"2024-07-03","B",,
"657ad09e-1e5a-4d5c-8c4a-e7ad6b4a2e1e","D06","KING","KING.AOS.S2","KING.SS.20240701.FIL.2","A00000439631","2024-07-01T15:20Z","2024-07-01T15:20Z","Illinois State Water Survey Central Analytical Laboratory",574.0,0.05280,1,"2024-07-03","A",,
"f8bd52a1-5c6c-41d7-ad0b-5261b3d5dfa3","D06","KING","KING.AOS.S2","KING.SS.20240701.FIL","A00000439629","2024-07-01T15:20Z","2024-07-01T15:20Z","Illinois State Water Survey Central Analytical Laboratory",474.0,0.06810,1,"2024-07-03","B",,
"bd60bbac-5748-4e33-834f-9f6560dcc9bf","D06","KING","KING.AOS.S2","KING.SS.20240701.FIL.2","A00000439631","2024-07-01T15:20Z","2024-07-01T15:20Z","Illinois State Water Survey Central Analytical Laboratory",440.0,0.08420,1,"2024-07-03","B",,
"4a1943a5-2f1e-42fe-907c-8f8b7bf9907e","D06","KING","KING.AOS.S2","KING.SS.20240701.FIL.2","A00000439631","2024-07-01T15:20Z","2024-07-01T15:20Z","Illinois State Water Survey Central Analytical Laboratory",310.0,0.23380,1,"2024-07-03","A",,
"405d82fb-a44e-4f4f-b738-74423c12044c","D06","KING","KING.AOS.S2","KING.SS.20240701.FIL.2","A00000439631","2024-07-01T15:20Z","2024-07-01T15:20Z","Illinois State Water Survey Central Analytical Laboratory",334.0,0.18450,1,"2024-07-03","A",,
"9aceea5e-7807-4529-8938-b0c48428c771","D06","KING","KING.AOS.S2","KING.SS.20240701.FIL.2","A00000439631","2024-07-01T15:20Z","2024-07-01T15:20Z","Illinois State Water Survey Central Analytical Laboratory",232.0,0.48530,1,"2024-07-03","B",,
"d6e595ac-3caa-49e8-ba2b-6cc081981406","D06","KING","KING.AOS.S2","KING.SS.20240701.FIL.3","A00000439633","2024-07-01T15:20Z","2024-07-01T15:20Z","Illinois State Water Survey Central Analytical Laboratory",310.0,0.28160,1,"2024-07-03","A",,
"32651026-131c-4a82-bf81-87df9ca175e1","D06","KING","KING.AOS.S2","KING.SS.20240701.FIL","A00000439629","2024-07-01T15:20Z","2024-07-01T15:20Z","Illinois State Water Survey Central Analytical Laboratory",584.0,0.04890,1,"2024-07-03","A",,
"1e2e4dd7-397a-415c-8fb7-6e3fd4cf0af9","D06","KING","KING.AOS.S2","KING.SS.20240701.FIL","A00000439629","2024-07-01T15:20Z","2024-07-01T15:20Z","Illinois State Water Survey Central Analytical Laboratory",544.0,0.05460,1,"2024-07-03","B",,
"17f991ca-3b9d-4a8e-972b-c1d00466e1c9","D06","KING","KING.AOS.S2","KING.SS.20240701.FIL","A00000439629","2024-07-01T15:20Z","2024-07-01T15:20Z","Illinois State Water Survey Central Analytical Laboratory",568.0,0.05140,1,"2024-07-03","B",,
"a18be3d0-6bc4-41fa-8259-6caca80e67f2","D06","KING","KING.AOS.S2","KING.SS.20240701.FIL.2","A00000439631","2024-07-01T15:20Z","2024-07-01T15:20Z","Illinois State Water Survey Central Analytical Laboratory",586.0,0.05260,1,"2024-07-03","B",,
"c92a708d-d017-49c1-ab46-a7f3966e83a9","D06","KING","KING.AOS.S2","KING.SS.20240701.FIL","A00000439629","2024-07-01T15:20Z","2024-07-01T15:20Z","Illinois State Water Survey Central Analytical Laboratory",438.0,0.08100,1,"2024-07-03","B",,
"e5f00b8f-de38-4027-89f8-c6c7a39ab52a","D06","KING","KING.AOS.S2","KING.SS.20240701.FIL.3","A00000439633","2024-07-01T15:20Z","2024-07-01T15:20Z","Illinois State Water Survey Central Analytical Laboratory",548.0,0.08050,1,"2024-07-03","A",,
"7777ce27-d285-4efb-934f-37ed4583585a","D06","KING","KING.AOS.S2","KING.SS.20240701.FIL.2","A00000439631","2024-07-01T15:20Z","2024-07-01T15:20Z","Illinois State Water Survey Central Analytical Laboratory",324.0,0.20580,1,"2024-07-03","B",,
"19e21f80-7dc5-4403-b178-97d3596c86e0","D06","KING","KING.AOS.S2","KING.SS.20240701.FIL.3","A00000439633","2024-07-01T15:20Z","2024-07-01T15:20Z","Illinois State Water Survey Central Analytical Laboratory",460.0,0.10390,1,"2024-07-03","B",,
"c7b77d94-be06-48b1-a092-6c72f75bde1d","D06","KING","KING.AOS.S2","KING.SS.20240701.FIL.2","A00000439631","2024-07-01T15:20Z","2024-07-01T15:20Z","Illinois State Water Survey Central Analytical Laboratory",518.0,0.06220,1,"2024-07-03","B",,
"7cce6c4a-906a-42d0-906c-0211f7abef60","D06","KING","KING.AOS.S2","KING.SS.20240701.FIL.3","A00000439633","2024-07-01T15:20Z","2024-07-01T15:20Z","Illinois State Water Survey Central Analytical Laboratory",416.0,0.12790,1,"2024-07-03","A",,
"979abdcc-e62d-427e-b177-f48ee2ddaa23","D06","KING","KING.AOS.S2","KING.SS.20240701.FIL.3","A00000439633","2024-07-01T15:20Z","2024-07-01T15:20Z","Illinois State Water Survey Central Analytical Laboratory",386.0,0.15250,1,"2024-07-03","B",,
"761a6882-da9c-4b12-89a8-b6cb81b91eda","D06","KING","KING.AOS.S2","KING.SS.20240701.FIL","A00000439629","2024-07-01T15:20Z","2024-07-01T15:20Z","Illinois State Water Survey Central Analytical Laboratory",412.0,0.09390,1,"2024-07-03","A",,
"da645518-c521-4c66-a8dc-1cc0e3a45a0a","D06","KING","KING.AOS.S2","KING.SS.20240701.FIL.2","A00000439631","2024-07-01T15:20Z","2024-07-01T15:20Z","Illinois State Water Survey Central Analytical Laboratory",540.0,0.05780,1,"2024-07-03","A",,
"ecad1914-a60e-47d9-99f2-37fcd53e1c43","D06","KING","KING.AOS.S2","KING.SS.20240701.FIL.2","A00000439631","2024-07-01T15:20Z","2024-07-01T15:20Z","Illinois State Water Survey Central Analytical Laboratory",428.0,0.08900,1,"2024-07-03","A",,
"af22e4e6-2c15-4177-ae8b-039bcc8f4fbd","D06","KING","KING.AOS.S2","KING.SS.20240701.FIL.3","A00000439633","2024-07-01T15:20Z","2024-07-01T15:20Z","Illinois State Water Survey Central Analytical Laboratory",504.0,0.09090,1,"2024-07-03","A",,
"062525d2-4f12-48a9-af2f-9ac41b01564f","D06","KING","KING.AOS.S2","KING.SS.20240701.FIL.3","A00000439633","2024-07-01T15:20Z","2024-07-01T15:20Z","Illinois State Water Survey Central Analytical Laboratory",222.0,0.62260,1,"2024-07-03","B",,
"d5c1220e-e8b6-433c-9f4f-19ade9086d46","D06","KING","KING.AOS.S2","KING.SS.20240701.FIL.3","A00000439633","2024-07-01T15:20Z","2024-07-01T15:20Z","Illinois State Water Survey Central Analytical Laboratory",532.0,0.08360,1,"2024-07-03","B",,
"30b889ee-ee04-4de3-8e49-1629e13667f5","D06","KING","KING.AOS.S2","KING.SS.20240701.FIL.2","A00000439631","2024-07-01T15:20Z","2024-07-01T15:20Z","Illinois State Water Survey Central Analytical Laboratory",480.0,0.07040,1,"2024-07-03","A",,
"a1996691-e519-4410-912c-d67bba4f28ef","D06","KING","KING.AOS.S2","KING.SS.20240701.FIL.3","A00000439633","2024-07-01T15:20Z","2024-07-01T15:20Z","Illinois State Water Survey Central Analytical Laboratory",592.0,0.07310,1,"2024-07-03","B",,
"3212608d-9ea7-4f41-9363-26c92fb5268a","D06","KING","KING.AOS.S2","KING.SS.20240701.FIL.2","A00000439631","2024-07-01T15:20Z","2024-07-01T15:20Z","Illinois State Water Survey Central Analytical Laboratory",260.0,0.37420,1,"2024-07-03","B",,
"78bd48c2-6184-4720-af16-e45d6e6b2f99","D06","KING","KING.AOS.S2","KING.SS.20240701.FIL.2","A00000439631","2024-07-01T15:20Z","2024-07-01T15:20Z","Illinois State Water Survey Central Analytical Laboratory",520.0,0.06150,1,"2024-07-03","A",,
"6bbc06b8-a5b5-45b0-aa55-130fad08d279","D06","KING","KING.AOS.S2","KING.SS.20240701.FIL","A00000439629","2024-07-01T15:20Z","2024-07-01T15:20Z","Illinois State Water Survey Central Analytical Laboratory",260.0,0.36860,1,"2024-07-03","B",,
"6e515b16-db0c-498d-a39a-75a5ff9ac76c","D06","KING","KING.AOS.S2","KING.SS.20240701.FIL","A00000439629","2024-07-01T15:20Z","2024-07-01T15:20Z","Illinois State Water Survey Central Analytical Laboratory",300.0,0.25190,1,"2024-07-03","A",,
"275697fa-5258-4cd2-995a-280d74f65455","D06","KING","KING.AOS.S2","KING.SS.20240701.FIL.3","A00000439633","2024-07-01T15:20Z","2024-07-01T15:20Z","Illinois State Water Survey Central Analytical Laboratory",380.0,0.15920,1,"2024-07-03","B",,
"d8a7c69f-1bde-4b7f-b911-27f50ebb3482","D06","KING","KING.AOS.S2","KING.SS.20240701.FIL.2","A00000439631","2024-07-01T15:20Z","2024-07-01T15:20Z","Illinois State Water Survey Central Analytical Laboratory",452.0,0.07940,1,"2024-07-03","B",,
"b46fad1c-36c3-46bb-a563-0fecc839c395","D06","KING","KING.AOS.S2","KING.SS.20240701.FIL","A00000439629","2024-07-01T15:20Z","2024-07-01T15:20Z","Illinois State Water Survey Central Analytical Laboratory",450.0,0.07620,1,"2024-07-03","B",,
"ad256b48-7030-445c-af5a-1f761e4e6174","D06","KING","KING.AOS.S2","KING.SS.20240701.FIL.2","A00000439631","2024-07-01T15:20Z","2024-07-01T15:20Z","Illinois State Water Survey Central Analytical Laboratory",380.0,0.12300,1,"2024-07-03","A",,
"cf38aedf-5d3a-4048-b456-7fa17f1755e2","D06","KING","KING.AOS.S2","KING.SS.20240701.FIL.3","A00000439633","2024-07-01T15:20Z","2024-07-01T15:20Z","Illinois State Water Survey Central Analytical Laboratory",492.0,0.09350,1,"2024-07-03","B",,
"376b79d0-93f2-4c3b-9572-fbfc8d53fcfb","D06","KING","KING.AOS.S2","KING.SS.20240701.FIL.3","A00000439633","2024-07-01T15:20Z","2024-07-01T15:20Z","Illinois State Water Survey Central Analytical Laboratory",494.0,0.09390,1,"2024-07-03","A",,
"fc581cb9-5ad1-4a79-89d8-1ad2ebc6ccc0","D06","KING","KING.AOS.S2","KING.SS.20240701.FIL.2","A00000439631","2024-07-01T15:20Z","2024-07-01T15:20Z","Illinois State Water Survey Central Analytical Laboratory",436.0,0.08530,1,"2024-07-03","A",,
"637dacad-31c4-4d2b-b3d4-e780c38fcd6d","D06","KING","KING.AOS.S2","KING.SS.20240701.FIL","A00000439629","2024-07-01T15:20Z","2024-07-01T15:20Z","Illinois State Water Survey Central Analytical Laboratory",232.0,0.47280,1,"2024-07-03","A",,
"235bb445-6221-4fce-9ea6-37bab376afa6","D06","KING","KING.AOS.S2","KING.SS.20240701.FIL.3","A00000439633","2024-07-01T15:20Z","2024-07-01T15:20Z","Illinois State Water Survey Central Analytical Laboratory",544.0,0.08130,1,"2024-07-03","A",,
"f2fe53e9-b531-4f3b-b9a3-2f8bc3b1cb8d","D06","KING","KING.AOS.S2","KING.SS.20240701.FIL","A00000439629","2024-07-01T15:20Z","2024-07-01T15:20Z","Illinois State Water Survey Central Analytical Laboratory",226.0,0.51800,1,"2024-07-03","B",,
"00ec2316-9599-4572-bcba-c70d2dd30537","D06","KING","KING.AOS.S2","KING.SS.20240701.FIL.2","A00000439631","2024-07-01T15:20Z","2024-07-01T15:20Z","Illinois State Water Survey Central Analytical Laboratory",276.0,0.33150,1,"2024-07-03","B",,
"104a2d61-6107-47ca-9bc5-81a84bbfced7","D06","KING","KING.AOS.S2","KING.SS.20240701.FIL","A00000439629","2024-07-01T15:20Z","2024-07-01T15:20Z","Illinois State Water Survey Central Analytical Laboratory",524.0,0.05700,1,"2024-07-03","A",,
"42a67b53-198d-4c19-bae5-96d5462cee5b","D06","KING","KING.AOS.S2","KING.SS.20240701.FIL.2","A00000439631","2024-07-01T15:20Z","2024-07-01T15:20Z","Illinois State Water Survey Central Analytical Laboratory",376.0,0.12730,1,"2024-07-03","A",,
"7e7a1b8d-f3af-4d30-86d6-681c2382eabf","D06","KING","KING.AOS.S2","KING.SS.20240701.FIL.2","A00000439631","2024-07-01T15:20Z","2024-07-01T15:20Z","Illinois State Water Survey Central Analytical Laboratory",348.0,0.16300,1,"2024-07-03","B",,
"0cda0a35-986c-4ed9-bdf2-3de2790bf8dd","D06","KING","KING.AOS.S2","KING.SS.20240701.FIL.2","A00000439631","2024-07-01T15:20Z","2024-07-01T15:20Z","Illinois State Water Survey Central Analytical Laboratory",598.0,0.05010,1,"2024-07-03","A",,
"8503c0ce-af3f-4462-9a23-0ba287385925","D06","KING","KING.AOS.S2","KING.SS.20240701.FIL.2","A00000439631","2024-07-01T15:20Z","2024-07-01T15:20Z","Illinois State Water Survey Central Analytical Laboratory",240.0,0.43810,1,"2024-07-03","A",,
"d8ee2f30-aef2-46b0-9435-923d6a8cc4e5","D06","KING","KING.AOS.S2","KING.SS.20240701.FIL","A00000439629","2024-07-01T15:20Z","2024-07-01T15:20Z","Illinois State Water Survey Central Analytical Laboratory",516.0,0.05840,1,"2024-07-03","A",,
"f0c7d30c-7c83-4083-b994-c69075b1bc89","D06","KING","KING.AOS.S2","KING.SS.20240701.FIL.2","A00000439631","2024-07-01T15:20Z","2024-07-01T15:20Z","Illinois State Water Survey Central Analytical Laboratory",450.0,0.08010,1,"2024-07-03","B",,
"30eb2d94-bf96-40d3-95be-b30dad443423","D06","KING","KING.AOS.S2","KING.SS.20240701.FIL","A00000439629","2024-07-01T15:20Z","2024-07-01T15:20Z","Illinois State Water Survey Central Analytical Laboratory",334.0,0.17960,1,"2024-07-03","A",,
"adde4c8f-c41f-49aa-a16a-5dbafa810cfe","D06","KING","KING.AOS.S2","KING.SS.20240701.FIL.3","A00000439633","2024-07-01T15:20Z","2024-07-01T15:20Z","Illinois State Water Survey Central Analytical Laboratory",290.0,0.33800,1,"2024-07-03","B",,
"a11461e9-47d2-43ae-8944-c54306c12f9c","D06","KING","KING.AOS.S2","KING.SS.20240701.FIL.3","A00000439633","2024-07-01T15:20Z","2024-07-01T15:20Z","Illinois State Water Survey Central Analytical Laboratory",402.0,0.13840,1,"2024-07-03","A",,
"d58c99b5-0d0d-4fbc-b32f-9a7cf2227012","D06","KING","KING.AOS.S2","KING.SS.20240701.FIL.2","A00000439631","2024-07-01T15:20Z","2024-07-01T15:20Z","Illinois State Water Survey Central Analytical Laboratory",258.0,0.37730,1,"2024-07-03","A",,
"3cccbb7c-b106-4f2b-824b-3fd217df1a42","D06","KING","KING.AOS.S2","KING.SS.20240701.FIL.2","A00000439631","2024-07-01T15:20Z","2024-07-01T15:20Z","Illinois State Water Survey Central Analytical Laboratory",374.0,0.12940,1,"2024-07-03","A",,
"0d17f879-b238-4d03-8dd7-e2d4681af4e9","D06","KING","KING.AOS.S2","KING.SS.20240701.FIL","A00000439629","2024-07-01T15:20Z","2024-07-01T15:20Z","Illinois State Water Survey Central Analytical Laboratory",410.0,0.09530,1,"2024-07-03","A",,
"86a284e0-a1be-4548-8d96-8354fcda89a1","D06","KING","KING.AOS.S2","KING.SS.20240701.FIL.2","A00000439631","2024-07-01T15:20Z","2024-07-01T15:20Z","Illinois State Water Survey Central Analytical Laboratory",540.0,0.05860,1,"2024-07-03","B",,
"ae591417-6bea-43a3-86cd-856d77905505","D06","KING","KING.AOS.S2","KING.SS.20240701.FIL","A00000439629","2024-07-01T15:20Z","2024-07-01T15:20Z","Illinois State Water Survey Central Analytical Laboratory",384.0,0.11650,1,"2024-07-03","B",,
"1564c4c9-9d16-40e7-aa22-22628e2911f3","D06","KING","KING.AOS.S2","KING.SS.20240701.FIL.3","A00000439633","2024-07-01T15:20Z","2024-07-01T15:20Z","Illinois State Water Survey Central Analytical Laboratory",330.0,0.23440,1,"2024-07-03","B",,
"8b1c3a42-db9e-4230-b38a-4b44243cffc7","D06","KING","KING.AOS.S2","KING.SS.20240701.FIL","A00000439629","2024-07-01T15:20Z","2024-07-01T15:20Z","Illinois State Water Survey Central Analytical Laboratory",540.0,0.05510,1,"2024-07-03","B",,
"02a0f989-a0e7-4e4f-a904-f2801933a2b0","D06","KING","KING.AOS.S2","KING.SS.20240701.FIL","A00000439629","2024-07-01T15:20Z","2024-07-01T15:20Z","Illinois State Water Survey Central Analytical Laboratory",552.0,0.05390,1,"2024-07-03","B",,
"419f1885-1f17-4c9d-9699-8ee9792dd06b","D06","KING","KING.AOS.S2","KING.SS.20240701.FIL","A00000439629","2024-07-01T15:20Z","2024-07-01T15:20Z","Illinois State Water Survey Central Analytical Laboratory",242.0,0.41970,1,"2024-07-03","A",,
"996fb0f4-5570-466d-b752-c27deb130ab9","D06","KING","KING.AOS.S2","KING.SS.20240701.FIL.3","A00000439633","2024-07-01T15:20Z","2024-07-01T15:20Z","Illinois State Water Survey Central Analytical Laboratory",482.0,0.09750,1,"2024-07-03","A",,
"c09f38a1-5c06-40d6-a46a-8c273314c32a","D06","KING","KING.AOS.S2","KING.SS.20240701.FIL.2","A00000439631","2024-07-01T15:20Z","2024-07-01T15:20Z","Illinois State Water Survey Central Analytical Laboratory",516.0,0.06220,1,"2024-07-03","A",,
"791f9413-fc49-44ae-a6aa-78c8c2c025dd","D06","KING","KING.AOS.S2","KING.SS.20240701.FIL.3","A00000439633","2024-07-01T15:20Z","2024-07-01T15:20Z","Illinois State Water Survey Central Analytical Laboratory",490.0,0.09380,1,"2024-07-03","B",,
"149e1cef-b8b1-4514-9f99-c517d4934b65","D06","KING","KING.AOS.S2","KING.SS.20240701.FIL.2","A00000439631","2024-07-01T15:20Z","2024-07-01T15:20Z","Illinois State Water Survey Central Analytical Laboratory",550.0,0.05650,1,"2024-07-03","A",,
"9988201b-7042-4adf-8637-aeea11a6c99e","D06","KING","KING.AOS.S2","KING.SS.20240701.FIL.3","A00000439633","2024-07-01T15:20Z","2024-07-01T15:20Z","Illinois State Water Survey Central Analytical Laboratory",520.0,0.08620,1,"2024-07-03","B",,
"0b7cb5b6-442f-47e0-8dd8-db3ad03f6c73","D06","KING","KING.AOS.S2","KING.SS.20240701.FIL","A00000439629","2024-07-01T15:20Z","2024-07-01T15:20Z","Illinois State Water Survey Central Analytical Laboratory",248.0,0.40220,1,"2024-07-03","B",,
"398a7d9f-cebe-432d-aa42-e7eb48cb9738","D06","KING","KING.AOS.S2","KING.SS.20240701.FIL.3","A00000439633","2024-07-01T15:20Z","2024-07-01T15:20Z","Illinois State Water Survey Central Analytical Laboratory",394.0,0.14450,1,"2024-07-03","B",,
"7b973417-8fd2-41b8-b909-60d22550d5b9","D06","KING","KING.AOS.S2","KING.SS.20240701.FIL","A00000439629","2024-07-01T15:20Z","2024-07-01T15:20Z","Illinois State Water Survey Central Analytical Laboratory",258.0,0.37350,1,"2024-07-03","B",,
"29577cc7-ade5-4f98-8740-ff7bd3b98ce1","D06","KING","KING.AOS.S2","KING.SS.20240701.FIL.3","A00000439633","2024-07-01T15:20Z","2024-07-01T15:20Z","Illinois State Water Survey Central Analytical Laboratory",422.0,0.12390,1,"2024-07-03","A",,
"eb6c87df-039b-4c97-98c4-58ff0c09afcc","D06","KING","KING.AOS.S2","KING.SS.20240701.FIL","A00000439629","2024-07-01T15:20Z","2024-07-01T15:20Z","Illinois State Water Survey Central Analytical Laboratory",574.0,0.05030,1,"2024-07-03","B",,
"4b3b4122-3d04-4c18-9815-1ccf3be83d97","D06","KING","KING.AOS.S2","KING.SS.20240701.FIL.2","A00000439631","2024-07-01T15:20Z","2024-07-01T15:20Z","Illinois State Water Survey Central Analytical Laboratory",494.0,0.06720,1,"2024-07-03","B",,
"54da2d12-c053-477f-91a7-f1f00e43962e","D06","KING","KING.AOS.S2","KING.SS.20240701.FIL.3","A00000439633","2024-07-01T15:20Z","2024-07-01T15:20Z","Illinois State Water Survey Central Analytical Laboratory",522.0,0.08580,1,"2024-07-03","B",,
"617a401d-b811-40f5-bbd6-9be3cd2ec41d","D06","KING","KING.AOS.S2","KING.SS.20240701.FIL.3","A00000439633","2024-07-01T15:20Z","2024-07-01T15:20Z","Illinois State Water Survey Central Analytical Laboratory",454.0,0.10720,1,"2024-07-03","A",,
"b14dc3da-9f63-42c9-9630-181f5caf11fa","D06","KING","KING.AOS.S2","KING.SS.20240701.FIL.3","A00000439633","2024-07-01T15:20Z","2024-07-01T15:20Z","Illinois State Water Survey Central Analytical Laboratory",388.0,0.15120,1,"2024-07-03","A",,
"8fb5c1ca-3c8c-4b71-89cc-7e142bcc3b43","D06","KING","KING.AOS.S2","KING.SS.20240701.FIL.3","A00000439633","2024-07-01T15:20Z","2024-07-01T15:20Z","Illinois State Water Survey Central Analytical Laboratory",406.0,0.13460,1,"2024-07-03","B",,
"2a3e985f-a181-4f6f-93f1-e668f872d277","D06","KING","KING.AOS.S2","KING.SS.20240701.FIL","A00000439629","2024-07-01T15:20Z","2024-07-01T15:20Z","Illinois State Water Survey Central Analytical Laboratory",492.0,0.06400,1,"2024-07-03","B",,
"642e0cb9-3d3f-421a-82df-632ee2a2a981","D06","KING","KING.AOS.S2","KING.SS.20240701.FIL","A00000439629","2024-07-01T15:20Z","2024-07-01T15:20Z","Illinois State Water Survey Central Analytical Laboratory",346.0,0.16190,1,"2024-07-03","B",,
"8f6b1712-481d-4b70-9372-78238b540f11","D06","KING","KING.AOS.S2","KING.SS.20240701.FIL.3","A00000439633","2024-07-01T15:20Z","2024-07-01T15:20Z","Illinois State Water Survey Central Analytical Laboratory",420.0,0.12460,1,"2024-07-03","B",,
"ca8e1b27-a3a4-44ea-89fc-4f555de56830","D06","KING","KING.AOS.S2","KING.SS.20240701.FIL.2","A00000439631","2024-07-01T15:20Z","2024-07-01T15:20Z","Illinois State Water Survey Central Analytical Laboratory",348.0,0.16180,1,"2024-07-03","A",,
"8602e8ae-9b60-46d3-ba16-8bf6b41f89f8","D06","KING","KING.AOS.S2","KING.SS.20240701.FIL.3","A00000439633","2024-07-01T15:20Z","2024-07-01T15:20Z","Illinois State Water Survey Central Analytical Laboratory",504.0,0.09010,1,"2024-07-03","B",,
"df16477d-efa8-40e1-936b-cd08fb174fc7","D06","KING","KING.AOS.S2","KING.SS.20240701.FIL","A00000439629","2024-07-01T15:20Z","2024-07-01T15:20Z","Illinois State Water Survey Central Analytical Laboratory",432.0,0.08290,1,"2024-07-03","A",,
"05d3700d-1462-4beb-927b-25cae9ede15c","D06","KING","KING.AOS.S2","KING.SS.20240701.FIL","A00000439629","2024-07-01T15:20Z","2024-07-01T15:20Z","Illinois State Water Survey Central Analytical Laboratory",576.0,0.04970,1,"2024-07-03","A",,
"b78b86ff-6cce-4044-9a91-00e5ac74b395","D06","KING","KING.AOS.S2","KING.SS.20240701.FIL","A00000439629","2024-07-01T15:20Z","2024-07-01T15:20Z","Illinois State Water Survey Central Analytical Laboratory",252.0,0.38500,1,"2024-07-03","A",,
"962c28bd-c7c9-4618-a845-1512ddbaaf90","D06","KING","KING.AOS.S2","KING.SS.20240701.FIL.2","A00000439631","2024-07-01T15:20Z","2024-07-01T15:20Z","Illinois State Water Survey Central Analytical Laboratory",396.0,0.10990,1,"2024-07-03","B",,
"7d4d5cd2-65c7-4bd0-b379-82dedbfaf8e1","D06","KING","KING.AOS.S2","KING.SS.20240701.FIL","A00000439629","2024-07-01T15:20Z","2024-07-01T15:20Z","Illinois State Water Survey Central Analytical Laboratory",390.0,0.10940,1,"2024-07-03","A",,
"a99893fa-c450-4d40-a7a5-7f69258cd57c","D06","KING","KING.AOS.S2","KING.SS.20240701.FIL.2","A00000439631","2024-07-01T15:20Z","2024-07-01T15:20Z","Illinois State Water Survey Central Analytical Laboratory",438.0,0.08500,1,"2024-07-03","B",,
"b71b7a8e-f16d-4652-a024-a6280b9eb5c6","D06","KING","KING.AOS.S2","KING.SS.20240701.FIL.2","A00000439631","2024-07-01T15:20Z","2024-07-01T15:20Z","Illinois State Water Survey Central Analytical Laboratory",316.0,0.22300,1,"2024-07-03","B",,
"2c7c3dc4-02c1-493f-bead-f4d3aa509f2b","D06","KING","KING.AOS.S2","KING.SS.20240701.FIL.3","A00000439633","2024-07-01T15:20Z","2024-07-01T15:20Z","Illinois State Water Survey Central Analytical Laboratory",484.0,0.09670,1,"2024-07-03","A",,
"3e87ea76-202a-4c41-bba0-20a37c33273b","D06","KING","KING.AOS.S2","KING.SS.20240701.FIL","A00000439629","2024-07-01T15:20Z","2024-07-01T15:20Z","Illinois State Water Survey Central Analytical Laboratory",290.0,0.28010,1,"2024-07-03","A",,
"e2ca82c2-5c64-4307-999b-2eb122967f58","D06","KING","KING.AOS.S2","KING.SS.20240701.FIL.2","A00000439631","2024-07-01T15:20Z","2024-07-01T15:20Z","Illinois State Water Survey Central Analytical Laboratory",408.0,0.10040,1,"2024-07-03","A",,
"6e789088-2091-4e57-b85c-5867c0425c3b","D06","KING","KING.AOS.S2","KING.SS.20240701.FIL","A00000439629","2024-07-01T15:20Z","2024-07-01T15:20Z","Illinois State Water Survey Central Analytical Laboratory",480.0,0.06630,1,"2024-07-03","A",,
"c7e54235-d536-470f-add7-23fc13e54abc","D06","KING","KING.AOS.S2","KING.SS.20240701.FIL","A00000439629","2024-07-01T15:20Z","2024-07-01T15:20Z","Illinois State Water Survey Central Analytical Laboratory",572.0,0.05090,1,"2024-07-03","B",,
"0387877e-1005-4f0d-a236-d303e6a6167b","D06","KING","KING.AOS.S2","KING.SS.20240701.FIL.3","A00000439633","2024-07-01T15:20Z","2024-07-01T15:20Z","Illinois State Water Survey Central Analytical Laboratory",294.0,0.32430,1,"2024-07-03","B",,
"7d4bff83-c498-41d3-baa0-bf026eef09bb","D06","KING","KING.AOS.S2","KING.SS.20240701.FIL.2","A00000439631","2024-07-01T15:20Z","2024-07-01T15:20Z","Illinois State Water Survey Central Analytical Laboratory",442.0,0.08330,1,"2024-07-03","B",,
"088ff938-6f09-4a9c-9ce6-658f10f6a206","D06","KING","KING.AOS.S2","KING.SS.20240701.FIL","A00000439629","2024-07-01T15:20Z","2024-07-01T15:20Z","Illinois State Water Survey Central Analytical Laboratory",336.0,0.17610,1,"2024-07-03","A",,
"1c672b64-64e8-4674-a01a-0f82786a7c5f","D06","KING","KING.AOS.S2","KING.SS.20240701.FIL.2","A00000439631","2024-07-01T15:20Z","2024-07-01T15:20Z","Illinois State Water Survey Central Analytical Laboratory",554.0,0.05630,1,"2024-07-03","B",,
"6d68099c-5a29-4584-b468-01a2c442b858","D06","KING","KING.AOS.S2","KING.SS.20240701.FIL","A00000439629","2024-07-01T15:20Z","2024-07-01T15:20Z","Illinois State Water Survey Central Analytical Laboratory",402.0,0.10190,1,"2024-07-03","B",,
"91bf7a7d-f2f4-4f4e-859d-3f34b70a4c8f","D06","KING","KING.AOS.S2","KING.SS.20240701.FIL.3","A00000439633","2024-07-01T15:20Z","2024-07-01T15:20Z","Illinois State Water Survey Central Analytical Laboratory",248.0,0.46940,1,"2024-07-03","A",,
"5ce7e6d9-87cf-44d2-984e-228abb8e5cef","D06","KING","KING.AOS.S2","KING.SS.20240701.FIL","A00000439629","2024-07-01T15:20Z","2024-07-01T15:20Z","Illinois State Water Survey Central Analytical Laboratory",408.0,0.09650,1,"2024-07-03","A",,
"60848f7e-43bc-49e7-b4a2-27abafc22195","D06","KING","KING.AOS.S2","KING.SS.20240701.FIL.2","A00000439631","2024-07-01T15:20Z","2024-07-01T15:20Z","Illinois State Water Survey Central Analytical Laboratory",490.0,0.06790,1,"2024-07-03","B",,
"6bc3766c-45d2-4fe3-9895-e81a77f39a56","D06","KING","KING.AOS.S2","KING.SS.20240701.FIL.2","A00000439631","2024-07-01T15:20Z","2024-07-01T15:20Z","Illinois State Water Survey Central Analytical Laboratory",544.0,0.05810,1,"2024-07-03","B",,
"522e430c-38fc-43b9-be0d-ba3f28375376","D06","KING","KING.AOS.S2","KING.SS.20240701.FIL","A00000439629","2024-07-01T15:20Z","2024-07-01T15:20Z","Illinois State Water Survey Central Analytical Laboratory",226.0,0.51050,1,"2024-07-03","A",,
"9aacf452-5c13-428e-bdeb-270941586bd5","D06","KING","KING.AOS.S2","KING.SS.20240701.FIL","A00000439629","2024-07-01T15:20Z","2024-07-01T15:20Z","Illinois State Water Survey Central Analytical Laboratory",320.0,0.20720,1,"2024-07-03","A",,
"31480937-9809-4d5b-9e23-8f36357d0d26","D06","KING","KING.AOS.S2","KING.SS.20240701.FIL","A00000439629","2024-07-01T15:20Z","2024-07-01T15:20Z","Illinois State Water Survey Central Analytical Laboratory",590.0,0.04830,1,"2024-07-03","A",,
"08d453ef-cd46-4493-85c3-18e1135e3680","D06","KING","KING.AOS.S2","KING.SS.20240701.FIL.2","A00000439631","2024-07-01T15:20Z","2024-07-01T15:20Z","Illinois State Water Survey Central Analytical Laboratory",448.0,0.08070,1,"2024-07-03","A",,
"d343a1e4-eecd-4b96-b955-b9d83e7fa80d","D06","KING","KING.AOS.S2","KING.SS.20240701.FIL.3","A00000439633","2024-07-01T15:20Z","2024-07-01T15:20Z","Illinois State Water Survey Central Analytical Laboratory",444.0,0.11100,1,"2024-07-03","B",,
"ffbee5e6-51c9-4cc7-84ad-6dc6f4ad0730","D06","KING","KING.AOS.S2","KING.SS.20240701.FIL","A00000439629","2024-07-01T15:20Z","2024-07-01T15:20Z","Illinois State Water Survey Central Analytical Laboratory",246.0,0.40840,1,"2024-07-03","B",,
"e6e8758a-0021-44d7-85e6-213ced2b998e","D06","KING","KING.AOS.S2","KING.SS.20240701.FIL.3","A00000439633","2024-07-01T15:20Z","2024-07-01T15:20Z","Illinois State Water Survey Central Analytical Laboratory",300.0,0.30820,1,"2024-07-03","A",,
"61b79a17-1cfa-485c-890d-9b2726cb8ce3","D06","KING","KING.AOS.S2","KING.SS.20240701.FIL.2","A00000439631","2024-07-01T15:20Z","2024-07-01T15:20Z","Illinois State Water Survey Central Analytical Laboratory",264.0,0.36370,1,"2024-07-03","B",,
"6a50bba8-cc8e-48b5-89e0-ea8599b83649","D06","KING","KING.AOS.S2","KING.SS.20240701.FIL.3","A00000439633","2024-07-01T15:20Z","2024-07-01T15:20Z","Illinois State Water Survey Central Analytical Laboratory",220.0,0.64210,1,"2024-07-03","A",,
"0f1c6689-9e64-4abd-871c-ad523d115486","D06","KING","KING.AOS.S2","KING.SS.20240701.FIL.2","A00000439631","2024-07-01T15:20Z","2024-07-01T15:20Z","Illinois State Water Survey Central Analytical Laboratory",330.0,0.19200,1,"2024-07-03","A",,
"d0eaac7f-f165-412e-bdba-15afc172ae00","D06","KING","KING.AOS.S2","KING.SS.20240701.FIL.3","A00000439633","2024-07-01T15:20Z","2024-07-01T15:20Z","Illinois State Water Survey Central Analytical Laboratory",292.0,0.33120,1,"2024-07-03","B",,
"fafae149-9509-40c4-9ba3-b1cda1e0d9cb","D06","KING","KING.AOS.S2","KING.SS.20240701.FIL.2","A00000439631","2024-07-01T15:20Z","2024-07-01T15:20Z","Illinois State Water Survey Central Analytical Laboratory",364.0,0.14190,1,"2024-07-03","B",,
"8fd6cfe7-6188-4a0e-9ce5-1361b2a4d24b","D06","KING","KING.AOS.S2","KING.SS.20240701.FIL.2","A00000439631","2024-07-01T15:20Z","2024-07-01T15:20Z","Illinois State Water Survey Central Analytical Laboratory",570.0,0.05410,1,"2024-07-03","B",,
"31073305-96da-4ee0-8074-30bcd35ad035","D06","KING","KING.AOS.S2","KING.SS.20240701.FIL","A00000439629","2024-07-01T15:20Z","2024-07-01T15:20Z","Illinois State Water Survey Central Analytical Laboratory",592.0,0.04850,1,"2024-07-03","B",,
"a1af7571-8b8a-4453-a17b-3f5fb82f9170","D06","KING","KING.AOS.S2","KING.SS.20240701.FIL","A00000439629","2024-07-01T15:20Z","2024-07-01T15:20Z","Illinois State Water Survey Central Analytical Laboratory",274.0,0.32780,1,"2024-07-03","A",,
"e506b058-990d-4e66-b49c-461795e3a15b","D06","KING","KING.AOS.S2","KING.SS.20240701.FIL","A00000439629","2024-07-01T15:20Z","2024-07-01T15:20Z","Illinois State Water Survey Central Analytical Laboratory",220.0,0.56060,1,"2024-07-03","A",,
"a3093cda-7f68-49f6-94f3-45f5fea5cbf2","D06","KING","KING.AOS.S2","KING.SS.20240701.FIL","A00000439629","2024-07-01T15:20Z","2024-07-01T15:20Z","Illinois State Water Survey Central Analytical Laboratory",502.0,0.06170,1,"2024-07-03","B",,
"38eaa6e6-66fb-407c-bec9-b845e7044e81","D06","KING","KING.AOS.S2","KING.SS.20240701.FIL.3","A00000439633","2024-07-01T15:20Z","2024-07-01T15:20Z","Illinois State Water Survey Central Analytical Laboratory",458.0,0.10450,1,"2024-07-03","B",,
"99e86337-7b37-4d92-a8f9-584a1f43063e","D06","KING","KING.AOS.S2","KING.SS.20240701.FIL.3","A00000439633","2024-07-01T15:20Z","2024-07-01T15:20Z","Illinois State Water Survey Central Analytical Laboratory",396.0,0.14280,1,"2024-07-03","B",,
"b059f9fb-337d-48da-8f46-d04f60338f34","D06","KING","KING.AOS.S2","KING.SS.20240701.FIL.3","A00000439633","2024-07-01T15:20Z","2024-07-01T15:20Z","Illinois State Water Survey Central Analytical Laboratory",328.0,0.23850,1,"2024-07-03","B",,
"5302b628-e06b-48e1-b4f0-eaa8ef5a17a1","D06","KING","KING.AOS.S2","KING.SS.20240701.FIL.3","A00000439633","2024-07-01T15:20Z","2024-07-01T15:20Z","Illinois State Water Survey Central Analytical Laboratory",578.0,0.07530,1,"2024-07-03","B",,
"aa455e89-cea3-4001-80df-411684021ee6","D06","KING","KING.AOS.S2","KING.SS.20240701.FIL","A00000439629","2024-07-01T15:20Z","2024-07-01T15:20Z","Illinois State Water Survey Central Analytical Laboratory",526.0,0.05730,1,"2024-07-03","B",,
"3b8080fc-79e7-4dbd-908b-ad110b591573","D06","KING","KING.AOS.S2","KING.SS.20240701.FIL.3","A00000439633","2024-07-01T15:20Z","2024-07-01T15:20Z","Illinois State Water Survey Central Analytical Laboratory",468.0,0.10190,1,"2024-07-03","A",,
"e35f6afb-dd03-43b6-a404-095881ba0c7b","D06","KING","KING.AOS.S2","KING.SS.20240701.FIL.2","A00000439631","2024-07-01T15:20Z","2024-07-01T15:20Z","Illinois State Water Survey Central Analytical Laboratory",482.0,0.06990,1,"2024-07-03","B",,
"4456ba1f-ff35-488c-91bb-1484191d7b4a","D06","KING","KING.AOS.S2","KING.SS.20240701.FIL.3","A00000439633","2024-07-01T15:20Z","2024-07-01T15:20Z","Illinois State Water Survey Central Analytical Laboratory",230.0,0.56250,1,"2024-07-03","A",,
"c37f08c9-add9-457b-97a8-1bd432ffa19e","D06","KING","KING.AOS.S2","KING.SS.20240701.FIL.2","A00000439631","2024-07-01T15:20Z","2024-07-01T15:20Z","Illinois State Water Survey Central Analytical Laboratory",562.0,0.05450,1,"2024-07-03","A",,
"ab212e71-67ca-452b-85b3-aa0be99f4768","D06","KING","KING.AOS.S2","KING.SS.20240701.FIL","A00000439629","2024-07-01T15:20Z","2024-07-01T15:20Z","Illinois State Water Survey Central Analytical Laboratory",538.0,0.05500,1,"2024-07-03","A",,
"e5733c40-6c59-43b8-98e6-38f7155b7198","D06","KING","KING.AOS.S2","KING.SS.20240701.FIL","A00000439629","2024-07-01T15:20Z","2024-07-01T15:20Z","Illinois State Water Survey Central Analytical Laboratory",406.0,0.09770,1,"2024-07-03","A",,
"6a7f9492-c7f5-4257-8d05-d769d28ccaea","D06","KING","KING.AOS.S2","KING.SS.20240701.FIL.2","A00000439631","2024-07-01T15:20Z","2024-07-01T15:20Z","Illinois State Water Survey Central Analytical Laboratory",318.0,0.21640,1,"2024-07-03","A",,
"b0f49d23-7a29-4590-807b-01c33f82da0c","D06","KING","KING.AOS.S2","KING.SS.20240701.FIL.2","A00000439631","2024-07-01T15:20Z","2024-07-01T15:20Z","Illinois State Water Survey Central Analytical Laboratory",524.0,0.06080,1,"2024-07-03","A",,
"7db729c5-50b2-49b4-bd3b-a86d5c4c06c9","D06","KING","KING.AOS.S2","KING.SS.20240701.FIL.3","A00000439633","2024-07-01T15:20Z","2024-07-01T15:20Z","Illinois State Water Survey Central Analytical Laboratory",272.0,0.39800,1,"2024-07-03","B",,
"8ce04322-ee68-4414-bce5-05d35370f0cd","D06","KING","KING.AOS.S2","KING.SS.20240701.FIL","A00000439629","2024-07-01T15:20Z","2024-07-01T15:20Z","Illinois State Water Survey Central Analytical Laboratory",418.0,0.09040,1,"2024-07-03","A",,
"ad78720d-47c5-452a-8e25-3bea46a0e8c8","D06","KING","KING.AOS.S2","KING.SS.20240701.FIL.3","A00000439633","2024-07-01T15:20Z","2024-07-01T15:20Z","Illinois State Water Survey Central Analytical Laboratory",352.0,0.19480,1,"2024-07-03","B",,
"2ba3954a-2629-4d38-ab1f-ede835d1f41f","D06","KING","KING.AOS.S2","KING.SS.20240701.FIL.2","A00000439631","2024-07-01T15:20Z","2024-07-01T15:20Z","Illinois State Water Survey Central Analytical Laboratory",256.0,0.38460,1,"2024-07-03","B",,
"8e3520ac-2cbd-4b10-b1fb-f6ebe846a84a","D06","KING","KING.AOS.S2","KING.SS.20240701.FIL.2","A00000439631","2024-07-01T15:20Z","2024-07-01T15:20Z","Illinois State Water Survey Central Analytical Laboratory",598.0,0.05140,1,"2024-07-03","B",,
"79582fcd-26f4-4ba6-89e9-bd6b7e2f879b","D06","KING","KING.AOS.S2","KING.SS.20240701.FIL.3","A00000439633","2024-07-01T15:20Z","2024-07-01T15:20Z","Illinois State Water Survey Central Analytical Laboratory",260.0,0.43390,1,"2024-07-03","A",,
"41d4eefe-3113-4ed8-9d72-b0a873f66242","D06","KING","KING.AOS.S2","KING.SS.20240701.FIL.2","A00000439631","2024-07-01T15:20Z","2024-07-01T15:20Z","Illinois State Water Survey Central Analytical Laboratory",284.0,0.30800,1,"2024-07-03","B",,
"87fc1550-20eb-47c9-8df1-528ff4d5b413","D06","KING","KING.AOS.S2","KING.SS.20240701.FIL.2","A00000439631","2024-07-01T15:20Z","2024-07-01T15:20Z","Illinois State Water Survey Central Analytical Laboratory",534.0,0.05950,1,"2024-07-03","B",,
"5aa8ea20-b363-4c89-bf5a-3ce5f30447d9","D06","KING","KING.AOS.S2","KING.SS.20240701.FIL.3","A00000439633","2024-07-01T15:20Z","2024-07-01T15:20Z","Illinois State Water Survey Central Analytical Laboratory",306.0,0.29010,1,"2024-07-03","B",,
"3c4d04d9-ea7f-45bd-a0f4-87b584991a54","D06","KING","KING.AOS.S2","KING.SS.20240701.FIL","A00000439629","2024-07-01T15:20Z","2024-07-01T15:20Z","Illinois State Water Survey Central Analytical Laboratory",600.0,0.04820,1,"2024-07-03","B",,
"6ae91c5c-854d-4351-823f-412721d8b0d5","D06","KING","KING.AOS.S2","KING.SS.20240701.FIL.2","A00000439631","2024-07-01T15:20Z","2024-07-01T15:20Z","Illinois State Water Survey Central Analytical Laboratory",414.0,0.09640,1,"2024-07-03","A",,
"f69c78c8-eb82-45da-b8dc-b8aba1c26432","D06","KING","KING.AOS.S2","KING.SS.20240701.FIL.2","A00000439631","2024-07-01T15:20Z","2024-07-01T15:20Z","Illinois State Water Survey Central Analytical Laboratory",376.0,0.12840,1,"2024-07-03","B",,
"76899199-7c15-4ee0-83e3-430aaa2be137","D06","KING","KING.AOS.S2","KING.SS.20240701.FIL","A00000439629","2024-07-01T15:20Z","2024-07-01T15:20Z","Illinois State Water Survey Central Analytical Laboratory",234.0,0.46600,1,"2024-07-03","B",,
"8624c362-8245-487a-8b59-7b2fbde0ca13","D06","KING","KING.AOS.S2","KING.SS.20240701.FIL","A00000439629","2024-07-01T15:20Z","2024-07-01T15:20Z","Illinois State Water Survey Central Analytical Laboratory",422.0,0.08810,1,"2024-07-03","A",,
"7989a2a0-d5eb-44ad-bcae-e722dc684278","D06","KING","KING.AOS.S2","KING.SS.20240701.FIL","A00000439629","2024-07-01T15:20Z","2024-07-01T15:20Z","Illinois State Water Survey Central Analytical Laboratory",534.0,0.05530,1,"2024-07-03","A",,
"89a7680c-3981-4531-854c-099982b20972","D06","KING","KING.AOS.S2","KING.SS.20240701.FIL","A00000439629","2024-07-01T15:20Z","2024-07-01T15:20Z","Illinois State Water Survey Central Analytical Laboratory",362.0,0.14030,1,"2024-07-03","B",,
"d8e5d9ff-bf04-46a8-bcf0-07061ff3d68d","D06","KING","KING.AOS.S2","KING.SS.20240701.FIL","A00000439629","2024-07-01T15:20Z","2024-07-01T15:20Z","Illinois State Water Survey Central Analytical Laboratory",536.0,0.05510,1,"2024-07-03","A",,
"fc807344-31b2-445c-8c3a-caf588604ce0","D06","KING","KING.AOS.S2","KING.SS.20240701.FIL","A00000439629","2024-07-01T15:20Z","2024-07-01T15:20Z","Illinois State Water Survey Central Analytical Laboratory",244.0,0.41230,1,"2024-07-03","A",,
"1014bf7f-d6c0-4bc9-ab79-cedc6fd18a68","D06","KING","KING.AOS.S2","KING.SS.20240701.FIL.2","A00000439631","2024-07-01T15:20Z","2024-07-01T15:20Z","Illinois State Water Survey Central Analytical Laboratory",256.0,0.38260,1,"2024-07-03","A",,
"fd7d40f7-0a8e-42ce-b2c9-fe6b04d7d609","D06","KING","KING.AOS.S2","KING.SS.20240701.FIL.2","A00000439631","2024-07-01T15:20Z","2024-07-01T15:20Z","Illinois State Water Survey Central Analytical Laboratory",304.0,0.24790,1,"2024-07-03","A",,
"3f84767f-299c-430b-9136-37a80d2d4347","D06","KING","KING.AOS.S2","KING.SS.20240701.FIL.3","A00000439633","2024-07-01T15:20Z","2024-07-01T15:20Z","Illinois State Water Survey Central Analytical Laboratory",414.0,0.12910,1,"2024-07-03","A",,
"e6338030-03c3-4411-a917-45341478ad4b","D06","KING","KING.AOS.S2","KING.SS.20240701.FIL.2","A00000439631","2024-07-01T15:20Z","2024-07-01T15:20Z","Illinois State Water Survey Central Analytical Laboratory",484.0,0.06930,1,"2024-07-03","B",,
"2b7ff965-6a40-4389-9d9b-e03b54aa2888","D06","KING","KING.AOS.S2","KING.SS.20240701.FIL.2","A00000439631","2024-07-01T15:20Z","2024-07-01T15:20Z","Illinois State Water Survey Central Analytical Laboratory",490.0,0.06790,1,"2024-07-03","A",,
"86b70558-214d-4fb7-817d-a6fe196638b0","D06","KING","KING.AOS.S2","KING.SS.20240701.FIL.2","A00000439631","2024-07-01T15:20Z","2024-07-01T15:20Z","Illinois State Water Survey Central Analytical Laboratory",548.0,0.05740,1,"2024-07-03","B",,
"70c7da90-bb2a-48c3-96e8-5f11281b9e58","D06","KING","KING.AOS.S2","KING.SS.20240701.FIL.3","A00000439633","2024-07-01T15:20Z","2024-07-01T15:20Z","Illinois State Water Survey Central Analytical Laboratory",558.0,0.07860,1,"2024-07-03","A",,
"46794290-525b-4914-84db-c874a84d9a97","D06","KING","KING.AOS.S2","KING.SS.20240701.FIL.2","A00000439631","2024-07-01T15:20Z","2024-07-01T15:20Z","Illinois State Water Survey Central Analytical Laboratory",482.0,0.07010,1,"2024-07-03","A",,
"ad24a7b8-af1f-4d80-924e-1cb65f38b170","D06","KING","KING.AOS.S2","KING.SS.20240701.FIL.3","A00000439633","2024-07-01T15:20Z","2024-07-01T15:20Z","Illinois State Water Survey Central Analytical Laboratory",348.0,0.20140,1,"2024-07-03","B",,
"30094aa8-eff8-4019-997d-77b2b6960c13","D06","KING","KING.AOS.S2","KING.SS.20240701.FIL.2","A00000439631","2024-07-01T15:20Z","2024-07-01T15:20Z","Illinois State Water Survey Central Analytical Laboratory",588.0,0.05130,1,"2024-07-03","A",,
"0640fba2-5a40-478e-a4c0-3d1f0b52ba07","D06","KING","KING.AOS.S2","KING.SS.20240701.FIL.2","A00000439631","2024-07-01T15:20Z","2024-07-01T15:20Z","Illinois State Water Survey Central Analytical Laboratory",426.0,0.09000,1,"2024-07-03","A",,
"8779b587-c134-4e8f-9f30-039b9614e67d","D06","KING","KING.AOS.S2","KING.SS.20240701.FIL.3","A00000439633","2024-07-01T15:20Z","2024-07-01T15:20Z","Illinois State Water Survey Central Analytical Laboratory",500.0,0.09130,1,"2024-07-03","B",,
"c9f8f8af-1ded-47bd-90c4-8fdd2e545143","D06","KING","KING.AOS.S2","KING.SS.20240701.FIL.3","A00000439633","2024-07-01T15:20Z","2024-07-01T15:20Z","Illinois State Water Survey Central Analytical Laboratory",480.0,0.09680,1,"2024-07-03","B",,
"a1d56c07-9215-4caa-9d6e-a626dd3f4f6a","D06","KING","KING.AOS.S2","KING.SS.20240701.FIL.3","A00000439633","2024-07-01T15:20Z","2024-07-01T15:20Z","Illinois State Water Survey Central Analytical Laboratory",250.0,0.46150,1,"2024-07-03","B",,
"c3212544-c273-4592-a1d6-dfd21404f40f","D06","KING","KING.AOS.S2","KING.SS.20240701.FIL.3","A00000439633","2024-07-01T15:20Z","2024-07-01T15:20Z","Illinois State Water Survey Central Analytical Laboratory",442.0,0.11180,1,"2024-07-03","B",,
"3dfccd91-1f07-438d-969e-5ae4824c5ceb","D06","KING","KING.AOS.S2","KING.SS.20240701.FIL","A00000439629","2024-07-01T15:20Z","2024-07-01T15:20Z","Illinois State Water Survey Central Analytical Laboratory",370.0,0.13110,1,"2024-07-03","B",,
"e78daa45-4fc8-48cb-a6c1-10c0292f0610","D06","KING","KING.AOS.S2","KING.SS.20240701.FIL","A00000439629","2024-07-01T15:20Z","2024-07-01T15:20Z","Illinois State Water Survey Central Analytical Laboratory",428.0,0.08490,1,"2024-07-03","A",,
"160b3d32-b050-445c-a0ac-1c8511553915","D06","KING","KING.AOS.S2","KING.SS.20240701.FIL.3","A00000439633","2024-07-01T15:20Z","2024-07-01T15:20Z","Illinois State Water Survey Central Analytical Laboratory",350.0,0.19810,1,"2024-07-03","B",,
"4781b026-db48-49e7-ad70-d008ea368e94","D06","KING","KING.AOS.S2","KING.SS.20240701.FIL","A00000439629","2024-07-01T15:20Z","2024-07-01T15:20Z","Illinois State Water Survey Central Analytical Laboratory",470.0,0.06930,1,"2024-07-03","B",,
"2ada90e1-54b8-4401-97fc-c2758e93b8f0","D06","KING","KING.AOS.S2","KING.SS.20240701.FIL.2","A00000439631","2024-07-01T15:20Z","2024-07-01T15:20Z","Illinois State Water Survey Central Analytical Laboratory",384.0,0.12030,1,"2024-07-03","B",,
"cf72ae23-a27e-48cf-938f-b2ebcd45c749","D06","KING","KING.AOS.S2","KING.SS.20240701.FIL.2","A00000439631","2024-07-01T15:20Z","2024-07-01T15:20Z","Illinois State Water Survey Central Analytical Laboratory",358.0,0.14930,1,"2024-07-03","B",,
"2e73ccdc-bfa3-429c-bc52-0f7b899be40d","D06","KING","KING.AOS.S2","KING.SS.20240701.FIL","A00000439629","2024-07-01T15:20Z","2024-07-01T15:20Z","Illinois State Water Survey Central Analytical Laboratory",426.0,0.08690,1,"2024-07-03","B",,
"4c2453a4-313d-445d-9ea4-b49b20e847b3","D06","KING","KING.AOS.S2","KING.SS.20240701.FIL.2","A00000439631","2024-07-01T15:20Z","2024-07-01T15:20Z","Illinois State Water Survey Central Analytical Laboratory",302.0,0.25490,1,"2024-07-03","B",,
"37faf763-e42b-4016-a16d-7457ab3ee981","D06","KING","KING.AOS.S2","KING.SS.20240701.FIL","A00000439629","2024-07-01T15:20Z","2024-07-01T15:20Z","Illinois State Water Survey Central Analytical Laboratory",312.0,0.22390,1,"2024-07-03","A",,
"0a17b5ed-0fd4-4e5f-ae2e-6586378ca396","D06","KING","KING.AOS.S2","KING.SS.20240701.FIL.3","A00000439633","2024-07-01T15:20Z","2024-07-01T15:20Z","Illinois State Water Survey Central Analytical Laboratory",596.0,0.07210,1,"2024-07-03","A",,
"1dcd4fbe-1760-4d0f-a856-16e91b656d60","D06","KING","KING.AOS.S2","KING.SS.20240701.FIL.2","A00000439631","2024-07-01T15:20Z","2024-07-01T15:20Z","Illinois State Water Survey Central Analytical Laboratory",240.0,0.44020,1,"2024-07-03","B",,
"eb02f3c1-b7de-4598-8772-53023a800c63","D06","KING","KING.AOS.S2","KING.SS.20240701.FIL.3","A00000439633","2024-07-01T15:20Z","2024-07-01T15:20Z","Illinois State Water Survey Central Analytical Laboratory",348.0,0.20310,1,"2024-07-03","A",,
"a90faba8-be8b-416d-9562-55cd68305cfa","D06","KING","KING.AOS.S2","KING.SS.20240701.FIL","A00000439629","2024-07-01T15:20Z","2024-07-01T15:20Z","Illinois State Water Survey Central Analytical Laboratory",484.0,0.06560,1,"2024-07-03","B",,
"56dcd852-d163-45db-83a6-4a159292232d","D06","KING","KING.AOS.S2","KING.SS.20240701.FIL","A00000439629","2024-07-01T15:20Z","2024-07-01T15:20Z","Illinois State Water Survey Central Analytical Laboratory",578.0,0.05080,1,"2024-07-03","B",,
"1b9269f3-e3fb-40e9-9b89-ce313e3fb5f5","D06","KING","KING.AOS.S2","KING.SS.20240701.FIL.3","A00000439633","2024-07-01T15:20Z","2024-07-01T15:20Z","Illinois State Water Survey Central Analytical Laboratory",408.0,0.13350,1,"2024-07-03","A",,
"5db08f3f-5033-4ee0-b2ee-73cb2d1e7d7e","D06","KING","KING.AOS.S2","KING.SS.20240701.FIL","A00000439629","2024-07-01T15:20Z","2024-07-01T15:20Z","Illinois State Water Survey Central Analytical Laboratory",448.0,0.07700,1,"2024-07-03","B",,
"1796cca1-1c90-48a8-87fd-2bec83f001b2","D06","KING","KING.AOS.S2","KING.SS.20240701.FIL","A00000439629","2024-07-01T15:20Z","2024-07-01T15:20Z","Illinois State Water Survey Central Analytical Laboratory",284.0,0.29890,1,"2024-07-03","A",,
"bdd61540-2646-4edd-b137-3da5148020d7","D06","KING","KING.AOS.S2","KING.SS.20240701.FIL","A00000439629","2024-07-01T15:20Z","2024-07-01T15:20Z","Illinois State Water Survey Central Analytical Laboratory",506.0,0.06060,1,"2024-07-03","A",,
"75874512-55ce-4e85-905d-06ce5e9f5746","D06","KING","KING.AOS.S2","KING.SS.20240701.FIL.3","A00000439633","2024-07-01T15:20Z","2024-07-01T15:20Z","Illinois State Water Survey Central Analytical Laboratory",420.0,0.12510,1,"2024-07-03","A",,
"b606020d-8eef-4eb4-83e2-7fa4ffdf7c7e","D06","KING","KING.AOS.S2","KING.SS.20240701.FIL","A00000439629","2024-07-01T15:20Z","2024-07-01T15:20Z","Illinois State Water Survey Central Analytical Laboratory",344.0,0.16480,1,"2024-07-03","B",,
"b8d9c89a-e84c-4976-a19c-1cbfe7bfe7b7","D06","KING","KING.AOS.S2","KING.SS.20240701.FIL.3","A00000439633","2024-07-01T15:20Z","2024-07-01T15:20Z","Illinois State Water Survey Central Analytical Laboratory",342.0,0.21310,1,"2024-07-03","A",,
"6d8e5254-1468-49f8-88db-7b5b1a6c5409","D06","KING","KING.AOS.S2","KING.SS.20240701.FIL.2","A00000439631","2024-07-01T15:20Z","2024-07-01T15:20Z","Illinois State Water Survey Central Analytical Laboratory",308.0,0.23820,1,"2024-07-03","A",,
"6d2303b3-d024-428c-bc36-5dbde28cb13e","D06","KING","KING.AOS.S2","KING.SS.20240701.FIL.3","A00000439633","2024-07-01T15:20Z","2024-07-01T15:20Z","Illinois State Water Survey Central Analytical Laboratory",326.0,0.24470,1,"2024-07-03","A",,
"4961788e-4eac-4d02-9486-cd653f41e540","D06","KING","KING.AOS.S2","KING.SS.20240701.FIL","A00000439629","2024-07-01T15:20Z","2024-07-01T15:20Z","Illinois State Water Survey Central Analytical Laboratory",520.0,0.05830,1,"2024-07-03","B",,
"0bc60a02-1ec0-4085-8e79-a648eaedb33e","D06","KING","KING.AOS.S2","KING.SS.20240701.FIL.3","A00000439633","2024-07-01T15:20Z","2024-07-01T15:20Z","Illinois State Water Survey Central Analytical Laboratory",434.0,0.11610,1,"2024-07-03","B",,
"62a73103-7734-4d35-b293-0a0d2befd2de","D06","KING","KING.AOS.S2","KING.SS.20240701.FIL.2","A00000439631","2024-07-01T15:20Z","2024-07-01T15:20Z","Illinois State Water Survey Central Analytical Laboratory",328.0,0.19590,1,"2024-07-03","A",,
"282143a2-4733-496f-bdf5-6608cc05dc9f","D06","KING","KING.AOS.S2","KING.SS.20240701.FIL","A00000439629","2024-07-01T15:20Z","2024-07-01T15:20Z","Illinois State Water Survey Central Analytical Laboratory",246.0,0.40360,1,"2024-07-03","A",,
"c8214ceb-4ece-42f1-b941-72457e79b64f","D06","KING","KING.AOS.S2","KING.SS.20240701.FIL","A00000439629","2024-07-01T15:20Z","2024-07-01T15:20Z","Illinois State Water Survey Central Analytical Laboratory",396.0,0.10480,1,"2024-07-03","A",,
"c46e3639-d9f0-437c-aac3-fc5d2983abd3","D06","KING","KING.AOS.S2","KING.SS.20240701.FIL.2","A00000439631","2024-07-01T15:20Z","2024-07-01T15:20Z","Illinois State Water Survey Central Analytical Laboratory",320.0,0.21250,1,"2024-07-03","A",,
"d94e1ae8-d4dc-4628-a584-1ef00497a8ac","D06","KING","KING.AOS.S2","KING.SS.20240701.FIL.3","A00000439633","2024-07-01T15:20Z","2024-07-01T15:20Z","Illinois State Water Survey Central Analytical Laboratory",478.0,0.09760,1,"2024-07-03","B",,
"a90647b6-7e48-4a85-be29-e338b7c7b556","D06","KING","KING.AOS.S2","KING.SS.20240701.FIL.3","A00000439633","2024-07-01T15:20Z","2024-07-01T15:20Z","Illinois State Water Survey Central Analytical Laboratory",356.0,0.19060,1,"2024-07-03","A",,
"939e2fdd-9fa0-4151-9bf9-dd0cfa5785e6","D06","KING","KING.AOS.S2","KING.SS.20240701.FIL.2","A00000439631","2024-07-01T15:20Z","2024-07-01T15:20Z","Illinois State Water Survey Central Analytical Laboratory",502.0,0.06540,1,"2024-07-03","B",,
"10559192-8b36-4787-bdcd-db1883175f41","D06","KING","KING.AOS.S2","KING.SS.20240701.FIL.3","A00000439633","2024-07-01T15:20Z","2024-07-01T15:20Z","Illinois State Water Survey Central Analytical Laboratory",550.0,0.08010,1,"2024-07-03","B",,
"9a248399-2c93-4445-ad04-f474310d9b35","D06","KING","KING.AOS.S2","KING.SS.20240701.FIL.2","A00000439631","2024-07-01T15:20Z","2024-07-01T15:20Z","Illinois State Water Survey Central Analytical Laboratory",242.0,0.42860,1,"2024-07-03","A",,
"6edd3d6e-0d4f-4551-8125-30799b3775ef","D06","KING","KING.AOS.S2","KING.SS.20240701.FIL.3","A00000439633","2024-07-01T15:20Z","2024-07-01T15:20Z","Illinois State Water Survey Central Analytical Laboratory",372.0,0.16990,1,"2024-07-03","A",,
"4500dc71-b85e-4046-997b-ede4a15c8016","D06","KING","KING.AOS.S2","KING.SS.20240701.FIL","A00000439629","2024-07-01T15:20Z","2024-07-01T15:20Z","Illinois State Water Survey Central Analytical Laboratory",564.0,0.05240,1,"2024-07-03","B",,
"b23eb819-5940-4c64-9f0d-972b676cd0ca","D06","KING","KING.AOS.S2","KING.SS.20240701.FIL","A00000439629","2024-07-01T15:20Z","2024-07-01T15:20Z","Illinois State Water Survey Central Analytical Laboratory",482.0,0.06590,1,"2024-07-03","A",,
"df557d5e-9c8f-4ea5-b02e-ea11fc516c98","D06","KING","KING.AOS.S2","KING.SS.20240701.FIL.2","A00000439631","2024-07-01T15:20Z","2024-07-01T15:20Z","Illinois State Water Survey Central Analytical Laboratory",328.0,0.19740,1,"2024-07-03","B",,
"669fda37-c6b0-4612-850f-703c5c5267da","D06","KING","KING.AOS.S2","KING.SS.20240701.FIL.2","A00000439631","2024-07-01T15:20Z","2024-07-01T15:20Z","Illinois State Water Survey Central Analytical Laboratory",316.0,0.22110,1,"2024-07-03","A",,
"59797ed8-5cdd-48d2-afb1-d9833837d95d","D06","KING","KING.AOS.S2","KING.SS.20240701.FIL","A00000439629","2024-07-01T15:20Z","2024-07-01T15:20Z","Illinois State Water Survey Central Analytical Laboratory",528.0,0.05650,1,"2024-07-03","A",,
"39c2ae39-0242-4b55-969b-05b2831fb899","D06","KING","KING.AOS.S2","KING.SS.20240701.FIL.2","A00000439631","2024-07-01T15:20Z","2024-07-01T15:20Z","Illinois State Water Survey Central Analytical Laboratory",226.0,0.52460,1,"2024-07-03","B",,
"5dd6ebde-961b-444a-8685-31a18f7089a0","D06","KING","KING.AOS.S2","KING.SS.20240701.FIL.3","A00000439633","2024-07-01T15:20Z","2024-07-01T15:20Z","Illinois State Water Survey Central Analytical Laboratory",332.0,0.23000,1,"2024-07-03","B",,
"a79b241b-014e-46f3-b1c6-13ea4d66bdc5","D06","KING","KING.AOS.S2","KING.SS.20240701.FIL.2","A00000439631","2024-07-01T15:20Z","2024-07-01T15:20Z","Illinois State Water Survey Central Analytical Laboratory",390.0,0.11470,1,"2024-07-03","B",,
"967db2cd-76a0-44b4-89d5-5e04b4a7120b","D06","KING","KING.AOS.S2","KING.SS.20240701.FIL.2","A00000439631","2024-07-01T15:20Z","2024-07-01T15:20Z","Illinois State Water Survey Central Analytical Laboratory",426.0,0.09090,1,"2024-07-03","B",,
"459111d4-b824-4573-80c4-9672dcb647c1","D06","KING","KING.AOS.S2","KING.SS.20240701.FIL.3","A00000439633","2024-07-01T15:20Z","2024-07-01T15:20Z","Illinois State Water Survey Central Analytical Laboratory",236.0,0.52240,1,"2024-07-03","B",,
"db9eb3c6-ac8c-4063-815b-f27cc7f73855","D06","KING","KING.AOS.S2","KING.SS.20240701.FIL","A00000439629","2024-07-01T15:20Z","2024-07-01T15:20Z","Illinois State Water Survey Central Analytical Laboratory",462.0,0.07160,1,"2024-07-03","A",,
"6e5e6b2d-0a0f-4dc0-8fa2-b4ca41cc09da","D06","KING","KING.AOS.S2","KING.SS.20240701.FIL","A00000439629","2024-07-01T15:20Z","2024-07-01T15:20Z","Illinois State Water Survey Central Analytical Laboratory",468.0,0.07000,1,"2024-07-03","B",,
"91caddca-2dd5-4857-a2b1-4a2006e55fa2","D06","KING","KING.AOS.S2","KING.SS.20240701.FIL","A00000439629","2024-07-01T15:20Z","2024-07-01T15:20Z","Illinois State Water Survey Central Analytical Laboratory",574.0,0.04980,1,"2024-07-03","A",,
"5111b581-2d37-4a12-8ea9-47e4934cd24e","D06","KING","KING.AOS.S2","KING.SS.20240701.FIL","A00000439629","2024-07-01T15:20Z","2024-07-01T15:20Z","Illinois State Water Survey Central Analytical Laboratory",536.0,0.05570,1,"2024-07-03","B",,
"f87a7041-0928-4bb7-bdf3-752a6976119a","D06","KING","KING.AOS.S2","KING.SS.20240701.FIL.2","A00000439631","2024-07-01T15:20Z","2024-07-01T15:20Z","Illinois State Water Survey Central Analytical Laboratory",566.0,0.05410,1,"2024-07-03","A",,
"653eb530-1aa9-4b4c-8b54-1c7b51c574c5","D06","KING","KING.AOS.S2","KING.SS.20240701.FIL.2","A00000439631","2024-07-01T15:20Z","2024-07-01T15:20Z","Illinois State Water Survey Central Analytical Laboratory",472.0,0.07270,1,"2024-07-03","A",,
"7e074439-8d09-4015-8c98-a2bc9cc4c49f","D06","KING","KING.AOS.S2","KING.SS.20240701.FIL","A00000439629","2024-07-01T15:20Z","2024-07-01T15:20Z","Illinois State Water Survey Central Analytical Laboratory",310.0,0.22810,1,"2024-07-03","A",,
"55eb3edd-ce30-47fe-97ed-c59def066322","D06","KING","KING.AOS.S2","KING.SS.20240701.FIL.3","A00000439633","2024-07-01T15:20Z","2024-07-01T15:20Z","Illinois State Water Survey Central Analytical Laboratory",346.0,0.20620,1,"2024-07-03","A",,
"65dc6152-4f3b-4918-a584-b4deb63668f9","D06","KING","KING.AOS.S2","KING.SS.20240701.FIL","A00000439629","2024-07-01T15:20Z","2024-07-01T15:20Z","Illinois State Water Survey Central Analytical Laboratory",234.0,0.46040,1,"2024-07-03","A",,
"038ac6ec-2dac-41e3-97c9-883f08d1371b","D06","KING","KING.AOS.S2","KING.SS.20240701.FIL","A00000439629","2024-07-01T15:20Z","2024-07-01T15:20Z","Illinois State Water Survey Central Analytical Laboratory",258.0,0.36900,1,"2024-07-03","A",,
"6bb39718-f628-4cf6-9d11-d7e6caf76e37","D06","KING","KING.AOS.S2","KING.SS.20240701.FIL.2","A00000439631","2024-07-01T15:20Z","2024-07-01T15:20Z","Illinois State Water Survey Central Analytical Laboratory",438.0,0.08450,1,"2024-07-03","A",,
"ce408a80-f4a4-4433-be3c-034aade63d44","D06","KING","KING.AOS.S2","KING.SS.20240701.FIL.2","A00000439631","2024-07-01T15:20Z","2024-07-01T15:20Z","Illinois State Water Survey Central Analytical Laboratory",276.0,0.32960,1,"2024-07-03","A",,
"77756ed5-6006-42e7-b55f-d01d0f60ec34","D06","KING","KING.AOS.S2","KING.SS.20240701.FIL.2","A00000439631","2024-07-01T15:20Z","2024-07-01T15:20Z","Illinois State Water Survey Central Analytical Laboratory",568.0,0.05340,1,"2024-07-03","A",,
"4b669b9d-af8a-4d22-ad1b-941d4ef10d3e","D06","KING","KING.AOS.S2","KING.SS.20240701.FIL.2","A00000439631","2024-07-01T15:20Z","2024-07-01T15:20Z","Illinois State Water Survey Central Analytical Laboratory",358.0,0.14790,1,"2024-07-03","A",,
"88582bcc-30ff-4aa5-9e8a-78907457c8c2","D06","KING","KING.AOS.S2","KING.SS.20240701.FIL.2","A00000439631","2024-07-01T15:20Z","2024-07-01T15:20Z","Illinois State Water Survey Central Analytical Laboratory",532.0,0.05980,1,"2024-07-03","B",,
"d21653ed-8032-4f4c-974f-175e56273bd2","D06","KING","KING.AOS.S2","KING.SS.20240701.FIL.2","A00000439631","2024-07-01T15:20Z","2024-07-01T15:20Z","Illinois State Water Survey Central Analytical Laboratory",572.0,0.05290,1,"2024-07-03","A",,
"7bfd9d1c-5b80-4d21-92a8-138120daf506","D06","KING","KING.AOS.S2","KING.SS.20240701.FIL.2","A00000439631","2024-07-01T15:20Z","2024-07-01T15:20Z","Illinois State Water Survey Central Analytical Laboratory",522.0,0.06140,1,"2024-07-03","B",,
"4f906f5b-934f-47ff-a667-00eb5f7861e9","D06","KING","KING.AOS.S2","KING.SS.20240701.FIL.2","A00000439631","2024-07-01T15:20Z","2024-07-01T15:20Z","Illinois State Water Survey Central Analytical Laboratory",258.0,0.37920,1,"2024-07-03","B",,
"91124ecc-87d5-45d3-99be-aa591b6cf74b","D06","KING","KING.AOS.S2","KING.SS.20240701.FIL.3","A00000439633","2024-07-01T15:20Z","2024-07-01T15:20Z","Illinois State Water Survey Central Analytical Laboratory",450.0,0.10810,1,"2024-07-03","B",,
"f364203f-6309-4c9d-8bc0-9b66dc2b5189","D06","KING","KING.AOS.S2","KING.SS.20240701.FIL","A00000439629","2024-07-01T15:20Z","2024-07-01T15:20Z","Illinois State Water Survey Central Analytical Laboratory",364.0,0.13620,1,"2024-07-03","A",,
"5a62f802-722c-4ef6-ad2e-6bb910349770","D06","KING","KING.AOS.S2","KING.SS.20240701.FIL.3","A00000439633","2024-07-01T15:20Z","2024-07-01T15:20Z","Illinois State Water Survey Central Analytical Laboratory",506.0,0.09080,1,"2024-07-03","A",,
"fedddb90-69b1-46cb-ac1e-70ee7049de43","D06","KING","KING.AOS.S2","KING.SS.20240701.FIL.2","A00000439631","2024-07-01T15:20Z","2024-07-01T15:20Z","Illinois State Water Survey Central Analytical Laboratory",236.0,0.46100,1,"2024-07-03","B",,
"e710069a-c50a-4ce8-ac62-262a44cf1a8f","D06","KING","KING.AOS.S2","KING.SS.20240701.FIL.3","A00000439633","2024-07-01T15:20Z","2024-07-01T15:20Z","Illinois State Water Survey Central Analytical Laboratory",576.0,0.07550,1,"2024-07-03","B",,
"e3fd0547-fd77-4c4b-a95b-2dba3b6f024b","D06","KING","KING.AOS.S2","KING.SS.20240701.FIL","A00000439629","2024-07-01T15:20Z","2024-07-01T15:20Z","Illinois State Water Survey Central Analytical Laboratory",382.0,0.11850,1,"2024-07-03","B",,
"ab61c9d4-2038-48f8-b068-fa9e752a9ac6","D06","KING","KING.AOS.S2","KING.SS.20240701.FIL.3","A00000439633","2024-07-01T15:20Z","2024-07-01T15:20Z","Illinois State Water Survey Central Analytical Laboratory",308.0,0.28640,1,"2024-07-03","A",,
"a5384ced-96b6-41f4-bb0f-3ca7ff212ee5","D06","KING","KING.AOS.S2","KING.SS.20240701.FIL.3","A00000439633","2024-07-01T15:20Z","2024-07-01T15:20Z","Illinois State Water Survey Central Analytical Laboratory",514.0,0.08840,1,"2024-07-03","A",,
"172eac64-9050-4561-9e15-e003ba911dba","D06","KING","KING.AOS.S2","KING.SS.20240701.FIL.2","A00000439631","2024-07-01T15:20Z","2024-07-01T15:20Z","Illinois State Water Survey Central Analytical Laboratory",478.0,0.07100,1,"2024-07-03","A",,
"51c05996-b318-487f-baa8-6c73df96d96e","D06","KING","KING.AOS.S2","KING.SS.20240701.FIL","A00000439629","2024-07-01T15:20Z","2024-07-01T15:20Z","Illinois State Water Survey Central Analytical Laboratory",600.0,0.04790,1,"2024-07-03","A",,
"7a0c3232-9dc5-49ca-a341-fd7f3d10c7ac","D06","KING","KING.AOS.S2","KING.SS.20240701.FIL","A00000439629","2024-07-01T15:20Z","2024-07-01T15:20Z","Illinois State Water Survey Central Analytical Laboratory",340.0,0.16940,1,"2024-07-03","A",,
"0955abde-1a30-4d22-9b85-da44d71b6d68","D06","KING","KING.AOS.S2","KING.SS.20240701.FIL.3","A00000439633","2024-07-01T15:20Z","2024-07-01T15:20Z","Illinois State Water Survey Central Analytical Laboratory",380.0,0.16020,1,"2024-07-03","A",,
"00efdf1b-5d2e-433a-baeb-26f4c530f8fb","D06","KING","KING.AOS.S2","KING.SS.20240701.FIL","A00000439629","2024-07-01T15:20Z","2024-07-01T15:20Z","Illinois State Water Survey Central Analytical Laboratory",562.0,0.05240,1,"2024-07-03","B",,
"033f8264-8129-4e30-9677-b05ccba4f06b","D06","KING","KING.AOS.S2","KING.SS.20240701.FIL.2","A00000439631","2024-07-01T15:20Z","2024-07-01T15:20Z","Illinois State Water Survey Central Analytical Laboratory",298.0,0.26320,1,"2024-07-03","A",,
"f79f025e-318e-4066-9424-528fba28a771","D06","KING","KING.AOS.S2","KING.SS.20240701.FIL","A00000439629","2024-07-01T15:20Z","2024-07-01T15:20Z","Illinois State Water Survey Central Analytical Laboratory",594.0,0.04840,1,"2024-07-03","B",,
"5f1c7d75-959a-4e4b-8e58-8873047e1b5f","D06","KING","KING.AOS.S2","KING.SS.20240701.FIL.2","A00000439631","2024-07-01T15:20Z","2024-07-01T15:20Z","Illinois State Water Survey Central Analytical Laboratory",310.0,0.23570,1,"2024-07-03","B",,
"e7cb08bc-27ef-49db-b7e0-1023ae2836f1","D06","KING","KING.AOS.S2","KING.SS.20240701.FIL.3","A00000439633","2024-07-01T15:20Z","2024-07-01T15:20Z","Illinois State Water Survey Central Analytical Laboratory",282.0,0.36790,1,"2024-07-03","A",,
"7b299739-0f74-4e42-b757-51025a5fd349","D06","KING","KING.AOS.S2","KING.SS.20240701.FIL.2","A00000439631","2024-07-01T15:20Z","2024-07-01T15:20Z","Illinois State Water Survey Central Analytical Laboratory",568.0,0.05410,1,"2024-07-03","B",,
"965ce209-e1bd-46f0-b7b4-0d7f37250597","D06","KING","KING.AOS.S2","KING.SS.20240701.FIL","A00000439629","2024-07-01T15:20Z","2024-07-01T15:20Z","Illinois State Water Survey Central Analytical Laboratory",296.0,0.26550,1,"2024-07-03","B",,
"10f8b800-f93c-4435-aa35-0d254b4ebc63","D06","KING","KING.AOS.S2","KING.SS.20240701.FIL","A00000439629","2024-07-01T15:20Z","2024-07-01T15:20Z","Illinois State Water Survey Central Analytical Laboratory",554.0,0.05220,1,"2024-07-03","A",,
"7e1e0db0-645e-4362-a899-a8ca72925a66","D06","KING","KING.AOS.S2","KING.SS.20240701.FIL.2","A00000439631","2024-07-01T15:20Z","2024-07-01T15:20Z","Illinois State Water Survey Central Analytical Laboratory",300.0,0.25810,1,"2024-07-03","A",,
"daccb4e1-27b7-428e-b0b6-6d01ffc3b338","D06","KING","KING.AOS.S2","KING.SS.20240701.FIL","A00000439629","2024-07-01T15:20Z","2024-07-01T15:20Z","Illinois State Water Survey Central Analytical Laboratory",308.0,0.23530,1,"2024-07-03","B",,
"cd769162-f075-441c-82b5-6880aa333678","D06","KING","KING.AOS.S2","KING.SS.20240701.FIL","A00000439629","2024-07-01T15:20Z","2024-07-01T15:20Z","Illinois State Water Survey Central Analytical Laboratory",394.0,0.10630,1,"2024-07-03","A",,
"b0d8de17-f7be-4224-854f-22ab8c822ea6","D06","KING","KING.AOS.S2","KING.SS.20240701.FIL","A00000439629","2024-07-01T15:20Z","2024-07-01T15:20Z","Illinois State Water Survey Central Analytical Laboratory",494.0,0.06310,1,"2024-07-03","A",,
"2a53b3e2-1152-4c0f-beae-220c8eb63dfc","D06","KING","KING.AOS.S2","KING.SS.20240701.FIL.3","A00000439633","2024-07-01T15:20Z","2024-07-01T15:20Z","Illinois State Water Survey Central Analytical Laboratory",336.0,0.22230,1,"2024-07-03","B",,
"95fcd84e-8bf1-43b5-b4c1-a19c3cfac516","D06","KING","KING.AOS.S2","KING.SS.20240701.FIL.3","A00000439633","2024-07-01T15:20Z","2024-07-01T15:20Z","Illinois State Water Survey Central Analytical Laboratory",238.0,0.51270,1,"2024-07-03","A",,
"5e6cf37a-7fef-43a1-8586-cd3d8ff501f2","D06","KING","KING.AOS.S2","KING.SS.20240701.FIL","A00000439629","2024-07-01T15:20Z","2024-07-01T15:20Z","Illinois State Water Survey Central Analytical Laboratory",358.0,0.14320,1,"2024-07-03","A",,
"9465a122-92d8-4cc3-8134-e6bf24df481c","D06","KING","KING.AOS.S2","KING.SS.20240701.FIL.2","A00000439631","2024-07-01T15:20Z","2024-07-01T15:20Z","Illinois State Water Survey Central Analytical Laboratory",342.0,0.17080,1,"2024-07-03","A",,
"6d5f7362-802e-4012-9153-3c0be0b0e2f2","D06","KING","KING.AOS.S2","KING.SS.20240701.FIL.2","A00000439631","2024-07-01T15:20Z","2024-07-01T15:20Z","Illinois State Water Survey Central Analytical Laboratory",398.0,0.10720,1,"2024-07-03","A",,
"beb7f71d-5508-46df-bd86-5c66f0c9cb74","D06","KING","KING.AOS.S2","KING.SS.20240701.FIL.2","A00000439631","2024-07-01T15:20Z","2024-07-01T15:20Z","Illinois State Water Survey Central Analytical Laboratory",478.0,0.07090,1,"2024-07-03","B",,
"63057fb6-454f-46ba-b603-a98c7402c5b1","D06","KING","KING.AOS.S2","KING.SS.20240701.FIL.3","A00000439633","2024-07-01T15:20Z","2024-07-01T15:20Z","Illinois State Water Survey Central Analytical Laboratory",526.0,0.08520,1,"2024-07-03","A",,
"d64d14c9-6302-44c5-a66f-21b8b97d6707","D06","KING","KING.AOS.S2","KING.SS.20240701.FIL.3","A00000439633","2024-07-01T15:20Z","2024-07-01T15:20Z","Illinois State Water Survey Central Analytical Laboratory",360.0,0.18510,1,"2024-07-03","A",,
"089bd4ea-ce8f-4dfa-b8cb-3077fc924c33","D06","KING","KING.AOS.S2","KING.SS.20240701.FIL.3","A00000439633","2024-07-01T15:20Z","2024-07-01T15:20Z","Illinois State Water Survey Central Analytical Laboratory",336.0,0.22410,1,"2024-07-03","A",,
"ea53d549-7203-4215-8b3b-49d53ef98fbe","D06","KING","KING.AOS.S2","KING.SS.20240701.FIL.2","A00000439631","2024-07-01T15:20Z","2024-07-01T15:20Z","Illinois State Water Survey Central Analytical Laboratory",504.0,0.06480,1,"2024-07-03","B",,
"05e4c6a0-8268-4d88-af05-69fcb8793035","D06","KING","KING.AOS.S2","KING.SS.20240701.FIL.2","A00000439631","2024-07-01T15:20Z","2024-07-01T15:20Z","Illinois State Water Survey Central Analytical Laboratory",500.0,0.06580,1,"2024-07-03","B",,
"0c95a35e-f5a4-47ac-a300-94b7d823fc79","D06","KING","KING.AOS.S2","KING.SS.20240701.FIL","A00000439629","2024-07-01T15:20Z","2024-07-01T15:20Z","Illinois State Water Survey Central Analytical Laboratory",318.0,0.21110,1,"2024-07-03","A",,
"d5aef811-607d-4885-b55a-9d29c5ce00f8","D06","KING","KING.AOS.S2","KING.SS.20240701.FIL.2","A00000439631","2024-07-01T15:20Z","2024-07-01T15:20Z","Illinois State Water Survey Central Analytical Laboratory",538.0,0.05910,1,"2024-07-03","B",,
"dc2ce45d-ac96-4ee4-9dba-98b430b341c4","D06","KING","KING.AOS.S2","KING.SS.20240701.FIL.3","A00000439633","2024-07-01T15:20Z","2024-07-01T15:20Z","Illinois State Water Survey Central Analytical Laboratory",560.0,0.07790,1,"2024-07-03","B",,
"51570e93-28d7-4dac-94c0-e94cb1df3e8d","D06","KING","KING.AOS.S2","KING.SS.20240701.FIL","A00000439629","2024-07-01T15:20Z","2024-07-01T15:20Z","Illinois State Water Survey Central Analytical Laboratory",498.0,0.06280,1,"2024-07-03","B",,
"1d6c9ae0-71f7-468b-9854-c9d133dda374","D06","KING","KING.AOS.S2","KING.SS.20240701.FIL.2","A00000439631","2024-07-01T15:20Z","2024-07-01T15:20Z","Illinois State Water Survey Central Analytical Laboratory",392.0,0.11330,1,"2024-07-03","B",,
"ee3df04f-b70b-453f-95ba-eb420fad939d","D06","KING","KING.AOS.S2","KING.SS.20240701.FIL","A00000439629","2024-07-01T15:20Z","2024-07-01T15:20Z","Illinois State Water Survey Central Analytical Laboratory",426.0,0.08620,1,"2024-07-03","A",,
"5e050d96-6bde-4d51-88d9-dad4a9098e12","D06","KING","KING.AOS.S2","KING.SS.20240701.FIL.3","A00000439633","2024-07-01T15:20Z","2024-07-01T15:20Z","Illinois State Water Survey Central Analytical Laboratory",408.0,0.13310,1,"2024-07-03","B",,
"40d2fab6-24c4-4458-ad4a-861cd88391ae","D06","KING","KING.AOS.S2","KING.SS.20240701.FIL.3","A00000439633","2024-07-01T15:20Z","2024-07-01T15:20Z","Illinois State Water Survey Central Analytical Laboratory",596.0,0.07240,1,"2024-07-03","B",,
"761054cd-5a46-479e-bfaf-32e730445832","D06","KING","KING.AOS.S2","KING.SS.20240701.FIL.3","A00000439633","2024-07-01T15:20Z","2024-07-01T15:20Z","Illinois State Water Survey Central Analytical Laboratory",426.0,0.12140,1,"2024-07-03","A",,
"d7e4350b-7f5c-49c6-8310-a3a275115334","D06","KING","KING.AOS.S2","KING.SS.20240701.FIL","A00000439629","2024-07-01T15:20Z","2024-07-01T15:20Z","Illinois State Water Survey Central Analytical Laboratory",424.0,0.08800,1,"2024-07-03","B",,
"712495e7-3faa-4e38-b44d-531040c5502e","D06","KING","KING.AOS.S2","KING.SS.20240701.FIL","A00000439629","2024-07-01T15:20Z","2024-07-01T15:20Z","Illinois State Water Survey Central Analytical Laboratory",566.0,0.05080,1,"2024-07-03","A",,
"6ea47b20-37e7-44fe-a28b-c660d499095a","D06","KING","KING.AOS.S2","KING.SS.20240701.FIL.2","A00000439631","2024-07-01T15:20Z","2024-07-01T15:20Z","Illinois State Water Survey Central Analytical Laboratory",370.0,0.13370,1,"2024-07-03","A",,
"15f198b6-1b73-4232-aebe-11f95f3c5612","D06","KING","KING.AOS.S2","KING.SS.20240701.FIL.2","A00000439631","2024-07-01T15:20Z","2024-07-01T15:20Z","Illinois State Water Survey Central Analytical Laboratory",228.0,0.50980,1,"2024-07-03","B",,
"1e99a0b2-08f1-49c7-912d-1b20069f9224","D06","KING","KING.AOS.S2","KING.SS.20240701.FIL.2","A00000439631","2024-07-01T15:20Z","2024-07-01T15:20Z","Illinois State Water Survey Central Analytical Laboratory",590.0,0.05080,1,"2024-07-03","A",,
"3047734b-a01c-4414-84a5-11018e9bc180","D06","KING","KING.AOS.S2","KING.SS.20240701.FIL","A00000439629","2024-07-01T15:20Z","2024-07-01T15:20Z","Illinois State Water Survey Central Analytical Laboratory",594.0,0.04770,1,"2024-07-03","A",,
"3e0c5077-b2d3-4c54-a388-99fca543dc99","D06","KING","KING.AOS.S2","KING.SS.20240701.FIL.2","A00000439631","2024-07-01T15:20Z","2024-07-01T15:20Z","Illinois State Water Survey Central Analytical Laboratory",368.0,0.13600,1,"2024-07-03","A",,
"cfa8545c-37fa-451f-a2db-5abdeba0c8be","D06","KING","KING.AOS.S2","KING.SS.20240701.FIL","A00000439629","2024-07-01T15:20Z","2024-07-01T15:20Z","Illinois State Water Survey Central Analytical Laboratory",330.0,0.18690,1,"2024-07-03","A",,
"eb6c5006-adf7-4579-beba-c1b61649a872","D06","KING","KING.AOS.S2","KING.SS.20240701.FIL.3","A00000439633","2024-07-01T15:20Z","2024-07-01T15:20Z","Illinois State Water Survey Central Analytical Laboratory",366.0,0.17730,1,"2024-07-03","A",,
"9e2ab7fc-ed52-4bdb-9ad4-5133865d4525","D06","KING","KING.AOS.S2","KING.SS.20240701.FIL.3","A00000439633","2024-07-01T15:20Z","2024-07-01T15:20Z","Illinois State Water Survey Central Analytical Laboratory",232.0,0.54880,1,"2024-07-03","A",,
"3e71dfd3-0115-4b67-ad62-1f6d8b520e86","D06","KING","KING.AOS.S2","KING.SS.20240701.FIL.3","A00000439633","2024-07-01T15:20Z","2024-07-01T15:20Z","Illinois State Water Survey Central Analytical Laboratory",488.0,0.09470,1,"2024-07-03","B",,
"3f38df76-419a-4e92-91c7-781982cf33af","D06","KING","KING.AOS.S2","KING.SS.20240701.FIL.3","A00000439633","2024-07-01T15:20Z","2024-07-01T15:20Z","Illinois State Water Survey Central Analytical Laboratory",442.0,0.11260,1,"2024-07-03","A",,
"27ab7ef5-0b2f-4175-a45f-0d571349dd3b","D06","KING","KING.AOS.S2","KING.SS.20240701.FIL.3","A00000439633","2024-07-01T15:20Z","2024-07-01T15:20Z","Illinois State Water Survey Central Analytical Laboratory",228.0,0.57350,1,"2024-07-03","B",,
"61400bff-feae-43db-b670-79dd0cc4b7c4","D06","KING","KING.AOS.S2","KING.SS.20240701.FIL.2","A00000439631","2024-07-01T15:20Z","2024-07-01T15:20Z","Illinois State Water Survey Central Analytical Laboratory",290.0,0.28880,1,"2024-07-03","B",,
"d1941b94-9e1f-4249-bf6c-3aacb9fd1850","D06","KING","KING.AOS.S2","KING.SS.20240701.FIL","A00000439629","2024-07-01T15:20Z","2024-07-01T15:20Z","Illinois State Water Survey Central Analytical Laboratory",270.0,0.34230,1,"2024-07-03","B",,
"fa3c2a1f-b3fc-48df-956d-664f8c00b1f4","D06","KING","KING.AOS.S2","KING.SS.20240701.FIL","A00000439629","2024-07-01T15:20Z","2024-07-01T15:20Z","Illinois State Water Survey Central Analytical Laboratory",286.0,0.29270,1,"2024-07-03","A",,
"fe2fd9e7-011b-4851-88a1-bbc605502fba","D06","KING","KING.AOS.S2","KING.SS.20240701.FIL","A00000439629","2024-07-01T15:20Z","2024-07-01T15:20Z","Illinois State Water Survey Central Analytical Laboratory",314.0,0.22200,1,"2024-07-03","B",,
"fc459722-7c36-4329-8084-a6beb1cc0525","D06","KING","KING.AOS.S2","KING.SS.20240701.FIL","A00000439629","2024-07-01T15:20Z","2024-07-01T15:20Z","Illinois State Water Survey Central Analytical Laboratory",590.0,0.04890,1,"2024-07-03","B",,
"ef360c37-bc60-49df-9d99-a3d0676c6cdc","D06","KING","KING.AOS.S2","KING.SS.20240701.FIL","A00000439629","2024-07-01T15:20Z","2024-07-01T15:20Z","Illinois State Water Survey Central Analytical Laboratory",392.0,0.10790,1,"2024-07-03","A",,
"3598e759-930f-46a9-ba52-7c8503170afa","D06","KING","KING.AOS.S2","KING.SS.20240701.FIL.2","A00000439631","2024-07-01T15:20Z","2024-07-01T15:20Z","Illinois State Water Survey Central Analytical Laboratory",444.0,0.08220,1,"2024-07-03","A",,
"81983935-eb1e-4718-aa26-5b2f38d97b83","D06","KING","KING.AOS.S2","KING.SS.20240701.FIL","A00000439629","2024-07-01T15:20Z","2024-07-01T15:20Z","Illinois State Water Survey Central Analytical Laboratory",338.0,0.17250,1,"2024-07-03","A",,
"364d61a5-cbcf-4416-9d0e-54436f4f6bf2","D06","KING","KING.AOS.S2","KING.SS.20240701.FIL.3","A00000439633","2024-07-01T15:20Z","2024-07-01T15:20Z","Illinois State Water Survey Central Analytical Laboratory",242.0,0.49270,1,"2024-07-03","A",,
"9b868fd0-3fb2-42ad-a0fb-4a13c2a61d9b","D06","KING","KING.AOS.S2","KING.SS.20240701.FIL.3","A00000439633","2024-07-01T15:20Z","2024-07-01T15:20Z","Illinois State Water Survey Central Analytical Laboratory",280.0,0.37260,1,"2024-07-03","B",,
"9620a571-32bf-476d-ac38-58523b3c182e","D06","KING","KING.AOS.S2","KING.SS.20240701.FIL.3","A00000439633","2024-07-01T15:20Z","2024-07-01T15:20Z","Illinois State Water Survey Central Analytical Laboratory",528.0,0.08440,1,"2024-07-03","B",,
"6cd10bcf-3514-4112-a2b0-25a57ad15076","D06","KING","KING.AOS.S2","KING.SS.20240701.FIL.3","A00000439633","2024-07-01T15:20Z","2024-07-01T15:20Z","Illinois State Water Survey Central Analytical Laboratory",518.0,0.08670,1,"2024-07-03","B",,
"3cc13ce9-3e0e-4ae5-b7bd-b3bb26a20f35","D06","KING","KING.AOS.S2","KING.SS.20240701.FIL.3","A00000439633","2024-07-01T15:20Z","2024-07-01T15:20Z","Illinois State Water Survey Central Analytical Laboratory",290.0,0.33980,1,"2024-07-03","A",,
"87487969-218d-4983-845c-a712f809f335","D06","KING","KING.AOS.S2","KING.SS.20240701.FIL.3","A00000439633","2024-07-01T15:20Z","2024-07-01T15:20Z","Illinois State Water Survey Central Analytical Laboratory",306.0,0.29180,1,"2024-07-03","A",,
"9168540e-272a-4dcb-958e-0511425265c2","D06","KING","KING.AOS.S2","KING.SS.20240701.FIL","A00000439629","2024-07-01T15:20Z","2024-07-01T15:20Z","Illinois State Water Survey Central Analytical Laboratory",506.0,0.06110,1,"2024-07-03","B",,
"7892cb70-a82f-4da3-be6f-cd292c5e0540","D06","KING","KING.AOS.S2","KING.SS.20240701.FIL.3","A00000439633","2024-07-01T15:20Z","2024-07-01T15:20Z","Illinois State Water Survey Central Analytical Laboratory",472.0,0.09940,1,"2024-07-03","B",,
"425ee527-2a0a-45ba-8b8f-79fb86bb6bc3","D06","KING","KING.AOS.S2","KING.SS.20240701.FIL","A00000439629","2024-07-01T15:20Z","2024-07-01T15:20Z","Illinois State Water Survey Central Analytical Laboratory",562.0,0.05120,1,"2024-07-03","A",,
"786df05e-5d46-44de-9d9c-209f9472086d","D06","KING","KING.AOS.S2","KING.SS.20240701.FIL.3","A00000439633","2024-07-01T15:20Z","2024-07-01T15:20Z","Illinois State Water Survey Central Analytical Laboratory",474.0,0.09980,1,"2024-07-03","A",,
"bd10121d-c171-4e9f-ae87-970afec34129","D06","KING","KING.AOS.S2","KING.SS.20240701.FIL.3","A00000439633","2024-07-01T15:20Z","2024-07-01T15:20Z","Illinois State Water Survey Central Analytical Laboratory",378.0,0.16150,1,"2024-07-03","B",,
"dbc03870-1b3d-4b3f-a44f-661862f5fd69","D06","KING","KING.AOS.S2","KING.SS.20240701.FIL","A00000439629","2024-07-01T15:20Z","2024-07-01T15:20Z","Illinois State Water Survey Central Analytical Laboratory",534.0,0.05600,1,"2024-07-03","B",,
"b8e64349-c2c4-42c6-86fb-0b47b7c3e847","D06","KING","KING.AOS.S2","KING.SS.20240701.FIL.3","A00000439633","2024-07-01T15:20Z","2024-07-01T15:20Z","Illinois State Water Survey Central Analytical Laboratory",404.0,0.13620,1,"2024-07-03","B",,
"f34afeb9-2991-4ac7-b444-462ae509aa7d","D06","KING","KING.AOS.S2","KING.SS.20240701.FIL","A00000439629","2024-07-01T15:20Z","2024-07-01T15:20Z","Illinois State Water Survey Central Analytical Laboratory",264.0,0.35380,1,"2024-07-03","A",,
"50136fcf-a29a-44b4-a97a-ae0094940999","D06","KING","KING.AOS.S2","KING.SS.20240701.FIL.3","A00000439633","2024-07-01T15:20Z","2024-07-01T15:20Z","Illinois State Water Survey Central Analytical Laboratory",260.0,0.43230,1,"2024-07-03","B",,
"5719d09c-c167-4371-b93a-ed58d6272844","D06","KING","KING.AOS.S2","KING.SS.20240701.FIL.3","A00000439633","2024-07-01T15:20Z","2024-07-01T15:20Z","Illinois State Water Survey Central Analytical Laboratory",302.0,0.30090,1,"2024-07-03","B",,
"0da14f96-ddd3-485d-a16d-4205c1ec4c0f","D06","KING","KING.AOS.S2","KING.SS.20240701.FIL.3","A00000439633","2024-07-01T15:20Z","2024-07-01T15:20Z","Illinois State Water Survey Central Analytical Laboratory",534.0,0.08320,1,"2024-07-03","B",,
"2ef60218-4e05-48f1-b540-4276e648d5c4","D06","KING","KING.AOS.S2","KING.SS.20240701.FIL.2","A00000439631","2024-07-01T15:20Z","2024-07-01T15:20Z","Illinois State Water Survey Central Analytical Laboratory",378.0,0.12510,1,"2024-07-03","A",,
"50488e13-dd30-4b39-8de7-e32b09d8c546","D06","KING","KING.AOS.S2","KING.SS.20240701.FIL.3","A00000439633","2024-07-01T15:20Z","2024-07-01T15:20Z","Illinois State Water Survey Central Analytical Laboratory",594.0,0.07230,1,"2024-07-03","A",,
"81960bfd-ebea-4cba-8098-e96c43fcfd96","D06","KING","KING.AOS.S2","KING.SS.20240701.FIL.3","A00000439633","2024-07-01T15:20Z","2024-07-01T15:20Z","Illinois State Water Survey Central Analytical Laboratory",542.0,0.08180,1,"2024-07-03","B",,
"ad3b9fbe-7bf9-4e82-9bc7-615234b03d75","D06","KING","KING.AOS.S2","KING.SS.20240701.FIL.2","A00000439631","2024-07-01T15:20Z","2024-07-01T15:20Z","Illinois State Water Survey Central Analytical Laboratory",430.0,0.08810,1,"2024-07-03","A",,
"96725a52-535d-47ab-93e4-88efc36247d3","D06","KING","KING.AOS.S2","KING.SS.20240701.FIL.2","A00000439631","2024-07-01T15:20Z","2024-07-01T15:20Z","Illinois State Water Survey Central Analytical Laboratory",446.0,0.08120,1,"2024-07-03","A",,
"e5df8f47-1698-4d57-9913-89ef1ba16620","D06","KING","KING.AOS.S2","KING.SS.20240701.FIL","A00000439629","2024-07-01T15:20Z","2024-07-01T15:20Z","Illinois State Water Survey Central Analytical Laboratory",512.0,0.05930,1,"2024-07-03","A",,
"79ac628f-edff-4dce-9233-ced8ecd68818","D06","KING","KING.AOS.S2","KING.SS.20240701.FIL","A00000439629","2024-07-01T15:20Z","2024-07-01T15:20Z","Illinois State Water Survey Central Analytical Laboratory",578.0,0.04970,1,"2024-07-03","A",,
"9356e5e6-82f5-4c81-bbb5-2e7732a3a9b3","D06","KING","KING.AOS.S2","KING.SS.20240701.FIL.2","A00000439631","2024-07-01T15:20Z","2024-07-01T15:20Z","Illinois State Water Survey Central Analytical Laboratory",418.0,0.09530,1,"2024-07-03","B",,
"ae37dc17-079e-42e8-a6d4-c140e163c5b6","D06","KING","KING.AOS.S2","KING.SS.20240701.FIL","A00000439629","2024-07-01T15:20Z","2024-07-01T15:20Z","Illinois State Water Survey Central Analytical Laboratory",280.0,0.31470,1,"2024-07-03","B",,
"22e73594-861b-4af9-896a-c40a2b785648","D06","KING","KING.AOS.S2","KING.SS.20240701.FIL","A00000439629","2024-07-01T15:20Z","2024-07-01T15:20Z","Illinois State Water Survey Central Analytical Laboratory",504.0,0.06120,1,"2024-07-03","B",,
"744d4e42-d362-4fdb-8707-689d31e7084c","D06","KING","KING.AOS.S2","KING.SS.20240701.FIL.3","A00000439633","2024-07-01T15:20Z","2024-07-01T15:20Z","Illinois State Water Survey Central Analytical Laboratory",600.0,0.07230,1,"2024-07-03","A",,
"cc392ebc-9c70-484e-8c77-74cdc20a9191","D06","KING","KING.AOS.S2","KING.SS.20240701.FIL.2","A00000439631","2024-07-01T15:20Z","2024-07-01T15:20Z","Illinois State Water Survey Central Analytical Laboratory",266.0,0.35640,1,"2024-07-03","A",,
"7edd5a4c-28fd-49f4-a06f-51017b7a211a","D06","KING","KING.AOS.S2","KING.SS.20240701.FIL","A00000439629","2024-07-01T15:20Z","2024-07-01T15:20Z","Illinois State Water Survey Central Analytical Laboratory",254.0,0.37980,1,"2024-07-03","A",,
"3244a644-6a58-4eff-9cc2-c060288ac4ca","D06","KING","KING.AOS.S2","KING.SS.20240701.FIL","A00000439629","2024-07-01T15:20Z","2024-07-01T15:20Z","Illinois State Water Survey Central Analytical Laboratory",456.0,0.07380,1,"2024-07-03","B",,
"26e9df34-731d-41e5-beb5-5e93fa98953d","D06","KING","KING.AOS.S2","KING.SS.20240701.FIL.3","A00000439633","2024-07-01T15:20Z","2024-07-01T15:20Z","Illinois State Water Survey Central Analytical Laboratory",546.0,0.08090,1,"2024-07-03","B",,
"e4ab4a5d-8463-4b8b-899e-8e7dc97cecdd","D06","KING","KING.AOS.S2","KING.SS.20240701.FIL","A00000439629","2024-07-01T15:20Z","2024-07-01T15:20Z","Illinois State Water Survey Central Analytical Laboratory",428.0,0.08570,1,"2024-07-03","B",,
"505c823f-5449-4bc0-a7db-26651e68ed37","D06","KING","KING.AOS.S2","KING.SS.20240701.FIL.2","A00000439631","2024-07-01T15:20Z","2024-07-01T15:20Z","Illinois State Water Survey Central Analytical Laboratory",434.0,0.08690,1,"2024-07-03","B",,
"44024e5b-93e1-419f-8de8-9047b06b64de","D06","KING","KING.AOS.S2","KING.SS.20240701.FIL.2","A00000439631","2024-07-01T15:20Z","2024-07-01T15:20Z","Illinois State Water Survey Central Analytical Laboratory",542.0,0.05850,1,"2024-07-03","B",,
"6688e96e-015a-4482-b908-9e515bc21d2e","D06","KING","KING.AOS.S2","KING.SS.20240701.FIL.2","A00000439631","2024-07-01T15:20Z","2024-07-01T15:20Z","Illinois State Water Survey Central Analytical Laboratory",456.0,0.07780,1,"2024-07-03","B",,
"d70d9cf5-c067-4e57-9f04-96517d7828f6","D06","KING","KING.AOS.S2","KING.SS.20240701.FIL.2","A00000439631","2024-07-01T15:20Z","2024-07-01T15:20Z","Illinois State Water Survey Central Analytical Laboratory",292.0,0.28250,1,"2024-07-03","B",,
"7395a915-0c55-4530-a662-5584af847099","D06","KING","KING.AOS.S2","KING.SS.20240701.FIL","A00000439629","2024-07-01T15:20Z","2024-07-01T15:20Z","Illinois State Water Survey Central Analytical Laboratory",342.0,0.16590,1,"2024-07-03","A",,
"afe2d5ec-133b-47fd-b055-11da52ff0990","D06","KING","KING.AOS.S2","KING.SS.20240701.FIL.2","A00000439631","2024-07-01T15:20Z","2024-07-01T15:20Z","Illinois State Water Survey Central Analytical Laboratory",432.0,0.08690,1,"2024-07-03","A",,
"d65cf317-715b-40ae-86e5-9af7b6f3242f","D06","KING","KING.AOS.S2","KING.SS.20240701.FIL","A00000439629","2024-07-01T15:20Z","2024-07-01T15:20Z","Illinois State Water Survey Central Analytical Laboratory",260.0,0.36410,1,"2024-07-03","A",,
"977cd187-1066-4408-ad3a-d50d901d284b","D06","KING","KING.AOS.S2","KING.SS.20240701.FIL.2","A00000439631","2024-07-01T15:20Z","2024-07-01T15:20Z","Illinois State Water Survey Central Analytical Laboratory",496.0,0.06660,1,"2024-07-03","B",,
"08f2c0ff-9070-40bc-b801-bd45a1f3e107","D06","KING","KING.AOS.S2","KING.SS.20240701.FIL.3","A00000439633","2024-07-01T15:20Z","2024-07-01T15:20Z","Illinois State Water Survey Central Analytical Laboratory",312.0,0.27520,1,"2024-07-03","B",,
"67fa5a6b-859a-49f8-be39-2632cd6a5213","D06","KING","KING.AOS.S2","KING.SS.20240701.FIL.2","A00000439631","2024-07-01T15:20Z","2024-07-01T15:20Z","Illinois State Water Survey Central Analytical Laboratory",260.0,0.37210,1,"2024-07-03","A",,
"c86690cb-765a-4682-9853-721667bccbbd","D06","KING","KING.AOS.S2","KING.SS.20240701.FIL","A00000439629","2024-07-01T15:20Z","2024-07-01T15:20Z","Illinois State Water Survey Central Analytical Laboratory",250.0,0.39590,1,"2024-07-03","B",,
"f36984c6-1862-45a4-86a2-abf5c04ac887","D06","KING","KING.AOS.S2","KING.SS.20240701.FIL.2","A00000439631","2024-07-01T15:20Z","2024-07-01T15:20Z","Illinois State Water Survey Central Analytical Laboratory",388.0,0.11670,1,"2024-07-03","B",,
"fc1f8a2a-438a-472a-992b-1c25358f870c","D06","KING","KING.AOS.S2","KING.SS.20240701.FIL","A00000439629","2024-07-01T15:20Z","2024-07-01T15:20Z","Illinois State Water Survey Central Analytical Laboratory",488.0,0.06480,1,"2024-07-03","B",,
"e1b212af-4fb2-45d9-90a3-ea9af682cb5d","D06","KING","KING.AOS.S2","KING.SS.20240701.FIL","A00000439629","2024-07-01T15:20Z","2024-07-01T15:20Z","Illinois State Water Survey Central Analytical Laboratory",316.0,0.21830,1,"2024-07-03","B",,
"1f6a0d2e-fde3-4d89-994e-b1ef5e0a82a6","D06","KING","KING.AOS.S2","KING.SS.20240701.FIL.3","A00000439633","2024-07-01T15:20Z","2024-07-01T15:20Z","Illinois State Water Survey Central Analytical Laboratory",544.0,0.08150,1,"2024-07-03","B",,
"2aada61e-c4d1-46bf-bc8a-90ac98bd40e6","D06","KING","KING.AOS.S2","KING.SS.20240701.FIL","A00000439629","2024-07-01T15:20Z","2024-07-01T15:20Z","Illinois State Water Survey Central Analytical Laboratory",392.0,0.10940,1,"2024-07-03","B",,
"cda16bc2-31d8-4002-84e0-69dad0b7c838","D06","KING","KING.AOS.S2","KING.SS.20240701.FIL.2","A00000439631","2024-07-01T15:20Z","2024-07-01T15:20Z","Illinois State Water Survey Central Analytical Laboratory",464.0,0.07500,1,"2024-07-03","B",,
"af476fbb-6c1e-436d-95c7-576aa34800c5","D06","KING","KING.AOS.S2","KING.SS.20240701.FIL.3","A00000439633","2024-07-01T15:20Z","2024-07-01T15:20Z","Illinois State Water Survey Central Analytical Laboratory",356.0,0.18890,1,"2024-07-03","B",,
"8e89d772-4004-4b47-8ce1-d386d79c2664","D06","KING","KING.AOS.S2","KING.SS.20240701.FIL.2","A00000439631","2024-07-01T15:20Z","2024-07-01T15:20Z","Illinois State Water Survey Central Analytical Laboratory",424.0,0.09100,1,"2024-07-03","A",,
"ac2ab125-8fd7-47bc-b741-eefec1ae0b3c","D06","KING","KING.AOS.S2","KING.SS.20240701.FIL","A00000439629","2024-07-01T15:20Z","2024-07-01T15:20Z","Illinois State Water Survey Central Analytical Laboratory",304.0,0.24490,1,"2024-07-03","B",,
"8377e340-9acd-4122-adbc-0d0401648580","D06","KING","KING.AOS.S2","KING.SS.20240701.FIL.3","A00000439633","2024-07-01T15:20Z","2024-07-01T15:20Z","Illinois State Water Survey Central Analytical Laboratory",452.0,0.10800,1,"2024-07-03","A",,
"dd5fd364-1c76-4bfa-a444-9020e77b350b","D06","KING","KING.AOS.S2","KING.SS.20240701.FIL.2","A00000439631","2024-07-01T15:20Z","2024-07-01T15:20Z","Illinois State Water Survey Central Analytical Laboratory",430.0,0.08870,1,"2024-07-03","B",,
"6a7eb79b-c92b-4340-bb69-b310a797a278","D06","KING","KING.AOS.S2","KING.SS.20240701.FIL","A00000439629","2024-07-01T15:20Z","2024-07-01T15:20Z","Illinois State Water Survey Central Analytical Laboratory",414.0,0.09350,1,"2024-07-03","B",,
"81c586dc-2529-4311-a59f-c8cf7cc6476e","D06","KING","KING.AOS.S2","KING.SS.20240701.FIL.2","A00000439631","2024-07-01T15:20Z","2024-07-01T15:20Z","Illinois State Water Survey Central Analytical Laboratory",576.0,0.05290,1,"2024-07-03","A",,
"f2fd0c02-3645-4fa0-ae9d-8d89bb5fbf12","D06","KING","KING.AOS.S2","KING.SS.20240701.FIL","A00000439629","2024-07-01T15:20Z","2024-07-01T15:20Z","Illinois State Water Survey Central Analytical Laboratory",240.0,0.43400,1,"2024-07-03","B",,
"df59ad66-db0b-40aa-b4e8-3dd98fe1fc8f","D06","KING","KING.AOS.S2","KING.SS.20240701.FIL","A00000439629","2024-07-01T15:20Z","2024-07-01T15:20Z","Illinois State Water Survey Central Analytical Laboratory",290.0,0.28360,1,"2024-07-03","B",,
"2141fc91-7750-4d69-863d-c95cf7a95c7c","D06","KING","KING.AOS.S2","KING.SS.20240701.FIL.3","A00000439633","2024-07-01T15:20Z","2024-07-01T15:20Z","Illinois State Water Survey Central Analytical Laboratory",258.0,0.43930,1,"2024-07-03","A",,
"ce45ca39-9d39-45a5-a581-09d09d57a60b","D06","KING","KING.AOS.S2","KING.SS.20240701.FIL.3","A00000439633","2024-07-01T15:20Z","2024-07-01T15:20Z","Illinois State Water Survey Central Analytical Laboratory",576.0,0.07530,1,"2024-07-03","A",,
"61e50bfa-d662-4c6e-8a9f-db5587e816ee","D06","KING","KING.AOS.S2","KING.SS.20240701.FIL.3","A00000439633","2024-07-01T15:20Z","2024-07-01T15:20Z","Illinois State Water Survey Central Analytical Laboratory",580.0,0.07480,1,"2024-07-03","B",,
"12763caa-2a8c-420a-93bf-3b72c0ab02cd","D06","KING","KING.AOS.S2","KING.SS.20240701.FIL.2","A00000439631","2024-07-01T15:20Z","2024-07-01T15:20Z","Illinois State Water Survey Central Analytical Laboratory",420.0,0.09310,1,"2024-07-03","A",,
"a199003b-4309-4abc-b300-c49dbe1fa7cb","D06","KING","KING.AOS.S2","KING.SS.20240701.FIL","A00000439629","2024-07-01T15:20Z","2024-07-01T15:20Z","Illinois State Water Survey Central Analytical Laboratory",296.0,0.26220,1,"2024-07-03","A",,
"16988453-d5cf-4702-a64c-520e11562b74","D06","KING","KING.AOS.S2","KING.SS.20240701.FIL.2","A00000439631","2024-07-01T15:20Z","2024-07-01T15:20Z","Illinois State Water Survey Central Analytical Laboratory",354.0,0.15420,1,"2024-07-03","B",,
"a1f0853f-61aa-48ec-a190-61e2265e7775","D06","KING","KING.AOS.S2","KING.SS.20240701.FIL.3","A00000439633","2024-07-01T15:20Z","2024-07-01T15:20Z","Illinois State Water Survey Central Analytical Laboratory",598.0,0.07220,1,"2024-07-03","B",,
"f8b5b924-ee91-4627-a1aa-e48944c8c5b7","D06","KING","KING.AOS.S2","KING.SS.20240701.FIL.3","A00000439633","2024-07-01T15:20Z","2024-07-01T15:20Z","Illinois State Water Survey Central Analytical Laboratory",570.0,0.07610,1,"2024-07-03","A",,
"c77939e4-6c69-48c7-91bb-d4a0eaf1747a","D06","KING","KING.AOS.S2","KING.SS.20240701.FIL","A00000439629","2024-07-01T15:20Z","2024-07-01T15:20Z","Illinois State Water Survey Central Analytical Laboratory",462.0,0.07180,1,"2024-07-03","B",,
"c6abde1b-a452-4709-bdc0-cfa1a1a0a7d9","D06","KING","KING.AOS.S2","KING.SS.20240701.FIL.2","A00000439631","2024-07-01T15:20Z","2024-07-01T15:20Z","Illinois State Water Survey Central Analytical Laboratory",352.0,0.15690,1,"2024-07-03","B",,
"8e62c916-1e80-4232-8b7a-48310aff366b","D06","KING","KING.AOS.S2","KING.SS.20240701.FIL.3","A00000439633","2024-07-01T15:20Z","2024-07-01T15:20Z","Illinois State Water Survey Central Analytical Laboratory",352.0,0.19670,1,"2024-07-03","A",,
"a690adaa-f8fe-4b0c-93ed-b8eaccdcdedf","D06","KING","KING.AOS.S2","KING.SS.20240701.FIL.3","A00000439633","2024-07-01T15:20Z","2024-07-01T15:20Z","Illinois State Water Survey Central Analytical Laboratory",526.0,0.08480,1,"2024-07-03","B",,
"8d454db2-6050-43eb-8895-3e50eb79cd07","D06","KING","KING.AOS.S2","KING.SS.20240701.FIL","A00000439629","2024-07-01T15:20Z","2024-07-01T15:20Z","Illinois State Water Survey Central Analytical Laboratory",448.0,0.07670,1,"2024-07-03","A",,
"ebfc54de-7d6a-408a-964d-96977b877bc5","D06","KING","KING.AOS.S2","KING.SS.20240701.FIL.3","A00000439633","2024-07-01T15:20Z","2024-07-01T15:20Z","Illinois State Water Survey Central Analytical Laboratory",226.0,0.58950,1,"2024-07-03","A",,
"c4a60afe-8fa4-429a-ae3f-fde8affa39d0","D06","KING","KING.AOS.S2","KING.SS.20240701.FIL.3","A00000439633","2024-07-01T15:20Z","2024-07-01T15:20Z","Illinois State Water Survey Central Analytical Laboratory",414.0,0.12860,1,"2024-07-03","B",,
"176d983e-043d-41c4-8684-b667538471f5","D06","KING","KING.AOS.S2","KING.SS.20240701.FIL.3","A00000439633","2024-07-01T15:20Z","2024-07-01T15:20Z","Illinois State Water Survey Central Analytical Laboratory",308.0,0.28470,1,"2024-07-03","B",,
"d4e585ed-3903-4ab9-8309-cfff6afecaa5","D06","KING","KING.AOS.S2","KING.SS.20240701.FIL","A00000439629","2024-07-01T15:20Z","2024-07-01T15:20Z","Illinois State Water Survey Central Analytical Laboratory",334.0,0.18190,1,"2024-07-03","B",,
"dee5975a-4d1d-419e-b1db-23ac2a82c7b2","D06","KING","KING.AOS.S2","KING.SS.20240701.FIL.3","A00000439633","2024-07-01T15:20Z","2024-07-01T15:20Z","Illinois State Water Survey Central Analytical Laboratory",270.0,0.40520,1,"2024-07-03","A",,
"43b06efb-c447-4fdc-beeb-c7e080113020","D06","KING","KING.AOS.S2","KING.SS.20240701.FIL.2","A00000439631","2024-07-01T15:20Z","2024-07-01T15:20Z","Illinois State Water Survey Central Analytical Laboratory",586.0,0.05140,1,"2024-07-03","A",,
"c5886479-a787-4b81-920a-e3115788271e","D06","KING","KING.AOS.S2","KING.SS.20240701.FIL","A00000439629","2024-07-01T15:20Z","2024-07-01T15:20Z","Illinois State Water Survey Central Analytical Laboratory",278.0,0.32090,1,"2024-07-03","B",,
"2d833299-f11e-4c4d-b593-b99bd293402e","D06","KING","KING.AOS.S2","KING.SS.20240701.FIL.3","A00000439633","2024-07-01T15:20Z","2024-07-01T15:20Z","Illinois State Water Survey Central Analytical Laboratory",446.0,0.11070,1,"2024-07-03","A",,
"4774cfcb-589d-4fd8-85aa-c067b487a2f5","D06","KING","KING.AOS.S2","KING.SS.20240701.FIL.3","A00000439633","2024-07-01T15:20Z","2024-07-01T15:20Z","Illinois State Water Survey Central Analytical Laboratory",360.0,0.18360,1,"2024-07-03","B",,
"5f498eee-66cb-45b4-8c3e-2690c411d01c","D06","KING","KING.AOS.S2","KING.SS.20240701.FIL","A00000439629","2024-07-01T15:20Z","2024-07-01T15:20Z","Illinois State Water Survey Central Analytical Laboratory",586.0,0.04880,1,"2024-07-03","A",,
"18c24828-7bcf-4dec-b5f3-913b9ce45ae6","D06","KING","KING.AOS.S2","KING.SS.20240701.FIL.3","A00000439633","2024-07-01T15:20Z","2024-07-01T15:20Z","Illinois State Water Survey Central Analytical Laboratory",556.0,0.07870,1,"2024-07-03","A",,
"4ecb42f9-16f0-406c-8cbb-6dd0a78eb7fe","D06","KING","KING.AOS.S2","KING.SS.20240701.FIL","A00000439629","2024-07-01T15:20Z","2024-07-01T15:20Z","Illinois State Water Survey Central Analytical Laboratory",496.0,0.06260,1,"2024-07-03","A",,
"501c5e32-3a5c-4af0-b1fc-2c91877d1bd8","D06","KING","KING.AOS.S2","KING.SS.20240701.FIL.2","A00000439631","2024-07-01T15:20Z","2024-07-01T15:20Z","Illinois State Water Survey Central Analytical Laboratory",518.0,0.06190,1,"2024-07-03","A",,
"0060a1dd-8249-43b5-aa9b-ed279611bd84","D06","KING","KING.AOS.S2","KING.SS.20240701.FIL","A00000439629","2024-07-01T15:20Z","2024-07-01T15:20Z","Illinois State Water Survey Central Analytical Laboratory",348.0,0.15910,1,"2024-07-03","B",,
"f0644620-4c1d-4ec9-8762-716e133182de","D06","KING","KING.AOS.S2","KING.SS.20240701.FIL.3","A00000439633","2024-07-01T15:20Z","2024-07-01T15:20Z","Illinois State Water Survey Central Analytical Laboratory",368.0,0.17330,1,"2024-07-03","B",,
"5b0c785f-a729-4f22-8e49-3bc848038940","D06","KING","KING.AOS.S2","KING.SS.20240701.FIL.3","A00000439633","2024-07-01T15:20Z","2024-07-01T15:20Z","Illinois State Water Survey Central Analytical Laboratory",438.0,0.11380,1,"2024-07-03","B",,
"f3d57cc6-b8c7-4aa2-bef0-aaade763706f","D06","KING","KING.AOS.S2","KING.SS.20240701.FIL.2","A00000439631","2024-07-01T15:20Z","2024-07-01T15:20Z","Illinois State Water Survey Central Analytical Laboratory",506.0,0.06470,1,"2024-07-03","B",,
"4a86f3f5-cb72-412c-973e-be82ac23c33c","D06","KING","KING.AOS.S2","KING.SS.20240701.FIL.3","A00000439633","2024-07-01T15:20Z","2024-07-01T15:20Z","Illinois State Water Survey Central Analytical Laboratory",374.0,0.16610,1,"2024-07-03","B",,
"25f71577-05ed-4037-9148-b2a60590fb13","D06","KING","KING.AOS.S2","KING.SS.20240701.FIL","A00000439629","2024-07-01T15:20Z","2024-07-01T15:20Z","Illinois State Water Survey Central Analytical Laboratory",356.0,0.14770,1,"2024-07-03","B",,
"e9ae982c-7843-4be0-bc37-0af8c19fcb8b","D06","KING","KING.AOS.S2","KING.SS.20240701.FIL","A00000439629","2024-07-01T15:20Z","2024-07-01T15:20Z","Illinois State Water Survey Central Analytical Laboratory",406.0,0.09880,1,"2024-07-03","B",,
"ec98125f-05e8-4d37-bf3d-cd06a94e8a23","D06","KING","KING.AOS.S2","KING.SS.20240701.FIL.3","A00000439633","2024-07-01T15:20Z","2024-07-01T15:20Z","Illinois State Water Survey Central Analytical Laboratory",264.0,0.42100,1,"2024-07-03","B",,
"d9bb2a05-1897-4481-b8f7-5ec656137294","D06","KING","KING.AOS.S2","KING.SS.20240701.FIL.3","A00000439633","2024-07-01T15:20Z","2024-07-01T15:20Z","Illinois State Water Survey Central Analytical Laboratory",244.0,0.48360,1,"2024-07-03","B",,
"b99957c5-88dd-444e-b7f8-e72d2f32ac94","D06","KING","KING.AOS.S2","KING.SS.20240701.FIL","A00000439629","2024-07-01T15:20Z","2024-07-01T15:20Z","Illinois State Water Survey Central Analytical Laboratory",320.0,0.20980,1,"2024-07-03","B",,
"a2012a83-f8e6-4d03-af36-91ed8c614e97","D06","KING","KING.AOS.S2","KING.SS.20240701.FIL","A00000439629","2024-07-01T15:20Z","2024-07-01T15:20Z","Illinois State Water Survey Central Analytical Laboratory",580.0,0.04940,1,"2024-07-03","A",,
"acac18be-f7aa-4b12-831e-28316e201079","D06","KING","KING.AOS.S2","KING.SS.20240701.FIL.3","A00000439633","2024-07-01T15:20Z","2024-07-01T15:20Z","Illinois State Water Survey Central Analytical Laboratory",580.0,0.07460,1,"2024-07-03","A",,
"9f0d4e1f-b80e-4f75-957a-bb6751becc3f","D06","KING","KING.AOS.S2","KING.SS.20240701.FIL.2","A00000439631","2024-07-01T15:20Z","2024-07-01T15:20Z","Illinois State Water Survey Central Analytical Laboratory",322.0,0.21000,1,"2024-07-03","B",,
"6579214a-b05b-4753-82c6-8a0e7b3db0cf","D06","KING","KING.AOS.S2","KING.SS.20240701.FIL.2","A00000439631","2024-07-01T15:20Z","2024-07-01T15:20Z","Illinois State Water Survey Central Analytical Laboratory",366.0,0.13960,1,"2024-07-03","B",,
"d3f0527a-c70b-46e4-81a3-ed43e62cd413","D06","KING","KING.AOS.S2","KING.SS.20240701.FIL","A00000439629","2024-07-01T15:20Z","2024-07-01T15:20Z","Illinois State Water Survey Central Analytical Laboratory",570.0,0.05030,1,"2024-07-03","A",,
"6550c4da-7cbe-4e40-bb30-1c4f4af8dd1a","D06","KING","KING.AOS.S2","KING.SS.20240701.FIL.2","A00000439631","2024-07-01T15:20Z","2024-07-01T15:20Z","Illinois State Water Survey Central Analytical Laboratory",544.0,0.05730,1,"2024-07-03","A",,
"f8061ea7-1491-4c88-ac42-f261b415157f","D06","KING","KING.AOS.S2","KING.SS.20240701.FIL.2","A00000439631","2024-07-01T15:20Z","2024-07-01T15:20Z","Illinois State Water Survey Central Analytical Laboratory",360.0,0.14550,1,"2024-07-03","A",,
"2245f8f1-df72-4313-8911-561663860772","D06","KING","KING.AOS.S2","KING.SS.20240701.FIL","A00000439629","2024-07-01T15:20Z","2024-07-01T15:20Z","Illinois State Water Survey Central Analytical Laboratory",500.0,0.06150,1,"2024-07-03","A",,
"49c262b1-862e-49c1-89f1-bbf394391f7e","D06","KING","KING.AOS.S2","KING.SS.20240701.FIL.3","A00000439633","2024-07-01T15:20Z","2024-07-01T15:20Z","Illinois State Water Survey Central Analytical Laboratory",528.0,0.08480,1,"2024-07-03","A",,
"77442409-f4a6-42ab-8fee-f119dab921ff","D06","KING","KING.AOS.S2","KING.SS.20240701.FIL.2","A00000439631","2024-07-01T15:20Z","2024-07-01T15:20Z","Illinois State Water Survey Central Analytical Laboratory",268.0,0.35120,1,"2024-07-03","A",,
"0bcbb6ff-8b94-41fd-8dfe-716f19686381","D06","KING","KING.AOS.S2","KING.SS.20240701.FIL","A00000439629","2024-07-01T15:20Z","2024-07-01T15:20Z","Illinois State Water Survey Central Analytical Laboratory",220.0,0.56910,1,"2024-07-03","B",,
"c3e5d5b5-3c61-44be-bc41-6807ad814eb9","D06","KING","KING.AOS.S2","KING.SS.20240701.FIL.2","A00000439631","2024-07-01T15:20Z","2024-07-01T15:20Z","Illinois State Water Survey Central Analytical Laboratory",270.0,0.34780,1,"2024-07-03","B",,
"a8dc4a31-a930-4ddb-809e-a616ffd58739","D06","KING","KING.AOS.S2","KING.SS.20240701.FIL.3","A00000439633","2024-07-01T15:20Z","2024-07-01T15:20Z","Illinois State Water Survey Central Analytical Laboratory",266.0,0.41510,1,"2024-07-03","B",,
"a5227b0d-4c39-4f4e-864c-d68b992619ab","D06","KING","KING.AOS.S2","KING.SS.20240701.FIL.3","A00000439633","2024-07-01T15:20Z","2024-07-01T15:20Z","Illinois State Water Survey Central Analytical Laboratory",322.0,0.25200,1,"2024-07-03","B",,
"c506ffe2-a69c-4fa2-8910-aab4f823ac16","D06","KING","KING.AOS.S2","KING.SS.20240701.FIL","A00000439629","2024-07-01T15:20Z","2024-07-01T15:20Z","Illinois State Water Survey Central Analytical Laboratory",572.0,0.05020,1,"2024-07-03","A",,
"0eefc2eb-b152-4700-9600-db54f9d8ebcb","D06","KING","KING.AOS.S2","KING.SS.20240701.FIL","A00000439629","2024-07-01T15:20Z","2024-07-01T15:20Z","Illinois State Water Survey Central Analytical Laboratory",558.0,0.05310,1,"2024-07-03","B",,
"594c1003-13de-4f62-a530-eeffdf268ee1","D06","KING","KING.AOS.S2","KING.SS.20240701.FIL","A00000439629","2024-07-01T15:20Z","2024-07-01T15:20Z","Illinois State Water Survey Central Analytical Laboratory",596.0,0.04750,1,"2024-07-03","A",,
"826edb40-6ce3-42fa-9561-64361b58e2ed","D06","KING","KING.AOS.S2","KING.SS.20240701.FIL.2","A00000439631","2024-07-01T15:20Z","2024-07-01T15:20Z","Illinois State Water Survey Central Analytical Laboratory",530.0,0.05960,1,"2024-07-03","A",,
"5d6d9138-9f85-4390-b533-fd09f82491ea","D06","KING","KING.AOS.S2","KING.SS.20240701.FIL","A00000439629","2024-07-01T15:20Z","2024-07-01T15:20Z","Illinois State Water Survey Central Analytical Laboratory",582.0,0.04890,1,"2024-07-03","A",,
"f130731d-69ab-4c68-99f8-8d61bb9dd83f","D06","KING","KING.AOS.S2","KING.SS.20240701.FIL.3","A00000439633","2024-07-01T15:20Z","2024-07-01T15:20Z","Illinois State Water Survey Central Analytical Laboratory",410.0,0.13180,1,"2024-07-03","B",,
"90aa4cc1-7bf9-4703-b494-a11d53de0ea3","D06","KING","KING.AOS.S2","KING.SS.20240701.FIL.2","A00000439631","2024-07-01T15:20Z","2024-07-01T15:20Z","Illinois State Water Survey Central Analytical Laboratory",548.0,0.05670,1,"2024-07-03","A",,
"2d2b5d05-1225-4a39-94e8-fb767c977ae7","D06","KING","KING.AOS.S2","KING.SS.20240701.FIL.2","A00000439631","2024-07-01T15:20Z","2024-07-01T15:20Z","Illinois State Water Survey Central Analytical Laboratory",392.0,0.11180,1,"2024-07-03","A",,
"c735a865-fd77-4e4b-b094-0a02f403421c","D06","KING","KING.AOS.S2","KING.SS.20240701.FIL","A00000439629","2024-07-01T15:20Z","2024-07-01T15:20Z","Illinois State Water Survey Central Analytical Laboratory",438.0,0.08040,1,"2024-07-03","A",,
"d67866f4-2fb0-4800-a6e2-4979173f2ba2","D06","KING","KING.AOS.S2","KING.SS.20240701.FIL.2","A00000439631","2024-07-01T15:20Z","2024-07-01T15:20Z","Illinois State Water Survey Central Analytical Laboratory",414.0,0.09750,1,"2024-07-03","B",,
"f7439f8c-e34b-4bcb-8e26-b7bb13445c0e","D06","KING","KING.AOS.S2","KING.SS.20240701.FIL.2","A00000439631","2024-07-01T15:20Z","2024-07-01T15:20Z","Illinois State Water Survey Central Analytical Laboratory",532.0,0.05930,1,"2024-07-03","A",,
"711656be-e73b-40b9-810c-73f2cb6c637a","D06","KING","KING.AOS.S2","KING.SS.20240701.FIL","A00000439629","2024-07-01T15:20Z","2024-07-01T15:20Z","Illinois State Water Survey Central Analytical Laboratory",576.0,0.05050,1,"2024-07-03","B",,
"467b9986-5a53-4ab1-8559-9e2ca9d5c4f4","D06","KING","KING.AOS.S2","KING.SS.20240701.FIL.3","A00000439633","2024-07-01T15:20Z","2024-07-01T15:20Z","Illinois State Water Survey Central Analytical Laboratory",392.0,0.14640,1,"2024-07-03","B",,
"2b392ee1-6edb-4dc0-b818-3d58ec7bcaf7","D06","KING","KING.AOS.S2","KING.SS.20240701.FIL.2","A00000439631","2024-07-01T15:20Z","2024-07-01T15:20Z","Illinois State Water Survey Central Analytical Laboratory",472.0,0.07250,1,"2024-07-03","B",,
"a66bc52f-e514-4343-a9a2-5a1b9d717a40","D06","KING","KING.AOS.S2","KING.SS.20240701.FIL.3","A00000439633","2024-07-01T15:20Z","2024-07-01T15:20Z","Illinois State Water Survey Central Analytical Laboratory",286.0,0.35400,1,"2024-07-03","A",,
"8613ec02-a58b-4570-8e85-2c0b003da741","D06","KING","KING.AOS.S2","KING.SS.20240701.FIL.3","A00000439633","2024-07-01T15:20Z","2024-07-01T15:20Z","Illinois State Water Survey Central Analytical Laboratory",460.0,0.10480,1,"2024-07-03","A",,
"b96c4170-c488-49c8-b81b-640b339ba476","D06","KING","KING.AOS.S2","KING.SS.20240701.FIL.2","A00000439631","2024-07-01T15:20Z","2024-07-01T15:20Z","Illinois State Water Survey Central Analytical Laboratory",574.0,0.05360,1,"2024-07-03","B",,
"6b14ca81-922c-47d9-ad8b-ebcb90b72186","D06","KING","KING.AOS.S2","KING.SS.20240701.FIL","A00000439629","2024-07-01T15:20Z","2024-07-01T15:20Z","Illinois State Water Survey Central Analytical Laboratory",422.0,0.08920,1,"2024-07-03","B",,
"a5eb00d4-0c6f-441d-a246-5d7af440771c","D06","KING","KING.AOS.S2","KING.SS.20240701.FIL","A00000439629","2024-07-01T15:20Z","2024-07-01T15:20Z","Illinois State Water Survey Central Analytical Laboratory",222.0,0.54260,1,"2024-07-03","A",,
"2e90f92f-05d0-4f39-acae-a01ee5af0ea7","D06","KING","KING.AOS.S2","KING.SS.20240701.FIL.3","A00000439633","2024-07-01T15:20Z","2024-07-01T15:20Z","Illinois State Water Survey Central Analytical Laboratory",284.0,0.35920,1,"2024-07-03","B",,
"6d7e954d-8a32-4fc5-b8a3-a9df922049b6","D06","KING","KING.AOS.S2","KING.SS.20240701.FIL.2","A00000439631","2024-07-01T15:20Z","2024-07-01T15:20Z","Illinois State Water Survey Central Analytical Laboratory",556.0,0.05590,1,"2024-07-03","B",,
"bbefb0c2-bc8d-4b34-a3d6-cdf16871ecb7","D06","KING","KING.AOS.S2","KING.SS.20240701.FIL.3","A00000439633","2024-07-01T15:20Z","2024-07-01T15:20Z","Illinois State Water Survey Central Analytical Laboratory",524.0,0.08540,1,"2024-07-03","B",,
"323ed377-5dbb-47e2-89d1-0dfc110f8738","D06","KING","KING.AOS.S2","KING.SS.20240701.FIL.3","A00000439633","2024-07-01T15:20Z","2024-07-01T15:20Z","Illinois State Water Survey Central Analytical Laboratory",354.0,0.19360,1,"2024-07-03","A",,
"e9c2bb47-f860-40a4-a72c-34945f86034c","D06","KING","KING.AOS.S2","KING.SS.20240701.FIL.3","A00000439633","2024-07-01T15:20Z","2024-07-01T15:20Z","Illinois State Water Survey Central Analytical Laboratory",464.0,0.10220,1,"2024-07-03","B",,
"6b9b5bde-b64a-437a-b0ec-bde2a3b2840d","D06","KING","KING.AOS.S2","KING.SS.20240701.FIL.3","A00000439633","2024-07-01T15:20Z","2024-07-01T15:20Z","Illinois State Water Survey Central Analytical Laboratory",574.0,0.07560,1,"2024-07-03","A",,
"5ba04d38-1245-4e8c-9def-76a940532eda","D06","KING","KING.AOS.S2","KING.SS.20240701.FIL.2","A00000439631","2024-07-01T15:20Z","2024-07-01T15:20Z","Illinois State Water Survey Central Analytical Laboratory",416.0,0.09530,1,"2024-07-03","A",,
"2ff93a14-fef4-4451-b5ca-e6dc10705b04","D06","KING","KING.AOS.S2","KING.SS.20240701.FIL.2","A00000439631","2024-07-01T15:20Z","2024-07-01T15:20Z","Illinois State Water Survey Central Analytical Laboratory",514.0,0.06310,1,"2024-07-03","B",,
"5d0d55c6-adf4-426f-adfc-97c706f2472b","D06","KING","KING.AOS.S2","KING.SS.20240701.FIL","A00000439629","2024-07-01T15:20Z","2024-07-01T15:20Z","Illinois State Water Survey Central Analytical Laboratory",440.0,0.08020,1,"2024-07-03","B",,
"b0abeca5-6663-49a0-a843-860c0e2a3b37","D06","KING","KING.AOS.S2","KING.SS.20240701.FIL","A00000439629","2024-07-01T15:20Z","2024-07-01T15:20Z","Illinois State Water Survey Central Analytical Laboratory",482.0,0.06640,1,"2024-07-03","B",,
"f32f0e3a-55cf-4863-b4af-cc4ff6152d26","D06","KING","KING.AOS.S2","KING.SS.20240701.FIL.3","A00000439633","2024-07-01T15:20Z","2024-07-01T15:20Z","Illinois State Water Survey Central Analytical Laboratory",592.0,0.07270,1,"2024-07-03","A",,
"767dba5a-170a-4e18-b128-08728a71aa91","D06","KING","KING.AOS.S2","KING.SS.20240701.FIL","A00000439629","2024-07-01T15:20Z","2024-07-01T15:20Z","Illinois State Water Survey Central Analytical Laboratory",278.0,0.31680,1,"2024-07-03","A",,
"187ec160-91a0-4fe1-914f-50171c220b98","D06","KING","KING.AOS.S2","KING.SS.20240701.FIL","A00000439629","2024-07-01T15:20Z","2024-07-01T15:20Z","Illinois State Water Survey Central Analytical Laboratory",344.0,0.16270,1,"2024-07-03","A",,
"60cd56af-2f3a-44d2-a49a-34476b491f40","D06","KING","KING.AOS.S2","KING.SS.20240701.FIL.3","A00000439633","2024-07-01T15:20Z","2024-07-01T15:20Z","Illinois State Water Survey Central Analytical Laboratory",508.0,0.08990,1,"2024-07-03","A",,
"d9cd5116-6302-468e-994d-9ff47545649d","D06","KING","KING.AOS.S2","KING.SS.20240701.FIL.3","A00000439633","2024-07-01T15:20Z","2024-07-01T15:20Z","Illinois State Water Survey Central Analytical Laboratory",482.0,0.09630,1,"2024-07-03","B",,
"6301374a-6e3e-4b23-bfbc-3565a23b5657","D06","KING","KING.AOS.S2","KING.SS.20240701.FIL.3","A00000439633","2024-07-01T15:20Z","2024-07-01T15:20Z","Illinois State Water Survey Central Analytical Laboratory",572.0,0.07560,1,"2024-07-03","A",,
"6b6bc979-e715-4801-a3b9-286e3a57e995","D06","KING","KING.AOS.S2","KING.SS.20240701.FIL.2","A00000439631","2024-07-01T15:20Z","2024-07-01T15:20Z","Illinois State Water Survey Central Analytical Laboratory",374.0,0.13070,1,"2024-07-03","B",,
"ec65b687-bdb3-4a61-9e64-103c9f38beea","D06","KING","KING.AOS.S2","KING.SS.20240701.FIL","A00000439629","2024-07-01T15:20Z","2024-07-01T15:20Z","Illinois State Water Survey Central Analytical Laboratory",412.0,0.09490,1,"2024-07-03","B",,
"f302ff83-4e43-4439-9a97-7a611e2d1e6f","D06","KING","KING.AOS.S2","KING.SS.20240701.FIL","A00000439629","2024-07-01T15:20Z","2024-07-01T15:20Z","Illinois State Water Survey Central Analytical Laboratory",306.0,0.24020,1,"2024-07-03","B",,
"b6b8cf00-a51d-4c9d-8fac-f7063312b232","D06","KING","KING.AOS.S2","KING.SS.20240701.FIL","A00000439629","2024-07-01T15:20Z","2024-07-01T15:20Z","Illinois State Water Survey Central Analytical Laboratory",502.0,0.06140,1,"2024-07-03","A",,
"d9f83728-f21e-4fcd-a59f-f96702450b18","D06","KING","KING.AOS.S2","KING.SS.20240701.FIL","A00000439629","2024-07-01T15:20Z","2024-07-01T15:20Z","Illinois State Water Survey Central Analytical Laboratory",586.0,0.04940,1,"2024-07-03","B",,
"97f24884-15a6-4ca1-9224-984d27517079","D06","KING","KING.AOS.S2","KING.SS.20240701.FIL.3","A00000439633","2024-07-01T15:20Z","2024-07-01T15:20Z","Illinois State Water Survey Central Analytical Laboratory",428.0,0.12000,1,"2024-07-03","A",,
"aa44d9a2-66cc-4779-8ebc-d6534ae8b888","D06","KING","KING.AOS.S2","KING.SS.20240701.FIL.2","A00000439631","2024-07-01T15:20Z","2024-07-01T15:20Z","Illinois State Water Survey Central Analytical Laboratory",286.0,0.29960,1,"2024-07-03","A",,
"541b0bcb-38a6-4ede-a55f-3dacf313be94","D06","KING","KING.AOS.S2","KING.SS.20240701.FIL","A00000439629","2024-07-01T15:20Z","2024-07-01T15:20Z","Illinois State Water Survey Central Analytical Laboratory",288.0,0.29020,1,"2024-07-03","B",,
"95ad893e-0c42-4c20-a04c-5eaf4117b534","D06","KING","KING.AOS.S2","KING.SS.20240701.FIL.2","A00000439631","2024-07-01T15:20Z","2024-07-01T15:20Z","Illinois State Water Survey Central Analytical Laboratory",382.0,0.12110,1,"2024-07-03","A",,
"762f2b2b-4889-4a11-b4bf-7640df73ae92","D06","KING","KING.AOS.S2","KING.SS.20240701.FIL.2","A00000439631","2024-07-01T15:20Z","2024-07-01T15:20Z","Illinois State Water Survey Central Analytical Laboratory",584.0,0.05270,1,"2024-07-03","B",,
"8133fdc5-fa11-4a39-8e74-ce3815ba62bb","D06","KING","KING.AOS.S2","KING.SS.20240701.FIL","A00000439629","2024-07-01T15:20Z","2024-07-01T15:20Z","Illinois State Water Survey Central Analytical Laboratory",276.0,0.32210,1,"2024-07-03","A",,
"3ad82a62-3c3f-49d9-ac40-33647aca4997","D06","KING","KING.AOS.S2","KING.SS.20240701.FIL","A00000439629","2024-07-01T15:20Z","2024-07-01T15:20Z","Illinois State Water Survey Central Analytical Laboratory",524.0,0.05760,1,"2024-07-03","B",,
"c50d38c9-586c-47c9-a14f-b0f24c6a156b","D06","KING","KING.AOS.S2","KING.SS.20240701.FIL.3","A00000439633","2024-07-01T15:20Z","2024-07-01T15:20Z","Illinois State Water Survey Central Analytical Laboratory",540.0,0.08190,1,"2024-07-03","A",,
"2615a015-bc29-4515-8bfb-136bf2a78e5f","D06","KING","KING.AOS.S2","KING.SS.20240701.FIL","A00000439629","2024-07-01T15:20Z","2024-07-01T15:20Z","Illinois State Water Survey Central Analytical Laboratory",268.0,0.34780,1,"2024-07-03","B",,
"806f4716-9e98-4370-a606-236d03b96411","D06","KING","KING.AOS.S2","KING.SS.20240701.FIL","A00000439629","2024-07-01T15:20Z","2024-07-01T15:20Z","Illinois State Water Survey Central Analytical Laboratory",486.0,0.06470,1,"2024-07-03","A",,
"c271539a-ac01-4dd0-a3b9-0be8cfa80c7a","D06","KING","KING.AOS.S2","KING.SS.20240701.FIL.2","A00000439631","2024-07-01T15:20Z","2024-07-01T15:20Z","Illinois State Water Survey Central Analytical Laboratory",248.0,0.40600,1,"2024-07-03","A",,
"e7851d59-eb7a-4880-bc62-3c584df61a03","D06","KING","KING.AOS.S2","KING.SS.20240701.FIL.2","A00000439631","2024-07-01T15:20Z","2024-07-01T15:20Z","Illinois State Water Survey Central Analytical Laboratory",432.0,0.08760,1,"2024-07-03","B",,
"918cfaa6-7767-4f36-be94-5d6b81470af1","D06","KING","KING.AOS.S2","KING.SS.20240701.FIL.3","A00000439633","2024-07-01T15:20Z","2024-07-01T15:20Z","Illinois State Water Survey Central Analytical Laboratory",296.0,0.31970,1,"2024-07-03","A",,
"53288da3-2e63-4273-9494-9bd616942f71","D06","KING","KING.AOS.S2","KING.SS.20240701.FIL.2","A00000439631","2024-07-01T15:20Z","2024-07-01T15:20Z","Illinois State Water Survey Central Analytical Laboratory",580.0,0.05210,1,"2024-07-03","A",,
"64d308c8-f766-4b22-b519-7c885f669efc","D06","KING","KING.AOS.S2","KING.SS.20240701.FIL.2","A00000439631","2024-07-01T15:20Z","2024-07-01T15:20Z","Illinois State Water Survey Central Analytical Laboratory",338.0,0.17880,1,"2024-07-03","B",,
"df2ef670-d0a8-4379-a165-319150f4d590","D06","KING","KING.AOS.S2","KING.SS.20240701.FIL.2","A00000439631","2024-07-01T15:20Z","2024-07-01T15:20Z","Illinois State Water Survey Central Analytical Laboratory",498.0,0.06630,1,"2024-07-03","A",,
"69002083-ab86-439e-8a66-53cf365823f9","D06","KING","KING.AOS.S2","KING.SS.20240701.FIL","A00000439629","2024-07-01T15:20Z","2024-07-01T15:20Z","Illinois State Water Survey Central Analytical Laboratory",322.0,0.20310,1,"2024-07-03","A",,
"6978e49b-6083-4425-8994-1e89b7c71ea5","D06","KING","KING.AOS.S2","KING.SS.20240701.FIL.3","A00000439633","2024-07-01T15:20Z","2024-07-01T15:20Z","Illinois State Water Survey Central Analytical Laboratory",374.0,0.16730,1,"2024-07-03","A",,
"71c8df22-0533-4aa2-b86d-01ce967cae8a","D06","KING","KING.AOS.S2","KING.SS.20240701.FIL","A00000439629","2024-07-01T15:20Z","2024-07-01T15:20Z","Illinois State Water Survey Central Analytical Laboratory",444.0,0.07810,1,"2024-07-03","A",,
"9cac1e9c-b559-4adb-9572-6b9cbcf2251e","D06","KING","KING.AOS.S2","KING.SS.20240701.FIL","A00000439629","2024-07-01T15:20Z","2024-07-01T15:20Z","Illinois State Water Survey Central Analytical Laboratory",508.0,0.06050,1,"2024-07-03","B",,
"40e6b39d-fe80-4301-96b8-d0c4fe95e6e4","D06","KING","KING.AOS.S2","KING.SS.20240701.FIL.2","A00000439631","2024-07-01T15:20Z","2024-07-01T15:20Z","Illinois State Water Survey Central Analytical Laboratory",434.0,0.08620,1,"2024-07-03","A",,
"3b627694-66ae-43c0-b17f-9ff9090a642a","D06","KING","KING.AOS.S2","KING.SS.20240701.FIL.3","A00000439633","2024-07-01T15:20Z","2024-07-01T15:20Z","Illinois State Water Survey Central Analytical Laboratory",364.0,0.17970,1,"2024-07-03","A",,
"9c502210-e98e-4b06-a736-9e4472550886","D06","KING","KING.AOS.S2","KING.SS.20240701.FIL.3","A00000439633","2024-07-01T15:20Z","2024-07-01T15:20Z","Illinois State Water Survey Central Analytical Laboratory",448.0,0.10980,1,"2024-07-03","A",,
"fb4172c7-d662-4178-9479-70806032e443","D06","KING","KING.AOS.S2","KING.SS.20240701.FIL.2","A00000439631","2024-07-01T15:20Z","2024-07-01T15:20Z","Illinois State Water Survey Central Analytical Laboratory",556.0,0.05520,1,"2024-07-03","A",,
"6d297fcd-aeb0-4831-ab45-a95906f8962f","D06","KING","KING.AOS.S2","KING.SS.20240701.FIL","A00000439629","2024-07-01T15:20Z","2024-07-01T15:20Z","Illinois State Water Survey Central Analytical Laboratory",366.0,0.13580,1,"2024-07-03","B",,
"77f00b66-738b-445e-87aa-497d86d270b0","D06","KING","KING.AOS.S2","KING.SS.20240701.FIL.3","A00000439633","2024-07-01T15:20Z","2024-07-01T15:20Z","Illinois State Water Survey Central Analytical Laboratory",276.0,0.38540,1,"2024-07-03","B",,
"8c1a48ed-35be-418c-9601-aa87e7a9884d","D06","KING","KING.AOS.S2","KING.SS.20240701.FIL.2","A00000439631","2024-07-01T15:20Z","2024-07-01T15:20Z","Illinois State Water Survey Central Analytical Laboratory",500.0,0.06580,1,"2024-07-03","A",,
"d314589c-4168-443e-a80e-858458e6649a","D06","KING","KING.AOS.S2","KING.SS.20240701.FIL","A00000439629","2024-07-01T15:20Z","2024-07-01T15:20Z","Illinois State Water Survey Central Analytical Laboratory",550.0,0.05380,1,"2024-07-03","B",,
"5f97fbce-dc2e-479f-bf62-2a0da8e9928d","D06","KING","KING.AOS.S2","KING.SS.20240701.FIL.2","A00000439631","2024-07-01T15:20Z","2024-07-01T15:20Z","Illinois State Water Survey Central Analytical Laboratory",456.0,0.07770,1,"2024-07-03","A",,
"1282e120-9114-4045-bef6-3e61ed8a4267","D06","KING","KING.AOS.S2","KING.SS.20240701.FIL.2","A00000439631","2024-07-01T15:20Z","2024-07-01T15:20Z","Illinois State Water Survey Central Analytical Laboratory",234.0,0.47260,1,"2024-07-03","B",,
"2f075a64-3242-4d42-92ca-1e807718f020","D06","KING","KING.AOS.S2","KING.SS.20240701.FIL","A00000439629","2024-07-01T15:20Z","2024-07-01T15:20Z","Illinois State Water Survey Central Analytical Laboratory",256.0,0.37900,1,"2024-07-03","B",,
"d796fd28-9473-4d16-8061-3dccd78a396c","D06","KING","KING.AOS.S2","KING.SS.20240701.FIL","A00000439629","2024-07-01T15:20Z","2024-07-01T15:20Z","Illinois State Water Survey Central Analytical Laboratory",446.0,0.07720,1,"2024-07-03","A",,
"17a9716b-fcd3-442e-8e4f-4d3fc769a11d","D06","KING","KING.AOS.S2","KING.SS.20240701.FIL.2","A00000439631","2024-07-01T15:20Z","2024-07-01T15:20Z","Illinois State Water Survey Central Analytical Laboratory",372.0,0.13180,1,"2024-07-03","A",,
"2c1cde73-3cbc-469f-ad9d-629d6c6b4440","D06","KING","KING.AOS.S2","KING.SS.20240701.FIL.3","A00000439633","2024-07-01T15:20Z","2024-07-01T15:20Z","Illinois State Water Survey Central Analytical Laboratory",502.0,0.09080,1,"2024-07-03","B",,
"39a7a81e-8ccb-4daf-b4ed-448d8c1d96ea","D06","KING","KING.AOS.S2","KING.SS.20240701.FIL.3","A00000439633","2024-07-01T15:20Z","2024-07-01T15:20Z","Illinois State Water Survey Central Analytical Laboratory",554.0,0.07920,1,"2024-07-03","A",,
"fc9e9b47-acb6-4727-84ac-7a473bf29e90","D06","KING","KING.AOS.S2","KING.SS.20240701.FIL","A00000439629","2024-07-01T15:20Z","2024-07-01T15:20Z","Illinois State Water Survey Central Analytical Laboratory",340.0,0.17140,1,"2024-07-03","B",,
"b3aafc2c-6abd-4b10-8b42-e45cc1317166","D06","KING","KING.AOS.S2","KING.SS.20240701.FIL","A00000439629","2024-07-01T15:20Z","2024-07-01T15:20Z","Illinois State Water Survey Central Analytical Laboratory",232.0,0.47870,1,"2024-07-03","B",,
"56d14717-bac1-4850-8bf3-f38c6692c7f8","D06","KING","KING.AOS.S2","KING.SS.20240701.FIL.2","A00000439631","2024-07-01T15:20Z","2024-07-01T15:20Z","Illinois State Water Survey Central Analytical Laboratory",402.0,0.10580,1,"2024-07-03","B",,
"30651790-17a0-44c2-87f4-0575e167a2b2","D06","KING","KING.AOS.S2","KING.SS.20240701.FIL.2","A00000439631","2024-07-01T15:20Z","2024-07-01T15:20Z","Illinois State Water Survey Central Analytical Laboratory",526.0,0.06050,1,"2024-07-03","B",,
"bf31dc42-0613-436c-8839-5b9f5f3cb032","D06","KING","KING.AOS.S2","KING.SS.20240701.FIL.3","A00000439633","2024-07-01T15:20Z","2024-07-01T15:20Z","Illinois State Water Survey Central Analytical Laboratory",452.0,0.10740,1,"2024-07-03","B",,
"4ca71dea-00a2-44f9-935f-d73870a9b000","D06","KING","KING.AOS.S2","KING.SS.20240701.FIL","A00000439629","2024-07-01T15:20Z","2024-07-01T15:20Z","Illinois State Water Survey Central Analytical Laboratory",520.0,0.05780,1,"2024-07-03","A",,
"27bb1d5b-9b27-4169-8637-9cfe93de1a13","D06","KING","KING.AOS.S2","KING.SS.20240701.FIL.2","A00000439631","2024-07-01T15:20Z","2024-07-01T15:20Z","Illinois State Water Survey Central Analytical Laboratory",336.0,0.18230,1,"2024-07-03","B",,
"8b6ce82e-6efb-41f7-8050-cc8263cb24b5","D06","KING","KING.AOS.S2","KING.SS.20240701.FIL.3","A00000439633","2024-07-01T15:20Z","2024-07-01T15:20Z","Illinois State Water Survey Central Analytical Laboratory",372.0,0.16850,1,"2024-07-03","B",,
"327bcdd8-4c3d-45ff-b36b-d42e208219c9","D06","KING","KING.AOS.S2","KING.SS.20240701.FIL","A00000439629","2024-07-01T15:20Z","2024-07-01T15:20Z","Illinois State Water Survey Central Analytical Laboratory",490.0,0.06380,1,"2024-07-03","A",,
"a0cc4ae9-cbf2-4248-af39-30cf192b0891","D06","KING","KING.AOS.S2","KING.SS.20240701.FIL.2","A00000439631","2024-07-01T15:20Z","2024-07-01T15:20Z","Illinois State Water Survey Central Analytical Laboratory",354.0,0.15310,1,"2024-07-03","A",,
"6609e10f-230a-48cb-82c4-1d209245418f","D06","KING","KING.AOS.S2","KING.SS.20240701.FIL.3","A00000439633","2024-07-01T15:20Z","2024-07-01T15:20Z","Illinois State Water Survey Central Analytical Laboratory",572.0,0.07590,1,"2024-07-03","B",,
"e440ec6a-b6c5-4541-857b-03793aed45c4","D06","KING","KING.AOS.S2","KING.SS.20240701.FIL.3","A00000439633","2024-07-01T15:20Z","2024-07-01T15:20Z","Illinois State Water Survey Central Analytical Laboratory",376.0,0.16340,1,"2024-07-03","B",,
"115d5209-4ae0-4879-b805-2ea2c348cbf2","D06","KING","KING.AOS.S2","KING.SS.20240701.FIL","A00000439629","2024-07-01T15:20Z","2024-07-01T15:20Z","Illinois State Water Survey Central Analytical Laboratory",388.0,0.11260,1,"2024-07-03","B",,
"c9a2e8fc-376c-491c-aa5f-04b1c56d8aa9","D06","KING","KING.AOS.S2","KING.SS.20240701.FIL.3","A00000439633","2024-07-01T15:20Z","2024-07-01T15:20Z","Illinois State Water Survey Central Analytical Laboratory",402.0,0.13810,1,"2024-07-03","B",,
"f8859710-af3c-4ab3-91d3-74f46eb1664c","D06","KING","KING.AOS.S2","KING.SS.20240701.FIL.3","A00000439633","2024-07-01T15:20Z","2024-07-01T15:20Z","Illinois State Water Survey Central Analytical Laboratory",564.0,0.07760,1,"2024-07-03","B",,
"0b8d48e8-9367-4eb9-a04c-6859f9d5014c","D06","KING","KING.AOS.S2","KING.SS.20240701.FIL.3","A00000439633","2024-07-01T15:20Z","2024-07-01T15:20Z","Illinois State Water Survey Central Analytical Laboratory",300.0,0.30650,1,"2024-07-03","B",,
"47503ff6-38b2-452f-92ec-09a96f34cf5f","D06","KING","KING.AOS.S2","KING.SS.20240701.FIL.3","A00000439633","2024-07-01T15:20Z","2024-07-01T15:20Z","Illinois State Water Survey Central Analytical Laboratory",562.0,0.07750,1,"2024-07-03","A",,
"d239bae0-2bca-412a-b7f7-1d45d097f02a","D06","KING","KING.AOS.S2","KING.SS.20240701.FIL.3","A00000439633","2024-07-01T15:20Z","2024-07-01T15:20Z","Illinois State Water Survey Central Analytical Laboratory",222.0,0.62300,1,"2024-07-03","A",,
"30e1ea3f-f82b-43b2-b456-d4044fcdaa74","D06","KING","KING.AOS.S2","KING.SS.20240701.FIL.2","A00000439631","2024-07-01T15:20Z","2024-07-01T15:20Z","Illinois State Water Survey Central Analytical Laboratory",270.0,0.34590,1,"2024-07-03","A",,
"89141fb0-f721-47dd-80f1-d74f3e7cd755","D06","KING","KING.AOS.S2","KING.SS.20240701.FIL.2","A00000439631","2024-07-01T15:20Z","2024-07-01T15:20Z","Illinois State Water Survey Central Analytical Laboratory",412.0,0.09770,1,"2024-07-03","A",,
"9dcd2166-40b3-4a13-9cc3-04933d620340","D06","KING","KING.AOS.S2","KING.SS.20240701.FIL","A00000439629","2024-07-01T15:20Z","2024-07-01T15:20Z","Illinois State Water Survey Central Analytical Laboratory",362.0,0.13850,1,"2024-07-03","A",,
"ae36213f-e191-427d-b53a-20eb77ca8acf","D06","KING","KING.AOS.S2","KING.SS.20240701.FIL.3","A00000439633","2024-07-01T15:20Z","2024-07-01T15:20Z","Illinois State Water Survey Central Analytical Laboratory",540.0,0.08200,1,"2024-07-03","B",,
"43a6a2d7-2413-4b9c-a819-263064b591e1","D06","KING","KING.AOS.S2","KING.SS.20240701.FIL.3","A00000439633","2024-07-01T15:20Z","2024-07-01T15:20Z","Illinois State Water Survey Central Analytical Laboratory",424.0,0.12260,1,"2024-07-03","A",,
"fa2021f2-3c06-496d-8f56-7a8e6283e9c2","D06","KING","KING.AOS.S2","KING.SS.20240701.FIL","A00000439629","2024-07-01T15:20Z","2024-07-01T15:20Z","Illinois State Water Survey Central Analytical Laboratory",592.0,0.04790,1,"2024-07-03","A",,
"04e43b82-879c-431f-814d-0bdb1e47e368","D06","KING","KING.AOS.S2","KING.SS.20240701.FIL.2","A00000439631","2024-07-01T15:20Z","2024-07-01T15:20Z","Illinois State Water Survey Central Analytical Laboratory",290.0,0.28680,1,"2024-07-03","A",,
"4dca6cb4-eb13-4ea8-84ef-a8b9ddc31f2f","D06","KING","KING.AOS.S2","KING.SS.20240701.FIL","A00000439629","2024-07-01T15:20Z","2024-07-01T15:20Z","Illinois State Water Survey Central Analytical Laboratory",236.0,0.45450,1,"2024-07-03","B",,
"eb7c48dd-df11-4414-9c7b-93ea9dfda676","D06","KING","KING.AOS.S2","KING.SS.20240701.FIL","A00000439629","2024-07-01T15:20Z","2024-07-01T15:20Z","Illinois State Water Survey Central Analytical Laboratory",548.0,0.05340,1,"2024-07-03","A",,
"ca883578-0742-4736-bbdc-2393cd4fdf7b","D06","KING","KING.AOS.S2","KING.SS.20240701.FIL.2","A00000439631","2024-07-01T15:20Z","2024-07-01T15:20Z","Illinois State Water Survey Central Analytical Laboratory",324.0,0.20420,1,"2024-07-03","A",,
"cedb0e9b-ba10-41a7-a094-cabbbf535c3f","D06","KING","KING.AOS.S2","KING.SS.20240701.FIL.3","A00000439633","2024-07-01T15:20Z","2024-07-01T15:20Z","Illinois State Water Survey Central Analytical Laboratory",316.0,0.26770,1,"2024-07-03","A",,
"54611884-b72f-4ade-a862-37b5a29632b6","D06","KING","KING.AOS.S2","KING.SS.20240701.FIL","A00000439629","2024-07-01T15:20Z","2024-07-01T15:20Z","Illinois State Water Survey Central Analytical Laboratory",410.0,0.09620,1,"2024-07-03","B",,
"c8e216c4-ee95-45a8-8582-316875c8ee20","D06","KING","KING.AOS.S2","KING.SS.20240701.FIL","A00000439629","2024-07-01T15:20Z","2024-07-01T15:20Z","Illinois State Water Survey Central Analytical Laboratory",436.0,0.08180,1,"2024-07-03","B",,
"0eb1e8f0-1669-4547-9b64-e221a3494ae6","D06","KING","KING.AOS.S2","KING.SS.20240701.FIL.3","A00000439633","2024-07-01T15:20Z","2024-07-01T15:20Z","Illinois State Water Survey Central Analytical Laboratory",338.0,0.22020,1,"2024-07-03","A",,
"95cf8db7-29d6-4bd7-bb08-4b4d41ba8513","D06","KING","KING.AOS.S2","KING.SS.20240701.FIL.3","A00000439633","2024-07-01T15:20Z","2024-07-01T15:20Z","Illinois State Water Survey Central Analytical Laboratory",570.0,0.07650,1,"2024-07-03","B",,
"15e4e805-b0f4-45c1-9836-fc3183af93cf","D06","KING","KING.AOS.S2","KING.SS.20240701.FIL.2","A00000439631","2024-07-01T15:20Z","2024-07-01T15:20Z","Illinois State Water Survey Central Analytical Laboratory",534.0,0.05890,1,"2024-07-03","A",,
"c003a73b-ebf6-4c68-a53c-ea6b98f77bc9","D06","KING","KING.AOS.S2","KING.SS.20240701.FIL.3","A00000439633","2024-07-01T15:20Z","2024-07-01T15:20Z","Illinois State Water Survey Central Analytical Laboratory",344.0,0.20760,1,"2024-07-03","B",,
"6296d615-b6d8-4c6e-a059-b1cea7f5caf9","D06","KING","KING.AOS.S2","KING.SS.20240701.FIL","A00000439629","2024-07-01T15:20Z","2024-07-01T15:20Z","Illinois State Water Survey Central Analytical Laboratory",238.0,0.43880,1,"2024-07-03","A",,
"ead03087-70cd-4409-a87d-d70a9394a09b","D06","KING","KING.AOS.S2","KING.SS.20240701.FIL","A00000439629","2024-07-01T15:20Z","2024-07-01T15:20Z","Illinois State Water Survey Central Analytical Laboratory",540.0,0.05430,1,"2024-07-03","A",,
"23e05a81-40a5-4b19-86d7-1c9bb1970e56","D06","KING","KING.AOS.S2","KING.SS.20240701.FIL.2","A00000439631","2024-07-01T15:20Z","2024-07-01T15:20Z","Illinois State Water Survey Central Analytical Laboratory",274.0,0.33730,1,"2024-07-03","B",,
"a9cc5721-e834-46de-ac6e-2495a3b93488","D06","KING","KING.AOS.S2","KING.SS.20240701.FIL","A00000439629","2024-07-01T15:20Z","2024-07-01T15:20Z","Illinois State Water Survey Central Analytical Laboratory",516.0,0.05910,1,"2024-07-03","B",,
"ca3766b4-fc16-405d-bf4b-4a3fb51b0dd8","D06","KING","KING.AOS.S2","KING.SS.20240701.FIL.2","A00000439631","2024-07-01T15:20Z","2024-07-01T15:20Z","Illinois State Water Survey Central Analytical Laboratory",466.0,0.07450,1,"2024-07-03","A",,
"af2ceabc-49f3-4daa-880b-d229cd1604b6","D06","KING","KING.AOS.S2","KING.SS.20240701.FIL","A00000439629","2024-07-01T15:20Z","2024-07-01T15:20Z","Illinois State Water Survey Central Analytical Laboratory",298.0,0.25700,1,"2024-07-03","A",,
"6a002f0c-4d40-4d50-9edb-877887fab68c","D06","KING","KING.AOS.S2","KING.SS.20240701.FIL","A00000439629","2024-07-01T15:20Z","2024-07-01T15:20Z","Illinois State Water Survey Central Analytical Laboratory",552.0,0.05290,1,"2024-07-03","A",,
"746998bd-f2d8-43f6-bbdd-90c920bb56bb","D06","KING","KING.AOS.S2","KING.SS.20240701.FIL.2","A00000439631","2024-07-01T15:20Z","2024-07-01T15:20Z","Illinois State Water Survey Central Analytical Laboratory",454.0,0.07850,1,"2024-07-03","B",,
"a731007c-97e5-4fd7-9a9c-abacd9e742d6","D06","KING","KING.AOS.S2","KING.SS.20240701.FIL","A00000439629","2024-07-01T15:20Z","2024-07-01T15:20Z","Illinois State Water Survey Central Analytical Laboratory",570.0,0.05120,1,"2024-07-03","B",,
"6ef4a974-c6e1-4122-ab99-42a716504dca","D06","KING","KING.AOS.S2","KING.SS.20240701.FIL.3","A00000439633","2024-07-01T15:20Z","2024-07-01T15:20Z","Illinois State Water Survey Central Analytical Laboratory",396.0,0.14340,1,"2024-07-03","A",,
"475211f9-ba70-4993-bc17-4c18242dbd26","D06","KING","KING.AOS.S2","KING.SS.20240701.FIL","A00000439629","2024-07-01T15:20Z","2024-07-01T15:20Z","Illinois State Water Survey Central Analytical Laboratory",476.0,0.06760,1,"2024-07-03","B",,
"8ca1f82c-c176-4a1a-be59-5d03208cdf3a","D06","KING","KING.AOS.S2","KING.SS.20240701.FIL.2","A00000439631","2024-07-01T15:20Z","2024-07-01T15:20Z","Illinois State Water Survey Central Analytical Laboratory",242.0,0.43080,1,"2024-07-03","B",,
"81ad1f25-edc2-4861-a56c-4865ff2545f9","D06","KING","KING.AOS.S2","KING.SS.20240701.FIL.2","A00000439631","2024-07-01T15:20Z","2024-07-01T15:20Z","Illinois State Water Survey Central Analytical Laboratory",488.0,0.06850,1,"2024-07-03","B",,
"ba66b0fe-f204-4737-9cea-0aa2eff9b7db","D06","KING","KING.AOS.S2","KING.SS.20240701.FIL.3","A00000439633","2024-07-01T15:20Z","2024-07-01T15:20Z","Illinois State Water Survey Central Analytical Laboratory",536.0,0.08280,1,"2024-07-03","B",,
"cdd8d76e-4273-44f1-a310-84ec709a5f1a","D06","KING","KING.AOS.S2","KING.SS.20240701.FIL.3","A00000439633","2024-07-01T15:20Z","2024-07-01T15:20Z","Illinois State Water Survey Central Analytical Laboratory",444.0,0.11170,1,"2024-07-03","A",,
"fcca70bd-c3b7-4ecf-841c-5bc0783a2cc2","D06","KING","KING.AOS.S2","KING.SS.20240701.FIL","A00000439629","2024-07-01T15:20Z","2024-07-01T15:20Z","Illinois State Water Survey Central Analytical Laboratory",350.0,0.15610,1,"2024-07-03","B",,
"451a1619-4c8d-4e15-8bb3-7f33554b7e69","D06","KING","KING.AOS.S2","KING.SS.20240701.FIL","A00000439629","2024-07-01T15:20Z","2024-07-01T15:20Z","Illinois State Water Survey Central Analytical Laboratory",374.0,0.12690,1,"2024-07-03","B",,
"44c71097-731b-4c09-8012-e0987c9986d8","D06","KING","KING.AOS.S2","KING.SS.20240701.FIL.3","A00000439633","2024-07-01T15:20Z","2024-07-01T15:20Z","Illinois State Water Survey Central Analytical Laboratory",416.0,0.12730,1,"2024-07-03","B",,
"3c102d11-f460-4d68-9e1a-40ec9c887e3c","D06","KING","KING.AOS.S2","KING.SS.20240701.FIL","A00000439629","2024-07-01T15:20Z","2024-07-01T15:20Z","Illinois State Water Survey Central Analytical Laboratory",598.0,0.04730,1,"2024-07-03","A",,
"49562ec3-be22-45fd-8a3d-86d7bde1ccf7","D06","KING","KING.AOS.S2","KING.SS.20240701.FIL.2","A00000439631","2024-07-01T15:20Z","2024-07-01T15:20Z","Illinois State Water Survey Central Analytical Laboratory",542.0,0.05790,1,"2024-07-03","A",,
"c19aa9db-7771-4dd8-aa44-26493ec84a5d","D06","KING","KING.AOS.S2","KING.SS.20240701.FIL.2","A00000439631","2024-07-01T15:20Z","2024-07-01T15:20Z","Illinois State Water Survey Central Analytical Laboratory",314.0,0.22490,1,"2024-07-03","A",,
"17515035-871b-4a1b-94d4-7831cb0c783f","D06","KING","KING.AOS.S2","KING.SS.20240701.FIL.3","A00000439633","2024-07-01T15:20Z","2024-07-01T15:20Z","Illinois State Water Survey Central Analytical Laboratory",232.0,0.54790,1,"2024-07-03","B",,
"821ccea4-7f27-4a0b-b776-0b35e8fa9000","D06","KING","KING.AOS.S2","KING.SS.20240701.FIL.3","A00000439633","2024-07-01T15:20Z","2024-07-01T15:20Z","Illinois State Water Survey Central Analytical Laboratory",436.0,0.11500,1,"2024-07-03","B",,
"c6053e5a-73a5-4126-8cf4-991543bcef73","D06","KING","KING.AOS.S2","KING.SS.20240701.FIL","A00000439629","2024-07-01T15:20Z","2024-07-01T15:20Z","Illinois State Water Survey Central Analytical Laboratory",372.0,0.12910,1,"2024-07-03","B",,
"1d3e34c3-88fa-4c96-8574-c26a8d4aee88","D06","KING","KING.AOS.S2","KING.SS.20240701.FIL","A00000439629","2024-07-01T15:20Z","2024-07-01T15:20Z","Illinois State Water Survey Central Analytical Laboratory",518.0,0.05880,1,"2024-07-03","B",,
"51cb6eeb-3050-454e-9767-15f001d40faf","D06","KING","KING.AOS.S2","KING.SS.20240701.FIL.2","A00000439631","2024-07-01T15:20Z","2024-07-01T15:20Z","Illinois State Water Survey Central Analytical Laboratory",492.0,0.06770,1,"2024-07-03","A",,
"6d48611a-bc77-45e6-9063-2e34279ec940","D06","KING","KING.AOS.S2","KING.SS.20240701.FIL.2","A00000439631","2024-07-01T15:20Z","2024-07-01T15:20Z","Illinois State Water Survey Central Analytical Laboratory",252.0,0.39350,1,"2024-07-03","A",,
"a0c044a4-93f6-4084-bdf6-9b4c193e9741","D06","KING","KING.AOS.S2","KING.SS.20240701.FIL","A00000439629","2024-07-01T15:20Z","2024-07-01T15:20Z","Illinois State Water Survey Central Analytical Laboratory",442.0,0.07930,1,"2024-07-03","B",,
"b55da1a5-fdd9-4377-a1bd-37ef2d35245d","D06","KING","KING.AOS.S2","KING.SS.20240701.FIL.3","A00000439633","2024-07-01T15:20Z","2024-07-01T15:20Z","Illinois State Water Survey Central Analytical Laboratory",364.0,0.17830,1,"2024-07-03","B",,
"0cb1dccc-08c6-4cb9-b957-80ce960d45a6","D06","KING","KING.AOS.S2","KING.SS.20240701.FIL","A00000439629","2024-07-01T15:20Z","2024-07-01T15:20Z","Illinois State Water Survey Central Analytical Laboratory",262.0,0.35880,1,"2024-07-03","A",,
"9e73824a-75ee-49e8-9528-5c9a07cd9a0d","D06","KING","KING.AOS.S2","KING.SS.20240701.FIL","A00000439629","2024-07-01T15:20Z","2024-07-01T15:20Z","Illinois State Water Survey Central Analytical Laboratory",560.0,0.05270,1,"2024-07-03","B",,
"8a28042a-d8b3-4696-8c65-eda2fe54fecb","D06","KING","KING.AOS.S2","KING.SS.20240701.FIL.2","A00000439631","2024-07-01T15:20Z","2024-07-01T15:20Z","Illinois State Water Survey Central Analytical Laboratory",450.0,0.08000,1,"2024-07-03","A",,
"36c55b66-eed7-4442-a044-4ba90be2436b","D06","KING","KING.AOS.S2","KING.SS.20240701.FIL.3","A00000439633","2024-07-01T15:20Z","2024-07-01T15:20Z","Illinois State Water Survey Central Analytical Laboratory",378.0,0.16230,1,"2024-07-03","A",,
"177d4ca8-0a21-480e-96d9-f7969002efa3","D06","KING","KING.AOS.S2","KING.SS.20240701.FIL","A00000439629","2024-07-01T15:20Z","2024-07-01T15:20Z","Illinois State Water Survey Central Analytical Laboratory",356.0,0.14590,1,"2024-07-03","A",,
"29f625a6-bd57-41b9-b0b2-5843b95285fa","D06","KING","KING.AOS.S2","KING.SS.20240701.FIL","A00000439629","2024-07-01T15:20Z","2024-07-01T15:20Z","Illinois State Water Survey Central Analytical Laboratory",530.0,0.05630,1,"2024-07-03","A",,
"0ec1a6e7-9ab7-4f96-9e57-5a8de7e69254","D06","KING","KING.AOS.S2","KING.SS.20240701.FIL","A00000439629","2024-07-01T15:20Z","2024-07-01T15:20Z","Illinois State Water Survey Central Analytical Laboratory",368.0,0.13170,1,"2024-07-03","A",,
"7d3a8a6c-c4df-4f0e-ab82-6b11fdc569e8","D06","KING","KING.AOS.S2","KING.SS.20240701.FIL","A00000439629","2024-07-01T15:20Z","2024-07-01T15:20Z","Illinois State Water Survey Central Analytical Laboratory",252.0,0.38970,1,"2024-07-03","B",,
"053713eb-e2b2-42c3-b832-32ca15817fae","D06","KING","KING.AOS.S2","KING.SS.20240701.FIL","A00000439629","2024-07-01T15:20Z","2024-07-01T15:20Z","Illinois State Water Survey Central Analytical Laboratory",316.0,0.21560,1,"2024-07-03","A",,
"96cf9cc9-ab5e-46a5-b822-5ab77405fb2f","D06","KING","KING.AOS.S2","KING.SS.20240701.FIL","A00000439629","2024-07-01T15:20Z","2024-07-01T15:20Z","Illinois State Water Survey Central Analytical Laboratory",378.0,0.12270,1,"2024-07-03","B",,
"4669c72d-ccb6-4950-9ae9-0566baa70068","D06","KING","KING.AOS.S2","KING.SS.20240701.FIL","A00000439629","2024-07-01T15:20Z","2024-07-01T15:20Z","Illinois State Water Survey Central Analytical Laboratory",398.0,0.10340,1,"2024-07-03","A",,
"eea86425-7f1b-4d09-bdfe-cc9af01a9761","D06","KING","KING.AOS.S2","KING.SS.20240701.FIL.2","A00000439631","2024-07-01T15:20Z","2024-07-01T15:20Z","Illinois State Water Survey Central Analytical Laboratory",476.0,0.07150,1,"2024-07-03","B",,
"13c3376b-cbc2-4987-9630-8fdedcedfd4d","D06","KING","KING.AOS.S2","KING.SS.20240701.FIL.3","A00000439633","2024-07-01T15:20Z","2024-07-01T15:20Z","Illinois State Water Survey Central Analytical Laboratory",418.0,0.12660,1,"2024-07-03","A",,
"aa5ffbab-c012-4f2e-bada-668f38e2a7c6","D06","KING","KING.AOS.S2","KING.SS.20240701.FIL.2","A00000439631","2024-07-01T15:20Z","2024-07-01T15:20Z","Illinois State Water Survey Central Analytical Laboratory",268.0,0.35320,1,"2024-07-03","B",,
"d8d07989-b6cb-4a53-95cf-e5c40f23133c","D06","KING","KING.AOS.S2","KING.SS.20240701.FIL","A00000439629","2024-07-01T15:20Z","2024-07-01T15:20Z","Illinois State Water Survey Central Analytical Laboratory",256.0,0.37430,1,"2024-07-03","A",,
"dfaeb023-67a4-48b8-80c0-155fab2a54f6","D06","KING","KING.AOS.S2","KING.SS.20240701.FIL.2","A00000439631","2024-07-01T15:20Z","2024-07-01T15:20Z","Illinois State Water Survey Central Analytical Laboratory",386.0,0.11850,1,"2024-07-03","B",,
"66b2a96d-63cc-450b-bf60-1c9200482d7e","D06","KING","KING.AOS.S2","KING.SS.20240701.FIL.3","A00000439633","2024-07-01T15:20Z","2024-07-01T15:20Z","Illinois State Water Survey Central Analytical Laboratory",564.0,0.07750,1,"2024-07-03","A",,
"d2f0ede6-f4da-42c3-8519-52672f5cbad4","D06","KING","KING.AOS.S2","KING.SS.20240701.FIL.2","A00000439631","2024-07-01T15:20Z","2024-07-01T15:20Z","Illinois State Water Survey Central Analytical Laboratory",440.0,0.08370,1,"2024-07-03","A",,
"200ac279-1ec9-4326-944b-5cbdc7390fc7","D06","KING","KING.AOS.S2","KING.SS.20240701.FIL.3","A00000439633","2024-07-01T15:20Z","2024-07-01T15:20Z","Illinois State Water Survey Central Analytical Laboratory",362.0,0.18080,1,"2024-07-03","B",,
"f1c7bb8b-e416-4ac3-8830-a836383208a5","D06","KING","KING.AOS.S2","KING.SS.20240701.FIL.3","A00000439633","2024-07-01T15:20Z","2024-07-01T15:20Z","Illinois State Water Survey Central Analytical Laboratory",584.0,0.07430,1,"2024-07-03","A",,
"6d593d4f-7483-4efd-8b86-fbaabf06fc66","D06","KING","KING.AOS.S2","KING.SS.20240701.FIL.2","A00000439631","2024-07-01T15:20Z","2024-07-01T15:20Z","Illinois State Water Survey Central Analytical Laboratory",400.0,0.10590,1,"2024-07-03","A",,
"5fc262a3-1aaa-4ff5-84d6-d51496ac034d","D06","KING","KING.AOS.S2","KING.SS.20240701.FIL.3","A00000439633","2024-07-01T15:20Z","2024-07-01T15:20Z","Illinois State Water Survey Central Analytical Laboratory",388.0,0.15020,1,"2024-07-03","B",,
"b2eef0c2-dd55-41f9-ac3a-bae73291cc02","D06","KING","KING.AOS.S2","KING.SS.20240701.FIL.2","A00000439631","2024-07-01T15:20Z","2024-07-01T15:20Z","Illinois State Water Survey Central Analytical Laboratory",474.0,0.07220,1,"2024-07-03","A",,
"9b770efb-7254-475f-8c20-a76bb86d693b","D06","KING","KING.AOS.S2","KING.SS.20240701.FIL","A00000439629","2024-07-01T15:20Z","2024-07-01T15:20Z","Illinois State Water Survey Central Analytical Laboratory",304.0,0.24190,1,"2024-07-03","A",,
"c57f7fed-d969-403f-b1ef-e8f9afbe7f7a","D06","KING","KING.AOS.S2","KING.SS.20240701.FIL.3","A00000439633","2024-07-01T15:20Z","2024-07-01T15:20Z","Illinois State Water Survey Central Analytical Laboratory",246.0,0.47450,1,"2024-07-03","B",,
"e1ac0811-2851-49ab-a2ed-68e3b1e5a7f3","D06","KING","KING.AOS.S2","KING.SS.20240701.FIL","A00000439629","2024-07-01T15:20Z","2024-07-01T15:20Z","Illinois State Water Survey Central Analytical Laboratory",486.0,0.06540,1,"2024-07-03","B",,
"62e03b35-90ac-4989-8810-a0ae64ed7a07","D06","KING","KING.AOS.S2","KING.SS.20240701.FIL.2","A00000439631","2024-07-01T15:20Z","2024-07-01T15:20Z","Illinois State Water Survey Central Analytical Laboratory",262.0,0.36670,1,"2024-07-03","A",,
"e2e2c87d-7704-408a-9cea-bcb6b7b340bd","D06","KING","KING.AOS.S2","KING.SS.20240701.FIL.2","A00000439631","2024-07-01T15:20Z","2024-07-01T15:20Z","Illinois State Water Survey Central Analytical Laboratory",558.0,0.05620,1,"2024-07-03","B",,
"60c5b579-ed01-42c7-8ce4-628eb98dd699","D06","KING","KING.AOS.S2","KING.SS.20240701.FIL.3","A00000439633","2024-07-01T15:20Z","2024-07-01T15:20Z","Illinois State Water Survey Central Analytical Laboratory",386.0,0.15330,1,"2024-07-03","A",,
"bb57ad71-5cc8-407c-b87f-44d85e05a19d","D06","KING","KING.AOS.S2","KING.SS.20240701.FIL.3","A00000439633","2024-07-01T15:20Z","2024-07-01T15:20Z","Illinois State Water Survey Central Analytical Laboratory",522.0,0.08610,1,"2024-07-03","A",,
"31bd0f9d-82d3-4097-87e9-047a0c968d4a","D06","KING","KING.AOS.S2","KING.SS.20240701.FIL.2","A00000439631","2024-07-01T15:20Z","2024-07-01T15:20Z","Illinois State Water Survey Central Analytical Laboratory",364.0,0.14060,1,"2024-07-03","A",,
"0edd93f3-177b-4d10-9027-026e8830047d","D06","KING","KING.AOS.S2","KING.SS.20240701.FIL.2","A00000439631","2024-07-01T15:20Z","2024-07-01T15:20Z","Illinois State Water Survey Central Analytical Laboratory",292.0,0.28060,1,"2024-07-03","A",,
"9150ab83-99ee-44d0-9ef6-bb2193b2d754","D06","KING","KING.AOS.S2","KING.SS.20240701.FIL.2","A00000439631","2024-07-01T15:20Z","2024-07-01T15:20Z","Illinois State Water Survey Central Analytical Laboratory",312.0,0.23140,1,"2024-07-03","B",,
"2675c87d-6732-4469-a6a2-d5c0d47ec110","D06","KING","KING.AOS.S2","KING.SS.20240701.FIL","A00000439629","2024-07-01T15:20Z","2024-07-01T15:20Z","Illinois State Water Survey Central Analytical Laboratory",314.0,0.21930,1,"2024-07-03","A",,
"17eb3544-593c-4e19-a119-acfc049afbb9","D06","KING","KING.AOS.S2","KING.SS.20240701.FIL","A00000439629","2024-07-01T15:20Z","2024-07-01T15:20Z","Illinois State Water Survey Central Analytical Laboratory",514.0,0.05960,1,"2024-07-03","B",,
"c0641d3d-64f2-44c5-a0a4-dfb2edb4593f","D06","KING","KING.AOS.S2","KING.SS.20240701.FIL.3","A00000439633","2024-07-01T15:20Z","2024-07-01T15:20Z","Illinois State Water Survey Central Analytical Laboratory",328.0,0.24030,1,"2024-07-03","A",,
"6b9045bf-544a-4d6d-97fd-b9d0956bd812","D06","KING","KING.AOS.S2","KING.SS.20240701.FIL.2","A00000439631","2024-07-01T15:20Z","2024-07-01T15:20Z","Illinois State Water Survey Central Analytical Laboratory",572.0,0.05370,1,"2024-07-03","B",,
"352a729f-5cf0-4668-8ecc-4fee874c4af6","D06","KING","KING.AOS.S2","KING.SS.20240701.FIL.2","A00000439631","2024-07-01T15:20Z","2024-07-01T15:20Z","Illinois State Water Survey Central Analytical Laboratory",452.0,0.07910,1,"2024-07-03","A",,
"a0347c42-8415-4838-a06f-1c3f2fc873a3","D06","KING","KING.AOS.S2","KING.SS.20240701.FIL.2","A00000439631","2024-07-01T15:20Z","2024-07-01T15:20Z","Illinois State Water Survey Central Analytical Laboratory",388.0,0.11530,1,"2024-07-03","A",,
"fd3812b8-27a0-406e-8f0c-94fd859d7bfd","D06","KING","KING.AOS.S2","KING.SS.20240701.FIL","A00000439629","2024-07-01T15:20Z","2024-07-01T15:20Z","Illinois State Water Survey Central Analytical Laboratory",326.0,0.19470,1,"2024-07-03","A",,
"e8fb792a-6505-4699-9c47-43ba9f51f7a3","D06","KING","KING.AOS.S2","KING.SS.20240701.FIL.3","A00000439633","2024-07-01T15:20Z","2024-07-01T15:20Z","Illinois State Water Survey Central Analytical Laboratory",358.0,0.18780,1,"2024-07-03","A",,
"1c356ac7-7be1-4f9e-add9-051660dffa8e","D06","KING","KING.AOS.S2","KING.SS.20240701.FIL.3","A00000439633","2024-07-01T15:20Z","2024-07-01T15:20Z","Illinois State Water Survey Central Analytical Laboratory",498.0,0.09190,1,"2024-07-03","B",,
"54910965-a4e6-482f-afa1-9c5b00bbf7e8","D06","KING","KING.AOS.S2","KING.SS.20240701.FIL","A00000439629","2024-07-01T15:20Z","2024-07-01T15:20Z","Illinois State Water Survey Central Analytical Laboratory",368.0,0.13340,1,"2024-07-03","B",,
"ec048170-e645-4530-a44c-69c7db163bbb","D06","KING","KING.AOS.S2","KING.SS.20240701.FIL","A00000439629","2024-07-01T15:20Z","2024-07-01T15:20Z","Illinois State Water Survey Central Analytical Laboratory",436.0,0.08130,1,"2024-07-03","A",,
"a8a7a33e-6c01-4c67-b2f4-858a84115eef","D06","KING","KING.AOS.S2","KING.SS.20240701.FIL","A00000439629","2024-07-01T15:20Z","2024-07-01T15:20Z","Illinois State Water Survey Central Analytical Laboratory",472.0,0.06850,1,"2024-07-03","A",,
"bee21fda-3b1a-498b-a981-ce5c5ab2a73f","D06","KING","KING.AOS.S2","KING.SS.20240701.FIL","A00000439629","2024-07-01T15:20Z","2024-07-01T15:20Z","Illinois State Water Survey Central Analytical Laboratory",374.0,0.12530,1,"2024-07-03","A",,
"82193829-4a2c-4983-bc21-ff4f149cc2e2","D06","KING","KING.AOS.S2","KING.SS.20240701.FIL.2","A00000439631","2024-07-01T15:20Z","2024-07-01T15:20Z","Illinois State Water Survey Central Analytical Laboratory",286.0,0.30160,1,"2024-07-03","B",,
"df2d6ce9-337b-4e3f-a3c0-3ee0c733844c","D06","KING","KING.AOS.S2","KING.SS.20240701.FIL.2","A00000439631","2024-07-01T15:20Z","2024-07-01T15:20Z","Illinois State Water Survey Central Analytical Laboratory",306.0,0.24310,1,"2024-07-03","A",,
"990a3b34-f9f3-4fe6-a87c-4d6d91980d7f","D06","KING","KING.AOS.S2","KING.SS.20240701.FIL.3","A00000439633","2024-07-01T15:20Z","2024-07-01T15:20Z","Illinois State Water Survey Central Analytical Laboratory",368.0,0.17450,1,"2024-07-03","A",,
"330d8973-847d-455d-9bb5-6faaa4d9e209","D06","KING","KING.AOS.S2","KING.SS.20240701.FIL.3","A00000439633","2024-07-01T15:20Z","2024-07-01T15:20Z","Illinois State Water Survey Central Analytical Laboratory",588.0,0.07380,1,"2024-07-03","A",,
"d7b57c71-b4fa-46c4-84a8-19bb897e124d","D06","KING","KING.AOS.S2","KING.SS.20240701.FIL","A00000439629","2024-07-01T15:20Z","2024-07-01T15:20Z","Illinois State Water Survey Central Analytical Laboratory",286.0,0.29640,1,"2024-07-03","B",,
"c085cfc0-a36c-4f1f-bdcc-5c4a5cb8e89a","D06","KING","KING.AOS.S2","KING.SS.20240701.FIL.2","A00000439631","2024-07-01T15:20Z","2024-07-01T15:20Z","Illinois State Water Survey Central Analytical Laboratory",510.0,0.06390,1,"2024-07-03","B",,
"540847fc-4e95-4c2e-be3c-c2d279042576","D06","KING","KING.AOS.S2","KING.SS.20240701.FIL","A00000439629","2024-07-01T15:20Z","2024-07-01T15:20Z","Illinois State Water Survey Central Analytical Laboratory",336.0,0.17820,1,"2024-07-03","B",,
"dd03a8a7-c509-493a-b408-2e303dabbae1","D06","KING","KING.AOS.S2","KING.SS.20240701.FIL.3","A00000439633","2024-07-01T15:20Z","2024-07-01T15:20Z","Illinois State Water Survey Central Analytical Laboratory",500.0,0.09190,1,"2024-07-03","A",,
"1897d923-45b3-4f5a-97ae-b984c06ff96d","D06","KING","KING.AOS.S2","KING.SS.20240701.FIL.3","A00000439633","2024-07-01T15:20Z","2024-07-01T15:20Z","Illinois State Water Survey Central Analytical Laboratory",370.0,0.17210,1,"2024-07-03","A",,
"b31d5c2a-55c7-4ec1-8aa4-3af3b7db5309","D06","KING","KING.AOS.S2","KING.SS.20240701.FIL.2","A00000439631","2024-07-01T15:20Z","2024-07-01T15:20Z","Illinois State Water Survey Central Analytical Laboratory",420.0,0.09410,1,"2024-07-03","B",,
"3dc99690-fc59-4c5e-b8ca-00b770209fc3","D06","KING","KING.AOS.S2","KING.SS.20240701.FIL.2","A00000439631","2024-07-01T15:20Z","2024-07-01T15:20Z","Illinois State Water Survey Central Analytical Laboratory",396.0,0.10860,1,"2024-07-03","A",,
"de3fc5d1-a4e6-4773-8104-6315ab731f91","D06","KING","KING.AOS.S2","KING.SS.20240701.FIL.2","A00000439631","2024-07-01T15:20Z","2024-07-01T15:20Z","Illinois State Water Survey Central Analytical Laboratory",408.0,0.10140,1,"2024-07-03","B",,
"5cb6dd63-30aa-4f59-81e3-748252d47bf1","D06","KING","KING.AOS.S2","KING.SS.20240701.FIL.3","A00000439633","2024-07-01T15:20Z","2024-07-01T15:20Z","Illinois State Water Survey Central Analytical Laboratory",566.0,0.07700,1,"2024-07-03","B",,
"c514d26d-25d5-4d71-b673-d56a4dcd5ccf","D06","KING","KING.AOS.S2","KING.SS.20240701.FIL","A00000439629","2024-07-01T15:20Z","2024-07-01T15:20Z","Illinois State Water Survey Central Analytical Laboratory",302.0,0.24990,1,"2024-07-03","B",,
"2d19db48-a640-4796-8012-842abfb20c46","D06","KING","KING.AOS.S2","KING.SS.20240701.FIL.2","A00000439631","2024-07-01T15:20Z","2024-07-01T15:20Z","Illinois State Water Survey Central Analytical Laboratory",454.0,0.07830,1,"2024-07-03","A",,
"4ba0c884-3f9e-4664-abbf-5611fdcf73a7","D06","KING","KING.AOS.S2","KING.SS.20240701.FIL.2","A00000439631","2024-07-01T15:20Z","2024-07-01T15:20Z","Illinois State Water Survey Central Analytical Laboratory",528.0,0.06000,1,"2024-07-03","A",,
"46eecf43-d9a7-4b02-9248-618c8e715172","D06","KING","KING.AOS.S2","KING.SS.20240701.FIL.3","A00000439633","2024-07-01T15:20Z","2024-07-01T15:20Z","Illinois State Water Survey Central Analytical Laboratory",464.0,0.10330,1,"2024-07-03","A",,
"ec7bda81-dc52-4eaa-8f38-d72a6cb30e73","D06","KING","KING.AOS.S2","KING.SS.20240701.FIL.2","A00000439631","2024-07-01T15:20Z","2024-07-01T15:20Z","Illinois State Water Survey Central Analytical Laboratory",458.0,0.07710,1,"2024-07-03","B",,
"5a25aa69-b9c0-40e6-a559-16d848a607f6","D06","KING","KING.AOS.S2","KING.SS.20240701.FIL.2","A00000439631","2024-07-01T15:20Z","2024-07-01T15:20Z","Illinois State Water Survey Central Analytical Laboratory",344.0,0.16880,1,"2024-07-03","B",,
"7bde9513-ab68-4954-8633-8728c566ecb2","D06","KING","KING.AOS.S2","KING.SS.20240701.FIL","A00000439629","2024-07-01T15:20Z","2024-07-01T15:20Z","Illinois State Water Survey Central Analytical Laboratory",480.0,0.06660,1,"2024-07-03","B",,
"19dfbdef-ac2e-4374-8931-0d2dc8bd0e7d","D06","KING","KING.AOS.S2","KING.SS.20240701.FIL.3","A00000439633","2024-07-01T15:20Z","2024-07-01T15:20Z","Illinois State Water Survey Central Analytical Laboratory",234.0,0.53560,1,"2024-07-03","A",,
"7bc59da6-f42f-4032-9f99-5e562f504206","D06","KING","KING.AOS.S2","KING.SS.20240701.FIL","A00000439629","2024-07-01T15:20Z","2024-07-01T15:20Z","Illinois State Water Survey Central Analytical Laboratory",262.0,0.36320,1,"2024-07-03","B",,
"94ea9e07-1505-4faf-9911-e4e120307ad3","D06","KING","KING.AOS.S2","KING.SS.20240701.FIL.2","A00000439631","2024-07-01T15:20Z","2024-07-01T15:20Z","Illinois State Water Survey Central Analytical Laboratory",422.0,0.09330,1,"2024-07-03","B",,
"a988ae96-b66f-4874-a3de-c3b5ce38bde6","D06","KING","KING.AOS.S2","KING.SS.20240701.FIL.3","A00000439633","2024-07-01T15:20Z","2024-07-01T15:20Z","Illinois State Water Survey Central Analytical Laboratory",240.0,0.50110,1,"2024-07-03","B",,
"5deddb28-0bdd-4fb7-a456-29084f29111e","D06","KING","KING.AOS.S2","KING.SS.20240701.FIL","A00000439629","2024-07-01T15:20Z","2024-07-01T15:20Z","Illinois State Water Survey Central Analytical Laboratory",596.0,0.04850,1,"2024-07-03","B",,
"2816949a-3108-4e27-a27c-b601d9281266","D06","KING","KING.AOS.S2","KING.SS.20240701.FIL.3","A00000439633","2024-07-01T15:20Z","2024-07-01T15:20Z","Illinois State Water Survey Central Analytical Laboratory",344.0,0.20950,1,"2024-07-03","A",,
"21ca2fd9-6fec-4a23-84df-4069022b94ba","D06","KING","KING.AOS.S2","KING.SS.20240701.FIL","A00000439629","2024-07-01T15:20Z","2024-07-01T15:20Z","Illinois State Water Survey Central Analytical Laboratory",266.0,0.34860,1,"2024-07-03","A",,
"9a745ed7-c839-4408-a1c5-e82f926cc30b","D06","KING","KING.AOS.S2","KING.SS.20240701.FIL.3","A00000439633","2024-07-01T15:20Z","2024-07-01T15:20Z","Illinois State Water Survey Central Analytical Laboratory",390.0,0.14810,1,"2024-07-03","B",,
"579a7bd1-8cdd-4683-8d5b-4b26758392e5","D06","KING","KING.AOS.S2","KING.SS.20240701.FIL.3","A00000439633","2024-07-01T15:20Z","2024-07-01T15:20Z","Illinois State Water Survey Central Analytical Laboratory",288.0,0.34540,1,"2024-07-03","B",,
"931d8c89-5f6b-4e8a-937a-5030040398c4","D06","KING","KING.AOS.S2","KING.SS.20240701.FIL.3","A00000439633","2024-07-01T15:20Z","2024-07-01T15:20Z","Illinois State Water Survey Central Analytical Laboratory",490.0,0.09480,1,"2024-07-03","A",,
"4f6f0106-f31d-4a85-8e87-5bbdbb0f3f80","D06","KING","KING.AOS.S2","KING.SS.20240701.FIL.2","A00000439631","2024-07-01T15:20Z","2024-07-01T15:20Z","Illinois State Water Survey Central Analytical Laboratory",594.0,0.05150,1,"2024-07-03","B",,
"6c45a6db-5237-4408-9af4-b6c3e0eed960","D06","KING","KING.AOS.S2","KING.SS.20240701.FIL.3","A00000439633","2024-07-01T15:20Z","2024-07-01T15:20Z","Illinois State Water Survey Central Analytical Laboratory",292.0,0.33290,1,"2024-07-03","A",,
"f5adea4d-6f53-4b8e-8d22-bf1d4e7ac42f","D06","KING","KING.AOS.S2","KING.SS.20240701.FIL.2","A00000439631","2024-07-01T15:20Z","2024-07-01T15:20Z","Illinois State Water Survey Central Analytical Laboratory",244.0,0.42340,1,"2024-07-03","B",,
"d84b29d2-b559-452b-802d-558eb57f5bd7","D06","KING","KING.AOS.S2","KING.SS.20240701.FIL.2","A00000439631","2024-07-01T15:20Z","2024-07-01T15:20Z","Illinois State Water Survey Central Analytical Laboratory",474.0,0.07190,1,"2024-07-03","B",,
"6ee9f5a6-e9ff-4368-841a-25eccc730827","D06","KING","KING.AOS.S2","KING.SS.20240701.FIL.3","A00000439633","2024-07-01T15:20Z","2024-07-01T15:20Z","Illinois State Water Survey Central Analytical Laboratory",550.0,0.08000,1,"2024-07-03","A",,
"927a520b-930b-43b5-a838-5342419953b9","D06","KING","KING.AOS.S2","KING.SS.20240701.FIL","A00000439629","2024-07-01T15:20Z","2024-07-01T15:20Z","Illinois State Water Survey Central Analytical Laboratory",298.0,0.26020,1,"2024-07-03","B",,
"d9c3b9db-e59b-4b95-a1fa-c381c66b83ec","D06","KING","KING.AOS.S2","KING.SS.20240701.FIL.3","A00000439633","2024-07-01T15:20Z","2024-07-01T15:20Z","Illinois State Water Survey Central Analytical Laboratory",334.0,0.22620,1,"2024-07-03","B",,
"13e6044d-0e7a-4276-89ef-c87326771e6d","D06","KING","KING.AOS.S2","KING.SS.20240701.FIL.2","A00000439631","2024-07-01T15:20Z","2024-07-01T15:20Z","Illinois State Water Survey Central Analytical Laboratory",302.0,0.25290,1,"2024-07-03","A",,
"b3a53a80-e5ad-4a23-afb1-0255469d6502","D06","KING","KING.AOS.S2","KING.SS.20240701.FIL.2","A00000439631","2024-07-01T15:20Z","2024-07-01T15:20Z","Illinois State Water Survey Central Analytical Laboratory",394.0,0.11010,1,"2024-07-03","A",,
"993821e1-254c-4888-b25a-e30329192e9c","D06","KING","KING.AOS.S2","KING.SS.20240701.FIL.2","A00000439631","2024-07-01T15:20Z","2024-07-01T15:20Z","Illinois State Water Survey Central Analytical Laboratory",224.0,0.53730,1,"2024-07-03","A",,
"17be0391-823d-497f-abd9-a8d568413655","D06","KING","KING.AOS.S2","KING.SS.20240701.FIL.3","A00000439633","2024-07-01T15:20Z","2024-07-01T15:20Z","Illinois State Water Survey Central Analytical Laboratory",418.0,0.12600,1,"2024-07-03","B",,
"02898085-7c6f-4821-8ba4-0ee1c0b1222d","D06","KING","KING.AOS.S2","KING.SS.20240701.FIL.2","A00000439631","2024-07-01T15:20Z","2024-07-01T15:20Z","Illinois State Water Survey Central Analytical Laboratory",382.0,0.12240,1,"2024-07-03","B",,
"f04d39b4-c67c-4534-9368-b21073c9d51a","D06","KING","KING.AOS.S2","KING.SS.20240701.FIL","A00000439629","2024-07-01T15:20Z","2024-07-01T15:20Z","Illinois State Water Survey Central Analytical Laboratory",504.0,0.06070,1,"2024-07-03","A",,
"f413e6e7-bb8a-4f9c-91a2-a688cc44b9b9","D06","KING","KING.AOS.S2","KING.SS.20240701.FIL.2","A00000439631","2024-07-01T15:20Z","2024-07-01T15:20Z","Illinois State Water Survey Central Analytical Laboratory",596.0,0.05010,1,"2024-07-03","A",,
"d01296f9-725f-4113-b4d6-3b36249cbd0a","D06","KING","KING.AOS.S2","KING.SS.20240701.FIL.3","A00000439633","2024-07-01T15:20Z","2024-07-01T15:20Z","Illinois State Water Survey Central Analytical Laboratory",342.0,0.21120,1,"2024-07-03","B",,
"973c0271-7a1e-4b73-b265-6f3d1fdf983d","D06","KING","KING.AOS.S2","KING.SS.20240701.FIL.2","A00000439631","2024-07-01T15:20Z","2024-07-01T15:20Z","Illinois State Water Survey Central Analytical Laboratory",278.0,0.32620,1,"2024-07-03","B",,
"246d20a3-bf43-42f3-80b8-779024085170","D06","KING","KING.AOS.S2","KING.SS.20240701.FIL.3","A00000439633","2024-07-01T15:20Z","2024-07-01T15:20Z","Illinois State Water Survey Central Analytical Laboratory",304.0,0.29540,1,"2024-07-03","B",,
"a9c673a7-2bbe-4d80-be7c-55a2387d8ee5","D06","KING","KING.AOS.S2","KING.SS.20240701.FIL.2","A00000439631","2024-07-01T15:20Z","2024-07-01T15:20Z","Illinois State Water Survey Central Analytical Laboratory",508.0,0.06390,1,"2024-07-03","A",,
"29e9047b-163d-446f-afab-e02ef9913cf1","D06","KING","KING.AOS.S2","KING.SS.20240701.FIL.2","A00000439631","2024-07-01T15:20Z","2024-07-01T15:20Z","Illinois State Water Survey Central Analytical Laboratory",546.0,0.05760,1,"2024-07-03","B",,
"58134b02-7642-4d51-9061-347aabd7fbfa","D06","KING","KING.AOS.S2","KING.SS.20240701.FIL.2","A00000439631","2024-07-01T15:20Z","2024-07-01T15:20Z","Illinois State Water Survey Central Analytical Laboratory",306.0,0.24490,1,"2024-07-03","B",,
"d796ad50-ead4-43cf-8b33-722db12ee6cd","D06","KING","KING.AOS.S2","KING.SS.20240701.FIL.2","A00000439631","2024-07-01T15:20Z","2024-07-01T15:20Z","Illinois State Water Survey Central Analytical Laboratory",570.0,0.05340,1,"2024-07-03","A",,
"513f7fa3-11b1-41b7-9dbf-22562aabfb0d","D06","KING","KING.AOS.S2","KING.SS.20240701.FIL.2","A00000439631","2024-07-01T15:20Z","2024-07-01T15:20Z","Illinois State Water Survey Central Analytical Laboratory",322.0,0.20830,1,"2024-07-03","A",,
"e6a56c87-02d0-49f8-9f10-c72d6a2fbc32","D06","KING","KING.AOS.S2","KING.SS.20240701.FIL","A00000439629","2024-07-01T15:20Z","2024-07-01T15:20Z","Illinois State Water Survey Central Analytical Laboratory",546.0,0.05360,1,"2024-07-03","A",,
"a2285da6-9cf1-4169-b37b-58b9dd8526c2","D06","KING","KING.AOS.S2","KING.SS.20240701.FIL.2","A00000439631","2024-07-01T15:20Z","2024-07-01T15:20Z","Illinois State Water Survey Central Analytical Laboratory",484.0,0.06950,1,"2024-07-03","A",,
"69b5965f-b444-4bc0-a441-f3d2c0003b2e","D06","KING","KING.AOS.S2","KING.SS.20240701.FIL.3","A00000439633","2024-07-01T15:20Z","2024-07-01T15:20Z","Illinois State Water Survey Central Analytical Laboratory",410.0,0.13220,1,"2024-07-03","A",,
"b37b8642-838a-4bfa-a418-ab66a205e173","D06","KING","KING.AOS.S2","KING.SS.20240701.FIL.2","A00000439631","2024-07-01T15:20Z","2024-07-01T15:20Z","Illinois State Water Survey Central Analytical Laboratory",522.0,0.06100,1,"2024-07-03","A",,
"9f0e1471-da50-4d2a-a39b-07b7a2c5cf4e","D06","KING","KING.AOS.S2","KING.SS.20240701.FIL","A00000439629","2024-07-01T15:20Z","2024-07-01T15:20Z","Illinois State Water Survey Central Analytical Laboratory",474.0,0.06780,1,"2024-07-03","A",,
"7dd94e17-6499-46be-b469-583330a0ca7c","D06","KING","KING.AOS.S2","KING.SS.20240701.FIL.2","A00000439631","2024-07-01T15:20Z","2024-07-01T15:20Z","Illinois State Water Survey Central Analytical Laboratory",468.0,0.07380,1,"2024-07-03","A",,
"22f6c9d7-db62-4caf-8b83-d9eeaa62eaf0","D06","KING","KING.AOS.S2","KING.SS.20240701.FIL.3","A00000439633","2024-07-01T15:20Z","2024-07-01T15:20Z","Illinois State Water Survey Central Analytical Laboratory",530.0,0.08430,1,"2024-07-03","A",,
"866d0d08-662e-44f9-a345-d82c04903516","D06","KING","KING.AOS.S2","KING.SS.20240701.FIL.3","A00000439633","2024-07-01T15:20Z","2024-07-01T15:20Z","Illinois State Water Survey Central Analytical Laboratory",510.0,0.08860,1,"2024-07-03","B",,
"5dfa138d-02b1-400a-963d-6a8fd64e4501","D06","KING","KING.AOS.S2","KING.SS.20240701.FIL","A00000439629","2024-07-01T15:20Z","2024-07-01T15:20Z","Illinois State Water Survey Central Analytical Laboratory",396.0,0.10600,1,"2024-07-03","B",,
"8e188b1e-470d-4254-9705-48878775ddbe","D06","KING","KING.AOS.S2","KING.SS.20240701.FIL.3","A00000439633","2024-07-01T15:20Z","2024-07-01T15:20Z","Illinois State Water Survey Central Analytical Laboratory",406.0,0.13520,1,"2024-07-03","A",,
"af859ea7-e21d-45ec-a7f3-258fb675a759","D06","KING","KING.AOS.S2","KING.SS.20240701.FIL","A00000439629","2024-07-01T15:20Z","2024-07-01T15:20Z","Illinois State Water Survey Central Analytical Laboratory",588.0,0.04930,1,"2024-07-03","B",,
"5987df86-08a9-4cd4-9c4a-1510c9d601d2","D06","KING","KING.AOS.S2","KING.SS.20240701.FIL.2","A00000439631","2024-07-01T15:20Z","2024-07-01T15:20Z","Illinois State Water Survey Central Analytical Laboratory",546.0,0.05700,1,"2024-07-03","A",,
"dd6d21fe-9f83-4c9a-a578-7a17a5cf1212","D06","KING","KING.AOS.S2","KING.SS.20240701.FIL.2","A00000439631","2024-07-01T15:20Z","2024-07-01T15:20Z","Illinois State Water Survey Central Analytical Laboratory",394.0,0.11140,1,"2024-07-03","B",,
"4aeb6175-8292-4d79-b64b-57676bc4447b","D06","KING","KING.AOS.S2","KING.SS.20240701.FIL","A00000439629","2024-07-01T15:20Z","2024-07-01T15:20Z","Illinois State Water Survey Central Analytical Laboratory",360.0,0.14280,1,"2024-07-03","B",,
"3721b06f-5aa0-4263-a190-e30a8e09af58","D06","KING","KING.AOS.S2","KING.SS.20240701.FIL.3","A00000439633","2024-07-01T15:20Z","2024-07-01T15:20Z","Illinois State Water Survey Central Analytical Laboratory",600.0,0.07230,1,"2024-07-03","B",,
"7fda2bb5-6670-4397-be08-0675342bffe8","D06","KING","KING.AOS.S2","KING.SS.20240701.FIL","A00000439629","2024-07-01T15:20Z","2024-07-01T15:20Z","Illinois State Water Survey Central Analytical Laboratory",324.0,0.20140,1,"2024-07-03","B",,
"f75fc8fd-097f-4a95-91cd-b2c6f2e3dd64","D06","KING","KING.AOS.S2","KING.SS.20240701.FIL","A00000439629","2024-07-01T15:20Z","2024-07-01T15:20Z","Illinois State Water Survey Central Analytical Laboratory",460.0,0.07260,1,"2024-07-03","B",,
"b8c5c02d-eeca-441f-9cb0-9328112d0ec9","D06","KING","KING.AOS.S2","KING.SS.20240701.FIL","A00000439629","2024-07-01T15:20Z","2024-07-01T15:20Z","Illinois State Water Survey Central Analytical Laboratory",332.0,0.18310,1,"2024-07-03","A",,
"ae4369de-b527-468b-91ff-5dab4d8583ac","D06","KING","KING.AOS.S2","KING.SS.20240701.FIL","A00000439629","2024-07-01T15:20Z","2024-07-01T15:20Z","Illinois State Water Survey Central Analytical Laboratory",282.0,0.30890,1,"2024-07-03","B",,
"fb92f5e9-6efd-4af1-b2b7-8bdcdf0dacb3","D06","KING","KING.AOS.S2","KING.SS.20240701.FIL.3","A00000439633","2024-07-01T15:20Z","2024-07-01T15:20Z","Illinois State Water Survey Central Analytical Laboratory",588.0,0.07390,1,"2024-07-03","B",,
"6df3281d-1239-40d4-afee-5bb62d007740","D06","KING","KING.AOS.S2","KING.SS.20240701.FIL","A00000439629","2024-07-01T15:20Z","2024-07-01T15:20Z","Illinois State Water Survey Central Analytical Laboratory",342.0,0.16820,1,"2024-07-03","B",,
"2f42ab0d-e689-471e-b759-cf8078837fa2","D06","KING","KING.AOS.S2","KING.SS.20240701.FIL.3","A00000439633","2024-07-01T15:20Z","2024-07-01T15:20Z","Illinois State Water Survey Central Analytical Laboratory",548.0,0.08060,1,"2024-07-03","B",,
"f5ada962-97da-4a74-8b33-ec87b3dc1404","D06","KING","KING.AOS.S2","KING.SS.20240701.FIL","A00000439629","2024-07-01T15:20Z","2024-07-01T15:20Z","Illinois State Water Survey Central Analytical Laboratory",268.0,0.34350,1,"2024-07-03","A",,
"50252247-1647-4258-a863-e7a50d17d173","D06","KING","KING.AOS.S2","KING.SS.20240701.FIL","A00000439629","2024-07-01T15:20Z","2024-07-01T15:20Z","Illinois State Water Survey Central Analytical Laboratory",564.0,0.05120,1,"2024-07-03","A",,
"808358f3-1b07-4f06-9f70-3afa94c19f63","D06","KING","KING.AOS.S2","KING.SS.20240701.FIL.2","A00000439631","2024-07-01T15:20Z","2024-07-01T15:20Z","Illinois State Water Survey Central Analytical Laboratory",346.0,0.16460,1,"2024-07-03","A",,
"7f061e2d-6b8e-4620-9f9e-5c79b87b41b9","D06","KING","KING.AOS.S2","KING.SS.20240701.FIL.3","A00000439633","2024-07-01T15:20Z","2024-07-01T15:20Z","Illinois State Water Survey Central Analytical Laboratory",228.0,0.57430,1,"2024-07-03","A",,
"ede2c0b4-86a5-4850-98d5-3e3a68020427","D06","KING","KING.AOS.S2","KING.SS.20240701.FIL.2","A00000439631","2024-07-01T15:20Z","2024-07-01T15:20Z","Illinois State Water Survey Central Analytical Laboratory",326.0,0.19980,1,"2024-07-03","A",,
"9dea0ac2-9db4-424f-90f6-37bfe0bffd55","D06","KING","KING.AOS.S2","KING.SS.20240701.FIL.2","A00000439631","2024-07-01T15:20Z","2024-07-01T15:20Z","Illinois State Water Survey Central Analytical Laboratory",356.0,0.15170,1,"2024-07-03","B",,
"833fbff3-a8b1-46be-9dc3-d960338652a2","D06","KING","KING.AOS.S2","KING.SS.20240701.FIL","A00000439629","2024-07-01T15:20Z","2024-07-01T15:20Z","Illinois State Water Survey Central Analytical Laboratory",510.0,0.06020,1,"2024-07-03","B",,
"a2720a4e-fed8-4311-b2af-fbcfe7b36125","D06","KING","KING.AOS.S2","KING.SS.20240701.FIL.2","A00000439631","2024-07-01T15:20Z","2024-07-01T15:20Z","Illinois State Water Survey Central Analytical Laboratory",578.0,0.05240,1,"2024-07-03","A",,
"d919adb3-63cf-42e7-bd98-e79491934069","D06","KING","KING.AOS.S2","KING.SS.20240701.FIL.2","A00000439631","2024-07-01T15:20Z","2024-07-01T15:20Z","Illinois State Water Survey Central Analytical Laboratory",526.0,0.06030,1,"2024-07-03","A",,
"41613e40-218a-49cf-9c71-7bd50d3ccba1","D06","KING","KING.AOS.S2","KING.SS.20240701.FIL.2","A00000439631","2024-07-01T15:20Z","2024-07-01T15:20Z","Illinois State Water Survey Central Analytical Laboratory",350.0,0.15880,1,"2024-07-03","A",,
"97e3ab61-ec2d-40e4-811d-c2608bbd4c5c","D06","KING","KING.AOS.S2","KING.SS.20240701.FIL","A00000439629","2024-07-01T15:20Z","2024-07-01T15:20Z","Illinois State Water Survey Central Analytical Laboratory",272.0,0.33320,1,"2024-07-03","A",,
"68b95fc3-738c-4888-9b16-41224ab4b566","D06","KING","KING.AOS.S2","KING.SS.20240701.FIL","A00000439629","2024-07-01T15:20Z","2024-07-01T15:20Z","Illinois State Water Survey Central Analytical Laboratory",512.0,0.05980,1,"2024-07-03","B",,
"a9c89972-d407-4ead-9008-7d18ba767e85","D06","KING","KING.AOS.S2","KING.SS.20240701.FIL.3","A00000439633","2024-07-01T15:20Z","2024-07-01T15:20Z","Illinois State Water Survey Central Analytical Laboratory",264.0,0.42240,1,"2024-07-03","A",,
"5d6c4aac-fae3-4c81-8d9e-1e7659304725","D06","KING","KING.AOS.S2","KING.SS.20240701.FIL.3","A00000439633","2024-07-01T15:20Z","2024-07-01T15:20Z","Illinois State Water Survey Central Analytical Laboratory",594.0,0.07250,1,"2024-07-03","B",,
"99c7f093-6f7c-4b3d-b7cc-aa47eec09348","D06","KING","KING.AOS.S2","KING.SS.20240701.FIL.3","A00000439633","2024-07-01T15:20Z","2024-07-01T15:20Z","Illinois State Water Survey Central Analytical Laboratory",280.0,0.37440,1,"2024-07-03","A",,
"f8346a9f-45e1-406c-bacd-255903979874","D06","KING","KING.AOS.S2","KING.SS.20240701.FIL.2","A00000439631","2024-07-01T15:20Z","2024-07-01T15:20Z","Illinois State Water Survey Central Analytical Laboratory",536.0,0.05910,1,"2024-07-03","B",,
"60cf0d37-91ef-4b30-9c2d-533787cb181e","D06","KING","KING.AOS.S2","KING.SS.20240701.FIL.2","A00000439631","2024-07-01T15:20Z","2024-07-01T15:20Z","Illinois State Water Survey Central Analytical Laboratory",592.0,0.05180,1,"2024-07-03","B",,
"3601bd91-dc76-4279-8c8a-0023209bb76e","D06","KING","KING.AOS.S2","KING.SS.20240701.FIL.3","A00000439633","2024-07-01T15:20Z","2024-07-01T15:20Z","Illinois State Water Survey Central Analytical Laboratory",496.0,0.09320,1,"2024-07-03","A",,
"2804e0e6-3694-4f8f-b3bf-20ebf4bf975e","D06","KING","KING.AOS.S2","KING.SS.20240701.FIL.2","A00000439631","2024-07-01T15:20Z","2024-07-01T15:20Z","Illinois State Water Survey Central Analytical Laboratory",402.0,0.10450,1,"2024-07-03","A",,
"49fe4bbb-ea6a-4237-911c-20d6554b4d98","D06","KING","KING.AOS.S2","KING.SS.20240701.FIL.2","A00000439631","2024-07-01T15:20Z","2024-07-01T15:20Z","Illinois State Water Survey Central Analytical Laboratory",406.0,0.10170,1,"2024-07-03","A",,
"14818c6e-0675-4283-adb6-114327c6536b","D06","KING","KING.AOS.S2","KING.SS.20240701.FIL","A00000439629","2024-07-01T15:20Z","2024-07-01T15:20Z","Illinois State Water Survey Central Analytical Laboratory",492.0,0.06360,1,"2024-07-03","A",,
"bb76c9bc-b181-47c6-957f-7a36e9971b1b","D06","KING","KING.AOS.S2","KING.SS.20240701.FIL.2","A00000439631","2024-07-01T15:20Z","2024-07-01T15:20Z","Illinois State Water Survey Central Analytical Laboratory",238.0,0.45030,1,"2024-07-03","B",,
"fa9ee9f9-3f94-465a-96fb-c140dac903b0","D06","KING","KING.AOS.S2","KING.SS.20240701.FIL","A00000439629","2024-07-01T15:20Z","2024-07-01T15:20Z","Illinois State Water Survey Central Analytical Laboratory",580.0,0.05010,1,"2024-07-03","B",,
"cabd2bb2-0674-4572-a1dd-8b3fe449ba22","D06","KING","KING.AOS.S2","KING.SS.20240701.FIL","A00000439629","2024-07-01T15:20Z","2024-07-01T15:20Z","Illinois State Water Survey Central Analytical Laboratory",588.0,0.04850,1,"2024-07-03","A",,
"c4b63025-9748-4981-9d64-21d047738248","D06","KING","KING.AOS.S2","KING.SS.20240701.FIL","A00000439629","2024-07-01T15:20Z","2024-07-01T15:20Z","Illinois State Water Survey Central Analytical Laboratory",274.0,0.33190,1,"2024-07-03","B",,
"4a03db53-9c5e-4c9a-b1a8-9e24f48ad1f9","D06","KING","KING.AOS.S2","KING.SS.20240701.FIL","A00000439629","2024-07-01T15:20Z","2024-07-01T15:20Z","Illinois State Water Survey Central Analytical Laboratory",370.0,0.12960,1,"2024-07-03","A",,
"5ace8454-6c82-4a89-8d50-9caf171cf185","D06","KING","KING.AOS.S2","KING.SS.20240701.FIL.3","A00000439633","2024-07-01T15:20Z","2024-07-01T15:20Z","Illinois State Water Survey Central Analytical Laboratory",404.0,0.13660,1,"2024-07-03","A",,
"b92a1d26-4c83-407b-b094-029a51182a62","D06","KING","KING.AOS.S2","KING.SS.20240701.FIL.3","A00000439633","2024-07-01T15:20Z","2024-07-01T15:20Z","Illinois State Water Survey Central Analytical Laboratory",242.0,0.49130,1,"2024-07-03","B",,
"92404a0c-056d-4917-b2ff-60ece9ae65ab","D06","KING","KING.AOS.S2","KING.SS.20240701.FIL","A00000439629","2024-07-01T15:20Z","2024-07-01T15:20Z","Illinois State Water Survey Central Analytical Laboratory",384.0,0.11510,1,"2024-07-03","A",,
"24b554e2-37f6-45d1-b437-4dbd5c3d2b2f","D06","KING","KING.AOS.S2","KING.SS.20240701.FIL","A00000439629","2024-07-01T15:20Z","2024-07-01T15:20Z","Illinois State Water Survey Central Analytical Laboratory",400.0,0.10310,1,"2024-07-03","B",,
"e27b7c24-4f82-4d45-af8a-a7e151d3cade","D06","KING","KING.AOS.S2","KING.SS.20240701.FIL","A00000439629","2024-07-01T15:20Z","2024-07-01T15:20Z","Illinois State Water Survey Central Analytical Laboratory",292.0,0.27380,1,"2024-07-03","A",,
"6ab1efed-0a40-46f4-8836-99bd85872400","D06","KING","KING.AOS.S2","KING.SS.20240701.FIL.2","A00000439631","2024-07-01T15:20Z","2024-07-01T15:20Z","Illinois State Water Survey Central Analytical Laboratory",404.0,0.10290,1,"2024-07-03","A",,
"32155530-5241-4e56-acd9-23d68c373f40","D06","KING","KING.AOS.S2","KING.SS.20240701.FIL.3","A00000439633","2024-07-01T15:20Z","2024-07-01T15:20Z","Illinois State Water Survey Central Analytical Laboratory",432.0,0.11700,1,"2024-07-03","B",,
"a19bf119-4af2-48f8-ad06-b0c6d869d60b","D06","KING","KING.AOS.S2","KING.SS.20240701.FIL.3","A00000439633","2024-07-01T15:20Z","2024-07-01T15:20Z","Illinois State Water Survey Central Analytical Laboratory",488.0,0.09560,1,"2024-07-03","A",,
"b87a5992-2556-429f-a57c-ffae87e05e1e","D06","KING","KING.AOS.S2","KING.SS.20240701.FIL.3","A00000439633","2024-07-01T15:20Z","2024-07-01T15:20Z","Illinois State Water Survey Central Analytical Laboratory",350.0,0.19980,1,"2024-07-03","A",,
"ae4d7cc3-2f23-4cfb-85bd-9253fadc2b0b","D06","KING","KING.AOS.S2","KING.SS.20240701.FIL.3","A00000439633","2024-07-01T15:20Z","2024-07-01T15:20Z","Illinois State Water Survey Central Analytical Laboratory",480.0,0.09790,1,"2024-07-03","A",,
"df6b39f7-000f-4628-af96-febd32da4951","D06","KING","KING.AOS.S2","KING.SS.20240701.FIL","A00000439629","2024-07-01T15:20Z","2024-07-01T15:20Z","Illinois State Water Survey Central Analytical Laboratory",542.0,0.05440,1,"2024-07-03","A",,
"4f7e9597-6384-47d6-a114-8ce9936e28cc","D06","KING","KING.AOS.S2","KING.SS.20240701.FIL.2","A00000439631","2024-07-01T15:20Z","2024-07-01T15:20Z","Illinois State Water Survey Central Analytical Laboratory",470.0,0.07320,1,"2024-07-03","B",,
"7633828f-9537-4d64-ba31-a87b1a085b8a","D06","KING","KING.AOS.S2","KING.SS.20240701.FIL.2","A00000439631","2024-07-01T15:20Z","2024-07-01T15:20Z","Illinois State Water Survey Central Analytical Laboratory",562.0,0.05500,1,"2024-07-03","B",,
"6dcce2f3-cc7b-4c32-862d-fab2820e7853","D06","KING","KING.AOS.S2","KING.SS.20240701.FIL.2","A00000439631","2024-07-01T15:20Z","2024-07-01T15:20Z","Illinois State Water Survey Central Analytical Laboratory",502.0,0.06540,1,"2024-07-03","A",,
"74ded832-a3b0-4e64-875d-ac0e116e9c43","D06","KING","KING.AOS.S2","KING.SS.20240701.FIL","A00000439629","2024-07-01T15:20Z","2024-07-01T15:20Z","Illinois State Water Survey Central Analytical Laboratory",416.0,0.09250,1,"2024-07-03","B",,
"7d879ab3-30ae-4e02-8c96-89243f7eef8b","D06","KING","KING.AOS.S2","KING.SS.20240701.FIL.3","A00000439633","2024-07-01T15:20Z","2024-07-01T15:20Z","Illinois State Water Survey Central Analytical Laboratory",366.0,0.17610,1,"2024-07-03","B",,
"79b02190-d9e2-41c2-98eb-a489157cb94a","D06","KING","KING.AOS.S2","KING.SS.20240701.FIL.3","A00000439633","2024-07-01T15:20Z","2024-07-01T15:20Z","Illinois State Water Survey Central Analytical Laboratory",412.0,0.13070,1,"2024-07-03","A",,
"ac819d04-bb0b-438e-894a-8e328d6af231","D06","KING","KING.AOS.S2","KING.SS.20240701.FIL.3","A00000439633","2024-07-01T15:20Z","2024-07-01T15:20Z","Illinois State Water Survey Central Analytical Laboratory",486.0,0.09500,1,"2024-07-03","B",,
"2b9fc91f-317f-48bd-8d26-cd02fd44f652","D06","KING","KING.AOS.S2","KING.SS.20240701.FIL","A00000439629","2024-07-01T15:20Z","2024-07-01T15:20Z","Illinois State Water Survey Central Analytical Laboratory",488.0,0.06450,1,"2024-07-03","A",,
"94f20d2d-d418-4b45-ae10-2679053f675a","D06","KING","KING.AOS.S2","KING.SS.20240701.FIL.2","A00000439631","2024-07-01T15:20Z","2024-07-01T15:20Z","Illinois State Water Survey Central Analytical Laboratory",448.0,0.08090,1,"2024-07-03","B",,
"93d58e23-8008-4e0f-9657-475bc92164f2","D06","KING","KING.AOS.S2","KING.SS.20240701.FIL.3","A00000439633","2024-07-01T15:20Z","2024-07-01T15:20Z","Illinois State Water Survey Central Analytical Laboratory",456.0,0.10640,1,"2024-07-03","A",,
"4bb00576-22ce-40cd-b689-d14e399b21ee","D06","KING","KING.AOS.S2","KING.SS.20240701.FIL.2","A00000439631","2024-07-01T15:20Z","2024-07-01T15:20Z","Illinois State Water Survey Central Analytical Laboratory",566.0,0.05450,1,"2024-07-03","B",,
"03b6558a-78ca-4530-b22d-7de37ee47922","D06","KING","KING.AOS.S2","KING.SS.20240701.FIL.3","A00000439633","2024-07-01T15:20Z","2024-07-01T15:20Z","Illinois State Water Survey Central Analytical Laboratory",470.0,0.10130,1,"2024-07-03","A",,
"397378e3-69d2-4748-9e1a-3b5804404f8d","D06","KING","KING.AOS.S2","KING.SS.20240701.FIL.3","A00000439633","2024-07-01T15:20Z","2024-07-01T15:20Z","Illinois State Water Survey Central Analytical Laboratory",536.0,0.08290,1,"2024-07-03","A",,
"0a8c9e4d-e04b-4921-a748-8c06f6fb5519","D06","KING","KING.AOS.S2","KING.SS.20240701.FIL","A00000439629","2024-07-01T15:20Z","2024-07-01T15:20Z","Illinois State Water Survey Central Analytical Laboratory",478.0,0.06690,1,"2024-07-03","A",,
"7d5cea97-ff1a-4ae3-bf6e-7a98bded29cc","D06","KING","KING.AOS.S2","KING.SS.20240701.FIL","A00000439629","2024-07-01T15:20Z","2024-07-01T15:20Z","Illinois State Water Survey Central Analytical Laboratory",420.0,0.09020,1,"2024-07-03","B",,
"07078d89-967a-4c26-9b6e-367712d590f8","D06","KING","KING.AOS.S2","KING.SS.20240701.FIL","A00000439629","2024-07-01T15:20Z","2024-07-01T15:20Z","Illinois State Water Survey Central Analytical Laboratory",224.0,0.52590,1,"2024-07-03","A",,
"055118f2-bee6-413d-bda6-059cce182bdd","D06","KING","KING.AOS.S2","KING.SS.20240701.FIL.3","A00000439633","2024-07-01T15:20Z","2024-07-01T15:20Z","Illinois State Water Survey Central Analytical Laboratory",478.0,0.09860,1,"2024-07-03","A",,
"762fd97a-6f07-43df-9111-9262b792512b","D06","KING","KING.AOS.S2","KING.SS.20240701.FIL","A00000439629","2024-07-01T15:20Z","2024-07-01T15:20Z","Illinois State Water Survey Central Analytical Laboratory",468.0,0.06970,1,"2024-07-03","A",,
"ca42c863-6f5d-4b15-9bfc-52fba0cdc89a","D06","KING","KING.AOS.S2","KING.SS.20240701.FIL.2","A00000439631","2024-07-01T15:20Z","2024-07-01T15:20Z","Illinois State Water Survey Central Analytical Laboratory",308.0,0.24010,1,"2024-07-03","B",,
"faf33f15-4b7c-4e08-80a3-789d1c2f86d6","D06","KING","KING.AOS.S2","KING.SS.20240701.FIL.2","A00000439631","2024-07-01T15:20Z","2024-07-01T15:20Z","Illinois State Water Survey Central Analytical Laboratory",386.0,0.11710,1,"2024-07-03","A",,
"a7d5208e-edcc-4f53-b309-e4afee0a7fab","D06","KING","KING.AOS.S2","KING.SS.20240701.FIL.2","A00000439631","2024-07-01T15:20Z","2024-07-01T15:20Z","Illinois State Water Survey Central Analytical Laboratory",552.0,0.05700,1,"2024-07-03","B",,
"4bd09403-c411-4c47-ad81-cee6422bd17c","D06","KING","KING.AOS.S2","KING.SS.20240701.FIL.2","A00000439631","2024-07-01T15:20Z","2024-07-01T15:20Z","Illinois State Water Survey Central Analytical Laboratory",346.0,0.16600,1,"2024-07-03","B",,
"4c343435-ea85-4d71-a333-3101c774912a","D06","KING","KING.AOS.S2","KING.SS.20240701.FIL","A00000439629","2024-07-01T15:20Z","2024-07-01T15:20Z","Illinois State Water Survey Central Analytical Laboratory",280.0,0.31080,1,"2024-07-03","A",,
"287147a7-8307-4d4a-bfc6-d52904f7cace","D06","KING","KING.AOS.S2","KING.SS.20240701.FIL.3","A00000439633","2024-07-01T15:20Z","2024-07-01T15:20Z","Illinois State Water Survey Central Analytical Laboratory",304.0,0.29700,1,"2024-07-03","A",,
"99754fc8-acc2-4163-b623-7cc76018a84f","D06","KING","KING.AOS.S2","KING.SS.20240701.FIL.3","A00000439633","2024-07-01T15:20Z","2024-07-01T15:20Z","Illinois State Water Survey Central Analytical Laboratory",514.0,0.08770,1,"2024-07-03","B",,
"424b0957-9a61-4344-8b9d-5a0576fd0e03","D06","KING","KING.AOS.S2","KING.SS.20240701.FIL.3","A00000439633","2024-07-01T15:20Z","2024-07-01T15:20Z","Illinois State Water Survey Central Analytical Laboratory",316.0,0.26600,1,"2024-07-03","B",,
"e99db0ef-7770-4a7d-b78a-95c1516cc8a8","D06","KING","KING.AOS.S2","KING.SS.20240701.FIL","A00000439629","2024-07-01T15:20Z","2024-07-01T15:20Z","Illinois State Water Survey Central Analytical Laboratory",288.0,0.28660,1,"2024-07-03","A",,
"62a0f5bb-d31d-4dca-b29e-3a8431eec8bf","D06","KING","KING.AOS.S2","KING.SS.20240701.FIL.3","A00000439633","2024-07-01T15:20Z","2024-07-01T15:20Z","Illinois State Water Survey Central Analytical Laboratory",312.0,0.27700,1,"2024-07-03","A",,
"705f2c5c-50e0-48cd-b63f-227e6ca4c066","D06","KING","KING.AOS.S2","KING.SS.20240701.FIL.3","A00000439633","2024-07-01T15:20Z","2024-07-01T15:20Z","Illinois State Water Survey Central Analytical Laboratory",466.0,0.10270,1,"2024-07-03","A",,
"8f5ad471-ff22-4cea-8ee0-2d518e88a521","D06","KING","KING.AOS.S2","KING.SS.20240701.FIL.2","A00000439631","2024-07-01T15:20Z","2024-07-01T15:20Z","Illinois State Water Survey Central Analytical Laboratory",244.0,0.42110,1,"2024-07-03","A",,
"ef7f228a-ea9f-4f2e-ba2a-feda3161f30e","D06","KING","KING.AOS.S2","KING.SS.20240701.FIL","A00000439629","2024-07-01T15:20Z","2024-07-01T15:20Z","Illinois State Water Survey Central Analytical Laboratory",390.0,0.11060,1,"2024-07-03","B",,
"12ac34ad-0091-463b-826f-c2a3025ddf22","D06","KING","KING.AOS.S2","KING.SS.20240701.FIL","A00000439629","2024-07-01T15:20Z","2024-07-01T15:20Z","Illinois State Water Survey Central Analytical Laboratory",508.0,0.06000,1,"2024-07-03","A",,
"e39d418e-13af-40fc-b3b8-eff08edaa834","D06","KING","KING.AOS.S2","KING.SS.20240701.FIL.3","A00000439633","2024-07-01T15:20Z","2024-07-01T15:20Z","Illinois State Water Survey Central Analytical Laboratory",434.0,0.11680,1,"2024-07-03","A",,
"9558960c-020e-428f-87a4-d511066f8292","D06","KING","KING.AOS.S2","KING.SS.20240701.FIL.3","A00000439633","2024-07-01T15:20Z","2024-07-01T15:20Z","Illinois State Water Survey Central Analytical Laboratory",256.0,0.44490,1,"2024-07-03","A",,
"0c40e40d-30a4-40de-932c-d4633be1c586","D06","KING","KING.AOS.S2","KING.SS.20240701.FIL.3","A00000439633","2024-07-01T15:20Z","2024-07-01T15:20Z","Illinois State Water Survey Central Analytical Laboratory",512.0,0.08810,1,"2024-07-03","B",,
"5048de35-405d-4678-b93c-176b8252d7f8","D06","KING","KING.AOS.S2","KING.SS.20240701.FIL.2","A00000439631","2024-07-01T15:20Z","2024-07-01T15:20Z","Illinois State Water Survey Central Analytical Laboratory",422.0,0.09220,1,"2024-07-03","A",,
"a10f92f2-395e-41c3-b94b-14a55c843c0b","D06","KING","KING.AOS.S2","KING.SS.20240701.FIL.3","A00000439633","2024-07-01T15:20Z","2024-07-01T15:20Z","Illinois State Water Survey Central Analytical Laboratory",400.0,0.14010,1,"2024-07-03","A",,
"a7e4872b-e370-41a7-acae-ba16048805d5","D06","KING","KING.AOS.S2","KING.SS.20240701.FIL.2","A00000439631","2024-07-01T15:20Z","2024-07-01T15:20Z","Illinois State Water Survey Central Analytical Laboratory",318.0,0.21810,1,"2024-07-03","B",,
"498c8eaf-b69a-46b4-9a82-0ba2776507ac","D06","KING","KING.AOS.S2","KING.SS.20240701.FIL.3","A00000439633","2024-07-01T15:20Z","2024-07-01T15:20Z","Illinois State Water Survey Central Analytical Laboratory",430.0,0.11890,1,"2024-07-03","A",,
"feba5932-5e13-4743-b39d-9f073948cd36","D06","KING","KING.AOS.S2","KING.SS.20240701.FIL.3","A00000439633","2024-07-01T15:20Z","2024-07-01T15:20Z","Illinois State Water Survey Central Analytical Laboratory",450.0,0.10900,1,"2024-07-03","A",,
"0af5dbc1-1eb7-4827-ad51-32224da224c5","D06","KING","KING.AOS.S2","KING.SS.20240701.FIL.3","A00000439633","2024-07-01T15:20Z","2024-07-01T15:20Z","Illinois State Water Survey Central Analytical Laboratory",436.0,0.11550,1,"2024-07-03","A",,
"b0e51b86-4393-4660-9c11-dba11be8c0bb","D06","KING","KING.AOS.S2","KING.SS.20240701.FIL","A00000439629","2024-07-01T15:20Z","2024-07-01T15:20Z","Illinois State Water Survey Central Analytical Laboratory",414.0,0.09260,1,"2024-07-03","A",,
"5dd0b240-8a82-48c4-9f28-47ee3904a578","D06","KING","KING.AOS.S2","KING.SS.20240701.FIL.3","A00000439633","2024-07-01T15:20Z","2024-07-01T15:20Z","Illinois State Water Survey Central Analytical Laboratory",262.0,0.42810,1,"2024-07-03","A",,
"7233f43c-9358-4658-bd78-d98cfefc1c51","D06","KING","KING.AOS.S2","KING.SS.20240701.FIL.2","A00000439631","2024-07-01T15:20Z","2024-07-01T15:20Z","Illinois State Water Survey Central Analytical Laboratory",278.0,0.32410,1,"2024-07-03","A",,
"fbeae3c8-66fc-4ea7-8018-9bc9f4347236","D06","KING","KING.AOS.S2","KING.SS.20240701.FIL","A00000439629","2024-07-01T15:20Z","2024-07-01T15:20Z","Illinois State Water Survey Central Analytical Laboratory",460.0,0.07210,1,"2024-07-03","A",,
"c4878b30-fa10-45b9-b09e-77fb134f7a13","D06","KING","KING.AOS.S2","KING.SS.20240701.FIL.2","A00000439631","2024-07-01T15:20Z","2024-07-01T15:20Z","Illinois State Water Survey Central Analytical Laboratory",314.0,0.22660,1,"2024-07-03","B",,
"1286535b-8ec1-45b7-b322-79c8e09f9a9b","D06","KING","KING.AOS.S2","KING.SS.20240701.FIL.3","A00000439633","2024-07-01T15:20Z","2024-07-01T15:20Z","Illinois State Water Survey Central Analytical Laboratory",268.0,0.41120,1,"2024-07-03","A",,
"2e730f5b-ceb4-46ec-b814-19fc9802841a","D06","KING","KING.AOS.S2","KING.SS.20240701.FIL.2","A00000439631","2024-07-01T15:20Z","2024-07-01T15:20Z","Illinois State Water Survey Central Analytical Laboratory",332.0,0.18800,1,"2024-07-03","A",,
"5fa9e0b3-43fa-4fda-ae21-9e40f256c25d","D06","KING","KING.AOS.S2","KING.SS.20240701.FIL.2","A00000439631","2024-07-01T15:20Z","2024-07-01T15:20Z","Illinois State Water Survey Central Analytical Laboratory",486.0,0.06900,1,"2024-07-03","B",,
"7da176b3-e0c7-4d9d-a0f9-c4469fa0baa4","D06","KING","KING.AOS.S2","KING.SS.20240701.FIL","A00000439629","2024-07-01T15:20Z","2024-07-01T15:20Z","Illinois State Water Survey Central Analytical Laboratory",222.0,0.55050,1,"2024-07-03","B",,
"149ac401-6dea-43c4-bae0-1eca34ffd757","D06","KING","KING.AOS.S2","KING.SS.20240701.FIL.2","A00000439631","2024-07-01T15:20Z","2024-07-01T15:20Z","Illinois State Water Survey Central Analytical Laboratory",510.0,0.06350,1,"2024-07-03","A",,
"468e3ebd-ee90-443c-8d69-efec1dca1440","D06","KING","KING.AOS.S2","KING.SS.20240701.FIL.3","A00000439633","2024-07-01T15:20Z","2024-07-01T15:20Z","Illinois State Water Survey Central Analytical Laboratory",276.0,0.38720,1,"2024-07-03","A",,
"1d4e10e5-a4ea-429c-b272-f15952ab3192","D06","KING","KING.AOS.S2","KING.SS.20240701.FIL.3","A00000439633","2024-07-01T15:20Z","2024-07-01T15:20Z","Illinois State Water Survey Central Analytical Laboratory",566.0,0.07680,1,"2024-07-03","A",,
"c779b663-c93c-4077-bf6e-f25c2e50b064","D06","KING","KING.AOS.S2","KING.SS.20240701.FIL.3","A00000439633","2024-07-01T15:20Z","2024-07-01T15:20Z","Illinois State Water Survey Central Analytical Laboratory",578.0,0.07500,1,"2024-07-03","A",,
"e7d05288-9f3a-4fec-9e9a-2518bca40030","D06","KING","KING.AOS.S2","KING.SS.20240701.FIL.2","A00000439631","2024-07-01T15:20Z","2024-07-01T15:20Z","Illinois State Water Survey Central Analytical Laboratory",564.0,0.05490,1,"2024-07-03","B",,
"0ca17ad2-58c5-4afb-899e-f78c6db4f4f4","D06","KING","KING.AOS.S2","KING.SS.20240701.FIL.3","A00000439633","2024-07-01T15:20Z","2024-07-01T15:20Z","Illinois State Water Survey Central Analytical Laboratory",446.0,0.10990,1,"2024-07-03","B",,
"970d48b8-2e34-4766-9239-2b37def07af1","D06","KING","KING.AOS.S2","KING.SS.20240701.FIL","A00000439629","2024-07-01T15:20Z","2024-07-01T15:20Z","Illinois State Water Survey Central Analytical Laboratory",324.0,0.19900,1,"2024-07-03","A",,
"dc54d148-ad09-42b8-91c2-e80545655ed8","D06","KING","KING.AOS.S2","KING.SS.20240701.FIL","A00000439629","2024-07-01T15:20Z","2024-07-01T15:20Z","Illinois State Water Survey Central Analytical Laboratory",386.0,0.11320,1,"2024-07-03","A",,
"9c4c9c40-9ca7-4c12-a250-9e9caa3b0c46","D06","KING","KING.AOS.S2","KING.SS.20240701.FIL.2","A00000439631","2024-07-01T15:20Z","2024-07-01T15:20Z","Illinois State Water Survey Central Analytical Laboratory",550.0,0.05710,1,"2024-07-03","B",,
"ae621371-ec59-474b-81f2-28c522192243","D06","KING","KING.AOS.S2","KING.SS.20240701.FIL.3","A00000439633","2024-07-01T15:20Z","2024-07-01T15:20Z","Illinois State Water Survey Central Analytical Laboratory",586.0,0.07400,1,"2024-07-03","B",,
"f3f7f16e-06ea-4e10-85ce-a381ac2bdc65","D06","KING","KING.AOS.S2","KING.SS.20240701.FIL.2","A00000439631","2024-07-01T15:20Z","2024-07-01T15:20Z","Illinois State Water Survey Central Analytical Laboratory",524.0,0.06110,1,"2024-07-03","B",,
"e2ed19c3-385f-40db-83eb-ce0cb1365860","D06","KING","KING.AOS.S2","KING.SS.20240701.FIL","A00000439629","2024-07-01T15:20Z","2024-07-01T15:20Z","Illinois State Water Survey Central Analytical Laboratory",402.0,0.10070,1,"2024-07-03","A",,
"818f142c-7300-4cc1-ad46-58b8ce67292f","D06","KING","KING.AOS.S2","KING.SS.20240701.FIL","A00000439629","2024-07-01T15:20Z","2024-07-01T15:20Z","Illinois State Water Survey Central Analytical Laboratory",490.0,0.06410,1,"2024-07-03","B",,
"2551b1f6-9c60-406f-ab2d-ba006d4a2663","D06","KING","KING.AOS.S2","KING.SS.20240701.FIL.2","A00000439631","2024-07-01T15:20Z","2024-07-01T15:20Z","Illinois State Water Survey Central Analytical Laboratory",326.0,0.20160,1,"2024-07-03","B",,
"b1b73a0d-4eae-4269-8545-2d3732e8e159","D06","KING","KING.AOS.S2","KING.SS.20240701.FIL","A00000439629","2024-07-01T15:20Z","2024-07-01T15:20Z","Illinois State Water Survey Central Analytical Laboratory",230.0,0.48560,1,"2024-07-03","A",,
"131e400a-d755-45e0-b907-634f996425b3","D06","KING","KING.AOS.S2","KING.SS.20240701.FIL","A00000439629","2024-07-01T15:20Z","2024-07-01T15:20Z","Illinois State Water Survey Central Analytical Laboratory",270.0,0.33820,1,"2024-07-03","A",,
"bcbc7446-2222-4ee1-9457-14b336f09478","D06","KING","KING.AOS.S2","KING.SS.20240701.FIL.2","A00000439631","2024-07-01T15:20Z","2024-07-01T15:20Z","Illinois State Water Survey Central Analytical Laboratory",232.0,0.48260,1,"2024-07-03","A",,
"3311e339-b500-410f-8d75-55681a735802","D06","KING","KING.AOS.S2","KING.SS.20240701.FIL.3","A00000439633","2024-07-01T15:20Z","2024-07-01T15:20Z","Illinois State Water Survey Central Analytical Laboratory",392.0,0.14700,1,"2024-07-03","A",,
"24e4119c-90c9-4e79-9b06-a7f7e6e23cde","D06","KING","KING.AOS.S2","KING.SS.20240701.FIL.2","A00000439631","2024-07-01T15:20Z","2024-07-01T15:20Z","Illinois State Water Survey Central Analytical Laboratory",594.0,0.05020,1,"2024-07-03","A",,
"de6cd2ea-e302-476d-a5f8-f6f441ea50f9","D06","KING","KING.AOS.S2","KING.SS.20240701.FIL","A00000439629","2024-07-01T15:20Z","2024-07-01T15:20Z","Illinois State Water Survey Central Analytical Laboratory",514.0,0.05880,1,"2024-07-03","A",,
"62f984c1-f75c-4a07-9de6-ee97cc000733","D06","KING","KING.AOS.S2","KING.SS.20240701.FIL.3","A00000439633","2024-07-01T15:20Z","2024-07-01T15:20Z","Illinois State Water Survey Central Analytical Laboratory",438.0,0.11450,1,"2024-07-03","A",,
"ce534b93-9feb-42a5-9e84-5665641cdd89","D06","KING","KING.AOS.S2","KING.SS.20240701.FIL.3","A00000439633","2024-07-01T15:20Z","2024-07-01T15:20Z","Illinois State Water Survey Central Analytical Laboratory",270.0,0.40330,1,"2024-07-03","B",,
"41b1333d-dd8b-4a50-8bb8-a6a6a0cc3e3b","D06","KING","KING.AOS.S2","KING.SS.20240701.FIL","A00000439629","2024-07-01T15:20Z","2024-07-01T15:20Z","Illinois State Water Survey Central Analytical Laboratory",558.0,0.05210,1,"2024-07-03","A",,
"6cfa57ee-d24f-409b-977c-1bcb2f383a6a","D06","KING","KING.AOS.S2","KING.SS.20240701.FIL","A00000439629","2024-07-01T15:20Z","2024-07-01T15:20Z","Illinois State Water Survey Central Analytical Laboratory",582.0,0.04970,1,"2024-07-03","B",,
"0c908e54-1a57-477f-a945-a8b63df69b0f","D06","KING","KING.AOS.S2","KING.SS.20240701.FIL.2","A00000439631","2024-07-01T15:20Z","2024-07-01T15:20Z","Illinois State Water Survey Central Analytical Laboratory",512.0,0.06300,1,"2024-07-03","A",,
"2aa35909-7d5e-4d5a-91a8-8c8ff1039976","D06","KING","KING.AOS.S2","KING.SS.20240701.FIL.3","A00000439633","2024-07-01T15:20Z","2024-07-01T15:20Z","Illinois State Water Survey Central Analytical Laboratory",362.0,0.18240,1,"2024-07-03","A",,
"6e82e95c-34e3-4dcd-9d34-56fb05509abc","D06","KING","KING.AOS.S2","KING.SS.20240701.FIL","A00000439629","2024-07-01T15:20Z","2024-07-01T15:20Z","Illinois State Water Survey Central Analytical Laboratory",254.0,0.38440,1,"2024-07-03","B",,
"68543e60-1d5a-44a4-9add-0481ed49cb76","D06","KING","KING.AOS.S2","KING.SS.20240701.FIL","A00000439629","2024-07-01T15:20Z","2024-07-01T15:20Z","Illinois State Water Survey Central Analytical Laboratory",560.0,0.05170,1,"2024-07-03","A",,
"fca2a9a3-b43b-4389-ae70-3370edd957c6","D06","KING","KING.AOS.S2","KING.SS.20240701.FIL","A00000439629","2024-07-01T15:20Z","2024-07-01T15:20Z","Illinois State Water Survey Central Analytical Laboratory",292.0,0.27740,1,"2024-07-03","B",,
"66c949f1-d685-466f-9eca-b60f5ae5b67c","D06","KING","KING.AOS.S2","KING.SS.20240701.FIL","A00000439629","2024-07-01T15:20Z","2024-07-01T15:20Z","Illinois State Water Survey Central Analytical Laboratory",494.0,0.06360,1,"2024-07-03","B",,
"bb9b29eb-1d7f-4135-b11a-42c95b6b0b6d","D06","KING","KING.AOS.S2","KING.SS.20240701.FIL","A00000439629","2024-07-01T15:20Z","2024-07-01T15:20Z","Illinois State Water Survey Central Analytical Laboratory",424.0,0.08720,1,"2024-07-03","A",,
"98db4770-6fd4-49b0-85db-2ba582f270b2","D06","KING","KING.AOS.S2","KING.SS.20240701.FIL.2","A00000439631","2024-07-01T15:20Z","2024-07-01T15:20Z","Illinois State Water Survey Central Analytical Laboratory",280.0,0.31810,1,"2024-07-03","A",,
"fab7fd40-4bbf-49c8-9090-491ac04bdc0b","D06","KING","KING.AOS.S2","KING.SS.20240701.FIL.3","A00000439633","2024-07-01T15:20Z","2024-07-01T15:20Z","Illinois State Water Survey Central Analytical Laboratory",318.0,0.26260,1,"2024-07-03","A",,
"9cfe4dfd-a844-4533-9668-8635e01acdb6","D06","KING","KING.AOS.S2","KING.SS.20240701.FIL.2","A00000439631","2024-07-01T15:20Z","2024-07-01T15:20Z","Illinois State Water Survey Central Analytical Laboratory",458.0,0.07710,1,"2024-07-03","A",,
"9cb8446d-8f2e-4211-8187-24eb704dd03a","D06","KING","KING.AOS.S2","KING.SS.20240701.FIL.3","A00000439633","2024-07-01T15:20Z","2024-07-01T15:20Z","Illinois State Water Survey Central Analytical Laboratory",554.0,0.07910,1,"2024-07-03","B",,
"420af360-83eb-4e0b-964d-03406fb20e2d","D06","KING","KING.AOS.S2","KING.SS.20240701.FIL.3","A00000439633","2024-07-01T15:20Z","2024-07-01T15:20Z","Illinois State Water Survey Central Analytical Laboratory",560.0,0.07830,1,"2024-07-03","A",,
"1b382456-6220-4b9c-b927-27942d6ef114","D06","KING","KING.AOS.S2","KING.SS.20240701.FIL.3","A00000439633","2024-07-01T15:20Z","2024-07-01T15:20Z","Illinois State Water Survey Central Analytical Laboratory",530.0,0.08410,1,"2024-07-03","B",,
"5eb6f90e-6be6-4226-ad3a-1368e75d27ad","D06","KING","KING.AOS.S2","KING.SS.20240701.FIL.3","A00000439633","2024-07-01T15:20Z","2024-07-01T15:20Z","Illinois State Water Survey Central Analytical Laboratory",334.0,0.22790,1,"2024-07-03","A",,
"0004c912-7ee1-4457-92c4-bcf5c65e0af6","D06","KING","KING.AOS.S2","KING.SS.20240701.FIL.3","A00000439633","2024-07-01T15:20Z","2024-07-01T15:20Z","Illinois State Water Survey Central Analytical Laboratory",258.0,0.43760,1,"2024-07-03","B",,
"758b0c48-1e88-4eae-aa2f-aa2fd2d19474","D06","KING","KING.AOS.S2","KING.SS.20240701.FIL.3","A00000439633","2024-07-01T15:20Z","2024-07-01T15:20Z","Illinois State Water Survey Central Analytical Laboratory",496.0,0.09230,1,"2024-07-03","B",,
"52bfe393-2597-4421-b357-174c282936cb","D06","KING","KING.AOS.S2","KING.SS.20240701.FIL","A00000439629","2024-07-01T15:20Z","2024-07-01T15:20Z","Illinois State Water Survey Central Analytical Laboratory",272.0,0.33750,1,"2024-07-03","B",,
"1f1d78f0-de03-4211-8f9a-c2252f98d105","D06","KING","KING.AOS.S2","KING.SS.20240701.FIL","A00000439629","2024-07-01T15:20Z","2024-07-01T15:20Z","Illinois State Water Survey Central Analytical Laboratory",542.0,0.05510,1,"2024-07-03","B",,
"bb4523bf-a976-4818-852c-87f88ef8349f","D06","KING","KING.AOS.S2","KING.SS.20240701.FIL","A00000439629","2024-07-01T15:20Z","2024-07-01T15:20Z","Illinois State Water Survey Central Analytical Laboratory",360.0,0.14090,1,"2024-07-03","A",,
"ca604518-f85c-4677-8e62-414748228031","D06","KING","KING.AOS.S2","KING.SS.20240701.FIL.2","A00000439631","2024-07-01T15:20Z","2024-07-01T15:20Z","Illinois State Water Survey Central Analytical Laboratory",600.0,0.05160,1,"2024-07-03","B",,
"abfe9951-fa46-4ef1-91d8-88a63bcfee48","D06","KING","KING.AOS.S2","KING.SS.20240701.FIL","A00000439629","2024-07-01T15:20Z","2024-07-01T15:20Z","Illinois State Water Survey Central Analytical Laboratory",416.0,0.09150,1,"2024-07-03","A",,
"7370285b-9b08-44e9-a635-cb0f79bbce44","D06","KING","KING.AOS.S2","KING.SS.20240701.FIL.2","A00000439631","2024-07-01T15:20Z","2024-07-01T15:20Z","Illinois State Water Survey Central Analytical Laboratory",410.0,0.10030,1,"2024-07-03","B",,
"66dc1e1e-d58c-4ff9-88b2-2ae2f91936bb","D06","KING","KING.AOS.S2","KING.SS.20240701.FIL.3","A00000439633","2024-07-01T15:20Z","2024-07-01T15:20Z","Illinois State Water Survey Central Analytical Laboratory",254.0,0.45080,1,"2024-07-03","A",,
"c1041a53-a0f9-4c43-9fa7-225f58cdee04","D06","KING","KING.AOS.S2","KING.SS.20240701.FIL.3","A00000439633","2024-07-01T15:20Z","2024-07-01T15:20Z","Illinois State Water Survey Central Analytical Laboratory",462.0,0.10410,1,"2024-07-03","A",,
"78dbb2a9-92d8-4624-ae11-300bf83e2a21","D06","KING","KING.AOS.S2","KING.SS.20240701.FIL.2","A00000439631","2024-07-01T15:20Z","2024-07-01T15:20Z","Illinois State Water Survey Central Analytical Laboratory",248.0,0.40820,1,"2024-07-03","B",,
"3a4eba7d-927e-4cc9-9a07-a1d37d5d1b06","D06","KING","KING.AOS.S2","KING.SS.20240701.FIL.2","A00000439631","2024-07-01T15:20Z","2024-07-01T15:20Z","Illinois State Water Survey Central Analytical Laboratory",330.0,0.19350,1,"2024-07-03","B",,
"872a5d51-08b7-4195-8838-a93e0f58bf45","D06","KING","KING.AOS.S2","KING.SS.20240701.FIL.3","A00000439633","2024-07-01T15:20Z","2024-07-01T15:20Z","Illinois State Water Survey Central Analytical Laboratory",282.0,0.36610,1,"2024-07-03","B",,
"784720e2-9a15-4685-a83d-e651919ecb0c","D06","KING","KING.AOS.S2","KING.SS.20240701.FIL.3","A00000439633","2024-07-01T15:20Z","2024-07-01T15:20Z","Illinois State Water Survey Central Analytical Laboratory",542.0,0.08170,1,"2024-07-03","A",,
"2ceba9ab-842c-4a07-933b-6f311c16b792","D06","KING","KING.AOS.S2","KING.SS.20240701.FIL","A00000439629","2024-07-01T15:20Z","2024-07-01T15:20Z","Illinois State Water Survey Central Analytical Laboratory",308.0,0.23240,1,"2024-07-03","A",,
"08bb0fca-b568-4e3d-aaf9-0e8e63dbab23","D06","KING","KING.AOS.S2","KING.SS.20240701.FIL.2","A00000439631","2024-07-01T15:20Z","2024-07-01T15:20Z","Illinois State Water Survey Central Analytical Laboratory",418.0,0.09420,1,"2024-07-03","A",,
"1a1be710-475c-4e42-b478-0eead5da26ea","D06","KING","KING.AOS.S2","KING.SS.20240701.FIL.3","A00000439633","2024-07-01T15:20Z","2024-07-01T15:20Z","Illinois State Water Survey Central Analytical Laboratory",582.0,0.07470,1,"2024-07-03","B",,
"7f9cac38-56ee-492a-a104-da6ed0b7c112","D06","KING","KING.AOS.S2","KING.SS.20240701.FIL","A00000439629","2024-07-01T15:20Z","2024-07-01T15:20Z","Illinois State Water Survey Central Analytical Laboratory",358.0,0.14530,1,"2024-07-03","B",,
"8af3cca1-134e-4c64-9aeb-3ad6539faad6","D06","KING","KING.AOS.S2","KING.SS.20240701.FIL.2","A00000439631","2024-07-01T15:20Z","2024-07-01T15:20Z","Illinois State Water Survey Central Analytical Laboratory",584.0,0.05190,1,"2024-07-03","A",,
"5c53e8f2-af39-4021-8e26-bf6617b035ac","D06","KING","KING.AOS.S2","KING.SS.20240701.FIL.3","A00000439633","2024-07-01T15:20Z","2024-07-01T15:20Z","Illinois State Water Survey Central Analytical Laboratory",236.0,0.52350,1,"2024-07-03","A",,
"bf976f7e-b8c8-477b-80d0-8c317f779832","D06","KING","KING.AOS.S2","KING.SS.20240701.FIL.2","A00000439631","2024-07-01T15:20Z","2024-07-01T15:20Z","Illinois State Water Survey Central Analytical Laboratory",360.0,0.14670,1,"2024-07-03","B",,
"7f004177-4243-49ba-b6b1-bfbd9ff620ba","D06","KING","KING.AOS.S2","KING.SS.20240701.FIL.3","A00000439633","2024-07-01T15:20Z","2024-07-01T15:20Z","Illinois State Water Survey Central Analytical Laboratory",492.0,0.09440,1,"2024-07-03","A",,
"70876b08-f210-4db3-ae11-e1e965f0653c","D06","KING","KING.AOS.S2","KING.SS.20240701.FIL","A00000439629","2024-07-01T15:20Z","2024-07-01T15:20Z","Illinois State Water Survey Central Analytical Laboratory",240.0,0.42890,1,"2024-07-03","A",,
"02ece2ce-24c9-441e-9a8e-d01c9648e635","D06","KING","KING.AOS.S2","KING.SS.20240701.FIL.3","A00000439633","2024-07-01T15:20Z","2024-07-01T15:20Z","Illinois State Water Survey Central Analytical Laboratory",252.0,0.45640,1,"2024-07-03","A",,
"6a8c6618-1f03-42e8-a51c-c16037ce102c","D06","KING","KING.AOS.S2","KING.SS.20240701.FIL.3","A00000439633","2024-07-01T15:20Z","2024-07-01T15:20Z","Illinois State Water Survey Central Analytical Laboratory",532.0,0.08390,1,"2024-07-03","A",,
"8f3b4905-cef1-4621-b70a-1d0907d21df5","D06","KING","KING.AOS.S2","KING.SS.20240701.FIL.2","A00000439631","2024-07-01T15:20Z","2024-07-01T15:20Z","Illinois State Water Survey Central Analytical Laboratory",282.0,0.31210,1,"2024-07-03","A",,
"55a1709e-069f-46da-9625-a7e8e1659c19","D06","KING","KING.AOS.S2","KING.SS.20240701.FIL.2","A00000439631","2024-07-01T15:20Z","2024-07-01T15:20Z","Illinois State Water Survey Central Analytical Laboratory",266.0,0.35840,1,"2024-07-03","B",,
"11f3c523-15df-459a-8040-aec91468932a","D06","KING","KING.AOS.S2","KING.SS.20240701.FIL","A00000439629","2024-07-01T15:20Z","2024-07-01T15:20Z","Illinois State Water Survey Central Analytical Laboratory",478.0,0.06710,1,"2024-07-03","B",,
"afb3e129-b1f5-4baf-b7ea-3fa0b030f8ee","D06","KING","KING.AOS.S2","KING.SS.20240701.FIL.2","A00000439631","2024-07-01T15:20Z","2024-07-01T15:20Z","Illinois State Water Survey Central Analytical Laboratory",300.0,0.26010,1,"2024-07-03","B",,
"fca38ec6-ebf3-4a90-a1b6-64a2c9d64f11","D06","KING","KING.AOS.S2","KING.SS.20240701.FIL.3","A00000439633","2024-07-01T15:20Z","2024-07-01T15:20Z","Illinois State Water Survey Central Analytical Laboratory",294.0,0.32600,1,"2024-07-03","A",,
"746800e7-1918-4315-b848-31c063c61546","D06","KING","KING.AOS.S2","KING.SS.20240701.FIL","A00000439629","2024-07-01T15:20Z","2024-07-01T15:20Z","Illinois State Water Survey Central Analytical Laboratory",442.0,0.07880,1,"2024-07-03","A",,
"55ee7083-6d74-4555-b229-a64d4e90764d","D06","KING","KING.AOS.S2","KING.SS.20240701.FIL.2","A00000439631","2024-07-01T15:20Z","2024-07-01T15:20Z","Illinois State Water Survey Central Analytical Laboratory",494.0,0.06700,1,"2024-07-03","A",,
"4342f17b-8415-4551-bdd4-f2a760231ac3","D06","KING","KING.AOS.S2","KING.SS.20240701.FIL.3","A00000439633","2024-07-01T15:20Z","2024-07-01T15:20Z","Illinois State Water Survey Central Analytical Laboratory",476.0,0.09910,1,"2024-07-03","A",,
"9715a83b-0810-43b0-9f6a-96942286b947","D06","KING","KING.AOS.S2","KING.SS.20240701.FIL.2","A00000439631","2024-07-01T15:20Z","2024-07-01T15:20Z","Illinois State Water Survey Central Analytical Laboratory",342.0,0.17200,1,"2024-07-03","B",,
"fd43eb95-21a0-484d-a73f-3a99b4d27afa","D06","KING","KING.AOS.S2","KING.SS.20240701.FIL.3","A00000439633","2024-07-01T15:20Z","2024-07-01T15:20Z","Illinois State Water Survey Central Analytical Laboratory",268.0,0.40950,1,"2024-07-03","B",,
"c0e60953-d711-4193-bb46-33a540c1e38c","D06","KING","KING.AOS.S2","KING.SS.20240701.FIL","A00000439629","2024-07-01T15:20Z","2024-07-01T15:20Z","Illinois State Water Survey Central Analytical Laboratory",420.0,0.08930,1,"2024-07-03","A",,
"a3746b97-a617-41f0-b647-a62b372e1ead","D06","KING","KING.AOS.S2","KING.SS.20240701.FIL","A00000439629","2024-07-01T15:20Z","2024-07-01T15:20Z","Illinois State Water Survey Central Analytical Laboratory",522.0,0.05810,1,"2024-07-03","B",,
"89b652be-48f1-4055-8159-8b9e9982a8ac","D06","KING","KING.AOS.S2","KING.SS.20240701.FIL.2","A00000439631","2024-07-01T15:20Z","2024-07-01T15:20Z","Illinois State Water Survey Central Analytical Laboratory",508.0,0.06390,1,"2024-07-03","B",,
"79a14a88-9632-4674-939b-7224fef0ce53","D06","KING","KING.AOS.S2","KING.SS.20240701.FIL.2","A00000439631","2024-07-01T15:20Z","2024-07-01T15:20Z","Illinois State Water Survey Central Analytical Laboratory",340.0,0.17560,1,"2024-07-03","B",,
"ddca7a5a-2777-4e9f-9c28-47c9d36b94d2","D06","KING","KING.AOS.S2","KING.SS.20240701.FIL.2","A00000439631","2024-07-01T15:20Z","2024-07-01T15:20Z","Illinois State Water Survey Central Analytical Laboratory",504.0,0.06470,1,"2024-07-03","A",,
"7925dcbf-01f4-44fb-8559-f025df83f4dd","D06","KING","KING.AOS.S2","KING.SS.20240701.FIL.2","A00000439631","2024-07-01T15:20Z","2024-07-01T15:20Z","Illinois State Water Survey Central Analytical Laboratory",312.0,0.22960,1,"2024-07-03","A",,
"7b909a39-0180-44b7-b201-eec8ed9884da","D06","KING","KING.AOS.S2","KING.SS.20240701.FIL.2","A00000439631","2024-07-01T15:20Z","2024-07-01T15:20Z","Illinois State Water Survey Central Analytical Laboratory",588.0,0.05240,1,"2024-07-03","B",,
"56187bde-d5e3-4821-b3e1-140f357219ca","D06","KING","KING.AOS.S2","KING.SS.20240701.FIL","A00000439629","2024-07-01T15:20Z","2024-07-01T15:20Z","Illinois State Water Survey Central Analytical Laboratory",598.0,0.04810,1,"2024-07-03","B",,
"12ba0ef8-82b7-491c-b45a-94ee916d037b","D06","KING","KING.AOS.S2","KING.SS.20240701.FIL.3","A00000439633","2024-07-01T15:20Z","2024-07-01T15:20Z","Illinois State Water Survey Central Analytical Laboratory",422.0,0.12350,1,"2024-07-03","B",,
"e32d76f2-fbc4-434f-9b3d-5eed59fc84c5","D06","KING","KING.AOS.S2","KING.SS.20240701.FIL","A00000439629","2024-07-01T15:20Z","2024-07-01T15:20Z","Illinois State Water Survey Central Analytical Laboratory",386.0,0.11460,1,"2024-07-03","B",,
"3b54735f-4762-4ff0-a800-42d2c581b7b3","D06","KING","KING.AOS.S2","KING.SS.20240701.FIL.2","A00000439631","2024-07-01T15:20Z","2024-07-01T15:20Z","Illinois State Water Survey Central Analytical Laboratory",378.0,0.12650,1,"2024-07-03","B",,
"98a4276a-885e-414c-ba4d-95e8ade09820","D06","KING","KING.AOS.S2","KING.SS.20240701.FIL.2","A00000439631","2024-07-01T15:20Z","2024-07-01T15:20Z","Illinois State Water Survey Central Analytical Laboratory",436.0,0.08580,1,"2024-07-03","B",,
"6202c8e6-3a24-4b03-8adb-3e426314a7f9","D06","KING","KING.AOS.S2","KING.SS.20240701.FIL.2","A00000439631","2024-07-01T15:20Z","2024-07-01T15:20Z","Illinois State Water Survey Central Analytical Laboratory",564.0,0.05440,1,"2024-07-03","A",,
"635f1342-bcc4-4369-9fb4-19ea7e91db5c","D06","KING","KING.AOS.S2","KING.SS.20240701.FIL","A00000439629","2024-07-01T15:20Z","2024-07-01T15:20Z","Illinois State Water Survey Central Analytical Laboratory",322.0,0.20560,1,"2024-07-03","B",,
"07fbfb03-84be-4c1d-b6da-6d307503031a","D06","KING","KING.AOS.S2","KING.SS.20240701.FIL.2","A00000439631","2024-07-01T15:20Z","2024-07-01T15:20Z","Illinois State Water Survey Central Analytical Laboratory",238.0,0.44810,1,"2024-07-03","A",,
"a292868c-e738-45ad-8f5a-300f25db2d83","D06","KING","KING.AOS.S2","KING.SS.20240701.FIL","A00000439629","2024-07-01T15:20Z","2024-07-01T15:20Z","Illinois State Water Survey Central Analytical Laboratory",346.0,0.15980,1,"2024-07-03","A",,
"a395f3a0-3e5b-47fc-816e-d477c3a4be9d","D06","KING","KING.AOS.S2","KING.SS.20240701.FIL.2","A00000439631","2024-07-01T15:20Z","2024-07-01T15:20Z","Illinois State Water Survey Central Analytical Laboratory",224.0,0.54020,1,"2024-07-03","B",,
"1f6fafc9-0794-4306-b9ef-df4d03172d79","D06","KING","KING.AOS.S2","KING.SS.20240701.FIL","A00000439629","2024-07-01T15:20Z","2024-07-01T15:20Z","Illinois State Water Survey Central Analytical Laboratory",498.0,0.06240,1,"2024-07-03","A",,
"c801e167-b1df-4cc4-94e4-c94dd10747f2","D06","KING","KING.AOS.S2","KING.SS.20240701.FIL.2","A00000439631","2024-07-01T15:20Z","2024-07-01T15:20Z","Illinois State Water Survey Central Analytical Laboratory",492.0,0.06760,1,"2024-07-03","B",,
"95297973-7012-429d-9b78-29743d0a6cc1","D06","KING","KING.AOS.S2","KING.SS.20240701.FIL","A00000439629","2024-07-01T15:20Z","2024-07-01T15:20Z","Illinois State Water Survey Central Analytical Laboratory",294.0,0.26780,1,"2024-07-03","A",,
"359d65fc-aba7-4641-8822-e3e204b44609","D06","KING","KING.AOS.S2","KING.SS.20240701.FIL","A00000439629","2024-07-01T15:20Z","2024-07-01T15:20Z","Illinois State Water Survey Central Analytical Laboratory",532.0,0.05640,1,"2024-07-03","B",,
"a355f839-5bc6-499b-9498-700608b2e923","D06","KING","KING.AOS.S2","KING.SS.20240701.FIL.3","A00000439633","2024-07-01T15:20Z","2024-07-01T15:20Z","Illinois State Water Survey Central Analytical Laboratory",472.0,0.10040,1,"2024-07-03","A",,
"8ec3c469-1449-4a61-84c1-0150d9c0267b","D06","KING","KING.AOS.S2","KING.SS.20240701.FIL.2","A00000439631","2024-07-01T15:20Z","2024-07-01T15:20Z","Illinois State Water Survey Central Analytical Laboratory",410.0,0.09910,1,"2024-07-03","A",,
"19386aab-5ba9-4766-94f5-612695377a2c","D06","KING","KING.AOS.S2","KING.SS.20240701.FIL.2","A00000439631","2024-07-01T15:20Z","2024-07-01T15:20Z","Illinois State Water Survey Central Analytical Laboratory",486.0,0.06900,1,"2024-07-03","A",,
"c8eea8d3-17b0-4305-8fb9-a350176c609e","D06","KING","KING.AOS.S2","KING.SS.20240701.FIL.3","A00000439633","2024-07-01T15:20Z","2024-07-01T15:20Z","Illinois State Water Survey Central Analytical Laboratory",586.0,0.07400,1,"2024-07-03","A",,
"2bab673b-c8a8-4cdb-aaf9-3847d0b9040b","D06","KING","KING.AOS.S2","KING.SS.20240701.FIL.3","A00000439633","2024-07-01T15:20Z","2024-07-01T15:20Z","Illinois State Water Survey Central Analytical Laboratory",230.0,0.56160,1,"2024-07-03","B",,
"39684df0-791b-44e5-af9c-817586cc5887","D06","KING","KING.AOS.S2","KING.SS.20240701.FIL.2","A00000439631","2024-07-01T15:20Z","2024-07-01T15:20Z","Illinois State Water Survey Central Analytical Laboratory",254.0,0.38810,1,"2024-07-03","A",,
"7045a523-8f96-49fd-b88b-fd194ead3f25","D06","KING","KING.AOS.S2","KING.SS.20240701.FIL.3","A00000439633","2024-07-01T15:20Z","2024-07-01T15:20Z","Illinois State Water Survey Central Analytical Laboratory",340.0,0.21680,1,"2024-07-03","A",,
"5e14a0d7-30ca-4ade-bfc4-fd0365c959f3","D06","KING","KING.AOS.S2","KING.SS.20240701.FIL","A00000439629","2024-07-01T15:20Z","2024-07-01T15:20Z","Illinois State Water Survey Central Analytical Laboratory",566.0,0.05190,1,"2024-07-03","B",,
"13573e3a-92f4-42f2-a460-68cba7a7bb89","D06","KING","KING.AOS.S2","KING.SS.20240701.FIL","A00000439629","2024-07-01T15:20Z","2024-07-01T15:20Z","Illinois State Water Survey Central Analytical Laboratory",470.0,0.06900,1,"2024-07-03","A",,
"4a3b5342-60f1-4999-9f1e-0ad4019b2be5","D06","KING","KING.AOS.S2","KING.SS.20240701.FIL.2","A00000439631","2024-07-01T15:20Z","2024-07-01T15:20Z","Illinois State Water Survey Central Analytical Laboratory",476.0,0.07150,1,"2024-07-03","A",,
"1957c06f-0d8d-45db-b6b2-d3f3bf82d9dd","D06","KING","KING.AOS.S2","KING.SS.20240701.FIL.2","A00000439631","2024-07-01T15:20Z","2024-07-01T15:20Z","Illinois State Water Survey Central Analytical Laboratory",340.0,0.17420,1,"2024-07-03","A",,
"86e463dd-a648-46ca-95f3-d1c44957f731","D06","KING","KING.AOS.S2","KING.SS.20240701.FIL.2","A00000439631","2024-07-01T15:20Z","2024-07-01T15:20Z","Illinois State Water Survey Central Analytical Laboratory",220.0,0.57640,1,"2024-07-03","B",,
"38fd0562-706c-409f-87f9-07e8d0184a28","D06","KING","KING.AOS.S2","KING.SS.20240701.FIL.3","A00000439633","2024-07-01T15:20Z","2024-07-01T15:20Z","Illinois State Water Survey Central Analytical Laboratory",320.0,0.25660,1,"2024-07-03","B",,
"a1118bde-2539-4230-9780-9311db06aaad","D06","KING","KING.AOS.S2","KING.SS.20240701.FIL.3","A00000439633","2024-07-01T15:20Z","2024-07-01T15:20Z","Illinois State Water Survey Central Analytical Laboratory",298.0,0.31390,1,"2024-07-03","A",,
"81cb4ce0-6823-46ce-b0c7-aa85ea007a6c","D06","KING","KING.AOS.S2","KING.SS.20240701.FIL.2","A00000439631","2024-07-01T15:20Z","2024-07-01T15:20Z","Illinois State Water Survey Central Analytical Laboratory",362.0,0.14440,1,"2024-07-03","B",,
"fedc2c7e-333c-4c81-981c-75357bafd31c","D06","KING","KING.AOS.S2","KING.SS.20240701.FIL.3","A00000439633","2024-07-01T15:20Z","2024-07-01T15:20Z","Illinois State Water Survey Central Analytical Laboratory",498.0,0.09270,1,"2024-07-03","A",,
"7d89a372-58dd-49ac-aeeb-72575bbbbce8","D06","KING","KING.AOS.S2","KING.SS.20240701.FIL.3","A00000439633","2024-07-01T15:20Z","2024-07-01T15:20Z","Illinois State Water Survey Central Analytical Laboratory",430.0,0.11830,1,"2024-07-03","B",,
"71ff441c-e514-4c3c-832f-1eedcb56fa68","D06","KING","KING.AOS.S2","KING.SS.20240701.FIL.2","A00000439631","2024-07-01T15:20Z","2024-07-01T15:20Z","Illinois State Water Survey Central Analytical Laboratory",466.0,0.07460,1,"2024-07-03","B",,
"7d8074eb-782f-49eb-aee3-b392bb6f7a68","D06","KING","KING.AOS.S2","KING.SS.20240701.FIL.3","A00000439633","2024-07-01T15:20Z","2024-07-01T15:20Z","Illinois State Water Survey Central Analytical Laboratory",484.0,0.09560,1,"2024-07-03","B",,
"f3b1816f-2235-4d92-8b95-94374bc2c9bf","D06","KING","KING.AOS.S2","KING.SS.20240701.FIL.2","A00000439631","2024-07-01T15:20Z","2024-07-01T15:20Z","Illinois State Water Survey Central Analytical Laboratory",228.0,0.50700,1,"2024-07-03","A",,
"834dff49-8c1d-4a82-b307-a6f30830c48f","D06","KING","KING.AOS.S2","KING.SS.20240701.FIL","A00000439629","2024-07-01T15:20Z","2024-07-01T15:20Z","Illinois State Water Survey Central Analytical Laboratory",430.0,0.08480,1,"2024-07-03","B",,
"5da0f093-aaef-43fb-a5ad-74834d94f519","D06","KING","KING.AOS.S2","KING.SS.20240701.FIL","A00000439629","2024-07-01T15:20Z","2024-07-01T15:20Z","Illinois State Water Survey Central Analytical Laboratory",276.0,0.32620,1,"2024-07-03","B",,
"1606536b-2767-4403-8fc8-39e8517e26bb","D06","KING","KING.AOS.S2","KING.SS.20240701.FIL","A00000439629","2024-07-01T15:20Z","2024-07-01T15:20Z","Illinois State Water Survey Central Analytical Laboratory",348.0,0.15700,1,"2024-07-03","A",,
"bbc82e0f-111a-44a1-a589-90ff040bd369","D06","KING","KING.AOS.S2","KING.SS.20240701.FIL","A00000439629","2024-07-01T15:20Z","2024-07-01T15:20Z","Illinois State Water Survey Central Analytical Laboratory",444.0,0.07860,1,"2024-07-03","B",,
"226e187c-c23b-46c6-b1ca-2f46bab828c7","D06","KING","KING.AOS.S2","KING.SS.20240701.FIL.2","A00000439631","2024-07-01T15:20Z","2024-07-01T15:20Z","Illinois State Water Survey Central Analytical Laboratory",498.0,0.06620,1,"2024-07-03","B",,
"37860108-ff15-4fa7-9902-a9161c3d3a38","D06","KING","KING.AOS.S2","KING.SS.20240701.FIL","A00000439629","2024-07-01T15:20Z","2024-07-01T15:20Z","Illinois State Water Survey Central Analytical Laboratory",522.0,0.05740,1,"2024-07-03","A",,
"c28f4d58-9f30-4d1d-b51f-aa2b70660fa3","D06","KING","KING.AOS.S2","KING.SS.20240701.FIL","A00000439629","2024-07-01T15:20Z","2024-07-01T15:20Z","Illinois State Water Survey Central Analytical Laboratory",484.0,0.06510,1,"2024-07-03","A",,
"ac7543bb-dff9-4d23-8726-f962af9976be","D06","KING","KING.AOS.S2","KING.SS.20240701.FIL.2","A00000439631","2024-07-01T15:20Z","2024-07-01T15:20Z","Illinois State Water Survey Central Analytical Laboratory",506.0,0.06460,1,"2024-07-03","A",,
"d3cdd72b-dfdc-4455-a08b-821892a22e6d","D06","KING","KING.AOS.S2","KING.SS.20240701.FIL","A00000439629","2024-07-01T15:20Z","2024-07-01T15:20Z","Illinois State Water Survey Central Analytical Laboratory",398.0,0.10470,1,"2024-07-03","B",,
"8495311a-1052-4564-8497-db6fb2cac085","D06","KING","KING.AOS.S2","KING.SS.20240701.FIL.2","A00000439631","2024-07-01T15:20Z","2024-07-01T15:20Z","Illinois State Water Survey Central Analytical Laboratory",250.0,0.39970,1,"2024-07-03","A",,
"ee4736ef-03d1-4f28-aae3-9011e182540a","D06","KING","KING.AOS.S2","KING.SS.20240701.FIL.2","A00000439631","2024-07-01T15:20Z","2024-07-01T15:20Z","Illinois State Water Survey Central Analytical Laboratory",320.0,0.21420,1,"2024-07-03","B",,
"9c87f5ad-24a8-4dc5-a0ce-c694d025532b","D06","KING","KING.AOS.S2","KING.SS.20240701.FIL","A00000439629","2024-07-01T15:20Z","2024-07-01T15:20Z","Illinois State Water Survey Central Analytical Laboratory",266.0,0.35300,1,"2024-07-03","B",,
"f04b9156-da47-4e50-9085-2285cf673250","D06","KING","KING.AOS.S2","KING.SS.20240701.FIL.3","A00000439633","2024-07-01T15:20Z","2024-07-01T15:20Z","Illinois State Water Survey Central Analytical Laboratory",302.0,0.30250,1,"2024-07-03","A",,
"4f75f190-e636-4e80-9a8f-e9fc9cabace7","D06","KING","KING.AOS.S2","KING.SS.20240701.FIL.3","A00000439633","2024-07-01T15:20Z","2024-07-01T15:20Z","Illinois State Water Survey Central Analytical Laboratory",332.0,0.23180,1,"2024-07-03","A",,
"b3e3f625-349f-404d-b98f-88e35c739130","D06","KING","KING.AOS.S2","KING.SS.20240701.FIL","A00000439629","2024-07-01T15:20Z","2024-07-01T15:20Z","Illinois State Water Survey Central Analytical Laboratory",458.0,0.07320,1,"2024-07-03","B",,
"6f57b745-50cc-4697-be49-80b017d7e302","D06","KING","KING.AOS.S2","KING.SS.20240701.FIL.2","A00000439631","2024-07-01T15:20Z","2024-07-01T15:20Z","Illinois State Water Survey Central Analytical Laboratory",446.0,0.08170,1,"2024-07-03","B",,
"037b640d-c02d-4b1f-8fc5-c7784eb4f3d6","D06","KING","KING.AOS.S2","KING.SS.20240701.FIL.3","A00000439633","2024-07-01T15:20Z","2024-07-01T15:20Z","Illinois State Water Survey Central Analytical Laboratory",428.0,0.11950,1,"2024-07-03","B",,
"49a1538c-6449-4380-867b-55a8468bacb8","D06","KING","KING.AOS.S2","KING.SS.20240701.FIL.2","A00000439631","2024-07-01T15:20Z","2024-07-01T15:20Z","Illinois State Water Survey Central Analytical Laboratory",230.0,0.49570,1,"2024-07-03","A",,
"8bb94cc7-f6e6-413a-91e3-be563e9421d4","D06","KING","KING.AOS.S2","KING.SS.20240701.FIL.3","A00000439633","2024-07-01T15:20Z","2024-07-01T15:20Z","Illinois State Water Survey Central Analytical Laboratory",314.0,0.26990,1,"2024-07-03","B",,
"5e992eb7-9073-410c-8bf5-603363b40c54","D06","KING","KING.AOS.S2","KING.SS.20240701.FIL.3","A00000439633","2024-07-01T15:20Z","2024-07-01T15:20Z","Illinois State Water Survey Central Analytical Laboratory",516.0,0.08770,1,"2024-07-03","A",,
"d79e54b6-14c2-4e2e-ac5f-ac70886029c4","D06","KING","KING.AOS.S2","KING.SS.20240701.FIL.2","A00000439631","2024-07-01T15:20Z","2024-07-01T15:20Z","Illinois State Water Survey Central Analytical Laboratory",464.0,0.07510,1,"2024-07-03","A",,
"7f6f93a1-8b3a-48f6-85e9-01878f5ad25e","D06","KING","KING.AOS.S2","KING.SS.20240701.FIL.2","A00000439631","2024-07-01T15:20Z","2024-07-01T15:20Z","Illinois State Water Survey Central Analytical Laboratory",412.0,0.09880,1,"2024-07-03","B",,
"cd66147d-ee56-4943-bc9f-37c8e65a73bf","D06","KING","KING.AOS.S2","KING.SS.20240701.FIL.3","A00000439633","2024-07-01T15:20Z","2024-07-01T15:20Z","Illinois State Water Survey Central Analytical Laboratory",370.0,0.17070,1,"2024-07-03","B",,
"d815dcc2-5315-4edd-a98a-bc96bfda5e62","D06","KING","KING.AOS.S2","KING.SS.20240701.FIL","A00000439629","2024-07-01T15:20Z","2024-07-01T15:20Z","Illinois State Water Survey Central Analytical Laboratory",458.0,0.07280,1,"2024-07-03","A",,
"5b13b0b6-481b-4d4f-9840-9adeb61feecd","D06","KING","KING.AOS.S2","KING.SS.20240701.FIL.2","A00000439631","2024-07-01T15:20Z","2024-07-01T15:20Z","Illinois State Water Survey Central Analytical Laboratory",470.0,0.07320,1,"2024-07-03","A",,
"e7e6ef55-9c6e-4176-9ffb-bab11e9550dd","D06","KING","KING.AOS.S2","KING.SS.20240701.FIL","A00000439629","2024-07-01T15:20Z","2024-07-01T15:20Z","Illinois State Water Survey Central Analytical Laboratory",302.0,0.24690,1,"2024-07-03","A",,
"c92f0b04-6753-4ea6-9e26-2f14a0a61969","D06","KING","KING.AOS.S2","KING.SS.20240701.FIL.2","A00000439631","2024-07-01T15:20Z","2024-07-01T15:20Z","Illinois State Water Survey Central Analytical Laboratory",528.0,0.06060,1,"2024-07-03","B",,
"8a3bf597-363e-462b-ac45-567fbdfb446b","D06","KING","KING.AOS.S2","KING.SS.20240701.FIL.3","A00000439633","2024-07-01T15:20Z","2024-07-01T15:20Z","Illinois State Water Survey Central Analytical Laboratory",584.0,0.07450,1,"2024-07-03","B",,
"c39e0f08-84c3-424d-9acc-9bd0ece8f9f5","D06","KING","KING.AOS.S2","KING.SS.20240701.FIL","A00000439629","2024-07-01T15:20Z","2024-07-01T15:20Z","Illinois State Water Survey Central Analytical Laboratory",352.0,0.15320,1,"2024-07-03","B",,
"23463616-2c3a-445e-87b5-dbadc6daa8c9","D06","KING","KING.AOS.S2","KING.SS.20240701.FIL","A00000439629","2024-07-01T15:20Z","2024-07-01T15:20Z","Illinois State Water Survey Central Analytical Laboratory",466.0,0.07020,1,"2024-07-03","A",,
"66c7b80a-e4a1-48e3-8a7a-e53a234de77a","D06","KING","KING.AOS.S2","KING.SS.20240701.FIL.2","A00000439631","2024-07-01T15:20Z","2024-07-01T15:20Z","Illinois State Water Survey Central Analytical Laboratory",252.0,0.39560,1,"2024-07-03","B",,
"c5478ea9-15eb-4d09-93d6-50b12ffc858e","D06","KING","KING.AOS.S2","KING.SS.20240701.FIL.2","A00000439631","2024-07-01T15:20Z","2024-07-01T15:20Z","Illinois State Water Survey Central Analytical Laboratory",462.0,0.07580,1,"2024-07-03","B",,
"a5676a69-f337-461e-9616-88dc1cb3984b","D06","KING","KING.AOS.S2","KING.SS.20240701.FIL","A00000439629","2024-07-01T15:20Z","2024-07-01T15:20Z","Illinois State Water Survey Central Analytical Laboratory",228.0,0.50320,1,"2024-07-03","B",,
"907a0776-e56d-4ac5-9f74-778381e06daf","D06","KING","KING.AOS.S2","KING.SS.20240701.FIL.2","A00000439631","2024-07-01T15:20Z","2024-07-01T15:20Z","Illinois State Water Survey Central Analytical Laboratory",600.0,0.05000,1,"2024-07-03","A",,
"d8bd916c-5c23-489f-a4ee-335cefdb6a21","D06","KING","KING.AOS.S2","KING.SS.20240701.FIL.3","A00000439633","2024-07-01T15:20Z","2024-07-01T15:20Z","Illinois State Water Survey Central Analytical Laboratory",326.0,0.24280,1,"2024-07-03","B",,
"833bb484-91e7-454e-8fc5-39ca446e5f06","D06","KING","KING.AOS.S2","KING.SS.20240701.FIL.3","A00000439633","2024-07-01T15:20Z","2024-07-01T15:20Z","Illinois State Water Survey Central Analytical Laboratory",340.0,0.21490,1,"2024-07-03","B",,
"96d635ee-1b3d-4c59-a138-a32bba03f954","D06","KING","KING.AOS.S2","KING.SS.20240701.FIL.3","A00000439633","2024-07-01T15:20Z","2024-07-01T15:20Z","Illinois State Water Survey Central Analytical Laboratory",506.0,0.09010,1,"2024-07-03","B",,
"04aacdf9-cce0-4903-8df3-e7bc80227537","D06","KING","KING.AOS.S2","KING.SS.20240701.FIL.3","A00000439633","2024-07-01T15:20Z","2024-07-01T15:20Z","Illinois State Water Survey Central Analytical Laboratory",346.0,0.20430,1,"2024-07-03","B",,
"88d2bb79-4571-4707-b44d-a40934f448be","D06","KING","KING.AOS.S2","KING.SS.20240701.FIL.3","A00000439633","2024-07-01T15:20Z","2024-07-01T15:20Z","Illinois State Water Survey Central Analytical Laboratory",456.0,0.10540,1,"2024-07-03","B",,
"a6510c97-8862-409a-b0bb-cdca81be34b6","D06","KING","KING.AOS.S2","KING.SS.20240701.FIL.2","A00000439631","2024-07-01T15:20Z","2024-07-01T15:20Z","Illinois State Water Survey Central Analytical Laboratory",560.0,0.05550,1,"2024-07-03","B",,
"4f190827-a8a6-4206-9750-c7503f5fc805","D06","KING","KING.AOS.S2","KING.SS.20240701.FIL.3","A00000439633","2024-07-01T15:20Z","2024-07-01T15:20Z","Illinois State Water Survey Central Analytical Laboratory",424.0,0.12210,1,"2024-07-03","B",,
"58740bb7-a23c-42ee-a04d-9b76f5a95fd3","D06","KING","KING.AOS.S2","KING.SS.20240701.FIL","A00000439629","2024-07-01T15:20Z","2024-07-01T15:20Z","Illinois State Water Survey Central Analytical Laboratory",464.0,0.07100,1,"2024-07-03","B",,
"996c1d66-88f3-4b82-b28d-aa1c84f43756","D06","KING","KING.AOS.S2","KING.SS.20240701.FIL","A00000439629","2024-07-01T15:20Z","2024-07-01T15:20Z","Illinois State Water Survey Central Analytical Laboratory",538.0,0.05560,1,"2024-07-03","B",,
"4b32c97b-efce-4a70-9e84-39ca11c12e71","D06","KING","KING.AOS.S2","KING.SS.20240701.FIL.3","A00000439633","2024-07-01T15:20Z","2024-07-01T15:20Z","Illinois State Water Survey Central Analytical Laboratory",574.0,0.07560,1,"2024-07-03","B",,
"8fade9e4-e87d-4149-bf96-5e966559c2ef","D06","KING","KING.AOS.S2","KING.SS.20240701.FIL.2","A00000439631","2024-07-01T15:20Z","2024-07-01T15:20Z","Illinois State Water Survey Central Analytical Laboratory",338.0,0.17740,1,"2024-07-03","A",,
"09f145f1-4123-4719-936b-3d5fa7f1e612","D06","KING","KING.AOS.S2","KING.SS.20240701.FIL.3","A00000439633","2024-07-01T15:20Z","2024-07-01T15:20Z","Illinois State Water Survey Central Analytical Laboratory",556.0,0.07880,1,"2024-07-03","B",,
"347e06a3-d20d-4b7a-8e39-1a8440ce50fd","D06","KING","KING.AOS.S2","KING.SS.20240701.FIL","A00000439629","2024-07-01T15:20Z","2024-07-01T15:20Z","Illinois State Water Survey Central Analytical Laboratory",388.0,0.11140,1,"2024-07-03","A",,
"19fa7eee-1bf8-4e29-880b-6c6967f4fc69","D06","KING","KING.AOS.S2","KING.SS.20240701.FIL","A00000439629","2024-07-01T15:20Z","2024-07-01T15:20Z","Illinois State Water Survey Central Analytical Laboratory",380.0,0.12040,1,"2024-07-03","B",,
"9d4b4a25-9cdd-4c8f-8bbd-712a58b692ca","D06","KING","KING.AOS.S2","KING.SS.20240701.FIL","A00000439629","2024-07-01T15:20Z","2024-07-01T15:20Z","Illinois State Water Survey Central Analytical Laboratory",450.0,0.07580,1,"2024-07-03","A",,
"dee6dd3e-737d-4ac5-9424-fca3a7eb03e8","D06","KING","KING.AOS.S2","KING.SS.20240701.FIL.3","A00000439633","2024-07-01T15:20Z","2024-07-01T15:20Z","Illinois State Water Survey Central Analytical Laboratory",598.0,0.07190,1,"2024-07-03","A",,
"0824e927-669c-4407-bd3e-3f654f2e6e3a","D06","KING","KING.AOS.S2","KING.SS.20240701.FIL.2","A00000439631","2024-07-01T15:20Z","2024-07-01T15:20Z","Illinois State Water Survey Central Analytical Laboratory",428.0,0.08980,1,"2024-07-03","B",,
"9eb9a1f7-ef14-4bc9-a603-b775d99f9945","D06","KING","KING.AOS.S2","KING.SS.20240701.FIL.3","A00000439633","2024-07-01T15:20Z","2024-07-01T15:20Z","Illinois State Water Survey Central Analytical Laboratory",458.0,0.10560,1,"2024-07-03","A",,
"c72d0a44-95ba-4b6c-95fc-9d46237adf6c","D06","KING","KING.AOS.S2","KING.SS.20240701.FIL.3","A00000439633","2024-07-01T15:20Z","2024-07-01T15:20Z","Illinois State Water Survey Central Analytical Laboratory",244.0,0.48480,1,"2024-07-03","A",,
"abdd5c49-e5ef-4a0f-b69f-c2c25f844e00","D06","KING","KING.AOS.S2","KING.SS.20240701.FIL.2","A00000439631","2024-07-01T15:20Z","2024-07-01T15:20Z","Illinois State Water Survey Central Analytical Laboratory",468.0,0.07390,1,"2024-07-03","B",,
"9b1b96e6-c324-484d-b3f2-92b432b9b691","D06","KING","KING.AOS.S2","KING.SS.20240701.FIL","A00000439629","2024-07-01T15:20Z","2024-07-01T15:20Z","Illinois State Water Survey Central Analytical Laboratory",584.0,0.04990,1,"2024-07-03","B",,
"f7fe4f4b-2215-4ed0-8178-324ea5626ee0","D06","KING","KING.AOS.S2","KING.SS.20240701.FIL.3","A00000439633","2024-07-01T15:20Z","2024-07-01T15:20Z","Illinois State Water Survey Central Analytical Laboratory",568.0,0.07660,1,"2024-07-03","A",,
"6d665cf7-29f8-448a-b748-d5817928f531","D06","KING","KING.AOS.S2","KING.SS.20240701.FIL","A00000439629","2024-07-01T15:20Z","2024-07-01T15:20Z","Illinois State Water Survey Central Analytical Laboratory",476.0,0.06730,1,"2024-07-03","A",,
"319449cf-6de3-4c57-9c17-ae6ce80bc481","D06","KING","KING.AOS.S2","KING.SS.20240701.FIL","A00000439629","2024-07-01T15:20Z","2024-07-01T15:20Z","Illinois State Water Survey Central Analytical Laboratory",332.0,0.18530,1,"2024-07-03","B",,
"d01dc891-b4d5-4d72-8b03-41266c01212d","D06","KING","KING.AOS.S2","KING.SS.20240701.FIL.2","A00000439631","2024-07-01T15:20Z","2024-07-01T15:20Z","Illinois State Water Survey Central Analytical Laboratory",400.0,0.10730,1,"2024-07-03","B",,
"55d38207-9e0b-47a8-b9f8-b334cf0f1745","D06","KING","KING.AOS.S2","KING.SS.20240701.FIL.2","A00000439631","2024-07-01T15:20Z","2024-07-01T15:20Z","Illinois State Water Survey Central Analytical Laboratory",514.0,0.06270,1,"2024-07-03","A",,
"5053e83f-0c5c-41e7-bb8c-5d09c40501f8","D06","KING","KING.AOS.S2","KING.SS.20240701.FIL","A00000439629","2024-07-01T15:20Z","2024-07-01T15:20Z","Illinois State Water Survey Central Analytical Laboratory",432.0,0.08370,1,"2024-07-03","B",,
"61bd3003-4083-4def-8c90-ce48e555341f","D06","KING","KING.AOS.S2","KING.SS.20240701.FIL.2","A00000439631","2024-07-01T15:20Z","2024-07-01T15:20Z","Illinois State Water Survey Central Analytical Laboratory",220.0,0.57280,1,"2024-07-03","A",,
"136689aa-8060-41eb-a89d-6524402b311d","D06","KING","KING.AOS.S2","KING.SS.20240701.FIL.2","A00000439631","2024-07-01T15:20Z","2024-07-01T15:20Z","Illinois State Water Survey Central Analytical Laboratory",582.0,0.05270,1,"2024-07-03","B",,
"ab9417d3-f73b-40a8-b51d-bc08da5053d9","D06","KING","KING.AOS.S2","KING.SS.20240701.FIL","A00000439629","2024-07-01T15:20Z","2024-07-01T15:20Z","Illinois State Water Survey Central Analytical Laboratory",510.0,0.05950,1,"2024-07-03","A",,
"17278f75-31d5-4559-a33e-db47b8757c9d","D06","KING","KING.AOS.S2","KING.SS.20240701.FIL.2","A00000439631","2024-07-01T15:20Z","2024-07-01T15:20Z","Illinois State Water Survey Central Analytical Laboratory",576.0,0.05320,1,"2024-07-03","B",,
"1ecadbec-de41-48c6-abc7-e9ecad4b67bc","D06","KING","KING.AOS.S2","KING.SS.20240701.FIL.3","A00000439633","2024-07-01T15:20Z","2024-07-01T15:20Z","Illinois State Water Survey Central Analytical Laboratory",324.0,0.24920,1,"2024-07-03","A",,
"f5274b5a-f43b-40ca-adf6-bd08e05feddf","D06","KING","KING.AOS.S2","KING.SS.20240701.FIL.2","A00000439631","2024-07-01T15:20Z","2024-07-01T15:20Z","Illinois State Water Survey Central Analytical Laboratory",272.0,0.34280,1,"2024-07-03","B",,
"41c14bdf-9190-480d-8d72-37ddda5046a8","D06","KING","KING.AOS.S2","KING.SS.20240701.FIL.3","A00000439633","2024-07-01T15:20Z","2024-07-01T15:20Z","Illinois State Water Survey Central Analytical Laboratory",234.0,0.53460,1,"2024-07-03","B",,
"3426cd31-c206-4a03-84d6-bfd4bd2409fc","D06","KING","KING.AOS.S2","KING.SS.20240701.FIL.3","A00000439633","2024-07-01T15:20Z","2024-07-01T15:20Z","Illinois State Water Survey Central Analytical Laboratory",322.0,0.25390,1,"2024-07-03","A",,
"aaedcd3a-a9e3-41c3-bd79-7ee4118434b9","D06","KING","KING.AOS.S2","KING.SS.20240701.FIL.3","A00000439633","2024-07-01T15:20Z","2024-07-01T15:20Z","Illinois State Water Survey Central Analytical Laboratory",486.0,0.09610,1,"2024-07-03","A",,
"8433f43f-8ab5-4cfc-b157-7a873d4d06d2","D06","KING","KING.AOS.S2","KING.SS.20240701.FIL","A00000439629","2024-07-01T15:20Z","2024-07-01T15:20Z","Illinois State Water Survey Central Analytical Laboratory",372.0,0.12740,1,"2024-07-03","A",,
"afd767c6-5fb4-4132-a96b-3cc66effee30","D06","KING","KING.AOS.S2","KING.SS.20240701.FIL.3","A00000439633","2024-07-01T15:20Z","2024-07-01T15:20Z","Illinois State Water Survey Central Analytical Laboratory",248.0,0.46800,1,"2024-07-03","B",,
"3f0f1987-350c-4847-a521-2d89040b830d","D06","KING","KING.AOS.S2","KING.SS.20240701.FIL.3","A00000439633","2024-07-01T15:20Z","2024-07-01T15:20Z","Illinois State Water Survey Central Analytical Laboratory",274.0,0.39180,1,"2024-07-03","B",,
"dc538d3c-1a56-4f86-9f40-9beac434f0a9","D06","KING","KING.AOS.S2","KING.SS.20240701.FIL.2","A00000439631","2024-07-01T15:20Z","2024-07-01T15:20Z","Illinois State Water Survey Central Analytical Laboratory",596.0,0.05140,1,"2024-07-03","B",,
"9ac6cff6-89c5-45a8-8aeb-3e491a4db0b7","D06","KING","KING.AOS.S2","KING.SS.20240701.FIL.2","A00000439631","2024-07-01T15:20Z","2024-07-01T15:20Z","Illinois State Water Survey Central Analytical Laboratory",460.0,0.07650,1,"2024-07-03","A",,
"101d6bad-6a79-427d-970f-aba7c693be2d","D06","KING","KING.AOS.S2","KING.SS.20240701.FIL.2","A00000439631","2024-07-01T15:20Z","2024-07-01T15:20Z","Illinois State Water Survey Central Analytical Laboratory",370.0,0.13510,1,"2024-07-03","B",,
"920862b7-7540-4114-829c-1384a8a8280e","D06","KING","KING.AOS.S2","KING.SS.20240701.FIL.2","A00000439631","2024-07-01T15:20Z","2024-07-01T15:20Z","Illinois State Water Survey Central Analytical Laboratory",496.0,0.06640,1,"2024-07-03","A",,
"4a238e65-5ac5-464f-8136-66d03058686a","D06","KING","KING.AOS.S2","KING.SS.20240701.FIL.3","A00000439633","2024-07-01T15:20Z","2024-07-01T15:20Z","Illinois State Water Survey Central Analytical Laboratory",590.0,0.07360,1,"2024-07-03","B",,
"9db58d33-d21b-4c94-85b4-8e8ff3da2ca5","D06","KING","KING.AOS.S2","KING.SS.20240701.FIL.2","A00000439631","2024-07-01T15:20Z","2024-07-01T15:20Z","Illinois State Water Survey Central Analytical Laboratory",362.0,0.14300,1,"2024-07-03","A",,
"77a390b1-1111-4617-95dd-6aa299456d90","D06","KING","KING.AOS.S2","KING.SS.20240701.FIL","A00000439629","2024-07-01T15:20Z","2024-07-01T15:20Z","Illinois State Water Survey Central Analytical Laboratory",446.0,0.07760,1,"2024-07-03","B",,
"ea9717de-cf96-418b-8e41-6055a88804c3","D06","KING","KING.AOS.S2","KING.SS.20240711.FIL","A00000439665","2024-07-11T15:23Z","2024-07-11T15:23Z","Illinois State Water Survey Central Analytical Laboratory",480.0,0.00076,5,"2024-07-15","A",,
"ea445a77-2004-409d-a86f-807d3126eae0","D06","KING","KING.AOS.S2","KING.SS.20240711.FIL","A00000439665","2024-07-11T15:23Z","2024-07-11T15:23Z","Illinois State Water Survey Central Analytical Laboratory",466.0,0.00072,5,"2024-07-15","A",,
"fbdc6541-d93d-4096-819f-8b357c4d0162","D06","KING","KING.AOS.S2","KING.SS.20240711.FIL","A00000439665","2024-07-11T15:23Z","2024-07-11T15:23Z","Illinois State Water Survey Central Analytical Laboratory",458.0,0.00080,5,"2024-07-15","A",,
"02634042-da3a-4d21-8d53-8b1fb849e9dd","D06","KING","KING.AOS.S2","KING.SS.20240711.FIL","A00000439665","2024-07-11T15:23Z","2024-07-11T15:23Z","Illinois State Water Survey Central Analytical Laboratory",380.0,0.00244,5,"2024-07-15","B",,
"9b52a810-0c0b-4f25-bf61-b54317d81c02","D06","KING","KING.AOS.S2","KING.SS.20240711.FIL","A00000439665","2024-07-11T15:23Z","2024-07-11T15:23Z","Illinois State Water Survey Central Analytical Laboratory",318.0,0.00700,5,"2024-07-15","A",,
"4601a13c-2688-4d1b-912d-9d30fe5ed4cf","D06","KING","KING.AOS.S2","KING.SS.20240711.FIL","A00000439665","2024-07-11T15:23Z","2024-07-11T15:23Z","Illinois State Water Survey Central Analytical Laboratory",296.0,0.01050,5,"2024-07-15","B",,
"7c0fc910-80ad-412f-a8ae-294f98bea9e0","D06","KING","KING.AOS.S2","KING.SS.20240711.FIL","A00000439665","2024-07-11T15:23Z","2024-07-11T15:23Z","Illinois State Water Survey Central Analytical Laboratory",508.0,0.00060,5,"2024-07-15","A",,
"e5ee2e53-336a-45d3-92cf-7f8ec82661de","D06","KING","KING.AOS.S2","KING.SS.20240711.FIL","A00000439665","2024-07-11T15:23Z","2024-07-11T15:23Z","Illinois State Water Survey Central Analytical Laboratory",362.0,0.00336,5,"2024-07-15","B",,
"9900c9f9-1b45-4293-bab0-e2e20dcca131","D06","KING","KING.AOS.S2","KING.SS.20240711.FIL","A00000439665","2024-07-11T15:23Z","2024-07-11T15:23Z","Illinois State Water Survey Central Analytical Laboratory",440.0,0.00110,5,"2024-07-15","A",,
"7c29ec41-c562-4593-bd70-9f8c0b45d5ef","D06","KING","KING.AOS.S2","KING.SS.20240711.FIL","A00000439665","2024-07-11T15:23Z","2024-07-11T15:23Z","Illinois State Water Survey Central Analytical Laboratory",312.0,0.00782,5,"2024-07-15","A",,
"bf36a1fd-93dc-4836-ab71-c052fb168490","D06","KING","KING.AOS.S2","KING.SS.20240711.FIL","A00000439665","2024-07-11T15:23Z","2024-07-11T15:23Z","Illinois State Water Survey Central Analytical Laboratory",462.0,0.00082,5,"2024-07-15","B",,
"5e17e786-2f4c-43d8-bd3c-f029aa85af3b","D06","KING","KING.AOS.S2","KING.SS.20240711.FIL","A00000439665","2024-07-11T15:23Z","2024-07-11T15:23Z","Illinois State Water Survey Central Analytical Laboratory",518.0,0.00060,5,"2024-07-15","A",,
"0ae7175d-4466-48d5-8b5e-324de9c3ab46","D06","KING","KING.AOS.S2","KING.SS.20240711.FIL","A00000439665","2024-07-11T15:23Z","2024-07-11T15:23Z","Illinois State Water Survey Central Analytical Laboratory",562.0,0.00042,5,"2024-07-15","A",,
"484afd80-13bf-47b6-bcdc-01d392890d45","D06","KING","KING.AOS.S2","KING.SS.20240711.FIL","A00000439665","2024-07-11T15:23Z","2024-07-11T15:23Z","Illinois State Water Survey Central Analytical Laboratory",506.0,0.00060,5,"2024-07-15","A",,
"42ad20f9-2975-4d5d-87d9-c306b2454b99","D06","KING","KING.AOS.S2","KING.SS.20240711.FIL","A00000439665","2024-07-11T15:23Z","2024-07-11T15:23Z","Illinois State Water Survey Central Analytical Laboratory",288.0,0.01220,5,"2024-07-15","B",,
"47f6bcb4-deb8-488b-8e3a-30b4fdc25c62","D06","KING","KING.AOS.S2","KING.SS.20240711.FIL","A00000439665","2024-07-11T15:23Z","2024-07-11T15:23Z","Illinois State Water Survey Central Analytical Laboratory",476.0,0.00088,5,"2024-07-15","B",,
"ae0d793d-9253-4db4-bb98-5d045550ff2d","D06","KING","KING.AOS.S2","KING.SS.20240711.FIL","A00000439665","2024-07-11T15:23Z","2024-07-11T15:23Z","Illinois State Water Survey Central Analytical Laboratory",440.0,0.00118,5,"2024-07-15","B",,
"3864941a-79ea-41a3-9632-5d5b35b5aae1","D06","KING","KING.AOS.S2","KING.SS.20240711.FIL","A00000439665","2024-07-11T15:23Z","2024-07-11T15:23Z","Illinois State Water Survey Central Analytical Laboratory",308.0,0.00848,5,"2024-07-15","B",,
"01c2f5fa-aa46-4a3f-9104-49ec633221ed","D06","KING","KING.AOS.S2","KING.SS.20240711.FIL","A00000439665","2024-07-11T15:23Z","2024-07-11T15:23Z","Illinois State Water Survey Central Analytical Laboratory",360.0,0.00344,5,"2024-07-15","A",,
"c59f0ae9-c28c-4b79-be16-5bf26ff4ccf8","D06","KING","KING.AOS.S2","KING.SS.20240711.FIL","A00000439665","2024-07-11T15:23Z","2024-07-11T15:23Z","Illinois State Water Survey Central Analytical Laboratory",250.0,0.02040,5,"2024-07-15","A",,
"fcd5ca84-2da7-4a27-9d7f-9847f134719e","D06","KING","KING.AOS.S2","KING.SS.20240711.FIL","A00000439665","2024-07-11T15:23Z","2024-07-11T15:23Z","Illinois State Water Survey Central Analytical Laboratory",534.0,0.00050,5,"2024-07-15","A",,
"90a1042c-8fbc-4cc2-87ff-ccdcae760429","D06","KING","KING.AOS.S2","KING.SS.20240711.FIL","A00000439665","2024-07-11T15:23Z","2024-07-11T15:23Z","Illinois State Water Survey Central Analytical Laboratory",474.0,0.00076,5,"2024-07-15","A",,
"31d91d2e-415b-4403-9110-1da4dd4fe1c1","D06","KING","KING.AOS.S2","KING.SS.20240711.FIL","A00000439665","2024-07-11T15:23Z","2024-07-11T15:23Z","Illinois State Water Survey Central Analytical Laboratory",274.0,0.01524,5,"2024-07-15","B",,
"0ca6028a-dce9-43ae-99a0-bad1ec93f361","D06","KING","KING.AOS.S2","KING.SS.20240711.FIL","A00000439665","2024-07-11T15:23Z","2024-07-11T15:23Z","Illinois State Water Survey Central Analytical Laboratory",438.0,0.00116,5,"2024-07-15","B",,
"8b58979d-746d-4d6c-848a-568087e0eb39","D06","KING","KING.AOS.S2","KING.SS.20240711.FIL","A00000439665","2024-07-11T15:23Z","2024-07-11T15:23Z","Illinois State Water Survey Central Analytical Laboratory",266.0,0.01688,5,"2024-07-15","B",,
"1d073db0-da29-4e10-afa3-b81562dc5a46","D06","KING","KING.AOS.S2","KING.SS.20240711.FIL","A00000439665","2024-07-11T15:23Z","2024-07-11T15:23Z","Illinois State Water Survey Central Analytical Laboratory",394.0,0.00196,5,"2024-07-15","B",,
"4a4727ad-0500-49b5-9e44-0e125b55d2c3","D06","KING","KING.AOS.S2","KING.SS.20240711.FIL","A00000439665","2024-07-11T15:23Z","2024-07-11T15:23Z","Illinois State Water Survey Central Analytical Laboratory",542.0,0.00070,5,"2024-07-15","B",,
"e9d68b6a-b769-47f4-a7c8-a1e19050e6da","D06","KING","KING.AOS.S2","KING.SS.20240711.FIL","A00000439665","2024-07-11T15:23Z","2024-07-11T15:23Z","Illinois State Water Survey Central Analytical Laboratory",226.0,0.03550,5,"2024-07-15","A",,
"564c094c-cebc-4eaf-8117-f9648b9be24f","D06","KING","KING.AOS.S2","KING.SS.20240711.FIL","A00000439665","2024-07-11T15:23Z","2024-07-11T15:23Z","Illinois State Water Survey Central Analytical Laboratory",558.0,0.00050,5,"2024-07-15","A",,
"783e1573-be01-4e2b-a120-764916668737","D06","KING","KING.AOS.S2","KING.SS.20240711.FIL","A00000439665","2024-07-11T15:23Z","2024-07-11T15:23Z","Illinois State Water Survey Central Analytical Laboratory",588.0,0.00030,5,"2024-07-15","A",,
"271af955-049d-4bcc-93aa-8c7569718a05","D06","KING","KING.AOS.S2","KING.SS.20240711.FIL","A00000439665","2024-07-11T15:23Z","2024-07-11T15:23Z","Illinois State Water Survey Central Analytical Laboratory",390.0,0.00208,5,"2024-07-15","B",,
"0f77b4f5-fee7-4169-9cca-349431d1741d","D06","KING","KING.AOS.S2","KING.SS.20240711.FIL","A00000439665","2024-07-11T15:23Z","2024-07-11T15:23Z","Illinois State Water Survey Central Analytical Laboratory",496.0,0.00066,5,"2024-07-15","A",,
"9b6d6dcc-fc8b-4982-9caa-e3422ad2cb05","D06","KING","KING.AOS.S2","KING.SS.20240711.FIL","A00000439665","2024-07-11T15:23Z","2024-07-11T15:23Z","Illinois State Water Survey Central Analytical Laboratory",458.0,0.00090,5,"2024-07-15","B",,
"6b388e75-88f6-4d55-9277-dd97da561a9f","D06","KING","KING.AOS.S2","KING.SS.20240711.FIL","A00000439665","2024-07-11T15:23Z","2024-07-11T15:23Z","Illinois State Water Survey Central Analytical Laboratory",234.0,0.02734,5,"2024-07-15","A",,
"bb4ad90e-e352-4b9c-92dd-2e8fe9243685","D06","KING","KING.AOS.S2","KING.SS.20240711.FIL","A00000439665","2024-07-11T15:23Z","2024-07-11T15:23Z","Illinois State Water Survey Central Analytical Laboratory",222.0,0.04258,5,"2024-07-15","A",,
"4e43939a-8259-4be4-aad7-eadd96c47ed3","D06","KING","KING.AOS.S2","KING.SS.20240711.FIL","A00000439665","2024-07-11T15:23Z","2024-07-11T15:23Z","Illinois State Water Survey Central Analytical Laboratory",368.0,0.00298,5,"2024-07-15","A",,
"1a07b67a-29c1-4161-ae64-7b3126b15dc5","D06","KING","KING.AOS.S2","KING.SS.20240711.FIL","A00000439665","2024-07-11T15:23Z","2024-07-11T15:23Z","Illinois State Water Survey Central Analytical Laboratory",434.0,0.00118,5,"2024-07-15","B",,
"f7d0017b-b12d-4a26-a050-534d8670d3c6","D06","KING","KING.AOS.S2","KING.SS.20240711.FIL","A00000439665","2024-07-11T15:23Z","2024-07-11T15:23Z","Illinois State Water Survey Central Analytical Laboratory",336.0,0.00516,5,"2024-07-15","B",,
"640b0126-64b6-45b3-b4a6-190f157bda25","D06","KING","KING.AOS.S2","KING.SS.20240711.FIL","A00000439665","2024-07-11T15:23Z","2024-07-11T15:23Z","Illinois State Water Survey Central Analytical Laboratory",374.0,0.00274,5,"2024-07-15","B",,
"4209d658-52c9-49f3-be62-d192214be71c","D06","KING","KING.AOS.S2","KING.SS.20240711.FIL","A00000439665","2024-07-11T15:23Z","2024-07-11T15:23Z","Illinois State Water Survey Central Analytical Laboratory",372.0,0.00280,5,"2024-07-15","B",,
"7e4a3d67-4019-4e5b-8706-f25ee543073f","D06","KING","KING.AOS.S2","KING.SS.20240711.FIL","A00000439665","2024-07-11T15:23Z","2024-07-11T15:23Z","Illinois State Water Survey Central Analytical Laboratory",312.0,0.00790,5,"2024-07-15","B",,
"4e4621f5-97eb-4a2b-a020-b3df409476c8","D06","KING","KING.AOS.S2","KING.SS.20240711.FIL","A00000439665","2024-07-11T15:23Z","2024-07-11T15:23Z","Illinois State Water Survey Central Analytical Laboratory",424.0,0.00132,5,"2024-07-15","A",,
"ecab6389-562f-47ed-8dde-533d3ddf1805","D06","KING","KING.AOS.S2","KING.SS.20240711.FIL","A00000439665","2024-07-11T15:23Z","2024-07-11T15:23Z","Illinois State Water Survey Central Analytical Laboratory",348.0,0.00426,5,"2024-07-15","B",,
"4cb9046b-ea53-4d50-9ee0-e25aa7890e4b","D06","KING","KING.AOS.S2","KING.SS.20240711.FIL","A00000439665","2024-07-11T15:23Z","2024-07-11T15:23Z","Illinois State Water Survey Central Analytical Laboratory",528.0,0.00074,5,"2024-07-15","B",,
"d855c03f-082d-4e27-9038-f0ea2ad703f9","D06","KING","KING.AOS.S2","KING.SS.20240711.FIL","A00000439665","2024-07-11T15:23Z","2024-07-11T15:23Z","Illinois State Water Survey Central Analytical Laboratory",576.0,0.00044,5,"2024-07-15","A",,
"c3ee29c1-5c72-41ab-ba56-b9af0edbd5d8","D06","KING","KING.AOS.S2","KING.SS.20240711.FIL","A00000439665","2024-07-11T15:23Z","2024-07-11T15:23Z","Illinois State Water Survey Central Analytical Laboratory",470.0,0.00086,5,"2024-07-15","B",,
"9600a58e-0250-4708-97a9-f0491c35f753","D06","KING","KING.AOS.S2","KING.SS.20240711.FIL","A00000439665","2024-07-11T15:23Z","2024-07-11T15:23Z","Illinois State Water Survey Central Analytical Laboratory",316.0,0.00732,5,"2024-07-15","A",,
"6cb40b24-23e9-4798-88df-f4450bf30bf3","D06","KING","KING.AOS.S2","KING.SS.20240711.FIL","A00000439665","2024-07-11T15:23Z","2024-07-11T15:23Z","Illinois State Water Survey Central Analytical Laboratory",244.0,0.02244,5,"2024-07-15","B",,
"579ec9b2-4cbf-408b-ad5a-04f59b2819b3","D06","KING","KING.AOS.S2","KING.SS.20240711.FIL","A00000439665","2024-07-11T15:23Z","2024-07-11T15:23Z","Illinois State Water Survey Central Analytical Laboratory",368.0,0.00300,5,"2024-07-15","B",,
"f059cfad-5ece-4863-80d8-2081a355ecdd","D06","KING","KING.AOS.S2","KING.SS.20240711.FIL","A00000439665","2024-07-11T15:23Z","2024-07-11T15:23Z","Illinois State Water Survey Central Analytical Laboratory",478.0,0.00076,5,"2024-07-15","A",,
"c95a2a74-8899-4797-9fa3-395a3ffd1bfe","D06","KING","KING.AOS.S2","KING.SS.20240711.FIL","A00000439665","2024-07-11T15:23Z","2024-07-11T15:23Z","Illinois State Water Survey Central Analytical Laboratory",424.0,0.00132,5,"2024-07-15","B",,
"be94f7b6-6923-4452-b9ed-9279580cbca2","D06","KING","KING.AOS.S2","KING.SS.20240711.FIL","A00000439665","2024-07-11T15:23Z","2024-07-11T15:23Z","Illinois State Water Survey Central Analytical Laboratory",286.0,0.01254,5,"2024-07-15","A",,
"9405ed74-877f-47a3-a69f-424b9d46cebd","D06","KING","KING.AOS.S2","KING.SS.20240711.FIL","A00000439665","2024-07-11T15:23Z","2024-07-11T15:23Z","Illinois State Water Survey Central Analytical Laboratory",596.0,0.00036,5,"2024-07-15","A",,
"b7ddf3df-ff73-4157-b7af-58bc9852c96e","D06","KING","KING.AOS.S2","KING.SS.20240711.FIL","A00000439665","2024-07-11T15:23Z","2024-07-11T15:23Z","Illinois State Water Survey Central Analytical Laboratory",248.0,0.02094,5,"2024-07-15","A",,
"7450a62a-e15f-4eaf-bfea-a79de161b16a","D06","KING","KING.AOS.S2","KING.SS.20240711.FIL","A00000439665","2024-07-11T15:23Z","2024-07-11T15:23Z","Illinois State Water Survey Central Analytical Laboratory",320.0,0.00684,5,"2024-07-15","B",,
"642856fe-728b-4ae6-8cd7-f4d8a83a7f91","D06","KING","KING.AOS.S2","KING.SS.20240711.FIL","A00000439665","2024-07-11T15:23Z","2024-07-11T15:23Z","Illinois State Water Survey Central Analytical Laboratory",562.0,0.00072,5,"2024-07-15","B",,
"cdec57d7-a7fc-4017-98cf-ac27b15763cf","D06","KING","KING.AOS.S2","KING.SS.20240711.FIL","A00000439665","2024-07-11T15:23Z","2024-07-11T15:23Z","Illinois State Water Survey Central Analytical Laboratory",306.0,0.00872,5,"2024-07-15","A",,
"19ecfdbb-3311-4834-8370-055d063a9a39","D06","KING","KING.AOS.S2","KING.SS.20240711.FIL","A00000439665","2024-07-11T15:23Z","2024-07-11T15:23Z","Illinois State Water Survey Central Analytical Laboratory",400.0,0.00186,5,"2024-07-15","A",,
"e20a8971-a492-4774-9fd1-d66d8a4ab9c8","D06","KING","KING.AOS.S2","KING.SS.20240711.FIL","A00000439665","2024-07-11T15:23Z","2024-07-11T15:23Z","Illinois State Water Survey Central Analytical Laboratory",488.0,0.00082,5,"2024-07-15","B",,
"88b07145-6a56-4d0a-93e0-4f62cc130cdd","D06","KING","KING.AOS.S2","KING.SS.20240711.FIL","A00000439665","2024-07-11T15:23Z","2024-07-11T15:23Z","Illinois State Water Survey Central Analytical Laboratory",350.0,0.00408,5,"2024-07-15","A",,
"e2f21ca2-d5df-4b47-ba84-9dcf67222f4b","D06","KING","KING.AOS.S2","KING.SS.20240711.FIL","A00000439665","2024-07-11T15:23Z","2024-07-11T15:23Z","Illinois State Water Survey Central Analytical Laboratory",568.0,0.00074,5,"2024-07-15","B",,
"38b626bc-0510-4429-ae6d-8db85da9bbc2","D06","KING","KING.AOS.S2","KING.SS.20240711.FIL","A00000439665","2024-07-11T15:23Z","2024-07-11T15:23Z","Illinois State Water Survey Central Analytical Laboratory",416.0,0.00130,5,"2024-07-15","A",,
"c3cdd096-68b7-4d19-8144-e09994b4f936","D06","KING","KING.AOS.S2","KING.SS.20240711.FIL","A00000439665","2024-07-11T15:23Z","2024-07-11T15:23Z","Illinois State Water Survey Central Analytical Laboratory",260.0,0.01798,5,"2024-07-15","A",,
"33d04444-59c1-408b-b477-d3a56604493e","D06","KING","KING.AOS.S2","KING.SS.20240711.FIL","A00000439665","2024-07-11T15:23Z","2024-07-11T15:23Z","Illinois State Water Survey Central Analytical Laboratory",266.0,0.01672,5,"2024-07-15","A",,
"cf653eaf-3543-49dd-9eb0-714d765a53a4","D06","KING","KING.AOS.S2","KING.SS.20240711.FIL","A00000439665","2024-07-11T15:23Z","2024-07-11T15:23Z","Illinois State Water Survey Central Analytical Laboratory",532.0,0.00068,5,"2024-07-15","B",,
"9f1907ef-68bf-41ae-89aa-00bb1a332bf2","D06","KING","KING.AOS.S2","KING.SS.20240711.FIL","A00000439665","2024-07-11T15:23Z","2024-07-11T15:23Z","Illinois State Water Survey Central Analytical Laboratory",292.0,0.01120,5,"2024-07-15","A",,
"8c409081-c975-4de3-880c-a2f5ef379522","D06","KING","KING.AOS.S2","KING.SS.20240711.FIL","A00000439665","2024-07-11T15:23Z","2024-07-11T15:23Z","Illinois State Water Survey Central Analytical Laboratory",382.0,0.00236,5,"2024-07-15","B",,
"7d62bc64-9656-41ba-93da-6e86733885c5","D06","KING","KING.AOS.S2","KING.SS.20240711.FIL","A00000439665","2024-07-11T15:23Z","2024-07-11T15:23Z","Illinois State Water Survey Central Analytical Laboratory",358.0,0.00364,5,"2024-07-15","B",,
"49f9db53-ac34-4c33-8975-b7b7dd0c37d0","D06","KING","KING.AOS.S2","KING.SS.20240711.FIL","A00000439665","2024-07-11T15:23Z","2024-07-11T15:23Z","Illinois State Water Survey Central Analytical Laboratory",384.0,0.00230,5,"2024-07-15","B",,
"27bf6826-380a-4f04-ada1-fa3319306710","D06","KING","KING.AOS.S2","KING.SS.20240711.FIL","A00000439665","2024-07-11T15:23Z","2024-07-11T15:23Z","Illinois State Water Survey Central Analytical Laboratory",228.0,0.03298,5,"2024-07-15","B",,
"30aac5d3-afa7-4428-88da-45db204e9a30","D06","KING","KING.AOS.S2","KING.SS.20240711.FIL","A00000439665","2024-07-11T15:23Z","2024-07-11T15:23Z","Illinois State Water Survey Central Analytical Laboratory",250.0,0.02056,5,"2024-07-15","B",,
"0131d8f5-b91b-4401-9ed2-2cf989ccb9f8","D06","KING","KING.AOS.S2","KING.SS.20240711.FIL","A00000439665","2024-07-11T15:23Z","2024-07-11T15:23Z","Illinois State Water Survey Central Analytical Laboratory",542.0,0.00052,5,"2024-07-15","A",,
"6b492f00-e24d-4081-b38a-ba3461b7462b","D06","KING","KING.AOS.S2","KING.SS.20240711.FIL","A00000439665","2024-07-11T15:23Z","2024-07-11T15:23Z","Illinois State Water Survey Central Analytical Laboratory",598.0,0.00042,5,"2024-07-15","A",,
"adf39562-3b44-4507-85da-743ab42c2453","D06","KING","KING.AOS.S2","KING.SS.20240711.FIL","A00000439665","2024-07-11T15:23Z","2024-07-11T15:23Z","Illinois State Water Survey Central Analytical Laboratory",412.0,0.00144,5,"2024-07-15","B",,
"5455cb15-6342-4acf-a680-bf542a00759b","D06","KING","KING.AOS.S2","KING.SS.20240711.FIL","A00000439665","2024-07-11T15:23Z","2024-07-11T15:23Z","Illinois State Water Survey Central Analytical Laboratory",338.0,0.00500,5,"2024-07-15","B",,
"bb16f6df-aaf6-43be-af3a-c52d9a52d696","D06","KING","KING.AOS.S2","KING.SS.20240711.FIL","A00000439665","2024-07-11T15:23Z","2024-07-11T15:23Z","Illinois State Water Survey Central Analytical Laboratory",600.0,0.00112,5,"2024-07-15","B",,
"1fe39781-7fb7-46e1-9e3a-0176c1cdd6f3","D06","KING","KING.AOS.S2","KING.SS.20240711.FIL","A00000439665","2024-07-11T15:23Z","2024-07-11T15:23Z","Illinois State Water Survey Central Analytical Laboratory",546.0,0.00052,5,"2024-07-15","A",,
"9e03e7f3-b0c0-4ce6-ab84-2baacd13390c","D06","KING","KING.AOS.S2","KING.SS.20240711.FIL","A00000439665","2024-07-11T15:23Z","2024-07-11T15:23Z","Illinois State Water Survey Central Analytical Laboratory",488.0,0.00074,5,"2024-07-15","A",,
"bb026a5e-b175-40b4-a95b-4885f23b3411","D06","KING","KING.AOS.S2","KING.SS.20240711.FIL","A00000439665","2024-07-11T15:23Z","2024-07-11T15:23Z","Illinois State Water Survey Central Analytical Laboratory",220.0,0.04724,5,"2024-07-15","B",,
"e1aca286-661f-4b3a-b3a8-b4445dc8edc3","D06","KING","KING.AOS.S2","KING.SS.20240711.FIL","A00000439665","2024-07-11T15:23Z","2024-07-11T15:23Z","Illinois State Water Survey Central Analytical Laboratory",426.0,0.00126,5,"2024-07-15","A",,
"d2503303-10f3-48ff-95a3-fc31709c2e6e","D06","KING","KING.AOS.S2","KING.SS.20240711.FIL","A00000439665","2024-07-11T15:23Z","2024-07-11T15:23Z","Illinois State Water Survey Central Analytical Laboratory",410.0,0.00150,5,"2024-07-15","A",,
"fc525518-7af6-49fd-8c55-a82d51935cf1","D06","KING","KING.AOS.S2","KING.SS.20240711.FIL","A00000439665","2024-07-11T15:23Z","2024-07-11T15:23Z","Illinois State Water Survey Central Analytical Laboratory",232.0,0.02920,5,"2024-07-15","B",,
"88b8ca43-006a-4e15-8318-0ae525cde132","D06","KING","KING.AOS.S2","KING.SS.20240711.FIL","A00000439665","2024-07-11T15:23Z","2024-07-11T15:23Z","Illinois State Water Survey Central Analytical Laboratory",304.0,0.00914,5,"2024-07-15","B",,
"c647e628-4623-4ca9-8ca8-31831002f2dd","D06","KING","KING.AOS.S2","KING.SS.20240711.FIL","A00000439665","2024-07-11T15:23Z","2024-07-11T15:23Z","Illinois State Water Survey Central Analytical Laboratory",324.0,0.00640,5,"2024-07-15","B",,
"0118f15f-2871-4902-b4ad-49e393f7fe12","D06","KING","KING.AOS.S2","KING.SS.20240711.FIL","A00000439665","2024-07-11T15:23Z","2024-07-11T15:23Z","Illinois State Water Survey Central Analytical Laboratory",224.0,0.03878,5,"2024-07-15","A",,
"b245c9a1-ad7b-4169-bdd8-d844c8b54242","D06","KING","KING.AOS.S2","KING.SS.20240711.FIL","A00000439665","2024-07-11T15:23Z","2024-07-11T15:23Z","Illinois State Water Survey Central Analytical Laboratory",570.0,0.00076,5,"2024-07-15","B",,
"18cf18d3-5752-48e9-9708-0f272d60d2aa","D06","KING","KING.AOS.S2","KING.SS.20240711.FIL","A00000439665","2024-07-11T15:23Z","2024-07-11T15:23Z","Illinois State Water Survey Central Analytical Laboratory",468.0,0.00076,5,"2024-07-15","A",,
"aca20fe9-1bc3-485d-af73-bc911fc516d8","D06","KING","KING.AOS.S2","KING.SS.20240711.FIL","A00000439665","2024-07-11T15:23Z","2024-07-11T15:23Z","Illinois State Water Survey Central Analytical Laboratory",382.0,0.00234,5,"2024-07-15","A",,
"ac4d3008-e7b9-4e14-a397-f4260fdca2b4","D06","KING","KING.AOS.S2","KING.SS.20240711.FIL","A00000439665","2024-07-11T15:23Z","2024-07-11T15:23Z","Illinois State Water Survey Central Analytical Laboratory",358.0,0.00358,5,"2024-07-15","A",,
"3f174760-71ad-46f7-aa0f-6a92760eb977","D06","KING","KING.AOS.S2","KING.SS.20240711.FIL","A00000439665","2024-07-11T15:23Z","2024-07-11T15:23Z","Illinois State Water Survey Central Analytical Laboratory",300.0,0.00970,5,"2024-07-15","A",,
"6e06d286-7379-4c6b-a63a-f974a0047a08","D06","KING","KING.AOS.S2","KING.SS.20240711.FIL","A00000439665","2024-07-11T15:23Z","2024-07-11T15:23Z","Illinois State Water Survey Central Analytical Laboratory",550.0,0.00074,5,"2024-07-15","B",,
"83bb0cea-198d-45e8-ab65-6f48c3cb6420","D06","KING","KING.AOS.S2","KING.SS.20240711.FIL","A00000439665","2024-07-11T15:23Z","2024-07-11T15:23Z","Illinois State Water Survey Central Analytical Laboratory",554.0,0.00070,5,"2024-07-15","B",,
"ecaac105-d705-42e8-8903-1dcd7e1cf728","D06","KING","KING.AOS.S2","KING.SS.20240711.FIL","A00000439665","2024-07-11T15:23Z","2024-07-11T15:23Z","Illinois State Water Survey Central Analytical Laboratory",246.0,0.02162,5,"2024-07-15","B",,
"b3f615c3-cfd6-44dd-aacd-6af1a0f7815f","D06","KING","KING.AOS.S2","KING.SS.20240711.FIL","A00000439665","2024-07-11T15:23Z","2024-07-11T15:23Z","Illinois State Water Survey Central Analytical Laboratory",420.0,0.00130,5,"2024-07-15","A",,
"1f54e177-d108-4989-bc63-540895730c06","D06","KING","KING.AOS.S2","KING.SS.20240711.FIL","A00000439665","2024-07-11T15:23Z","2024-07-11T15:23Z","Illinois State Water Survey Central Analytical Laboratory",220.0,0.04690,5,"2024-07-15","A",,
"4372ef54-ff0f-4d12-88e0-735b1a247615","D06","KING","KING.AOS.S2","KING.SS.20240711.FIL","A00000439665","2024-07-11T15:23Z","2024-07-11T15:23Z","Illinois State Water Survey Central Analytical Laboratory",328.0,0.00592,5,"2024-07-15","B",,
"87f7ae3f-4e4a-4b68-8b26-952136ae9e3b","D06","KING","KING.AOS.S2","KING.SS.20240711.FIL","A00000439665","2024-07-11T15:23Z","2024-07-11T15:23Z","Illinois State Water Survey Central Analytical Laboratory",304.0,0.00904,5,"2024-07-15","A",,
"a396d4e5-c72b-46f2-9e55-913f1dfe64f3","D06","KING","KING.AOS.S2","KING.SS.20240711.FIL","A00000439665","2024-07-11T15:23Z","2024-07-11T15:23Z","Illinois State Water Survey Central Analytical Laboratory",336.0,0.00510,5,"2024-07-15","A",,
"72f4f65d-283e-45c5-9d42-ddf3cd995980","D06","KING","KING.AOS.S2","KING.SS.20240711.FIL","A00000439665","2024-07-11T15:23Z","2024-07-11T15:23Z","Illinois State Water Survey Central Analytical Laboratory",238.0,0.02488,5,"2024-07-15","A",,
"efdb6ab2-5a2d-492b-ad98-e85125238cde","D06","KING","KING.AOS.S2","KING.SS.20240711.FIL","A00000439665","2024-07-11T15:23Z","2024-07-11T15:23Z","Illinois State Water Survey Central Analytical Laboratory",282.0,0.01340,5,"2024-07-15","A",,
"30981328-c559-4dea-9c0c-d9d433635959","D06","KING","KING.AOS.S2","KING.SS.20240711.FIL","A00000439665","2024-07-11T15:23Z","2024-07-11T15:23Z","Illinois State Water Survey Central Analytical Laboratory",564.0,0.00076,5,"2024-07-15","B",,
"46ca0378-0ec9-4d9a-b515-d731a061f42b","D06","KING","KING.AOS.S2","KING.SS.20240711.FIL","A00000439665","2024-07-11T15:23Z","2024-07-11T15:23Z","Illinois State Water Survey Central Analytical Laboratory",328.0,0.00584,5,"2024-07-15","A",,
"a866c301-7dc9-4e4b-9a18-a727c91d5d64","D06","KING","KING.AOS.S2","KING.SS.20240711.FIL","A00000439665","2024-07-11T15:23Z","2024-07-11T15:23Z","Illinois State Water Survey Central Analytical Laboratory",486.0,0.00072,5,"2024-07-15","A",,
"ef62aa19-4c93-485e-9f53-a5f0cd4eceb9","D06","KING","KING.AOS.S2","KING.SS.20240711.FIL","A00000439665","2024-07-11T15:23Z","2024-07-11T15:23Z","Illinois State Water Survey Central Analytical Laboratory",276.0,0.01470,5,"2024-07-15","A",,
"c8ec100f-225f-4e0b-9303-9abfa4f90356","D06","KING","KING.AOS.S2","KING.SS.20240711.FIL","A00000439665","2024-07-11T15:23Z","2024-07-11T15:23Z","Illinois State Water Survey Central Analytical Laboratory",492.0,0.00084,5,"2024-07-15","B",,
"33cdf4c9-00eb-400f-85a6-d5109f2508bc","D06","KING","KING.AOS.S2","KING.SS.20240711.FIL","A00000439665","2024-07-11T15:23Z","2024-07-11T15:23Z","Illinois State Water Survey Central Analytical Laboratory",464.0,0.00082,5,"2024-07-15","B",,
"2140921a-230d-4619-857f-ca5797f9ce33","D06","KING","KING.AOS.S2","KING.SS.20240711.FIL","A00000439665","2024-07-11T15:23Z","2024-07-11T15:23Z","Illinois State Water Survey Central Analytical Laboratory",582.0,0.00080,5,"2024-07-15","B",,
"7d66b974-28a6-4706-bcda-c1e071f674ae","D06","KING","KING.AOS.S2","KING.SS.20240711.FIL","A00000439665","2024-07-11T15:23Z","2024-07-11T15:23Z","Illinois State Water Survey Central Analytical Laboratory",326.0,0.00612,5,"2024-07-15","B",,
"afcfc4b0-af44-4c6d-98c4-ebdb55781e56","D06","KING","KING.AOS.S2","KING.SS.20240711.FIL","A00000439665","2024-07-11T15:23Z","2024-07-11T15:23Z","Illinois State Water Survey Central Analytical Laboratory",348.0,0.00420,5,"2024-07-15","A",,
"90e1f763-d13f-47da-8d97-3658c153250d","D06","KING","KING.AOS.S2","KING.SS.20240711.FIL","A00000439665","2024-07-11T15:23Z","2024-07-11T15:23Z","Illinois State Water Survey Central Analytical Laboratory",254.0,0.01936,5,"2024-07-15","A",,
"95c65add-08ee-4819-91f6-577d4afb6ebf","D06","KING","KING.AOS.S2","KING.SS.20240711.FIL","A00000439665","2024-07-11T15:23Z","2024-07-11T15:23Z","Illinois State Water Survey Central Analytical Laboratory",286.0,0.01268,5,"2024-07-15","B",,
"f4235d60-f18e-48a1-bdec-e44708692473","D06","KING","KING.AOS.S2","KING.SS.20240711.FIL","A00000439665","2024-07-11T15:23Z","2024-07-11T15:23Z","Illinois State Water Survey Central Analytical Laboratory",376.0,0.00262,5,"2024-07-15","A",,
"117c299a-557e-425d-b163-1fb7c52c204b","D06","KING","KING.AOS.S2","KING.SS.20240711.FIL","A00000439665","2024-07-11T15:23Z","2024-07-11T15:23Z","Illinois State Water Survey Central Analytical Laboratory",570.0,0.00046,5,"2024-07-15","A",,
"c4be9f17-96d5-40ff-a38b-2b05d5a3e474","D06","KING","KING.AOS.S2","KING.SS.20240711.FIL","A00000439665","2024-07-11T15:23Z","2024-07-11T15:23Z","Illinois State Water Survey Central Analytical Laboratory",518.0,0.00072,5,"2024-07-15","B",,
"303de438-16f6-4f6c-bd38-cfd067327672","D06","KING","KING.AOS.S2","KING.SS.20240711.FIL","A00000439665","2024-07-11T15:23Z","2024-07-11T15:23Z","Illinois State Water Survey Central Analytical Laboratory",236.0,0.02598,5,"2024-07-15","A",,
"4cc84bed-08d5-491d-a3fa-ce5b54257cf7","D06","KING","KING.AOS.S2","KING.SS.20240711.FIL","A00000439665","2024-07-11T15:23Z","2024-07-11T15:23Z","Illinois State Water Survey Central Analytical Laboratory",452.0,0.00098,5,"2024-07-15","B",,
"bc699059-ea45-4544-8113-00150d19fe7e","D06","KING","KING.AOS.S2","KING.SS.20240711.FIL","A00000439665","2024-07-11T15:23Z","2024-07-11T15:23Z","Illinois State Water Survey Central Analytical Laboratory",292.0,0.01134,5,"2024-07-15","B",,
"d49eedda-3fb6-492d-ab7a-a65b27928e15","D06","KING","KING.AOS.S2","KING.SS.20240711.FIL","A00000439665","2024-07-11T15:23Z","2024-07-11T15:23Z","Illinois State Water Survey Central Analytical Laboratory",528.0,0.00058,5,"2024-07-15","A",,
"e0e04b4f-b72a-4003-9aac-f33481adde05","D06","KING","KING.AOS.S2","KING.SS.20240711.FIL","A00000439665","2024-07-11T15:23Z","2024-07-11T15:23Z","Illinois State Water Survey Central Analytical Laboratory",234.0,0.02750,5,"2024-07-15","B",,
"6e702489-3296-4e04-a961-8b1eb4c8ed85","D06","KING","KING.AOS.S2","KING.SS.20240711.FIL","A00000439665","2024-07-11T15:23Z","2024-07-11T15:23Z","Illinois State Water Survey Central Analytical Laboratory",362.0,0.00334,5,"2024-07-15","A",,
"1a3614a3-e3bb-4f83-9e9f-548867091131","D06","KING","KING.AOS.S2","KING.SS.20240711.FIL","A00000439665","2024-07-11T15:23Z","2024-07-11T15:23Z","Illinois State Water Survey Central Analytical Laboratory",584.0,0.00084,5,"2024-07-15","B",,
"4b19d21d-8405-45d0-9540-4ab56d58420c","D06","KING","KING.AOS.S2","KING.SS.20240711.FIL","A00000439665","2024-07-11T15:23Z","2024-07-11T15:23Z","Illinois State Water Survey Central Analytical Laboratory",536.0,0.00070,5,"2024-07-15","B",,
"ba58a797-293a-4c47-bb8b-a4ed0e579ac0","D06","KING","KING.AOS.S2","KING.SS.20240711.FIL","A00000439665","2024-07-11T15:23Z","2024-07-11T15:23Z","Illinois State Water Survey Central Analytical Laboratory",342.0,0.00466,5,"2024-07-15","B",,
"9b0660b1-b0c4-428d-8f07-4969ed7a9c74","D06","KING","KING.AOS.S2","KING.SS.20240711.FIL","A00000439665","2024-07-11T15:23Z","2024-07-11T15:23Z","Illinois State Water Survey Central Analytical Laboratory",442.0,0.00108,5,"2024-07-15","B",,
"2439dbaa-2ce3-4291-96be-f81a8ce62211","D06","KING","KING.AOS.S2","KING.SS.20240711.FIL","A00000439665","2024-07-11T15:23Z","2024-07-11T15:23Z","Illinois State Water Survey Central Analytical Laboratory",400.0,0.00182,5,"2024-07-15","B",,
"49e5def0-b0a0-4b14-babf-f30e25655742","D06","KING","KING.AOS.S2","KING.SS.20240711.FIL","A00000439665","2024-07-11T15:23Z","2024-07-11T15:23Z","Illinois State Water Survey Central Analytical Laboratory",376.0,0.00264,5,"2024-07-15","B",,
"2f0f66da-70b1-42ca-bcaa-d0c516458643","D06","KING","KING.AOS.S2","KING.SS.20240711.FIL","A00000439665","2024-07-11T15:23Z","2024-07-11T15:23Z","Illinois State Water Survey Central Analytical Laboratory",548.0,0.00052,5,"2024-07-15","A",,
"7773859e-5a86-4ba0-bc97-dacd766ded42","D06","KING","KING.AOS.S2","KING.SS.20240711.FIL","A00000439665","2024-07-11T15:23Z","2024-07-11T15:23Z","Illinois State Water Survey Central Analytical Laboratory",452.0,0.00088,5,"2024-07-15","A",,
"c4c3afdf-cf07-4354-9d27-44cf770d2871","D06","KING","KING.AOS.S2","KING.SS.20240711.FIL","A00000439665","2024-07-11T15:23Z","2024-07-11T15:23Z","Illinois State Water Survey Central Analytical Laboratory",426.0,0.00124,5,"2024-07-15","B",,
"a886466c-ea81-405f-be9f-744cfa1440b8","D06","KING","KING.AOS.S2","KING.SS.20240711.FIL","A00000439665","2024-07-11T15:23Z","2024-07-11T15:23Z","Illinois State Water Survey Central Analytical Laboratory",600.0,0.00048,5,"2024-07-15","A",,
"bdfc75af-91aa-43b0-8150-9884c9b0174a","D06","KING","KING.AOS.S2","KING.SS.20240711.FIL","A00000439665","2024-07-11T15:23Z","2024-07-11T15:23Z","Illinois State Water Survey Central Analytical Laboratory",316.0,0.00738,5,"2024-07-15","B",,
"5baf526d-d7b8-46e6-8833-2d0747e4c578","D06","KING","KING.AOS.S2","KING.SS.20240711.FIL","A00000439665","2024-07-11T15:23Z","2024-07-11T15:23Z","Illinois State Water Survey Central Analytical Laboratory",410.0,0.00148,5,"2024-07-15","B",,
"8c64f451-aefa-4339-9fe6-26dd5a86711c","D06","KING","KING.AOS.S2","KING.SS.20240711.FIL","A00000439665","2024-07-11T15:23Z","2024-07-11T15:23Z","Illinois State Water Survey Central Analytical Laboratory",572.0,0.00042,5,"2024-07-15","A",,
"cdd4a61d-1218-4ccb-b44c-6659a7018262","D06","KING","KING.AOS.S2","KING.SS.20240711.FIL","A00000439665","2024-07-11T15:23Z","2024-07-11T15:23Z","Illinois State Water Survey Central Analytical Laboratory",252.0,0.01978,5,"2024-07-15","A",,
"e99de384-cd4a-4c45-89f3-9878e8557e34","D06","KING","KING.AOS.S2","KING.SS.20240711.FIL","A00000439665","2024-07-11T15:23Z","2024-07-11T15:23Z","Illinois State Water Survey Central Analytical Laboratory",432.0,0.00116,5,"2024-07-15","A",,
"9eaff970-d958-48b0-aff4-54699dc131fc","D06","KING","KING.AOS.S2","KING.SS.20240711.FIL","A00000439665","2024-07-11T15:23Z","2024-07-11T15:23Z","Illinois State Water Survey Central Analytical Laboratory",270.0,0.01600,5,"2024-07-15","B",,
"4d00af70-f99d-41ee-a225-f9073bc6393d","D06","KING","KING.AOS.S2","KING.SS.20240711.FIL","A00000439665","2024-07-11T15:23Z","2024-07-11T15:23Z","Illinois State Water Survey Central Analytical Laboratory",392.0,0.00202,5,"2024-07-15","B",,
"22eb59b6-8c30-4c02-b184-19cf0cd30c0d","D06","KING","KING.AOS.S2","KING.SS.20240711.FIL","A00000439665","2024-07-11T15:23Z","2024-07-11T15:23Z","Illinois State Water Survey Central Analytical Laboratory",498.0,0.00064,5,"2024-07-15","A",,
"6c21e1ea-eedf-4241-ac1b-4cb2c3d3c55a","D06","KING","KING.AOS.S2","KING.SS.20240711.FIL","A00000439665","2024-07-11T15:23Z","2024-07-11T15:23Z","Illinois State Water Survey Central Analytical Laboratory",366.0,0.00310,5,"2024-07-15","A",,
"dcbf7ca1-6c1d-461e-be79-fbfd7a8cf979","D06","KING","KING.AOS.S2","KING.SS.20240711.FIL","A00000439665","2024-07-11T15:23Z","2024-07-11T15:23Z","Illinois State Water Survey Central Analytical Laboratory",300.0,0.00982,5,"2024-07-15","B",,
"e3367a2e-c600-438a-9fac-cef0487f617d","D06","KING","KING.AOS.S2","KING.SS.20240711.FIL","A00000439665","2024-07-11T15:23Z","2024-07-11T15:23Z","Illinois State Water Survey Central Analytical Laboratory",340.0,0.00484,5,"2024-07-15","B",,
"eff342c7-5e74-4c78-9e19-9b99f3aa431c","D06","KING","KING.AOS.S2","KING.SS.20240711.FIL","A00000439665","2024-07-11T15:23Z","2024-07-11T15:23Z","Illinois State Water Survey Central Analytical Laboratory",274.0,0.01508,5,"2024-07-15","A",,
"b3fe300c-fb5d-4056-a865-77eb56d712fa","D06","KING","KING.AOS.S2","KING.SS.20240711.FIL","A00000439665","2024-07-11T15:23Z","2024-07-11T15:23Z","Illinois State Water Survey Central Analytical Laboratory",314.0,0.00750,5,"2024-07-15","A",,
"ca6cb0fd-6eed-4283-b744-59f4429b8e8b","D06","KING","KING.AOS.S2","KING.SS.20240711.FIL","A00000439665","2024-07-11T15:23Z","2024-07-11T15:23Z","Illinois State Water Survey Central Analytical Laboratory",456.0,0.00082,5,"2024-07-15","A",,
"2a947273-cd6f-45d2-9dbb-c8347791d140","D06","KING","KING.AOS.S2","KING.SS.20240711.FIL","A00000439665","2024-07-11T15:23Z","2024-07-11T15:23Z","Illinois State Water Survey Central Analytical Laboratory",394.0,0.00196,5,"2024-07-15","A",,
"30efa585-258f-4502-b5d3-6a1af67b0900","D06","KING","KING.AOS.S2","KING.SS.20240711.FIL","A00000439665","2024-07-11T15:23Z","2024-07-11T15:23Z","Illinois State Water Survey Central Analytical Laboratory",238.0,0.02500,5,"2024-07-15","B",,
"98504ba7-87cb-4af4-87cc-fdf0efea974c","D06","KING","KING.AOS.S2","KING.SS.20240711.FIL","A00000439665","2024-07-11T15:23Z","2024-07-11T15:23Z","Illinois State Water Survey Central Analytical Laboratory",530.0,0.00068,5,"2024-07-15","B",,
"d3927efd-22bc-4e8e-ad68-45f97a149fc5","D06","KING","KING.AOS.S2","KING.SS.20240711.FIL","A00000439665","2024-07-11T15:23Z","2024-07-11T15:23Z","Illinois State Water Survey Central Analytical Laboratory",384.0,0.00228,5,"2024-07-15","A",,
"54b1f0d3-2f5a-4dde-81a3-6daa3b15f0e7","D06","KING","KING.AOS.S2","KING.SS.20240711.FIL","A00000439665","2024-07-11T15:23Z","2024-07-11T15:23Z","Illinois State Water Survey Central Analytical Laboratory",510.0,0.00064,5,"2024-07-15","A",,
"aefad149-3838-4776-8879-cf68b365d4eb","D06","KING","KING.AOS.S2","KING.SS.20240711.FIL","A00000439665","2024-07-11T15:23Z","2024-07-11T15:23Z","Illinois State Water Survey Central Analytical Laboratory",226.0,0.03576,5,"2024-07-15","B",,
"e3e891a3-b938-4890-9565-391bc8553c5a","D06","KING","KING.AOS.S2","KING.SS.20240711.FIL","A00000439665","2024-07-11T15:23Z","2024-07-11T15:23Z","Illinois State Water Survey Central Analytical Laboratory",560.0,0.00070,5,"2024-07-15","B",,
"a4617480-a31b-40f4-91dc-b394c9e04c55","D06","KING","KING.AOS.S2","KING.SS.20240711.FIL","A00000439665","2024-07-11T15:23Z","2024-07-11T15:23Z","Illinois State Water Survey Central Analytical Laboratory",378.0,0.00256,5,"2024-07-15","B",,
"65b6c7c4-acd3-4e6d-9b64-44905ab26f82","D06","KING","KING.AOS.S2","KING.SS.20240711.FIL","A00000439665","2024-07-11T15:23Z","2024-07-11T15:23Z","Illinois State Water Survey Central Analytical Laboratory",552.0,0.00072,5,"2024-07-15","B",,
"c83ed8f4-d366-42de-aba1-9d5e24cf87dc","D06","KING","KING.AOS.S2","KING.SS.20240711.FIL","A00000439665","2024-07-11T15:23Z","2024-07-11T15:23Z","Illinois State Water Survey Central Analytical Laboratory",430.0,0.00124,5,"2024-07-15","B",,
"5da4c3e7-34c1-4ad5-8361-f53cb22fd48a","D06","KING","KING.AOS.S2","KING.SS.20240711.FIL","A00000439665","2024-07-11T15:23Z","2024-07-11T15:23Z","Illinois State Water Survey Central Analytical Laboratory",360.0,0.00348,5,"2024-07-15","B",,
"89d4674b-5b05-4d8b-b449-5b1f65ed1240","D06","KING","KING.AOS.S2","KING.SS.20240711.FIL","A00000439665","2024-07-11T15:23Z","2024-07-11T15:23Z","Illinois State Water Survey Central Analytical Laboratory",550.0,0.00048,5,"2024-07-15","A",,
"5c0774fd-a7af-46cf-8c15-2fdc9aeed7da","D06","KING","KING.AOS.S2","KING.SS.20240711.FIL","A00000439665","2024-07-11T15:23Z","2024-07-11T15:23Z","Illinois State Water Survey Central Analytical Laboratory",284.0,0.01298,5,"2024-07-15","A",,
"be3fae1b-a711-4ac5-99b1-d6cfbee1d813","D06","KING","KING.AOS.S2","KING.SS.20240711.FIL","A00000439665","2024-07-11T15:23Z","2024-07-11T15:23Z","Illinois State Water Survey Central Analytical Laboratory",516.0,0.00052,5,"2024-07-15","A",,
"1dcd9179-dbd2-44dd-9c53-bbd12b390012","D06","KING","KING.AOS.S2","KING.SS.20240711.FIL","A00000439665","2024-07-11T15:23Z","2024-07-11T15:23Z","Illinois State Water Survey Central Analytical Laboratory",244.0,0.02230,5,"2024-07-15","A",,
"49a13868-e483-4495-8ddc-bbe0f8e2d373","D06","KING","KING.AOS.S2","KING.SS.20240711.FIL","A00000439665","2024-07-11T15:23Z","2024-07-11T15:23Z","Illinois State Water Survey Central Analytical Laboratory",278.0,0.01444,5,"2024-07-15","B",,
"777f0983-920c-4f4b-871f-335c758754d4","D06","KING","KING.AOS.S2","KING.SS.20240711.FIL","A00000439665","2024-07-11T15:23Z","2024-07-11T15:23Z","Illinois State Water Survey Central Analytical Laboratory",428.0,0.00124,5,"2024-07-15","A",,
"f6d81351-7153-406c-8109-6b8ca5b6279d","D06","KING","KING.AOS.S2","KING.SS.20240711.FIL","A00000439665","2024-07-11T15:23Z","2024-07-11T15:23Z","Illinois State Water Survey Central Analytical Laboratory",468.0,0.00084,5,"2024-07-15","B",,
"0ac9d438-0e09-4afe-ac2c-c96e0d73445a","D06","KING","KING.AOS.S2","KING.SS.20240711.FIL","A00000439665","2024-07-11T15:23Z","2024-07-11T15:23Z","Illinois State Water Survey Central Analytical Laboratory",386.0,0.00218,5,"2024-07-15","A",,
"c4a4695d-72c1-4daf-9ed1-11f77c9586ce","D06","KING","KING.AOS.S2","KING.SS.20240711.FIL","A00000439665","2024-07-11T15:23Z","2024-07-11T15:23Z","Illinois State Water Survey Central Analytical Laboratory",318.0,0.00706,5,"2024-07-15","B",,
"0e7dcef5-3b26-4956-8649-40f603e1f143","D06","KING","KING.AOS.S2","KING.SS.20240711.FIL","A00000439665","2024-07-11T15:23Z","2024-07-11T15:23Z","Illinois State Water Survey Central Analytical Laboratory",330.0,0.00562,5,"2024-07-15","A",,
"5d14221d-61d4-4172-8572-524598a7149a","D06","KING","KING.AOS.S2","KING.SS.20240711.FIL","A00000439665","2024-07-11T15:23Z","2024-07-11T15:23Z","Illinois State Water Survey Central Analytical Laboratory",548.0,0.00068,5,"2024-07-15","B",,
"950f325a-dd56-4559-8807-dae2f33fc08b","D06","KING","KING.AOS.S2","KING.SS.20240711.FIL","A00000439665","2024-07-11T15:23Z","2024-07-11T15:23Z","Illinois State Water Survey Central Analytical Laboratory",460.0,0.00080,5,"2024-07-15","A",,
"1be74176-7b44-4e62-8c1f-56e784ebbaf0","D06","KING","KING.AOS.S2","KING.SS.20240711.FIL","A00000439665","2024-07-11T15:23Z","2024-07-11T15:23Z","Illinois State Water Survey Central Analytical Laboratory",476.0,0.00084,5,"2024-07-15","A",,
"12aa3e48-9a34-4cda-a67d-d7f2407d0708","D06","KING","KING.AOS.S2","KING.SS.20240711.FIL","A00000439665","2024-07-11T15:23Z","2024-07-11T15:23Z","Illinois State Water Survey Central Analytical Laboratory",340.0,0.00476,5,"2024-07-15","A",,
"957870f7-54ca-4bbf-b3da-3cf49ae69edf","D06","KING","KING.AOS.S2","KING.SS.20240711.FIL","A00000439665","2024-07-11T15:23Z","2024-07-11T15:23Z","Illinois State Water Survey Central Analytical Laboratory",418.0,0.00130,5,"2024-07-15","B",,
"32addec7-44b8-40ba-8ef6-b317cac538b1","D06","KING","KING.AOS.S2","KING.SS.20240711.FIL","A00000439665","2024-07-11T15:23Z","2024-07-11T15:23Z","Illinois State Water Survey Central Analytical Laboratory",590.0,0.00088,5,"2024-07-15","B",,
"d3a5314f-2a45-4575-be69-8f73b75ede18","D06","KING","KING.AOS.S2","KING.SS.20240711.FIL","A00000439665","2024-07-11T15:23Z","2024-07-11T15:23Z","Illinois State Water Survey Central Analytical Laboratory",446.0,0.00094,5,"2024-07-15","A",,
"6bcb7421-a256-4b34-a346-ae8ec7298816","D06","KING","KING.AOS.S2","KING.SS.20240711.FIL","A00000439665","2024-07-11T15:23Z","2024-07-11T15:23Z","Illinois State Water Survey Central Analytical Laboratory",386.0,0.00222,5,"2024-07-15","B",,
"f101a608-0f73-42a1-bd06-84810ab1627e","D06","KING","KING.AOS.S2","KING.SS.20240711.FIL","A00000439665","2024-07-11T15:23Z","2024-07-11T15:23Z","Illinois State Water Survey Central Analytical Laboratory",454.0,0.00088,5,"2024-07-15","A",,
"9ad9a0f0-a9fa-4b9d-a409-fdcc50f48d19","D06","KING","KING.AOS.S2","KING.SS.20240711.FIL","A00000439665","2024-07-11T15:23Z","2024-07-11T15:23Z","Illinois State Water Survey Central Analytical Laboratory",364.0,0.00324,5,"2024-07-15","A",,
"781b8b87-baa5-45cc-8f35-80040b66fa24","D06","KING","KING.AOS.S2","KING.SS.20240711.FIL","A00000439665","2024-07-11T15:23Z","2024-07-11T15:23Z","Illinois State Water Survey Central Analytical Laboratory",568.0,0.00040,5,"2024-07-15","A",,
"db5557d3-dc05-4a0f-a783-20923c95ef5c","D06","KING","KING.AOS.S2","KING.SS.20240711.FIL","A00000439665","2024-07-11T15:23Z","2024-07-11T15:23Z","Illinois State Water Survey Central Analytical Laboratory",288.0,0.01208,5,"2024-07-15","A",,
"659d494d-b9c9-4eb6-891b-bd25f8c3dd34","D06","KING","KING.AOS.S2","KING.SS.20240711.FIL","A00000439665","2024-07-11T15:23Z","2024-07-11T15:23Z","Illinois State Water Survey Central Analytical Laboratory",444.0,0.00106,5,"2024-07-15","B",,
"cdefc7fd-8aca-4595-b783-86edeec6e90e","D06","KING","KING.AOS.S2","KING.SS.20240711.FIL","A00000439665","2024-07-11T15:23Z","2024-07-11T15:23Z","Illinois State Water Survey Central Analytical Laboratory",560.0,0.00046,5,"2024-07-15","A",,
"52c5eac6-ba16-45f6-80ca-88cc3ab83a55","D06","KING","KING.AOS.S2","KING.SS.20240711.FIL","A00000439665","2024-07-11T15:23Z","2024-07-11T15:23Z","Illinois State Water Survey Central Analytical Laboratory",246.0,0.02148,5,"2024-07-15","A",,
"304a92af-a81b-4a00-933f-6b9bb622d539","D06","KING","KING.AOS.S2","KING.SS.20240711.FIL","A00000439665","2024-07-11T15:23Z","2024-07-11T15:23Z","Illinois State Water Survey Central Analytical Laboratory",284.0,0.01312,5,"2024-07-15","B",,
"beb84d61-b1b2-4e96-80b5-15664caaded2","D06","KING","KING.AOS.S2","KING.SS.20240711.FIL","A00000439665","2024-07-11T15:23Z","2024-07-11T15:23Z","Illinois State Water Survey Central Analytical Laboratory",322.0,0.00658,5,"2024-07-15","B",,
"3d645227-e204-476c-ba2b-fe748910a9db","D06","KING","KING.AOS.S2","KING.SS.20240711.FIL","A00000439665","2024-07-11T15:23Z","2024-07-11T15:23Z","Illinois State Water Survey Central Analytical Laboratory",438.0,0.00110,5,"2024-07-15","A",,
"8c37a5a1-be91-466c-b174-dc2d25409789","D06","KING","KING.AOS.S2","KING.SS.20240711.FIL","A00000439665","2024-07-11T15:23Z","2024-07-11T15:23Z","Illinois State Water Survey Central Analytical Laboratory",508.0,0.00070,5,"2024-07-15","B",,
"f643cbaa-ef75-4ecd-a58d-7a62e95493a7","D06","KING","KING.AOS.S2","KING.SS.20240711.FIL","A00000439665","2024-07-11T15:23Z","2024-07-11T15:23Z","Illinois State Water Survey Central Analytical Laboratory",526.0,0.00070,5,"2024-07-15","B",,
"361292a7-9b06-4aeb-9478-b91f938ea7a7","D06","KING","KING.AOS.S2","KING.SS.20240711.FIL","A00000439665","2024-07-11T15:23Z","2024-07-11T15:23Z","Illinois State Water Survey Central Analytical Laboratory",436.0,0.00118,5,"2024-07-15","B",,
"50266fdc-e1c9-498e-bf30-70cdf1908828","D06","KING","KING.AOS.S2","KING.SS.20240711.FIL","A00000439665","2024-07-11T15:23Z","2024-07-11T15:23Z","Illinois State Water Survey Central Analytical Laboratory",566.0,0.00074,5,"2024-07-15","B",,
"636d3bea-0f2b-4406-890d-644e9ba57f0e","D06","KING","KING.AOS.S2","KING.SS.20240711.FIL","A00000439665","2024-07-11T15:23Z","2024-07-11T15:23Z","Illinois State Water Survey Central Analytical Laboratory",546.0,0.00070,5,"2024-07-15","B",,
"78da116e-c56b-4cd6-9a1b-6dc451b99423","D06","KING","KING.AOS.S2","KING.SS.20240711.FIL","A00000439665","2024-07-11T15:23Z","2024-07-11T15:23Z","Illinois State Water Survey Central Analytical Laboratory",242.0,0.02296,5,"2024-07-15","A",,
"a10c1139-adb2-467c-90c3-81f30f3f5254","D06","KING","KING.AOS.S2","KING.SS.20240711.FIL","A00000439665","2024-07-11T15:23Z","2024-07-11T15:23Z","Illinois State Water Survey Central Analytical Laboratory",544.0,0.00050,5,"2024-07-15","A",,
"df4afe86-28a5-4bfd-a7be-6ac6ecf67521","D06","KING","KING.AOS.S2","KING.SS.20240711.FIL","A00000439665","2024-07-11T15:23Z","2024-07-11T15:23Z","Illinois State Water Survey Central Analytical Laboratory",520.0,0.00072,5,"2024-07-15","B",,
"63da5d91-0972-43b7-af07-25ccd4e994fe","D06","KING","KING.AOS.S2","KING.SS.20240711.FIL","A00000439665","2024-07-11T15:23Z","2024-07-11T15:23Z","Illinois State Water Survey Central Analytical Laboratory",268.0,0.01630,5,"2024-07-15","A",,
"5dcd1562-5033-4ea3-be78-8ca43435d500","D06","KING","KING.AOS.S2","KING.SS.20240711.FIL","A00000439665","2024-07-11T15:23Z","2024-07-11T15:23Z","Illinois State Water Survey Central Analytical Laboratory",446.0,0.00100,5,"2024-07-15","B",,
"820125ab-2b77-44fd-b53a-6a73dd46d061","D06","KING","KING.AOS.S2","KING.SS.20240711.FIL","A00000439665","2024-07-11T15:23Z","2024-07-11T15:23Z","Illinois State Water Survey Central Analytical Laboratory",344.0,0.00448,5,"2024-07-15","A",,
"00657d4e-1316-462c-a024-43a75f9a4b58","D06","KING","KING.AOS.S2","KING.SS.20240711.FIL","A00000439665","2024-07-11T15:23Z","2024-07-11T15:23Z","Illinois State Water Survey Central Analytical Laboratory",504.0,0.00074,5,"2024-07-15","B",,
"a1a1df35-2b41-45f5-af02-7ac927e3c7d4","D06","KING","KING.AOS.S2","KING.SS.20240711.FIL","A00000439665","2024-07-11T15:23Z","2024-07-11T15:23Z","Illinois State Water Survey Central Analytical Laboratory",344.0,0.00454,5,"2024-07-15","B",,
"1a0aa78f-5c25-4f15-99b4-11be82ed32a3","D06","KING","KING.AOS.S2","KING.SS.20240711.FIL","A00000439665","2024-07-11T15:23Z","2024-07-11T15:23Z","Illinois State Water Survey Central Analytical Laboratory",380.0,0.00246,5,"2024-07-15","A",,
"2043d625-dce0-47cd-ac5a-f8bb350f7eb2","D06","KING","KING.AOS.S2","KING.SS.20240711.FIL","A00000439665","2024-07-11T15:23Z","2024-07-11T15:23Z","Illinois State Water Survey Central Analytical Laboratory",500.0,0.00064,5,"2024-07-15","A",,
"2d60730f-1077-4756-ac06-79f88627d310","D06","KING","KING.AOS.S2","KING.SS.20240711.FIL","A00000439665","2024-07-11T15:23Z","2024-07-11T15:23Z","Illinois State Water Survey Central Analytical Laboratory",576.0,0.00076,5,"2024-07-15","B",,
"32c0b6f3-9b85-41a4-affa-378ef1adec1f","D06","KING","KING.AOS.S2","KING.SS.20240711.FIL","A00000439665","2024-07-11T15:23Z","2024-07-11T15:23Z","Illinois State Water Survey Central Analytical Laboratory",588.0,0.00084,5,"2024-07-15","B",,
"e56fc9df-505c-4abf-b64c-1faea8a0e105","D06","KING","KING.AOS.S2","KING.SS.20240711.FIL","A00000439665","2024-07-11T15:23Z","2024-07-11T15:23Z","Illinois State Water Survey Central Analytical Laboratory",330.0,0.00568,5,"2024-07-15","B",,
"537aaeb9-80e1-4d17-9ea2-01426a04eccf","D06","KING","KING.AOS.S2","KING.SS.20240711.FIL","A00000439665","2024-07-11T15:23Z","2024-07-11T15:23Z","Illinois State Water Survey Central Analytical Laboratory",370.0,0.00290,5,"2024-07-15","A",,
"a31619ab-adc2-4b85-9bfe-6151cd3bb162","D06","KING","KING.AOS.S2","KING.SS.20240711.FIL","A00000439665","2024-07-11T15:23Z","2024-07-11T15:23Z","Illinois State Water Survey Central Analytical Laboratory",408.0,0.00160,5,"2024-07-15","A",,
"f56930ca-7410-4b81-bcab-8a2c3e7fd583","D06","KING","KING.AOS.S2","KING.SS.20240711.FIL","A00000439665","2024-07-11T15:23Z","2024-07-11T15:23Z","Illinois State Water Survey Central Analytical Laboratory",414.0,0.00134,5,"2024-07-15","A",,
"f132724e-93ff-4dbf-9cd0-436887395739","D06","KING","KING.AOS.S2","KING.SS.20240711.FIL","A00000439665","2024-07-11T15:23Z","2024-07-11T15:23Z","Illinois State Water Survey Central Analytical Laboratory",510.0,0.00070,5,"2024-07-15","B",,
"d95100d0-8af1-4e98-9542-b0eb6db1e6dd","D06","KING","KING.AOS.S2","KING.SS.20240711.FIL","A00000439665","2024-07-11T15:23Z","2024-07-11T15:23Z","Illinois State Water Survey Central Analytical Laboratory",240.0,0.02400,5,"2024-07-15","B",,
"004c2b59-9407-4fea-beab-af223b403af6","D06","KING","KING.AOS.S2","KING.SS.20240711.FIL","A00000439665","2024-07-11T15:23Z","2024-07-11T15:23Z","Illinois State Water Survey Central Analytical Laboratory",350.0,0.00410,5,"2024-07-15","B",,
"69873ad1-9732-4809-8c78-744d79743015","D06","KING","KING.AOS.S2","KING.SS.20240711.FIL","A00000439665","2024-07-11T15:23Z","2024-07-11T15:23Z","Illinois State Water Survey Central Analytical Laboratory",364.0,0.00328,5,"2024-07-15","B",,
"05dbb137-9d08-4d3d-8faf-49d32f366390","D06","KING","KING.AOS.S2","KING.SS.20240711.FIL","A00000439665","2024-07-11T15:23Z","2024-07-11T15:23Z","Illinois State Water Survey Central Analytical Laboratory",252.0,0.01994,5,"2024-07-15","B",,
"36bdd981-1b83-47b9-8aa1-ce27d6abd45b","D06","KING","KING.AOS.S2","KING.SS.20240711.FIL","A00000439665","2024-07-11T15:23Z","2024-07-11T15:23Z","Illinois State Water Survey Central Analytical Laboratory",354.0,0.00386,5,"2024-07-15","B",,
"e59e5c46-ab45-41d7-9033-161cb35c36d4","D06","KING","KING.AOS.S2","KING.SS.20240711.FIL","A00000439665","2024-07-11T15:23Z","2024-07-11T15:23Z","Illinois State Water Survey Central Analytical Laboratory",448.0,0.00094,5,"2024-07-15","A",,
"edf60207-c4fb-4b2d-8161-18da7dbbe2d3","D06","KING","KING.AOS.S2","KING.SS.20240711.FIL","A00000439665","2024-07-11T15:23Z","2024-07-11T15:23Z","Illinois State Water Survey Central Analytical Laboratory",530.0,0.00052,5,"2024-07-15","A",,
"b7066b4f-e6e1-41c8-909b-905e4536b162","D06","KING","KING.AOS.S2","KING.SS.20240711.FIL","A00000439665","2024-07-11T15:23Z","2024-07-11T15:23Z","Illinois State Water Survey Central Analytical Laboratory",294.0,0.01090,5,"2024-07-15","B",,
"a8f753bb-5f6f-40f7-afe3-7613a5db0bca","D06","KING","KING.AOS.S2","KING.SS.20240711.FIL","A00000439665","2024-07-11T15:23Z","2024-07-11T15:23Z","Illinois State Water Survey Central Analytical Laboratory",346.0,0.00442,5,"2024-07-15","B",,
"fc94bdb3-bcff-4445-abe3-13da7ccf364f","D06","KING","KING.AOS.S2","KING.SS.20240711.FIL","A00000439665","2024-07-11T15:23Z","2024-07-11T15:23Z","Illinois State Water Survey Central Analytical Laboratory",422.0,0.00130,5,"2024-07-15","B",,
"a55cb7b3-4f3a-4a1b-9c3d-85c6566238b5","D06","KING","KING.AOS.S2","KING.SS.20240711.FIL","A00000439665","2024-07-11T15:23Z","2024-07-11T15:23Z","Illinois State Water Survey Central Analytical Laboratory",224.0,0.03900,5,"2024-07-15","B",,
"342ac56d-63fc-41fe-bc1c-3ccbc052f0fd","D06","KING","KING.AOS.S2","KING.SS.20240711.FIL","A00000439665","2024-07-11T15:23Z","2024-07-11T15:23Z","Illinois State Water Survey Central Analytical Laboratory",580.0,0.00084,5,"2024-07-15","B",,
"0743eb12-bca2-48f8-a507-0b5038e40ba9","D06","KING","KING.AOS.S2","KING.SS.20240711.FIL","A00000439665","2024-07-11T15:23Z","2024-07-11T15:23Z","Illinois State Water Survey Central Analytical Laboratory",248.0,0.02108,5,"2024-07-15","B",,
"97880ab9-5d1d-4223-b2ab-d1b4efbfece0","D06","KING","KING.AOS.S2","KING.SS.20240711.FIL","A00000439665","2024-07-11T15:23Z","2024-07-11T15:23Z","Illinois State Water Survey Central Analytical Laboratory",430.0,0.00116,5,"2024-07-15","A",,
"d03046d0-8109-444d-9d5b-eb5f558858dd","D06","KING","KING.AOS.S2","KING.SS.20240711.FIL","A00000439665","2024-07-11T15:23Z","2024-07-11T15:23Z","Illinois State Water Survey Central Analytical Laboratory",374.0,0.00274,5,"2024-07-15","A",,
"9d884e5e-4d1f-43da-bac0-27df11b08e6c","D06","KING","KING.AOS.S2","KING.SS.20240711.FIL","A00000439665","2024-07-11T15:23Z","2024-07-11T15:23Z","Illinois State Water Survey Central Analytical Laboratory",308.0,0.00838,5,"2024-07-15","A",,
"f5a331c1-aed4-4fe4-83ba-3bf993dde5b3","D06","KING","KING.AOS.S2","KING.SS.20240711.FIL","A00000439665","2024-07-11T15:23Z","2024-07-11T15:23Z","Illinois State Water Survey Central Analytical Laboratory",580.0,0.00044,5,"2024-07-15","A",,
"21a76c96-c51d-4b92-844a-65507a438db0","D06","KING","KING.AOS.S2","KING.SS.20240711.FIL","A00000439665","2024-07-11T15:23Z","2024-07-11T15:23Z","Illinois State Water Survey Central Analytical Laboratory",264.0,0.01712,5,"2024-07-15","A",,
"f58c71a4-e30a-4e18-b593-44d89dc64bf4","D06","KING","KING.AOS.S2","KING.SS.20240711.FIL","A00000439665","2024-07-11T15:23Z","2024-07-11T15:23Z","Illinois State Water Survey Central Analytical Laboratory",522.0,0.00070,5,"2024-07-15","B",,
"9bd834c7-2f60-48ea-a35a-eecad70ea5fb","D06","KING","KING.AOS.S2","KING.SS.20240711.FIL","A00000439665","2024-07-11T15:23Z","2024-07-11T15:23Z","Illinois State Water Survey Central Analytical Laboratory",514.0,0.00058,5,"2024-07-15","A",,
"38089757-8053-4746-923c-8e6a7936595c","D06","KING","KING.AOS.S2","KING.SS.20240711.FIL","A00000439665","2024-07-11T15:23Z","2024-07-11T15:23Z","Illinois State Water Survey Central Analytical Laboratory",490.0,0.00080,5,"2024-07-15","B",,
"1b09dfec-3ad6-43e1-b216-270211618164","D06","KING","KING.AOS.S2","KING.SS.20240711.FIL","A00000439665","2024-07-11T15:23Z","2024-07-11T15:23Z","Illinois State Water Survey Central Analytical Laboratory",298.0,0.01014,5,"2024-07-15","B",,
"badcdba1-382e-45ed-ad27-af6247f0adda","D06","KING","KING.AOS.S2","KING.SS.20240711.FIL","A00000439665","2024-07-11T15:23Z","2024-07-11T15:23Z","Illinois State Water Survey Central Analytical Laboratory",566.0,0.00050,5,"2024-07-15","A",,
"cf45b2dc-c56f-480f-9bd2-fd13e039852b","D06","KING","KING.AOS.S2","KING.SS.20240711.FIL","A00000439665","2024-07-11T15:23Z","2024-07-11T15:23Z","Illinois State Water Survey Central Analytical Laboratory",504.0,0.00064,5,"2024-07-15","A",,
"a63ebf0d-1385-40de-8e10-e510b89ce36c","D06","KING","KING.AOS.S2","KING.SS.20240711.FIL","A00000439665","2024-07-11T15:23Z","2024-07-11T15:23Z","Illinois State Water Survey Central Analytical Laboratory",268.0,0.01646,5,"2024-07-15","B",,
"cc32981c-0142-4e01-8076-4a40e98a7173","D06","KING","KING.AOS.S2","KING.SS.20240711.FIL","A00000439665","2024-07-11T15:23Z","2024-07-11T15:23Z","Illinois State Water Survey Central Analytical Laboratory",578.0,0.00078,5,"2024-07-15","B",,
"99e803ab-5b79-4dd1-9765-62acfe01e7b0","D06","KING","KING.AOS.S2","KING.SS.20240711.FIL","A00000439665","2024-07-11T15:23Z","2024-07-11T15:23Z","Illinois State Water Survey Central Analytical Laboratory",258.0,0.01848,5,"2024-07-15","B",,
"76d131af-c2e1-4a51-976e-bc66d789a90d","D06","KING","KING.AOS.S2","KING.SS.20240711.FIL","A00000439665","2024-07-11T15:23Z","2024-07-11T15:23Z","Illinois State Water Survey Central Analytical Laboratory",414.0,0.00134,5,"2024-07-15","B",,
"21b4d1f7-d466-44be-8ad8-7175b470e67e","D06","KING","KING.AOS.S2","KING.SS.20240711.FIL","A00000439665","2024-07-11T15:23Z","2024-07-11T15:23Z","Illinois State Water Survey Central Analytical Laboratory",230.0,0.03114,5,"2024-07-15","B",,
"02a2f13b-e851-47cc-b091-d71d0cb7f1f2","D06","KING","KING.AOS.S2","KING.SS.20240711.FIL","A00000439665","2024-07-11T15:23Z","2024-07-11T15:23Z","Illinois State Water Survey Central Analytical Laboratory",352.0,0.00394,5,"2024-07-15","A",,
"ae9fba6b-344b-4792-8af0-521bc431f33f","D06","KING","KING.AOS.S2","KING.SS.20240711.FIL","A00000439665","2024-07-11T15:23Z","2024-07-11T15:23Z","Illinois State Water Survey Central Analytical Laboratory",514.0,0.00072,5,"2024-07-15","B",,
"9fd06aea-838a-4571-9934-7c6505b0c7be","D06","KING","KING.AOS.S2","KING.SS.20240711.FIL","A00000439665","2024-07-11T15:23Z","2024-07-11T15:23Z","Illinois State Water Survey Central Analytical Laboratory",522.0,0.00058,5,"2024-07-15","A",,
"0e5e8d14-b595-4f0b-92be-a5ec215ffbc8","D06","KING","KING.AOS.S2","KING.SS.20240711.FIL","A00000439665","2024-07-11T15:23Z","2024-07-11T15:23Z","Illinois State Water Survey Central Analytical Laboratory",520.0,0.00056,5,"2024-07-15","A",,
"e18ccd9c-782c-4d0d-80c9-f934c6cc18ed","D06","KING","KING.AOS.S2","KING.SS.20240711.FIL","A00000439665","2024-07-11T15:23Z","2024-07-11T15:23Z","Illinois State Water Survey Central Analytical Laboratory",296.0,0.01038,5,"2024-07-15","A",,
"a6fb5576-43c8-4c7c-89c9-44f164eb63bf","D06","KING","KING.AOS.S2","KING.SS.20240711.FIL","A00000439665","2024-07-11T15:23Z","2024-07-11T15:23Z","Illinois State Water Survey Central Analytical Laboratory",342.0,0.00464,5,"2024-07-15","A",,
"5a97a193-39c3-4c08-bdda-6031a65c0a95","D06","KING","KING.AOS.S2","KING.SS.20240711.FIL","A00000439665","2024-07-11T15:23Z","2024-07-11T15:23Z","Illinois State Water Survey Central Analytical Laboratory",290.0,0.01178,5,"2024-07-15","B",,
"c3e6c6bd-6539-4056-8b23-e68664614acd","D06","KING","KING.AOS.S2","KING.SS.20240711.FIL","A00000439665","2024-07-11T15:23Z","2024-07-11T15:23Z","Illinois State Water Survey Central Analytical Laboratory",326.0,0.00606,5,"2024-07-15","A",,
"10867232-1b82-477d-bd9c-e57653d4d11f","D06","KING","KING.AOS.S2","KING.SS.20240711.FIL","A00000439665","2024-07-11T15:23Z","2024-07-11T15:23Z","Illinois State Water Survey Central Analytical Laboratory",352.0,0.00400,5,"2024-07-15","B",,
"ae726a92-f65b-45f1-82d1-60323e49ad24","D06","KING","KING.AOS.S2","KING.SS.20240711.FIL","A00000439665","2024-07-11T15:23Z","2024-07-11T15:23Z","Illinois State Water Survey Central Analytical Laboratory",554.0,0.00048,5,"2024-07-15","A",,
"e4dfa512-33e6-4404-91c7-25fd18776d01","D06","KING","KING.AOS.S2","KING.SS.20240711.FIL","A00000439665","2024-07-11T15:23Z","2024-07-11T15:23Z","Illinois State Water Survey Central Analytical Laboratory",502.0,0.00072,5,"2024-07-15","B",,
"b922cdff-4a4c-495f-bdd6-a8647bf06e73","D06","KING","KING.AOS.S2","KING.SS.20240711.FIL","A00000439665","2024-07-11T15:23Z","2024-07-11T15:23Z","Illinois State Water Survey Central Analytical Laboratory",512.0,0.00066,5,"2024-07-15","B",,
"76a6684a-33c2-487e-b66c-333817eb9a15","D06","KING","KING.AOS.S2","KING.SS.20240711.FIL","A00000439665","2024-07-11T15:23Z","2024-07-11T15:23Z","Illinois State Water Survey Central Analytical Laboratory",418.0,0.00132,5,"2024-07-15","A",,
"2d43c23d-24a0-4e8d-9f5a-4f94a62cc7ce","D06","KING","KING.AOS.S2","KING.SS.20240711.FIL","A00000439665","2024-07-11T15:23Z","2024-07-11T15:23Z","Illinois State Water Survey Central Analytical Laboratory",596.0,0.00094,5,"2024-07-15","B",,
"a8860313-e41c-4bb2-b869-7bd64a5cdf2f","D06","KING","KING.AOS.S2","KING.SS.20240711.FIL","A00000439665","2024-07-11T15:23Z","2024-07-11T15:23Z","Illinois State Water Survey Central Analytical Laboratory",294.0,0.01078,5,"2024-07-15","A",,
"0eef505b-e037-40ef-94f5-f7e7acf8c66f","D06","KING","KING.AOS.S2","KING.SS.20240711.FIL","A00000439665","2024-07-11T15:23Z","2024-07-11T15:23Z","Illinois State Water Survey Central Analytical Laboratory",264.0,0.01724,5,"2024-07-15","B",,
"a6679eb9-c857-47b1-b2f6-367c1a2a50a3","D06","KING","KING.AOS.S2","KING.SS.20240711.FIL","A00000439665","2024-07-11T15:23Z","2024-07-11T15:23Z","Illinois State Water Survey Central Analytical Laboratory",594.0,0.00092,5,"2024-07-15","B",,
"0f523582-3c50-4406-873c-ac354fdc5243","D06","KING","KING.AOS.S2","KING.SS.20240711.FIL","A00000439665","2024-07-11T15:23Z","2024-07-11T15:23Z","Illinois State Water Survey Central Analytical Laboratory",498.0,0.00074,5,"2024-07-15","B",,
"0a9d3af0-18b4-4096-930f-34bbe2cd5981","D06","KING","KING.AOS.S2","KING.SS.20240711.FIL","A00000439665","2024-07-11T15:23Z","2024-07-11T15:23Z","Illinois State Water Survey Central Analytical Laboratory",558.0,0.00076,5,"2024-07-15","B",,
"9916238e-a292-49d0-954e-950d3edc4107","D06","KING","KING.AOS.S2","KING.SS.20240711.FIL","A00000439665","2024-07-11T15:23Z","2024-07-11T15:23Z","Illinois State Water Survey Central Analytical Laboratory",482.0,0.00086,5,"2024-07-15","B",,
"8ba43b4c-0ce4-4b6e-8578-c55dec374d49","D06","KING","KING.AOS.S2","KING.SS.20240711.FIL","A00000439665","2024-07-11T15:23Z","2024-07-11T15:23Z","Illinois State Water Survey Central Analytical Laboratory",538.0,0.00052,5,"2024-07-15","A",,
"1afb23c3-5758-492d-ba1c-614a39b0802c","D06","KING","KING.AOS.S2","KING.SS.20240711.FIL","A00000439665","2024-07-11T15:23Z","2024-07-11T15:23Z","Illinois State Water Survey Central Analytical Laboratory",574.0,0.00074,5,"2024-07-15","B",,
"32416a23-c9a9-4659-a083-a04bba2f26f5","D06","KING","KING.AOS.S2","KING.SS.20240711.FIL","A00000439665","2024-07-11T15:23Z","2024-07-11T15:23Z","Illinois State Water Survey Central Analytical Laboratory",334.0,0.00536,5,"2024-07-15","B",,
"783d8127-3f55-48d1-8986-9689b560d463","D06","KING","KING.AOS.S2","KING.SS.20240711.FIL","A00000439665","2024-07-11T15:23Z","2024-07-11T15:23Z","Illinois State Water Survey Central Analytical Laboratory",332.0,0.00542,5,"2024-07-15","A",,
"cfbce4ef-7308-4a04-a84b-0351e7175689","D06","KING","KING.AOS.S2","KING.SS.20240711.FIL","A00000439665","2024-07-11T15:23Z","2024-07-11T15:23Z","Illinois State Water Survey Central Analytical Laboratory",494.0,0.00066,5,"2024-07-15","A",,
"8102e931-fde3-48fe-b5e5-8c88452227c4","D06","KING","KING.AOS.S2","KING.SS.20240711.FIL","A00000439665","2024-07-11T15:23Z","2024-07-11T15:23Z","Illinois State Water Survey Central Analytical Laboratory",282.0,0.01356,5,"2024-07-15","B",,
"ac2be54f-d199-4a30-b489-e3a7193fc32e","D06","KING","KING.AOS.S2","KING.SS.20240711.FIL","A00000439665","2024-07-11T15:23Z","2024-07-11T15:23Z","Illinois State Water Survey Central Analytical Laboratory",334.0,0.00526,5,"2024-07-15","A",,
"d0d4a390-d736-4286-be99-4b19441237de","D06","KING","KING.AOS.S2","KING.SS.20240711.FIL","A00000439665","2024-07-11T15:23Z","2024-07-11T15:23Z","Illinois State Water Survey Central Analytical Laboratory",370.0,0.00294,5,"2024-07-15","B",,
"68abef70-c775-4410-9f80-c82d83fc76db","D06","KING","KING.AOS.S2","KING.SS.20240711.FIL","A00000439665","2024-07-11T15:23Z","2024-07-11T15:23Z","Illinois State Water Survey Central Analytical Laboratory",346.0,0.00434,5,"2024-07-15","A",,
"f2c5a466-7566-4d90-a878-b53f2cad84bb","D06","KING","KING.AOS.S2","KING.SS.20240711.FIL","A00000439665","2024-07-11T15:23Z","2024-07-11T15:23Z","Illinois State Water Survey Central Analytical Laboratory",428.0,0.00122,5,"2024-07-15","B",,
"35da04a6-dd30-4c03-ba42-30da748862a9","D06","KING","KING.AOS.S2","KING.SS.20240711.FIL","A00000439665","2024-07-11T15:23Z","2024-07-11T15:23Z","Illinois State Water Survey Central Analytical Laboratory",356.0,0.00368,5,"2024-07-15","A",,
"82cbbebd-b16e-4d55-ab59-ba24233c91c8","D06","KING","KING.AOS.S2","KING.SS.20240711.FIL","A00000439665","2024-07-11T15:23Z","2024-07-11T15:23Z","Illinois State Water Survey Central Analytical Laboratory",578.0,0.00038,5,"2024-07-15","A",,
"40b6edce-5224-43e8-b6d2-12c5eb713ce4","D06","KING","KING.AOS.S2","KING.SS.20240711.FIL","A00000439665","2024-07-11T15:23Z","2024-07-11T15:23Z","Illinois State Water Survey Central Analytical Laboratory",532.0,0.00054,5,"2024-07-15","A",,
"d1a77b5d-1353-43e5-b0ee-b44b082bb8eb","D06","KING","KING.AOS.S2","KING.SS.20240711.FIL","A00000439665","2024-07-11T15:23Z","2024-07-11T15:23Z","Illinois State Water Survey Central Analytical Laboratory",582.0,0.00040,5,"2024-07-15","A",,
"ad4b8b8a-9620-4b32-9bb4-8efdc6c1431d","D06","KING","KING.AOS.S2","KING.SS.20240711.FIL","A00000439665","2024-07-11T15:23Z","2024-07-11T15:23Z","Illinois State Water Survey Central Analytical Laboratory",378.0,0.00254,5,"2024-07-15","A",,
"ab1850d5-8b45-4613-9975-ad55418cb404","D06","KING","KING.AOS.S2","KING.SS.20240711.FIL","A00000439665","2024-07-11T15:23Z","2024-07-11T15:23Z","Illinois State Water Survey Central Analytical Laboratory",494.0,0.00072,5,"2024-07-15","B",,
"f32045c7-213f-47bb-b522-22afec5031dd","D06","KING","KING.AOS.S2","KING.SS.20240711.FIL","A00000439665","2024-07-11T15:23Z","2024-07-11T15:23Z","Illinois State Water Survey Central Analytical Laboratory",574.0,0.00044,5,"2024-07-15","A",,
"5c9841fd-e6a2-4e46-8794-b9f38080396d","D06","KING","KING.AOS.S2","KING.SS.20240711.FIL","A00000439665","2024-07-11T15:23Z","2024-07-11T15:23Z","Illinois State Water Survey Central Analytical Laboratory",262.0,0.01754,5,"2024-07-15","A",,
"033b24c5-1eb0-4d71-80df-33e6603fd2b5","D06","KING","KING.AOS.S2","KING.SS.20240711.FIL","A00000439665","2024-07-11T15:23Z","2024-07-11T15:23Z","Illinois State Water Survey Central Analytical Laboratory",314.0,0.00758,5,"2024-07-15","B",,
"b7e1d2fd-3e63-4c39-9fa4-40fa1d3a7b32","D06","KING","KING.AOS.S2","KING.SS.20240711.FIL","A00000439665","2024-07-11T15:23Z","2024-07-11T15:23Z","Illinois State Water Survey Central Analytical Laboratory",236.0,0.02614,5,"2024-07-15","B",,
"6c2f650c-ad9f-4ca3-a5b1-141fec3da0dd","D06","KING","KING.AOS.S2","KING.SS.20240711.FIL","A00000439665","2024-07-11T15:23Z","2024-07-11T15:23Z","Illinois State Water Survey Central Analytical Laboratory",398.0,0.00188,5,"2024-07-15","A",,
"12fd2d64-6bfc-4d59-b608-ef17c55c2f78","D06","KING","KING.AOS.S2","KING.SS.20240711.FIL","A00000439665","2024-07-11T15:23Z","2024-07-11T15:23Z","Illinois State Water Survey Central Analytical Laboratory",272.0,0.01554,5,"2024-07-15","A",,
"6a5f9aa7-ce1a-44ce-a013-c693fe9a854c","D06","KING","KING.AOS.S2","KING.SS.20240711.FIL","A00000439665","2024-07-11T15:23Z","2024-07-11T15:23Z","Illinois State Water Survey Central Analytical Laboratory",232.0,0.02904,5,"2024-07-15","A",,
"329be80f-3df6-4ba9-b0e1-241a9527aa1b","D06","KING","KING.AOS.S2","KING.SS.20240711.FIL","A00000439665","2024-07-11T15:23Z","2024-07-11T15:23Z","Illinois State Water Survey Central Analytical Laboratory",592.0,0.00092,5,"2024-07-15","B",,
"d60724cf-3306-46fc-ab51-2bce1af0ddc4","D06","KING","KING.AOS.S2","KING.SS.20240711.FIL","A00000439665","2024-07-11T15:23Z","2024-07-11T15:23Z","Illinois State Water Survey Central Analytical Laboratory",540.0,0.00052,5,"2024-07-15","A",,
"26c906aa-cf19-4f64-b8d6-aca980a69e18","D06","KING","KING.AOS.S2","KING.SS.20240711.FIL","A00000439665","2024-07-11T15:23Z","2024-07-11T15:23Z","Illinois State Water Survey Central Analytical Laboratory",552.0,0.00050,5,"2024-07-15","A",,
"38244c9a-7071-4c90-a935-a2f4accde359","D06","KING","KING.AOS.S2","KING.SS.20240711.FIL","A00000439665","2024-07-11T15:23Z","2024-07-11T15:23Z","Illinois State Water Survey Central Analytical Laboratory",366.0,0.00310,5,"2024-07-15","B",,
"375832d5-bc33-4464-b132-f72f5b61d127","D06","KING","KING.AOS.S2","KING.SS.20240711.FIL","A00000439665","2024-07-11T15:23Z","2024-07-11T15:23Z","Illinois State Water Survey Central Analytical Laboratory",564.0,0.00044,5,"2024-07-15","A",,
"bf3b9ac7-9619-4a01-ba42-2b15b5f00af6","D06","KING","KING.AOS.S2","KING.SS.20240711.FIL","A00000439665","2024-07-11T15:23Z","2024-07-11T15:23Z","Illinois State Water Survey Central Analytical Laboratory",524.0,0.00072,5,"2024-07-15","B",,
"292b2948-9529-4739-b7e6-29aecc146b77","D06","KING","KING.AOS.S2","KING.SS.20240711.FIL","A00000439665","2024-07-11T15:23Z","2024-07-11T15:23Z","Illinois State Water Survey Central Analytical Laboratory",516.0,0.00066,5,"2024-07-15","B",,
"d886f256-3c79-4b96-a4a1-8d53236c2b7d","D06","KING","KING.AOS.S2","KING.SS.20240711.FIL","A00000439665","2024-07-11T15:23Z","2024-07-11T15:23Z","Illinois State Water Survey Central Analytical Laboratory",586.0,0.00042,5,"2024-07-15","A",,
"a99e0fa6-9f03-4ef7-8d7a-7e46895164fc","D06","KING","KING.AOS.S2","KING.SS.20240711.FIL","A00000439665","2024-07-11T15:23Z","2024-07-11T15:23Z","Illinois State Water Survey Central Analytical Laboratory",502.0,0.00064,5,"2024-07-15","A",,
"da27f65f-d0e7-427a-8551-9f9655340fbb","D06","KING","KING.AOS.S2","KING.SS.20240711.FIL","A00000439665","2024-07-11T15:23Z","2024-07-11T15:23Z","Illinois State Water Survey Central Analytical Laboratory",444.0,0.00098,5,"2024-07-15","A",,
"331e6449-b9d7-4492-bc10-dc6757264810","D06","KING","KING.AOS.S2","KING.SS.20240711.FIL","A00000439665","2024-07-11T15:23Z","2024-07-11T15:23Z","Illinois State Water Survey Central Analytical Laboratory",460.0,0.00086,5,"2024-07-15","B",,
"f55382af-0d7a-4710-943c-275d9340f1a9","D06","KING","KING.AOS.S2","KING.SS.20240711.FIL","A00000439665","2024-07-11T15:23Z","2024-07-11T15:23Z","Illinois State Water Survey Central Analytical Laboratory",392.0,0.00202,5,"2024-07-15","A",,
"b162f787-fec7-4949-a7cc-f3e3f717ecdc","D06","KING","KING.AOS.S2","KING.SS.20240711.FIL","A00000439665","2024-07-11T15:23Z","2024-07-11T15:23Z","Illinois State Water Survey Central Analytical Laboratory",462.0,0.00076,5,"2024-07-15","A",,
"e625b01f-b0d0-4c25-968e-80989e6d3018","D06","KING","KING.AOS.S2","KING.SS.20240711.FIL","A00000439665","2024-07-11T15:23Z","2024-07-11T15:23Z","Illinois State Water Survey Central Analytical Laboratory",436.0,0.00110,5,"2024-07-15","A",,
"eca39bb2-b0bc-47f3-a11c-d6730784988f","D06","KING","KING.AOS.S2","KING.SS.20240711.FIL","A00000439665","2024-07-11T15:23Z","2024-07-11T15:23Z","Illinois State Water Survey Central Analytical Laboratory",372.0,0.00284,5,"2024-07-15","A",,
"ff52390a-ef0a-4867-8f26-fa8e3f410c98","D06","KING","KING.AOS.S2","KING.SS.20240711.FIL","A00000439665","2024-07-11T15:23Z","2024-07-11T15:23Z","Illinois State Water Survey Central Analytical Laboratory",404.0,0.00172,5,"2024-07-15","B",,
"997d9cd3-444c-4090-8af3-fe58e5e2f487","D06","KING","KING.AOS.S2","KING.SS.20240711.FIL","A00000439665","2024-07-11T15:23Z","2024-07-11T15:23Z","Illinois State Water Survey Central Analytical Laboratory",540.0,0.00070,5,"2024-07-15","B",,
"e92d7a22-78ec-4872-a887-3e5bfcd13113","D06","KING","KING.AOS.S2","KING.SS.20240711.FIL","A00000439665","2024-07-11T15:23Z","2024-07-11T15:23Z","Illinois State Water Survey Central Analytical Laboratory",406.0,0.00164,5,"2024-07-15","A",,
"ef3d70d3-28c8-4391-832c-f86a1d11cb62","D06","KING","KING.AOS.S2","KING.SS.20240711.FIL","A00000439665","2024-07-11T15:23Z","2024-07-11T15:23Z","Illinois State Water Survey Central Analytical Laboratory",356.0,0.00372,5,"2024-07-15","B",,
"a347fcd0-5ba9-463f-8dcc-d66f3eb3c490","D06","KING","KING.AOS.S2","KING.SS.20240711.FIL","A00000439665","2024-07-11T15:23Z","2024-07-11T15:23Z","Illinois State Water Survey Central Analytical Laboratory",472.0,0.00080,5,"2024-07-15","A",,
"a6ea372a-8018-41f1-92e0-94dd8e722135","D06","KING","KING.AOS.S2","KING.SS.20240711.FIL","A00000439665","2024-07-11T15:23Z","2024-07-11T15:23Z","Illinois State Water Survey Central Analytical Laboratory",416.0,0.00130,5,"2024-07-15","B",,
"cfd0eebd-bac9-44e0-988b-9e9c87eb6743","D06","KING","KING.AOS.S2","KING.SS.20240711.FIL","A00000439665","2024-07-11T15:23Z","2024-07-11T15:23Z","Illinois State Water Survey Central Analytical Laboratory",512.0,0.00054,5,"2024-07-15","A",,
"0169994a-a4b4-4a2e-aa0c-62cf956ecc07","D06","KING","KING.AOS.S2","KING.SS.20240711.FIL","A00000439665","2024-07-11T15:23Z","2024-07-11T15:23Z","Illinois State Water Survey Central Analytical Laboratory",256.0,0.01894,5,"2024-07-15","B",,
"96f8c4cb-9c42-48ca-8746-16c27bce09db","D06","KING","KING.AOS.S2","KING.SS.20240711.FIL","A00000439665","2024-07-11T15:23Z","2024-07-11T15:23Z","Illinois State Water Survey Central Analytical Laboratory",470.0,0.00078,5,"2024-07-15","A",,
"3651c02b-ee70-4c5a-bb4f-43bcd160a474","D06","KING","KING.AOS.S2","KING.SS.20240711.FIL","A00000439665","2024-07-11T15:23Z","2024-07-11T15:23Z","Illinois State Water Survey Central Analytical Laboratory",398.0,0.00182,5,"2024-07-15","B",,
"b821d024-3879-4df3-958d-b30491150950","D06","KING","KING.AOS.S2","KING.SS.20240711.FIL","A00000439665","2024-07-11T15:23Z","2024-07-11T15:23Z","Illinois State Water Survey Central Analytical Laboratory",590.0,0.00036,5,"2024-07-15","A",,
"807d5091-e8b8-4d35-9ddf-e0ea2f36cdb6","D06","KING","KING.AOS.S2","KING.SS.20240711.FIL","A00000439665","2024-07-11T15:23Z","2024-07-11T15:23Z","Illinois State Water Survey Central Analytical Laboratory",396.0,0.00188,5,"2024-07-15","B",,
"36c3f9ca-5847-44fc-9ea8-c86d49107ac1","D06","KING","KING.AOS.S2","KING.SS.20240711.FIL","A00000439665","2024-07-11T15:23Z","2024-07-11T15:23Z","Illinois State Water Survey Central Analytical Laboratory",472.0,0.00088,5,"2024-07-15","B",,
"54cb9100-eafc-4c17-a25c-e4e781951ba6","D06","KING","KING.AOS.S2","KING.SS.20240711.FIL","A00000439665","2024-07-11T15:23Z","2024-07-11T15:23Z","Illinois State Water Survey Central Analytical Laboratory",538.0,0.00066,5,"2024-07-15","B",,
"e7e7c553-dd4d-4e54-892d-e16056f88381","D06","KING","KING.AOS.S2","KING.SS.20240711.FIL","A00000439665","2024-07-11T15:23Z","2024-07-11T15:23Z","Illinois State Water Survey Central Analytical Laboratory",390.0,0.00206,5,"2024-07-15","A",,
"d9131ebb-d332-4401-b235-d24e2f9b9407","D06","KING","KING.AOS.S2","KING.SS.20240711.FIL","A00000439665","2024-07-11T15:23Z","2024-07-11T15:23Z","Illinois State Water Survey Central Analytical Laboratory",592.0,0.00042,5,"2024-07-15","A",,
"e52ed06f-bc5c-4cfd-97b7-f1675233a956","D06","KING","KING.AOS.S2","KING.SS.20240711.FIL","A00000439665","2024-07-11T15:23Z","2024-07-11T15:23Z","Illinois State Water Survey Central Analytical Laboratory",544.0,0.00064,5,"2024-07-15","B",,
"d1fbd7ab-6a34-4b83-b44c-56a948f11ccb","D06","KING","KING.AOS.S2","KING.SS.20240711.FIL","A00000439665","2024-07-11T15:23Z","2024-07-11T15:23Z","Illinois State Water Survey Central Analytical Laboratory",260.0,0.01812,5,"2024-07-15","B",,
"490f7b25-1dd8-4ae9-84bc-65f8294d6038","D06","KING","KING.AOS.S2","KING.SS.20240711.FIL","A00000439665","2024-07-11T15:23Z","2024-07-11T15:23Z","Illinois State Water Survey Central Analytical Laboratory",450.0,0.00090,5,"2024-07-15","A",,
"9ba16bc8-0b69-4c15-a178-b73890c14ef1","D06","KING","KING.AOS.S2","KING.SS.20240711.FIL","A00000439665","2024-07-11T15:23Z","2024-07-11T15:23Z","Illinois State Water Survey Central Analytical Laboratory",230.0,0.03098,5,"2024-07-15","A",,
"150c69fe-11bc-46ac-9955-9dea4983c3a6","D06","KING","KING.AOS.S2","KING.SS.20240711.FIL","A00000439665","2024-07-11T15:23Z","2024-07-11T15:23Z","Illinois State Water Survey Central Analytical Laboratory",302.0,0.00950,5,"2024-07-15","B",,
"577d2142-6db3-454e-ab83-4028a0f950ef","D06","KING","KING.AOS.S2","KING.SS.20240711.FIL","A00000439665","2024-07-11T15:23Z","2024-07-11T15:23Z","Illinois State Water Survey Central Analytical Laboratory",354.0,0.00382,5,"2024-07-15","A",,
"9776dee7-3f22-496f-8596-6047ba10df34","D06","KING","KING.AOS.S2","KING.SS.20240711.FIL","A00000439665","2024-07-11T15:23Z","2024-07-11T15:23Z","Illinois State Water Survey Central Analytical Laboratory",240.0,0.02386,5,"2024-07-15","A",,
"dbf3d81a-7ea4-4af5-a9cc-a476da4475b2","D06","KING","KING.AOS.S2","KING.SS.20240711.FIL","A00000439665","2024-07-11T15:23Z","2024-07-11T15:23Z","Illinois State Water Survey Central Analytical Laboratory",338.0,0.00494,5,"2024-07-15","A",,
"ab9e44cb-6cfa-4422-8395-8f15cf5ebf18","D06","KING","KING.AOS.S2","KING.SS.20240711.FIL","A00000439665","2024-07-11T15:23Z","2024-07-11T15:23Z","Illinois State Water Survey Central Analytical Laboratory",222.0,0.04286,5,"2024-07-15","B",,
"7c3afbde-9125-4f40-aeea-809aedfa553e","D06","KING","KING.AOS.S2","KING.SS.20240711.FIL","A00000439665","2024-07-11T15:23Z","2024-07-11T15:23Z","Illinois State Water Survey Central Analytical Laboratory",484.0,0.00076,5,"2024-07-15","A",,
"6636e1a7-6975-4dd4-8391-0e2528d20db8","D06","KING","KING.AOS.S2","KING.SS.20240711.FIL","A00000439665","2024-07-11T15:23Z","2024-07-11T15:23Z","Illinois State Water Survey Central Analytical Laboratory",448.0,0.00100,5,"2024-07-15","B",,
"97e774a2-454c-4ca1-89f7-da6a3959d135","D06","KING","KING.AOS.S2","KING.SS.20240711.FIL","A00000439665","2024-07-11T15:23Z","2024-07-11T15:23Z","Illinois State Water Survey Central Analytical Laboratory",492.0,0.00074,5,"2024-07-15","A",,
"5f8484dd-1286-4cdf-bc4a-f8c526c2c59c","D06","KING","KING.AOS.S2","KING.SS.20240711.FIL","A00000439665","2024-07-11T15:23Z","2024-07-11T15:23Z","Illinois State Water Survey Central Analytical Laboratory",534.0,0.00064,5,"2024-07-15","B",,
"0cf3cb7f-a094-4f23-80d4-2f57c5baafa9","D06","KING","KING.AOS.S2","KING.SS.20240711.FIL","A00000439665","2024-07-11T15:23Z","2024-07-11T15:23Z","Illinois State Water Survey Central Analytical Laboratory",594.0,0.00032,5,"2024-07-15","A",,
"c35d3629-bb11-4a79-bd66-6972544cc0de","D06","KING","KING.AOS.S2","KING.SS.20240711.FIL","A00000439665","2024-07-11T15:23Z","2024-07-11T15:23Z","Illinois State Water Survey Central Analytical Laboratory",258.0,0.01834,5,"2024-07-15","A",,
"d3a5367c-f5f6-49bf-901d-668987177386","D06","KING","KING.AOS.S2","KING.SS.20240711.FIL","A00000439665","2024-07-11T15:23Z","2024-07-11T15:23Z","Illinois State Water Survey Central Analytical Laboratory",402.0,0.00176,5,"2024-07-15","B",,
"8b807c89-15f3-46f8-955f-49a6324d8aff","D06","KING","KING.AOS.S2","KING.SS.20240711.FIL","A00000439665","2024-07-11T15:23Z","2024-07-11T15:23Z","Illinois State Water Survey Central Analytical Laboratory",388.0,0.00214,5,"2024-07-15","A",,
"db87ba29-9a95-4a04-9a1e-f1e7f67272ef","D06","KING","KING.AOS.S2","KING.SS.20240711.FIL","A00000439665","2024-07-11T15:23Z","2024-07-11T15:23Z","Illinois State Water Survey Central Analytical Laboratory",396.0,0.00190,5,"2024-07-15","A",,
"30f632ef-567b-4017-b4a4-8809d4d1d370","D06","KING","KING.AOS.S2","KING.SS.20240711.FIL","A00000439665","2024-07-11T15:23Z","2024-07-11T15:23Z","Illinois State Water Survey Central Analytical Laboratory",408.0,0.00156,5,"2024-07-15","B",,
"c5bd5ab5-7d1c-4e7c-a5bb-25a04aa8ec38","D06","KING","KING.AOS.S2","KING.SS.20240711.FIL","A00000439665","2024-07-11T15:23Z","2024-07-11T15:23Z","Illinois State Water Survey Central Analytical Laboratory",536.0,0.00052,5,"2024-07-15","A",,
"b2a47d86-b803-4484-9483-ef764160fef8","D06","KING","KING.AOS.S2","KING.SS.20240711.FIL","A00000439665","2024-07-11T15:23Z","2024-07-11T15:23Z","Illinois State Water Survey Central Analytical Laboratory",474.0,0.00086,5,"2024-07-15","B",,
"3c28a3ee-895d-482a-a998-811e613d2fd3","D06","KING","KING.AOS.S2","KING.SS.20240711.FIL","A00000439665","2024-07-11T15:23Z","2024-07-11T15:23Z","Illinois State Water Survey Central Analytical Laboratory",404.0,0.00172,5,"2024-07-15","A",,
"3f9054ab-a486-4d3a-81e2-17214efaf188","D06","KING","KING.AOS.S2","KING.SS.20240711.FIL","A00000439665","2024-07-11T15:23Z","2024-07-11T15:23Z","Illinois State Water Survey Central Analytical Laboratory",484.0,0.00084,5,"2024-07-15","B",,
"8a40848a-2514-4e7b-b0dd-623e83ddcd6a","D06","KING","KING.AOS.S2","KING.SS.20240711.FIL","A00000439665","2024-07-11T15:23Z","2024-07-11T15:23Z","Illinois State Water Survey Central Analytical Laboratory",586.0,0.00090,5,"2024-07-15","B",,
"b980a5f6-de09-4e10-9bea-88054ae604c8","D06","KING","KING.AOS.S2","KING.SS.20240711.FIL","A00000439665","2024-07-11T15:23Z","2024-07-11T15:23Z","Illinois State Water Survey Central Analytical Laboratory",254.0,0.01952,5,"2024-07-15","B",,
"58162e61-3c30-41f8-9469-2ceafe95df2e","D06","KING","KING.AOS.S2","KING.SS.20240711.FIL","A00000439665","2024-07-11T15:23Z","2024-07-11T15:23Z","Illinois State Water Survey Central Analytical Laboratory",278.0,0.01430,5,"2024-07-15","A",,
"5d54d697-2e99-425d-8260-90aa247808b9","D06","KING","KING.AOS.S2","KING.SS.20240711.FIL","A00000439665","2024-07-11T15:23Z","2024-07-11T15:23Z","Illinois State Water Survey Central Analytical Laboratory",496.0,0.00074,5,"2024-07-15","B",,
"cc746d2b-9131-4868-bec6-afef3b3d1dfc","D06","KING","KING.AOS.S2","KING.SS.20240711.FIL","A00000439665","2024-07-11T15:23Z","2024-07-11T15:23Z","Illinois State Water Survey Central Analytical Laboratory",432.0,0.00122,5,"2024-07-15","B",,
"44d6815d-4fd0-499a-8b6f-8f32ef92a825","D06","KING","KING.AOS.S2","KING.SS.20240711.FIL","A00000439665","2024-07-11T15:23Z","2024-07-11T15:23Z","Illinois State Water Survey Central Analytical Laboratory",454.0,0.00094,5,"2024-07-15","B",,
"dd0ca3c3-2001-4508-8df6-958ff3ac95f3","D06","KING","KING.AOS.S2","KING.SS.20240711.FIL","A00000439665","2024-07-11T15:23Z","2024-07-11T15:23Z","Illinois State Water Survey Central Analytical Laboratory",556.0,0.00074,5,"2024-07-15","B",,
"296181bf-8607-4b86-83ea-8816a411345c","D06","KING","KING.AOS.S2","KING.SS.20240711.FIL","A00000439665","2024-07-11T15:23Z","2024-07-11T15:23Z","Illinois State Water Survey Central Analytical Laboratory",228.0,0.03280,5,"2024-07-15","A",,
"1b54909a-9343-40b6-b398-f833ef6bb170","D06","KING","KING.AOS.S2","KING.SS.20240711.FIL","A00000439665","2024-07-11T15:23Z","2024-07-11T15:23Z","Illinois State Water Survey Central Analytical Laboratory",526.0,0.00056,5,"2024-07-15","A",,
"fc22e005-401a-4baf-b882-3ef36dfc520a","D06","KING","KING.AOS.S2","KING.SS.20240711.FIL","A00000439665","2024-07-11T15:23Z","2024-07-11T15:23Z","Illinois State Water Survey Central Analytical Laboratory",402.0,0.00180,5,"2024-07-15","A",,
"3d93a4c6-35df-463b-937b-e65391d3c95e","D06","KING","KING.AOS.S2","KING.SS.20240711.FIL","A00000439665","2024-07-11T15:23Z","2024-07-11T15:23Z","Illinois State Water Survey Central Analytical Laboratory",290.0,0.01164,5,"2024-07-15","A",,
"b7f82d91-d268-46aa-b266-8ad31d6c8770","D06","KING","KING.AOS.S2","KING.SS.20240711.FIL","A00000439665","2024-07-11T15:23Z","2024-07-11T15:23Z","Illinois State Water Survey Central Analytical Laboratory",332.0,0.00552,5,"2024-07-15","B",,
"08e5ef26-403b-447f-ae6d-f3c1c4112de9","D06","KING","KING.AOS.S2","KING.SS.20240711.FIL","A00000439665","2024-07-11T15:23Z","2024-07-11T15:23Z","Illinois State Water Survey Central Analytical Laboratory",524.0,0.00056,5,"2024-07-15","A",,
"c18e13c9-ad89-49a2-83fb-fa57377fde83","D06","KING","KING.AOS.S2","KING.SS.20240711.FIL","A00000439665","2024-07-11T15:23Z","2024-07-11T15:23Z","Illinois State Water Survey Central Analytical Laboratory",482.0,0.00078,5,"2024-07-15","A",,
"e2c4bae3-a304-493e-a5bf-6ae9fab34526","D06","KING","KING.AOS.S2","KING.SS.20240711.FIL","A00000439665","2024-07-11T15:23Z","2024-07-11T15:23Z","Illinois State Water Survey Central Analytical Laboratory",420.0,0.00130,5,"2024-07-15","B",,
"cb058823-e251-43b6-808b-ab8774621d79","D06","KING","KING.AOS.S2","KING.SS.20240711.FIL","A00000439665","2024-07-11T15:23Z","2024-07-11T15:23Z","Illinois State Water Survey Central Analytical Laboratory",302.0,0.00936,5,"2024-07-15","A",,
"0dd5c332-91f0-4d34-bb27-649f57fb3706","D06","KING","KING.AOS.S2","KING.SS.20240711.FIL","A00000439665","2024-07-11T15:23Z","2024-07-11T15:23Z","Illinois State Water Survey Central Analytical Laboratory",406.0,0.00164,5,"2024-07-15","B",,
"2483cc19-3c07-4dae-ad85-ab4c32c1bb54","D06","KING","KING.AOS.S2","KING.SS.20240711.FIL","A00000439665","2024-07-11T15:23Z","2024-07-11T15:23Z","Illinois State Water Survey Central Analytical Laboratory",320.0,0.00682,5,"2024-07-15","A",,
"b7e8f0a7-f3e2-4778-9d51-fe4122628a85","D06","KING","KING.AOS.S2","KING.SS.20240711.FIL","A00000439665","2024-07-11T15:23Z","2024-07-11T15:23Z","Illinois State Water Survey Central Analytical Laboratory",256.0,0.01882,5,"2024-07-15","A",,
"3ed5774e-230c-4f2b-8a65-208b368f760d","D06","KING","KING.AOS.S2","KING.SS.20240711.FIL","A00000439665","2024-07-11T15:23Z","2024-07-11T15:23Z","Illinois State Water Survey Central Analytical Laboratory",434.0,0.00114,5,"2024-07-15","A",,
"23815d9f-7a52-446a-9ec6-843fc8263e22","D06","KING","KING.AOS.S2","KING.SS.20240711.FIL","A00000439665","2024-07-11T15:23Z","2024-07-11T15:23Z","Illinois State Water Survey Central Analytical Laboratory",412.0,0.00142,5,"2024-07-15","A",,
"ea15caeb-e7c5-4c43-84b5-fea9aa1d5bcc","D06","KING","KING.AOS.S2","KING.SS.20240711.FIL","A00000439665","2024-07-11T15:23Z","2024-07-11T15:23Z","Illinois State Water Survey Central Analytical Laboratory",272.0,0.01570,5,"2024-07-15","B",,
"8dd790fb-25b0-40a0-94bf-918036c7985e","D06","KING","KING.AOS.S2","KING.SS.20240711.FIL","A00000439665","2024-07-11T15:23Z","2024-07-11T15:23Z","Illinois State Water Survey Central Analytical Laboratory",280.0,0.01384,5,"2024-07-15","A",,
"a687aea6-1adc-4041-87c0-ca433029cc93","D06","KING","KING.AOS.S2","KING.SS.20240711.FIL","A00000439665","2024-07-11T15:23Z","2024-07-11T15:23Z","Illinois State Water Survey Central Analytical Laboratory",572.0,0.00078,5,"2024-07-15","B",,
"892d8208-e561-412a-a4e4-80ddb1068670","D06","KING","KING.AOS.S2","KING.SS.20240711.FIL","A00000439665","2024-07-11T15:23Z","2024-07-11T15:23Z","Illinois State Water Survey Central Analytical Laboratory",324.0,0.00632,5,"2024-07-15","A",,
"9f03a926-f7d4-441f-a4bf-2328a356b137","D06","KING","KING.AOS.S2","KING.SS.20240711.FIL","A00000439665","2024-07-11T15:23Z","2024-07-11T15:23Z","Illinois State Water Survey Central Analytical Laboratory",262.0,0.01768,5,"2024-07-15","B",,
"7b95880f-2251-47c7-92b9-93dfb7142f41","D06","KING","KING.AOS.S2","KING.SS.20240711.FIL","A00000439665","2024-07-11T15:23Z","2024-07-11T15:23Z","Illinois State Water Survey Central Analytical Laboratory",242.0,0.02312,5,"2024-07-15","B",,
"22052f66-8842-4ff9-9983-7bf2bd6e5936","D06","KING","KING.AOS.S2","KING.SS.20240711.FIL","A00000439665","2024-07-11T15:23Z","2024-07-11T15:23Z","Illinois State Water Survey Central Analytical Laboratory",556.0,0.00044,5,"2024-07-15","A",,
"802a00ee-9096-4542-a1a7-f4d0d68b8bf9","D06","KING","KING.AOS.S2","KING.SS.20240711.FIL","A00000439665","2024-07-11T15:23Z","2024-07-11T15:23Z","Illinois State Water Survey Central Analytical Laboratory",486.0,0.00080,5,"2024-07-15","B",,
"6ead7fb4-4106-48ea-a0fd-aca1cde5c1ec","D06","KING","KING.AOS.S2","KING.SS.20240711.FIL","A00000439665","2024-07-11T15:23Z","2024-07-11T15:23Z","Illinois State Water Survey Central Analytical Laboratory",478.0,0.00084,5,"2024-07-15","B",,
"3d22e707-d182-46f0-b037-d2271ded8882","D06","KING","KING.AOS.S2","KING.SS.20240711.FIL","A00000439665","2024-07-11T15:23Z","2024-07-11T15:23Z","Illinois State Water Survey Central Analytical Laboratory",276.0,0.01486,5,"2024-07-15","B",,
"b9d53113-c43c-4c4a-8f47-ced9781bbd50","D06","KING","KING.AOS.S2","KING.SS.20240711.FIL","A00000439665","2024-07-11T15:23Z","2024-07-11T15:23Z","Illinois State Water Survey Central Analytical Laboratory",500.0,0.00074,5,"2024-07-15","B",,
"95d12953-2d55-42a9-80b1-149b428078ff","D06","KING","KING.AOS.S2","KING.SS.20240711.FIL","A00000439665","2024-07-11T15:23Z","2024-07-11T15:23Z","Illinois State Water Survey Central Analytical Laboratory",480.0,0.00086,5,"2024-07-15","B",,
"4ddbbd41-5e84-4f42-b686-dbc783be59c1","D06","KING","KING.AOS.S2","KING.SS.20240711.FIL","A00000439665","2024-07-11T15:23Z","2024-07-11T15:23Z","Illinois State Water Survey Central Analytical Laboratory",310.0,0.00820,5,"2024-07-15","B",,
"e6f6e140-0221-4374-b3c9-136d6429de40","D06","KING","KING.AOS.S2","KING.SS.20240711.FIL","A00000439665","2024-07-11T15:23Z","2024-07-11T15:23Z","Illinois State Water Survey Central Analytical Laboratory",270.0,0.01586,5,"2024-07-15","A",,
"a94c005b-c60d-4daa-be8b-c3431bceffde","D06","KING","KING.AOS.S2","KING.SS.20240711.FIL","A00000439665","2024-07-11T15:23Z","2024-07-11T15:23Z","Illinois State Water Survey Central Analytical Laboratory",388.0,0.00214,5,"2024-07-15","B",,
"073ac853-432d-4d76-8255-0b590911a25c","D06","KING","KING.AOS.S2","KING.SS.20240711.FIL","A00000439665","2024-07-11T15:23Z","2024-07-11T15:23Z","Illinois State Water Survey Central Analytical Laboratory",490.0,0.00068,5,"2024-07-15","A",,
"802e72df-d203-4355-ae54-ec8c20148d2a","D06","KING","KING.AOS.S2","KING.SS.20240711.FIL","A00000439665","2024-07-11T15:23Z","2024-07-11T15:23Z","Illinois State Water Survey Central Analytical Laboratory",298.0,0.01000,5,"2024-07-15","A",,
"19ba9b1b-94c2-4895-af47-1eaf555e59ae","D06","KING","KING.AOS.S2","KING.SS.20240711.FIL","A00000439665","2024-07-11T15:23Z","2024-07-11T15:23Z","Illinois State Water Survey Central Analytical Laboratory",584.0,0.00042,5,"2024-07-15","A",,
"86246595-c5d7-477a-9342-81b05def2e43","D06","KING","KING.AOS.S2","KING.SS.20240711.FIL","A00000439665","2024-07-11T15:23Z","2024-07-11T15:23Z","Illinois State Water Survey Central Analytical Laboratory",280.0,0.01398,5,"2024-07-15","B",,
"2f080cff-4988-4825-83cd-3f255d4400fe","D06","KING","KING.AOS.S2","KING.SS.20240711.FIL","A00000439665","2024-07-11T15:23Z","2024-07-11T15:23Z","Illinois State Water Survey Central Analytical Laboratory",456.0,0.00088,5,"2024-07-15","B",,
"a993921a-4217-46a4-899e-c4d0f8aa2e99","D06","KING","KING.AOS.S2","KING.SS.20240711.FIL","A00000439665","2024-07-11T15:23Z","2024-07-11T15:23Z","Illinois State Water Survey Central Analytical Laboratory",450.0,0.00098,5,"2024-07-15","B",,
"999e1a27-3ed3-4b26-b1d9-7e117932a048","D06","KING","KING.AOS.S2","KING.SS.20240711.FIL","A00000439665","2024-07-11T15:23Z","2024-07-11T15:23Z","Illinois State Water Survey Central Analytical Laboratory",422.0,0.00130,5,"2024-07-15","A",,
"0eb97a3d-6386-42e5-a921-3d631fc0c5e9","D06","KING","KING.AOS.S2","KING.SS.20240711.FIL","A00000439665","2024-07-11T15:23Z","2024-07-11T15:23Z","Illinois State Water Survey Central Analytical Laboratory",310.0,0.00810,5,"2024-07-15","A",,
"843c5e27-9343-4eb7-b426-207d7d0d0c75","D06","KING","KING.AOS.S2","KING.SS.20240711.FIL","A00000439665","2024-07-11T15:23Z","2024-07-11T15:23Z","Illinois State Water Survey Central Analytical Laboratory",464.0,0.00074,5,"2024-07-15","A",,
"226ae603-696f-40bd-89ac-fabe28585291","D06","KING","KING.AOS.S2","KING.SS.20240711.FIL","A00000439665","2024-07-11T15:23Z","2024-07-11T15:23Z","Illinois State Water Survey Central Analytical Laboratory",466.0,0.00084,5,"2024-07-15","B",,
"9612e794-8ee0-4d77-b65a-341c9dafaae0","D06","KING","KING.AOS.S2","KING.SS.20240711.FIL","A00000439665","2024-07-11T15:23Z","2024-07-11T15:23Z","Illinois State Water Survey Central Analytical Laboratory",506.0,0.00074,5,"2024-07-15","B",,
"00303b5e-49fc-4392-a6df-9cf2025a07c6","D06","KING","KING.AOS.S2","KING.SS.20240711.FIL","A00000439665","2024-07-11T15:23Z","2024-07-11T15:23Z","Illinois State Water Survey Central Analytical Laboratory",598.0,0.00100,5,"2024-07-15","B",,
"aa073c37-4fbc-4edb-a55e-1c8ebe265f51","D06","KING","KING.AOS.S2","KING.SS.20240711.FIL","A00000439665","2024-07-11T15:23Z","2024-07-11T15:23Z","Illinois State Water Survey Central Analytical Laboratory",306.0,0.00882,5,"2024-07-15","B",,
"e3059c22-1c9c-4170-8767-1d49e4890175","D06","KING","KING.AOS.S2","KING.SS.20240711.FIL","A00000439665","2024-07-11T15:23Z","2024-07-11T15:23Z","Illinois State Water Survey Central Analytical Laboratory",322.0,0.00654,5,"2024-07-15","A",,
"b4ff2945-7fb3-4388-a9c2-ef408d7309a6","D06","KING","KING.AOS.S2","KING.SS.20240711.FIL","A00000439665","2024-07-11T15:23Z","2024-07-11T15:23Z","Illinois State Water Survey Central Analytical Laboratory",442.0,0.00102,5,"2024-07-15","A",,
"57419fcb-d155-43ed-a413-0c34b67b0bfc","D06","KING","KING.AOS.S2","KING.SS.20240715.FIL","A00000439670","2024-07-15T15:21Z","2024-07-15T15:21Z","Illinois State Water Survey Central Analytical Laboratory",532.0,0.00046,5,"2024-07-16","B",,
"c1492076-d75b-4727-81ea-82895f4b1117","D06","KING","KING.AOS.S2","KING.SS.20240715.FIL","A00000439670","2024-07-15T15:21Z","2024-07-15T15:21Z","Illinois State Water Survey Central Analytical Laboratory",222.0,0.04508,5,"2024-07-16","B",,
"1efa6370-1cef-488b-a959-41c42f1de4cf","D06","KING","KING.AOS.S2","KING.SS.20240715.FIL","A00000439670","2024-07-15T15:21Z","2024-07-15T15:21Z","Illinois State Water Survey Central Analytical Laboratory",592.0,0.00036,5,"2024-07-16","B",,
"59e745a3-d928-489e-87be-52c3a2817f46","D06","KING","KING.AOS.S2","KING.SS.20240715.FIL","A00000439670","2024-07-15T15:21Z","2024-07-15T15:21Z","Illinois State Water Survey Central Analytical Laboratory",270.0,0.01470,5,"2024-07-16","A",,
"13471b0e-9ca1-4059-9889-c7055aa4639f","D06","KING","KING.AOS.S2","KING.SS.20240715.FIL","A00000439670","2024-07-15T15:21Z","2024-07-15T15:21Z","Illinois State Water Survey Central Analytical Laboratory",302.0,0.00882,5,"2024-07-16","B",,
"804583f4-7413-4e15-89db-77fa06ac31a9","D06","KING","KING.AOS.S2","KING.SS.20240715.FIL","A00000439670","2024-07-15T15:21Z","2024-07-15T15:21Z","Illinois State Water Survey Central Analytical Laboratory",338.0,0.00454,5,"2024-07-16","A",,
"0a256e1d-db00-4832-a428-eb55a730aeb6","D06","KING","KING.AOS.S2","KING.SS.20240715.FIL","A00000439670","2024-07-15T15:21Z","2024-07-15T15:21Z","Illinois State Water Survey Central Analytical Laboratory",286.0,0.01160,5,"2024-07-16","A",,
"bc62a2b3-739d-45c0-a31f-33eb50e7420a","D06","KING","KING.AOS.S2","KING.SS.20240715.FIL","A00000439670","2024-07-15T15:21Z","2024-07-15T15:21Z","Illinois State Water Survey Central Analytical Laboratory",298.0,0.00932,5,"2024-07-16","A",,
"1dfe6be1-cf61-446c-83a7-3f5b616753b0","D06","KING","KING.AOS.S2","KING.SS.20240715.FIL","A00000439670","2024-07-15T15:21Z","2024-07-15T15:21Z","Illinois State Water Survey Central Analytical Laboratory",538.0,0.00044,5,"2024-07-16","B",,
"3ce05b39-22bb-4402-a8c4-a0e3a848cc94","D06","KING","KING.AOS.S2","KING.SS.20240715.FIL","A00000439670","2024-07-15T15:21Z","2024-07-15T15:21Z","Illinois State Water Survey Central Analytical Laboratory",522.0,0.00046,5,"2024-07-16","B",,
"583255c3-ffb8-4f7b-af14-7c1a222a9660","D06","KING","KING.AOS.S2","KING.SS.20240715.FIL","A00000439670","2024-07-15T15:21Z","2024-07-15T15:21Z","Illinois State Water Survey Central Analytical Laboratory",366.0,0.00282,5,"2024-07-16","A",,
"24993e9d-2a99-4a11-9b1f-ddd7b3e72d17","D06","KING","KING.AOS.S2","KING.SS.20240715.FIL","A00000439670","2024-07-15T15:21Z","2024-07-15T15:21Z","Illinois State Water Survey Central Analytical Laboratory",274.0,0.01416,5,"2024-07-16","B",,
"aa27774c-ade2-461c-bc26-23bca7d5baa2","D06","KING","KING.AOS.S2","KING.SS.20240715.FIL","A00000439670","2024-07-15T15:21Z","2024-07-15T15:21Z","Illinois State Water Survey Central Analytical Laboratory",296.0,0.00982,5,"2024-07-16","B",,
"786846c2-6bc3-4bdb-bb0a-2e72cfe46fc2","D06","KING","KING.AOS.S2","KING.SS.20240715.FIL","A00000439670","2024-07-15T15:21Z","2024-07-15T15:21Z","Illinois State Water Survey Central Analytical Laboratory",288.0,0.01142,5,"2024-07-16","B",,
"f7b083a1-9ffa-4994-bf5c-f7753f8a7b92","D06","KING","KING.AOS.S2","KING.SS.20240715.FIL","A00000439670","2024-07-15T15:21Z","2024-07-15T15:21Z","Illinois State Water Survey Central Analytical Laboratory",574.0,0.00040,5,"2024-07-16","B",,
"3c7070f1-40f0-4c16-b25b-082d95b71bef","D06","KING","KING.AOS.S2","KING.SS.20240715.FIL","A00000439670","2024-07-15T15:21Z","2024-07-15T15:21Z","Illinois State Water Survey Central Analytical Laboratory",494.0,0.00054,5,"2024-07-16","B",,
"05323693-2b43-4b9a-97ea-4989eb2487fb","D06","KING","KING.AOS.S2","KING.SS.20240715.FIL","A00000439670","2024-07-15T15:21Z","2024-07-15T15:21Z","Illinois State Water Survey Central Analytical Laboratory",242.0,0.02180,5,"2024-07-16","B",,
"396313c6-823e-4afb-9846-aaa0e38086cb","D06","KING","KING.AOS.S2","KING.SS.20240715.FIL","A00000439670","2024-07-15T15:21Z","2024-07-15T15:21Z","Illinois State Water Survey Central Analytical Laboratory",254.0,0.01798,5,"2024-07-16","A",,
"6dda1bea-6dd6-4046-b953-80441e5fe213","D06","KING","KING.AOS.S2","KING.SS.20240715.FIL","A00000439670","2024-07-15T15:21Z","2024-07-15T15:21Z","Illinois State Water Survey Central Analytical Laboratory",516.0,0.00048,5,"2024-07-16","B",,
"b2c47cb2-50c7-4963-b1b1-66efc2b13ede","D06","KING","KING.AOS.S2","KING.SS.20240715.FIL","A00000439670","2024-07-15T15:21Z","2024-07-15T15:21Z","Illinois State Water Survey Central Analytical Laboratory",434.0,0.00100,5,"2024-07-16","B",,
"25a85ef1-2004-4ee0-9d20-95abe4565b7a","D06","KING","KING.AOS.S2","KING.SS.20240715.FIL","A00000439670","2024-07-15T15:21Z","2024-07-15T15:21Z","Illinois State Water Survey Central Analytical Laboratory",570.0,0.00022,5,"2024-07-16","A",,
"8f9b832a-89ec-47ad-b64d-218cfac871f5","D06","KING","KING.AOS.S2","KING.SS.20240715.FIL","A00000439670","2024-07-15T15:21Z","2024-07-15T15:21Z","Illinois State Water Survey Central Analytical Laboratory",468.0,0.00064,5,"2024-07-16","B",,
"04dd05d9-9493-473a-888b-49b17d3f18c9","D06","KING","KING.AOS.S2","KING.SS.20240715.FIL","A00000439670","2024-07-15T15:21Z","2024-07-15T15:21Z","Illinois State Water Survey Central Analytical Laboratory",384.0,0.00216,5,"2024-07-16","B",,
"819e25fc-83e7-4e44-b8b5-3d21842d5e7b","D06","KING","KING.AOS.S2","KING.SS.20240715.FIL","A00000439670","2024-07-15T15:21Z","2024-07-15T15:21Z","Illinois State Water Survey Central Analytical Laboratory",224.0,0.04052,5,"2024-07-16","B",,
"545027d2-af96-4926-99d7-8025ab1f8746","D06","KING","KING.AOS.S2","KING.SS.20240715.FIL","A00000439670","2024-07-15T15:21Z","2024-07-15T15:21Z","Illinois State Water Survey Central Analytical Laboratory",446.0,0.00080,5,"2024-07-16","A",,
"7b71da54-f0dd-4bb1-adb2-0317fa891c0f","D06","KING","KING.AOS.S2","KING.SS.20240715.FIL","A00000439670","2024-07-15T15:21Z","2024-07-15T15:21Z","Illinois State Water Survey Central Analytical Laboratory",328.0,0.00540,5,"2024-07-16","A",,
"f032ef88-2364-471b-8d8e-3ef3b04ed6c4","D06","KING","KING.AOS.S2","KING.SS.20240715.FIL","A00000439670","2024-07-15T15:21Z","2024-07-15T15:21Z","Illinois State Water Survey Central Analytical Laboratory",318.0,0.00646,5,"2024-07-16","A",,
"8649fd0f-80ca-4f48-b563-cd3b6691c351","D06","KING","KING.AOS.S2","KING.SS.20240715.FIL","A00000439670","2024-07-15T15:21Z","2024-07-15T15:21Z","Illinois State Water Survey Central Analytical Laboratory",320.0,0.00644,5,"2024-07-16","B",,
"2d57134a-abc0-49d7-81c6-6d707779a895","D06","KING","KING.AOS.S2","KING.SS.20240715.FIL","A00000439670","2024-07-15T15:21Z","2024-07-15T15:21Z","Illinois State Water Survey Central Analytical Laboratory",566.0,0.00042,5,"2024-07-16","B",,
"7d7aa819-d045-4b06-a0ce-ad5fa5b0793e","D06","KING","KING.AOS.S2","KING.SS.20240715.FIL","A00000439670","2024-07-15T15:21Z","2024-07-15T15:21Z","Illinois State Water Survey Central Analytical Laboratory",356.0,0.00348,5,"2024-07-16","B",,
"fe7efea8-e51e-45f9-96c2-e31c9744efac","D06","KING","KING.AOS.S2","KING.SS.20240715.FIL","A00000439670","2024-07-15T15:21Z","2024-07-15T15:21Z","Illinois State Water Survey Central Analytical Laboratory",366.0,0.00294,5,"2024-07-16","B",,
"96a19d4a-7435-4bde-84a1-a3d5ebb00c03","D06","KING","KING.AOS.S2","KING.SS.20240715.FIL","A00000439670","2024-07-15T15:21Z","2024-07-15T15:21Z","Illinois State Water Survey Central Analytical Laboratory",432.0,0.00102,5,"2024-07-16","B",,
"6c7ff992-ab7a-4088-9c25-e62bb7a5fcf3","D06","KING","KING.AOS.S2","KING.SS.20240715.FIL","A00000439670","2024-07-15T15:21Z","2024-07-15T15:21Z","Illinois State Water Survey Central Analytical Laboratory",244.0,0.02086,5,"2024-07-16","A",,
"68c2804f-98f9-4255-9675-283683cf28bc","D06","KING","KING.AOS.S2","KING.SS.20240715.FIL","A00000439670","2024-07-15T15:21Z","2024-07-15T15:21Z","Illinois State Water Survey Central Analytical Laboratory",356.0,0.00334,5,"2024-07-16","A",,
"ecee0e3b-79fa-41a4-8821-3ee31351f2a5","D06","KING","KING.AOS.S2","KING.SS.20240715.FIL","A00000439670","2024-07-15T15:21Z","2024-07-15T15:21Z","Illinois State Water Survey Central Analytical Laboratory",250.0,0.01896,5,"2024-07-16","A",,
"82431ba6-1b57-405a-8dcc-f1dc749dac5c","D06","KING","KING.AOS.S2","KING.SS.20240715.FIL","A00000439670","2024-07-15T15:21Z","2024-07-15T15:21Z","Illinois State Water Survey Central Analytical Laboratory",372.0,0.00268,5,"2024-07-16","B",,
"d55dcc08-edd5-4273-90d2-837d55770487","D06","KING","KING.AOS.S2","KING.SS.20240715.FIL","A00000439670","2024-07-15T15:21Z","2024-07-15T15:21Z","Illinois State Water Survey Central Analytical Laboratory",458.0,0.00072,5,"2024-07-16","B",,
"c6cb5c66-ef55-409c-ac09-0445612dd3d7","D06","KING","KING.AOS.S2","KING.SS.20240715.FIL","A00000439670","2024-07-15T15:21Z","2024-07-15T15:21Z","Illinois State Water Survey Central Analytical Laboratory",436.0,0.00096,5,"2024-07-16","B",,
"4a18c7e6-efea-4708-a746-78cd58ca988a","D06","KING","KING.AOS.S2","KING.SS.20240715.FIL","A00000439670","2024-07-15T15:21Z","2024-07-15T15:21Z","Illinois State Water Survey Central Analytical Laboratory",526.0,0.00046,5,"2024-07-16","B",,
"b61016f1-94b8-49d9-8544-1870a1e954f3","D06","KING","KING.AOS.S2","KING.SS.20240715.FIL","A00000439670","2024-07-15T15:21Z","2024-07-15T15:21Z","Illinois State Water Survey Central Analytical Laboratory",280.0,0.01300,5,"2024-07-16","B",,
"8bbeeede-d6cd-4d37-b702-f730bd29b358","D06","KING","KING.AOS.S2","KING.SS.20240715.FIL","A00000439670","2024-07-15T15:21Z","2024-07-15T15:21Z","Illinois State Water Survey Central Analytical Laboratory",362.0,0.00320,5,"2024-07-16","B",,
"2a3b189c-7b09-494c-8454-4333833f534f","D06","KING","KING.AOS.S2","KING.SS.20240715.FIL","A00000439670","2024-07-15T15:21Z","2024-07-15T15:21Z","Illinois State Water Survey Central Analytical Laboratory",238.0,0.02354,5,"2024-07-16","A",,
"4d553f03-932b-4dd9-be78-0c50ea472f0f","D06","KING","KING.AOS.S2","KING.SS.20240715.FIL","A00000439670","2024-07-15T15:21Z","2024-07-15T15:21Z","Illinois State Water Survey Central Analytical Laboratory",322.0,0.00620,5,"2024-07-16","B",,
"16a8dd96-b893-4e59-a250-419bc4614b6a","D06","KING","KING.AOS.S2","KING.SS.20240715.FIL","A00000439670","2024-07-15T15:21Z","2024-07-15T15:21Z","Illinois State Water Survey Central Analytical Laboratory",480.0,0.00050,5,"2024-07-16","A",,
"61dd0d97-7415-4ea9-ace5-ec36f9bd545c","D06","KING","KING.AOS.S2","KING.SS.20240715.FIL","A00000439670","2024-07-15T15:21Z","2024-07-15T15:21Z","Illinois State Water Survey Central Analytical Laboratory",542.0,0.00022,5,"2024-07-16","A",,
"465be8cf-47d7-4fa3-a4ab-f8129ed699dd","D06","KING","KING.AOS.S2","KING.SS.20240715.FIL","A00000439670","2024-07-15T15:21Z","2024-07-15T15:21Z","Illinois State Water Survey Central Analytical Laboratory",314.0,0.00692,5,"2024-07-16","A",,
"007403a8-85a8-407e-be80-9257a839de6d","D06","KING","KING.AOS.S2","KING.SS.20240715.FIL","A00000439670","2024-07-15T15:21Z","2024-07-15T15:21Z","Illinois State Water Survey Central Analytical Laboratory",340.0,0.00456,5,"2024-07-16","B",,
"5bc5bdf0-9a0b-44e9-ba79-e171706c5984","D06","KING","KING.AOS.S2","KING.SS.20240715.FIL","A00000439670","2024-07-15T15:21Z","2024-07-15T15:21Z","Illinois State Water Survey Central Analytical Laboratory",250.0,0.01920,5,"2024-07-16","B",,
"dcfc902b-9287-4b7f-a921-5b83b74ee9cf","D06","KING","KING.AOS.S2","KING.SS.20240715.FIL","A00000439670","2024-07-15T15:21Z","2024-07-15T15:21Z","Illinois State Water Survey Central Analytical Laboratory",584.0,0.00042,5,"2024-07-16","B",,
"33787e52-ca24-488f-84fd-c9dab6af74d3","D06","KING","KING.AOS.S2","KING.SS.20240715.FIL","A00000439670","2024-07-15T15:21Z","2024-07-15T15:21Z","Illinois State Water Survey Central Analytical Laboratory",578.0,0.00022,5,"2024-07-16","A",,
"372ad50e-e1ca-474e-854e-6738134c6e19","D06","KING","KING.AOS.S2","KING.SS.20240715.FIL","A00000439670","2024-07-15T15:21Z","2024-07-15T15:21Z","Illinois State Water Survey Central Analytical Laboratory",374.0,0.00254,5,"2024-07-16","B",,
"2d7afdbd-3229-4398-b75d-6855651de237","D06","KING","KING.AOS.S2","KING.SS.20240715.FIL","A00000439670","2024-07-15T15:21Z","2024-07-15T15:21Z","Illinois State Water Survey Central Analytical Laboratory",322.0,0.00600,5,"2024-07-16","A",,
"501c8cea-cd45-4157-bb11-b582d517b10b","D06","KING","KING.AOS.S2","KING.SS.20240715.FIL","A00000439670","2024-07-15T15:21Z","2024-07-15T15:21Z","Illinois State Water Survey Central Analytical Laboratory",474.0,0.00062,5,"2024-07-16","B",,
"544ddabe-e002-43a3-884f-002033f8157b","D06","KING","KING.AOS.S2","KING.SS.20240715.FIL","A00000439670","2024-07-15T15:21Z","2024-07-15T15:21Z","Illinois State Water Survey Central Analytical Laboratory",518.0,0.00050,5,"2024-07-16","B",,
"7dc9d769-c73e-4cb9-b816-80a2a4b9161f","D06","KING","KING.AOS.S2","KING.SS.20240715.FIL","A00000439670","2024-07-15T15:21Z","2024-07-15T15:21Z","Illinois State Water Survey Central Analytical Laboratory",522.0,0.00028,5,"2024-07-16","A",,
"ecfe1a79-ab0c-4145-a8c2-1e8cbd0f05f5","D06","KING","KING.AOS.S2","KING.SS.20240715.FIL","A00000439670","2024-07-15T15:21Z","2024-07-15T15:21Z","Illinois State Water Survey Central Analytical Laboratory",266.0,0.01570,5,"2024-07-16","B",,
"be768ccb-e764-4ba4-9519-50f673367343","D06","KING","KING.AOS.S2","KING.SS.20240715.FIL","A00000439670","2024-07-15T15:21Z","2024-07-15T15:21Z","Illinois State Water Survey Central Analytical Laboratory",492.0,0.00046,5,"2024-07-16","A",,
"9d8cddf2-9c26-4d75-ab72-5f66005421d3","D06","KING","KING.AOS.S2","KING.SS.20240715.FIL","A00000439670","2024-07-15T15:21Z","2024-07-15T15:21Z","Illinois State Water Survey Central Analytical Laboratory",326.0,0.00578,5,"2024-07-16","B",,
"e259c903-f58d-4c3f-a213-892e6ffe320d","D06","KING","KING.AOS.S2","KING.SS.20240715.FIL","A00000439670","2024-07-15T15:21Z","2024-07-15T15:21Z","Illinois State Water Survey Central Analytical Laboratory",346.0,0.00396,5,"2024-07-16","A",,
"2b08ec09-ea4b-4dc1-aadc-89ced63fa3fb","D06","KING","KING.AOS.S2","KING.SS.20240715.FIL","A00000439670","2024-07-15T15:21Z","2024-07-15T15:21Z","Illinois State Water Survey Central Analytical Laboratory",496.0,0.00048,5,"2024-07-16","A",,
"87906898-3d35-4ff6-9a3f-3695995e8a7f","D06","KING","KING.AOS.S2","KING.SS.20240715.FIL","A00000439670","2024-07-15T15:21Z","2024-07-15T15:21Z","Illinois State Water Survey Central Analytical Laboratory",310.0,0.00748,5,"2024-07-16","A",,
"3b20e535-78b0-4b2c-826f-d781216ec86b","D06","KING","KING.AOS.S2","KING.SS.20240715.FIL","A00000439670","2024-07-15T15:21Z","2024-07-15T15:21Z","Illinois State Water Survey Central Analytical Laboratory",296.0,0.00964,5,"2024-07-16","A",,
"ade3b50b-8571-4df6-adb3-1b3626dcd18c","D06","KING","KING.AOS.S2","KING.SS.20240715.FIL","A00000439670","2024-07-15T15:21Z","2024-07-15T15:21Z","Illinois State Water Survey Central Analytical Laboratory",588.0,0.00040,5,"2024-07-16","B",,
"e58a2746-ce34-4daa-8807-a054580ca06c","D06","KING","KING.AOS.S2","KING.SS.20240715.FIL","A00000439670","2024-07-15T15:21Z","2024-07-15T15:21Z","Illinois State Water Survey Central Analytical Laboratory",388.0,0.00192,5,"2024-07-16","A",,
"2b7248e0-0f43-479f-aa54-4cf46cbb0a00","D06","KING","KING.AOS.S2","KING.SS.20240715.FIL","A00000439670","2024-07-15T15:21Z","2024-07-15T15:21Z","Illinois State Water Survey Central Analytical Laboratory",268.0,0.01532,5,"2024-07-16","B",,
"51bfefce-5484-48f8-8e58-eddce94cc0c2","D06","KING","KING.AOS.S2","KING.SS.20240715.FIL","A00000439670","2024-07-15T15:21Z","2024-07-15T15:21Z","Illinois State Water Survey Central Analytical Laboratory",548.0,0.00046,5,"2024-07-16","B",,
"28c03f1b-51fe-49d4-8861-77d1e701d695","D06","KING","KING.AOS.S2","KING.SS.20240715.FIL","A00000439670","2024-07-15T15:21Z","2024-07-15T15:21Z","Illinois State Water Survey Central Analytical Laboratory",576.0,0.00040,5,"2024-07-16","B",,
"d8610803-01f5-4dd9-aa11-938138dc1a5e","D06","KING","KING.AOS.S2","KING.SS.20240715.FIL","A00000439670","2024-07-15T15:21Z","2024-07-15T15:21Z","Illinois State Water Survey Central Analytical Laboratory",258.0,0.01702,5,"2024-07-16","A",,
"e8298166-a0b0-4322-93f2-138315df6447","D06","KING","KING.AOS.S2","KING.SS.20240715.FIL","A00000439670","2024-07-15T15:21Z","2024-07-15T15:21Z","Illinois State Water Survey Central Analytical Laboratory",292.0,0.01060,5,"2024-07-16","B",,
"568b9bc1-d1c7-4b63-81a3-3b71fbdaaca7","D06","KING","KING.AOS.S2","KING.SS.20240715.FIL","A00000439670","2024-07-15T15:21Z","2024-07-15T15:21Z","Illinois State Water Survey Central Analytical Laboratory",578.0,0.00044,5,"2024-07-16","B",,
"300fe104-6d40-4ef9-999d-a6d11a9726b9","D06","KING","KING.AOS.S2","KING.SS.20240715.FIL","A00000439670","2024-07-15T15:21Z","2024-07-15T15:21Z","Illinois State Water Survey Central Analytical Laboratory",338.0,0.00472,5,"2024-07-16","B",,
"c1e10982-b808-420f-81b4-3a2820021401","D06","KING","KING.AOS.S2","KING.SS.20240715.FIL","A00000439670","2024-07-15T15:21Z","2024-07-15T15:21Z","Illinois State Water Survey Central Analytical Laboratory",502.0,0.00042,5,"2024-07-16","A",,
"04dfba9e-1fab-4100-abeb-55720e95472f","D06","KING","KING.AOS.S2","KING.SS.20240715.FIL","A00000439670","2024-07-15T15:21Z","2024-07-15T15:21Z","Illinois State Water Survey Central Analytical Laboratory",242.0,0.02154,5,"2024-07-16","A",,
"e8d04027-3813-49d9-b2f6-0d08b40e11bd","D06","KING","KING.AOS.S2","KING.SS.20240715.FIL","A00000439670","2024-07-15T15:21Z","2024-07-15T15:21Z","Illinois State Water Survey Central Analytical Laboratory",364.0,0.00290,5,"2024-07-16","A",,
"2f3d94f3-1ad3-4010-8ad7-9711eec4198c","D06","KING","KING.AOS.S2","KING.SS.20240715.FIL","A00000439670","2024-07-15T15:21Z","2024-07-15T15:21Z","Illinois State Water Survey Central Analytical Laboratory",352.0,0.00358,5,"2024-07-16","A",,
"9bba6ab7-50d8-4087-aff0-8fc59d305ed4","D06","KING","KING.AOS.S2","KING.SS.20240715.FIL","A00000439670","2024-07-15T15:21Z","2024-07-15T15:21Z","Illinois State Water Survey Central Analytical Laboratory",264.0,0.01588,5,"2024-07-16","A",,
"1351d723-950d-42df-b8e2-146c7dbace6b","D06","KING","KING.AOS.S2","KING.SS.20240715.FIL","A00000439670","2024-07-15T15:21Z","2024-07-15T15:21Z","Illinois State Water Survey Central Analytical Laboratory",526.0,0.00030,5,"2024-07-16","A",,
"fa51d3e1-4725-4f92-9f33-cc96e6ac8fb5","D06","KING","KING.AOS.S2","KING.SS.20240715.FIL","A00000439670","2024-07-15T15:21Z","2024-07-15T15:21Z","Illinois State Water Survey Central Analytical Laboratory",480.0,0.00060,5,"2024-07-16","B",,
"587a0ee1-a4c9-4362-b2ad-6c1a1478336a","D06","KING","KING.AOS.S2","KING.SS.20240715.FIL","A00000439670","2024-07-15T15:21Z","2024-07-15T15:21Z","Illinois State Water Survey Central Analytical Laboratory",300.0,0.00918,5,"2024-07-16","B",,
"38d9d333-1faf-494a-9ab4-affefa1f16b7","D06","KING","KING.AOS.S2","KING.SS.20240715.FIL","A00000439670","2024-07-15T15:21Z","2024-07-15T15:21Z","Illinois State Water Survey Central Analytical Laboratory",554.0,0.00018,5,"2024-07-16","A",,
"6fa107ef-3ffb-41b2-a43f-34dfc261ee7e","D06","KING","KING.AOS.S2","KING.SS.20240715.FIL","A00000439670","2024-07-15T15:21Z","2024-07-15T15:21Z","Illinois State Water Survey Central Analytical Laboratory",288.0,0.01120,5,"2024-07-16","A",,
"03bac540-6036-43ea-a48c-f7959d4a2183","D06","KING","KING.AOS.S2","KING.SS.20240715.FIL","A00000439670","2024-07-15T15:21Z","2024-07-15T15:21Z","Illinois State Water Survey Central Analytical Laboratory",422.0,0.00114,5,"2024-07-16","A",,
"44998f4d-388d-48c3-a161-ab8bc7cd3c4d","D06","KING","KING.AOS.S2","KING.SS.20240715.FIL","A00000439670","2024-07-15T15:21Z","2024-07-15T15:21Z","Illinois State Water Survey Central Analytical Laboratory",564.0,0.00026,5,"2024-07-16","A",,
"c4873cfa-845d-4578-b9fb-d50f086bf9ff","D06","KING","KING.AOS.S2","KING.SS.20240715.FIL","A00000439670","2024-07-15T15:21Z","2024-07-15T15:21Z","Illinois State Water Survey Central Analytical Laboratory",290.0,0.01078,5,"2024-07-16","A",,
"22e08452-e0d9-4ac6-8766-8dc3be199f7b","D06","KING","KING.AOS.S2","KING.SS.20240715.FIL","A00000439670","2024-07-15T15:21Z","2024-07-15T15:21Z","Illinois State Water Survey Central Analytical Laboratory",226.0,0.03604,5,"2024-07-16","A",,
"09ae5ecc-8e4c-470f-a507-b803c80775a3","D06","KING","KING.AOS.S2","KING.SS.20240715.FIL","A00000439670","2024-07-15T15:21Z","2024-07-15T15:21Z","Illinois State Water Survey Central Analytical Laboratory",594.0,0.00016,5,"2024-07-16","A",,
"ba029846-d829-4828-b8dc-b4c8c5944128","D06","KING","KING.AOS.S2","KING.SS.20240715.FIL","A00000439670","2024-07-15T15:21Z","2024-07-15T15:21Z","Illinois State Water Survey Central Analytical Laboratory",330.0,0.00538,5,"2024-07-16","B",,
"010f6185-2454-4125-af0a-efa0ccfc3926","D06","KING","KING.AOS.S2","KING.SS.20240715.FIL","A00000439670","2024-07-15T15:21Z","2024-07-15T15:21Z","Illinois State Water Survey Central Analytical Laboratory",370.0,0.00276,5,"2024-07-16","B",,
"a96c13b6-7a9c-4548-82f1-ec4453b4c3a7","D06","KING","KING.AOS.S2","KING.SS.20240715.FIL","A00000439670","2024-07-15T15:21Z","2024-07-15T15:21Z","Illinois State Water Survey Central Analytical Laboratory",312.0,0.00722,5,"2024-07-16","A",,
"bccbece3-ab60-49a1-9f49-bf6d4b0626ca","D06","KING","KING.AOS.S2","KING.SS.20240715.FIL","A00000439670","2024-07-15T15:21Z","2024-07-15T15:21Z","Illinois State Water Survey Central Analytical Laboratory",446.0,0.00084,5,"2024-07-16","B",,
"359d061f-c599-47e4-bd0d-590d6cb6fbbc","D06","KING","KING.AOS.S2","KING.SS.20240715.FIL","A00000439670","2024-07-15T15:21Z","2024-07-15T15:21Z","Illinois State Water Survey Central Analytical Laboratory",490.0,0.00058,5,"2024-07-16","B",,
"0171e58a-5c8a-447e-9226-70b156cf5514","D06","KING","KING.AOS.S2","KING.SS.20240715.FIL","A00000439670","2024-07-15T15:21Z","2024-07-15T15:21Z","Illinois State Water Survey Central Analytical Laboratory",398.0,0.00164,5,"2024-07-16","A",,
"2f8b2b96-3f82-4e6a-acda-4295a63d060d","D06","KING","KING.AOS.S2","KING.SS.20240715.FIL","A00000439670","2024-07-15T15:21Z","2024-07-15T15:21Z","Illinois State Water Survey Central Analytical Laboratory",324.0,0.00598,5,"2024-07-16","B",,
"f96b2548-4c6d-4f1f-b75d-3d225b5977ff","D06","KING","KING.AOS.S2","KING.SS.20240715.FIL","A00000439670","2024-07-15T15:21Z","2024-07-15T15:21Z","Illinois State Water Survey Central Analytical Laboratory",590.0,0.00032,5,"2024-07-16","B",,
"b3b070e1-559c-4c5b-b251-45c925d19888","D06","KING","KING.AOS.S2","KING.SS.20240715.FIL","A00000439670","2024-07-15T15:21Z","2024-07-15T15:21Z","Illinois State Water Survey Central Analytical Laboratory",394.0,0.00180,5,"2024-07-16","B",,
"3f77637a-f21d-4d33-bca7-5816df4bbb42","D06","KING","KING.AOS.S2","KING.SS.20240715.FIL","A00000439670","2024-07-15T15:21Z","2024-07-15T15:21Z","Illinois State Water Survey Central Analytical Laboratory",300.0,0.00898,5,"2024-07-16","A",,
"1056641d-aab3-4a1a-b9bc-4b6b76584838","D06","KING","KING.AOS.S2","KING.SS.20240715.FIL","A00000439670","2024-07-15T15:21Z","2024-07-15T15:21Z","Illinois State Water Survey Central Analytical Laboratory",304.0,0.00834,5,"2024-07-16","A",,
"d8d972fe-7bea-404e-8159-a6ff1c04f062","D06","KING","KING.AOS.S2","KING.SS.20240715.FIL","A00000439670","2024-07-15T15:21Z","2024-07-15T15:21Z","Illinois State Water Survey Central Analytical Laboratory",352.0,0.00372,5,"2024-07-16","B",,
"60565652-bd6b-4856-87ab-4af325391407","D06","KING","KING.AOS.S2","KING.SS.20240715.FIL","A00000439670","2024-07-15T15:21Z","2024-07-15T15:21Z","Illinois State Water Survey Central Analytical Laboratory",528.0,0.00046,5,"2024-07-16","B",,
"364821e8-8508-4f5e-81ec-adb9464f9db0","D06","KING","KING.AOS.S2","KING.SS.20240715.FIL","A00000439670","2024-07-15T15:21Z","2024-07-15T15:21Z","Illinois State Water Survey Central Analytical Laboratory",560.0,0.00040,5,"2024-07-16","B",,
"2457711b-d5e3-4f67-8854-b3bfb4fbfe47","D06","KING","KING.AOS.S2","KING.SS.20240715.FIL","A00000439670","2024-07-15T15:21Z","2024-07-15T15:21Z","Illinois State Water Survey Central Analytical Laboratory",430.0,0.00100,5,"2024-07-16","A",,
"6a94ed37-78fa-4c07-b496-dad072492a2d","D06","KING","KING.AOS.S2","KING.SS.20240715.FIL","A00000439670","2024-07-15T15:21Z","2024-07-15T15:21Z","Illinois State Water Survey Central Analytical Laboratory",328.0,0.00556,5,"2024-07-16","B",,
"233c5498-152a-4ff1-bdad-939f903f119a","D06","KING","KING.AOS.S2","KING.SS.20240715.FIL","A00000439670","2024-07-15T15:21Z","2024-07-15T15:21Z","Illinois State Water Survey Central Analytical Laboratory",222.0,0.04430,5,"2024-07-16","A",,
"1a482527-f4b0-4885-8f16-85f5bd122c8b","D06","KING","KING.AOS.S2","KING.SS.20240715.FIL","A00000439670","2024-07-15T15:21Z","2024-07-15T15:21Z","Illinois State Water Survey Central Analytical Laboratory",562.0,0.00018,5,"2024-07-16","A",,
"1ba43cb6-1f73-4479-97a3-f084f4e5ce52","D06","KING","KING.AOS.S2","KING.SS.20240715.FIL","A00000439670","2024-07-15T15:21Z","2024-07-15T15:21Z","Illinois State Water Survey Central Analytical Laboratory",234.0,0.02632,5,"2024-07-16","A",,
"561c8185-0b30-4327-b962-467563700f14","D06","KING","KING.AOS.S2","KING.SS.20240715.FIL","A00000439670","2024-07-15T15:21Z","2024-07-15T15:21Z","Illinois State Water Survey Central Analytical Laboratory",540.0,0.00048,5,"2024-07-16","B",,
"f6df15f7-6ed6-41e1-b0a4-a77b897c507b","D06","KING","KING.AOS.S2","KING.SS.20240715.FIL","A00000439670","2024-07-15T15:21Z","2024-07-15T15:21Z","Illinois State Water Survey Central Analytical Laboratory",528.0,0.00030,5,"2024-07-16","A",,
"2e517356-019c-449d-a93c-d2a93739cd95","D06","KING","KING.AOS.S2","KING.SS.20240715.FIL","A00000439670","2024-07-15T15:21Z","2024-07-15T15:21Z","Illinois State Water Survey Central Analytical Laboratory",524.0,0.00026,5,"2024-07-16","A",,
"f66c35b7-3525-4d78-8700-44febcf7a760","D06","KING","KING.AOS.S2","KING.SS.20240715.FIL","A00000439670","2024-07-15T15:21Z","2024-07-15T15:21Z","Illinois State Water Survey Central Analytical Laboratory",376.0,0.00246,5,"2024-07-16","B",,
"339d114b-35c0-4b62-b61f-1b51637376df","D06","KING","KING.AOS.S2","KING.SS.20240715.FIL","A00000439670","2024-07-15T15:21Z","2024-07-15T15:21Z","Illinois State Water Survey Central Analytical Laboratory",360.0,0.00324,5,"2024-07-16","B",,
"4654c448-21e5-4dc9-9f57-310853223353","D06","KING","KING.AOS.S2","KING.SS.20240715.FIL","A00000439670","2024-07-15T15:21Z","2024-07-15T15:21Z","Illinois State Water Survey Central Analytical Laboratory",506.0,0.00042,5,"2024-07-16","A",,
"74380583-022d-4137-b262-79e1899ddedd","D06","KING","KING.AOS.S2","KING.SS.20240715.FIL","A00000439670","2024-07-15T15:21Z","2024-07-15T15:21Z","Illinois State Water Survey Central Analytical Laboratory",244.0,0.02108,5,"2024-07-16","B",,
"3526e3e9-2ce9-4eb5-b059-ec72eef95af0","D06","KING","KING.AOS.S2","KING.SS.20240715.FIL","A00000439670","2024-07-15T15:21Z","2024-07-15T15:21Z","Illinois State Water Survey Central Analytical Laboratory",320.0,0.00626,5,"2024-07-16","A",,
"c78826b4-27b7-4abd-9972-a03ef88ad86a","D06","KING","KING.AOS.S2","KING.SS.20240715.FIL","A00000439670","2024-07-15T15:21Z","2024-07-15T15:21Z","Illinois State Water Survey Central Analytical Laboratory",402.0,0.00160,5,"2024-07-16","B",,
"c57aca54-0a5a-4318-bcae-200dc46a1c43","D06","KING","KING.AOS.S2","KING.SS.20240715.FIL","A00000439670","2024-07-15T15:21Z","2024-07-15T15:21Z","Illinois State Water Survey Central Analytical Laboratory",404.0,0.00148,5,"2024-07-16","A",,
"0f7bf470-b9dd-4762-b640-9fe59f1fd605","D06","KING","KING.AOS.S2","KING.SS.20240715.FIL","A00000439670","2024-07-15T15:21Z","2024-07-15T15:21Z","Illinois State Water Survey Central Analytical Laboratory",478.0,0.00054,5,"2024-07-16","A",,
"46fe014e-d972-4f5d-9af7-f7337e2cde7f","D06","KING","KING.AOS.S2","KING.SS.20240715.FIL","A00000439670","2024-07-15T15:21Z","2024-07-15T15:21Z","Illinois State Water Survey Central Analytical Laboratory",434.0,0.00096,5,"2024-07-16","A",,
"0ec77b38-c03f-4665-b08c-59021a65b273","D06","KING","KING.AOS.S2","KING.SS.20240715.FIL","A00000439670","2024-07-15T15:21Z","2024-07-15T15:21Z","Illinois State Water Survey Central Analytical Laboratory",344.0,0.00410,5,"2024-07-16","A",,
"c782527c-8c4c-4d9a-ad8b-14a39d6726b3","D06","KING","KING.AOS.S2","KING.SS.20240715.FIL","A00000439670","2024-07-15T15:21Z","2024-07-15T15:21Z","Illinois State Water Survey Central Analytical Laboratory",532.0,0.00026,5,"2024-07-16","A",,
"8d90f310-0ab3-4d8b-bfac-0acf187d83a5","D06","KING","KING.AOS.S2","KING.SS.20240715.FIL","A00000439670","2024-07-15T15:21Z","2024-07-15T15:21Z","Illinois State Water Survey Central Analytical Laboratory",292.0,0.01040,5,"2024-07-16","A",,
"00310dd3-55ec-4798-981f-b67d841e2ee1","D06","KING","KING.AOS.S2","KING.SS.20240715.FIL","A00000439670","2024-07-15T15:21Z","2024-07-15T15:21Z","Illinois State Water Survey Central Analytical Laboratory",584.0,0.00016,5,"2024-07-16","A",,
"8b17dc9e-9edf-4e61-a3d5-d87cc607aec8","D06","KING","KING.AOS.S2","KING.SS.20240715.FIL","A00000439670","2024-07-15T15:21Z","2024-07-15T15:21Z","Illinois State Water Survey Central Analytical Laboratory",412.0,0.00126,5,"2024-07-16","A",,
"afda0489-aa46-43ae-9953-e3e16272897a","D06","KING","KING.AOS.S2","KING.SS.20240715.FIL","A00000439670","2024-07-15T15:21Z","2024-07-15T15:21Z","Illinois State Water Survey Central Analytical Laboratory",596.0,0.00040,5,"2024-07-16","B",,
"5dd38606-fab0-4cab-9d07-98cbe45e4873","D06","KING","KING.AOS.S2","KING.SS.20240715.FIL","A00000439670","2024-07-15T15:21Z","2024-07-15T15:21Z","Illinois State Water Survey Central Analytical Laboratory",582.0,0.00018,5,"2024-07-16","A",,
"72694a38-754b-42ea-a07c-2e57f21d5585","D06","KING","KING.AOS.S2","KING.SS.20240715.FIL","A00000439670","2024-07-15T15:21Z","2024-07-15T15:21Z","Illinois State Water Survey Central Analytical Laboratory",570.0,0.00044,5,"2024-07-16","B",,
"65792e17-55b5-48c9-b143-2d285eecc8fd","D06","KING","KING.AOS.S2","KING.SS.20240715.FIL","A00000439670","2024-07-15T15:21Z","2024-07-15T15:21Z","Illinois State Water Survey Central Analytical Laboratory",440.0,0.00088,5,"2024-07-16","A",,
"92450645-412b-4e29-80b7-3dcde6318ddd","D06","KING","KING.AOS.S2","KING.SS.20240715.FIL","A00000439670","2024-07-15T15:21Z","2024-07-15T15:21Z","Illinois State Water Survey Central Analytical Laboratory",572.0,0.00018,5,"2024-07-16","A",,
"144d8e75-0399-43f6-9ac4-bb5b828265ce","D06","KING","KING.AOS.S2","KING.SS.20240715.FIL","A00000439670","2024-07-15T15:21Z","2024-07-15T15:21Z","Illinois State Water Survey Central Analytical Laboratory",394.0,0.00174,5,"2024-07-16","A",,
"e7245766-4f0f-44c7-a372-af9f0d4a43d7","D06","KING","KING.AOS.S2","KING.SS.20240715.FIL","A00000439670","2024-07-15T15:21Z","2024-07-15T15:21Z","Illinois State Water Survey Central Analytical Laboratory",506.0,0.00056,5,"2024-07-16","B",,
"369995df-8159-4f7a-883c-16f7adb3b330","D06","KING","KING.AOS.S2","KING.SS.20240715.FIL","A00000439670","2024-07-15T15:21Z","2024-07-15T15:21Z","Illinois State Water Survey Central Analytical Laboratory",550.0,0.00052,5,"2024-07-16","B",,
"89658769-f9e1-4cda-a4b1-892dd1c379da","D06","KING","KING.AOS.S2","KING.SS.20240715.FIL","A00000439670","2024-07-15T15:21Z","2024-07-15T15:21Z","Illinois State Water Survey Central Analytical Laboratory",464.0,0.00068,5,"2024-07-16","B",,
"665ce7f9-a106-4e27-8a4a-ca99d6f74cc0","D06","KING","KING.AOS.S2","KING.SS.20240715.FIL","A00000439670","2024-07-15T15:21Z","2024-07-15T15:21Z","Illinois State Water Survey Central Analytical Laboratory",342.0,0.00426,5,"2024-07-16","A",,
"5e942dd1-ea75-438e-b709-c6aa6d37148d","D06","KING","KING.AOS.S2","KING.SS.20240715.FIL","A00000439670","2024-07-15T15:21Z","2024-07-15T15:21Z","Illinois State Water Survey Central Analytical Laboratory",426.0,0.00110,5,"2024-07-16","B",,
"7b9cb4b0-8216-443b-a018-7b8bcc907c4d","D06","KING","KING.AOS.S2","KING.SS.20240715.FIL","A00000439670","2024-07-15T15:21Z","2024-07-15T15:21Z","Illinois State Water Survey Central Analytical Laboratory",596.0,0.00016,5,"2024-07-16","A",,
"9773a02b-35cf-4ac1-bb34-22a0279545f0","D06","KING","KING.AOS.S2","KING.SS.20240715.FIL","A00000439670","2024-07-15T15:21Z","2024-07-15T15:21Z","Illinois State Water Survey Central Analytical Laboratory",410.0,0.00132,5,"2024-07-16","A",,
"c05a2a02-b46e-45b8-839e-ea55b15a62ca","D06","KING","KING.AOS.S2","KING.SS.20240715.FIL","A00000439670","2024-07-15T15:21Z","2024-07-15T15:21Z","Illinois State Water Survey Central Analytical Laboratory",444.0,0.00086,5,"2024-07-16","B",,
"af8e1134-41c0-4a5a-92b7-78afadb811dc","D06","KING","KING.AOS.S2","KING.SS.20240715.FIL","A00000439670","2024-07-15T15:21Z","2024-07-15T15:21Z","Illinois State Water Survey Central Analytical Laboratory",316.0,0.00688,5,"2024-07-16","B",,
"473c066d-6764-494a-8830-1c05cfc84de6","D06","KING","KING.AOS.S2","KING.SS.20240715.FIL","A00000439670","2024-07-15T15:21Z","2024-07-15T15:21Z","Illinois State Water Survey Central Analytical Laboratory",508.0,0.00052,5,"2024-07-16","B",,
"64cd71a9-b1ca-42bb-9d8f-ac1e12eebf97","D06","KING","KING.AOS.S2","KING.SS.20240715.FIL","A00000439670","2024-07-15T15:21Z","2024-07-15T15:21Z","Illinois State Water Survey Central Analytical Laboratory",284.0,0.01222,5,"2024-07-16","B",,
"6b1888bd-a5e9-4f67-ab02-4ad5b82e1d6c","D06","KING","KING.AOS.S2","KING.SS.20240715.FIL","A00000439670","2024-07-15T15:21Z","2024-07-15T15:21Z","Illinois State Water Survey Central Analytical Laboratory",498.0,0.00044,5,"2024-07-16","A",,
"9c3cd202-e8ae-421b-83f6-14b3c3a8c3be","D06","KING","KING.AOS.S2","KING.SS.20240715.FIL","A00000439670","2024-07-15T15:21Z","2024-07-15T15:21Z","Illinois State Water Survey Central Analytical Laboratory",588.0,0.00012,5,"2024-07-16","A",,
"c4e80586-1c06-4229-8523-08499ec8c7c6","D06","KING","KING.AOS.S2","KING.SS.20240715.FIL","A00000439670","2024-07-15T15:21Z","2024-07-15T15:21Z","Illinois State Water Survey Central Analytical Laboratory",392.0,0.00182,5,"2024-07-16","A",,
"1d1cf8b5-2eaf-4bba-9b47-9b3426722378","D06","KING","KING.AOS.S2","KING.SS.20240715.FIL","A00000439670","2024-07-15T15:21Z","2024-07-15T15:21Z","Illinois State Water Survey Central Analytical Laboratory",354.0,0.00344,5,"2024-07-16","A",,
"a92daaf6-f1b0-4178-9b21-78cd1f244c78","D06","KING","KING.AOS.S2","KING.SS.20240715.FIL","A00000439670","2024-07-15T15:21Z","2024-07-15T15:21Z","Illinois State Water Survey Central Analytical Laboratory",362.0,0.00308,5,"2024-07-16","A",,
"7f8434ea-0824-450e-a452-6d5ed8b9ad3b","D06","KING","KING.AOS.S2","KING.SS.20240715.FIL","A00000439670","2024-07-15T15:21Z","2024-07-15T15:21Z","Illinois State Water Survey Central Analytical Laboratory",452.0,0.00076,5,"2024-07-16","B",,
"912d6eae-aee9-40b0-8b6e-8757d3e156d8","D06","KING","KING.AOS.S2","KING.SS.20240715.FIL","A00000439670","2024-07-15T15:21Z","2024-07-15T15:21Z","Illinois State Water Survey Central Analytical Laboratory",482.0,0.00052,5,"2024-07-16","A",,
"c3a13255-a48c-4b2e-89f3-550450f12a09","D06","KING","KING.AOS.S2","KING.SS.20240715.FIL","A00000439670","2024-07-15T15:21Z","2024-07-15T15:21Z","Illinois State Water Survey Central Analytical Laboratory",568.0,0.00036,5,"2024-07-16","B",,
"21a2c7bc-e716-413f-86d6-e749d07b4b71","D06","KING","KING.AOS.S2","KING.SS.20240715.FIL","A00000439670","2024-07-15T15:21Z","2024-07-15T15:21Z","Illinois State Water Survey Central Analytical Laboratory",456.0,0.00066,5,"2024-07-16","A",,
"1be0bb5a-eb00-4445-820b-d36b7ce570d0","D06","KING","KING.AOS.S2","KING.SS.20240715.FIL","A00000439670","2024-07-15T15:21Z","2024-07-15T15:21Z","Illinois State Water Survey Central Analytical Laboratory",368.0,0.00284,5,"2024-07-16","B",,
"1a7a682f-0671-47de-993b-f3433246894c","D06","KING","KING.AOS.S2","KING.SS.20240715.FIL","A00000439670","2024-07-15T15:21Z","2024-07-15T15:21Z","Illinois State Water Survey Central Analytical Laboratory",312.0,0.00740,5,"2024-07-16","B",,
"de212887-956f-4ea9-874a-ee52ce763c5c","D06","KING","KING.AOS.S2","KING.SS.20240715.FIL","A00000439670","2024-07-15T15:21Z","2024-07-15T15:21Z","Illinois State Water Survey Central Analytical Laboratory",466.0,0.00068,5,"2024-07-16","B",,
"8602918d-6790-4a7e-bbd2-964b83fd472c","D06","KING","KING.AOS.S2","KING.SS.20240715.FIL","A00000439670","2024-07-15T15:21Z","2024-07-15T15:21Z","Illinois State Water Survey Central Analytical Laboratory",390.0,0.00192,5,"2024-07-16","B",,
"7d15a776-6138-4f5c-bcbc-8306e0090a92","D06","KING","KING.AOS.S2","KING.SS.20240715.FIL","A00000439670","2024-07-15T15:21Z","2024-07-15T15:21Z","Illinois State Water Survey Central Analytical Laboratory",544.0,0.00048,5,"2024-07-16","B",,
"be6a3d95-db51-48b4-9d16-636965c81933","D06","KING","KING.AOS.S2","KING.SS.20240715.FIL","A00000439670","2024-07-15T15:21Z","2024-07-15T15:21Z","Illinois State Water Survey Central Analytical Laboratory",590.0,0.00006,5,"2024-07-16","A",,
"1f7fb29d-f80f-4389-927c-816fb971a92a","D06","KING","KING.AOS.S2","KING.SS.20240715.FIL","A00000439670","2024-07-15T15:21Z","2024-07-15T15:21Z","Illinois State Water Survey Central Analytical Laboratory",456.0,0.00068,5,"2024-07-16","B",,
"ed627933-8134-41fa-badd-e47783b080a7","D06","KING","KING.AOS.S2","KING.SS.20240715.FIL","A00000439670","2024-07-15T15:21Z","2024-07-15T15:21Z","Illinois State Water Survey Central Analytical Laboratory",544.0,0.00026,5,"2024-07-16","A",,
"5244032c-4826-4d48-b3f3-b530c6edebbb","D06","KING","KING.AOS.S2","KING.SS.20240715.FIL","A00000439670","2024-07-15T15:21Z","2024-07-15T15:21Z","Illinois State Water Survey Central Analytical Laboratory",396.0,0.00174,5,"2024-07-16","B",,
"074904bb-9981-4826-96a4-cb0fc0d2e7f1","D06","KING","KING.AOS.S2","KING.SS.20240715.FIL","A00000439670","2024-07-15T15:21Z","2024-07-15T15:21Z","Illinois State Water Survey Central Analytical Laboratory",414.0,0.00122,5,"2024-07-16","B",,
"b9ee341c-3934-4b93-af4e-2f258a625db7","D06","KING","KING.AOS.S2","KING.SS.20240715.FIL","A00000439670","2024-07-15T15:21Z","2024-07-15T15:21Z","Illinois State Water Survey Central Analytical Laboratory",448.0,0.00082,5,"2024-07-16","B",,
"202694de-4ceb-4c0b-b3e6-27296a2addf0","D06","KING","KING.AOS.S2","KING.SS.20240715.FIL","A00000439670","2024-07-15T15:21Z","2024-07-15T15:21Z","Illinois State Water Survey Central Analytical Laboratory",472.0,0.00060,5,"2024-07-16","A",,
"8681f4e8-4a6f-45cb-ab55-f4eb2cf0b34b","D06","KING","KING.AOS.S2","KING.SS.20240715.FIL","A00000439670","2024-07-15T15:21Z","2024-07-15T15:21Z","Illinois State Water Survey Central Analytical Laboratory",354.0,0.00360,5,"2024-07-16","B",,
"f038e0ba-c3b5-49cd-bb40-ef18d8f5549f","D06","KING","KING.AOS.S2","KING.SS.20240715.FIL","A00000439670","2024-07-15T15:21Z","2024-07-15T15:21Z","Illinois State Water Survey Central Analytical Laboratory",236.0,0.02476,5,"2024-07-16","A",,
"cdfe2e26-01a8-4d2e-be84-f36e91d8340e","D06","KING","KING.AOS.S2","KING.SS.20240715.FIL","A00000439670","2024-07-15T15:21Z","2024-07-15T15:21Z","Illinois State Water Survey Central Analytical Laboratory",350.0,0.00370,5,"2024-07-16","A",,
"470628d6-6050-4a60-b5f9-71f97e7387ae","D06","KING","KING.AOS.S2","KING.SS.20240715.FIL","A00000439670","2024-07-15T15:21Z","2024-07-15T15:21Z","Illinois State Water Survey Central Analytical Laboratory",508.0,0.00036,5,"2024-07-16","A",,
"298afe3c-345f-4cb4-81db-e871ca3e61dd","D06","KING","KING.AOS.S2","KING.SS.20240715.FIL","A00000439670","2024-07-15T15:21Z","2024-07-15T15:21Z","Illinois State Water Survey Central Analytical Laboratory",500.0,0.00042,5,"2024-07-16","A",,
"17bc39c8-a1a4-4d7b-b739-59ee36363578","D06","KING","KING.AOS.S2","KING.SS.20240715.FIL","A00000439670","2024-07-15T15:21Z","2024-07-15T15:21Z","Illinois State Water Survey Central Analytical Laboratory",284.0,0.01200,5,"2024-07-16","A",,
"1ba19a34-4ac3-43ef-a268-f4a2d92277b1","D06","KING","KING.AOS.S2","KING.SS.20240715.FIL","A00000439670","2024-07-15T15:21Z","2024-07-15T15:21Z","Illinois State Water Survey Central Analytical Laboratory",466.0,0.00060,5,"2024-07-16","A",,
"58c46941-9de0-4e08-9ce8-be4b05eff0a2","D06","KING","KING.AOS.S2","KING.SS.20240715.FIL","A00000439670","2024-07-15T15:21Z","2024-07-15T15:21Z","Illinois State Water Survey Central Analytical Laboratory",272.0,0.01460,5,"2024-07-16","B",,
"4df9b49d-05d5-4cf3-a1f5-6074583ab6e2","D06","KING","KING.AOS.S2","KING.SS.20240715.FIL","A00000439670","2024-07-15T15:21Z","2024-07-15T15:21Z","Illinois State Water Survey Central Analytical Laboratory",304.0,0.00854,5,"2024-07-16","B",,
"5ef71330-9471-4399-b017-92dbb51b8d2f","D06","KING","KING.AOS.S2","KING.SS.20240715.FIL","A00000439670","2024-07-15T15:21Z","2024-07-15T15:21Z","Illinois State Water Survey Central Analytical Laboratory",306.0,0.00806,5,"2024-07-16","A",,
"c2d9124b-9299-4b5c-88da-7789628a17be","D06","KING","KING.AOS.S2","KING.SS.20240715.FIL","A00000439670","2024-07-15T15:21Z","2024-07-15T15:21Z","Illinois State Water Survey Central Analytical Laboratory",388.0,0.00198,5,"2024-07-16","B",,
"9eaf2013-ce65-4c1b-97e6-7dca3b354b76","D06","KING","KING.AOS.S2","KING.SS.20240715.FIL","A00000439670","2024-07-15T15:21Z","2024-07-15T15:21Z","Illinois State Water Survey Central Analytical Laboratory",510.0,0.00034,5,"2024-07-16","A",,
"dc81d04d-c5a2-4e14-9251-d4567df8b3ed","D06","KING","KING.AOS.S2","KING.SS.20240715.FIL","A00000439670","2024-07-15T15:21Z","2024-07-15T15:21Z","Illinois State Water Survey Central Analytical Laboratory",302.0,0.00864,5,"2024-07-16","A",,
"59c41ada-37fd-41e2-9b41-5479912b708b","D06","KING","KING.AOS.S2","KING.SS.20240715.FIL","A00000439670","2024-07-15T15:21Z","2024-07-15T15:21Z","Illinois State Water Survey Central Analytical Laboratory",276.0,0.01380,5,"2024-07-16","B",,
"e92830ea-cf1b-403b-ad50-99c00fa2dd57","D06","KING","KING.AOS.S2","KING.SS.20240715.FIL","A00000439670","2024-07-15T15:21Z","2024-07-15T15:21Z","Illinois State Water Survey Central Analytical Laboratory",554.0,0.00038,5,"2024-07-16","B",,
"46d85d6f-6ea4-471b-92cc-b8621c156709","D06","KING","KING.AOS.S2","KING.SS.20240715.FIL","A00000439670","2024-07-15T15:21Z","2024-07-15T15:21Z","Illinois State Water Survey Central Analytical Laboratory",566.0,0.00020,5,"2024-07-16","A",,
"061c7a02-572e-455e-92ee-b4a4888d10cf","D06","KING","KING.AOS.S2","KING.SS.20240715.FIL","A00000439670","2024-07-15T15:21Z","2024-07-15T15:21Z","Illinois State Water Survey Central Analytical Laboratory",228.0,0.03284,5,"2024-07-16","A",,
"8cd43066-1f1f-4df6-8d4b-9fefd241d17b","D06","KING","KING.AOS.S2","KING.SS.20240715.FIL","A00000439670","2024-07-15T15:21Z","2024-07-15T15:21Z","Illinois State Water Survey Central Analytical Laboratory",240.0,0.02250,5,"2024-07-16","A",,
"36818f77-09d6-4586-9e93-ad10f5545e32","D06","KING","KING.AOS.S2","KING.SS.20240715.FIL","A00000439670","2024-07-15T15:21Z","2024-07-15T15:21Z","Illinois State Water Survey Central Analytical Laboratory",232.0,0.02826,5,"2024-07-16","A",,
"ade54201-0918-4b7b-8fd7-cdca6b3d1ee6","D06","KING","KING.AOS.S2","KING.SS.20240715.FIL","A00000439670","2024-07-15T15:21Z","2024-07-15T15:21Z","Illinois State Water Survey Central Analytical Laboratory",534.0,0.00046,5,"2024-07-16","B",,
"b687d835-f2a1-4888-9cb8-60a76012c75b","D06","KING","KING.AOS.S2","KING.SS.20240715.FIL","A00000439670","2024-07-15T15:21Z","2024-07-15T15:21Z","Illinois State Water Survey Central Analytical Laboratory",574.0,0.00020,5,"2024-07-16","A",,
"c7fae8de-0222-4c04-abdb-0196760a2ead","D06","KING","KING.AOS.S2","KING.SS.20240715.FIL","A00000439670","2024-07-15T15:21Z","2024-07-15T15:21Z","Illinois State Water Survey Central Analytical Laboratory",234.0,0.02666,5,"2024-07-16","B",,
"708ed7c3-6cec-4f82-8d15-c9b7f1dbd443","D06","KING","KING.AOS.S2","KING.SS.20240715.FIL","A00000439670","2024-07-15T15:21Z","2024-07-15T15:21Z","Illinois State Water Survey Central Analytical Laboratory",282.0,0.01260,5,"2024-07-16","B",,
"a9a1f3f9-64b6-4e01-b43e-500fbf5c7a70","D06","KING","KING.AOS.S2","KING.SS.20240715.FIL","A00000439670","2024-07-15T15:21Z","2024-07-15T15:21Z","Illinois State Water Survey Central Analytical Laboratory",246.0,0.02008,5,"2024-07-16","A",,
"697ba01d-0049-4c5e-a253-bbb34ea98c25","D06","KING","KING.AOS.S2","KING.SS.20240715.FIL","A00000439670","2024-07-15T15:21Z","2024-07-15T15:21Z","Illinois State Water Survey Central Analytical Laboratory",414.0,0.00120,5,"2024-07-16","A",,
"9ba80ef4-a916-43c5-8a3e-71c20ee5717e","D06","KING","KING.AOS.S2","KING.SS.20240715.FIL","A00000439670","2024-07-15T15:21Z","2024-07-15T15:21Z","Illinois State Water Survey Central Analytical Laboratory",406.0,0.00148,5,"2024-07-16","B",,
"a9c5bc99-5065-4ad1-998c-cfb90b334ae2","D06","KING","KING.AOS.S2","KING.SS.20240715.FIL","A00000439670","2024-07-15T15:21Z","2024-07-15T15:21Z","Illinois State Water Survey Central Analytical Laboratory",346.0,0.00412,5,"2024-07-16","B",,
"65f34866-709f-48cc-9abe-e4a3e5396587","D06","KING","KING.AOS.S2","KING.SS.20240715.FIL","A00000439670","2024-07-15T15:21Z","2024-07-15T15:21Z","Illinois State Water Survey Central Analytical Laboratory",260.0,0.01664,5,"2024-07-16","A",,
"10ba91db-14a3-4b78-9b26-726f92cac17f","D06","KING","KING.AOS.S2","KING.SS.20240715.FIL","A00000439670","2024-07-15T15:21Z","2024-07-15T15:21Z","Illinois State Water Survey Central Analytical Laboratory",520.0,0.00028,5,"2024-07-16","A",,
"aa38847a-a47c-4f99-94ba-5f506a0fac03","D06","KING","KING.AOS.S2","KING.SS.20240715.FIL","A00000439670","2024-07-15T15:21Z","2024-07-15T15:21Z","Illinois State Water Survey Central Analytical Laboratory",408.0,0.00140,5,"2024-07-16","A",,
"b18d2080-e9af-4b35-9470-26a44d7aedfc","D06","KING","KING.AOS.S2","KING.SS.20240715.FIL","A00000439670","2024-07-15T15:21Z","2024-07-15T15:21Z","Illinois State Water Survey Central Analytical Laboratory",486.0,0.00058,5,"2024-07-16","B",,
"92591e32-19f9-4374-a3e6-9bce1cff064b","D06","KING","KING.AOS.S2","KING.SS.20240715.FIL","A00000439670","2024-07-15T15:21Z","2024-07-15T15:21Z","Illinois State Water Survey Central Analytical Laboratory",514.0,0.00048,5,"2024-07-16","B",,
"3f673fd2-d5ba-41c3-a413-6624b74e390c","D06","KING","KING.AOS.S2","KING.SS.20240715.FIL","A00000439670","2024-07-15T15:21Z","2024-07-15T15:21Z","Illinois State Water Survey Central Analytical Laboratory",484.0,0.00056,5,"2024-07-16","A",,
"dad4cf0e-68cd-4095-ae89-1edbc111b17a","D06","KING","KING.AOS.S2","KING.SS.20240715.FIL","A00000439670","2024-07-15T15:21Z","2024-07-15T15:21Z","Illinois State Water Survey Central Analytical Laboratory",318.0,0.00664,5,"2024-07-16","B",,
"13ef9a50-088a-48ce-a298-0d3121837679","D06","KING","KING.AOS.S2","KING.SS.20240715.FIL","A00000439670","2024-07-15T15:21Z","2024-07-15T15:21Z","Illinois State Water Survey Central Analytical Laboratory",276.0,0.01358,5,"2024-07-16","A",,
"2724807d-9088-4952-89a4-5b66335d831a","D06","KING","KING.AOS.S2","KING.SS.20240715.FIL","A00000439670","2024-07-15T15:21Z","2024-07-15T15:21Z","Illinois State Water Survey Central Analytical Laboratory",470.0,0.00060,5,"2024-07-16","A",,
"30e916fe-19fa-4408-9312-1dda007ef2b9","D06","KING","KING.AOS.S2","KING.SS.20240715.FIL","A00000439670","2024-07-15T15:21Z","2024-07-15T15:21Z","Illinois State Water Survey Central Analytical Laboratory",454.0,0.00078,5,"2024-07-16","B",,
"8dcf5974-4a8e-4b16-b3bc-9c61eaa34839","D06","KING","KING.AOS.S2","KING.SS.20240715.FIL","A00000439670","2024-07-15T15:21Z","2024-07-15T15:21Z","Illinois State Water Survey Central Analytical Laboratory",536.0,0.00026,5,"2024-07-16","A",,
"b65fc79d-b6df-4d04-977c-871011067349","D06","KING","KING.AOS.S2","KING.SS.20240715.FIL","A00000439670","2024-07-15T15:21Z","2024-07-15T15:21Z","Illinois State Water Survey Central Analytical Laboratory",548.0,0.00024,5,"2024-07-16","A",,
"50d381f1-344e-4d49-92d5-4435196cdc66","D06","KING","KING.AOS.S2","KING.SS.20240715.FIL","A00000439670","2024-07-15T15:21Z","2024-07-15T15:21Z","Illinois State Water Survey Central Analytical Laboratory",336.0,0.00468,5,"2024-07-16","A",,
"d8dc2d99-4ca4-4c8d-8848-fbea956df187","D06","KING","KING.AOS.S2","KING.SS.20240715.FIL","A00000439670","2024-07-15T15:21Z","2024-07-15T15:21Z","Illinois State Water Survey Central Analytical Laboratory",582.0,0.00042,5,"2024-07-16","B",,
"08cccac2-d267-4787-90da-c5473ef74059","D06","KING","KING.AOS.S2","KING.SS.20240715.FIL","A00000439670","2024-07-15T15:21Z","2024-07-15T15:21Z","Illinois State Water Survey Central Analytical Laboratory",308.0,0.00792,5,"2024-07-16","B",,
"39f9a1c3-6946-409e-aca0-7660749079f1","D06","KING","KING.AOS.S2","KING.SS.20240715.FIL","A00000439670","2024-07-15T15:21Z","2024-07-15T15:21Z","Illinois State Water Survey Central Analytical Laboratory",262.0,0.01622,5,"2024-07-16","A",,
"e38fca02-6ffc-4ff8-8678-3fa6d280febf","D06","KING","KING.AOS.S2","KING.SS.20240715.FIL","A00000439670","2024-07-15T15:21Z","2024-07-15T15:21Z","Illinois State Water Survey Central Analytical Laboratory",468.0,0.00060,5,"2024-07-16","A",,
"ab6f864b-12c3-462b-b447-cce9098b1eb4","D06","KING","KING.AOS.S2","KING.SS.20240715.FIL","A00000439670","2024-07-15T15:21Z","2024-07-15T15:21Z","Illinois State Water Survey Central Analytical Laboratory",558.0,0.00038,5,"2024-07-16","B",,
"a32ba602-256c-4f08-a032-18448893dde8","D06","KING","KING.AOS.S2","KING.SS.20240715.FIL","A00000439670","2024-07-15T15:21Z","2024-07-15T15:21Z","Illinois State Water Survey Central Analytical Laboratory",450.0,0.00074,5,"2024-07-16","A",,
"89cd11c5-5fa1-4014-ab95-cdd65b77c9c0","D06","KING","KING.AOS.S2","KING.SS.20240715.FIL","A00000439670","2024-07-15T15:21Z","2024-07-15T15:21Z","Illinois State Water Survey Central Analytical Laboratory",374.0,0.00244,5,"2024-07-16","A",,
"4f739c9b-7863-4e6b-9c68-2d6a6fd4c6af","D06","KING","KING.AOS.S2","KING.SS.20240715.FIL","A00000439670","2024-07-15T15:21Z","2024-07-15T15:21Z","Illinois State Water Survey Central Analytical Laboratory",428.0,0.00106,5,"2024-07-16","A",,
"e2de5fec-9b56-4e90-8eb7-8b564405fc02","D06","KING","KING.AOS.S2","KING.SS.20240715.FIL","A00000439670","2024-07-15T15:21Z","2024-07-15T15:21Z","Illinois State Water Survey Central Analytical Laboratory",390.0,0.00184,5,"2024-07-16","A",,
"7461a924-6b48-462e-a205-8f953fd476b1","D06","KING","KING.AOS.S2","KING.SS.20240715.FIL","A00000439670","2024-07-15T15:21Z","2024-07-15T15:21Z","Illinois State Water Survey Central Analytical Laboratory",486.0,0.00048,5,"2024-07-16","A",,
"22ac271f-488b-45c5-8f77-0c0ca3cdcbcb","D06","KING","KING.AOS.S2","KING.SS.20240715.FIL","A00000439670","2024-07-15T15:21Z","2024-07-15T15:21Z","Illinois State Water Survey Central Analytical Laboratory",406.0,0.00146,5,"2024-07-16","A",,
"e1aa944c-9c3d-4e3a-b3e4-030e4bdc25cc","D06","KING","KING.AOS.S2","KING.SS.20240715.FIL","A00000439670","2024-07-15T15:21Z","2024-07-15T15:21Z","Illinois State Water Survey Central Analytical Laboratory",310.0,0.00768,5,"2024-07-16","B",,
"b30b5d6f-cb13-4995-ab3e-4d1b9e9e9623","D06","KING","KING.AOS.S2","KING.SS.20240715.FIL","A00000439670","2024-07-15T15:21Z","2024-07-15T15:21Z","Illinois State Water Survey Central Analytical Laboratory",438.0,0.00094,5,"2024-07-16","B",,
"673e9b41-5535-47b9-b88e-5fdac94dd866","D06","KING","KING.AOS.S2","KING.SS.20240715.FIL","A00000439670","2024-07-15T15:21Z","2024-07-15T15:21Z","Illinois State Water Survey Central Analytical Laboratory",298.0,0.00950,5,"2024-07-16","B",,
"989396d1-fcbc-4bc1-ba26-741a6289b900","D06","KING","KING.AOS.S2","KING.SS.20240715.FIL","A00000439670","2024-07-15T15:21Z","2024-07-15T15:21Z","Illinois State Water Survey Central Analytical Laboratory",560.0,0.00016,5,"2024-07-16","A",,
"af68284b-ce5f-4239-892f-2d74147ebba3","D06","KING","KING.AOS.S2","KING.SS.20240715.FIL","A00000439670","2024-07-15T15:21Z","2024-07-15T15:21Z","Illinois State Water Survey Central Analytical Laboratory",420.0,0.00120,5,"2024-07-16","B",,
"c7e92e42-7f6b-4221-af4a-bc4b0e3884fb","D06","KING","KING.AOS.S2","KING.SS.20240715.FIL","A00000439670","2024-07-15T15:21Z","2024-07-15T15:21Z","Illinois State Water Survey Central Analytical Laboratory",552.0,0.00044,5,"2024-07-16","B",,
"54f896b4-c77d-40b2-9def-bd4570121ba9","D06","KING","KING.AOS.S2","KING.SS.20240715.FIL","A00000439670","2024-07-15T15:21Z","2024-07-15T15:21Z","Illinois State Water Survey Central Analytical Laboratory",344.0,0.00424,5,"2024-07-16","B",,
"a8b1f9c4-4d91-4570-aa57-ec024c272ffb","D06","KING","KING.AOS.S2","KING.SS.20240715.FIL","A00000439670","2024-07-15T15:21Z","2024-07-15T15:21Z","Illinois State Water Survey Central Analytical Laboratory",400.0,0.00166,5,"2024-07-16","B",,
"ae1d0bd1-bf62-4691-acc0-d5207eb017ed","D06","KING","KING.AOS.S2","KING.SS.20240715.FIL","A00000439670","2024-07-15T15:21Z","2024-07-15T15:21Z","Illinois State Water Survey Central Analytical Laboratory",426.0,0.00108,5,"2024-07-16","A",,
"943ea10f-c7e5-431f-9e08-79c4243bd0b5","D06","KING","KING.AOS.S2","KING.SS.20240715.FIL","A00000439670","2024-07-15T15:21Z","2024-07-15T15:21Z","Illinois State Water Survey Central Analytical Laboratory",514.0,0.00034,5,"2024-07-16","A",,
"34473e69-158c-4e07-a673-5dca11ec78ef","D06","KING","KING.AOS.S2","KING.SS.20240715.FIL","A00000439670","2024-07-15T15:21Z","2024-07-15T15:21Z","Illinois State Water Survey Central Analytical Laboratory",224.0,0.03982,5,"2024-07-16","A",,
"9c0d3ea7-953f-4126-95f8-965350902bff","D06","KING","KING.AOS.S2","KING.SS.20240715.FIL","A00000439670","2024-07-15T15:21Z","2024-07-15T15:21Z","Illinois State Water Survey Central Analytical Laboratory",410.0,0.00138,5,"2024-07-16","B",,
"8c13a79a-e61f-441c-a87a-2db68e9bc8b6","D06","KING","KING.AOS.S2","KING.SS.20240715.FIL","A00000439670","2024-07-15T15:21Z","2024-07-15T15:21Z","Illinois State Water Survey Central Analytical Laboratory",496.0,0.00056,5,"2024-07-16","B",,
"8ab6dff6-4a7e-4149-8e4c-0dd816f0e9ef","D06","KING","KING.AOS.S2","KING.SS.20240715.FIL","A00000439670","2024-07-15T15:21Z","2024-07-15T15:21Z","Illinois State Water Survey Central Analytical Laboratory",396.0,0.00168,5,"2024-07-16","A",,
"9a23326a-3ac7-4cce-9410-c6fc9f3184ff","D06","KING","KING.AOS.S2","KING.SS.20240715.FIL","A00000439670","2024-07-15T15:21Z","2024-07-15T15:21Z","Illinois State Water Survey Central Analytical Laboratory",254.0,0.01818,5,"2024-07-16","B",,
"3f984600-6e3d-42fb-bea6-38811cfd782b","D06","KING","KING.AOS.S2","KING.SS.20240715.FIL","A00000439670","2024-07-15T15:21Z","2024-07-15T15:21Z","Illinois State Water Survey Central Analytical Laboratory",478.0,0.00064,5,"2024-07-16","B",,
"8ab6dd0d-0310-4a37-8aac-afb26f326ed2","D06","KING","KING.AOS.S2","KING.SS.20240715.FIL","A00000439670","2024-07-15T15:21Z","2024-07-15T15:21Z","Illinois State Water Survey Central Analytical Laboratory",340.0,0.00438,5,"2024-07-16","A",,
"7205e5ac-586a-42bb-bceb-28545a368e9f","D06","KING","KING.AOS.S2","KING.SS.20240715.FIL","A00000439670","2024-07-15T15:21Z","2024-07-15T15:21Z","Illinois State Water Survey Central Analytical Laboratory",474.0,0.00052,5,"2024-07-16","A",,
"92e65299-9f58-4b62-bdc8-69fadf8704ef","D06","KING","KING.AOS.S2","KING.SS.20240715.FIL","A00000439670","2024-07-15T15:21Z","2024-07-15T15:21Z","Illinois State Water Survey Central Analytical Laboratory",290.0,0.01098,5,"2024-07-16","B",,
"f89ea99f-52bb-4ae8-beea-4f0b6d3c1b8f","D06","KING","KING.AOS.S2","KING.SS.20240715.FIL","A00000439670","2024-07-15T15:21Z","2024-07-15T15:21Z","Illinois State Water Survey Central Analytical Laboratory",430.0,0.00102,5,"2024-07-16","B",,
"f3e99e5c-41a4-4da8-a664-663366276f2e","D06","KING","KING.AOS.S2","KING.SS.20240715.FIL","A00000439670","2024-07-15T15:21Z","2024-07-15T15:21Z","Illinois State Water Survey Central Analytical Laboratory",464.0,0.00062,5,"2024-07-16","A",,
"bd26a5e2-2204-46c6-8dfa-8b7b30d47c07","D06","KING","KING.AOS.S2","KING.SS.20240715.FIL","A00000439670","2024-07-15T15:21Z","2024-07-15T15:21Z","Illinois State Water Survey Central Analytical Laboratory",348.0,0.00400,5,"2024-07-16","B",,
"702a1a7b-7614-4801-ad42-53c1e80784e9","D06","KING","KING.AOS.S2","KING.SS.20240715.FIL","A00000439670","2024-07-15T15:21Z","2024-07-15T15:21Z","Illinois State Water Survey Central Analytical Laboratory",230.0,0.03052,5,"2024-07-16","A",,
"240ae382-04c7-4148-843f-b776a4c1b86d","D06","KING","KING.AOS.S2","KING.SS.20240715.FIL","A00000439670","2024-07-15T15:21Z","2024-07-15T15:21Z","Illinois State Water Survey Central Analytical Laboratory",600.0,0.00018,5,"2024-07-16","A",,
"b47dbcb3-9785-4064-b09f-9fd553f5b5ab","D06","KING","KING.AOS.S2","KING.SS.20240715.FIL","A00000439670","2024-07-15T15:21Z","2024-07-15T15:21Z","Illinois State Water Survey Central Analytical Laboratory",270.0,0.01492,5,"2024-07-16","B",,
"a81357bb-9fa0-4062-bad4-7ebe84c6fb5c","D06","KING","KING.AOS.S2","KING.SS.20240715.FIL","A00000439670","2024-07-15T15:21Z","2024-07-15T15:21Z","Illinois State Water Survey Central Analytical Laboratory",538.0,0.00022,5,"2024-07-16","A",,
"5dc6aff5-5c7a-486f-9546-706c7fcddb77","D06","KING","KING.AOS.S2","KING.SS.20240715.FIL","A00000439670","2024-07-15T15:21Z","2024-07-15T15:21Z","Illinois State Water Survey Central Analytical Laboratory",500.0,0.00054,5,"2024-07-16","B",,
"d1239cf1-5ed0-4f27-9d44-d609c2552ff6","D06","KING","KING.AOS.S2","KING.SS.20240715.FIL","A00000439670","2024-07-15T15:21Z","2024-07-15T15:21Z","Illinois State Water Survey Central Analytical Laboratory",256.0,0.01750,5,"2024-07-16","A",,
"7beb6323-780a-4388-87cb-20ec934b0928","D06","KING","KING.AOS.S2","KING.SS.20240715.FIL","A00000439670","2024-07-15T15:21Z","2024-07-15T15:21Z","Illinois State Water Survey Central Analytical Laboratory",408.0,0.00146,5,"2024-07-16","B",,
"62f92ebf-0c96-4b07-a184-80cfb76dcaab","D06","KING","KING.AOS.S2","KING.SS.20240715.FIL","A00000439670","2024-07-15T15:21Z","2024-07-15T15:21Z","Illinois State Water Survey Central Analytical Laboratory",594.0,0.00036,5,"2024-07-16","B",,
"f52043ea-ee50-480d-8aaf-3556cbe3af9d","D06","KING","KING.AOS.S2","KING.SS.20240715.FIL","A00000439670","2024-07-15T15:21Z","2024-07-15T15:21Z","Illinois State Water Survey Central Analytical Laboratory",438.0,0.00090,5,"2024-07-16","A",,
"5ff9015b-19c5-4640-8ede-42451f0974b3","D06","KING","KING.AOS.S2","KING.SS.20240715.FIL","A00000439670","2024-07-15T15:21Z","2024-07-15T15:21Z","Illinois State Water Survey Central Analytical Laboratory",460.0,0.00068,5,"2024-07-16","A",,
"082f1ad1-70d9-49af-8908-78253916c2a6","D06","KING","KING.AOS.S2","KING.SS.20240715.FIL","A00000439670","2024-07-15T15:21Z","2024-07-15T15:21Z","Illinois State Water Survey Central Analytical Laboratory",472.0,0.00066,5,"2024-07-16","B",,
"624293fa-ebbb-4735-93f1-6235e550ef5e","D06","KING","KING.AOS.S2","KING.SS.20240715.FIL","A00000439670","2024-07-15T15:21Z","2024-07-15T15:21Z","Illinois State Water Survey Central Analytical Laboratory",534.0,0.00024,5,"2024-07-16","A",,
"6b98f6c3-13cc-43f7-b87d-9e4781a703e7","D06","KING","KING.AOS.S2","KING.SS.20240715.FIL","A00000439670","2024-07-15T15:21Z","2024-07-15T15:21Z","Illinois State Water Survey Central Analytical Laboratory",274.0,0.01396,5,"2024-07-16","A",,
"e8369822-01e1-4199-b977-491c114d9923","D06","KING","KING.AOS.S2","KING.SS.20240715.FIL","A00000439670","2024-07-15T15:21Z","2024-07-15T15:21Z","Illinois State Water Survey Central Analytical Laboratory",258.0,0.01724,5,"2024-07-16","B",,
"f4700417-cc6f-43b0-bd65-ebe070bbd350","D06","KING","KING.AOS.S2","KING.SS.20240715.FIL","A00000439670","2024-07-15T15:21Z","2024-07-15T15:21Z","Illinois State Water Survey Central Analytical Laboratory",550.0,0.00026,5,"2024-07-16","A",,
"2f121483-caef-4f74-a09d-58da858c41d8","D06","KING","KING.AOS.S2","KING.SS.20240715.FIL","A00000439670","2024-07-15T15:21Z","2024-07-15T15:21Z","Illinois State Water Survey Central Analytical Laboratory",442.0,0.00094,5,"2024-07-16","B",,
"77d416ed-8c39-420c-92b0-01e99fc41d3c","D06","KING","KING.AOS.S2","KING.SS.20240715.FIL","A00000439670","2024-07-15T15:21Z","2024-07-15T15:21Z","Illinois State Water Survey Central Analytical Laboratory",454.0,0.00074,5,"2024-07-16","A",,
"1835ec9e-c4f7-45eb-aee2-e379b1e9e2f1","D06","KING","KING.AOS.S2","KING.SS.20240715.FIL","A00000439670","2024-07-15T15:21Z","2024-07-15T15:21Z","Illinois State Water Survey Central Analytical Laboratory",238.0,0.02380,5,"2024-07-16","B",,
"b90a0ce1-1945-4449-b88f-826711149776","D06","KING","KING.AOS.S2","KING.SS.20240715.FIL","A00000439670","2024-07-15T15:21Z","2024-07-15T15:21Z","Illinois State Water Survey Central Analytical Laboratory",518.0,0.00032,5,"2024-07-16","A",,
"c4f561c4-eb52-44fb-a1d1-57fc9a913e20","D06","KING","KING.AOS.S2","KING.SS.20240715.FIL","A00000439670","2024-07-15T15:21Z","2024-07-15T15:21Z","Illinois State Water Survey Central Analytical Laboratory",358.0,0.00326,5,"2024-07-16","A",,
"ccf48ee3-7fa4-4bf3-8114-7c31641f3233","D06","KING","KING.AOS.S2","KING.SS.20240715.FIL","A00000439670","2024-07-15T15:21Z","2024-07-15T15:21Z","Illinois State Water Survey Central Analytical Laboratory",382.0,0.00224,5,"2024-07-16","B",,
"c9370c51-12f4-4d26-858a-42639f1469ee","D06","KING","KING.AOS.S2","KING.SS.20240715.FIL","A00000439670","2024-07-15T15:21Z","2024-07-15T15:21Z","Illinois State Water Survey Central Analytical Laboratory",348.0,0.00384,5,"2024-07-16","A",,
"4d15a177-1aae-4bb9-87f8-6b780f265e76","D06","KING","KING.AOS.S2","KING.SS.20240715.FIL","A00000439670","2024-07-15T15:21Z","2024-07-15T15:21Z","Illinois State Water Survey Central Analytical Laboratory",428.0,0.00108,5,"2024-07-16","B",,
"ed5e4c38-dc86-48ce-8d57-92bc64ca35bb","D06","KING","KING.AOS.S2","KING.SS.20240715.FIL","A00000439670","2024-07-15T15:21Z","2024-07-15T15:21Z","Illinois State Water Survey Central Analytical Laboratory",556.0,0.00024,5,"2024-07-16","A",,
"58318589-f9de-4b94-af17-1289afebf10e","D06","KING","KING.AOS.S2","KING.SS.20240715.FIL","A00000439670","2024-07-15T15:21Z","2024-07-15T15:21Z","Illinois State Water Survey Central Analytical Laboratory",404.0,0.00154,5,"2024-07-16","B",,
"f37371d7-84fa-45c0-a6b7-64c5c84ae9cb","D06","KING","KING.AOS.S2","KING.SS.20240715.FIL","A00000439670","2024-07-15T15:21Z","2024-07-15T15:21Z","Illinois State Water Survey Central Analytical Laboratory",536.0,0.00048,5,"2024-07-16","B",,
"ea2a8a9f-e819-4d5d-acf8-c53503759d4b","D06","KING","KING.AOS.S2","KING.SS.20240715.FIL","A00000439670","2024-07-15T15:21Z","2024-07-15T15:21Z","Illinois State Water Survey Central Analytical Laboratory",416.0,0.00120,5,"2024-07-16","B",,
"e748c2d6-f789-465a-a238-0ace980d4a2c","D06","KING","KING.AOS.S2","KING.SS.20240715.FIL","A00000439670","2024-07-15T15:21Z","2024-07-15T15:21Z","Illinois State Water Survey Central Analytical Laboratory",380.0,0.00230,5,"2024-07-16","B",,
"42bc4e4e-58f2-4ac9-8d0e-f1a15cf2608f","D06","KING","KING.AOS.S2","KING.SS.20240715.FIL","A00000439670","2024-07-15T15:21Z","2024-07-15T15:21Z","Illinois State Water Survey Central Analytical Laboratory",592.0,0.00010,5,"2024-07-16","A",,
"d4381309-33d2-4cf2-ad83-95f8855530b2","D06","KING","KING.AOS.S2","KING.SS.20240715.FIL","A00000439670","2024-07-15T15:21Z","2024-07-15T15:21Z","Illinois State Water Survey Central Analytical Laboratory",564.0,0.00046,5,"2024-07-16","B",,
"19d15742-e8c0-43cb-a193-55dd0efddd56","D06","KING","KING.AOS.S2","KING.SS.20240715.FIL","A00000439670","2024-07-15T15:21Z","2024-07-15T15:21Z","Illinois State Water Survey Central Analytical Laboratory",336.0,0.00484,5,"2024-07-16","B",,
"4ccc3039-5743-499d-b281-f2e09ffbec95","D06","KING","KING.AOS.S2","KING.SS.20240715.FIL","A00000439670","2024-07-15T15:21Z","2024-07-15T15:21Z","Illinois State Water Survey Central Analytical Laboratory",484.0,0.00062,5,"2024-07-16","B",,
"504315dd-f4b9-4c4e-a913-161dc1d87fc6","D06","KING","KING.AOS.S2","KING.SS.20240715.FIL","A00000439670","2024-07-15T15:21Z","2024-07-15T15:21Z","Illinois State Water Survey Central Analytical Laboratory",398.0,0.00170,5,"2024-07-16","B",,
"fb79c71e-d0ee-4dbc-9b5e-a705c87edaa8","D06","KING","KING.AOS.S2","KING.SS.20240715.FIL","A00000439670","2024-07-15T15:21Z","2024-07-15T15:21Z","Illinois State Water Survey Central Analytical Laboratory",558.0,0.00016,5,"2024-07-16","A",,
"6abab1ee-ce2e-4bb0-a428-fc3f22b8988c","D06","KING","KING.AOS.S2","KING.SS.20240715.FIL","A00000439670","2024-07-15T15:21Z","2024-07-15T15:21Z","Illinois State Water Survey Central Analytical Laboratory",236.0,0.02506,5,"2024-07-16","B",,
"26a2a6f6-d69f-4ff6-b011-d51f5259de1e","D06","KING","KING.AOS.S2","KING.SS.20240715.FIL","A00000439670","2024-07-15T15:21Z","2024-07-15T15:21Z","Illinois State Water Survey Central Analytical Laboratory",520.0,0.00048,5,"2024-07-16","B",,
"3b75ba6f-51c7-45c9-b9b2-2241eadd81a4","D06","KING","KING.AOS.S2","KING.SS.20240715.FIL","A00000439670","2024-07-15T15:21Z","2024-07-15T15:21Z","Illinois State Water Survey Central Analytical Laboratory",264.0,0.01608,5,"2024-07-16","B",,
"c67a79b5-0276-421b-9590-ebceef997f80","D06","KING","KING.AOS.S2","KING.SS.20240715.FIL","A00000439670","2024-07-15T15:21Z","2024-07-15T15:21Z","Illinois State Water Survey Central Analytical Laboratory",308.0,0.00776,5,"2024-07-16","A",,
"341c6906-2683-4319-89ad-bb0a0245a0c4","D06","KING","KING.AOS.S2","KING.SS.20240715.FIL","A00000439670","2024-07-15T15:21Z","2024-07-15T15:21Z","Illinois State Water Survey Central Analytical Laboratory",580.0,0.00018,5,"2024-07-16","A",,
"4266f0a8-c253-40a7-af56-ba1a840dec49","D06","KING","KING.AOS.S2","KING.SS.20240715.FIL","A00000439670","2024-07-15T15:21Z","2024-07-15T15:21Z","Illinois State Water Survey Central Analytical Laboratory",488.0,0.00052,5,"2024-07-16","A",,
"8f920ede-6a6a-4c66-ac13-8de56e4ae06d","D06","KING","KING.AOS.S2","KING.SS.20240715.FIL","A00000439670","2024-07-15T15:21Z","2024-07-15T15:21Z","Illinois State Water Survey Central Analytical Laboratory",498.0,0.00056,5,"2024-07-16","B",,
"019d6eb1-6696-4185-b63b-d4f40c0c5ad3","D06","KING","KING.AOS.S2","KING.SS.20240715.FIL","A00000439670","2024-07-15T15:21Z","2024-07-15T15:21Z","Illinois State Water Survey Central Analytical Laboratory",330.0,0.00520,5,"2024-07-16","A",,
"5b9459f0-14d2-4d94-b852-eff2699bb4fb","D06","KING","KING.AOS.S2","KING.SS.20240715.FIL","A00000439670","2024-07-15T15:21Z","2024-07-15T15:21Z","Illinois State Water Survey Central Analytical Laboratory",444.0,0.00082,5,"2024-07-16","A",,
"0d756e74-ce4b-40a5-a470-0cbc55a64df5","D06","KING","KING.AOS.S2","KING.SS.20240715.FIL","A00000439670","2024-07-15T15:21Z","2024-07-15T15:21Z","Illinois State Water Survey Central Analytical Laboratory",448.0,0.00080,5,"2024-07-16","A",,
"b3a4fa6e-2c86-44fd-8c4f-fbd340999e8c","D06","KING","KING.AOS.S2","KING.SS.20240715.FIL","A00000439670","2024-07-15T15:21Z","2024-07-15T15:21Z","Illinois State Water Survey Central Analytical Laboratory",424.0,0.00114,5,"2024-07-16","B",,
"5c7159cf-c28d-4358-8fae-3d4e589b3e77","D06","KING","KING.AOS.S2","KING.SS.20240715.FIL","A00000439670","2024-07-15T15:21Z","2024-07-15T15:21Z","Illinois State Water Survey Central Analytical Laboratory",492.0,0.00056,5,"2024-07-16","B",,
"d07b23c6-df2b-473a-a658-787e80d86920","D06","KING","KING.AOS.S2","KING.SS.20240715.FIL","A00000439670","2024-07-15T15:21Z","2024-07-15T15:21Z","Illinois State Water Survey Central Analytical Laboratory",226.0,0.03660,5,"2024-07-16","B",,
"4de93a61-c368-4521-b2c2-18101718ddc1","D06","KING","KING.AOS.S2","KING.SS.20240715.FIL","A00000439670","2024-07-15T15:21Z","2024-07-15T15:21Z","Illinois State Water Survey Central Analytical Laboratory",232.0,0.02868,5,"2024-07-16","B",,
"9883f6bc-67d5-4f6e-b6d2-aff97474c388","D06","KING","KING.AOS.S2","KING.SS.20240715.FIL","A00000439670","2024-07-15T15:21Z","2024-07-15T15:21Z","Illinois State Water Survey Central Analytical Laboratory",556.0,0.00046,5,"2024-07-16","B",,
"9df37bd4-a231-485c-8831-429322362388","D06","KING","KING.AOS.S2","KING.SS.20240715.FIL","A00000439670","2024-07-15T15:21Z","2024-07-15T15:21Z","Illinois State Water Survey Central Analytical Laboratory",314.0,0.00712,5,"2024-07-16","B",,
"f0f1c7dc-710f-4422-b586-bf75422e8205","D06","KING","KING.AOS.S2","KING.SS.20240715.FIL","A00000439670","2024-07-15T15:21Z","2024-07-15T15:21Z","Illinois State Water Survey Central Analytical Laboratory",572.0,0.00038,5,"2024-07-16","B",,
"27e8a16b-85a2-49d8-8363-bd4e3a77ee92","D06","KING","KING.AOS.S2","KING.SS.20240715.FIL","A00000439670","2024-07-15T15:21Z","2024-07-15T15:21Z","Illinois State Water Survey Central Analytical Laboratory",368.0,0.00272,5,"2024-07-16","A",,
"ba8766e5-bc35-4d6c-abea-f3108ed61586","D06","KING","KING.AOS.S2","KING.SS.20240715.FIL","A00000439670","2024-07-15T15:21Z","2024-07-15T15:21Z","Illinois State Water Survey Central Analytical Laboratory",598.0,0.00040,5,"2024-07-16","B",,
"2ece5150-e8e9-4f73-b844-83f3438eea24","D06","KING","KING.AOS.S2","KING.SS.20240715.FIL","A00000439670","2024-07-15T15:21Z","2024-07-15T15:21Z","Illinois State Water Survey Central Analytical Laboratory",540.0,0.00024,5,"2024-07-16","A",,
"f16265bb-ce59-4548-b383-afb497b7add1","D06","KING","KING.AOS.S2","KING.SS.20240715.FIL","A00000439670","2024-07-15T15:21Z","2024-07-15T15:21Z","Illinois State Water Survey Central Analytical Laboratory",386.0,0.00208,5,"2024-07-16","B",,
"131a3722-9f46-46b0-82d9-1641c5f697ed","D06","KING","KING.AOS.S2","KING.SS.20240715.FIL","A00000439670","2024-07-15T15:21Z","2024-07-15T15:21Z","Illinois State Water Survey Central Analytical Laboratory",424.0,0.00112,5,"2024-07-16","A",,
"2324e2fb-a8f8-41ce-b18f-1b938a819bef","D06","KING","KING.AOS.S2","KING.SS.20240715.FIL","A00000439670","2024-07-15T15:21Z","2024-07-15T15:21Z","Illinois State Water Survey Central Analytical Laboratory",460.0,0.00072,5,"2024-07-16","B",,
"dbf0d9df-2ef6-41ec-b41c-aab8c712370c","D06","KING","KING.AOS.S2","KING.SS.20240715.FIL","A00000439670","2024-07-15T15:21Z","2024-07-15T15:21Z","Illinois State Water Survey Central Analytical Laboratory",380.0,0.00222,5,"2024-07-16","A",,
"49fa2a16-7649-4034-9715-6a14fe46c7b4","D06","KING","KING.AOS.S2","KING.SS.20240715.FIL","A00000439670","2024-07-15T15:21Z","2024-07-15T15:21Z","Illinois State Water Survey Central Analytical Laboratory",384.0,0.00204,5,"2024-07-16","A",,
"52e198ef-cd74-4017-92b8-7c2db858f283","D06","KING","KING.AOS.S2","KING.SS.20240715.FIL","A00000439670","2024-07-15T15:21Z","2024-07-15T15:21Z","Illinois State Water Survey Central Analytical Laboratory",278.0,0.01342,5,"2024-07-16","B",,
"a4d576c1-95b2-4081-b1a4-00dd40c5deb0","D06","KING","KING.AOS.S2","KING.SS.20240715.FIL","A00000439670","2024-07-15T15:21Z","2024-07-15T15:21Z","Illinois State Water Survey Central Analytical Laboratory",442.0,0.00090,5,"2024-07-16","A",,
"05b721e9-5802-474d-82f3-e506c351e44f","D06","KING","KING.AOS.S2","KING.SS.20240715.FIL","A00000439670","2024-07-15T15:21Z","2024-07-15T15:21Z","Illinois State Water Survey Central Analytical Laboratory",364.0,0.00304,5,"2024-07-16","B",,
"6d023593-40cc-4e2f-a0d7-897e116d5c47","D06","KING","KING.AOS.S2","KING.SS.20240715.FIL","A00000439670","2024-07-15T15:21Z","2024-07-15T15:21Z","Illinois State Water Survey Central Analytical Laboratory",334.0,0.00486,5,"2024-07-16","A",,
"8252dfb6-e25c-4316-8865-af59b0260a1f","D06","KING","KING.AOS.S2","KING.SS.20240715.FIL","A00000439670","2024-07-15T15:21Z","2024-07-15T15:21Z","Illinois State Water Survey Central Analytical Laboratory",516.0,0.00032,5,"2024-07-16","A",,
"d14d93ce-667b-4d5a-82d5-e609cc667b43","D06","KING","KING.AOS.S2","KING.SS.20240715.FIL","A00000439670","2024-07-15T15:21Z","2024-07-15T15:21Z","Illinois State Water Survey Central Analytical Laboratory",598.0,0.00014,5,"2024-07-16","A",,
"27a4f387-3889-4abc-8188-441c1890c52a","D06","KING","KING.AOS.S2","KING.SS.20240715.FIL","A00000439670","2024-07-15T15:21Z","2024-07-15T15:21Z","Illinois State Water Survey Central Analytical Laboratory",546.0,0.00022,5,"2024-07-16","A",,
"fd6ca8a0-1b38-4701-bcb0-672753299658","D06","KING","KING.AOS.S2","KING.SS.20240715.FIL","A00000439670","2024-07-15T15:21Z","2024-07-15T15:21Z","Illinois State Water Survey Central Analytical Laboratory",440.0,0.00090,5,"2024-07-16","B",,
"d0b5ddd7-f55e-43dd-bf56-391aaf0b35df","D06","KING","KING.AOS.S2","KING.SS.20240715.FIL","A00000439670","2024-07-15T15:21Z","2024-07-15T15:21Z","Illinois State Water Survey Central Analytical Laboratory",562.0,0.00040,5,"2024-07-16","B",,
"e6cfe9ad-753a-4257-970d-8430cdd92ba4","D06","KING","KING.AOS.S2","KING.SS.20240715.FIL","A00000439670","2024-07-15T15:21Z","2024-07-15T15:21Z","Illinois State Water Survey Central Analytical Laboratory",504.0,0.00042,5,"2024-07-16","A",,
"eadb242b-8cc3-4016-92e3-301c1cc38ccd","D06","KING","KING.AOS.S2","KING.SS.20240715.FIL","A00000439670","2024-07-15T15:21Z","2024-07-15T15:21Z","Illinois State Water Survey Central Analytical Laboratory",436.0,0.00092,5,"2024-07-16","A",,
"ece68989-582d-4c54-a790-c569693b5d64","D06","KING","KING.AOS.S2","KING.SS.20240715.FIL","A00000439670","2024-07-15T15:21Z","2024-07-15T15:21Z","Illinois State Water Survey Central Analytical Laboratory",586.0,0.00022,5,"2024-07-16","A",,
"c27cb8fe-050e-4ff8-895d-86308b4b4f01","D06","KING","KING.AOS.S2","KING.SS.20240715.FIL","A00000439670","2024-07-15T15:21Z","2024-07-15T15:21Z","Illinois State Water Survey Central Analytical Laboratory",278.0,0.01320,5,"2024-07-16","A",,
"cd7ed762-8dd7-4968-8230-c55b0f1e3fec","D06","KING","KING.AOS.S2","KING.SS.20240715.FIL","A00000439670","2024-07-15T15:21Z","2024-07-15T15:21Z","Illinois State Water Survey Central Analytical Laboratory",248.0,0.01974,5,"2024-07-16","B",,
"8f1ee262-391b-43e2-b09b-6a527003e375","D06","KING","KING.AOS.S2","KING.SS.20240715.FIL","A00000439670","2024-07-15T15:21Z","2024-07-15T15:21Z","Illinois State Water Survey Central Analytical Laboratory",462.0,0.00066,5,"2024-07-16","B",,
"83277580-16fd-48f8-8358-c1e6e31cc2b7","D06","KING","KING.AOS.S2","KING.SS.20240715.FIL","A00000439670","2024-07-15T15:21Z","2024-07-15T15:21Z","Illinois State Water Survey Central Analytical Laboratory",392.0,0.00188,5,"2024-07-16","B",,
"67f651d3-fdb2-4b33-b890-f6a5ce322e9f","D06","KING","KING.AOS.S2","KING.SS.20240715.FIL","A00000439670","2024-07-15T15:21Z","2024-07-15T15:21Z","Illinois State Water Survey Central Analytical Laboratory",512.0,0.00048,5,"2024-07-16","B",,
"6123833b-2322-44a3-9dae-7f2d8b0ff124","D06","KING","KING.AOS.S2","KING.SS.20240715.FIL","A00000439670","2024-07-15T15:21Z","2024-07-15T15:21Z","Illinois State Water Survey Central Analytical Laboratory",510.0,0.00048,5,"2024-07-16","B",,
"7905e291-1cf2-4acb-b93e-ba0357f60059","D06","KING","KING.AOS.S2","KING.SS.20240715.FIL","A00000439670","2024-07-15T15:21Z","2024-07-15T15:21Z","Illinois State Water Survey Central Analytical Laboratory",400.0,0.00160,5,"2024-07-16","A",,
"965ebe9e-75c0-450d-89c5-8b4bc0e70fbd","D06","KING","KING.AOS.S2","KING.SS.20240715.FIL","A00000439670","2024-07-15T15:21Z","2024-07-15T15:21Z","Illinois State Water Survey Central Analytical Laboratory",482.0,0.00062,5,"2024-07-16","B",,
"34872452-ecd6-4acb-9976-f2f2e3394c17","D06","KING","KING.AOS.S2","KING.SS.20240715.FIL","A00000439670","2024-07-15T15:21Z","2024-07-15T15:21Z","Illinois State Water Survey Central Analytical Laboratory",252.0,0.01838,5,"2024-07-16","A",,
"430bca0d-ec6b-4413-a292-3495380deb8f","D06","KING","KING.AOS.S2","KING.SS.20240715.FIL","A00000439670","2024-07-15T15:21Z","2024-07-15T15:21Z","Illinois State Water Survey Central Analytical Laboratory",586.0,0.00038,5,"2024-07-16","B",,
"c8ad2b1c-7f60-4faa-b091-19865e174ecc","D06","KING","KING.AOS.S2","KING.SS.20240715.FIL","A00000439670","2024-07-15T15:21Z","2024-07-15T15:21Z","Illinois State Water Survey Central Analytical Laboratory",580.0,0.00044,5,"2024-07-16","B",,
"9d9dbc72-95c8-404e-a707-57ce3cb5503e","D06","KING","KING.AOS.S2","KING.SS.20240715.FIL","A00000439670","2024-07-15T15:21Z","2024-07-15T15:21Z","Illinois State Water Survey Central Analytical Laboratory",240.0,0.02274,5,"2024-07-16","B",,
"fcc9b5b4-16b1-420a-8c98-63e14ce3981d","D06","KING","KING.AOS.S2","KING.SS.20240715.FIL","A00000439670","2024-07-15T15:21Z","2024-07-15T15:21Z","Illinois State Water Survey Central Analytical Laboratory",350.0,0.00388,5,"2024-07-16","B",,
"640024cb-4400-4d3f-b523-182d8ade8001","D06","KING","KING.AOS.S2","KING.SS.20240715.FIL","A00000439670","2024-07-15T15:21Z","2024-07-15T15:21Z","Illinois State Water Survey Central Analytical Laboratory",376.0,0.00232,5,"2024-07-16","A",,
"735f2b5f-f826-4023-9917-c8697b12ac75","D06","KING","KING.AOS.S2","KING.SS.20240715.FIL","A00000439670","2024-07-15T15:21Z","2024-07-15T15:21Z","Illinois State Water Survey Central Analytical Laboratory",530.0,0.00026,5,"2024-07-16","A",,
"79cb9410-1eb7-49bb-b9a0-c1844c6f130e","D06","KING","KING.AOS.S2","KING.SS.20240715.FIL","A00000439670","2024-07-15T15:21Z","2024-07-15T15:21Z","Illinois State Water Survey Central Analytical Laboratory",220.0,0.05030,5,"2024-07-16","B",,
"a2cae1a5-1e19-40a9-9e61-769f3437c098","D06","KING","KING.AOS.S2","KING.SS.20240715.FIL","A00000439670","2024-07-15T15:21Z","2024-07-15T15:21Z","Illinois State Water Survey Central Analytical Laboratory",412.0,0.00132,5,"2024-07-16","B",,
"fa98c2fe-04b4-47d6-9b93-ff9875e518f5","D06","KING","KING.AOS.S2","KING.SS.20240715.FIL","A00000439670","2024-07-15T15:21Z","2024-07-15T15:21Z","Illinois State Water Survey Central Analytical Laboratory",230.0,0.03102,5,"2024-07-16","B",,
"8ebe9c83-2795-47db-907f-c2409b09abc0","D06","KING","KING.AOS.S2","KING.SS.20240715.FIL","A00000439670","2024-07-15T15:21Z","2024-07-15T15:21Z","Illinois State Water Survey Central Analytical Laboratory",326.0,0.00560,5,"2024-07-16","A",,
"8a426bcf-c7c4-4028-b570-df3ba245ed8b","D06","KING","KING.AOS.S2","KING.SS.20240715.FIL","A00000439670","2024-07-15T15:21Z","2024-07-15T15:21Z","Illinois State Water Survey Central Analytical Laboratory",418.0,0.00116,5,"2024-07-16","A",,
"1667a5f6-228f-424e-8473-e3f718414239","D06","KING","KING.AOS.S2","KING.SS.20240715.FIL","A00000439670","2024-07-15T15:21Z","2024-07-15T15:21Z","Illinois State Water Survey Central Analytical Laboratory",268.0,0.01508,5,"2024-07-16","A",,
"75ca020e-d215-4950-8e5b-c4468eb22a61","D06","KING","KING.AOS.S2","KING.SS.20240715.FIL","A00000439670","2024-07-15T15:21Z","2024-07-15T15:21Z","Illinois State Water Survey Central Analytical Laboratory",552.0,0.00024,5,"2024-07-16","A",,
"4e9c9475-de12-42f3-9ce0-1017cb9be4f9","D06","KING","KING.AOS.S2","KING.SS.20240715.FIL","A00000439670","2024-07-15T15:21Z","2024-07-15T15:21Z","Illinois State Water Survey Central Analytical Laboratory",358.0,0.00340,5,"2024-07-16","B",,
"01540d65-591c-4474-b4b3-c7666d8e167f","D06","KING","KING.AOS.S2","KING.SS.20240715.FIL","A00000439670","2024-07-15T15:21Z","2024-07-15T15:21Z","Illinois State Water Survey Central Analytical Laboratory",294.0,0.01020,5,"2024-07-16","B",,
"6db4f8c0-7d48-4c46-acb2-a17ae73d576c","D06","KING","KING.AOS.S2","KING.SS.20240715.FIL","A00000439670","2024-07-15T15:21Z","2024-07-15T15:21Z","Illinois State Water Survey Central Analytical Laboratory",488.0,0.00062,5,"2024-07-16","B",,
"6787682d-e108-4acf-b5bd-2a54a28ecc08","D06","KING","KING.AOS.S2","KING.SS.20240715.FIL","A00000439670","2024-07-15T15:21Z","2024-07-15T15:21Z","Illinois State Water Survey Central Analytical Laboratory",382.0,0.00214,5,"2024-07-16","A",,
"f415ba02-c08a-4dd5-a4ce-c5963c26aaf5","D06","KING","KING.AOS.S2","KING.SS.20240715.FIL","A00000439670","2024-07-15T15:21Z","2024-07-15T15:21Z","Illinois State Water Survey Central Analytical Laboratory",228.0,0.03338,5,"2024-07-16","B",,
"0aa08c92-8885-4720-827d-577dccdcd793","D06","KING","KING.AOS.S2","KING.SS.20240715.FIL","A00000439670","2024-07-15T15:21Z","2024-07-15T15:21Z","Illinois State Water Survey Central Analytical Laboratory",386.0,0.00198,5,"2024-07-16","A",,
"9e1edbe9-9cbc-49b8-a77f-8bed37c30360","D06","KING","KING.AOS.S2","KING.SS.20240715.FIL","A00000439670","2024-07-15T15:21Z","2024-07-15T15:21Z","Illinois State Water Survey Central Analytical Laboratory",546.0,0.00042,5,"2024-07-16","B",,
"3c2847d0-6c61-418d-8343-2f8bbe942cf1","D06","KING","KING.AOS.S2","KING.SS.20240715.FIL","A00000439670","2024-07-15T15:21Z","2024-07-15T15:21Z","Illinois State Water Survey Central Analytical Laboratory",432.0,0.00098,5,"2024-07-16","A",,
"34bac338-bf97-4802-bfd0-340ff4b04adb","D06","KING","KING.AOS.S2","KING.SS.20240715.FIL","A00000439670","2024-07-15T15:21Z","2024-07-15T15:21Z","Illinois State Water Survey Central Analytical Laboratory",252.0,0.01862,5,"2024-07-16","B",,
"0d45ef1f-c4a8-49bc-835b-099fcfd9c092","D06","KING","KING.AOS.S2","KING.SS.20240715.FIL","A00000439670","2024-07-15T15:21Z","2024-07-15T15:21Z","Illinois State Water Survey Central Analytical Laboratory",306.0,0.00822,5,"2024-07-16","B",,
"d4bb1313-e5ba-4c29-bca1-19a6e4edf0cc","D06","KING","KING.AOS.S2","KING.SS.20240715.FIL","A00000439670","2024-07-15T15:21Z","2024-07-15T15:21Z","Illinois State Water Survey Central Analytical Laboratory",260.0,0.01686,5,"2024-07-16","B",,
"2783f7d8-f010-485f-bed0-a93f00f739eb","D06","KING","KING.AOS.S2","KING.SS.20240715.FIL","A00000439670","2024-07-15T15:21Z","2024-07-15T15:21Z","Illinois State Water Survey Central Analytical Laboratory",476.0,0.00062,5,"2024-07-16","B",,
"bd3ce8dc-e7b9-411c-9d20-d9fdc3480bc6","D06","KING","KING.AOS.S2","KING.SS.20240715.FIL","A00000439670","2024-07-15T15:21Z","2024-07-15T15:21Z","Illinois State Water Survey Central Analytical Laboratory",416.0,0.00116,5,"2024-07-16","A",,
"4ff11559-ab32-4996-9456-43e4a82bea78","D06","KING","KING.AOS.S2","KING.SS.20240715.FIL","A00000439670","2024-07-15T15:21Z","2024-07-15T15:21Z","Illinois State Water Survey Central Analytical Laboratory",324.0,0.00580,5,"2024-07-16","A",,
"4e1e36e3-c3bc-4cb5-8b53-f6b4c089026b","D06","KING","KING.AOS.S2","KING.SS.20240715.FIL","A00000439670","2024-07-15T15:21Z","2024-07-15T15:21Z","Illinois State Water Survey Central Analytical Laboratory",600.0,0.00048,5,"2024-07-16","B",,
"ffa75fb2-5f03-40a4-a6c5-870cfd27a424","D06","KING","KING.AOS.S2","KING.SS.20240715.FIL","A00000439670","2024-07-15T15:21Z","2024-07-15T15:21Z","Illinois State Water Survey Central Analytical Laboratory",470.0,0.00066,5,"2024-07-16","B",,
"98818148-25cd-41f9-b060-0ad7e69d134e","D06","KING","KING.AOS.S2","KING.SS.20240715.FIL","A00000439670","2024-07-15T15:21Z","2024-07-15T15:21Z","Illinois State Water Survey Central Analytical Laboratory",542.0,0.00046,5,"2024-07-16","B",,
"7f2305b0-2571-49b6-974c-4920c5ebf9b9","D06","KING","KING.AOS.S2","KING.SS.20240715.FIL","A00000439670","2024-07-15T15:21Z","2024-07-15T15:21Z","Illinois State Water Survey Central Analytical Laboratory",402.0,0.00156,5,"2024-07-16","A",,
"e54c90ad-71d5-45ee-b5d7-b4bb040a5a17","D06","KING","KING.AOS.S2","KING.SS.20240715.FIL","A00000439670","2024-07-15T15:21Z","2024-07-15T15:21Z","Illinois State Water Survey Central Analytical Laboratory",476.0,0.00056,5,"2024-07-16","A",,
"71041c09-1017-4b60-a555-9f3f8270299b","D06","KING","KING.AOS.S2","KING.SS.20240715.FIL","A00000439670","2024-07-15T15:21Z","2024-07-15T15:21Z","Illinois State Water Survey Central Analytical Laboratory",378.0,0.00228,5,"2024-07-16","A",,
"b7d80717-24a1-4bab-8650-18630931ff8d","D06","KING","KING.AOS.S2","KING.SS.20240715.FIL","A00000439670","2024-07-15T15:21Z","2024-07-15T15:21Z","Illinois State Water Survey Central Analytical Laboratory",462.0,0.00062,5,"2024-07-16","A",,
"e42113b5-4cdd-4c3e-91e6-de03d818e50c","D06","KING","KING.AOS.S2","KING.SS.20240715.FIL","A00000439670","2024-07-15T15:21Z","2024-07-15T15:21Z","Illinois State Water Survey Central Analytical Laboratory",530.0,0.00044,5,"2024-07-16","B",,
"f01d0d81-60c0-4788-8cad-16df26d3cf42","D06","KING","KING.AOS.S2","KING.SS.20240715.FIL","A00000439670","2024-07-15T15:21Z","2024-07-15T15:21Z","Illinois State Water Survey Central Analytical Laboratory",280.0,0.01280,5,"2024-07-16","A",,
"2f209a46-d32b-408a-b6b6-b4dd68b01d10","D06","KING","KING.AOS.S2","KING.SS.20240715.FIL","A00000439670","2024-07-15T15:21Z","2024-07-15T15:21Z","Illinois State Water Survey Central Analytical Laboratory",342.0,0.00440,5,"2024-07-16","B",,
"aaf06fea-6902-4fe2-a0e7-1c1b5b111de0","D06","KING","KING.AOS.S2","KING.SS.20240715.FIL","A00000439670","2024-07-15T15:21Z","2024-07-15T15:21Z","Illinois State Water Survey Central Analytical Laboratory",458.0,0.00072,5,"2024-07-16","A",,
"4792255c-416b-4e2f-a15f-162773e48fea","D06","KING","KING.AOS.S2","KING.SS.20240715.FIL","A00000439670","2024-07-15T15:21Z","2024-07-15T15:21Z","Illinois State Water Survey Central Analytical Laboratory",450.0,0.00078,5,"2024-07-16","B",,
"a92252d2-f6a6-4089-997c-be53ef84effb","D06","KING","KING.AOS.S2","KING.SS.20240715.FIL","A00000439670","2024-07-15T15:21Z","2024-07-15T15:21Z","Illinois State Water Survey Central Analytical Laboratory",494.0,0.00044,5,"2024-07-16","A",,
"da2d615b-6103-43eb-bf52-53139d40c460","D06","KING","KING.AOS.S2","KING.SS.20240715.FIL","A00000439670","2024-07-15T15:21Z","2024-07-15T15:21Z","Illinois State Water Survey Central Analytical Laboratory",418.0,0.00120,5,"2024-07-16","B",,
"9e6a5ef7-e264-4ed8-a358-d1d54c01ad59","D06","KING","KING.AOS.S2","KING.SS.20240715.FIL","A00000439670","2024-07-15T15:21Z","2024-07-15T15:21Z","Illinois State Water Survey Central Analytical Laboratory",372.0,0.00260,5,"2024-07-16","A",,
"6297c977-add2-4f09-be33-922b9ddaa74f","D06","KING","KING.AOS.S2","KING.SS.20240715.FIL","A00000439670","2024-07-15T15:21Z","2024-07-15T15:21Z","Illinois State Water Survey Central Analytical Laboratory",568.0,0.00020,5,"2024-07-16","A",,
"6dc6e376-d682-45bd-9a35-88841946c593","D06","KING","KING.AOS.S2","KING.SS.20240715.FIL","A00000439670","2024-07-15T15:21Z","2024-07-15T15:21Z","Illinois State Water Survey Central Analytical Laboratory",576.0,0.00010,5,"2024-07-16","A",,
"e1a2bf89-13a9-4d71-95f9-786406a852f5","D06","KING","KING.AOS.S2","KING.SS.20240715.FIL","A00000439670","2024-07-15T15:21Z","2024-07-15T15:21Z","Illinois State Water Survey Central Analytical Laboratory",332.0,0.00518,5,"2024-07-16","B",,
"9db24faf-64e4-4524-8516-c420c7b8e13a","D06","KING","KING.AOS.S2","KING.SS.20240715.FIL","A00000439670","2024-07-15T15:21Z","2024-07-15T15:21Z","Illinois State Water Survey Central Analytical Laboratory",272.0,0.01436,5,"2024-07-16","A",,
"35eea8e8-3b63-4947-aed9-23d6a272893a","D06","KING","KING.AOS.S2","KING.SS.20240715.FIL","A00000439670","2024-07-15T15:21Z","2024-07-15T15:21Z","Illinois State Water Survey Central Analytical Laboratory",420.0,0.00116,5,"2024-07-16","A",,
"b12807c7-77f9-476d-adfa-b156ed3d2888","D06","KING","KING.AOS.S2","KING.SS.20240715.FIL","A00000439670","2024-07-15T15:21Z","2024-07-15T15:21Z","Illinois State Water Survey Central Analytical Laboratory",246.0,0.02030,5,"2024-07-16","B",,
"ab0e5af8-15d1-4676-b5ec-0ddca87d10d5","D06","KING","KING.AOS.S2","KING.SS.20240715.FIL","A00000439670","2024-07-15T15:21Z","2024-07-15T15:21Z","Illinois State Water Survey Central Analytical Laboratory",248.0,0.01952,5,"2024-07-16","A",,
"c2e4a4c0-012d-4b68-8236-5c62b0a3e0f4","D06","KING","KING.AOS.S2","KING.SS.20240715.FIL","A00000439670","2024-07-15T15:21Z","2024-07-15T15:21Z","Illinois State Water Survey Central Analytical Laboratory",262.0,0.01644,5,"2024-07-16","B",,
"36fb9613-840e-4b33-9803-bce600706241","D06","KING","KING.AOS.S2","KING.SS.20240715.FIL","A00000439670","2024-07-15T15:21Z","2024-07-15T15:21Z","Illinois State Water Survey Central Analytical Laboratory",332.0,0.00500,5,"2024-07-16","A",,
"708f4f7d-7acd-433e-9d3f-f03ec1283b54","D06","KING","KING.AOS.S2","KING.SS.20240715.FIL","A00000439670","2024-07-15T15:21Z","2024-07-15T15:21Z","Illinois State Water Survey Central Analytical Laboratory",378.0,0.00236,5,"2024-07-16","B",,
"48f44a4e-146f-44ca-9c2b-0da631a5b485","D06","KING","KING.AOS.S2","KING.SS.20240715.FIL","A00000439670","2024-07-15T15:21Z","2024-07-15T15:21Z","Illinois State Water Survey Central Analytical Laboratory",524.0,0.00048,5,"2024-07-16","B",,
"a6e2c19b-2362-4a22-a87a-96777b47830e","D06","KING","KING.AOS.S2","KING.SS.20240715.FIL","A00000439670","2024-07-15T15:21Z","2024-07-15T15:21Z","Illinois State Water Survey Central Analytical Laboratory",360.0,0.00312,5,"2024-07-16","A",,
"f4ff6089-8fbd-4e88-a101-faad038f97fa","D06","KING","KING.AOS.S2","KING.SS.20240715.FIL","A00000439670","2024-07-15T15:21Z","2024-07-15T15:21Z","Illinois State Water Survey Central Analytical Laboratory",512.0,0.00034,5,"2024-07-16","A",,
"f01ba58c-b8a3-4ece-9e71-6e72da1d95a9","D06","KING","KING.AOS.S2","KING.SS.20240715.FIL","A00000439670","2024-07-15T15:21Z","2024-07-15T15:21Z","Illinois State Water Survey Central Analytical Laboratory",220.0,0.04948,5,"2024-07-16","A",,
"e0c9ce3a-ca70-4fe7-be00-248edfcb1a48","D06","KING","KING.AOS.S2","KING.SS.20240715.FIL","A00000439670","2024-07-15T15:21Z","2024-07-15T15:21Z","Illinois State Water Survey Central Analytical Laboratory",316.0,0.00670,5,"2024-07-16","A",,
"7fa13863-d512-4e1e-b3c9-5e3d6c9b3e85","D06","KING","KING.AOS.S2","KING.SS.20240715.FIL","A00000439670","2024-07-15T15:21Z","2024-07-15T15:21Z","Illinois State Water Survey Central Analytical Laboratory",490.0,0.00050,5,"2024-07-16","A",,
"947bf9fb-64f5-43c7-9fa7-12b12fd7212f","D06","KING","KING.AOS.S2","KING.SS.20240715.FIL","A00000439670","2024-07-15T15:21Z","2024-07-15T15:21Z","Illinois State Water Survey Central Analytical Laboratory",286.0,0.01180,5,"2024-07-16","B",,
"b70add88-c380-4027-994d-47900ec737e9","D06","KING","KING.AOS.S2","KING.SS.20240715.FIL","A00000439670","2024-07-15T15:21Z","2024-07-15T15:21Z","Illinois State Water Survey Central Analytical Laboratory",502.0,0.00054,5,"2024-07-16","B",,
"fa5e8f0c-5b04-4f41-80d6-07d1bef80b14","D06","KING","KING.AOS.S2","KING.SS.20240715.FIL","A00000439670","2024-07-15T15:21Z","2024-07-15T15:21Z","Illinois State Water Survey Central Analytical Laboratory",266.0,0.01548,5,"2024-07-16","A",,
"073422ee-4937-479d-952c-c7e3308ec361","D06","KING","KING.AOS.S2","KING.SS.20240715.FIL","A00000439670","2024-07-15T15:21Z","2024-07-15T15:21Z","Illinois State Water Survey Central Analytical Laboratory",504.0,0.00056,5,"2024-07-16","B",,
"e5f95a38-a9d5-44ab-9b8b-1b938265b644","D06","KING","KING.AOS.S2","KING.SS.20240715.FIL","A00000439670","2024-07-15T15:21Z","2024-07-15T15:21Z","Illinois State Water Survey Central Analytical Laboratory",256.0,0.01770,5,"2024-07-16","B",,
"c9460ad4-d715-4ce0-9c00-c72241d86384","D06","KING","KING.AOS.S2","KING.SS.20240715.FIL","A00000439670","2024-07-15T15:21Z","2024-07-15T15:21Z","Illinois State Water Survey Central Analytical Laboratory",294.0,0.01002,5,"2024-07-16","A",,
"81a36a48-0d30-4047-aa3b-752161e91c90","D06","KING","KING.AOS.S2","KING.SS.20240715.FIL","A00000439670","2024-07-15T15:21Z","2024-07-15T15:21Z","Illinois State Water Survey Central Analytical Laboratory",422.0,0.00116,5,"2024-07-16","B",,
"6c336a65-ca4b-4cc9-b5f5-dc1b9defd4f4","D06","KING","KING.AOS.S2","KING.SS.20240715.FIL","A00000439670","2024-07-15T15:21Z","2024-07-15T15:21Z","Illinois State Water Survey Central Analytical Laboratory",452.0,0.00074,5,"2024-07-16","A",,
"436662fe-16e6-4ade-a9bc-4f96d361e951","D06","KING","KING.AOS.S2","KING.SS.20240715.FIL","A00000439670","2024-07-15T15:21Z","2024-07-15T15:21Z","Illinois State Water Survey Central Analytical Laboratory",370.0,0.00264,5,"2024-07-16","A",,
"1302da61-05b8-44f3-9bdf-b0ce38e52519","D06","KING","KING.AOS.S2","KING.SS.20240715.FIL","A00000439670","2024-07-15T15:21Z","2024-07-15T15:21Z","Illinois State Water Survey Central Analytical Laboratory",282.0,0.01240,5,"2024-07-16","A",,
"3bcd907f-8b88-4072-be0d-0edb092697cd","D06","KING","KING.AOS.S2","KING.SS.20240715.FIL","A00000439670","2024-07-15T15:21Z","2024-07-15T15:21Z","Illinois State Water Survey Central Analytical Laboratory",334.0,0.00502,5,"2024-07-16","B",,
