uid,domainID,siteID,namedLocation,sampleID,sampleCode,startDate,collectDate,laboratoryName,wavelength,decadicAbsorbance,cuvetteLength,analysisDate,spectrumReplicateID,remarks,dataQF
"471ee17c-b38b-4f8d-9985-f30bea15fd52","D19","CARI","CARI.AOS.S2","CARI.SS.20240806.FIL","A00000433518","2024-08-06T19:04Z","2024-08-06T19:04Z","Illinois State Water Survey Central Analytical Laboratory",502.0,0.00464,5,"2024-08-08","A",,
"6be3774d-0a64-4135-abd1-0eec0813a222","D19","CARI","CARI.AOS.S2","CARI.SS.20240806.FIL","A00000433518","2024-08-06T19:04Z","2024-08-06T19:04Z","Illinois State Water Survey Central Analytical Laboratory",238.0,0.22516,5,"2024-08-08","B",,
"2f938468-a850-4089-a07a-091e45877623","D19","CARI","CARI.AOS.S2","CARI.SS.20240806.FIL","A00000433518","2024-08-06T19:04Z","2024-08-06T19:04Z","Illinois State Water Survey Central Analytical Laboratory",262.0,0.17290,5,"2024-08-08","A",,
"89aa19d3-ca30-4400-876c-7e84902f5833","D19","CARI","CARI.AOS.S2","CARI.SS.20240806.FIL","A00000433518","2024-08-06T19:04Z","2024-08-06T19:04Z","Illinois State Water Survey Central Analytical Laboratory",566.0,0.00234,5,"2024-08-08","A",,
"01ec6128-6174-48cd-a48f-9cde12af0557","D19","CARI","CARI.AOS.S2","CARI.SS.20240806.FIL","A00000433518","2024-08-06T19:04Z","2024-08-06T19:04Z","Illinois State Water Survey Central Analytical Laboratory",360.0,0.04038,5,"2024-08-08","B",,
"084d1bd1-c91e-4ba2-a85d-97efb123b8e5","D19","CARI","CARI.AOS.S2","CARI.SS.20240806.FIL","A00000433518","2024-08-06T19:04Z","2024-08-06T19:04Z","Illinois State Water Survey Central Analytical Laboratory",596.0,0.00196,5,"2024-08-08","B",,
"13076d06-557b-4012-a1ad-6fde3c477e68","D19","CARI","CARI.AOS.S2","CARI.SS.20240806.FIL","A00000433518","2024-08-06T19:04Z","2024-08-06T19:04Z","Illinois State Water Survey Central Analytical Laboratory",398.0,0.02020,5,"2024-08-08","B",,
"47fc7800-63a8-4dfd-baf9-bc8dd7e981fc","D19","CARI","CARI.AOS.S2","CARI.SS.20240806.FIL","A00000433518","2024-08-06T19:04Z","2024-08-06T19:04Z","Illinois State Water Survey Central Analytical Laboratory",462.0,0.00750,5,"2024-08-08","A",,
"8db5aad0-1fbb-4d4e-876b-a9c1f5d4a2f7","D19","CARI","CARI.AOS.S2","CARI.SS.20240806.FIL","A00000433518","2024-08-06T19:04Z","2024-08-06T19:04Z","Illinois State Water Survey Central Analytical Laboratory",328.0,0.06836,5,"2024-08-08","A",,
"0f19484e-55c0-4f97-9a66-38fde63a7b44","D19","CARI","CARI.AOS.S2","CARI.SS.20240806.FIL","A00000433518","2024-08-06T19:04Z","2024-08-06T19:04Z","Illinois State Water Survey Central Analytical Laboratory",272.0,0.15318,5,"2024-08-08","B",,
"217ae66e-9a7b-4e8f-a2a8-bd231be8d6b3","D19","CARI","CARI.AOS.S2","CARI.SS.20240806.FIL","A00000433518","2024-08-06T19:04Z","2024-08-06T19:04Z","Illinois State Water Survey Central Analytical Laboratory",230.0,0.26944,5,"2024-08-08","A",,
"25ed9ceb-6c9f-4648-b915-c2aefd206b22","D19","CARI","CARI.AOS.S2","CARI.SS.20240806.FIL","A00000433518","2024-08-06T19:04Z","2024-08-06T19:04Z","Illinois State Water Survey Central Analytical Laboratory",594.0,0.00194,5,"2024-08-08","B",,
"af8ff1eb-8b94-4ceb-a55c-3a71643e11f6","D19","CARI","CARI.AOS.S2","CARI.SS.20240806.FIL","A00000433518","2024-08-06T19:04Z","2024-08-06T19:04Z","Illinois State Water Survey Central Analytical Laboratory",578.0,0.00234,5,"2024-08-08","B",,
"5e397bc7-686e-4525-bec0-311ff7022af9","D19","CARI","CARI.AOS.S2","CARI.SS.20240806.FIL","A00000433518","2024-08-06T19:04Z","2024-08-06T19:04Z","Illinois State Water Survey Central Analytical Laboratory",534.0,0.00324,5,"2024-08-08","A",,
"82114f92-711e-4150-9783-43809abcfa54","D19","CARI","CARI.AOS.S2","CARI.SS.20240806.FIL","A00000433518","2024-08-06T19:04Z","2024-08-06T19:04Z","Illinois State Water Survey Central Analytical Laboratory",276.0,0.14488,5,"2024-08-08","B",,
"ad376417-d402-4860-8739-769c025812db","D19","CARI","CARI.AOS.S2","CARI.SS.20240806.FIL","A00000433518","2024-08-06T19:04Z","2024-08-06T19:04Z","Illinois State Water Survey Central Analytical Laboratory",244.0,0.20756,5,"2024-08-08","B",,
"4f829aac-1ddf-45fc-9abb-d801357af361","D19","CARI","CARI.AOS.S2","CARI.SS.20240806.FIL","A00000433518","2024-08-06T19:04Z","2024-08-06T19:04Z","Illinois State Water Survey Central Analytical Laboratory",588.0,0.00198,5,"2024-08-08","A",,
"385e6c96-c1f0-40d9-86de-e75e4658bd3f","D19","CARI","CARI.AOS.S2","CARI.SS.20240806.FIL","A00000433518","2024-08-06T19:04Z","2024-08-06T19:04Z","Illinois State Water Survey Central Analytical Laboratory",372.0,0.03246,5,"2024-08-08","B",,
"68d4776c-4bfe-48fa-bf04-ec456e348d7d","D19","CARI","CARI.AOS.S2","CARI.SS.20240806.FIL","A00000433518","2024-08-06T19:04Z","2024-08-06T19:04Z","Illinois State Water Survey Central Analytical Laboratory",564.0,0.00240,5,"2024-08-08","A",,
"4a1ed581-9775-4da0-a20d-9f600e760e45","D19","CARI","CARI.AOS.S2","CARI.SS.20240806.FIL","A00000433518","2024-08-06T19:04Z","2024-08-06T19:04Z","Illinois State Water Survey Central Analytical Laboratory",382.0,0.02692,5,"2024-08-08","B",,
"39b64277-d188-4c36-b5fa-dcb4cda6cc0b","D19","CARI","CARI.AOS.S2","CARI.SS.20240806.FIL","A00000433518","2024-08-06T19:04Z","2024-08-06T19:04Z","Illinois State Water Survey Central Analytical Laboratory",452.0,0.00858,5,"2024-08-08","A",,
"962a9b0d-4014-4c50-8fbe-1618507213ea","D19","CARI","CARI.AOS.S2","CARI.SS.20240806.FIL","A00000433518","2024-08-06T19:04Z","2024-08-06T19:04Z","Illinois State Water Survey Central Analytical Laboratory",224.0,0.32798,5,"2024-08-08","B",,
"eefca4ea-46e7-4991-9ad6-a3c01082e4d6","D19","CARI","CARI.AOS.S2","CARI.SS.20240806.FIL","A00000433518","2024-08-06T19:04Z","2024-08-06T19:04Z","Illinois State Water Survey Central Analytical Laboratory",222.0,0.35582,5,"2024-08-08","B",,
"7c939e53-660f-45d8-8890-18dfbfe22507","D19","CARI","CARI.AOS.S2","CARI.SS.20240806.FIL","A00000433518","2024-08-06T19:04Z","2024-08-06T19:04Z","Illinois State Water Survey Central Analytical Laboratory",284.0,0.12964,5,"2024-08-08","B",,
"36a2ef92-cb67-4eaa-aace-c7171e448130","D19","CARI","CARI.AOS.S2","CARI.SS.20240806.FIL","A00000433518","2024-08-06T19:04Z","2024-08-06T19:04Z","Illinois State Water Survey Central Analytical Laboratory",448.0,0.00914,5,"2024-08-08","B",,
"e4d9e1ae-1c1e-4b59-bb0d-2650aedb210e","D19","CARI","CARI.AOS.S2","CARI.SS.20240806.FIL","A00000433518","2024-08-06T19:04Z","2024-08-06T19:04Z","Illinois State Water Survey Central Analytical Laboratory",484.0,0.00568,5,"2024-08-08","A",,
"87e52044-0a88-4e92-9fdd-eb2ead222318","D19","CARI","CARI.AOS.S2","CARI.SS.20240806.FIL","A00000433518","2024-08-06T19:04Z","2024-08-06T19:04Z","Illinois State Water Survey Central Analytical Laboratory",364.0,0.03764,5,"2024-08-08","B",,
"d51a1c2c-d7ea-4081-9143-c0977277e5b8","D19","CARI","CARI.AOS.S2","CARI.SS.20240806.FIL","A00000433518","2024-08-06T19:04Z","2024-08-06T19:04Z","Illinois State Water Survey Central Analytical Laboratory",220.0,0.38542,5,"2024-08-08","A",,
"640bd10c-5f47-4cdc-9efc-838526e197ed","D19","CARI","CARI.AOS.S2","CARI.SS.20240806.FIL","A00000433518","2024-08-06T19:04Z","2024-08-06T19:04Z","Illinois State Water Survey Central Analytical Laboratory",470.0,0.00676,5,"2024-08-08","A",,
"432b797e-6232-41f3-8d04-4cc333ae6ab4","D19","CARI","CARI.AOS.S2","CARI.SS.20240806.FIL","A00000433518","2024-08-06T19:04Z","2024-08-06T19:04Z","Illinois State Water Survey Central Analytical Laboratory",548.0,0.00298,5,"2024-08-08","B",,
"802c5d8a-1a35-45b5-ba44-a9f34ae754c8","D19","CARI","CARI.AOS.S2","CARI.SS.20240806.FIL","A00000433518","2024-08-06T19:04Z","2024-08-06T19:04Z","Illinois State Water Survey Central Analytical Laboratory",278.0,0.14086,5,"2024-08-08","A",,
"bb61f50d-1c67-4146-9e5a-3b414912aa2a","D19","CARI","CARI.AOS.S2","CARI.SS.20240806.FIL","A00000433518","2024-08-06T19:04Z","2024-08-06T19:04Z","Illinois State Water Survey Central Analytical Laboratory",372.0,0.03236,5,"2024-08-08","A",,
"ed30e619-a211-41a0-b05b-6763adc4662a","D19","CARI","CARI.AOS.S2","CARI.SS.20240806.FIL","A00000433518","2024-08-06T19:04Z","2024-08-06T19:04Z","Illinois State Water Survey Central Analytical Laboratory",260.0,0.17682,5,"2024-08-08","A",,
"8a15ba47-4735-4770-9033-611e3b9d7136","D19","CARI","CARI.AOS.S2","CARI.SS.20240806.FIL","A00000433518","2024-08-06T19:04Z","2024-08-06T19:04Z","Illinois State Water Survey Central Analytical Laboratory",336.0,0.06052,5,"2024-08-08","B",,
"29b6ec03-212d-48a7-8be7-c3e60784c956","D19","CARI","CARI.AOS.S2","CARI.SS.20240806.FIL","A00000433518","2024-08-06T19:04Z","2024-08-06T19:04Z","Illinois State Water Survey Central Analytical Laboratory",358.0,0.04178,5,"2024-08-08","A",,
"a07bad90-2b37-45ea-9c27-f19e5dcc0906","D19","CARI","CARI.AOS.S2","CARI.SS.20240806.FIL","A00000433518","2024-08-06T19:04Z","2024-08-06T19:04Z","Illinois State Water Survey Central Analytical Laboratory",276.0,0.14464,5,"2024-08-08","A",,
"a631c1d1-580d-4264-a6ff-5b5461008ff1","D19","CARI","CARI.AOS.S2","CARI.SS.20240806.FIL","A00000433518","2024-08-06T19:04Z","2024-08-06T19:04Z","Illinois State Water Survey Central Analytical Laboratory",340.0,0.05666,5,"2024-08-08","A",,
"2eb9b312-1820-40fe-a653-9d77c715d295","D19","CARI","CARI.AOS.S2","CARI.SS.20240806.FIL","A00000433518","2024-08-06T19:04Z","2024-08-06T19:04Z","Illinois State Water Survey Central Analytical Laboratory",410.0,0.01642,5,"2024-08-08","B",,
"f040d73e-9fe5-4928-9dc9-26e4db1191f2","D19","CARI","CARI.AOS.S2","CARI.SS.20240806.FIL","A00000433518","2024-08-06T19:04Z","2024-08-06T19:04Z","Illinois State Water Survey Central Analytical Laboratory",582.0,0.00206,5,"2024-08-08","A",,
"8273b822-9b4f-4ee8-b54c-7c7809579f1d","D19","CARI","CARI.AOS.S2","CARI.SS.20240806.FIL","A00000433518","2024-08-06T19:04Z","2024-08-06T19:04Z","Illinois State Water Survey Central Analytical Laboratory",438.0,0.01052,5,"2024-08-08","A",,
"8ef0092d-c508-4bf2-b18c-fe7ca6fb17d5","D19","CARI","CARI.AOS.S2","CARI.SS.20240806.FIL","A00000433518","2024-08-06T19:04Z","2024-08-06T19:04Z","Illinois State Water Survey Central Analytical Laboratory",246.0,0.20198,5,"2024-08-08","A",,
"6fd90cb7-a94c-4d80-9c95-bc59f4b921ba","D19","CARI","CARI.AOS.S2","CARI.SS.20240806.FIL","A00000433518","2024-08-06T19:04Z","2024-08-06T19:04Z","Illinois State Water Survey Central Analytical Laboratory",422.0,0.01344,5,"2024-08-08","A",,
"08e8fb13-4a51-4e55-bc31-b47f064887c9","D19","CARI","CARI.AOS.S2","CARI.SS.20240806.FIL","A00000433518","2024-08-06T19:04Z","2024-08-06T19:04Z","Illinois State Water Survey Central Analytical Laboratory",280.0,0.13684,5,"2024-08-08","A",,
"caf587a3-4d31-43b0-97b8-044f09fd9dcc","D19","CARI","CARI.AOS.S2","CARI.SS.20240806.FIL","A00000433518","2024-08-06T19:04Z","2024-08-06T19:04Z","Illinois State Water Survey Central Analytical Laboratory",320.0,0.07718,5,"2024-08-08","A",,
"0da3279c-a593-46eb-881d-255902f08fbc","D19","CARI","CARI.AOS.S2","CARI.SS.20240806.FIL","A00000433518","2024-08-06T19:04Z","2024-08-06T19:04Z","Illinois State Water Survey Central Analytical Laboratory",292.0,0.11558,5,"2024-08-08","A",,
"58a65935-21b2-428f-a060-0aded922bf17","D19","CARI","CARI.AOS.S2","CARI.SS.20240806.FIL","A00000433518","2024-08-06T19:04Z","2024-08-06T19:04Z","Illinois State Water Survey Central Analytical Laboratory",316.0,0.08204,5,"2024-08-08","A",,
"94d17b52-d1a7-4149-967b-77842fe0c92e","D19","CARI","CARI.AOS.S2","CARI.SS.20240806.FIL","A00000433518","2024-08-06T19:04Z","2024-08-06T19:04Z","Illinois State Water Survey Central Analytical Laboratory",266.0,0.16504,5,"2024-08-08","A",,
"fdd69e22-0c10-471d-82e0-035f0b3a4dd8","D19","CARI","CARI.AOS.S2","CARI.SS.20240806.FIL","A00000433518","2024-08-06T19:04Z","2024-08-06T19:04Z","Illinois State Water Survey Central Analytical Laboratory",418.0,0.01434,5,"2024-08-08","B",,
"a5a387f4-d0ec-459f-bd4f-3fec725f09fa","D19","CARI","CARI.AOS.S2","CARI.SS.20240806.FIL","A00000433518","2024-08-06T19:04Z","2024-08-06T19:04Z","Illinois State Water Survey Central Analytical Laboratory",448.0,0.00906,5,"2024-08-08","A",,
"66c24ff8-ecc7-4ce0-9f4e-7c6da6a3c535","D19","CARI","CARI.AOS.S2","CARI.SS.20240806.FIL","A00000433518","2024-08-06T19:04Z","2024-08-06T19:04Z","Illinois State Water Survey Central Analytical Laboratory",486.0,0.00564,5,"2024-08-08","B",,
"38ebc021-99e0-453b-93ff-26b17da45a9d","D19","CARI","CARI.AOS.S2","CARI.SS.20240806.FIL","A00000433518","2024-08-06T19:04Z","2024-08-06T19:04Z","Illinois State Water Survey Central Analytical Laboratory",274.0,0.14888,5,"2024-08-08","B",,
"f838ac42-88a7-4d02-83d5-8fc54a0bde53","D19","CARI","CARI.AOS.S2","CARI.SS.20240806.FIL","A00000433518","2024-08-06T19:04Z","2024-08-06T19:04Z","Illinois State Water Survey Central Analytical Laboratory",538.0,0.00320,5,"2024-08-08","B",,
"4d47da10-c210-4e2f-8723-7ba0e17bffe8","D19","CARI","CARI.AOS.S2","CARI.SS.20240806.FIL","A00000433518","2024-08-06T19:04Z","2024-08-06T19:04Z","Illinois State Water Survey Central Analytical Laboratory",306.0,0.09494,5,"2024-08-08","B",,
"90ff23f9-29d4-48ac-a262-56e18dcd18c0","D19","CARI","CARI.AOS.S2","CARI.SS.20240806.FIL","A00000433518","2024-08-06T19:04Z","2024-08-06T19:04Z","Illinois State Water Survey Central Analytical Laboratory",556.0,0.00282,5,"2024-08-08","B",,
"36c3a757-bee4-41ef-9794-9773816f4cb7","D19","CARI","CARI.AOS.S2","CARI.SS.20240806.FIL","A00000433518","2024-08-06T19:04Z","2024-08-06T19:04Z","Illinois State Water Survey Central Analytical Laboratory",474.0,0.00646,5,"2024-08-08","B",,
"ea7294be-dd97-441a-8dd3-fc62964fc429","D19","CARI","CARI.AOS.S2","CARI.SS.20240806.FIL","A00000433518","2024-08-06T19:04Z","2024-08-06T19:04Z","Illinois State Water Survey Central Analytical Laboratory",256.0,0.18396,5,"2024-08-08","A",,
"d052be57-e4cc-432a-ba5d-4f663f318aa0","D19","CARI","CARI.AOS.S2","CARI.SS.20240806.FIL","A00000433518","2024-08-06T19:04Z","2024-08-06T19:04Z","Illinois State Water Survey Central Analytical Laboratory",572.0,0.00246,5,"2024-08-08","B",,
"32a45a6e-1362-43dd-8696-fd1b78a94970","D19","CARI","CARI.AOS.S2","CARI.SS.20240806.FIL","A00000433518","2024-08-06T19:04Z","2024-08-06T19:04Z","Illinois State Water Survey Central Analytical Laboratory",362.0,0.03892,5,"2024-08-08","B",,
"100cf8ea-d624-402e-ac21-d26bbe169ec4","D19","CARI","CARI.AOS.S2","CARI.SS.20240806.FIL","A00000433518","2024-08-06T19:04Z","2024-08-06T19:04Z","Illinois State Water Survey Central Analytical Laboratory",546.0,0.00286,5,"2024-08-08","A",,
"843b6b67-573b-4896-b4c0-6dabf5338f89","D19","CARI","CARI.AOS.S2","CARI.SS.20240806.FIL","A00000433518","2024-08-06T19:04Z","2024-08-06T19:04Z","Illinois State Water Survey Central Analytical Laboratory",242.0,0.21216,5,"2024-08-08","B",,
"9b99a440-40f4-4064-ab59-0a84e5674ac3","D19","CARI","CARI.AOS.S2","CARI.SS.20240806.FIL","A00000433518","2024-08-06T19:04Z","2024-08-06T19:04Z","Illinois State Water Survey Central Analytical Laboratory",492.0,0.00526,5,"2024-08-08","B",,
"5188f99d-0106-4e61-ae9d-e46a37e03f10","D19","CARI","CARI.AOS.S2","CARI.SS.20240806.FIL","A00000433518","2024-08-06T19:04Z","2024-08-06T19:04Z","Illinois State Water Survey Central Analytical Laboratory",476.0,0.00634,5,"2024-08-08","B",,
"2107da45-7b7c-44f9-9594-ba9bc8893141","D19","CARI","CARI.AOS.S2","CARI.SS.20240806.FIL","A00000433518","2024-08-06T19:04Z","2024-08-06T19:04Z","Illinois State Water Survey Central Analytical Laboratory",552.0,0.00270,5,"2024-08-08","A",,
"b955d2ed-7325-434a-b419-7222928bd5be","D19","CARI","CARI.AOS.S2","CARI.SS.20240806.FIL","A00000433518","2024-08-06T19:04Z","2024-08-06T19:04Z","Illinois State Water Survey Central Analytical Laboratory",326.0,0.07042,5,"2024-08-08","A",,
"758c96e7-c02e-4c47-aa9e-de1ae09fe9c0","D19","CARI","CARI.AOS.S2","CARI.SS.20240806.FIL","A00000433518","2024-08-06T19:04Z","2024-08-06T19:04Z","Illinois State Water Survey Central Analytical Laboratory",528.0,0.00354,5,"2024-08-08","B",,
"a9e34e3e-3440-4883-ae97-ed51d8f91df4","D19","CARI","CARI.AOS.S2","CARI.SS.20240806.FIL","A00000433518","2024-08-06T19:04Z","2024-08-06T19:04Z","Illinois State Water Survey Central Analytical Laboratory",454.0,0.00830,5,"2024-08-08","A",,
"7b913fee-9903-4bda-b1a4-5f2b77e24115","D19","CARI","CARI.AOS.S2","CARI.SS.20240806.FIL","A00000433518","2024-08-06T19:04Z","2024-08-06T19:04Z","Illinois State Water Survey Central Analytical Laboratory",486.0,0.00556,5,"2024-08-08","A",,
"855dcfec-3a3c-43c3-ab34-f7ecaba46272","D19","CARI","CARI.AOS.S2","CARI.SS.20240806.FIL","A00000433518","2024-08-06T19:04Z","2024-08-06T19:04Z","Illinois State Water Survey Central Analytical Laboratory",384.0,0.02582,5,"2024-08-08","A",,
"d771c40b-f4f8-4fa2-86e4-43380dba172f","D19","CARI","CARI.AOS.S2","CARI.SS.20240806.FIL","A00000433518","2024-08-06T19:04Z","2024-08-06T19:04Z","Illinois State Water Survey Central Analytical Laboratory",334.0,0.06236,5,"2024-08-08","A",,
"03f8c1a2-025d-4193-b296-59f21de7df6d","D19","CARI","CARI.AOS.S2","CARI.SS.20240806.FIL","A00000433518","2024-08-06T19:04Z","2024-08-06T19:04Z","Illinois State Water Survey Central Analytical Laboratory",400.0,0.01948,5,"2024-08-08","B",,
"f75cb93e-df02-4c0b-a7bf-e6df94c29268","D19","CARI","CARI.AOS.S2","CARI.SS.20240806.FIL","A00000433518","2024-08-06T19:04Z","2024-08-06T19:04Z","Illinois State Water Survey Central Analytical Laboratory",304.0,0.09780,5,"2024-08-08","B",,
"ec611cf5-9b21-4233-85ce-f102cf3b2993","D19","CARI","CARI.AOS.S2","CARI.SS.20240806.FIL","A00000433518","2024-08-06T19:04Z","2024-08-06T19:04Z","Illinois State Water Survey Central Analytical Laboratory",548.0,0.00282,5,"2024-08-08","A",,
"97c84592-13d6-4e50-a18a-85a19c3bf917","D19","CARI","CARI.AOS.S2","CARI.SS.20240806.FIL","A00000433518","2024-08-06T19:04Z","2024-08-06T19:04Z","Illinois State Water Survey Central Analytical Laboratory",368.0,0.03492,5,"2024-08-08","B",,
"b6383b94-644f-456d-9994-50d542663fe7","D19","CARI","CARI.AOS.S2","CARI.SS.20240806.FIL","A00000433518","2024-08-06T19:04Z","2024-08-06T19:04Z","Illinois State Water Survey Central Analytical Laboratory",358.0,0.04192,5,"2024-08-08","B",,
"fcb39460-b0be-415a-8e7e-4d7c8ab9027d","D19","CARI","CARI.AOS.S2","CARI.SS.20240806.FIL","A00000433518","2024-08-06T19:04Z","2024-08-06T19:04Z","Illinois State Water Survey Central Analytical Laboratory",506.0,0.00440,5,"2024-08-08","A",,
"26fe17f1-1cda-41c4-990c-28170e525652","D19","CARI","CARI.AOS.S2","CARI.SS.20240806.FIL","A00000433518","2024-08-06T19:04Z","2024-08-06T19:04Z","Illinois State Water Survey Central Analytical Laboratory",544.0,0.00294,5,"2024-08-08","A",,
"008c4312-affc-4518-b4c7-9efc3751d2d8","D19","CARI","CARI.AOS.S2","CARI.SS.20240806.FIL","A00000433518","2024-08-06T19:04Z","2024-08-06T19:04Z","Illinois State Water Survey Central Analytical Laboratory",248.0,0.19830,5,"2024-08-08","A",,
"ea0d10be-5184-4b87-8794-db40f4d8df51","D19","CARI","CARI.AOS.S2","CARI.SS.20240806.FIL","A00000433518","2024-08-06T19:04Z","2024-08-06T19:04Z","Illinois State Water Survey Central Analytical Laboratory",360.0,0.04026,5,"2024-08-08","A",,
"ec609ab8-e6a4-40d0-aea9-a6c3bb3ab834","D19","CARI","CARI.AOS.S2","CARI.SS.20240806.FIL","A00000433518","2024-08-06T19:04Z","2024-08-06T19:04Z","Illinois State Water Survey Central Analytical Laboratory",316.0,0.08222,5,"2024-08-08","B",,
"064cd804-16b9-4e01-8061-e3c05af3da88","D19","CARI","CARI.AOS.S2","CARI.SS.20240806.FIL","A00000433518","2024-08-06T19:04Z","2024-08-06T19:04Z","Illinois State Water Survey Central Analytical Laboratory",488.0,0.00544,5,"2024-08-08","A",,
"f47da477-bbc7-4ae3-aa10-ff3c9f7d1da1","D19","CARI","CARI.AOS.S2","CARI.SS.20240806.FIL","A00000433518","2024-08-06T19:04Z","2024-08-06T19:04Z","Illinois State Water Survey Central Analytical Laboratory",480.0,0.00602,5,"2024-08-08","A",,
"2cda76c7-6cef-46f3-bc1d-58d880a03028","D19","CARI","CARI.AOS.S2","CARI.SS.20240806.FIL","A00000433518","2024-08-06T19:04Z","2024-08-06T19:04Z","Illinois State Water Survey Central Analytical Laboratory",426.0,0.01268,5,"2024-08-08","B",,
"05f7924d-4f71-4cd6-832a-dceba8a64587","D19","CARI","CARI.AOS.S2","CARI.SS.20240806.FIL","A00000433518","2024-08-06T19:04Z","2024-08-06T19:04Z","Illinois State Water Survey Central Analytical Laboratory",414.0,0.01522,5,"2024-08-08","A",,
"d655f50b-cec2-45d8-baef-7a21519777ac","D19","CARI","CARI.AOS.S2","CARI.SS.20240806.FIL","A00000433518","2024-08-06T19:04Z","2024-08-06T19:04Z","Illinois State Water Survey Central Analytical Laboratory",418.0,0.01426,5,"2024-08-08","A",,
"fd896bfd-c1aa-4d07-97b7-5ab3878f5b10","D19","CARI","CARI.AOS.S2","CARI.SS.20240806.FIL","A00000433518","2024-08-06T19:04Z","2024-08-06T19:04Z","Illinois State Water Survey Central Analytical Laboratory",498.0,0.00484,5,"2024-08-08","A",,
"ac493675-9163-46e7-8601-42a0e866f411","D19","CARI","CARI.AOS.S2","CARI.SS.20240806.FIL","A00000433518","2024-08-06T19:04Z","2024-08-06T19:04Z","Illinois State Water Survey Central Analytical Laboratory",396.0,0.02086,5,"2024-08-08","B",,
"d7550f96-fee4-4596-bb71-96c3e30b61c6","D19","CARI","CARI.AOS.S2","CARI.SS.20240806.FIL","A00000433518","2024-08-06T19:04Z","2024-08-06T19:04Z","Illinois State Water Survey Central Analytical Laboratory",220.0,0.38612,5,"2024-08-08","B",,
"197cb05e-bfe4-4584-8a9c-108642bf6b7c","D19","CARI","CARI.AOS.S2","CARI.SS.20240806.FIL","A00000433518","2024-08-06T19:04Z","2024-08-06T19:04Z","Illinois State Water Survey Central Analytical Laboratory",598.0,0.00184,5,"2024-08-08","A",,
"8ee3d8b9-1528-4d31-adce-e9268994153e","D19","CARI","CARI.AOS.S2","CARI.SS.20240806.FIL","A00000433518","2024-08-06T19:04Z","2024-08-06T19:04Z","Illinois State Water Survey Central Analytical Laboratory",508.0,0.00436,5,"2024-08-08","B",,
"28590857-831a-4aec-85c8-28ac4f090f21","D19","CARI","CARI.AOS.S2","CARI.SS.20240806.FIL","A00000433518","2024-08-06T19:04Z","2024-08-06T19:04Z","Illinois State Water Survey Central Analytical Laboratory",294.0,0.11242,5,"2024-08-08","B",,
"2b2e655a-4fb3-4b25-a137-16675f63d025","D19","CARI","CARI.AOS.S2","CARI.SS.20240806.FIL","A00000433518","2024-08-06T19:04Z","2024-08-06T19:04Z","Illinois State Water Survey Central Analytical Laboratory",530.0,0.00340,5,"2024-08-08","A",,
"c6c27069-e681-4897-86b8-deb7ebec1169","D19","CARI","CARI.AOS.S2","CARI.SS.20240806.FIL","A00000433518","2024-08-06T19:04Z","2024-08-06T19:04Z","Illinois State Water Survey Central Analytical Laboratory",520.0,0.00378,5,"2024-08-08","B",,
"66a0d6df-0214-4174-91e5-7bd5821766e0","D19","CARI","CARI.AOS.S2","CARI.SS.20240806.FIL","A00000433518","2024-08-06T19:04Z","2024-08-06T19:04Z","Illinois State Water Survey Central Analytical Laboratory",374.0,0.03124,5,"2024-08-08","B",,
"9fa9b75f-2357-495a-9d11-c1ed2a5c5539","D19","CARI","CARI.AOS.S2","CARI.SS.20240806.FIL","A00000433518","2024-08-06T19:04Z","2024-08-06T19:04Z","Illinois State Water Survey Central Analytical Laboratory",288.0,0.12268,5,"2024-08-08","B",,
"93b80c4a-9372-4696-aa73-4355d5f71bba","D19","CARI","CARI.AOS.S2","CARI.SS.20240806.FIL","A00000433518","2024-08-06T19:04Z","2024-08-06T19:04Z","Illinois State Water Survey Central Analytical Laboratory",496.0,0.00502,5,"2024-08-08","B",,
"0743e48e-cce9-4ad1-b6b7-9608e1d9da43","D19","CARI","CARI.AOS.S2","CARI.SS.20240806.FIL","A00000433518","2024-08-06T19:04Z","2024-08-06T19:04Z","Illinois State Water Survey Central Analytical Laboratory",312.0,0.08706,5,"2024-08-08","B",,
"fbeb7989-df48-4cad-a322-8064839865e5","D19","CARI","CARI.AOS.S2","CARI.SS.20240806.FIL","A00000433518","2024-08-06T19:04Z","2024-08-06T19:04Z","Illinois State Water Survey Central Analytical Laboratory",518.0,0.00384,5,"2024-08-08","A",,
"7e479ee7-c30d-4aef-960e-1f0c5b989834","D19","CARI","CARI.AOS.S2","CARI.SS.20240806.FIL","A00000433518","2024-08-06T19:04Z","2024-08-06T19:04Z","Illinois State Water Survey Central Analytical Laboratory",450.0,0.00888,5,"2024-08-08","B",,
"f15e33be-eaee-4995-a220-7e12eb98fc0f","D19","CARI","CARI.AOS.S2","CARI.SS.20240806.FIL","A00000433518","2024-08-06T19:04Z","2024-08-06T19:04Z","Illinois State Water Survey Central Analytical Laboratory",494.0,0.00504,5,"2024-08-08","A",,
"d38bbf76-2e90-464e-b2bb-19c93478b497","D19","CARI","CARI.AOS.S2","CARI.SS.20240806.FIL","A00000433518","2024-08-06T19:04Z","2024-08-06T19:04Z","Illinois State Water Survey Central Analytical Laboratory",268.0,0.16104,5,"2024-08-08","A",,
"78d2b31e-8012-43d5-89d2-4d83671492e1","D19","CARI","CARI.AOS.S2","CARI.SS.20240806.FIL","A00000433518","2024-08-06T19:04Z","2024-08-06T19:04Z","Illinois State Water Survey Central Analytical Laboratory",438.0,0.01060,5,"2024-08-08","B",,
"c41d01bd-ad52-4643-9523-81b01a31adc1","D19","CARI","CARI.AOS.S2","CARI.SS.20240806.FIL","A00000433518","2024-08-06T19:04Z","2024-08-06T19:04Z","Illinois State Water Survey Central Analytical Laboratory",354.0,0.04492,5,"2024-08-08","B",,
"112a46dc-7ee1-43eb-8681-b9583f381c81","D19","CARI","CARI.AOS.S2","CARI.SS.20240806.FIL","A00000433518","2024-08-06T19:04Z","2024-08-06T19:04Z","Illinois State Water Survey Central Analytical Laboratory",510.0,0.00426,5,"2024-08-08","B",,
"ed67844d-e682-438a-ac91-5256d84fac08","D19","CARI","CARI.AOS.S2","CARI.SS.20240806.FIL","A00000433518","2024-08-06T19:04Z","2024-08-06T19:04Z","Illinois State Water Survey Central Analytical Laboratory",526.0,0.00358,5,"2024-08-08","B",,
"4c32716b-e367-4aef-9346-3e59b04e35de","D19","CARI","CARI.AOS.S2","CARI.SS.20240806.FIL","A00000433518","2024-08-06T19:04Z","2024-08-06T19:04Z","Illinois State Water Survey Central Analytical Laboratory",542.0,0.00296,5,"2024-08-08","A",,
"e620106e-da2d-49e6-9bbd-67cce693f80d","D19","CARI","CARI.AOS.S2","CARI.SS.20240806.FIL","A00000433518","2024-08-06T19:04Z","2024-08-06T19:04Z","Illinois State Water Survey Central Analytical Laboratory",266.0,0.16528,5,"2024-08-08","B",,
"90f32a28-0bb7-4e6c-97f6-da530aa78683","D19","CARI","CARI.AOS.S2","CARI.SS.20240806.FIL","A00000433518","2024-08-06T19:04Z","2024-08-06T19:04Z","Illinois State Water Survey Central Analytical Laboratory",464.0,0.00728,5,"2024-08-08","A",,
"7ce0afbd-2397-4c4d-a4c9-fa2faa47b6c1","D19","CARI","CARI.AOS.S2","CARI.SS.20240806.FIL","A00000433518","2024-08-06T19:04Z","2024-08-06T19:04Z","Illinois State Water Survey Central Analytical Laboratory",550.0,0.00298,5,"2024-08-08","B",,
"3c635640-0e31-41a3-963d-f21b1b6fcff1","D19","CARI","CARI.AOS.S2","CARI.SS.20240806.FIL","A00000433518","2024-08-06T19:04Z","2024-08-06T19:04Z","Illinois State Water Survey Central Analytical Laboratory",480.0,0.00606,5,"2024-08-08","B",,
"4c718762-a975-4af0-afcd-0d3630d396fa","D19","CARI","CARI.AOS.S2","CARI.SS.20240806.FIL","A00000433518","2024-08-06T19:04Z","2024-08-06T19:04Z","Illinois State Water Survey Central Analytical Laboratory",284.0,0.12942,5,"2024-08-08","A",,
"5e55314b-008c-4236-905f-bffe6974c614","D19","CARI","CARI.AOS.S2","CARI.SS.20240806.FIL","A00000433518","2024-08-06T19:04Z","2024-08-06T19:04Z","Illinois State Water Survey Central Analytical Laboratory",504.0,0.00452,5,"2024-08-08","A",,
"73dcfa2f-5f7c-4020-89cc-dc9cfc955421","D19","CARI","CARI.AOS.S2","CARI.SS.20240806.FIL","A00000433518","2024-08-06T19:04Z","2024-08-06T19:04Z","Illinois State Water Survey Central Analytical Laboratory",494.0,0.00510,5,"2024-08-08","B",,
"19e6faaa-3fb5-4ac4-a96e-044ddbd56bd6","D19","CARI","CARI.AOS.S2","CARI.SS.20240806.FIL","A00000433518","2024-08-06T19:04Z","2024-08-06T19:04Z","Illinois State Water Survey Central Analytical Laboratory",598.0,0.00190,5,"2024-08-08","B",,
"5d72d5c0-50ea-4d53-ad8a-6fb877e24097","D19","CARI","CARI.AOS.S2","CARI.SS.20240806.FIL","A00000433518","2024-08-06T19:04Z","2024-08-06T19:04Z","Illinois State Water Survey Central Analytical Laboratory",328.0,0.06848,5,"2024-08-08","B",,
"c4aea597-5bee-4aab-bc2d-7a89a1cb6545","D19","CARI","CARI.AOS.S2","CARI.SS.20240806.FIL","A00000433518","2024-08-06T19:04Z","2024-08-06T19:04Z","Illinois State Water Survey Central Analytical Laboratory",546.0,0.00302,5,"2024-08-08","B",,
"6b392b74-c1f4-44c8-a2f9-548be381cf0b","D19","CARI","CARI.AOS.S2","CARI.SS.20240806.FIL","A00000433518","2024-08-06T19:04Z","2024-08-06T19:04Z","Illinois State Water Survey Central Analytical Laboratory",462.0,0.00754,5,"2024-08-08","B",,
"18084a19-66c8-424c-8e2b-2c4bbed75550","D19","CARI","CARI.AOS.S2","CARI.SS.20240806.FIL","A00000433518","2024-08-06T19:04Z","2024-08-06T19:04Z","Illinois State Water Survey Central Analytical Laboratory",422.0,0.01350,5,"2024-08-08","B",,
"57b195c5-6592-4501-a1e3-38dbe715d240","D19","CARI","CARI.AOS.S2","CARI.SS.20240806.FIL","A00000433518","2024-08-06T19:04Z","2024-08-06T19:04Z","Illinois State Water Survey Central Analytical Laboratory",496.0,0.00494,5,"2024-08-08","A",,
"665b675f-8bbd-4dd2-8e3a-1fa90c9db3b8","D19","CARI","CARI.AOS.S2","CARI.SS.20240806.FIL","A00000433518","2024-08-06T19:04Z","2024-08-06T19:04Z","Illinois State Water Survey Central Analytical Laboratory",258.0,0.18046,5,"2024-08-08","B",,
"bc67098a-a4b4-458b-8913-02b1cbd78509","D19","CARI","CARI.AOS.S2","CARI.SS.20240806.FIL","A00000433518","2024-08-06T19:04Z","2024-08-06T19:04Z","Illinois State Water Survey Central Analytical Laboratory",254.0,0.18768,5,"2024-08-08","A",,
"c2a5d444-657c-4575-9ad4-391d8d7c98fb","D19","CARI","CARI.AOS.S2","CARI.SS.20240806.FIL","A00000433518","2024-08-06T19:04Z","2024-08-06T19:04Z","Illinois State Water Survey Central Analytical Laboratory",536.0,0.00318,5,"2024-08-08","A",,
"995b33f4-6383-4d21-96ac-6cb6079ccee2","D19","CARI","CARI.AOS.S2","CARI.SS.20240806.FIL","A00000433518","2024-08-06T19:04Z","2024-08-06T19:04Z","Illinois State Water Survey Central Analytical Laboratory",404.0,0.01820,5,"2024-08-08","B",,
"6c341c34-44c5-42a4-b666-829611ef60c3","D19","CARI","CARI.AOS.S2","CARI.SS.20240806.FIL","A00000433518","2024-08-06T19:04Z","2024-08-06T19:04Z","Illinois State Water Survey Central Analytical Laboratory",398.0,0.02010,5,"2024-08-08","A",,
"07bb84ad-d007-4842-8eec-f8ce90ac9457","D19","CARI","CARI.AOS.S2","CARI.SS.20240806.FIL","A00000433518","2024-08-06T19:04Z","2024-08-06T19:04Z","Illinois State Water Survey Central Analytical Laboratory",514.0,0.00400,5,"2024-08-08","A",,
"8ddee3e7-4feb-47f4-ab40-5bf641c1f6b6","D19","CARI","CARI.AOS.S2","CARI.SS.20240806.FIL","A00000433518","2024-08-06T19:04Z","2024-08-06T19:04Z","Illinois State Water Survey Central Analytical Laboratory",436.0,0.01084,5,"2024-08-08","A",,
"fc2dc3d1-f52f-4ead-9a75-0cd4b091cc12","D19","CARI","CARI.AOS.S2","CARI.SS.20240806.FIL","A00000433518","2024-08-06T19:04Z","2024-08-06T19:04Z","Illinois State Water Survey Central Analytical Laboratory",594.0,0.00186,5,"2024-08-08","A",,
"8fd2d429-916b-4744-b6b9-f28b8fee5954","D19","CARI","CARI.AOS.S2","CARI.SS.20240806.FIL","A00000433518","2024-08-06T19:04Z","2024-08-06T19:04Z","Illinois State Water Survey Central Analytical Laboratory",344.0,0.05302,5,"2024-08-08","A",,
"5159211d-bbde-4a3d-8334-5fa0b6a82fbc","D19","CARI","CARI.AOS.S2","CARI.SS.20240806.FIL","A00000433518","2024-08-06T19:04Z","2024-08-06T19:04Z","Illinois State Water Survey Central Analytical Laboratory",392.0,0.02234,5,"2024-08-08","A",,
"b8571a57-7301-4352-9fb3-729b279c7837","D19","CARI","CARI.AOS.S2","CARI.SS.20240806.FIL","A00000433518","2024-08-06T19:04Z","2024-08-06T19:04Z","Illinois State Water Survey Central Analytical Laboratory",420.0,0.01384,5,"2024-08-08","A",,
"cdc1fa42-1cfd-435e-9ed8-017b5d3184c4","D19","CARI","CARI.AOS.S2","CARI.SS.20240806.FIL","A00000433518","2024-08-06T19:04Z","2024-08-06T19:04Z","Illinois State Water Survey Central Analytical Laboratory",228.0,0.28396,5,"2024-08-08","B",,
"f62868f4-3c78-4456-a2fb-cfdf51232a0b","D19","CARI","CARI.AOS.S2","CARI.SS.20240806.FIL","A00000433518","2024-08-06T19:04Z","2024-08-06T19:04Z","Illinois State Water Survey Central Analytical Laboratory",524.0,0.00358,5,"2024-08-08","A",,
"0207486b-3c14-4fe9-8e8d-3e53afa5381c","D19","CARI","CARI.AOS.S2","CARI.SS.20240806.FIL","A00000433518","2024-08-06T19:04Z","2024-08-06T19:04Z","Illinois State Water Survey Central Analytical Laboratory",376.0,0.02998,5,"2024-08-08","A",,
"982b60eb-3d5c-4eb5-a4b2-f1f7738e210a","D19","CARI","CARI.AOS.S2","CARI.SS.20240806.FIL","A00000433518","2024-08-06T19:04Z","2024-08-06T19:04Z","Illinois State Water Survey Central Analytical Laboratory",450.0,0.00882,5,"2024-08-08","A",,
"6a983209-74be-4d18-a2b8-b81f69a88836","D19","CARI","CARI.AOS.S2","CARI.SS.20240806.FIL","A00000433518","2024-08-06T19:04Z","2024-08-06T19:04Z","Illinois State Water Survey Central Analytical Laboratory",412.0,0.01576,5,"2024-08-08","A",,
"005fe093-dc73-4497-aa9e-0ce6cbba7cfc","D19","CARI","CARI.AOS.S2","CARI.SS.20240806.FIL","A00000433518","2024-08-06T19:04Z","2024-08-06T19:04Z","Illinois State Water Survey Central Analytical Laboratory",302.0,0.10044,5,"2024-08-08","A",,
"153476b6-3423-4c95-b66d-7c53639de04f","D19","CARI","CARI.AOS.S2","CARI.SS.20240806.FIL","A00000433518","2024-08-06T19:04Z","2024-08-06T19:04Z","Illinois State Water Survey Central Analytical Laboratory",274.0,0.14864,5,"2024-08-08","A",,
"5c702ddf-e195-49e7-85d9-f443cebe79cc","D19","CARI","CARI.AOS.S2","CARI.SS.20240806.FIL","A00000433518","2024-08-06T19:04Z","2024-08-06T19:04Z","Illinois State Water Survey Central Analytical Laboratory",472.0,0.00654,5,"2024-08-08","A",,
"39947c80-0780-4bac-b49d-2b8b701e6d83","D19","CARI","CARI.AOS.S2","CARI.SS.20240806.FIL","A00000433518","2024-08-06T19:04Z","2024-08-06T19:04Z","Illinois State Water Survey Central Analytical Laboratory",466.0,0.00706,5,"2024-08-08","A",,
"d1bd6d74-fd0d-407c-843f-9315ea7d4d0b","D19","CARI","CARI.AOS.S2","CARI.SS.20240806.FIL","A00000433518","2024-08-06T19:04Z","2024-08-06T19:04Z","Illinois State Water Survey Central Analytical Laboratory",340.0,0.05680,5,"2024-08-08","B",,
"4657fbcd-f367-4bf0-8f67-d23dca5f99da","D19","CARI","CARI.AOS.S2","CARI.SS.20240806.FIL","A00000433518","2024-08-06T19:04Z","2024-08-06T19:04Z","Illinois State Water Survey Central Analytical Laboratory",296.0,0.10912,5,"2024-08-08","A",,
"8af89f54-dc11-4b73-b6b6-8948bb544b0a","D19","CARI","CARI.AOS.S2","CARI.SS.20240806.FIL","A00000433518","2024-08-06T19:04Z","2024-08-06T19:04Z","Illinois State Water Survey Central Analytical Laboratory",324.0,0.07266,5,"2024-08-08","A",,
"c1ee3aca-b59d-49e5-ab83-8ef38fe49355","D19","CARI","CARI.AOS.S2","CARI.SS.20240806.FIL","A00000433518","2024-08-06T19:04Z","2024-08-06T19:04Z","Illinois State Water Survey Central Analytical Laboratory",460.0,0.00772,5,"2024-08-08","B",,
"abc00f6f-dba7-4157-a95d-6ab15cab4cf5","D19","CARI","CARI.AOS.S2","CARI.SS.20240806.FIL","A00000433518","2024-08-06T19:04Z","2024-08-06T19:04Z","Illinois State Water Survey Central Analytical Laboratory",572.0,0.00226,5,"2024-08-08","A",,
"31984605-2eb9-4b25-bb5c-537f6dcfe21e","D19","CARI","CARI.AOS.S2","CARI.SS.20240806.FIL","A00000433518","2024-08-06T19:04Z","2024-08-06T19:04Z","Illinois State Water Survey Central Analytical Laboratory",560.0,0.00278,5,"2024-08-08","B",,
"3906e2f2-9f5e-43ae-bc4b-a2c422b76c84","D19","CARI","CARI.AOS.S2","CARI.SS.20240806.FIL","A00000433518","2024-08-06T19:04Z","2024-08-06T19:04Z","Illinois State Water Survey Central Analytical Laboratory",512.0,0.00408,5,"2024-08-08","A",,
"43cb53bf-d304-4b8e-86b4-63df7738d41f","D19","CARI","CARI.AOS.S2","CARI.SS.20240806.FIL","A00000433518","2024-08-06T19:04Z","2024-08-06T19:04Z","Illinois State Water Survey Central Analytical Laboratory",226.0,0.30356,5,"2024-08-08","A",,
"33690206-325f-422c-bf6b-9b3666e12d1d","D19","CARI","CARI.AOS.S2","CARI.SS.20240806.FIL","A00000433518","2024-08-06T19:04Z","2024-08-06T19:04Z","Illinois State Water Survey Central Analytical Laboratory",574.0,0.00216,5,"2024-08-08","A",,
"576845e8-21db-4f95-b36f-0fdabf7fa358","D19","CARI","CARI.AOS.S2","CARI.SS.20240806.FIL","A00000433518","2024-08-06T19:04Z","2024-08-06T19:04Z","Illinois State Water Survey Central Analytical Laboratory",238.0,0.22490,5,"2024-08-08","A",,
"5c331d12-fdef-47bd-8ab1-692f66c0e0a8","D19","CARI","CARI.AOS.S2","CARI.SS.20240806.FIL","A00000433518","2024-08-06T19:04Z","2024-08-06T19:04Z","Illinois State Water Survey Central Analytical Laboratory",434.0,0.01122,5,"2024-08-08","B",,
"4c9f6a8e-eb2c-46a3-bce3-ba375faba330","D19","CARI","CARI.AOS.S2","CARI.SS.20240806.FIL","A00000433518","2024-08-06T19:04Z","2024-08-06T19:04Z","Illinois State Water Survey Central Analytical Laboratory",298.0,0.10646,5,"2024-08-08","B",,
"677fd910-9a14-4905-8864-3cb12c0b1dce","D19","CARI","CARI.AOS.S2","CARI.SS.20240806.FIL","A00000433518","2024-08-06T19:04Z","2024-08-06T19:04Z","Illinois State Water Survey Central Analytical Laboratory",344.0,0.05314,5,"2024-08-08","B",,
"0b8b48f8-e5e3-4a3c-931d-ee7ecb8f50c6","D19","CARI","CARI.AOS.S2","CARI.SS.20240806.FIL","A00000433518","2024-08-06T19:04Z","2024-08-06T19:04Z","Illinois State Water Survey Central Analytical Laboratory",270.0,0.15656,5,"2024-08-08","A",,
"4b89db3b-45d3-4383-b2fd-9b22257d8d3b","D19","CARI","CARI.AOS.S2","CARI.SS.20240806.FIL","A00000433518","2024-08-06T19:04Z","2024-08-06T19:04Z","Illinois State Water Survey Central Analytical Laboratory",254.0,0.18792,5,"2024-08-08","B",,
"836ce208-facf-47fe-8fe0-3c3e062219a3","D19","CARI","CARI.AOS.S2","CARI.SS.20240806.FIL","A00000433518","2024-08-06T19:04Z","2024-08-06T19:04Z","Illinois State Water Survey Central Analytical Laboratory",434.0,0.01114,5,"2024-08-08","A",,
"9a5b6125-078a-485b-a807-0a5abf948bb9","D19","CARI","CARI.AOS.S2","CARI.SS.20240806.FIL","A00000433518","2024-08-06T19:04Z","2024-08-06T19:04Z","Illinois State Water Survey Central Analytical Laboratory",576.0,0.00232,5,"2024-08-08","B",,
"3e68ac83-2c70-46fe-8fdc-da98c1d34ea8","D19","CARI","CARI.AOS.S2","CARI.SS.20240806.FIL","A00000433518","2024-08-06T19:04Z","2024-08-06T19:04Z","Illinois State Water Survey Central Analytical Laboratory",248.0,0.19858,5,"2024-08-08","B",,
"c6047c6d-c3e1-4094-b381-98bee6f34705","D19","CARI","CARI.AOS.S2","CARI.SS.20240806.FIL","A00000433518","2024-08-06T19:04Z","2024-08-06T19:04Z","Illinois State Water Survey Central Analytical Laboratory",520.0,0.00374,5,"2024-08-08","A",,
"d38fc212-085a-4211-ad8c-28f4788f8fe6","D19","CARI","CARI.AOS.S2","CARI.SS.20240806.FIL","A00000433518","2024-08-06T19:04Z","2024-08-06T19:04Z","Illinois State Water Survey Central Analytical Laboratory",528.0,0.00346,5,"2024-08-08","A",,
"9857b2fd-55fd-4f63-94a7-b8e0d93604c3","D19","CARI","CARI.AOS.S2","CARI.SS.20240806.FIL","A00000433518","2024-08-06T19:04Z","2024-08-06T19:04Z","Illinois State Water Survey Central Analytical Laboratory",242.0,0.21190,5,"2024-08-08","A",,
"401cd4db-8b20-4712-8857-8671884fbcfa","D19","CARI","CARI.AOS.S2","CARI.SS.20240806.FIL","A00000433518","2024-08-06T19:04Z","2024-08-06T19:04Z","Illinois State Water Survey Central Analytical Laboratory",442.0,0.00988,5,"2024-08-08","A",,
"409c3e42-e8ea-4235-924b-026184768792","D19","CARI","CARI.AOS.S2","CARI.SS.20240806.FIL","A00000433518","2024-08-06T19:04Z","2024-08-06T19:04Z","Illinois State Water Survey Central Analytical Laboratory",532.0,0.00340,5,"2024-08-08","B",,
"ab69433c-ab64-493b-98ae-a6c6f492c76c","D19","CARI","CARI.AOS.S2","CARI.SS.20240806.FIL","A00000433518","2024-08-06T19:04Z","2024-08-06T19:04Z","Illinois State Water Survey Central Analytical Laboratory",324.0,0.07280,5,"2024-08-08","B",,
"757caa8a-12bd-4661-a394-2437b51c3af0","D19","CARI","CARI.AOS.S2","CARI.SS.20240806.FIL","A00000433518","2024-08-06T19:04Z","2024-08-06T19:04Z","Illinois State Water Survey Central Analytical Laboratory",294.0,0.11222,5,"2024-08-08","A",,
"8114bf87-f017-4078-9ffc-252acd185166","D19","CARI","CARI.AOS.S2","CARI.SS.20240806.FIL","A00000433518","2024-08-06T19:04Z","2024-08-06T19:04Z","Illinois State Water Survey Central Analytical Laboratory",428.0,0.01232,5,"2024-08-08","B",,
"446e0f92-372d-4cf9-ae6a-9a0d9bf459ce","D19","CARI","CARI.AOS.S2","CARI.SS.20240806.FIL","A00000433518","2024-08-06T19:04Z","2024-08-06T19:04Z","Illinois State Water Survey Central Analytical Laboratory",570.0,0.00230,5,"2024-08-08","A",,
"8c19067b-a846-4034-9322-5420d2d52eb9","D19","CARI","CARI.AOS.S2","CARI.SS.20240806.FIL","A00000433518","2024-08-06T19:04Z","2024-08-06T19:04Z","Illinois State Water Survey Central Analytical Laboratory",394.0,0.02160,5,"2024-08-08","B",,
"aee5c126-a091-4b3c-9df4-a6ea573afdad","D19","CARI","CARI.AOS.S2","CARI.SS.20240806.FIL","A00000433518","2024-08-06T19:04Z","2024-08-06T19:04Z","Illinois State Water Survey Central Analytical Laboratory",468.0,0.00692,5,"2024-08-08","A",,
"41845c94-01bb-40f3-8073-81b9e7b005b1","D19","CARI","CARI.AOS.S2","CARI.SS.20240806.FIL","A00000433518","2024-08-06T19:04Z","2024-08-06T19:04Z","Illinois State Water Survey Central Analytical Laboratory",346.0,0.05156,5,"2024-08-08","B",,
"1805d3f8-ca00-41a9-b07b-3945961c198b","D19","CARI","CARI.AOS.S2","CARI.SS.20240806.FIL","A00000433518","2024-08-06T19:04Z","2024-08-06T19:04Z","Illinois State Water Survey Central Analytical Laboratory",234.0,0.24280,5,"2024-08-08","B",,
"1ced73b0-559b-459d-8e17-504c1a25fb44","D19","CARI","CARI.AOS.S2","CARI.SS.20240806.FIL","A00000433518","2024-08-06T19:04Z","2024-08-06T19:04Z","Illinois State Water Survey Central Analytical Laboratory",298.0,0.10624,5,"2024-08-08","A",,
"677954ff-a7dc-4277-9b2b-9ad6dceedbb9","D19","CARI","CARI.AOS.S2","CARI.SS.20240806.FIL","A00000433518","2024-08-06T19:04Z","2024-08-06T19:04Z","Illinois State Water Survey Central Analytical Laboratory",416.0,0.01480,5,"2024-08-08","B",,
"39b78788-48ee-422a-ae35-244eafa7cf06","D19","CARI","CARI.AOS.S2","CARI.SS.20240806.FIL","A00000433518","2024-08-06T19:04Z","2024-08-06T19:04Z","Illinois State Water Survey Central Analytical Laboratory",502.0,0.00470,5,"2024-08-08","B",,
"56650334-0f3d-4f2f-a33f-b564cc0b0a46","D19","CARI","CARI.AOS.S2","CARI.SS.20240806.FIL","A00000433518","2024-08-06T19:04Z","2024-08-06T19:04Z","Illinois State Water Survey Central Analytical Laboratory",380.0,0.02786,5,"2024-08-08","A",,
"ad1c20dc-9cfc-4110-aadb-6062d11cc311","D19","CARI","CARI.AOS.S2","CARI.SS.20240806.FIL","A00000433518","2024-08-06T19:04Z","2024-08-06T19:04Z","Illinois State Water Survey Central Analytical Laboratory",262.0,0.17318,5,"2024-08-08","B",,
"6c33cbab-d1e5-407e-9a8b-6ab6ae8db2d2","D19","CARI","CARI.AOS.S2","CARI.SS.20240806.FIL","A00000433518","2024-08-06T19:04Z","2024-08-06T19:04Z","Illinois State Water Survey Central Analytical Laboratory",260.0,0.17708,5,"2024-08-08","B",,
"0055c4d1-b6f1-4dfd-8c80-2ec0dfc7d71a","D19","CARI","CARI.AOS.S2","CARI.SS.20240806.FIL","A00000433518","2024-08-06T19:04Z","2024-08-06T19:04Z","Illinois State Water Survey Central Analytical Laboratory",600.0,0.00188,5,"2024-08-08","B",,
"b5e371ef-4918-4bf9-948b-c49ead4bc398","D19","CARI","CARI.AOS.S2","CARI.SS.20240806.FIL","A00000433518","2024-08-06T19:04Z","2024-08-06T19:04Z","Illinois State Water Survey Central Analytical Laboratory",488.0,0.00552,5,"2024-08-08","B",,
"8f8378ec-cc96-4e8c-9738-2e505b8a081d","D19","CARI","CARI.AOS.S2","CARI.SS.20240806.FIL","A00000433518","2024-08-06T19:04Z","2024-08-06T19:04Z","Illinois State Water Survey Central Analytical Laboratory",454.0,0.00836,5,"2024-08-08","B",,
"ce793158-026a-4f49-8dd6-6b22cc73171a","D19","CARI","CARI.AOS.S2","CARI.SS.20240806.FIL","A00000433518","2024-08-06T19:04Z","2024-08-06T19:04Z","Illinois State Water Survey Central Analytical Laboratory",482.0,0.00592,5,"2024-08-08","B",,
"4db6c390-5cf4-400a-a072-7b1d0998d239","D19","CARI","CARI.AOS.S2","CARI.SS.20240806.FIL","A00000433518","2024-08-06T19:04Z","2024-08-06T19:04Z","Illinois State Water Survey Central Analytical Laboratory",258.0,0.18022,5,"2024-08-08","A",,
"4e082acc-345d-4064-aa2c-97af4d7ed005","D19","CARI","CARI.AOS.S2","CARI.SS.20240806.FIL","A00000433518","2024-08-06T19:04Z","2024-08-06T19:04Z","Illinois State Water Survey Central Analytical Laboratory",330.0,0.06636,5,"2024-08-08","B",,
"86dd04a7-dede-42d0-a489-e1e5a35d420c","D19","CARI","CARI.AOS.S2","CARI.SS.20240806.FIL","A00000433518","2024-08-06T19:04Z","2024-08-06T19:04Z","Illinois State Water Survey Central Analytical Laboratory",226.0,0.30392,5,"2024-08-08","B",,
"cab7b31d-753e-4022-9425-c778a2fb673a","D19","CARI","CARI.AOS.S2","CARI.SS.20240806.FIL","A00000433518","2024-08-06T19:04Z","2024-08-06T19:04Z","Illinois State Water Survey Central Analytical Laboratory",240.0,0.21792,5,"2024-08-08","A",,
"628eb90e-0c86-4c6b-ac36-7ae92cdae20b","D19","CARI","CARI.AOS.S2","CARI.SS.20240806.FIL","A00000433518","2024-08-06T19:04Z","2024-08-06T19:04Z","Illinois State Water Survey Central Analytical Laboratory",236.0,0.23312,5,"2024-08-08","B",,
"f1778795-587d-4644-80eb-7aa0d48a3efa","D19","CARI","CARI.AOS.S2","CARI.SS.20240806.FIL","A00000433518","2024-08-06T19:04Z","2024-08-06T19:04Z","Illinois State Water Survey Central Analytical Laboratory",588.0,0.00210,5,"2024-08-08","B",,
"2edc0f72-f9f8-4c2f-a40d-4f2372961de4","D19","CARI","CARI.AOS.S2","CARI.SS.20240806.FIL","A00000433518","2024-08-06T19:04Z","2024-08-06T19:04Z","Illinois State Water Survey Central Analytical Laboratory",550.0,0.00274,5,"2024-08-08","A",,
"96a7bac6-2e9c-4e8f-8830-2a0ca394a449","D19","CARI","CARI.AOS.S2","CARI.SS.20240806.FIL","A00000433518","2024-08-06T19:04Z","2024-08-06T19:04Z","Illinois State Water Survey Central Analytical Laboratory",356.0,0.04324,5,"2024-08-08","A",,
"7b247b98-853f-4d95-8e5a-26b018f832ef","D19","CARI","CARI.AOS.S2","CARI.SS.20240806.FIL","A00000433518","2024-08-06T19:04Z","2024-08-06T19:04Z","Illinois State Water Survey Central Analytical Laboratory",250.0,0.19494,5,"2024-08-08","B",,
"c2cd3c16-2f87-44ae-9c68-d888b4c441a4","D19","CARI","CARI.AOS.S2","CARI.SS.20240806.FIL","A00000433518","2024-08-06T19:04Z","2024-08-06T19:04Z","Illinois State Water Survey Central Analytical Laboratory",414.0,0.01528,5,"2024-08-08","B",,
"c95d04ab-b424-4034-bc3b-9b10ac82ae92","D19","CARI","CARI.AOS.S2","CARI.SS.20240806.FIL","A00000433518","2024-08-06T19:04Z","2024-08-06T19:04Z","Illinois State Water Survey Central Analytical Laboratory",592.0,0.00188,5,"2024-08-08","A",,
"11931c4d-8a8e-47b0-b754-ad69ce57fbc2","D19","CARI","CARI.AOS.S2","CARI.SS.20240806.FIL","A00000433518","2024-08-06T19:04Z","2024-08-06T19:04Z","Illinois State Water Survey Central Analytical Laboratory",504.0,0.00462,5,"2024-08-08","B",,
"bd1b43bc-ac09-4609-a9a5-103f2f391646","D19","CARI","CARI.AOS.S2","CARI.SS.20240806.FIL","A00000433518","2024-08-06T19:04Z","2024-08-06T19:04Z","Illinois State Water Survey Central Analytical Laboratory",586.0,0.00196,5,"2024-08-08","A",,
"a274d509-d2ce-4eb0-be60-3a748d25c41b","D19","CARI","CARI.AOS.S2","CARI.SS.20240806.FIL","A00000433518","2024-08-06T19:04Z","2024-08-06T19:04Z","Illinois State Water Survey Central Analytical Laboratory",424.0,0.01302,5,"2024-08-08","A",,
"553bb101-a9b0-4d4d-92cc-585448d43fff","D19","CARI","CARI.AOS.S2","CARI.SS.20240806.FIL","A00000433518","2024-08-06T19:04Z","2024-08-06T19:04Z","Illinois State Water Survey Central Analytical Laboratory",250.0,0.19464,5,"2024-08-08","A",,
"c81acf4f-4eea-40ce-9e5b-c21b2a702225","D19","CARI","CARI.AOS.S2","CARI.SS.20240806.FIL","A00000433518","2024-08-06T19:04Z","2024-08-06T19:04Z","Illinois State Water Survey Central Analytical Laboratory",342.0,0.05482,5,"2024-08-08","A",,
"cf541f29-28b7-4904-9bd6-3e2e2ddc91b9","D19","CARI","CARI.AOS.S2","CARI.SS.20240806.FIL","A00000433518","2024-08-06T19:04Z","2024-08-06T19:04Z","Illinois State Water Survey Central Analytical Laboratory",246.0,0.20224,5,"2024-08-08","B",,
"3a2609fd-4c37-4577-9275-74b331217ff2","D19","CARI","CARI.AOS.S2","CARI.SS.20240806.FIL","A00000433518","2024-08-06T19:04Z","2024-08-06T19:04Z","Illinois State Water Survey Central Analytical Laboratory",478.0,0.00618,5,"2024-08-08","B",,
"b1b542b7-0e79-4f05-808c-ddb57e5cd893","D19","CARI","CARI.AOS.S2","CARI.SS.20240806.FIL","A00000433518","2024-08-06T19:04Z","2024-08-06T19:04Z","Illinois State Water Survey Central Analytical Laboratory",390.0,0.02306,5,"2024-08-08","A",,
"78050523-e448-443f-a636-b7370c61bdb3","D19","CARI","CARI.AOS.S2","CARI.SS.20240806.FIL","A00000433518","2024-08-06T19:04Z","2024-08-06T19:04Z","Illinois State Water Survey Central Analytical Laboratory",368.0,0.03484,5,"2024-08-08","A",,
"cc3d5908-c231-49bc-88c5-643e90a699e8","D19","CARI","CARI.AOS.S2","CARI.SS.20240806.FIL","A00000433518","2024-08-06T19:04Z","2024-08-06T19:04Z","Illinois State Water Survey Central Analytical Laboratory",326.0,0.07060,5,"2024-08-08","B",,
"8e102f68-0f81-46a9-972c-23239682f393","D19","CARI","CARI.AOS.S2","CARI.SS.20240806.FIL","A00000433518","2024-08-06T19:04Z","2024-08-06T19:04Z","Illinois State Water Survey Central Analytical Laboratory",446.0,0.00942,5,"2024-08-08","B",,
"e81b82a0-368a-48c0-80ce-2344b371d476","D19","CARI","CARI.AOS.S2","CARI.SS.20240806.FIL","A00000433518","2024-08-06T19:04Z","2024-08-06T19:04Z","Illinois State Water Survey Central Analytical Laboratory",514.0,0.00406,5,"2024-08-08","B",,
"98fd8c59-a15f-47d2-bce5-f25114549429","D19","CARI","CARI.AOS.S2","CARI.SS.20240806.FIL","A00000433518","2024-08-06T19:04Z","2024-08-06T19:04Z","Illinois State Water Survey Central Analytical Laboratory",558.0,0.00280,5,"2024-08-08","B",,
"f17d1938-edc4-4bcc-a0fb-60eca1776737","D19","CARI","CARI.AOS.S2","CARI.SS.20240806.FIL","A00000433518","2024-08-06T19:04Z","2024-08-06T19:04Z","Illinois State Water Survey Central Analytical Laboratory",562.0,0.00274,5,"2024-08-08","B",,
"85cba5af-22c3-43fb-bd26-43dd113f1309","D19","CARI","CARI.AOS.S2","CARI.SS.20240806.FIL","A00000433518","2024-08-06T19:04Z","2024-08-06T19:04Z","Illinois State Water Survey Central Analytical Laboratory",232.0,0.25520,5,"2024-08-08","B",,
"6eac73e2-31e8-46b3-89b9-ecabc45fd4b3","D19","CARI","CARI.AOS.S2","CARI.SS.20240806.FIL","A00000433518","2024-08-06T19:04Z","2024-08-06T19:04Z","Illinois State Water Survey Central Analytical Laboratory",458.0,0.00792,5,"2024-08-08","B",,
"ed5c797a-f346-46a0-8567-052c5c2713d9","D19","CARI","CARI.AOS.S2","CARI.SS.20240806.FIL","A00000433518","2024-08-06T19:04Z","2024-08-06T19:04Z","Illinois State Water Survey Central Analytical Laboratory",430.0,0.01186,5,"2024-08-08","A",,
"3869455d-c8fd-4b8f-8584-e88a39bb054b","D19","CARI","CARI.AOS.S2","CARI.SS.20240806.FIL","A00000433518","2024-08-06T19:04Z","2024-08-06T19:04Z","Illinois State Water Survey Central Analytical Laboratory",392.0,0.02240,5,"2024-08-08","B",,
"6a00ca17-90ef-43e9-8aab-fce6b0589ace","D19","CARI","CARI.AOS.S2","CARI.SS.20240806.FIL","A00000433518","2024-08-06T19:04Z","2024-08-06T19:04Z","Illinois State Water Survey Central Analytical Laboratory",538.0,0.00310,5,"2024-08-08","A",,
"e68cb1ab-1364-41ee-a6b0-a75a7199a481","D19","CARI","CARI.AOS.S2","CARI.SS.20240806.FIL","A00000433518","2024-08-06T19:04Z","2024-08-06T19:04Z","Illinois State Water Survey Central Analytical Laboratory",338.0,0.05862,5,"2024-08-08","B",,
"e6939776-14df-4f25-badf-1c9f90457053","D19","CARI","CARI.AOS.S2","CARI.SS.20240806.FIL","A00000433518","2024-08-06T19:04Z","2024-08-06T19:04Z","Illinois State Water Survey Central Analytical Laboratory",366.0,0.03614,5,"2024-08-08","A",,
"a97134e3-b82f-408d-ad4e-a4ee394e4adc","D19","CARI","CARI.AOS.S2","CARI.SS.20240806.FIL","A00000433518","2024-08-06T19:04Z","2024-08-06T19:04Z","Illinois State Water Survey Central Analytical Laboratory",286.0,0.12588,5,"2024-08-08","A",,
"47c0225e-b098-4842-a4ab-40ae162e6868","D19","CARI","CARI.AOS.S2","CARI.SS.20240806.FIL","A00000433518","2024-08-06T19:04Z","2024-08-06T19:04Z","Illinois State Water Survey Central Analytical Laboratory",322.0,0.07488,5,"2024-08-08","A",,
"85934579-2a8c-4e0d-9aa5-18a41250c800","D19","CARI","CARI.AOS.S2","CARI.SS.20240806.FIL","A00000433518","2024-08-06T19:04Z","2024-08-06T19:04Z","Illinois State Water Survey Central Analytical Laboratory",272.0,0.15296,5,"2024-08-08","A",,
"6432301b-0808-49dd-9955-1124ff1e23e6","D19","CARI","CARI.AOS.S2","CARI.SS.20240806.FIL","A00000433518","2024-08-06T19:04Z","2024-08-06T19:04Z","Illinois State Water Survey Central Analytical Laboratory",244.0,0.20730,5,"2024-08-08","A",,
"74cd33a0-9569-4786-937c-0d07bf2aef9d","D19","CARI","CARI.AOS.S2","CARI.SS.20240806.FIL","A00000433518","2024-08-06T19:04Z","2024-08-06T19:04Z","Illinois State Water Survey Central Analytical Laboratory",500.0,0.00474,5,"2024-08-08","A",,
"e149a9f9-9d8f-4ebe-9338-94db3eccca4b","D19","CARI","CARI.AOS.S2","CARI.SS.20240806.FIL","A00000433518","2024-08-06T19:04Z","2024-08-06T19:04Z","Illinois State Water Survey Central Analytical Laboratory",592.0,0.00196,5,"2024-08-08","B",,
"527e4d2f-4c74-4b27-80e3-817f074be5c6","D19","CARI","CARI.AOS.S2","CARI.SS.20240806.FIL","A00000433518","2024-08-06T19:04Z","2024-08-06T19:04Z","Illinois State Water Survey Central Analytical Laboratory",362.0,0.03882,5,"2024-08-08","A",,
"50263c7c-8f05-4c2a-bc9b-682121f26037","D19","CARI","CARI.AOS.S2","CARI.SS.20240806.FIL","A00000433518","2024-08-06T19:04Z","2024-08-06T19:04Z","Illinois State Water Survey Central Analytical Laboratory",382.0,0.02686,5,"2024-08-08","A",,
"34de37ca-ac7e-4fb9-a7ba-7baaa3a61110","D19","CARI","CARI.AOS.S2","CARI.SS.20240806.FIL","A00000433518","2024-08-06T19:04Z","2024-08-06T19:04Z","Illinois State Water Survey Central Analytical Laboratory",412.0,0.01582,5,"2024-08-08","B",,
"dc942ece-b015-4cd1-98c9-bb39212a348c","D19","CARI","CARI.AOS.S2","CARI.SS.20240806.FIL","A00000433518","2024-08-06T19:04Z","2024-08-06T19:04Z","Illinois State Water Survey Central Analytical Laboratory",354.0,0.04482,5,"2024-08-08","A",,
"3ca84a83-3f4b-4f0f-8c2c-9696c46e6f46","D19","CARI","CARI.AOS.S2","CARI.SS.20240806.FIL","A00000433518","2024-08-06T19:04Z","2024-08-06T19:04Z","Illinois State Water Survey Central Analytical Laboratory",332.0,0.06436,5,"2024-08-08","B",,
"e8fd7de3-138e-479f-9fb6-9fefc55947e2","D19","CARI","CARI.AOS.S2","CARI.SS.20240806.FIL","A00000433518","2024-08-06T19:04Z","2024-08-06T19:04Z","Illinois State Water Survey Central Analytical Laboratory",306.0,0.09474,5,"2024-08-08","A",,
"23558c62-7af2-4501-80f1-e87656c9dfae","D19","CARI","CARI.AOS.S2","CARI.SS.20240806.FIL","A00000433518","2024-08-06T19:04Z","2024-08-06T19:04Z","Illinois State Water Survey Central Analytical Laboratory",570.0,0.00254,5,"2024-08-08","B",,
"afed8611-3b70-4655-a57a-a3c6534c0f53","D19","CARI","CARI.AOS.S2","CARI.SS.20240806.FIL","A00000433518","2024-08-06T19:04Z","2024-08-06T19:04Z","Illinois State Water Survey Central Analytical Laboratory",406.0,0.01752,5,"2024-08-08","A",,
"6230a2f8-bf31-47ed-a230-1b9450c28426","D19","CARI","CARI.AOS.S2","CARI.SS.20240806.FIL","A00000433518","2024-08-06T19:04Z","2024-08-06T19:04Z","Illinois State Water Survey Central Analytical Laboratory",584.0,0.00204,5,"2024-08-08","A",,
"2fd8e95b-f54c-4c07-8c58-134c88b13955","D19","CARI","CARI.AOS.S2","CARI.SS.20240806.FIL","A00000433518","2024-08-06T19:04Z","2024-08-06T19:04Z","Illinois State Water Survey Central Analytical Laboratory",456.0,0.00814,5,"2024-08-08","B",,
"b5a8fb45-f9ed-4960-8ff4-c4f634a46174","D19","CARI","CARI.AOS.S2","CARI.SS.20240806.FIL","A00000433518","2024-08-06T19:04Z","2024-08-06T19:04Z","Illinois State Water Survey Central Analytical Laboratory",256.0,0.18420,5,"2024-08-08","B",,
"380d55f4-5d13-4f95-84da-3df9ac7470e6","D19","CARI","CARI.AOS.S2","CARI.SS.20240806.FIL","A00000433518","2024-08-06T19:04Z","2024-08-06T19:04Z","Illinois State Water Survey Central Analytical Laboratory",560.0,0.00250,5,"2024-08-08","A",,
"91f491cb-cc26-427c-b1e6-e0122aadce8c","D19","CARI","CARI.AOS.S2","CARI.SS.20240806.FIL","A00000433518","2024-08-06T19:04Z","2024-08-06T19:04Z","Illinois State Water Survey Central Analytical Laboratory",464.0,0.00734,5,"2024-08-08","B",,
"3bf888e6-babd-4f2d-9ed3-83f207473383","D19","CARI","CARI.AOS.S2","CARI.SS.20240806.FIL","A00000433518","2024-08-06T19:04Z","2024-08-06T19:04Z","Illinois State Water Survey Central Analytical Laboratory",580.0,0.00208,5,"2024-08-08","A",,
"605ac4e1-5d8b-4a8e-b6ef-305b97b1132f","D19","CARI","CARI.AOS.S2","CARI.SS.20240806.FIL","A00000433518","2024-08-06T19:04Z","2024-08-06T19:04Z","Illinois State Water Survey Central Analytical Laboratory",478.0,0.00612,5,"2024-08-08","A",,
"a8e276bc-e03e-42a9-ac2d-f92aca7035cb","D19","CARI","CARI.AOS.S2","CARI.SS.20240806.FIL","A00000433518","2024-08-06T19:04Z","2024-08-06T19:04Z","Illinois State Water Survey Central Analytical Laboratory",540.0,0.00316,5,"2024-08-08","B",,
"fd78df01-e78a-4666-989e-3f83b9da3d37","D19","CARI","CARI.AOS.S2","CARI.SS.20240806.FIL","A00000433518","2024-08-06T19:04Z","2024-08-06T19:04Z","Illinois State Water Survey Central Analytical Laboratory",596.0,0.00186,5,"2024-08-08","A",,
"3204c1d5-8137-4b69-835a-efb9d7192c64","D19","CARI","CARI.AOS.S2","CARI.SS.20240806.FIL","A00000433518","2024-08-06T19:04Z","2024-08-06T19:04Z","Illinois State Water Survey Central Analytical Laboratory",376.0,0.03004,5,"2024-08-08","B",,
"6a5ee2d1-b8bb-4b1b-9a04-e49b63791132","D19","CARI","CARI.AOS.S2","CARI.SS.20240806.FIL","A00000433518","2024-08-06T19:04Z","2024-08-06T19:04Z","Illinois State Water Survey Central Analytical Laboratory",482.0,0.00586,5,"2024-08-08","A",,
"1a4ffe8f-b9d5-46f2-b6e0-da4543b8f541","D19","CARI","CARI.AOS.S2","CARI.SS.20240806.FIL","A00000433518","2024-08-06T19:04Z","2024-08-06T19:04Z","Illinois State Water Survey Central Analytical Laboratory",222.0,0.35542,5,"2024-08-08","A",,
"80a0989b-6551-4c8c-ac8e-7496465636d2","D19","CARI","CARI.AOS.S2","CARI.SS.20240806.FIL","A00000433518","2024-08-06T19:04Z","2024-08-06T19:04Z","Illinois State Water Survey Central Analytical Laboratory",342.0,0.05492,5,"2024-08-08","B",,
"5447cf74-b9b5-418d-8fe3-3ab0197fe389","D19","CARI","CARI.AOS.S2","CARI.SS.20240806.FIL","A00000433518","2024-08-06T19:04Z","2024-08-06T19:04Z","Illinois State Water Survey Central Analytical Laboratory",318.0,0.07960,5,"2024-08-08","B",,
"ce0936b1-b2c8-45ce-927b-d69c81146dcf","D19","CARI","CARI.AOS.S2","CARI.SS.20240806.FIL","A00000433518","2024-08-06T19:04Z","2024-08-06T19:04Z","Illinois State Water Survey Central Analytical Laboratory",322.0,0.07504,5,"2024-08-08","B",,
"9650f940-12db-4e88-b8f5-cfb37900280c","D19","CARI","CARI.AOS.S2","CARI.SS.20240806.FIL","A00000433518","2024-08-06T19:04Z","2024-08-06T19:04Z","Illinois State Water Survey Central Analytical Laboratory",350.0,0.04804,5,"2024-08-08","A",,
"78be384a-5d93-419d-a636-93f9094f3c32","D19","CARI","CARI.AOS.S2","CARI.SS.20240806.FIL","A00000433518","2024-08-06T19:04Z","2024-08-06T19:04Z","Illinois State Water Survey Central Analytical Laboratory",402.0,0.01876,5,"2024-08-08","A",,
"ad8b2bbb-c6a3-4ea7-8fdf-c7f5a3ed493a","D19","CARI","CARI.AOS.S2","CARI.SS.20240806.FIL","A00000433518","2024-08-06T19:04Z","2024-08-06T19:04Z","Illinois State Water Survey Central Analytical Laboratory",336.0,0.06038,5,"2024-08-08","A",,
"2c6dfbb3-47c7-4267-a445-1e147908bb44","D19","CARI","CARI.AOS.S2","CARI.SS.20240806.FIL","A00000433518","2024-08-06T19:04Z","2024-08-06T19:04Z","Illinois State Water Survey Central Analytical Laboratory",390.0,0.02314,5,"2024-08-08","B",,
"4a4bd3e3-1520-48ae-a8e8-7da169d65513","D19","CARI","CARI.AOS.S2","CARI.SS.20240806.FIL","A00000433518","2024-08-06T19:04Z","2024-08-06T19:04Z","Illinois State Water Survey Central Analytical Laboratory",408.0,0.01696,5,"2024-08-08","B",,
"89339297-a16c-49f0-8a6a-538d57596b85","D19","CARI","CARI.AOS.S2","CARI.SS.20240806.FIL","A00000433518","2024-08-06T19:04Z","2024-08-06T19:04Z","Illinois State Water Survey Central Analytical Laboratory",228.0,0.28362,5,"2024-08-08","A",,
"d7e74122-f583-40e4-9c36-ae5eb0502b98","D19","CARI","CARI.AOS.S2","CARI.SS.20240806.FIL","A00000433518","2024-08-06T19:04Z","2024-08-06T19:04Z","Illinois State Water Survey Central Analytical Laboratory",510.0,0.00420,5,"2024-08-08","A",,
"9e7474fc-0998-49da-9d35-d3e42f71846f","D19","CARI","CARI.AOS.S2","CARI.SS.20240806.FIL","A00000433518","2024-08-06T19:04Z","2024-08-06T19:04Z","Illinois State Water Survey Central Analytical Laboratory",388.0,0.02406,5,"2024-08-08","B",,
"dc06fc6e-1703-4821-a822-2225f75bc34d","D19","CARI","CARI.AOS.S2","CARI.SS.20240806.FIL","A00000433518","2024-08-06T19:04Z","2024-08-06T19:04Z","Illinois State Water Survey Central Analytical Laboratory",404.0,0.01814,5,"2024-08-08","A",,
"720ae80b-a38e-40ec-9f4a-7e99266e4a7b","D19","CARI","CARI.AOS.S2","CARI.SS.20240806.FIL","A00000433518","2024-08-06T19:04Z","2024-08-06T19:04Z","Illinois State Water Survey Central Analytical Laboratory",370.0,0.03360,5,"2024-08-08","A",,
"575a3722-f6f1-4089-8447-4173072c71f6","D19","CARI","CARI.AOS.S2","CARI.SS.20240806.FIL","A00000433518","2024-08-06T19:04Z","2024-08-06T19:04Z","Illinois State Water Survey Central Analytical Laboratory",460.0,0.00764,5,"2024-08-08","A",,
"34012c27-6555-40cd-84ce-f586ea992f68","D19","CARI","CARI.AOS.S2","CARI.SS.20240806.FIL","A00000433518","2024-08-06T19:04Z","2024-08-06T19:04Z","Illinois State Water Survey Central Analytical Laboratory",526.0,0.00350,5,"2024-08-08","A",,
"4467532f-1726-4152-afca-68137f0491ae","D19","CARI","CARI.AOS.S2","CARI.SS.20240806.FIL","A00000433518","2024-08-06T19:04Z","2024-08-06T19:04Z","Illinois State Water Survey Central Analytical Laboratory",282.0,0.13314,5,"2024-08-08","A",,
"6cd67514-4d07-4b17-8f65-a0d4dfee4574","D19","CARI","CARI.AOS.S2","CARI.SS.20240806.FIL","A00000433518","2024-08-06T19:04Z","2024-08-06T19:04Z","Illinois State Water Survey Central Analytical Laboratory",314.0,0.08440,5,"2024-08-08","B",,
"62438dfd-2c33-4b2f-85a4-3ca27c157bf5","D19","CARI","CARI.AOS.S2","CARI.SS.20240806.FIL","A00000433518","2024-08-06T19:04Z","2024-08-06T19:04Z","Illinois State Water Survey Central Analytical Laboratory",516.0,0.00400,5,"2024-08-08","B",,
"37fe89a0-ab71-4528-838b-4484ec3c571d","D19","CARI","CARI.AOS.S2","CARI.SS.20240806.FIL","A00000433518","2024-08-06T19:04Z","2024-08-06T19:04Z","Illinois State Water Survey Central Analytical Laboratory",574.0,0.00240,5,"2024-08-08","B",,
"01dc0aee-650b-431c-a0ce-f530d5bee6d9","D19","CARI","CARI.AOS.S2","CARI.SS.20240806.FIL","A00000433518","2024-08-06T19:04Z","2024-08-06T19:04Z","Illinois State Water Survey Central Analytical Laboratory",498.0,0.00490,5,"2024-08-08","B",,
"6e2afedd-f133-4642-a532-299deb4030c8","D19","CARI","CARI.AOS.S2","CARI.SS.20240806.FIL","A00000433518","2024-08-06T19:04Z","2024-08-06T19:04Z","Illinois State Water Survey Central Analytical Laboratory",424.0,0.01310,5,"2024-08-08","B",,
"ba6e99a5-a93d-4f0c-902f-c5dae0b4ee2a","D19","CARI","CARI.AOS.S2","CARI.SS.20240806.FIL","A00000433518","2024-08-06T19:04Z","2024-08-06T19:04Z","Illinois State Water Survey Central Analytical Laboratory",378.0,0.02902,5,"2024-08-08","B",,
"c8b3ea26-cdfc-48cd-8221-b7f8495aefd9","D19","CARI","CARI.AOS.S2","CARI.SS.20240806.FIL","A00000433518","2024-08-06T19:04Z","2024-08-06T19:04Z","Illinois State Water Survey Central Analytical Laboratory",440.0,0.01028,5,"2024-08-08","B",,
"2b60abeb-86c5-4010-a5f8-e0da416729cf","D19","CARI","CARI.AOS.S2","CARI.SS.20240806.FIL","A00000433518","2024-08-06T19:04Z","2024-08-06T19:04Z","Illinois State Water Survey Central Analytical Laboratory",308.0,0.09216,5,"2024-08-08","B",,
"7ebef67e-601f-4da4-bca0-305c30a8128e","D19","CARI","CARI.AOS.S2","CARI.SS.20240806.FIL","A00000433518","2024-08-06T19:04Z","2024-08-06T19:04Z","Illinois State Water Survey Central Analytical Laboratory",378.0,0.02894,5,"2024-08-08","A",,
"a4d14642-a4b8-4919-8c99-6b16a6e8f4e3","D19","CARI","CARI.AOS.S2","CARI.SS.20240806.FIL","A00000433518","2024-08-06T19:04Z","2024-08-06T19:04Z","Illinois State Water Survey Central Analytical Laboratory",352.0,0.04654,5,"2024-08-08","B",,
"3697f78b-2ae9-4ccd-bdfd-4b0be5f5674d","D19","CARI","CARI.AOS.S2","CARI.SS.20240806.FIL","A00000433518","2024-08-06T19:04Z","2024-08-06T19:04Z","Illinois State Water Survey Central Analytical Laboratory",430.0,0.01190,5,"2024-08-08","B",,
"7edfebe3-3a9d-4ca9-b991-27d218586167","D19","CARI","CARI.AOS.S2","CARI.SS.20240806.FIL","A00000433518","2024-08-06T19:04Z","2024-08-06T19:04Z","Illinois State Water Survey Central Analytical Laboratory",442.0,0.00998,5,"2024-08-08","B",,
"499f0634-46c7-4976-aa04-e9996d96687e","D19","CARI","CARI.AOS.S2","CARI.SS.20240806.FIL","A00000433518","2024-08-06T19:04Z","2024-08-06T19:04Z","Illinois State Water Survey Central Analytical Laboratory",470.0,0.00682,5,"2024-08-08","B",,
"dc5aacea-85ed-48c7-ab88-65fc42c6207b","D19","CARI","CARI.AOS.S2","CARI.SS.20240806.FIL","A00000433518","2024-08-06T19:04Z","2024-08-06T19:04Z","Illinois State Water Survey Central Analytical Laboratory",374.0,0.03114,5,"2024-08-08","A",,
"93438424-336b-49d4-92a6-c2e3572cf20b","D19","CARI","CARI.AOS.S2","CARI.SS.20240806.FIL","A00000433518","2024-08-06T19:04Z","2024-08-06T19:04Z","Illinois State Water Survey Central Analytical Laboratory",452.0,0.00864,5,"2024-08-08","B",,
"7e5579ba-232f-43aa-b1d3-a02305fd9626","D19","CARI","CARI.AOS.S2","CARI.SS.20240806.FIL","A00000433518","2024-08-06T19:04Z","2024-08-06T19:04Z","Illinois State Water Survey Central Analytical Laboratory",370.0,0.03372,5,"2024-08-08","B",,
"94b84ec8-a71a-4ded-bf78-34d246f72303","D19","CARI","CARI.AOS.S2","CARI.SS.20240806.FIL","A00000433518","2024-08-06T19:04Z","2024-08-06T19:04Z","Illinois State Water Survey Central Analytical Laboratory",458.0,0.00788,5,"2024-08-08","A",,
"b845ccf6-2dea-450f-8465-6bb72be3b8b6","D19","CARI","CARI.AOS.S2","CARI.SS.20240806.FIL","A00000433518","2024-08-06T19:04Z","2024-08-06T19:04Z","Illinois State Water Survey Central Analytical Laboratory",304.0,0.09760,5,"2024-08-08","A",,
"64eec036-f208-4348-b0b4-9fc880ddc58f","D19","CARI","CARI.AOS.S2","CARI.SS.20240806.FIL","A00000433518","2024-08-06T19:04Z","2024-08-06T19:04Z","Illinois State Water Survey Central Analytical Laboratory",386.0,0.02488,5,"2024-08-08","A",,
"0c1aa838-d126-4820-8a2e-7bfe8744b944","D19","CARI","CARI.AOS.S2","CARI.SS.20240806.FIL","A00000433518","2024-08-06T19:04Z","2024-08-06T19:04Z","Illinois State Water Survey Central Analytical Laboratory",584.0,0.00216,5,"2024-08-08","B",,
"c2737465-4e53-452b-bed9-a74f71b76705","D19","CARI","CARI.AOS.S2","CARI.SS.20240806.FIL","A00000433518","2024-08-06T19:04Z","2024-08-06T19:04Z","Illinois State Water Survey Central Analytical Laboratory",352.0,0.04644,5,"2024-08-08","A",,
"a623a412-8044-4de6-9030-245d821c9a20","D19","CARI","CARI.AOS.S2","CARI.SS.20240806.FIL","A00000433518","2024-08-06T19:04Z","2024-08-06T19:04Z","Illinois State Water Survey Central Analytical Laboratory",300.0,0.10330,5,"2024-08-08","A",,
"13f7657d-f2f1-463f-92dc-852f7dbf03e6","D19","CARI","CARI.AOS.S2","CARI.SS.20240806.FIL","A00000433518","2024-08-06T19:04Z","2024-08-06T19:04Z","Illinois State Water Survey Central Analytical Laboratory",428.0,0.01224,5,"2024-08-08","A",,
"ba331776-2308-4ae2-946d-4afbd094e752","D19","CARI","CARI.AOS.S2","CARI.SS.20240806.FIL","A00000433518","2024-08-06T19:04Z","2024-08-06T19:04Z","Illinois State Water Survey Central Analytical Laboratory",432.0,0.01158,5,"2024-08-08","B",,
"6c8bda01-f88e-4bdd-b031-d9aaef7613a5","D19","CARI","CARI.AOS.S2","CARI.SS.20240806.FIL","A00000433518","2024-08-06T19:04Z","2024-08-06T19:04Z","Illinois State Water Survey Central Analytical Laboratory",356.0,0.04334,5,"2024-08-08","B",,
"611291c8-4601-4899-a4f9-b8c806503758","D19","CARI","CARI.AOS.S2","CARI.SS.20240806.FIL","A00000433518","2024-08-06T19:04Z","2024-08-06T19:04Z","Illinois State Water Survey Central Analytical Laboratory",230.0,0.26974,5,"2024-08-08","B",,
"63c4479a-11fa-4f24-b7c7-22198f5d97c1","D19","CARI","CARI.AOS.S2","CARI.SS.20240806.FIL","A00000433518","2024-08-06T19:04Z","2024-08-06T19:04Z","Illinois State Water Survey Central Analytical Laboratory",578.0,0.00220,5,"2024-08-08","A",,
"91987de5-4a05-49e8-b17f-79588461529e","D19","CARI","CARI.AOS.S2","CARI.SS.20240806.FIL","A00000433518","2024-08-06T19:04Z","2024-08-06T19:04Z","Illinois State Water Survey Central Analytical Laboratory",426.0,0.01262,5,"2024-08-08","A",,
"b693ae9f-6a13-48f3-a9ec-f24029bba2f3","D19","CARI","CARI.AOS.S2","CARI.SS.20240806.FIL","A00000433518","2024-08-06T19:04Z","2024-08-06T19:04Z","Illinois State Water Survey Central Analytical Laboratory",500.0,0.00480,5,"2024-08-08","B",,
"0a278107-4d7b-4370-a627-6c7ae422a5ae","D19","CARI","CARI.AOS.S2","CARI.SS.20240806.FIL","A00000433518","2024-08-06T19:04Z","2024-08-06T19:04Z","Illinois State Water Survey Central Analytical Laboratory",432.0,0.01150,5,"2024-08-08","A",,
"282ea0b4-f78d-4228-873c-5af279b4a82c","D19","CARI","CARI.AOS.S2","CARI.SS.20240806.FIL","A00000433518","2024-08-06T19:04Z","2024-08-06T19:04Z","Illinois State Water Survey Central Analytical Laboratory",554.0,0.00286,5,"2024-08-08","B",,
"fb674390-0deb-406c-80d1-c7d276f2da10","D19","CARI","CARI.AOS.S2","CARI.SS.20240806.FIL","A00000433518","2024-08-06T19:04Z","2024-08-06T19:04Z","Illinois State Water Survey Central Analytical Laboratory",416.0,0.01474,5,"2024-08-08","A",,
"0077ab43-229b-4d48-ba86-1a78301c9ddc","D19","CARI","CARI.AOS.S2","CARI.SS.20240806.FIL","A00000433518","2024-08-06T19:04Z","2024-08-06T19:04Z","Illinois State Water Survey Central Analytical Laboratory",444.0,0.00960,5,"2024-08-08","A",,
"1d4ac760-2651-4a80-bac6-0003456ab5c0","D19","CARI","CARI.AOS.S2","CARI.SS.20240806.FIL","A00000433518","2024-08-06T19:04Z","2024-08-06T19:04Z","Illinois State Water Survey Central Analytical Laboratory",544.0,0.00304,5,"2024-08-08","B",,
"68eebec7-ece5-4212-bc9c-0d75c18923ef","D19","CARI","CARI.AOS.S2","CARI.SS.20240806.FIL","A00000433518","2024-08-06T19:04Z","2024-08-06T19:04Z","Illinois State Water Survey Central Analytical Laboratory",420.0,0.01392,5,"2024-08-08","B",,
"28802ea6-f7f7-4b14-a8ea-54177f7c51c1","D19","CARI","CARI.AOS.S2","CARI.SS.20240806.FIL","A00000433518","2024-08-06T19:04Z","2024-08-06T19:04Z","Illinois State Water Survey Central Analytical Laboratory",564.0,0.00268,5,"2024-08-08","B",,
"547d864f-b95c-44ad-bbf8-4cc0631fe095","D19","CARI","CARI.AOS.S2","CARI.SS.20240806.FIL","A00000433518","2024-08-06T19:04Z","2024-08-06T19:04Z","Illinois State Water Survey Central Analytical Laboratory",512.0,0.00416,5,"2024-08-08","B",,
"c9575cd5-b0ee-42ac-bdf2-885d60e2b0a8","D19","CARI","CARI.AOS.S2","CARI.SS.20240806.FIL","A00000433518","2024-08-06T19:04Z","2024-08-06T19:04Z","Illinois State Water Survey Central Analytical Laboratory",508.0,0.00428,5,"2024-08-08","A",,
"94f15adc-c4d6-42ca-9daf-39425d5c4c90","D19","CARI","CARI.AOS.S2","CARI.SS.20240806.FIL","A00000433518","2024-08-06T19:04Z","2024-08-06T19:04Z","Illinois State Water Survey Central Analytical Laboratory",410.0,0.01634,5,"2024-08-08","A",,
"4219554f-2aa1-4013-b984-eeff1a139404","D19","CARI","CARI.AOS.S2","CARI.SS.20240806.FIL","A00000433518","2024-08-06T19:04Z","2024-08-06T19:04Z","Illinois State Water Survey Central Analytical Laboratory",302.0,0.10062,5,"2024-08-08","B",,
"3b95b01f-5bd7-4594-9c21-bd9ddcf129e3","D19","CARI","CARI.AOS.S2","CARI.SS.20240806.FIL","A00000433518","2024-08-06T19:04Z","2024-08-06T19:04Z","Illinois State Water Survey Central Analytical Laboratory",264.0,0.16938,5,"2024-08-08","B",,
"834ad231-0198-4c91-8a16-cd1245231fd7","D19","CARI","CARI.AOS.S2","CARI.SS.20240806.FIL","A00000433518","2024-08-06T19:04Z","2024-08-06T19:04Z","Illinois State Water Survey Central Analytical Laboratory",484.0,0.00576,5,"2024-08-08","B",,
"dad66c2b-6348-4798-bdcf-486d3bdbac73","D19","CARI","CARI.AOS.S2","CARI.SS.20240806.FIL","A00000433518","2024-08-06T19:04Z","2024-08-06T19:04Z","Illinois State Water Survey Central Analytical Laboratory",568.0,0.00232,5,"2024-08-08","A",,
"8c09e84f-773a-494d-9265-5024ae0f76ec","D19","CARI","CARI.AOS.S2","CARI.SS.20240806.FIL","A00000433518","2024-08-06T19:04Z","2024-08-06T19:04Z","Illinois State Water Survey Central Analytical Laboratory",348.0,0.04988,5,"2024-08-08","B",,
"a003e904-0137-4679-b74e-c45e37891a6c","D19","CARI","CARI.AOS.S2","CARI.SS.20240806.FIL","A00000433518","2024-08-06T19:04Z","2024-08-06T19:04Z","Illinois State Water Survey Central Analytical Laboratory",408.0,0.01694,5,"2024-08-08","A",,
"8fd79e3b-0f90-49e1-b791-04eafec9b199","D19","CARI","CARI.AOS.S2","CARI.SS.20240806.FIL","A00000433518","2024-08-06T19:04Z","2024-08-06T19:04Z","Illinois State Water Survey Central Analytical Laboratory",440.0,0.01020,5,"2024-08-08","A",,
"6771e9c9-5944-4394-98e0-e7d751c224ad","D19","CARI","CARI.AOS.S2","CARI.SS.20240806.FIL","A00000433518","2024-08-06T19:04Z","2024-08-06T19:04Z","Illinois State Water Survey Central Analytical Laboratory",320.0,0.07736,5,"2024-08-08","B",,
"0c0798ac-3185-4581-b8a1-10f05ca39788","D19","CARI","CARI.AOS.S2","CARI.SS.20240806.FIL","A00000433518","2024-08-06T19:04Z","2024-08-06T19:04Z","Illinois State Water Survey Central Analytical Laboratory",310.0,0.08966,5,"2024-08-08","B",,
"de313a90-0ccf-4e0f-9a79-1e6d582943df","D19","CARI","CARI.AOS.S2","CARI.SS.20240806.FIL","A00000433518","2024-08-06T19:04Z","2024-08-06T19:04Z","Illinois State Water Survey Central Analytical Laboratory",290.0,0.11916,5,"2024-08-08","B",,
"d10d7154-7c42-4bf5-8b19-426f336f0049","D19","CARI","CARI.AOS.S2","CARI.SS.20240806.FIL","A00000433518","2024-08-06T19:04Z","2024-08-06T19:04Z","Illinois State Water Survey Central Analytical Laboratory",268.0,0.16124,5,"2024-08-08","B",,
"9fcbefbf-a524-4156-b6e5-812672989884","D19","CARI","CARI.AOS.S2","CARI.SS.20240806.FIL","A00000433518","2024-08-06T19:04Z","2024-08-06T19:04Z","Illinois State Water Survey Central Analytical Laboratory",394.0,0.02152,5,"2024-08-08","A",,
"4a1a383d-2b92-4b30-b9b0-53126102b50a","D19","CARI","CARI.AOS.S2","CARI.SS.20240806.FIL","A00000433518","2024-08-06T19:04Z","2024-08-06T19:04Z","Illinois State Water Survey Central Analytical Laboratory",312.0,0.08688,5,"2024-08-08","A",,
"e9c9409b-c831-4500-a64f-99c26d4609f0","D19","CARI","CARI.AOS.S2","CARI.SS.20240806.FIL","A00000433518","2024-08-06T19:04Z","2024-08-06T19:04Z","Illinois State Water Survey Central Analytical Laboratory",530.0,0.00350,5,"2024-08-08","B",,
"61f4588e-b7f4-440e-8d28-39b556c7f6ce","D19","CARI","CARI.AOS.S2","CARI.SS.20240806.FIL","A00000433518","2024-08-06T19:04Z","2024-08-06T19:04Z","Illinois State Water Survey Central Analytical Laboratory",590.0,0.00190,5,"2024-08-08","A",,
"2e946d84-5023-43c4-a451-79b7f2e51592","D19","CARI","CARI.AOS.S2","CARI.SS.20240806.FIL","A00000433518","2024-08-06T19:04Z","2024-08-06T19:04Z","Illinois State Water Survey Central Analytical Laboratory",492.0,0.00520,5,"2024-08-08","A",,
"c51b3a52-b1c8-45cb-87c5-24d02eb5ac26","D19","CARI","CARI.AOS.S2","CARI.SS.20240806.FIL","A00000433518","2024-08-06T19:04Z","2024-08-06T19:04Z","Illinois State Water Survey Central Analytical Laboratory",522.0,0.00370,5,"2024-08-08","A",,
"44cae93c-6f40-4134-8b35-1b51f6fff2b8","D19","CARI","CARI.AOS.S2","CARI.SS.20240806.FIL","A00000433518","2024-08-06T19:04Z","2024-08-06T19:04Z","Illinois State Water Survey Central Analytical Laboratory",472.0,0.00660,5,"2024-08-08","B",,
"0a96305e-d5c4-4325-8a1a-6a24a2ad58f5","D19","CARI","CARI.AOS.S2","CARI.SS.20240806.FIL","A00000433518","2024-08-06T19:04Z","2024-08-06T19:04Z","Illinois State Water Survey Central Analytical Laboratory",308.0,0.09200,5,"2024-08-08","A",,
"90fb9ed7-42f6-4d21-9279-8e4a73c00573","D19","CARI","CARI.AOS.S2","CARI.SS.20240806.FIL","A00000433518","2024-08-06T19:04Z","2024-08-06T19:04Z","Illinois State Water Survey Central Analytical Laboratory",236.0,0.23282,5,"2024-08-08","A",,
"668b170c-4e1c-4d64-8ec0-38f5502e501b","D19","CARI","CARI.AOS.S2","CARI.SS.20240806.FIL","A00000433518","2024-08-06T19:04Z","2024-08-06T19:04Z","Illinois State Water Survey Central Analytical Laboratory",444.0,0.00968,5,"2024-08-08","B",,
"b7f69c9a-eb3f-4495-9e33-66aa935e0306","D19","CARI","CARI.AOS.S2","CARI.SS.20240806.FIL","A00000433518","2024-08-06T19:04Z","2024-08-06T19:04Z","Illinois State Water Survey Central Analytical Laboratory",350.0,0.04818,5,"2024-08-08","B",,
"724f1a93-177a-44c2-b4ef-a84151669a38","D19","CARI","CARI.AOS.S2","CARI.SS.20240806.FIL","A00000433518","2024-08-06T19:04Z","2024-08-06T19:04Z","Illinois State Water Survey Central Analytical Laboratory",590.0,0.00206,5,"2024-08-08","B",,
"6dc09303-2d38-4176-867f-d756ea5f8b24","D19","CARI","CARI.AOS.S2","CARI.SS.20240806.FIL","A00000433518","2024-08-06T19:04Z","2024-08-06T19:04Z","Illinois State Water Survey Central Analytical Laboratory",474.0,0.00640,5,"2024-08-08","A",,
"9c6d021d-0c51-49b2-981d-56c7e7188501","D19","CARI","CARI.AOS.S2","CARI.SS.20240806.FIL","A00000433518","2024-08-06T19:04Z","2024-08-06T19:04Z","Illinois State Water Survey Central Analytical Laboratory",580.0,0.00224,5,"2024-08-08","B",,
"0b90e2e1-abd6-414a-b2e1-d63b99a4989e","D19","CARI","CARI.AOS.S2","CARI.SS.20240806.FIL","A00000433518","2024-08-06T19:04Z","2024-08-06T19:04Z","Illinois State Water Survey Central Analytical Laboratory",224.0,0.32770,5,"2024-08-08","A",,
"18369921-d18e-4616-8a0d-26e7d5efe55a","D19","CARI","CARI.AOS.S2","CARI.SS.20240806.FIL","A00000433518","2024-08-06T19:04Z","2024-08-06T19:04Z","Illinois State Water Survey Central Analytical Laboratory",366.0,0.03620,5,"2024-08-08","B",,
"a504fbcb-c6b5-46f1-a81b-484eb4f68bb8","D19","CARI","CARI.AOS.S2","CARI.SS.20240806.FIL","A00000433518","2024-08-06T19:04Z","2024-08-06T19:04Z","Illinois State Water Survey Central Analytical Laboratory",338.0,0.05850,5,"2024-08-08","A",,
"540e8ea9-96ef-4512-9b1c-717420b32ba3","D19","CARI","CARI.AOS.S2","CARI.SS.20240806.FIL","A00000433518","2024-08-06T19:04Z","2024-08-06T19:04Z","Illinois State Water Survey Central Analytical Laboratory",554.0,0.00262,5,"2024-08-08","A",,
"029923cc-18d5-49f8-b0ac-1d6b6850bd88","D19","CARI","CARI.AOS.S2","CARI.SS.20240806.FIL","A00000433518","2024-08-06T19:04Z","2024-08-06T19:04Z","Illinois State Water Survey Central Analytical Laboratory",232.0,0.25490,5,"2024-08-08","A",,
"be30c88d-faa5-4edc-bbc5-d8152891942f","D19","CARI","CARI.AOS.S2","CARI.SS.20240806.FIL","A00000433518","2024-08-06T19:04Z","2024-08-06T19:04Z","Illinois State Water Survey Central Analytical Laboratory",542.0,0.00308,5,"2024-08-08","B",,
"dea10ee6-6b3a-4531-bc76-202625b041a6","D19","CARI","CARI.AOS.S2","CARI.SS.20240806.FIL","A00000433518","2024-08-06T19:04Z","2024-08-06T19:04Z","Illinois State Water Survey Central Analytical Laboratory",518.0,0.00392,5,"2024-08-08","B",,
"7426e560-497e-4df8-b151-e79e3e9a1624","D19","CARI","CARI.AOS.S2","CARI.SS.20240806.FIL","A00000433518","2024-08-06T19:04Z","2024-08-06T19:04Z","Illinois State Water Survey Central Analytical Laboratory",446.0,0.00932,5,"2024-08-08","A",,
"6137e67b-2c46-4dcf-9b2a-6a69c5107d9a","D19","CARI","CARI.AOS.S2","CARI.SS.20240806.FIL","A00000433518","2024-08-06T19:04Z","2024-08-06T19:04Z","Illinois State Water Survey Central Analytical Laboratory",346.0,0.05144,5,"2024-08-08","A",,
"5a597122-917c-4c0d-ae59-1546d29b4a20","D19","CARI","CARI.AOS.S2","CARI.SS.20240806.FIL","A00000433518","2024-08-06T19:04Z","2024-08-06T19:04Z","Illinois State Water Survey Central Analytical Laboratory",468.0,0.00698,5,"2024-08-08","B",,
"eaebe43f-80fe-438c-b555-996895684928","D19","CARI","CARI.AOS.S2","CARI.SS.20240806.FIL","A00000433518","2024-08-06T19:04Z","2024-08-06T19:04Z","Illinois State Water Survey Central Analytical Laboratory",252.0,0.19116,5,"2024-08-08","B",,
"efa8d21b-5200-4818-a3f7-c46fb80b479b","D19","CARI","CARI.AOS.S2","CARI.SS.20240806.FIL","A00000433518","2024-08-06T19:04Z","2024-08-06T19:04Z","Illinois State Water Survey Central Analytical Laboratory",534.0,0.00332,5,"2024-08-08","B",,
"61bbd429-8c06-4629-a1d6-95bd1d1cc2e3","D19","CARI","CARI.AOS.S2","CARI.SS.20240806.FIL","A00000433518","2024-08-06T19:04Z","2024-08-06T19:04Z","Illinois State Water Survey Central Analytical Laboratory",282.0,0.13338,5,"2024-08-08","B",,
"309bf223-37a2-4d00-b568-182f210e88a2","D19","CARI","CARI.AOS.S2","CARI.SS.20240806.FIL","A00000433518","2024-08-06T19:04Z","2024-08-06T19:04Z","Illinois State Water Survey Central Analytical Laboratory",586.0,0.00210,5,"2024-08-08","B",,
"f67fd9fd-26ea-471c-b343-b10b260e08a1","D19","CARI","CARI.AOS.S2","CARI.SS.20240806.FIL","A00000433518","2024-08-06T19:04Z","2024-08-06T19:04Z","Illinois State Water Survey Central Analytical Laboratory",286.0,0.12608,5,"2024-08-08","B",,
"f77f9e57-1434-431b-adf4-337c26e33488","D19","CARI","CARI.AOS.S2","CARI.SS.20240806.FIL","A00000433518","2024-08-06T19:04Z","2024-08-06T19:04Z","Illinois State Water Survey Central Analytical Laboratory",318.0,0.07944,5,"2024-08-08","A",,
"6fa59580-7ae8-45eb-a0c0-c9b3d2bfcee4","D19","CARI","CARI.AOS.S2","CARI.SS.20240806.FIL","A00000433518","2024-08-06T19:04Z","2024-08-06T19:04Z","Illinois State Water Survey Central Analytical Laboratory",558.0,0.00254,5,"2024-08-08","A",,
"343b1d2e-c58f-4f44-b4e7-a707a8c0667d","D19","CARI","CARI.AOS.S2","CARI.SS.20240806.FIL","A00000433518","2024-08-06T19:04Z","2024-08-06T19:04Z","Illinois State Water Survey Central Analytical Laboratory",600.0,0.00176,5,"2024-08-08","A",,
"6f76dc2d-07a3-49c7-ab67-c91931a42fd0","D19","CARI","CARI.AOS.S2","CARI.SS.20240806.FIL","A00000433518","2024-08-06T19:04Z","2024-08-06T19:04Z","Illinois State Water Survey Central Analytical Laboratory",240.0,0.21818,5,"2024-08-08","B",,
"61ee10a7-c8f6-4795-8f7a-1cff6c1e4262","D19","CARI","CARI.AOS.S2","CARI.SS.20240806.FIL","A00000433518","2024-08-06T19:04Z","2024-08-06T19:04Z","Illinois State Water Survey Central Analytical Laboratory",476.0,0.00626,5,"2024-08-08","A",,
"195eccc8-150a-40ef-9cf0-f3d6efa96b0f","D19","CARI","CARI.AOS.S2","CARI.SS.20240806.FIL","A00000433518","2024-08-06T19:04Z","2024-08-06T19:04Z","Illinois State Water Survey Central Analytical Laboratory",296.0,0.10932,5,"2024-08-08","B",,
"aa0503d2-e9a4-4bf5-80c3-21d3fd868afd","D19","CARI","CARI.AOS.S2","CARI.SS.20240806.FIL","A00000433518","2024-08-06T19:04Z","2024-08-06T19:04Z","Illinois State Water Survey Central Analytical Laboratory",332.0,0.06422,5,"2024-08-08","A",,
"618759fa-ce93-494a-a919-b5d7064c42d3","D19","CARI","CARI.AOS.S2","CARI.SS.20240806.FIL","A00000433518","2024-08-06T19:04Z","2024-08-06T19:04Z","Illinois State Water Survey Central Analytical Laboratory",270.0,0.15680,5,"2024-08-08","B",,
"60d6fd99-ec75-4d76-ace3-88cb1f0b8b5f","D19","CARI","CARI.AOS.S2","CARI.SS.20240806.FIL","A00000433518","2024-08-06T19:04Z","2024-08-06T19:04Z","Illinois State Water Survey Central Analytical Laboratory",280.0,0.13706,5,"2024-08-08","B",,
"71633372-86a3-4342-b118-d0f16daa0304","D19","CARI","CARI.AOS.S2","CARI.SS.20240806.FIL","A00000433518","2024-08-06T19:04Z","2024-08-06T19:04Z","Illinois State Water Survey Central Analytical Laboratory",490.0,0.00530,5,"2024-08-08","A",,
"9103509c-8a9a-41df-b0f4-dae0fe3cd3aa","D19","CARI","CARI.AOS.S2","CARI.SS.20240806.FIL","A00000433518","2024-08-06T19:04Z","2024-08-06T19:04Z","Illinois State Water Survey Central Analytical Laboratory",562.0,0.00242,5,"2024-08-08","A",,
"ae8548f7-fd64-48f5-949a-e7543636cdee","D19","CARI","CARI.AOS.S2","CARI.SS.20240806.FIL","A00000433518","2024-08-06T19:04Z","2024-08-06T19:04Z","Illinois State Water Survey Central Analytical Laboratory",388.0,0.02396,5,"2024-08-08","A",,
"f054203b-e33c-4ed6-81de-fd7aa9e2af82","D19","CARI","CARI.AOS.S2","CARI.SS.20240806.FIL","A00000433518","2024-08-06T19:04Z","2024-08-06T19:04Z","Illinois State Water Survey Central Analytical Laboratory",330.0,0.06622,5,"2024-08-08","A",,
"3d63345f-7f82-4602-84e1-4a9305f24898","D19","CARI","CARI.AOS.S2","CARI.SS.20240806.FIL","A00000433518","2024-08-06T19:04Z","2024-08-06T19:04Z","Illinois State Water Survey Central Analytical Laboratory",556.0,0.00258,5,"2024-08-08","A",,
"bd05b465-d924-42ac-9982-c2826e8bb8c4","D19","CARI","CARI.AOS.S2","CARI.SS.20240806.FIL","A00000433518","2024-08-06T19:04Z","2024-08-06T19:04Z","Illinois State Water Survey Central Analytical Laboratory",506.0,0.00444,5,"2024-08-08","B",,
"84f18b3d-d34e-4afb-a432-d9544dbe205a","D19","CARI","CARI.AOS.S2","CARI.SS.20240806.FIL","A00000433518","2024-08-06T19:04Z","2024-08-06T19:04Z","Illinois State Water Survey Central Analytical Laboratory",524.0,0.00368,5,"2024-08-08","B",,
"d0922c85-4b28-48f9-81fa-964cbe1619b8","D19","CARI","CARI.AOS.S2","CARI.SS.20240806.FIL","A00000433518","2024-08-06T19:04Z","2024-08-06T19:04Z","Illinois State Water Survey Central Analytical Laboratory",466.0,0.00714,5,"2024-08-08","B",,
"e5b30668-102a-4384-abf5-f0cc6ac0862b","D19","CARI","CARI.AOS.S2","CARI.SS.20240806.FIL","A00000433518","2024-08-06T19:04Z","2024-08-06T19:04Z","Illinois State Water Survey Central Analytical Laboratory",384.0,0.02592,5,"2024-08-08","B",,
"32c789e5-8455-4adf-aad5-99dee38067a6","D19","CARI","CARI.AOS.S2","CARI.SS.20240806.FIL","A00000433518","2024-08-06T19:04Z","2024-08-06T19:04Z","Illinois State Water Survey Central Analytical Laboratory",456.0,0.00810,5,"2024-08-08","A",,
"0423c826-949d-4a3b-a052-8df34874086e","D19","CARI","CARI.AOS.S2","CARI.SS.20240806.FIL","A00000433518","2024-08-06T19:04Z","2024-08-06T19:04Z","Illinois State Water Survey Central Analytical Laboratory",536.0,0.00326,5,"2024-08-08","B",,
"af59652f-0167-478c-a8eb-a5f141277b0d","D19","CARI","CARI.AOS.S2","CARI.SS.20240806.FIL","A00000433518","2024-08-06T19:04Z","2024-08-06T19:04Z","Illinois State Water Survey Central Analytical Laboratory",278.0,0.14108,5,"2024-08-08","B",,
"df2595bf-8e1c-43d2-a485-21a5a1a71eda","D19","CARI","CARI.AOS.S2","CARI.SS.20240806.FIL","A00000433518","2024-08-06T19:04Z","2024-08-06T19:04Z","Illinois State Water Survey Central Analytical Laboratory",314.0,0.08424,5,"2024-08-08","A",,
"abb33716-573a-415c-8d00-c4ed6397ad98","D19","CARI","CARI.AOS.S2","CARI.SS.20240806.FIL","A00000433518","2024-08-06T19:04Z","2024-08-06T19:04Z","Illinois State Water Survey Central Analytical Laboratory",576.0,0.00214,5,"2024-08-08","A",,
"05d19281-a31c-4e78-bf4c-852e81eb6b22","D19","CARI","CARI.AOS.S2","CARI.SS.20240806.FIL","A00000433518","2024-08-06T19:04Z","2024-08-06T19:04Z","Illinois State Water Survey Central Analytical Laboratory",386.0,0.02496,5,"2024-08-08","B",,
"1ede4a22-bb83-4a4a-bb0c-834a0a8f3593","D19","CARI","CARI.AOS.S2","CARI.SS.20240806.FIL","A00000433518","2024-08-06T19:04Z","2024-08-06T19:04Z","Illinois State Water Survey Central Analytical Laboratory",532.0,0.00330,5,"2024-08-08","A",,
"86e3d631-f8d3-45d9-95e4-511e3416769c","D19","CARI","CARI.AOS.S2","CARI.SS.20240806.FIL","A00000433518","2024-08-06T19:04Z","2024-08-06T19:04Z","Illinois State Water Survey Central Analytical Laboratory",582.0,0.00224,5,"2024-08-08","B",,
"9bcb966c-fe10-420a-91b7-7982c061aba6","D19","CARI","CARI.AOS.S2","CARI.SS.20240806.FIL","A00000433518","2024-08-06T19:04Z","2024-08-06T19:04Z","Illinois State Water Survey Central Analytical Laboratory",380.0,0.02794,5,"2024-08-08","B",,
"b30e67f7-85a8-4445-8e93-8109fbaf0745","D19","CARI","CARI.AOS.S2","CARI.SS.20240806.FIL","A00000433518","2024-08-06T19:04Z","2024-08-06T19:04Z","Illinois State Water Survey Central Analytical Laboratory",402.0,0.01886,5,"2024-08-08","B",,
"2a802ddc-b57d-4037-8297-bc1ac5e59fe6","D19","CARI","CARI.AOS.S2","CARI.SS.20240806.FIL","A00000433518","2024-08-06T19:04Z","2024-08-06T19:04Z","Illinois State Water Survey Central Analytical Laboratory",566.0,0.00264,5,"2024-08-08","B",,
"e72eac07-dd79-40bd-ba5b-921bf6b6610d","D19","CARI","CARI.AOS.S2","CARI.SS.20240806.FIL","A00000433518","2024-08-06T19:04Z","2024-08-06T19:04Z","Illinois State Water Survey Central Analytical Laboratory",334.0,0.06252,5,"2024-08-08","B",,
"d83cb7fd-bc2f-4e6d-80fb-a39a40c32704","D19","CARI","CARI.AOS.S2","CARI.SS.20240806.FIL","A00000433518","2024-08-06T19:04Z","2024-08-06T19:04Z","Illinois State Water Survey Central Analytical Laboratory",300.0,0.10348,5,"2024-08-08","B",,
"f116d14d-9bf2-4e93-815c-faf3f3e6cbd9","D19","CARI","CARI.AOS.S2","CARI.SS.20240806.FIL","A00000433518","2024-08-06T19:04Z","2024-08-06T19:04Z","Illinois State Water Survey Central Analytical Laboratory",522.0,0.00376,5,"2024-08-08","B",,
"3bdac773-48f5-4341-af9d-7d1593508250","D19","CARI","CARI.AOS.S2","CARI.SS.20240806.FIL","A00000433518","2024-08-06T19:04Z","2024-08-06T19:04Z","Illinois State Water Survey Central Analytical Laboratory",348.0,0.04976,5,"2024-08-08","A",,
"6b3e5283-228e-4e06-b090-fef180121714","D19","CARI","CARI.AOS.S2","CARI.SS.20240806.FIL","A00000433518","2024-08-06T19:04Z","2024-08-06T19:04Z","Illinois State Water Survey Central Analytical Laboratory",252.0,0.19092,5,"2024-08-08","A",,
"713b519c-bff9-4938-8c69-d136dcff8a3a","D19","CARI","CARI.AOS.S2","CARI.SS.20240806.FIL","A00000433518","2024-08-06T19:04Z","2024-08-06T19:04Z","Illinois State Water Survey Central Analytical Laboratory",396.0,0.02080,5,"2024-08-08","A",,
"fbbeb08d-03cd-4a2c-9a03-73220de673dd","D19","CARI","CARI.AOS.S2","CARI.SS.20240806.FIL","A00000433518","2024-08-06T19:04Z","2024-08-06T19:04Z","Illinois State Water Survey Central Analytical Laboratory",364.0,0.03750,5,"2024-08-08","A",,
"cde6e825-fb6d-453e-a6a3-e03ebdf32d3e","D19","CARI","CARI.AOS.S2","CARI.SS.20240806.FIL","A00000433518","2024-08-06T19:04Z","2024-08-06T19:04Z","Illinois State Water Survey Central Analytical Laboratory",490.0,0.00540,5,"2024-08-08","B",,
"f2466c0c-3f92-4a71-8e36-674187e9b86c","D19","CARI","CARI.AOS.S2","CARI.SS.20240806.FIL","A00000433518","2024-08-06T19:04Z","2024-08-06T19:04Z","Illinois State Water Survey Central Analytical Laboratory",288.0,0.12246,5,"2024-08-08","A",,
"e3e6c493-5cdb-405c-a9ae-9c67d414e179","D19","CARI","CARI.AOS.S2","CARI.SS.20240806.FIL","A00000433518","2024-08-06T19:04Z","2024-08-06T19:04Z","Illinois State Water Survey Central Analytical Laboratory",292.0,0.11578,5,"2024-08-08","B",,
"c0ecab15-278b-4274-bbb8-30266033f51b","D19","CARI","CARI.AOS.S2","CARI.SS.20240806.FIL","A00000433518","2024-08-06T19:04Z","2024-08-06T19:04Z","Illinois State Water Survey Central Analytical Laboratory",540.0,0.00308,5,"2024-08-08","A",,
"35fab932-b025-48b7-afb2-a53d72b454f2","D19","CARI","CARI.AOS.S2","CARI.SS.20240806.FIL","A00000433518","2024-08-06T19:04Z","2024-08-06T19:04Z","Illinois State Water Survey Central Analytical Laboratory",234.0,0.24250,5,"2024-08-08","A",,
"3733fe44-a846-47c6-98cd-f4d3695ac418","D19","CARI","CARI.AOS.S2","CARI.SS.20240806.FIL","A00000433518","2024-08-06T19:04Z","2024-08-06T19:04Z","Illinois State Water Survey Central Analytical Laboratory",290.0,0.11894,5,"2024-08-08","A",,
"cdc73512-5a02-4548-a2de-a16a4a60b975","D19","CARI","CARI.AOS.S2","CARI.SS.20240806.FIL","A00000433518","2024-08-06T19:04Z","2024-08-06T19:04Z","Illinois State Water Survey Central Analytical Laboratory",568.0,0.00256,5,"2024-08-08","B",,
"ac7e597a-608f-49c5-9c59-6d247cc1ef31","D19","CARI","CARI.AOS.S2","CARI.SS.20240806.FIL","A00000433518","2024-08-06T19:04Z","2024-08-06T19:04Z","Illinois State Water Survey Central Analytical Laboratory",436.0,0.01084,5,"2024-08-08","B",,
"941c7438-c2ab-442a-93b2-7964c8b5f711","D19","CARI","CARI.AOS.S2","CARI.SS.20240806.FIL","A00000433518","2024-08-06T19:04Z","2024-08-06T19:04Z","Illinois State Water Survey Central Analytical Laboratory",516.0,0.00394,5,"2024-08-08","A",,
"27fb1737-db95-4066-b6fa-ae11668360f0","D19","CARI","CARI.AOS.S2","CARI.SS.20240806.FIL","A00000433518","2024-08-06T19:04Z","2024-08-06T19:04Z","Illinois State Water Survey Central Analytical Laboratory",310.0,0.08946,5,"2024-08-08","A",,
"57da98d9-6c2e-4306-a52c-4237a9b00e12","D19","CARI","CARI.AOS.S2","CARI.SS.20240806.FIL","A00000433518","2024-08-06T19:04Z","2024-08-06T19:04Z","Illinois State Water Survey Central Analytical Laboratory",552.0,0.00290,5,"2024-08-08","B",,
"4cadd515-7e8c-40ef-9b05-48ce4f79b3cb","D19","CARI","CARI.AOS.S2","CARI.SS.20240806.FIL","A00000433518","2024-08-06T19:04Z","2024-08-06T19:04Z","Illinois State Water Survey Central Analytical Laboratory",400.0,0.01940,5,"2024-08-08","A",,
"1d7d9b1b-383a-4614-98d1-32e35c21dd59","D19","CARI","CARI.AOS.S2","CARI.SS.20240806.FIL","A00000433518","2024-08-06T19:04Z","2024-08-06T19:04Z","Illinois State Water Survey Central Analytical Laboratory",264.0,0.16910,5,"2024-08-08","A",,
"b1c53071-4042-44d1-87e5-505df05c415f","D19","CARI","CARI.AOS.S2","CARI.SS.20240806.FIL","A00000433518","2024-08-06T19:04Z","2024-08-06T19:04Z","Illinois State Water Survey Central Analytical Laboratory",406.0,0.01760,5,"2024-08-08","B",,
"9fe436d6-a846-4833-8ae0-b88aba3d5e1f","D19","CARI","CARI.AOS.S2","CARI.SS.20240820.FIL","A00000433508","2024-08-20T21:46Z","2024-08-20T21:46Z","Illinois State Water Survey Central Analytical Laboratory",314.0,0.08052,5,"2024-08-23","A",,
"6b6df43d-72e4-4298-975c-1f246e56fcf5","D19","CARI","CARI.AOS.S2","CARI.SS.20240820.FIL","A00000433508","2024-08-20T21:46Z","2024-08-20T21:46Z","Illinois State Water Survey Central Analytical Laboratory",270.0,0.14882,5,"2024-08-23","B",,
"b80574f1-5868-41d0-a088-c58c427d22f6","D19","CARI","CARI.AOS.S2","CARI.SS.20240820.FIL","A00000433508","2024-08-20T21:46Z","2024-08-20T21:46Z","Illinois State Water Survey Central Analytical Laboratory",364.0,0.03624,5,"2024-08-23","B",,
"2634e1ff-af4f-4fa6-a00e-aa14395e93bc","D19","CARI","CARI.AOS.S2","CARI.SS.20240820.FIL","A00000433508","2024-08-20T21:46Z","2024-08-20T21:46Z","Illinois State Water Survey Central Analytical Laboratory",228.0,0.26252,5,"2024-08-23","B",,
"8c9782ac-656a-49c5-9239-52a522a339cd","D19","CARI","CARI.AOS.S2","CARI.SS.20240820.FIL","A00000433508","2024-08-20T21:46Z","2024-08-20T21:46Z","Illinois State Water Survey Central Analytical Laboratory",542.0,0.00322,5,"2024-08-23","B",,
"64d0442d-f551-4446-8cce-571107aa7dc0","D19","CARI","CARI.AOS.S2","CARI.SS.20240820.FIL","A00000433508","2024-08-20T21:46Z","2024-08-20T21:46Z","Illinois State Water Survey Central Analytical Laboratory",556.0,0.00292,5,"2024-08-23","B",,
"70689d2b-201c-47b4-920c-923fc38f3ab9","D19","CARI","CARI.AOS.S2","CARI.SS.20240820.FIL","A00000433508","2024-08-20T21:46Z","2024-08-20T21:46Z","Illinois State Water Survey Central Analytical Laboratory",408.0,0.01638,5,"2024-08-23","B",,
"3518ae6c-4ef9-4d5a-9028-9c02c8f222be","D19","CARI","CARI.AOS.S2","CARI.SS.20240820.FIL","A00000433508","2024-08-20T21:46Z","2024-08-20T21:46Z","Illinois State Water Survey Central Analytical Laboratory",448.0,0.00882,5,"2024-08-23","B",,
"e602189a-c17d-4d1a-80d9-a2eb4d884e78","D19","CARI","CARI.AOS.S2","CARI.SS.20240820.FIL","A00000433508","2024-08-20T21:46Z","2024-08-20T21:46Z","Illinois State Water Survey Central Analytical Laboratory",506.0,0.00450,5,"2024-08-23","B",,
"d0ddb3b3-d762-4ccd-bcd3-96d064d3119c","D19","CARI","CARI.AOS.S2","CARI.SS.20240820.FIL","A00000433508","2024-08-20T21:46Z","2024-08-20T21:46Z","Illinois State Water Survey Central Analytical Laboratory",450.0,0.00852,5,"2024-08-23","A",,
"d1d9e65b-39b1-4be8-a871-3afb949a1ef1","D19","CARI","CARI.AOS.S2","CARI.SS.20240820.FIL","A00000433508","2024-08-20T21:46Z","2024-08-20T21:46Z","Illinois State Water Survey Central Analytical Laboratory",232.0,0.23782,5,"2024-08-23","B",,
"ac310737-d1f0-4187-a478-80fa2c47b665","D19","CARI","CARI.AOS.S2","CARI.SS.20240820.FIL","A00000433508","2024-08-20T21:46Z","2024-08-20T21:46Z","Illinois State Water Survey Central Analytical Laboratory",454.0,0.00808,5,"2024-08-23","A",,
"2c721408-4c98-4e03-96ff-56ef32cb1fc3","D19","CARI","CARI.AOS.S2","CARI.SS.20240820.FIL","A00000433508","2024-08-20T21:46Z","2024-08-20T21:46Z","Illinois State Water Survey Central Analytical Laboratory",564.0,0.00268,5,"2024-08-23","A",,
"1bfadc87-5754-4f36-aa22-0d89e8584faf","D19","CARI","CARI.AOS.S2","CARI.SS.20240820.FIL","A00000433508","2024-08-20T21:46Z","2024-08-20T21:46Z","Illinois State Water Survey Central Analytical Laboratory",220.0,0.34974,5,"2024-08-23","A",,
"b4bd97a8-8b2d-4e27-b1c0-a62e1267c36d","D19","CARI","CARI.AOS.S2","CARI.SS.20240820.FIL","A00000433508","2024-08-20T21:46Z","2024-08-20T21:46Z","Illinois State Water Survey Central Analytical Laboratory",448.0,0.00876,5,"2024-08-23","A",,
"5e00a669-be36-4194-bf68-c6ee3a6fe378","D19","CARI","CARI.AOS.S2","CARI.SS.20240820.FIL","A00000433508","2024-08-20T21:46Z","2024-08-20T21:46Z","Illinois State Water Survey Central Analytical Laboratory",442.0,0.00962,5,"2024-08-23","B",,
"b420ae7f-98c5-4e0a-a58f-8c0db5501176","D19","CARI","CARI.AOS.S2","CARI.SS.20240820.FIL","A00000433508","2024-08-20T21:46Z","2024-08-20T21:46Z","Illinois State Water Survey Central Analytical Laboratory",446.0,0.00906,5,"2024-08-23","B",,
"a83a6c50-57ac-4a98-908a-cc7e4ada3a76","D19","CARI","CARI.AOS.S2","CARI.SS.20240820.FIL","A00000433508","2024-08-20T21:46Z","2024-08-20T21:46Z","Illinois State Water Survey Central Analytical Laboratory",280.0,0.13014,5,"2024-08-23","A",,
"31061a73-f350-4700-b3c9-2d7b229c58b8","D19","CARI","CARI.AOS.S2","CARI.SS.20240820.FIL","A00000433508","2024-08-20T21:46Z","2024-08-20T21:46Z","Illinois State Water Survey Central Analytical Laboratory",590.0,0.00230,5,"2024-08-23","B",,
"e9993094-1b6d-48a5-b076-4cf8750f9e74","D19","CARI","CARI.AOS.S2","CARI.SS.20240820.FIL","A00000433508","2024-08-20T21:46Z","2024-08-20T21:46Z","Illinois State Water Survey Central Analytical Laboratory",388.0,0.02322,5,"2024-08-23","B",,
"0904c82a-6109-4378-a670-8fd72ad3532a","D19","CARI","CARI.AOS.S2","CARI.SS.20240820.FIL","A00000433508","2024-08-20T21:46Z","2024-08-20T21:46Z","Illinois State Water Survey Central Analytical Laboratory",250.0,0.18386,5,"2024-08-23","B",,
"249d0c15-b87b-46c3-a180-d7aec7c23b79","D19","CARI","CARI.AOS.S2","CARI.SS.20240820.FIL","A00000433508","2024-08-20T21:46Z","2024-08-20T21:46Z","Illinois State Water Survey Central Analytical Laboratory",248.0,0.18722,5,"2024-08-23","B",,
"d7376c57-8a58-4fbe-b4ff-215563d3224e","D19","CARI","CARI.AOS.S2","CARI.SS.20240820.FIL","A00000433508","2024-08-20T21:46Z","2024-08-20T21:46Z","Illinois State Water Survey Central Analytical Laboratory",564.0,0.00270,5,"2024-08-23","B",,
"20effab4-5fbf-48c8-90c0-4429580e3245","D19","CARI","CARI.AOS.S2","CARI.SS.20240820.FIL","A00000433508","2024-08-20T21:46Z","2024-08-20T21:46Z","Illinois State Water Survey Central Analytical Laboratory",526.0,0.00370,5,"2024-08-23","B",,
"40cf401b-62ec-4797-aa14-1c23f5fe2589","D19","CARI","CARI.AOS.S2","CARI.SS.20240820.FIL","A00000433508","2024-08-20T21:46Z","2024-08-20T21:46Z","Illinois State Water Survey Central Analytical Laboratory",574.0,0.00256,5,"2024-08-23","A",,
"cd0911e7-1905-47fd-9c5b-9357238d9131","D19","CARI","CARI.AOS.S2","CARI.SS.20240820.FIL","A00000433508","2024-08-20T21:46Z","2024-08-20T21:46Z","Illinois State Water Survey Central Analytical Laboratory",300.0,0.09854,5,"2024-08-23","A",,
"d9a4e9d1-b709-4ea8-a6f9-823caeeed99c","D19","CARI","CARI.AOS.S2","CARI.SS.20240820.FIL","A00000433508","2024-08-20T21:46Z","2024-08-20T21:46Z","Illinois State Water Survey Central Analytical Laboratory",474.0,0.00630,5,"2024-08-23","A",,
"9e5073f2-54b7-4881-8f4d-3eda67a490c1","D19","CARI","CARI.AOS.S2","CARI.SS.20240820.FIL","A00000433508","2024-08-20T21:46Z","2024-08-20T21:46Z","Illinois State Water Survey Central Analytical Laboratory",320.0,0.07408,5,"2024-08-23","B",,
"5fd19ae2-b0f2-48ba-8c5a-32b15389178d","D19","CARI","CARI.AOS.S2","CARI.SS.20240820.FIL","A00000433508","2024-08-20T21:46Z","2024-08-20T21:46Z","Illinois State Water Survey Central Analytical Laboratory",580.0,0.00248,5,"2024-08-23","A",,
"d0ccaa9c-ff1c-43ca-9dc8-a7253ba4486a","D19","CARI","CARI.AOS.S2","CARI.SS.20240820.FIL","A00000433508","2024-08-20T21:46Z","2024-08-20T21:46Z","Illinois State Water Survey Central Analytical Laboratory",498.0,0.00484,5,"2024-08-23","B",,
"32ab68b5-7352-4a8a-84b7-ffd65fa2ce67","D19","CARI","CARI.AOS.S2","CARI.SS.20240820.FIL","A00000433508","2024-08-20T21:46Z","2024-08-20T21:46Z","Illinois State Water Survey Central Analytical Laboratory",592.0,0.00228,5,"2024-08-23","B",,
"1fe7beae-1e1c-4e31-82eb-7f7ad93ebb47","D19","CARI","CARI.AOS.S2","CARI.SS.20240820.FIL","A00000433508","2024-08-20T21:46Z","2024-08-20T21:46Z","Illinois State Water Survey Central Analytical Laboratory",372.0,0.03128,5,"2024-08-23","B",,
"14ba5dbc-e9bc-4645-99a3-fc65e3a0c083","D19","CARI","CARI.AOS.S2","CARI.SS.20240820.FIL","A00000433508","2024-08-20T21:46Z","2024-08-20T21:46Z","Illinois State Water Survey Central Analytical Laboratory",572.0,0.00260,5,"2024-08-23","B",,
"d313b1b2-debb-4898-b57d-5597e470f65f","D19","CARI","CARI.AOS.S2","CARI.SS.20240820.FIL","A00000433508","2024-08-20T21:46Z","2024-08-20T21:46Z","Illinois State Water Survey Central Analytical Laboratory",516.0,0.00392,5,"2024-08-23","A",,
"b14b7381-e7ba-4bf1-a945-5c62a3513f4a","D19","CARI","CARI.AOS.S2","CARI.SS.20240820.FIL","A00000433508","2024-08-20T21:46Z","2024-08-20T21:46Z","Illinois State Water Survey Central Analytical Laboratory",318.0,0.07604,5,"2024-08-23","A",,
"a8176b4f-62a8-417b-bff1-de55fd5b88c3","D19","CARI","CARI.AOS.S2","CARI.SS.20240820.FIL","A00000433508","2024-08-20T21:46Z","2024-08-20T21:46Z","Illinois State Water Survey Central Analytical Laboratory",262.0,0.16404,5,"2024-08-23","B",,
"ca028604-89c4-4d93-ab81-34ab025e8f2f","D19","CARI","CARI.AOS.S2","CARI.SS.20240820.FIL","A00000433508","2024-08-20T21:46Z","2024-08-20T21:46Z","Illinois State Water Survey Central Analytical Laboratory",554.0,0.00294,5,"2024-08-23","A",,
"230d4e49-86dc-46e5-9a3b-f35555432f4e","D19","CARI","CARI.AOS.S2","CARI.SS.20240820.FIL","A00000433508","2024-08-20T21:46Z","2024-08-20T21:46Z","Illinois State Water Survey Central Analytical Laboratory",294.0,0.10726,5,"2024-08-23","B",,
"0ddb69fe-8e47-47a0-9a47-f54bebcb5432","D19","CARI","CARI.AOS.S2","CARI.SS.20240820.FIL","A00000433508","2024-08-20T21:46Z","2024-08-20T21:46Z","Illinois State Water Survey Central Analytical Laboratory",238.0,0.21118,5,"2024-08-23","A",,
"269b6e47-2160-4162-a0e0-2b5117d09c02","D19","CARI","CARI.AOS.S2","CARI.SS.20240820.FIL","A00000433508","2024-08-20T21:46Z","2024-08-20T21:46Z","Illinois State Water Survey Central Analytical Laboratory",300.0,0.09884,5,"2024-08-23","B",,
"47412495-9c46-4414-8028-ef1b0b569ce2","D19","CARI","CARI.AOS.S2","CARI.SS.20240820.FIL","A00000433508","2024-08-20T21:46Z","2024-08-20T21:46Z","Illinois State Water Survey Central Analytical Laboratory",582.0,0.00250,5,"2024-08-23","B",,
"7be9d222-043c-485d-9001-32fe021f62d5","D19","CARI","CARI.AOS.S2","CARI.SS.20240820.FIL","A00000433508","2024-08-20T21:46Z","2024-08-20T21:46Z","Illinois State Water Survey Central Analytical Laboratory",406.0,0.01694,5,"2024-08-23","A",,
"5c62dc95-2ffa-4ebb-b44c-52b21da15e91","D19","CARI","CARI.AOS.S2","CARI.SS.20240820.FIL","A00000433508","2024-08-20T21:46Z","2024-08-20T21:46Z","Illinois State Water Survey Central Analytical Laboratory",492.0,0.00518,5,"2024-08-23","A",,
"109c2efe-7e4d-4d8d-8903-4cd7260ebbe4","D19","CARI","CARI.AOS.S2","CARI.SS.20240820.FIL","A00000433508","2024-08-20T21:46Z","2024-08-20T21:46Z","Illinois State Water Survey Central Analytical Laboratory",514.0,0.00414,5,"2024-08-23","B",,
"711f880a-fc4e-43c9-95ba-251f63958643","D19","CARI","CARI.AOS.S2","CARI.SS.20240820.FIL","A00000433508","2024-08-20T21:46Z","2024-08-20T21:46Z","Illinois State Water Survey Central Analytical Laboratory",278.0,0.13418,5,"2024-08-23","B",,
"3f82406c-0c7a-4b88-9bd5-f2ae82e25306","D19","CARI","CARI.AOS.S2","CARI.SS.20240820.FIL","A00000433508","2024-08-20T21:46Z","2024-08-20T21:46Z","Illinois State Water Survey Central Analytical Laboratory",306.0,0.09080,5,"2024-08-23","B",,
"204c7308-74bb-4247-b1bc-3279038ce842","D19","CARI","CARI.AOS.S2","CARI.SS.20240820.FIL","A00000433508","2024-08-20T21:46Z","2024-08-20T21:46Z","Illinois State Water Survey Central Analytical Laboratory",488.0,0.00544,5,"2024-08-23","B",,
"ff876054-84ed-42d4-b12c-336016fb794c","D19","CARI","CARI.AOS.S2","CARI.SS.20240820.FIL","A00000433508","2024-08-20T21:46Z","2024-08-20T21:46Z","Illinois State Water Survey Central Analytical Laboratory",544.0,0.00304,5,"2024-08-23","A",,
"4ec552a2-4ee3-4da0-bb5c-9e2ecb86dbe1","D19","CARI","CARI.AOS.S2","CARI.SS.20240820.FIL","A00000433508","2024-08-20T21:46Z","2024-08-20T21:46Z","Illinois State Water Survey Central Analytical Laboratory",444.0,0.00938,5,"2024-08-23","B",,
"54ee600f-e299-4392-ac95-72f69b4c9cb0","D19","CARI","CARI.AOS.S2","CARI.SS.20240820.FIL","A00000433508","2024-08-20T21:46Z","2024-08-20T21:46Z","Illinois State Water Survey Central Analytical Laboratory",258.0,0.17042,5,"2024-08-23","A",,
"f68c6658-67f6-4a8a-ba5c-515c8bdb3f31","D19","CARI","CARI.AOS.S2","CARI.SS.20240820.FIL","A00000433508","2024-08-20T21:46Z","2024-08-20T21:46Z","Illinois State Water Survey Central Analytical Laboratory",426.0,0.01228,5,"2024-08-23","B",,
"537012f6-79f4-49d9-b88d-c6962baaf615","D19","CARI","CARI.AOS.S2","CARI.SS.20240820.FIL","A00000433508","2024-08-20T21:46Z","2024-08-20T21:46Z","Illinois State Water Survey Central Analytical Laboratory",326.0,0.06758,5,"2024-08-23","A",,
"dfe0e138-7639-4742-a81d-dd55bae3944d","D19","CARI","CARI.AOS.S2","CARI.SS.20240820.FIL","A00000433508","2024-08-20T21:46Z","2024-08-20T21:46Z","Illinois State Water Survey Central Analytical Laboratory",342.0,0.05278,5,"2024-08-23","B",,
"383ba44b-d9bd-4df4-9f3a-c6b1afd89155","D19","CARI","CARI.AOS.S2","CARI.SS.20240820.FIL","A00000433508","2024-08-20T21:46Z","2024-08-20T21:46Z","Illinois State Water Survey Central Analytical Laboratory",508.0,0.00436,5,"2024-08-23","A",,
"8915cb56-9b65-4ead-8ae2-d07a89cd23e1","D19","CARI","CARI.AOS.S2","CARI.SS.20240820.FIL","A00000433508","2024-08-20T21:46Z","2024-08-20T21:46Z","Illinois State Water Survey Central Analytical Laboratory",274.0,0.14146,5,"2024-08-23","B",,
"81b702a1-cd14-42c4-bd77-0cd1660e3d1a","D19","CARI","CARI.AOS.S2","CARI.SS.20240820.FIL","A00000433508","2024-08-20T21:46Z","2024-08-20T21:46Z","Illinois State Water Survey Central Analytical Laboratory",262.0,0.16384,5,"2024-08-23","A",,
"0293d180-1fce-4c97-a4ea-d9b679bd59bd","D19","CARI","CARI.AOS.S2","CARI.SS.20240820.FIL","A00000433508","2024-08-20T21:46Z","2024-08-20T21:46Z","Illinois State Water Survey Central Analytical Laboratory",548.0,0.00310,5,"2024-08-23","B",,
"e3ab38aa-ca22-4b5f-978e-9bf668cc77b4","D19","CARI","CARI.AOS.S2","CARI.SS.20240820.FIL","A00000433508","2024-08-20T21:46Z","2024-08-20T21:46Z","Illinois State Water Survey Central Analytical Laboratory",560.0,0.00276,5,"2024-08-23","B",,
"2158f863-f5ce-4d5b-a9b1-5a0e511056e2","D19","CARI","CARI.AOS.S2","CARI.SS.20240820.FIL","A00000433508","2024-08-20T21:46Z","2024-08-20T21:46Z","Illinois State Water Survey Central Analytical Laboratory",538.0,0.00316,5,"2024-08-23","A",,
"9373051b-ed62-43f5-9190-1d6695dc4e39","D19","CARI","CARI.AOS.S2","CARI.SS.20240820.FIL","A00000433508","2024-08-20T21:46Z","2024-08-20T21:46Z","Illinois State Water Survey Central Analytical Laboratory",420.0,0.01344,5,"2024-08-23","B",,
"e5f17379-6b7f-4b45-ae20-156826809972","D19","CARI","CARI.AOS.S2","CARI.SS.20240820.FIL","A00000433508","2024-08-20T21:46Z","2024-08-20T21:46Z","Illinois State Water Survey Central Analytical Laboratory",374.0,0.03008,5,"2024-08-23","A",,
"54c73ece-a959-4fab-bda6-a4545f95b58b","D19","CARI","CARI.AOS.S2","CARI.SS.20240820.FIL","A00000433508","2024-08-20T21:46Z","2024-08-20T21:46Z","Illinois State Water Survey Central Analytical Laboratory",398.0,0.01946,5,"2024-08-23","A",,
"55fae494-c5d0-4cb7-951c-79cc9620e83d","D19","CARI","CARI.AOS.S2","CARI.SS.20240820.FIL","A00000433508","2024-08-20T21:46Z","2024-08-20T21:46Z","Illinois State Water Survey Central Analytical Laboratory",504.0,0.00456,5,"2024-08-23","B",,
"7a0dce03-2b05-42b5-af50-30bb689c619d","D19","CARI","CARI.AOS.S2","CARI.SS.20240820.FIL","A00000433508","2024-08-20T21:46Z","2024-08-20T21:46Z","Illinois State Water Survey Central Analytical Laboratory",352.0,0.04480,5,"2024-08-23","A",,
"cd3cdc64-9e19-4b75-b621-a8fec0e8afdf","D19","CARI","CARI.AOS.S2","CARI.SS.20240820.FIL","A00000433508","2024-08-20T21:46Z","2024-08-20T21:46Z","Illinois State Water Survey Central Analytical Laboratory",226.0,0.27958,5,"2024-08-23","A",,
"0bbeda4a-be0d-4118-9650-81f002471ba5","D19","CARI","CARI.AOS.S2","CARI.SS.20240820.FIL","A00000433508","2024-08-20T21:46Z","2024-08-20T21:46Z","Illinois State Water Survey Central Analytical Laboratory",456.0,0.00790,5,"2024-08-23","B",,
"bd8a293e-fd06-4cac-bbc2-c2026d73567e","D19","CARI","CARI.AOS.S2","CARI.SS.20240820.FIL","A00000433508","2024-08-20T21:46Z","2024-08-20T21:46Z","Illinois State Water Survey Central Analytical Laboratory",280.0,0.13040,5,"2024-08-23","B",,
"7bf50552-2d7e-4c58-aa13-fba273820965","D19","CARI","CARI.AOS.S2","CARI.SS.20240820.FIL","A00000433508","2024-08-20T21:46Z","2024-08-20T21:46Z","Illinois State Water Survey Central Analytical Laboratory",338.0,0.05628,5,"2024-08-23","A",,
"47dd3863-d289-45ea-aa73-aa9b64379990","D19","CARI","CARI.AOS.S2","CARI.SS.20240820.FIL","A00000433508","2024-08-20T21:46Z","2024-08-20T21:46Z","Illinois State Water Survey Central Analytical Laboratory",476.0,0.00616,5,"2024-08-23","A",,
"2fe4fcde-0995-4117-9fb0-61014e79f782","D19","CARI","CARI.AOS.S2","CARI.SS.20240820.FIL","A00000433508","2024-08-20T21:46Z","2024-08-20T21:46Z","Illinois State Water Survey Central Analytical Laboratory",310.0,0.08550,5,"2024-08-23","A",,
"56c04c08-fb28-4d94-a4e8-bfe8438d611c","D19","CARI","CARI.AOS.S2","CARI.SS.20240820.FIL","A00000433508","2024-08-20T21:46Z","2024-08-20T21:46Z","Illinois State Water Survey Central Analytical Laboratory",320.0,0.07390,5,"2024-08-23","A",,
"72328c98-f3e3-4334-ac31-ed13f6af57e7","D19","CARI","CARI.AOS.S2","CARI.SS.20240820.FIL","A00000433508","2024-08-20T21:46Z","2024-08-20T21:46Z","Illinois State Water Survey Central Analytical Laboratory",418.0,0.01386,5,"2024-08-23","B",,
"a0aaf3fc-8c5d-4ab3-9413-f4929d6b17f3","D19","CARI","CARI.AOS.S2","CARI.SS.20240820.FIL","A00000433508","2024-08-20T21:46Z","2024-08-20T21:46Z","Illinois State Water Survey Central Analytical Laboratory",266.0,0.15674,5,"2024-08-23","B",,
"968aa4fa-e3ed-4641-83d0-5b5d2834ca3f","D19","CARI","CARI.AOS.S2","CARI.SS.20240820.FIL","A00000433508","2024-08-20T21:46Z","2024-08-20T21:46Z","Illinois State Water Survey Central Analytical Laboratory",326.0,0.06768,5,"2024-08-23","B",,
"e9bef57a-e911-4f53-9ae3-8c159fb6d699","D19","CARI","CARI.AOS.S2","CARI.SS.20240820.FIL","A00000433508","2024-08-20T21:46Z","2024-08-20T21:46Z","Illinois State Water Survey Central Analytical Laboratory",530.0,0.00358,5,"2024-08-23","B",,
"e08f171a-ca82-4874-b656-2a75daac46f3","D19","CARI","CARI.AOS.S2","CARI.SS.20240820.FIL","A00000433508","2024-08-20T21:46Z","2024-08-20T21:46Z","Illinois State Water Survey Central Analytical Laboratory",486.0,0.00556,5,"2024-08-23","B",,
"57586ced-0e1b-46e0-a775-27d7429e1120","D19","CARI","CARI.AOS.S2","CARI.SS.20240820.FIL","A00000433508","2024-08-20T21:46Z","2024-08-20T21:46Z","Illinois State Water Survey Central Analytical Laboratory",518.0,0.00390,5,"2024-08-23","A",,
"655e511b-f0e0-471e-af4e-9192e911d3ec","D19","CARI","CARI.AOS.S2","CARI.SS.20240820.FIL","A00000433508","2024-08-20T21:46Z","2024-08-20T21:46Z","Illinois State Water Survey Central Analytical Laboratory",222.0,0.32376,5,"2024-08-23","A",,
"66f10c5f-8329-486d-b6d4-d07cbd9940bd","D19","CARI","CARI.AOS.S2","CARI.SS.20240820.FIL","A00000433508","2024-08-20T21:46Z","2024-08-20T21:46Z","Illinois State Water Survey Central Analytical Laboratory",490.0,0.00534,5,"2024-08-23","B",,
"f69181c3-d6cf-4a72-ab3b-53557d6e561a","D19","CARI","CARI.AOS.S2","CARI.SS.20240820.FIL","A00000433508","2024-08-20T21:46Z","2024-08-20T21:46Z","Illinois State Water Survey Central Analytical Laboratory",438.0,0.01018,5,"2024-08-23","A",,
"0a89447d-d8ff-4484-a84c-0dbd09726033","D19","CARI","CARI.AOS.S2","CARI.SS.20240820.FIL","A00000433508","2024-08-20T21:46Z","2024-08-20T21:46Z","Illinois State Water Survey Central Analytical Laboratory",566.0,0.00266,5,"2024-08-23","B",,
"d53511cb-43de-4b78-b0df-04564fb2adcd","D19","CARI","CARI.AOS.S2","CARI.SS.20240820.FIL","A00000433508","2024-08-20T21:46Z","2024-08-20T21:46Z","Illinois State Water Survey Central Analytical Laboratory",288.0,0.11692,5,"2024-08-23","B",,
"c313fb07-742a-41b8-894e-6121030ef995","D19","CARI","CARI.AOS.S2","CARI.SS.20240820.FIL","A00000433508","2024-08-20T21:46Z","2024-08-20T21:46Z","Illinois State Water Survey Central Analytical Laboratory",230.0,0.25022,5,"2024-08-23","A",,
"19b31216-e174-4554-9b53-75a029df6dc7","D19","CARI","CARI.AOS.S2","CARI.SS.20240820.FIL","A00000433508","2024-08-20T21:46Z","2024-08-20T21:46Z","Illinois State Water Survey Central Analytical Laboratory",590.0,0.00228,5,"2024-08-23","A",,
"5c281154-104e-461b-ae7b-8c14cf36655c","D19","CARI","CARI.AOS.S2","CARI.SS.20240820.FIL","A00000433508","2024-08-20T21:46Z","2024-08-20T21:46Z","Illinois State Water Survey Central Analytical Laboratory",286.0,0.11982,5,"2024-08-23","A",,
"b357f433-6610-45cf-be20-3ec2fe4a0200","D19","CARI","CARI.AOS.S2","CARI.SS.20240820.FIL","A00000433508","2024-08-20T21:46Z","2024-08-20T21:46Z","Illinois State Water Survey Central Analytical Laboratory",238.0,0.21138,5,"2024-08-23","B",,
"8dd06717-c606-4885-8178-bb0a2c333189","D19","CARI","CARI.AOS.S2","CARI.SS.20240820.FIL","A00000433508","2024-08-20T21:46Z","2024-08-20T21:46Z","Illinois State Water Survey Central Analytical Laboratory",292.0,0.11042,5,"2024-08-23","B",,
"219cb9d4-041c-4b34-8aea-db5a87d389f0","D19","CARI","CARI.AOS.S2","CARI.SS.20240820.FIL","A00000433508","2024-08-20T21:46Z","2024-08-20T21:46Z","Illinois State Water Survey Central Analytical Laboratory",268.0,0.15298,5,"2024-08-23","B",,
"0aed3392-fe09-4b5c-9a14-073b31bb8266","D19","CARI","CARI.AOS.S2","CARI.SS.20240820.FIL","A00000433508","2024-08-20T21:46Z","2024-08-20T21:46Z","Illinois State Water Survey Central Analytical Laboratory",412.0,0.01528,5,"2024-08-23","A",,
"1c7f77f7-78be-4881-9344-9123572418dc","D19","CARI","CARI.AOS.S2","CARI.SS.20240820.FIL","A00000433508","2024-08-20T21:46Z","2024-08-20T21:46Z","Illinois State Water Survey Central Analytical Laboratory",550.0,0.00296,5,"2024-08-23","A",,
"8ecbf04e-2ecd-43a9-a691-6268d260fcbf","D19","CARI","CARI.AOS.S2","CARI.SS.20240820.FIL","A00000433508","2024-08-20T21:46Z","2024-08-20T21:46Z","Illinois State Water Survey Central Analytical Laboratory",246.0,0.19036,5,"2024-08-23","A",,
"88993f1a-3bca-45db-9e02-f25f66d1cfe0","D19","CARI","CARI.AOS.S2","CARI.SS.20240820.FIL","A00000433508","2024-08-20T21:46Z","2024-08-20T21:46Z","Illinois State Water Survey Central Analytical Laboratory",480.0,0.00586,5,"2024-08-23","A",,
"2582e31e-68d1-4a4b-b9d9-f248ca07b080","D19","CARI","CARI.AOS.S2","CARI.SS.20240820.FIL","A00000433508","2024-08-20T21:46Z","2024-08-20T21:46Z","Illinois State Water Survey Central Analytical Laboratory",380.0,0.02696,5,"2024-08-23","A",,
"c080bc7c-8ff8-434c-a2ad-7e351962fa5c","D19","CARI","CARI.AOS.S2","CARI.SS.20240820.FIL","A00000433508","2024-08-20T21:46Z","2024-08-20T21:46Z","Illinois State Water Survey Central Analytical Laboratory",494.0,0.00502,5,"2024-08-23","A",,
"bafb159f-6196-4eff-ab6f-1e43855f798a","D19","CARI","CARI.AOS.S2","CARI.SS.20240820.FIL","A00000433508","2024-08-20T21:46Z","2024-08-20T21:46Z","Illinois State Water Survey Central Analytical Laboratory",294.0,0.10694,5,"2024-08-23","A",,
"cfb17685-6d5a-41ca-bb70-b2bf3c0d6fa7","D19","CARI","CARI.AOS.S2","CARI.SS.20240820.FIL","A00000433508","2024-08-20T21:46Z","2024-08-20T21:46Z","Illinois State Water Survey Central Analytical Laboratory",436.0,0.01050,5,"2024-08-23","A",,
"904c95a7-b5de-49c6-b6d6-47337cbbdd15","D19","CARI","CARI.AOS.S2","CARI.SS.20240820.FIL","A00000433508","2024-08-20T21:46Z","2024-08-20T21:46Z","Illinois State Water Survey Central Analytical Laboratory",390.0,0.02230,5,"2024-08-23","A",,
"9dabe9ac-2da9-4389-9716-64050d310b45","D19","CARI","CARI.AOS.S2","CARI.SS.20240820.FIL","A00000433508","2024-08-20T21:46Z","2024-08-20T21:46Z","Illinois State Water Survey Central Analytical Laboratory",370.0,0.03246,5,"2024-08-23","B",,
"d7cf9726-720c-4b53-945c-220fe2dd956a","D19","CARI","CARI.AOS.S2","CARI.SS.20240820.FIL","A00000433508","2024-08-20T21:46Z","2024-08-20T21:46Z","Illinois State Water Survey Central Analytical Laboratory",414.0,0.01474,5,"2024-08-23","B",,
"73ba8236-0d51-4abf-9e3b-c61cab172d99","D19","CARI","CARI.AOS.S2","CARI.SS.20240820.FIL","A00000433508","2024-08-20T21:46Z","2024-08-20T21:46Z","Illinois State Water Survey Central Analytical Laboratory",558.0,0.00280,5,"2024-08-23","A",,
"6db1a407-62cd-4cf6-bf2b-92cfe94c9ac1","D19","CARI","CARI.AOS.S2","CARI.SS.20240820.FIL","A00000433508","2024-08-20T21:46Z","2024-08-20T21:46Z","Illinois State Water Survey Central Analytical Laboratory",600.0,0.00212,5,"2024-08-23","A",,
"5da87e4a-643f-452d-89b6-de40391a43e7","D19","CARI","CARI.AOS.S2","CARI.SS.20240820.FIL","A00000433508","2024-08-20T21:46Z","2024-08-20T21:46Z","Illinois State Water Survey Central Analytical Laboratory",232.0,0.23766,5,"2024-08-23","A",,
"2564425f-e816-460d-b325-21cf0423402f","D19","CARI","CARI.AOS.S2","CARI.SS.20240820.FIL","A00000433508","2024-08-20T21:46Z","2024-08-20T21:46Z","Illinois State Water Survey Central Analytical Laboratory",336.0,0.05808,5,"2024-08-23","B",,
"7d1376ad-1552-4fe0-93e1-c9de7e347af3","D19","CARI","CARI.AOS.S2","CARI.SS.20240820.FIL","A00000433508","2024-08-20T21:46Z","2024-08-20T21:46Z","Illinois State Water Survey Central Analytical Laboratory",354.0,0.04322,5,"2024-08-23","A",,
"a55a366c-d054-4156-94cc-6e61b4f7c4ea","D19","CARI","CARI.AOS.S2","CARI.SS.20240820.FIL","A00000433508","2024-08-20T21:46Z","2024-08-20T21:46Z","Illinois State Water Survey Central Analytical Laboratory",512.0,0.00424,5,"2024-08-23","B",,
"e5d56f9d-2640-4181-b94a-102056905505","D19","CARI","CARI.AOS.S2","CARI.SS.20240820.FIL","A00000433508","2024-08-20T21:46Z","2024-08-20T21:46Z","Illinois State Water Survey Central Analytical Laboratory",410.0,0.01582,5,"2024-08-23","B",,
"bd026937-4b65-4bb0-9aa3-3b9bcb4c1815","D19","CARI","CARI.AOS.S2","CARI.SS.20240820.FIL","A00000433508","2024-08-20T21:46Z","2024-08-20T21:46Z","Illinois State Water Survey Central Analytical Laboratory",236.0,0.21828,5,"2024-08-23","A",,
"aaf95475-3dca-4de6-a98a-4d5fb504188a","D19","CARI","CARI.AOS.S2","CARI.SS.20240820.FIL","A00000433508","2024-08-20T21:46Z","2024-08-20T21:46Z","Illinois State Water Survey Central Analytical Laboratory",256.0,0.17410,5,"2024-08-23","B",,
"97ef5724-9bc4-4119-9c87-e1373d81076c","D19","CARI","CARI.AOS.S2","CARI.SS.20240820.FIL","A00000433508","2024-08-20T21:46Z","2024-08-20T21:46Z","Illinois State Water Survey Central Analytical Laboratory",386.0,0.02406,5,"2024-08-23","A",,
"70b93a09-d050-459e-90a3-484e05ba15f3","D19","CARI","CARI.AOS.S2","CARI.SS.20240820.FIL","A00000433508","2024-08-20T21:46Z","2024-08-20T21:46Z","Illinois State Water Survey Central Analytical Laboratory",272.0,0.14524,5,"2024-08-23","A",,
"7a06d708-b757-4571-87af-2ed74f70d756","D19","CARI","CARI.AOS.S2","CARI.SS.20240820.FIL","A00000433508","2024-08-20T21:46Z","2024-08-20T21:46Z","Illinois State Water Survey Central Analytical Laboratory",456.0,0.00786,5,"2024-08-23","A",,
"c6682dcc-926a-4127-b2ee-b3eac47dfdb1","D19","CARI","CARI.AOS.S2","CARI.SS.20240820.FIL","A00000433508","2024-08-20T21:46Z","2024-08-20T21:46Z","Illinois State Water Survey Central Analytical Laboratory",312.0,0.08304,5,"2024-08-23","A",,
"9619ac2e-fbfe-41f5-8801-0ed4f906d384","D19","CARI","CARI.AOS.S2","CARI.SS.20240820.FIL","A00000433508","2024-08-20T21:46Z","2024-08-20T21:46Z","Illinois State Water Survey Central Analytical Laboratory",382.0,0.02594,5,"2024-08-23","B",,
"eb29ccfb-21ba-4db0-9f93-029700f65f44","D19","CARI","CARI.AOS.S2","CARI.SS.20240820.FIL","A00000433508","2024-08-20T21:46Z","2024-08-20T21:46Z","Illinois State Water Survey Central Analytical Laboratory",530.0,0.00346,5,"2024-08-23","A",,
"058ad318-29ca-4451-b7c1-e70de329fd14","D19","CARI","CARI.AOS.S2","CARI.SS.20240820.FIL","A00000433508","2024-08-20T21:46Z","2024-08-20T21:46Z","Illinois State Water Survey Central Analytical Laboratory",460.0,0.00748,5,"2024-08-23","A",,
"a1aa66c0-dc2e-4295-91c9-53d98ea70e08","D19","CARI","CARI.AOS.S2","CARI.SS.20240820.FIL","A00000433508","2024-08-20T21:46Z","2024-08-20T21:46Z","Illinois State Water Survey Central Analytical Laboratory",452.0,0.00836,5,"2024-08-23","B",,
"49081b81-a44f-4373-a6be-422554d20051","D19","CARI","CARI.AOS.S2","CARI.SS.20240820.FIL","A00000433508","2024-08-20T21:46Z","2024-08-20T21:46Z","Illinois State Water Survey Central Analytical Laboratory",466.0,0.00698,5,"2024-08-23","B",,
"416b5179-5845-4b41-abf7-ce3e8f04e3f4","D19","CARI","CARI.AOS.S2","CARI.SS.20240820.FIL","A00000433508","2024-08-20T21:46Z","2024-08-20T21:46Z","Illinois State Water Survey Central Analytical Laboratory",468.0,0.00674,5,"2024-08-23","A",,
"72f0dd43-2106-47e5-9c99-9d50165b85cf","D19","CARI","CARI.AOS.S2","CARI.SS.20240820.FIL","A00000433508","2024-08-20T21:46Z","2024-08-20T21:46Z","Illinois State Water Survey Central Analytical Laboratory",344.0,0.05106,5,"2024-08-23","B",,
"69fc8c6d-0e88-428b-a48d-cc282bca1c96","D19","CARI","CARI.AOS.S2","CARI.SS.20240820.FIL","A00000433508","2024-08-20T21:46Z","2024-08-20T21:46Z","Illinois State Water Survey Central Analytical Laboratory",296.0,0.10404,5,"2024-08-23","A",,
"4e2e83d8-db45-4ac8-b1bb-97b853dc36ec","D19","CARI","CARI.AOS.S2","CARI.SS.20240820.FIL","A00000433508","2024-08-20T21:46Z","2024-08-20T21:46Z","Illinois State Water Survey Central Analytical Laboratory",376.0,0.02902,5,"2024-08-23","B",,
"67415280-ad3e-4885-8360-2ae3a4d4817b","D19","CARI","CARI.AOS.S2","CARI.SS.20240820.FIL","A00000433508","2024-08-20T21:46Z","2024-08-20T21:46Z","Illinois State Water Survey Central Analytical Laboratory",490.0,0.00526,5,"2024-08-23","A",,
"e313d2de-3c11-4d8d-a82f-73bb116bb8b2","D19","CARI","CARI.AOS.S2","CARI.SS.20240820.FIL","A00000433508","2024-08-20T21:46Z","2024-08-20T21:46Z","Illinois State Water Survey Central Analytical Laboratory",432.0,0.01112,5,"2024-08-23","A",,
"1743733e-6747-44dd-b31a-0bd60ebea1eb","D19","CARI","CARI.AOS.S2","CARI.SS.20240820.FIL","A00000433508","2024-08-20T21:46Z","2024-08-20T21:46Z","Illinois State Water Survey Central Analytical Laboratory",278.0,0.13390,5,"2024-08-23","A",,
"eda6ddb1-aa04-488e-bea6-1c19116a0023","D19","CARI","CARI.AOS.S2","CARI.SS.20240820.FIL","A00000433508","2024-08-20T21:46Z","2024-08-20T21:46Z","Illinois State Water Survey Central Analytical Laboratory",404.0,0.01754,5,"2024-08-23","A",,
"e6617cd1-b577-4b1b-82c0-d289290eaadd","D19","CARI","CARI.AOS.S2","CARI.SS.20240820.FIL","A00000433508","2024-08-20T21:46Z","2024-08-20T21:46Z","Illinois State Water Survey Central Analytical Laboratory",594.0,0.00226,5,"2024-08-23","A",,
"1485ae64-26da-4250-991c-4161eed39a6f","D19","CARI","CARI.AOS.S2","CARI.SS.20240820.FIL","A00000433508","2024-08-20T21:46Z","2024-08-20T21:46Z","Illinois State Water Survey Central Analytical Laboratory",432.0,0.01114,5,"2024-08-23","B",,
"75873ce4-719c-4e99-b726-e414cb16ac49","D19","CARI","CARI.AOS.S2","CARI.SS.20240820.FIL","A00000433508","2024-08-20T21:46Z","2024-08-20T21:46Z","Illinois State Water Survey Central Analytical Laboratory",440.0,0.00996,5,"2024-08-23","B",,
"7eb66934-f414-4433-a683-c3776fb8e7fc","D19","CARI","CARI.AOS.S2","CARI.SS.20240820.FIL","A00000433508","2024-08-20T21:46Z","2024-08-20T21:46Z","Illinois State Water Survey Central Analytical Laboratory",222.0,0.32398,5,"2024-08-23","B",,
"730a13de-493d-496f-85da-d33811881679","D19","CARI","CARI.AOS.S2","CARI.SS.20240820.FIL","A00000433508","2024-08-20T21:46Z","2024-08-20T21:46Z","Illinois State Water Survey Central Analytical Laboratory",244.0,0.19542,5,"2024-08-23","B",,
"4a2d65a8-3ddb-482f-a09b-307064846995","D19","CARI","CARI.AOS.S2","CARI.SS.20240820.FIL","A00000433508","2024-08-20T21:46Z","2024-08-20T21:46Z","Illinois State Water Survey Central Analytical Laboratory",586.0,0.00226,5,"2024-08-23","A",,
"ddef1def-c1c1-4a66-a0e9-38709f7da9b4","D19","CARI","CARI.AOS.S2","CARI.SS.20240820.FIL","A00000433508","2024-08-20T21:46Z","2024-08-20T21:46Z","Illinois State Water Survey Central Analytical Laboratory",532.0,0.00354,5,"2024-08-23","B",,
"d0ba65c6-3c73-4702-b693-a45e378b0485","D19","CARI","CARI.AOS.S2","CARI.SS.20240820.FIL","A00000433508","2024-08-20T21:46Z","2024-08-20T21:46Z","Illinois State Water Survey Central Analytical Laboratory",534.0,0.00342,5,"2024-08-23","B",,
"085bfabd-7344-4f06-aa62-ee4b001d8698","D19","CARI","CARI.AOS.S2","CARI.SS.20240820.FIL","A00000433508","2024-08-20T21:46Z","2024-08-20T21:46Z","Illinois State Water Survey Central Analytical Laboratory",252.0,0.18044,5,"2024-08-23","B",,
"9138e05b-d457-4562-9b79-323031d2afa8","D19","CARI","CARI.AOS.S2","CARI.SS.20240820.FIL","A00000433508","2024-08-20T21:46Z","2024-08-20T21:46Z","Illinois State Water Survey Central Analytical Laboratory",400.0,0.01884,5,"2024-08-23","A",,
"7df713ad-b7e5-40ee-8a87-9427ef2d8dec","D19","CARI","CARI.AOS.S2","CARI.SS.20240820.FIL","A00000433508","2024-08-20T21:46Z","2024-08-20T21:46Z","Illinois State Water Survey Central Analytical Laboratory",464.0,0.00708,5,"2024-08-23","A",,
"119633ff-7253-40ab-822a-e6d63ea77b79","D19","CARI","CARI.AOS.S2","CARI.SS.20240820.FIL","A00000433508","2024-08-20T21:46Z","2024-08-20T21:46Z","Illinois State Water Survey Central Analytical Laboratory",402.0,0.01824,5,"2024-08-23","B",,
"3e6eb67f-aa3b-4f13-8044-cd924ba72a0e","D19","CARI","CARI.AOS.S2","CARI.SS.20240820.FIL","A00000433508","2024-08-20T21:46Z","2024-08-20T21:46Z","Illinois State Water Survey Central Analytical Laboratory",260.0,0.16760,5,"2024-08-23","B",,
"5bc97012-e98d-445c-b1f3-66a0f0d68f83","D19","CARI","CARI.AOS.S2","CARI.SS.20240820.FIL","A00000433508","2024-08-20T21:46Z","2024-08-20T21:46Z","Illinois State Water Survey Central Analytical Laboratory",588.0,0.00236,5,"2024-08-23","B",,
"eddab076-2e41-436c-bb87-f6a82287a721","D19","CARI","CARI.AOS.S2","CARI.SS.20240820.FIL","A00000433508","2024-08-20T21:46Z","2024-08-20T21:46Z","Illinois State Water Survey Central Analytical Laboratory",338.0,0.05630,5,"2024-08-23","B",,
"b74bd006-925a-484c-b30d-9f27dcd48024","D19","CARI","CARI.AOS.S2","CARI.SS.20240820.FIL","A00000433508","2024-08-20T21:46Z","2024-08-20T21:46Z","Illinois State Water Survey Central Analytical Laboratory",472.0,0.00644,5,"2024-08-23","A",,
"d49d37d7-8ceb-470c-aec3-b91d05bd81ce","D19","CARI","CARI.AOS.S2","CARI.SS.20240820.FIL","A00000433508","2024-08-20T21:46Z","2024-08-20T21:46Z","Illinois State Water Survey Central Analytical Laboratory",328.0,0.06566,5,"2024-08-23","B",,
"7f83c85d-5e08-468b-9b68-b75238e39a35","D19","CARI","CARI.AOS.S2","CARI.SS.20240820.FIL","A00000433508","2024-08-20T21:46Z","2024-08-20T21:46Z","Illinois State Water Survey Central Analytical Laboratory",298.0,0.10164,5,"2024-08-23","B",,
"3aa350b9-9b44-4d25-9d23-773d54b1be67","D19","CARI","CARI.AOS.S2","CARI.SS.20240820.FIL","A00000433508","2024-08-20T21:46Z","2024-08-20T21:46Z","Illinois State Water Survey Central Analytical Laboratory",296.0,0.10434,5,"2024-08-23","B",,
"cc699cf6-ead6-4681-9474-19bd9d54af2e","D19","CARI","CARI.AOS.S2","CARI.SS.20240820.FIL","A00000433508","2024-08-20T21:46Z","2024-08-20T21:46Z","Illinois State Water Survey Central Analytical Laboratory",562.0,0.00272,5,"2024-08-23","A",,
"77928d84-a105-4255-8e65-5e42ec4b74a5","D19","CARI","CARI.AOS.S2","CARI.SS.20240820.FIL","A00000433508","2024-08-20T21:46Z","2024-08-20T21:46Z","Illinois State Water Survey Central Analytical Laboratory",352.0,0.04478,5,"2024-08-23","B",,
"a41c769c-339f-48e8-98a8-19f8e076aa0c","D19","CARI","CARI.AOS.S2","CARI.SS.20240820.FIL","A00000433508","2024-08-20T21:46Z","2024-08-20T21:46Z","Illinois State Water Survey Central Analytical Laboratory",372.0,0.03124,5,"2024-08-23","A",,
"384203d0-13d5-4432-bb5f-aa40e4b8186e","D19","CARI","CARI.AOS.S2","CARI.SS.20240820.FIL","A00000433508","2024-08-20T21:46Z","2024-08-20T21:46Z","Illinois State Water Survey Central Analytical Laboratory",360.0,0.03888,5,"2024-08-23","B",,
"a97e46a3-2192-413b-8e64-cc2614d72bef","D19","CARI","CARI.AOS.S2","CARI.SS.20240820.FIL","A00000433508","2024-08-20T21:46Z","2024-08-20T21:46Z","Illinois State Water Survey Central Analytical Laboratory",282.0,0.12668,5,"2024-08-23","A",,
"f90bbdba-4442-4da1-813b-35cfb972fe62","D19","CARI","CARI.AOS.S2","CARI.SS.20240820.FIL","A00000433508","2024-08-20T21:46Z","2024-08-20T21:46Z","Illinois State Water Survey Central Analytical Laboratory",518.0,0.00398,5,"2024-08-23","B",,
"3126e753-dc68-4487-bdb9-a66e12f1d904","D19","CARI","CARI.AOS.S2","CARI.SS.20240820.FIL","A00000433508","2024-08-20T21:46Z","2024-08-20T21:46Z","Illinois State Water Survey Central Analytical Laboratory",346.0,0.04956,5,"2024-08-23","B",,
"72b9a023-c84f-4a7b-a3cf-7beed06ab8af","D19","CARI","CARI.AOS.S2","CARI.SS.20240820.FIL","A00000433508","2024-08-20T21:46Z","2024-08-20T21:46Z","Illinois State Water Survey Central Analytical Laboratory",440.0,0.00992,5,"2024-08-23","A",,
"fcc58766-91f8-4f13-b0d4-d671bfe04365","D19","CARI","CARI.AOS.S2","CARI.SS.20240820.FIL","A00000433508","2024-08-20T21:46Z","2024-08-20T21:46Z","Illinois State Water Survey Central Analytical Laboratory",258.0,0.17066,5,"2024-08-23","B",,
"3404e4dc-aa8b-4054-a777-443db294c471","D19","CARI","CARI.AOS.S2","CARI.SS.20240820.FIL","A00000433508","2024-08-20T21:46Z","2024-08-20T21:46Z","Illinois State Water Survey Central Analytical Laboratory",536.0,0.00344,5,"2024-08-23","B",,
"88523e18-de69-4920-bbe3-49a573e5561d","D19","CARI","CARI.AOS.S2","CARI.SS.20240820.FIL","A00000433508","2024-08-20T21:46Z","2024-08-20T21:46Z","Illinois State Water Survey Central Analytical Laboratory",488.0,0.00536,5,"2024-08-23","A",,
"cde9ac54-d520-4f9d-b045-1a260c1ed8f6","D19","CARI","CARI.AOS.S2","CARI.SS.20240820.FIL","A00000433508","2024-08-20T21:46Z","2024-08-20T21:46Z","Illinois State Water Survey Central Analytical Laboratory",382.0,0.02594,5,"2024-08-23","A",,
"6ef66348-6f9b-4d34-b83c-702a90f8df3a","D19","CARI","CARI.AOS.S2","CARI.SS.20240820.FIL","A00000433508","2024-08-20T21:46Z","2024-08-20T21:46Z","Illinois State Water Survey Central Analytical Laboratory",466.0,0.00692,5,"2024-08-23","A",,
"73fc619a-4820-42d9-b625-ed7f3cef04aa","D19","CARI","CARI.AOS.S2","CARI.SS.20240820.FIL","A00000433508","2024-08-20T21:46Z","2024-08-20T21:46Z","Illinois State Water Survey Central Analytical Laboratory",378.0,0.02802,5,"2024-08-23","B",,
"04389ae2-8042-4893-9708-3ac951c0ca2b","D19","CARI","CARI.AOS.S2","CARI.SS.20240820.FIL","A00000433508","2024-08-20T21:46Z","2024-08-20T21:46Z","Illinois State Water Survey Central Analytical Laboratory",494.0,0.00508,5,"2024-08-23","B",,
"1487f7fd-16a2-4861-ad7f-9a6ad9c87846","D19","CARI","CARI.AOS.S2","CARI.SS.20240820.FIL","A00000433508","2024-08-20T21:46Z","2024-08-20T21:46Z","Illinois State Water Survey Central Analytical Laboratory",596.0,0.00216,5,"2024-08-23","A",,
"37fee9f3-d15a-4844-87e3-3340c549bcd7","D19","CARI","CARI.AOS.S2","CARI.SS.20240820.FIL","A00000433508","2024-08-20T21:46Z","2024-08-20T21:46Z","Illinois State Water Survey Central Analytical Laboratory",366.0,0.03490,5,"2024-08-23","A",,
"a805f999-9975-4299-a3e0-6ac140cb9ca2","D19","CARI","CARI.AOS.S2","CARI.SS.20240820.FIL","A00000433508","2024-08-20T21:46Z","2024-08-20T21:46Z","Illinois State Water Survey Central Analytical Laboratory",470.0,0.00664,5,"2024-08-23","B",,
"37ced16f-7199-454e-b733-ef8f343649dc","D19","CARI","CARI.AOS.S2","CARI.SS.20240820.FIL","A00000433508","2024-08-20T21:46Z","2024-08-20T21:46Z","Illinois State Water Survey Central Analytical Laboratory",348.0,0.04802,5,"2024-08-23","A",,
"a33a8243-42fb-42e8-95ba-83a32ecff0df","D19","CARI","CARI.AOS.S2","CARI.SS.20240820.FIL","A00000433508","2024-08-20T21:46Z","2024-08-20T21:46Z","Illinois State Water Survey Central Analytical Laboratory",342.0,0.05282,5,"2024-08-23","A",,
"72b64e00-848a-4743-a0bf-2323962a84b1","D19","CARI","CARI.AOS.S2","CARI.SS.20240820.FIL","A00000433508","2024-08-20T21:46Z","2024-08-20T21:46Z","Illinois State Water Survey Central Analytical Laboratory",220.0,0.34990,5,"2024-08-23","B",,
"a0fcdc14-f7f2-411e-8b44-b8acc936448d","D19","CARI","CARI.AOS.S2","CARI.SS.20240820.FIL","A00000433508","2024-08-20T21:46Z","2024-08-20T21:46Z","Illinois State Water Survey Central Analytical Laboratory",334.0,0.06000,5,"2024-08-23","A",,
"a1de43fe-f859-4d65-be89-694ed5b87c9c","D19","CARI","CARI.AOS.S2","CARI.SS.20240820.FIL","A00000433508","2024-08-20T21:46Z","2024-08-20T21:46Z","Illinois State Water Survey Central Analytical Laboratory",478.0,0.00608,5,"2024-08-23","B",,
"540f1e91-dd94-4118-b2a9-20a535a39871","D19","CARI","CARI.AOS.S2","CARI.SS.20240820.FIL","A00000433508","2024-08-20T21:46Z","2024-08-20T21:46Z","Illinois State Water Survey Central Analytical Laboratory",236.0,0.21848,5,"2024-08-23","B",,
"ac04c9e9-5ae8-4d26-ad39-b863cd4dbd9f","D19","CARI","CARI.AOS.S2","CARI.SS.20240820.FIL","A00000433508","2024-08-20T21:46Z","2024-08-20T21:46Z","Illinois State Water Survey Central Analytical Laboratory",276.0,0.13746,5,"2024-08-23","A",,
"5af6a0c9-e76e-47e1-973d-bc25ab614004","D19","CARI","CARI.AOS.S2","CARI.SS.20240820.FIL","A00000433508","2024-08-20T21:46Z","2024-08-20T21:46Z","Illinois State Water Survey Central Analytical Laboratory",436.0,0.01052,5,"2024-08-23","B",,
"5c8f0fb1-9cab-41b0-8377-6e1e075ffdee","D19","CARI","CARI.AOS.S2","CARI.SS.20240820.FIL","A00000433508","2024-08-20T21:46Z","2024-08-20T21:46Z","Illinois State Water Survey Central Analytical Laboratory",516.0,0.00404,5,"2024-08-23","B",,
"1ff21903-f1e6-4aef-857e-2f6efa832e44","D19","CARI","CARI.AOS.S2","CARI.SS.20240820.FIL","A00000433508","2024-08-20T21:46Z","2024-08-20T21:46Z","Illinois State Water Survey Central Analytical Laboratory",282.0,0.12696,5,"2024-08-23","B",,
"fb84d6b1-027e-4cb8-9901-7f36c652b0a6","D19","CARI","CARI.AOS.S2","CARI.SS.20240820.FIL","A00000433508","2024-08-20T21:46Z","2024-08-20T21:46Z","Illinois State Water Survey Central Analytical Laboratory",376.0,0.02898,5,"2024-08-23","A",,
"7fdf3d3a-aacd-4892-961f-e88e0e930d58","D19","CARI","CARI.AOS.S2","CARI.SS.20240820.FIL","A00000433508","2024-08-20T21:46Z","2024-08-20T21:46Z","Illinois State Water Survey Central Analytical Laboratory",592.0,0.00220,5,"2024-08-23","A",,
"e778d2f4-d738-45f8-8780-2aee55492ed8","D19","CARI","CARI.AOS.S2","CARI.SS.20240820.FIL","A00000433508","2024-08-20T21:46Z","2024-08-20T21:46Z","Illinois State Water Survey Central Analytical Laboratory",306.0,0.09050,5,"2024-08-23","A",,
"100099c5-6980-407e-9f1d-e01fcf5f4093","D19","CARI","CARI.AOS.S2","CARI.SS.20240820.FIL","A00000433508","2024-08-20T21:46Z","2024-08-20T21:46Z","Illinois State Water Survey Central Analytical Laboratory",290.0,0.11332,5,"2024-08-23","A",,
"6a5a47ab-50eb-48ac-81a1-737ba55876d5","D19","CARI","CARI.AOS.S2","CARI.SS.20240820.FIL","A00000433508","2024-08-20T21:46Z","2024-08-20T21:46Z","Illinois State Water Survey Central Analytical Laboratory",546.0,0.00304,5,"2024-08-23","A",,
"c8424612-e93a-485e-b2d2-a579846b4754","D19","CARI","CARI.AOS.S2","CARI.SS.20240820.FIL","A00000433508","2024-08-20T21:46Z","2024-08-20T21:46Z","Illinois State Water Survey Central Analytical Laboratory",362.0,0.03756,5,"2024-08-23","B",,
"36ec175e-56a9-4e18-8c16-2f440c5d130b","D19","CARI","CARI.AOS.S2","CARI.SS.20240820.FIL","A00000433508","2024-08-20T21:46Z","2024-08-20T21:46Z","Illinois State Water Survey Central Analytical Laboratory",482.0,0.00576,5,"2024-08-23","A",,
"1d0aee86-a392-4fe7-af47-60823781001c","D19","CARI","CARI.AOS.S2","CARI.SS.20240820.FIL","A00000433508","2024-08-20T21:46Z","2024-08-20T21:46Z","Illinois State Water Survey Central Analytical Laboratory",358.0,0.04038,5,"2024-08-23","A",,
"fc82ac56-c6e8-45fe-b64d-2d8d0111beb4","D19","CARI","CARI.AOS.S2","CARI.SS.20240820.FIL","A00000433508","2024-08-20T21:46Z","2024-08-20T21:46Z","Illinois State Water Survey Central Analytical Laboratory",504.0,0.00448,5,"2024-08-23","A",,
"d45b07ee-5b09-434c-9474-945e72d6f87c","D19","CARI","CARI.AOS.S2","CARI.SS.20240820.FIL","A00000433508","2024-08-20T21:46Z","2024-08-20T21:46Z","Illinois State Water Survey Central Analytical Laboratory",396.0,0.02016,5,"2024-08-23","B",,
"04c84cf4-388d-4ba9-bc7a-6d8ad949cd23","D19","CARI","CARI.AOS.S2","CARI.SS.20240820.FIL","A00000433508","2024-08-20T21:46Z","2024-08-20T21:46Z","Illinois State Water Survey Central Analytical Laboratory",366.0,0.03490,5,"2024-08-23","B",,
"d2d6ca35-52de-4bb6-8ca9-12c20d827935","D19","CARI","CARI.AOS.S2","CARI.SS.20240820.FIL","A00000433508","2024-08-20T21:46Z","2024-08-20T21:46Z","Illinois State Water Survey Central Analytical Laboratory",364.0,0.03620,5,"2024-08-23","A",,
"64ebc61f-5c4d-47c7-b36c-26b3d706b1d0","D19","CARI","CARI.AOS.S2","CARI.SS.20240820.FIL","A00000433508","2024-08-20T21:46Z","2024-08-20T21:46Z","Illinois State Water Survey Central Analytical Laboratory",528.0,0.00370,5,"2024-08-23","B",,
"59b20b2d-d1b3-4cb6-8caa-723d02e5b974","D19","CARI","CARI.AOS.S2","CARI.SS.20240820.FIL","A00000433508","2024-08-20T21:46Z","2024-08-20T21:46Z","Illinois State Water Survey Central Analytical Laboratory",414.0,0.01474,5,"2024-08-23","A",,
"24898eb5-d6fe-4de5-a5f8-dc8ef0fe45fb","D19","CARI","CARI.AOS.S2","CARI.SS.20240820.FIL","A00000433508","2024-08-20T21:46Z","2024-08-20T21:46Z","Illinois State Water Survey Central Analytical Laboratory",378.0,0.02798,5,"2024-08-23","A",,
"c39648eb-6840-4171-8bac-fdc4db5754e7","D19","CARI","CARI.AOS.S2","CARI.SS.20240820.FIL","A00000433508","2024-08-20T21:46Z","2024-08-20T21:46Z","Illinois State Water Survey Central Analytical Laboratory",536.0,0.00334,5,"2024-08-23","A",,
"f9d98777-15dd-4d28-ba4b-42a9f5581311","D19","CARI","CARI.AOS.S2","CARI.SS.20240820.FIL","A00000433508","2024-08-20T21:46Z","2024-08-20T21:46Z","Illinois State Water Survey Central Analytical Laboratory",324.0,0.06966,5,"2024-08-23","A",,
"a0a3e9b0-f5a3-49bf-9681-908dd3ff1878","D19","CARI","CARI.AOS.S2","CARI.SS.20240820.FIL","A00000433508","2024-08-20T21:46Z","2024-08-20T21:46Z","Illinois State Water Survey Central Analytical Laboratory",600.0,0.00216,5,"2024-08-23","B",,
"c32641ca-0aa8-48e4-aa7b-da9c46834fbc","D19","CARI","CARI.AOS.S2","CARI.SS.20240820.FIL","A00000433508","2024-08-20T21:46Z","2024-08-20T21:46Z","Illinois State Water Survey Central Analytical Laboratory",272.0,0.14550,5,"2024-08-23","B",,
"2578514c-4901-4e9e-9615-9c88ccd21892","D19","CARI","CARI.AOS.S2","CARI.SS.20240820.FIL","A00000433508","2024-08-20T21:46Z","2024-08-20T21:46Z","Illinois State Water Survey Central Analytical Laboratory",418.0,0.01386,5,"2024-08-23","A",,
"1ee1bd96-d7c8-42dc-9492-7fc1232d6e68","D19","CARI","CARI.AOS.S2","CARI.SS.20240820.FIL","A00000433508","2024-08-20T21:46Z","2024-08-20T21:46Z","Illinois State Water Survey Central Analytical Laboratory",362.0,0.03756,5,"2024-08-23","A",,
"b4a431e6-3b68-45a8-b9cb-c40ccb1e6d4a","D19","CARI","CARI.AOS.S2","CARI.SS.20240820.FIL","A00000433508","2024-08-20T21:46Z","2024-08-20T21:46Z","Illinois State Water Survey Central Analytical Laboratory",390.0,0.02234,5,"2024-08-23","B",,
"9148af80-345c-43c5-9382-affcb7bac921","D19","CARI","CARI.AOS.S2","CARI.SS.20240820.FIL","A00000433508","2024-08-20T21:46Z","2024-08-20T21:46Z","Illinois State Water Survey Central Analytical Laboratory",496.0,0.00500,5,"2024-08-23","B",,
"519cf44a-1fe4-439f-823a-fea62ee950d8","D19","CARI","CARI.AOS.S2","CARI.SS.20240820.FIL","A00000433508","2024-08-20T21:46Z","2024-08-20T21:46Z","Illinois State Water Survey Central Analytical Laboratory",484.0,0.00568,5,"2024-08-23","B",,
"9ab08d13-76be-42f6-9064-456263027b42","D19","CARI","CARI.AOS.S2","CARI.SS.20240820.FIL","A00000433508","2024-08-20T21:46Z","2024-08-20T21:46Z","Illinois State Water Survey Central Analytical Laboratory",288.0,0.11662,5,"2024-08-23","A",,
"e54406f1-3771-411c-a42a-102ac189047c","D19","CARI","CARI.AOS.S2","CARI.SS.20240820.FIL","A00000433508","2024-08-20T21:46Z","2024-08-20T21:46Z","Illinois State Water Survey Central Analytical Laboratory",430.0,0.01150,5,"2024-08-23","B",,
"6c4cea28-361b-41f5-90b5-e63b2fe65222","D19","CARI","CARI.AOS.S2","CARI.SS.20240820.FIL","A00000433508","2024-08-20T21:46Z","2024-08-20T21:46Z","Illinois State Water Survey Central Analytical Laboratory",454.0,0.00814,5,"2024-08-23","B",,
"596265a9-f952-4ddc-9481-229db8ff0f72","D19","CARI","CARI.AOS.S2","CARI.SS.20240820.FIL","A00000433508","2024-08-20T21:46Z","2024-08-20T21:46Z","Illinois State Water Survey Central Analytical Laboratory",584.0,0.00232,5,"2024-08-23","A",,
"fdb47ebc-b25f-48d1-a8b4-fee2524b4e24","D19","CARI","CARI.AOS.S2","CARI.SS.20240820.FIL","A00000433508","2024-08-20T21:46Z","2024-08-20T21:46Z","Illinois State Water Survey Central Analytical Laboratory",286.0,0.12012,5,"2024-08-23","B",,
"afc5840f-a6a4-4812-b32c-7edbe1eed357","D19","CARI","CARI.AOS.S2","CARI.SS.20240820.FIL","A00000433508","2024-08-20T21:46Z","2024-08-20T21:46Z","Illinois State Water Survey Central Analytical Laboratory",270.0,0.14858,5,"2024-08-23","A",,
"5b61256f-be75-4672-92b0-6c853d184c25","D19","CARI","CARI.AOS.S2","CARI.SS.20240820.FIL","A00000433508","2024-08-20T21:46Z","2024-08-20T21:46Z","Illinois State Water Survey Central Analytical Laboratory",552.0,0.00300,5,"2024-08-23","B",,
"49e8ff68-9d54-4fa0-aff3-98dfbf7c6d39","D19","CARI","CARI.AOS.S2","CARI.SS.20240820.FIL","A00000433508","2024-08-20T21:46Z","2024-08-20T21:46Z","Illinois State Water Survey Central Analytical Laboratory",474.0,0.00638,5,"2024-08-23","B",,
"6dcab68a-3300-4c79-99bc-51a3cb5700e0","D19","CARI","CARI.AOS.S2","CARI.SS.20240820.FIL","A00000433508","2024-08-20T21:46Z","2024-08-20T21:46Z","Illinois State Water Survey Central Analytical Laboratory",402.0,0.01818,5,"2024-08-23","A",,
"92bcf04a-fe1c-4cab-8524-2ea5be56570f","D19","CARI","CARI.AOS.S2","CARI.SS.20240820.FIL","A00000433508","2024-08-20T21:46Z","2024-08-20T21:46Z","Illinois State Water Survey Central Analytical Laboratory",510.0,0.00424,5,"2024-08-23","A",,
"96ba7bad-511b-4d03-92f9-d88361812f18","D19","CARI","CARI.AOS.S2","CARI.SS.20240820.FIL","A00000433508","2024-08-20T21:46Z","2024-08-20T21:46Z","Illinois State Water Survey Central Analytical Laboratory",520.0,0.00378,5,"2024-08-23","A",,
"6ec3b1bc-5254-4cbe-8bde-150af7238dc4","D19","CARI","CARI.AOS.S2","CARI.SS.20240820.FIL","A00000433508","2024-08-20T21:46Z","2024-08-20T21:46Z","Illinois State Water Survey Central Analytical Laboratory",340.0,0.05458,5,"2024-08-23","B",,
"0053f04d-b511-4905-91b6-3f3dfb88ce46","D19","CARI","CARI.AOS.S2","CARI.SS.20240820.FIL","A00000433508","2024-08-20T21:46Z","2024-08-20T21:46Z","Illinois State Water Survey Central Analytical Laboratory",328.0,0.06560,5,"2024-08-23","A",,
"de5e9375-a2f6-41de-b4f9-600b22562b47","D19","CARI","CARI.AOS.S2","CARI.SS.20240820.FIL","A00000433508","2024-08-20T21:46Z","2024-08-20T21:46Z","Illinois State Water Survey Central Analytical Laboratory",458.0,0.00770,5,"2024-08-23","B",,
"da3e6247-f899-42d8-bc1e-f124f61d5d88","D19","CARI","CARI.AOS.S2","CARI.SS.20240820.FIL","A00000433508","2024-08-20T21:46Z","2024-08-20T21:46Z","Illinois State Water Survey Central Analytical Laboratory",224.0,0.30016,5,"2024-08-23","B",,
"79a98889-d3c8-4db3-8f27-94a89167f0ea","D19","CARI","CARI.AOS.S2","CARI.SS.20240820.FIL","A00000433508","2024-08-20T21:46Z","2024-08-20T21:46Z","Illinois State Water Survey Central Analytical Laboratory",284.0,0.12344,5,"2024-08-23","B",,
"f4c1b094-ffc1-4b19-b138-7557455541ff","D19","CARI","CARI.AOS.S2","CARI.SS.20240820.FIL","A00000433508","2024-08-20T21:46Z","2024-08-20T21:46Z","Illinois State Water Survey Central Analytical Laboratory",584.0,0.00236,5,"2024-08-23","B",,
"50ae478a-a557-49fa-81fb-d9ddcabb1b83","D19","CARI","CARI.AOS.S2","CARI.SS.20240820.FIL","A00000433508","2024-08-20T21:46Z","2024-08-20T21:46Z","Illinois State Water Survey Central Analytical Laboratory",298.0,0.10132,5,"2024-08-23","A",,
"b06bd36d-3679-46f8-b276-fb0f6bc66c77","D19","CARI","CARI.AOS.S2","CARI.SS.20240820.FIL","A00000433508","2024-08-20T21:46Z","2024-08-20T21:46Z","Illinois State Water Survey Central Analytical Laboratory",304.0,0.09346,5,"2024-08-23","B",,
"3ed4f56e-cc39-468b-bb04-5083793c139f","D19","CARI","CARI.AOS.S2","CARI.SS.20240820.FIL","A00000433508","2024-08-20T21:46Z","2024-08-20T21:46Z","Illinois State Water Survey Central Analytical Laboratory",424.0,0.01264,5,"2024-08-23","A",,
"cd6aa642-2502-4546-8073-809a9c4d7266","D19","CARI","CARI.AOS.S2","CARI.SS.20240820.FIL","A00000433508","2024-08-20T21:46Z","2024-08-20T21:46Z","Illinois State Water Survey Central Analytical Laboratory",266.0,0.15650,5,"2024-08-23","A",,
"22fe25ff-84c3-4db2-b596-9c0441323887","D19","CARI","CARI.AOS.S2","CARI.SS.20240820.FIL","A00000433508","2024-08-20T21:46Z","2024-08-20T21:46Z","Illinois State Water Survey Central Analytical Laboratory",472.0,0.00650,5,"2024-08-23","B",,
"401dcb95-87e2-41de-a670-ebb45fc1bc24","D19","CARI","CARI.AOS.S2","CARI.SS.20240820.FIL","A00000433508","2024-08-20T21:46Z","2024-08-20T21:46Z","Illinois State Water Survey Central Analytical Laboratory",244.0,0.19524,5,"2024-08-23","A",,
"e58a288b-3d3c-41ed-b6f4-399419428a88","D19","CARI","CARI.AOS.S2","CARI.SS.20240820.FIL","A00000433508","2024-08-20T21:46Z","2024-08-20T21:46Z","Illinois State Water Survey Central Analytical Laboratory",374.0,0.03010,5,"2024-08-23","B",,
"496d51ed-0fb6-4601-9bcf-b20406aab865","D19","CARI","CARI.AOS.S2","CARI.SS.20240820.FIL","A00000433508","2024-08-20T21:46Z","2024-08-20T21:46Z","Illinois State Water Survey Central Analytical Laboratory",508.0,0.00438,5,"2024-08-23","B",,
"da202583-0df2-4147-bd54-21e039bd7ae0","D19","CARI","CARI.AOS.S2","CARI.SS.20240820.FIL","A00000433508","2024-08-20T21:46Z","2024-08-20T21:46Z","Illinois State Water Survey Central Analytical Laboratory",234.0,0.22706,5,"2024-08-23","B",,
"ac6dcb77-ceca-46de-8e7d-f90504ed71e1","D19","CARI","CARI.AOS.S2","CARI.SS.20240820.FIL","A00000433508","2024-08-20T21:46Z","2024-08-20T21:46Z","Illinois State Water Survey Central Analytical Laboratory",570.0,0.00262,5,"2024-08-23","B",,
"e688ebd2-0118-4da5-b170-1dec073dace5","D19","CARI","CARI.AOS.S2","CARI.SS.20240820.FIL","A00000433508","2024-08-20T21:46Z","2024-08-20T21:46Z","Illinois State Water Survey Central Analytical Laboratory",250.0,0.18366,5,"2024-08-23","A",,
"4c9ad2b6-7c3c-4c79-ae54-d4c4ce127ddd","D19","CARI","CARI.AOS.S2","CARI.SS.20240820.FIL","A00000433508","2024-08-20T21:46Z","2024-08-20T21:46Z","Illinois State Water Survey Central Analytical Laboratory",442.0,0.00960,5,"2024-08-23","A",,
"5936fb62-e1ee-460d-bb01-1922a84b13bd","D19","CARI","CARI.AOS.S2","CARI.SS.20240820.FIL","A00000433508","2024-08-20T21:46Z","2024-08-20T21:46Z","Illinois State Water Survey Central Analytical Laboratory",400.0,0.01884,5,"2024-08-23","B",,
"6ee27486-b292-448f-bb2e-250d75b5a6f8","D19","CARI","CARI.AOS.S2","CARI.SS.20240820.FIL","A00000433508","2024-08-20T21:46Z","2024-08-20T21:46Z","Illinois State Water Survey Central Analytical Laboratory",526.0,0.00364,5,"2024-08-23","A",,
"1f0bb6f7-c89c-4098-90ec-3881cb0ce7bd","D19","CARI","CARI.AOS.S2","CARI.SS.20240820.FIL","A00000433508","2024-08-20T21:46Z","2024-08-20T21:46Z","Illinois State Water Survey Central Analytical Laboratory",532.0,0.00344,5,"2024-08-23","A",,
"33dc5ae4-d0e5-4818-9ef7-894b4b142a8c","D19","CARI","CARI.AOS.S2","CARI.SS.20240820.FIL","A00000433508","2024-08-20T21:46Z","2024-08-20T21:46Z","Illinois State Water Survey Central Analytical Laboratory",580.0,0.00248,5,"2024-08-23","B",,
"f8aee935-799a-4126-87d7-ff39dcafce79","D19","CARI","CARI.AOS.S2","CARI.SS.20240820.FIL","A00000433508","2024-08-20T21:46Z","2024-08-20T21:46Z","Illinois State Water Survey Central Analytical Laboratory",224.0,0.30002,5,"2024-08-23","A",,
"ec3e27da-ae74-4a6d-b375-b7393b642fd2","D19","CARI","CARI.AOS.S2","CARI.SS.20240820.FIL","A00000433508","2024-08-20T21:46Z","2024-08-20T21:46Z","Illinois State Water Survey Central Analytical Laboratory",446.0,0.00902,5,"2024-08-23","A",,
"6ffef272-9595-4ca7-b8e1-37272f62048a","D19","CARI","CARI.AOS.S2","CARI.SS.20240820.FIL","A00000433508","2024-08-20T21:46Z","2024-08-20T21:46Z","Illinois State Water Survey Central Analytical Laboratory",264.0,0.16048,5,"2024-08-23","B",,
"095ef9c3-0b18-49d8-9a12-d5f1e2d16461","D19","CARI","CARI.AOS.S2","CARI.SS.20240820.FIL","A00000433508","2024-08-20T21:46Z","2024-08-20T21:46Z","Illinois State Water Survey Central Analytical Laboratory",240.0,0.20486,5,"2024-08-23","A",,
"6a52af8c-417e-4da4-95e4-21b4d879b361","D19","CARI","CARI.AOS.S2","CARI.SS.20240820.FIL","A00000433508","2024-08-20T21:46Z","2024-08-20T21:46Z","Illinois State Water Survey Central Analytical Laboratory",578.0,0.00248,5,"2024-08-23","B",,
"f5f1ce06-da2f-43b4-bae5-9573bd9fe930","D19","CARI","CARI.AOS.S2","CARI.SS.20240820.FIL","A00000433508","2024-08-20T21:46Z","2024-08-20T21:46Z","Illinois State Water Survey Central Analytical Laboratory",384.0,0.02498,5,"2024-08-23","A",,
"32b9721f-b829-4c34-9e07-405bd303e6ef","D19","CARI","CARI.AOS.S2","CARI.SS.20240820.FIL","A00000433508","2024-08-20T21:46Z","2024-08-20T21:46Z","Illinois State Water Survey Central Analytical Laboratory",356.0,0.04174,5,"2024-08-23","A",,
"f98870cc-5c9b-4658-9d7b-595ea20c0e78","D19","CARI","CARI.AOS.S2","CARI.SS.20240820.FIL","A00000433508","2024-08-20T21:46Z","2024-08-20T21:46Z","Illinois State Water Survey Central Analytical Laboratory",302.0,0.09616,5,"2024-08-23","B",,
"a0aaed4c-828e-445d-8c33-6815e08e767a","D19","CARI","CARI.AOS.S2","CARI.SS.20240820.FIL","A00000433508","2024-08-20T21:46Z","2024-08-20T21:46Z","Illinois State Water Survey Central Analytical Laboratory",522.0,0.00376,5,"2024-08-23","A",,
"1204ddcb-65d5-48e4-815d-925431e74346","D19","CARI","CARI.AOS.S2","CARI.SS.20240820.FIL","A00000433508","2024-08-20T21:46Z","2024-08-20T21:46Z","Illinois State Water Survey Central Analytical Laboratory",322.0,0.07170,5,"2024-08-23","A",,
"0bcb6838-3ecd-47b0-9d54-df113fbe46a3","D19","CARI","CARI.AOS.S2","CARI.SS.20240820.FIL","A00000433508","2024-08-20T21:46Z","2024-08-20T21:46Z","Illinois State Water Survey Central Analytical Laboratory",240.0,0.20508,5,"2024-08-23","B",,
"604c1ff8-f025-4dca-89f6-387efa8b2e11","D19","CARI","CARI.AOS.S2","CARI.SS.20240820.FIL","A00000433508","2024-08-20T21:46Z","2024-08-20T21:46Z","Illinois State Water Survey Central Analytical Laboratory",230.0,0.25040,5,"2024-08-23","B",,
"c8d9c966-e141-4384-b1be-ce3ccdcf0b8e","D19","CARI","CARI.AOS.S2","CARI.SS.20240820.FIL","A00000433508","2024-08-20T21:46Z","2024-08-20T21:46Z","Illinois State Water Survey Central Analytical Laboratory",268.0,0.15278,5,"2024-08-23","A",,
"f4f1a639-a051-441e-81c6-22d4809a2a37","D19","CARI","CARI.AOS.S2","CARI.SS.20240820.FIL","A00000433508","2024-08-20T21:46Z","2024-08-20T21:46Z","Illinois State Water Survey Central Analytical Laboratory",322.0,0.07186,5,"2024-08-23","B",,
"c72a8a2d-79e4-4048-9a40-90214f40e1ea","D19","CARI","CARI.AOS.S2","CARI.SS.20240820.FIL","A00000433508","2024-08-20T21:46Z","2024-08-20T21:46Z","Illinois State Water Survey Central Analytical Laboratory",392.0,0.02156,5,"2024-08-23","A",,
"ce5bbfbf-1b65-498e-85f9-b6270a138158","D19","CARI","CARI.AOS.S2","CARI.SS.20240820.FIL","A00000433508","2024-08-20T21:46Z","2024-08-20T21:46Z","Illinois State Water Survey Central Analytical Laboratory",424.0,0.01266,5,"2024-08-23","B",,
"79a350b4-c666-4758-ae1c-7fad74311534","D19","CARI","CARI.AOS.S2","CARI.SS.20240820.FIL","A00000433508","2024-08-20T21:46Z","2024-08-20T21:46Z","Illinois State Water Survey Central Analytical Laboratory",242.0,0.19966,5,"2024-08-23","B",,
"7f03189b-d9d8-4475-b6a2-6d23c7a6ada2","D19","CARI","CARI.AOS.S2","CARI.SS.20240820.FIL","A00000433508","2024-08-20T21:46Z","2024-08-20T21:46Z","Illinois State Water Survey Central Analytical Laboratory",318.0,0.07622,5,"2024-08-23","B",,
"4db5915f-cf94-4105-a9bd-01d0c35d088d","D19","CARI","CARI.AOS.S2","CARI.SS.20240820.FIL","A00000433508","2024-08-20T21:46Z","2024-08-20T21:46Z","Illinois State Water Survey Central Analytical Laboratory",290.0,0.11362,5,"2024-08-23","B",,
"49b67f3d-ea0a-4a94-8a98-bdf710f93a5d","D19","CARI","CARI.AOS.S2","CARI.SS.20240820.FIL","A00000433508","2024-08-20T21:46Z","2024-08-20T21:46Z","Illinois State Water Survey Central Analytical Laboratory",458.0,0.00768,5,"2024-08-23","A",,
"55d99c37-7e40-4b21-9919-a32de60073be","D19","CARI","CARI.AOS.S2","CARI.SS.20240820.FIL","A00000433508","2024-08-20T21:46Z","2024-08-20T21:46Z","Illinois State Water Survey Central Analytical Laboratory",560.0,0.00278,5,"2024-08-23","A",,
"d1600256-6440-40ac-a8c2-6cbbcf5aaf73","D19","CARI","CARI.AOS.S2","CARI.SS.20240820.FIL","A00000433508","2024-08-20T21:46Z","2024-08-20T21:46Z","Illinois State Water Survey Central Analytical Laboratory",570.0,0.00256,5,"2024-08-23","A",,
"062d11bb-968c-4e06-b26f-7148279d6831","D19","CARI","CARI.AOS.S2","CARI.SS.20240820.FIL","A00000433508","2024-08-20T21:46Z","2024-08-20T21:46Z","Illinois State Water Survey Central Analytical Laboratory",534.0,0.00334,5,"2024-08-23","A",,
"7039cf62-12cf-4f5b-9eeb-770a0e5811e9","D19","CARI","CARI.AOS.S2","CARI.SS.20240820.FIL","A00000433508","2024-08-20T21:46Z","2024-08-20T21:46Z","Illinois State Water Survey Central Analytical Laboratory",444.0,0.00932,5,"2024-08-23","A",,
"44f1a20f-5477-466a-97d7-7cff23fd0c80","D19","CARI","CARI.AOS.S2","CARI.SS.20240820.FIL","A00000433508","2024-08-20T21:46Z","2024-08-20T21:46Z","Illinois State Water Survey Central Analytical Laboratory",434.0,0.01078,5,"2024-08-23","A",,
"30d74caa-d9c8-4e9c-9257-c3342cb86c0c","D19","CARI","CARI.AOS.S2","CARI.SS.20240820.FIL","A00000433508","2024-08-20T21:46Z","2024-08-20T21:46Z","Illinois State Water Survey Central Analytical Laboratory",394.0,0.02082,5,"2024-08-23","A",,
"b7b15a52-24d4-498d-b636-19f5c56572f5","D19","CARI","CARI.AOS.S2","CARI.SS.20240820.FIL","A00000433508","2024-08-20T21:46Z","2024-08-20T21:46Z","Illinois State Water Survey Central Analytical Laboratory",228.0,0.26232,5,"2024-08-23","A",,
"1f2ce9ce-c073-485a-9c13-9796b199b922","D19","CARI","CARI.AOS.S2","CARI.SS.20240820.FIL","A00000433508","2024-08-20T21:46Z","2024-08-20T21:46Z","Illinois State Water Survey Central Analytical Laboratory",350.0,0.04638,5,"2024-08-23","A",,
"8ce299ef-cb8e-4328-8eb3-b9cf09d37b36","D19","CARI","CARI.AOS.S2","CARI.SS.20240820.FIL","A00000433508","2024-08-20T21:46Z","2024-08-20T21:46Z","Illinois State Water Survey Central Analytical Laboratory",254.0,0.17724,5,"2024-08-23","A",,
"535edc11-f67e-41b0-aa57-00ef9529aeef","D19","CARI","CARI.AOS.S2","CARI.SS.20240820.FIL","A00000433508","2024-08-20T21:46Z","2024-08-20T21:46Z","Illinois State Water Survey Central Analytical Laboratory",416.0,0.01426,5,"2024-08-23","A",,
"ed4a1e77-f441-401f-bf1e-81b9f277a171","D19","CARI","CARI.AOS.S2","CARI.SS.20240820.FIL","A00000433508","2024-08-20T21:46Z","2024-08-20T21:46Z","Illinois State Water Survey Central Analytical Laboratory",256.0,0.17388,5,"2024-08-23","A",,
"3cb80083-4f35-42b5-b64b-947361b3fac7","D19","CARI","CARI.AOS.S2","CARI.SS.20240820.FIL","A00000433508","2024-08-20T21:46Z","2024-08-20T21:46Z","Illinois State Water Survey Central Analytical Laboratory",524.0,0.00380,5,"2024-08-23","B",,
"e3053728-5c6e-4db2-8e39-1866e7f7104a","D19","CARI","CARI.AOS.S2","CARI.SS.20240820.FIL","A00000433508","2024-08-20T21:46Z","2024-08-20T21:46Z","Illinois State Water Survey Central Analytical Laboratory",462.0,0.00728,5,"2024-08-23","A",,
"d5ab6f1e-1912-4b26-bce1-5310fee727d3","D19","CARI","CARI.AOS.S2","CARI.SS.20240820.FIL","A00000433508","2024-08-20T21:46Z","2024-08-20T21:46Z","Illinois State Water Survey Central Analytical Laboratory",542.0,0.00310,5,"2024-08-23","A",,
"b18a43a5-af15-43ef-8d45-19e736daffd8","D19","CARI","CARI.AOS.S2","CARI.SS.20240820.FIL","A00000433508","2024-08-20T21:46Z","2024-08-20T21:46Z","Illinois State Water Survey Central Analytical Laboratory",398.0,0.01946,5,"2024-08-23","B",,
"238dec1d-3000-49e4-9dd6-14a4f5cee36f","D19","CARI","CARI.AOS.S2","CARI.SS.20240820.FIL","A00000433508","2024-08-20T21:46Z","2024-08-20T21:46Z","Illinois State Water Survey Central Analytical Laboratory",554.0,0.00304,5,"2024-08-23","B",,
"31ef8f7a-bc2e-42a4-abfd-e0b6dfa43c9f","D19","CARI","CARI.AOS.S2","CARI.SS.20240820.FIL","A00000433508","2024-08-20T21:46Z","2024-08-20T21:46Z","Illinois State Water Survey Central Analytical Laboratory",284.0,0.12316,5,"2024-08-23","A",,
"1347967a-3673-44de-81dd-10ea6cb632ea","D19","CARI","CARI.AOS.S2","CARI.SS.20240820.FIL","A00000433508","2024-08-20T21:46Z","2024-08-20T21:46Z","Illinois State Water Survey Central Analytical Laboratory",260.0,0.16734,5,"2024-08-23","A",,
"e46b879c-6c2a-4889-b454-ff6308651df0","D19","CARI","CARI.AOS.S2","CARI.SS.20240820.FIL","A00000433508","2024-08-20T21:46Z","2024-08-20T21:46Z","Illinois State Water Survey Central Analytical Laboratory",452.0,0.00828,5,"2024-08-23","A",,
"fe7f1d04-5d29-4cd3-8fd9-54643c15b1f2","D19","CARI","CARI.AOS.S2","CARI.SS.20240820.FIL","A00000433508","2024-08-20T21:46Z","2024-08-20T21:46Z","Illinois State Water Survey Central Analytical Laboratory",348.0,0.04798,5,"2024-08-23","B",,
"40a9aa0c-8541-425a-995a-09425e1b8e5e","D19","CARI","CARI.AOS.S2","CARI.SS.20240820.FIL","A00000433508","2024-08-20T21:46Z","2024-08-20T21:46Z","Illinois State Water Survey Central Analytical Laboratory",380.0,0.02698,5,"2024-08-23","B",,
"1df59583-a0eb-4af3-a748-8e270445f46d","D19","CARI","CARI.AOS.S2","CARI.SS.20240820.FIL","A00000433508","2024-08-20T21:46Z","2024-08-20T21:46Z","Illinois State Water Survey Central Analytical Laboratory",594.0,0.00230,5,"2024-08-23","B",,
"9392da84-aa12-42c1-af9c-e1917bf867fd","D19","CARI","CARI.AOS.S2","CARI.SS.20240820.FIL","A00000433508","2024-08-20T21:46Z","2024-08-20T21:46Z","Illinois State Water Survey Central Analytical Laboratory",242.0,0.19946,5,"2024-08-23","A",,
"5465eb94-ec9a-4af9-b734-b75f9b5f7a77","D19","CARI","CARI.AOS.S2","CARI.SS.20240820.FIL","A00000433508","2024-08-20T21:46Z","2024-08-20T21:46Z","Illinois State Water Survey Central Analytical Laboratory",572.0,0.00256,5,"2024-08-23","A",,
"007ee067-a487-4f98-972a-1893ffb8da79","D19","CARI","CARI.AOS.S2","CARI.SS.20240820.FIL","A00000433508","2024-08-20T21:46Z","2024-08-20T21:46Z","Illinois State Water Survey Central Analytical Laboratory",576.0,0.00250,5,"2024-08-23","A",,
"924ee574-2f0a-4898-8874-5f679ccc3daf","D19","CARI","CARI.AOS.S2","CARI.SS.20240820.FIL","A00000433508","2024-08-20T21:46Z","2024-08-20T21:46Z","Illinois State Water Survey Central Analytical Laboratory",330.0,0.06360,5,"2024-08-23","A",,
"8d85ee2a-183f-453f-a3b7-73324671d41a","D19","CARI","CARI.AOS.S2","CARI.SS.20240820.FIL","A00000433508","2024-08-20T21:46Z","2024-08-20T21:46Z","Illinois State Water Survey Central Analytical Laboratory",356.0,0.04170,5,"2024-08-23","B",,
"69206467-8d02-4faf-9754-5ba5205415b9","D19","CARI","CARI.AOS.S2","CARI.SS.20240820.FIL","A00000433508","2024-08-20T21:46Z","2024-08-20T21:46Z","Illinois State Water Survey Central Analytical Laboratory",404.0,0.01760,5,"2024-08-23","B",,
"f1c3298f-614e-4d64-82b8-3cf30f82e887","D19","CARI","CARI.AOS.S2","CARI.SS.20240820.FIL","A00000433508","2024-08-20T21:46Z","2024-08-20T21:46Z","Illinois State Water Survey Central Analytical Laboratory",512.0,0.00414,5,"2024-08-23","A",,
"45c34e28-fab3-4a40-9bd4-b90376f6ece8","D19","CARI","CARI.AOS.S2","CARI.SS.20240820.FIL","A00000433508","2024-08-20T21:46Z","2024-08-20T21:46Z","Illinois State Water Survey Central Analytical Laboratory",234.0,0.22686,5,"2024-08-23","A",,
"ca2e1f12-7b2b-45d7-8d2b-8e7a33510ad3","D19","CARI","CARI.AOS.S2","CARI.SS.20240820.FIL","A00000433508","2024-08-20T21:46Z","2024-08-20T21:46Z","Illinois State Water Survey Central Analytical Laboratory",412.0,0.01530,5,"2024-08-23","B",,
"adddb165-b063-49a1-b011-c8800ce9c5d5","D19","CARI","CARI.AOS.S2","CARI.SS.20240820.FIL","A00000433508","2024-08-20T21:46Z","2024-08-20T21:46Z","Illinois State Water Survey Central Analytical Laboratory",274.0,0.14120,5,"2024-08-23","A",,
"b93a3219-18e0-418d-93e9-e7f6af5c6ba4","D19","CARI","CARI.AOS.S2","CARI.SS.20240820.FIL","A00000433508","2024-08-20T21:46Z","2024-08-20T21:46Z","Illinois State Water Survey Central Analytical Laboratory",578.0,0.00242,5,"2024-08-23","A",,
"03b85584-f81f-4582-8fc8-2da3c18892b4","D19","CARI","CARI.AOS.S2","CARI.SS.20240820.FIL","A00000433508","2024-08-20T21:46Z","2024-08-20T21:46Z","Illinois State Water Survey Central Analytical Laboratory",304.0,0.09318,5,"2024-08-23","A",,
"b5ba12c4-6a02-4a65-b7ab-76eba40abb14","D19","CARI","CARI.AOS.S2","CARI.SS.20240820.FIL","A00000433508","2024-08-20T21:46Z","2024-08-20T21:46Z","Illinois State Water Survey Central Analytical Laboratory",484.0,0.00562,5,"2024-08-23","A",,
"ad35d243-0991-4cfa-bd29-f586bbc82717","D19","CARI","CARI.AOS.S2","CARI.SS.20240820.FIL","A00000433508","2024-08-20T21:46Z","2024-08-20T21:46Z","Illinois State Water Survey Central Analytical Laboratory",468.0,0.00680,5,"2024-08-23","B",,
"be5dedec-8571-4d4d-9810-d94e9b59fd78","D19","CARI","CARI.AOS.S2","CARI.SS.20240820.FIL","A00000433508","2024-08-20T21:46Z","2024-08-20T21:46Z","Illinois State Water Survey Central Analytical Laboratory",276.0,0.13772,5,"2024-08-23","B",,
"6164c282-c42f-40f8-bcca-56d76b27e589","D19","CARI","CARI.AOS.S2","CARI.SS.20240820.FIL","A00000433508","2024-08-20T21:46Z","2024-08-20T21:46Z","Illinois State Water Survey Central Analytical Laboratory",370.0,0.03244,5,"2024-08-23","A",,
"979710e0-104b-4a5d-9599-ea17d3c198a1","D19","CARI","CARI.AOS.S2","CARI.SS.20240820.FIL","A00000433508","2024-08-20T21:46Z","2024-08-20T21:46Z","Illinois State Water Survey Central Analytical Laboratory",340.0,0.05460,5,"2024-08-23","A",,
"d725fcf4-e169-400e-886d-02f490a2fc2f","D19","CARI","CARI.AOS.S2","CARI.SS.20240820.FIL","A00000433508","2024-08-20T21:46Z","2024-08-20T21:46Z","Illinois State Water Survey Central Analytical Laboratory",392.0,0.02162,5,"2024-08-23","B",,
"ea0ae941-4ae9-4675-8225-7d473bdb5dd1","D19","CARI","CARI.AOS.S2","CARI.SS.20240820.FIL","A00000433508","2024-08-20T21:46Z","2024-08-20T21:46Z","Illinois State Water Survey Central Analytical Laboratory",428.0,0.01192,5,"2024-08-23","B",,
"99420226-29e3-4858-ac78-8e6187eacdb1","D19","CARI","CARI.AOS.S2","CARI.SS.20240820.FIL","A00000433508","2024-08-20T21:46Z","2024-08-20T21:46Z","Illinois State Water Survey Central Analytical Laboratory",428.0,0.01188,5,"2024-08-23","A",,
"0fd1dcb6-97e7-4b0e-bb4e-ccac5bd000d9","D19","CARI","CARI.AOS.S2","CARI.SS.20240820.FIL","A00000433508","2024-08-20T21:46Z","2024-08-20T21:46Z","Illinois State Water Survey Central Analytical Laboratory",500.0,0.00474,5,"2024-08-23","B",,
"8c589ed5-1e0f-44f9-a558-f855e23d60ea","D19","CARI","CARI.AOS.S2","CARI.SS.20240820.FIL","A00000433508","2024-08-20T21:46Z","2024-08-20T21:46Z","Illinois State Water Survey Central Analytical Laboratory",346.0,0.04956,5,"2024-08-23","A",,
"8ee16639-1b38-455d-b560-03cca4e2b11e","D19","CARI","CARI.AOS.S2","CARI.SS.20240820.FIL","A00000433508","2024-08-20T21:46Z","2024-08-20T21:46Z","Illinois State Water Survey Central Analytical Laboratory",520.0,0.00386,5,"2024-08-23","B",,
"e5b4b192-a52a-4428-bf43-63710ae7ba43","D19","CARI","CARI.AOS.S2","CARI.SS.20240820.FIL","A00000433508","2024-08-20T21:46Z","2024-08-20T21:46Z","Illinois State Water Survey Central Analytical Laboratory",254.0,0.17748,5,"2024-08-23","B",,
"efaaba9b-a100-4057-a9d3-64626622df8b","D19","CARI","CARI.AOS.S2","CARI.SS.20240820.FIL","A00000433508","2024-08-20T21:46Z","2024-08-20T21:46Z","Illinois State Water Survey Central Analytical Laboratory",248.0,0.18700,5,"2024-08-23","A",,
"e5578038-e610-4674-886a-89325def0b4a","D19","CARI","CARI.AOS.S2","CARI.SS.20240820.FIL","A00000433508","2024-08-20T21:46Z","2024-08-20T21:46Z","Illinois State Water Survey Central Analytical Laboratory",538.0,0.00328,5,"2024-08-23","B",,
"ab721605-b87f-435f-8699-effa93cf54bd","D19","CARI","CARI.AOS.S2","CARI.SS.20240820.FIL","A00000433508","2024-08-20T21:46Z","2024-08-20T21:46Z","Illinois State Water Survey Central Analytical Laboratory",396.0,0.02012,5,"2024-08-23","A",,
"f67be2c0-b4b9-4e8b-8b62-b63dd54d3746","D19","CARI","CARI.AOS.S2","CARI.SS.20240820.FIL","A00000433508","2024-08-20T21:46Z","2024-08-20T21:46Z","Illinois State Water Survey Central Analytical Laboratory",596.0,0.00220,5,"2024-08-23","B",,
"9066f819-86c4-4af0-b9fc-82eeeb1697df","D19","CARI","CARI.AOS.S2","CARI.SS.20240820.FIL","A00000433508","2024-08-20T21:46Z","2024-08-20T21:46Z","Illinois State Water Survey Central Analytical Laboratory",576.0,0.00252,5,"2024-08-23","B",,
"d57044cc-53d2-40e0-87d9-90dcfebe2f79","D19","CARI","CARI.AOS.S2","CARI.SS.20240820.FIL","A00000433508","2024-08-20T21:46Z","2024-08-20T21:46Z","Illinois State Water Survey Central Analytical Laboratory",332.0,0.06174,5,"2024-08-23","B",,
"c6de9764-68d3-4f1b-ab91-ff0bc6a5a799","D19","CARI","CARI.AOS.S2","CARI.SS.20240820.FIL","A00000433508","2024-08-20T21:46Z","2024-08-20T21:46Z","Illinois State Water Survey Central Analytical Laboratory",406.0,0.01698,5,"2024-08-23","B",,
"01c54552-6988-4ca4-a20e-a1649a907146","D19","CARI","CARI.AOS.S2","CARI.SS.20240820.FIL","A00000433508","2024-08-20T21:46Z","2024-08-20T21:46Z","Illinois State Water Survey Central Analytical Laboratory",252.0,0.18022,5,"2024-08-23","A",,
"966efcf0-5875-4778-81c0-17a734d1df3e","D19","CARI","CARI.AOS.S2","CARI.SS.20240820.FIL","A00000433508","2024-08-20T21:46Z","2024-08-20T21:46Z","Illinois State Water Survey Central Analytical Laboratory",332.0,0.06172,5,"2024-08-23","A",,
"1f623c42-5beb-4a26-8924-57d890604990","D19","CARI","CARI.AOS.S2","CARI.SS.20240820.FIL","A00000433508","2024-08-20T21:46Z","2024-08-20T21:46Z","Illinois State Water Survey Central Analytical Laboratory",384.0,0.02502,5,"2024-08-23","B",,
"df1162d3-db5f-408c-8f35-d8b4b6c3e053","D19","CARI","CARI.AOS.S2","CARI.SS.20240820.FIL","A00000433508","2024-08-20T21:46Z","2024-08-20T21:46Z","Illinois State Water Survey Central Analytical Laboratory",334.0,0.06002,5,"2024-08-23","B",,
"2e6c8845-0168-417c-951b-c573df1d604c","D19","CARI","CARI.AOS.S2","CARI.SS.20240820.FIL","A00000433508","2024-08-20T21:46Z","2024-08-20T21:46Z","Illinois State Water Survey Central Analytical Laboratory",502.0,0.00468,5,"2024-08-23","B",,
"c826196d-e463-4146-9949-ed1808cfb5c3","D19","CARI","CARI.AOS.S2","CARI.SS.20240820.FIL","A00000433508","2024-08-20T21:46Z","2024-08-20T21:46Z","Illinois State Water Survey Central Analytical Laboratory",562.0,0.00282,5,"2024-08-23","B",,
"4a830139-c6ce-4b51-af29-3d1d7e0dd855","D19","CARI","CARI.AOS.S2","CARI.SS.20240820.FIL","A00000433508","2024-08-20T21:46Z","2024-08-20T21:46Z","Illinois State Water Survey Central Analytical Laboratory",434.0,0.01082,5,"2024-08-23","B",,
"fcbf6ea6-e5b1-4abd-9697-9ba1753a6a67","D19","CARI","CARI.AOS.S2","CARI.SS.20240820.FIL","A00000433508","2024-08-20T21:46Z","2024-08-20T21:46Z","Illinois State Water Survey Central Analytical Laboratory",450.0,0.00858,5,"2024-08-23","B",,
"a226fbe7-0f1f-4d08-90d4-489fd20db9ba","D19","CARI","CARI.AOS.S2","CARI.SS.20240820.FIL","A00000433508","2024-08-20T21:46Z","2024-08-20T21:46Z","Illinois State Water Survey Central Analytical Laboratory",558.0,0.00284,5,"2024-08-23","B",,
"1e97575d-7d85-4877-aa44-e3078fb1bba8","D19","CARI","CARI.AOS.S2","CARI.SS.20240820.FIL","A00000433508","2024-08-20T21:46Z","2024-08-20T21:46Z","Illinois State Water Survey Central Analytical Laboratory",416.0,0.01426,5,"2024-08-23","B",,
"9f3e8df9-9a2e-4f91-9f46-59b59c2e2cb1","D19","CARI","CARI.AOS.S2","CARI.SS.20240820.FIL","A00000433508","2024-08-20T21:46Z","2024-08-20T21:46Z","Illinois State Water Survey Central Analytical Laboratory",556.0,0.00288,5,"2024-08-23","A",,
"8c4892b6-071f-453f-b92b-b93c1358b859","D19","CARI","CARI.AOS.S2","CARI.SS.20240820.FIL","A00000433508","2024-08-20T21:46Z","2024-08-20T21:46Z","Illinois State Water Survey Central Analytical Laboratory",420.0,0.01342,5,"2024-08-23","A",,
"f13350fa-3c3d-4942-a574-3ca05c53fd3d","D19","CARI","CARI.AOS.S2","CARI.SS.20240820.FIL","A00000433508","2024-08-20T21:46Z","2024-08-20T21:46Z","Illinois State Water Survey Central Analytical Laboratory",302.0,0.09586,5,"2024-08-23","A",,
"9b4913c6-6638-47bb-8023-63a019fcd3a2","D19","CARI","CARI.AOS.S2","CARI.SS.20240820.FIL","A00000433508","2024-08-20T21:46Z","2024-08-20T21:46Z","Illinois State Water Survey Central Analytical Laboratory",498.0,0.00478,5,"2024-08-23","A",,
"b3fd3aa0-6df1-4f27-8f95-b87f670756d1","D19","CARI","CARI.AOS.S2","CARI.SS.20240820.FIL","A00000433508","2024-08-20T21:46Z","2024-08-20T21:46Z","Illinois State Water Survey Central Analytical Laboratory",394.0,0.02084,5,"2024-08-23","B",,
"7cda9785-e953-413c-9d1d-89565c8d7bed","D19","CARI","CARI.AOS.S2","CARI.SS.20240820.FIL","A00000433508","2024-08-20T21:46Z","2024-08-20T21:46Z","Illinois State Water Survey Central Analytical Laboratory",544.0,0.00316,5,"2024-08-23","B",,
"e239ed14-9f17-4cbe-adfa-2c62dcd3cb69","D19","CARI","CARI.AOS.S2","CARI.SS.20240820.FIL","A00000433508","2024-08-20T21:46Z","2024-08-20T21:46Z","Illinois State Water Survey Central Analytical Laboratory",354.0,0.04322,5,"2024-08-23","B",,
"2e92a0b6-3c83-4f6b-bf3c-574cd21098e8","D19","CARI","CARI.AOS.S2","CARI.SS.20240820.FIL","A00000433508","2024-08-20T21:46Z","2024-08-20T21:46Z","Illinois State Water Survey Central Analytical Laboratory",470.0,0.00662,5,"2024-08-23","A",,
"f9708d93-ea1b-4e08-92c3-99bbce486f08","D19","CARI","CARI.AOS.S2","CARI.SS.20240820.FIL","A00000433508","2024-08-20T21:46Z","2024-08-20T21:46Z","Illinois State Water Survey Central Analytical Laboratory",540.0,0.00332,5,"2024-08-23","B",,
"b463f671-3114-4a5f-8944-59af2f88ec7d","D19","CARI","CARI.AOS.S2","CARI.SS.20240820.FIL","A00000433508","2024-08-20T21:46Z","2024-08-20T21:46Z","Illinois State Water Survey Central Analytical Laboratory",462.0,0.00732,5,"2024-08-23","B",,
"03b41816-8a14-40fe-bdcf-becacdca5a67","D19","CARI","CARI.AOS.S2","CARI.SS.20240820.FIL","A00000433508","2024-08-20T21:46Z","2024-08-20T21:46Z","Illinois State Water Survey Central Analytical Laboratory",292.0,0.11012,5,"2024-08-23","A",,
"2078aa19-277e-48c0-b6cf-bc63d82f8512","D19","CARI","CARI.AOS.S2","CARI.SS.20240820.FIL","A00000433508","2024-08-20T21:46Z","2024-08-20T21:46Z","Illinois State Water Survey Central Analytical Laboratory",486.0,0.00552,5,"2024-08-23","A",,
"a79acb0f-9231-456d-91d7-50f3045c6c14","D19","CARI","CARI.AOS.S2","CARI.SS.20240820.FIL","A00000433508","2024-08-20T21:46Z","2024-08-20T21:46Z","Illinois State Water Survey Central Analytical Laboratory",510.0,0.00432,5,"2024-08-23","B",,
"23f48c16-71d2-4c04-9517-205d4e522512","D19","CARI","CARI.AOS.S2","CARI.SS.20240820.FIL","A00000433508","2024-08-20T21:46Z","2024-08-20T21:46Z","Illinois State Water Survey Central Analytical Laboratory",408.0,0.01638,5,"2024-08-23","A",,
"551c8f8f-385a-4b49-a387-175732727ec3","D19","CARI","CARI.AOS.S2","CARI.SS.20240820.FIL","A00000433508","2024-08-20T21:46Z","2024-08-20T21:46Z","Illinois State Water Survey Central Analytical Laboratory",502.0,0.00462,5,"2024-08-23","A",,
"ecd07a1f-a6cf-4873-b841-6eb60df2f13d","D19","CARI","CARI.AOS.S2","CARI.SS.20240820.FIL","A00000433508","2024-08-20T21:46Z","2024-08-20T21:46Z","Illinois State Water Survey Central Analytical Laboratory",358.0,0.04036,5,"2024-08-23","B",,
"13e92b66-bb3b-4783-91d9-bb4a6e490423","D19","CARI","CARI.AOS.S2","CARI.SS.20240820.FIL","A00000433508","2024-08-20T21:46Z","2024-08-20T21:46Z","Illinois State Water Survey Central Analytical Laboratory",316.0,0.07872,5,"2024-08-23","B",,
"5dff1241-3105-4606-b3d2-25840555f958","D19","CARI","CARI.AOS.S2","CARI.SS.20240820.FIL","A00000433508","2024-08-20T21:46Z","2024-08-20T21:46Z","Illinois State Water Survey Central Analytical Laboratory",308.0,0.08818,5,"2024-08-23","B",,
"d58444a7-16d1-4c70-ac71-6a708caeccfd","D19","CARI","CARI.AOS.S2","CARI.SS.20240820.FIL","A00000433508","2024-08-20T21:46Z","2024-08-20T21:46Z","Illinois State Water Survey Central Analytical Laboratory",312.0,0.08328,5,"2024-08-23","B",,
"ee2e4a7d-722b-44a1-8b77-e2adc53f1c04","D19","CARI","CARI.AOS.S2","CARI.SS.20240820.FIL","A00000433508","2024-08-20T21:46Z","2024-08-20T21:46Z","Illinois State Water Survey Central Analytical Laboratory",586.0,0.00224,5,"2024-08-23","B",,
"02e382bb-6fa4-46eb-8825-d1db338ea454","D19","CARI","CARI.AOS.S2","CARI.SS.20240820.FIL","A00000433508","2024-08-20T21:46Z","2024-08-20T21:46Z","Illinois State Water Survey Central Analytical Laboratory",492.0,0.00522,5,"2024-08-23","B",,
"e954c24e-35df-43e3-8b6f-d6552695cdfe","D19","CARI","CARI.AOS.S2","CARI.SS.20240820.FIL","A00000433508","2024-08-20T21:46Z","2024-08-20T21:46Z","Illinois State Water Survey Central Analytical Laboratory",426.0,0.01226,5,"2024-08-23","A",,
"ca8702e6-65c8-460e-802a-aeba69406969","D19","CARI","CARI.AOS.S2","CARI.SS.20240820.FIL","A00000433508","2024-08-20T21:46Z","2024-08-20T21:46Z","Illinois State Water Survey Central Analytical Laboratory",422.0,0.01306,5,"2024-08-23","B",,
"56933d6e-89c7-4d0a-8915-36d43c92e643","D19","CARI","CARI.AOS.S2","CARI.SS.20240820.FIL","A00000433508","2024-08-20T21:46Z","2024-08-20T21:46Z","Illinois State Water Survey Central Analytical Laboratory",422.0,0.01302,5,"2024-08-23","A",,
"3feb5a67-0d4a-4da7-85e6-52dda56321c1","D19","CARI","CARI.AOS.S2","CARI.SS.20240820.FIL","A00000433508","2024-08-20T21:46Z","2024-08-20T21:46Z","Illinois State Water Survey Central Analytical Laboratory",482.0,0.00582,5,"2024-08-23","B",,
"61308b1b-ab83-4343-8594-bdff566cedc8","D19","CARI","CARI.AOS.S2","CARI.SS.20240820.FIL","A00000433508","2024-08-20T21:46Z","2024-08-20T21:46Z","Illinois State Water Survey Central Analytical Laboratory",314.0,0.08076,5,"2024-08-23","B",,
"2577c762-a244-404a-aede-6051459695a3","D19","CARI","CARI.AOS.S2","CARI.SS.20240820.FIL","A00000433508","2024-08-20T21:46Z","2024-08-20T21:46Z","Illinois State Water Survey Central Analytical Laboratory",480.0,0.00590,5,"2024-08-23","B",,
"6c1763fe-3081-42c7-9ffa-73cbe8230d79","D19","CARI","CARI.AOS.S2","CARI.SS.20240820.FIL","A00000433508","2024-08-20T21:46Z","2024-08-20T21:46Z","Illinois State Water Survey Central Analytical Laboratory",522.0,0.00382,5,"2024-08-23","B",,
"7abcb54c-6a20-4d99-9b3c-89a543c4d6a1","D19","CARI","CARI.AOS.S2","CARI.SS.20240820.FIL","A00000433508","2024-08-20T21:46Z","2024-08-20T21:46Z","Illinois State Water Survey Central Analytical Laboratory",546.0,0.00310,5,"2024-08-23","B",,
"c9dccf1b-0d99-4615-ac4a-e03e6840e296","D19","CARI","CARI.AOS.S2","CARI.SS.20240820.FIL","A00000433508","2024-08-20T21:46Z","2024-08-20T21:46Z","Illinois State Water Survey Central Analytical Laboratory",368.0,0.03368,5,"2024-08-23","B",,
"213a4745-7e36-4b86-8063-fa20fc95cfa5","D19","CARI","CARI.AOS.S2","CARI.SS.20240820.FIL","A00000433508","2024-08-20T21:46Z","2024-08-20T21:46Z","Illinois State Water Survey Central Analytical Laboratory",528.0,0.00360,5,"2024-08-23","A",,
"08a43c5c-a54a-42e2-afe1-0a795acac500","D19","CARI","CARI.AOS.S2","CARI.SS.20240820.FIL","A00000433508","2024-08-20T21:46Z","2024-08-20T21:46Z","Illinois State Water Survey Central Analytical Laboratory",226.0,0.27976,5,"2024-08-23","B",,
"5c3aab2f-f0c9-40e2-85a7-5debd1193dde","D19","CARI","CARI.AOS.S2","CARI.SS.20240820.FIL","A00000433508","2024-08-20T21:46Z","2024-08-20T21:46Z","Illinois State Water Survey Central Analytical Laboratory",478.0,0.00602,5,"2024-08-23","A",,
"4d7fab32-6734-4275-bfbe-7496da9bb3a3","D19","CARI","CARI.AOS.S2","CARI.SS.20240820.FIL","A00000433508","2024-08-20T21:46Z","2024-08-20T21:46Z","Illinois State Water Survey Central Analytical Laboratory",476.0,0.00622,5,"2024-08-23","B",,
"e4a55c8e-428a-42fc-b111-dfe950dd933e","D19","CARI","CARI.AOS.S2","CARI.SS.20240820.FIL","A00000433508","2024-08-20T21:46Z","2024-08-20T21:46Z","Illinois State Water Survey Central Analytical Laboratory",500.0,0.00468,5,"2024-08-23","A",,
"aea269c5-79f8-45ea-8743-f3e8031ef417","D19","CARI","CARI.AOS.S2","CARI.SS.20240820.FIL","A00000433508","2024-08-20T21:46Z","2024-08-20T21:46Z","Illinois State Water Survey Central Analytical Laboratory",548.0,0.00298,5,"2024-08-23","A",,
"ca75fdcd-3673-40db-87c7-e7830f0b81fe","D19","CARI","CARI.AOS.S2","CARI.SS.20240820.FIL","A00000433508","2024-08-20T21:46Z","2024-08-20T21:46Z","Illinois State Water Survey Central Analytical Laboratory",350.0,0.04636,5,"2024-08-23","B",,
"2c05d4ee-8f22-4f8e-9239-a4354c077dda","D19","CARI","CARI.AOS.S2","CARI.SS.20240820.FIL","A00000433508","2024-08-20T21:46Z","2024-08-20T21:46Z","Illinois State Water Survey Central Analytical Laboratory",438.0,0.01022,5,"2024-08-23","B",,
"d03da7cd-1051-489c-b765-08d4245a065f","D19","CARI","CARI.AOS.S2","CARI.SS.20240820.FIL","A00000433508","2024-08-20T21:46Z","2024-08-20T21:46Z","Illinois State Water Survey Central Analytical Laboratory",430.0,0.01148,5,"2024-08-23","A",,
"8659c84a-fc3c-4b37-b487-73d07e25b732","D19","CARI","CARI.AOS.S2","CARI.SS.20240820.FIL","A00000433508","2024-08-20T21:46Z","2024-08-20T21:46Z","Illinois State Water Survey Central Analytical Laboratory",582.0,0.00240,5,"2024-08-23","A",,
"c37ad0af-be70-4d9c-990e-0ec256ca7553","D19","CARI","CARI.AOS.S2","CARI.SS.20240820.FIL","A00000433508","2024-08-20T21:46Z","2024-08-20T21:46Z","Illinois State Water Survey Central Analytical Laboratory",496.0,0.00496,5,"2024-08-23","A",,
"20b06cb6-a9f1-4447-abd5-3f1c922c388e","D19","CARI","CARI.AOS.S2","CARI.SS.20240820.FIL","A00000433508","2024-08-20T21:46Z","2024-08-20T21:46Z","Illinois State Water Survey Central Analytical Laboratory",336.0,0.05810,5,"2024-08-23","A",,
"424822fd-17a6-44b5-bd11-dc1a844f2600","D19","CARI","CARI.AOS.S2","CARI.SS.20240820.FIL","A00000433508","2024-08-20T21:46Z","2024-08-20T21:46Z","Illinois State Water Survey Central Analytical Laboratory",568.0,0.00262,5,"2024-08-23","A",,
"b2ecf1c3-725d-45e7-b40e-6320cc4c0b13","D19","CARI","CARI.AOS.S2","CARI.SS.20240820.FIL","A00000433508","2024-08-20T21:46Z","2024-08-20T21:46Z","Illinois State Water Survey Central Analytical Laboratory",460.0,0.00750,5,"2024-08-23","B",,
"4717f99a-d2ed-415f-a0c5-0cc0eebed4f0","D19","CARI","CARI.AOS.S2","CARI.SS.20240820.FIL","A00000433508","2024-08-20T21:46Z","2024-08-20T21:46Z","Illinois State Water Survey Central Analytical Laboratory",524.0,0.00372,5,"2024-08-23","A",,
"d5776a5b-767a-44bd-9b75-0532587d5682","D19","CARI","CARI.AOS.S2","CARI.SS.20240820.FIL","A00000433508","2024-08-20T21:46Z","2024-08-20T21:46Z","Illinois State Water Survey Central Analytical Laboratory",308.0,0.08790,5,"2024-08-23","A",,
"ea1b95be-f95c-4669-80a0-ef52828505e1","D19","CARI","CARI.AOS.S2","CARI.SS.20240820.FIL","A00000433508","2024-08-20T21:46Z","2024-08-20T21:46Z","Illinois State Water Survey Central Analytical Laboratory",264.0,0.16028,5,"2024-08-23","A",,
"d879ff17-ede5-4bcb-96fe-d5c5bd95d94c","D19","CARI","CARI.AOS.S2","CARI.SS.20240820.FIL","A00000433508","2024-08-20T21:46Z","2024-08-20T21:46Z","Illinois State Water Survey Central Analytical Laboratory",550.0,0.00304,5,"2024-08-23","B",,
"fa3e2170-b808-4be7-ab8d-9baced7c1365","D19","CARI","CARI.AOS.S2","CARI.SS.20240820.FIL","A00000433508","2024-08-20T21:46Z","2024-08-20T21:46Z","Illinois State Water Survey Central Analytical Laboratory",386.0,0.02408,5,"2024-08-23","B",,
"29fb1938-9f11-4c39-b2ed-087856179d63","D19","CARI","CARI.AOS.S2","CARI.SS.20240820.FIL","A00000433508","2024-08-20T21:46Z","2024-08-20T21:46Z","Illinois State Water Survey Central Analytical Laboratory",368.0,0.03368,5,"2024-08-23","A",,
"0f941c81-021b-4939-8813-3e3d05a89e65","D19","CARI","CARI.AOS.S2","CARI.SS.20240820.FIL","A00000433508","2024-08-20T21:46Z","2024-08-20T21:46Z","Illinois State Water Survey Central Analytical Laboratory",514.0,0.00404,5,"2024-08-23","A",,
"a0a024fd-0569-424b-a554-39415533c088","D19","CARI","CARI.AOS.S2","CARI.SS.20240820.FIL","A00000433508","2024-08-20T21:46Z","2024-08-20T21:46Z","Illinois State Water Survey Central Analytical Laboratory",552.0,0.00292,5,"2024-08-23","A",,
"dd460ec5-5257-44e6-a0e1-5258dbbdd7d5","D19","CARI","CARI.AOS.S2","CARI.SS.20240820.FIL","A00000433508","2024-08-20T21:46Z","2024-08-20T21:46Z","Illinois State Water Survey Central Analytical Laboratory",344.0,0.05110,5,"2024-08-23","A",,
"7b388117-63a5-4252-a2af-cf5ade2a8489","D19","CARI","CARI.AOS.S2","CARI.SS.20240820.FIL","A00000433508","2024-08-20T21:46Z","2024-08-20T21:46Z","Illinois State Water Survey Central Analytical Laboratory",360.0,0.03890,5,"2024-08-23","A",,
"e4b7414b-61bf-41ce-8869-06bb0c6ecc9c","D19","CARI","CARI.AOS.S2","CARI.SS.20240820.FIL","A00000433508","2024-08-20T21:46Z","2024-08-20T21:46Z","Illinois State Water Survey Central Analytical Laboratory",388.0,0.02318,5,"2024-08-23","A",,
"20266531-0516-432f-9a64-468c2b9f96e2","D19","CARI","CARI.AOS.S2","CARI.SS.20240820.FIL","A00000433508","2024-08-20T21:46Z","2024-08-20T21:46Z","Illinois State Water Survey Central Analytical Laboratory",574.0,0.00262,5,"2024-08-23","B",,
"038da0e4-d0fa-4803-aef5-65e9389829ea","D19","CARI","CARI.AOS.S2","CARI.SS.20240820.FIL","A00000433508","2024-08-20T21:46Z","2024-08-20T21:46Z","Illinois State Water Survey Central Analytical Laboratory",464.0,0.00712,5,"2024-08-23","B",,
"521bbb49-4af5-46d4-8c68-c24e984b30a3","D19","CARI","CARI.AOS.S2","CARI.SS.20240820.FIL","A00000433508","2024-08-20T21:46Z","2024-08-20T21:46Z","Illinois State Water Survey Central Analytical Laboratory",316.0,0.07850,5,"2024-08-23","A",,
"10de010c-3dbf-40dc-9bd8-d95964f8ad2b","D19","CARI","CARI.AOS.S2","CARI.SS.20240820.FIL","A00000433508","2024-08-20T21:46Z","2024-08-20T21:46Z","Illinois State Water Survey Central Analytical Laboratory",566.0,0.00262,5,"2024-08-23","A",,
"c7b41dba-713e-4a2f-9c0b-ca8186983c2a","D19","CARI","CARI.AOS.S2","CARI.SS.20240820.FIL","A00000433508","2024-08-20T21:46Z","2024-08-20T21:46Z","Illinois State Water Survey Central Analytical Laboratory",598.0,0.00214,5,"2024-08-23","B",,
"d47971b3-2823-4087-892f-93808501b6ce","D19","CARI","CARI.AOS.S2","CARI.SS.20240820.FIL","A00000433508","2024-08-20T21:46Z","2024-08-20T21:46Z","Illinois State Water Survey Central Analytical Laboratory",330.0,0.06366,5,"2024-08-23","B",,
"e6c4e33c-45f1-4c12-ac7b-38a352dfefed","D19","CARI","CARI.AOS.S2","CARI.SS.20240820.FIL","A00000433508","2024-08-20T21:46Z","2024-08-20T21:46Z","Illinois State Water Survey Central Analytical Laboratory",410.0,0.01578,5,"2024-08-23","A",,
"2a165aac-19e4-40eb-af89-bb3b05873421","D19","CARI","CARI.AOS.S2","CARI.SS.20240820.FIL","A00000433508","2024-08-20T21:46Z","2024-08-20T21:46Z","Illinois State Water Survey Central Analytical Laboratory",598.0,0.00206,5,"2024-08-23","A",,
"c48763d6-f771-47e2-babb-b866995cd6e5","D19","CARI","CARI.AOS.S2","CARI.SS.20240820.FIL","A00000433508","2024-08-20T21:46Z","2024-08-20T21:46Z","Illinois State Water Survey Central Analytical Laboratory",310.0,0.08576,5,"2024-08-23","B",,
"cce08db9-86ba-4d81-9e4e-ef74f53f090a","D19","CARI","CARI.AOS.S2","CARI.SS.20240820.FIL","A00000433508","2024-08-20T21:46Z","2024-08-20T21:46Z","Illinois State Water Survey Central Analytical Laboratory",568.0,0.00268,5,"2024-08-23","B",,
"a23ec949-ceec-48e7-9a80-7a0422f624e2","D19","CARI","CARI.AOS.S2","CARI.SS.20240820.FIL","A00000433508","2024-08-20T21:46Z","2024-08-20T21:46Z","Illinois State Water Survey Central Analytical Laboratory",324.0,0.06980,5,"2024-08-23","B",,
"66ad90ae-9f3d-4f50-8b24-52156103abc6","D19","CARI","CARI.AOS.S2","CARI.SS.20240820.FIL","A00000433508","2024-08-20T21:46Z","2024-08-20T21:46Z","Illinois State Water Survey Central Analytical Laboratory",506.0,0.00446,5,"2024-08-23","A",,
"94a84f43-e6ba-416c-a7cb-69350a1f26ac","D19","CARI","CARI.AOS.S2","CARI.SS.20240820.FIL","A00000433508","2024-08-20T21:46Z","2024-08-20T21:46Z","Illinois State Water Survey Central Analytical Laboratory",246.0,0.19058,5,"2024-08-23","B",,
"2b185095-23d4-4910-b8f7-2e83f6bd11ce","D19","CARI","CARI.AOS.S2","CARI.SS.20240820.FIL","A00000433508","2024-08-20T21:46Z","2024-08-20T21:46Z","Illinois State Water Survey Central Analytical Laboratory",588.0,0.00232,5,"2024-08-23","A",,
"d42a7c01-1984-442e-8b0e-34883dd4e87b","D19","CARI","CARI.AOS.S2","CARI.SS.20240820.FIL","A00000433508","2024-08-20T21:46Z","2024-08-20T21:46Z","Illinois State Water Survey Central Analytical Laboratory",540.0,0.00324,5,"2024-08-23","A",,
"25bdf2ad-cf10-4cdc-af08-9858f81f0492","D19","CARI","CARI.AOS.S2","CARI.SS.20240827.FIL","A00000434071","2024-08-27T20:34Z","2024-08-27T20:34Z","Illinois State Water Survey Central Analytical Laboratory",578.0,0.00190,5,"2024-08-30","B",,
"db6b51c2-5f63-49b8-b98d-b5a15c2e5c69","D19","CARI","CARI.AOS.S2","CARI.SS.20240827.FIL","A00000434071","2024-08-27T20:34Z","2024-08-27T20:34Z","Illinois State Water Survey Central Analytical Laboratory",514.0,0.00360,5,"2024-08-30","B",,
"f824e6af-7120-4ad9-8b2a-1620c001795c","D19","CARI","CARI.AOS.S2","CARI.SS.20240827.FIL","A00000434071","2024-08-27T20:34Z","2024-08-27T20:34Z","Illinois State Water Survey Central Analytical Laboratory",586.0,0.00168,5,"2024-08-30","A",,
"76bc07c0-e35e-454e-ab36-372623907cab","D19","CARI","CARI.AOS.S2","CARI.SS.20240827.FIL","A00000434071","2024-08-27T20:34Z","2024-08-27T20:34Z","Illinois State Water Survey Central Analytical Laboratory",288.0,0.11364,5,"2024-08-30","A",,
"d24f8ac9-3bf7-47bd-8d89-207de8a4f43b","D19","CARI","CARI.AOS.S2","CARI.SS.20240827.FIL","A00000434071","2024-08-27T20:34Z","2024-08-27T20:34Z","Illinois State Water Survey Central Analytical Laboratory",322.0,0.07002,5,"2024-08-30","B",,
"3d5f6f42-c003-480a-899e-ff04786e05dd","D19","CARI","CARI.AOS.S2","CARI.SS.20240827.FIL","A00000434071","2024-08-27T20:34Z","2024-08-27T20:34Z","Illinois State Water Survey Central Analytical Laboratory",336.0,0.05650,5,"2024-08-30","B",,
"0a0bee2f-8a49-4d77-a06d-c78b28c139b6","D19","CARI","CARI.AOS.S2","CARI.SS.20240827.FIL","A00000434071","2024-08-27T20:34Z","2024-08-27T20:34Z","Illinois State Water Survey Central Analytical Laboratory",500.0,0.00420,5,"2024-08-30","A",,
"1a1e0693-8086-4cd8-9973-9f34ffb97d56","D19","CARI","CARI.AOS.S2","CARI.SS.20240827.FIL","A00000434071","2024-08-27T20:34Z","2024-08-27T20:34Z","Illinois State Water Survey Central Analytical Laboratory",418.0,0.01326,5,"2024-08-30","B",,
"ba93d032-acd6-43fb-ac73-7a04bb864379","D19","CARI","CARI.AOS.S2","CARI.SS.20240827.FIL","A00000434071","2024-08-27T20:34Z","2024-08-27T20:34Z","Illinois State Water Survey Central Analytical Laboratory",296.0,0.10156,5,"2024-08-30","B",,
"4ff2d038-eaa6-4489-8e29-9752553d00f4","D19","CARI","CARI.AOS.S2","CARI.SS.20240827.FIL","A00000434071","2024-08-27T20:34Z","2024-08-27T20:34Z","Illinois State Water Survey Central Analytical Laboratory",446.0,0.00862,5,"2024-08-30","B",,
"35fcfc25-fbbb-41f9-82c4-35c94800b1ff","D19","CARI","CARI.AOS.S2","CARI.SS.20240827.FIL","A00000434071","2024-08-27T20:34Z","2024-08-27T20:34Z","Illinois State Water Survey Central Analytical Laboratory",328.0,0.06398,5,"2024-08-30","B",,
"32cc0f95-d5f2-422e-9069-22439b29fc60","D19","CARI","CARI.AOS.S2","CARI.SS.20240827.FIL","A00000434071","2024-08-27T20:34Z","2024-08-27T20:34Z","Illinois State Water Survey Central Analytical Laboratory",528.0,0.00304,5,"2024-08-30","A",,
"718a1107-7b02-402e-9780-28631d816bd8","D19","CARI","CARI.AOS.S2","CARI.SS.20240827.FIL","A00000434071","2024-08-27T20:34Z","2024-08-27T20:34Z","Illinois State Water Survey Central Analytical Laboratory",574.0,0.00198,5,"2024-08-30","B",,
"354df950-bc12-4d0f-af40-9e97da005fc8","D19","CARI","CARI.AOS.S2","CARI.SS.20240827.FIL","A00000434071","2024-08-27T20:34Z","2024-08-27T20:34Z","Illinois State Water Survey Central Analytical Laboratory",298.0,0.09878,5,"2024-08-30","A",,
"8f654a83-e286-4ad1-8246-c8a7dc9492a7","D19","CARI","CARI.AOS.S2","CARI.SS.20240827.FIL","A00000434071","2024-08-27T20:34Z","2024-08-27T20:34Z","Illinois State Water Survey Central Analytical Laboratory",312.0,0.08116,5,"2024-08-30","B",,
"d868ae58-7347-4829-808c-04541bb7a69b","D19","CARI","CARI.AOS.S2","CARI.SS.20240827.FIL","A00000434071","2024-08-27T20:34Z","2024-08-27T20:34Z","Illinois State Water Survey Central Analytical Laboratory",304.0,0.09086,5,"2024-08-30","A",,
"ea1722f1-37a2-4f46-8a40-afea528c5a1d","D19","CARI","CARI.AOS.S2","CARI.SS.20240827.FIL","A00000434071","2024-08-27T20:34Z","2024-08-27T20:34Z","Illinois State Water Survey Central Analytical Laboratory",416.0,0.01356,5,"2024-08-30","A",,
"abdae011-6468-4e89-8e68-e7428104e976","D19","CARI","CARI.AOS.S2","CARI.SS.20240827.FIL","A00000434071","2024-08-27T20:34Z","2024-08-27T20:34Z","Illinois State Water Survey Central Analytical Laboratory",424.0,0.01210,5,"2024-08-30","B",,
"d6f9ce22-7c93-4f89-9e41-34149688503d","D19","CARI","CARI.AOS.S2","CARI.SS.20240827.FIL","A00000434071","2024-08-27T20:34Z","2024-08-27T20:34Z","Illinois State Water Survey Central Analytical Laboratory",400.0,0.01814,5,"2024-08-30","B",,
"ea33b652-de43-4a05-8e30-5d91b4ecbe58","D19","CARI","CARI.AOS.S2","CARI.SS.20240827.FIL","A00000434071","2024-08-27T20:34Z","2024-08-27T20:34Z","Illinois State Water Survey Central Analytical Laboratory",370.0,0.03144,5,"2024-08-30","B",,
"4bff15ab-1e28-45b4-a448-be9f36240560","D19","CARI","CARI.AOS.S2","CARI.SS.20240827.FIL","A00000434071","2024-08-27T20:34Z","2024-08-27T20:34Z","Illinois State Water Survey Central Analytical Laboratory",332.0,0.05992,5,"2024-08-30","A",,
"4ff2199b-31e3-4ba9-bf06-466aabe2ffd3","D19","CARI","CARI.AOS.S2","CARI.SS.20240827.FIL","A00000434071","2024-08-27T20:34Z","2024-08-27T20:34Z","Illinois State Water Survey Central Analytical Laboratory",578.0,0.00180,5,"2024-08-30","A",,
"127bd3e6-a95f-4523-8dab-69d7c11a93bb","D19","CARI","CARI.AOS.S2","CARI.SS.20240827.FIL","A00000434071","2024-08-27T20:34Z","2024-08-27T20:34Z","Illinois State Water Survey Central Analytical Laboratory",224.0,0.29978,5,"2024-08-30","A",,
"146a28b9-a51d-4452-a8b9-12c4b850ab5c","D19","CARI","CARI.AOS.S2","CARI.SS.20240827.FIL","A00000434071","2024-08-27T20:34Z","2024-08-27T20:34Z","Illinois State Water Survey Central Analytical Laboratory",526.0,0.00316,5,"2024-08-30","B",,
"3d3574a9-77c6-4555-bbbd-aa2df29e1905","D19","CARI","CARI.AOS.S2","CARI.SS.20240827.FIL","A00000434071","2024-08-27T20:34Z","2024-08-27T20:34Z","Illinois State Water Survey Central Analytical Laboratory",266.0,0.15322,5,"2024-08-30","B",,
"dba66cfe-301e-4313-ac02-30d23bb4e76a","D19","CARI","CARI.AOS.S2","CARI.SS.20240827.FIL","A00000434071","2024-08-27T20:34Z","2024-08-27T20:34Z","Illinois State Water Survey Central Analytical Laboratory",276.0,0.13426,5,"2024-08-30","B",,
"75053a68-33d3-45d3-b80c-0b16936bc3be","D19","CARI","CARI.AOS.S2","CARI.SS.20240827.FIL","A00000434071","2024-08-27T20:34Z","2024-08-27T20:34Z","Illinois State Water Survey Central Analytical Laboratory",378.0,0.02708,5,"2024-08-30","B",,
"2654d136-3a4a-488c-a713-bd56baba8595","D19","CARI","CARI.AOS.S2","CARI.SS.20240827.FIL","A00000434071","2024-08-27T20:34Z","2024-08-27T20:34Z","Illinois State Water Survey Central Analytical Laboratory",272.0,0.14170,5,"2024-08-30","A",,
"10671bec-6181-4a2d-9b1d-b0591ffac8dd","D19","CARI","CARI.AOS.S2","CARI.SS.20240827.FIL","A00000434071","2024-08-27T20:34Z","2024-08-27T20:34Z","Illinois State Water Survey Central Analytical Laboratory",494.0,0.00460,5,"2024-08-30","B",,
"cdde07d0-cad7-4834-8832-333596077ee6","D19","CARI","CARI.AOS.S2","CARI.SS.20240827.FIL","A00000434071","2024-08-27T20:34Z","2024-08-27T20:34Z","Illinois State Water Survey Central Analytical Laboratory",348.0,0.04652,5,"2024-08-30","A",,
"c44f6b99-3094-4867-bf73-027dd35f31de","D19","CARI","CARI.AOS.S2","CARI.SS.20240827.FIL","A00000434071","2024-08-27T20:34Z","2024-08-27T20:34Z","Illinois State Water Survey Central Analytical Laboratory",590.0,0.00168,5,"2024-08-30","B",,
"14c707c9-3eed-4d9b-b92c-12fbec9cf36c","D19","CARI","CARI.AOS.S2","CARI.SS.20240827.FIL","A00000434071","2024-08-27T20:34Z","2024-08-27T20:34Z","Illinois State Water Survey Central Analytical Laboratory",314.0,0.07854,5,"2024-08-30","A",,
"dfbfb2a3-39e5-488d-91df-60aeb7f7f0b4","D19","CARI","CARI.AOS.S2","CARI.SS.20240827.FIL","A00000434071","2024-08-27T20:34Z","2024-08-27T20:34Z","Illinois State Water Survey Central Analytical Laboratory",462.0,0.00688,5,"2024-08-30","B",,
"0d5729a1-3bed-4aae-b17b-7063cfcc15eb","D19","CARI","CARI.AOS.S2","CARI.SS.20240827.FIL","A00000434071","2024-08-27T20:34Z","2024-08-27T20:34Z","Illinois State Water Survey Central Analytical Laboratory",530.0,0.00304,5,"2024-08-30","B",,
"cf1d88ef-4248-4813-bc86-fb2c01b16671","D19","CARI","CARI.AOS.S2","CARI.SS.20240827.FIL","A00000434071","2024-08-27T20:34Z","2024-08-27T20:34Z","Illinois State Water Survey Central Analytical Laboratory",480.0,0.00548,5,"2024-08-30","B",,
"0487406d-faf3-43fb-a0e9-747c26920113","D19","CARI","CARI.AOS.S2","CARI.SS.20240827.FIL","A00000434071","2024-08-27T20:34Z","2024-08-27T20:34Z","Illinois State Water Survey Central Analytical Laboratory",246.0,0.18652,5,"2024-08-30","A",,
"a4a0505d-3ccf-4990-b420-d46cdc0a7eea","D19","CARI","CARI.AOS.S2","CARI.SS.20240827.FIL","A00000434071","2024-08-27T20:34Z","2024-08-27T20:34Z","Illinois State Water Survey Central Analytical Laboratory",244.0,0.19130,5,"2024-08-30","A",,
"30802843-23d3-4acb-aeff-9261dfa2eecd","D19","CARI","CARI.AOS.S2","CARI.SS.20240827.FIL","A00000434071","2024-08-27T20:34Z","2024-08-27T20:34Z","Illinois State Water Survey Central Analytical Laboratory",398.0,0.01876,5,"2024-08-30","B",,
"e4c58a85-10b0-4279-9ae6-72ea1df2e03e","D19","CARI","CARI.AOS.S2","CARI.SS.20240827.FIL","A00000434071","2024-08-27T20:34Z","2024-08-27T20:34Z","Illinois State Water Survey Central Analytical Laboratory",366.0,0.03384,5,"2024-08-30","B",,
"4f2ece3d-b5bf-4a6e-b922-6f8823fa2fba","D19","CARI","CARI.AOS.S2","CARI.SS.20240827.FIL","A00000434071","2024-08-27T20:34Z","2024-08-27T20:34Z","Illinois State Water Survey Central Analytical Laboratory",466.0,0.00640,5,"2024-08-30","A",,
"b27119cf-a9de-4350-9f80-f4123daa6c7b","D19","CARI","CARI.AOS.S2","CARI.SS.20240827.FIL","A00000434071","2024-08-27T20:34Z","2024-08-27T20:34Z","Illinois State Water Survey Central Analytical Laboratory",286.0,0.11704,5,"2024-08-30","B",,
"beac14cf-3c8d-461c-80d5-f517cb4582f3","D19","CARI","CARI.AOS.S2","CARI.SS.20240827.FIL","A00000434071","2024-08-27T20:34Z","2024-08-27T20:34Z","Illinois State Water Survey Central Analytical Laboratory",460.0,0.00706,5,"2024-08-30","B",,
"ea10b9de-837a-4d52-a185-7a2d66b0025a","D19","CARI","CARI.AOS.S2","CARI.SS.20240827.FIL","A00000434071","2024-08-27T20:34Z","2024-08-27T20:34Z","Illinois State Water Survey Central Analytical Laboratory",568.0,0.00206,5,"2024-08-30","B",,
"39338e69-d502-4602-858c-bcbf4108ddd0","D19","CARI","CARI.AOS.S2","CARI.SS.20240827.FIL","A00000434071","2024-08-27T20:34Z","2024-08-27T20:34Z","Illinois State Water Survey Central Analytical Laboratory",456.0,0.00732,5,"2024-08-30","A",,
"7926b05a-9c0d-4ac9-a4dc-f4ab2d574333","D19","CARI","CARI.AOS.S2","CARI.SS.20240827.FIL","A00000434071","2024-08-27T20:34Z","2024-08-27T20:34Z","Illinois State Water Survey Central Analytical Laboratory",490.0,0.00482,5,"2024-08-30","A",,
"470ece01-d2d3-449c-9b56-1ab5f71c2c63","D19","CARI","CARI.AOS.S2","CARI.SS.20240827.FIL","A00000434071","2024-08-27T20:34Z","2024-08-27T20:34Z","Illinois State Water Survey Central Analytical Laboratory",532.0,0.00288,5,"2024-08-30","A",,
"9593fcf1-f645-4ff1-af88-3dbaadc0706d","D19","CARI","CARI.AOS.S2","CARI.SS.20240827.FIL","A00000434071","2024-08-27T20:34Z","2024-08-27T20:34Z","Illinois State Water Survey Central Analytical Laboratory",548.0,0.00254,5,"2024-08-30","B",,
"9f903cd6-7aea-4690-b000-e0957b2b0d4e","D19","CARI","CARI.AOS.S2","CARI.SS.20240827.FIL","A00000434071","2024-08-27T20:34Z","2024-08-27T20:34Z","Illinois State Water Survey Central Analytical Laboratory",596.0,0.00154,5,"2024-08-30","B",,
"24ddc79d-df51-4fe2-823f-fd7ba4c30905","D19","CARI","CARI.AOS.S2","CARI.SS.20240827.FIL","A00000434071","2024-08-27T20:34Z","2024-08-27T20:34Z","Illinois State Water Survey Central Analytical Laboratory",376.0,0.02806,5,"2024-08-30","B",,
"208db3ef-14d0-43a6-9e96-e6659351feff","D19","CARI","CARI.AOS.S2","CARI.SS.20240827.FIL","A00000434071","2024-08-27T20:34Z","2024-08-27T20:34Z","Illinois State Water Survey Central Analytical Laboratory",274.0,0.13774,5,"2024-08-30","A",,
"37f8fe6f-8137-4e91-9957-cf86c3fe5939","D19","CARI","CARI.AOS.S2","CARI.SS.20240827.FIL","A00000434071","2024-08-27T20:34Z","2024-08-27T20:34Z","Illinois State Water Survey Central Analytical Laboratory",222.0,0.32492,5,"2024-08-30","A",,
"a296ec26-27f2-454a-91a4-84501861d739","D19","CARI","CARI.AOS.S2","CARI.SS.20240827.FIL","A00000434071","2024-08-27T20:34Z","2024-08-27T20:34Z","Illinois State Water Survey Central Analytical Laboratory",470.0,0.00620,5,"2024-08-30","B",,
"471732e9-a65f-454b-9999-468573810ba3","D19","CARI","CARI.AOS.S2","CARI.SS.20240827.FIL","A00000434071","2024-08-27T20:34Z","2024-08-27T20:34Z","Illinois State Water Survey Central Analytical Laboratory",570.0,0.00186,5,"2024-08-30","A",,
"75b8c005-032d-4612-bb1f-b753e21ef93a","D19","CARI","CARI.AOS.S2","CARI.SS.20240827.FIL","A00000434071","2024-08-27T20:34Z","2024-08-27T20:34Z","Illinois State Water Survey Central Analytical Laboratory",276.0,0.13392,5,"2024-08-30","A",,
"74bbfb6d-babe-49f7-bd6f-4700d3e34ed2","D19","CARI","CARI.AOS.S2","CARI.SS.20240827.FIL","A00000434071","2024-08-27T20:34Z","2024-08-27T20:34Z","Illinois State Water Survey Central Analytical Laboratory",402.0,0.01752,5,"2024-08-30","B",,
"2da87097-5409-4cc2-b992-737ea62e24f3","D19","CARI","CARI.AOS.S2","CARI.SS.20240827.FIL","A00000434071","2024-08-27T20:34Z","2024-08-27T20:34Z","Illinois State Water Survey Central Analytical Laboratory",500.0,0.00428,5,"2024-08-30","B",,
"3d152e23-860e-4a95-9ba3-aad28d7073f1","D19","CARI","CARI.AOS.S2","CARI.SS.20240827.FIL","A00000434071","2024-08-27T20:34Z","2024-08-27T20:34Z","Illinois State Water Survey Central Analytical Laboratory",428.0,0.01136,5,"2024-08-30","B",,
"a3c2cbf8-a183-4ef1-b5d9-bb32af508a11","D19","CARI","CARI.AOS.S2","CARI.SS.20240827.FIL","A00000434071","2024-08-27T20:34Z","2024-08-27T20:34Z","Illinois State Water Survey Central Analytical Laboratory",472.0,0.00592,5,"2024-08-30","A",,
"c6ddbdfc-c678-4bf5-9b91-7b3dcb3936be","D19","CARI","CARI.AOS.S2","CARI.SS.20240827.FIL","A00000434071","2024-08-27T20:34Z","2024-08-27T20:34Z","Illinois State Water Survey Central Analytical Laboratory",248.0,0.18368,5,"2024-08-30","B",,
"4db68663-966a-48f2-a329-ee8174f904df","D19","CARI","CARI.AOS.S2","CARI.SS.20240827.FIL","A00000434071","2024-08-27T20:34Z","2024-08-27T20:34Z","Illinois State Water Survey Central Analytical Laboratory",538.0,0.00272,5,"2024-08-30","A",,
"f935d8b7-cca0-41f9-8d72-3ea9104d56aa","D19","CARI","CARI.AOS.S2","CARI.SS.20240827.FIL","A00000434071","2024-08-27T20:34Z","2024-08-27T20:34Z","Illinois State Water Survey Central Analytical Laboratory",448.0,0.00826,5,"2024-08-30","A",,
"c567e209-575b-42be-84c5-99f802aa2c5a","D19","CARI","CARI.AOS.S2","CARI.SS.20240827.FIL","A00000434071","2024-08-27T20:34Z","2024-08-27T20:34Z","Illinois State Water Survey Central Analytical Laboratory",392.0,0.02084,5,"2024-08-30","B",,
"bac7c079-824c-49fa-bea2-bdc68e61a348","D19","CARI","CARI.AOS.S2","CARI.SS.20240827.FIL","A00000434071","2024-08-27T20:34Z","2024-08-27T20:34Z","Illinois State Water Survey Central Analytical Laboratory",268.0,0.14964,5,"2024-08-30","B",,
"6ba67655-e4b1-4d5f-9e14-8a9787951cdd","D19","CARI","CARI.AOS.S2","CARI.SS.20240827.FIL","A00000434071","2024-08-27T20:34Z","2024-08-27T20:34Z","Illinois State Water Survey Central Analytical Laboratory",464.0,0.00666,5,"2024-08-30","B",,
"13f43b27-301e-4306-9583-f3375a3ef748","D19","CARI","CARI.AOS.S2","CARI.SS.20240827.FIL","A00000434071","2024-08-27T20:34Z","2024-08-27T20:34Z","Illinois State Water Survey Central Analytical Laboratory",462.0,0.00672,5,"2024-08-30","A",,
"58c92b60-e7c3-4271-9468-419ae94393a1","D19","CARI","CARI.AOS.S2","CARI.SS.20240827.FIL","A00000434071","2024-08-27T20:34Z","2024-08-27T20:34Z","Illinois State Water Survey Central Analytical Laboratory",254.0,0.17346,5,"2024-08-30","A",,
"8116ab5a-adb8-4cb5-8fde-df80b86c11dd","D19","CARI","CARI.AOS.S2","CARI.SS.20240827.FIL","A00000434071","2024-08-27T20:34Z","2024-08-27T20:34Z","Illinois State Water Survey Central Analytical Laboratory",398.0,0.01866,5,"2024-08-30","A",,
"8c45d027-b9df-4c54-85b1-fadef587b82f","D19","CARI","CARI.AOS.S2","CARI.SS.20240827.FIL","A00000434071","2024-08-27T20:34Z","2024-08-27T20:34Z","Illinois State Water Survey Central Analytical Laboratory",438.0,0.00968,5,"2024-08-30","A",,
"cf1de826-0bf6-4300-9a88-22562fd18c00","D19","CARI","CARI.AOS.S2","CARI.SS.20240827.FIL","A00000434071","2024-08-27T20:34Z","2024-08-27T20:34Z","Illinois State Water Survey Central Analytical Laboratory",560.0,0.00222,5,"2024-08-30","B",,
"f4324d0f-11d1-4e9c-b1ac-c33b510e10be","D19","CARI","CARI.AOS.S2","CARI.SS.20240827.FIL","A00000434071","2024-08-27T20:34Z","2024-08-27T20:34Z","Illinois State Water Survey Central Analytical Laboratory",474.0,0.00592,5,"2024-08-30","B",,
"81616a9a-9bef-461e-93bf-5ee30bac070a","D19","CARI","CARI.AOS.S2","CARI.SS.20240827.FIL","A00000434071","2024-08-27T20:34Z","2024-08-27T20:34Z","Illinois State Water Survey Central Analytical Laboratory",584.0,0.00172,5,"2024-08-30","B",,
"9e022ec6-f46c-492d-bb57-4556497a212a","D19","CARI","CARI.AOS.S2","CARI.SS.20240827.FIL","A00000434071","2024-08-27T20:34Z","2024-08-27T20:34Z","Illinois State Water Survey Central Analytical Laboratory",588.0,0.00170,5,"2024-08-30","B",,
"f189e2e2-d610-4562-81dc-b21a5c95b7c0","D19","CARI","CARI.AOS.S2","CARI.SS.20240827.FIL","A00000434071","2024-08-27T20:34Z","2024-08-27T20:34Z","Illinois State Water Survey Central Analytical Laboratory",484.0,0.00522,5,"2024-08-30","B",,
"72d273c9-1121-4b83-b6fb-be6166f0ad8c","D19","CARI","CARI.AOS.S2","CARI.SS.20240827.FIL","A00000434071","2024-08-27T20:34Z","2024-08-27T20:34Z","Illinois State Water Survey Central Analytical Laboratory",498.0,0.00440,5,"2024-08-30","B",,
"a2ce7865-efea-40a4-919b-5cd4e933b33d","D19","CARI","CARI.AOS.S2","CARI.SS.20240827.FIL","A00000434071","2024-08-27T20:34Z","2024-08-27T20:34Z","Illinois State Water Survey Central Analytical Laboratory",576.0,0.00182,5,"2024-08-30","A",,
"56c0a109-1103-48b7-aa89-1759cc912ecb","D19","CARI","CARI.AOS.S2","CARI.SS.20240827.FIL","A00000434071","2024-08-27T20:34Z","2024-08-27T20:34Z","Illinois State Water Survey Central Analytical Laboratory",260.0,0.16356,5,"2024-08-30","A",,
"c26517da-5edf-46ab-9f82-b20c3a72c07f","D19","CARI","CARI.AOS.S2","CARI.SS.20240827.FIL","A00000434071","2024-08-27T20:34Z","2024-08-27T20:34Z","Illinois State Water Survey Central Analytical Laboratory",382.0,0.02510,5,"2024-08-30","B",,
"e118a92b-e20f-4b3c-a966-2265540d0d70","D19","CARI","CARI.AOS.S2","CARI.SS.20240827.FIL","A00000434071","2024-08-27T20:34Z","2024-08-27T20:34Z","Illinois State Water Survey Central Analytical Laboratory",566.0,0.00202,5,"2024-08-30","A",,
"acb9f6a8-0045-4330-8d4b-c5ba5bc73092","D19","CARI","CARI.AOS.S2","CARI.SS.20240827.FIL","A00000434071","2024-08-27T20:34Z","2024-08-27T20:34Z","Illinois State Water Survey Central Analytical Laboratory",286.0,0.11676,5,"2024-08-30","A",,
"f6e2510e-64d0-4c80-b28a-b1907607db25","D19","CARI","CARI.AOS.S2","CARI.SS.20240827.FIL","A00000434071","2024-08-27T20:34Z","2024-08-27T20:34Z","Illinois State Water Survey Central Analytical Laboratory",294.0,0.10420,5,"2024-08-30","A",,
"53cad89d-d4f0-4bcc-ac66-24ef51394445","D19","CARI","CARI.AOS.S2","CARI.SS.20240827.FIL","A00000434071","2024-08-27T20:34Z","2024-08-27T20:34Z","Illinois State Water Survey Central Analytical Laboratory",440.0,0.00950,5,"2024-08-30","B",,
"4d7f9770-8db4-462a-9c4a-cbbe63dd269f","D19","CARI","CARI.AOS.S2","CARI.SS.20240827.FIL","A00000434071","2024-08-27T20:34Z","2024-08-27T20:34Z","Illinois State Water Survey Central Analytical Laboratory",316.0,0.07648,5,"2024-08-30","A",,
"ddb12361-b61d-4430-b811-550605671ced","D19","CARI","CARI.AOS.S2","CARI.SS.20240827.FIL","A00000434071","2024-08-27T20:34Z","2024-08-27T20:34Z","Illinois State Water Survey Central Analytical Laboratory",492.0,0.00478,5,"2024-08-30","B",,
"967d4511-46ed-42ab-90cd-b58783a06996","D19","CARI","CARI.AOS.S2","CARI.SS.20240827.FIL","A00000434071","2024-08-27T20:34Z","2024-08-27T20:34Z","Illinois State Water Survey Central Analytical Laboratory",380.0,0.02606,5,"2024-08-30","B",,
"b6db54c4-f0e5-4a75-aa28-7fcc6b2cba4f","D19","CARI","CARI.AOS.S2","CARI.SS.20240827.FIL","A00000434071","2024-08-27T20:34Z","2024-08-27T20:34Z","Illinois State Water Survey Central Analytical Laboratory",522.0,0.00336,5,"2024-08-30","B",,
"fb6842ac-9e3e-427b-971b-551fe524203f","D19","CARI","CARI.AOS.S2","CARI.SS.20240827.FIL","A00000434071","2024-08-27T20:34Z","2024-08-27T20:34Z","Illinois State Water Survey Central Analytical Laboratory",562.0,0.00208,5,"2024-08-30","A",,
"1bc676cc-186e-4fbc-835a-9f4e53017212","D19","CARI","CARI.AOS.S2","CARI.SS.20240827.FIL","A00000434071","2024-08-27T20:34Z","2024-08-27T20:34Z","Illinois State Water Survey Central Analytical Laboratory",582.0,0.00190,5,"2024-08-30","B",,
"e54d110f-7497-42f9-bc4b-5db5ec898228","D19","CARI","CARI.AOS.S2","CARI.SS.20240827.FIL","A00000434071","2024-08-27T20:34Z","2024-08-27T20:34Z","Illinois State Water Survey Central Analytical Laboratory",394.0,0.02000,5,"2024-08-30","A",,
"277912c2-2350-4d0f-95b8-f4b83f395d20","D19","CARI","CARI.AOS.S2","CARI.SS.20240827.FIL","A00000434071","2024-08-27T20:34Z","2024-08-27T20:34Z","Illinois State Water Survey Central Analytical Laboratory",432.0,0.01066,5,"2024-08-30","B",,
"bbba9f58-a378-4ded-b003-6228d8388344","D19","CARI","CARI.AOS.S2","CARI.SS.20240827.FIL","A00000434071","2024-08-27T20:34Z","2024-08-27T20:34Z","Illinois State Water Survey Central Analytical Laboratory",466.0,0.00652,5,"2024-08-30","B",,
"c3043c83-cdc1-4c5b-a92e-f87563af0ae9","D19","CARI","CARI.AOS.S2","CARI.SS.20240827.FIL","A00000434071","2024-08-27T20:34Z","2024-08-27T20:34Z","Illinois State Water Survey Central Analytical Laboratory",496.0,0.00454,5,"2024-08-30","B",,
"558fd862-d37c-45a7-bf10-77fd91a720ba","D19","CARI","CARI.AOS.S2","CARI.SS.20240827.FIL","A00000434071","2024-08-27T20:34Z","2024-08-27T20:34Z","Illinois State Water Survey Central Analytical Laboratory",378.0,0.02696,5,"2024-08-30","A",,
"bab5b0f3-0a23-40f3-b9ae-2c92d9179883","D19","CARI","CARI.AOS.S2","CARI.SS.20240827.FIL","A00000434071","2024-08-27T20:34Z","2024-08-27T20:34Z","Illinois State Water Survey Central Analytical Laboratory",262.0,0.16010,5,"2024-08-30","A",,
"f3e6cc88-8402-4c5d-a4c1-f967ca092290","D19","CARI","CARI.AOS.S2","CARI.SS.20240827.FIL","A00000434071","2024-08-27T20:34Z","2024-08-27T20:34Z","Illinois State Water Survey Central Analytical Laboratory",418.0,0.01314,5,"2024-08-30","A",,
"0dc6e959-7bd0-4f79-95aa-2984b2a46f6c","D19","CARI","CARI.AOS.S2","CARI.SS.20240827.FIL","A00000434071","2024-08-27T20:34Z","2024-08-27T20:34Z","Illinois State Water Survey Central Analytical Laboratory",414.0,0.01412,5,"2024-08-30","B",,
"57b14275-2093-47f1-ba27-96232e33fded","D19","CARI","CARI.AOS.S2","CARI.SS.20240827.FIL","A00000434071","2024-08-27T20:34Z","2024-08-27T20:34Z","Illinois State Water Survey Central Analytical Laboratory",410.0,0.01510,5,"2024-08-30","A",,
"8801a624-c8d4-4062-a788-1520d95a628b","D19","CARI","CARI.AOS.S2","CARI.SS.20240827.FIL","A00000434071","2024-08-27T20:34Z","2024-08-27T20:34Z","Illinois State Water Survey Central Analytical Laboratory",596.0,0.00146,5,"2024-08-30","A",,
"50855423-ea0e-4f2e-9796-9e9f65233b20","D19","CARI","CARI.AOS.S2","CARI.SS.20240827.FIL","A00000434071","2024-08-27T20:34Z","2024-08-27T20:34Z","Illinois State Water Survey Central Analytical Laboratory",310.0,0.08354,5,"2024-08-30","B",,
"4da63706-f1a7-446a-8553-fb8e196f39b8","D19","CARI","CARI.AOS.S2","CARI.SS.20240827.FIL","A00000434071","2024-08-27T20:34Z","2024-08-27T20:34Z","Illinois State Water Survey Central Analytical Laboratory",508.0,0.00386,5,"2024-08-30","A",,
"5030ee36-fda2-4329-b413-ba0d541a4e7a","D19","CARI","CARI.AOS.S2","CARI.SS.20240827.FIL","A00000434071","2024-08-27T20:34Z","2024-08-27T20:34Z","Illinois State Water Survey Central Analytical Laboratory",454.0,0.00768,5,"2024-08-30","B",,
"a739ffbc-ae12-44be-ad7e-326e7c5bdde2","D19","CARI","CARI.AOS.S2","CARI.SS.20240827.FIL","A00000434071","2024-08-27T20:34Z","2024-08-27T20:34Z","Illinois State Water Survey Central Analytical Laboratory",240.0,0.20104,5,"2024-08-30","A",,
"8667274e-474f-46c6-ba75-607f91465e0e","D19","CARI","CARI.AOS.S2","CARI.SS.20240827.FIL","A00000434071","2024-08-27T20:34Z","2024-08-27T20:34Z","Illinois State Water Survey Central Analytical Laboratory",580.0,0.00180,5,"2024-08-30","B",,
"8310a312-bce0-423e-882d-ee005571ad33","D19","CARI","CARI.AOS.S2","CARI.SS.20240827.FIL","A00000434071","2024-08-27T20:34Z","2024-08-27T20:34Z","Illinois State Water Survey Central Analytical Laboratory",450.0,0.00816,5,"2024-08-30","B",,
"9e00af3e-6508-4323-b84f-5531e4ab1be0","D19","CARI","CARI.AOS.S2","CARI.SS.20240827.FIL","A00000434071","2024-08-27T20:34Z","2024-08-27T20:34Z","Illinois State Water Survey Central Analytical Laboratory",318.0,0.07428,5,"2024-08-30","B",,
"770ccf9b-4a83-4387-805a-2bc711cb5042","D19","CARI","CARI.AOS.S2","CARI.SS.20240827.FIL","A00000434071","2024-08-27T20:34Z","2024-08-27T20:34Z","Illinois State Water Survey Central Analytical Laboratory",356.0,0.04050,5,"2024-08-30","B",,
"26b04289-8edb-4576-aca7-2aadcdc03f32","D19","CARI","CARI.AOS.S2","CARI.SS.20240827.FIL","A00000434071","2024-08-27T20:34Z","2024-08-27T20:34Z","Illinois State Water Survey Central Analytical Laboratory",232.0,0.23448,5,"2024-08-30","A",,
"d80e2e79-8e94-4b45-b672-2ce19baed260","D19","CARI","CARI.AOS.S2","CARI.SS.20240827.FIL","A00000434071","2024-08-27T20:34Z","2024-08-27T20:34Z","Illinois State Water Survey Central Analytical Laboratory",346.0,0.04820,5,"2024-08-30","B",,
"0acaf814-d0d8-4620-85f5-ac5f160265d8","D19","CARI","CARI.AOS.S2","CARI.SS.20240827.FIL","A00000434071","2024-08-27T20:34Z","2024-08-27T20:34Z","Illinois State Water Survey Central Analytical Laboratory",364.0,0.03502,5,"2024-08-30","A",,
"8c170647-2e02-4168-967e-ad5adf28992c","D19","CARI","CARI.AOS.S2","CARI.SS.20240827.FIL","A00000434071","2024-08-27T20:34Z","2024-08-27T20:34Z","Illinois State Water Survey Central Analytical Laboratory",552.0,0.00238,5,"2024-08-30","B",,
"3db8d8a9-6f1a-43c6-83d8-daa362fa1a6a","D19","CARI","CARI.AOS.S2","CARI.SS.20240827.FIL","A00000434071","2024-08-27T20:34Z","2024-08-27T20:34Z","Illinois State Water Survey Central Analytical Laboratory",224.0,0.30096,5,"2024-08-30","B",,
"9c927faf-32ab-4430-8157-620cccb3f696","D19","CARI","CARI.AOS.S2","CARI.SS.20240827.FIL","A00000434071","2024-08-27T20:34Z","2024-08-27T20:34Z","Illinois State Water Survey Central Analytical Laboratory",458.0,0.00726,5,"2024-08-30","B",,
"569e7e6e-d01f-447c-867b-d6d14cf26118","D19","CARI","CARI.AOS.S2","CARI.SS.20240827.FIL","A00000434071","2024-08-27T20:34Z","2024-08-27T20:34Z","Illinois State Water Survey Central Analytical Laboratory",440.0,0.00934,5,"2024-08-30","A",,
"282823d3-4b36-4089-b70c-1fc6f1e3657c","D19","CARI","CARI.AOS.S2","CARI.SS.20240827.FIL","A00000434071","2024-08-27T20:34Z","2024-08-27T20:34Z","Illinois State Water Survey Central Analytical Laboratory",510.0,0.00384,5,"2024-08-30","B",,
"e9020cbe-723d-47be-95f5-1c309f8d9923","D19","CARI","CARI.AOS.S2","CARI.SS.20240827.FIL","A00000434071","2024-08-27T20:34Z","2024-08-27T20:34Z","Illinois State Water Survey Central Analytical Laboratory",220.0,0.35250,5,"2024-08-30","A",,
"958cb01e-4f09-4a7c-8921-df2d203589f3","D19","CARI","CARI.AOS.S2","CARI.SS.20240827.FIL","A00000434071","2024-08-27T20:34Z","2024-08-27T20:34Z","Illinois State Water Survey Central Analytical Laboratory",406.0,0.01634,5,"2024-08-30","B",,
"cc4de0b5-e1c5-4bc0-9819-54b72120f426","D19","CARI","CARI.AOS.S2","CARI.SS.20240827.FIL","A00000434071","2024-08-27T20:34Z","2024-08-27T20:34Z","Illinois State Water Survey Central Analytical Laboratory",470.0,0.00608,5,"2024-08-30","A",,
"f96d23d6-a532-47ed-a743-a1a187fb1411","D19","CARI","CARI.AOS.S2","CARI.SS.20240827.FIL","A00000434071","2024-08-27T20:34Z","2024-08-27T20:34Z","Illinois State Water Survey Central Analytical Laboratory",508.0,0.00396,5,"2024-08-30","B",,
"1011327f-cd4f-4fc2-8dfa-add32f4f56d3","D19","CARI","CARI.AOS.S2","CARI.SS.20240827.FIL","A00000434071","2024-08-27T20:34Z","2024-08-27T20:34Z","Illinois State Water Survey Central Analytical Laboratory",420.0,0.01274,5,"2024-08-30","A",,
"16b1dc0d-e084-4d25-ac43-816baa4f78ad","D19","CARI","CARI.AOS.S2","CARI.SS.20240827.FIL","A00000434071","2024-08-27T20:34Z","2024-08-27T20:34Z","Illinois State Water Survey Central Analytical Laboratory",498.0,0.00434,5,"2024-08-30","A",,
"5e19902f-afaa-43b4-8c40-80957716e3a2","D19","CARI","CARI.AOS.S2","CARI.SS.20240827.FIL","A00000434071","2024-08-27T20:34Z","2024-08-27T20:34Z","Illinois State Water Survey Central Analytical Laboratory",314.0,0.07870,5,"2024-08-30","B",,
"21ac1313-cda4-4793-8b11-14000e4f1ac8","D19","CARI","CARI.AOS.S2","CARI.SS.20240827.FIL","A00000434071","2024-08-27T20:34Z","2024-08-27T20:34Z","Illinois State Water Survey Central Analytical Laboratory",448.0,0.00840,5,"2024-08-30","B",,
"38a31e3d-aeb9-44c1-abcf-1fb35b724c06","D19","CARI","CARI.AOS.S2","CARI.SS.20240827.FIL","A00000434071","2024-08-27T20:34Z","2024-08-27T20:34Z","Illinois State Water Survey Central Analytical Laboratory",360.0,0.03758,5,"2024-08-30","A",,
"71f86e8d-fe90-4c4b-b19a-6259f4883098","D19","CARI","CARI.AOS.S2","CARI.SS.20240827.FIL","A00000434071","2024-08-27T20:34Z","2024-08-27T20:34Z","Illinois State Water Survey Central Analytical Laboratory",564.0,0.00212,5,"2024-08-30","B",,
"259a4587-2256-4ab9-9986-d76865766488","D19","CARI","CARI.AOS.S2","CARI.SS.20240827.FIL","A00000434071","2024-08-27T20:34Z","2024-08-27T20:34Z","Illinois State Water Survey Central Analytical Laboratory",370.0,0.03128,5,"2024-08-30","A",,
"51bafd34-9311-45db-939b-6386f9e99b31","D19","CARI","CARI.AOS.S2","CARI.SS.20240827.FIL","A00000434071","2024-08-27T20:34Z","2024-08-27T20:34Z","Illinois State Water Survey Central Analytical Laboratory",292.0,0.10734,5,"2024-08-30","A",,
"8d36a1c1-d361-4f63-afbf-3013e945c76d","D19","CARI","CARI.AOS.S2","CARI.SS.20240827.FIL","A00000434071","2024-08-27T20:34Z","2024-08-27T20:34Z","Illinois State Water Survey Central Analytical Laboratory",338.0,0.05462,5,"2024-08-30","A",,
"0b7bf954-0e13-477a-b094-7db59d548339","D19","CARI","CARI.AOS.S2","CARI.SS.20240827.FIL","A00000434071","2024-08-27T20:34Z","2024-08-27T20:34Z","Illinois State Water Survey Central Analytical Laboratory",364.0,0.03512,5,"2024-08-30","B",,
"00e48726-d9a5-47d5-8cbf-4cedc250276f","D19","CARI","CARI.AOS.S2","CARI.SS.20240827.FIL","A00000434071","2024-08-27T20:34Z","2024-08-27T20:34Z","Illinois State Water Survey Central Analytical Laboratory",506.0,0.00394,5,"2024-08-30","A",,
"f8c4045c-1b73-4e8c-9dfd-d1bac86b5bba","D19","CARI","CARI.AOS.S2","CARI.SS.20240827.FIL","A00000434071","2024-08-27T20:34Z","2024-08-27T20:34Z","Illinois State Water Survey Central Analytical Laboratory",582.0,0.00178,5,"2024-08-30","A",,
"f93ab158-f324-4bac-9b6f-a27caf83da4c","D19","CARI","CARI.AOS.S2","CARI.SS.20240827.FIL","A00000434071","2024-08-27T20:34Z","2024-08-27T20:34Z","Illinois State Water Survey Central Analytical Laboratory",258.0,0.16722,5,"2024-08-30","B",,
"f699bb87-3ace-4b85-a35e-66877cd7daa9","D19","CARI","CARI.AOS.S2","CARI.SS.20240827.FIL","A00000434071","2024-08-27T20:34Z","2024-08-27T20:34Z","Illinois State Water Survey Central Analytical Laboratory",338.0,0.05476,5,"2024-08-30","B",,
"55b7729c-9c58-48b1-9b1f-611015fd0864","D19","CARI","CARI.AOS.S2","CARI.SS.20240827.FIL","A00000434071","2024-08-27T20:34Z","2024-08-27T20:34Z","Illinois State Water Survey Central Analytical Laboratory",330.0,0.06184,5,"2024-08-30","A",,
"64c72bb9-d2cf-4531-a4c0-30b09d225d1a","D19","CARI","CARI.AOS.S2","CARI.SS.20240827.FIL","A00000434071","2024-08-27T20:34Z","2024-08-27T20:34Z","Illinois State Water Survey Central Analytical Laboratory",296.0,0.10134,5,"2024-08-30","A",,
"c582b4b9-02b1-4f3a-9179-45dc81c5bfec","D19","CARI","CARI.AOS.S2","CARI.SS.20240827.FIL","A00000434071","2024-08-27T20:34Z","2024-08-27T20:34Z","Illinois State Water Survey Central Analytical Laboratory",396.0,0.01932,5,"2024-08-30","A",,
"31c3df9b-54e9-42cc-93a5-84f7f5f1ad0d","D19","CARI","CARI.AOS.S2","CARI.SS.20240827.FIL","A00000434071","2024-08-27T20:34Z","2024-08-27T20:34Z","Illinois State Water Survey Central Analytical Laboratory",536.0,0.00286,5,"2024-08-30","B",,
"83c8c09f-ec21-4541-9dc2-181b7ca50bdb","D19","CARI","CARI.AOS.S2","CARI.SS.20240827.FIL","A00000434071","2024-08-27T20:34Z","2024-08-27T20:34Z","Illinois State Water Survey Central Analytical Laboratory",474.0,0.00582,5,"2024-08-30","A",,
"75562f72-63a1-4e00-b957-d16e45d115b7","D19","CARI","CARI.AOS.S2","CARI.SS.20240827.FIL","A00000434071","2024-08-27T20:34Z","2024-08-27T20:34Z","Illinois State Water Survey Central Analytical Laboratory",516.0,0.00356,5,"2024-08-30","B",,
"41bd5c5d-117b-476d-acb7-2f95c97747f5","D19","CARI","CARI.AOS.S2","CARI.SS.20240827.FIL","A00000434071","2024-08-27T20:34Z","2024-08-27T20:34Z","Illinois State Water Survey Central Analytical Laboratory",298.0,0.09900,5,"2024-08-30","B",,
"b6783ce3-7173-443a-a8f5-e6ec73644d48","D19","CARI","CARI.AOS.S2","CARI.SS.20240827.FIL","A00000434071","2024-08-27T20:34Z","2024-08-27T20:34Z","Illinois State Water Survey Central Analytical Laboratory",416.0,0.01370,5,"2024-08-30","B",,
"1d4ee0b5-c395-41cc-89ec-ea9f0a5fa4df","D19","CARI","CARI.AOS.S2","CARI.SS.20240827.FIL","A00000434071","2024-08-27T20:34Z","2024-08-27T20:34Z","Illinois State Water Survey Central Analytical Laboratory",366.0,0.03370,5,"2024-08-30","A",,
"4f0c047e-4996-4a01-bab9-6e7e93a48030","D19","CARI","CARI.AOS.S2","CARI.SS.20240827.FIL","A00000434071","2024-08-27T20:34Z","2024-08-27T20:34Z","Illinois State Water Survey Central Analytical Laboratory",414.0,0.01402,5,"2024-08-30","A",,
"73b6e9b9-4582-4c99-8998-624ce247df29","D19","CARI","CARI.AOS.S2","CARI.SS.20240827.FIL","A00000434071","2024-08-27T20:34Z","2024-08-27T20:34Z","Illinois State Water Survey Central Analytical Laboratory",308.0,0.08570,5,"2024-08-30","A",,
"8bb3c6e2-d3a7-4946-885a-39c37adf446c","D19","CARI","CARI.AOS.S2","CARI.SS.20240827.FIL","A00000434071","2024-08-27T20:34Z","2024-08-27T20:34Z","Illinois State Water Survey Central Analytical Laboratory",274.0,0.13808,5,"2024-08-30","B",,
"5f9ad23a-cbc9-4ca4-9ad1-fbf69c9b3240","D19","CARI","CARI.AOS.S2","CARI.SS.20240827.FIL","A00000434071","2024-08-27T20:34Z","2024-08-27T20:34Z","Illinois State Water Survey Central Analytical Laboratory",242.0,0.19550,5,"2024-08-30","A",,
"c5f311c4-932f-4e9f-a70c-b339fef355e6","D19","CARI","CARI.AOS.S2","CARI.SS.20240827.FIL","A00000434071","2024-08-27T20:34Z","2024-08-27T20:34Z","Illinois State Water Survey Central Analytical Laboratory",534.0,0.00282,5,"2024-08-30","A",,
"e2e39b1b-5a93-4213-89ff-ad91202ec17f","D19","CARI","CARI.AOS.S2","CARI.SS.20240827.FIL","A00000434071","2024-08-27T20:34Z","2024-08-27T20:34Z","Illinois State Water Survey Central Analytical Laboratory",394.0,0.02012,5,"2024-08-30","B",,
"cbc20219-710e-48e0-81e5-053d6b4671c8","D19","CARI","CARI.AOS.S2","CARI.SS.20240827.FIL","A00000434071","2024-08-27T20:34Z","2024-08-27T20:34Z","Illinois State Water Survey Central Analytical Laboratory",294.0,0.10444,5,"2024-08-30","B",,
"beb69966-462a-4acc-8dfc-7672d0e7ddda","D19","CARI","CARI.AOS.S2","CARI.SS.20240827.FIL","A00000434071","2024-08-27T20:34Z","2024-08-27T20:34Z","Illinois State Water Survey Central Analytical Laboratory",264.0,0.15702,5,"2024-08-30","B",,
"7d3ec708-8524-4b6a-91b5-359accf39501","D19","CARI","CARI.AOS.S2","CARI.SS.20240827.FIL","A00000434071","2024-08-27T20:34Z","2024-08-27T20:34Z","Illinois State Water Survey Central Analytical Laboratory",452.0,0.00776,5,"2024-08-30","A",,
"98c46c0b-454a-4a5b-85bd-9bcaa07f059f","D19","CARI","CARI.AOS.S2","CARI.SS.20240827.FIL","A00000434071","2024-08-27T20:34Z","2024-08-27T20:34Z","Illinois State Water Survey Central Analytical Laboratory",476.0,0.00566,5,"2024-08-30","A",,
"7493e060-4708-452d-bb61-f09fc1eb8f2e","D19","CARI","CARI.AOS.S2","CARI.SS.20240827.FIL","A00000434071","2024-08-27T20:34Z","2024-08-27T20:34Z","Illinois State Water Survey Central Analytical Laboratory",480.0,0.00538,5,"2024-08-30","A",,
"9ea93d1a-a613-4b26-af67-0134aaf668bf","D19","CARI","CARI.AOS.S2","CARI.SS.20240827.FIL","A00000434071","2024-08-27T20:34Z","2024-08-27T20:34Z","Illinois State Water Survey Central Analytical Laboratory",266.0,0.15282,5,"2024-08-30","A",,
"0ab27abb-6c3a-4ec5-8802-2f63591c9d88","D19","CARI","CARI.AOS.S2","CARI.SS.20240827.FIL","A00000434071","2024-08-27T20:34Z","2024-08-27T20:34Z","Illinois State Water Survey Central Analytical Laboratory",290.0,0.11060,5,"2024-08-30","B",,
"a12a7b24-d6f8-407e-ae62-833cfc80751e","D19","CARI","CARI.AOS.S2","CARI.SS.20240827.FIL","A00000434071","2024-08-27T20:34Z","2024-08-27T20:34Z","Illinois State Water Survey Central Analytical Laboratory",320.0,0.07204,5,"2024-08-30","A",,
"51ae86fa-a6cd-4537-b996-6aeeeba4e09c","D19","CARI","CARI.AOS.S2","CARI.SS.20240827.FIL","A00000434071","2024-08-27T20:34Z","2024-08-27T20:34Z","Illinois State Water Survey Central Analytical Laboratory",238.0,0.20742,5,"2024-08-30","A",,
"4f8109e2-8c24-4b13-9eed-5dc28b682941","D19","CARI","CARI.AOS.S2","CARI.SS.20240827.FIL","A00000434071","2024-08-27T20:34Z","2024-08-27T20:34Z","Illinois State Water Survey Central Analytical Laboratory",288.0,0.11392,5,"2024-08-30","B",,
"6a5b4a6f-0333-472c-9a4b-ff09bb609512","D19","CARI","CARI.AOS.S2","CARI.SS.20240827.FIL","A00000434071","2024-08-27T20:34Z","2024-08-27T20:34Z","Illinois State Water Survey Central Analytical Laboratory",558.0,0.00224,5,"2024-08-30","A",,
"f8812754-8664-4ab0-8a72-380ae7b35aad","D19","CARI","CARI.AOS.S2","CARI.SS.20240827.FIL","A00000434071","2024-08-27T20:34Z","2024-08-27T20:34Z","Illinois State Water Survey Central Analytical Laboratory",408.0,0.01576,5,"2024-08-30","B",,
"264cea71-deae-4074-a84f-be4a7caef843","D19","CARI","CARI.AOS.S2","CARI.SS.20240827.FIL","A00000434071","2024-08-27T20:34Z","2024-08-27T20:34Z","Illinois State Water Survey Central Analytical Laboratory",526.0,0.00304,5,"2024-08-30","A",,
"43f8fd0e-f7d6-4528-90b8-da967ee49a57","D19","CARI","CARI.AOS.S2","CARI.SS.20240827.FIL","A00000434071","2024-08-27T20:34Z","2024-08-27T20:34Z","Illinois State Water Survey Central Analytical Laboratory",464.0,0.00656,5,"2024-08-30","A",,
"e2f741f2-4cba-436b-a725-242a251ec779","D19","CARI","CARI.AOS.S2","CARI.SS.20240827.FIL","A00000434071","2024-08-27T20:34Z","2024-08-27T20:34Z","Illinois State Water Survey Central Analytical Laboratory",430.0,0.01086,5,"2024-08-30","A",,
"1faadfaf-653f-4957-9799-078543a64d2c","D19","CARI","CARI.AOS.S2","CARI.SS.20240827.FIL","A00000434071","2024-08-27T20:34Z","2024-08-27T20:34Z","Illinois State Water Survey Central Analytical Laboratory",230.0,0.24758,5,"2024-08-30","A",,
"9c135da6-4cfe-4bbb-aff6-05a829315c75","D19","CARI","CARI.AOS.S2","CARI.SS.20240827.FIL","A00000434071","2024-08-27T20:34Z","2024-08-27T20:34Z","Illinois State Water Survey Central Analytical Laboratory",254.0,0.17396,5,"2024-08-30","B",,
"f17940b3-aff5-440a-9bcc-c7594fcaea29","D19","CARI","CARI.AOS.S2","CARI.SS.20240827.FIL","A00000434071","2024-08-27T20:34Z","2024-08-27T20:34Z","Illinois State Water Survey Central Analytical Laboratory",376.0,0.02792,5,"2024-08-30","A",,
"d4639170-2cd1-4770-ae4f-e721b908e902","D19","CARI","CARI.AOS.S2","CARI.SS.20240827.FIL","A00000434071","2024-08-27T20:34Z","2024-08-27T20:34Z","Illinois State Water Survey Central Analytical Laboratory",256.0,0.17014,5,"2024-08-30","A",,
"327af2b5-93ca-47dc-bb1b-45ad1cfdff72","D19","CARI","CARI.AOS.S2","CARI.SS.20240827.FIL","A00000434071","2024-08-27T20:34Z","2024-08-27T20:34Z","Illinois State Water Survey Central Analytical Laboratory",482.0,0.00528,5,"2024-08-30","A",,
"d10c79a0-8629-4db6-8d61-7bc6f470f089","D19","CARI","CARI.AOS.S2","CARI.SS.20240827.FIL","A00000434071","2024-08-27T20:34Z","2024-08-27T20:34Z","Illinois State Water Survey Central Analytical Laboratory",544.0,0.00260,5,"2024-08-30","A",,
"f86d85ef-be65-416a-8813-8c9d02614e17","D19","CARI","CARI.AOS.S2","CARI.SS.20240827.FIL","A00000434071","2024-08-27T20:34Z","2024-08-27T20:34Z","Illinois State Water Survey Central Analytical Laboratory",502.0,0.00414,5,"2024-08-30","A",,
"56227dcc-6b43-404d-ac7a-9a786b87bb8f","D19","CARI","CARI.AOS.S2","CARI.SS.20240827.FIL","A00000434071","2024-08-27T20:34Z","2024-08-27T20:34Z","Illinois State Water Survey Central Analytical Laboratory",260.0,0.16404,5,"2024-08-30","B",,
"18acb4fb-31b1-470f-a846-c88b2be3cfa0","D19","CARI","CARI.AOS.S2","CARI.SS.20240827.FIL","A00000434071","2024-08-27T20:34Z","2024-08-27T20:34Z","Illinois State Water Survey Central Analytical Laboratory",252.0,0.17686,5,"2024-08-30","B",,
"6c433a2b-b824-4f93-bf7d-db8f6a578ba5","D19","CARI","CARI.AOS.S2","CARI.SS.20240827.FIL","A00000434071","2024-08-27T20:34Z","2024-08-27T20:34Z","Illinois State Water Survey Central Analytical Laboratory",386.0,0.02312,5,"2024-08-30","A",,
"553fa897-4cf0-4308-ac1a-99d34a87257c","D19","CARI","CARI.AOS.S2","CARI.SS.20240827.FIL","A00000434071","2024-08-27T20:34Z","2024-08-27T20:34Z","Illinois State Water Survey Central Analytical Laboratory",390.0,0.02154,5,"2024-08-30","B",,
"2955a0e0-ecdb-4343-8fa9-7cc6a177d0e7","D19","CARI","CARI.AOS.S2","CARI.SS.20240827.FIL","A00000434071","2024-08-27T20:34Z","2024-08-27T20:34Z","Illinois State Water Survey Central Analytical Laboratory",430.0,0.01100,5,"2024-08-30","B",,
"e4f1cd54-4092-4b7b-8860-7d46ff9e2597","D19","CARI","CARI.AOS.S2","CARI.SS.20240827.FIL","A00000434071","2024-08-27T20:34Z","2024-08-27T20:34Z","Illinois State Water Survey Central Analytical Laboratory",554.0,0.00236,5,"2024-08-30","B",,
"ee43d3cf-af4a-4103-9b7c-5bc98c5f3d7f","D19","CARI","CARI.AOS.S2","CARI.SS.20240827.FIL","A00000434071","2024-08-27T20:34Z","2024-08-27T20:34Z","Illinois State Water Survey Central Analytical Laboratory",446.0,0.00852,5,"2024-08-30","A",,
"f994a271-e88c-4325-aec4-6efebf22bdac","D19","CARI","CARI.AOS.S2","CARI.SS.20240827.FIL","A00000434071","2024-08-27T20:34Z","2024-08-27T20:34Z","Illinois State Water Survey Central Analytical Laboratory",244.0,0.19186,5,"2024-08-30","B",,
"edd2452d-bc63-4ea5-9487-e3ec89a256f1","D19","CARI","CARI.AOS.S2","CARI.SS.20240827.FIL","A00000434071","2024-08-27T20:34Z","2024-08-27T20:34Z","Illinois State Water Survey Central Analytical Laboratory",504.0,0.00402,5,"2024-08-30","A",,
"cf8b2539-946c-4afb-b397-4dc7f8a46666","D19","CARI","CARI.AOS.S2","CARI.SS.20240827.FIL","A00000434071","2024-08-27T20:34Z","2024-08-27T20:34Z","Illinois State Water Survey Central Analytical Laboratory",330.0,0.06198,5,"2024-08-30","B",,
"9ab7127f-7d72-4c13-98ec-c2139c9a6d9b","D19","CARI","CARI.AOS.S2","CARI.SS.20240827.FIL","A00000434071","2024-08-27T20:34Z","2024-08-27T20:34Z","Illinois State Water Survey Central Analytical Laboratory",412.0,0.01456,5,"2024-08-30","A",,
"6fbbcea7-c885-4eed-be80-be01257f5285","D19","CARI","CARI.AOS.S2","CARI.SS.20240827.FIL","A00000434071","2024-08-27T20:34Z","2024-08-27T20:34Z","Illinois State Water Survey Central Analytical Laboratory",518.0,0.00344,5,"2024-08-30","A",,
"a5bab5e2-2a5f-4c4b-be13-d5fbe6432963","D19","CARI","CARI.AOS.S2","CARI.SS.20240827.FIL","A00000434071","2024-08-27T20:34Z","2024-08-27T20:34Z","Illinois State Water Survey Central Analytical Laboratory",592.0,0.00164,5,"2024-08-30","B",,
"6fe07c8e-303f-4595-9270-79af0976b9c9","D19","CARI","CARI.AOS.S2","CARI.SS.20240827.FIL","A00000434071","2024-08-27T20:34Z","2024-08-27T20:34Z","Illinois State Water Survey Central Analytical Laboratory",240.0,0.20162,5,"2024-08-30","B",,
"bc7ed800-cc95-48d5-84a3-6c46ce1b6735","D19","CARI","CARI.AOS.S2","CARI.SS.20240827.FIL","A00000434071","2024-08-27T20:34Z","2024-08-27T20:34Z","Illinois State Water Survey Central Analytical Laboratory",532.0,0.00300,5,"2024-08-30","B",,
"7167b37f-b854-43de-9474-2c95706d566e","D19","CARI","CARI.AOS.S2","CARI.SS.20240827.FIL","A00000434071","2024-08-27T20:34Z","2024-08-27T20:34Z","Illinois State Water Survey Central Analytical Laboratory",350.0,0.04490,5,"2024-08-30","A",,
"58c43971-67e7-4b33-8515-20aee2ec8e9c","D19","CARI","CARI.AOS.S2","CARI.SS.20240827.FIL","A00000434071","2024-08-27T20:34Z","2024-08-27T20:34Z","Illinois State Water Survey Central Analytical Laboratory",600.0,0.00154,5,"2024-08-30","B",,
"fe3d3676-d29e-4885-a587-05d586a3c08f","D19","CARI","CARI.AOS.S2","CARI.SS.20240827.FIL","A00000434071","2024-08-27T20:34Z","2024-08-27T20:34Z","Illinois State Water Survey Central Analytical Laboratory",512.0,0.00366,5,"2024-08-30","A",,
"01fc5b54-6d0c-47e6-88e5-cba2b3e3f98c","D19","CARI","CARI.AOS.S2","CARI.SS.20240827.FIL","A00000434071","2024-08-27T20:34Z","2024-08-27T20:34Z","Illinois State Water Survey Central Analytical Laboratory",354.0,0.04198,5,"2024-08-30","B",,
"7db842e6-2d87-43c3-aeb7-dcb52ff4f358","D19","CARI","CARI.AOS.S2","CARI.SS.20240827.FIL","A00000434071","2024-08-27T20:34Z","2024-08-27T20:34Z","Illinois State Water Survey Central Analytical Laboratory",334.0,0.05836,5,"2024-08-30","B",,
"94423813-ede5-446f-ae09-e2c0d8ba2376","D19","CARI","CARI.AOS.S2","CARI.SS.20240827.FIL","A00000434071","2024-08-27T20:34Z","2024-08-27T20:34Z","Illinois State Water Survey Central Analytical Laboratory",278.0,0.13052,5,"2024-08-30","A",,
"5217c97b-2038-4d6c-a3dc-316d078a9b3c","D19","CARI","CARI.AOS.S2","CARI.SS.20240827.FIL","A00000434071","2024-08-27T20:34Z","2024-08-27T20:34Z","Illinois State Water Survey Central Analytical Laboratory",432.0,0.01054,5,"2024-08-30","A",,
"7b6c2798-c58f-4766-8bd1-2866e6c1bed3","D19","CARI","CARI.AOS.S2","CARI.SS.20240827.FIL","A00000434071","2024-08-27T20:34Z","2024-08-27T20:34Z","Illinois State Water Survey Central Analytical Laboratory",442.0,0.00906,5,"2024-08-30","A",,
"1901a14a-b53d-4485-8d9d-7cf3c72322ea","D19","CARI","CARI.AOS.S2","CARI.SS.20240827.FIL","A00000434071","2024-08-27T20:34Z","2024-08-27T20:34Z","Illinois State Water Survey Central Analytical Laboratory",422.0,0.01236,5,"2024-08-30","A",,
"eeaa4ca8-3fb7-40a9-ae4b-03a854384475","D19","CARI","CARI.AOS.S2","CARI.SS.20240827.FIL","A00000434071","2024-08-27T20:34Z","2024-08-27T20:34Z","Illinois State Water Survey Central Analytical Laboratory",368.0,0.03250,5,"2024-08-30","A",,
"9b27d913-c91e-4b4f-971b-4d27cd471e21","D19","CARI","CARI.AOS.S2","CARI.SS.20240827.FIL","A00000434071","2024-08-27T20:34Z","2024-08-27T20:34Z","Illinois State Water Survey Central Analytical Laboratory",456.0,0.00746,5,"2024-08-30","B",,
"bf32ca78-29a4-4f23-91d8-24e9847ac70b","D19","CARI","CARI.AOS.S2","CARI.SS.20240827.FIL","A00000434071","2024-08-27T20:34Z","2024-08-27T20:34Z","Illinois State Water Survey Central Analytical Laboratory",324.0,0.06792,5,"2024-08-30","B",,
"6749af1f-048c-43a7-9357-d4c55c709ff8","D19","CARI","CARI.AOS.S2","CARI.SS.20240827.FIL","A00000434071","2024-08-27T20:34Z","2024-08-27T20:34Z","Illinois State Water Survey Central Analytical Laboratory",538.0,0.00278,5,"2024-08-30","B",,
"f4ef5979-f92c-41dd-8742-8d0b3962ec51","D19","CARI","CARI.AOS.S2","CARI.SS.20240827.FIL","A00000434071","2024-08-27T20:34Z","2024-08-27T20:34Z","Illinois State Water Survey Central Analytical Laboratory",460.0,0.00690,5,"2024-08-30","A",,
"973e6000-00f5-4a65-8c94-67b777735c23","D19","CARI","CARI.AOS.S2","CARI.SS.20240827.FIL","A00000434071","2024-08-27T20:34Z","2024-08-27T20:34Z","Illinois State Water Survey Central Analytical Laboratory",598.0,0.00152,5,"2024-08-30","B",,
"1951a1ea-2041-414a-9f3d-48eaa7455069","D19","CARI","CARI.AOS.S2","CARI.SS.20240827.FIL","A00000434071","2024-08-27T20:34Z","2024-08-27T20:34Z","Illinois State Water Survey Central Analytical Laboratory",590.0,0.00160,5,"2024-08-30","A",,
"9dfc0af2-90b8-4e24-8570-abbc6dd83fb6","D19","CARI","CARI.AOS.S2","CARI.SS.20240827.FIL","A00000434071","2024-08-27T20:34Z","2024-08-27T20:34Z","Illinois State Water Survey Central Analytical Laboratory",256.0,0.17058,5,"2024-08-30","B",,
"15f0c161-6c26-4902-847a-56bd7036f089","D19","CARI","CARI.AOS.S2","CARI.SS.20240827.FIL","A00000434071","2024-08-27T20:34Z","2024-08-27T20:34Z","Illinois State Water Survey Central Analytical Laboratory",528.0,0.00316,5,"2024-08-30","B",,
"2be85bb8-795d-45b2-88ec-a4ab9e3acf90","D19","CARI","CARI.AOS.S2","CARI.SS.20240827.FIL","A00000434071","2024-08-27T20:34Z","2024-08-27T20:34Z","Illinois State Water Survey Central Analytical Laboratory",392.0,0.02070,5,"2024-08-30","A",,
"4215ecfa-bb1e-4e58-854b-6baaa81ad661","D19","CARI","CARI.AOS.S2","CARI.SS.20240827.FIL","A00000434071","2024-08-27T20:34Z","2024-08-27T20:34Z","Illinois State Water Survey Central Analytical Laboratory",342.0,0.05126,5,"2024-08-30","A",,
"3d21483c-9b53-4595-a937-ec8f0d9f8e89","D19","CARI","CARI.AOS.S2","CARI.SS.20240827.FIL","A00000434071","2024-08-27T20:34Z","2024-08-27T20:34Z","Illinois State Water Survey Central Analytical Laboratory",514.0,0.00350,5,"2024-08-30","A",,
"12b2db23-6703-4bc4-aea0-b6f75b3601ed","D19","CARI","CARI.AOS.S2","CARI.SS.20240827.FIL","A00000434071","2024-08-27T20:34Z","2024-08-27T20:34Z","Illinois State Water Survey Central Analytical Laboratory",586.0,0.00174,5,"2024-08-30","B",,
"b47900e1-7f7a-41bd-a71e-fe7846985080","D19","CARI","CARI.AOS.S2","CARI.SS.20240827.FIL","A00000434071","2024-08-27T20:34Z","2024-08-27T20:34Z","Illinois State Water Survey Central Analytical Laboratory",280.0,0.12706,5,"2024-08-30","B",,
"5d25c742-735d-42a0-989c-d21ba23dc5ad","D19","CARI","CARI.AOS.S2","CARI.SS.20240827.FIL","A00000434071","2024-08-27T20:34Z","2024-08-27T20:34Z","Illinois State Water Survey Central Analytical Laboratory",598.0,0.00148,5,"2024-08-30","A",,
"6e99e03f-128c-4e3d-9f86-a39964fa56db","D19","CARI","CARI.AOS.S2","CARI.SS.20240827.FIL","A00000434071","2024-08-27T20:34Z","2024-08-27T20:34Z","Illinois State Water Survey Central Analytical Laboratory",428.0,0.01122,5,"2024-08-30","A",,
"afbd41f9-88d8-47d0-8905-4691eb37e594","D19","CARI","CARI.AOS.S2","CARI.SS.20240827.FIL","A00000434071","2024-08-27T20:34Z","2024-08-27T20:34Z","Illinois State Water Survey Central Analytical Laboratory",386.0,0.02324,5,"2024-08-30","B",,
"7c0729da-3066-45d3-a523-4f8d2ee87041","D19","CARI","CARI.AOS.S2","CARI.SS.20240827.FIL","A00000434071","2024-08-27T20:34Z","2024-08-27T20:34Z","Illinois State Water Survey Central Analytical Laboratory",234.0,0.22342,5,"2024-08-30","A",,
"c743ad04-38e5-4896-b0f9-7c64aa6499de","D19","CARI","CARI.AOS.S2","CARI.SS.20240827.FIL","A00000434071","2024-08-27T20:34Z","2024-08-27T20:34Z","Illinois State Water Survey Central Analytical Laboratory",572.0,0.00204,5,"2024-08-30","B",,
"1b025df7-06f2-41df-8d99-7251c939d8d3","D19","CARI","CARI.AOS.S2","CARI.SS.20240827.FIL","A00000434071","2024-08-27T20:34Z","2024-08-27T20:34Z","Illinois State Water Survey Central Analytical Laboratory",542.0,0.00260,5,"2024-08-30","A",,
"4879c0e6-966c-44ec-9bb1-2e172668a5fe","D19","CARI","CARI.AOS.S2","CARI.SS.20240827.FIL","A00000434071","2024-08-27T20:34Z","2024-08-27T20:34Z","Illinois State Water Survey Central Analytical Laboratory",406.0,0.01622,5,"2024-08-30","A",,
"8e209588-f5fb-4e85-a78e-4fd9cb911157","D19","CARI","CARI.AOS.S2","CARI.SS.20240827.FIL","A00000434071","2024-08-27T20:34Z","2024-08-27T20:34Z","Illinois State Water Survey Central Analytical Laboratory",472.0,0.00604,5,"2024-08-30","B",,
"79f4efc6-d970-457f-b282-18feb06d1c5b","D19","CARI","CARI.AOS.S2","CARI.SS.20240827.FIL","A00000434071","2024-08-27T20:34Z","2024-08-27T20:34Z","Illinois State Water Survey Central Analytical Laboratory",452.0,0.00788,5,"2024-08-30","B",,
"6553195f-a4a7-4493-b4e6-fde37930d6f1","D19","CARI","CARI.AOS.S2","CARI.SS.20240827.FIL","A00000434071","2024-08-27T20:34Z","2024-08-27T20:34Z","Illinois State Water Survey Central Analytical Laboratory",542.0,0.00272,5,"2024-08-30","B",,
"93ce07d7-311d-403a-a588-400e8772e7cb","D19","CARI","CARI.AOS.S2","CARI.SS.20240827.FIL","A00000434071","2024-08-27T20:34Z","2024-08-27T20:34Z","Illinois State Water Survey Central Analytical Laboratory",272.0,0.14208,5,"2024-08-30","B",,
"7edaa35e-424e-49bf-9bd6-b5410c5cbfd9","D19","CARI","CARI.AOS.S2","CARI.SS.20240827.FIL","A00000434071","2024-08-27T20:34Z","2024-08-27T20:34Z","Illinois State Water Survey Central Analytical Laboratory",354.0,0.04186,5,"2024-08-30","A",,
"30560933-b199-472b-bcfb-715c46182cae","D19","CARI","CARI.AOS.S2","CARI.SS.20240827.FIL","A00000434071","2024-08-27T20:34Z","2024-08-27T20:34Z","Illinois State Water Survey Central Analytical Laboratory",230.0,0.24854,5,"2024-08-30","B",,
"8a940daf-24b9-4cff-856e-07e37fa42c42","D19","CARI","CARI.AOS.S2","CARI.SS.20240827.FIL","A00000434071","2024-08-27T20:34Z","2024-08-27T20:34Z","Illinois State Water Survey Central Analytical Laboratory",262.0,0.16050,5,"2024-08-30","B",,
"c630f682-b7e0-4970-8545-1ed4ddb30bb7","D19","CARI","CARI.AOS.S2","CARI.SS.20240827.FIL","A00000434071","2024-08-27T20:34Z","2024-08-27T20:34Z","Illinois State Water Survey Central Analytical Laboratory",482.0,0.00540,5,"2024-08-30","B",,
"6bb65e0a-3a1c-4b78-af87-57a4120cb9b4","D19","CARI","CARI.AOS.S2","CARI.SS.20240827.FIL","A00000434071","2024-08-27T20:34Z","2024-08-27T20:34Z","Illinois State Water Survey Central Analytical Laboratory",232.0,0.23534,5,"2024-08-30","B",,
"ef408f6b-08c0-4277-8d3e-dbf9532efa6a","D19","CARI","CARI.AOS.S2","CARI.SS.20240827.FIL","A00000434071","2024-08-27T20:34Z","2024-08-27T20:34Z","Illinois State Water Survey Central Analytical Laboratory",318.0,0.07412,5,"2024-08-30","A",,
"bb9635a1-3e7f-455c-b27a-fe68a67299c8","D19","CARI","CARI.AOS.S2","CARI.SS.20240827.FIL","A00000434071","2024-08-27T20:34Z","2024-08-27T20:34Z","Illinois State Water Survey Central Analytical Laboratory",488.0,0.00496,5,"2024-08-30","A",,
"2daa3b66-e67b-48f1-835d-e8b06b8cbd9d","D19","CARI","CARI.AOS.S2","CARI.SS.20240827.FIL","A00000434071","2024-08-27T20:34Z","2024-08-27T20:34Z","Illinois State Water Survey Central Analytical Laboratory",404.0,0.01680,5,"2024-08-30","A",,
"3f75c473-830e-4a39-a89f-bc5ddd0a5751","D19","CARI","CARI.AOS.S2","CARI.SS.20240827.FIL","A00000434071","2024-08-27T20:34Z","2024-08-27T20:34Z","Illinois State Water Survey Central Analytical Laboratory",326.0,0.06586,5,"2024-08-30","B",,
"d5d82c20-8d9a-43f5-8337-75d8ed2c20e5","D19","CARI","CARI.AOS.S2","CARI.SS.20240827.FIL","A00000434071","2024-08-27T20:34Z","2024-08-27T20:34Z","Illinois State Water Survey Central Analytical Laboratory",390.0,0.02140,5,"2024-08-30","A",,
"23b425c5-3bc5-4ed5-8ce0-b91961082f10","D19","CARI","CARI.AOS.S2","CARI.SS.20240827.FIL","A00000434071","2024-08-27T20:34Z","2024-08-27T20:34Z","Illinois State Water Survey Central Analytical Laboratory",258.0,0.16676,5,"2024-08-30","A",,
"f930a08c-beba-4267-8ab2-1857a6e3f1fb","D19","CARI","CARI.AOS.S2","CARI.SS.20240827.FIL","A00000434071","2024-08-27T20:34Z","2024-08-27T20:34Z","Illinois State Water Survey Central Analytical Laboratory",248.0,0.18314,5,"2024-08-30","A",,
"be14b3e2-dbe2-4b1d-9955-4b4c3acdebec","D19","CARI","CARI.AOS.S2","CARI.SS.20240827.FIL","A00000434071","2024-08-27T20:34Z","2024-08-27T20:34Z","Illinois State Water Survey Central Analytical Laboratory",476.0,0.00576,5,"2024-08-30","B",,
"4fa3614f-6cc4-494c-8edd-cc8d2d466c09","D19","CARI","CARI.AOS.S2","CARI.SS.20240827.FIL","A00000434071","2024-08-27T20:34Z","2024-08-27T20:34Z","Illinois State Water Survey Central Analytical Laboratory",374.0,0.02904,5,"2024-08-30","A",,
"f8f07ef8-1690-4b2f-9d54-038f13931294","D19","CARI","CARI.AOS.S2","CARI.SS.20240827.FIL","A00000434071","2024-08-27T20:34Z","2024-08-27T20:34Z","Illinois State Water Survey Central Analytical Laboratory",396.0,0.01942,5,"2024-08-30","B",,
"42f1ade5-e425-416c-b925-00e2e07e956b","D19","CARI","CARI.AOS.S2","CARI.SS.20240827.FIL","A00000434071","2024-08-27T20:34Z","2024-08-27T20:34Z","Illinois State Water Survey Central Analytical Laboratory",536.0,0.00278,5,"2024-08-30","A",,
"666041d3-ecca-4e7e-80a1-bc90ae51f058","D19","CARI","CARI.AOS.S2","CARI.SS.20240827.FIL","A00000434071","2024-08-27T20:34Z","2024-08-27T20:34Z","Illinois State Water Survey Central Analytical Laboratory",234.0,0.22418,5,"2024-08-30","B",,
"d46a14df-6fff-4102-bf34-38d487071e25","D19","CARI","CARI.AOS.S2","CARI.SS.20240827.FIL","A00000434071","2024-08-27T20:34Z","2024-08-27T20:34Z","Illinois State Water Survey Central Analytical Laboratory",278.0,0.13084,5,"2024-08-30","B",,
"05fb497f-cda8-4d9f-81c4-8823464d3b28","D19","CARI","CARI.AOS.S2","CARI.SS.20240827.FIL","A00000434071","2024-08-27T20:34Z","2024-08-27T20:34Z","Illinois State Water Survey Central Analytical Laboratory",384.0,0.02404,5,"2024-08-30","A",,
"6e9bad24-3cbc-4c96-b313-7e4aa43e43a0","D19","CARI","CARI.AOS.S2","CARI.SS.20240827.FIL","A00000434071","2024-08-27T20:34Z","2024-08-27T20:34Z","Illinois State Water Survey Central Analytical Laboratory",268.0,0.14922,5,"2024-08-30","A",,
"82007826-dcad-4e7b-ae13-85abb873d6fb","D19","CARI","CARI.AOS.S2","CARI.SS.20240827.FIL","A00000434071","2024-08-27T20:34Z","2024-08-27T20:34Z","Illinois State Water Survey Central Analytical Laboratory",458.0,0.00712,5,"2024-08-30","A",,
"e24f253a-5ac5-4b95-aa42-5f74b9517444","D19","CARI","CARI.AOS.S2","CARI.SS.20240827.FIL","A00000434071","2024-08-27T20:34Z","2024-08-27T20:34Z","Illinois State Water Survey Central Analytical Laboratory",552.0,0.00228,5,"2024-08-30","A",,
"e0ab36a1-ee30-468f-99f4-cf8bee4ab19d","D19","CARI","CARI.AOS.S2","CARI.SS.20240827.FIL","A00000434071","2024-08-27T20:34Z","2024-08-27T20:34Z","Illinois State Water Survey Central Analytical Laboratory",302.0,0.09364,5,"2024-08-30","B",,
"de7c9245-ee3f-4d4a-822a-9e3d4eea7d63","D19","CARI","CARI.AOS.S2","CARI.SS.20240827.FIL","A00000434071","2024-08-27T20:34Z","2024-08-27T20:34Z","Illinois State Water Survey Central Analytical Laboratory",382.0,0.02500,5,"2024-08-30","A",,
"8a5cc655-760a-4e37-b0fe-b051e40eca97","D19","CARI","CARI.AOS.S2","CARI.SS.20240827.FIL","A00000434071","2024-08-27T20:34Z","2024-08-27T20:34Z","Illinois State Water Survey Central Analytical Laboratory",306.0,0.08846,5,"2024-08-30","B",,
"e5df3e0c-b847-49bf-9fe1-52b85f103ac1","D19","CARI","CARI.AOS.S2","CARI.SS.20240827.FIL","A00000434071","2024-08-27T20:34Z","2024-08-27T20:34Z","Illinois State Water Survey Central Analytical Laboratory",516.0,0.00348,5,"2024-08-30","A",,
"5bcdc984-f47f-4214-90e3-03052526da08","D19","CARI","CARI.AOS.S2","CARI.SS.20240827.FIL","A00000434071","2024-08-27T20:34Z","2024-08-27T20:34Z","Illinois State Water Survey Central Analytical Laboratory",570.0,0.00200,5,"2024-08-30","B",,
"31dac3fb-6bd3-4e48-b499-0e6e66c577bd","D19","CARI","CARI.AOS.S2","CARI.SS.20240827.FIL","A00000434071","2024-08-27T20:34Z","2024-08-27T20:34Z","Illinois State Water Survey Central Analytical Laboratory",228.0,0.26144,5,"2024-08-30","B",,
"00a8d2fd-82fb-4806-a18f-67a740c02d05","D19","CARI","CARI.AOS.S2","CARI.SS.20240827.FIL","A00000434071","2024-08-27T20:34Z","2024-08-27T20:34Z","Illinois State Water Survey Central Analytical Laboratory",306.0,0.08826,5,"2024-08-30","A",,
"c30ab899-f217-48e3-b61f-c56a25f70565","D19","CARI","CARI.AOS.S2","CARI.SS.20240827.FIL","A00000434071","2024-08-27T20:34Z","2024-08-27T20:34Z","Illinois State Water Survey Central Analytical Laboratory",344.0,0.04956,5,"2024-08-30","A",,
"f966595a-96fb-42cc-8168-cb3893b8f0bc","D19","CARI","CARI.AOS.S2","CARI.SS.20240827.FIL","A00000434071","2024-08-27T20:34Z","2024-08-27T20:34Z","Illinois State Water Survey Central Analytical Laboratory",438.0,0.00976,5,"2024-08-30","B",,
"de7931ea-27de-47c0-bc0e-699dd1a5cd70","D19","CARI","CARI.AOS.S2","CARI.SS.20240827.FIL","A00000434071","2024-08-27T20:34Z","2024-08-27T20:34Z","Illinois State Water Survey Central Analytical Laboratory",348.0,0.04664,5,"2024-08-30","B",,
"a0bdd73d-018a-4cd5-91e0-ac8df3b21dab","D19","CARI","CARI.AOS.S2","CARI.SS.20240827.FIL","A00000434071","2024-08-27T20:34Z","2024-08-27T20:34Z","Illinois State Water Survey Central Analytical Laboratory",412.0,0.01468,5,"2024-08-30","B",,
"ffb3f6a9-39c3-4087-8af1-df34c36eb713","D19","CARI","CARI.AOS.S2","CARI.SS.20240827.FIL","A00000434071","2024-08-27T20:34Z","2024-08-27T20:34Z","Illinois State Water Survey Central Analytical Laboratory",580.0,0.00180,5,"2024-08-30","A",,
"21dab07e-e724-4033-9ebb-74ac786393fd","D19","CARI","CARI.AOS.S2","CARI.SS.20240827.FIL","A00000434071","2024-08-27T20:34Z","2024-08-27T20:34Z","Illinois State Water Survey Central Analytical Laboratory",554.0,0.00222,5,"2024-08-30","A",,
"2987e4f8-acae-403d-9362-d660413e3f14","D19","CARI","CARI.AOS.S2","CARI.SS.20240827.FIL","A00000434071","2024-08-27T20:34Z","2024-08-27T20:34Z","Illinois State Water Survey Central Analytical Laboratory",488.0,0.00500,5,"2024-08-30","B",,
"9bdd5f0f-d962-4a14-927b-065a71df76bb","D19","CARI","CARI.AOS.S2","CARI.SS.20240827.FIL","A00000434071","2024-08-27T20:34Z","2024-08-27T20:34Z","Illinois State Water Survey Central Analytical Laboratory",284.0,0.12032,5,"2024-08-30","B",,
"b7375542-fa42-433a-8247-546bdc734e09","D19","CARI","CARI.AOS.S2","CARI.SS.20240827.FIL","A00000434071","2024-08-27T20:34Z","2024-08-27T20:34Z","Illinois State Water Survey Central Analytical Laboratory",486.0,0.00510,5,"2024-08-30","B",,
"78dc7bc0-3657-4410-8331-0abdbeeb3ca9","D19","CARI","CARI.AOS.S2","CARI.SS.20240827.FIL","A00000434071","2024-08-27T20:34Z","2024-08-27T20:34Z","Illinois State Water Survey Central Analytical Laboratory",250.0,0.17982,5,"2024-08-30","A",,
"329d4293-88f0-46f1-a9bf-545ab64a443e","D19","CARI","CARI.AOS.S2","CARI.SS.20240827.FIL","A00000434071","2024-08-27T20:34Z","2024-08-27T20:34Z","Illinois State Water Survey Central Analytical Laboratory",374.0,0.02916,5,"2024-08-30","B",,
"554d2b06-889f-43e4-b1e6-737a3ce61794","D19","CARI","CARI.AOS.S2","CARI.SS.20240827.FIL","A00000434071","2024-08-27T20:34Z","2024-08-27T20:34Z","Illinois State Water Survey Central Analytical Laboratory",512.0,0.00376,5,"2024-08-30","B",,
"3ffaf85d-65a9-4ecd-80c5-23b7e72e1d3a","D19","CARI","CARI.AOS.S2","CARI.SS.20240827.FIL","A00000434071","2024-08-27T20:34Z","2024-08-27T20:34Z","Illinois State Water Survey Central Analytical Laboratory",442.0,0.00918,5,"2024-08-30","B",,
"1b5f58c2-50b4-438b-9778-e364091c8809","D19","CARI","CARI.AOS.S2","CARI.SS.20240827.FIL","A00000434071","2024-08-27T20:34Z","2024-08-27T20:34Z","Illinois State Water Survey Central Analytical Laboratory",454.0,0.00754,5,"2024-08-30","A",,
"a4778b3d-876b-448b-9e19-0bc64b6e40a5","D19","CARI","CARI.AOS.S2","CARI.SS.20240827.FIL","A00000434071","2024-08-27T20:34Z","2024-08-27T20:34Z","Illinois State Water Survey Central Analytical Laboratory",494.0,0.00456,5,"2024-08-30","A",,
"40f1689f-a6c8-42f1-9fce-98cdeb6f23c7","D19","CARI","CARI.AOS.S2","CARI.SS.20240827.FIL","A00000434071","2024-08-27T20:34Z","2024-08-27T20:34Z","Illinois State Water Survey Central Analytical Laboratory",282.0,0.12376,5,"2024-08-30","B",,
"75b20601-8cdb-4cce-915a-9e8d7d98048f","D19","CARI","CARI.AOS.S2","CARI.SS.20240827.FIL","A00000434071","2024-08-27T20:34Z","2024-08-27T20:34Z","Illinois State Water Survey Central Analytical Laboratory",246.0,0.18708,5,"2024-08-30","B",,
"9075e8c4-7b72-4d6c-805b-b32ea7076d36","D19","CARI","CARI.AOS.S2","CARI.SS.20240827.FIL","A00000434071","2024-08-27T20:34Z","2024-08-27T20:34Z","Illinois State Water Survey Central Analytical Laboratory",510.0,0.00374,5,"2024-08-30","A",,
"9750cbf2-83f1-4049-ae37-100da366303b","D19","CARI","CARI.AOS.S2","CARI.SS.20240827.FIL","A00000434071","2024-08-27T20:34Z","2024-08-27T20:34Z","Illinois State Water Survey Central Analytical Laboratory",326.0,0.06576,5,"2024-08-30","A",,
"b40104f9-87a5-4dc0-b8f0-2338aa359297","D19","CARI","CARI.AOS.S2","CARI.SS.20240827.FIL","A00000434071","2024-08-27T20:34Z","2024-08-27T20:34Z","Illinois State Water Survey Central Analytical Laboratory",320.0,0.07218,5,"2024-08-30","B",,
"57ca3d98-4649-4806-b6d8-ad23b24f697e","D19","CARI","CARI.AOS.S2","CARI.SS.20240827.FIL","A00000434071","2024-08-27T20:34Z","2024-08-27T20:34Z","Illinois State Water Survey Central Analytical Laboratory",332.0,0.06006,5,"2024-08-30","B",,
"75a9968b-54c6-4a7e-8e4f-a97b7d0588c7","D19","CARI","CARI.AOS.S2","CARI.SS.20240827.FIL","A00000434071","2024-08-27T20:34Z","2024-08-27T20:34Z","Illinois State Water Survey Central Analytical Laboratory",362.0,0.03642,5,"2024-08-30","B",,
"1645749d-84e4-4f47-a2eb-ed1780a1f10f","D19","CARI","CARI.AOS.S2","CARI.SS.20240827.FIL","A00000434071","2024-08-27T20:34Z","2024-08-27T20:34Z","Illinois State Water Survey Central Analytical Laboratory",556.0,0.00228,5,"2024-08-30","A",,
"0755c2a4-4c44-4528-9f42-64ab60f3005d","D19","CARI","CARI.AOS.S2","CARI.SS.20240827.FIL","A00000434071","2024-08-27T20:34Z","2024-08-27T20:34Z","Illinois State Water Survey Central Analytical Laboratory",502.0,0.00420,5,"2024-08-30","B",,
"52da16ba-8b28-4bf8-82e4-575b453b6ff7","D19","CARI","CARI.AOS.S2","CARI.SS.20240827.FIL","A00000434071","2024-08-27T20:34Z","2024-08-27T20:34Z","Illinois State Water Survey Central Analytical Laboratory",594.0,0.00150,5,"2024-08-30","A",,
"163f4b18-0c38-4beb-a8ec-8406cd65c4e5","D19","CARI","CARI.AOS.S2","CARI.SS.20240827.FIL","A00000434071","2024-08-27T20:34Z","2024-08-27T20:34Z","Illinois State Water Survey Central Analytical Laboratory",360.0,0.03770,5,"2024-08-30","B",,
"e59b4a71-4e89-4f26-bc95-120135118e39","D19","CARI","CARI.AOS.S2","CARI.SS.20240827.FIL","A00000434071","2024-08-27T20:34Z","2024-08-27T20:34Z","Illinois State Water Survey Central Analytical Laboratory",356.0,0.04040,5,"2024-08-30","A",,
"604c15d2-a123-4d2d-a51e-f0abee875acf","D19","CARI","CARI.AOS.S2","CARI.SS.20240827.FIL","A00000434071","2024-08-27T20:34Z","2024-08-27T20:34Z","Illinois State Water Survey Central Analytical Laboratory",304.0,0.09106,5,"2024-08-30","B",,
"0d0c6279-d949-4b8a-9cab-d5b2db8e6756","D19","CARI","CARI.AOS.S2","CARI.SS.20240827.FIL","A00000434071","2024-08-27T20:34Z","2024-08-27T20:34Z","Illinois State Water Survey Central Analytical Laboratory",308.0,0.08586,5,"2024-08-30","B",,
"63f8d6d2-f8c6-4dff-aba6-5f1446635c80","D19","CARI","CARI.AOS.S2","CARI.SS.20240827.FIL","A00000434071","2024-08-27T20:34Z","2024-08-27T20:34Z","Illinois State Water Survey Central Analytical Laboratory",426.0,0.01176,5,"2024-08-30","B",,
"9d9ddff0-bab8-4d02-abaf-9ca943341e2a","D19","CARI","CARI.AOS.S2","CARI.SS.20240827.FIL","A00000434071","2024-08-27T20:34Z","2024-08-27T20:34Z","Illinois State Water Survey Central Analytical Laboratory",226.0,0.27818,5,"2024-08-30","A",,
"ce988454-1e82-4c27-8056-41dab47adbd1","D19","CARI","CARI.AOS.S2","CARI.SS.20240827.FIL","A00000434071","2024-08-27T20:34Z","2024-08-27T20:34Z","Illinois State Water Survey Central Analytical Laboratory",434.0,0.01022,5,"2024-08-30","A",,
"1bbca652-b871-4015-b7a1-8c08c7ca19c0","D19","CARI","CARI.AOS.S2","CARI.SS.20240827.FIL","A00000434071","2024-08-27T20:34Z","2024-08-27T20:34Z","Illinois State Water Survey Central Analytical Laboratory",576.0,0.00194,5,"2024-08-30","B",,
"b1b630a6-480f-4ea8-8c8f-0db0aab5c41c","D19","CARI","CARI.AOS.S2","CARI.SS.20240827.FIL","A00000434071","2024-08-27T20:34Z","2024-08-27T20:34Z","Illinois State Water Survey Central Analytical Laboratory",324.0,0.06776,5,"2024-08-30","A",,
"c898f780-f89b-43e0-bac2-e4f3814570ad","D19","CARI","CARI.AOS.S2","CARI.SS.20240827.FIL","A00000434071","2024-08-27T20:34Z","2024-08-27T20:34Z","Illinois State Water Survey Central Analytical Laboratory",524.0,0.00320,5,"2024-08-30","A",,
"143d57f6-2d46-4e69-9410-69c3ec73c543","D19","CARI","CARI.AOS.S2","CARI.SS.20240827.FIL","A00000434071","2024-08-27T20:34Z","2024-08-27T20:34Z","Illinois State Water Survey Central Analytical Laboratory",544.0,0.00266,5,"2024-08-30","B",,
"3bdb0fe5-37db-4909-ba98-e730c8684c8f","D19","CARI","CARI.AOS.S2","CARI.SS.20240827.FIL","A00000434071","2024-08-27T20:34Z","2024-08-27T20:34Z","Illinois State Water Survey Central Analytical Laboratory",222.0,0.32612,5,"2024-08-30","B",,
"343dd932-2196-4b8f-9f45-03981e6da438","D19","CARI","CARI.AOS.S2","CARI.SS.20240827.FIL","A00000434071","2024-08-27T20:34Z","2024-08-27T20:34Z","Illinois State Water Survey Central Analytical Laboratory",238.0,0.20796,5,"2024-08-30","B",,
"0cff7b06-4e2e-4159-9ddf-ed6394bea644","D19","CARI","CARI.AOS.S2","CARI.SS.20240827.FIL","A00000434071","2024-08-27T20:34Z","2024-08-27T20:34Z","Illinois State Water Survey Central Analytical Laboratory",300.0,0.09630,5,"2024-08-30","B",,
"234fcdb7-034c-44d7-8538-e384867a2ac2","D19","CARI","CARI.AOS.S2","CARI.SS.20240827.FIL","A00000434071","2024-08-27T20:34Z","2024-08-27T20:34Z","Illinois State Water Survey Central Analytical Laboratory",312.0,0.08098,5,"2024-08-30","A",,
"74d300c3-1ee8-40da-8d19-24b4d300e3f8","D19","CARI","CARI.AOS.S2","CARI.SS.20240827.FIL","A00000434071","2024-08-27T20:34Z","2024-08-27T20:34Z","Illinois State Water Survey Central Analytical Laboratory",388.0,0.02240,5,"2024-08-30","B",,
"116114de-0c33-47e6-be62-0638ad881ffb","D19","CARI","CARI.AOS.S2","CARI.SS.20240827.FIL","A00000434071","2024-08-27T20:34Z","2024-08-27T20:34Z","Illinois State Water Survey Central Analytical Laboratory",504.0,0.00412,5,"2024-08-30","B",,
"f001c1ae-09df-4364-94bc-dc1bbebc886b","D19","CARI","CARI.AOS.S2","CARI.SS.20240827.FIL","A00000434071","2024-08-27T20:34Z","2024-08-27T20:34Z","Illinois State Water Survey Central Analytical Laboratory",236.0,0.21460,5,"2024-08-30","A",,
"a1b01f88-e2b2-4d83-829b-2ac8958ad8c2","D19","CARI","CARI.AOS.S2","CARI.SS.20240827.FIL","A00000434071","2024-08-27T20:34Z","2024-08-27T20:34Z","Illinois State Water Survey Central Analytical Laboratory",486.0,0.00506,5,"2024-08-30","A",,
"2568ce67-2b83-4f55-af34-d6ae5237692b","D19","CARI","CARI.AOS.S2","CARI.SS.20240827.FIL","A00000434071","2024-08-27T20:34Z","2024-08-27T20:34Z","Illinois State Water Survey Central Analytical Laboratory",290.0,0.11032,5,"2024-08-30","A",,
"6d71c048-b475-435c-906d-5075d1807f34","D19","CARI","CARI.AOS.S2","CARI.SS.20240827.FIL","A00000434071","2024-08-27T20:34Z","2024-08-27T20:34Z","Illinois State Water Survey Central Analytical Laboratory",572.0,0.00188,5,"2024-08-30","A",,
"8a888e23-380b-401c-abae-abc12295f7df","D19","CARI","CARI.AOS.S2","CARI.SS.20240827.FIL","A00000434071","2024-08-27T20:34Z","2024-08-27T20:34Z","Illinois State Water Survey Central Analytical Laboratory",548.0,0.00246,5,"2024-08-30","A",,
"b2e340b1-279d-4766-968a-b9d71254d838","D19","CARI","CARI.AOS.S2","CARI.SS.20240827.FIL","A00000434071","2024-08-27T20:34Z","2024-08-27T20:34Z","Illinois State Water Survey Central Analytical Laboratory",484.0,0.00514,5,"2024-08-30","A",,
"c8272f17-42a5-4895-a313-79f18b2f7512","D19","CARI","CARI.AOS.S2","CARI.SS.20240827.FIL","A00000434071","2024-08-27T20:34Z","2024-08-27T20:34Z","Illinois State Water Survey Central Analytical Laboratory",568.0,0.00198,5,"2024-08-30","A",,
"ff9e66cf-5eb9-470a-addf-dd08af149400","D19","CARI","CARI.AOS.S2","CARI.SS.20240827.FIL","A00000434071","2024-08-27T20:34Z","2024-08-27T20:34Z","Illinois State Water Survey Central Analytical Laboratory",400.0,0.01804,5,"2024-08-30","A",,
"e254eb25-ae60-41f8-8db1-dcebad2713b1","D19","CARI","CARI.AOS.S2","CARI.SS.20240827.FIL","A00000434071","2024-08-27T20:34Z","2024-08-27T20:34Z","Illinois State Water Survey Central Analytical Laboratory",540.0,0.00272,5,"2024-08-30","B",,
"853452bd-f21b-4e87-96c6-82d79f69b23a","D19","CARI","CARI.AOS.S2","CARI.SS.20240827.FIL","A00000434071","2024-08-27T20:34Z","2024-08-27T20:34Z","Illinois State Water Survey Central Analytical Laboratory",550.0,0.00234,5,"2024-08-30","A",,
"61f7a382-0c10-4fd0-9741-b7c86c47a11a","D19","CARI","CARI.AOS.S2","CARI.SS.20240827.FIL","A00000434071","2024-08-27T20:34Z","2024-08-27T20:34Z","Illinois State Water Survey Central Analytical Laboratory",520.0,0.00330,5,"2024-08-30","A",,
"49970ad7-a285-4d48-9e0c-202ea4d1565e","D19","CARI","CARI.AOS.S2","CARI.SS.20240827.FIL","A00000434071","2024-08-27T20:34Z","2024-08-27T20:34Z","Illinois State Water Survey Central Analytical Laboratory",402.0,0.01740,5,"2024-08-30","A",,
"5df5b342-0952-44b1-8929-e97610cc0ac9","D19","CARI","CARI.AOS.S2","CARI.SS.20240827.FIL","A00000434071","2024-08-27T20:34Z","2024-08-27T20:34Z","Illinois State Water Survey Central Analytical Laboratory",520.0,0.00338,5,"2024-08-30","B",,
"8b9688b9-ded6-4665-bdf8-e9ba6f20c8a3","D19","CARI","CARI.AOS.S2","CARI.SS.20240827.FIL","A00000434071","2024-08-27T20:34Z","2024-08-27T20:34Z","Illinois State Water Survey Central Analytical Laboratory",372.0,0.03016,5,"2024-08-30","A",,
"72cd46a9-f353-4136-9799-008044274fd1","D19","CARI","CARI.AOS.S2","CARI.SS.20240827.FIL","A00000434071","2024-08-27T20:34Z","2024-08-27T20:34Z","Illinois State Water Survey Central Analytical Laboratory",600.0,0.00144,5,"2024-08-30","A",,
"4fa4993d-e720-4eb7-83d9-d5758da5dcce","D19","CARI","CARI.AOS.S2","CARI.SS.20240827.FIL","A00000434071","2024-08-27T20:34Z","2024-08-27T20:34Z","Illinois State Water Survey Central Analytical Laboratory",252.0,0.17636,5,"2024-08-30","A",,
"b46703b5-70d9-49c9-8b15-c20c66ee2fd9","D19","CARI","CARI.AOS.S2","CARI.SS.20240827.FIL","A00000434071","2024-08-27T20:34Z","2024-08-27T20:34Z","Illinois State Water Survey Central Analytical Laboratory",404.0,0.01690,5,"2024-08-30","B",,
"4844632d-aa9a-4feb-8570-8931e7f59def","D19","CARI","CARI.AOS.S2","CARI.SS.20240827.FIL","A00000434071","2024-08-27T20:34Z","2024-08-27T20:34Z","Illinois State Water Survey Central Analytical Laboratory",468.0,0.00636,5,"2024-08-30","B",,
"26d4fdd1-4f98-48a5-a724-b3978003cb71","D19","CARI","CARI.AOS.S2","CARI.SS.20240827.FIL","A00000434071","2024-08-27T20:34Z","2024-08-27T20:34Z","Illinois State Water Survey Central Analytical Laboratory",220.0,0.35360,5,"2024-08-30","B",,
"3f11d166-d490-4ff2-8e00-1d63e64efa76","D19","CARI","CARI.AOS.S2","CARI.SS.20240827.FIL","A00000434071","2024-08-27T20:34Z","2024-08-27T20:34Z","Illinois State Water Survey Central Analytical Laboratory",368.0,0.03264,5,"2024-08-30","B",,
"9e3eb7e3-a1a3-4a34-bc64-4bf080e70e8e","D19","CARI","CARI.AOS.S2","CARI.SS.20240827.FIL","A00000434071","2024-08-27T20:34Z","2024-08-27T20:34Z","Illinois State Water Survey Central Analytical Laboratory",574.0,0.00190,5,"2024-08-30","A",,
"1b6d647d-961a-4cb8-a200-d334d318b09e","D19","CARI","CARI.AOS.S2","CARI.SS.20240827.FIL","A00000434071","2024-08-27T20:34Z","2024-08-27T20:34Z","Illinois State Water Survey Central Analytical Laboratory",380.0,0.02598,5,"2024-08-30","A",,
"6fa244d8-709f-4cb6-8f31-3ee5fe229c59","D19","CARI","CARI.AOS.S2","CARI.SS.20240827.FIL","A00000434071","2024-08-27T20:34Z","2024-08-27T20:34Z","Illinois State Water Survey Central Analytical Laboratory",436.0,0.01004,5,"2024-08-30","B",,
"3201776f-1ead-472c-858f-d79efb1e5699","D19","CARI","CARI.AOS.S2","CARI.SS.20240827.FIL","A00000434071","2024-08-27T20:34Z","2024-08-27T20:34Z","Illinois State Water Survey Central Analytical Laboratory",564.0,0.00208,5,"2024-08-30","A",,
"27ec450b-e43c-43e9-9091-44fcca073978","D19","CARI","CARI.AOS.S2","CARI.SS.20240827.FIL","A00000434071","2024-08-27T20:34Z","2024-08-27T20:34Z","Illinois State Water Survey Central Analytical Laboratory",270.0,0.14542,5,"2024-08-30","B",,
"bf01cee6-f663-49b6-9945-a9ab03ea9aac","D19","CARI","CARI.AOS.S2","CARI.SS.20240827.FIL","A00000434071","2024-08-27T20:34Z","2024-08-27T20:34Z","Illinois State Water Survey Central Analytical Laboratory",282.0,0.12344,5,"2024-08-30","A",,
"cbad0b49-5569-413e-8f0e-aff685865573","D19","CARI","CARI.AOS.S2","CARI.SS.20240827.FIL","A00000434071","2024-08-27T20:34Z","2024-08-27T20:34Z","Illinois State Water Survey Central Analytical Laboratory",434.0,0.01032,5,"2024-08-30","B",,
"b650ed4b-9212-493e-8ca1-954c18f2c24d","D19","CARI","CARI.AOS.S2","CARI.SS.20240827.FIL","A00000434071","2024-08-27T20:34Z","2024-08-27T20:34Z","Illinois State Water Survey Central Analytical Laboratory",518.0,0.00350,5,"2024-08-30","B",,
"27452315-810a-47e1-aee5-5d6801fb1d8b","D19","CARI","CARI.AOS.S2","CARI.SS.20240827.FIL","A00000434071","2024-08-27T20:34Z","2024-08-27T20:34Z","Illinois State Water Survey Central Analytical Laboratory",300.0,0.09608,5,"2024-08-30","A",,
"5aa132ef-224d-418d-ba1c-c31a8b1889f8","D19","CARI","CARI.AOS.S2","CARI.SS.20240827.FIL","A00000434071","2024-08-27T20:34Z","2024-08-27T20:34Z","Illinois State Water Survey Central Analytical Laboratory",328.0,0.06386,5,"2024-08-30","A",,
"bd36f9e4-f8eb-438b-9779-7f4ae509ece4","D19","CARI","CARI.AOS.S2","CARI.SS.20240827.FIL","A00000434071","2024-08-27T20:34Z","2024-08-27T20:34Z","Illinois State Water Survey Central Analytical Laboratory",226.0,0.27932,5,"2024-08-30","B",,
"3cc6dc01-69db-4249-a76a-726aac2358fe","D19","CARI","CARI.AOS.S2","CARI.SS.20240827.FIL","A00000434071","2024-08-27T20:34Z","2024-08-27T20:34Z","Illinois State Water Survey Central Analytical Laboratory",384.0,0.02416,5,"2024-08-30","B",,
"38f4d5c8-835d-46b5-97fb-559c3bf872ec","D19","CARI","CARI.AOS.S2","CARI.SS.20240827.FIL","A00000434071","2024-08-27T20:34Z","2024-08-27T20:34Z","Illinois State Water Survey Central Analytical Laboratory",358.0,0.03902,5,"2024-08-30","A",,
"150efbdf-9123-4c96-b43a-0874e794c67f","D19","CARI","CARI.AOS.S2","CARI.SS.20240827.FIL","A00000434071","2024-08-27T20:34Z","2024-08-27T20:34Z","Illinois State Water Survey Central Analytical Laboratory",292.0,0.10758,5,"2024-08-30","B",,
"e10e32b8-6080-48e4-9aa9-d21c71c03f29","D19","CARI","CARI.AOS.S2","CARI.SS.20240827.FIL","A00000434071","2024-08-27T20:34Z","2024-08-27T20:34Z","Illinois State Water Survey Central Analytical Laboratory",352.0,0.04348,5,"2024-08-30","B",,
"5b00c79e-5f52-4a35-9fb8-afb9b49076e7","D19","CARI","CARI.AOS.S2","CARI.SS.20240827.FIL","A00000434071","2024-08-27T20:34Z","2024-08-27T20:34Z","Illinois State Water Survey Central Analytical Laboratory",410.0,0.01524,5,"2024-08-30","B",,
"172ba99b-3bf2-4834-85b6-511570462ba4","D19","CARI","CARI.AOS.S2","CARI.SS.20240827.FIL","A00000434071","2024-08-27T20:34Z","2024-08-27T20:34Z","Illinois State Water Survey Central Analytical Laboratory",422.0,0.01250,5,"2024-08-30","B",,
"a129f56e-1efd-4dd2-b77c-8cfb8fbe5d5e","D19","CARI","CARI.AOS.S2","CARI.SS.20240827.FIL","A00000434071","2024-08-27T20:34Z","2024-08-27T20:34Z","Illinois State Water Survey Central Analytical Laboratory",362.0,0.03626,5,"2024-08-30","A",,
"29eb207f-65cb-4c30-b46a-bd3aa6000d96","D19","CARI","CARI.AOS.S2","CARI.SS.20240827.FIL","A00000434071","2024-08-27T20:34Z","2024-08-27T20:34Z","Illinois State Water Survey Central Analytical Laboratory",492.0,0.00472,5,"2024-08-30","A",,
"b46f7f11-812f-438b-8331-1e645ec4ae52","D19","CARI","CARI.AOS.S2","CARI.SS.20240827.FIL","A00000434071","2024-08-27T20:34Z","2024-08-27T20:34Z","Illinois State Water Survey Central Analytical Laboratory",346.0,0.04806,5,"2024-08-30","A",,
"e6ed7fd8-1683-41d2-a4c1-61a40e32df62","D19","CARI","CARI.AOS.S2","CARI.SS.20240827.FIL","A00000434071","2024-08-27T20:34Z","2024-08-27T20:34Z","Illinois State Water Survey Central Analytical Laboratory",506.0,0.00402,5,"2024-08-30","B",,
"3bd6294b-e71d-413c-8f54-9dbf1e8495fb","D19","CARI","CARI.AOS.S2","CARI.SS.20240827.FIL","A00000434071","2024-08-27T20:34Z","2024-08-27T20:34Z","Illinois State Water Survey Central Analytical Laboratory",352.0,0.04334,5,"2024-08-30","A",,
"73e958a0-d419-42c2-96d4-abe37c77600c","D19","CARI","CARI.AOS.S2","CARI.SS.20240827.FIL","A00000434071","2024-08-27T20:34Z","2024-08-27T20:34Z","Illinois State Water Survey Central Analytical Laboratory",562.0,0.00220,5,"2024-08-30","B",,
"cf05e0ac-7bf6-429a-a1f5-a8a951401015","D19","CARI","CARI.AOS.S2","CARI.SS.20240827.FIL","A00000434071","2024-08-27T20:34Z","2024-08-27T20:34Z","Illinois State Water Survey Central Analytical Laboratory",450.0,0.00802,5,"2024-08-30","A",,
"cea29ea2-d344-4e16-a17e-8d6484fbd28b","D19","CARI","CARI.AOS.S2","CARI.SS.20240827.FIL","A00000434071","2024-08-27T20:34Z","2024-08-27T20:34Z","Illinois State Water Survey Central Analytical Laboratory",546.0,0.00248,5,"2024-08-30","A",,
"a2aa2c72-0383-486d-a10c-17e40bf69128","D19","CARI","CARI.AOS.S2","CARI.SS.20240827.FIL","A00000434071","2024-08-27T20:34Z","2024-08-27T20:34Z","Illinois State Water Survey Central Analytical Laboratory",310.0,0.08336,5,"2024-08-30","A",,
"81829b61-6d66-4e57-b687-f6cac5926f0d","D19","CARI","CARI.AOS.S2","CARI.SS.20240827.FIL","A00000434071","2024-08-27T20:34Z","2024-08-27T20:34Z","Illinois State Water Survey Central Analytical Laboratory",546.0,0.00256,5,"2024-08-30","B",,
"93e06fd9-3768-4182-af2f-b1c46da5ae83","D19","CARI","CARI.AOS.S2","CARI.SS.20240827.FIL","A00000434071","2024-08-27T20:34Z","2024-08-27T20:34Z","Illinois State Water Survey Central Analytical Laboratory",340.0,0.05306,5,"2024-08-30","B",,
"f90f39d1-63b4-4c44-a167-16c0f8b4e20d","D19","CARI","CARI.AOS.S2","CARI.SS.20240827.FIL","A00000434071","2024-08-27T20:34Z","2024-08-27T20:34Z","Illinois State Water Survey Central Analytical Laboratory",342.0,0.05136,5,"2024-08-30","B",,
"0b0c23f4-e094-4591-842b-43bf03e3bbdc","D19","CARI","CARI.AOS.S2","CARI.SS.20240827.FIL","A00000434071","2024-08-27T20:34Z","2024-08-27T20:34Z","Illinois State Water Survey Central Analytical Laboratory",560.0,0.00212,5,"2024-08-30","A",,
"8b1c1432-3a4b-45d7-bb8e-ffe7c97251a1","D19","CARI","CARI.AOS.S2","CARI.SS.20240827.FIL","A00000434071","2024-08-27T20:34Z","2024-08-27T20:34Z","Illinois State Water Survey Central Analytical Laboratory",566.0,0.00212,5,"2024-08-30","B",,
"ff173188-44eb-47a0-a1eb-b72233eaf86f","D19","CARI","CARI.AOS.S2","CARI.SS.20240827.FIL","A00000434071","2024-08-27T20:34Z","2024-08-27T20:34Z","Illinois State Water Survey Central Analytical Laboratory",522.0,0.00324,5,"2024-08-30","A",,
"cc5b30ce-8bcc-499a-8a1f-d087f6113504","D19","CARI","CARI.AOS.S2","CARI.SS.20240827.FIL","A00000434071","2024-08-27T20:34Z","2024-08-27T20:34Z","Illinois State Water Survey Central Analytical Laboratory",322.0,0.06988,5,"2024-08-30","A",,
"926e132a-3091-49f7-a993-a3b9d5083efc","D19","CARI","CARI.AOS.S2","CARI.SS.20240827.FIL","A00000434071","2024-08-27T20:34Z","2024-08-27T20:34Z","Illinois State Water Survey Central Analytical Laboratory",250.0,0.18034,5,"2024-08-30","B",,
"822fbac7-95c8-4397-8ca5-27d10b554126","D19","CARI","CARI.AOS.S2","CARI.SS.20240827.FIL","A00000434071","2024-08-27T20:34Z","2024-08-27T20:34Z","Illinois State Water Survey Central Analytical Laboratory",592.0,0.00152,5,"2024-08-30","A",,
"3fb58895-f7dd-4991-bbdb-c92fb8fee3a8","D19","CARI","CARI.AOS.S2","CARI.SS.20240827.FIL","A00000434071","2024-08-27T20:34Z","2024-08-27T20:34Z","Illinois State Water Survey Central Analytical Laboratory",420.0,0.01286,5,"2024-08-30","B",,
"0cd1ca2e-97f5-4ec0-b356-35a855ec9ab2","D19","CARI","CARI.AOS.S2","CARI.SS.20240827.FIL","A00000434071","2024-08-27T20:34Z","2024-08-27T20:34Z","Illinois State Water Survey Central Analytical Laboratory",358.0,0.03914,5,"2024-08-30","B",,
"4a82f363-7847-4e5e-849e-0668f214483e","D19","CARI","CARI.AOS.S2","CARI.SS.20240827.FIL","A00000434071","2024-08-27T20:34Z","2024-08-27T20:34Z","Illinois State Water Survey Central Analytical Laboratory",270.0,0.14504,5,"2024-08-30","A",,
"a615e754-6199-426f-9688-e9d034ae6e5b","D19","CARI","CARI.AOS.S2","CARI.SS.20240827.FIL","A00000434071","2024-08-27T20:34Z","2024-08-27T20:34Z","Illinois State Water Survey Central Analytical Laboratory",468.0,0.00622,5,"2024-08-30","A",,
"da0fdf47-f1fa-4dad-b1de-50c70feaeab4","D19","CARI","CARI.AOS.S2","CARI.SS.20240827.FIL","A00000434071","2024-08-27T20:34Z","2024-08-27T20:34Z","Illinois State Water Survey Central Analytical Laboratory",372.0,0.03030,5,"2024-08-30","B",,
"0e5ee0f8-f23c-4283-8cb5-c80583eb653c","D19","CARI","CARI.AOS.S2","CARI.SS.20240827.FIL","A00000434071","2024-08-27T20:34Z","2024-08-27T20:34Z","Illinois State Water Survey Central Analytical Laboratory",316.0,0.07664,5,"2024-08-30","B",,
"13db9198-3e7e-4d91-b1be-1fea9f12667e","D19","CARI","CARI.AOS.S2","CARI.SS.20240827.FIL","A00000434071","2024-08-27T20:34Z","2024-08-27T20:34Z","Illinois State Water Survey Central Analytical Laboratory",424.0,0.01196,5,"2024-08-30","A",,
"1e8e17cd-77c5-4b31-8278-d6b96a259e1a","D19","CARI","CARI.AOS.S2","CARI.SS.20240827.FIL","A00000434071","2024-08-27T20:34Z","2024-08-27T20:34Z","Illinois State Water Survey Central Analytical Laboratory",264.0,0.15660,5,"2024-08-30","A",,
"9ed1d08f-196b-4ecf-90d2-e2d215f9d48e","D19","CARI","CARI.AOS.S2","CARI.SS.20240827.FIL","A00000434071","2024-08-27T20:34Z","2024-08-27T20:34Z","Illinois State Water Survey Central Analytical Laboratory",242.0,0.19610,5,"2024-08-30","B",,
"bed13f03-0279-420c-913c-79b0d1aded68","D19","CARI","CARI.AOS.S2","CARI.SS.20240827.FIL","A00000434071","2024-08-27T20:34Z","2024-08-27T20:34Z","Illinois State Water Survey Central Analytical Laboratory",556.0,0.00234,5,"2024-08-30","B",,
"8c060367-9dd8-4e3a-a24e-1f7117881f4f","D19","CARI","CARI.AOS.S2","CARI.SS.20240827.FIL","A00000434071","2024-08-27T20:34Z","2024-08-27T20:34Z","Illinois State Water Survey Central Analytical Laboratory",344.0,0.04968,5,"2024-08-30","B",,
"92fdd3ad-62db-4bd2-95c1-086a1973b45d","D19","CARI","CARI.AOS.S2","CARI.SS.20240827.FIL","A00000434071","2024-08-27T20:34Z","2024-08-27T20:34Z","Illinois State Water Survey Central Analytical Laboratory",228.0,0.26038,5,"2024-08-30","A",,
"8eab2817-3495-4b5c-8735-272d41c08ebe","D19","CARI","CARI.AOS.S2","CARI.SS.20240827.FIL","A00000434071","2024-08-27T20:34Z","2024-08-27T20:34Z","Illinois State Water Survey Central Analytical Laboratory",408.0,0.01564,5,"2024-08-30","A",,
"3ecc64c0-a57b-4fe3-8828-7a5ecfb31d0b","D19","CARI","CARI.AOS.S2","CARI.SS.20240827.FIL","A00000434071","2024-08-27T20:34Z","2024-08-27T20:34Z","Illinois State Water Survey Central Analytical Laboratory",490.0,0.00488,5,"2024-08-30","B",,
"45634ed5-89f4-463a-b54a-bee7911e99ba","D19","CARI","CARI.AOS.S2","CARI.SS.20240827.FIL","A00000434071","2024-08-27T20:34Z","2024-08-27T20:34Z","Illinois State Water Survey Central Analytical Laboratory",558.0,0.00230,5,"2024-08-30","B",,
"2bd80134-2083-4054-bd29-c50ba1c0a2b5","D19","CARI","CARI.AOS.S2","CARI.SS.20240827.FIL","A00000434071","2024-08-27T20:34Z","2024-08-27T20:34Z","Illinois State Water Survey Central Analytical Laboratory",534.0,0.00294,5,"2024-08-30","B",,
"b97f27f5-06c9-4313-b10f-b1530eddd9fe","D19","CARI","CARI.AOS.S2","CARI.SS.20240827.FIL","A00000434071","2024-08-27T20:34Z","2024-08-27T20:34Z","Illinois State Water Survey Central Analytical Laboratory",334.0,0.05824,5,"2024-08-30","A",,
"6ffa3abb-0547-4db3-b50f-84b52748370a","D19","CARI","CARI.AOS.S2","CARI.SS.20240827.FIL","A00000434071","2024-08-27T20:34Z","2024-08-27T20:34Z","Illinois State Water Survey Central Analytical Laboratory",550.0,0.00248,5,"2024-08-30","B",,
"af7e3057-2de6-42fe-8bda-93aeba63d2da","D19","CARI","CARI.AOS.S2","CARI.SS.20240827.FIL","A00000434071","2024-08-27T20:34Z","2024-08-27T20:34Z","Illinois State Water Survey Central Analytical Laboratory",444.0,0.00888,5,"2024-08-30","B",,
"1559706f-dabd-4bbb-bf2f-adfe4cd9198b","D19","CARI","CARI.AOS.S2","CARI.SS.20240827.FIL","A00000434071","2024-08-27T20:34Z","2024-08-27T20:34Z","Illinois State Water Survey Central Analytical Laboratory",302.0,0.09342,5,"2024-08-30","A",,
"e5061d55-d9dd-4e3e-8d9b-e2bfd21a7f42","D19","CARI","CARI.AOS.S2","CARI.SS.20240827.FIL","A00000434071","2024-08-27T20:34Z","2024-08-27T20:34Z","Illinois State Water Survey Central Analytical Laboratory",436.0,0.00994,5,"2024-08-30","A",,
"5fe2bb58-8927-4178-8f74-0d6120633773","D19","CARI","CARI.AOS.S2","CARI.SS.20240827.FIL","A00000434071","2024-08-27T20:34Z","2024-08-27T20:34Z","Illinois State Water Survey Central Analytical Laboratory",594.0,0.00162,5,"2024-08-30","B",,
"9f8c762d-8d5a-4fa6-aefb-1a0871120eed","D19","CARI","CARI.AOS.S2","CARI.SS.20240827.FIL","A00000434071","2024-08-27T20:34Z","2024-08-27T20:34Z","Illinois State Water Survey Central Analytical Laboratory",530.0,0.00296,5,"2024-08-30","A",,
"a0924f57-edf9-4f58-a619-ec9e79c96027","D19","CARI","CARI.AOS.S2","CARI.SS.20240827.FIL","A00000434071","2024-08-27T20:34Z","2024-08-27T20:34Z","Illinois State Water Survey Central Analytical Laboratory",236.0,0.21528,5,"2024-08-30","B",,
"ed208a91-1a18-4cb0-a29d-ee388d57d2ff","D19","CARI","CARI.AOS.S2","CARI.SS.20240827.FIL","A00000434071","2024-08-27T20:34Z","2024-08-27T20:34Z","Illinois State Water Survey Central Analytical Laboratory",478.0,0.00550,5,"2024-08-30","A",,
"bc26530a-7b47-4038-a44f-84c3d720e23c","D19","CARI","CARI.AOS.S2","CARI.SS.20240827.FIL","A00000434071","2024-08-27T20:34Z","2024-08-27T20:34Z","Illinois State Water Survey Central Analytical Laboratory",524.0,0.00326,5,"2024-08-30","B",,
"1fb1111c-2c59-426d-af1d-f8f238f781df","D19","CARI","CARI.AOS.S2","CARI.SS.20240827.FIL","A00000434071","2024-08-27T20:34Z","2024-08-27T20:34Z","Illinois State Water Survey Central Analytical Laboratory",588.0,0.00162,5,"2024-08-30","A",,
"bd397a20-6b41-46e8-8170-93641f272ecd","D19","CARI","CARI.AOS.S2","CARI.SS.20240827.FIL","A00000434071","2024-08-27T20:34Z","2024-08-27T20:34Z","Illinois State Water Survey Central Analytical Laboratory",388.0,0.02230,5,"2024-08-30","A",,
"47f980af-09b9-42a7-8e01-d34e3da3b3d1","D19","CARI","CARI.AOS.S2","CARI.SS.20240827.FIL","A00000434071","2024-08-27T20:34Z","2024-08-27T20:34Z","Illinois State Water Survey Central Analytical Laboratory",444.0,0.00874,5,"2024-08-30","A",,
"19937d6f-1789-4c49-8f77-e391cbf1ea6b","D19","CARI","CARI.AOS.S2","CARI.SS.20240827.FIL","A00000434071","2024-08-27T20:34Z","2024-08-27T20:34Z","Illinois State Water Survey Central Analytical Laboratory",350.0,0.04502,5,"2024-08-30","B",,
"af4eeaf4-e578-478a-93b4-3c4d8432ff09","D19","CARI","CARI.AOS.S2","CARI.SS.20240827.FIL","A00000434071","2024-08-27T20:34Z","2024-08-27T20:34Z","Illinois State Water Survey Central Analytical Laboratory",496.0,0.00446,5,"2024-08-30","A",,
"2704480d-b599-4a87-b5be-98d2ffc5364c","D19","CARI","CARI.AOS.S2","CARI.SS.20240827.FIL","A00000434071","2024-08-27T20:34Z","2024-08-27T20:34Z","Illinois State Water Survey Central Analytical Laboratory",340.0,0.05294,5,"2024-08-30","A",,
"f4a28b68-a5ee-42f8-aa6b-001112332391","D19","CARI","CARI.AOS.S2","CARI.SS.20240827.FIL","A00000434071","2024-08-27T20:34Z","2024-08-27T20:34Z","Illinois State Water Survey Central Analytical Laboratory",336.0,0.05640,5,"2024-08-30","A",,
"09339781-19ba-47e2-a84d-066ee379ad72","D19","CARI","CARI.AOS.S2","CARI.SS.20240827.FIL","A00000434071","2024-08-27T20:34Z","2024-08-27T20:34Z","Illinois State Water Survey Central Analytical Laboratory",284.0,0.12002,5,"2024-08-30","A",,
"d9bf3f2e-9480-45fa-9288-98db0795cf49","D19","CARI","CARI.AOS.S2","CARI.SS.20240827.FIL","A00000434071","2024-08-27T20:34Z","2024-08-27T20:34Z","Illinois State Water Survey Central Analytical Laboratory",426.0,0.01162,5,"2024-08-30","A",,
"57b15ecc-42d6-413b-9eef-d1de3c8628f5","D19","CARI","CARI.AOS.S2","CARI.SS.20240827.FIL","A00000434071","2024-08-27T20:34Z","2024-08-27T20:34Z","Illinois State Water Survey Central Analytical Laboratory",540.0,0.00266,5,"2024-08-30","A",,
"d51ffcd3-0a14-4211-a7d4-db0e5207927b","D19","CARI","CARI.AOS.S2","CARI.SS.20240827.FIL","A00000434071","2024-08-27T20:34Z","2024-08-27T20:34Z","Illinois State Water Survey Central Analytical Laboratory",280.0,0.12676,5,"2024-08-30","A",,
"675ba4a8-16ae-4258-b699-e6fbbf6e1691","D19","CARI","CARI.AOS.S2","CARI.SS.20240827.FIL","A00000434071","2024-08-27T20:34Z","2024-08-27T20:34Z","Illinois State Water Survey Central Analytical Laboratory",584.0,0.00164,5,"2024-08-30","A",,
"f1b2e2cf-12dc-463c-9e1d-fa532a16faa0","D19","CARI","CARI.AOS.S2","CARI.SS.20240827.FIL","A00000434071","2024-08-27T20:34Z","2024-08-27T20:34Z","Illinois State Water Survey Central Analytical Laboratory",478.0,0.00560,5,"2024-08-30","B",,
