uid,domainID,siteID,namedLocation,sampleID,sampleCode,startDate,collectDate,laboratoryName,wavelength,decadicAbsorbance,cuvetteLength,analysisDate,spectrumReplicateID,remarks,dataQF
"f4dede31-3499-4d91-8628-38025dde2fc3","D11","PRIN","PRIN.AOS.S2","PRIN.SS.20240207.FIL","A00000420206","2024-02-07T16:20Z","2024-02-07T16:20Z","Illinois State Water Survey Central Analytical Laboratory",428.0,0.00580,1,"2024-02-08","A",,
"e7762d33-905b-427b-8115-8c94e2aebdd1","D11","PRIN","PRIN.AOS.S2","PRIN.SS.20240207.FIL.2","A00000420222","2024-02-07T16:20Z","2024-02-07T16:20Z","Illinois State Water Survey Central Analytical Laboratory",314.0,0.03550,1,"2024-02-08","A",,
"76d08e5e-3c9f-4061-96a1-dfdb67a2d5bb","D11","PRIN","PRIN.AOS.S2","PRIN.SS.20240207.FIL.3","A00000420238","2024-02-07T16:20Z","2024-02-07T16:20Z","Illinois State Water Survey Central Analytical Laboratory",290.0,0.05130,1,"2024-02-08","A",,
"e9b84766-0eb0-4c5b-ba19-e61bfcecde48","D11","PRIN","PRIN.AOS.S2","PRIN.SS.20240207.FIL.2","A00000420222","2024-02-07T16:20Z","2024-02-07T16:20Z","Illinois State Water Survey Central Analytical Laboratory",232.0,0.11320,1,"2024-02-08","A",,
"72d5ceac-0df0-462b-9168-7e7dc516e826","D11","PRIN","PRIN.AOS.S2","PRIN.SS.20240207.FIL.2","A00000420222","2024-02-07T16:20Z","2024-02-07T16:20Z","Illinois State Water Survey Central Analytical Laboratory",334.0,0.02570,1,"2024-02-08","B",,
"a3e2a634-7e8e-4c58-af3d-b2f772f0619c","D11","PRIN","PRIN.AOS.S2","PRIN.SS.20240207.FIL.3","A00000420238","2024-02-07T16:20Z","2024-02-07T16:20Z","Illinois State Water Survey Central Analytical Laboratory",354.0,0.01930,1,"2024-02-08","B",,
"1461e692-9fbc-4c09-8166-19b4036d2704","D11","PRIN","PRIN.AOS.S2","PRIN.SS.20240207.FIL.2","A00000420222","2024-02-07T16:20Z","2024-02-07T16:20Z","Illinois State Water Survey Central Analytical Laboratory",596.0,0.00060,1,"2024-02-08","B",,
"24d4f003-5627-48e2-8b49-1f89ae7739a5","D11","PRIN","PRIN.AOS.S2","PRIN.SS.20240207.FIL","A00000420206","2024-02-07T16:20Z","2024-02-07T16:20Z","Illinois State Water Survey Central Analytical Laboratory",284.0,0.05690,1,"2024-02-08","A",,
"c95939f0-1b29-494b-8550-09e3d56aba03","D11","PRIN","PRIN.AOS.S2","PRIN.SS.20240207.FIL.2","A00000420222","2024-02-07T16:20Z","2024-02-07T16:20Z","Illinois State Water Survey Central Analytical Laboratory",502.0,0.00210,1,"2024-02-08","B",,
"fdce9d61-befe-4a08-a879-3eff73e7c00d","D11","PRIN","PRIN.AOS.S2","PRIN.SS.20240207.FIL","A00000420206","2024-02-07T16:20Z","2024-02-07T16:20Z","Illinois State Water Survey Central Analytical Laboratory",442.0,0.00480,1,"2024-02-08","A",,
"a3c6a718-f5f3-4bf6-80ad-2939791f884e","D11","PRIN","PRIN.AOS.S2","PRIN.SS.20240207.FIL.3","A00000420238","2024-02-07T16:20Z","2024-02-07T16:20Z","Illinois State Water Survey Central Analytical Laboratory",274.0,0.06790,1,"2024-02-08","B",,
"686b45da-32a9-4a34-9e1f-04b47ae5dc20","D11","PRIN","PRIN.AOS.S2","PRIN.SS.20240207.FIL.3","A00000420238","2024-02-07T16:20Z","2024-02-07T16:20Z","Illinois State Water Survey Central Analytical Laboratory",430.0,0.00580,1,"2024-02-08","B",,
"8276f812-8393-42c4-ae78-6992d2c77b6d","D11","PRIN","PRIN.AOS.S2","PRIN.SS.20240207.FIL.2","A00000420222","2024-02-07T16:20Z","2024-02-07T16:20Z","Illinois State Water Survey Central Analytical Laboratory",542.0,0.00120,1,"2024-02-08","B",,
"3f36cbd3-c2f8-43a3-90e0-e286f609c511","D11","PRIN","PRIN.AOS.S2","PRIN.SS.20240207.FIL.3","A00000420238","2024-02-07T16:20Z","2024-02-07T16:20Z","Illinois State Water Survey Central Analytical Laboratory",464.0,0.00360,1,"2024-02-08","B",,
"850f5e15-a048-41d9-893a-90a7b9b374dd","D11","PRIN","PRIN.AOS.S2","PRIN.SS.20240207.FIL","A00000420206","2024-02-07T16:20Z","2024-02-07T16:20Z","Illinois State Water Survey Central Analytical Laboratory",406.0,0.00820,1,"2024-02-08","A",,
"046a002a-da10-4c7a-a6f9-fccd9195375d","D11","PRIN","PRIN.AOS.S2","PRIN.SS.20240207.FIL.3","A00000420238","2024-02-07T16:20Z","2024-02-07T16:20Z","Illinois State Water Survey Central Analytical Laboratory",400.0,0.00950,1,"2024-02-08","B",,
"dbd7cfe7-038a-45e0-a7b6-73139d65cfe9","D11","PRIN","PRIN.AOS.S2","PRIN.SS.20240207.FIL","A00000420206","2024-02-07T16:20Z","2024-02-07T16:20Z","Illinois State Water Survey Central Analytical Laboratory",596.0,0.00080,1,"2024-02-08","A",,
"7fae5d60-3981-4585-b92f-83bcab9c054f","D11","PRIN","PRIN.AOS.S2","PRIN.SS.20240207.FIL.3","A00000420238","2024-02-07T16:20Z","2024-02-07T16:20Z","Illinois State Water Survey Central Analytical Laboratory",220.0,0.17510,1,"2024-02-08","B",,
"2688b092-8cb1-498f-a033-c8e083b725af","D11","PRIN","PRIN.AOS.S2","PRIN.SS.20240207.FIL","A00000420206","2024-02-07T16:20Z","2024-02-07T16:20Z","Illinois State Water Survey Central Analytical Laboratory",594.0,0.00190,1,"2024-02-08","B",,
"7a240d6b-ce21-4721-923d-3cfec0af9222","D11","PRIN","PRIN.AOS.S2","PRIN.SS.20240207.FIL.2","A00000420222","2024-02-07T16:20Z","2024-02-07T16:20Z","Illinois State Water Survey Central Analytical Laboratory",540.0,0.00140,1,"2024-02-08","B",,
"1d47ed4e-622c-45e9-be45-19d7ab203c1d","D11","PRIN","PRIN.AOS.S2","PRIN.SS.20240207.FIL","A00000420206","2024-02-07T16:20Z","2024-02-07T16:20Z","Illinois State Water Survey Central Analytical Laboratory",586.0,0.00200,1,"2024-02-08","B",,
"2bf0ff65-022a-46ee-9305-3132746f79f2","D11","PRIN","PRIN.AOS.S2","PRIN.SS.20240207.FIL.3","A00000420238","2024-02-07T16:20Z","2024-02-07T16:20Z","Illinois State Water Survey Central Analytical Laboratory",366.0,0.01590,1,"2024-02-08","B",,
"6d7a9dd6-7c00-4924-b619-ab30fc4a8569","D11","PRIN","PRIN.AOS.S2","PRIN.SS.20240207.FIL.3","A00000420238","2024-02-07T16:20Z","2024-02-07T16:20Z","Illinois State Water Survey Central Analytical Laboratory",580.0,0.00080,1,"2024-02-08","A",,
"b0482f16-5446-46d5-9120-54c5b6851b57","D11","PRIN","PRIN.AOS.S2","PRIN.SS.20240207.FIL.2","A00000420222","2024-02-07T16:20Z","2024-02-07T16:20Z","Illinois State Water Survey Central Analytical Laboratory",422.0,0.00670,1,"2024-02-08","A",,
"7f6abf14-a039-4cc2-b057-0cd165e2146d","D11","PRIN","PRIN.AOS.S2","PRIN.SS.20240207.FIL.3","A00000420238","2024-02-07T16:20Z","2024-02-07T16:20Z","Illinois State Water Survey Central Analytical Laboratory",348.0,0.02110,1,"2024-02-08","B",,
"b105bc9e-0ca4-4255-8e23-a0d23dd4a64b","D11","PRIN","PRIN.AOS.S2","PRIN.SS.20240207.FIL.3","A00000420238","2024-02-07T16:20Z","2024-02-07T16:20Z","Illinois State Water Survey Central Analytical Laboratory",386.0,0.01160,1,"2024-02-08","B",,
"5b651c02-d68a-45e2-a311-7e9511fccbcd","D11","PRIN","PRIN.AOS.S2","PRIN.SS.20240207.FIL.2","A00000420222","2024-02-07T16:20Z","2024-02-07T16:20Z","Illinois State Water Survey Central Analytical Laboratory",504.0,0.00220,1,"2024-02-08","B",,
"9f93da06-a8f3-43e2-8a5f-4db86a867da6","D11","PRIN","PRIN.AOS.S2","PRIN.SS.20240207.FIL.2","A00000420222","2024-02-07T16:20Z","2024-02-07T16:20Z","Illinois State Water Survey Central Analytical Laboratory",586.0,0.00070,1,"2024-02-08","B",,
"a18595b5-40cf-465d-afaf-c7b6aab6a252","D11","PRIN","PRIN.AOS.S2","PRIN.SS.20240207.FIL","A00000420206","2024-02-07T16:20Z","2024-02-07T16:20Z","Illinois State Water Survey Central Analytical Laboratory",432.0,0.00560,1,"2024-02-08","A",,
"c7bf9c51-f972-4c29-9e67-2a2714b172f5","D11","PRIN","PRIN.AOS.S2","PRIN.SS.20240207.FIL.2","A00000420222","2024-02-07T16:20Z","2024-02-07T16:20Z","Illinois State Water Survey Central Analytical Laboratory",482.0,0.00280,1,"2024-02-08","B",,
"17b7f55d-d20b-4678-8e05-bb41cb8c8a37","D11","PRIN","PRIN.AOS.S2","PRIN.SS.20240207.FIL.2","A00000420222","2024-02-07T16:20Z","2024-02-07T16:20Z","Illinois State Water Survey Central Analytical Laboratory",424.0,0.00620,1,"2024-02-08","A",,
"1e5e2f2d-107e-4694-8f73-866f8c51a071","D11","PRIN","PRIN.AOS.S2","PRIN.SS.20240207.FIL","A00000420206","2024-02-07T16:20Z","2024-02-07T16:20Z","Illinois State Water Survey Central Analytical Laboratory",530.0,0.00290,1,"2024-02-08","B",,
"ded55728-338d-4c6a-b425-2143e7636b6a","D11","PRIN","PRIN.AOS.S2","PRIN.SS.20240207.FIL","A00000420206","2024-02-07T16:20Z","2024-02-07T16:20Z","Illinois State Water Survey Central Analytical Laboratory",252.0,0.08130,1,"2024-02-08","B",,
"7a90bf82-c7c5-4fc1-a0a0-aacb24fa72ff","D11","PRIN","PRIN.AOS.S2","PRIN.SS.20240207.FIL.3","A00000420238","2024-02-07T16:20Z","2024-02-07T16:20Z","Illinois State Water Survey Central Analytical Laboratory",576.0,0.00070,1,"2024-02-08","A",,
"6be6d8e8-72aa-45ee-a52c-8be14a1205f5","D11","PRIN","PRIN.AOS.S2","PRIN.SS.20240207.FIL.2","A00000420222","2024-02-07T16:20Z","2024-02-07T16:20Z","Illinois State Water Survey Central Analytical Laboratory",428.0,0.00610,1,"2024-02-08","A",,
"43390e66-0e96-447f-99c8-51a8740ff8c0","D11","PRIN","PRIN.AOS.S2","PRIN.SS.20240207.FIL.2","A00000420222","2024-02-07T16:20Z","2024-02-07T16:20Z","Illinois State Water Survey Central Analytical Laboratory",226.0,0.13450,1,"2024-02-08","B",,
"b637206e-1521-4cf6-8a4e-a63396a9bfd0","D11","PRIN","PRIN.AOS.S2","PRIN.SS.20240207.FIL.2","A00000420222","2024-02-07T16:20Z","2024-02-07T16:20Z","Illinois State Water Survey Central Analytical Laboratory",332.0,0.02660,1,"2024-02-08","B",,
"d1d169bb-c267-4150-b3f3-ee62e8be9e3c","D11","PRIN","PRIN.AOS.S2","PRIN.SS.20240207.FIL","A00000420206","2024-02-07T16:20Z","2024-02-07T16:20Z","Illinois State Water Survey Central Analytical Laboratory",420.0,0.00650,1,"2024-02-08","A",,
"257043a1-42a9-4068-9914-96902e50f5a8","D11","PRIN","PRIN.AOS.S2","PRIN.SS.20240207.FIL.2","A00000420222","2024-02-07T16:20Z","2024-02-07T16:20Z","Illinois State Water Survey Central Analytical Laboratory",306.0,0.04010,1,"2024-02-08","B",,
"19492f60-4011-42d1-9785-da195e231a1d","D11","PRIN","PRIN.AOS.S2","PRIN.SS.20240207.FIL.2","A00000420222","2024-02-07T16:20Z","2024-02-07T16:20Z","Illinois State Water Survey Central Analytical Laboratory",286.0,0.05590,1,"2024-02-08","A",,
"1797f531-7f1e-4ce5-a657-29f3fe4193d6","D11","PRIN","PRIN.AOS.S2","PRIN.SS.20240207.FIL","A00000420206","2024-02-07T16:20Z","2024-02-07T16:20Z","Illinois State Water Survey Central Analytical Laboratory",230.0,0.11800,1,"2024-02-08","A",,
"41231dbd-4ee1-48a9-b2e9-a2bbcfed78dc","D11","PRIN","PRIN.AOS.S2","PRIN.SS.20240207.FIL.2","A00000420222","2024-02-07T16:20Z","2024-02-07T16:20Z","Illinois State Water Survey Central Analytical Laboratory",298.0,0.04550,1,"2024-02-08","A",,
"1664c2f9-0216-438f-bc6a-29f9f7e50d06","D11","PRIN","PRIN.AOS.S2","PRIN.SS.20240207.FIL.2","A00000420222","2024-02-07T16:20Z","2024-02-07T16:20Z","Illinois State Water Survey Central Analytical Laboratory",324.0,0.03030,1,"2024-02-08","B",,
"3cc771dc-aa71-4a10-8ab1-524dd68a5337","D11","PRIN","PRIN.AOS.S2","PRIN.SS.20240207.FIL.2","A00000420222","2024-02-07T16:20Z","2024-02-07T16:20Z","Illinois State Water Survey Central Analytical Laboratory",580.0,0.00090,1,"2024-02-08","B",,
"9a667b24-7019-4d0a-b9e5-3be4d8acde75","D11","PRIN","PRIN.AOS.S2","PRIN.SS.20240207.FIL","A00000420206","2024-02-07T16:20Z","2024-02-07T16:20Z","Illinois State Water Survey Central Analytical Laboratory",438.0,0.00620,1,"2024-02-08","B",,
"aa9b9ccd-ba45-4ebc-8479-97972d83835c","D11","PRIN","PRIN.AOS.S2","PRIN.SS.20240207.FIL.3","A00000420238","2024-02-07T16:20Z","2024-02-07T16:20Z","Illinois State Water Survey Central Analytical Laboratory",364.0,0.01590,1,"2024-02-08","A",,
"1991fe00-4a1b-4782-b760-a11fbd488900","D11","PRIN","PRIN.AOS.S2","PRIN.SS.20240207.FIL.3","A00000420238","2024-02-07T16:20Z","2024-02-07T16:20Z","Illinois State Water Survey Central Analytical Laboratory",246.0,0.08540,1,"2024-02-08","A",,
"da7f06d4-0a31-41d3-a1e8-c62704ef0cf4","D11","PRIN","PRIN.AOS.S2","PRIN.SS.20240207.FIL.3","A00000420238","2024-02-07T16:20Z","2024-02-07T16:20Z","Illinois State Water Survey Central Analytical Laboratory",440.0,0.00500,1,"2024-02-08","A",,
"358faf4e-ec28-4f16-962f-86d9ba15c289","D11","PRIN","PRIN.AOS.S2","PRIN.SS.20240207.FIL.3","A00000420238","2024-02-07T16:20Z","2024-02-07T16:20Z","Illinois State Water Survey Central Analytical Laboratory",480.0,0.00260,1,"2024-02-08","A",,
"22e9d601-baff-4755-b159-c9ff758bccdc","D11","PRIN","PRIN.AOS.S2","PRIN.SS.20240207.FIL.2","A00000420222","2024-02-07T16:20Z","2024-02-07T16:20Z","Illinois State Water Survey Central Analytical Laboratory",304.0,0.04150,1,"2024-02-08","A",,
"f1921421-0fd7-490e-8881-62c0ff291ebc","D11","PRIN","PRIN.AOS.S2","PRIN.SS.20240207.FIL.2","A00000420222","2024-02-07T16:20Z","2024-02-07T16:20Z","Illinois State Water Survey Central Analytical Laboratory",548.0,0.00140,1,"2024-02-08","A",,
"1ffaf11a-2912-44f6-a85f-9b958fc66b33","D11","PRIN","PRIN.AOS.S2","PRIN.SS.20240207.FIL.2","A00000420222","2024-02-07T16:20Z","2024-02-07T16:20Z","Illinois State Water Survey Central Analytical Laboratory",434.0,0.00570,1,"2024-02-08","A",,
"8d478ef7-10f2-466a-9116-11256de957da","D11","PRIN","PRIN.AOS.S2","PRIN.SS.20240207.FIL.3","A00000420238","2024-02-07T16:20Z","2024-02-07T16:20Z","Illinois State Water Survey Central Analytical Laboratory",260.0,0.07780,1,"2024-02-08","B",,
"cb6edfce-003c-418d-8663-34bd4393191d","D11","PRIN","PRIN.AOS.S2","PRIN.SS.20240207.FIL","A00000420206","2024-02-07T16:20Z","2024-02-07T16:20Z","Illinois State Water Survey Central Analytical Laboratory",460.0,0.00500,1,"2024-02-08","B",,
"16ee78e2-c901-4b51-ad6a-e3819695545a","D11","PRIN","PRIN.AOS.S2","PRIN.SS.20240207.FIL","A00000420206","2024-02-07T16:20Z","2024-02-07T16:20Z","Illinois State Water Survey Central Analytical Laboratory",254.0,0.07940,1,"2024-02-08","A",,
"4d82bce4-b028-402d-9e5c-321c4635d4e8","D11","PRIN","PRIN.AOS.S2","PRIN.SS.20240207.FIL","A00000420206","2024-02-07T16:20Z","2024-02-07T16:20Z","Illinois State Water Survey Central Analytical Laboratory",412.0,0.00820,1,"2024-02-08","B",,
"5e833336-f218-4774-a7d3-bddd985edeb2","D11","PRIN","PRIN.AOS.S2","PRIN.SS.20240207.FIL.2","A00000420222","2024-02-07T16:20Z","2024-02-07T16:20Z","Illinois State Water Survey Central Analytical Laboratory",578.0,0.00120,1,"2024-02-08","A",,
"bdc013f3-e2d8-4411-a458-086813c9c383","D11","PRIN","PRIN.AOS.S2","PRIN.SS.20240207.FIL.3","A00000420238","2024-02-07T16:20Z","2024-02-07T16:20Z","Illinois State Water Survey Central Analytical Laboratory",478.0,0.00320,1,"2024-02-08","B",,
"89b254b1-2681-4843-aa0c-d903231da9f1","D11","PRIN","PRIN.AOS.S2","PRIN.SS.20240207.FIL.3","A00000420238","2024-02-07T16:20Z","2024-02-07T16:20Z","Illinois State Water Survey Central Analytical Laboratory",482.0,0.00270,1,"2024-02-08","A",,
"59ef52a9-b711-4158-a4a5-f5eb9feef172","D11","PRIN","PRIN.AOS.S2","PRIN.SS.20240207.FIL","A00000420206","2024-02-07T16:20Z","2024-02-07T16:20Z","Illinois State Water Survey Central Analytical Laboratory",384.0,0.01150,1,"2024-02-08","A",,
"a61ccccb-d1c3-44ec-82f3-33ebced0191e","D11","PRIN","PRIN.AOS.S2","PRIN.SS.20240207.FIL","A00000420206","2024-02-07T16:20Z","2024-02-07T16:20Z","Illinois State Water Survey Central Analytical Laboratory",514.0,0.00210,1,"2024-02-08","A",,
"134bd070-b6d5-42e0-a915-fd3cc67fc245","D11","PRIN","PRIN.AOS.S2","PRIN.SS.20240207.FIL.2","A00000420222","2024-02-07T16:20Z","2024-02-07T16:20Z","Illinois State Water Survey Central Analytical Laboratory",576.0,0.00110,1,"2024-02-08","A",,
"3fce2fae-3a7d-4ddc-842f-6ebf56fd3f67","D11","PRIN","PRIN.AOS.S2","PRIN.SS.20240207.FIL","A00000420206","2024-02-07T16:20Z","2024-02-07T16:20Z","Illinois State Water Survey Central Analytical Laboratory",418.0,0.00670,1,"2024-02-08","A",,
"5f6a36d2-1818-4ec0-8fd4-d47b265d3847","D11","PRIN","PRIN.AOS.S2","PRIN.SS.20240207.FIL","A00000420206","2024-02-07T16:20Z","2024-02-07T16:20Z","Illinois State Water Survey Central Analytical Laboratory",446.0,0.00580,1,"2024-02-08","B",,
"0ef47d00-6e0c-4803-b470-304dbb9c0948","D11","PRIN","PRIN.AOS.S2","PRIN.SS.20240207.FIL.3","A00000420238","2024-02-07T16:20Z","2024-02-07T16:20Z","Illinois State Water Survey Central Analytical Laboratory",354.0,0.01840,1,"2024-02-08","A",,
"3357a303-9477-45aa-87f2-b4717e62731f","D11","PRIN","PRIN.AOS.S2","PRIN.SS.20240207.FIL.3","A00000420238","2024-02-07T16:20Z","2024-02-07T16:20Z","Illinois State Water Survey Central Analytical Laboratory",374.0,0.01390,1,"2024-02-08","B",,
"ee899776-e7fa-4eb7-8c6b-bbb5425b5c0e","D11","PRIN","PRIN.AOS.S2","PRIN.SS.20240207.FIL.3","A00000420238","2024-02-07T16:20Z","2024-02-07T16:20Z","Illinois State Water Survey Central Analytical Laboratory",548.0,0.00170,1,"2024-02-08","B",,
"502f5569-aa09-4930-a911-1afcee5f047e","D11","PRIN","PRIN.AOS.S2","PRIN.SS.20240207.FIL","A00000420206","2024-02-07T16:20Z","2024-02-07T16:20Z","Illinois State Water Survey Central Analytical Laboratory",558.0,0.00110,1,"2024-02-08","A",,
"5c690991-23bd-43d0-8cde-fb2edf77a465","D11","PRIN","PRIN.AOS.S2","PRIN.SS.20240207.FIL.2","A00000420222","2024-02-07T16:20Z","2024-02-07T16:20Z","Illinois State Water Survey Central Analytical Laboratory",518.0,0.00190,1,"2024-02-08","B",,
"c935a1e3-124c-4f0a-a995-3e62a5468675","D11","PRIN","PRIN.AOS.S2","PRIN.SS.20240207.FIL.3","A00000420238","2024-02-07T16:20Z","2024-02-07T16:20Z","Illinois State Water Survey Central Analytical Laboratory",484.0,0.00290,1,"2024-02-08","B",,
"82265ba6-3f50-4e34-8dd4-8f2e5277f6bf","D11","PRIN","PRIN.AOS.S2","PRIN.SS.20240207.FIL.3","A00000420238","2024-02-07T16:20Z","2024-02-07T16:20Z","Illinois State Water Survey Central Analytical Laboratory",524.0,0.00170,1,"2024-02-08","B",,
"5e2d67ac-e742-4a31-8cf5-e86a84ae62a4","D11","PRIN","PRIN.AOS.S2","PRIN.SS.20240207.FIL.2","A00000420222","2024-02-07T16:20Z","2024-02-07T16:20Z","Illinois State Water Survey Central Analytical Laboratory",460.0,0.00380,1,"2024-02-08","A",,
"570d199a-c03e-4e7c-ac9f-dadf85f730a5","D11","PRIN","PRIN.AOS.S2","PRIN.SS.20240207.FIL","A00000420206","2024-02-07T16:20Z","2024-02-07T16:20Z","Illinois State Water Survey Central Analytical Laboratory",590.0,0.00170,1,"2024-02-08","B",,
"12368a77-57c9-4be2-91af-5c9ff68b1af3","D11","PRIN","PRIN.AOS.S2","PRIN.SS.20240207.FIL","A00000420206","2024-02-07T16:20Z","2024-02-07T16:20Z","Illinois State Water Survey Central Analytical Laboratory",480.0,0.00300,1,"2024-02-08","A",,
"5dff4d09-3a50-476b-bfaa-59074f5c3aa2","D11","PRIN","PRIN.AOS.S2","PRIN.SS.20240207.FIL","A00000420206","2024-02-07T16:20Z","2024-02-07T16:20Z","Illinois State Water Survey Central Analytical Laboratory",506.0,0.00180,1,"2024-02-08","A",,
"81b2306b-16a2-43cf-acbb-7deca6ae3fdc","D11","PRIN","PRIN.AOS.S2","PRIN.SS.20240207.FIL.2","A00000420222","2024-02-07T16:20Z","2024-02-07T16:20Z","Illinois State Water Survey Central Analytical Laboratory",540.0,0.00150,1,"2024-02-08","A",,
"f594bd2f-b5e4-43ef-9f28-983d6dc83ab5","D11","PRIN","PRIN.AOS.S2","PRIN.SS.20240207.FIL.2","A00000420222","2024-02-07T16:20Z","2024-02-07T16:20Z","Illinois State Water Survey Central Analytical Laboratory",418.0,0.00680,1,"2024-02-08","A",,
"b72046cb-e0b8-49ac-a7b8-07ee85675fe4","D11","PRIN","PRIN.AOS.S2","PRIN.SS.20240207.FIL.2","A00000420222","2024-02-07T16:20Z","2024-02-07T16:20Z","Illinois State Water Survey Central Analytical Laboratory",568.0,0.00150,1,"2024-02-08","A",,
"25d2c492-b3fd-4c68-946e-1c89e564b11a","D11","PRIN","PRIN.AOS.S2","PRIN.SS.20240207.FIL.3","A00000420238","2024-02-07T16:20Z","2024-02-07T16:20Z","Illinois State Water Survey Central Analytical Laboratory",334.0,0.02530,1,"2024-02-08","A",,
"94a4cd73-ffc1-41bb-a715-78894ad573aa","D11","PRIN","PRIN.AOS.S2","PRIN.SS.20240207.FIL","A00000420206","2024-02-07T16:20Z","2024-02-07T16:20Z","Illinois State Water Survey Central Analytical Laboratory",310.0,0.03740,1,"2024-02-08","A",,
"122fb2d4-24fb-4843-a256-47cac0d5adb1","D11","PRIN","PRIN.AOS.S2","PRIN.SS.20240207.FIL","A00000420206","2024-02-07T16:20Z","2024-02-07T16:20Z","Illinois State Water Survey Central Analytical Laboratory",330.0,0.02810,1,"2024-02-08","B",,
"5a2fffad-771a-4fa0-a933-6f009a389536","D11","PRIN","PRIN.AOS.S2","PRIN.SS.20240207.FIL.2","A00000420222","2024-02-07T16:20Z","2024-02-07T16:20Z","Illinois State Water Survey Central Analytical Laboratory",546.0,0.00160,1,"2024-02-08","A",,
"83251cb3-46d5-4a7b-a242-cb1577d0d547","D11","PRIN","PRIN.AOS.S2","PRIN.SS.20240207.FIL.3","A00000420238","2024-02-07T16:20Z","2024-02-07T16:20Z","Illinois State Water Survey Central Analytical Laboratory",596.0,0.00040,1,"2024-02-08","A",,
"aad67942-d952-4027-8c37-8bb1d68ed759","D11","PRIN","PRIN.AOS.S2","PRIN.SS.20240207.FIL","A00000420206","2024-02-07T16:20Z","2024-02-07T16:20Z","Illinois State Water Survey Central Analytical Laboratory",350.0,0.02070,1,"2024-02-08","B",,
"b5045f7b-cb8b-4e2c-aeb8-ec29c26856a0","D11","PRIN","PRIN.AOS.S2","PRIN.SS.20240207.FIL.3","A00000420238","2024-02-07T16:20Z","2024-02-07T16:20Z","Illinois State Water Survey Central Analytical Laboratory",506.0,0.00210,1,"2024-02-08","B",,
"6e9daf5a-452a-4816-996c-68080185a0af","D11","PRIN","PRIN.AOS.S2","PRIN.SS.20240207.FIL.2","A00000420222","2024-02-07T16:20Z","2024-02-07T16:20Z","Illinois State Water Survey Central Analytical Laboratory",388.0,0.01090,1,"2024-02-08","A",,
"fcad0779-d978-4bdf-b3fd-1b6d1ef6bccb","D11","PRIN","PRIN.AOS.S2","PRIN.SS.20240207.FIL.3","A00000420238","2024-02-07T16:20Z","2024-02-07T16:20Z","Illinois State Water Survey Central Analytical Laboratory",238.0,0.09700,1,"2024-02-08","A",,
"3f21140a-950c-4d11-8f2b-fc3714e231fb","D11","PRIN","PRIN.AOS.S2","PRIN.SS.20240207.FIL","A00000420206","2024-02-07T16:20Z","2024-02-07T16:20Z","Illinois State Water Survey Central Analytical Laboratory",222.0,0.15730,1,"2024-02-08","B",,
"20085c1c-d149-415c-bbf1-2d8f2fd2a47e","D11","PRIN","PRIN.AOS.S2","PRIN.SS.20240207.FIL","A00000420206","2024-02-07T16:20Z","2024-02-07T16:20Z","Illinois State Water Survey Central Analytical Laboratory",488.0,0.00280,1,"2024-02-08","A",,
"9d284435-0163-4a2a-82f5-2b62e40cdedf","D11","PRIN","PRIN.AOS.S2","PRIN.SS.20240207.FIL.2","A00000420222","2024-02-07T16:20Z","2024-02-07T16:20Z","Illinois State Water Survey Central Analytical Laboratory",300.0,0.04410,1,"2024-02-08","A",,
"868458a1-56a4-40dd-a579-757ab1f904e8","D11","PRIN","PRIN.AOS.S2","PRIN.SS.20240207.FIL.3","A00000420238","2024-02-07T16:20Z","2024-02-07T16:20Z","Illinois State Water Survey Central Analytical Laboratory",592.0,0.00090,1,"2024-02-08","B",,
"3db47bf1-5409-429d-ae67-51ab1f031817","D11","PRIN","PRIN.AOS.S2","PRIN.SS.20240207.FIL.3","A00000420238","2024-02-07T16:20Z","2024-02-07T16:20Z","Illinois State Water Survey Central Analytical Laboratory",248.0,0.08630,1,"2024-02-08","B",,
"61ce5194-dd3c-4e41-be0b-e68f587ee35f","D11","PRIN","PRIN.AOS.S2","PRIN.SS.20240207.FIL.3","A00000420238","2024-02-07T16:20Z","2024-02-07T16:20Z","Illinois State Water Survey Central Analytical Laboratory",480.0,0.00310,1,"2024-02-08","B",,
"cc05bb60-3a80-45bb-8b1a-649059151868","D11","PRIN","PRIN.AOS.S2","PRIN.SS.20240207.FIL","A00000420206","2024-02-07T16:20Z","2024-02-07T16:20Z","Illinois State Water Survey Central Analytical Laboratory",256.0,0.07800,1,"2024-02-08","A",,
"11388b45-ce81-4a9e-a203-7397532d4228","D11","PRIN","PRIN.AOS.S2","PRIN.SS.20240207.FIL","A00000420206","2024-02-07T16:20Z","2024-02-07T16:20Z","Illinois State Water Survey Central Analytical Laboratory",396.0,0.00950,1,"2024-02-08","A",,
"0f4842e8-da9e-457f-9d90-e7fa30cbc7b8","D11","PRIN","PRIN.AOS.S2","PRIN.SS.20240207.FIL.3","A00000420238","2024-02-07T16:20Z","2024-02-07T16:20Z","Illinois State Water Survey Central Analytical Laboratory",474.0,0.00280,1,"2024-02-08","A",,
"85304a96-212f-419c-8a1a-8a6f78a5e799","D11","PRIN","PRIN.AOS.S2","PRIN.SS.20240207.FIL.3","A00000420238","2024-02-07T16:20Z","2024-02-07T16:20Z","Illinois State Water Survey Central Analytical Laboratory",368.0,0.01490,1,"2024-02-08","A",,
"fc552111-9a21-44d4-9d96-fc9e2bbb6042","D11","PRIN","PRIN.AOS.S2","PRIN.SS.20240207.FIL.2","A00000420222","2024-02-07T16:20Z","2024-02-07T16:20Z","Illinois State Water Survey Central Analytical Laboratory",362.0,0.01660,1,"2024-02-08","B",,
"4cbde1da-5008-467a-a63b-98feab613c5c","D11","PRIN","PRIN.AOS.S2","PRIN.SS.20240207.FIL.3","A00000420238","2024-02-07T16:20Z","2024-02-07T16:20Z","Illinois State Water Survey Central Analytical Laboratory",312.0,0.03600,1,"2024-02-08","A",,
"527db404-b33e-43fa-9605-f2569e0b3cf8","D11","PRIN","PRIN.AOS.S2","PRIN.SS.20240207.FIL","A00000420206","2024-02-07T16:20Z","2024-02-07T16:20Z","Illinois State Water Survey Central Analytical Laboratory",314.0,0.03500,1,"2024-02-08","A",,
"f6ddf4bc-a116-4001-86ea-7d1f4eaff092","D11","PRIN","PRIN.AOS.S2","PRIN.SS.20240207.FIL.3","A00000420238","2024-02-07T16:20Z","2024-02-07T16:20Z","Illinois State Water Survey Central Analytical Laboratory",376.0,0.01360,1,"2024-02-08","B",,
"ccfe9a28-824f-4ab6-9517-e3682b3dc783","D11","PRIN","PRIN.AOS.S2","PRIN.SS.20240207.FIL.3","A00000420238","2024-02-07T16:20Z","2024-02-07T16:20Z","Illinois State Water Survey Central Analytical Laboratory",294.0,0.04760,1,"2024-02-08","A",,
"883e63f7-feeb-4d3d-aee2-75158ed18a40","D11","PRIN","PRIN.AOS.S2","PRIN.SS.20240207.FIL.2","A00000420222","2024-02-07T16:20Z","2024-02-07T16:20Z","Illinois State Water Survey Central Analytical Laboratory",500.0,0.00230,1,"2024-02-08","A",,
"3fc79c60-c946-48c6-8b93-bc7cde5cfba2","D11","PRIN","PRIN.AOS.S2","PRIN.SS.20240207.FIL.3","A00000420238","2024-02-07T16:20Z","2024-02-07T16:20Z","Illinois State Water Survey Central Analytical Laboratory",390.0,0.01080,1,"2024-02-08","B",,
"70495816-00d5-4e8d-b865-f8fe08cb97c2","D11","PRIN","PRIN.AOS.S2","PRIN.SS.20240207.FIL","A00000420206","2024-02-07T16:20Z","2024-02-07T16:20Z","Illinois State Water Survey Central Analytical Laboratory",550.0,0.00270,1,"2024-02-08","B",,
"728e35e7-06a4-480c-9b54-a2678becd396","D11","PRIN","PRIN.AOS.S2","PRIN.SS.20240207.FIL","A00000420206","2024-02-07T16:20Z","2024-02-07T16:20Z","Illinois State Water Survey Central Analytical Laboratory",428.0,0.00710,1,"2024-02-08","B",,
"89975807-4109-4fe7-98bb-659bf42bf1a2","D11","PRIN","PRIN.AOS.S2","PRIN.SS.20240207.FIL.2","A00000420222","2024-02-07T16:20Z","2024-02-07T16:20Z","Illinois State Water Survey Central Analytical Laboratory",426.0,0.00630,1,"2024-02-08","A",,
"773619f5-6288-411f-8d27-1110e1c711d5","D11","PRIN","PRIN.AOS.S2","PRIN.SS.20240207.FIL.2","A00000420222","2024-02-07T16:20Z","2024-02-07T16:20Z","Illinois State Water Survey Central Analytical Laboratory",434.0,0.00530,1,"2024-02-08","B",,
"87ace288-4fbf-4fc0-806e-c8e69f9ea233","D11","PRIN","PRIN.AOS.S2","PRIN.SS.20240207.FIL.3","A00000420238","2024-02-07T16:20Z","2024-02-07T16:20Z","Illinois State Water Survey Central Analytical Laboratory",474.0,0.00340,1,"2024-02-08","B",,
"70d021e7-f220-4e3b-9383-2e7fa0bcbc3c","D11","PRIN","PRIN.AOS.S2","PRIN.SS.20240207.FIL","A00000420206","2024-02-07T16:20Z","2024-02-07T16:20Z","Illinois State Water Survey Central Analytical Laboratory",242.0,0.09160,1,"2024-02-08","B",,
"943e4de5-21e6-4294-a068-c1000fb866f1","D11","PRIN","PRIN.AOS.S2","PRIN.SS.20240207.FIL","A00000420206","2024-02-07T16:20Z","2024-02-07T16:20Z","Illinois State Water Survey Central Analytical Laboratory",478.0,0.00290,1,"2024-02-08","A",,
"a1f15031-569e-4e45-93b9-edd3b49fd8ce","D11","PRIN","PRIN.AOS.S2","PRIN.SS.20240207.FIL.2","A00000420222","2024-02-07T16:20Z","2024-02-07T16:20Z","Illinois State Water Survey Central Analytical Laboratory",470.0,0.00330,1,"2024-02-08","A",,
"fc702dd4-a005-4ec6-b3a6-a4de1d540f38","D11","PRIN","PRIN.AOS.S2","PRIN.SS.20240207.FIL","A00000420206","2024-02-07T16:20Z","2024-02-07T16:20Z","Illinois State Water Survey Central Analytical Laboratory",524.0,0.00170,1,"2024-02-08","A",,
"474f7b72-021e-4c5b-8416-6e33a8a2b1ad","D11","PRIN","PRIN.AOS.S2","PRIN.SS.20240207.FIL.2","A00000420222","2024-02-07T16:20Z","2024-02-07T16:20Z","Illinois State Water Survey Central Analytical Laboratory",386.0,0.01150,1,"2024-02-08","A",,
"34fe59a9-eb9c-489f-9a53-f4903d2ceeb9","D11","PRIN","PRIN.AOS.S2","PRIN.SS.20240207.FIL","A00000420206","2024-02-07T16:20Z","2024-02-07T16:20Z","Illinois State Water Survey Central Analytical Laboratory",346.0,0.02230,1,"2024-02-08","B",,
"bb93210a-7b97-4470-8370-5e2648c14fd4","D11","PRIN","PRIN.AOS.S2","PRIN.SS.20240207.FIL","A00000420206","2024-02-07T16:20Z","2024-02-07T16:20Z","Illinois State Water Survey Central Analytical Laboratory",558.0,0.00220,1,"2024-02-08","B",,
"7f209490-60e1-476e-99fd-3ddd95b7b82d","D11","PRIN","PRIN.AOS.S2","PRIN.SS.20240207.FIL","A00000420206","2024-02-07T16:20Z","2024-02-07T16:20Z","Illinois State Water Survey Central Analytical Laboratory",444.0,0.00580,1,"2024-02-08","B",,
"d55df730-68d3-4312-81dc-f04470c8faea","D11","PRIN","PRIN.AOS.S2","PRIN.SS.20240207.FIL.3","A00000420238","2024-02-07T16:20Z","2024-02-07T16:20Z","Illinois State Water Survey Central Analytical Laboratory",344.0,0.02250,1,"2024-02-08","B",,
"eb813a1e-0e6d-4a05-8c1e-4d745b4ae217","D11","PRIN","PRIN.AOS.S2","PRIN.SS.20240207.FIL.3","A00000420238","2024-02-07T16:20Z","2024-02-07T16:20Z","Illinois State Water Survey Central Analytical Laboratory",460.0,0.00350,1,"2024-02-08","A",,
"53702875-ba8c-45f3-ba97-2f04f369cb74","D11","PRIN","PRIN.AOS.S2","PRIN.SS.20240207.FIL.3","A00000420238","2024-02-07T16:20Z","2024-02-07T16:20Z","Illinois State Water Survey Central Analytical Laboratory",360.0,0.01700,1,"2024-02-08","A",,
"8641450f-f1c8-4c38-96ae-bb260499c1e0","D11","PRIN","PRIN.AOS.S2","PRIN.SS.20240207.FIL.2","A00000420222","2024-02-07T16:20Z","2024-02-07T16:20Z","Illinois State Water Survey Central Analytical Laboratory",240.0,0.09500,1,"2024-02-08","A",,
"31c4f440-327f-407a-96eb-97e950a6949f","D11","PRIN","PRIN.AOS.S2","PRIN.SS.20240207.FIL.3","A00000420238","2024-02-07T16:20Z","2024-02-07T16:20Z","Illinois State Water Survey Central Analytical Laboratory",488.0,0.00260,1,"2024-02-08","A",,
"2553714d-916e-4db6-939e-ea4bd519f3fa","D11","PRIN","PRIN.AOS.S2","PRIN.SS.20240207.FIL.3","A00000420238","2024-02-07T16:20Z","2024-02-07T16:20Z","Illinois State Water Survey Central Analytical Laboratory",558.0,0.00080,1,"2024-02-08","A",,
"84ece62c-3bb6-479a-b088-a43b93085314","D11","PRIN","PRIN.AOS.S2","PRIN.SS.20240207.FIL.2","A00000420222","2024-02-07T16:20Z","2024-02-07T16:20Z","Illinois State Water Survey Central Analytical Laboratory",390.0,0.01090,1,"2024-02-08","A",,
"ccb4931d-5d49-4bf4-9868-06c9ce3693a8","D11","PRIN","PRIN.AOS.S2","PRIN.SS.20240207.FIL.3","A00000420238","2024-02-07T16:20Z","2024-02-07T16:20Z","Illinois State Water Survey Central Analytical Laboratory",248.0,0.08370,1,"2024-02-08","A",,
"579e545b-6896-43f4-b68a-85b4a9b63db9","D11","PRIN","PRIN.AOS.S2","PRIN.SS.20240207.FIL.3","A00000420238","2024-02-07T16:20Z","2024-02-07T16:20Z","Illinois State Water Survey Central Analytical Laboratory",550.0,0.00140,1,"2024-02-08","B",,
"f8d7025c-636b-4140-ad09-fff2dc74bc5d","D11","PRIN","PRIN.AOS.S2","PRIN.SS.20240207.FIL.2","A00000420222","2024-02-07T16:20Z","2024-02-07T16:20Z","Illinois State Water Survey Central Analytical Laboratory",574.0,0.00130,1,"2024-02-08","A",,
"0fe7a0ba-bf3c-45f2-891c-354b9a2cda5f","D11","PRIN","PRIN.AOS.S2","PRIN.SS.20240207.FIL","A00000420206","2024-02-07T16:20Z","2024-02-07T16:20Z","Illinois State Water Survey Central Analytical Laboratory",560.0,0.00120,1,"2024-02-08","A",,
"fab95657-16d4-47a8-bdb5-36d8209ce886","D11","PRIN","PRIN.AOS.S2","PRIN.SS.20240207.FIL.2","A00000420222","2024-02-07T16:20Z","2024-02-07T16:20Z","Illinois State Water Survey Central Analytical Laboratory",438.0,0.00520,1,"2024-02-08","A",,
"0ace8c65-de03-4e6e-9f44-b12b8204b10b","D11","PRIN","PRIN.AOS.S2","PRIN.SS.20240207.FIL.3","A00000420238","2024-02-07T16:20Z","2024-02-07T16:20Z","Illinois State Water Survey Central Analytical Laboratory",332.0,0.02700,1,"2024-02-08","B",,
"0f0459d1-b59e-4277-b79f-cf4df3b9a64b","D11","PRIN","PRIN.AOS.S2","PRIN.SS.20240207.FIL","A00000420206","2024-02-07T16:20Z","2024-02-07T16:20Z","Illinois State Water Survey Central Analytical Laboratory",298.0,0.04490,1,"2024-02-08","A",,
"89597a35-ec32-477c-99e2-18fc7dded863","D11","PRIN","PRIN.AOS.S2","PRIN.SS.20240207.FIL","A00000420206","2024-02-07T16:20Z","2024-02-07T16:20Z","Illinois State Water Survey Central Analytical Laboratory",266.0,0.07170,1,"2024-02-08","B",,
"dc5e2f2f-66cd-42c3-8ff4-a692e3f88715","D11","PRIN","PRIN.AOS.S2","PRIN.SS.20240207.FIL.3","A00000420238","2024-02-07T16:20Z","2024-02-07T16:20Z","Illinois State Water Survey Central Analytical Laboratory",340.0,0.02310,1,"2024-02-08","A",,
"fdfec3c9-be35-4c6c-a2dd-da4a4fbcf87f","D11","PRIN","PRIN.AOS.S2","PRIN.SS.20240207.FIL.2","A00000420222","2024-02-07T16:20Z","2024-02-07T16:20Z","Illinois State Water Survey Central Analytical Laboratory",392.0,0.01030,1,"2024-02-08","B",,
"fce06a0e-2528-414f-9d3c-a69b350ce517","D11","PRIN","PRIN.AOS.S2","PRIN.SS.20240207.FIL.3","A00000420238","2024-02-07T16:20Z","2024-02-07T16:20Z","Illinois State Water Survey Central Analytical Laboratory",454.0,0.00400,1,"2024-02-08","B",,
"854722bd-e79e-43bc-a892-5fe2f36402f2","D11","PRIN","PRIN.AOS.S2","PRIN.SS.20240207.FIL.2","A00000420222","2024-02-07T16:20Z","2024-02-07T16:20Z","Illinois State Water Survey Central Analytical Laboratory",524.0,0.00160,1,"2024-02-08","B",,
"accf7418-5220-4e55-99e4-03a34a637206","D11","PRIN","PRIN.AOS.S2","PRIN.SS.20240207.FIL.2","A00000420222","2024-02-07T16:20Z","2024-02-07T16:20Z","Illinois State Water Survey Central Analytical Laboratory",520.0,0.00190,1,"2024-02-08","B",,
"bf9e2cdf-98e4-4145-982a-6b63e86bc9a7","D11","PRIN","PRIN.AOS.S2","PRIN.SS.20240207.FIL","A00000420206","2024-02-07T16:20Z","2024-02-07T16:20Z","Illinois State Water Survey Central Analytical Laboratory",264.0,0.07250,1,"2024-02-08","A",,
"229e5bfa-0060-471b-b7df-2496a9691312","D11","PRIN","PRIN.AOS.S2","PRIN.SS.20240207.FIL","A00000420206","2024-02-07T16:20Z","2024-02-07T16:20Z","Illinois State Water Survey Central Analytical Laboratory",358.0,0.01780,1,"2024-02-08","A",,
"0e306e56-d42a-496a-b1f0-81de40c4e1ab","D11","PRIN","PRIN.AOS.S2","PRIN.SS.20240207.FIL.3","A00000420238","2024-02-07T16:20Z","2024-02-07T16:20Z","Illinois State Water Survey Central Analytical Laboratory",504.0,0.00210,1,"2024-02-08","A",,
"8a68b77d-9079-4e85-9cea-fe764c99e430","D11","PRIN","PRIN.AOS.S2","PRIN.SS.20240207.FIL","A00000420206","2024-02-07T16:20Z","2024-02-07T16:20Z","Illinois State Water Survey Central Analytical Laboratory",408.0,0.00890,1,"2024-02-08","B",,
"21b245d8-f316-4320-b32b-2ecf3cd10517","D11","PRIN","PRIN.AOS.S2","PRIN.SS.20240207.FIL","A00000420206","2024-02-07T16:20Z","2024-02-07T16:20Z","Illinois State Water Survey Central Analytical Laboratory",306.0,0.03970,1,"2024-02-08","A",,
"034585a4-068e-462e-9132-d414f75c9e4c","D11","PRIN","PRIN.AOS.S2","PRIN.SS.20240207.FIL.2","A00000420222","2024-02-07T16:20Z","2024-02-07T16:20Z","Illinois State Water Survey Central Analytical Laboratory",376.0,0.01310,1,"2024-02-08","B",,
"e2ba1993-91c7-48f5-8960-fdc6b24a4f6f","D11","PRIN","PRIN.AOS.S2","PRIN.SS.20240207.FIL.2","A00000420222","2024-02-07T16:20Z","2024-02-07T16:20Z","Illinois State Water Survey Central Analytical Laboratory",382.0,0.01200,1,"2024-02-08","A",,
"e36339a8-01f9-4ee5-8b63-0cfc5197264e","D11","PRIN","PRIN.AOS.S2","PRIN.SS.20240207.FIL.2","A00000420222","2024-02-07T16:20Z","2024-02-07T16:20Z","Illinois State Water Survey Central Analytical Laboratory",410.0,0.00770,1,"2024-02-08","B",,
"57b6f347-1cfb-4740-b471-c0ed483d3c73","D11","PRIN","PRIN.AOS.S2","PRIN.SS.20240207.FIL.3","A00000420238","2024-02-07T16:20Z","2024-02-07T16:20Z","Illinois State Water Survey Central Analytical Laboratory",400.0,0.00900,1,"2024-02-08","A",,
"274083b9-3536-4163-ac92-7cb774253a57","D11","PRIN","PRIN.AOS.S2","PRIN.SS.20240207.FIL.2","A00000420222","2024-02-07T16:20Z","2024-02-07T16:20Z","Illinois State Water Survey Central Analytical Laboratory",570.0,0.00070,1,"2024-02-08","B",,
"ff15a065-3d05-476f-90c9-c5934b489407","D11","PRIN","PRIN.AOS.S2","PRIN.SS.20240207.FIL.3","A00000420238","2024-02-07T16:20Z","2024-02-07T16:20Z","Illinois State Water Survey Central Analytical Laboratory",370.0,0.01440,1,"2024-02-08","A",,
"54450359-b6a3-478e-9d0c-d86513dc0e61","D11","PRIN","PRIN.AOS.S2","PRIN.SS.20240207.FIL.3","A00000420238","2024-02-07T16:20Z","2024-02-07T16:20Z","Illinois State Water Survey Central Analytical Laboratory",302.0,0.04190,1,"2024-02-08","A",,
"2678c62b-3819-4548-88df-1523aeecfc3f","D11","PRIN","PRIN.AOS.S2","PRIN.SS.20240207.FIL.3","A00000420238","2024-02-07T16:20Z","2024-02-07T16:20Z","Illinois State Water Survey Central Analytical Laboratory",436.0,0.00500,1,"2024-02-08","A",,
"50aefd8d-f1dc-408e-87b0-ef171cb39648","D11","PRIN","PRIN.AOS.S2","PRIN.SS.20240207.FIL.3","A00000420238","2024-02-07T16:20Z","2024-02-07T16:20Z","Illinois State Water Survey Central Analytical Laboratory",234.0,0.10900,1,"2024-02-08","B",,
"72f7c859-2313-4473-8e14-0315a1b9cd97","D11","PRIN","PRIN.AOS.S2","PRIN.SS.20240207.FIL","A00000420206","2024-02-07T16:20Z","2024-02-07T16:20Z","Illinois State Water Survey Central Analytical Laboratory",380.0,0.01320,1,"2024-02-08","B",,
"426db5ac-bbaf-4595-8174-a501fcb2dd2e","D11","PRIN","PRIN.AOS.S2","PRIN.SS.20240207.FIL","A00000420206","2024-02-07T16:20Z","2024-02-07T16:20Z","Illinois State Water Survey Central Analytical Laboratory",400.0,0.01030,1,"2024-02-08","B",,
"28e2620b-b139-44c2-a934-9178b6a7d293","D11","PRIN","PRIN.AOS.S2","PRIN.SS.20240207.FIL","A00000420206","2024-02-07T16:20Z","2024-02-07T16:20Z","Illinois State Water Survey Central Analytical Laboratory",486.0,0.00410,1,"2024-02-08","B",,
"8d8814fb-2a9b-4bdc-864d-a1d09a5d9278","D11","PRIN","PRIN.AOS.S2","PRIN.SS.20240207.FIL.3","A00000420238","2024-02-07T16:20Z","2024-02-07T16:20Z","Illinois State Water Survey Central Analytical Laboratory",592.0,0.00080,1,"2024-02-08","A",,
"93ac8ae8-eb07-422c-b826-3b9b9ad21036","D11","PRIN","PRIN.AOS.S2","PRIN.SS.20240207.FIL.2","A00000420222","2024-02-07T16:20Z","2024-02-07T16:20Z","Illinois State Water Survey Central Analytical Laboratory",410.0,0.00800,1,"2024-02-08","A",,
"1996e541-a03d-47a5-9cc5-dfb5db56fa68","D11","PRIN","PRIN.AOS.S2","PRIN.SS.20240207.FIL","A00000420206","2024-02-07T16:20Z","2024-02-07T16:20Z","Illinois State Water Survey Central Analytical Laboratory",404.0,0.00870,1,"2024-02-08","A",,
"5fbbf9da-d2bd-4426-b6ed-a783cedfcecd","D11","PRIN","PRIN.AOS.S2","PRIN.SS.20240207.FIL.3","A00000420238","2024-02-07T16:20Z","2024-02-07T16:20Z","Illinois State Water Survey Central Analytical Laboratory",590.0,0.00060,1,"2024-02-08","A",,
"959042d3-7a0d-4d39-b2c1-d99556529f8c","D11","PRIN","PRIN.AOS.S2","PRIN.SS.20240207.FIL.2","A00000420222","2024-02-07T16:20Z","2024-02-07T16:20Z","Illinois State Water Survey Central Analytical Laboratory",508.0,0.00220,1,"2024-02-08","A",,
"a580fe55-bb16-42a0-b2e3-58a3e83385d3","D11","PRIN","PRIN.AOS.S2","PRIN.SS.20240207.FIL.3","A00000420238","2024-02-07T16:20Z","2024-02-07T16:20Z","Illinois State Water Survey Central Analytical Laboratory",304.0,0.04080,1,"2024-02-08","A",,
"2710762b-d17b-4efa-92bc-14bf0a963811","D11","PRIN","PRIN.AOS.S2","PRIN.SS.20240207.FIL.2","A00000420222","2024-02-07T16:20Z","2024-02-07T16:20Z","Illinois State Water Survey Central Analytical Laboratory",338.0,0.02440,1,"2024-02-08","A",,
"00408d57-4b66-4b8c-affd-4ec6f0e8e820","D11","PRIN","PRIN.AOS.S2","PRIN.SS.20240207.FIL.2","A00000420222","2024-02-07T16:20Z","2024-02-07T16:20Z","Illinois State Water Survey Central Analytical Laboratory",546.0,0.00140,1,"2024-02-08","B",,
"3ac26d7e-a68e-451d-b5ce-71c6210f0aa1","D11","PRIN","PRIN.AOS.S2","PRIN.SS.20240207.FIL.3","A00000420238","2024-02-07T16:20Z","2024-02-07T16:20Z","Illinois State Water Survey Central Analytical Laboratory",528.0,0.00170,1,"2024-02-08","A",,
"2a220e85-5304-49c0-b993-8f1e8b866b4b","D11","PRIN","PRIN.AOS.S2","PRIN.SS.20240207.FIL","A00000420206","2024-02-07T16:20Z","2024-02-07T16:20Z","Illinois State Water Survey Central Analytical Laboratory",526.0,0.00300,1,"2024-02-08","B",,
"b77ea9f8-8f24-4989-9804-096cc9125b34","D11","PRIN","PRIN.AOS.S2","PRIN.SS.20240207.FIL","A00000420206","2024-02-07T16:20Z","2024-02-07T16:20Z","Illinois State Water Survey Central Analytical Laboratory",394.0,0.01110,1,"2024-02-08","B",,
"d464d050-f327-4a8f-b131-736aaa17b2ca","D11","PRIN","PRIN.AOS.S2","PRIN.SS.20240207.FIL.3","A00000420238","2024-02-07T16:20Z","2024-02-07T16:20Z","Illinois State Water Survey Central Analytical Laboratory",410.0,0.00740,1,"2024-02-08","A",,
"3cf126b6-a84d-4e0b-9ed9-604783b2fc05","D11","PRIN","PRIN.AOS.S2","PRIN.SS.20240207.FIL.2","A00000420222","2024-02-07T16:20Z","2024-02-07T16:20Z","Illinois State Water Survey Central Analytical Laboratory",550.0,0.00130,1,"2024-02-08","A",,
"021ce5f9-9fe7-47e4-bced-a3750c190f70","D11","PRIN","PRIN.AOS.S2","PRIN.SS.20240207.FIL","A00000420206","2024-02-07T16:20Z","2024-02-07T16:20Z","Illinois State Water Survey Central Analytical Laboratory",454.0,0.00510,1,"2024-02-08","B",,
"1b4b9182-4291-4cf7-a312-ae7b58dcff4a","D11","PRIN","PRIN.AOS.S2","PRIN.SS.20240207.FIL.3","A00000420238","2024-02-07T16:20Z","2024-02-07T16:20Z","Illinois State Water Survey Central Analytical Laboratory",240.0,0.09340,1,"2024-02-08","A",,
"123168fd-7075-45d2-87c2-8ba3c16b23b8","D11","PRIN","PRIN.AOS.S2","PRIN.SS.20240207.FIL.3","A00000420238","2024-02-07T16:20Z","2024-02-07T16:20Z","Illinois State Water Survey Central Analytical Laboratory",358.0,0.01740,1,"2024-02-08","A",,
"ba633fc3-372a-4b10-bbbf-ff298ce312cd","D11","PRIN","PRIN.AOS.S2","PRIN.SS.20240207.FIL.3","A00000420238","2024-02-07T16:20Z","2024-02-07T16:20Z","Illinois State Water Survey Central Analytical Laboratory",596.0,0.00090,1,"2024-02-08","B",,
"241c3efb-761e-4644-b02f-4ba319f6a932","D11","PRIN","PRIN.AOS.S2","PRIN.SS.20240207.FIL","A00000420206","2024-02-07T16:20Z","2024-02-07T16:20Z","Illinois State Water Survey Central Analytical Laboratory",414.0,0.00690,1,"2024-02-08","A",,
"03ae9744-bdf4-4770-86d8-455f0c2e34c7","D11","PRIN","PRIN.AOS.S2","PRIN.SS.20240207.FIL.3","A00000420238","2024-02-07T16:20Z","2024-02-07T16:20Z","Illinois State Water Survey Central Analytical Laboratory",566.0,0.00080,1,"2024-02-08","A",,
"cce8b599-f93d-49cf-8818-862be606cc60","D11","PRIN","PRIN.AOS.S2","PRIN.SS.20240207.FIL","A00000420206","2024-02-07T16:20Z","2024-02-07T16:20Z","Illinois State Water Survey Central Analytical Laboratory",236.0,0.10220,1,"2024-02-08","B",,
"6707bdb4-e159-4ead-9967-3f5483514a82","D11","PRIN","PRIN.AOS.S2","PRIN.SS.20240207.FIL","A00000420206","2024-02-07T16:20Z","2024-02-07T16:20Z","Illinois State Water Survey Central Analytical Laboratory",376.0,0.01300,1,"2024-02-08","A",,
"21836fb1-2014-4ad1-be11-b2a0ba4c5a11","D11","PRIN","PRIN.AOS.S2","PRIN.SS.20240207.FIL.2","A00000420222","2024-02-07T16:20Z","2024-02-07T16:20Z","Illinois State Water Survey Central Analytical Laboratory",428.0,0.00590,1,"2024-02-08","B",,
"6c193503-2f2a-4565-8518-f18f46b9b1d4","D11","PRIN","PRIN.AOS.S2","PRIN.SS.20240207.FIL.3","A00000420238","2024-02-07T16:20Z","2024-02-07T16:20Z","Illinois State Water Survey Central Analytical Laboratory",238.0,0.10000,1,"2024-02-08","B",,
"b0458458-c66c-4e11-82fb-f66527504ce7","D11","PRIN","PRIN.AOS.S2","PRIN.SS.20240207.FIL.2","A00000420222","2024-02-07T16:20Z","2024-02-07T16:20Z","Illinois State Water Survey Central Analytical Laboratory",592.0,0.00090,1,"2024-02-08","B",,
"c755ee6e-a591-4b85-a649-08bfd87219ba","D11","PRIN","PRIN.AOS.S2","PRIN.SS.20240207.FIL","A00000420206","2024-02-07T16:20Z","2024-02-07T16:20Z","Illinois State Water Survey Central Analytical Laboratory",344.0,0.02270,1,"2024-02-08","B",,
"4362bb21-84b2-48c4-9650-ad4876bd124d","D11","PRIN","PRIN.AOS.S2","PRIN.SS.20240207.FIL.2","A00000420222","2024-02-07T16:20Z","2024-02-07T16:20Z","Illinois State Water Survey Central Analytical Laboratory",398.0,0.00940,1,"2024-02-08","A",,
"90c7dc94-2c42-4e67-8a03-71151ddaad08","D11","PRIN","PRIN.AOS.S2","PRIN.SS.20240207.FIL.3","A00000420238","2024-02-07T16:20Z","2024-02-07T16:20Z","Illinois State Water Survey Central Analytical Laboratory",594.0,0.00100,1,"2024-02-08","B",,
"610b7952-d975-4f1b-aa04-4d7934dfe040","D11","PRIN","PRIN.AOS.S2","PRIN.SS.20240207.FIL.3","A00000420238","2024-02-07T16:20Z","2024-02-07T16:20Z","Illinois State Water Survey Central Analytical Laboratory",482.0,0.00310,1,"2024-02-08","B",,
"0d24d2cd-6028-41ac-b929-3808748115bb","D11","PRIN","PRIN.AOS.S2","PRIN.SS.20240207.FIL","A00000420206","2024-02-07T16:20Z","2024-02-07T16:20Z","Illinois State Water Survey Central Analytical Laboratory",490.0,0.00280,1,"2024-02-08","A",,
"bbb147a6-b8fe-453b-b093-ac1a8c6e4e03","D11","PRIN","PRIN.AOS.S2","PRIN.SS.20240207.FIL.2","A00000420222","2024-02-07T16:20Z","2024-02-07T16:20Z","Illinois State Water Survey Central Analytical Laboratory",554.0,0.00080,1,"2024-02-08","B",,
"2ff0572a-dffb-4319-a2d8-79ef4ee8cf25","D11","PRIN","PRIN.AOS.S2","PRIN.SS.20240207.FIL.3","A00000420238","2024-02-07T16:20Z","2024-02-07T16:20Z","Illinois State Water Survey Central Analytical Laboratory",340.0,0.02390,1,"2024-02-08","B",,
"387f2baa-ca62-4c5b-a094-df4c653fcc31","D11","PRIN","PRIN.AOS.S2","PRIN.SS.20240207.FIL.2","A00000420222","2024-02-07T16:20Z","2024-02-07T16:20Z","Illinois State Water Survey Central Analytical Laboratory",228.0,0.12550,1,"2024-02-08","B",,
"8de18b84-ff87-475c-9cec-e9feb54a8584","D11","PRIN","PRIN.AOS.S2","PRIN.SS.20240207.FIL.3","A00000420238","2024-02-07T16:20Z","2024-02-07T16:20Z","Illinois State Water Survey Central Analytical Laboratory",416.0,0.00710,1,"2024-02-08","B",,
"0dc5d9f0-2781-442a-9823-31b7f47f6cef","D11","PRIN","PRIN.AOS.S2","PRIN.SS.20240207.FIL.3","A00000420238","2024-02-07T16:20Z","2024-02-07T16:20Z","Illinois State Water Survey Central Analytical Laboratory",476.0,0.00290,1,"2024-02-08","A",,
"24bd2121-8f73-41a0-a6fc-d5b443452e4d","D11","PRIN","PRIN.AOS.S2","PRIN.SS.20240207.FIL","A00000420206","2024-02-07T16:20Z","2024-02-07T16:20Z","Illinois State Water Survey Central Analytical Laboratory",548.0,0.00150,1,"2024-02-08","A",,
"d68e0376-7774-4aef-9cce-077ba006a96c","D11","PRIN","PRIN.AOS.S2","PRIN.SS.20240207.FIL","A00000420206","2024-02-07T16:20Z","2024-02-07T16:20Z","Illinois State Water Survey Central Analytical Laboratory",260.0,0.07550,1,"2024-02-08","A",,
"3623fb04-6efb-4395-ba4b-ed72c6361e25","D11","PRIN","PRIN.AOS.S2","PRIN.SS.20240207.FIL.2","A00000420222","2024-02-07T16:20Z","2024-02-07T16:20Z","Illinois State Water Survey Central Analytical Laboratory",250.0,0.08340,1,"2024-02-08","A",,
"caf97f81-db61-4c05-833d-6a82fc4e2ebc","D11","PRIN","PRIN.AOS.S2","PRIN.SS.20240207.FIL","A00000420206","2024-02-07T16:20Z","2024-02-07T16:20Z","Illinois State Water Survey Central Analytical Laboratory",250.0,0.08310,1,"2024-02-08","B",,
"f5c3d289-0aa9-4373-a3c7-e3d61e60c1e3","D11","PRIN","PRIN.AOS.S2","PRIN.SS.20240207.FIL.3","A00000420238","2024-02-07T16:20Z","2024-02-07T16:20Z","Illinois State Water Survey Central Analytical Laboratory",388.0,0.01060,1,"2024-02-08","A",,
"1ff195a4-0481-42df-ac0b-6a481c0cb95c","D11","PRIN","PRIN.AOS.S2","PRIN.SS.20240207.FIL","A00000420206","2024-02-07T16:20Z","2024-02-07T16:20Z","Illinois State Water Survey Central Analytical Laboratory",402.0,0.00870,1,"2024-02-08","A",,
"18423626-dc23-4b0c-9ee3-c3348221711c","D11","PRIN","PRIN.AOS.S2","PRIN.SS.20240207.FIL","A00000420206","2024-02-07T16:20Z","2024-02-07T16:20Z","Illinois State Water Survey Central Analytical Laboratory",568.0,0.00260,1,"2024-02-08","B",,
"c20ce4a5-ed9f-42b7-8ac5-1abf0dfe82a0","D11","PRIN","PRIN.AOS.S2","PRIN.SS.20240207.FIL.3","A00000420238","2024-02-07T16:20Z","2024-02-07T16:20Z","Illinois State Water Survey Central Analytical Laboratory",472.0,0.00370,1,"2024-02-08","B",,
"ab96c78c-9351-42e9-8834-d3b6ef1cfccf","D11","PRIN","PRIN.AOS.S2","PRIN.SS.20240207.FIL.2","A00000420222","2024-02-07T16:20Z","2024-02-07T16:20Z","Illinois State Water Survey Central Analytical Laboratory",232.0,0.11260,1,"2024-02-08","B",,
"d769b53b-5a0a-47cd-bdab-c163ab8f56c3","D11","PRIN","PRIN.AOS.S2","PRIN.SS.20240207.FIL.2","A00000420222","2024-02-07T16:20Z","2024-02-07T16:20Z","Illinois State Water Survey Central Analytical Laboratory",514.0,0.00210,1,"2024-02-08","A",,
"5e513ad6-93b1-46c7-bb3f-d7c55e35edd3","D11","PRIN","PRIN.AOS.S2","PRIN.SS.20240207.FIL.2","A00000420222","2024-02-07T16:20Z","2024-02-07T16:20Z","Illinois State Water Survey Central Analytical Laboratory",242.0,0.09140,1,"2024-02-08","B",,
"b8d8c5a4-5f0e-4ac6-a198-01385e7dc357","D11","PRIN","PRIN.AOS.S2","PRIN.SS.20240207.FIL.3","A00000420238","2024-02-07T16:20Z","2024-02-07T16:20Z","Illinois State Water Survey Central Analytical Laboratory",538.0,0.00160,1,"2024-02-08","B",,
"ab243996-d6c1-41b7-8654-794d6db20ab6","D11","PRIN","PRIN.AOS.S2","PRIN.SS.20240207.FIL.3","A00000420238","2024-02-07T16:20Z","2024-02-07T16:20Z","Illinois State Water Survey Central Analytical Laboratory",294.0,0.04980,1,"2024-02-08","B",,
"c9170fad-7c61-4034-a6fe-0f88bc20686a","D11","PRIN","PRIN.AOS.S2","PRIN.SS.20240207.FIL.2","A00000420222","2024-02-07T16:20Z","2024-02-07T16:20Z","Illinois State Water Survey Central Analytical Laboratory",544.0,0.00140,1,"2024-02-08","A",,
"2da96145-aae5-4314-a4ec-6d7cb7dfac97","D11","PRIN","PRIN.AOS.S2","PRIN.SS.20240207.FIL.3","A00000420238","2024-02-07T16:20Z","2024-02-07T16:20Z","Illinois State Water Survey Central Analytical Laboratory",320.0,0.03300,1,"2024-02-08","B",,
"9ee5fe58-5f00-4633-b85c-bc626630ddcd","D11","PRIN","PRIN.AOS.S2","PRIN.SS.20240207.FIL.2","A00000420222","2024-02-07T16:20Z","2024-02-07T16:20Z","Illinois State Water Survey Central Analytical Laboratory",292.0,0.05040,1,"2024-02-08","A",,
"88e852b9-bbfa-496e-8567-383932dcf6f5","D11","PRIN","PRIN.AOS.S2","PRIN.SS.20240207.FIL","A00000420206","2024-02-07T16:20Z","2024-02-07T16:20Z","Illinois State Water Survey Central Analytical Laboratory",410.0,0.00770,1,"2024-02-08","A",,
"3c29cec1-12f7-4f9e-ba34-26696577c031","D11","PRIN","PRIN.AOS.S2","PRIN.SS.20240207.FIL","A00000420206","2024-02-07T16:20Z","2024-02-07T16:20Z","Illinois State Water Survey Central Analytical Laboratory",364.0,0.01590,1,"2024-02-08","A",,
"ab635054-2805-4cba-9b65-aef71f0586f3","D11","PRIN","PRIN.AOS.S2","PRIN.SS.20240207.FIL","A00000420206","2024-02-07T16:20Z","2024-02-07T16:20Z","Illinois State Water Survey Central Analytical Laboratory",372.0,0.01500,1,"2024-02-08","B",,
"7ccd929c-b9ec-4088-95b0-86d9da588e45","D11","PRIN","PRIN.AOS.S2","PRIN.SS.20240207.FIL.3","A00000420238","2024-02-07T16:20Z","2024-02-07T16:20Z","Illinois State Water Survey Central Analytical Laboratory",572.0,0.00070,1,"2024-02-08","A",,
"9c8921d2-5825-4c63-913e-73bb3faf0c18","D11","PRIN","PRIN.AOS.S2","PRIN.SS.20240207.FIL.3","A00000420238","2024-02-07T16:20Z","2024-02-07T16:20Z","Illinois State Water Survey Central Analytical Laboratory",270.0,0.07090,1,"2024-02-08","B",,
"b2bd42e4-1c97-43e0-99c9-6fb9cada961b","D11","PRIN","PRIN.AOS.S2","PRIN.SS.20240207.FIL.3","A00000420238","2024-02-07T16:20Z","2024-02-07T16:20Z","Illinois State Water Survey Central Analytical Laboratory",270.0,0.06810,1,"2024-02-08","A",,
"f06459f6-73b9-4b4c-b59a-8785278646c1","D11","PRIN","PRIN.AOS.S2","PRIN.SS.20240207.FIL","A00000420206","2024-02-07T16:20Z","2024-02-07T16:20Z","Illinois State Water Survey Central Analytical Laboratory",476.0,0.00320,1,"2024-02-08","A",,
"40c142ab-d705-44c5-b4de-07cfaa168526","D11","PRIN","PRIN.AOS.S2","PRIN.SS.20240207.FIL.2","A00000420222","2024-02-07T16:20Z","2024-02-07T16:20Z","Illinois State Water Survey Central Analytical Laboratory",582.0,0.00050,1,"2024-02-08","A",,
"d74d4432-97e5-4d04-810b-1518c8ec7d79","D11","PRIN","PRIN.AOS.S2","PRIN.SS.20240207.FIL.2","A00000420222","2024-02-07T16:20Z","2024-02-07T16:20Z","Illinois State Water Survey Central Analytical Laboratory",244.0,0.08950,1,"2024-02-08","A",,
"9a25bf9e-6f2f-44ea-b001-346367ea98eb","D11","PRIN","PRIN.AOS.S2","PRIN.SS.20240207.FIL.3","A00000420238","2024-02-07T16:20Z","2024-02-07T16:20Z","Illinois State Water Survey Central Analytical Laboratory",566.0,0.00120,1,"2024-02-08","B",,
"029c2d2e-7619-4c69-b90f-a2a2526d6ebe","D11","PRIN","PRIN.AOS.S2","PRIN.SS.20240207.FIL.3","A00000420238","2024-02-07T16:20Z","2024-02-07T16:20Z","Illinois State Water Survey Central Analytical Laboratory",472.0,0.00300,1,"2024-02-08","A",,
"0005aedf-4794-48d9-b781-a72d1d99d81a","D11","PRIN","PRIN.AOS.S2","PRIN.SS.20240207.FIL.2","A00000420222","2024-02-07T16:20Z","2024-02-07T16:20Z","Illinois State Water Survey Central Analytical Laboratory",230.0,0.11990,1,"2024-02-08","A",,
"84e32d15-1256-418b-8da4-fa105f1bbc0e","D11","PRIN","PRIN.AOS.S2","PRIN.SS.20240207.FIL.2","A00000420222","2024-02-07T16:20Z","2024-02-07T16:20Z","Illinois State Water Survey Central Analytical Laboratory",444.0,0.00470,1,"2024-02-08","A",,
"9ed6d042-8ac0-43ee-b471-57723a670162","D11","PRIN","PRIN.AOS.S2","PRIN.SS.20240207.FIL.3","A00000420238","2024-02-07T16:20Z","2024-02-07T16:20Z","Illinois State Water Survey Central Analytical Laboratory",260.0,0.07500,1,"2024-02-08","A",,
"2e4e587e-8f7f-4b91-b029-1d8baafb6e31","D11","PRIN","PRIN.AOS.S2","PRIN.SS.20240207.FIL","A00000420206","2024-02-07T16:20Z","2024-02-07T16:20Z","Illinois State Water Survey Central Analytical Laboratory",230.0,0.11930,1,"2024-02-08","B",,
"2cb75bb2-6718-417c-8e36-6363eed4205c","D11","PRIN","PRIN.AOS.S2","PRIN.SS.20240207.FIL.2","A00000420222","2024-02-07T16:20Z","2024-02-07T16:20Z","Illinois State Water Survey Central Analytical Laboratory",292.0,0.05010,1,"2024-02-08","B",,
"566aa6a1-a3b5-4045-a7ba-d57d3fe3ccd1","D11","PRIN","PRIN.AOS.S2","PRIN.SS.20240207.FIL.2","A00000420222","2024-02-07T16:20Z","2024-02-07T16:20Z","Illinois State Water Survey Central Analytical Laboratory",594.0,0.00090,1,"2024-02-08","B",,
"11a0011c-7778-4ea1-9e79-e04b1a342580","D11","PRIN","PRIN.AOS.S2","PRIN.SS.20240207.FIL","A00000420206","2024-02-07T16:20Z","2024-02-07T16:20Z","Illinois State Water Survey Central Analytical Laboratory",398.0,0.01030,1,"2024-02-08","B",,
"e6dbc529-4f7d-4f6f-9e7b-4195e0745637","D11","PRIN","PRIN.AOS.S2","PRIN.SS.20240207.FIL.2","A00000420222","2024-02-07T16:20Z","2024-02-07T16:20Z","Illinois State Water Survey Central Analytical Laboratory",452.0,0.00390,1,"2024-02-08","B",,
"ac818a0b-7bab-4eb0-acb8-1a4afd689c3f","D11","PRIN","PRIN.AOS.S2","PRIN.SS.20240207.FIL.2","A00000420222","2024-02-07T16:20Z","2024-02-07T16:20Z","Illinois State Water Survey Central Analytical Laboratory",296.0,0.04660,1,"2024-02-08","B",,
"f017828d-0ce2-4e5e-8a15-26d890586518","D11","PRIN","PRIN.AOS.S2","PRIN.SS.20240207.FIL","A00000420206","2024-02-07T16:20Z","2024-02-07T16:20Z","Illinois State Water Survey Central Analytical Laboratory",546.0,0.00150,1,"2024-02-08","A",,
"45269248-a2aa-4891-a7d6-34141c096fad","D11","PRIN","PRIN.AOS.S2","PRIN.SS.20240207.FIL.2","A00000420222","2024-02-07T16:20Z","2024-02-07T16:20Z","Illinois State Water Survey Central Analytical Laboratory",370.0,0.01490,1,"2024-02-08","A",,
"10c41d4a-1e8d-431b-bfb9-2c7ec4c4062e","D11","PRIN","PRIN.AOS.S2","PRIN.SS.20240207.FIL.2","A00000420222","2024-02-07T16:20Z","2024-02-07T16:20Z","Illinois State Water Survey Central Analytical Laboratory",464.0,0.00330,1,"2024-02-08","B",,
"60e41b37-13a3-4f08-bca6-e2158b4a0831","D11","PRIN","PRIN.AOS.S2","PRIN.SS.20240207.FIL","A00000420206","2024-02-07T16:20Z","2024-02-07T16:20Z","Illinois State Water Survey Central Analytical Laboratory",570.0,0.00220,1,"2024-02-08","B",,
"a90dae78-b142-4b6f-a1d1-653b6e5513d4","D11","PRIN","PRIN.AOS.S2","PRIN.SS.20240207.FIL.2","A00000420222","2024-02-07T16:20Z","2024-02-07T16:20Z","Illinois State Water Survey Central Analytical Laboratory",224.0,0.14510,1,"2024-02-08","B",,
"0fb33cae-29bf-48cf-a5fb-4a4832d7a147","D11","PRIN","PRIN.AOS.S2","PRIN.SS.20240207.FIL","A00000420206","2024-02-07T16:20Z","2024-02-07T16:20Z","Illinois State Water Survey Central Analytical Laboratory",434.0,0.00530,1,"2024-02-08","A",,
"c525e4f6-6ab2-4740-8b32-b684bc4ffa63","D11","PRIN","PRIN.AOS.S2","PRIN.SS.20240207.FIL.3","A00000420238","2024-02-07T16:20Z","2024-02-07T16:20Z","Illinois State Water Survey Central Analytical Laboratory",346.0,0.02120,1,"2024-02-08","A",,
"9f1ad724-7750-4627-adca-c7747a90e2ea","D11","PRIN","PRIN.AOS.S2","PRIN.SS.20240207.FIL.2","A00000420222","2024-02-07T16:20Z","2024-02-07T16:20Z","Illinois State Water Survey Central Analytical Laboratory",380.0,0.01250,1,"2024-02-08","A",,
"4b0941c8-6020-429f-bc5b-e21d0b3fc691","D11","PRIN","PRIN.AOS.S2","PRIN.SS.20240207.FIL","A00000420206","2024-02-07T16:20Z","2024-02-07T16:20Z","Illinois State Water Survey Central Analytical Laboratory",264.0,0.07310,1,"2024-02-08","B",,
"1cb95014-633d-4dc5-9cd7-3a97654da367","D11","PRIN","PRIN.AOS.S2","PRIN.SS.20240207.FIL","A00000420206","2024-02-07T16:20Z","2024-02-07T16:20Z","Illinois State Water Survey Central Analytical Laboratory",280.0,0.06060,1,"2024-02-08","A",,
"fd267029-becc-4953-90d7-44e648ca16a9","D11","PRIN","PRIN.AOS.S2","PRIN.SS.20240207.FIL","A00000420206","2024-02-07T16:20Z","2024-02-07T16:20Z","Illinois State Water Survey Central Analytical Laboratory",548.0,0.00280,1,"2024-02-08","B",,
"f6c91726-2c24-4609-9334-c4c87bb0ceff","D11","PRIN","PRIN.AOS.S2","PRIN.SS.20240207.FIL.2","A00000420222","2024-02-07T16:20Z","2024-02-07T16:20Z","Illinois State Water Survey Central Analytical Laboratory",230.0,0.11930,1,"2024-02-08","B",,
"0dd7284d-19a4-4b0e-b3b8-789aee30dd7c","D11","PRIN","PRIN.AOS.S2","PRIN.SS.20240207.FIL.3","A00000420238","2024-02-07T16:20Z","2024-02-07T16:20Z","Illinois State Water Survey Central Analytical Laboratory",520.0,0.00190,1,"2024-02-08","B",,
"f13306fe-0a3f-4466-94d0-45e6f0075eed","D11","PRIN","PRIN.AOS.S2","PRIN.SS.20240207.FIL","A00000420206","2024-02-07T16:20Z","2024-02-07T16:20Z","Illinois State Water Survey Central Analytical Laboratory",514.0,0.00340,1,"2024-02-08","B",,
"4fcbc097-682f-4715-9b81-47f648125bb5","D11","PRIN","PRIN.AOS.S2","PRIN.SS.20240207.FIL.2","A00000420222","2024-02-07T16:20Z","2024-02-07T16:20Z","Illinois State Water Survey Central Analytical Laboratory",344.0,0.02200,1,"2024-02-08","B",,
"a820f180-cce5-4c45-9727-259b254cb43c","D11","PRIN","PRIN.AOS.S2","PRIN.SS.20240207.FIL","A00000420206","2024-02-07T16:20Z","2024-02-07T16:20Z","Illinois State Water Survey Central Analytical Laboratory",278.0,0.06220,1,"2024-02-08","A",,
"78c6756a-6762-4f66-aa6b-56fce123396c","D11","PRIN","PRIN.AOS.S2","PRIN.SS.20240207.FIL.3","A00000420238","2024-02-07T16:20Z","2024-02-07T16:20Z","Illinois State Water Survey Central Analytical Laboratory",390.0,0.01010,1,"2024-02-08","A",,
"94ee0b17-ae75-4334-9824-56bdcae70085","D11","PRIN","PRIN.AOS.S2","PRIN.SS.20240207.FIL","A00000420206","2024-02-07T16:20Z","2024-02-07T16:20Z","Illinois State Water Survey Central Analytical Laboratory",326.0,0.03000,1,"2024-02-08","B",,
"20d32dc1-bb93-4003-b26f-ee7e4eb71d45","D11","PRIN","PRIN.AOS.S2","PRIN.SS.20240207.FIL.3","A00000420238","2024-02-07T16:20Z","2024-02-07T16:20Z","Illinois State Water Survey Central Analytical Laboratory",348.0,0.02030,1,"2024-02-08","A",,
"1cb2d6f8-6fd5-4f28-9a6b-64c0d1c769f2","D11","PRIN","PRIN.AOS.S2","PRIN.SS.20240207.FIL","A00000420206","2024-02-07T16:20Z","2024-02-07T16:20Z","Illinois State Water Survey Central Analytical Laboratory",502.0,0.00340,1,"2024-02-08","B",,
"98f7583d-7964-43fd-a8a8-c0ac118a8c6d","D11","PRIN","PRIN.AOS.S2","PRIN.SS.20240207.FIL","A00000420206","2024-02-07T16:20Z","2024-02-07T16:20Z","Illinois State Water Survey Central Analytical Laboratory",250.0,0.08240,1,"2024-02-08","A",,
"dd8973dc-7f7c-41c3-b7b4-218f409d25de","D11","PRIN","PRIN.AOS.S2","PRIN.SS.20240207.FIL","A00000420206","2024-02-07T16:20Z","2024-02-07T16:20Z","Illinois State Water Survey Central Analytical Laboratory",562.0,0.00210,1,"2024-02-08","B",,
"f1d6ac7f-1fb6-4450-8ef0-b7aa4085698a","D11","PRIN","PRIN.AOS.S2","PRIN.SS.20240207.FIL.2","A00000420222","2024-02-07T16:20Z","2024-02-07T16:20Z","Illinois State Water Survey Central Analytical Laboratory",282.0,0.05930,1,"2024-02-08","A",,
"71efe673-3ea1-4d83-a920-d701f42df3e8","D11","PRIN","PRIN.AOS.S2","PRIN.SS.20240207.FIL.3","A00000420238","2024-02-07T16:20Z","2024-02-07T16:20Z","Illinois State Water Survey Central Analytical Laboratory",374.0,0.01330,1,"2024-02-08","A",,
"da8db2b8-3937-48a6-885c-71a9ca2750b0","D11","PRIN","PRIN.AOS.S2","PRIN.SS.20240207.FIL","A00000420206","2024-02-07T16:20Z","2024-02-07T16:20Z","Illinois State Water Survey Central Analytical Laboratory",266.0,0.07130,1,"2024-02-08","A",,
"864e3b91-da26-4f33-ab3d-ba5893487efa","D11","PRIN","PRIN.AOS.S2","PRIN.SS.20240207.FIL","A00000420206","2024-02-07T16:20Z","2024-02-07T16:20Z","Illinois State Water Survey Central Analytical Laboratory",292.0,0.05050,1,"2024-02-08","B",,
"1d7a5a58-7836-4e25-bd8f-be7c8020141f","D11","PRIN","PRIN.AOS.S2","PRIN.SS.20240207.FIL.3","A00000420238","2024-02-07T16:20Z","2024-02-07T16:20Z","Illinois State Water Survey Central Analytical Laboratory",424.0,0.00620,1,"2024-02-08","A",,
"58e19eea-de90-446b-b8d9-1e2feb0e6f00","D11","PRIN","PRIN.AOS.S2","PRIN.SS.20240207.FIL","A00000420206","2024-02-07T16:20Z","2024-02-07T16:20Z","Illinois State Water Survey Central Analytical Laboratory",478.0,0.00440,1,"2024-02-08","B",,
"ef0cc37e-9ed2-43ad-9abd-dd1bbb5efb04","D11","PRIN","PRIN.AOS.S2","PRIN.SS.20240207.FIL.2","A00000420222","2024-02-07T16:20Z","2024-02-07T16:20Z","Illinois State Water Survey Central Analytical Laboratory",308.0,0.03880,1,"2024-02-08","B",,
"63ccd16d-9008-4680-8dd8-b538282057e1","D11","PRIN","PRIN.AOS.S2","PRIN.SS.20240207.FIL.3","A00000420238","2024-02-07T16:20Z","2024-02-07T16:20Z","Illinois State Water Survey Central Analytical Laboratory",222.0,0.16090,1,"2024-02-08","B",,
"0c715efc-b2d3-482d-aff8-571d9258a726","D11","PRIN","PRIN.AOS.S2","PRIN.SS.20240207.FIL","A00000420206","2024-02-07T16:20Z","2024-02-07T16:20Z","Illinois State Water Survey Central Analytical Laboratory",270.0,0.06910,1,"2024-02-08","B",,
"64d24856-9215-4ea4-9fb4-0cfaeeafc175","D11","PRIN","PRIN.AOS.S2","PRIN.SS.20240207.FIL","A00000420206","2024-02-07T16:20Z","2024-02-07T16:20Z","Illinois State Water Survey Central Analytical Laboratory",418.0,0.00790,1,"2024-02-08","B",,
"384e70fd-c440-4c75-8daa-28ce6ffe652c","D11","PRIN","PRIN.AOS.S2","PRIN.SS.20240207.FIL.3","A00000420238","2024-02-07T16:20Z","2024-02-07T16:20Z","Illinois State Water Survey Central Analytical Laboratory",450.0,0.00400,1,"2024-02-08","A",,
"a6c9defc-e185-4cc6-a18d-92b1900de30e","D11","PRIN","PRIN.AOS.S2","PRIN.SS.20240207.FIL","A00000420206","2024-02-07T16:20Z","2024-02-07T16:20Z","Illinois State Water Survey Central Analytical Laboratory",316.0,0.03490,1,"2024-02-08","B",,
"2a0e4443-4541-45a0-93db-c82fa5d1a3af","D11","PRIN","PRIN.AOS.S2","PRIN.SS.20240207.FIL.3","A00000420238","2024-02-07T16:20Z","2024-02-07T16:20Z","Illinois State Water Survey Central Analytical Laboratory",288.0,0.05550,1,"2024-02-08","B",,
"a67f29dc-e1a0-469f-b810-9a81aadd584f","D11","PRIN","PRIN.AOS.S2","PRIN.SS.20240207.FIL","A00000420206","2024-02-07T16:20Z","2024-02-07T16:20Z","Illinois State Water Survey Central Analytical Laboratory",372.0,0.01410,1,"2024-02-08","A",,
"83459e22-cc41-472c-8040-6c20c75ce0c5","D11","PRIN","PRIN.AOS.S2","PRIN.SS.20240207.FIL.3","A00000420238","2024-02-07T16:20Z","2024-02-07T16:20Z","Illinois State Water Survey Central Analytical Laboratory",456.0,0.00340,1,"2024-02-08","A",,
"1bc5fc4c-cbbf-477e-8dfd-3d993d3fa46e","D11","PRIN","PRIN.AOS.S2","PRIN.SS.20240207.FIL","A00000420206","2024-02-07T16:20Z","2024-02-07T16:20Z","Illinois State Water Survey Central Analytical Laboratory",588.0,0.00170,1,"2024-02-08","B",,
"f71419c7-44ed-46bc-8f9f-a1b9e009d7e3","D11","PRIN","PRIN.AOS.S2","PRIN.SS.20240207.FIL.2","A00000420222","2024-02-07T16:20Z","2024-02-07T16:20Z","Illinois State Water Survey Central Analytical Laboratory",484.0,0.00280,1,"2024-02-08","A",,
"4a60db56-2704-4109-a159-4598a45820c5","D11","PRIN","PRIN.AOS.S2","PRIN.SS.20240207.FIL.3","A00000420238","2024-02-07T16:20Z","2024-02-07T16:20Z","Illinois State Water Survey Central Analytical Laboratory",458.0,0.00390,1,"2024-02-08","B",,
"7796d6d5-6294-444a-9105-e93562c20678","D11","PRIN","PRIN.AOS.S2","PRIN.SS.20240207.FIL.2","A00000420222","2024-02-07T16:20Z","2024-02-07T16:20Z","Illinois State Water Survey Central Analytical Laboratory",314.0,0.03520,1,"2024-02-08","B",,
"9aad24dc-4c07-422a-9200-6615baaea508","D11","PRIN","PRIN.AOS.S2","PRIN.SS.20240207.FIL.2","A00000420222","2024-02-07T16:20Z","2024-02-07T16:20Z","Illinois State Water Survey Central Analytical Laboratory",290.0,0.05190,1,"2024-02-08","B",,
"c0531245-d230-4dcb-8e88-aa5117b72b80","D11","PRIN","PRIN.AOS.S2","PRIN.SS.20240207.FIL.3","A00000420238","2024-02-07T16:20Z","2024-02-07T16:20Z","Illinois State Water Survey Central Analytical Laboratory",528.0,0.00210,1,"2024-02-08","B",,
"020826ce-2779-4792-9a68-6217d29a7dd3","D11","PRIN","PRIN.AOS.S2","PRIN.SS.20240207.FIL.3","A00000420238","2024-02-07T16:20Z","2024-02-07T16:20Z","Illinois State Water Survey Central Analytical Laboratory",432.0,0.00580,1,"2024-02-08","B",,
"11c535b2-230e-44ab-b2da-54c622b97bd8","D11","PRIN","PRIN.AOS.S2","PRIN.SS.20240207.FIL.2","A00000420222","2024-02-07T16:20Z","2024-02-07T16:20Z","Illinois State Water Survey Central Analytical Laboratory",414.0,0.00690,1,"2024-02-08","B",,
"88847004-00d4-4a6a-9388-a475ff2d8fec","D11","PRIN","PRIN.AOS.S2","PRIN.SS.20240207.FIL.3","A00000420238","2024-02-07T16:20Z","2024-02-07T16:20Z","Illinois State Water Survey Central Analytical Laboratory",408.0,0.00810,1,"2024-02-08","B",,
"8043486d-7564-4b6a-8569-c0077ee253db","D11","PRIN","PRIN.AOS.S2","PRIN.SS.20240207.FIL","A00000420206","2024-02-07T16:20Z","2024-02-07T16:20Z","Illinois State Water Survey Central Analytical Laboratory",296.0,0.04630,1,"2024-02-08","A",,
"e49f04c2-aa52-44bf-a8da-1d3db447c45e","D11","PRIN","PRIN.AOS.S2","PRIN.SS.20240207.FIL.2","A00000420222","2024-02-07T16:20Z","2024-02-07T16:20Z","Illinois State Water Survey Central Analytical Laboratory",346.0,0.02160,1,"2024-02-08","B",,
"e5a923dd-3a93-4aee-8c99-122835e94d84","D11","PRIN","PRIN.AOS.S2","PRIN.SS.20240207.FIL.2","A00000420222","2024-02-07T16:20Z","2024-02-07T16:20Z","Illinois State Water Survey Central Analytical Laboratory",334.0,0.02610,1,"2024-02-08","A",,
"82640082-3f57-4f52-94dc-0d62d7367637","D11","PRIN","PRIN.AOS.S2","PRIN.SS.20240207.FIL","A00000420206","2024-02-07T16:20Z","2024-02-07T16:20Z","Illinois State Water Survey Central Analytical Laboratory",576.0,0.00100,1,"2024-02-08","A",,
"d4379491-d895-43d5-81db-294c6d317f82","D11","PRIN","PRIN.AOS.S2","PRIN.SS.20240207.FIL","A00000420206","2024-02-07T16:20Z","2024-02-07T16:20Z","Illinois State Water Survey Central Analytical Laboratory",396.0,0.01070,1,"2024-02-08","B",,
"0f32f377-8d4a-4455-8129-a9793b7ad805","D11","PRIN","PRIN.AOS.S2","PRIN.SS.20240207.FIL","A00000420206","2024-02-07T16:20Z","2024-02-07T16:20Z","Illinois State Water Survey Central Analytical Laboratory",468.0,0.00320,1,"2024-02-08","A",,
"bd3fbf7a-b50c-49a9-828a-e0f8493546d0","D11","PRIN","PRIN.AOS.S2","PRIN.SS.20240207.FIL.3","A00000420238","2024-02-07T16:20Z","2024-02-07T16:20Z","Illinois State Water Survey Central Analytical Laboratory",484.0,0.00240,1,"2024-02-08","A",,
"96e23d59-951d-4b34-bded-f6cb9bc0ce47","D11","PRIN","PRIN.AOS.S2","PRIN.SS.20240207.FIL","A00000420206","2024-02-07T16:20Z","2024-02-07T16:20Z","Illinois State Water Survey Central Analytical Laboratory",338.0,0.02390,1,"2024-02-08","A",,
"6d2875fc-e9b7-4474-8d09-19aff7ec92db","D11","PRIN","PRIN.AOS.S2","PRIN.SS.20240207.FIL.3","A00000420238","2024-02-07T16:20Z","2024-02-07T16:20Z","Illinois State Water Survey Central Analytical Laboratory",264.0,0.07220,1,"2024-02-08","A",,
"45dd5d2a-be4a-4d4e-8ef0-d9cd89296e01","D11","PRIN","PRIN.AOS.S2","PRIN.SS.20240207.FIL.3","A00000420238","2024-02-07T16:20Z","2024-02-07T16:20Z","Illinois State Water Survey Central Analytical Laboratory",404.0,0.00830,1,"2024-02-08","A",,
"81a91b9d-dbe2-4f03-abed-026b16daf66d","D11","PRIN","PRIN.AOS.S2","PRIN.SS.20240207.FIL.2","A00000420222","2024-02-07T16:20Z","2024-02-07T16:20Z","Illinois State Water Survey Central Analytical Laboratory",254.0,0.07980,1,"2024-02-08","B",,
"0dcf0089-cd93-4eeb-98a2-702c794d63b8","D11","PRIN","PRIN.AOS.S2","PRIN.SS.20240207.FIL.3","A00000420238","2024-02-07T16:20Z","2024-02-07T16:20Z","Illinois State Water Survey Central Analytical Laboratory",380.0,0.01220,1,"2024-02-08","A",,
"4d657116-1005-4eff-8c7b-daf7e856dd9b","D11","PRIN","PRIN.AOS.S2","PRIN.SS.20240207.FIL.3","A00000420238","2024-02-07T16:20Z","2024-02-07T16:20Z","Illinois State Water Survey Central Analytical Laboratory",382.0,0.01210,1,"2024-02-08","B",,
"2902879b-6c00-4aeb-b2a4-0d5bc6cf8eeb","D11","PRIN","PRIN.AOS.S2","PRIN.SS.20240207.FIL.2","A00000420222","2024-02-07T16:20Z","2024-02-07T16:20Z","Illinois State Water Survey Central Analytical Laboratory",458.0,0.00390,1,"2024-02-08","A",,
"65105e68-db94-4d1c-84c3-ec261681eb22","D11","PRIN","PRIN.AOS.S2","PRIN.SS.20240207.FIL.3","A00000420238","2024-02-07T16:20Z","2024-02-07T16:20Z","Illinois State Water Survey Central Analytical Laboratory",556.0,0.00060,1,"2024-02-08","A",,
"633c271a-9f93-4be9-9b8c-e85b01503467","D11","PRIN","PRIN.AOS.S2","PRIN.SS.20240207.FIL","A00000420206","2024-02-07T16:20Z","2024-02-07T16:20Z","Illinois State Water Survey Central Analytical Laboratory",284.0,0.05760,1,"2024-02-08","B",,
"8b205dca-3431-4420-8451-40348e2437a1","D11","PRIN","PRIN.AOS.S2","PRIN.SS.20240207.FIL.2","A00000420222","2024-02-07T16:20Z","2024-02-07T16:20Z","Illinois State Water Survey Central Analytical Laboratory",478.0,0.00320,1,"2024-02-08","A",,
"6f6eb37d-1a8d-4f79-a9b1-6a865599f043","D11","PRIN","PRIN.AOS.S2","PRIN.SS.20240207.FIL.2","A00000420222","2024-02-07T16:20Z","2024-02-07T16:20Z","Illinois State Water Survey Central Analytical Laboratory",480.0,0.00310,1,"2024-02-08","A",,
"4e6658b6-f74b-441e-b429-2dd9a94f85ae","D11","PRIN","PRIN.AOS.S2","PRIN.SS.20240207.FIL.2","A00000420222","2024-02-07T16:20Z","2024-02-07T16:20Z","Illinois State Water Survey Central Analytical Laboratory",268.0,0.07020,1,"2024-02-08","B",,
"2e179785-6395-469b-b118-e80ce626460b","D11","PRIN","PRIN.AOS.S2","PRIN.SS.20240207.FIL","A00000420206","2024-02-07T16:20Z","2024-02-07T16:20Z","Illinois State Water Survey Central Analytical Laboratory",440.0,0.00500,1,"2024-02-08","A",,
"b6054481-eafa-4c24-aad4-b4a9f655b552","D11","PRIN","PRIN.AOS.S2","PRIN.SS.20240207.FIL","A00000420206","2024-02-07T16:20Z","2024-02-07T16:20Z","Illinois State Water Survey Central Analytical Laboratory",492.0,0.00270,1,"2024-02-08","A",,
"3d98f66c-98f6-4273-ac37-1a1fa666ccb2","D11","PRIN","PRIN.AOS.S2","PRIN.SS.20240207.FIL.3","A00000420238","2024-02-07T16:20Z","2024-02-07T16:20Z","Illinois State Water Survey Central Analytical Laboratory",224.0,0.14840,1,"2024-02-08","B",,
"72177756-0d3b-4a3a-826f-0a89f811b5d3","D11","PRIN","PRIN.AOS.S2","PRIN.SS.20240207.FIL","A00000420206","2024-02-07T16:20Z","2024-02-07T16:20Z","Illinois State Water Survey Central Analytical Laboratory",332.0,0.02710,1,"2024-02-08","B",,
"f7027c0a-a6a2-4ffd-8e20-6a7e7e8d7336","D11","PRIN","PRIN.AOS.S2","PRIN.SS.20240207.FIL.3","A00000420238","2024-02-07T16:20Z","2024-02-07T16:20Z","Illinois State Water Survey Central Analytical Laboratory",470.0,0.00290,1,"2024-02-08","A",,
"9d11369e-bf19-4f10-88db-a26e58ca5adf","D11","PRIN","PRIN.AOS.S2","PRIN.SS.20240207.FIL.2","A00000420222","2024-02-07T16:20Z","2024-02-07T16:20Z","Illinois State Water Survey Central Analytical Laboratory",322.0,0.03150,1,"2024-02-08","A",,
"d414a425-ab4a-439d-8bd7-68468a76f353","D11","PRIN","PRIN.AOS.S2","PRIN.SS.20240207.FIL","A00000420206","2024-02-07T16:20Z","2024-02-07T16:20Z","Illinois State Water Survey Central Analytical Laboratory",238.0,0.09730,1,"2024-02-08","A",,
"74e4e4c5-6051-487c-8f94-841bd24f9394","D11","PRIN","PRIN.AOS.S2","PRIN.SS.20240207.FIL.2","A00000420222","2024-02-07T16:20Z","2024-02-07T16:20Z","Illinois State Water Survey Central Analytical Laboratory",400.0,0.00930,1,"2024-02-08","B",,
"887f67c6-8372-477a-9f00-45f2fe6e5bc3","D11","PRIN","PRIN.AOS.S2","PRIN.SS.20240207.FIL.2","A00000420222","2024-02-07T16:20Z","2024-02-07T16:20Z","Illinois State Water Survey Central Analytical Laboratory",414.0,0.00710,1,"2024-02-08","A",,
"f8deaa95-a810-4e0d-8d0c-c8061bc6a43e","D11","PRIN","PRIN.AOS.S2","PRIN.SS.20240207.FIL.3","A00000420238","2024-02-07T16:20Z","2024-02-07T16:20Z","Illinois State Water Survey Central Analytical Laboratory",444.0,0.00440,1,"2024-02-08","A",,
"8350b497-2896-43a6-a26e-0571c2f19be7","D11","PRIN","PRIN.AOS.S2","PRIN.SS.20240207.FIL.2","A00000420222","2024-02-07T16:20Z","2024-02-07T16:20Z","Illinois State Water Survey Central Analytical Laboratory",294.0,0.04850,1,"2024-02-08","A",,
"fe2b4f16-1732-40bd-8e81-075336b2c26b","D11","PRIN","PRIN.AOS.S2","PRIN.SS.20240207.FIL","A00000420206","2024-02-07T16:20Z","2024-02-07T16:20Z","Illinois State Water Survey Central Analytical Laboratory",532.0,0.00300,1,"2024-02-08","B",,
"1f71fea3-95b2-4e96-b0bd-f564d3163312","D11","PRIN","PRIN.AOS.S2","PRIN.SS.20240207.FIL","A00000420206","2024-02-07T16:20Z","2024-02-07T16:20Z","Illinois State Water Survey Central Analytical Laboratory",220.0,0.17140,1,"2024-02-08","B",,
"31b9cb49-3e6d-4339-8131-b2dc464734eb","D11","PRIN","PRIN.AOS.S2","PRIN.SS.20240207.FIL.2","A00000420222","2024-02-07T16:20Z","2024-02-07T16:20Z","Illinois State Water Survey Central Analytical Laboratory",352.0,0.01970,1,"2024-02-08","A",,
"21d1262a-0ff4-4a38-9086-740c7d76c6f7","D11","PRIN","PRIN.AOS.S2","PRIN.SS.20240207.FIL.2","A00000420222","2024-02-07T16:20Z","2024-02-07T16:20Z","Illinois State Water Survey Central Analytical Laboratory",456.0,0.00350,1,"2024-02-08","B",,
"227b196e-10f7-4be4-a0d8-afb9ef3dd1ff","D11","PRIN","PRIN.AOS.S2","PRIN.SS.20240207.FIL.2","A00000420222","2024-02-07T16:20Z","2024-02-07T16:20Z","Illinois State Water Survey Central Analytical Laboratory",336.0,0.02480,1,"2024-02-08","B",,
"893f5127-8745-4550-870a-b5d5704a0983","D11","PRIN","PRIN.AOS.S2","PRIN.SS.20240207.FIL.2","A00000420222","2024-02-07T16:20Z","2024-02-07T16:20Z","Illinois State Water Survey Central Analytical Laboratory",316.0,0.03460,1,"2024-02-08","A",,
"b4da603c-6b60-4c28-92ee-33df916ef08a","D11","PRIN","PRIN.AOS.S2","PRIN.SS.20240207.FIL","A00000420206","2024-02-07T16:20Z","2024-02-07T16:20Z","Illinois State Water Survey Central Analytical Laboratory",326.0,0.02900,1,"2024-02-08","A",,
"1307bddc-60db-498d-a821-b7af3b5cf16c","D11","PRIN","PRIN.AOS.S2","PRIN.SS.20240207.FIL.3","A00000420238","2024-02-07T16:20Z","2024-02-07T16:20Z","Illinois State Water Survey Central Analytical Laboratory",250.0,0.08460,1,"2024-02-08","B",,
"a3a1b2ce-8f17-4a73-aa92-8e13a0fdc575","D11","PRIN","PRIN.AOS.S2","PRIN.SS.20240207.FIL","A00000420206","2024-02-07T16:20Z","2024-02-07T16:20Z","Illinois State Water Survey Central Analytical Laboratory",374.0,0.01440,1,"2024-02-08","B",,
"b49674ae-bc0f-41c3-a2ae-3ab40572fa9a","D11","PRIN","PRIN.AOS.S2","PRIN.SS.20240207.FIL","A00000420206","2024-02-07T16:20Z","2024-02-07T16:20Z","Illinois State Water Survey Central Analytical Laboratory",544.0,0.00270,1,"2024-02-08","B",,
"54a3a1bc-1cf2-4fc4-b51e-58bd3c137afb","D11","PRIN","PRIN.AOS.S2","PRIN.SS.20240207.FIL.2","A00000420222","2024-02-07T16:20Z","2024-02-07T16:20Z","Illinois State Water Survey Central Analytical Laboratory",590.0,0.00020,1,"2024-02-08","B",,
"5194e2b9-59ef-4744-8d8d-ea1a65ac4212","D11","PRIN","PRIN.AOS.S2","PRIN.SS.20240207.FIL.3","A00000420238","2024-02-07T16:20Z","2024-02-07T16:20Z","Illinois State Water Survey Central Analytical Laboratory",256.0,0.08030,1,"2024-02-08","B",,
"c35ce503-38ac-4ed6-b02b-c7d5c8bbdcb6","D11","PRIN","PRIN.AOS.S2","PRIN.SS.20240207.FIL.3","A00000420238","2024-02-07T16:20Z","2024-02-07T16:20Z","Illinois State Water Survey Central Analytical Laboratory",500.0,0.00240,1,"2024-02-08","B",,
"e8adf81c-7213-4b85-b489-73fba436d925","D11","PRIN","PRIN.AOS.S2","PRIN.SS.20240207.FIL","A00000420206","2024-02-07T16:20Z","2024-02-07T16:20Z","Illinois State Water Survey Central Analytical Laboratory",224.0,0.14330,1,"2024-02-08","A",,
"1efe8724-cf5e-4de5-9aff-5c47f4dbc8aa","D11","PRIN","PRIN.AOS.S2","PRIN.SS.20240207.FIL.3","A00000420238","2024-02-07T16:20Z","2024-02-07T16:20Z","Illinois State Water Survey Central Analytical Laboratory",394.0,0.00980,1,"2024-02-08","A",,
"1b5b8192-59b1-48c3-8648-57ea01281a7c","D11","PRIN","PRIN.AOS.S2","PRIN.SS.20240207.FIL.3","A00000420238","2024-02-07T16:20Z","2024-02-07T16:20Z","Illinois State Water Survey Central Analytical Laboratory",586.0,0.00070,1,"2024-02-08","A",,
"b5182f2c-fcc0-4f52-97b6-e7a6d1e1e57c","D11","PRIN","PRIN.AOS.S2","PRIN.SS.20240207.FIL","A00000420206","2024-02-07T16:20Z","2024-02-07T16:20Z","Illinois State Water Survey Central Analytical Laboratory",480.0,0.00420,1,"2024-02-08","B",,
"8c585b6e-813a-4e92-a739-22fec8a4f946","D11","PRIN","PRIN.AOS.S2","PRIN.SS.20240207.FIL","A00000420206","2024-02-07T16:20Z","2024-02-07T16:20Z","Illinois State Water Survey Central Analytical Laboratory",496.0,0.00400,1,"2024-02-08","B",,
"4b7c07a4-ee42-4d8c-a86e-084a4f0fa441","D11","PRIN","PRIN.AOS.S2","PRIN.SS.20240207.FIL","A00000420206","2024-02-07T16:20Z","2024-02-07T16:20Z","Illinois State Water Survey Central Analytical Laboratory",426.0,0.00720,1,"2024-02-08","B",,
"954051e2-179a-4b79-ad62-c20506b371e8","D11","PRIN","PRIN.AOS.S2","PRIN.SS.20240207.FIL","A00000420206","2024-02-07T16:20Z","2024-02-07T16:20Z","Illinois State Water Survey Central Analytical Laboratory",276.0,0.06370,1,"2024-02-08","A",,
"bec02426-68a2-44e8-b021-aca6f61a8f1d","D11","PRIN","PRIN.AOS.S2","PRIN.SS.20240207.FIL.2","A00000420222","2024-02-07T16:20Z","2024-02-07T16:20Z","Illinois State Water Survey Central Analytical Laboratory",394.0,0.01040,1,"2024-02-08","A",,
"fedefeb3-1b58-4ea1-b38f-dd54b0ec6ef4","D11","PRIN","PRIN.AOS.S2","PRIN.SS.20240207.FIL","A00000420206","2024-02-07T16:20Z","2024-02-07T16:20Z","Illinois State Water Survey Central Analytical Laboratory",228.0,0.12410,1,"2024-02-08","A",,
"766d031d-4279-4700-a022-7a20b51660b3","D11","PRIN","PRIN.AOS.S2","PRIN.SS.20240207.FIL","A00000420206","2024-02-07T16:20Z","2024-02-07T16:20Z","Illinois State Water Survey Central Analytical Laboratory",576.0,0.00210,1,"2024-02-08","B",,
"532789a5-9fdd-41bb-abed-2c3e754cda8d","D11","PRIN","PRIN.AOS.S2","PRIN.SS.20240207.FIL.3","A00000420238","2024-02-07T16:20Z","2024-02-07T16:20Z","Illinois State Water Survey Central Analytical Laboratory",256.0,0.07750,1,"2024-02-08","A",,
"6a42bfa5-f526-4885-8a93-32a12bf5e94d","D11","PRIN","PRIN.AOS.S2","PRIN.SS.20240207.FIL.2","A00000420222","2024-02-07T16:20Z","2024-02-07T16:20Z","Illinois State Water Survey Central Analytical Laboratory",324.0,0.03060,1,"2024-02-08","A",,
"2aa53879-943b-410f-bf9c-cc64a44fbac5","D11","PRIN","PRIN.AOS.S2","PRIN.SS.20240207.FIL","A00000420206","2024-02-07T16:20Z","2024-02-07T16:20Z","Illinois State Water Survey Central Analytical Laboratory",474.0,0.00320,1,"2024-02-08","A",,
"fb89a30a-b506-43c8-8c7e-aa56042eca13","D11","PRIN","PRIN.AOS.S2","PRIN.SS.20240207.FIL.3","A00000420238","2024-02-07T16:20Z","2024-02-07T16:20Z","Illinois State Water Survey Central Analytical Laboratory",494.0,0.00250,1,"2024-02-08","B",,
"c7934dce-0c34-4b9e-a64f-211e3fa02f22","D11","PRIN","PRIN.AOS.S2","PRIN.SS.20240207.FIL.2","A00000420222","2024-02-07T16:20Z","2024-02-07T16:20Z","Illinois State Water Survey Central Analytical Laboratory",330.0,0.02770,1,"2024-02-08","A",,
"fdd993cd-e918-4f50-bef0-224e497f79bc","D11","PRIN","PRIN.AOS.S2","PRIN.SS.20240207.FIL.2","A00000420222","2024-02-07T16:20Z","2024-02-07T16:20Z","Illinois State Water Survey Central Analytical Laboratory",416.0,0.00680,1,"2024-02-08","B",,
"8510e0e1-7786-492e-a04c-6a4e93a6d768","D11","PRIN","PRIN.AOS.S2","PRIN.SS.20240207.FIL","A00000420206","2024-02-07T16:20Z","2024-02-07T16:20Z","Illinois State Water Survey Central Analytical Laboratory",444.0,0.00450,1,"2024-02-08","A",,
"a3feae1d-83f5-4465-9d3c-9b70a3d2cd80","D11","PRIN","PRIN.AOS.S2","PRIN.SS.20240207.FIL.3","A00000420238","2024-02-07T16:20Z","2024-02-07T16:20Z","Illinois State Water Survey Central Analytical Laboratory",264.0,0.07500,1,"2024-02-08","B",,
"568e190d-fce8-40c3-966d-dc650e70f204","D11","PRIN","PRIN.AOS.S2","PRIN.SS.20240207.FIL.2","A00000420222","2024-02-07T16:20Z","2024-02-07T16:20Z","Illinois State Water Survey Central Analytical Laboratory",558.0,0.00080,1,"2024-02-08","B",,
"2e995ba5-4683-4368-94f3-15fc8c45aa91","D11","PRIN","PRIN.AOS.S2","PRIN.SS.20240207.FIL","A00000420206","2024-02-07T16:20Z","2024-02-07T16:20Z","Illinois State Water Survey Central Analytical Laboratory",536.0,0.00150,1,"2024-02-08","A",,
"e7825e78-7a58-4dd9-b149-f16bd1363a5f","D11","PRIN","PRIN.AOS.S2","PRIN.SS.20240207.FIL.3","A00000420238","2024-02-07T16:20Z","2024-02-07T16:20Z","Illinois State Water Survey Central Analytical Laboratory",258.0,0.07860,1,"2024-02-08","B",,
"ab855973-b4fb-49bc-af45-4772ba269990","D11","PRIN","PRIN.AOS.S2","PRIN.SS.20240207.FIL","A00000420206","2024-02-07T16:20Z","2024-02-07T16:20Z","Illinois State Water Survey Central Analytical Laboratory",342.0,0.02350,1,"2024-02-08","B",,
"7a082376-21a8-424f-b2e6-4f2f958b24af","D11","PRIN","PRIN.AOS.S2","PRIN.SS.20240207.FIL.2","A00000420222","2024-02-07T16:20Z","2024-02-07T16:20Z","Illinois State Water Survey Central Analytical Laboratory",530.0,0.00170,1,"2024-02-08","A",,
"18dc36bd-cf9b-48a2-ae25-dd5b2d5ad420","D11","PRIN","PRIN.AOS.S2","PRIN.SS.20240207.FIL","A00000420206","2024-02-07T16:20Z","2024-02-07T16:20Z","Illinois State Water Survey Central Analytical Laboratory",482.0,0.00420,1,"2024-02-08","B",,
"a2a12198-c271-4c34-b641-59d05993a7ac","D11","PRIN","PRIN.AOS.S2","PRIN.SS.20240207.FIL.2","A00000420222","2024-02-07T16:20Z","2024-02-07T16:20Z","Illinois State Water Survey Central Analytical Laboratory",276.0,0.06420,1,"2024-02-08","B",,
"5bba8013-80c3-4036-aaf1-7f35660b972e","D11","PRIN","PRIN.AOS.S2","PRIN.SS.20240207.FIL.2","A00000420222","2024-02-07T16:20Z","2024-02-07T16:20Z","Illinois State Water Survey Central Analytical Laboratory",234.0,0.10680,1,"2024-02-08","B",,
"7f43becd-b3ad-4fb4-a3db-72a5a9a316bb","D11","PRIN","PRIN.AOS.S2","PRIN.SS.20240207.FIL.3","A00000420238","2024-02-07T16:20Z","2024-02-07T16:20Z","Illinois State Water Survey Central Analytical Laboratory",300.0,0.04320,1,"2024-02-08","A",,
"40f6ef5a-584f-45a1-a703-275c5c64d188","D11","PRIN","PRIN.AOS.S2","PRIN.SS.20240207.FIL.3","A00000420238","2024-02-07T16:20Z","2024-02-07T16:20Z","Illinois State Water Survey Central Analytical Laboratory",586.0,0.00090,1,"2024-02-08","B",,
"10f8a7f4-4bca-4c66-9a1a-43f7c976570e","D11","PRIN","PRIN.AOS.S2","PRIN.SS.20240207.FIL.3","A00000420238","2024-02-07T16:20Z","2024-02-07T16:20Z","Illinois State Water Survey Central Analytical Laboratory",372.0,0.01460,1,"2024-02-08","B",,
"4f9e53cb-2430-4045-a65a-2e1a398a6e6d","D11","PRIN","PRIN.AOS.S2","PRIN.SS.20240207.FIL","A00000420206","2024-02-07T16:20Z","2024-02-07T16:20Z","Illinois State Water Survey Central Analytical Laboratory",286.0,0.05520,1,"2024-02-08","A",,
"874a6709-7180-4079-8ea1-465eb0bba97c","D11","PRIN","PRIN.AOS.S2","PRIN.SS.20240207.FIL","A00000420206","2024-02-07T16:20Z","2024-02-07T16:20Z","Illinois State Water Survey Central Analytical Laboratory",468.0,0.00440,1,"2024-02-08","B",,
"1e7e6eef-640b-4876-a8e6-4df91e0806b5","D11","PRIN","PRIN.AOS.S2","PRIN.SS.20240207.FIL","A00000420206","2024-02-07T16:20Z","2024-02-07T16:20Z","Illinois State Water Survey Central Analytical Laboratory",484.0,0.00400,1,"2024-02-08","B",,
"59ad327c-a3c0-4d93-ae3a-f3e2ba4f8caa","D11","PRIN","PRIN.AOS.S2","PRIN.SS.20240207.FIL.3","A00000420238","2024-02-07T16:20Z","2024-02-07T16:20Z","Illinois State Water Survey Central Analytical Laboratory",322.0,0.03180,1,"2024-02-08","B",,
"fbeea219-7a92-40ea-afaa-4976e5d25aff","D11","PRIN","PRIN.AOS.S2","PRIN.SS.20240207.FIL.2","A00000420222","2024-02-07T16:20Z","2024-02-07T16:20Z","Illinois State Water Survey Central Analytical Laboratory",278.0,0.06300,1,"2024-02-08","A",,
"a9f33d85-797e-4b58-a676-ce02c67acd15","D11","PRIN","PRIN.AOS.S2","PRIN.SS.20240207.FIL","A00000420206","2024-02-07T16:20Z","2024-02-07T16:20Z","Illinois State Water Survey Central Analytical Laboratory",566.0,0.00240,1,"2024-02-08","B",,
"58258779-e4af-4273-bc36-1f16accc6930","D11","PRIN","PRIN.AOS.S2","PRIN.SS.20240207.FIL","A00000420206","2024-02-07T16:20Z","2024-02-07T16:20Z","Illinois State Water Survey Central Analytical Laboratory",222.0,0.15550,1,"2024-02-08","A",,
"448a5dd5-0342-4767-a830-f8f9d9acfdd0","D11","PRIN","PRIN.AOS.S2","PRIN.SS.20240207.FIL","A00000420206","2024-02-07T16:20Z","2024-02-07T16:20Z","Illinois State Water Survey Central Analytical Laboratory",422.0,0.00770,1,"2024-02-08","B",,
"a6e76043-d05e-45a4-b104-dfea755ad298","D11","PRIN","PRIN.AOS.S2","PRIN.SS.20240207.FIL.3","A00000420238","2024-02-07T16:20Z","2024-02-07T16:20Z","Illinois State Water Survey Central Analytical Laboratory",402.0,0.00900,1,"2024-02-08","B",,
"fb7300c7-678b-4e49-9841-619b6ccab98a","D11","PRIN","PRIN.AOS.S2","PRIN.SS.20240207.FIL","A00000420206","2024-02-07T16:20Z","2024-02-07T16:20Z","Illinois State Water Survey Central Analytical Laboratory",306.0,0.04060,1,"2024-02-08","B",,
"b79b061c-05d4-4129-8536-82b5c481246f","D11","PRIN","PRIN.AOS.S2","PRIN.SS.20240207.FIL.2","A00000420222","2024-02-07T16:20Z","2024-02-07T16:20Z","Illinois State Water Survey Central Analytical Laboratory",406.0,0.00820,1,"2024-02-08","B",,
"b54ca9c3-ab2f-4736-9c91-a62948a7b554","D11","PRIN","PRIN.AOS.S2","PRIN.SS.20240207.FIL.3","A00000420238","2024-02-07T16:20Z","2024-02-07T16:20Z","Illinois State Water Survey Central Analytical Laboratory",312.0,0.03730,1,"2024-02-08","B",,
"d49ea0c9-5e17-4baf-88d8-57f0c362b968","D11","PRIN","PRIN.AOS.S2","PRIN.SS.20240207.FIL","A00000420206","2024-02-07T16:20Z","2024-02-07T16:20Z","Illinois State Water Survey Central Analytical Laboratory",438.0,0.00510,1,"2024-02-08","A",,
"877a6ad2-8cdd-4832-bc79-9d6656461a85","D11","PRIN","PRIN.AOS.S2","PRIN.SS.20240207.FIL","A00000420206","2024-02-07T16:20Z","2024-02-07T16:20Z","Illinois State Water Survey Central Analytical Laboratory",552.0,0.00100,1,"2024-02-08","A",,
"119f1a3e-6e7c-41cf-84b3-91cef609a23c","D11","PRIN","PRIN.AOS.S2","PRIN.SS.20240207.FIL.3","A00000420238","2024-02-07T16:20Z","2024-02-07T16:20Z","Illinois State Water Survey Central Analytical Laboratory",274.0,0.06500,1,"2024-02-08","A",,
"73bad020-a76c-45a4-b274-263b68c1685c","D11","PRIN","PRIN.AOS.S2","PRIN.SS.20240207.FIL.2","A00000420222","2024-02-07T16:20Z","2024-02-07T16:20Z","Illinois State Water Survey Central Analytical Laboratory",308.0,0.03900,1,"2024-02-08","A",,
"4ad41200-1edc-4d2c-a075-fd441c9845ae","D11","PRIN","PRIN.AOS.S2","PRIN.SS.20240207.FIL.2","A00000420222","2024-02-07T16:20Z","2024-02-07T16:20Z","Illinois State Water Survey Central Analytical Laboratory",574.0,0.00080,1,"2024-02-08","B",,
"4f32b7d5-2c27-454e-ab21-dad4e5b5f1ba","D11","PRIN","PRIN.AOS.S2","PRIN.SS.20240207.FIL.3","A00000420238","2024-02-07T16:20Z","2024-02-07T16:20Z","Illinois State Water Survey Central Analytical Laboratory",454.0,0.00330,1,"2024-02-08","A",,
"ccbeefbc-86af-455d-9409-8c18c35bfa25","D11","PRIN","PRIN.AOS.S2","PRIN.SS.20240207.FIL.2","A00000420222","2024-02-07T16:20Z","2024-02-07T16:20Z","Illinois State Water Survey Central Analytical Laboratory",396.0,0.00970,1,"2024-02-08","B",,
"4c115f89-9505-44b4-8fb9-da0d9007b26c","D11","PRIN","PRIN.AOS.S2","PRIN.SS.20240207.FIL","A00000420206","2024-02-07T16:20Z","2024-02-07T16:20Z","Illinois State Water Survey Central Analytical Laboratory",536.0,0.00280,1,"2024-02-08","B",,
"0410b636-6d8a-4a9a-b980-4ddafc5d2366","D11","PRIN","PRIN.AOS.S2","PRIN.SS.20240207.FIL","A00000420206","2024-02-07T16:20Z","2024-02-07T16:20Z","Illinois State Water Survey Central Analytical Laboratory",334.0,0.02560,1,"2024-02-08","A",,
"fac1f556-4f3c-4b8a-80f1-80ebda255e9b","D11","PRIN","PRIN.AOS.S2","PRIN.SS.20240207.FIL.3","A00000420238","2024-02-07T16:20Z","2024-02-07T16:20Z","Illinois State Water Survey Central Analytical Laboratory",492.0,0.00280,1,"2024-02-08","B",,
"af12e753-fdf8-4c47-89b3-f0fa62dc1c14","D11","PRIN","PRIN.AOS.S2","PRIN.SS.20240207.FIL.3","A00000420238","2024-02-07T16:20Z","2024-02-07T16:20Z","Illinois State Water Survey Central Analytical Laboratory",570.0,0.00100,1,"2024-02-08","B",,
"d9ccf3d0-30d5-4efc-ad6e-16ca117fe250","D11","PRIN","PRIN.AOS.S2","PRIN.SS.20240207.FIL.2","A00000420222","2024-02-07T16:20Z","2024-02-07T16:20Z","Illinois State Water Survey Central Analytical Laboratory",322.0,0.03120,1,"2024-02-08","B",,
"78d00e7e-c204-4531-ba94-ae46e89065a1","D11","PRIN","PRIN.AOS.S2","PRIN.SS.20240207.FIL","A00000420206","2024-02-07T16:20Z","2024-02-07T16:20Z","Illinois State Water Survey Central Analytical Laboratory",456.0,0.00350,1,"2024-02-08","A",,
"eda4ad74-46b1-4234-82ac-a1854ad18974","D11","PRIN","PRIN.AOS.S2","PRIN.SS.20240207.FIL.3","A00000420238","2024-02-07T16:20Z","2024-02-07T16:20Z","Illinois State Water Survey Central Analytical Laboratory",440.0,0.00520,1,"2024-02-08","B",,
"781a1e2c-2148-48b6-b1a9-fa063b70c18a","D11","PRIN","PRIN.AOS.S2","PRIN.SS.20240207.FIL.2","A00000420222","2024-02-07T16:20Z","2024-02-07T16:20Z","Illinois State Water Survey Central Analytical Laboratory",460.0,0.00340,1,"2024-02-08","B",,
"74ad2a35-e34c-4060-9443-bb5c4b2a4810","D11","PRIN","PRIN.AOS.S2","PRIN.SS.20240207.FIL.3","A00000420238","2024-02-07T16:20Z","2024-02-07T16:20Z","Illinois State Water Survey Central Analytical Laboratory",518.0,0.00160,1,"2024-02-08","A",,
"d4864431-6a3b-46b9-a6c6-bf0fb8334e18","D11","PRIN","PRIN.AOS.S2","PRIN.SS.20240207.FIL.3","A00000420238","2024-02-07T16:20Z","2024-02-07T16:20Z","Illinois State Water Survey Central Analytical Laboratory",308.0,0.03970,1,"2024-02-08","B",,
"f0360bfb-86d2-458c-b058-7f8ee11b94c6","D11","PRIN","PRIN.AOS.S2","PRIN.SS.20240207.FIL","A00000420206","2024-02-07T16:20Z","2024-02-07T16:20Z","Illinois State Water Survey Central Analytical Laboratory",340.0,0.02410,1,"2024-02-08","B",,
"d7c11b4f-1aea-4b01-957b-45c59d1b6220","D11","PRIN","PRIN.AOS.S2","PRIN.SS.20240207.FIL.3","A00000420238","2024-02-07T16:20Z","2024-02-07T16:20Z","Illinois State Water Survey Central Analytical Laboratory",590.0,0.00070,1,"2024-02-08","B",,
"b2cae74f-b9f3-47db-b0ee-5bd4861ba293","D11","PRIN","PRIN.AOS.S2","PRIN.SS.20240207.FIL.3","A00000420238","2024-02-07T16:20Z","2024-02-07T16:20Z","Illinois State Water Survey Central Analytical Laboratory",386.0,0.01090,1,"2024-02-08","A",,
"bdbe3239-acb2-439b-a5cc-671be7e16684","D11","PRIN","PRIN.AOS.S2","PRIN.SS.20240207.FIL.2","A00000420222","2024-02-07T16:20Z","2024-02-07T16:20Z","Illinois State Water Survey Central Analytical Laboratory",488.0,0.00270,1,"2024-02-08","B",,
"75d85582-e97e-4f5b-b7c4-37f4264287d5","D11","PRIN","PRIN.AOS.S2","PRIN.SS.20240207.FIL.3","A00000420238","2024-02-07T16:20Z","2024-02-07T16:20Z","Illinois State Water Survey Central Analytical Laboratory",508.0,0.00220,1,"2024-02-08","B",,
"7b42099c-5ea2-4ef7-ada7-feb259bfb9b7","D11","PRIN","PRIN.AOS.S2","PRIN.SS.20240207.FIL","A00000420206","2024-02-07T16:20Z","2024-02-07T16:20Z","Illinois State Water Survey Central Analytical Laboratory",258.0,0.07640,1,"2024-02-08","A",,
"d6b47bd1-7bf4-4399-97b9-f1bfbf864a1e","D11","PRIN","PRIN.AOS.S2","PRIN.SS.20240207.FIL","A00000420206","2024-02-07T16:20Z","2024-02-07T16:20Z","Illinois State Water Survey Central Analytical Laboratory",600.0,0.00190,1,"2024-02-08","B",,
"b695760d-ae00-4909-8b95-8e8a4303dd24","D11","PRIN","PRIN.AOS.S2","PRIN.SS.20240207.FIL.3","A00000420238","2024-02-07T16:20Z","2024-02-07T16:20Z","Illinois State Water Survey Central Analytical Laboratory",282.0,0.06090,1,"2024-02-08","B",,
"fe936285-a4bb-4468-ab3e-a65f6f0f02b0","D11","PRIN","PRIN.AOS.S2","PRIN.SS.20240207.FIL.3","A00000420238","2024-02-07T16:20Z","2024-02-07T16:20Z","Illinois State Water Survey Central Analytical Laboratory",336.0,0.02450,1,"2024-02-08","A",,
"fb5bd8da-0668-4724-a19a-d69c2ca58186","D11","PRIN","PRIN.AOS.S2","PRIN.SS.20240207.FIL","A00000420206","2024-02-07T16:20Z","2024-02-07T16:20Z","Illinois State Water Survey Central Analytical Laboratory",474.0,0.00430,1,"2024-02-08","B",,
"c2312be7-9953-44be-8857-e09d67072f15","D11","PRIN","PRIN.AOS.S2","PRIN.SS.20240207.FIL","A00000420206","2024-02-07T16:20Z","2024-02-07T16:20Z","Illinois State Water Survey Central Analytical Laboratory",296.0,0.04700,1,"2024-02-08","B",,
"844c4374-2d72-43fd-be92-c7ed1ff28d5b","D11","PRIN","PRIN.AOS.S2","PRIN.SS.20240207.FIL.3","A00000420238","2024-02-07T16:20Z","2024-02-07T16:20Z","Illinois State Water Survey Central Analytical Laboratory",564.0,0.00110,1,"2024-02-08","B",,
"8e8d201a-4696-4c78-909f-8b25efd21a1c","D11","PRIN","PRIN.AOS.S2","PRIN.SS.20240207.FIL","A00000420206","2024-02-07T16:20Z","2024-02-07T16:20Z","Illinois State Water Survey Central Analytical Laboratory",446.0,0.00460,1,"2024-02-08","A",,
"8a8459a6-cc72-4802-be58-2787e45d59cd","D11","PRIN","PRIN.AOS.S2","PRIN.SS.20240207.FIL","A00000420206","2024-02-07T16:20Z","2024-02-07T16:20Z","Illinois State Water Survey Central Analytical Laboratory",410.0,0.00890,1,"2024-02-08","B",,
"007b18c2-33e9-4927-9648-2d658fd52390","D11","PRIN","PRIN.AOS.S2","PRIN.SS.20240207.FIL.3","A00000420238","2024-02-07T16:20Z","2024-02-07T16:20Z","Illinois State Water Survey Central Analytical Laboratory",346.0,0.02210,1,"2024-02-08","B",,
"f739bed6-4562-4a2b-99a6-639097979830","D11","PRIN","PRIN.AOS.S2","PRIN.SS.20240207.FIL","A00000420206","2024-02-07T16:20Z","2024-02-07T16:20Z","Illinois State Water Survey Central Analytical Laboratory",454.0,0.00380,1,"2024-02-08","A",,
"5d6865b0-e784-4d38-99c4-a4d0a629d164","D11","PRIN","PRIN.AOS.S2","PRIN.SS.20240207.FIL.2","A00000420222","2024-02-07T16:20Z","2024-02-07T16:20Z","Illinois State Water Survey Central Analytical Laboratory",306.0,0.04030,1,"2024-02-08","A",,
"377c6d71-c216-43b9-a76d-f98cb39d838a","D11","PRIN","PRIN.AOS.S2","PRIN.SS.20240207.FIL.2","A00000420222","2024-02-07T16:20Z","2024-02-07T16:20Z","Illinois State Water Survey Central Analytical Laboratory",430.0,0.00580,1,"2024-02-08","A",,
"d7f094ce-b96d-45ca-bdb0-eb8a8fdc6a3a","D11","PRIN","PRIN.AOS.S2","PRIN.SS.20240207.FIL","A00000420206","2024-02-07T16:20Z","2024-02-07T16:20Z","Illinois State Water Survey Central Analytical Laboratory",494.0,0.00250,1,"2024-02-08","A",,
"d231bf6a-85b2-4367-976b-bb42d83001af","D11","PRIN","PRIN.AOS.S2","PRIN.SS.20240207.FIL.2","A00000420222","2024-02-07T16:20Z","2024-02-07T16:20Z","Illinois State Water Survey Central Analytical Laboratory",356.0,0.01840,1,"2024-02-08","A",,
"c9883a58-4da3-4cd1-b4cb-a7082da58ca4","D11","PRIN","PRIN.AOS.S2","PRIN.SS.20240207.FIL.3","A00000420238","2024-02-07T16:20Z","2024-02-07T16:20Z","Illinois State Water Survey Central Analytical Laboratory",578.0,0.00140,1,"2024-02-08","B",,
"c164e9ae-e69f-43d6-98b1-dea53fb1b515","D11","PRIN","PRIN.AOS.S2","PRIN.SS.20240207.FIL.2","A00000420222","2024-02-07T16:20Z","2024-02-07T16:20Z","Illinois State Water Survey Central Analytical Laboratory",404.0,0.00880,1,"2024-02-08","A",,
"0d631a2f-52af-47ac-9254-d4647daba48e","D11","PRIN","PRIN.AOS.S2","PRIN.SS.20240207.FIL.3","A00000420238","2024-02-07T16:20Z","2024-02-07T16:20Z","Illinois State Water Survey Central Analytical Laboratory",508.0,0.00190,1,"2024-02-08","A",,
"beaa4c28-ee3d-49b3-8383-48888c9e588d","D11","PRIN","PRIN.AOS.S2","PRIN.SS.20240207.FIL.2","A00000420222","2024-02-07T16:20Z","2024-02-07T16:20Z","Illinois State Water Survey Central Analytical Laboratory",526.0,0.00170,1,"2024-02-08","A",,
"89fb6e28-4320-4eec-9600-1b1ef1513368","D11","PRIN","PRIN.AOS.S2","PRIN.SS.20240207.FIL.2","A00000420222","2024-02-07T16:20Z","2024-02-07T16:20Z","Illinois State Water Survey Central Analytical Laboratory",424.0,0.00610,1,"2024-02-08","B",,
"2431ea97-543b-4c61-bdb2-f276c3d81297","D11","PRIN","PRIN.AOS.S2","PRIN.SS.20240207.FIL","A00000420206","2024-02-07T16:20Z","2024-02-07T16:20Z","Illinois State Water Survey Central Analytical Laboratory",512.0,0.00360,1,"2024-02-08","B",,
"54b9b397-799a-49d9-b172-65bdc4daf135","D11","PRIN","PRIN.AOS.S2","PRIN.SS.20240207.FIL.3","A00000420238","2024-02-07T16:20Z","2024-02-07T16:20Z","Illinois State Water Survey Central Analytical Laboratory",320.0,0.03200,1,"2024-02-08","A",,
"3e506f78-4ea2-45dd-9874-868a91288128","D11","PRIN","PRIN.AOS.S2","PRIN.SS.20240207.FIL.3","A00000420238","2024-02-07T16:20Z","2024-02-07T16:20Z","Illinois State Water Survey Central Analytical Laboratory",254.0,0.07890,1,"2024-02-08","A",,
"36c44a8c-1e3a-4c7a-8ee0-e3d6d7081e2e","D11","PRIN","PRIN.AOS.S2","PRIN.SS.20240207.FIL.2","A00000420222","2024-02-07T16:20Z","2024-02-07T16:20Z","Illinois State Water Survey Central Analytical Laboratory",432.0,0.00580,1,"2024-02-08","A",,
"fc332664-6dbb-49a5-997b-5b6c8991a654","D11","PRIN","PRIN.AOS.S2","PRIN.SS.20240207.FIL.2","A00000420222","2024-02-07T16:20Z","2024-02-07T16:20Z","Illinois State Water Survey Central Analytical Laboratory",528.0,0.00190,1,"2024-02-08","A",,
"0504ce73-8339-47aa-b566-2bc8ecf9ca41","D11","PRIN","PRIN.AOS.S2","PRIN.SS.20240207.FIL","A00000420206","2024-02-07T16:20Z","2024-02-07T16:20Z","Illinois State Water Survey Central Analytical Laboratory",260.0,0.07610,1,"2024-02-08","B",,
"318d1cb6-1b8d-49ea-b0e8-da29ca4bc8a6","D11","PRIN","PRIN.AOS.S2","PRIN.SS.20240207.FIL","A00000420206","2024-02-07T16:20Z","2024-02-07T16:20Z","Illinois State Water Survey Central Analytical Laboratory",324.0,0.03010,1,"2024-02-08","A",,
"b3b3ec5e-5b81-4680-bf8d-c4ea979b526b","D11","PRIN","PRIN.AOS.S2","PRIN.SS.20240207.FIL","A00000420206","2024-02-07T16:20Z","2024-02-07T16:20Z","Illinois State Water Survey Central Analytical Laboratory",416.0,0.00670,1,"2024-02-08","A",,
"14e7b047-a5f6-4f12-aebe-885806a4f1e3","D11","PRIN","PRIN.AOS.S2","PRIN.SS.20240207.FIL.3","A00000420238","2024-02-07T16:20Z","2024-02-07T16:20Z","Illinois State Water Survey Central Analytical Laboratory",240.0,0.09630,1,"2024-02-08","B",,
"6b80c47a-7fe4-423a-beed-9bf194870448","D11","PRIN","PRIN.AOS.S2","PRIN.SS.20240207.FIL.2","A00000420222","2024-02-07T16:20Z","2024-02-07T16:20Z","Illinois State Water Survey Central Analytical Laboratory",400.0,0.00950,1,"2024-02-08","A",,
"8861b48a-1acc-4971-8142-c868ef98cd51","D11","PRIN","PRIN.AOS.S2","PRIN.SS.20240207.FIL.3","A00000420238","2024-02-07T16:20Z","2024-02-07T16:20Z","Illinois State Water Survey Central Analytical Laboratory",534.0,0.00120,1,"2024-02-08","A",,
"9e459cb6-0552-4a1a-afcb-4696867e0099","D11","PRIN","PRIN.AOS.S2","PRIN.SS.20240207.FIL","A00000420206","2024-02-07T16:20Z","2024-02-07T16:20Z","Illinois State Water Survey Central Analytical Laboratory",220.0,0.16930,1,"2024-02-08","A",,
"4ac8bf29-db0e-421b-a76a-d7a8aae9b673","D11","PRIN","PRIN.AOS.S2","PRIN.SS.20240207.FIL.2","A00000420222","2024-02-07T16:20Z","2024-02-07T16:20Z","Illinois State Water Survey Central Analytical Laboratory",466.0,0.00320,1,"2024-02-08","B",,
"941a5d8f-de4a-4619-a630-6588312bd8be","D11","PRIN","PRIN.AOS.S2","PRIN.SS.20240207.FIL","A00000420206","2024-02-07T16:20Z","2024-02-07T16:20Z","Illinois State Water Survey Central Analytical Laboratory",322.0,0.03180,1,"2024-02-08","B",,
"eee5c418-3715-4cf3-894d-526120645ef9","D11","PRIN","PRIN.AOS.S2","PRIN.SS.20240207.FIL.2","A00000420222","2024-02-07T16:20Z","2024-02-07T16:20Z","Illinois State Water Survey Central Analytical Laboratory",590.0,0.00070,1,"2024-02-08","A",,
"567fff10-85f2-4f6c-8f9f-71ba06ea86b4","D11","PRIN","PRIN.AOS.S2","PRIN.SS.20240207.FIL.3","A00000420238","2024-02-07T16:20Z","2024-02-07T16:20Z","Illinois State Water Survey Central Analytical Laboratory",462.0,0.00320,1,"2024-02-08","A",,
"1fd2fe79-9c5e-4e16-ba46-bcbe7ff05d33","D11","PRIN","PRIN.AOS.S2","PRIN.SS.20240207.FIL","A00000420206","2024-02-07T16:20Z","2024-02-07T16:20Z","Illinois State Water Survey Central Analytical Laboratory",228.0,0.12570,1,"2024-02-08","B",,
"7b893d88-093d-4d54-878c-12701ae0d50a","D11","PRIN","PRIN.AOS.S2","PRIN.SS.20240207.FIL.2","A00000420222","2024-02-07T16:20Z","2024-02-07T16:20Z","Illinois State Water Survey Central Analytical Laboratory",378.0,0.01300,1,"2024-02-08","B",,
"0d86ae85-4696-4d8b-94a6-e4c70e2c95b1","D11","PRIN","PRIN.AOS.S2","PRIN.SS.20240207.FIL","A00000420206","2024-02-07T16:20Z","2024-02-07T16:20Z","Illinois State Water Survey Central Analytical Laboratory",516.0,0.00330,1,"2024-02-08","B",,
"c3a64f06-6e99-4d06-ae06-a84bf08e70bb","D11","PRIN","PRIN.AOS.S2","PRIN.SS.20240207.FIL.3","A00000420238","2024-02-07T16:20Z","2024-02-07T16:20Z","Illinois State Water Survey Central Analytical Laboratory",268.0,0.07230,1,"2024-02-08","B",,
"ad7465af-f2e0-4e7e-abd8-764edec8b59f","D11","PRIN","PRIN.AOS.S2","PRIN.SS.20240207.FIL.3","A00000420238","2024-02-07T16:20Z","2024-02-07T16:20Z","Illinois State Water Survey Central Analytical Laboratory",278.0,0.06470,1,"2024-02-08","B",,
"a91efefc-5e87-4df1-9133-9ddab324c531","D11","PRIN","PRIN.AOS.S2","PRIN.SS.20240207.FIL.3","A00000420238","2024-02-07T16:20Z","2024-02-07T16:20Z","Illinois State Water Survey Central Analytical Laboratory",432.0,0.00550,1,"2024-02-08","A",,
"e8e7afb9-315e-44d4-8868-51ebf9e07f10","D11","PRIN","PRIN.AOS.S2","PRIN.SS.20240207.FIL.2","A00000420222","2024-02-07T16:20Z","2024-02-07T16:20Z","Illinois State Water Survey Central Analytical Laboratory",264.0,0.07300,1,"2024-02-08","B",,
"61e70f0f-7e7a-4de0-8ebf-b0433b2d01bb","D11","PRIN","PRIN.AOS.S2","PRIN.SS.20240207.FIL.2","A00000420222","2024-02-07T16:20Z","2024-02-07T16:20Z","Illinois State Water Survey Central Analytical Laboratory",364.0,0.01620,1,"2024-02-08","A",,
"1943da4c-900c-4390-886b-f555e30cd814","D11","PRIN","PRIN.AOS.S2","PRIN.SS.20240207.FIL","A00000420206","2024-02-07T16:20Z","2024-02-07T16:20Z","Illinois State Water Survey Central Analytical Laboratory",360.0,0.01840,1,"2024-02-08","B",,
"e94ba324-4004-47b4-b494-eada60eb9339","D11","PRIN","PRIN.AOS.S2","PRIN.SS.20240207.FIL.3","A00000420238","2024-02-07T16:20Z","2024-02-07T16:20Z","Illinois State Water Survey Central Analytical Laboratory",272.0,0.06950,1,"2024-02-08","B",,
"b77d0743-0ad0-4a94-aabb-66dbe1882497","D11","PRIN","PRIN.AOS.S2","PRIN.SS.20240207.FIL.3","A00000420238","2024-02-07T16:20Z","2024-02-07T16:20Z","Illinois State Water Survey Central Analytical Laboratory",582.0,0.00050,1,"2024-02-08","B",,
"c816e425-6a23-4297-90ea-f447ad13d538","D11","PRIN","PRIN.AOS.S2","PRIN.SS.20240207.FIL.2","A00000420222","2024-02-07T16:20Z","2024-02-07T16:20Z","Illinois State Water Survey Central Analytical Laboratory",296.0,0.04690,1,"2024-02-08","A",,
"cb9d2642-9d5b-4068-b716-64e7406d79a2","D11","PRIN","PRIN.AOS.S2","PRIN.SS.20240207.FIL.2","A00000420222","2024-02-07T16:20Z","2024-02-07T16:20Z","Illinois State Water Survey Central Analytical Laboratory",568.0,0.00120,1,"2024-02-08","B",,
"d60e74d9-2b7a-4b94-9ee1-0dc2a791c114","D11","PRIN","PRIN.AOS.S2","PRIN.SS.20240207.FIL.3","A00000420238","2024-02-07T16:20Z","2024-02-07T16:20Z","Illinois State Water Survey Central Analytical Laboratory",418.0,0.00650,1,"2024-02-08","A",,
"25447c08-2fb8-4df5-880e-4a5795b42e60","D11","PRIN","PRIN.AOS.S2","PRIN.SS.20240207.FIL.2","A00000420222","2024-02-07T16:20Z","2024-02-07T16:20Z","Illinois State Water Survey Central Analytical Laboratory",348.0,0.02070,1,"2024-02-08","B",,
"33ad3e57-b4da-485e-b1bc-d0ef0b353c9a","D11","PRIN","PRIN.AOS.S2","PRIN.SS.20240207.FIL.2","A00000420222","2024-02-07T16:20Z","2024-02-07T16:20Z","Illinois State Water Survey Central Analytical Laboratory",448.0,0.00440,1,"2024-02-08","B",,
"922cb54f-5e12-476f-b48d-32f617de2b9a","D11","PRIN","PRIN.AOS.S2","PRIN.SS.20240207.FIL","A00000420206","2024-02-07T16:20Z","2024-02-07T16:20Z","Illinois State Water Survey Central Analytical Laboratory",542.0,0.00150,1,"2024-02-08","A",,
"72cc126f-f859-4979-9a25-6f24674a54b5","D11","PRIN","PRIN.AOS.S2","PRIN.SS.20240207.FIL.3","A00000420238","2024-02-07T16:20Z","2024-02-07T16:20Z","Illinois State Water Survey Central Analytical Laboratory",296.0,0.04800,1,"2024-02-08","B",,
"0984cfc7-6cba-407d-8064-488674849261","D11","PRIN","PRIN.AOS.S2","PRIN.SS.20240207.FIL.2","A00000420222","2024-02-07T16:20Z","2024-02-07T16:20Z","Illinois State Water Survey Central Analytical Laboratory",554.0,0.00130,1,"2024-02-08","A",,
"36697118-d033-4b79-af26-2740793d3b8e","D11","PRIN","PRIN.AOS.S2","PRIN.SS.20240207.FIL.3","A00000420238","2024-02-07T16:20Z","2024-02-07T16:20Z","Illinois State Water Survey Central Analytical Laboratory",562.0,0.00070,1,"2024-02-08","A",,
"2585254f-f755-434a-aec7-2b0f18cd4eae","D11","PRIN","PRIN.AOS.S2","PRIN.SS.20240207.FIL","A00000420206","2024-02-07T16:20Z","2024-02-07T16:20Z","Illinois State Water Survey Central Analytical Laboratory",254.0,0.08000,1,"2024-02-08","B",,
"0152a18c-0779-4d11-8aba-a1f07064970a","D11","PRIN","PRIN.AOS.S2","PRIN.SS.20240207.FIL.2","A00000420222","2024-02-07T16:20Z","2024-02-07T16:20Z","Illinois State Water Survey Central Analytical Laboratory",522.0,0.00160,1,"2024-02-08","B",,
"a4dfa6ca-7951-47a6-bbff-1806eb52afef","D11","PRIN","PRIN.AOS.S2","PRIN.SS.20240207.FIL","A00000420206","2024-02-07T16:20Z","2024-02-07T16:20Z","Illinois State Water Survey Central Analytical Laboratory",272.0,0.06710,1,"2024-02-08","A",,
"4633c4c9-86df-427b-b4ff-1b96f7b1eb46","D11","PRIN","PRIN.AOS.S2","PRIN.SS.20240207.FIL.2","A00000420222","2024-02-07T16:20Z","2024-02-07T16:20Z","Illinois State Water Survey Central Analytical Laboratory",376.0,0.01340,1,"2024-02-08","A",,
"dbbb8dbe-b5d5-4c50-a3c8-3e96daf35ea5","D11","PRIN","PRIN.AOS.S2","PRIN.SS.20240207.FIL.2","A00000420222","2024-02-07T16:20Z","2024-02-07T16:20Z","Illinois State Water Survey Central Analytical Laboratory",484.0,0.00250,1,"2024-02-08","B",,
"88882e91-8b30-49fd-9a0e-bad2c7113205","D11","PRIN","PRIN.AOS.S2","PRIN.SS.20240207.FIL.3","A00000420238","2024-02-07T16:20Z","2024-02-07T16:20Z","Illinois State Water Survey Central Analytical Laboratory",244.0,0.09080,1,"2024-02-08","B",,
"09a4703f-01b7-4447-a97c-43866e0e878a","D11","PRIN","PRIN.AOS.S2","PRIN.SS.20240207.FIL.2","A00000420222","2024-02-07T16:20Z","2024-02-07T16:20Z","Illinois State Water Survey Central Analytical Laboratory",476.0,0.00320,1,"2024-02-08","A",,
"fab5a16c-0b56-45cb-8b07-c22a4e68fc62","D11","PRIN","PRIN.AOS.S2","PRIN.SS.20240207.FIL.2","A00000420222","2024-02-07T16:20Z","2024-02-07T16:20Z","Illinois State Water Survey Central Analytical Laboratory",440.0,0.00500,1,"2024-02-08","B",,
"e182d1b8-9414-424d-8825-22a6ae259f07","D11","PRIN","PRIN.AOS.S2","PRIN.SS.20240207.FIL.2","A00000420222","2024-02-07T16:20Z","2024-02-07T16:20Z","Illinois State Water Survey Central Analytical Laboratory",564.0,0.00090,1,"2024-02-08","B",,
"f79fde7d-8cb0-4431-934e-20c39f1ac104","D11","PRIN","PRIN.AOS.S2","PRIN.SS.20240207.FIL","A00000420206","2024-02-07T16:20Z","2024-02-07T16:20Z","Illinois State Water Survey Central Analytical Laboratory",244.0,0.08930,1,"2024-02-08","B",,
"71810eb4-0e3f-4427-be2b-fd776a427ea7","D11","PRIN","PRIN.AOS.S2","PRIN.SS.20240207.FIL.2","A00000420222","2024-02-07T16:20Z","2024-02-07T16:20Z","Illinois State Water Survey Central Analytical Laboratory",250.0,0.08300,1,"2024-02-08","B",,
"8cd76970-b1bd-4f05-81cb-c65b4f6a0e53","D11","PRIN","PRIN.AOS.S2","PRIN.SS.20240207.FIL","A00000420206","2024-02-07T16:20Z","2024-02-07T16:20Z","Illinois State Water Survey Central Analytical Laboratory",590.0,0.00060,1,"2024-02-08","A",,
"310192f6-4913-41a9-ac36-b52c98614dcb","D11","PRIN","PRIN.AOS.S2","PRIN.SS.20240207.FIL.2","A00000420222","2024-02-07T16:20Z","2024-02-07T16:20Z","Illinois State Water Survey Central Analytical Laboratory",438.0,0.00490,1,"2024-02-08","B",,
"008d9f7e-08f0-4a52-8984-01df394f159b","D11","PRIN","PRIN.AOS.S2","PRIN.SS.20240207.FIL","A00000420206","2024-02-07T16:20Z","2024-02-07T16:20Z","Illinois State Water Survey Central Analytical Laboratory",362.0,0.01750,1,"2024-02-08","B",,
"3ca5c7e8-bd9a-437b-9377-c85954b95988","D11","PRIN","PRIN.AOS.S2","PRIN.SS.20240207.FIL.3","A00000420238","2024-02-07T16:20Z","2024-02-07T16:20Z","Illinois State Water Survey Central Analytical Laboratory",546.0,0.00150,1,"2024-02-08","B",,
"e48c9c8f-1355-44cb-b703-1445cdb13be0","D11","PRIN","PRIN.AOS.S2","PRIN.SS.20240207.FIL.2","A00000420222","2024-02-07T16:20Z","2024-02-07T16:20Z","Illinois State Water Survey Central Analytical Laboratory",436.0,0.00530,1,"2024-02-08","B",,
"cd422b84-2516-4f4c-b16f-7c15867568e9","D11","PRIN","PRIN.AOS.S2","PRIN.SS.20240207.FIL","A00000420206","2024-02-07T16:20Z","2024-02-07T16:20Z","Illinois State Water Survey Central Analytical Laboratory",466.0,0.00320,1,"2024-02-08","A",,
"ce780f8e-d056-463b-90bb-6067899b7f33","D11","PRIN","PRIN.AOS.S2","PRIN.SS.20240207.FIL.3","A00000420238","2024-02-07T16:20Z","2024-02-07T16:20Z","Illinois State Water Survey Central Analytical Laboratory",304.0,0.04230,1,"2024-02-08","B",,
"98c1fe3a-bfd9-4a92-bb90-541c8c736f2f","D11","PRIN","PRIN.AOS.S2","PRIN.SS.20240207.FIL.3","A00000420238","2024-02-07T16:20Z","2024-02-07T16:20Z","Illinois State Water Survey Central Analytical Laboratory",438.0,0.00480,1,"2024-02-08","A",,
"dfd87c4c-79cd-4994-a866-60f29979a254","D11","PRIN","PRIN.AOS.S2","PRIN.SS.20240207.FIL.2","A00000420222","2024-02-07T16:20Z","2024-02-07T16:20Z","Illinois State Water Survey Central Analytical Laboratory",266.0,0.07210,1,"2024-02-08","A",,
"12f53f6a-6d53-4feb-8141-6e32e8c1f32b","D11","PRIN","PRIN.AOS.S2","PRIN.SS.20240207.FIL","A00000420206","2024-02-07T16:20Z","2024-02-07T16:20Z","Illinois State Water Survey Central Analytical Laboratory",572.0,0.00090,1,"2024-02-08","A",,
"25f7dbb4-7c4a-45b0-be86-cc15d183a369","D11","PRIN","PRIN.AOS.S2","PRIN.SS.20240207.FIL","A00000420206","2024-02-07T16:20Z","2024-02-07T16:20Z","Illinois State Water Survey Central Analytical Laboratory",424.0,0.00610,1,"2024-02-08","A",,
"cb81ea33-fbef-43eb-a247-0fed37707675","D11","PRIN","PRIN.AOS.S2","PRIN.SS.20240207.FIL.3","A00000420238","2024-02-07T16:20Z","2024-02-07T16:20Z","Illinois State Water Survey Central Analytical Laboratory",376.0,0.01270,1,"2024-02-08","A",,
"7bce5718-e142-40d9-bf59-1f6f1a824894","D11","PRIN","PRIN.AOS.S2","PRIN.SS.20240207.FIL.3","A00000420238","2024-02-07T16:20Z","2024-02-07T16:20Z","Illinois State Water Survey Central Analytical Laboratory",478.0,0.00270,1,"2024-02-08","A",,
"5573e644-33bc-4361-a0de-7f56adfd8cbd","D11","PRIN","PRIN.AOS.S2","PRIN.SS.20240207.FIL.3","A00000420238","2024-02-07T16:20Z","2024-02-07T16:20Z","Illinois State Water Survey Central Analytical Laboratory",554.0,0.00100,1,"2024-02-08","A",,
"0420b5ee-d5da-4bac-92ab-0a4758a67154","D11","PRIN","PRIN.AOS.S2","PRIN.SS.20240207.FIL.3","A00000420238","2024-02-07T16:20Z","2024-02-07T16:20Z","Illinois State Water Survey Central Analytical Laboratory",420.0,0.00630,1,"2024-02-08","A",,
"0687f488-a695-41fb-9d05-d126b9dab0cb","D11","PRIN","PRIN.AOS.S2","PRIN.SS.20240207.FIL.3","A00000420238","2024-02-07T16:20Z","2024-02-07T16:20Z","Illinois State Water Survey Central Analytical Laboratory",430.0,0.00540,1,"2024-02-08","A",,
"af1d3670-596b-407e-ab5b-cfe3a12207c3","D11","PRIN","PRIN.AOS.S2","PRIN.SS.20240207.FIL","A00000420206","2024-02-07T16:20Z","2024-02-07T16:20Z","Illinois State Water Survey Central Analytical Laboratory",312.0,0.03700,1,"2024-02-08","B",,
"67dbbb57-459e-4b2e-84db-0f98ee65e110","D11","PRIN","PRIN.AOS.S2","PRIN.SS.20240207.FIL.3","A00000420238","2024-02-07T16:20Z","2024-02-07T16:20Z","Illinois State Water Survey Central Analytical Laboratory",252.0,0.08290,1,"2024-02-08","B",,
"e806974c-6420-4400-8036-01ac8e3e32bf","D11","PRIN","PRIN.AOS.S2","PRIN.SS.20240207.FIL.2","A00000420222","2024-02-07T16:20Z","2024-02-07T16:20Z","Illinois State Water Survey Central Analytical Laboratory",262.0,0.07470,1,"2024-02-08","A",,
"3a7a0582-89f5-4eb2-bae3-112f502fa8fa","D11","PRIN","PRIN.AOS.S2","PRIN.SS.20240207.FIL.3","A00000420238","2024-02-07T16:20Z","2024-02-07T16:20Z","Illinois State Water Survey Central Analytical Laboratory",342.0,0.02240,1,"2024-02-08","A",,
"89e81520-c830-4729-ba64-5b4f758bdf08","D11","PRIN","PRIN.AOS.S2","PRIN.SS.20240207.FIL.3","A00000420238","2024-02-07T16:20Z","2024-02-07T16:20Z","Illinois State Water Survey Central Analytical Laboratory",594.0,0.00090,1,"2024-02-08","A",,
"e07f05c2-9571-4093-8322-934b90bf6f20","D11","PRIN","PRIN.AOS.S2","PRIN.SS.20240207.FIL.3","A00000420238","2024-02-07T16:20Z","2024-02-07T16:20Z","Illinois State Water Survey Central Analytical Laboratory",276.0,0.06350,1,"2024-02-08","A",,
"83555c73-e708-408b-b2d8-05b227f16a60","D11","PRIN","PRIN.AOS.S2","PRIN.SS.20240207.FIL.2","A00000420222","2024-02-07T16:20Z","2024-02-07T16:20Z","Illinois State Water Survey Central Analytical Laboratory",482.0,0.00300,1,"2024-02-08","A",,
"04774e6d-c3b1-48ec-9bc5-ff3f3f8443c8","D11","PRIN","PRIN.AOS.S2","PRIN.SS.20240207.FIL.2","A00000420222","2024-02-07T16:20Z","2024-02-07T16:20Z","Illinois State Water Survey Central Analytical Laboratory",420.0,0.00670,1,"2024-02-08","A",,
"b0f303f7-136d-45e2-a330-cfad716f819a","D11","PRIN","PRIN.AOS.S2","PRIN.SS.20240207.FIL","A00000420206","2024-02-07T16:20Z","2024-02-07T16:20Z","Illinois State Water Survey Central Analytical Laboratory",518.0,0.00310,1,"2024-02-08","B",,
"bee3c42e-0139-4428-873a-bdfc7a9a09e4","D11","PRIN","PRIN.AOS.S2","PRIN.SS.20240207.FIL.3","A00000420238","2024-02-07T16:20Z","2024-02-07T16:20Z","Illinois State Water Survey Central Analytical Laboratory",506.0,0.00190,1,"2024-02-08","A",,
"656227f3-e661-4775-9bcf-8381d69409d0","D11","PRIN","PRIN.AOS.S2","PRIN.SS.20240207.FIL.3","A00000420238","2024-02-07T16:20Z","2024-02-07T16:20Z","Illinois State Water Survey Central Analytical Laboratory",468.0,0.00300,1,"2024-02-08","A",,
"ffc0b82e-8cb8-4ed0-9fd0-a1a7aa168bf8","D11","PRIN","PRIN.AOS.S2","PRIN.SS.20240207.FIL.3","A00000420238","2024-02-07T16:20Z","2024-02-07T16:20Z","Illinois State Water Survey Central Analytical Laboratory",486.0,0.00270,1,"2024-02-08","A",,
"6633093e-fbc3-4369-ac34-a0cb642a7954","D11","PRIN","PRIN.AOS.S2","PRIN.SS.20240207.FIL","A00000420206","2024-02-07T16:20Z","2024-02-07T16:20Z","Illinois State Water Survey Central Analytical Laboratory",248.0,0.08410,1,"2024-02-08","A",,
"7176d274-4cc2-40c6-9410-a4f1c0cc44e6","D11","PRIN","PRIN.AOS.S2","PRIN.SS.20240207.FIL","A00000420206","2024-02-07T16:20Z","2024-02-07T16:20Z","Illinois State Water Survey Central Analytical Laboratory",578.0,0.00210,1,"2024-02-08","B",,
"8f32a946-5cc4-41e5-8a10-819a1b2681fc","D11","PRIN","PRIN.AOS.S2","PRIN.SS.20240207.FIL.2","A00000420222","2024-02-07T16:20Z","2024-02-07T16:20Z","Illinois State Water Survey Central Analytical Laboratory",266.0,0.07160,1,"2024-02-08","B",,
"75d3465c-b6ff-4039-a682-dfc1ea0d647f","D11","PRIN","PRIN.AOS.S2","PRIN.SS.20240207.FIL","A00000420206","2024-02-07T16:20Z","2024-02-07T16:20Z","Illinois State Water Survey Central Analytical Laboratory",308.0,0.03840,1,"2024-02-08","A",,
"3e3265e6-2d4c-4f6c-8111-27e145477eb7","D11","PRIN","PRIN.AOS.S2","PRIN.SS.20240207.FIL.3","A00000420238","2024-02-07T16:20Z","2024-02-07T16:20Z","Illinois State Water Survey Central Analytical Laboratory",226.0,0.13290,1,"2024-02-08","A",,
"aa7a0503-d0c1-43d4-ade3-0818d7a53f0f","D11","PRIN","PRIN.AOS.S2","PRIN.SS.20240207.FIL.3","A00000420238","2024-02-07T16:20Z","2024-02-07T16:20Z","Illinois State Water Survey Central Analytical Laboratory",252.0,0.08030,1,"2024-02-08","A",,
"3fb7a486-23ef-4965-9701-b648ac3f32fe","D11","PRIN","PRIN.AOS.S2","PRIN.SS.20240207.FIL.3","A00000420238","2024-02-07T16:20Z","2024-02-07T16:20Z","Illinois State Water Survey Central Analytical Laboratory",532.0,0.00140,1,"2024-02-08","A",,
"92349f64-dcb3-4c54-8801-f366fb3538bf","D11","PRIN","PRIN.AOS.S2","PRIN.SS.20240207.FIL.3","A00000420238","2024-02-07T16:20Z","2024-02-07T16:20Z","Illinois State Water Survey Central Analytical Laboratory",332.0,0.02610,1,"2024-02-08","A",,
"6928a9d8-9cdd-4362-a5b2-b825a8dad762","D11","PRIN","PRIN.AOS.S2","PRIN.SS.20240207.FIL","A00000420206","2024-02-07T16:20Z","2024-02-07T16:20Z","Illinois State Water Survey Central Analytical Laboratory",262.0,0.07400,1,"2024-02-08","A",,
"e8957e5e-c661-4d98-964e-5bcd2612ecae","D11","PRIN","PRIN.AOS.S2","PRIN.SS.20240207.FIL","A00000420206","2024-02-07T16:20Z","2024-02-07T16:20Z","Illinois State Water Survey Central Analytical Laboratory",546.0,0.00260,1,"2024-02-08","B",,
"3630fa1c-bbe2-407e-aab8-89a6b850bc4b","D11","PRIN","PRIN.AOS.S2","PRIN.SS.20240207.FIL.2","A00000420222","2024-02-07T16:20Z","2024-02-07T16:20Z","Illinois State Water Survey Central Analytical Laboratory",562.0,0.00110,1,"2024-02-08","A",,
"fb78a87b-1d2a-499f-b287-433955873156","D11","PRIN","PRIN.AOS.S2","PRIN.SS.20240207.FIL.2","A00000420222","2024-02-07T16:20Z","2024-02-07T16:20Z","Illinois State Water Survey Central Analytical Laboratory",524.0,0.00180,1,"2024-02-08","A",,
"892d7826-3688-4459-81b4-14542a7cc764","D11","PRIN","PRIN.AOS.S2","PRIN.SS.20240207.FIL.3","A00000420238","2024-02-07T16:20Z","2024-02-07T16:20Z","Illinois State Water Survey Central Analytical Laboratory",424.0,0.00640,1,"2024-02-08","B",,
"17b16a85-6303-4974-82a4-f2b2782adcd4","D11","PRIN","PRIN.AOS.S2","PRIN.SS.20240207.FIL","A00000420206","2024-02-07T16:20Z","2024-02-07T16:20Z","Illinois State Water Survey Central Analytical Laboratory",336.0,0.02560,1,"2024-02-08","B",,
"9c3645f3-b644-4336-945e-b2ce0a1fea29","D11","PRIN","PRIN.AOS.S2","PRIN.SS.20240207.FIL.3","A00000420238","2024-02-07T16:20Z","2024-02-07T16:20Z","Illinois State Water Survey Central Analytical Laboratory",568.0,0.00150,1,"2024-02-08","B",,
"ac7a077e-bfcc-4caf-b824-2179d68f553d","D11","PRIN","PRIN.AOS.S2","PRIN.SS.20240207.FIL.2","A00000420222","2024-02-07T16:20Z","2024-02-07T16:20Z","Illinois State Water Survey Central Analytical Laboratory",302.0,0.04240,1,"2024-02-08","B",,
"6f2f2ed9-9cf0-4f2c-a0bd-32ec5205d179","D11","PRIN","PRIN.AOS.S2","PRIN.SS.20240207.FIL.3","A00000420238","2024-02-07T16:20Z","2024-02-07T16:20Z","Illinois State Water Survey Central Analytical Laboratory",448.0,0.00430,1,"2024-02-08","A",,
"79407366-69d5-4cf8-bd9b-894f69a05097","D11","PRIN","PRIN.AOS.S2","PRIN.SS.20240207.FIL","A00000420206","2024-02-07T16:20Z","2024-02-07T16:20Z","Illinois State Water Survey Central Analytical Laboratory",350.0,0.01990,1,"2024-02-08","A",,
"9d927a43-7581-43d9-bf52-415f605fafe0","D11","PRIN","PRIN.AOS.S2","PRIN.SS.20240207.FIL.3","A00000420238","2024-02-07T16:20Z","2024-02-07T16:20Z","Illinois State Water Survey Central Analytical Laboratory",350.0,0.02030,1,"2024-02-08","B",,
"ab99b7df-5357-49ef-824d-325f9f6aeb7d","D11","PRIN","PRIN.AOS.S2","PRIN.SS.20240207.FIL.2","A00000420222","2024-02-07T16:20Z","2024-02-07T16:20Z","Illinois State Water Survey Central Analytical Laboratory",404.0,0.00850,1,"2024-02-08","B",,
"bb50673e-21bc-4f69-a690-e98bf40b6583","D11","PRIN","PRIN.AOS.S2","PRIN.SS.20240207.FIL.3","A00000420238","2024-02-07T16:20Z","2024-02-07T16:20Z","Illinois State Water Survey Central Analytical Laboratory",250.0,0.08200,1,"2024-02-08","A",,
"81898e36-d035-488a-9725-9a76d94ac2df","D11","PRIN","PRIN.AOS.S2","PRIN.SS.20240207.FIL.2","A00000420222","2024-02-07T16:20Z","2024-02-07T16:20Z","Illinois State Water Survey Central Analytical Laboratory",258.0,0.07730,1,"2024-02-08","A",,
"dbad9a61-e4d1-4b5d-a6a1-3ea73480cc98","D11","PRIN","PRIN.AOS.S2","PRIN.SS.20240207.FIL.3","A00000420238","2024-02-07T16:20Z","2024-02-07T16:20Z","Illinois State Water Survey Central Analytical Laboratory",234.0,0.10560,1,"2024-02-08","A",,
"4fca6ff1-42f2-4fac-9820-ac642bac2030","D11","PRIN","PRIN.AOS.S2","PRIN.SS.20240207.FIL.2","A00000420222","2024-02-07T16:20Z","2024-02-07T16:20Z","Illinois State Water Survey Central Analytical Laboratory",370.0,0.01460,1,"2024-02-08","B",,
"3a6137f3-c86c-40e5-ab70-786609cab534","D11","PRIN","PRIN.AOS.S2","PRIN.SS.20240207.FIL.2","A00000420222","2024-02-07T16:20Z","2024-02-07T16:20Z","Illinois State Water Survey Central Analytical Laboratory",340.0,0.02360,1,"2024-02-08","A",,
"7508c2f8-e74a-4712-a59e-9c5e25cfb3d2","D11","PRIN","PRIN.AOS.S2","PRIN.SS.20240207.FIL","A00000420206","2024-02-07T16:20Z","2024-02-07T16:20Z","Illinois State Water Survey Central Analytical Laboratory",434.0,0.00660,1,"2024-02-08","B",,
"e69ce1d2-2f11-42a3-8598-632d675e4cb1","D11","PRIN","PRIN.AOS.S2","PRIN.SS.20240207.FIL.3","A00000420238","2024-02-07T16:20Z","2024-02-07T16:20Z","Illinois State Water Survey Central Analytical Laboratory",326.0,0.02980,1,"2024-02-08","B",,
"357bf8fd-2a55-46ee-a267-bf8b68295d89","D11","PRIN","PRIN.AOS.S2","PRIN.SS.20240207.FIL","A00000420206","2024-02-07T16:20Z","2024-02-07T16:20Z","Illinois State Water Survey Central Analytical Laboratory",564.0,0.00090,1,"2024-02-08","A",,
"241e460e-377a-47f9-9b97-cfb1aba28f89","D11","PRIN","PRIN.AOS.S2","PRIN.SS.20240207.FIL","A00000420206","2024-02-07T16:20Z","2024-02-07T16:20Z","Illinois State Water Survey Central Analytical Laboratory",594.0,0.00110,1,"2024-02-08","A",,
"fe8887d6-38fa-468d-8e0a-cfc46b601dc4","D11","PRIN","PRIN.AOS.S2","PRIN.SS.20240207.FIL.2","A00000420222","2024-02-07T16:20Z","2024-02-07T16:20Z","Illinois State Water Survey Central Analytical Laboratory",472.0,0.00310,1,"2024-02-08","B",,
"06d00695-9855-49f6-91e0-ea0ccd85d5e8","D11","PRIN","PRIN.AOS.S2","PRIN.SS.20240207.FIL.2","A00000420222","2024-02-07T16:20Z","2024-02-07T16:20Z","Illinois State Water Survey Central Analytical Laboratory",320.0,0.03270,1,"2024-02-08","A",,
"07ad0079-9341-45a3-a75e-5fdbe7a31d5b","D11","PRIN","PRIN.AOS.S2","PRIN.SS.20240207.FIL.3","A00000420238","2024-02-07T16:20Z","2024-02-07T16:20Z","Illinois State Water Survey Central Analytical Laboratory",392.0,0.01010,1,"2024-02-08","A",,
"91629c4e-4766-4568-8e4a-7e60b0b3b320","D11","PRIN","PRIN.AOS.S2","PRIN.SS.20240207.FIL.2","A00000420222","2024-02-07T16:20Z","2024-02-07T16:20Z","Illinois State Water Survey Central Analytical Laboratory",364.0,0.01620,1,"2024-02-08","B",,
"96259f5a-d473-46ca-81f7-deb53a3c8610","D11","PRIN","PRIN.AOS.S2","PRIN.SS.20240207.FIL.2","A00000420222","2024-02-07T16:20Z","2024-02-07T16:20Z","Illinois State Water Survey Central Analytical Laboratory",282.0,0.05910,1,"2024-02-08","B",,
"4dbbbf64-e060-4712-b842-ee31d7d71075","D11","PRIN","PRIN.AOS.S2","PRIN.SS.20240207.FIL.2","A00000420222","2024-02-07T16:20Z","2024-02-07T16:20Z","Illinois State Water Survey Central Analytical Laboratory",598.0,0.00040,1,"2024-02-08","B",,
"f8d804a4-d46a-48a1-99bf-9f07ab500b9c","D11","PRIN","PRIN.AOS.S2","PRIN.SS.20240207.FIL.2","A00000420222","2024-02-07T16:20Z","2024-02-07T16:20Z","Illinois State Water Survey Central Analytical Laboratory",462.0,0.00340,1,"2024-02-08","A",,
"1f40ef0d-06da-4812-baed-3a8846af2fc5","D11","PRIN","PRIN.AOS.S2","PRIN.SS.20240207.FIL.3","A00000420238","2024-02-07T16:20Z","2024-02-07T16:20Z","Illinois State Water Survey Central Analytical Laboratory",436.0,0.00560,1,"2024-02-08","B",,
"4afb72fa-1693-4931-9045-d64ab8e3161c","D11","PRIN","PRIN.AOS.S2","PRIN.SS.20240207.FIL.2","A00000420222","2024-02-07T16:20Z","2024-02-07T16:20Z","Illinois State Water Survey Central Analytical Laboratory",378.0,0.01310,1,"2024-02-08","A",,
"83424178-2478-4726-8c5e-1c62aeadb1ca","D11","PRIN","PRIN.AOS.S2","PRIN.SS.20240207.FIL.3","A00000420238","2024-02-07T16:20Z","2024-02-07T16:20Z","Illinois State Water Survey Central Analytical Laboratory",414.0,0.00660,1,"2024-02-08","A",,
"edff6a27-053d-42cd-ba4b-b5cd37ccee42","D11","PRIN","PRIN.AOS.S2","PRIN.SS.20240207.FIL.2","A00000420222","2024-02-07T16:20Z","2024-02-07T16:20Z","Illinois State Water Survey Central Analytical Laboratory",470.0,0.00320,1,"2024-02-08","B",,
"8204349f-1581-4052-8e10-28b770fff489","D11","PRIN","PRIN.AOS.S2","PRIN.SS.20240207.FIL","A00000420206","2024-02-07T16:20Z","2024-02-07T16:20Z","Illinois State Water Survey Central Analytical Laboratory",440.0,0.00630,1,"2024-02-08","B",,
"20b08a84-ff2d-46e7-bb7c-7d5e3da33394","D11","PRIN","PRIN.AOS.S2","PRIN.SS.20240207.FIL","A00000420206","2024-02-07T16:20Z","2024-02-07T16:20Z","Illinois State Water Survey Central Analytical Laboratory",504.0,0.00210,1,"2024-02-08","A",,
"58867623-755c-4e2b-af20-3d8e54decbc5","D11","PRIN","PRIN.AOS.S2","PRIN.SS.20240207.FIL","A00000420206","2024-02-07T16:20Z","2024-02-07T16:20Z","Illinois State Water Survey Central Analytical Laboratory",248.0,0.08490,1,"2024-02-08","B",,
"8285230a-070e-43ce-a284-c47824a035bf","D11","PRIN","PRIN.AOS.S2","PRIN.SS.20240207.FIL.3","A00000420238","2024-02-07T16:20Z","2024-02-07T16:20Z","Illinois State Water Survey Central Analytical Laboratory",316.0,0.03390,1,"2024-02-08","A",,
"1b3f84ee-91cd-4073-9e0c-0e9c5e4f671c","D11","PRIN","PRIN.AOS.S2","PRIN.SS.20240207.FIL","A00000420206","2024-02-07T16:20Z","2024-02-07T16:20Z","Illinois State Water Survey Central Analytical Laboratory",386.0,0.01140,1,"2024-02-08","A",,
"6cce805f-397c-4163-a6f8-ac5f71c6c005","D11","PRIN","PRIN.AOS.S2","PRIN.SS.20240207.FIL.3","A00000420238","2024-02-07T16:20Z","2024-02-07T16:20Z","Illinois State Water Survey Central Analytical Laboratory",434.0,0.00570,1,"2024-02-08","B",,
"f2cd859d-bd29-4f09-801e-f9ffd6e06072","D11","PRIN","PRIN.AOS.S2","PRIN.SS.20240207.FIL.2","A00000420222","2024-02-07T16:20Z","2024-02-07T16:20Z","Illinois State Water Survey Central Analytical Laboratory",596.0,0.00100,1,"2024-02-08","A",,
"6a99ff1a-a50e-44e2-a245-748307e1bfe3","D11","PRIN","PRIN.AOS.S2","PRIN.SS.20240207.FIL.2","A00000420222","2024-02-07T16:20Z","2024-02-07T16:20Z","Illinois State Water Survey Central Analytical Laboratory",502.0,0.00220,1,"2024-02-08","A",,
"47e1edf7-2fdf-49df-ba5e-b40524a1b6c9","D11","PRIN","PRIN.AOS.S2","PRIN.SS.20240207.FIL.2","A00000420222","2024-02-07T16:20Z","2024-02-07T16:20Z","Illinois State Water Survey Central Analytical Laboratory",430.0,0.00570,1,"2024-02-08","B",,
"22964620-044c-43bc-9071-bd4dce0d3ddc","D11","PRIN","PRIN.AOS.S2","PRIN.SS.20240207.FIL","A00000420206","2024-02-07T16:20Z","2024-02-07T16:20Z","Illinois State Water Survey Central Analytical Laboratory",370.0,0.01580,1,"2024-02-08","B",,
"a3be9c6b-ccc5-462c-a361-730aa3b4e53b","D11","PRIN","PRIN.AOS.S2","PRIN.SS.20240207.FIL.2","A00000420222","2024-02-07T16:20Z","2024-02-07T16:20Z","Illinois State Water Survey Central Analytical Laboratory",586.0,0.00110,1,"2024-02-08","A",,
"a7a8fa17-fa3e-43db-b06a-3688f6805157","D11","PRIN","PRIN.AOS.S2","PRIN.SS.20240207.FIL","A00000420206","2024-02-07T16:20Z","2024-02-07T16:20Z","Illinois State Water Survey Central Analytical Laboratory",270.0,0.06840,1,"2024-02-08","A",,
"ee4dbfe0-9d69-485f-9650-8a0ad75fcc9d","D11","PRIN","PRIN.AOS.S2","PRIN.SS.20240207.FIL.2","A00000420222","2024-02-07T16:20Z","2024-02-07T16:20Z","Illinois State Water Survey Central Analytical Laboratory",576.0,0.00070,1,"2024-02-08","B",,
"26aef7b9-0140-4220-934a-20d130cb8551","D11","PRIN","PRIN.AOS.S2","PRIN.SS.20240207.FIL.3","A00000420238","2024-02-07T16:20Z","2024-02-07T16:20Z","Illinois State Water Survey Central Analytical Laboratory",574.0,0.00130,1,"2024-02-08","B",,
"77cdac47-da7d-4d2e-8424-403324e389d8","D11","PRIN","PRIN.AOS.S2","PRIN.SS.20240207.FIL","A00000420206","2024-02-07T16:20Z","2024-02-07T16:20Z","Illinois State Water Survey Central Analytical Laboratory",292.0,0.04980,1,"2024-02-08","A",,
"b8be03bb-c0f4-41db-9969-1dca9b4e0d55","D11","PRIN","PRIN.AOS.S2","PRIN.SS.20240207.FIL.3","A00000420238","2024-02-07T16:20Z","2024-02-07T16:20Z","Illinois State Water Survey Central Analytical Laboratory",516.0,0.00190,1,"2024-02-08","B",,
"840fd997-b139-4e80-bf46-63d5e2c7bc84","D11","PRIN","PRIN.AOS.S2","PRIN.SS.20240207.FIL.2","A00000420222","2024-02-07T16:20Z","2024-02-07T16:20Z","Illinois State Water Survey Central Analytical Laboratory",294.0,0.04820,1,"2024-02-08","B",,
"0075c4e5-7852-4287-b798-5ef2ecaaeed5","D11","PRIN","PRIN.AOS.S2","PRIN.SS.20240207.FIL.2","A00000420222","2024-02-07T16:20Z","2024-02-07T16:20Z","Illinois State Water Survey Central Analytical Laboratory",372.0,0.01440,1,"2024-02-08","A",,
"44bc6d85-da4f-4742-b44d-6f1082ad28a1","D11","PRIN","PRIN.AOS.S2","PRIN.SS.20240207.FIL.2","A00000420222","2024-02-07T16:20Z","2024-02-07T16:20Z","Illinois State Water Survey Central Analytical Laboratory",566.0,0.00130,1,"2024-02-08","A",,
"55bd62f0-9636-4506-a926-5c418f1af0bb","D11","PRIN","PRIN.AOS.S2","PRIN.SS.20240207.FIL.3","A00000420238","2024-02-07T16:20Z","2024-02-07T16:20Z","Illinois State Water Survey Central Analytical Laboratory",226.0,0.13750,1,"2024-02-08","B",,
"fd1cedd1-a6e6-477f-97ac-42993ba7c756","D11","PRIN","PRIN.AOS.S2","PRIN.SS.20240207.FIL","A00000420206","2024-02-07T16:20Z","2024-02-07T16:20Z","Illinois State Water Survey Central Analytical Laboratory",452.0,0.00410,1,"2024-02-08","A",,
"e8b5b7ca-2c80-45c5-b69a-bf5eef6677f6","D11","PRIN","PRIN.AOS.S2","PRIN.SS.20240207.FIL.3","A00000420238","2024-02-07T16:20Z","2024-02-07T16:20Z","Illinois State Water Survey Central Analytical Laboratory",292.0,0.05160,1,"2024-02-08","B",,
"0cf9912e-52da-471f-a194-c5271b361535","D11","PRIN","PRIN.AOS.S2","PRIN.SS.20240207.FIL.3","A00000420238","2024-02-07T16:20Z","2024-02-07T16:20Z","Illinois State Water Survey Central Analytical Laboratory",362.0,0.01620,1,"2024-02-08","A",,
"db0b7d1a-f61c-4cc4-a939-838d442684fe","D11","PRIN","PRIN.AOS.S2","PRIN.SS.20240207.FIL.3","A00000420238","2024-02-07T16:20Z","2024-02-07T16:20Z","Illinois State Water Survey Central Analytical Laboratory",398.0,0.00910,1,"2024-02-08","A",,
"af5fa29e-6b97-47d9-b1f1-14bc0b7d1506","D11","PRIN","PRIN.AOS.S2","PRIN.SS.20240207.FIL.2","A00000420222","2024-02-07T16:20Z","2024-02-07T16:20Z","Illinois State Water Survey Central Analytical Laboratory",456.0,0.00370,1,"2024-02-08","A",,
"476afe22-df3c-45ba-a4d2-5e7badfb349b","D11","PRIN","PRIN.AOS.S2","PRIN.SS.20240207.FIL.2","A00000420222","2024-02-07T16:20Z","2024-02-07T16:20Z","Illinois State Water Survey Central Analytical Laboratory",362.0,0.01670,1,"2024-02-08","A",,
"99517ddb-a5db-46de-8962-1276bce1866c","D11","PRIN","PRIN.AOS.S2","PRIN.SS.20240207.FIL.3","A00000420238","2024-02-07T16:20Z","2024-02-07T16:20Z","Illinois State Water Survey Central Analytical Laboratory",492.0,0.00240,1,"2024-02-08","A",,
"8172ff19-650b-490c-a893-b399d31ff3ef","D11","PRIN","PRIN.AOS.S2","PRIN.SS.20240207.FIL","A00000420206","2024-02-07T16:20Z","2024-02-07T16:20Z","Illinois State Water Survey Central Analytical Laboratory",568.0,0.00140,1,"2024-02-08","A",,
"1b7822f2-d084-4c16-be1a-e19f3964f686","D11","PRIN","PRIN.AOS.S2","PRIN.SS.20240207.FIL.2","A00000420222","2024-02-07T16:20Z","2024-02-07T16:20Z","Illinois State Water Survey Central Analytical Laboratory",504.0,0.00230,1,"2024-02-08","A",,
"8bab1f2c-348b-41cc-9916-035789b90123","D11","PRIN","PRIN.AOS.S2","PRIN.SS.20240207.FIL.3","A00000420238","2024-02-07T16:20Z","2024-02-07T16:20Z","Illinois State Water Survey Central Analytical Laboratory",282.0,0.05830,1,"2024-02-08","A",,
"7b7ff9a8-4ed2-4c0e-86f0-3e9107021d13","D11","PRIN","PRIN.AOS.S2","PRIN.SS.20240207.FIL","A00000420206","2024-02-07T16:20Z","2024-02-07T16:20Z","Illinois State Water Survey Central Analytical Laboratory",394.0,0.01000,1,"2024-02-08","A",,
"fac28207-c492-4329-a318-f80589e01612","D11","PRIN","PRIN.AOS.S2","PRIN.SS.20240207.FIL.2","A00000420222","2024-02-07T16:20Z","2024-02-07T16:20Z","Illinois State Water Survey Central Analytical Laboratory",490.0,0.00280,1,"2024-02-08","A",,
"ba432332-3c77-45f2-8b02-c4562319de61","D11","PRIN","PRIN.AOS.S2","PRIN.SS.20240207.FIL.3","A00000420238","2024-02-07T16:20Z","2024-02-07T16:20Z","Illinois State Water Survey Central Analytical Laboratory",462.0,0.00350,1,"2024-02-08","B",,
"e13d0382-3f43-45fb-885b-90e716c89849","D11","PRIN","PRIN.AOS.S2","PRIN.SS.20240207.FIL.3","A00000420238","2024-02-07T16:20Z","2024-02-07T16:20Z","Illinois State Water Survey Central Analytical Laboratory",412.0,0.00730,1,"2024-02-08","B",,
"d6cbd46b-cb6c-4184-a7c6-c695160be074","D11","PRIN","PRIN.AOS.S2","PRIN.SS.20240207.FIL.3","A00000420238","2024-02-07T16:20Z","2024-02-07T16:20Z","Illinois State Water Survey Central Analytical Laboratory",526.0,0.00180,1,"2024-02-08","B",,
"5c0f5a07-bced-4e07-9948-54bbca3864ec","D11","PRIN","PRIN.AOS.S2","PRIN.SS.20240207.FIL","A00000420206","2024-02-07T16:20Z","2024-02-07T16:20Z","Illinois State Water Survey Central Analytical Laboratory",580.0,0.00100,1,"2024-02-08","A",,
"341ebe81-1fcd-46b2-a1dc-ae89fa35011a","D11","PRIN","PRIN.AOS.S2","PRIN.SS.20240207.FIL.2","A00000420222","2024-02-07T16:20Z","2024-02-07T16:20Z","Illinois State Water Survey Central Analytical Laboratory",392.0,0.01050,1,"2024-02-08","A",,
"cc1c851f-ec4a-4d3a-aae0-645fa36c75b4","D11","PRIN","PRIN.AOS.S2","PRIN.SS.20240207.FIL.3","A00000420238","2024-02-07T16:20Z","2024-02-07T16:20Z","Illinois State Water Survey Central Analytical Laboratory",328.0,0.02890,1,"2024-02-08","B",,
"5e29f7e4-30c5-41cc-a30a-517bf0f1f186","D11","PRIN","PRIN.AOS.S2","PRIN.SS.20240207.FIL","A00000420206","2024-02-07T16:20Z","2024-02-07T16:20Z","Illinois State Water Survey Central Analytical Laboratory",246.0,0.08670,1,"2024-02-08","B",,
"0f71613d-5320-4102-b2cd-5ce5e26ab723","D11","PRIN","PRIN.AOS.S2","PRIN.SS.20240207.FIL","A00000420206","2024-02-07T16:20Z","2024-02-07T16:20Z","Illinois State Water Survey Central Analytical Laboratory",290.0,0.05150,1,"2024-02-08","A",,
"05426eae-c278-4417-9567-57cd996bc7e9","D11","PRIN","PRIN.AOS.S2","PRIN.SS.20240207.FIL","A00000420206","2024-02-07T16:20Z","2024-02-07T16:20Z","Illinois State Water Survey Central Analytical Laboratory",318.0,0.03390,1,"2024-02-08","B",,
"ad655997-25bb-4409-a318-c683df1cbd93","D11","PRIN","PRIN.AOS.S2","PRIN.SS.20240207.FIL.3","A00000420238","2024-02-07T16:20Z","2024-02-07T16:20Z","Illinois State Water Survey Central Analytical Laboratory",520.0,0.00160,1,"2024-02-08","A",,
"ba6ddf2e-4024-444d-a04e-57d38404c786","D11","PRIN","PRIN.AOS.S2","PRIN.SS.20240207.FIL.2","A00000420222","2024-02-07T16:20Z","2024-02-07T16:20Z","Illinois State Water Survey Central Analytical Laboratory",264.0,0.07340,1,"2024-02-08","A",,
"06a6bb5f-be96-4548-a6ea-d5e0af1881b5","D11","PRIN","PRIN.AOS.S2","PRIN.SS.20240207.FIL.3","A00000420238","2024-02-07T16:20Z","2024-02-07T16:20Z","Illinois State Water Survey Central Analytical Laboratory",278.0,0.06190,1,"2024-02-08","A",,
"3c51ecfc-d830-43df-be09-b5ece6b73201","D11","PRIN","PRIN.AOS.S2","PRIN.SS.20240207.FIL.3","A00000420238","2024-02-07T16:20Z","2024-02-07T16:20Z","Illinois State Water Survey Central Analytical Laboratory",286.0,0.05750,1,"2024-02-08","B",,
"472c495d-10bf-4ec2-b3d2-274ae6fbaeae","D11","PRIN","PRIN.AOS.S2","PRIN.SS.20240207.FIL","A00000420206","2024-02-07T16:20Z","2024-02-07T16:20Z","Illinois State Water Survey Central Analytical Laboratory",508.0,0.00350,1,"2024-02-08","B",,
"f7af6201-ecb4-49e3-a88e-a1a6a1a140f0","D11","PRIN","PRIN.AOS.S2","PRIN.SS.20240207.FIL","A00000420206","2024-02-07T16:20Z","2024-02-07T16:20Z","Illinois State Water Survey Central Analytical Laboratory",528.0,0.00330,1,"2024-02-08","B",,
"00926214-3eba-4a83-8db9-a09e9ba77181","D11","PRIN","PRIN.AOS.S2","PRIN.SS.20240207.FIL","A00000420206","2024-02-07T16:20Z","2024-02-07T16:20Z","Illinois State Water Survey Central Analytical Laboratory",226.0,0.13450,1,"2024-02-08","B",,
"ce99b335-8740-4962-879b-6fa80c1f80d1","D11","PRIN","PRIN.AOS.S2","PRIN.SS.20240207.FIL","A00000420206","2024-02-07T16:20Z","2024-02-07T16:20Z","Illinois State Water Survey Central Analytical Laboratory",348.0,0.02060,1,"2024-02-08","A",,
"605bf242-b593-4a23-986d-312abef71583","D11","PRIN","PRIN.AOS.S2","PRIN.SS.20240207.FIL.2","A00000420222","2024-02-07T16:20Z","2024-02-07T16:20Z","Illinois State Water Survey Central Analytical Laboratory",578.0,0.00070,1,"2024-02-08","B",,
"ae870dbf-c621-42d3-b039-5cec72646863","D11","PRIN","PRIN.AOS.S2","PRIN.SS.20240207.FIL","A00000420206","2024-02-07T16:20Z","2024-02-07T16:20Z","Illinois State Water Survey Central Analytical Laboratory",390.0,0.01150,1,"2024-02-08","B",,
"4d420beb-2537-41c2-a395-006a86da1ea1","D11","PRIN","PRIN.AOS.S2","PRIN.SS.20240207.FIL","A00000420206","2024-02-07T16:20Z","2024-02-07T16:20Z","Illinois State Water Survey Central Analytical Laboratory",598.0,0.00040,1,"2024-02-08","A",,
"4885eb13-6505-4418-a1e0-590a74932940","D11","PRIN","PRIN.AOS.S2","PRIN.SS.20240207.FIL.2","A00000420222","2024-02-07T16:20Z","2024-02-07T16:20Z","Illinois State Water Survey Central Analytical Laboratory",318.0,0.03360,1,"2024-02-08","A",,
"082e3573-5948-4ab1-b022-83487532c81d","D11","PRIN","PRIN.AOS.S2","PRIN.SS.20240207.FIL.3","A00000420238","2024-02-07T16:20Z","2024-02-07T16:20Z","Illinois State Water Survey Central Analytical Laboratory",426.0,0.00600,1,"2024-02-08","A",,
"dcba1722-69a1-4bd3-adea-ea3243e78fea","D11","PRIN","PRIN.AOS.S2","PRIN.SS.20240207.FIL.3","A00000420238","2024-02-07T16:20Z","2024-02-07T16:20Z","Illinois State Water Survey Central Analytical Laboratory",268.0,0.06930,1,"2024-02-08","A",,
"609cee17-43d5-4003-85d5-9f84d917843a","D11","PRIN","PRIN.AOS.S2","PRIN.SS.20240207.FIL.3","A00000420238","2024-02-07T16:20Z","2024-02-07T16:20Z","Illinois State Water Survey Central Analytical Laboratory",242.0,0.09310,1,"2024-02-08","B",,
"1729c833-ab26-4229-aa91-a91bfc1c7a44","D11","PRIN","PRIN.AOS.S2","PRIN.SS.20240207.FIL.2","A00000420222","2024-02-07T16:20Z","2024-02-07T16:20Z","Illinois State Water Survey Central Analytical Laboratory",500.0,0.00230,1,"2024-02-08","B",,
"1132abf8-491d-43c4-8ee1-0b53fc6bc8d1","D11","PRIN","PRIN.AOS.S2","PRIN.SS.20240207.FIL.3","A00000420238","2024-02-07T16:20Z","2024-02-07T16:20Z","Illinois State Water Survey Central Analytical Laboratory",372.0,0.01400,1,"2024-02-08","A",,
"b64d9a40-b6d2-459f-bc76-5092cdead28e","D11","PRIN","PRIN.AOS.S2","PRIN.SS.20240207.FIL","A00000420206","2024-02-07T16:20Z","2024-02-07T16:20Z","Illinois State Water Survey Central Analytical Laboratory",574.0,0.00240,1,"2024-02-08","B",,
"4fed353f-54e4-41e2-bb62-1e4a0f110f94","D11","PRIN","PRIN.AOS.S2","PRIN.SS.20240207.FIL.3","A00000420238","2024-02-07T16:20Z","2024-02-07T16:20Z","Illinois State Water Survey Central Analytical Laboratory",358.0,0.01840,1,"2024-02-08","B",,
"8efc92e6-d126-4831-865d-1542794d20a2","D11","PRIN","PRIN.AOS.S2","PRIN.SS.20240207.FIL.3","A00000420238","2024-02-07T16:20Z","2024-02-07T16:20Z","Illinois State Water Survey Central Analytical Laboratory",220.0,0.16930,1,"2024-02-08","A",,
"86f69e80-7e02-4354-a86b-8e1705fe1143","D11","PRIN","PRIN.AOS.S2","PRIN.SS.20240207.FIL","A00000420206","2024-02-07T16:20Z","2024-02-07T16:20Z","Illinois State Water Survey Central Analytical Laboratory",298.0,0.04570,1,"2024-02-08","B",,
"9c7b537a-571f-4bdb-b651-63a2ad438036","D11","PRIN","PRIN.AOS.S2","PRIN.SS.20240207.FIL.3","A00000420238","2024-02-07T16:20Z","2024-02-07T16:20Z","Illinois State Water Survey Central Analytical Laboratory",564.0,0.00080,1,"2024-02-08","A",,
"0fa0b12b-fda6-4d98-bbc9-0290bd57b38c","D11","PRIN","PRIN.AOS.S2","PRIN.SS.20240207.FIL.2","A00000420222","2024-02-07T16:20Z","2024-02-07T16:20Z","Illinois State Water Survey Central Analytical Laboratory",220.0,0.17150,1,"2024-02-08","B",,
"336ead8e-1d4c-4921-b94d-364f2b538cdf","D11","PRIN","PRIN.AOS.S2","PRIN.SS.20240207.FIL","A00000420206","2024-02-07T16:20Z","2024-02-07T16:20Z","Illinois State Water Survey Central Analytical Laboratory",242.0,0.09070,1,"2024-02-08","A",,
"44948173-e54a-4f7d-9343-6a4d120b72c5","D11","PRIN","PRIN.AOS.S2","PRIN.SS.20240207.FIL","A00000420206","2024-02-07T16:20Z","2024-02-07T16:20Z","Illinois State Water Survey Central Analytical Laboratory",274.0,0.06590,1,"2024-02-08","B",,
"5ef305de-8c6b-44f7-b582-2aa9f0b5d3cf","D11","PRIN","PRIN.AOS.S2","PRIN.SS.20240207.FIL.3","A00000420238","2024-02-07T16:20Z","2024-02-07T16:20Z","Illinois State Water Survey Central Analytical Laboratory",266.0,0.07370,1,"2024-02-08","B",,
"d4c69f93-7846-4d01-84ff-488c83dc64ef","D11","PRIN","PRIN.AOS.S2","PRIN.SS.20240207.FIL.2","A00000420222","2024-02-07T16:20Z","2024-02-07T16:20Z","Illinois State Water Survey Central Analytical Laboratory",488.0,0.00280,1,"2024-02-08","A",,
"2d0d4def-dc7d-4459-a0a6-fcca61ba93d4","D11","PRIN","PRIN.AOS.S2","PRIN.SS.20240207.FIL.3","A00000420238","2024-02-07T16:20Z","2024-02-07T16:20Z","Illinois State Water Survey Central Analytical Laboratory",356.0,0.01790,1,"2024-02-08","A",,
"87a7236f-2e88-4aa2-a496-bb64bf0efc24","D11","PRIN","PRIN.AOS.S2","PRIN.SS.20240207.FIL","A00000420206","2024-02-07T16:20Z","2024-02-07T16:20Z","Illinois State Water Survey Central Analytical Laboratory",592.0,0.00210,1,"2024-02-08","B",,
"75c32437-2068-469e-a3b5-f435005f553f","D11","PRIN","PRIN.AOS.S2","PRIN.SS.20240207.FIL.2","A00000420222","2024-02-07T16:20Z","2024-02-07T16:20Z","Illinois State Water Survey Central Analytical Laboratory",310.0,0.03780,1,"2024-02-08","A",,
"9291ff2e-5633-498c-b858-96ee025387b2","D11","PRIN","PRIN.AOS.S2","PRIN.SS.20240207.FIL.3","A00000420238","2024-02-07T16:20Z","2024-02-07T16:20Z","Illinois State Water Survey Central Analytical Laboratory",546.0,0.00140,1,"2024-02-08","A",,
"d2a9aed6-8c60-462c-86d4-067707b5e1f5","D11","PRIN","PRIN.AOS.S2","PRIN.SS.20240207.FIL.3","A00000420238","2024-02-07T16:20Z","2024-02-07T16:20Z","Illinois State Water Survey Central Analytical Laboratory",558.0,0.00120,1,"2024-02-08","B",,
"d65ddd20-84bf-4928-a166-9dde6eacf3bd","D11","PRIN","PRIN.AOS.S2","PRIN.SS.20240207.FIL","A00000420206","2024-02-07T16:20Z","2024-02-07T16:20Z","Illinois State Water Survey Central Analytical Laboratory",564.0,0.00210,1,"2024-02-08","B",,
"a9800cc6-add9-4dbb-a2f1-b4e5d41aa08f","D11","PRIN","PRIN.AOS.S2","PRIN.SS.20240207.FIL","A00000420206","2024-02-07T16:20Z","2024-02-07T16:20Z","Illinois State Water Survey Central Analytical Laboratory",500.0,0.00360,1,"2024-02-08","B",,
"fcb06ba5-801a-49c1-a36e-f86b77290a8d","D11","PRIN","PRIN.AOS.S2","PRIN.SS.20240207.FIL","A00000420206","2024-02-07T16:20Z","2024-02-07T16:20Z","Illinois State Water Survey Central Analytical Laboratory",386.0,0.01220,1,"2024-02-08","B",,
"14e87ee5-49eb-44ec-925c-3c4d3f79c1a4","D11","PRIN","PRIN.AOS.S2","PRIN.SS.20240207.FIL","A00000420206","2024-02-07T16:20Z","2024-02-07T16:20Z","Illinois State Water Survey Central Analytical Laboratory",274.0,0.06520,1,"2024-02-08","A",,
"da1e0fff-99eb-4149-84b0-f0267fd24e43","D11","PRIN","PRIN.AOS.S2","PRIN.SS.20240207.FIL","A00000420206","2024-02-07T16:20Z","2024-02-07T16:20Z","Illinois State Water Survey Central Analytical Laboratory",456.0,0.00480,1,"2024-02-08","B",,
"ddc0f81d-c216-4634-84e8-587edf8246ba","D11","PRIN","PRIN.AOS.S2","PRIN.SS.20240207.FIL.3","A00000420238","2024-02-07T16:20Z","2024-02-07T16:20Z","Illinois State Water Survey Central Analytical Laboratory",442.0,0.00490,1,"2024-02-08","B",,
"0b40b037-3a63-4d5f-aaed-a0510d3d982e","D11","PRIN","PRIN.AOS.S2","PRIN.SS.20240207.FIL","A00000420206","2024-02-07T16:20Z","2024-02-07T16:20Z","Illinois State Water Survey Central Analytical Laboratory",462.0,0.00330,1,"2024-02-08","A",,
"63208617-54f6-4043-986f-b3fb25298eed","D11","PRIN","PRIN.AOS.S2","PRIN.SS.20240207.FIL.2","A00000420222","2024-02-07T16:20Z","2024-02-07T16:20Z","Illinois State Water Survey Central Analytical Laboratory",222.0,0.15840,1,"2024-02-08","A",,
"dfd425af-d334-4d1f-ab21-f298407655d2","D11","PRIN","PRIN.AOS.S2","PRIN.SS.20240207.FIL.3","A00000420238","2024-02-07T16:20Z","2024-02-07T16:20Z","Illinois State Water Survey Central Analytical Laboratory",314.0,0.03590,1,"2024-02-08","B",,
"8c3f9e0c-471f-407e-b04b-8035365e14ea","D11","PRIN","PRIN.AOS.S2","PRIN.SS.20240207.FIL","A00000420206","2024-02-07T16:20Z","2024-02-07T16:20Z","Illinois State Water Survey Central Analytical Laboratory",224.0,0.14510,1,"2024-02-08","B",,
"15786353-45ef-46f1-8556-869124ddb7c8","D11","PRIN","PRIN.AOS.S2","PRIN.SS.20240207.FIL","A00000420206","2024-02-07T16:20Z","2024-02-07T16:20Z","Illinois State Water Survey Central Analytical Laboratory",504.0,0.00350,1,"2024-02-08","B",,
"684e5056-beed-40df-b542-205055fafbec","D11","PRIN","PRIN.AOS.S2","PRIN.SS.20240207.FIL.2","A00000420222","2024-02-07T16:20Z","2024-02-07T16:20Z","Illinois State Water Survey Central Analytical Laboratory",236.0,0.10210,1,"2024-02-08","B",,
"deaaaa57-f1e8-46a9-9cdf-2fcf78ec44c2","D11","PRIN","PRIN.AOS.S2","PRIN.SS.20240207.FIL.3","A00000420238","2024-02-07T16:20Z","2024-02-07T16:20Z","Illinois State Water Survey Central Analytical Laboratory",384.0,0.01140,1,"2024-02-08","A",,
"da784d83-6444-4ee7-a4b6-b2a42c8cd2f1","D11","PRIN","PRIN.AOS.S2","PRIN.SS.20240207.FIL","A00000420206","2024-02-07T16:20Z","2024-02-07T16:20Z","Illinois State Water Survey Central Analytical Laboratory",510.0,0.00200,1,"2024-02-08","A",,
"bd3e0b3a-97e4-4bb4-bd3a-bd7f216b869e","D11","PRIN","PRIN.AOS.S2","PRIN.SS.20240207.FIL.3","A00000420238","2024-02-07T16:20Z","2024-02-07T16:20Z","Illinois State Water Survey Central Analytical Laboratory",414.0,0.00720,1,"2024-02-08","B",,
"30544bf9-8cab-41de-96c5-84344c3eb9b0","D11","PRIN","PRIN.AOS.S2","PRIN.SS.20240207.FIL.2","A00000420222","2024-02-07T16:20Z","2024-02-07T16:20Z","Illinois State Water Survey Central Analytical Laboratory",552.0,0.00130,1,"2024-02-08","A",,
"6d55231e-6dec-4c4d-ab34-628a35754e21","D11","PRIN","PRIN.AOS.S2","PRIN.SS.20240207.FIL.2","A00000420222","2024-02-07T16:20Z","2024-02-07T16:20Z","Illinois State Water Survey Central Analytical Laboratory",344.0,0.02210,1,"2024-02-08","A",,
"085cfd7c-0f3a-4584-9c6a-c8f90e27f4e5","D11","PRIN","PRIN.AOS.S2","PRIN.SS.20240207.FIL.2","A00000420222","2024-02-07T16:20Z","2024-02-07T16:20Z","Illinois State Water Survey Central Analytical Laboratory",248.0,0.08510,1,"2024-02-08","A",,
"1e162423-6e44-4cb9-856b-5b4db9005881","D11","PRIN","PRIN.AOS.S2","PRIN.SS.20240207.FIL.2","A00000420222","2024-02-07T16:20Z","2024-02-07T16:20Z","Illinois State Water Survey Central Analytical Laboratory",570.0,0.00120,1,"2024-02-08","A",,
"06cd9851-7ba3-400a-9b7f-e5af6964d419","D11","PRIN","PRIN.AOS.S2","PRIN.SS.20240207.FIL","A00000420206","2024-02-07T16:20Z","2024-02-07T16:20Z","Illinois State Water Survey Central Analytical Laboratory",310.0,0.03810,1,"2024-02-08","B",,
"8f4797a9-3527-41ed-afbe-ec886ee7e032","D11","PRIN","PRIN.AOS.S2","PRIN.SS.20240207.FIL.3","A00000420238","2024-02-07T16:20Z","2024-02-07T16:20Z","Illinois State Water Survey Central Analytical Laboratory",514.0,0.00190,1,"2024-02-08","A",,
"2ff5d99b-33b2-4fb8-a811-af3cdfe736cb","D11","PRIN","PRIN.AOS.S2","PRIN.SS.20240207.FIL.3","A00000420238","2024-02-07T16:20Z","2024-02-07T16:20Z","Illinois State Water Survey Central Analytical Laboratory",314.0,0.03470,1,"2024-02-08","A",,
"bd90f21b-7cb1-4add-86af-138ecb263e25","D11","PRIN","PRIN.AOS.S2","PRIN.SS.20240207.FIL.3","A00000420238","2024-02-07T16:20Z","2024-02-07T16:20Z","Illinois State Water Survey Central Analytical Laboratory",404.0,0.00890,1,"2024-02-08","B",,
"3ba445d3-d834-4ef8-9501-cc723852bd31","D11","PRIN","PRIN.AOS.S2","PRIN.SS.20240207.FIL.3","A00000420238","2024-02-07T16:20Z","2024-02-07T16:20Z","Illinois State Water Survey Central Analytical Laboratory",406.0,0.00800,1,"2024-02-08","A",,
"e7c0a5e0-8c92-4b4d-b61d-d32edc23d536","D11","PRIN","PRIN.AOS.S2","PRIN.SS.20240207.FIL","A00000420206","2024-02-07T16:20Z","2024-02-07T16:20Z","Illinois State Water Survey Central Analytical Laboratory",346.0,0.02150,1,"2024-02-08","A",,
"409f7e17-ba9e-4819-ba94-832b301dd14a","D11","PRIN","PRIN.AOS.S2","PRIN.SS.20240207.FIL.2","A00000420222","2024-02-07T16:20Z","2024-02-07T16:20Z","Illinois State Water Survey Central Analytical Laboratory",382.0,0.01170,1,"2024-02-08","B",,
"7e8b8b29-355b-4ac3-a40b-9216477355ba","D11","PRIN","PRIN.AOS.S2","PRIN.SS.20240207.FIL","A00000420206","2024-02-07T16:20Z","2024-02-07T16:20Z","Illinois State Water Survey Central Analytical Laboratory",476.0,0.00460,1,"2024-02-08","B",,
"9bbd4204-81dc-49c7-beb8-56e9f9012efa","D11","PRIN","PRIN.AOS.S2","PRIN.SS.20240207.FIL.3","A00000420238","2024-02-07T16:20Z","2024-02-07T16:20Z","Illinois State Water Survey Central Analytical Laboratory",526.0,0.00160,1,"2024-02-08","A",,
"cbecc0cf-a4f6-4360-9235-1a195444e05e","D11","PRIN","PRIN.AOS.S2","PRIN.SS.20240207.FIL.2","A00000420222","2024-02-07T16:20Z","2024-02-07T16:20Z","Illinois State Water Survey Central Analytical Laboratory",374.0,0.01380,1,"2024-02-08","A",,
"31208e80-a574-4c0f-87dc-b115b977dbfd","D11","PRIN","PRIN.AOS.S2","PRIN.SS.20240207.FIL","A00000420206","2024-02-07T16:20Z","2024-02-07T16:20Z","Illinois State Water Survey Central Analytical Laboratory",516.0,0.00200,1,"2024-02-08","A",,
"17842ac5-ecd2-4109-aa71-ef789b9d8de0","D11","PRIN","PRIN.AOS.S2","PRIN.SS.20240207.FIL","A00000420206","2024-02-07T16:20Z","2024-02-07T16:20Z","Illinois State Water Survey Central Analytical Laboratory",430.0,0.00680,1,"2024-02-08","B",,
"22de1849-4f75-44bc-8382-4ccd0ae53259","D11","PRIN","PRIN.AOS.S2","PRIN.SS.20240207.FIL.3","A00000420238","2024-02-07T16:20Z","2024-02-07T16:20Z","Illinois State Water Survey Central Analytical Laboratory",408.0,0.00770,1,"2024-02-08","A",,
"618144d2-cb9a-4a23-a093-23a161b4a320","D11","PRIN","PRIN.AOS.S2","PRIN.SS.20240207.FIL.2","A00000420222","2024-02-07T16:20Z","2024-02-07T16:20Z","Illinois State Water Survey Central Analytical Laboratory",320.0,0.03250,1,"2024-02-08","B",,
"546a2203-e84f-4d99-9839-de2948d3e21f","D11","PRIN","PRIN.AOS.S2","PRIN.SS.20240207.FIL","A00000420206","2024-02-07T16:20Z","2024-02-07T16:20Z","Illinois State Water Survey Central Analytical Laboratory",470.0,0.00460,1,"2024-02-08","B",,
"00cb5085-e4fa-4b38-8660-9df300b4285d","D11","PRIN","PRIN.AOS.S2","PRIN.SS.20240207.FIL.2","A00000420222","2024-02-07T16:20Z","2024-02-07T16:20Z","Illinois State Water Survey Central Analytical Laboratory",398.0,0.00930,1,"2024-02-08","B",,
"6ebfd6dc-20b4-4c6b-a91e-1c6b42a7c4ce","D11","PRIN","PRIN.AOS.S2","PRIN.SS.20240207.FIL.3","A00000420238","2024-02-07T16:20Z","2024-02-07T16:20Z","Illinois State Water Survey Central Analytical Laboratory",428.0,0.00580,1,"2024-02-08","A",,
"056d2716-2d61-4012-8f53-ae16e4986e24","D11","PRIN","PRIN.AOS.S2","PRIN.SS.20240207.FIL.3","A00000420238","2024-02-07T16:20Z","2024-02-07T16:20Z","Illinois State Water Survey Central Analytical Laboratory",412.0,0.00680,1,"2024-02-08","A",,
"07fd1ca6-98cb-4e98-abb2-0ecc00bf43ab","D11","PRIN","PRIN.AOS.S2","PRIN.SS.20240207.FIL.2","A00000420222","2024-02-07T16:20Z","2024-02-07T16:20Z","Illinois State Water Survey Central Analytical Laboratory",270.0,0.06920,1,"2024-02-08","A",,
"3b07bf44-e025-4d3a-bf83-69fce2289862","D11","PRIN","PRIN.AOS.S2","PRIN.SS.20240207.FIL","A00000420206","2024-02-07T16:20Z","2024-02-07T16:20Z","Illinois State Water Survey Central Analytical Laboratory",338.0,0.02480,1,"2024-02-08","B",,
"cf94ce35-fea4-4f70-a449-c06b75b8b9e2","D11","PRIN","PRIN.AOS.S2","PRIN.SS.20240207.FIL.3","A00000420238","2024-02-07T16:20Z","2024-02-07T16:20Z","Illinois State Water Survey Central Analytical Laboratory",254.0,0.08150,1,"2024-02-08","B",,
"fdefa16d-2a9f-47db-b9cd-63d45a1c9fe5","D11","PRIN","PRIN.AOS.S2","PRIN.SS.20240207.FIL.3","A00000420238","2024-02-07T16:20Z","2024-02-07T16:20Z","Illinois State Water Survey Central Analytical Laboratory",524.0,0.00160,1,"2024-02-08","A",,
"c07a4189-fd05-44ef-a085-647699026b3f","D11","PRIN","PRIN.AOS.S2","PRIN.SS.20240207.FIL.2","A00000420222","2024-02-07T16:20Z","2024-02-07T16:20Z","Illinois State Water Survey Central Analytical Laboratory",416.0,0.00700,1,"2024-02-08","A",,
"c81dd969-4b56-471d-8852-ea56b286581c","D11","PRIN","PRIN.AOS.S2","PRIN.SS.20240207.FIL.2","A00000420222","2024-02-07T16:20Z","2024-02-07T16:20Z","Illinois State Water Survey Central Analytical Laboratory",476.0,0.00310,1,"2024-02-08","B",,
"9c26376d-5910-4a7a-bf19-056b1dca6722","D11","PRIN","PRIN.AOS.S2","PRIN.SS.20240207.FIL","A00000420206","2024-02-07T16:20Z","2024-02-07T16:20Z","Illinois State Water Survey Central Analytical Laboratory",500.0,0.00230,1,"2024-02-08","A",,
"d1164677-d0a5-4333-adae-34860ce7a613","D11","PRIN","PRIN.AOS.S2","PRIN.SS.20240207.FIL.3","A00000420238","2024-02-07T16:20Z","2024-02-07T16:20Z","Illinois State Water Survey Central Analytical Laboratory",338.0,0.02360,1,"2024-02-08","A",,
"b1c582d8-95f0-48dd-8059-c3f2aed6561e","D11","PRIN","PRIN.AOS.S2","PRIN.SS.20240207.FIL.3","A00000420238","2024-02-07T16:20Z","2024-02-07T16:20Z","Illinois State Water Survey Central Analytical Laboratory",552.0,0.00100,1,"2024-02-08","A",,
"334c9984-ad20-48db-9519-9f7aeaab00f2","D11","PRIN","PRIN.AOS.S2","PRIN.SS.20240207.FIL","A00000420206","2024-02-07T16:20Z","2024-02-07T16:20Z","Illinois State Water Survey Central Analytical Laboratory",538.0,0.00140,1,"2024-02-08","A",,
"4dbc8ddc-8240-4be5-975a-0cd624767309","D11","PRIN","PRIN.AOS.S2","PRIN.SS.20240207.FIL.3","A00000420238","2024-02-07T16:20Z","2024-02-07T16:20Z","Illinois State Water Survey Central Analytical Laboratory",434.0,0.00510,1,"2024-02-08","A",,
"d66f5794-693f-4a4b-816b-78ccd6a8f69c","D11","PRIN","PRIN.AOS.S2","PRIN.SS.20240207.FIL.2","A00000420222","2024-02-07T16:20Z","2024-02-07T16:20Z","Illinois State Water Survey Central Analytical Laboratory",492.0,0.00270,1,"2024-02-08","A",,
"5ea57d0b-5d75-4490-841e-2dfde51c0844","D11","PRIN","PRIN.AOS.S2","PRIN.SS.20240207.FIL","A00000420206","2024-02-07T16:20Z","2024-02-07T16:20Z","Illinois State Water Survey Central Analytical Laboratory",378.0,0.01290,1,"2024-02-08","A",,
"c1b249cd-2977-4bea-967f-7db0d11b98b1","D11","PRIN","PRIN.AOS.S2","PRIN.SS.20240207.FIL","A00000420206","2024-02-07T16:20Z","2024-02-07T16:20Z","Illinois State Water Survey Central Analytical Laboratory",302.0,0.04290,1,"2024-02-08","B",,
"b855c983-7c04-45a0-85d1-f53cc2bc0068","D11","PRIN","PRIN.AOS.S2","PRIN.SS.20240207.FIL.3","A00000420238","2024-02-07T16:20Z","2024-02-07T16:20Z","Illinois State Water Survey Central Analytical Laboratory",438.0,0.00520,1,"2024-02-08","B",,
"27088929-b278-4a57-866e-9159faa10b3d","D11","PRIN","PRIN.AOS.S2","PRIN.SS.20240207.FIL.3","A00000420238","2024-02-07T16:20Z","2024-02-07T16:20Z","Illinois State Water Survey Central Analytical Laboratory",490.0,0.00280,1,"2024-02-08","B",,
"d9aaae4f-892e-4e87-8a76-d579135a7e6f","D11","PRIN","PRIN.AOS.S2","PRIN.SS.20240207.FIL.3","A00000420238","2024-02-07T16:20Z","2024-02-07T16:20Z","Illinois State Water Survey Central Analytical Laboratory",522.0,0.00160,1,"2024-02-08","A",,
"d006cd03-fdd3-406a-b94d-70a941a81a85","D11","PRIN","PRIN.AOS.S2","PRIN.SS.20240207.FIL","A00000420206","2024-02-07T16:20Z","2024-02-07T16:20Z","Illinois State Water Survey Central Analytical Laboratory",554.0,0.00230,1,"2024-02-08","B",,
"fadc3b9b-f8a2-4df4-929a-a744b7086a0c","D11","PRIN","PRIN.AOS.S2","PRIN.SS.20240207.FIL","A00000420206","2024-02-07T16:20Z","2024-02-07T16:20Z","Illinois State Water Survey Central Analytical Laboratory",552.0,0.00250,1,"2024-02-08","B",,
"93abc3b4-dfa4-40fb-b8ac-384bce1eeb8d","D11","PRIN","PRIN.AOS.S2","PRIN.SS.20240207.FIL.3","A00000420238","2024-02-07T16:20Z","2024-02-07T16:20Z","Illinois State Water Survey Central Analytical Laboratory",326.0,0.02890,1,"2024-02-08","A",,
"f6935829-7fa0-4bff-9a93-9fe1c4e08114","D11","PRIN","PRIN.AOS.S2","PRIN.SS.20240207.FIL.2","A00000420222","2024-02-07T16:20Z","2024-02-07T16:20Z","Illinois State Water Survey Central Analytical Laboratory",252.0,0.08100,1,"2024-02-08","B",,
"e0151a56-dedc-41a8-af7c-2f0c0e159faa","D11","PRIN","PRIN.AOS.S2","PRIN.SS.20240207.FIL","A00000420206","2024-02-07T16:20Z","2024-02-07T16:20Z","Illinois State Water Survey Central Analytical Laboratory",342.0,0.02250,1,"2024-02-08","A",,
"4dc0ac64-503f-42fc-9f9a-c546817ac5a5","D11","PRIN","PRIN.AOS.S2","PRIN.SS.20240207.FIL.2","A00000420222","2024-02-07T16:20Z","2024-02-07T16:20Z","Illinois State Water Survey Central Analytical Laboratory",396.0,0.00970,1,"2024-02-08","A",,
"5a0af244-b4ed-4973-a5c7-2af03b8d1fdc","D11","PRIN","PRIN.AOS.S2","PRIN.SS.20240207.FIL.3","A00000420238","2024-02-07T16:20Z","2024-02-07T16:20Z","Illinois State Water Survey Central Analytical Laboratory",284.0,0.05930,1,"2024-02-08","B",,
"b79847d8-8a22-4c70-a77b-e01e1597a4ed","D11","PRIN","PRIN.AOS.S2","PRIN.SS.20240207.FIL.2","A00000420222","2024-02-07T16:20Z","2024-02-07T16:20Z","Illinois State Water Survey Central Analytical Laboratory",486.0,0.00300,1,"2024-02-08","A",,
"3aff1ef9-d24b-4d37-9a41-ff52743337f2","D11","PRIN","PRIN.AOS.S2","PRIN.SS.20240207.FIL.2","A00000420222","2024-02-07T16:20Z","2024-02-07T16:20Z","Illinois State Water Survey Central Analytical Laboratory",360.0,0.01750,1,"2024-02-08","A",,
"decac16a-fd8c-4947-b95a-cc31759c3676","D11","PRIN","PRIN.AOS.S2","PRIN.SS.20240207.FIL","A00000420206","2024-02-07T16:20Z","2024-02-07T16:20Z","Illinois State Water Survey Central Analytical Laboratory",510.0,0.00320,1,"2024-02-08","B",,
"5cd7a346-7d47-48c2-af05-41765df75f3d","D11","PRIN","PRIN.AOS.S2","PRIN.SS.20240207.FIL.2","A00000420222","2024-02-07T16:20Z","2024-02-07T16:20Z","Illinois State Water Survey Central Analytical Laboratory",560.0,0.00110,1,"2024-02-08","A",,
"9801443f-bb4e-4a15-adcc-28358c2fa352","D11","PRIN","PRIN.AOS.S2","PRIN.SS.20240207.FIL.2","A00000420222","2024-02-07T16:20Z","2024-02-07T16:20Z","Illinois State Water Survey Central Analytical Laboratory",280.0,0.06130,1,"2024-02-08","A",,
"c6c9846c-fefd-4de5-b8cc-12dbc4833a79","D11","PRIN","PRIN.AOS.S2","PRIN.SS.20240207.FIL.2","A00000420222","2024-02-07T16:20Z","2024-02-07T16:20Z","Illinois State Water Survey Central Analytical Laboratory",302.0,0.04270,1,"2024-02-08","A",,
"8ec1cdb8-1507-4112-887d-597780657be5","D11","PRIN","PRIN.AOS.S2","PRIN.SS.20240207.FIL.3","A00000420238","2024-02-07T16:20Z","2024-02-07T16:20Z","Illinois State Water Survey Central Analytical Laboratory",504.0,0.00210,1,"2024-02-08","B",,
"53b4108a-b2d6-4402-bfbb-26ffe558643e","D11","PRIN","PRIN.AOS.S2","PRIN.SS.20240207.FIL","A00000420206","2024-02-07T16:20Z","2024-02-07T16:20Z","Illinois State Water Survey Central Analytical Laboratory",308.0,0.03930,1,"2024-02-08","B",,
"61f2019e-77af-4c30-abb5-eec6e91c5af2","D11","PRIN","PRIN.AOS.S2","PRIN.SS.20240207.FIL","A00000420206","2024-02-07T16:20Z","2024-02-07T16:20Z","Illinois State Water Survey Central Analytical Laboratory",400.0,0.00910,1,"2024-02-08","A",,
"792a649f-6c8b-404c-929b-84125f1db6f0","D11","PRIN","PRIN.AOS.S2","PRIN.SS.20240207.FIL.2","A00000420222","2024-02-07T16:20Z","2024-02-07T16:20Z","Illinois State Water Survey Central Analytical Laboratory",390.0,0.01070,1,"2024-02-08","B",,
"4006a8ba-e7f6-474e-a248-ff05cdd27afe","D11","PRIN","PRIN.AOS.S2","PRIN.SS.20240207.FIL.2","A00000420222","2024-02-07T16:20Z","2024-02-07T16:20Z","Illinois State Water Survey Central Analytical Laboratory",300.0,0.04380,1,"2024-02-08","B",,
"2b20f793-02a8-4cd0-9ca9-051bcfdc803d","D11","PRIN","PRIN.AOS.S2","PRIN.SS.20240207.FIL.2","A00000420222","2024-02-07T16:20Z","2024-02-07T16:20Z","Illinois State Water Survey Central Analytical Laboratory",270.0,0.06880,1,"2024-02-08","B",,
"017ea596-6ddc-4b31-bb89-38af0e9e2022","D11","PRIN","PRIN.AOS.S2","PRIN.SS.20240207.FIL","A00000420206","2024-02-07T16:20Z","2024-02-07T16:20Z","Illinois State Water Survey Central Analytical Laboratory",492.0,0.00390,1,"2024-02-08","B",,
"0826f23e-5ef7-4bef-a141-32708b93b217","D11","PRIN","PRIN.AOS.S2","PRIN.SS.20240207.FIL","A00000420206","2024-02-07T16:20Z","2024-02-07T16:20Z","Illinois State Water Survey Central Analytical Laboratory",356.0,0.01810,1,"2024-02-08","A",,
"4a79cc5d-8391-42c0-a11f-979850dd1e51","D11","PRIN","PRIN.AOS.S2","PRIN.SS.20240207.FIL","A00000420206","2024-02-07T16:20Z","2024-02-07T16:20Z","Illinois State Water Survey Central Analytical Laboratory",458.0,0.00380,1,"2024-02-08","A",,
"810b1dbf-6e9c-45a0-be93-d5299027e696","D11","PRIN","PRIN.AOS.S2","PRIN.SS.20240207.FIL","A00000420206","2024-02-07T16:20Z","2024-02-07T16:20Z","Illinois State Water Survey Central Analytical Laboratory",412.0,0.00700,1,"2024-02-08","A",,
"9a82ce1e-5b8a-4699-a1a7-ec3158445846","D11","PRIN","PRIN.AOS.S2","PRIN.SS.20240207.FIL.2","A00000420222","2024-02-07T16:20Z","2024-02-07T16:20Z","Illinois State Water Survey Central Analytical Laboratory",226.0,0.13530,1,"2024-02-08","A",,
"db04a1ea-c9fa-40d0-abfa-40049a564d11","D11","PRIN","PRIN.AOS.S2","PRIN.SS.20240207.FIL.2","A00000420222","2024-02-07T16:20Z","2024-02-07T16:20Z","Illinois State Water Survey Central Analytical Laboratory",332.0,0.02670,1,"2024-02-08","A",,
"3decc079-17d7-4261-b4ce-f976272f1027","D11","PRIN","PRIN.AOS.S2","PRIN.SS.20240207.FIL","A00000420206","2024-02-07T16:20Z","2024-02-07T16:20Z","Illinois State Water Survey Central Analytical Laboratory",582.0,0.00150,1,"2024-02-08","B",,
"3c4e1205-4581-442a-8beb-c659597d08f5","D11","PRIN","PRIN.AOS.S2","PRIN.SS.20240207.FIL.2","A00000420222","2024-02-07T16:20Z","2024-02-07T16:20Z","Illinois State Water Survey Central Analytical Laboratory",358.0,0.01810,1,"2024-02-08","A",,
"c8b9f2e3-b583-43ca-ad45-baaa721e9e51","D11","PRIN","PRIN.AOS.S2","PRIN.SS.20240207.FIL.2","A00000420222","2024-02-07T16:20Z","2024-02-07T16:20Z","Illinois State Water Survey Central Analytical Laboratory",468.0,0.00320,1,"2024-02-08","A",,
"00e1e6b2-1bae-45ab-bcdb-b07c47d114b2","D11","PRIN","PRIN.AOS.S2","PRIN.SS.20240207.FIL.3","A00000420238","2024-02-07T16:20Z","2024-02-07T16:20Z","Illinois State Water Survey Central Analytical Laboratory",286.0,0.05490,1,"2024-02-08","A",,
"6faca82c-8a5e-434e-96bb-d0b557acbff6","D11","PRIN","PRIN.AOS.S2","PRIN.SS.20240207.FIL.3","A00000420238","2024-02-07T16:20Z","2024-02-07T16:20Z","Illinois State Water Survey Central Analytical Laboratory",228.0,0.12820,1,"2024-02-08","B",,
"e79b1246-657e-4af4-a361-bfd08efbe566","D11","PRIN","PRIN.AOS.S2","PRIN.SS.20240207.FIL.3","A00000420238","2024-02-07T16:20Z","2024-02-07T16:20Z","Illinois State Water Survey Central Analytical Laboratory",342.0,0.02320,1,"2024-02-08","B",,
"33a4c458-682d-49c3-a539-92a4646d4148","D11","PRIN","PRIN.AOS.S2","PRIN.SS.20240207.FIL.3","A00000420238","2024-02-07T16:20Z","2024-02-07T16:20Z","Illinois State Water Survey Central Analytical Laboratory",290.0,0.05360,1,"2024-02-08","B",,
"3b4a1f94-8b36-4f23-96da-57605869a850","D11","PRIN","PRIN.AOS.S2","PRIN.SS.20240207.FIL.3","A00000420238","2024-02-07T16:20Z","2024-02-07T16:20Z","Illinois State Water Survey Central Analytical Laboratory",556.0,0.00110,1,"2024-02-08","B",,
"6acf3cfd-5af1-4df9-bb5b-c9d864080ea1","D11","PRIN","PRIN.AOS.S2","PRIN.SS.20240207.FIL.3","A00000420238","2024-02-07T16:20Z","2024-02-07T16:20Z","Illinois State Water Survey Central Analytical Laboratory",582.0,0.00040,1,"2024-02-08","A",,
"35478d1b-77b5-4d4a-b7d8-c57cca5c48e3","D11","PRIN","PRIN.AOS.S2","PRIN.SS.20240207.FIL.2","A00000420222","2024-02-07T16:20Z","2024-02-07T16:20Z","Illinois State Water Survey Central Analytical Laboratory",372.0,0.01420,1,"2024-02-08","B",,
"5155488d-b30b-4480-8574-0c4bdf8577f4","D11","PRIN","PRIN.AOS.S2","PRIN.SS.20240207.FIL.2","A00000420222","2024-02-07T16:20Z","2024-02-07T16:20Z","Illinois State Water Survey Central Analytical Laboratory",454.0,0.00360,1,"2024-02-08","B",,
"0b777a75-4e40-4291-9707-73863c11681f","D11","PRIN","PRIN.AOS.S2","PRIN.SS.20240207.FIL.2","A00000420222","2024-02-07T16:20Z","2024-02-07T16:20Z","Illinois State Water Survey Central Analytical Laboratory",280.0,0.06090,1,"2024-02-08","B",,
"c32ae1dd-c04d-4dc3-ab91-c85712b5c0a7","D11","PRIN","PRIN.AOS.S2","PRIN.SS.20240207.FIL.2","A00000420222","2024-02-07T16:20Z","2024-02-07T16:20Z","Illinois State Water Survey Central Analytical Laboratory",582.0,0.00010,1,"2024-02-08","B",,
"ddba3637-6bfe-4a33-9e13-ad9f1768d649","D11","PRIN","PRIN.AOS.S2","PRIN.SS.20240207.FIL.2","A00000420222","2024-02-07T16:20Z","2024-02-07T16:20Z","Illinois State Water Survey Central Analytical Laboratory",584.0,0.00050,1,"2024-02-08","B",,
"4aeb7234-d438-48ae-a551-69f5de29b13c","D11","PRIN","PRIN.AOS.S2","PRIN.SS.20240207.FIL.2","A00000420222","2024-02-07T16:20Z","2024-02-07T16:20Z","Illinois State Water Survey Central Analytical Laboratory",454.0,0.00390,1,"2024-02-08","A",,
"e485efbc-c601-47de-8fb5-a8f87599090a","D11","PRIN","PRIN.AOS.S2","PRIN.SS.20240207.FIL.2","A00000420222","2024-02-07T16:20Z","2024-02-07T16:20Z","Illinois State Water Survey Central Analytical Laboratory",394.0,0.00990,1,"2024-02-08","B",,
"da5d3afe-d47b-421a-9867-122cfe71b169","D11","PRIN","PRIN.AOS.S2","PRIN.SS.20240207.FIL.2","A00000420222","2024-02-07T16:20Z","2024-02-07T16:20Z","Illinois State Water Survey Central Analytical Laboratory",418.0,0.00650,1,"2024-02-08","B",,
"5f2cea25-ede8-406c-9278-0ba62345db16","D11","PRIN","PRIN.AOS.S2","PRIN.SS.20240207.FIL.2","A00000420222","2024-02-07T16:20Z","2024-02-07T16:20Z","Illinois State Water Survey Central Analytical Laboratory",584.0,0.00090,1,"2024-02-08","A",,
"6e0e1504-022d-41f3-9116-c8b30d2ef867","D11","PRIN","PRIN.AOS.S2","PRIN.SS.20240207.FIL","A00000420206","2024-02-07T16:20Z","2024-02-07T16:20Z","Illinois State Water Survey Central Analytical Laboratory",334.0,0.02650,1,"2024-02-08","B",,
"393228a9-e8f8-4834-ada2-7be327adb38a","D11","PRIN","PRIN.AOS.S2","PRIN.SS.20240207.FIL.3","A00000420238","2024-02-07T16:20Z","2024-02-07T16:20Z","Illinois State Water Survey Central Analytical Laboratory",542.0,0.00110,1,"2024-02-08","A",,
"a256772f-875c-4697-8e01-79019019d523","D11","PRIN","PRIN.AOS.S2","PRIN.SS.20240207.FIL.3","A00000420238","2024-02-07T16:20Z","2024-02-07T16:20Z","Illinois State Water Survey Central Analytical Laboratory",588.0,0.00070,1,"2024-02-08","B",,
"c44477c3-0242-478a-806a-b87faf7d7c47","D11","PRIN","PRIN.AOS.S2","PRIN.SS.20240207.FIL.2","A00000420222","2024-02-07T16:20Z","2024-02-07T16:20Z","Illinois State Water Survey Central Analytical Laboratory",472.0,0.00340,1,"2024-02-08","A",,
"81e87f13-fbde-4f59-b8bc-2fc8dc5e582d","D11","PRIN","PRIN.AOS.S2","PRIN.SS.20240207.FIL.3","A00000420238","2024-02-07T16:20Z","2024-02-07T16:20Z","Illinois State Water Survey Central Analytical Laboratory",230.0,0.11780,1,"2024-02-08","A",,
"d32bf063-a05b-4d0a-9e02-138ee53d578e","D11","PRIN","PRIN.AOS.S2","PRIN.SS.20240207.FIL","A00000420206","2024-02-07T16:20Z","2024-02-07T16:20Z","Illinois State Water Survey Central Analytical Laboratory",582.0,0.00050,1,"2024-02-08","A",,
"c44a2b22-8ab1-4d3e-83c4-19a1f0090014","D11","PRIN","PRIN.AOS.S2","PRIN.SS.20240207.FIL.3","A00000420238","2024-02-07T16:20Z","2024-02-07T16:20Z","Illinois State Water Survey Central Analytical Laboratory",600.0,0.00130,1,"2024-02-08","B",,
"e0c9306c-5480-436f-9094-1c4585d760eb","D11","PRIN","PRIN.AOS.S2","PRIN.SS.20240207.FIL.3","A00000420238","2024-02-07T16:20Z","2024-02-07T16:20Z","Illinois State Water Survey Central Analytical Laboratory",588.0,0.00060,1,"2024-02-08","A",,
"fa0b3666-8696-4040-8ffc-11738ae3946a","D11","PRIN","PRIN.AOS.S2","PRIN.SS.20240207.FIL.3","A00000420238","2024-02-07T16:20Z","2024-02-07T16:20Z","Illinois State Water Survey Central Analytical Laboratory",262.0,0.07350,1,"2024-02-08","A",,
"8dbbf235-331c-44f5-9027-5cd1df182ce8","D11","PRIN","PRIN.AOS.S2","PRIN.SS.20240207.FIL.3","A00000420238","2024-02-07T16:20Z","2024-02-07T16:20Z","Illinois State Water Survey Central Analytical Laboratory",360.0,0.01750,1,"2024-02-08","B",,
"17a623d5-01ed-4543-8dda-8c6f68a871f6","D11","PRIN","PRIN.AOS.S2","PRIN.SS.20240207.FIL.3","A00000420238","2024-02-07T16:20Z","2024-02-07T16:20Z","Illinois State Water Survey Central Analytical Laboratory",382.0,0.01160,1,"2024-02-08","A",,
"daa95a17-2cc7-4877-8bf3-6aa7e5df8465","D11","PRIN","PRIN.AOS.S2","PRIN.SS.20240207.FIL.3","A00000420238","2024-02-07T16:20Z","2024-02-07T16:20Z","Illinois State Water Survey Central Analytical Laboratory",522.0,0.00210,1,"2024-02-08","B",,
"76a0f63a-b4a2-4150-9fb2-16d1ce976163","D11","PRIN","PRIN.AOS.S2","PRIN.SS.20240207.FIL.3","A00000420238","2024-02-07T16:20Z","2024-02-07T16:20Z","Illinois State Water Survey Central Analytical Laboratory",498.0,0.00240,1,"2024-02-08","A",,
"0af9e1a1-94ad-42ec-b90a-65af0bb94ad2","D11","PRIN","PRIN.AOS.S2","PRIN.SS.20240207.FIL.3","A00000420238","2024-02-07T16:20Z","2024-02-07T16:20Z","Illinois State Water Survey Central Analytical Laboratory",452.0,0.00380,1,"2024-02-08","A",,
"7e913986-f648-4424-829b-a2f364ca5012","D11","PRIN","PRIN.AOS.S2","PRIN.SS.20240207.FIL","A00000420206","2024-02-07T16:20Z","2024-02-07T16:20Z","Illinois State Water Survey Central Analytical Laboratory",496.0,0.00260,1,"2024-02-08","A",,
"282bd9b2-213d-49c5-838f-68185089d26a","D11","PRIN","PRIN.AOS.S2","PRIN.SS.20240207.FIL","A00000420206","2024-02-07T16:20Z","2024-02-07T16:20Z","Illinois State Water Survey Central Analytical Laboratory",378.0,0.01400,1,"2024-02-08","B",,
"87b93d5b-fcff-4f39-a1e8-3e18ea463b0c","D11","PRIN","PRIN.AOS.S2","PRIN.SS.20240207.FIL.3","A00000420238","2024-02-07T16:20Z","2024-02-07T16:20Z","Illinois State Water Survey Central Analytical Laboratory",448.0,0.00470,1,"2024-02-08","B",,
"306e3bd6-d033-4059-a0b9-20d4893b28f8","D11","PRIN","PRIN.AOS.S2","PRIN.SS.20240207.FIL.3","A00000420238","2024-02-07T16:20Z","2024-02-07T16:20Z","Illinois State Water Survey Central Analytical Laboratory",486.0,0.00310,1,"2024-02-08","B",,
"d1ca1550-8bba-4cab-abed-429bb92a1099","D11","PRIN","PRIN.AOS.S2","PRIN.SS.20240207.FIL.2","A00000420222","2024-02-07T16:20Z","2024-02-07T16:20Z","Illinois State Water Survey Central Analytical Laboratory",412.0,0.00710,1,"2024-02-08","B",,
"f0e24622-98b4-4d55-83f7-0933fc8d738e","D11","PRIN","PRIN.AOS.S2","PRIN.SS.20240207.FIL.2","A00000420222","2024-02-07T16:20Z","2024-02-07T16:20Z","Illinois State Water Survey Central Analytical Laboratory",536.0,0.00140,1,"2024-02-08","B",,
"f87b39df-3116-4a5c-b781-9487fb8122b9","D11","PRIN","PRIN.AOS.S2","PRIN.SS.20240207.FIL","A00000420206","2024-02-07T16:20Z","2024-02-07T16:20Z","Illinois State Water Survey Central Analytical Laboratory",436.0,0.00650,1,"2024-02-08","B",,
"ee19ccc3-5ae6-4f33-8af5-0dc3ba3b6efa","D11","PRIN","PRIN.AOS.S2","PRIN.SS.20240207.FIL.2","A00000420222","2024-02-07T16:20Z","2024-02-07T16:20Z","Illinois State Water Survey Central Analytical Laboratory",330.0,0.02750,1,"2024-02-08","B",,
"e4677bef-f5d0-4675-abd6-44eeda14f69c","D11","PRIN","PRIN.AOS.S2","PRIN.SS.20240207.FIL","A00000420206","2024-02-07T16:20Z","2024-02-07T16:20Z","Illinois State Water Survey Central Analytical Laboratory",340.0,0.02330,1,"2024-02-08","A",,
"b82197aa-ce45-4a2b-8ccc-4b8e3bd7f1c5","D11","PRIN","PRIN.AOS.S2","PRIN.SS.20240207.FIL.3","A00000420238","2024-02-07T16:20Z","2024-02-07T16:20Z","Illinois State Water Survey Central Analytical Laboratory",362.0,0.01700,1,"2024-02-08","B",,
"f443059a-bbe0-46a1-8068-55bf68f03033","D11","PRIN","PRIN.AOS.S2","PRIN.SS.20240207.FIL.2","A00000420222","2024-02-07T16:20Z","2024-02-07T16:20Z","Illinois State Water Survey Central Analytical Laboratory",408.0,0.00780,1,"2024-02-08","B",,
"0728cf1a-c4ed-4e8a-87eb-3847e7ecc670","D11","PRIN","PRIN.AOS.S2","PRIN.SS.20240207.FIL.3","A00000420238","2024-02-07T16:20Z","2024-02-07T16:20Z","Illinois State Water Survey Central Analytical Laboratory",510.0,0.00190,1,"2024-02-08","B",,
"b8a51c03-7d78-43d7-8ce0-25151d6325da","D11","PRIN","PRIN.AOS.S2","PRIN.SS.20240207.FIL","A00000420206","2024-02-07T16:20Z","2024-02-07T16:20Z","Illinois State Water Survey Central Analytical Laboratory",406.0,0.00940,1,"2024-02-08","B",,
"c8d1219d-34ef-4667-8a81-e8c82b0ba12c","D11","PRIN","PRIN.AOS.S2","PRIN.SS.20240207.FIL","A00000420206","2024-02-07T16:20Z","2024-02-07T16:20Z","Illinois State Water Survey Central Analytical Laboratory",502.0,0.00210,1,"2024-02-08","A",,
"da68504f-de34-41bc-9373-98774af5a9c5","D11","PRIN","PRIN.AOS.S2","PRIN.SS.20240207.FIL.3","A00000420238","2024-02-07T16:20Z","2024-02-07T16:20Z","Illinois State Water Survey Central Analytical Laboratory",532.0,0.00150,1,"2024-02-08","B",,
"bb26d6e7-d290-4317-8bc7-6fdc60908401","D11","PRIN","PRIN.AOS.S2","PRIN.SS.20240207.FIL","A00000420206","2024-02-07T16:20Z","2024-02-07T16:20Z","Illinois State Water Survey Central Analytical Laboratory",362.0,0.01640,1,"2024-02-08","A",,
"c3f20403-ae12-4787-988a-1fd85c93845b","D11","PRIN","PRIN.AOS.S2","PRIN.SS.20240207.FIL","A00000420206","2024-02-07T16:20Z","2024-02-07T16:20Z","Illinois State Water Survey Central Analytical Laboratory",390.0,0.01060,1,"2024-02-08","A",,
"f4979bda-895a-4409-b3ca-cafa76dbbdff","D11","PRIN","PRIN.AOS.S2","PRIN.SS.20240207.FIL.2","A00000420222","2024-02-07T16:20Z","2024-02-07T16:20Z","Illinois State Water Survey Central Analytical Laboratory",262.0,0.07440,1,"2024-02-08","B",,
"f375fda6-8f81-4f3c-8072-c2f1fe5471f9","D11","PRIN","PRIN.AOS.S2","PRIN.SS.20240207.FIL","A00000420206","2024-02-07T16:20Z","2024-02-07T16:20Z","Illinois State Water Survey Central Analytical Laboratory",304.0,0.04180,1,"2024-02-08","B",,
"33701bea-90db-4a06-92e4-da019ccdce26","D11","PRIN","PRIN.AOS.S2","PRIN.SS.20240207.FIL.2","A00000420222","2024-02-07T16:20Z","2024-02-07T16:20Z","Illinois State Water Survey Central Analytical Laboratory",236.0,0.10260,1,"2024-02-08","A",,
"fdff7a99-854b-47f9-9737-92be2b95d7c3","D11","PRIN","PRIN.AOS.S2","PRIN.SS.20240207.FIL","A00000420206","2024-02-07T16:20Z","2024-02-07T16:20Z","Illinois State Water Survey Central Analytical Laboratory",232.0,0.11150,1,"2024-02-08","A",,
"884c3179-312e-4d31-8e5d-217fc78d1829","D11","PRIN","PRIN.AOS.S2","PRIN.SS.20240207.FIL.3","A00000420238","2024-02-07T16:20Z","2024-02-07T16:20Z","Illinois State Water Survey Central Analytical Laboratory",544.0,0.00130,1,"2024-02-08","A",,
"1103a9a6-836b-4c06-9e21-fa5ef9172085","D11","PRIN","PRIN.AOS.S2","PRIN.SS.20240207.FIL","A00000420206","2024-02-07T16:20Z","2024-02-07T16:20Z","Illinois State Water Survey Central Analytical Laboratory",366.0,0.01540,1,"2024-02-08","A",,
"d9c48c81-6e70-403c-8634-7bc9fdc2b731","D11","PRIN","PRIN.AOS.S2","PRIN.SS.20240207.FIL.3","A00000420238","2024-02-07T16:20Z","2024-02-07T16:20Z","Illinois State Water Survey Central Analytical Laboratory",394.0,0.01040,1,"2024-02-08","B",,
"48e05824-cdab-4e03-9ad5-d118849d2d4d","D11","PRIN","PRIN.AOS.S2","PRIN.SS.20240207.FIL.3","A00000420238","2024-02-07T16:20Z","2024-02-07T16:20Z","Illinois State Water Survey Central Analytical Laboratory",490.0,0.00240,1,"2024-02-08","A",,
"d76a0957-6916-440a-b3d7-515562401798","D11","PRIN","PRIN.AOS.S2","PRIN.SS.20240207.FIL","A00000420206","2024-02-07T16:20Z","2024-02-07T16:20Z","Illinois State Water Survey Central Analytical Laboratory",318.0,0.03310,1,"2024-02-08","A",,
"55840698-1694-4de4-85be-232e85d4b17d","D11","PRIN","PRIN.AOS.S2","PRIN.SS.20240207.FIL.3","A00000420238","2024-02-07T16:20Z","2024-02-07T16:20Z","Illinois State Water Survey Central Analytical Laboratory",560.0,0.00120,1,"2024-02-08","B",,
"7e73f44b-3ab8-4ad1-ba58-44c3c93e3d74","D11","PRIN","PRIN.AOS.S2","PRIN.SS.20240207.FIL.2","A00000420222","2024-02-07T16:20Z","2024-02-07T16:20Z","Illinois State Water Survey Central Analytical Laboratory",256.0,0.07840,1,"2024-02-08","B",,
"8a26d248-0e47-48c8-929c-8ba5fccdf6bf","D11","PRIN","PRIN.AOS.S2","PRIN.SS.20240207.FIL","A00000420206","2024-02-07T16:20Z","2024-02-07T16:20Z","Illinois State Water Survey Central Analytical Laboratory",368.0,0.01610,1,"2024-02-08","B",,
"2f680d76-358e-4b0f-b1e0-ee5734d51050","D11","PRIN","PRIN.AOS.S2","PRIN.SS.20240207.FIL","A00000420206","2024-02-07T16:20Z","2024-02-07T16:20Z","Illinois State Water Survey Central Analytical Laboratory",300.0,0.04420,1,"2024-02-08","B",,
"49a56218-e5b3-4da7-9e18-4d93c55d90bf","D11","PRIN","PRIN.AOS.S2","PRIN.SS.20240207.FIL.3","A00000420238","2024-02-07T16:20Z","2024-02-07T16:20Z","Illinois State Water Survey Central Analytical Laboratory",584.0,0.00060,1,"2024-02-08","B",,
"3924b898-9533-48cf-b45f-9ffb867f69a9","D11","PRIN","PRIN.AOS.S2","PRIN.SS.20240207.FIL.2","A00000420222","2024-02-07T16:20Z","2024-02-07T16:20Z","Illinois State Water Survey Central Analytical Laboratory",374.0,0.01340,1,"2024-02-08","B",,
"02650f87-d75d-4515-b5ef-f71919228dc4","D11","PRIN","PRIN.AOS.S2","PRIN.SS.20240207.FIL.2","A00000420222","2024-02-07T16:20Z","2024-02-07T16:20Z","Illinois State Water Survey Central Analytical Laboratory",340.0,0.02340,1,"2024-02-08","B",,
"6244b071-2079-4f86-939c-4ccf989d3f95","D11","PRIN","PRIN.AOS.S2","PRIN.SS.20240207.FIL.2","A00000420222","2024-02-07T16:20Z","2024-02-07T16:20Z","Illinois State Water Survey Central Analytical Laboratory",534.0,0.00150,1,"2024-02-08","B",,
"3482c6d8-071e-49d1-a4e3-c2a4ef451048","D11","PRIN","PRIN.AOS.S2","PRIN.SS.20240207.FIL","A00000420206","2024-02-07T16:20Z","2024-02-07T16:20Z","Illinois State Water Survey Central Analytical Laboratory",252.0,0.08040,1,"2024-02-08","A",,
"60c083a6-5d0e-4437-a447-4c202047f493","D11","PRIN","PRIN.AOS.S2","PRIN.SS.20240207.FIL.3","A00000420238","2024-02-07T16:20Z","2024-02-07T16:20Z","Illinois State Water Survey Central Analytical Laboratory",470.0,0.00360,1,"2024-02-08","B",,
"b1a787b3-8da7-438a-8ad8-cdf40034f572","D11","PRIN","PRIN.AOS.S2","PRIN.SS.20240207.FIL.3","A00000420238","2024-02-07T16:20Z","2024-02-07T16:20Z","Illinois State Water Survey Central Analytical Laboratory",228.0,0.12400,1,"2024-02-08","A",,
"b2f4c897-5ffd-4740-a32f-03a92ed7f6ec","D11","PRIN","PRIN.AOS.S2","PRIN.SS.20240207.FIL.3","A00000420238","2024-02-07T16:20Z","2024-02-07T16:20Z","Illinois State Water Survey Central Analytical Laboratory",544.0,0.00140,1,"2024-02-08","B",,
"7ef3b8b5-32a1-430e-8282-da5d515f86b0","D11","PRIN","PRIN.AOS.S2","PRIN.SS.20240207.FIL","A00000420206","2024-02-07T16:20Z","2024-02-07T16:20Z","Illinois State Water Survey Central Analytical Laboratory",520.0,0.00320,1,"2024-02-08","B",,
"a13728b9-629c-48de-bdbb-8ac96922182d","D11","PRIN","PRIN.AOS.S2","PRIN.SS.20240207.FIL.3","A00000420238","2024-02-07T16:20Z","2024-02-07T16:20Z","Illinois State Water Survey Central Analytical Laboratory",446.0,0.00440,1,"2024-02-08","A",,
"b0570fea-7e3f-4883-bbf3-7dd53e2cbeb0","D11","PRIN","PRIN.AOS.S2","PRIN.SS.20240207.FIL","A00000420206","2024-02-07T16:20Z","2024-02-07T16:20Z","Illinois State Water Survey Central Analytical Laboratory",538.0,0.00270,1,"2024-02-08","B",,
"c922c5e6-cadc-4052-b433-6e5ead278f54","D11","PRIN","PRIN.AOS.S2","PRIN.SS.20240207.FIL","A00000420206","2024-02-07T16:20Z","2024-02-07T16:20Z","Illinois State Water Survey Central Analytical Laboratory",600.0,0.00100,1,"2024-02-08","A",,
"013cf814-3715-46fc-a9f9-9028a5b31b01","D11","PRIN","PRIN.AOS.S2","PRIN.SS.20240207.FIL.3","A00000420238","2024-02-07T16:20Z","2024-02-07T16:20Z","Illinois State Water Survey Central Analytical Laboratory",496.0,0.00270,1,"2024-02-08","B",,
"a133e2b7-5719-4b06-b419-7a0bf42e40ff","D11","PRIN","PRIN.AOS.S2","PRIN.SS.20240207.FIL.3","A00000420238","2024-02-07T16:20Z","2024-02-07T16:20Z","Illinois State Water Survey Central Analytical Laboratory",288.0,0.05310,1,"2024-02-08","A",,
"d957dfb7-2d8e-4de2-88bf-3bc7f5151a95","D11","PRIN","PRIN.AOS.S2","PRIN.SS.20240207.FIL.2","A00000420222","2024-02-07T16:20Z","2024-02-07T16:20Z","Illinois State Water Survey Central Analytical Laboratory",284.0,0.05760,1,"2024-02-08","A",,
"25f3d8e2-af12-48aa-b266-95c300b4ca3a","D11","PRIN","PRIN.AOS.S2","PRIN.SS.20240207.FIL.3","A00000420238","2024-02-07T16:20Z","2024-02-07T16:20Z","Illinois State Water Survey Central Analytical Laboratory",338.0,0.02470,1,"2024-02-08","B",,
"b98c7c02-dd6c-47c9-b979-3172881de8f1","D11","PRIN","PRIN.AOS.S2","PRIN.SS.20240207.FIL.3","A00000420238","2024-02-07T16:20Z","2024-02-07T16:20Z","Illinois State Water Survey Central Analytical Laboratory",402.0,0.00860,1,"2024-02-08","A",,
"4fdf648a-9343-49ea-ac4b-f286a047e8bd","D11","PRIN","PRIN.AOS.S2","PRIN.SS.20240207.FIL.3","A00000420238","2024-02-07T16:20Z","2024-02-07T16:20Z","Illinois State Water Survey Central Analytical Laboratory",236.0,0.10410,1,"2024-02-08","B",,
"01ac4051-ce1c-4dcf-b599-46e2ed297be6","D11","PRIN","PRIN.AOS.S2","PRIN.SS.20240207.FIL.2","A00000420222","2024-02-07T16:20Z","2024-02-07T16:20Z","Illinois State Water Survey Central Analytical Laboratory",260.0,0.07630,1,"2024-02-08","A",,
"5f887020-0ec6-42a7-8214-8140b68c70a8","D11","PRIN","PRIN.AOS.S2","PRIN.SS.20240207.FIL","A00000420206","2024-02-07T16:20Z","2024-02-07T16:20Z","Illinois State Water Survey Central Analytical Laboratory",238.0,0.09830,1,"2024-02-08","B",,
"0d58b2c9-f76b-405f-b488-eee2a0f7f32c","D11","PRIN","PRIN.AOS.S2","PRIN.SS.20240207.FIL.2","A00000420222","2024-02-07T16:20Z","2024-02-07T16:20Z","Illinois State Water Survey Central Analytical Laboratory",510.0,0.00170,1,"2024-02-08","B",,
"d63e1170-e391-4cbb-96f4-3724c118e982","D11","PRIN","PRIN.AOS.S2","PRIN.SS.20240207.FIL.3","A00000420238","2024-02-07T16:20Z","2024-02-07T16:20Z","Illinois State Water Survey Central Analytical Laboratory",230.0,0.12180,1,"2024-02-08","B",,
"ce42d5b4-6f2b-4097-b529-50520915567a","D11","PRIN","PRIN.AOS.S2","PRIN.SS.20240207.FIL.2","A00000420222","2024-02-07T16:20Z","2024-02-07T16:20Z","Illinois State Water Survey Central Analytical Laboratory",450.0,0.00410,1,"2024-02-08","B",,
"cac292f4-b4b2-4238-a3bb-6ecba4a7f5a1","D11","PRIN","PRIN.AOS.S2","PRIN.SS.20240207.FIL","A00000420206","2024-02-07T16:20Z","2024-02-07T16:20Z","Illinois State Water Survey Central Analytical Laboratory",436.0,0.00530,1,"2024-02-08","A",,
"2c7cac1a-b3cc-478f-8c1f-749301f16749","D11","PRIN","PRIN.AOS.S2","PRIN.SS.20240207.FIL.3","A00000420238","2024-02-07T16:20Z","2024-02-07T16:20Z","Illinois State Water Survey Central Analytical Laboratory",222.0,0.15540,1,"2024-02-08","A",,
"3d3d2e30-d074-469e-982d-f9a1fc296616","D11","PRIN","PRIN.AOS.S2","PRIN.SS.20240207.FIL.2","A00000420222","2024-02-07T16:20Z","2024-02-07T16:20Z","Illinois State Water Survey Central Analytical Laboratory",254.0,0.08020,1,"2024-02-08","A",,
"10d1456c-196f-4561-8bbf-038ab5b43713","D11","PRIN","PRIN.AOS.S2","PRIN.SS.20240207.FIL","A00000420206","2024-02-07T16:20Z","2024-02-07T16:20Z","Illinois State Water Survey Central Analytical Laboratory",282.0,0.05860,1,"2024-02-08","A",,
"3597e6cf-7599-4129-a754-d71d4a457fbb","D11","PRIN","PRIN.AOS.S2","PRIN.SS.20240207.FIL","A00000420206","2024-02-07T16:20Z","2024-02-07T16:20Z","Illinois State Water Survey Central Analytical Laboratory",330.0,0.02730,1,"2024-02-08","A",,
"296e9b26-de95-493a-b795-1de1ea5a4bc5","D11","PRIN","PRIN.AOS.S2","PRIN.SS.20240207.FIL.2","A00000420222","2024-02-07T16:20Z","2024-02-07T16:20Z","Illinois State Water Survey Central Analytical Laboratory",276.0,0.06450,1,"2024-02-08","A",,
"c606f165-ade1-4fbf-940b-6defbc5345e9","D11","PRIN","PRIN.AOS.S2","PRIN.SS.20240207.FIL","A00000420206","2024-02-07T16:20Z","2024-02-07T16:20Z","Illinois State Water Survey Central Analytical Laboratory",388.0,0.01190,1,"2024-02-08","B",,
"a25464ba-a36c-4b70-ba82-ca0d2d5b5d89","D11","PRIN","PRIN.AOS.S2","PRIN.SS.20240207.FIL","A00000420206","2024-02-07T16:20Z","2024-02-07T16:20Z","Illinois State Water Survey Central Analytical Laboratory",420.0,0.00770,1,"2024-02-08","B",,
"9a97a56e-d291-4917-9507-c9dc118fba34","D11","PRIN","PRIN.AOS.S2","PRIN.SS.20240207.FIL.3","A00000420238","2024-02-07T16:20Z","2024-02-07T16:20Z","Illinois State Water Survey Central Analytical Laboratory",266.0,0.07120,1,"2024-02-08","A",,
"ce8d3c2c-056d-4d5e-bee6-0031533b859e","D11","PRIN","PRIN.AOS.S2","PRIN.SS.20240207.FIL.3","A00000420238","2024-02-07T16:20Z","2024-02-07T16:20Z","Illinois State Water Survey Central Analytical Laboratory",398.0,0.00970,1,"2024-02-08","B",,
"57ffb083-cc0a-4f74-b03a-a3293f088cb7","D11","PRIN","PRIN.AOS.S2","PRIN.SS.20240207.FIL.2","A00000420222","2024-02-07T16:20Z","2024-02-07T16:20Z","Illinois State Water Survey Central Analytical Laboratory",548.0,0.00130,1,"2024-02-08","B",,
"824b8fba-9080-43f6-8070-9bee18fb04d5","D11","PRIN","PRIN.AOS.S2","PRIN.SS.20240207.FIL.3","A00000420238","2024-02-07T16:20Z","2024-02-07T16:20Z","Illinois State Water Survey Central Analytical Laboratory",318.0,0.03400,1,"2024-02-08","B",,
"1b91c758-eca1-46ab-bb2a-59bc661f63a4","D11","PRIN","PRIN.AOS.S2","PRIN.SS.20240207.FIL.3","A00000420238","2024-02-07T16:20Z","2024-02-07T16:20Z","Illinois State Water Survey Central Analytical Laboratory",562.0,0.00120,1,"2024-02-08","B",,
"59de1040-237c-4465-9ee0-773ea494ede2","D11","PRIN","PRIN.AOS.S2","PRIN.SS.20240207.FIL.2","A00000420222","2024-02-07T16:20Z","2024-02-07T16:20Z","Illinois State Water Survey Central Analytical Laboratory",422.0,0.00650,1,"2024-02-08","B",,
"26301391-61d3-47dd-9c1c-ac682917f581","D11","PRIN","PRIN.AOS.S2","PRIN.SS.20240207.FIL.3","A00000420238","2024-02-07T16:20Z","2024-02-07T16:20Z","Illinois State Water Survey Central Analytical Laboratory",598.0,0.00060,1,"2024-02-08","A",,
"a343b150-bcb7-4f5a-a7cf-901b9182af78","D11","PRIN","PRIN.AOS.S2","PRIN.SS.20240207.FIL.3","A00000420238","2024-02-07T16:20Z","2024-02-07T16:20Z","Illinois State Water Survey Central Analytical Laboratory",330.0,0.02800,1,"2024-02-08","B",,
"c24106f9-680c-4d2b-81ca-5a53313fc45a","D11","PRIN","PRIN.AOS.S2","PRIN.SS.20240207.FIL.2","A00000420222","2024-02-07T16:20Z","2024-02-07T16:20Z","Illinois State Water Survey Central Analytical Laboratory",528.0,0.00180,1,"2024-02-08","B",,
"f0e7eec3-571f-41fe-822b-883dc1116f39","D11","PRIN","PRIN.AOS.S2","PRIN.SS.20240207.FIL.3","A00000420238","2024-02-07T16:20Z","2024-02-07T16:20Z","Illinois State Water Survey Central Analytical Laboratory",464.0,0.00320,1,"2024-02-08","A",,
"1e65df0a-59dc-4790-a14b-11350c975096","D11","PRIN","PRIN.AOS.S2","PRIN.SS.20240207.FIL","A00000420206","2024-02-07T16:20Z","2024-02-07T16:20Z","Illinois State Water Survey Central Analytical Laboratory",320.0,0.03300,1,"2024-02-08","B",,
"8d302034-138a-4840-b501-4305fa6c753f","D11","PRIN","PRIN.AOS.S2","PRIN.SS.20240207.FIL","A00000420206","2024-02-07T16:20Z","2024-02-07T16:20Z","Illinois State Water Survey Central Analytical Laboratory",320.0,0.03220,1,"2024-02-08","A",,
"6681521c-77bc-4866-894f-08112de51e67","D11","PRIN","PRIN.AOS.S2","PRIN.SS.20240207.FIL","A00000420206","2024-02-07T16:20Z","2024-02-07T16:20Z","Illinois State Water Survey Central Analytical Laboratory",494.0,0.00370,1,"2024-02-08","B",,
"55b650cd-046a-4fa0-874a-170832970578","D11","PRIN","PRIN.AOS.S2","PRIN.SS.20240207.FIL.2","A00000420222","2024-02-07T16:20Z","2024-02-07T16:20Z","Illinois State Water Survey Central Analytical Laboratory",512.0,0.00220,1,"2024-02-08","B",,
"ae2fd799-d112-48e5-b048-035b87b9bb3c","D11","PRIN","PRIN.AOS.S2","PRIN.SS.20240207.FIL.2","A00000420222","2024-02-07T16:20Z","2024-02-07T16:20Z","Illinois State Water Survey Central Analytical Laboratory",384.0,0.01180,1,"2024-02-08","A",,
"7806692d-c715-4cc4-bf8c-aabfcac856a8","D11","PRIN","PRIN.AOS.S2","PRIN.SS.20240207.FIL.2","A00000420222","2024-02-07T16:20Z","2024-02-07T16:20Z","Illinois State Water Survey Central Analytical Laboratory",246.0,0.08640,1,"2024-02-08","B",,
"a0249f37-583b-4c26-bdf9-4c935bdba7f8","D11","PRIN","PRIN.AOS.S2","PRIN.SS.20240207.FIL.2","A00000420222","2024-02-07T16:20Z","2024-02-07T16:20Z","Illinois State Water Survey Central Analytical Laboratory",228.0,0.12630,1,"2024-02-08","A",,
"c68a83f4-0a44-41ed-ac6e-f4a9964c5129","D11","PRIN","PRIN.AOS.S2","PRIN.SS.20240207.FIL.2","A00000420222","2024-02-07T16:20Z","2024-02-07T16:20Z","Illinois State Water Survey Central Analytical Laboratory",298.0,0.04510,1,"2024-02-08","B",,
"bd57c82c-e4d6-458a-baa9-fd96bf0de06a","D11","PRIN","PRIN.AOS.S2","PRIN.SS.20240207.FIL.3","A00000420238","2024-02-07T16:20Z","2024-02-07T16:20Z","Illinois State Water Survey Central Analytical Laboratory",502.0,0.00230,1,"2024-02-08","B",,
"8f7c3f11-35c5-4243-bd5e-05fbf31e6143","D11","PRIN","PRIN.AOS.S2","PRIN.SS.20240207.FIL.2","A00000420222","2024-02-07T16:20Z","2024-02-07T16:20Z","Illinois State Water Survey Central Analytical Laboratory",310.0,0.03760,1,"2024-02-08","B",,
"ead39c1d-eabf-43ff-ad77-4211231fa267","D11","PRIN","PRIN.AOS.S2","PRIN.SS.20240207.FIL","A00000420206","2024-02-07T16:20Z","2024-02-07T16:20Z","Illinois State Water Survey Central Analytical Laboratory",574.0,0.00130,1,"2024-02-08","A",,
"06ca788b-29bd-4f2d-b539-3f4f488cf504","D11","PRIN","PRIN.AOS.S2","PRIN.SS.20240207.FIL","A00000420206","2024-02-07T16:20Z","2024-02-07T16:20Z","Illinois State Water Survey Central Analytical Laboratory",430.0,0.00570,1,"2024-02-08","A",,
"20d14c19-d0d3-477d-83ad-a8aa676f8374","D11","PRIN","PRIN.AOS.S2","PRIN.SS.20240207.FIL.3","A00000420238","2024-02-07T16:20Z","2024-02-07T16:20Z","Illinois State Water Survey Central Analytical Laboratory",600.0,0.00100,1,"2024-02-08","A",,
"51d73b49-e20c-4cb1-9483-00f7c59cb457","D11","PRIN","PRIN.AOS.S2","PRIN.SS.20240207.FIL.3","A00000420238","2024-02-07T16:20Z","2024-02-07T16:20Z","Illinois State Water Survey Central Analytical Laboratory",298.0,0.04470,1,"2024-02-08","A",,
"9435ea05-be91-4428-b09e-e4ef9ab3308e","D11","PRIN","PRIN.AOS.S2","PRIN.SS.20240207.FIL.3","A00000420238","2024-02-07T16:20Z","2024-02-07T16:20Z","Illinois State Water Survey Central Analytical Laboratory",574.0,0.00100,1,"2024-02-08","A",,
"e1af4cee-53c1-4adf-beb0-ac81ad0e2a95","D11","PRIN","PRIN.AOS.S2","PRIN.SS.20240207.FIL.3","A00000420238","2024-02-07T16:20Z","2024-02-07T16:20Z","Illinois State Water Survey Central Analytical Laboratory",446.0,0.00480,1,"2024-02-08","B",,
"34fe5389-fcf5-41de-8e54-f88e50fbb0b7","D11","PRIN","PRIN.AOS.S2","PRIN.SS.20240207.FIL","A00000420206","2024-02-07T16:20Z","2024-02-07T16:20Z","Illinois State Water Survey Central Analytical Laboratory",570.0,0.00110,1,"2024-02-08","A",,
"480b73cd-953b-4c00-83d1-ad9244936217","D11","PRIN","PRIN.AOS.S2","PRIN.SS.20240207.FIL","A00000420206","2024-02-07T16:20Z","2024-02-07T16:20Z","Illinois State Water Survey Central Analytical Laboratory",244.0,0.08840,1,"2024-02-08","A",,
"da1faea5-8182-497a-8ce3-43acfd475eb3","D11","PRIN","PRIN.AOS.S2","PRIN.SS.20240207.FIL.2","A00000420222","2024-02-07T16:20Z","2024-02-07T16:20Z","Illinois State Water Survey Central Analytical Laboratory",244.0,0.08910,1,"2024-02-08","B",,
"fc5f97cb-2f56-47f8-8ff8-d625a1a047f8","D11","PRIN","PRIN.AOS.S2","PRIN.SS.20240207.FIL","A00000420206","2024-02-07T16:20Z","2024-02-07T16:20Z","Illinois State Water Survey Central Analytical Laboratory",314.0,0.03570,1,"2024-02-08","B",,
"6bb73ed4-f74a-4880-bc3f-7de796c4f00a","D11","PRIN","PRIN.AOS.S2","PRIN.SS.20240207.FIL.3","A00000420238","2024-02-07T16:20Z","2024-02-07T16:20Z","Illinois State Water Survey Central Analytical Laboratory",318.0,0.03290,1,"2024-02-08","A",,
"4f433135-5f62-44cc-8594-bbdb3773bb7c","D11","PRIN","PRIN.AOS.S2","PRIN.SS.20240207.FIL","A00000420206","2024-02-07T16:20Z","2024-02-07T16:20Z","Illinois State Water Survey Central Analytical Laboratory",354.0,0.01860,1,"2024-02-08","A",,
"bafcad6f-e4b2-46f7-a3d3-00d4ba2b9281","D11","PRIN","PRIN.AOS.S2","PRIN.SS.20240207.FIL.2","A00000420222","2024-02-07T16:20Z","2024-02-07T16:20Z","Illinois State Water Survey Central Analytical Laboratory",516.0,0.00210,1,"2024-02-08","A",,
"fc60af8a-80a3-45fb-96dc-aa7935c2addb","D11","PRIN","PRIN.AOS.S2","PRIN.SS.20240207.FIL.3","A00000420238","2024-02-07T16:20Z","2024-02-07T16:20Z","Illinois State Water Survey Central Analytical Laboratory",598.0,0.00080,1,"2024-02-08","B",,
"83b36ef8-0b88-4cc3-af0b-ce199f6b5918","D11","PRIN","PRIN.AOS.S2","PRIN.SS.20240207.FIL.3","A00000420238","2024-02-07T16:20Z","2024-02-07T16:20Z","Illinois State Water Survey Central Analytical Laboratory",330.0,0.02700,1,"2024-02-08","A",,
"08842b8c-7666-453f-a413-2b04a87ba8db","D11","PRIN","PRIN.AOS.S2","PRIN.SS.20240207.FIL.2","A00000420222","2024-02-07T16:20Z","2024-02-07T16:20Z","Illinois State Water Survey Central Analytical Laboratory",598.0,0.00080,1,"2024-02-08","A",,
"d64b3b3f-56ed-4163-a569-4f3d8aab5d01","D11","PRIN","PRIN.AOS.S2","PRIN.SS.20240207.FIL.2","A00000420222","2024-02-07T16:20Z","2024-02-07T16:20Z","Illinois State Water Survey Central Analytical Laboratory",480.0,0.00290,1,"2024-02-08","B",,
"86616601-4296-4dc3-8273-669e22ca4332","D11","PRIN","PRIN.AOS.S2","PRIN.SS.20240207.FIL","A00000420206","2024-02-07T16:20Z","2024-02-07T16:20Z","Illinois State Water Survey Central Analytical Laboratory",442.0,0.00610,1,"2024-02-08","B",,
"1de737ad-615b-4468-97ab-e9a1dce3439f","D11","PRIN","PRIN.AOS.S2","PRIN.SS.20240207.FIL.2","A00000420222","2024-02-07T16:20Z","2024-02-07T16:20Z","Illinois State Water Survey Central Analytical Laboratory",242.0,0.09190,1,"2024-02-08","A",,
"62716fc2-26a7-4a09-bad6-a5d19690eb10","D11","PRIN","PRIN.AOS.S2","PRIN.SS.20240207.FIL.2","A00000420222","2024-02-07T16:20Z","2024-02-07T16:20Z","Illinois State Water Survey Central Analytical Laboratory",258.0,0.07680,1,"2024-02-08","B",,
"96bd40ee-3031-40f8-85cf-7b45c460896b","D11","PRIN","PRIN.AOS.S2","PRIN.SS.20240207.FIL","A00000420206","2024-02-07T16:20Z","2024-02-07T16:20Z","Illinois State Water Survey Central Analytical Laboratory",360.0,0.01720,1,"2024-02-08","A",,
"e2f5d984-85d5-49d7-80ce-6c22806e2f0d","D11","PRIN","PRIN.AOS.S2","PRIN.SS.20240207.FIL.2","A00000420222","2024-02-07T16:20Z","2024-02-07T16:20Z","Illinois State Water Survey Central Analytical Laboratory",498.0,0.00260,1,"2024-02-08","A",,
"c8c2b6fd-b724-4e8d-be6c-0837e5db2e03","D11","PRIN","PRIN.AOS.S2","PRIN.SS.20240207.FIL","A00000420206","2024-02-07T16:20Z","2024-02-07T16:20Z","Illinois State Water Survey Central Analytical Laboratory",304.0,0.04090,1,"2024-02-08","A",,
"c5bb3cc5-bad2-4f97-a8cc-50999fb1b1ce","D11","PRIN","PRIN.AOS.S2","PRIN.SS.20240207.FIL.3","A00000420238","2024-02-07T16:20Z","2024-02-07T16:20Z","Illinois State Water Survey Central Analytical Laboratory",568.0,0.00110,1,"2024-02-08","A",,
"2a5e070a-fba2-4934-8bd5-15308a073038","D11","PRIN","PRIN.AOS.S2","PRIN.SS.20240207.FIL.3","A00000420238","2024-02-07T16:20Z","2024-02-07T16:20Z","Illinois State Water Survey Central Analytical Laboratory",536.0,0.00160,1,"2024-02-08","B",,
"46235b71-b4b9-4a07-8d04-7ac5147b12c2","D11","PRIN","PRIN.AOS.S2","PRIN.SS.20240207.FIL","A00000420206","2024-02-07T16:20Z","2024-02-07T16:20Z","Illinois State Water Survey Central Analytical Laboratory",512.0,0.00230,1,"2024-02-08","A",,
"95fc53a6-0d97-416f-b4bd-82ab131ac35f","D11","PRIN","PRIN.AOS.S2","PRIN.SS.20240207.FIL.3","A00000420238","2024-02-07T16:20Z","2024-02-07T16:20Z","Illinois State Water Survey Central Analytical Laboratory",244.0,0.08810,1,"2024-02-08","A",,
"6f7556d1-34d1-4a67-b573-edb4ef305d27","D11","PRIN","PRIN.AOS.S2","PRIN.SS.20240207.FIL","A00000420206","2024-02-07T16:20Z","2024-02-07T16:20Z","Illinois State Water Survey Central Analytical Laboratory",348.0,0.02140,1,"2024-02-08","B",,
"3bacc894-e1d3-457b-a848-83f40c7a6313","D11","PRIN","PRIN.AOS.S2","PRIN.SS.20240207.FIL.3","A00000420238","2024-02-07T16:20Z","2024-02-07T16:20Z","Illinois State Water Survey Central Analytical Laboratory",468.0,0.00340,1,"2024-02-08","B",,
"ee3e1c9c-69f6-4b7a-8e4b-7c5c7959b02b","D11","PRIN","PRIN.AOS.S2","PRIN.SS.20240207.FIL.2","A00000420222","2024-02-07T16:20Z","2024-02-07T16:20Z","Illinois State Water Survey Central Analytical Laboratory",408.0,0.00800,1,"2024-02-08","A",,
"db0b4500-898e-402c-8b8f-ebe6842e192c","D11","PRIN","PRIN.AOS.S2","PRIN.SS.20240207.FIL.2","A00000420222","2024-02-07T16:20Z","2024-02-07T16:20Z","Illinois State Water Survey Central Analytical Laboratory",538.0,0.00150,1,"2024-02-08","A",,
"f55909f3-53c8-42f5-a356-eaa31efdf220","D11","PRIN","PRIN.AOS.S2","PRIN.SS.20240207.FIL","A00000420206","2024-02-07T16:20Z","2024-02-07T16:20Z","Illinois State Water Survey Central Analytical Laboratory",368.0,0.01500,1,"2024-02-08","A",,
"b7e8ddfe-c9ad-4987-8237-1ea9a60ae06a","D11","PRIN","PRIN.AOS.S2","PRIN.SS.20240207.FIL","A00000420206","2024-02-07T16:20Z","2024-02-07T16:20Z","Illinois State Water Survey Central Analytical Laboratory",524.0,0.00310,1,"2024-02-08","B",,
"10cc411f-3fef-49bf-8c1c-46b95ef14ecb","D11","PRIN","PRIN.AOS.S2","PRIN.SS.20240207.FIL","A00000420206","2024-02-07T16:20Z","2024-02-07T16:20Z","Illinois State Water Survey Central Analytical Laboratory",560.0,0.00260,1,"2024-02-08","B",,
"d64c0849-899a-410c-9c91-5eb783a4c540","D11","PRIN","PRIN.AOS.S2","PRIN.SS.20240207.FIL.2","A00000420222","2024-02-07T16:20Z","2024-02-07T16:20Z","Illinois State Water Survey Central Analytical Laboratory",312.0,0.03680,1,"2024-02-08","A",,
"99dd60e0-884d-4e2f-a73c-d65602c90048","D11","PRIN","PRIN.AOS.S2","PRIN.SS.20240207.FIL.2","A00000420222","2024-02-07T16:20Z","2024-02-07T16:20Z","Illinois State Water Survey Central Analytical Laboratory",522.0,0.00190,1,"2024-02-08","A",,
"1d843f53-3cde-4d3b-8419-96bde03df8be","D11","PRIN","PRIN.AOS.S2","PRIN.SS.20240207.FIL","A00000420206","2024-02-07T16:20Z","2024-02-07T16:20Z","Illinois State Water Survey Central Analytical Laboratory",584.0,0.00200,1,"2024-02-08","B",,
"ff733a66-ab91-4347-a91e-caa88cddc794","D11","PRIN","PRIN.AOS.S2","PRIN.SS.20240207.FIL","A00000420206","2024-02-07T16:20Z","2024-02-07T16:20Z","Illinois State Water Survey Central Analytical Laboratory",268.0,0.06970,1,"2024-02-08","A",,
"dea7a604-5d23-40bf-b515-e28e23e1e89b","D11","PRIN","PRIN.AOS.S2","PRIN.SS.20240207.FIL.2","A00000420222","2024-02-07T16:20Z","2024-02-07T16:20Z","Illinois State Water Survey Central Analytical Laboratory",506.0,0.00210,1,"2024-02-08","A",,
"d5853222-a487-4eeb-8a38-05ec9bf1ac30","D11","PRIN","PRIN.AOS.S2","PRIN.SS.20240207.FIL","A00000420206","2024-02-07T16:20Z","2024-02-07T16:20Z","Illinois State Water Survey Central Analytical Laboratory",498.0,0.00240,1,"2024-02-08","A",,
"ca1e366f-3a9f-4383-8184-552c7f109c21","D11","PRIN","PRIN.AOS.S2","PRIN.SS.20240207.FIL","A00000420206","2024-02-07T16:20Z","2024-02-07T16:20Z","Illinois State Water Survey Central Analytical Laboratory",450.0,0.00420,1,"2024-02-08","A",,
"c5a08d54-3e54-4b1a-8088-ccdc1fe06a99","D11","PRIN","PRIN.AOS.S2","PRIN.SS.20240207.FIL.3","A00000420238","2024-02-07T16:20Z","2024-02-07T16:20Z","Illinois State Water Survey Central Analytical Laboratory",550.0,0.00130,1,"2024-02-08","A",,
"d9441a79-1717-467f-ad49-749488becf79","D11","PRIN","PRIN.AOS.S2","PRIN.SS.20240207.FIL.3","A00000420238","2024-02-07T16:20Z","2024-02-07T16:20Z","Illinois State Water Survey Central Analytical Laboratory",364.0,0.01640,1,"2024-02-08","B",,
"f70ae6f6-c376-4199-a814-20486b8e5d22","D11","PRIN","PRIN.AOS.S2","PRIN.SS.20240207.FIL.3","A00000420238","2024-02-07T16:20Z","2024-02-07T16:20Z","Illinois State Water Survey Central Analytical Laboratory",548.0,0.00130,1,"2024-02-08","A",,
"0771ab29-aaa2-4629-8a6d-8d106644de29","D11","PRIN","PRIN.AOS.S2","PRIN.SS.20240207.FIL.3","A00000420238","2024-02-07T16:20Z","2024-02-07T16:20Z","Illinois State Water Survey Central Analytical Laboratory",308.0,0.03820,1,"2024-02-08","A",,
"888d2b02-34ed-4f89-a565-8ff2c35d5a2c","D11","PRIN","PRIN.AOS.S2","PRIN.SS.20240207.FIL.3","A00000420238","2024-02-07T16:20Z","2024-02-07T16:20Z","Illinois State Water Survey Central Analytical Laboratory",540.0,0.00140,1,"2024-02-08","A",,
"1c055034-d2a1-4e7f-91ca-4f079d633b7a","D11","PRIN","PRIN.AOS.S2","PRIN.SS.20240207.FIL.3","A00000420238","2024-02-07T16:20Z","2024-02-07T16:20Z","Illinois State Water Survey Central Analytical Laboratory",380.0,0.01250,1,"2024-02-08","B",,
"add6730b-cb77-47ce-9920-4b313614b326","D11","PRIN","PRIN.AOS.S2","PRIN.SS.20240207.FIL.2","A00000420222","2024-02-07T16:20Z","2024-02-07T16:20Z","Illinois State Water Survey Central Analytical Laboratory",388.0,0.01080,1,"2024-02-08","B",,
"46b71093-19e1-4b64-a646-4635eeded120","D11","PRIN","PRIN.AOS.S2","PRIN.SS.20240207.FIL","A00000420206","2024-02-07T16:20Z","2024-02-07T16:20Z","Illinois State Water Survey Central Analytical Laboratory",556.0,0.00210,1,"2024-02-08","B",,
"218c34de-e7ef-40f9-bd0b-4611e726d928","D11","PRIN","PRIN.AOS.S2","PRIN.SS.20240207.FIL","A00000420206","2024-02-07T16:20Z","2024-02-07T16:20Z","Illinois State Water Survey Central Analytical Laboratory",566.0,0.00120,1,"2024-02-08","A",,
"5bddbba6-4afb-4e3d-b542-cfd03d87f832","D11","PRIN","PRIN.AOS.S2","PRIN.SS.20240207.FIL.2","A00000420222","2024-02-07T16:20Z","2024-02-07T16:20Z","Illinois State Water Survey Central Analytical Laboratory",246.0,0.08680,1,"2024-02-08","A",,
"1d44a070-679e-4f9e-8002-69327883c161","D11","PRIN","PRIN.AOS.S2","PRIN.SS.20240207.FIL.2","A00000420222","2024-02-07T16:20Z","2024-02-07T16:20Z","Illinois State Water Survey Central Analytical Laboratory",514.0,0.00200,1,"2024-02-08","B",,
"9a3a9000-13ac-42e3-bdff-f8d4c96f68f0","D11","PRIN","PRIN.AOS.S2","PRIN.SS.20240207.FIL.3","A00000420238","2024-02-07T16:20Z","2024-02-07T16:20Z","Illinois State Water Survey Central Analytical Laboratory",494.0,0.00230,1,"2024-02-08","A",,
"3bfe8ca2-c730-46ca-95fe-2fe998c92486","D11","PRIN","PRIN.AOS.S2","PRIN.SS.20240207.FIL","A00000420206","2024-02-07T16:20Z","2024-02-07T16:20Z","Illinois State Water Survey Central Analytical Laboratory",416.0,0.00790,1,"2024-02-08","B",,
"3da4215a-797d-49fa-a011-51a86fa714a2","D11","PRIN","PRIN.AOS.S2","PRIN.SS.20240207.FIL","A00000420206","2024-02-07T16:20Z","2024-02-07T16:20Z","Illinois State Water Survey Central Analytical Laboratory",240.0,0.09380,1,"2024-02-08","A",,
"78334099-93cb-4eca-8b82-3f08562317d3","D11","PRIN","PRIN.AOS.S2","PRIN.SS.20240207.FIL.3","A00000420238","2024-02-07T16:20Z","2024-02-07T16:20Z","Illinois State Water Survey Central Analytical Laboratory",276.0,0.06630,1,"2024-02-08","B",,
"2e2db01d-31ff-423a-aad3-c8a1adbf787b","D11","PRIN","PRIN.AOS.S2","PRIN.SS.20240207.FIL","A00000420206","2024-02-07T16:20Z","2024-02-07T16:20Z","Illinois State Water Survey Central Analytical Laboratory",530.0,0.00180,1,"2024-02-08","A",,
"91fc5e64-335f-4bb4-b3aa-244abd823832","D11","PRIN","PRIN.AOS.S2","PRIN.SS.20240207.FIL.3","A00000420238","2024-02-07T16:20Z","2024-02-07T16:20Z","Illinois State Water Survey Central Analytical Laboratory",246.0,0.08800,1,"2024-02-08","B",,
"394c2403-a471-4712-8e6e-513dc4a61002","D11","PRIN","PRIN.AOS.S2","PRIN.SS.20240207.FIL","A00000420206","2024-02-07T16:20Z","2024-02-07T16:20Z","Illinois State Water Survey Central Analytical Laboratory",488.0,0.00420,1,"2024-02-08","B",,
"790b648f-f48d-48f1-9c42-f293e5f52504","D11","PRIN","PRIN.AOS.S2","PRIN.SS.20240207.FIL","A00000420206","2024-02-07T16:20Z","2024-02-07T16:20Z","Illinois State Water Survey Central Analytical Laboratory",358.0,0.01870,1,"2024-02-08","B",,
"62e24ae2-b072-44a6-a792-c16195055fe6","D11","PRIN","PRIN.AOS.S2","PRIN.SS.20240207.FIL","A00000420206","2024-02-07T16:20Z","2024-02-07T16:20Z","Illinois State Water Survey Central Analytical Laboratory",382.0,0.01160,1,"2024-02-08","A",,
"846e6b2c-04d3-4da1-ad5c-5c8135502a02","D11","PRIN","PRIN.AOS.S2","PRIN.SS.20240207.FIL","A00000420206","2024-02-07T16:20Z","2024-02-07T16:20Z","Illinois State Water Survey Central Analytical Laboratory",588.0,0.00100,1,"2024-02-08","A",,
"78010f49-84a8-4a90-a32d-ae1571e32cca","D11","PRIN","PRIN.AOS.S2","PRIN.SS.20240207.FIL","A00000420206","2024-02-07T16:20Z","2024-02-07T16:20Z","Illinois State Water Survey Central Analytical Laboratory",562.0,0.00090,1,"2024-02-08","A",,
"679b7cf4-2d1c-4e8a-b6a7-8ff5860973f8","D11","PRIN","PRIN.AOS.S2","PRIN.SS.20240207.FIL.3","A00000420238","2024-02-07T16:20Z","2024-02-07T16:20Z","Illinois State Water Survey Central Analytical Laboratory",232.0,0.11490,1,"2024-02-08","B",,
"736a8d7a-eef0-4676-a9af-8aa4a674cd73","D11","PRIN","PRIN.AOS.S2","PRIN.SS.20240207.FIL.3","A00000420238","2024-02-07T16:20Z","2024-02-07T16:20Z","Illinois State Water Survey Central Analytical Laboratory",576.0,0.00090,1,"2024-02-08","B",,
"eeb06fba-1b44-4187-8b7a-2cda5d7f8fe0","D11","PRIN","PRIN.AOS.S2","PRIN.SS.20240207.FIL.2","A00000420222","2024-02-07T16:20Z","2024-02-07T16:20Z","Illinois State Water Survey Central Analytical Laboratory",594.0,0.00100,1,"2024-02-08","A",,
"d5bb9a9d-25a8-4718-a57a-a4d5e46ce779","D11","PRIN","PRIN.AOS.S2","PRIN.SS.20240207.FIL.2","A00000420222","2024-02-07T16:20Z","2024-02-07T16:20Z","Illinois State Water Survey Central Analytical Laboratory",564.0,0.00090,1,"2024-02-08","A",,
"93f93bd0-1f3f-4e2c-b62b-1538e2686e9a","D11","PRIN","PRIN.AOS.S2","PRIN.SS.20240207.FIL.2","A00000420222","2024-02-07T16:20Z","2024-02-07T16:20Z","Illinois State Water Survey Central Analytical Laboratory",600.0,0.00090,1,"2024-02-08","B",,
"876e9544-6f18-48f8-84b9-6b2da8a5f76c","D11","PRIN","PRIN.AOS.S2","PRIN.SS.20240207.FIL.2","A00000420222","2024-02-07T16:20Z","2024-02-07T16:20Z","Illinois State Water Survey Central Analytical Laboratory",342.0,0.02300,1,"2024-02-08","A",,
"046fa900-8910-44fa-bfb6-d26e4ae3d745","D11","PRIN","PRIN.AOS.S2","PRIN.SS.20240207.FIL.2","A00000420222","2024-02-07T16:20Z","2024-02-07T16:20Z","Illinois State Water Survey Central Analytical Laboratory",356.0,0.01830,1,"2024-02-08","B",,
"8fab64e8-18e9-416b-9018-3461eaa5c3c1","D11","PRIN","PRIN.AOS.S2","PRIN.SS.20240207.FIL","A00000420206","2024-02-07T16:20Z","2024-02-07T16:20Z","Illinois State Water Survey Central Analytical Laboratory",534.0,0.00290,1,"2024-02-08","B",,
"e080eb12-ae96-4be9-a7c6-c55d7734d62a","D11","PRIN","PRIN.AOS.S2","PRIN.SS.20240207.FIL.2","A00000420222","2024-02-07T16:20Z","2024-02-07T16:20Z","Illinois State Water Survey Central Analytical Laboratory",458.0,0.00360,1,"2024-02-08","B",,
"be34d9e8-ff05-4513-ae69-e0c35494af1a","D11","PRIN","PRIN.AOS.S2","PRIN.SS.20240207.FIL","A00000420206","2024-02-07T16:20Z","2024-02-07T16:20Z","Illinois State Water Survey Central Analytical Laboratory",316.0,0.03420,1,"2024-02-08","A",,
"4dbac48d-3545-44a6-b183-ff0ef932215d","D11","PRIN","PRIN.AOS.S2","PRIN.SS.20240207.FIL.3","A00000420238","2024-02-07T16:20Z","2024-02-07T16:20Z","Illinois State Water Survey Central Analytical Laboratory",452.0,0.00430,1,"2024-02-08","B",,
"f750c501-ec6a-48fc-b076-344c0089c17b","D11","PRIN","PRIN.AOS.S2","PRIN.SS.20240207.FIL.3","A00000420238","2024-02-07T16:20Z","2024-02-07T16:20Z","Illinois State Water Survey Central Analytical Laboratory",356.0,0.01870,1,"2024-02-08","B",,
"c79202c5-ecac-4d1d-8c8d-262292589aa2","D11","PRIN","PRIN.AOS.S2","PRIN.SS.20240207.FIL.2","A00000420222","2024-02-07T16:20Z","2024-02-07T16:20Z","Illinois State Water Survey Central Analytical Laboratory",494.0,0.00250,1,"2024-02-08","A",,
"3bd909c6-3ae9-4124-96bb-2f45712e1788","D11","PRIN","PRIN.AOS.S2","PRIN.SS.20240207.FIL.2","A00000420222","2024-02-07T16:20Z","2024-02-07T16:20Z","Illinois State Water Survey Central Analytical Laboratory",386.0,0.01130,1,"2024-02-08","B",,
"9738d55f-8b59-4c11-8942-eaa4dda9319e","D11","PRIN","PRIN.AOS.S2","PRIN.SS.20240207.FIL.2","A00000420222","2024-02-07T16:20Z","2024-02-07T16:20Z","Illinois State Water Survey Central Analytical Laboratory",478.0,0.00280,1,"2024-02-08","B",,
"a1d2ce66-3cb4-46a9-8baa-c3225aca5b07","D11","PRIN","PRIN.AOS.S2","PRIN.SS.20240207.FIL.3","A00000420238","2024-02-07T16:20Z","2024-02-07T16:20Z","Illinois State Water Survey Central Analytical Laboratory",352.0,0.01910,1,"2024-02-08","A",,
"8e6cd8e4-6de2-4718-ae3a-34ba1d85eafb","D11","PRIN","PRIN.AOS.S2","PRIN.SS.20240207.FIL.3","A00000420238","2024-02-07T16:20Z","2024-02-07T16:20Z","Illinois State Water Survey Central Analytical Laboratory",334.0,0.02630,1,"2024-02-08","B",,
"a6f7415d-c4b5-43f3-92be-de3b5c69e74d","D11","PRIN","PRIN.AOS.S2","PRIN.SS.20240207.FIL","A00000420206","2024-02-07T16:20Z","2024-02-07T16:20Z","Illinois State Water Survey Central Analytical Laboratory",226.0,0.13270,1,"2024-02-08","A",,
"91f080f1-331f-4241-b2b0-4634896de1f7","D11","PRIN","PRIN.AOS.S2","PRIN.SS.20240207.FIL.3","A00000420238","2024-02-07T16:20Z","2024-02-07T16:20Z","Illinois State Water Survey Central Analytical Laboratory",310.0,0.03710,1,"2024-02-08","A",,
"6823333c-7703-4886-8620-0f187b9ea365","D11","PRIN","PRIN.AOS.S2","PRIN.SS.20240207.FIL","A00000420206","2024-02-07T16:20Z","2024-02-07T16:20Z","Illinois State Water Survey Central Analytical Laboratory",256.0,0.07860,1,"2024-02-08","B",,
"1ef59a32-e121-49d2-86b3-e3a7effa9406","D11","PRIN","PRIN.AOS.S2","PRIN.SS.20240207.FIL.2","A00000420222","2024-02-07T16:20Z","2024-02-07T16:20Z","Illinois State Water Survey Central Analytical Laboratory",566.0,0.00070,1,"2024-02-08","B",,
"e5c887e2-e325-43dc-86cf-bf58090ab103","D11","PRIN","PRIN.AOS.S2","PRIN.SS.20240207.FIL","A00000420206","2024-02-07T16:20Z","2024-02-07T16:20Z","Illinois State Water Survey Central Analytical Laboratory",580.0,0.00200,1,"2024-02-08","B",,
"de93ffed-ccf1-4f71-a1b6-e3bb6e69a51f","D11","PRIN","PRIN.AOS.S2","PRIN.SS.20240207.FIL.3","A00000420238","2024-02-07T16:20Z","2024-02-07T16:20Z","Illinois State Water Survey Central Analytical Laboratory",580.0,0.00100,1,"2024-02-08","B",,
"dea3c8ee-490f-4056-ab8c-c1006c4d6ea0","D11","PRIN","PRIN.AOS.S2","PRIN.SS.20240207.FIL","A00000420206","2024-02-07T16:20Z","2024-02-07T16:20Z","Illinois State Water Survey Central Analytical Laboratory",262.0,0.07470,1,"2024-02-08","B",,
"93493a81-5c4a-4783-9699-31707509d508","D11","PRIN","PRIN.AOS.S2","PRIN.SS.20240207.FIL.3","A00000420238","2024-02-07T16:20Z","2024-02-07T16:20Z","Illinois State Water Survey Central Analytical Laboratory",350.0,0.01950,1,"2024-02-08","A",,
"9abb5c14-e304-4f68-951e-7fc84ef5e919","D11","PRIN","PRIN.AOS.S2","PRIN.SS.20240207.FIL.2","A00000420222","2024-02-07T16:20Z","2024-02-07T16:20Z","Illinois State Water Survey Central Analytical Laboratory",220.0,0.17250,1,"2024-02-08","A",,
"01bca49c-4471-416e-aaa5-d81addc39bc6","D11","PRIN","PRIN.AOS.S2","PRIN.SS.20240207.FIL.3","A00000420238","2024-02-07T16:20Z","2024-02-07T16:20Z","Illinois State Water Survey Central Analytical Laboratory",572.0,0.00070,1,"2024-02-08","B",,
"2e31a55a-a2f3-4176-a6e4-163219b6ed63","D11","PRIN","PRIN.AOS.S2","PRIN.SS.20240207.FIL.3","A00000420238","2024-02-07T16:20Z","2024-02-07T16:20Z","Illinois State Water Survey Central Analytical Laboratory",496.0,0.00250,1,"2024-02-08","A",,
"0949700f-807e-479b-ad6d-9135d8f6cc65","D11","PRIN","PRIN.AOS.S2","PRIN.SS.20240207.FIL.2","A00000420222","2024-02-07T16:20Z","2024-02-07T16:20Z","Illinois State Water Survey Central Analytical Laboratory",402.0,0.00900,1,"2024-02-08","A",,
"69dc7456-7dc9-410d-8495-f2c51c18e51a","D11","PRIN","PRIN.AOS.S2","PRIN.SS.20240207.FIL","A00000420206","2024-02-07T16:20Z","2024-02-07T16:20Z","Illinois State Water Survey Central Analytical Laboratory",294.0,0.04860,1,"2024-02-08","B",,
"089ca248-e437-4740-b515-0ef1574edf0d","D11","PRIN","PRIN.AOS.S2","PRIN.SS.20240207.FIL.3","A00000420238","2024-02-07T16:20Z","2024-02-07T16:20Z","Illinois State Water Survey Central Analytical Laboratory",368.0,0.01540,1,"2024-02-08","B",,
"0f077f43-466f-4eab-bd6c-ff9e98811456","D11","PRIN","PRIN.AOS.S2","PRIN.SS.20240207.FIL","A00000420206","2024-02-07T16:20Z","2024-02-07T16:20Z","Illinois State Water Survey Central Analytical Laboratory",464.0,0.00480,1,"2024-02-08","B",,
"30217c17-a05e-4546-a6cd-3228b7da97b6","D11","PRIN","PRIN.AOS.S2","PRIN.SS.20240207.FIL.3","A00000420238","2024-02-07T16:20Z","2024-02-07T16:20Z","Illinois State Water Survey Central Analytical Laboratory",498.0,0.00250,1,"2024-02-08","B",,
"b4f03002-a2bf-48d0-b510-3fc54122a95d","D11","PRIN","PRIN.AOS.S2","PRIN.SS.20240207.FIL.2","A00000420222","2024-02-07T16:20Z","2024-02-07T16:20Z","Illinois State Water Survey Central Analytical Laboratory",508.0,0.00200,1,"2024-02-08","B",,
"521bd361-0be7-4280-bc68-06cbfec9e0e1","D11","PRIN","PRIN.AOS.S2","PRIN.SS.20240207.FIL","A00000420206","2024-02-07T16:20Z","2024-02-07T16:20Z","Illinois State Water Survey Central Analytical Laboratory",354.0,0.01960,1,"2024-02-08","B",,
"76ef45f3-d007-439f-bf0f-16aec13054d6","D11","PRIN","PRIN.AOS.S2","PRIN.SS.20240207.FIL.2","A00000420222","2024-02-07T16:20Z","2024-02-07T16:20Z","Illinois State Water Survey Central Analytical Laboratory",496.0,0.00250,1,"2024-02-08","B",,
"12f75375-1070-4241-9c1c-e3833213cdb6","D11","PRIN","PRIN.AOS.S2","PRIN.SS.20240207.FIL.3","A00000420238","2024-02-07T16:20Z","2024-02-07T16:20Z","Illinois State Water Survey Central Analytical Laboratory",416.0,0.00670,1,"2024-02-08","A",,
"00ee3846-bf86-4dc1-91ab-57bb0c6a7492","D11","PRIN","PRIN.AOS.S2","PRIN.SS.20240207.FIL","A00000420206","2024-02-07T16:20Z","2024-02-07T16:20Z","Illinois State Water Survey Central Analytical Laboratory",236.0,0.10120,1,"2024-02-08","A",,
"ad1e7d79-9e9d-4380-a827-5646e06aaa05","D11","PRIN","PRIN.AOS.S2","PRIN.SS.20240207.FIL.3","A00000420238","2024-02-07T16:20Z","2024-02-07T16:20Z","Illinois State Water Survey Central Analytical Laboratory",292.0,0.04960,1,"2024-02-08","A",,
"579e998c-c54e-4836-a464-59bd1dad46c6","D11","PRIN","PRIN.AOS.S2","PRIN.SS.20240207.FIL.3","A00000420238","2024-02-07T16:20Z","2024-02-07T16:20Z","Illinois State Water Survey Central Analytical Laboratory",300.0,0.04500,1,"2024-02-08","B",,
"ef82daa2-92d7-4d22-a90b-650be9f6f0ce","D11","PRIN","PRIN.AOS.S2","PRIN.SS.20240207.FIL.2","A00000420222","2024-02-07T16:20Z","2024-02-07T16:20Z","Illinois State Water Survey Central Analytical Laboratory",338.0,0.02410,1,"2024-02-08","B",,
"13ec1f39-c53f-4bfb-9e16-42c3eeb85a93","D11","PRIN","PRIN.AOS.S2","PRIN.SS.20240207.FIL.3","A00000420238","2024-02-07T16:20Z","2024-02-07T16:20Z","Illinois State Water Survey Central Analytical Laboratory",272.0,0.06650,1,"2024-02-08","A",,
"c792deb7-4b40-4af6-84b0-bb430eb08afa","D11","PRIN","PRIN.AOS.S2","PRIN.SS.20240207.FIL.2","A00000420222","2024-02-07T16:20Z","2024-02-07T16:20Z","Illinois State Water Survey Central Analytical Laboratory",352.0,0.01930,1,"2024-02-08","B",,
"70de43b3-3f11-496e-ac26-e8fc4e631b63","D11","PRIN","PRIN.AOS.S2","PRIN.SS.20240207.FIL","A00000420206","2024-02-07T16:20Z","2024-02-07T16:20Z","Illinois State Water Survey Central Analytical Laboratory",392.0,0.01120,1,"2024-02-08","B",,
"ca18a32d-f9e2-4608-aa99-b319115a235b","D11","PRIN","PRIN.AOS.S2","PRIN.SS.20240207.FIL.3","A00000420238","2024-02-07T16:20Z","2024-02-07T16:20Z","Illinois State Water Survey Central Analytical Laboratory",280.0,0.06300,1,"2024-02-08","B",,
"641e7205-70ac-4cf5-b138-6b8249427ae2","D11","PRIN","PRIN.AOS.S2","PRIN.SS.20240207.FIL.2","A00000420222","2024-02-07T16:20Z","2024-02-07T16:20Z","Illinois State Water Survey Central Analytical Laboratory",462.0,0.00310,1,"2024-02-08","B",,
"fbbd08b3-41d2-4f9c-8e48-f6c978f5c5e9","D11","PRIN","PRIN.AOS.S2","PRIN.SS.20240207.FIL.3","A00000420238","2024-02-07T16:20Z","2024-02-07T16:20Z","Illinois State Water Survey Central Analytical Laboratory",534.0,0.00170,1,"2024-02-08","B",,
"41f8188b-ba11-495f-8afa-bc5ab62a403f","D11","PRIN","PRIN.AOS.S2","PRIN.SS.20240207.FIL.2","A00000420222","2024-02-07T16:20Z","2024-02-07T16:20Z","Illinois State Water Survey Central Analytical Laboratory",560.0,0.00080,1,"2024-02-08","B",,
"b06e14fa-c30a-4520-a7a2-6b2debf398a6","D11","PRIN","PRIN.AOS.S2","PRIN.SS.20240207.FIL","A00000420206","2024-02-07T16:20Z","2024-02-07T16:20Z","Illinois State Water Survey Central Analytical Laboratory",380.0,0.01220,1,"2024-02-08","A",,
"c4e1ec11-89e6-488b-99ec-cd30b912c3fd","D11","PRIN","PRIN.AOS.S2","PRIN.SS.20240207.FIL.3","A00000420238","2024-02-07T16:20Z","2024-02-07T16:20Z","Illinois State Water Survey Central Analytical Laboratory",310.0,0.03830,1,"2024-02-08","B",,
"197b5ae0-bbee-4e3e-9eca-63892ec2ae4e","D11","PRIN","PRIN.AOS.S2","PRIN.SS.20240207.FIL.3","A00000420238","2024-02-07T16:20Z","2024-02-07T16:20Z","Illinois State Water Survey Central Analytical Laboratory",316.0,0.03500,1,"2024-02-08","B",,
"d7eed511-6d6f-4494-918b-d58808b10dce","D11","PRIN","PRIN.AOS.S2","PRIN.SS.20240207.FIL","A00000420206","2024-02-07T16:20Z","2024-02-07T16:20Z","Illinois State Water Survey Central Analytical Laboratory",294.0,0.04790,1,"2024-02-08","A",,
"a1a83f5e-a78a-460b-b855-191589137165","D11","PRIN","PRIN.AOS.S2","PRIN.SS.20240207.FIL.2","A00000420222","2024-02-07T16:20Z","2024-02-07T16:20Z","Illinois State Water Survey Central Analytical Laboratory",312.0,0.03650,1,"2024-02-08","B",,
"1249b773-2d09-41c2-a931-073bb8c7f31f","D11","PRIN","PRIN.AOS.S2","PRIN.SS.20240207.FIL.3","A00000420238","2024-02-07T16:20Z","2024-02-07T16:20Z","Illinois State Water Survey Central Analytical Laboratory",388.0,0.01110,1,"2024-02-08","B",,
"d5d3b07f-d85e-4a09-b086-240d4737a37e","D11","PRIN","PRIN.AOS.S2","PRIN.SS.20240207.FIL","A00000420206","2024-02-07T16:20Z","2024-02-07T16:20Z","Illinois State Water Survey Central Analytical Laboratory",422.0,0.00640,1,"2024-02-08","A",,
"68d8df96-7803-4d76-afbe-f8f4a6b56877","D11","PRIN","PRIN.AOS.S2","PRIN.SS.20240207.FIL.2","A00000420222","2024-02-07T16:20Z","2024-02-07T16:20Z","Illinois State Water Survey Central Analytical Laboratory",532.0,0.00170,1,"2024-02-08","A",,
"7d6bd551-9e4e-4838-8f0e-38333340c844","D11","PRIN","PRIN.AOS.S2","PRIN.SS.20240207.FIL","A00000420206","2024-02-07T16:20Z","2024-02-07T16:20Z","Illinois State Water Survey Central Analytical Laboratory",598.0,0.00160,1,"2024-02-08","B",,
"ea48fa14-4f63-43bd-ac8d-0779003d2ddc","D11","PRIN","PRIN.AOS.S2","PRIN.SS.20240207.FIL.3","A00000420238","2024-02-07T16:20Z","2024-02-07T16:20Z","Illinois State Water Survey Central Analytical Laboratory",232.0,0.11130,1,"2024-02-08","A",,
"dd7f802d-312b-4b3c-a3ca-a24b9d845cf6","D11","PRIN","PRIN.AOS.S2","PRIN.SS.20240207.FIL.3","A00000420238","2024-02-07T16:20Z","2024-02-07T16:20Z","Illinois State Water Survey Central Analytical Laboratory",516.0,0.00170,1,"2024-02-08","A",,
"d84be594-6d64-4917-9e25-6d44e81b2915","D11","PRIN","PRIN.AOS.S2","PRIN.SS.20240207.FIL.2","A00000420222","2024-02-07T16:20Z","2024-02-07T16:20Z","Illinois State Water Survey Central Analytical Laboratory",328.0,0.02850,1,"2024-02-08","A",,
"1cdaf8e3-23e8-4596-ad03-8d8e9fee660e","D11","PRIN","PRIN.AOS.S2","PRIN.SS.20240207.FIL.2","A00000420222","2024-02-07T16:20Z","2024-02-07T16:20Z","Illinois State Water Survey Central Analytical Laboratory",286.0,0.05550,1,"2024-02-08","B",,
"ae23509a-d0d4-49ca-abfe-f9c4e4931887","D11","PRIN","PRIN.AOS.S2","PRIN.SS.20240207.FIL.2","A00000420222","2024-02-07T16:20Z","2024-02-07T16:20Z","Illinois State Water Survey Central Analytical Laboratory",318.0,0.03340,1,"2024-02-08","B",,
"f26367dc-5504-46ab-b223-1e3ca09d5895","D11","PRIN","PRIN.AOS.S2","PRIN.SS.20240207.FIL.2","A00000420222","2024-02-07T16:20Z","2024-02-07T16:20Z","Illinois State Water Survey Central Analytical Laboratory",380.0,0.01230,1,"2024-02-08","B",,
"79d9a1da-f08b-40ae-97a0-cdb12137b173","D11","PRIN","PRIN.AOS.S2","PRIN.SS.20240207.FIL","A00000420206","2024-02-07T16:20Z","2024-02-07T16:20Z","Illinois State Water Survey Central Analytical Laboratory",382.0,0.01280,1,"2024-02-08","B",,
"9f34b31c-7fad-46bf-842e-30b34fbfcd78","D11","PRIN","PRIN.AOS.S2","PRIN.SS.20240207.FIL.3","A00000420238","2024-02-07T16:20Z","2024-02-07T16:20Z","Illinois State Water Survey Central Analytical Laboratory",328.0,0.02790,1,"2024-02-08","A",,
"e1e7de33-16ad-456c-8692-ede8e770a0ee","D11","PRIN","PRIN.AOS.S2","PRIN.SS.20240207.FIL.2","A00000420222","2024-02-07T16:20Z","2024-02-07T16:20Z","Illinois State Water Survey Central Analytical Laboratory",556.0,0.00060,1,"2024-02-08","B",,
"592009b9-e671-42a2-8a0b-07f566717db4","D11","PRIN","PRIN.AOS.S2","PRIN.SS.20240207.FIL","A00000420206","2024-02-07T16:20Z","2024-02-07T16:20Z","Illinois State Water Survey Central Analytical Laboratory",312.0,0.03620,1,"2024-02-08","A",,
"59e4035d-5517-454a-a92d-65e0191b143b","D11","PRIN","PRIN.AOS.S2","PRIN.SS.20240207.FIL.2","A00000420222","2024-02-07T16:20Z","2024-02-07T16:20Z","Illinois State Water Survey Central Analytical Laboratory",350.0,0.02000,1,"2024-02-08","A",,
"d1e97c47-bada-4de2-9be8-84dcfda994c2","D11","PRIN","PRIN.AOS.S2","PRIN.SS.20240207.FIL.3","A00000420238","2024-02-07T16:20Z","2024-02-07T16:20Z","Illinois State Water Survey Central Analytical Laboratory",540.0,0.00160,1,"2024-02-08","B",,
"2bf6e238-a743-449f-b091-ebaa9a577754","D11","PRIN","PRIN.AOS.S2","PRIN.SS.20240207.FIL.2","A00000420222","2024-02-07T16:20Z","2024-02-07T16:20Z","Illinois State Water Survey Central Analytical Laboratory",432.0,0.00560,1,"2024-02-08","B",,
"a5294362-aed2-4693-92bd-6c6b7367c358","D11","PRIN","PRIN.AOS.S2","PRIN.SS.20240207.FIL.3","A00000420238","2024-02-07T16:20Z","2024-02-07T16:20Z","Illinois State Water Survey Central Analytical Laboratory",500.0,0.00210,1,"2024-02-08","A",,
"3fed696e-6c92-4efe-b6be-84ead3fc10cb","D11","PRIN","PRIN.AOS.S2","PRIN.SS.20240207.FIL.2","A00000420222","2024-02-07T16:20Z","2024-02-07T16:20Z","Illinois State Water Survey Central Analytical Laboratory",494.0,0.00230,1,"2024-02-08","B",,
"f18fe71e-5ce6-4aa8-bf52-ea660dfc9376","D11","PRIN","PRIN.AOS.S2","PRIN.SS.20240207.FIL","A00000420206","2024-02-07T16:20Z","2024-02-07T16:20Z","Illinois State Water Survey Central Analytical Laboratory",332.0,0.02630,1,"2024-02-08","A",,
"eaebcb11-e9c6-4781-94b3-bccd75b9d246","D11","PRIN","PRIN.AOS.S2","PRIN.SS.20240207.FIL","A00000420206","2024-02-07T16:20Z","2024-02-07T16:20Z","Illinois State Water Survey Central Analytical Laboratory",366.0,0.01630,1,"2024-02-08","B",,
"591678f5-1e34-4a02-86bc-9b81c5aae41c","D11","PRIN","PRIN.AOS.S2","PRIN.SS.20240207.FIL.3","A00000420238","2024-02-07T16:20Z","2024-02-07T16:20Z","Illinois State Water Survey Central Analytical Laboratory",396.0,0.00940,1,"2024-02-08","A",,
"ce9839d4-ead2-4e42-9c36-55924bc52d3b","D11","PRIN","PRIN.AOS.S2","PRIN.SS.20240207.FIL.3","A00000420238","2024-02-07T16:20Z","2024-02-07T16:20Z","Illinois State Water Survey Central Analytical Laboratory",538.0,0.00130,1,"2024-02-08","A",,
"9c2c11dc-33b7-4ffd-8b0c-b02ac68c7d95","D11","PRIN","PRIN.AOS.S2","PRIN.SS.20240207.FIL","A00000420206","2024-02-07T16:20Z","2024-02-07T16:20Z","Illinois State Water Survey Central Analytical Laboratory",282.0,0.05920,1,"2024-02-08","B",,
"b367f419-ee99-4f20-95e1-b7b63169ca23","D11","PRIN","PRIN.AOS.S2","PRIN.SS.20240207.FIL","A00000420206","2024-02-07T16:20Z","2024-02-07T16:20Z","Illinois State Water Survey Central Analytical Laboratory",544.0,0.00160,1,"2024-02-08","A",,
"cb32127c-ccdc-44f1-baae-63eaa934347e","D11","PRIN","PRIN.AOS.S2","PRIN.SS.20240207.FIL","A00000420206","2024-02-07T16:20Z","2024-02-07T16:20Z","Illinois State Water Survey Central Analytical Laboratory",240.0,0.09470,1,"2024-02-08","B",,
"30047a1c-1567-4934-875e-cfaedc1c370d","D11","PRIN","PRIN.AOS.S2","PRIN.SS.20240207.FIL.2","A00000420222","2024-02-07T16:20Z","2024-02-07T16:20Z","Illinois State Water Survey Central Analytical Laboratory",288.0,0.05360,1,"2024-02-08","B",,
"9e09e016-6920-460b-add6-c7905b6b30ac","D11","PRIN","PRIN.AOS.S2","PRIN.SS.20240207.FIL","A00000420206","2024-02-07T16:20Z","2024-02-07T16:20Z","Illinois State Water Survey Central Analytical Laboratory",486.0,0.00280,1,"2024-02-08","A",,
"49e8dbf5-28db-447f-a93b-79b8c1ca08e0","D11","PRIN","PRIN.AOS.S2","PRIN.SS.20240207.FIL","A00000420206","2024-02-07T16:20Z","2024-02-07T16:20Z","Illinois State Water Survey Central Analytical Laboratory",528.0,0.00190,1,"2024-02-08","A",,
"fb676dd0-8771-4879-af77-cdfedd0a6138","D11","PRIN","PRIN.AOS.S2","PRIN.SS.20240207.FIL.2","A00000420222","2024-02-07T16:20Z","2024-02-07T16:20Z","Illinois State Water Survey Central Analytical Laboratory",384.0,0.01180,1,"2024-02-08","B",,
"165820f7-74a4-4571-829d-abb90cd5cd4f","D11","PRIN","PRIN.AOS.S2","PRIN.SS.20240207.FIL","A00000420206","2024-02-07T16:20Z","2024-02-07T16:20Z","Illinois State Water Survey Central Analytical Laboratory",364.0,0.01710,1,"2024-02-08","B",,
"31ad8149-40ab-4cf9-98e6-dd694bcae704","D11","PRIN","PRIN.AOS.S2","PRIN.SS.20240207.FIL.3","A00000420238","2024-02-07T16:20Z","2024-02-07T16:20Z","Illinois State Water Survey Central Analytical Laboratory",410.0,0.00810,1,"2024-02-08","B",,
"e44d2501-da55-4dff-9b10-17d30ee99a03","D11","PRIN","PRIN.AOS.S2","PRIN.SS.20240207.FIL","A00000420206","2024-02-07T16:20Z","2024-02-07T16:20Z","Illinois State Water Survey Central Analytical Laboratory",402.0,0.00980,1,"2024-02-08","B",,
"1dc14311-97eb-426f-8871-095a0a4d1430","D11","PRIN","PRIN.AOS.S2","PRIN.SS.20240207.FIL.2","A00000420222","2024-02-07T16:20Z","2024-02-07T16:20Z","Illinois State Water Survey Central Analytical Laboratory",496.0,0.00280,1,"2024-02-08","A",,
"59ec3842-9bca-45c3-aa35-6704c71bfe8b","D11","PRIN","PRIN.AOS.S2","PRIN.SS.20240207.FIL.3","A00000420238","2024-02-07T16:20Z","2024-02-07T16:20Z","Illinois State Water Survey Central Analytical Laboratory",476.0,0.00340,1,"2024-02-08","B",,
"786da8f4-e4e9-4c12-8bf7-d4370ec8ac0f","D11","PRIN","PRIN.AOS.S2","PRIN.SS.20240207.FIL","A00000420206","2024-02-07T16:20Z","2024-02-07T16:20Z","Illinois State Water Survey Central Analytical Laboratory",398.0,0.00920,1,"2024-02-08","A",,
"ea244a0b-5ec1-49b6-b12e-57bc94fbf06e","D11","PRIN","PRIN.AOS.S2","PRIN.SS.20240207.FIL.3","A00000420238","2024-02-07T16:20Z","2024-02-07T16:20Z","Illinois State Water Survey Central Analytical Laboratory",584.0,0.00060,1,"2024-02-08","A",,
"eb847ae5-4f78-4fd1-b882-72cd497afdfa","D11","PRIN","PRIN.AOS.S2","PRIN.SS.20240207.FIL","A00000420206","2024-02-07T16:20Z","2024-02-07T16:20Z","Illinois State Water Survey Central Analytical Laboratory",352.0,0.01930,1,"2024-02-08","A",,
"13a9b1bc-9826-415c-957f-ff262aadd859","D11","PRIN","PRIN.AOS.S2","PRIN.SS.20240207.FIL","A00000420206","2024-02-07T16:20Z","2024-02-07T16:20Z","Illinois State Water Survey Central Analytical Laboratory",578.0,0.00090,1,"2024-02-08","A",,
"235c89b8-0610-42da-a636-ced2032518db","D11","PRIN","PRIN.AOS.S2","PRIN.SS.20240207.FIL","A00000420206","2024-02-07T16:20Z","2024-02-07T16:20Z","Illinois State Water Survey Central Analytical Laboratory",278.0,0.06290,1,"2024-02-08","B",,
"5126bea8-091a-480d-8fee-34178c87f7e4","D11","PRIN","PRIN.AOS.S2","PRIN.SS.20240207.FIL.3","A00000420238","2024-02-07T16:20Z","2024-02-07T16:20Z","Illinois State Water Survey Central Analytical Laboratory",514.0,0.00210,1,"2024-02-08","B",,
"574d8b99-68f7-4b94-bc47-969a98a3b5f8","D11","PRIN","PRIN.AOS.S2","PRIN.SS.20240207.FIL.3","A00000420238","2024-02-07T16:20Z","2024-02-07T16:20Z","Illinois State Water Survey Central Analytical Laboratory",378.0,0.01280,1,"2024-02-08","A",,
"b26fd644-a34a-49c7-966b-9127f0c09d53","D11","PRIN","PRIN.AOS.S2","PRIN.SS.20240207.FIL.3","A00000420238","2024-02-07T16:20Z","2024-02-07T16:20Z","Illinois State Water Survey Central Analytical Laboratory",224.0,0.14340,1,"2024-02-08","A",,
"928826e7-c849-4fa5-9c43-9432af51bc42","D11","PRIN","PRIN.AOS.S2","PRIN.SS.20240207.FIL","A00000420206","2024-02-07T16:20Z","2024-02-07T16:20Z","Illinois State Water Survey Central Analytical Laboratory",356.0,0.01910,1,"2024-02-08","B",,
"b9c72474-9c94-4bfe-8033-70e38d1e49a7","D11","PRIN","PRIN.AOS.S2","PRIN.SS.20240207.FIL.3","A00000420238","2024-02-07T16:20Z","2024-02-07T16:20Z","Illinois State Water Survey Central Analytical Laboratory",242.0,0.09040,1,"2024-02-08","A",,
"2daf17c6-1c5c-42bc-b0f8-980f2a32e9ef","D11","PRIN","PRIN.AOS.S2","PRIN.SS.20240207.FIL","A00000420206","2024-02-07T16:20Z","2024-02-07T16:20Z","Illinois State Water Survey Central Analytical Laboratory",328.0,0.02800,1,"2024-02-08","A",,
"90adb349-9ccc-425a-8d86-6a4f541932b9","D11","PRIN","PRIN.AOS.S2","PRIN.SS.20240207.FIL.3","A00000420238","2024-02-07T16:20Z","2024-02-07T16:20Z","Illinois State Water Survey Central Analytical Laboratory",512.0,0.00220,1,"2024-02-08","B",,
"9dedcc8a-89c0-45a7-ba0d-078dc263559a","D11","PRIN","PRIN.AOS.S2","PRIN.SS.20240207.FIL","A00000420206","2024-02-07T16:20Z","2024-02-07T16:20Z","Illinois State Water Survey Central Analytical Laboratory",464.0,0.00340,1,"2024-02-08","A",,
"d057cf32-8f57-42a6-97b0-cbfb370075fa","D11","PRIN","PRIN.AOS.S2","PRIN.SS.20240207.FIL.3","A00000420238","2024-02-07T16:20Z","2024-02-07T16:20Z","Illinois State Water Survey Central Analytical Laboratory",378.0,0.01340,1,"2024-02-08","B",,
"4dd98a86-64b5-4d0f-8662-7217e958b4bc","D11","PRIN","PRIN.AOS.S2","PRIN.SS.20240207.FIL","A00000420206","2024-02-07T16:20Z","2024-02-07T16:20Z","Illinois State Water Survey Central Analytical Laboratory",460.0,0.00350,1,"2024-02-08","A",,
"cc04fa8a-5536-45d2-a24a-43412affa0dc","D11","PRIN","PRIN.AOS.S2","PRIN.SS.20240207.FIL","A00000420206","2024-02-07T16:20Z","2024-02-07T16:20Z","Illinois State Water Survey Central Analytical Laboratory",234.0,0.10700,1,"2024-02-08","B",,
"2685c8fb-04f1-43bf-9cd0-849f711b79bf","D11","PRIN","PRIN.AOS.S2","PRIN.SS.20240207.FIL.3","A00000420238","2024-02-07T16:20Z","2024-02-07T16:20Z","Illinois State Water Survey Central Analytical Laboratory",420.0,0.00690,1,"2024-02-08","B",,
"69152604-9fa5-4e31-ab82-12a9ea408f84","D11","PRIN","PRIN.AOS.S2","PRIN.SS.20240207.FIL.2","A00000420222","2024-02-07T16:20Z","2024-02-07T16:20Z","Illinois State Water Survey Central Analytical Laboratory",348.0,0.02080,1,"2024-02-08","A",,
"b814155e-8697-495b-8599-e56460a43854","D11","PRIN","PRIN.AOS.S2","PRIN.SS.20240207.FIL.3","A00000420238","2024-02-07T16:20Z","2024-02-07T16:20Z","Illinois State Water Survey Central Analytical Laboratory",518.0,0.00180,1,"2024-02-08","B",,
"6afba7bb-c136-4e37-a4a1-1b2a129166b3","D11","PRIN","PRIN.AOS.S2","PRIN.SS.20240207.FIL.2","A00000420222","2024-02-07T16:20Z","2024-02-07T16:20Z","Illinois State Water Survey Central Analytical Laboratory",420.0,0.00650,1,"2024-02-08","B",,
"6ddaed1f-ac52-41b7-9733-8fddcb51ee68","D11","PRIN","PRIN.AOS.S2","PRIN.SS.20240207.FIL.2","A00000420222","2024-02-07T16:20Z","2024-02-07T16:20Z","Illinois State Water Survey Central Analytical Laboratory",558.0,0.00110,1,"2024-02-08","A",,
"638c10bc-2292-438c-8e2d-6cedc1cb1f70","D11","PRIN","PRIN.AOS.S2","PRIN.SS.20240207.FIL.2","A00000420222","2024-02-07T16:20Z","2024-02-07T16:20Z","Illinois State Water Survey Central Analytical Laboratory",224.0,0.14600,1,"2024-02-08","A",,
"6aa6f8ca-033d-4d15-af70-b67a739e2416","D11","PRIN","PRIN.AOS.S2","PRIN.SS.20240207.FIL","A00000420206","2024-02-07T16:20Z","2024-02-07T16:20Z","Illinois State Water Survey Central Analytical Laboratory",288.0,0.05400,1,"2024-02-08","B",,
"33b54073-c2b3-4eee-b030-400861244b64","D11","PRIN","PRIN.AOS.S2","PRIN.SS.20240207.FIL","A00000420206","2024-02-07T16:20Z","2024-02-07T16:20Z","Illinois State Water Survey Central Analytical Laboratory",448.0,0.00440,1,"2024-02-08","A",,
"68c0d131-a619-4335-a50c-012d13c36f06","D11","PRIN","PRIN.AOS.S2","PRIN.SS.20240207.FIL","A00000420206","2024-02-07T16:20Z","2024-02-07T16:20Z","Illinois State Water Survey Central Analytical Laboratory",272.0,0.06770,1,"2024-02-08","B",,
"8392b89c-220e-41e8-9f8a-d30896cb4846","D11","PRIN","PRIN.AOS.S2","PRIN.SS.20240207.FIL.3","A00000420238","2024-02-07T16:20Z","2024-02-07T16:20Z","Illinois State Water Survey Central Analytical Laboratory",422.0,0.00630,1,"2024-02-08","A",,
"61c48d45-f381-4d45-851d-3bb305edf8cb","D11","PRIN","PRIN.AOS.S2","PRIN.SS.20240207.FIL.2","A00000420222","2024-02-07T16:20Z","2024-02-07T16:20Z","Illinois State Water Survey Central Analytical Laboratory",562.0,0.00060,1,"2024-02-08","B",,
"dc017df2-83bf-414e-aa85-9e3b667fa15c","D11","PRIN","PRIN.AOS.S2","PRIN.SS.20240207.FIL.2","A00000420222","2024-02-07T16:20Z","2024-02-07T16:20Z","Illinois State Water Survey Central Analytical Laboratory",536.0,0.00170,1,"2024-02-08","A",,
"50ea173a-e814-4c75-bcdc-124c39ea75fb","D11","PRIN","PRIN.AOS.S2","PRIN.SS.20240207.FIL","A00000420206","2024-02-07T16:20Z","2024-02-07T16:20Z","Illinois State Water Survey Central Analytical Laboratory",462.0,0.00460,1,"2024-02-08","B",,
"6e29673d-fddb-4ca0-895d-04bd129bb6f9","D11","PRIN","PRIN.AOS.S2","PRIN.SS.20240207.FIL","A00000420206","2024-02-07T16:20Z","2024-02-07T16:20Z","Illinois State Water Survey Central Analytical Laboratory",258.0,0.07710,1,"2024-02-08","B",,
"da9abea4-ba98-43ab-a0db-c8239037d3bb","D11","PRIN","PRIN.AOS.S2","PRIN.SS.20240207.FIL.2","A00000420222","2024-02-07T16:20Z","2024-02-07T16:20Z","Illinois State Water Survey Central Analytical Laboratory",498.0,0.00240,1,"2024-02-08","B",,
"b1a0998a-0699-490e-aefc-e347fb1165dd","D11","PRIN","PRIN.AOS.S2","PRIN.SS.20240207.FIL.3","A00000420238","2024-02-07T16:20Z","2024-02-07T16:20Z","Illinois State Water Survey Central Analytical Laboratory",422.0,0.00690,1,"2024-02-08","B",,
"fb569790-80e7-4591-a767-553d53281a28","D11","PRIN","PRIN.AOS.S2","PRIN.SS.20240207.FIL.2","A00000420222","2024-02-07T16:20Z","2024-02-07T16:20Z","Illinois State Water Survey Central Analytical Laboratory",542.0,0.00140,1,"2024-02-08","A",,
"4d16e25b-d374-427d-b3b0-694bb6fe93ef","D11","PRIN","PRIN.AOS.S2","PRIN.SS.20240207.FIL.3","A00000420238","2024-02-07T16:20Z","2024-02-07T16:20Z","Illinois State Water Survey Central Analytical Laboratory",396.0,0.01000,1,"2024-02-08","B",,
"4d12631a-d20d-442c-b21d-1e67639eb4e7","D11","PRIN","PRIN.AOS.S2","PRIN.SS.20240207.FIL","A00000420206","2024-02-07T16:20Z","2024-02-07T16:20Z","Illinois State Water Survey Central Analytical Laboratory",388.0,0.01080,1,"2024-02-08","A",,
"6cfcca5a-286e-488e-9701-6f0c286927c8","D11","PRIN","PRIN.AOS.S2","PRIN.SS.20240207.FIL.2","A00000420222","2024-02-07T16:20Z","2024-02-07T16:20Z","Illinois State Water Survey Central Analytical Laboratory",366.0,0.01580,1,"2024-02-08","A",,
"a9467385-c101-4bed-b24e-508e97cb058a","D11","PRIN","PRIN.AOS.S2","PRIN.SS.20240207.FIL","A00000420206","2024-02-07T16:20Z","2024-02-07T16:20Z","Illinois State Water Survey Central Analytical Laboratory",246.0,0.08570,1,"2024-02-08","A",,
"3d2e5866-916e-41ae-b0be-811bde8241f8","D11","PRIN","PRIN.AOS.S2","PRIN.SS.20240207.FIL.3","A00000420238","2024-02-07T16:20Z","2024-02-07T16:20Z","Illinois State Water Survey Central Analytical Laboratory",450.0,0.00420,1,"2024-02-08","B",,
"9a555389-e607-4ea2-8d88-884c34b6e363","D11","PRIN","PRIN.AOS.S2","PRIN.SS.20240207.FIL.3","A00000420238","2024-02-07T16:20Z","2024-02-07T16:20Z","Illinois State Water Survey Central Analytical Laboratory",392.0,0.01060,1,"2024-02-08","B",,
"3896db78-f19c-4cda-9fb6-bc46719bc5a9","D11","PRIN","PRIN.AOS.S2","PRIN.SS.20240207.FIL.3","A00000420238","2024-02-07T16:20Z","2024-02-07T16:20Z","Illinois State Water Survey Central Analytical Laboratory",322.0,0.03090,1,"2024-02-08","A",,
"47107c06-0a79-49fb-b067-d4011e618d9d","D11","PRIN","PRIN.AOS.S2","PRIN.SS.20240207.FIL.2","A00000420222","2024-02-07T16:20Z","2024-02-07T16:20Z","Illinois State Water Survey Central Analytical Laboratory",446.0,0.00440,1,"2024-02-08","B",,
"0bd06aa4-7d58-4890-89cd-e0ac2a74b2ac","D11","PRIN","PRIN.AOS.S2","PRIN.SS.20240207.FIL.2","A00000420222","2024-02-07T16:20Z","2024-02-07T16:20Z","Illinois State Water Survey Central Analytical Laboratory",492.0,0.00250,1,"2024-02-08","B",,
"13d92a71-969f-4b64-8e40-087fce9cb061","D11","PRIN","PRIN.AOS.S2","PRIN.SS.20240207.FIL.2","A00000420222","2024-02-07T16:20Z","2024-02-07T16:20Z","Illinois State Water Survey Central Analytical Laboratory",326.0,0.02950,1,"2024-02-08","A",,
"a7d8cf78-6fe1-42f8-8d75-2506baa89389","D11","PRIN","PRIN.AOS.S2","PRIN.SS.20240207.FIL.2","A00000420222","2024-02-07T16:20Z","2024-02-07T16:20Z","Illinois State Water Survey Central Analytical Laboratory",518.0,0.00170,1,"2024-02-08","A",,
"6fba24e0-dafb-4c85-8887-482baba7ebb7","D11","PRIN","PRIN.AOS.S2","PRIN.SS.20240207.FIL.3","A00000420238","2024-02-07T16:20Z","2024-02-07T16:20Z","Illinois State Water Survey Central Analytical Laboratory",366.0,0.01530,1,"2024-02-08","A",,
"3cb17be1-ac51-4241-8b44-90a3383ee6cb","D11","PRIN","PRIN.AOS.S2","PRIN.SS.20240207.FIL","A00000420206","2024-02-07T16:20Z","2024-02-07T16:20Z","Illinois State Water Survey Central Analytical Laboratory",542.0,0.00260,1,"2024-02-08","B",,
"f0d09a74-c0e0-41f1-a2f9-0f335a191d88","D11","PRIN","PRIN.AOS.S2","PRIN.SS.20240207.FIL.2","A00000420222","2024-02-07T16:20Z","2024-02-07T16:20Z","Illinois State Water Survey Central Analytical Laboratory",406.0,0.00830,1,"2024-02-08","A",,
"9a949501-6094-4d4a-9c11-16dd73173453","D11","PRIN","PRIN.AOS.S2","PRIN.SS.20240207.FIL.2","A00000420222","2024-02-07T16:20Z","2024-02-07T16:20Z","Illinois State Water Survey Central Analytical Laboratory",474.0,0.00310,1,"2024-02-08","A",,
"0e8780a7-aaed-43a6-a62f-0bc20367e694","D11","PRIN","PRIN.AOS.S2","PRIN.SS.20240207.FIL.2","A00000420222","2024-02-07T16:20Z","2024-02-07T16:20Z","Illinois State Water Survey Central Analytical Laboratory",544.0,0.00130,1,"2024-02-08","B",,
"4f0dc731-b361-4753-ba39-290774873401","D11","PRIN","PRIN.AOS.S2","PRIN.SS.20240207.FIL.2","A00000420222","2024-02-07T16:20Z","2024-02-07T16:20Z","Illinois State Water Survey Central Analytical Laboratory",446.0,0.00470,1,"2024-02-08","A",,
"c69ddf54-efff-4119-acb0-4b9016403660","D11","PRIN","PRIN.AOS.S2","PRIN.SS.20240207.FIL.2","A00000420222","2024-02-07T16:20Z","2024-02-07T16:20Z","Illinois State Water Survey Central Analytical Laboratory",490.0,0.00260,1,"2024-02-08","B",,
"6d8810d2-0012-4ee5-8c11-83564346c351","D11","PRIN","PRIN.AOS.S2","PRIN.SS.20240207.FIL.3","A00000420238","2024-02-07T16:20Z","2024-02-07T16:20Z","Illinois State Water Survey Central Analytical Laboratory",466.0,0.00310,1,"2024-02-08","A",,
"6425f201-1925-4b43-960b-2dcee1cd58e3","D11","PRIN","PRIN.AOS.S2","PRIN.SS.20240207.FIL.3","A00000420238","2024-02-07T16:20Z","2024-02-07T16:20Z","Illinois State Water Survey Central Analytical Laboratory",510.0,0.00160,1,"2024-02-08","A",,
"fd6d004f-c02b-4896-949b-ae0f4b18f088","D11","PRIN","PRIN.AOS.S2","PRIN.SS.20240207.FIL.3","A00000420238","2024-02-07T16:20Z","2024-02-07T16:20Z","Illinois State Water Survey Central Analytical Laboratory",456.0,0.00380,1,"2024-02-08","B",,
"92da2aeb-659b-4830-99ec-75a83426d944","D11","PRIN","PRIN.AOS.S2","PRIN.SS.20240207.FIL.2","A00000420222","2024-02-07T16:20Z","2024-02-07T16:20Z","Illinois State Water Survey Central Analytical Laboratory",304.0,0.04140,1,"2024-02-08","B",,
"49edf222-0e48-4309-99ef-9234a3d61b92","D11","PRIN","PRIN.AOS.S2","PRIN.SS.20240207.FIL","A00000420206","2024-02-07T16:20Z","2024-02-07T16:20Z","Illinois State Water Survey Central Analytical Laboratory",302.0,0.04220,1,"2024-02-08","A",,
"e24065c6-3caa-4a5a-a891-85ae31a636ca","D11","PRIN","PRIN.AOS.S2","PRIN.SS.20240207.FIL.2","A00000420222","2024-02-07T16:20Z","2024-02-07T16:20Z","Illinois State Water Survey Central Analytical Laboratory",252.0,0.08140,1,"2024-02-08","A",,
"7711735c-9e2f-4e52-818f-7af50ee4226c","D11","PRIN","PRIN.AOS.S2","PRIN.SS.20240207.FIL","A00000420206","2024-02-07T16:20Z","2024-02-07T16:20Z","Illinois State Water Survey Central Analytical Laboratory",448.0,0.00560,1,"2024-02-08","B",,
"00df0b74-90a3-4ece-b69d-90550daeef31","D11","PRIN","PRIN.AOS.S2","PRIN.SS.20240207.FIL","A00000420206","2024-02-07T16:20Z","2024-02-07T16:20Z","Illinois State Water Survey Central Analytical Laboratory",458.0,0.00500,1,"2024-02-08","B",,
"d3687e65-7cf1-4f79-8410-51c174f67c9e","D11","PRIN","PRIN.AOS.S2","PRIN.SS.20240207.FIL.3","A00000420238","2024-02-07T16:20Z","2024-02-07T16:20Z","Illinois State Water Survey Central Analytical Laboratory",458.0,0.00340,1,"2024-02-08","A",,
"f90cb202-4ec1-4817-87ce-2ca96f59b6f3","D11","PRIN","PRIN.AOS.S2","PRIN.SS.20240207.FIL.3","A00000420238","2024-02-07T16:20Z","2024-02-07T16:20Z","Illinois State Water Survey Central Analytical Laboratory",552.0,0.00120,1,"2024-02-08","B",,
"b4b2012f-d554-401a-a309-0bf0de157caa","D11","PRIN","PRIN.AOS.S2","PRIN.SS.20240207.FIL.2","A00000420222","2024-02-07T16:20Z","2024-02-07T16:20Z","Illinois State Water Survey Central Analytical Laboratory",272.0,0.06770,1,"2024-02-08","A",,
"26e38e0d-2cb5-4e0d-81ac-774438a46d48","D11","PRIN","PRIN.AOS.S2","PRIN.SS.20240207.FIL.3","A00000420238","2024-02-07T16:20Z","2024-02-07T16:20Z","Illinois State Water Survey Central Analytical Laboratory",336.0,0.02530,1,"2024-02-08","B",,
"021e6e06-148a-42d4-a80b-1d5124a50536","D11","PRIN","PRIN.AOS.S2","PRIN.SS.20240207.FIL.2","A00000420222","2024-02-07T16:20Z","2024-02-07T16:20Z","Illinois State Water Survey Central Analytical Laboratory",290.0,0.05220,1,"2024-02-08","A",,
"87479f45-b00b-4b8a-a877-464b7cfe4aa8","D11","PRIN","PRIN.AOS.S2","PRIN.SS.20240207.FIL.2","A00000420222","2024-02-07T16:20Z","2024-02-07T16:20Z","Illinois State Water Survey Central Analytical Laboratory",452.0,0.00430,1,"2024-02-08","A",,
"3771ed60-6595-4618-8d9d-78a7c8e7ff52","D11","PRIN","PRIN.AOS.S2","PRIN.SS.20240207.FIL.3","A00000420238","2024-02-07T16:20Z","2024-02-07T16:20Z","Illinois State Water Survey Central Analytical Laboratory",324.0,0.03100,1,"2024-02-08","B",,
"788c8a97-a626-4b8c-a6c9-b23e54307cb9","D11","PRIN","PRIN.AOS.S2","PRIN.SS.20240207.FIL.2","A00000420222","2024-02-07T16:20Z","2024-02-07T16:20Z","Illinois State Water Survey Central Analytical Laboratory",466.0,0.00340,1,"2024-02-08","A",,
"d63b1303-3e6a-4de4-951a-2ff7bae3fb15","D11","PRIN","PRIN.AOS.S2","PRIN.SS.20240207.FIL.2","A00000420222","2024-02-07T16:20Z","2024-02-07T16:20Z","Illinois State Water Survey Central Analytical Laboratory",346.0,0.02180,1,"2024-02-08","A",,
"9a706db5-d20e-416e-a128-3adde270d144","D11","PRIN","PRIN.AOS.S2","PRIN.SS.20240207.FIL.2","A00000420222","2024-02-07T16:20Z","2024-02-07T16:20Z","Illinois State Water Survey Central Analytical Laboratory",368.0,0.01540,1,"2024-02-08","A",,
"4e1cd580-aee1-4c56-94e8-eda84f92c7bf","D11","PRIN","PRIN.AOS.S2","PRIN.SS.20240207.FIL","A00000420206","2024-02-07T16:20Z","2024-02-07T16:20Z","Illinois State Water Survey Central Analytical Laboratory",322.0,0.03100,1,"2024-02-08","A",,
"27799ba6-5345-40ad-8220-81e28a215278","D11","PRIN","PRIN.AOS.S2","PRIN.SS.20240207.FIL.2","A00000420222","2024-02-07T16:20Z","2024-02-07T16:20Z","Illinois State Water Survey Central Analytical Laboratory",556.0,0.00080,1,"2024-02-08","A",,
"ab977c80-0791-487c-89fe-957ade687844","D11","PRIN","PRIN.AOS.S2","PRIN.SS.20240207.FIL.3","A00000420238","2024-02-07T16:20Z","2024-02-07T16:20Z","Illinois State Water Survey Central Analytical Laboratory",280.0,0.06030,1,"2024-02-08","A",,
"81d95aff-4b72-4d84-a2dd-fd2207b15e14","D11","PRIN","PRIN.AOS.S2","PRIN.SS.20240207.FIL.2","A00000420222","2024-02-07T16:20Z","2024-02-07T16:20Z","Illinois State Water Survey Central Analytical Laboratory",440.0,0.00510,1,"2024-02-08","A",,
"14608c8e-c528-41e2-9b99-cfffca955c8a","D11","PRIN","PRIN.AOS.S2","PRIN.SS.20240207.FIL.2","A00000420222","2024-02-07T16:20Z","2024-02-07T16:20Z","Illinois State Water Survey Central Analytical Laboratory",506.0,0.00200,1,"2024-02-08","B",,
"4147884b-88cd-4d3f-9a84-58b7cf8d0780","D11","PRIN","PRIN.AOS.S2","PRIN.SS.20240207.FIL","A00000420206","2024-02-07T16:20Z","2024-02-07T16:20Z","Illinois State Water Survey Central Analytical Laboratory",432.0,0.00680,1,"2024-02-08","B",,
"44ea48d1-d44a-425e-beb9-515db90f0feb","D11","PRIN","PRIN.AOS.S2","PRIN.SS.20240207.FIL.2","A00000420222","2024-02-07T16:20Z","2024-02-07T16:20Z","Illinois State Water Survey Central Analytical Laboratory",516.0,0.00180,1,"2024-02-08","B",,
"323ccdaf-f10c-411e-9868-92250ef0bd95","D11","PRIN","PRIN.AOS.S2","PRIN.SS.20240207.FIL.2","A00000420222","2024-02-07T16:20Z","2024-02-07T16:20Z","Illinois State Water Survey Central Analytical Laboratory",342.0,0.02260,1,"2024-02-08","B",,
"b087fb0d-db9d-4c07-a152-dd10ef7c6d4b","D11","PRIN","PRIN.AOS.S2","PRIN.SS.20240207.FIL","A00000420206","2024-02-07T16:20Z","2024-02-07T16:20Z","Illinois State Water Survey Central Analytical Laboratory",540.0,0.00280,1,"2024-02-08","B",,
"7688462f-64e0-48ce-89ca-ff000ce5e3c9","D11","PRIN","PRIN.AOS.S2","PRIN.SS.20240207.FIL.2","A00000420222","2024-02-07T16:20Z","2024-02-07T16:20Z","Illinois State Water Survey Central Analytical Laboratory",260.0,0.07580,1,"2024-02-08","B",,
"81187372-84ae-463e-9d85-b909f37987ec","D11","PRIN","PRIN.AOS.S2","PRIN.SS.20240207.FIL","A00000420206","2024-02-07T16:20Z","2024-02-07T16:20Z","Illinois State Water Survey Central Analytical Laboratory",596.0,0.00170,1,"2024-02-08","B",,
"91c4465e-e596-494c-901d-6031f3ecfeda","D11","PRIN","PRIN.AOS.S2","PRIN.SS.20240207.FIL.2","A00000420222","2024-02-07T16:20Z","2024-02-07T16:20Z","Illinois State Water Survey Central Analytical Laboratory",274.0,0.06580,1,"2024-02-08","B",,
"2bb77c4f-f939-46d7-a4a0-2cb84125e630","D11","PRIN","PRIN.AOS.S2","PRIN.SS.20240207.FIL.2","A00000420222","2024-02-07T16:20Z","2024-02-07T16:20Z","Illinois State Water Survey Central Analytical Laboratory",328.0,0.02820,1,"2024-02-08","B",,
"ffca1275-1e97-47af-8f97-252ec8be256b","D11","PRIN","PRIN.AOS.S2","PRIN.SS.20240207.FIL","A00000420206","2024-02-07T16:20Z","2024-02-07T16:20Z","Illinois State Water Survey Central Analytical Laboratory",280.0,0.06120,1,"2024-02-08","B",,
"35fea3f6-c015-486b-af0a-1d2befa0155a","D11","PRIN","PRIN.AOS.S2","PRIN.SS.20240207.FIL","A00000420206","2024-02-07T16:20Z","2024-02-07T16:20Z","Illinois State Water Survey Central Analytical Laboratory",336.0,0.02470,1,"2024-02-08","A",,
"6ba58777-cecb-4f94-bb3e-b554ab086468","D11","PRIN","PRIN.AOS.S2","PRIN.SS.20240207.FIL.2","A00000420222","2024-02-07T16:20Z","2024-02-07T16:20Z","Illinois State Water Survey Central Analytical Laboratory",572.0,0.00070,1,"2024-02-08","B",,
"0c7565c4-fd4f-441f-9ab4-7f09d17ced64","D11","PRIN","PRIN.AOS.S2","PRIN.SS.20240207.FIL","A00000420206","2024-02-07T16:20Z","2024-02-07T16:20Z","Illinois State Water Survey Central Analytical Laboratory",508.0,0.00230,1,"2024-02-08","A",,
"396bfa06-f776-4b9b-9761-1cd2a07d8f46","D11","PRIN","PRIN.AOS.S2","PRIN.SS.20240207.FIL.2","A00000420222","2024-02-07T16:20Z","2024-02-07T16:20Z","Illinois State Water Survey Central Analytical Laboratory",550.0,0.00110,1,"2024-02-08","B",,
"48de7890-2c34-4c5b-b1dd-2a75d6834c48","D11","PRIN","PRIN.AOS.S2","PRIN.SS.20240207.FIL.2","A00000420222","2024-02-07T16:20Z","2024-02-07T16:20Z","Illinois State Water Survey Central Analytical Laboratory",402.0,0.00870,1,"2024-02-08","B",,
"b241d13d-2980-43c3-a9db-7ee6271f4fad","D11","PRIN","PRIN.AOS.S2","PRIN.SS.20240207.FIL","A00000420206","2024-02-07T16:20Z","2024-02-07T16:20Z","Illinois State Water Survey Central Analytical Laboratory",374.0,0.01340,1,"2024-02-08","A",,
"0565e4a0-4efb-4032-b4df-66669dbbc3e8","D11","PRIN","PRIN.AOS.S2","PRIN.SS.20240207.FIL.3","A00000420238","2024-02-07T16:20Z","2024-02-07T16:20Z","Illinois State Water Survey Central Analytical Laboratory",530.0,0.00150,1,"2024-02-08","A",,
"4d5f1b27-0a23-409a-8eec-64246741b174","D11","PRIN","PRIN.AOS.S2","PRIN.SS.20240207.FIL.3","A00000420238","2024-02-07T16:20Z","2024-02-07T16:20Z","Illinois State Water Survey Central Analytical Laboratory",370.0,0.01500,1,"2024-02-08","B",,
"0fe193a7-4e0c-4a0c-a259-5cb30efe4b43","D11","PRIN","PRIN.AOS.S2","PRIN.SS.20240207.FIL","A00000420206","2024-02-07T16:20Z","2024-02-07T16:20Z","Illinois State Water Survey Central Analytical Laboratory",522.0,0.00310,1,"2024-02-08","B",,
"1ffdb7b2-bb2b-4ba0-9831-eb152efde51d","D11","PRIN","PRIN.AOS.S2","PRIN.SS.20240207.FIL.2","A00000420222","2024-02-07T16:20Z","2024-02-07T16:20Z","Illinois State Water Survey Central Analytical Laboratory",358.0,0.01780,1,"2024-02-08","B",,
"49b21f1c-6090-4fff-8abc-3104ee08fc6d","D11","PRIN","PRIN.AOS.S2","PRIN.SS.20240207.FIL","A00000420206","2024-02-07T16:20Z","2024-02-07T16:20Z","Illinois State Water Survey Central Analytical Laboratory",520.0,0.00190,1,"2024-02-08","A",,
"0ae1c080-8fc7-4784-bd73-a1a77ca1ed1f","D11","PRIN","PRIN.AOS.S2","PRIN.SS.20240207.FIL.3","A00000420238","2024-02-07T16:20Z","2024-02-07T16:20Z","Illinois State Water Survey Central Analytical Laboratory",512.0,0.00200,1,"2024-02-08","A",,
"7b78dc90-7203-44aa-8b18-f7066c369727","D11","PRIN","PRIN.AOS.S2","PRIN.SS.20240207.FIL.2","A00000420222","2024-02-07T16:20Z","2024-02-07T16:20Z","Illinois State Water Survey Central Analytical Laboratory",234.0,0.10740,1,"2024-02-08","A",,
"677be6d3-9ec3-415c-867c-7a9fe2bd4984","D11","PRIN","PRIN.AOS.S2","PRIN.SS.20240207.FIL.2","A00000420222","2024-02-07T16:20Z","2024-02-07T16:20Z","Illinois State Water Survey Central Analytical Laboratory",444.0,0.00450,1,"2024-02-08","B",,
"f0c2a23b-0f34-47b2-8bd3-4e453b8cf0d8","D11","PRIN","PRIN.AOS.S2","PRIN.SS.20240207.FIL.2","A00000420222","2024-02-07T16:20Z","2024-02-07T16:20Z","Illinois State Water Survey Central Analytical Laboratory",474.0,0.00310,1,"2024-02-08","B",,
"098376a0-b6c4-4ac9-9f5e-1de072954938","D11","PRIN","PRIN.AOS.S2","PRIN.SS.20240207.FIL","A00000420206","2024-02-07T16:20Z","2024-02-07T16:20Z","Illinois State Water Survey Central Analytical Laboratory",498.0,0.00400,1,"2024-02-08","B",,
"45679d38-72ac-4dd7-8a72-4be05b301aa2","D11","PRIN","PRIN.AOS.S2","PRIN.SS.20240207.FIL.2","A00000420222","2024-02-07T16:20Z","2024-02-07T16:20Z","Illinois State Water Survey Central Analytical Laboratory",240.0,0.09450,1,"2024-02-08","B",,
"3c9ae520-bed0-4d54-9f22-feabb7a890ee","D11","PRIN","PRIN.AOS.S2","PRIN.SS.20240207.FIL","A00000420206","2024-02-07T16:20Z","2024-02-07T16:20Z","Illinois State Water Survey Central Analytical Laboratory",376.0,0.01400,1,"2024-02-08","B",,
"f10bbf91-ac26-434a-9790-6b06a1f3083d","D11","PRIN","PRIN.AOS.S2","PRIN.SS.20240207.FIL.2","A00000420222","2024-02-07T16:20Z","2024-02-07T16:20Z","Illinois State Water Survey Central Analytical Laboratory",238.0,0.09860,1,"2024-02-08","A",,
"b8994661-785f-410e-bab0-15a7a77fb5cd","D11","PRIN","PRIN.AOS.S2","PRIN.SS.20240207.FIL","A00000420206","2024-02-07T16:20Z","2024-02-07T16:20Z","Illinois State Water Survey Central Analytical Laboratory",540.0,0.00140,1,"2024-02-08","A",,
"a4d5687b-b2f6-444e-8d69-5e08252df532","D11","PRIN","PRIN.AOS.S2","PRIN.SS.20240207.FIL","A00000420206","2024-02-07T16:20Z","2024-02-07T16:20Z","Illinois State Water Survey Central Analytical Laboratory",324.0,0.03110,1,"2024-02-08","B",,
"fc865d84-5c30-45c8-ac39-1ddbfa0f7184","D11","PRIN","PRIN.AOS.S2","PRIN.SS.20240207.FIL.2","A00000420222","2024-02-07T16:20Z","2024-02-07T16:20Z","Illinois State Water Survey Central Analytical Laboratory",572.0,0.00080,1,"2024-02-08","A",,
"5b6b0d5f-a78b-4780-92a3-b078eada56e5","D11","PRIN","PRIN.AOS.S2","PRIN.SS.20240207.FIL.3","A00000420238","2024-02-07T16:20Z","2024-02-07T16:20Z","Illinois State Water Survey Central Analytical Laboratory",554.0,0.00130,1,"2024-02-08","B",,
"c9fdfcef-e99b-4dbc-884a-136da754cbe1","D11","PRIN","PRIN.AOS.S2","PRIN.SS.20240207.FIL.2","A00000420222","2024-02-07T16:20Z","2024-02-07T16:20Z","Illinois State Water Survey Central Analytical Laboratory",532.0,0.00160,1,"2024-02-08","B",,
"15108616-087e-48da-97e5-1de98bf90c77","D11","PRIN","PRIN.AOS.S2","PRIN.SS.20240207.FIL.2","A00000420222","2024-02-07T16:20Z","2024-02-07T16:20Z","Illinois State Water Survey Central Analytical Laboratory",436.0,0.00550,1,"2024-02-08","A",,
"f8b7bbfc-0d66-4636-aaa4-5c87c8f6e740","D11","PRIN","PRIN.AOS.S2","PRIN.SS.20240207.FIL.2","A00000420222","2024-02-07T16:20Z","2024-02-07T16:20Z","Illinois State Water Survey Central Analytical Laboratory",530.0,0.00160,1,"2024-02-08","B",,
"9a3b6c9c-98a9-4516-bf31-ea8d1c2c733d","D11","PRIN","PRIN.AOS.S2","PRIN.SS.20240207.FIL","A00000420206","2024-02-07T16:20Z","2024-02-07T16:20Z","Illinois State Water Survey Central Analytical Laboratory",392.0,0.01020,1,"2024-02-08","A",,
"2a97d181-4053-4276-bde5-62dabc353326","D11","PRIN","PRIN.AOS.S2","PRIN.SS.20240207.FIL.2","A00000420222","2024-02-07T16:20Z","2024-02-07T16:20Z","Illinois State Water Survey Central Analytical Laboratory",350.0,0.01970,1,"2024-02-08","B",,
"a471d19d-3312-4fd0-ab80-afcf45a1ffcf","D11","PRIN","PRIN.AOS.S2","PRIN.SS.20240207.FIL.2","A00000420222","2024-02-07T16:20Z","2024-02-07T16:20Z","Illinois State Water Survey Central Analytical Laboratory",534.0,0.00170,1,"2024-02-08","A",,
"356d37c6-59a1-4c25-9f37-bb6e3e0ba89f","D11","PRIN","PRIN.AOS.S2","PRIN.SS.20240207.FIL.2","A00000420222","2024-02-07T16:20Z","2024-02-07T16:20Z","Illinois State Water Survey Central Analytical Laboratory",510.0,0.00180,1,"2024-02-08","A",,
"55922d35-0b59-4038-ae28-5d698abc0a3f","D11","PRIN","PRIN.AOS.S2","PRIN.SS.20240207.FIL.3","A00000420238","2024-02-07T16:20Z","2024-02-07T16:20Z","Illinois State Water Survey Central Analytical Laboratory",570.0,0.00080,1,"2024-02-08","A",,
"ffd48838-bf09-4fed-898b-f79b21cb3d34","D11","PRIN","PRIN.AOS.S2","PRIN.SS.20240207.FIL.2","A00000420222","2024-02-07T16:20Z","2024-02-07T16:20Z","Illinois State Water Survey Central Analytical Laboratory",268.0,0.07040,1,"2024-02-08","A",,
"cec77b48-219e-4785-98bc-b271c0e2534e","D11","PRIN","PRIN.AOS.S2","PRIN.SS.20240207.FIL.2","A00000420222","2024-02-07T16:20Z","2024-02-07T16:20Z","Illinois State Water Survey Central Analytical Laboratory",426.0,0.00620,1,"2024-02-08","B",,
"3c321a40-6c7b-4ffd-84a2-fb293588e68a","D11","PRIN","PRIN.AOS.S2","PRIN.SS.20240207.FIL","A00000420206","2024-02-07T16:20Z","2024-02-07T16:20Z","Illinois State Water Survey Central Analytical Laboratory",534.0,0.00160,1,"2024-02-08","A",,
"a1af5360-a372-47bd-afa4-242b8e7fc563","D11","PRIN","PRIN.AOS.S2","PRIN.SS.20240207.FIL.2","A00000420222","2024-02-07T16:20Z","2024-02-07T16:20Z","Illinois State Water Survey Central Analytical Laboratory",274.0,0.06610,1,"2024-02-08","A",,
"45f6c91b-3e97-4cb8-bc1f-036a5bd39c33","D11","PRIN","PRIN.AOS.S2","PRIN.SS.20240207.FIL","A00000420206","2024-02-07T16:20Z","2024-02-07T16:20Z","Illinois State Water Survey Central Analytical Laboratory",472.0,0.00460,1,"2024-02-08","B",,
"b2b3e09b-210c-4a4e-a8ab-320e7ef405d1","D11","PRIN","PRIN.AOS.S2","PRIN.SS.20240207.FIL.3","A00000420238","2024-02-07T16:20Z","2024-02-07T16:20Z","Illinois State Water Survey Central Analytical Laboratory",542.0,0.00160,1,"2024-02-08","B",,
"5db6c674-acb8-462e-bd85-368f4abac01f","D11","PRIN","PRIN.AOS.S2","PRIN.SS.20240207.FIL","A00000420206","2024-02-07T16:20Z","2024-02-07T16:20Z","Illinois State Water Survey Central Analytical Laboratory",234.0,0.10590,1,"2024-02-08","A",,
"d902c33e-0446-48c0-81a4-3472cc9a79e2","D11","PRIN","PRIN.AOS.S2","PRIN.SS.20240207.FIL.2","A00000420222","2024-02-07T16:20Z","2024-02-07T16:20Z","Illinois State Water Survey Central Analytical Laboratory",326.0,0.02930,1,"2024-02-08","B",,
"c2f3bb69-9a69-4942-8d8a-e4d5e27b503e","D11","PRIN","PRIN.AOS.S2","PRIN.SS.20240207.FIL","A00000420206","2024-02-07T16:20Z","2024-02-07T16:20Z","Illinois State Water Survey Central Analytical Laboratory",328.0,0.02900,1,"2024-02-08","B",,
"0c2bb821-23fb-4c7b-bdb6-50c6552dcb61","D11","PRIN","PRIN.AOS.S2","PRIN.SS.20240207.FIL","A00000420206","2024-02-07T16:20Z","2024-02-07T16:20Z","Illinois State Water Survey Central Analytical Laboratory",470.0,0.00320,1,"2024-02-08","A",,
"ca54e5e8-08e1-4e25-aa3c-878b42d9fd1b","D11","PRIN","PRIN.AOS.S2","PRIN.SS.20240207.FIL.3","A00000420238","2024-02-07T16:20Z","2024-02-07T16:20Z","Illinois State Water Survey Central Analytical Laboratory",536.0,0.00140,1,"2024-02-08","A",,
"06ec5ca7-0e50-4d29-b5bf-7ed3e4557395","D11","PRIN","PRIN.AOS.S2","PRIN.SS.20240207.FIL.2","A00000420222","2024-02-07T16:20Z","2024-02-07T16:20Z","Illinois State Water Survey Central Analytical Laboratory",354.0,0.01900,1,"2024-02-08","A",,
"cc1cb5c8-ac33-4c2a-a38b-7043130d6cbe","D11","PRIN","PRIN.AOS.S2","PRIN.SS.20240207.FIL.2","A00000420222","2024-02-07T16:20Z","2024-02-07T16:20Z","Illinois State Water Survey Central Analytical Laboratory",592.0,0.00140,1,"2024-02-08","A",,
"077e3760-f366-4ad7-a540-473acbdab3de","D11","PRIN","PRIN.AOS.S2","PRIN.SS.20240207.FIL.3","A00000420238","2024-02-07T16:20Z","2024-02-07T16:20Z","Illinois State Water Survey Central Analytical Laboratory",466.0,0.00350,1,"2024-02-08","B",,
"697f61bc-7c84-43bd-a847-dad7012f60f3","D11","PRIN","PRIN.AOS.S2","PRIN.SS.20240207.FIL.2","A00000420222","2024-02-07T16:20Z","2024-02-07T16:20Z","Illinois State Water Survey Central Analytical Laboratory",354.0,0.01860,1,"2024-02-08","B",,
"0abadac8-fabf-4be3-a6df-4fead20d301b","D11","PRIN","PRIN.AOS.S2","PRIN.SS.20240207.FIL","A00000420206","2024-02-07T16:20Z","2024-02-07T16:20Z","Illinois State Water Survey Central Analytical Laboratory",532.0,0.00170,1,"2024-02-08","A",,
"b92bdf6d-5a69-4a49-afa6-f6cd241cb00c","D11","PRIN","PRIN.AOS.S2","PRIN.SS.20240207.FIL.3","A00000420238","2024-02-07T16:20Z","2024-02-07T16:20Z","Illinois State Water Survey Central Analytical Laboratory",352.0,0.01980,1,"2024-02-08","B",,
"3eed85a3-8688-47f7-bbb6-55b7df6edea6","D11","PRIN","PRIN.AOS.S2","PRIN.SS.20240207.FIL.2","A00000420222","2024-02-07T16:20Z","2024-02-07T16:20Z","Illinois State Water Survey Central Analytical Laboratory",316.0,0.03430,1,"2024-02-08","B",,
"c50c3f08-74cf-4c37-8014-51fd6813e055","D11","PRIN","PRIN.AOS.S2","PRIN.SS.20240207.FIL.2","A00000420222","2024-02-07T16:20Z","2024-02-07T16:20Z","Illinois State Water Survey Central Analytical Laboratory",360.0,0.01740,1,"2024-02-08","B",,
"478ed0f4-9ccc-4104-89a8-407fab54321e","D11","PRIN","PRIN.AOS.S2","PRIN.SS.20240207.FIL","A00000420206","2024-02-07T16:20Z","2024-02-07T16:20Z","Illinois State Water Survey Central Analytical Laboratory",408.0,0.00780,1,"2024-02-08","A",,
"73691e90-88c7-4723-acef-f8b492a1c114","D11","PRIN","PRIN.AOS.S2","PRIN.SS.20240207.FIL.3","A00000420238","2024-02-07T16:20Z","2024-02-07T16:20Z","Illinois State Water Survey Central Analytical Laboratory",344.0,0.02160,1,"2024-02-08","A",,
"4b682426-0792-4939-8d9f-c1beb63e64fe","D11","PRIN","PRIN.AOS.S2","PRIN.SS.20240207.FIL.3","A00000420238","2024-02-07T16:20Z","2024-02-07T16:20Z","Illinois State Water Survey Central Analytical Laboratory",236.0,0.10090,1,"2024-02-08","A",,
"3c091263-636d-4adc-97fa-5c2c2c98d930","D11","PRIN","PRIN.AOS.S2","PRIN.SS.20240207.FIL.3","A00000420238","2024-02-07T16:20Z","2024-02-07T16:20Z","Illinois State Water Survey Central Analytical Laboratory",444.0,0.00490,1,"2024-02-08","B",,
"fe7ff81e-7086-4b52-9534-129d25c25ddc","D11","PRIN","PRIN.AOS.S2","PRIN.SS.20240207.FIL","A00000420206","2024-02-07T16:20Z","2024-02-07T16:20Z","Illinois State Water Survey Central Analytical Laboratory",556.0,0.00070,1,"2024-02-08","A",,
"883497a2-e2ac-4d7b-be2d-1d19bda75f5b","D11","PRIN","PRIN.AOS.S2","PRIN.SS.20240207.FIL.3","A00000420238","2024-02-07T16:20Z","2024-02-07T16:20Z","Illinois State Water Survey Central Analytical Laboratory",488.0,0.00290,1,"2024-02-08","B",,
"84c99f03-a298-4d6e-84e5-debe148e909d","D11","PRIN","PRIN.AOS.S2","PRIN.SS.20240207.FIL","A00000420206","2024-02-07T16:20Z","2024-02-07T16:20Z","Illinois State Water Survey Central Analytical Laboratory",414.0,0.00790,1,"2024-02-08","B",,
"bf11aa9b-de65-44b3-a0fa-b90be95e5695","D11","PRIN","PRIN.AOS.S2","PRIN.SS.20240207.FIL.3","A00000420238","2024-02-07T16:20Z","2024-02-07T16:20Z","Illinois State Water Survey Central Analytical Laboratory",502.0,0.00210,1,"2024-02-08","A",,
"35d909fe-1ced-4886-a577-70ff25c3d3bd","D11","PRIN","PRIN.AOS.S2","PRIN.SS.20240207.FIL.3","A00000420238","2024-02-07T16:20Z","2024-02-07T16:20Z","Illinois State Water Survey Central Analytical Laboratory",428.0,0.00620,1,"2024-02-08","B",,
"d21ce1b0-a8e2-412d-a232-888e644c974e","D11","PRIN","PRIN.AOS.S2","PRIN.SS.20240207.FIL","A00000420206","2024-02-07T16:20Z","2024-02-07T16:20Z","Illinois State Water Survey Central Analytical Laboratory",466.0,0.00460,1,"2024-02-08","B",,
"820e1bbf-8e20-4c5c-b94f-a76933cafbc0","D11","PRIN","PRIN.AOS.S2","PRIN.SS.20240207.FIL","A00000420206","2024-02-07T16:20Z","2024-02-07T16:20Z","Illinois State Water Survey Central Analytical Laboratory",506.0,0.00330,1,"2024-02-08","B",,
"73035bcd-1d3e-4ad6-8356-bd6858f859ba","D11","PRIN","PRIN.AOS.S2","PRIN.SS.20240207.FIL.3","A00000420238","2024-02-07T16:20Z","2024-02-07T16:20Z","Illinois State Water Survey Central Analytical Laboratory",298.0,0.04650,1,"2024-02-08","B",,
"92a9b16c-894c-46c2-92fc-46910195bd86","D11","PRIN","PRIN.AOS.S2","PRIN.SS.20240207.FIL.2","A00000420222","2024-02-07T16:20Z","2024-02-07T16:20Z","Illinois State Water Survey Central Analytical Laboratory",552.0,0.00090,1,"2024-02-08","B",,
"55f0bd3b-167e-4d95-bb57-274372efc7f9","D11","PRIN","PRIN.AOS.S2","PRIN.SS.20240207.FIL.3","A00000420238","2024-02-07T16:20Z","2024-02-07T16:20Z","Illinois State Water Survey Central Analytical Laboratory",406.0,0.00850,1,"2024-02-08","B",,
"c1e2e952-b9a1-49dd-b17a-62b997be69c7","D11","PRIN","PRIN.AOS.S2","PRIN.SS.20240207.FIL","A00000420206","2024-02-07T16:20Z","2024-02-07T16:20Z","Illinois State Water Survey Central Analytical Laboratory",286.0,0.05590,1,"2024-02-08","B",,
"2e4b6f74-ef98-4713-acbc-991dcd089f0d","D11","PRIN","PRIN.AOS.S2","PRIN.SS.20240207.FIL.2","A00000420222","2024-02-07T16:20Z","2024-02-07T16:20Z","Illinois State Water Survey Central Analytical Laboratory",336.0,0.02510,1,"2024-02-08","A",,
"dc7ac17f-65cb-4bcb-9bcc-3514b7c2ee90","D11","PRIN","PRIN.AOS.S2","PRIN.SS.20240207.FIL.2","A00000420222","2024-02-07T16:20Z","2024-02-07T16:20Z","Illinois State Water Survey Central Analytical Laboratory",486.0,0.00280,1,"2024-02-08","B",,
"f8f62823-414a-4f5d-b9e7-3733f581c332","D11","PRIN","PRIN.AOS.S2","PRIN.SS.20240207.FIL.2","A00000420222","2024-02-07T16:20Z","2024-02-07T16:20Z","Illinois State Water Survey Central Analytical Laboratory",448.0,0.00450,1,"2024-02-08","A",,
"64d1f4d0-cf21-4456-a417-508a60ebfef9","D11","PRIN","PRIN.AOS.S2","PRIN.SS.20240207.FIL","A00000420206","2024-02-07T16:20Z","2024-02-07T16:20Z","Illinois State Water Survey Central Analytical Laboratory",352.0,0.02010,1,"2024-02-08","B",,
"d572a9e9-d7a3-4bf6-8144-668e1248384b","D11","PRIN","PRIN.AOS.S2","PRIN.SS.20240207.FIL","A00000420206","2024-02-07T16:20Z","2024-02-07T16:20Z","Illinois State Water Survey Central Analytical Laboratory",584.0,0.00080,1,"2024-02-08","A",,
"32354576-125e-42dc-92b6-d9a3f8bd7f82","D11","PRIN","PRIN.AOS.S2","PRIN.SS.20240207.FIL.3","A00000420238","2024-02-07T16:20Z","2024-02-07T16:20Z","Illinois State Water Survey Central Analytical Laboratory",426.0,0.00640,1,"2024-02-08","B",,
"034219f5-2f7e-4514-ba54-9abf5f69df15","D11","PRIN","PRIN.AOS.S2","PRIN.SS.20240207.FIL.2","A00000420222","2024-02-07T16:20Z","2024-02-07T16:20Z","Illinois State Water Survey Central Analytical Laboratory",588.0,0.00050,1,"2024-02-08","B",,
"b1083368-77cc-4b3d-9410-50c8e1e0f159","D11","PRIN","PRIN.AOS.S2","PRIN.SS.20240207.FIL.3","A00000420238","2024-02-07T16:20Z","2024-02-07T16:20Z","Illinois State Water Survey Central Analytical Laboratory",560.0,0.00080,1,"2024-02-08","A",,
"f31e9cda-c516-47b0-b0ad-5f3ddecf76af","D11","PRIN","PRIN.AOS.S2","PRIN.SS.20240207.FIL.2","A00000420222","2024-02-07T16:20Z","2024-02-07T16:20Z","Illinois State Water Survey Central Analytical Laboratory",450.0,0.00430,1,"2024-02-08","A",,
"80388595-647e-4294-957e-4d0906cc8a2a","D11","PRIN","PRIN.AOS.S2","PRIN.SS.20240207.FIL.3","A00000420238","2024-02-07T16:20Z","2024-02-07T16:20Z","Illinois State Water Survey Central Analytical Laboratory",302.0,0.04360,1,"2024-02-08","B",,
"093a6ce0-1cba-4feb-8c87-ae31795172cc","D11","PRIN","PRIN.AOS.S2","PRIN.SS.20240207.FIL","A00000420206","2024-02-07T16:20Z","2024-02-07T16:20Z","Illinois State Water Survey Central Analytical Laboratory",592.0,0.00090,1,"2024-02-08","A",,
"012cddcd-c5be-4914-9145-533c34d9c094","D11","PRIN","PRIN.AOS.S2","PRIN.SS.20240207.FIL.2","A00000420222","2024-02-07T16:20Z","2024-02-07T16:20Z","Illinois State Water Survey Central Analytical Laboratory",368.0,0.01500,1,"2024-02-08","B",,
"b695138a-8e94-4264-8f69-a00db25b6a73","D11","PRIN","PRIN.AOS.S2","PRIN.SS.20240207.FIL","A00000420206","2024-02-07T16:20Z","2024-02-07T16:20Z","Illinois State Water Survey Central Analytical Laboratory",290.0,0.05220,1,"2024-02-08","B",,
"1ce9faa2-a92a-4fc9-bec8-ea96f7f6c1c9","D11","PRIN","PRIN.AOS.S2","PRIN.SS.20240207.FIL.2","A00000420222","2024-02-07T16:20Z","2024-02-07T16:20Z","Illinois State Water Survey Central Analytical Laboratory",256.0,0.07890,1,"2024-02-08","A",,
"147781f5-cfc2-461c-bdd8-aa1ebcf9a505","D11","PRIN","PRIN.AOS.S2","PRIN.SS.20240207.FIL.3","A00000420238","2024-02-07T16:20Z","2024-02-07T16:20Z","Illinois State Water Survey Central Analytical Laboratory",306.0,0.03960,1,"2024-02-08","A",,
"51080b71-49b8-47a9-9490-b9e39ede6adb","D11","PRIN","PRIN.AOS.S2","PRIN.SS.20240207.FIL.2","A00000420222","2024-02-07T16:20Z","2024-02-07T16:20Z","Illinois State Water Survey Central Analytical Laboratory",580.0,0.00090,1,"2024-02-08","A",,
"9f0f480a-08a2-43a6-a212-fd8455eb40c6","D11","PRIN","PRIN.AOS.S2","PRIN.SS.20240207.FIL","A00000420206","2024-02-07T16:20Z","2024-02-07T16:20Z","Illinois State Water Survey Central Analytical Laboratory",424.0,0.00740,1,"2024-02-08","B",,
"537a827d-a642-4002-980a-c53426016704","D11","PRIN","PRIN.AOS.S2","PRIN.SS.20240207.FIL.2","A00000420222","2024-02-07T16:20Z","2024-02-07T16:20Z","Illinois State Water Survey Central Analytical Laboratory",288.0,0.05400,1,"2024-02-08","A",,
"c5f07384-8099-49da-8664-ac94d7967185","D11","PRIN","PRIN.AOS.S2","PRIN.SS.20240207.FIL.2","A00000420222","2024-02-07T16:20Z","2024-02-07T16:20Z","Illinois State Water Survey Central Analytical Laboratory",222.0,0.15740,1,"2024-02-08","B",,
"26b2d50c-0adc-4be2-8255-118eed3245a9","D11","PRIN","PRIN.AOS.S2","PRIN.SS.20240207.FIL","A00000420206","2024-02-07T16:20Z","2024-02-07T16:20Z","Illinois State Water Survey Central Analytical Laboratory",554.0,0.00110,1,"2024-02-08","A",,
"ee830cb3-7c93-4cd9-83a6-b2c33062b2f4","D11","PRIN","PRIN.AOS.S2","PRIN.SS.20240207.FIL.2","A00000420222","2024-02-07T16:20Z","2024-02-07T16:20Z","Illinois State Water Survey Central Analytical Laboratory",412.0,0.00730,1,"2024-02-08","A",,
"211dcfb3-a707-44ba-bf40-88f571413027","D11","PRIN","PRIN.AOS.S2","PRIN.SS.20240207.FIL.2","A00000420222","2024-02-07T16:20Z","2024-02-07T16:20Z","Illinois State Water Survey Central Analytical Laboratory",442.0,0.00470,1,"2024-02-08","B",,
"fa8c8f42-8043-4764-9c17-a06092bfa754","D11","PRIN","PRIN.AOS.S2","PRIN.SS.20240207.FIL.2","A00000420222","2024-02-07T16:20Z","2024-02-07T16:20Z","Illinois State Water Survey Central Analytical Laboratory",526.0,0.00160,1,"2024-02-08","B",,
"13c0bd19-82a6-4eea-9572-c3f5d670519c","D11","PRIN","PRIN.AOS.S2","PRIN.SS.20240207.FIL","A00000420206","2024-02-07T16:20Z","2024-02-07T16:20Z","Illinois State Water Survey Central Analytical Laboratory",522.0,0.00180,1,"2024-02-08","A",,
"3cfd0619-5e7d-4948-ae40-f0f1cca656c0","D11","PRIN","PRIN.AOS.S2","PRIN.SS.20240207.FIL.3","A00000420238","2024-02-07T16:20Z","2024-02-07T16:20Z","Illinois State Water Survey Central Analytical Laboratory",418.0,0.00690,1,"2024-02-08","B",,
"b2fbe30a-2c40-4eca-b32c-ffb32f8378b4","D11","PRIN","PRIN.AOS.S2","PRIN.SS.20240207.FIL.2","A00000420222","2024-02-07T16:20Z","2024-02-07T16:20Z","Illinois State Water Survey Central Analytical Laboratory",442.0,0.00480,1,"2024-02-08","A",,
"2b423287-68df-4dd9-979f-7109efcce633","D11","PRIN","PRIN.AOS.S2","PRIN.SS.20240207.FIL.2","A00000420222","2024-02-07T16:20Z","2024-02-07T16:20Z","Illinois State Water Survey Central Analytical Laboratory",464.0,0.00350,1,"2024-02-08","A",,
"7ffafe05-f4d3-4862-89bf-6ee9406ad888","D11","PRIN","PRIN.AOS.S2","PRIN.SS.20240207.FIL.3","A00000420238","2024-02-07T16:20Z","2024-02-07T16:20Z","Illinois State Water Survey Central Analytical Laboratory",530.0,0.00200,1,"2024-02-08","B",,
"859adcef-c564-4aa6-8d40-67c5611cdc46","D11","PRIN","PRIN.AOS.S2","PRIN.SS.20240207.FIL","A00000420206","2024-02-07T16:20Z","2024-02-07T16:20Z","Illinois State Water Survey Central Analytical Laboratory",370.0,0.01460,1,"2024-02-08","A",,
"a838caae-3721-4420-bbf9-f2c1bc150c67","D11","PRIN","PRIN.AOS.S2","PRIN.SS.20240207.FIL.2","A00000420222","2024-02-07T16:20Z","2024-02-07T16:20Z","Illinois State Water Survey Central Analytical Laboratory",238.0,0.09810,1,"2024-02-08","B",,
"bd902faf-eae6-465e-97e9-15f4a0683612","D11","PRIN","PRIN.AOS.S2","PRIN.SS.20240207.FIL.2","A00000420222","2024-02-07T16:20Z","2024-02-07T16:20Z","Illinois State Water Survey Central Analytical Laboratory",278.0,0.06260,1,"2024-02-08","B",,
"fb920587-5b67-4a33-b5dc-790c3b6d32d0","D11","PRIN","PRIN.AOS.S2","PRIN.SS.20240207.FIL.2","A00000420222","2024-02-07T16:20Z","2024-02-07T16:20Z","Illinois State Water Survey Central Analytical Laboratory",538.0,0.00140,1,"2024-02-08","B",,
"b5892a8d-3cb8-421b-b657-352025d43dc4","D11","PRIN","PRIN.AOS.S2","PRIN.SS.20240207.FIL.2","A00000420222","2024-02-07T16:20Z","2024-02-07T16:20Z","Illinois State Water Survey Central Analytical Laboratory",600.0,0.00090,1,"2024-02-08","A",,
"dee53ca9-0683-482b-a7dd-026f1318ce59","D11","PRIN","PRIN.AOS.S2","PRIN.SS.20240207.FIL","A00000420206","2024-02-07T16:20Z","2024-02-07T16:20Z","Illinois State Water Survey Central Analytical Laboratory",484.0,0.00270,1,"2024-02-08","A",,
"1a4e5f5f-428c-44cd-a7b1-be9042886b7a","D11","PRIN","PRIN.AOS.S2","PRIN.SS.20240207.FIL","A00000420206","2024-02-07T16:20Z","2024-02-07T16:20Z","Illinois State Water Survey Central Analytical Laboratory",276.0,0.06440,1,"2024-02-08","B",,
"2213e92f-4288-4fcb-9f68-dfe44cb29eb3","D11","PRIN","PRIN.AOS.S2","PRIN.SS.20240207.FIL","A00000420206","2024-02-07T16:20Z","2024-02-07T16:20Z","Illinois State Water Survey Central Analytical Laboratory",384.0,0.01270,1,"2024-02-08","B",,
"8d428134-bb0c-4193-9f97-cfa7c0af0ae1","D11","PRIN","PRIN.AOS.S2","PRIN.SS.20240207.FIL","A00000420206","2024-02-07T16:20Z","2024-02-07T16:20Z","Illinois State Water Survey Central Analytical Laboratory",300.0,0.04350,1,"2024-02-08","A",,
"11ad7708-519f-4b16-b9ce-d411b1781d29","D11","PRIN","PRIN.AOS.S2","PRIN.SS.20240207.FIL.2","A00000420222","2024-02-07T16:20Z","2024-02-07T16:20Z","Illinois State Water Survey Central Analytical Laboratory",512.0,0.00230,1,"2024-02-08","A",,
"e9af9884-24bb-4f0c-9de1-3ace40614485","D11","PRIN","PRIN.AOS.S2","PRIN.SS.20240207.FIL","A00000420206","2024-02-07T16:20Z","2024-02-07T16:20Z","Illinois State Water Survey Central Analytical Laboratory",232.0,0.11270,1,"2024-02-08","B",,
"c008c799-e8c1-4abf-b323-565b91a3f74c","D11","PRIN","PRIN.AOS.S2","PRIN.SS.20240207.FIL","A00000420206","2024-02-07T16:20Z","2024-02-07T16:20Z","Illinois State Water Survey Central Analytical Laboratory",482.0,0.00300,1,"2024-02-08","A",,
"88d78e9f-6fbb-4f3d-bcf4-0c898b297ec1","D11","PRIN","PRIN.AOS.S2","PRIN.SS.20240207.FIL","A00000420206","2024-02-07T16:20Z","2024-02-07T16:20Z","Illinois State Water Survey Central Analytical Laboratory",526.0,0.00170,1,"2024-02-08","A",,
"75f5e1c1-a092-4505-a5f8-dc9ff6bfc0b6","D11","PRIN","PRIN.AOS.S2","PRIN.SS.20240207.FIL.3","A00000420238","2024-02-07T16:20Z","2024-02-07T16:20Z","Illinois State Water Survey Central Analytical Laboratory",324.0,0.03000,1,"2024-02-08","A",,
"da8572c7-b9e0-4b2c-b299-981b662f8072","D11","PRIN","PRIN.AOS.S2","PRIN.SS.20240207.FIL.2","A00000420222","2024-02-07T16:20Z","2024-02-07T16:20Z","Illinois State Water Survey Central Analytical Laboratory",272.0,0.06720,1,"2024-02-08","B",,
"1c06e65f-20dd-4751-8b15-bc53a6b7820d","D11","PRIN","PRIN.AOS.S2","PRIN.SS.20240207.FIL.2","A00000420222","2024-02-07T16:20Z","2024-02-07T16:20Z","Illinois State Water Survey Central Analytical Laboratory",520.0,0.00190,1,"2024-02-08","A",,
"b304e6d0-c63b-4be1-beb0-139f88d6a18e","D11","PRIN","PRIN.AOS.S2","PRIN.SS.20240207.FIL","A00000420206","2024-02-07T16:20Z","2024-02-07T16:20Z","Illinois State Water Survey Central Analytical Laboratory",450.0,0.00540,1,"2024-02-08","B",,
"0640981e-3c8f-42f5-953a-6ea7d8069820","D11","PRIN","PRIN.AOS.S2","PRIN.SS.20240207.FIL","A00000420206","2024-02-07T16:20Z","2024-02-07T16:20Z","Illinois State Water Survey Central Analytical Laboratory",490.0,0.00410,1,"2024-02-08","B",,
"ab147b90-9de9-4032-8bea-fd869ec75e6d","D11","PRIN","PRIN.AOS.S2","PRIN.SS.20240207.FIL","A00000420206","2024-02-07T16:20Z","2024-02-07T16:20Z","Illinois State Water Survey Central Analytical Laboratory",426.0,0.00610,1,"2024-02-08","A",,
"98c99f2a-7782-4608-9f3c-598e54cab89a","D11","PRIN","PRIN.AOS.S2","PRIN.SS.20240207.FIL","A00000420206","2024-02-07T16:20Z","2024-02-07T16:20Z","Illinois State Water Survey Central Analytical Laboratory",472.0,0.00340,1,"2024-02-08","A",,
"19700366-49f0-4b2b-9fea-368347cd9f49","D11","PRIN","PRIN.AOS.S2","PRIN.SS.20240207.FIL.3","A00000420238","2024-02-07T16:20Z","2024-02-07T16:20Z","Illinois State Water Survey Central Analytical Laboratory",296.0,0.04610,1,"2024-02-08","A",,
"72193758-3c76-42b5-b3f8-2bd11486ec7f","D11","PRIN","PRIN.AOS.S2","PRIN.SS.20240207.FIL.2","A00000420222","2024-02-07T16:20Z","2024-02-07T16:20Z","Illinois State Water Survey Central Analytical Laboratory",366.0,0.01540,1,"2024-02-08","B",,
"1634aab0-67bf-47a7-93d7-8db349f8d4ba","D11","PRIN","PRIN.AOS.S2","PRIN.SS.20240207.FIL.2","A00000420222","2024-02-07T16:20Z","2024-02-07T16:20Z","Illinois State Water Survey Central Analytical Laboratory",284.0,0.05720,1,"2024-02-08","B",,
"1cd52732-c5ed-4c57-9424-1fbcb1be2ce2","D11","PRIN","PRIN.AOS.S2","PRIN.SS.20240207.FIL","A00000420206","2024-02-07T16:20Z","2024-02-07T16:20Z","Illinois State Water Survey Central Analytical Laboratory",404.0,0.00970,1,"2024-02-08","B",,
"b46ec9d3-13ca-4d94-a27e-4cf04d554354","D11","PRIN","PRIN.AOS.S2","PRIN.SS.20240207.FIL.2","A00000420222","2024-02-07T16:20Z","2024-02-07T16:20Z","Illinois State Water Survey Central Analytical Laboratory",248.0,0.08460,1,"2024-02-08","B",,
"b608ea8f-3b89-4327-bc71-5481625de980","D11","PRIN","PRIN.AOS.S2","PRIN.SS.20240207.FIL.3","A00000420238","2024-02-07T16:20Z","2024-02-07T16:20Z","Illinois State Water Survey Central Analytical Laboratory",442.0,0.00450,1,"2024-02-08","A",,
"eb4047b0-c30f-4db0-a506-c0685b7cc2c2","D11","PRIN","PRIN.AOS.S2","PRIN.SS.20240207.FIL.3","A00000420238","2024-02-07T16:20Z","2024-02-07T16:20Z","Illinois State Water Survey Central Analytical Laboratory",460.0,0.00380,1,"2024-02-08","B",,
"5f030cfc-8e64-4f01-9616-a47bd927b26a","D11","PRIN","PRIN.AOS.S2","PRIN.SS.20240207.FIL.2","A00000420222","2024-02-07T16:20Z","2024-02-07T16:20Z","Illinois State Water Survey Central Analytical Laboratory",468.0,0.00310,1,"2024-02-08","B",,
"c00716b8-0882-4f6d-b035-3a892c71344d","D11","PRIN","PRIN.AOS.S2","PRIN.SS.20240207.FIL.3","A00000420238","2024-02-07T16:20Z","2024-02-07T16:20Z","Illinois State Water Survey Central Analytical Laboratory",262.0,0.07640,1,"2024-02-08","B",,
"49444141-3f9d-4663-a075-a7e62c12e2cd","D11","PRIN","PRIN.AOS.S2","PRIN.SS.20240207.FIL.3","A00000420238","2024-02-07T16:20Z","2024-02-07T16:20Z","Illinois State Water Survey Central Analytical Laboratory",578.0,0.00090,1,"2024-02-08","A",,
"afd19927-c1d7-4231-b80b-a532bfccd6b0","D11","PRIN","PRIN.AOS.S2","PRIN.SS.20240207.FIL.3","A00000420238","2024-02-07T16:20Z","2024-02-07T16:20Z","Illinois State Water Survey Central Analytical Laboratory",284.0,0.05660,1,"2024-02-08","A",,
"f08a659e-9d2b-4a80-8086-ef0b73c68a22","D11","PRIN","PRIN.AOS.S2","PRIN.SS.20240207.FIL.3","A00000420238","2024-02-07T16:20Z","2024-02-07T16:20Z","Illinois State Water Survey Central Analytical Laboratory",306.0,0.04090,1,"2024-02-08","B",,
"658c8bae-9354-4229-a915-f15c3875d01e","D11","PRIN","PRIN.AOS.S2","PRIN.SS.20240207.FIL","A00000420206","2024-02-07T16:20Z","2024-02-07T16:20Z","Illinois State Water Survey Central Analytical Laboratory",288.0,0.05330,1,"2024-02-08","A",,
"40e6b2ac-589a-4291-a9ef-a7b500e33f65","D11","PRIN","PRIN.AOS.S2","PRIN.SS.20240207.FIL","A00000420206","2024-02-07T16:20Z","2024-02-07T16:20Z","Illinois State Water Survey Central Analytical Laboratory",518.0,0.00170,1,"2024-02-08","A",,
"0ad75a29-b318-45f7-a02b-191d27f6fec0","D11","PRIN","PRIN.AOS.S2","PRIN.SS.20240207.FIL.3","A00000420238","2024-02-07T16:20Z","2024-02-07T16:20Z","Illinois State Water Survey Central Analytical Laboratory",384.0,0.01210,1,"2024-02-08","B",,
"444f2ba5-1bd7-4250-af75-798777b7a1fc","D11","PRIN","PRIN.AOS.S2","PRIN.SS.20240207.FIL","A00000420206","2024-02-07T16:20Z","2024-02-07T16:20Z","Illinois State Water Survey Central Analytical Laboratory",268.0,0.07040,1,"2024-02-08","B",,
"7307c3db-4098-4479-9267-785e4495ad4f","D11","PRIN","PRIN.AOS.S2","PRIN.SS.20240207.FIL","A00000420206","2024-02-07T16:20Z","2024-02-07T16:20Z","Illinois State Water Survey Central Analytical Laboratory",572.0,0.00200,1,"2024-02-08","B",,
"e7d0eabc-8b70-49e9-ad9d-ab9d45b63b2f","D11","PRIN","PRIN.AOS.S2","PRIN.SS.20240207.FIL.3","A00000420238","2024-02-07T16:20Z","2024-02-07T16:20Z","Illinois State Water Survey Central Analytical Laboratory",258.0,0.07600,1,"2024-02-08","A",,
"3e8ad421-8b33-448a-aa90-204bf8c3b219","D11","PRIN","PRIN.AOS.S2","PRIN.SS.20240207.FIL.2","A00000420222","2024-02-07T16:20Z","2024-02-07T16:20Z","Illinois State Water Survey Central Analytical Laboratory",588.0,0.00090,1,"2024-02-08","A",,
"77ccca50-0620-45c4-9897-06976077bc06","D11","PRIN","PRIN.AOS.S2","PRIN.SS.20240207.FIL","A00000420206","2024-02-07T16:20Z","2024-02-07T16:20Z","Illinois State Water Survey Central Analytical Laboratory",586.0,0.00100,1,"2024-02-08","A",,
"dc4e9889-d1b7-442b-a8ba-b89dea6e4780","D11","PRIN","PRIN.AOS.S2","PRIN.SS.20240207.FIL","A00000420206","2024-02-07T16:20Z","2024-02-07T16:20Z","Illinois State Water Survey Central Analytical Laboratory",452.0,0.00530,1,"2024-02-08","B",,
"296dc9f9-3d33-45fc-a75d-55a6a4f87715","D11","PRIN","PRIN.AOS.S2","PRIN.SS.20240207.FIL","A00000420206","2024-02-07T16:20Z","2024-02-07T16:20Z","Illinois State Water Survey Central Analytical Laboratory",550.0,0.00140,1,"2024-02-08","A",,
"43f7594a-1de9-4604-b80f-e210dcece6f8","D11","PRIN","PRIN.AOS.S2","PRIN.SS.20240207.FIL","A00000420206","2024-02-07T16:20Z","2024-02-07T16:20Z","Illinois State Water Survey Central Analytical Laboratory",344.0,0.02180,1,"2024-02-08","A",,
"e87908c1-d77e-4615-be77-0b078b81b12e","D11","PRIN","PRIN.AOS.S2","PRIN.SS.20240229.FIL","A00000420205","2024-02-29T15:07Z","2024-02-29T15:07Z","Illinois State Water Survey Central Analytical Laboratory",574.0,0.00104,5,"2024-03-01","A",,
"8c884590-e0f9-4054-bf6b-15489021a1eb","D11","PRIN","PRIN.AOS.S2","PRIN.SS.20240229.FIL","A00000420205","2024-02-29T15:07Z","2024-02-29T15:07Z","Illinois State Water Survey Central Analytical Laboratory",430.0,0.00544,5,"2024-03-01","A",,
"43584e28-a017-41a0-84f8-68c3e0dbf789","D11","PRIN","PRIN.AOS.S2","PRIN.SS.20240229.FIL","A00000420205","2024-02-29T15:07Z","2024-02-29T15:07Z","Illinois State Water Survey Central Analytical Laboratory",326.0,0.02878,5,"2024-03-01","A",,
"52c07771-1b74-4060-8599-42b69648c652","D11","PRIN","PRIN.AOS.S2","PRIN.SS.20240229.FIL","A00000420205","2024-02-29T15:07Z","2024-02-29T15:07Z","Illinois State Water Survey Central Analytical Laboratory",226.0,0.13256,5,"2024-03-01","A",,
"c66bb2a8-d164-406e-82e7-4ffa35e11949","D11","PRIN","PRIN.AOS.S2","PRIN.SS.20240229.FIL","A00000420205","2024-02-29T15:07Z","2024-02-29T15:07Z","Illinois State Water Survey Central Analytical Laboratory",300.0,0.04354,5,"2024-03-01","A",,
"6ae905c9-9996-4000-beb5-4fa24962e371","D11","PRIN","PRIN.AOS.S2","PRIN.SS.20240229.FIL","A00000420205","2024-02-29T15:07Z","2024-02-29T15:07Z","Illinois State Water Survey Central Analytical Laboratory",468.0,0.00314,5,"2024-03-01","A",,
"ae576c5a-f153-4d75-917d-3af82755fb5c","D11","PRIN","PRIN.AOS.S2","PRIN.SS.20240229.FIL","A00000420205","2024-02-29T15:07Z","2024-02-29T15:07Z","Illinois State Water Survey Central Analytical Laboratory",224.0,0.14154,5,"2024-03-01","A",,
"c3e110fd-4a4e-45a1-a442-d57595676f59","D11","PRIN","PRIN.AOS.S2","PRIN.SS.20240229.FIL","A00000420205","2024-02-29T15:07Z","2024-02-29T15:07Z","Illinois State Water Survey Central Analytical Laboratory",394.0,0.00954,5,"2024-03-01","A",,
"2a5a9953-952e-4b1c-ba93-6581f3e06dd9","D11","PRIN","PRIN.AOS.S2","PRIN.SS.20240229.FIL","A00000420205","2024-02-29T15:07Z","2024-02-29T15:07Z","Illinois State Water Survey Central Analytical Laboratory",424.0,0.00606,5,"2024-03-01","B",,
"53ac0bb6-40e1-4707-8a05-de22116d7905","D11","PRIN","PRIN.AOS.S2","PRIN.SS.20240229.FIL","A00000420205","2024-02-29T15:07Z","2024-02-29T15:07Z","Illinois State Water Survey Central Analytical Laboratory",502.0,0.00214,5,"2024-03-01","B",,
"6aa8066d-7a1d-46d8-b665-2711336f4277","D11","PRIN","PRIN.AOS.S2","PRIN.SS.20240229.FIL","A00000420205","2024-02-29T15:07Z","2024-02-29T15:07Z","Illinois State Water Survey Central Analytical Laboratory",472.0,0.00298,5,"2024-03-01","A",,
"dc33d0b5-8909-4a56-b806-0705f312be46","D11","PRIN","PRIN.AOS.S2","PRIN.SS.20240229.FIL","A00000420205","2024-02-29T15:07Z","2024-02-29T15:07Z","Illinois State Water Survey Central Analytical Laboratory",486.0,0.00254,5,"2024-03-01","B",,
"00e48807-d3a1-4390-93b2-6f729495a8f1","D11","PRIN","PRIN.AOS.S2","PRIN.SS.20240229.FIL","A00000420205","2024-02-29T15:07Z","2024-02-29T15:07Z","Illinois State Water Survey Central Analytical Laboratory",578.0,0.00110,5,"2024-03-01","B",,
"c56b21b5-a677-4b4d-ae2d-f6dff8afdbbb","D11","PRIN","PRIN.AOS.S2","PRIN.SS.20240229.FIL","A00000420205","2024-02-29T15:07Z","2024-02-29T15:07Z","Illinois State Water Survey Central Analytical Laboratory",318.0,0.03282,5,"2024-03-01","A",,
"fbc41c3c-e90c-45ac-87ec-60e12ae8753b","D11","PRIN","PRIN.AOS.S2","PRIN.SS.20240229.FIL","A00000420205","2024-02-29T15:07Z","2024-02-29T15:07Z","Illinois State Water Survey Central Analytical Laboratory",408.0,0.00782,5,"2024-03-01","B",,
"92306052-0880-426d-9c84-540c80c1a07b","D11","PRIN","PRIN.AOS.S2","PRIN.SS.20240229.FIL","A00000420205","2024-02-29T15:07Z","2024-02-29T15:07Z","Illinois State Water Survey Central Analytical Laboratory",240.0,0.09522,5,"2024-03-01","A",,
"c0eaca5a-eb41-4557-a2e3-25f8aa636a5e","D11","PRIN","PRIN.AOS.S2","PRIN.SS.20240229.FIL","A00000420205","2024-02-29T15:07Z","2024-02-29T15:07Z","Illinois State Water Survey Central Analytical Laboratory",262.0,0.07462,5,"2024-03-01","A",,
"9e773fcd-cfb5-4bbb-8583-2a4077683060","D11","PRIN","PRIN.AOS.S2","PRIN.SS.20240229.FIL","A00000420205","2024-02-29T15:07Z","2024-02-29T15:07Z","Illinois State Water Survey Central Analytical Laboratory",492.0,0.00232,5,"2024-03-01","A",,
"dde224cf-4449-4f66-9370-cf89eee432f5","D11","PRIN","PRIN.AOS.S2","PRIN.SS.20240229.FIL","A00000420205","2024-02-29T15:07Z","2024-02-29T15:07Z","Illinois State Water Survey Central Analytical Laboratory",374.0,0.01350,5,"2024-03-01","B",,
"43e4ea74-407e-4296-9ab6-246d1678a701","D11","PRIN","PRIN.AOS.S2","PRIN.SS.20240229.FIL","A00000420205","2024-02-29T15:07Z","2024-02-29T15:07Z","Illinois State Water Survey Central Analytical Laboratory",230.0,0.11882,5,"2024-03-01","B",,
"697a30e4-92dc-43c1-a9ae-1a913d2b6ca7","D11","PRIN","PRIN.AOS.S2","PRIN.SS.20240229.FIL","A00000420205","2024-02-29T15:07Z","2024-02-29T15:07Z","Illinois State Water Survey Central Analytical Laboratory",524.0,0.00158,5,"2024-03-01","A",,
"d7501f4a-6398-467e-889e-16a1734593ec","D11","PRIN","PRIN.AOS.S2","PRIN.SS.20240229.FIL","A00000420205","2024-02-29T15:07Z","2024-02-29T15:07Z","Illinois State Water Survey Central Analytical Laboratory",394.0,0.00978,5,"2024-03-01","B",,
"d68a8682-c424-40af-a21f-79da62f835c8","D11","PRIN","PRIN.AOS.S2","PRIN.SS.20240229.FIL","A00000420205","2024-02-29T15:07Z","2024-02-29T15:07Z","Illinois State Water Survey Central Analytical Laboratory",286.0,0.05514,5,"2024-03-01","A",,
"e86d4c03-b3e1-4cb3-9d99-06371911aa90","D11","PRIN","PRIN.AOS.S2","PRIN.SS.20240229.FIL","A00000420205","2024-02-29T15:07Z","2024-02-29T15:07Z","Illinois State Water Survey Central Analytical Laboratory",260.0,0.07622,5,"2024-03-01","B",,
"7355bb7a-a230-43fd-9140-421528ed8585","D11","PRIN","PRIN.AOS.S2","PRIN.SS.20240229.FIL","A00000420205","2024-02-29T15:07Z","2024-02-29T15:07Z","Illinois State Water Survey Central Analytical Laboratory",590.0,0.00090,5,"2024-03-01","A",,
"52844a01-a29e-459b-9510-9e45c7dae68a","D11","PRIN","PRIN.AOS.S2","PRIN.SS.20240229.FIL","A00000420205","2024-02-29T15:07Z","2024-02-29T15:07Z","Illinois State Water Survey Central Analytical Laboratory",454.0,0.00392,5,"2024-03-01","B",,
"6c2bc4d2-9d5d-46a5-bf8b-abb1ee144a90","D11","PRIN","PRIN.AOS.S2","PRIN.SS.20240229.FIL","A00000420205","2024-02-29T15:07Z","2024-02-29T15:07Z","Illinois State Water Survey Central Analytical Laboratory",260.0,0.07598,5,"2024-03-01","A",,
"11857878-24fc-4bea-8663-bbb15df373ad","D11","PRIN","PRIN.AOS.S2","PRIN.SS.20240229.FIL","A00000420205","2024-02-29T15:07Z","2024-02-29T15:07Z","Illinois State Water Survey Central Analytical Laboratory",386.0,0.01106,5,"2024-03-01","B",,
"18c15cfe-2aa7-4a22-add2-aea5ab9b60eb","D11","PRIN","PRIN.AOS.S2","PRIN.SS.20240229.FIL","A00000420205","2024-02-29T15:07Z","2024-02-29T15:07Z","Illinois State Water Survey Central Analytical Laboratory",336.0,0.02454,5,"2024-03-01","A",,
"e97e7a04-1ddb-4032-abda-89b1c9185657","D11","PRIN","PRIN.AOS.S2","PRIN.SS.20240229.FIL","A00000420205","2024-02-29T15:07Z","2024-02-29T15:07Z","Illinois State Water Survey Central Analytical Laboratory",548.0,0.00136,5,"2024-03-01","B",,
"918a665b-3fd9-4964-b870-d7f2f6aa50da","D11","PRIN","PRIN.AOS.S2","PRIN.SS.20240229.FIL","A00000420205","2024-02-29T15:07Z","2024-02-29T15:07Z","Illinois State Water Survey Central Analytical Laboratory",462.0,0.00342,5,"2024-03-01","A",,
"aeba6c38-3c61-4476-ad83-079a247369bf","D11","PRIN","PRIN.AOS.S2","PRIN.SS.20240229.FIL","A00000420205","2024-02-29T15:07Z","2024-02-29T15:07Z","Illinois State Water Survey Central Analytical Laboratory",244.0,0.08978,5,"2024-03-01","A",,
"d23df88b-8c38-422f-b557-585140f3cc71","D11","PRIN","PRIN.AOS.S2","PRIN.SS.20240229.FIL","A00000420205","2024-02-29T15:07Z","2024-02-29T15:07Z","Illinois State Water Survey Central Analytical Laboratory",274.0,0.06566,5,"2024-03-01","A",,
"130a39bb-6a29-4484-a7c1-491ec55c6801","D11","PRIN","PRIN.AOS.S2","PRIN.SS.20240229.FIL","A00000420205","2024-02-29T15:07Z","2024-02-29T15:07Z","Illinois State Water Survey Central Analytical Laboratory",252.0,0.08204,5,"2024-03-01","B",,
"73b4c161-e486-41ec-8fc1-91e482e8786a","D11","PRIN","PRIN.AOS.S2","PRIN.SS.20240229.FIL","A00000420205","2024-02-29T15:07Z","2024-02-29T15:07Z","Illinois State Water Survey Central Analytical Laboratory",272.0,0.06752,5,"2024-03-01","B",,
"5fce6542-ed37-4d29-b47b-a336bb85c311","D11","PRIN","PRIN.AOS.S2","PRIN.SS.20240229.FIL","A00000420205","2024-02-29T15:07Z","2024-02-29T15:07Z","Illinois State Water Survey Central Analytical Laboratory",498.0,0.00226,5,"2024-03-01","B",,
"90c8137f-a602-4d4f-8195-4aa2730d638e","D11","PRIN","PRIN.AOS.S2","PRIN.SS.20240229.FIL","A00000420205","2024-02-29T15:07Z","2024-02-29T15:07Z","Illinois State Water Survey Central Analytical Laboratory",370.0,0.01426,5,"2024-03-01","A",,
"349ca497-bc15-4f81-870e-ab842cf15834","D11","PRIN","PRIN.AOS.S2","PRIN.SS.20240229.FIL","A00000420205","2024-02-29T15:07Z","2024-02-29T15:07Z","Illinois State Water Survey Central Analytical Laboratory",258.0,0.07742,5,"2024-03-01","A",,
"4d87ecc9-0570-4543-a477-634a9348f713","D11","PRIN","PRIN.AOS.S2","PRIN.SS.20240229.FIL","A00000420205","2024-02-29T15:07Z","2024-02-29T15:07Z","Illinois State Water Survey Central Analytical Laboratory",322.0,0.03090,5,"2024-03-01","B",,
"70bf6639-ef40-47aa-a2e6-e38d6d22cb12","D11","PRIN","PRIN.AOS.S2","PRIN.SS.20240229.FIL","A00000420205","2024-02-29T15:07Z","2024-02-29T15:07Z","Illinois State Water Survey Central Analytical Laboratory",540.0,0.00138,5,"2024-03-01","A",,
"3d130b17-98bf-46cb-b3cf-cba6d96b8f57","D11","PRIN","PRIN.AOS.S2","PRIN.SS.20240229.FIL","A00000420205","2024-02-29T15:07Z","2024-02-29T15:07Z","Illinois State Water Survey Central Analytical Laboratory",504.0,0.00212,5,"2024-03-01","B",,
"bdbb161d-6d73-4c08-940e-52af26141f0d","D11","PRIN","PRIN.AOS.S2","PRIN.SS.20240229.FIL","A00000420205","2024-02-29T15:07Z","2024-02-29T15:07Z","Illinois State Water Survey Central Analytical Laboratory",288.0,0.05362,5,"2024-03-01","B",,
"0f6a1ee6-bcc6-44e0-ac4b-1b537733f892","D11","PRIN","PRIN.AOS.S2","PRIN.SS.20240229.FIL","A00000420205","2024-02-29T15:07Z","2024-02-29T15:07Z","Illinois State Water Survey Central Analytical Laboratory",584.0,0.00090,5,"2024-03-01","A",,
"958cbe21-d56b-487e-bb11-42823159d46f","D11","PRIN","PRIN.AOS.S2","PRIN.SS.20240229.FIL","A00000420205","2024-02-29T15:07Z","2024-02-29T15:07Z","Illinois State Water Survey Central Analytical Laboratory",398.0,0.00892,5,"2024-03-01","A",,
"d2820897-927f-48ac-8110-fa8511b9daa0","D11","PRIN","PRIN.AOS.S2","PRIN.SS.20240229.FIL","A00000420205","2024-02-29T15:07Z","2024-02-29T15:07Z","Illinois State Water Survey Central Analytical Laboratory",282.0,0.05876,5,"2024-03-01","A",,
"045fd457-2986-45bb-9d34-77f7f02f95d1","D11","PRIN","PRIN.AOS.S2","PRIN.SS.20240229.FIL","A00000420205","2024-02-29T15:07Z","2024-02-29T15:07Z","Illinois State Water Survey Central Analytical Laboratory",240.0,0.09550,5,"2024-03-01","B",,
"1a9dbb6c-cee5-4dfd-94f0-d422a30be30c","D11","PRIN","PRIN.AOS.S2","PRIN.SS.20240229.FIL","A00000420205","2024-02-29T15:07Z","2024-02-29T15:07Z","Illinois State Water Survey Central Analytical Laboratory",274.0,0.06588,5,"2024-03-01","B",,
"1f200d63-4535-4836-9d3b-1862febf3d6b","D11","PRIN","PRIN.AOS.S2","PRIN.SS.20240229.FIL","A00000420205","2024-02-29T15:07Z","2024-02-29T15:07Z","Illinois State Water Survey Central Analytical Laboratory",296.0,0.04656,5,"2024-03-01","B",,
"1ba3911f-58af-41e2-9496-16057f913a6e","D11","PRIN","PRIN.AOS.S2","PRIN.SS.20240229.FIL","A00000420205","2024-02-29T15:07Z","2024-02-29T15:07Z","Illinois State Water Survey Central Analytical Laboratory",396.0,0.00946,5,"2024-03-01","B",,
"f2a0416d-b1c7-4696-a528-efa48d6789e3","D11","PRIN","PRIN.AOS.S2","PRIN.SS.20240229.FIL","A00000420205","2024-02-29T15:07Z","2024-02-29T15:07Z","Illinois State Water Survey Central Analytical Laboratory",366.0,0.01542,5,"2024-03-01","B",,
"05748c47-f3f9-47e1-83dd-069e45989e9a","D11","PRIN","PRIN.AOS.S2","PRIN.SS.20240229.FIL","A00000420205","2024-02-29T15:07Z","2024-02-29T15:07Z","Illinois State Water Survey Central Analytical Laboratory",268.0,0.07036,5,"2024-03-01","A",,
"7fb3cd67-32c6-4d2f-b09c-03afa8d23a18","D11","PRIN","PRIN.AOS.S2","PRIN.SS.20240229.FIL","A00000420205","2024-02-29T15:07Z","2024-02-29T15:07Z","Illinois State Water Survey Central Analytical Laboratory",326.0,0.02894,5,"2024-03-01","B",,
"ecc9ea33-0596-41c5-bb7b-b610ed74d8db","D11","PRIN","PRIN.AOS.S2","PRIN.SS.20240229.FIL","A00000420205","2024-02-29T15:07Z","2024-02-29T15:07Z","Illinois State Water Survey Central Analytical Laboratory",460.0,0.00352,5,"2024-03-01","A",,
"e249abea-ce41-4c95-86ab-50e68a0845c2","D11","PRIN","PRIN.AOS.S2","PRIN.SS.20240229.FIL","A00000420205","2024-02-29T15:07Z","2024-02-29T15:07Z","Illinois State Water Survey Central Analytical Laboratory",534.0,0.00158,5,"2024-03-01","B",,
"c3cc065e-9c3e-4a93-87c5-13b9e16e0380","D11","PRIN","PRIN.AOS.S2","PRIN.SS.20240229.FIL","A00000420205","2024-02-29T15:07Z","2024-02-29T15:07Z","Illinois State Water Survey Central Analytical Laboratory",458.0,0.00360,5,"2024-03-01","A",,
"09544e88-5886-4849-bc98-b9966f7792a7","D11","PRIN","PRIN.AOS.S2","PRIN.SS.20240229.FIL","A00000420205","2024-02-29T15:07Z","2024-02-29T15:07Z","Illinois State Water Survey Central Analytical Laboratory",322.0,0.03076,5,"2024-03-01","A",,
"729684c5-7109-4bb7-8c6b-6e5e482a30b3","D11","PRIN","PRIN.AOS.S2","PRIN.SS.20240229.FIL","A00000420205","2024-02-29T15:07Z","2024-02-29T15:07Z","Illinois State Water Survey Central Analytical Laboratory",282.0,0.05898,5,"2024-03-01","B",,
"8b0fede2-34ce-4671-a72c-3465c97640d1","D11","PRIN","PRIN.AOS.S2","PRIN.SS.20240229.FIL","A00000420205","2024-02-29T15:07Z","2024-02-29T15:07Z","Illinois State Water Survey Central Analytical Laboratory",420.0,0.00648,5,"2024-03-01","B",,
"ae76385d-3268-4c8f-a32d-75e86c9cc69e","D11","PRIN","PRIN.AOS.S2","PRIN.SS.20240229.FIL","A00000420205","2024-02-29T15:07Z","2024-02-29T15:07Z","Illinois State Water Survey Central Analytical Laboratory",330.0,0.02702,5,"2024-03-01","A",,
"76d43675-d601-4832-b7c8-3d94cd788e03","D11","PRIN","PRIN.AOS.S2","PRIN.SS.20240229.FIL","A00000420205","2024-02-29T15:07Z","2024-02-29T15:07Z","Illinois State Water Survey Central Analytical Laboratory",348.0,0.02044,5,"2024-03-01","B",,
"5b953a77-7f60-4689-b812-faca3dcca576","D11","PRIN","PRIN.AOS.S2","PRIN.SS.20240229.FIL","A00000420205","2024-02-29T15:07Z","2024-02-29T15:07Z","Illinois State Water Survey Central Analytical Laboratory",242.0,0.09210,5,"2024-03-01","A",,
"14bcaa25-aca6-4ae2-ab3f-97e2474c9cc6","D11","PRIN","PRIN.AOS.S2","PRIN.SS.20240229.FIL","A00000420205","2024-02-29T15:07Z","2024-02-29T15:07Z","Illinois State Water Survey Central Analytical Laboratory",360.0,0.01696,5,"2024-03-01","B",,
"21a3226e-3987-49af-89bb-cadd75d898f8","D11","PRIN","PRIN.AOS.S2","PRIN.SS.20240229.FIL","A00000420205","2024-02-29T15:07Z","2024-02-29T15:07Z","Illinois State Water Survey Central Analytical Laboratory",332.0,0.02628,5,"2024-03-01","B",,
"3fb57153-1566-450f-a7f7-4e45b14912ad","D11","PRIN","PRIN.AOS.S2","PRIN.SS.20240229.FIL","A00000420205","2024-02-29T15:07Z","2024-02-29T15:07Z","Illinois State Water Survey Central Analytical Laboratory",586.0,0.00092,5,"2024-03-01","A",,
"0f854568-4da6-43dc-b95b-1b1d21423045","D11","PRIN","PRIN.AOS.S2","PRIN.SS.20240229.FIL","A00000420205","2024-02-29T15:07Z","2024-02-29T15:07Z","Illinois State Water Survey Central Analytical Laboratory",600.0,0.00076,5,"2024-03-01","A",,
"e1abc7b5-7357-47f8-ace6-da9b2c91a477","D11","PRIN","PRIN.AOS.S2","PRIN.SS.20240229.FIL","A00000420205","2024-02-29T15:07Z","2024-02-29T15:07Z","Illinois State Water Survey Central Analytical Laboratory",536.0,0.00144,5,"2024-03-01","A",,
"34ba1b47-da56-4ea9-ace5-ea985d2e04ea","D11","PRIN","PRIN.AOS.S2","PRIN.SS.20240229.FIL","A00000420205","2024-02-29T15:07Z","2024-02-29T15:07Z","Illinois State Water Survey Central Analytical Laboratory",436.0,0.00508,5,"2024-03-01","B",,
"978965ce-e392-4e66-9b85-8ade42061730","D11","PRIN","PRIN.AOS.S2","PRIN.SS.20240229.FIL","A00000420205","2024-02-29T15:07Z","2024-02-29T15:07Z","Illinois State Water Survey Central Analytical Laboratory",224.0,0.14182,5,"2024-03-01","B",,
"43d950d9-30e5-49ae-aace-63e94b2349ab","D11","PRIN","PRIN.AOS.S2","PRIN.SS.20240229.FIL","A00000420205","2024-02-29T15:07Z","2024-02-29T15:07Z","Illinois State Water Survey Central Analytical Laboratory",368.0,0.01470,5,"2024-03-01","A",,
"fa12cbc5-704b-410c-a32a-8f5f622778ac","D11","PRIN","PRIN.AOS.S2","PRIN.SS.20240229.FIL","A00000420205","2024-02-29T15:07Z","2024-02-29T15:07Z","Illinois State Water Survey Central Analytical Laboratory",524.0,0.00172,5,"2024-03-01","B",,
"fd03cb6c-acff-4a21-8ea4-af83e406f19a","D11","PRIN","PRIN.AOS.S2","PRIN.SS.20240229.FIL","A00000420205","2024-02-29T15:07Z","2024-02-29T15:07Z","Illinois State Water Survey Central Analytical Laboratory",304.0,0.04100,5,"2024-03-01","B",,
"a951f918-aa1b-486e-a751-76147c3c0c88","D11","PRIN","PRIN.AOS.S2","PRIN.SS.20240229.FIL","A00000420205","2024-02-29T15:07Z","2024-02-29T15:07Z","Illinois State Water Survey Central Analytical Laboratory",356.0,0.01784,5,"2024-03-01","A",,
"cdf4c27b-f372-4ead-8b03-35f0a0f10535","D11","PRIN","PRIN.AOS.S2","PRIN.SS.20240229.FIL","A00000420205","2024-02-29T15:07Z","2024-02-29T15:07Z","Illinois State Water Survey Central Analytical Laboratory",384.0,0.01128,5,"2024-03-01","A",,
"db4b4d65-acc4-4236-a006-5d8f2dbcb53e","D11","PRIN","PRIN.AOS.S2","PRIN.SS.20240229.FIL","A00000420205","2024-02-29T15:07Z","2024-02-29T15:07Z","Illinois State Water Survey Central Analytical Laboratory",422.0,0.00628,5,"2024-03-01","B",,
"5e1fd277-4bc5-4d1b-8e67-1b816ee0ce43","D11","PRIN","PRIN.AOS.S2","PRIN.SS.20240229.FIL","A00000420205","2024-02-29T15:07Z","2024-02-29T15:07Z","Illinois State Water Survey Central Analytical Laboratory",546.0,0.00136,5,"2024-03-01","B",,
"4d3f097a-5324-47a5-8162-6b49c7aa3c2d","D11","PRIN","PRIN.AOS.S2","PRIN.SS.20240229.FIL","A00000420205","2024-02-29T15:07Z","2024-02-29T15:07Z","Illinois State Water Survey Central Analytical Laboratory",350.0,0.01982,5,"2024-03-01","B",,
"bd15d4e4-4340-43cb-a524-ab17e978dacf","D11","PRIN","PRIN.AOS.S2","PRIN.SS.20240229.FIL","A00000420205","2024-02-29T15:07Z","2024-02-29T15:07Z","Illinois State Water Survey Central Analytical Laboratory",522.0,0.00162,5,"2024-03-01","A",,
"2ddb15c0-c9aa-443f-9936-d7dba6fffb40","D11","PRIN","PRIN.AOS.S2","PRIN.SS.20240229.FIL","A00000420205","2024-02-29T15:07Z","2024-02-29T15:07Z","Illinois State Water Survey Central Analytical Laboratory",344.0,0.02178,5,"2024-03-01","B",,
"ded1e406-1206-44b7-9c5d-94974e893199","D11","PRIN","PRIN.AOS.S2","PRIN.SS.20240229.FIL","A00000420205","2024-02-29T15:07Z","2024-02-29T15:07Z","Illinois State Water Survey Central Analytical Laboratory",584.0,0.00104,5,"2024-03-01","B",,
"4899a815-c814-4c23-9379-962fc64b8bbf","D11","PRIN","PRIN.AOS.S2","PRIN.SS.20240229.FIL","A00000420205","2024-02-29T15:07Z","2024-02-29T15:07Z","Illinois State Water Survey Central Analytical Laboratory",530.0,0.00148,5,"2024-03-01","A",,
"5aa1900d-0f87-42f1-9afb-67556d707db5","D11","PRIN","PRIN.AOS.S2","PRIN.SS.20240229.FIL","A00000420205","2024-02-29T15:07Z","2024-02-29T15:07Z","Illinois State Water Survey Central Analytical Laboratory",510.0,0.00198,5,"2024-03-01","B",,
"ff7e09f4-9d70-4d55-9c94-7660767bf750","D11","PRIN","PRIN.AOS.S2","PRIN.SS.20240229.FIL","A00000420205","2024-02-29T15:07Z","2024-02-29T15:07Z","Illinois State Water Survey Central Analytical Laboratory",290.0,0.05146,5,"2024-03-01","A",,
"518819c6-1a6b-43f2-b58a-6a197b113c8b","D11","PRIN","PRIN.AOS.S2","PRIN.SS.20240229.FIL","A00000420205","2024-02-29T15:07Z","2024-02-29T15:07Z","Illinois State Water Survey Central Analytical Laboratory",558.0,0.00122,5,"2024-03-01","B",,
"5e163fd8-1bb5-48ee-816c-e27c8dfa1f55","D11","PRIN","PRIN.AOS.S2","PRIN.SS.20240229.FIL","A00000420205","2024-02-29T15:07Z","2024-02-29T15:07Z","Illinois State Water Survey Central Analytical Laboratory",308.0,0.03846,5,"2024-03-01","B",,
"98f0b648-4e2d-44cb-be04-ef71ecab29ff","D11","PRIN","PRIN.AOS.S2","PRIN.SS.20240229.FIL","A00000420205","2024-02-29T15:07Z","2024-02-29T15:07Z","Illinois State Water Survey Central Analytical Laboratory",242.0,0.09236,5,"2024-03-01","B",,
"97989dcf-899c-4eb5-8924-11625ffd202b","D11","PRIN","PRIN.AOS.S2","PRIN.SS.20240229.FIL","A00000420205","2024-02-29T15:07Z","2024-02-29T15:07Z","Illinois State Water Survey Central Analytical Laboratory",588.0,0.00102,5,"2024-03-01","B",,
"3da1875c-1f1b-4de1-848a-d51082eac218","D11","PRIN","PRIN.AOS.S2","PRIN.SS.20240229.FIL","A00000420205","2024-02-29T15:07Z","2024-02-29T15:07Z","Illinois State Water Survey Central Analytical Laboratory",482.0,0.00268,5,"2024-03-01","B",,
"a54b9f9e-07fb-4d12-af8b-f9d99f2e52ad","D11","PRIN","PRIN.AOS.S2","PRIN.SS.20240229.FIL","A00000420205","2024-02-29T15:07Z","2024-02-29T15:07Z","Illinois State Water Survey Central Analytical Laboratory",312.0,0.03608,5,"2024-03-01","A",,
"0c2b0491-55e5-42a7-91c2-85d1254724a1","D11","PRIN","PRIN.AOS.S2","PRIN.SS.20240229.FIL","A00000420205","2024-02-29T15:07Z","2024-02-29T15:07Z","Illinois State Water Survey Central Analytical Laboratory",444.0,0.00440,5,"2024-03-01","A",,
"e5e9c925-486a-4e77-925e-ca050ee1c538","D11","PRIN","PRIN.AOS.S2","PRIN.SS.20240229.FIL","A00000420205","2024-02-29T15:07Z","2024-02-29T15:07Z","Illinois State Water Survey Central Analytical Laboratory",398.0,0.00914,5,"2024-03-01","B",,
"57155be1-2ca7-4db4-876c-9b441a82a631","D11","PRIN","PRIN.AOS.S2","PRIN.SS.20240229.FIL","A00000420205","2024-02-29T15:07Z","2024-02-29T15:07Z","Illinois State Water Survey Central Analytical Laboratory",480.0,0.00276,5,"2024-03-01","B",,
"10f186c8-0ac6-4cc0-abb7-0e0378adc917","D11","PRIN","PRIN.AOS.S2","PRIN.SS.20240229.FIL","A00000420205","2024-02-29T15:07Z","2024-02-29T15:07Z","Illinois State Water Survey Central Analytical Laboratory",540.0,0.00152,5,"2024-03-01","B",,
"7a154d0f-fa41-491e-af84-028e70e76dfd","D11","PRIN","PRIN.AOS.S2","PRIN.SS.20240229.FIL","A00000420205","2024-02-29T15:07Z","2024-02-29T15:07Z","Illinois State Water Survey Central Analytical Laboratory",222.0,0.15210,5,"2024-03-01","A",,
"d203bf29-70bf-4f81-84dc-6867eeaa8859","D11","PRIN","PRIN.AOS.S2","PRIN.SS.20240229.FIL","A00000420205","2024-02-29T15:07Z","2024-02-29T15:07Z","Illinois State Water Survey Central Analytical Laboratory",522.0,0.00172,5,"2024-03-01","B",,
"fad246a0-f730-4f6e-b327-7353c0011762","D11","PRIN","PRIN.AOS.S2","PRIN.SS.20240229.FIL","A00000420205","2024-02-29T15:07Z","2024-02-29T15:07Z","Illinois State Water Survey Central Analytical Laboratory",346.0,0.02116,5,"2024-03-01","B",,
"6ceb8835-6d4d-4244-af21-9296b36b60bc","D11","PRIN","PRIN.AOS.S2","PRIN.SS.20240229.FIL","A00000420205","2024-02-29T15:07Z","2024-02-29T15:07Z","Illinois State Water Survey Central Analytical Laboratory",400.0,0.00866,5,"2024-03-01","A",,
"03837384-3685-4143-a2a1-362d95718512","D11","PRIN","PRIN.AOS.S2","PRIN.SS.20240229.FIL","A00000420205","2024-02-29T15:07Z","2024-02-29T15:07Z","Illinois State Water Survey Central Analytical Laboratory",366.0,0.01524,5,"2024-03-01","A",,
"c9bf3d3b-c939-4895-af5e-1c04e1b765e9","D11","PRIN","PRIN.AOS.S2","PRIN.SS.20240229.FIL","A00000420205","2024-02-29T15:07Z","2024-02-29T15:07Z","Illinois State Water Survey Central Analytical Laboratory",266.0,0.07200,5,"2024-03-01","B",,
"550c6710-72dc-49f9-a63c-818a45a63363","D11","PRIN","PRIN.AOS.S2","PRIN.SS.20240229.FIL","A00000420205","2024-02-29T15:07Z","2024-02-29T15:07Z","Illinois State Water Survey Central Analytical Laboratory",364.0,0.01572,5,"2024-03-01","A",,
"4229a7f6-ce2d-4978-a874-82b6d6a6868c","D11","PRIN","PRIN.AOS.S2","PRIN.SS.20240229.FIL","A00000420205","2024-02-29T15:07Z","2024-02-29T15:07Z","Illinois State Water Survey Central Analytical Laboratory",414.0,0.00710,5,"2024-03-01","B",,
"e8fac7dc-71f9-401d-b962-11aed9f8288a","D11","PRIN","PRIN.AOS.S2","PRIN.SS.20240229.FIL","A00000420205","2024-02-29T15:07Z","2024-02-29T15:07Z","Illinois State Water Survey Central Analytical Laboratory",594.0,0.00090,5,"2024-03-01","B",,
"f2e0358f-73ab-492d-9d55-5a9f46da1624","D11","PRIN","PRIN.AOS.S2","PRIN.SS.20240229.FIL","A00000420205","2024-02-29T15:07Z","2024-02-29T15:07Z","Illinois State Water Survey Central Analytical Laboratory",450.0,0.00404,5,"2024-03-01","A",,
"6e5394f0-b868-4af1-af6b-1fbb8f15416a","D11","PRIN","PRIN.AOS.S2","PRIN.SS.20240229.FIL","A00000420205","2024-02-29T15:07Z","2024-02-29T15:07Z","Illinois State Water Survey Central Analytical Laboratory",494.0,0.00234,5,"2024-03-01","B",,
"85d607d1-a39c-474d-8029-d4fda7895f7b","D11","PRIN","PRIN.AOS.S2","PRIN.SS.20240229.FIL","A00000420205","2024-02-29T15:07Z","2024-02-29T15:07Z","Illinois State Water Survey Central Analytical Laboratory",512.0,0.00182,5,"2024-03-01","A",,
"fffdf461-a629-468d-a916-cfe41cbd3b1c","D11","PRIN","PRIN.AOS.S2","PRIN.SS.20240229.FIL","A00000420205","2024-02-29T15:07Z","2024-02-29T15:07Z","Illinois State Water Survey Central Analytical Laboratory",564.0,0.00108,5,"2024-03-01","A",,
"0db5d760-9a31-4dd3-8b19-2d2d1bc02a99","D11","PRIN","PRIN.AOS.S2","PRIN.SS.20240229.FIL","A00000420205","2024-02-29T15:07Z","2024-02-29T15:07Z","Illinois State Water Survey Central Analytical Laboratory",594.0,0.00078,5,"2024-03-01","A",,
"5480e47a-d5b1-437a-b124-bfce48597ae7","D11","PRIN","PRIN.AOS.S2","PRIN.SS.20240229.FIL","A00000420205","2024-02-29T15:07Z","2024-02-29T15:07Z","Illinois State Water Survey Central Analytical Laboratory",458.0,0.00370,5,"2024-03-01","B",,
"363bed2a-bebe-4837-8b2f-003e264e27df","D11","PRIN","PRIN.AOS.S2","PRIN.SS.20240229.FIL","A00000420205","2024-02-29T15:07Z","2024-02-29T15:07Z","Illinois State Water Survey Central Analytical Laboratory",262.0,0.07486,5,"2024-03-01","B",,
"12d87e2b-a2fd-4b0e-92ee-177b68ffe8a1","D11","PRIN","PRIN.AOS.S2","PRIN.SS.20240229.FIL","A00000420205","2024-02-29T15:07Z","2024-02-29T15:07Z","Illinois State Water Survey Central Analytical Laboratory",328.0,0.02794,5,"2024-03-01","A",,
"5463a57c-d1be-43f1-bf6f-f1a326e5d496","D11","PRIN","PRIN.AOS.S2","PRIN.SS.20240229.FIL","A00000420205","2024-02-29T15:07Z","2024-02-29T15:07Z","Illinois State Water Survey Central Analytical Laboratory",402.0,0.00860,5,"2024-03-01","B",,
"e15e1eff-bb44-454b-aef2-afcd9f612eb4","D11","PRIN","PRIN.AOS.S2","PRIN.SS.20240229.FIL","A00000420205","2024-02-29T15:07Z","2024-02-29T15:07Z","Illinois State Water Survey Central Analytical Laboratory",364.0,0.01590,5,"2024-03-01","B",,
"7c4c8e49-eaa1-483f-b96c-3b0b46b35094","D11","PRIN","PRIN.AOS.S2","PRIN.SS.20240229.FIL","A00000420205","2024-02-29T15:07Z","2024-02-29T15:07Z","Illinois State Water Survey Central Analytical Laboratory",264.0,0.07324,5,"2024-03-01","A",,
"19a19f3c-b3bf-4d9a-98e2-a9c5f2959cee","D11","PRIN","PRIN.AOS.S2","PRIN.SS.20240229.FIL","A00000420205","2024-02-29T15:07Z","2024-02-29T15:07Z","Illinois State Water Survey Central Analytical Laboratory",360.0,0.01680,5,"2024-03-01","A",,
"76dfecfc-1455-4b50-ae37-a120c8936fa1","D11","PRIN","PRIN.AOS.S2","PRIN.SS.20240229.FIL","A00000420205","2024-02-29T15:07Z","2024-02-29T15:07Z","Illinois State Water Survey Central Analytical Laboratory",390.0,0.01032,5,"2024-03-01","B",,
"caac49db-fb09-49b0-8b7e-304fdf8457f5","D11","PRIN","PRIN.AOS.S2","PRIN.SS.20240229.FIL","A00000420205","2024-02-29T15:07Z","2024-02-29T15:07Z","Illinois State Water Survey Central Analytical Laboratory",248.0,0.08556,5,"2024-03-01","B",,
"f2e49681-9544-4bea-920e-52a654b453db","D11","PRIN","PRIN.AOS.S2","PRIN.SS.20240229.FIL","A00000420205","2024-02-29T15:07Z","2024-02-29T15:07Z","Illinois State Water Survey Central Analytical Laboratory",452.0,0.00396,5,"2024-03-01","B",,
"4c341a45-13cc-4113-966b-86119488ce7c","D11","PRIN","PRIN.AOS.S2","PRIN.SS.20240229.FIL","A00000420205","2024-02-29T15:07Z","2024-02-29T15:07Z","Illinois State Water Survey Central Analytical Laboratory",246.0,0.08724,5,"2024-03-01","A",,
"f5b2f428-02f0-4601-8236-23f03b92ec50","D11","PRIN","PRIN.AOS.S2","PRIN.SS.20240229.FIL","A00000420205","2024-02-29T15:07Z","2024-02-29T15:07Z","Illinois State Water Survey Central Analytical Laboratory",456.0,0.00372,5,"2024-03-01","A",,
"9b22d9cc-d373-4eaf-a170-b7b09bc4c851","D11","PRIN","PRIN.AOS.S2","PRIN.SS.20240229.FIL","A00000420205","2024-02-29T15:07Z","2024-02-29T15:07Z","Illinois State Water Survey Central Analytical Laboratory",494.0,0.00226,5,"2024-03-01","A",,
"94110db0-140e-45c3-9333-29cb1f019ab6","D11","PRIN","PRIN.AOS.S2","PRIN.SS.20240229.FIL","A00000420205","2024-02-29T15:07Z","2024-02-29T15:07Z","Illinois State Water Survey Central Analytical Laboratory",514.0,0.00180,5,"2024-03-01","A",,
"9aa35590-f874-4b51-9f49-d11c8a899a79","D11","PRIN","PRIN.AOS.S2","PRIN.SS.20240229.FIL","A00000420205","2024-02-29T15:07Z","2024-02-29T15:07Z","Illinois State Water Survey Central Analytical Laboratory",476.0,0.00290,5,"2024-03-01","B",,
"dd36a52a-0fe5-46f1-acaa-58a136ca850d","D11","PRIN","PRIN.AOS.S2","PRIN.SS.20240229.FIL","A00000420205","2024-02-29T15:07Z","2024-02-29T15:07Z","Illinois State Water Survey Central Analytical Laboratory",306.0,0.03960,5,"2024-03-01","A",,
"db4a6340-baff-44cd-a0fd-4108a18ea5d7","D11","PRIN","PRIN.AOS.S2","PRIN.SS.20240229.FIL","A00000420205","2024-02-29T15:07Z","2024-02-29T15:07Z","Illinois State Water Survey Central Analytical Laboratory",386.0,0.01084,5,"2024-03-01","A",,
"f6f1e4dc-cd13-4e92-bd5b-daa407fa44ca","D11","PRIN","PRIN.AOS.S2","PRIN.SS.20240229.FIL","A00000420205","2024-02-29T15:07Z","2024-02-29T15:07Z","Illinois State Water Survey Central Analytical Laboratory",564.0,0.00122,5,"2024-03-01","B",,
"83787e2a-e4bd-4c4c-948b-cbac9b587043","D11","PRIN","PRIN.AOS.S2","PRIN.SS.20240229.FIL","A00000420205","2024-02-29T15:07Z","2024-02-29T15:07Z","Illinois State Water Survey Central Analytical Laboratory",474.0,0.00290,5,"2024-03-01","A",,
"20354809-5e5c-48db-9653-61986de4bd25","D11","PRIN","PRIN.AOS.S2","PRIN.SS.20240229.FIL","A00000420205","2024-02-29T15:07Z","2024-02-29T15:07Z","Illinois State Water Survey Central Analytical Laboratory",596.0,0.00088,5,"2024-03-01","B",,
"0c3fb82d-0062-4435-9ab0-14b96728c53e","D11","PRIN","PRIN.AOS.S2","PRIN.SS.20240229.FIL","A00000420205","2024-02-29T15:07Z","2024-02-29T15:07Z","Illinois State Water Survey Central Analytical Laboratory",442.0,0.00464,5,"2024-03-01","B",,
"7eb853ac-4d23-45a7-9500-9b713c567aac","D11","PRIN","PRIN.AOS.S2","PRIN.SS.20240229.FIL","A00000420205","2024-02-29T15:07Z","2024-02-29T15:07Z","Illinois State Water Survey Central Analytical Laboratory",332.0,0.02612,5,"2024-03-01","A",,
"5078c469-26c7-48e7-90f1-50fc3c082709","D11","PRIN","PRIN.AOS.S2","PRIN.SS.20240229.FIL","A00000420205","2024-02-29T15:07Z","2024-02-29T15:07Z","Illinois State Water Survey Central Analytical Laboratory",382.0,0.01164,5,"2024-03-01","A",,
"0a95c3c9-71be-4acb-9290-8bca15f17e56","D11","PRIN","PRIN.AOS.S2","PRIN.SS.20240229.FIL","A00000420205","2024-02-29T15:07Z","2024-02-29T15:07Z","Illinois State Water Survey Central Analytical Laboratory",566.0,0.00118,5,"2024-03-01","B",,
"fc6b009f-ae9e-4160-bb84-e7e0cdd79f13","D11","PRIN","PRIN.AOS.S2","PRIN.SS.20240229.FIL","A00000420205","2024-02-29T15:07Z","2024-02-29T15:07Z","Illinois State Water Survey Central Analytical Laboratory",466.0,0.00324,5,"2024-03-01","A",,
"aba3379e-c6d2-48b5-bcba-56564cb33164","D11","PRIN","PRIN.AOS.S2","PRIN.SS.20240229.FIL","A00000420205","2024-02-29T15:07Z","2024-02-29T15:07Z","Illinois State Water Survey Central Analytical Laboratory",292.0,0.04998,5,"2024-03-01","B",,
"9270cfb8-09b7-42f4-b2b2-9afa54adb292","D11","PRIN","PRIN.AOS.S2","PRIN.SS.20240229.FIL","A00000420205","2024-02-29T15:07Z","2024-02-29T15:07Z","Illinois State Water Survey Central Analytical Laboratory",376.0,0.01304,5,"2024-03-01","B",,
"eec66a5d-ea48-426d-8206-381c426069f1","D11","PRIN","PRIN.AOS.S2","PRIN.SS.20240229.FIL","A00000420205","2024-02-29T15:07Z","2024-02-29T15:07Z","Illinois State Water Survey Central Analytical Laboratory",544.0,0.00146,5,"2024-03-01","B",,
"b607f24b-5187-40bb-9013-b96253ce111a","D11","PRIN","PRIN.AOS.S2","PRIN.SS.20240229.FIL","A00000420205","2024-02-29T15:07Z","2024-02-29T15:07Z","Illinois State Water Survey Central Analytical Laboratory",320.0,0.03200,5,"2024-03-01","B",,
"a25ff5ec-8b14-4160-8469-ac02b68bbbee","D11","PRIN","PRIN.AOS.S2","PRIN.SS.20240229.FIL","A00000420205","2024-02-29T15:07Z","2024-02-29T15:07Z","Illinois State Water Survey Central Analytical Laboratory",438.0,0.00482,5,"2024-03-01","A",,
"56e7e2b9-830f-4940-8dc0-c1e85cf768ae","D11","PRIN","PRIN.AOS.S2","PRIN.SS.20240229.FIL","A00000420205","2024-02-29T15:07Z","2024-02-29T15:07Z","Illinois State Water Survey Central Analytical Laboratory",378.0,0.01240,5,"2024-03-01","A",,
"b2438591-11d7-4b13-ab8b-8f1b027ee705","D11","PRIN","PRIN.AOS.S2","PRIN.SS.20240229.FIL","A00000420205","2024-02-29T15:07Z","2024-02-29T15:07Z","Illinois State Water Survey Central Analytical Laboratory",416.0,0.00690,5,"2024-03-01","B",,
"fe67f9d4-183d-43eb-9bef-92d9a679b79f","D11","PRIN","PRIN.AOS.S2","PRIN.SS.20240229.FIL","A00000420205","2024-02-29T15:07Z","2024-02-29T15:07Z","Illinois State Water Survey Central Analytical Laboratory",292.0,0.04978,5,"2024-03-01","A",,
"3f720212-a2c1-4f0d-9788-56b97ba0eb7c","D11","PRIN","PRIN.AOS.S2","PRIN.SS.20240229.FIL","A00000420205","2024-02-29T15:07Z","2024-02-29T15:07Z","Illinois State Water Survey Central Analytical Laboratory",498.0,0.00214,5,"2024-03-01","A",,
"79ff0da7-e90f-472a-8611-72fc72c7962a","D11","PRIN","PRIN.AOS.S2","PRIN.SS.20240229.FIL","A00000420205","2024-02-29T15:07Z","2024-02-29T15:07Z","Illinois State Water Survey Central Analytical Laboratory",286.0,0.05534,5,"2024-03-01","B",,
"c96641da-aa57-4f2b-a436-78ac40572b35","D11","PRIN","PRIN.AOS.S2","PRIN.SS.20240229.FIL","A00000420205","2024-02-29T15:07Z","2024-02-29T15:07Z","Illinois State Water Survey Central Analytical Laboratory",368.0,0.01488,5,"2024-03-01","B",,
"c79a3cc7-201f-494a-819c-df4e5c66bf9c","D11","PRIN","PRIN.AOS.S2","PRIN.SS.20240229.FIL","A00000420205","2024-02-29T15:07Z","2024-02-29T15:07Z","Illinois State Water Survey Central Analytical Laboratory",404.0,0.00836,5,"2024-03-01","B",,
"b8a870b6-5b02-4d36-baab-d50680b7a1ce","D11","PRIN","PRIN.AOS.S2","PRIN.SS.20240229.FIL","A00000420205","2024-02-29T15:07Z","2024-02-29T15:07Z","Illinois State Water Survey Central Analytical Laboratory",392.0,0.01004,5,"2024-03-01","B",,
"c0cc1324-b7ee-4cc5-865b-619581b40c29","D11","PRIN","PRIN.AOS.S2","PRIN.SS.20240229.FIL","A00000420205","2024-02-29T15:07Z","2024-02-29T15:07Z","Illinois State Water Survey Central Analytical Laboratory",306.0,0.03974,5,"2024-03-01","B",,
"80e979aa-af53-44a5-bc4a-33dcae9732c1","D11","PRIN","PRIN.AOS.S2","PRIN.SS.20240229.FIL","A00000420205","2024-02-29T15:07Z","2024-02-29T15:07Z","Illinois State Water Survey Central Analytical Laboratory",426.0,0.00578,5,"2024-03-01","A",,
"e3cfdee6-f6a9-4b41-a12b-d7c2be226c8d","D11","PRIN","PRIN.AOS.S2","PRIN.SS.20240229.FIL","A00000420205","2024-02-29T15:07Z","2024-02-29T15:07Z","Illinois State Water Survey Central Analytical Laboratory",596.0,0.00072,5,"2024-03-01","A",,
"b91b64c8-e9fd-42f9-b0a1-7673c269a20b","D11","PRIN","PRIN.AOS.S2","PRIN.SS.20240229.FIL","A00000420205","2024-02-29T15:07Z","2024-02-29T15:07Z","Illinois State Water Survey Central Analytical Laboratory",588.0,0.00096,5,"2024-03-01","A",,
"11a9f364-0d55-4865-9570-4677f69ba15c","D11","PRIN","PRIN.AOS.S2","PRIN.SS.20240229.FIL","A00000420205","2024-02-29T15:07Z","2024-02-29T15:07Z","Illinois State Water Survey Central Analytical Laboratory",406.0,0.00812,5,"2024-03-01","B",,
"f810bd71-c033-4442-8e07-e92adb5092d5","D11","PRIN","PRIN.AOS.S2","PRIN.SS.20240229.FIL","A00000420205","2024-02-29T15:07Z","2024-02-29T15:07Z","Illinois State Water Survey Central Analytical Laboratory",374.0,0.01330,5,"2024-03-01","A",,
"af859157-7be7-4a7e-a839-917582d83397","D11","PRIN","PRIN.AOS.S2","PRIN.SS.20240229.FIL","A00000420205","2024-02-29T15:07Z","2024-02-29T15:07Z","Illinois State Water Survey Central Analytical Laboratory",276.0,0.06416,5,"2024-03-01","B",,
"966d84aa-6364-4b5f-8136-c8084531349e","D11","PRIN","PRIN.AOS.S2","PRIN.SS.20240229.FIL","A00000420205","2024-02-29T15:07Z","2024-02-29T15:07Z","Illinois State Water Survey Central Analytical Laboratory",284.0,0.05716,5,"2024-03-01","B",,
"64f53c8e-36ce-4ca7-a57f-940564987540","D11","PRIN","PRIN.AOS.S2","PRIN.SS.20240229.FIL","A00000420205","2024-02-29T15:07Z","2024-02-29T15:07Z","Illinois State Water Survey Central Analytical Laboratory",546.0,0.00124,5,"2024-03-01","A",,
"3175da4a-f107-4923-b135-c872c5bb4bf0","D11","PRIN","PRIN.AOS.S2","PRIN.SS.20240229.FIL","A00000420205","2024-02-29T15:07Z","2024-02-29T15:07Z","Illinois State Water Survey Central Analytical Laboratory",440.0,0.00464,5,"2024-03-01","A",,
"9ec7b802-e3ab-4ba7-9f5b-140495fbc6bc","D11","PRIN","PRIN.AOS.S2","PRIN.SS.20240229.FIL","A00000420205","2024-02-29T15:07Z","2024-02-29T15:07Z","Illinois State Water Survey Central Analytical Laboratory",302.0,0.04214,5,"2024-03-01","A",,
"4ac13637-f6e6-49a2-b469-af16e75615fc","D11","PRIN","PRIN.AOS.S2","PRIN.SS.20240229.FIL","A00000420205","2024-02-29T15:07Z","2024-02-29T15:07Z","Illinois State Water Survey Central Analytical Laboratory",438.0,0.00492,5,"2024-03-01","B",,
"c419375d-f6fb-4c9f-8a88-bfd65bd94e9d","D11","PRIN","PRIN.AOS.S2","PRIN.SS.20240229.FIL","A00000420205","2024-02-29T15:07Z","2024-02-29T15:07Z","Illinois State Water Survey Central Analytical Laboratory",560.0,0.00108,5,"2024-03-01","A",,
"ebdbe687-a17c-4086-b4d5-8bd2152ba635","D11","PRIN","PRIN.AOS.S2","PRIN.SS.20240229.FIL","A00000420205","2024-02-29T15:07Z","2024-02-29T15:07Z","Illinois State Water Survey Central Analytical Laboratory",478.0,0.00284,5,"2024-03-01","B",,
"80787988-ad7c-471c-90c9-bb9836f88440","D11","PRIN","PRIN.AOS.S2","PRIN.SS.20240229.FIL","A00000420205","2024-02-29T15:07Z","2024-02-29T15:07Z","Illinois State Water Survey Central Analytical Laboratory",348.0,0.02028,5,"2024-03-01","A",,
"3a56f580-3c16-4090-926f-a1d1a277feab","D11","PRIN","PRIN.AOS.S2","PRIN.SS.20240229.FIL","A00000420205","2024-02-29T15:07Z","2024-02-29T15:07Z","Illinois State Water Survey Central Analytical Laboratory",338.0,0.02388,5,"2024-03-01","B",,
"a475280e-acf9-4a40-a302-144315d05c75","D11","PRIN","PRIN.AOS.S2","PRIN.SS.20240229.FIL","A00000420205","2024-02-29T15:07Z","2024-02-29T15:07Z","Illinois State Water Survey Central Analytical Laboratory",428.0,0.00562,5,"2024-03-01","A",,
"2383df4d-6fbf-4d18-9510-01b203b1eb04","D11","PRIN","PRIN.AOS.S2","PRIN.SS.20240229.FIL","A00000420205","2024-02-29T15:07Z","2024-02-29T15:07Z","Illinois State Water Survey Central Analytical Laboratory",268.0,0.07058,5,"2024-03-01","B",,
"8a7ba2f2-e957-41ed-80c8-6cb253dcca59","D11","PRIN","PRIN.AOS.S2","PRIN.SS.20240229.FIL","A00000420205","2024-02-29T15:07Z","2024-02-29T15:07Z","Illinois State Water Survey Central Analytical Laboratory",484.0,0.00260,5,"2024-03-01","B",,
"cdf18080-7141-429f-93f9-e2afff50a41e","D11","PRIN","PRIN.AOS.S2","PRIN.SS.20240229.FIL","A00000420205","2024-02-29T15:07Z","2024-02-29T15:07Z","Illinois State Water Survey Central Analytical Laboratory",328.0,0.02810,5,"2024-03-01","B",,
"30140255-c983-48f7-a1d8-c5b215291675","D11","PRIN","PRIN.AOS.S2","PRIN.SS.20240229.FIL","A00000420205","2024-02-29T15:07Z","2024-02-29T15:07Z","Illinois State Water Survey Central Analytical Laboratory",556.0,0.00126,5,"2024-03-01","B",,
"6715500a-ca38-4a62-b415-32fb51c21a49","D11","PRIN","PRIN.AOS.S2","PRIN.SS.20240229.FIL","A00000420205","2024-02-29T15:07Z","2024-02-29T15:07Z","Illinois State Water Survey Central Analytical Laboratory",514.0,0.00194,5,"2024-03-01","B",,
"6f129737-b770-441d-8b16-386ebace9681","D11","PRIN","PRIN.AOS.S2","PRIN.SS.20240229.FIL","A00000420205","2024-02-29T15:07Z","2024-02-29T15:07Z","Illinois State Water Survey Central Analytical Laboratory",504.0,0.00198,5,"2024-03-01","A",,
"402cf5c3-fa04-4a48-8bbd-be6454d5115f","D11","PRIN","PRIN.AOS.S2","PRIN.SS.20240229.FIL","A00000420205","2024-02-29T15:07Z","2024-02-29T15:07Z","Illinois State Water Survey Central Analytical Laboratory",308.0,0.03830,5,"2024-03-01","A",,
"18fe2086-0140-48c4-9f92-e3baf2c70872","D11","PRIN","PRIN.AOS.S2","PRIN.SS.20240229.FIL","A00000420205","2024-02-29T15:07Z","2024-02-29T15:07Z","Illinois State Water Survey Central Analytical Laboratory",280.0,0.06050,5,"2024-03-01","A",,
"a39f56f9-ed6b-4e79-b5cd-ad2ea4ca851b","D11","PRIN","PRIN.AOS.S2","PRIN.SS.20240229.FIL","A00000420205","2024-02-29T15:07Z","2024-02-29T15:07Z","Illinois State Water Survey Central Analytical Laboratory",538.0,0.00148,5,"2024-03-01","B",,
"c9aa0ab1-b040-4760-b0ef-aa299d39c5c4","D11","PRIN","PRIN.AOS.S2","PRIN.SS.20240229.FIL","A00000420205","2024-02-29T15:07Z","2024-02-29T15:07Z","Illinois State Water Survey Central Analytical Laboratory",230.0,0.11848,5,"2024-03-01","A",,
"d1dcd0b4-965b-498b-b2bd-34fac94f2d73","D11","PRIN","PRIN.AOS.S2","PRIN.SS.20240229.FIL","A00000420205","2024-02-29T15:07Z","2024-02-29T15:07Z","Illinois State Water Survey Central Analytical Laboratory",334.0,0.02546,5,"2024-03-01","B",,
"8c98894b-629b-4a6f-a546-47c7db9ec0fb","D11","PRIN","PRIN.AOS.S2","PRIN.SS.20240229.FIL","A00000420205","2024-02-29T15:07Z","2024-02-29T15:07Z","Illinois State Water Survey Central Analytical Laboratory",496.0,0.00226,5,"2024-03-01","A",,
"c2a0943b-2b79-48b5-b048-4b128b0ec4c9","D11","PRIN","PRIN.AOS.S2","PRIN.SS.20240229.FIL","A00000420205","2024-02-29T15:07Z","2024-02-29T15:07Z","Illinois State Water Survey Central Analytical Laboratory",380.0,0.01202,5,"2024-03-01","A",,
"bba7cae1-ed46-4a1a-9049-be9a09b9deae","D11","PRIN","PRIN.AOS.S2","PRIN.SS.20240229.FIL","A00000420205","2024-02-29T15:07Z","2024-02-29T15:07Z","Illinois State Water Survey Central Analytical Laboratory",486.0,0.00248,5,"2024-03-01","A",,
"1a7fbf32-f88c-4f92-804b-ff6bb5bed3e6","D11","PRIN","PRIN.AOS.S2","PRIN.SS.20240229.FIL","A00000420205","2024-02-29T15:07Z","2024-02-29T15:07Z","Illinois State Water Survey Central Analytical Laboratory",280.0,0.06068,5,"2024-03-01","B",,
"3795e440-1d8f-45fe-b300-8ac64b67e715","D11","PRIN","PRIN.AOS.S2","PRIN.SS.20240229.FIL","A00000420205","2024-02-29T15:07Z","2024-02-29T15:07Z","Illinois State Water Survey Central Analytical Laboratory",354.0,0.01864,5,"2024-03-01","B",,
"37698bed-5218-48a6-8214-340ed9aa8164","D11","PRIN","PRIN.AOS.S2","PRIN.SS.20240229.FIL","A00000420205","2024-02-29T15:07Z","2024-02-29T15:07Z","Illinois State Water Survey Central Analytical Laboratory",582.0,0.00106,5,"2024-03-01","B",,
"7e6e10fe-662c-4a00-8b08-ba32d9e11f56","D11","PRIN","PRIN.AOS.S2","PRIN.SS.20240229.FIL","A00000420205","2024-02-29T15:07Z","2024-02-29T15:07Z","Illinois State Water Survey Central Analytical Laboratory",254.0,0.08066,5,"2024-03-01","B",,
"edde1162-954f-4e2a-8015-c7eff2f8237c","D11","PRIN","PRIN.AOS.S2","PRIN.SS.20240229.FIL","A00000420205","2024-02-29T15:07Z","2024-02-29T15:07Z","Illinois State Water Survey Central Analytical Laboratory",324.0,0.02992,5,"2024-03-01","B",,
"25fa3fdd-9829-4e03-83a3-16ef001fc337","D11","PRIN","PRIN.AOS.S2","PRIN.SS.20240229.FIL","A00000420205","2024-02-29T15:07Z","2024-02-29T15:07Z","Illinois State Water Survey Central Analytical Laboratory",346.0,0.02098,5,"2024-03-01","A",,
"9b12bfd8-a430-4bfe-884f-e3aebee8f9ea","D11","PRIN","PRIN.AOS.S2","PRIN.SS.20240229.FIL","A00000420205","2024-02-29T15:07Z","2024-02-29T15:07Z","Illinois State Water Survey Central Analytical Laboratory",526.0,0.00174,5,"2024-03-01","B",,
"566a5e55-5540-4047-8e7c-e6302c959880","D11","PRIN","PRIN.AOS.S2","PRIN.SS.20240229.FIL","A00000420205","2024-02-29T15:07Z","2024-02-29T15:07Z","Illinois State Water Survey Central Analytical Laboratory",414.0,0.00692,5,"2024-03-01","A",,
"b90a2a8b-7bf7-4dbe-976a-c78e6d775449","D11","PRIN","PRIN.AOS.S2","PRIN.SS.20240229.FIL","A00000420205","2024-02-29T15:07Z","2024-02-29T15:07Z","Illinois State Water Survey Central Analytical Laboratory",340.0,0.02300,5,"2024-03-01","A",,
"f2628548-9c45-4721-a8af-55c0eb7ec6e0","D11","PRIN","PRIN.AOS.S2","PRIN.SS.20240229.FIL","A00000420205","2024-02-29T15:07Z","2024-02-29T15:07Z","Illinois State Water Survey Central Analytical Laboratory",222.0,0.15238,5,"2024-03-01","B",,
"071c8e7c-be8e-4b9e-8ccd-c830a34c8446","D11","PRIN","PRIN.AOS.S2","PRIN.SS.20240229.FIL","A00000420205","2024-02-29T15:07Z","2024-02-29T15:07Z","Illinois State Water Survey Central Analytical Laboratory",570.0,0.00096,5,"2024-03-01","A",,
"5739adee-c492-49d6-bf9e-a9f5eb02356a","D11","PRIN","PRIN.AOS.S2","PRIN.SS.20240229.FIL","A00000420205","2024-02-29T15:07Z","2024-02-29T15:07Z","Illinois State Water Survey Central Analytical Laboratory",562.0,0.00122,5,"2024-03-01","B",,
"2c17fde7-6157-4944-913f-5b18b0fefbe9","D11","PRIN","PRIN.AOS.S2","PRIN.SS.20240229.FIL","A00000420205","2024-02-29T15:07Z","2024-02-29T15:07Z","Illinois State Water Survey Central Analytical Laboratory",450.0,0.00412,5,"2024-03-01","B",,
"849b2b32-bac4-46f6-acb0-498a23129d87","D11","PRIN","PRIN.AOS.S2","PRIN.SS.20240229.FIL","A00000420205","2024-02-29T15:07Z","2024-02-29T15:07Z","Illinois State Water Survey Central Analytical Laboratory",220.0,0.16452,5,"2024-03-01","B",,
"b0e45ecb-d444-4de1-87ba-30a019b4fa19","D11","PRIN","PRIN.AOS.S2","PRIN.SS.20240229.FIL","A00000420205","2024-02-29T15:07Z","2024-02-29T15:07Z","Illinois State Water Survey Central Analytical Laboratory",410.0,0.00740,5,"2024-03-01","A",,
"7edf1a33-fa81-4eda-b9d4-70220a0f2aa5","D11","PRIN","PRIN.AOS.S2","PRIN.SS.20240229.FIL","A00000420205","2024-02-29T15:07Z","2024-02-29T15:07Z","Illinois State Water Survey Central Analytical Laboratory",236.0,0.10274,5,"2024-03-01","B",,
"a75eb440-c6e1-4603-a38b-63298d11d4ce","D11","PRIN","PRIN.AOS.S2","PRIN.SS.20240229.FIL","A00000420205","2024-02-29T15:07Z","2024-02-29T15:07Z","Illinois State Water Survey Central Analytical Laboratory",252.0,0.08180,5,"2024-03-01","A",,
"2ace41d3-b272-4185-be7d-4afb002a87e8","D11","PRIN","PRIN.AOS.S2","PRIN.SS.20240229.FIL","A00000420205","2024-02-29T15:07Z","2024-02-29T15:07Z","Illinois State Water Survey Central Analytical Laboratory",272.0,0.06726,5,"2024-03-01","A",,
"f6b0cf77-44b1-4888-afa5-66dcba8f9481","D11","PRIN","PRIN.AOS.S2","PRIN.SS.20240229.FIL","A00000420205","2024-02-29T15:07Z","2024-02-29T15:07Z","Illinois State Water Survey Central Analytical Laboratory",220.0,0.16422,5,"2024-03-01","A",,
"91021f2b-d47d-485e-bdf8-68c13fd3968f","D11","PRIN","PRIN.AOS.S2","PRIN.SS.20240229.FIL","A00000420205","2024-02-29T15:07Z","2024-02-29T15:07Z","Illinois State Water Survey Central Analytical Laboratory",314.0,0.03504,5,"2024-03-01","B",,
"e113fce9-c0d6-47e9-a5fe-5f523f047061","D11","PRIN","PRIN.AOS.S2","PRIN.SS.20240229.FIL","A00000420205","2024-02-29T15:07Z","2024-02-29T15:07Z","Illinois State Water Survey Central Analytical Laboratory",572.0,0.00094,5,"2024-03-01","A",,
"4a62fe72-c519-478f-86bc-37776270370f","D11","PRIN","PRIN.AOS.S2","PRIN.SS.20240229.FIL","A00000420205","2024-02-29T15:07Z","2024-02-29T15:07Z","Illinois State Water Survey Central Analytical Laboratory",488.0,0.00240,5,"2024-03-01","A",,
"efbc06bb-b07f-48e7-9ece-24adc4d3f4f7","D11","PRIN","PRIN.AOS.S2","PRIN.SS.20240229.FIL","A00000420205","2024-02-29T15:07Z","2024-02-29T15:07Z","Illinois State Water Survey Central Analytical Laboratory",510.0,0.00188,5,"2024-03-01","A",,
"0b316932-de51-4be3-8a44-7eec7388c353","D11","PRIN","PRIN.AOS.S2","PRIN.SS.20240229.FIL","A00000420205","2024-02-29T15:07Z","2024-02-29T15:07Z","Illinois State Water Survey Central Analytical Laboratory",490.0,0.00246,5,"2024-03-01","B",,
"109b0b32-6aca-46d3-8662-6a74beac1548","D11","PRIN","PRIN.AOS.S2","PRIN.SS.20240229.FIL","A00000420205","2024-02-29T15:07Z","2024-02-29T15:07Z","Illinois State Water Survey Central Analytical Laboratory",310.0,0.03716,5,"2024-03-01","A",,
"31d3f934-55ae-4104-9dcd-7a8256a4ebf6","D11","PRIN","PRIN.AOS.S2","PRIN.SS.20240229.FIL","A00000420205","2024-02-29T15:07Z","2024-02-29T15:07Z","Illinois State Water Survey Central Analytical Laboratory",296.0,0.04638,5,"2024-03-01","A",,
"6d815e55-d839-43cd-bb55-63b100c5fa30","D11","PRIN","PRIN.AOS.S2","PRIN.SS.20240229.FIL","A00000420205","2024-02-29T15:07Z","2024-02-29T15:07Z","Illinois State Water Survey Central Analytical Laboratory",340.0,0.02314,5,"2024-03-01","B",,
"edcc5731-6142-460a-a4a6-f3d1949a6b97","D11","PRIN","PRIN.AOS.S2","PRIN.SS.20240229.FIL","A00000420205","2024-02-29T15:07Z","2024-02-29T15:07Z","Illinois State Water Survey Central Analytical Laboratory",232.0,0.11274,5,"2024-03-01","B",,
"acef4793-3e96-44ca-b31d-7b2583aa82ac","D11","PRIN","PRIN.AOS.S2","PRIN.SS.20240229.FIL","A00000420205","2024-02-29T15:07Z","2024-02-29T15:07Z","Illinois State Water Survey Central Analytical Laboratory",250.0,0.08382,5,"2024-03-01","B",,
"671d9ea2-bece-4af3-b741-3f93be3fa246","D11","PRIN","PRIN.AOS.S2","PRIN.SS.20240229.FIL","A00000420205","2024-02-29T15:07Z","2024-02-29T15:07Z","Illinois State Water Survey Central Analytical Laboratory",528.0,0.00156,5,"2024-03-01","A",,
"7bef116c-3dce-4afd-88c0-331bff8fc12e","D11","PRIN","PRIN.AOS.S2","PRIN.SS.20240229.FIL","A00000420205","2024-02-29T15:07Z","2024-02-29T15:07Z","Illinois State Water Survey Central Analytical Laboratory",554.0,0.00118,5,"2024-03-01","A",,
"d114b16c-043e-4294-8541-71f5b23a7ab3","D11","PRIN","PRIN.AOS.S2","PRIN.SS.20240229.FIL","A00000420205","2024-02-29T15:07Z","2024-02-29T15:07Z","Illinois State Water Survey Central Analytical Laboratory",284.0,0.05696,5,"2024-03-01","A",,
"4aa345af-e671-4b36-b5bd-fe8132186294","D11","PRIN","PRIN.AOS.S2","PRIN.SS.20240229.FIL","A00000420205","2024-02-29T15:07Z","2024-02-29T15:07Z","Illinois State Water Survey Central Analytical Laboratory",568.0,0.00104,5,"2024-03-01","A",,
"44de1b9e-364c-42b2-81b7-4fe5b25e345b","D11","PRIN","PRIN.AOS.S2","PRIN.SS.20240229.FIL","A00000420205","2024-02-29T15:07Z","2024-02-29T15:07Z","Illinois State Water Survey Central Analytical Laboratory",352.0,0.01924,5,"2024-03-01","B",,
"a6e4b460-9a56-4f7e-bb33-38d73f74f994","D11","PRIN","PRIN.AOS.S2","PRIN.SS.20240229.FIL","A00000420205","2024-02-29T15:07Z","2024-02-29T15:07Z","Illinois State Water Survey Central Analytical Laboratory",232.0,0.11246,5,"2024-03-01","A",,
"81b9cbfb-753d-43f5-aaea-b56730b13b9a","D11","PRIN","PRIN.AOS.S2","PRIN.SS.20240229.FIL","A00000420205","2024-02-29T15:07Z","2024-02-29T15:07Z","Illinois State Water Survey Central Analytical Laboratory",452.0,0.00390,5,"2024-03-01","A",,
"153edd24-892b-4122-b9e2-4cdbaaf33a96","D11","PRIN","PRIN.AOS.S2","PRIN.SS.20240229.FIL","A00000420205","2024-02-29T15:07Z","2024-02-29T15:07Z","Illinois State Water Survey Central Analytical Laboratory",550.0,0.00120,5,"2024-03-01","A",,
"e48c24a8-91b4-4a07-8d62-8b938db1df6b","D11","PRIN","PRIN.AOS.S2","PRIN.SS.20240229.FIL","A00000420205","2024-02-29T15:07Z","2024-02-29T15:07Z","Illinois State Water Survey Central Analytical Laboratory",592.0,0.00092,5,"2024-03-01","A",,
"fb23897b-5b2e-49a0-af1d-9c648c5b992a","D11","PRIN","PRIN.AOS.S2","PRIN.SS.20240229.FIL","A00000420205","2024-02-29T15:07Z","2024-02-29T15:07Z","Illinois State Water Survey Central Analytical Laboratory",484.0,0.00254,5,"2024-03-01","A",,
"dea130da-015a-4feb-80f4-ce4d565fe89d","D11","PRIN","PRIN.AOS.S2","PRIN.SS.20240229.FIL","A00000420205","2024-02-29T15:07Z","2024-02-29T15:07Z","Illinois State Water Survey Central Analytical Laboratory",424.0,0.00594,5,"2024-03-01","A",,
"982c17e4-4257-41cc-bb03-d92389b60af6","D11","PRIN","PRIN.AOS.S2","PRIN.SS.20240229.FIL","A00000420205","2024-02-29T15:07Z","2024-02-29T15:07Z","Illinois State Water Survey Central Analytical Laboratory",248.0,0.08530,5,"2024-03-01","A",,
"30129ba3-234e-454e-8620-6ee8123422de","D11","PRIN","PRIN.AOS.S2","PRIN.SS.20240229.FIL","A00000420205","2024-02-29T15:07Z","2024-02-29T15:07Z","Illinois State Water Survey Central Analytical Laboratory",362.0,0.01638,5,"2024-03-01","B",,
"9f7529e3-fb3a-4629-8df8-48917fdf081f","D11","PRIN","PRIN.AOS.S2","PRIN.SS.20240229.FIL","A00000420205","2024-02-29T15:07Z","2024-02-29T15:07Z","Illinois State Water Survey Central Analytical Laboratory",440.0,0.00472,5,"2024-03-01","B",,
"c2dddeba-4cfd-46bf-9495-9bd225d7da8f","D11","PRIN","PRIN.AOS.S2","PRIN.SS.20240229.FIL","A00000420205","2024-02-29T15:07Z","2024-02-29T15:07Z","Illinois State Water Survey Central Analytical Laboratory",478.0,0.00272,5,"2024-03-01","A",,
"5c18b64d-62c8-4041-8264-2c0d60f86024","D11","PRIN","PRIN.AOS.S2","PRIN.SS.20240229.FIL","A00000420205","2024-02-29T15:07Z","2024-02-29T15:07Z","Illinois State Water Survey Central Analytical Laboratory",506.0,0.00188,5,"2024-03-01","A",,
"33f718db-2856-43f4-90b8-489c4e496d7c","D11","PRIN","PRIN.AOS.S2","PRIN.SS.20240229.FIL","A00000420205","2024-02-29T15:07Z","2024-02-29T15:07Z","Illinois State Water Survey Central Analytical Laboratory",420.0,0.00634,5,"2024-03-01","A",,
"89c51310-62d9-42ec-85b9-959fd8c5a040","D11","PRIN","PRIN.AOS.S2","PRIN.SS.20240229.FIL","A00000420205","2024-02-29T15:07Z","2024-02-29T15:07Z","Illinois State Water Survey Central Analytical Laboratory",444.0,0.00448,5,"2024-03-01","B",,
"623f5758-7135-4709-9192-8733f72b18ba","D11","PRIN","PRIN.AOS.S2","PRIN.SS.20240229.FIL","A00000420205","2024-02-29T15:07Z","2024-02-29T15:07Z","Illinois State Water Survey Central Analytical Laboratory",372.0,0.01380,5,"2024-03-01","A",,
"465399d0-1bf8-4ae9-9b70-a6813a21f6e3","D11","PRIN","PRIN.AOS.S2","PRIN.SS.20240229.FIL","A00000420205","2024-02-29T15:07Z","2024-02-29T15:07Z","Illinois State Water Survey Central Analytical Laboratory",390.0,0.01010,5,"2024-03-01","A",,
"b433a22c-7370-4816-ab3f-61fc90e7de62","D11","PRIN","PRIN.AOS.S2","PRIN.SS.20240229.FIL","A00000420205","2024-02-29T15:07Z","2024-02-29T15:07Z","Illinois State Water Survey Central Analytical Laboratory",388.0,0.01068,5,"2024-03-01","B",,
"8264d013-f461-42c5-9e00-64cac611d870","D11","PRIN","PRIN.AOS.S2","PRIN.SS.20240229.FIL","A00000420205","2024-02-29T15:07Z","2024-02-29T15:07Z","Illinois State Water Survey Central Analytical Laboratory",354.0,0.01846,5,"2024-03-01","A",,
"810fb53a-114f-460d-b111-161e75c60f8d","D11","PRIN","PRIN.AOS.S2","PRIN.SS.20240229.FIL","A00000420205","2024-02-29T15:07Z","2024-02-29T15:07Z","Illinois State Water Survey Central Analytical Laboratory",526.0,0.00158,5,"2024-03-01","A",,
"9c7a9605-ec7d-482f-a279-860cdb0a444e","D11","PRIN","PRIN.AOS.S2","PRIN.SS.20240229.FIL","A00000420205","2024-02-29T15:07Z","2024-02-29T15:07Z","Illinois State Water Survey Central Analytical Laboratory",446.0,0.00438,5,"2024-03-01","B",,
"ae185abc-97d5-4a86-9fa0-142a885c1f49","D11","PRIN","PRIN.AOS.S2","PRIN.SS.20240229.FIL","A00000420205","2024-02-29T15:07Z","2024-02-29T15:07Z","Illinois State Water Survey Central Analytical Laboratory",342.0,0.02228,5,"2024-03-01","A",,
"b375fd25-26fb-43d8-ba3e-5ab959e00eab","D11","PRIN","PRIN.AOS.S2","PRIN.SS.20240229.FIL","A00000420205","2024-02-29T15:07Z","2024-02-29T15:07Z","Illinois State Water Survey Central Analytical Laboratory",408.0,0.00764,5,"2024-03-01","A",,
"49b9bb85-6174-4a56-9e65-2d2ebf1ce019","D11","PRIN","PRIN.AOS.S2","PRIN.SS.20240229.FIL","A00000420205","2024-02-29T15:07Z","2024-02-29T15:07Z","Illinois State Water Survey Central Analytical Laboratory",406.0,0.00790,5,"2024-03-01","A",,
"c603f497-7fd8-4537-8dd6-46f05a9d85f2","D11","PRIN","PRIN.AOS.S2","PRIN.SS.20240229.FIL","A00000420205","2024-02-29T15:07Z","2024-02-29T15:07Z","Illinois State Water Survey Central Analytical Laboratory",278.0,0.06252,5,"2024-03-01","B",,
"061abf68-d9db-453c-a60d-5a01c0043940","D11","PRIN","PRIN.AOS.S2","PRIN.SS.20240229.FIL","A00000420205","2024-02-29T15:07Z","2024-02-29T15:07Z","Illinois State Water Survey Central Analytical Laboratory",338.0,0.02374,5,"2024-03-01","A",,
"d098e4c8-778d-4dc9-ba1e-a5797b77224c","D11","PRIN","PRIN.AOS.S2","PRIN.SS.20240229.FIL","A00000420205","2024-02-29T15:07Z","2024-02-29T15:07Z","Illinois State Water Survey Central Analytical Laboratory",416.0,0.00672,5,"2024-03-01","A",,
"a2ba3a0d-6ebc-4565-b672-b488f948693f","D11","PRIN","PRIN.AOS.S2","PRIN.SS.20240229.FIL","A00000420205","2024-02-29T15:07Z","2024-02-29T15:07Z","Illinois State Water Survey Central Analytical Laboratory",590.0,0.00096,5,"2024-03-01","B",,
"c334aa15-dc4b-48eb-8e02-1846b9135026","D11","PRIN","PRIN.AOS.S2","PRIN.SS.20240229.FIL","A00000420205","2024-02-29T15:07Z","2024-02-29T15:07Z","Illinois State Water Survey Central Analytical Laboratory",358.0,0.01730,5,"2024-03-01","A",,
"2a845bde-35ed-44ae-8f72-7c47c3d0e20a","D11","PRIN","PRIN.AOS.S2","PRIN.SS.20240229.FIL","A00000420205","2024-02-29T15:07Z","2024-02-29T15:07Z","Illinois State Water Survey Central Analytical Laboratory",316.0,0.03386,5,"2024-03-01","A",,
"ce76cdcc-5b9c-44d8-ac0a-7e63928a176c","D11","PRIN","PRIN.AOS.S2","PRIN.SS.20240229.FIL","A00000420205","2024-02-29T15:07Z","2024-02-29T15:07Z","Illinois State Water Survey Central Analytical Laboratory",432.0,0.00542,5,"2024-03-01","B",,
"a2997239-95ab-46ff-9e4e-7bd3303efafa","D11","PRIN","PRIN.AOS.S2","PRIN.SS.20240229.FIL","A00000420205","2024-02-29T15:07Z","2024-02-29T15:07Z","Illinois State Water Survey Central Analytical Laboratory",530.0,0.00160,5,"2024-03-01","B",,
"d1e9636c-ce8a-4ec2-b5b3-8eea092de10a","D11","PRIN","PRIN.AOS.S2","PRIN.SS.20240229.FIL","A00000420205","2024-02-29T15:07Z","2024-02-29T15:07Z","Illinois State Water Survey Central Analytical Laboratory",404.0,0.00818,5,"2024-03-01","A",,
"6d3abae5-3fe4-48dd-b261-7ea7043a47ec","D11","PRIN","PRIN.AOS.S2","PRIN.SS.20240229.FIL","A00000420205","2024-02-29T15:07Z","2024-02-29T15:07Z","Illinois State Water Survey Central Analytical Laboratory",566.0,0.00106,5,"2024-03-01","A",,
"f15ea8be-e00a-44de-bdf4-6a47b0cf047d","D11","PRIN","PRIN.AOS.S2","PRIN.SS.20240229.FIL","A00000420205","2024-02-29T15:07Z","2024-02-29T15:07Z","Illinois State Water Survey Central Analytical Laboratory",534.0,0.00144,5,"2024-03-01","A",,
"15d7a868-87b6-4e99-87c2-0facaf90e1f3","D11","PRIN","PRIN.AOS.S2","PRIN.SS.20240229.FIL","A00000420205","2024-02-29T15:07Z","2024-02-29T15:07Z","Illinois State Water Survey Central Analytical Laboratory",502.0,0.00202,5,"2024-03-01","A",,
"acf4972b-f843-4ec1-898a-0b3783cb11cf","D11","PRIN","PRIN.AOS.S2","PRIN.SS.20240229.FIL","A00000420205","2024-02-29T15:07Z","2024-02-29T15:07Z","Illinois State Water Survey Central Analytical Laboratory",254.0,0.08040,5,"2024-03-01","A",,
"4c0a60e4-1586-4ce8-a0ad-494f8e4f48e2","D11","PRIN","PRIN.AOS.S2","PRIN.SS.20240229.FIL","A00000420205","2024-02-29T15:07Z","2024-02-29T15:07Z","Illinois State Water Survey Central Analytical Laboratory",412.0,0.00718,5,"2024-03-01","A",,
"356d7648-e9d3-413b-9640-f4c46cc1140a","D11","PRIN","PRIN.AOS.S2","PRIN.SS.20240229.FIL","A00000420205","2024-02-29T15:07Z","2024-02-29T15:07Z","Illinois State Water Survey Central Analytical Laboratory",236.0,0.10246,5,"2024-03-01","A",,
"9f545e33-32cc-45fd-a060-57bb8df1e238","D11","PRIN","PRIN.AOS.S2","PRIN.SS.20240229.FIL","A00000420205","2024-02-29T15:07Z","2024-02-29T15:07Z","Illinois State Water Survey Central Analytical Laboratory",428.0,0.00574,5,"2024-03-01","B",,
"064a6261-b9dd-483d-aba3-f6d47621a162","D11","PRIN","PRIN.AOS.S2","PRIN.SS.20240229.FIL","A00000420205","2024-02-29T15:07Z","2024-02-29T15:07Z","Illinois State Water Survey Central Analytical Laboratory",442.0,0.00454,5,"2024-03-01","A",,
"6c826204-0906-4637-877d-e1377c9b1f1d","D11","PRIN","PRIN.AOS.S2","PRIN.SS.20240229.FIL","A00000420205","2024-02-29T15:07Z","2024-02-29T15:07Z","Illinois State Water Survey Central Analytical Laboratory",238.0,0.09864,5,"2024-03-01","A",,
"dc216cac-3bf1-4bfd-aa8e-80da49eb66f6","D11","PRIN","PRIN.AOS.S2","PRIN.SS.20240229.FIL","A00000420205","2024-02-29T15:07Z","2024-02-29T15:07Z","Illinois State Water Survey Central Analytical Laboratory",508.0,0.00190,5,"2024-03-01","A",,
"b9271b9b-190f-4338-8db8-af657aa41b8e","D11","PRIN","PRIN.AOS.S2","PRIN.SS.20240229.FIL","A00000420205","2024-02-29T15:07Z","2024-02-29T15:07Z","Illinois State Water Survey Central Analytical Laboratory",320.0,0.03184,5,"2024-03-01","A",,
"dc00d5ad-b2a9-409f-870b-f25f39066ce7","D11","PRIN","PRIN.AOS.S2","PRIN.SS.20240229.FIL","A00000420205","2024-02-29T15:07Z","2024-02-29T15:07Z","Illinois State Water Survey Central Analytical Laboratory",512.0,0.00198,5,"2024-03-01","B",,
"6ab53420-2c56-4f45-a88f-9529cd9e18af","D11","PRIN","PRIN.AOS.S2","PRIN.SS.20240229.FIL","A00000420205","2024-02-29T15:07Z","2024-02-29T15:07Z","Illinois State Water Survey Central Analytical Laboratory",574.0,0.00114,5,"2024-03-01","B",,
"a996006c-a394-4db0-a87c-02a4a3f281fc","D11","PRIN","PRIN.AOS.S2","PRIN.SS.20240229.FIL","A00000420205","2024-02-29T15:07Z","2024-02-29T15:07Z","Illinois State Water Survey Central Analytical Laboratory",490.0,0.00236,5,"2024-03-01","A",,
"d935766f-1060-4886-8f4a-98708f0c2d69","D11","PRIN","PRIN.AOS.S2","PRIN.SS.20240229.FIL","A00000420205","2024-02-29T15:07Z","2024-02-29T15:07Z","Illinois State Water Survey Central Analytical Laboratory",476.0,0.00280,5,"2024-03-01","A",,
"24d3acd4-c20a-445a-bdd6-2c8a47d452b8","D11","PRIN","PRIN.AOS.S2","PRIN.SS.20240229.FIL","A00000420205","2024-02-29T15:07Z","2024-02-29T15:07Z","Illinois State Water Survey Central Analytical Laboratory",578.0,0.00096,5,"2024-03-01","A",,
"e9f74010-25c8-448d-900d-2bf13d67c0f7","D11","PRIN","PRIN.AOS.S2","PRIN.SS.20240229.FIL","A00000420205","2024-02-29T15:07Z","2024-02-29T15:07Z","Illinois State Water Survey Central Analytical Laboratory",330.0,0.02718,5,"2024-03-01","B",,
"4c3e46c0-6dcb-43c5-a210-de765b76020d","D11","PRIN","PRIN.AOS.S2","PRIN.SS.20240229.FIL","A00000420205","2024-02-29T15:07Z","2024-02-29T15:07Z","Illinois State Water Survey Central Analytical Laboratory",538.0,0.00134,5,"2024-03-01","A",,
"a0cbde07-ef63-4c76-9817-c027f4d53352","D11","PRIN","PRIN.AOS.S2","PRIN.SS.20240229.FIL","A00000420205","2024-02-29T15:07Z","2024-02-29T15:07Z","Illinois State Water Survey Central Analytical Laboratory",466.0,0.00330,5,"2024-03-01","B",,
"1810cc5b-2380-498d-aceb-804a06b59552","D11","PRIN","PRIN.AOS.S2","PRIN.SS.20240229.FIL","A00000420205","2024-02-29T15:07Z","2024-02-29T15:07Z","Illinois State Water Survey Central Analytical Laboratory",454.0,0.00384,5,"2024-03-01","A",,
"40a9a8b6-e606-450d-8bb1-c014838da85e","D11","PRIN","PRIN.AOS.S2","PRIN.SS.20240229.FIL","A00000420205","2024-02-29T15:07Z","2024-02-29T15:07Z","Illinois State Water Survey Central Analytical Laboratory",470.0,0.00314,5,"2024-03-01","B",,
"ca3560a6-eba7-44ad-a070-99bc0e9c2069","D11","PRIN","PRIN.AOS.S2","PRIN.SS.20240229.FIL","A00000420205","2024-02-29T15:07Z","2024-02-29T15:07Z","Illinois State Water Survey Central Analytical Laboratory",582.0,0.00086,5,"2024-03-01","A",,
"fda1e879-62c9-4336-b4e6-30b47119f95b","D11","PRIN","PRIN.AOS.S2","PRIN.SS.20240229.FIL","A00000420205","2024-02-29T15:07Z","2024-02-29T15:07Z","Illinois State Water Survey Central Analytical Laboratory",270.0,0.06874,5,"2024-03-01","A",,
"03ef9950-2066-42d3-ad91-54f3f8a20032","D11","PRIN","PRIN.AOS.S2","PRIN.SS.20240229.FIL","A00000420205","2024-02-29T15:07Z","2024-02-29T15:07Z","Illinois State Water Survey Central Analytical Laboratory",226.0,0.13266,5,"2024-03-01","B",,
"ebc036c8-185a-4a26-b1b2-e8c5e95d77ec","D11","PRIN","PRIN.AOS.S2","PRIN.SS.20240229.FIL","A00000420205","2024-02-29T15:07Z","2024-02-29T15:07Z","Illinois State Water Survey Central Analytical Laboratory",304.0,0.04084,5,"2024-03-01","A",,
"5c95cb18-e6a2-4938-a2ed-afcd9061809d","D11","PRIN","PRIN.AOS.S2","PRIN.SS.20240229.FIL","A00000420205","2024-02-29T15:07Z","2024-02-29T15:07Z","Illinois State Water Survey Central Analytical Laboratory",334.0,0.02528,5,"2024-03-01","A",,
"68de366c-442f-4b3f-97b3-e92fde90919b","D11","PRIN","PRIN.AOS.S2","PRIN.SS.20240229.FIL","A00000420205","2024-02-29T15:07Z","2024-02-29T15:07Z","Illinois State Water Survey Central Analytical Laboratory",506.0,0.00200,5,"2024-03-01","B",,
"ae86ab94-52b6-4433-913a-dbab65acf0da","D11","PRIN","PRIN.AOS.S2","PRIN.SS.20240229.FIL","A00000420205","2024-02-29T15:07Z","2024-02-29T15:07Z","Illinois State Water Survey Central Analytical Laboratory",294.0,0.04816,5,"2024-03-01","B",,
"078899c1-a83b-49d1-b8f2-f6f00c075a2f","D11","PRIN","PRIN.AOS.S2","PRIN.SS.20240229.FIL","A00000420205","2024-02-29T15:07Z","2024-02-29T15:07Z","Illinois State Water Survey Central Analytical Laboratory",372.0,0.01396,5,"2024-03-01","B",,
"ce59bd4d-2aa1-4d9c-9493-6dffa4c912f2","D11","PRIN","PRIN.AOS.S2","PRIN.SS.20240229.FIL","A00000420205","2024-02-29T15:07Z","2024-02-29T15:07Z","Illinois State Water Survey Central Analytical Laboratory",548.0,0.00126,5,"2024-03-01","A",,
"eb9afc71-ea16-4c22-a2e0-73e32122364b","D11","PRIN","PRIN.AOS.S2","PRIN.SS.20240229.FIL","A00000420205","2024-02-29T15:07Z","2024-02-29T15:07Z","Illinois State Water Survey Central Analytical Laboratory",598.0,0.00076,5,"2024-03-01","A",,
"b7a457ad-bdd4-423c-8f81-ae42363b66a8","D11","PRIN","PRIN.AOS.S2","PRIN.SS.20240229.FIL","A00000420205","2024-02-29T15:07Z","2024-02-29T15:07Z","Illinois State Water Survey Central Analytical Laboratory",276.0,0.06394,5,"2024-03-01","A",,
"c2337ec5-4ec6-4734-a594-ee572b094f3b","D11","PRIN","PRIN.AOS.S2","PRIN.SS.20240229.FIL","A00000420205","2024-02-29T15:07Z","2024-02-29T15:07Z","Illinois State Water Survey Central Analytical Laboratory",464.0,0.00342,5,"2024-03-01","B",,
"b694ed12-2b4f-435d-8943-471ce8258a65","D11","PRIN","PRIN.AOS.S2","PRIN.SS.20240229.FIL","A00000420205","2024-02-29T15:07Z","2024-02-29T15:07Z","Illinois State Water Survey Central Analytical Laboratory",576.0,0.00104,5,"2024-03-01","B",,
"55a0fe62-f2a1-4dac-b67b-2f320d1a5105","D11","PRIN","PRIN.AOS.S2","PRIN.SS.20240229.FIL","A00000420205","2024-02-29T15:07Z","2024-02-29T15:07Z","Illinois State Water Survey Central Analytical Laboratory",370.0,0.01444,5,"2024-03-01","B",,
"674b4679-5ea8-499f-99d2-a405b5e94cba","D11","PRIN","PRIN.AOS.S2","PRIN.SS.20240229.FIL","A00000420205","2024-02-29T15:07Z","2024-02-29T15:07Z","Illinois State Water Survey Central Analytical Laboratory",324.0,0.02980,5,"2024-03-01","A",,
"373ca018-d78a-4be1-92d6-466a6be78476","D11","PRIN","PRIN.AOS.S2","PRIN.SS.20240229.FIL","A00000420205","2024-02-29T15:07Z","2024-02-29T15:07Z","Illinois State Water Survey Central Analytical Laboratory",228.0,0.12478,5,"2024-03-01","B",,
"94b29ee3-cf14-4e46-89af-213ecfc7939a","D11","PRIN","PRIN.AOS.S2","PRIN.SS.20240229.FIL","A00000420205","2024-02-29T15:07Z","2024-02-29T15:07Z","Illinois State Water Survey Central Analytical Laboratory",266.0,0.07178,5,"2024-03-01","A",,
"484af3bc-eb62-4f82-9832-009abc7943b0","D11","PRIN","PRIN.AOS.S2","PRIN.SS.20240229.FIL","A00000420205","2024-02-29T15:07Z","2024-02-29T15:07Z","Illinois State Water Survey Central Analytical Laboratory",400.0,0.00888,5,"2024-03-01","B",,
"8dd74948-8696-4393-9663-5258eedb541a","D11","PRIN","PRIN.AOS.S2","PRIN.SS.20240229.FIL","A00000420205","2024-02-29T15:07Z","2024-02-29T15:07Z","Illinois State Water Survey Central Analytical Laboratory",448.0,0.00424,5,"2024-03-01","B",,
"3bbaa104-49f0-48f8-ac10-1e8876a49340","D11","PRIN","PRIN.AOS.S2","PRIN.SS.20240229.FIL","A00000420205","2024-02-29T15:07Z","2024-02-29T15:07Z","Illinois State Water Survey Central Analytical Laboratory",542.0,0.00138,5,"2024-03-01","A",,
"6f93a268-a142-44d1-93d5-8a8fdd4c5eb4","D11","PRIN","PRIN.AOS.S2","PRIN.SS.20240229.FIL","A00000420205","2024-02-29T15:07Z","2024-02-29T15:07Z","Illinois State Water Survey Central Analytical Laboratory",520.0,0.00182,5,"2024-03-01","B",,
"333e6642-3d86-4ae3-8f42-149aa5264244","D11","PRIN","PRIN.AOS.S2","PRIN.SS.20240229.FIL","A00000420205","2024-02-29T15:07Z","2024-02-29T15:07Z","Illinois State Water Survey Central Analytical Laboratory",302.0,0.04232,5,"2024-03-01","B",,
"e34e2a61-411f-448a-9b66-3a2bae7a03c0","D11","PRIN","PRIN.AOS.S2","PRIN.SS.20240229.FIL","A00000420205","2024-02-29T15:07Z","2024-02-29T15:07Z","Illinois State Water Survey Central Analytical Laboratory",376.0,0.01284,5,"2024-03-01","A",,
"01b6c4d6-936c-44e4-9f0e-bae08b904569","D11","PRIN","PRIN.AOS.S2","PRIN.SS.20240229.FIL","A00000420205","2024-02-29T15:07Z","2024-02-29T15:07Z","Illinois State Water Survey Central Analytical Laboratory",568.0,0.00114,5,"2024-03-01","B",,
"09e97d5d-5bbd-413c-a2b7-96782ed26fb9","D11","PRIN","PRIN.AOS.S2","PRIN.SS.20240229.FIL","A00000420205","2024-02-29T15:07Z","2024-02-29T15:07Z","Illinois State Water Survey Central Analytical Laboratory",560.0,0.00124,5,"2024-03-01","B",,
"6706fa3d-e3f9-431e-b436-25efe4382fe1","D11","PRIN","PRIN.AOS.S2","PRIN.SS.20240229.FIL","A00000420205","2024-02-29T15:07Z","2024-02-29T15:07Z","Illinois State Water Survey Central Analytical Laboratory",342.0,0.02244,5,"2024-03-01","B",,
"16ff1342-9e2d-4348-a408-ef9be19313c7","D11","PRIN","PRIN.AOS.S2","PRIN.SS.20240229.FIL","A00000420205","2024-02-29T15:07Z","2024-02-29T15:07Z","Illinois State Water Survey Central Analytical Laboratory",434.0,0.00524,5,"2024-03-01","B",,
"301c0752-1b7e-4bb5-ba4c-a36ba848ac74","D11","PRIN","PRIN.AOS.S2","PRIN.SS.20240229.FIL","A00000420205","2024-02-29T15:07Z","2024-02-29T15:07Z","Illinois State Water Survey Central Analytical Laboratory",388.0,0.01048,5,"2024-03-01","A",,
"97539f93-f142-435d-a10f-89754c0dc213","D11","PRIN","PRIN.AOS.S2","PRIN.SS.20240229.FIL","A00000420205","2024-02-29T15:07Z","2024-02-29T15:07Z","Illinois State Water Survey Central Analytical Laboratory",532.0,0.00146,5,"2024-03-01","A",,
"5c920765-30b9-410c-822d-363b52b0fe22","D11","PRIN","PRIN.AOS.S2","PRIN.SS.20240229.FIL","A00000420205","2024-02-29T15:07Z","2024-02-29T15:07Z","Illinois State Water Survey Central Analytical Laboratory",270.0,0.06896,5,"2024-03-01","B",,
"fcbfe348-6068-49be-8924-aa610048674e","D11","PRIN","PRIN.AOS.S2","PRIN.SS.20240229.FIL","A00000420205","2024-02-29T15:07Z","2024-02-29T15:07Z","Illinois State Water Survey Central Analytical Laboratory",496.0,0.00236,5,"2024-03-01","B",,
"a6c92182-fc20-4120-b1a1-c78b432a6dd4","D11","PRIN","PRIN.AOS.S2","PRIN.SS.20240229.FIL","A00000420205","2024-02-29T15:07Z","2024-02-29T15:07Z","Illinois State Water Survey Central Analytical Laboratory",356.0,0.01802,5,"2024-03-01","B",,
"f15f1a8f-e303-49a3-8606-1c6f6d2bfb93","D11","PRIN","PRIN.AOS.S2","PRIN.SS.20240229.FIL","A00000420205","2024-02-29T15:07Z","2024-02-29T15:07Z","Illinois State Water Survey Central Analytical Laboratory",290.0,0.05166,5,"2024-03-01","B",,
"950663e6-7765-43be-be00-c9d0f0af407e","D11","PRIN","PRIN.AOS.S2","PRIN.SS.20240229.FIL","A00000420205","2024-02-29T15:07Z","2024-02-29T15:07Z","Illinois State Water Survey Central Analytical Laboratory",350.0,0.01964,5,"2024-03-01","A",,
"a0e10aff-85ae-4684-b6da-cf042d4554bb","D11","PRIN","PRIN.AOS.S2","PRIN.SS.20240229.FIL","A00000420205","2024-02-29T15:07Z","2024-02-29T15:07Z","Illinois State Water Survey Central Analytical Laboratory",352.0,0.01906,5,"2024-03-01","A",,
"f6a868d2-2b34-4886-aec8-dc9d6a6fb96c","D11","PRIN","PRIN.AOS.S2","PRIN.SS.20240229.FIL","A00000420205","2024-02-29T15:07Z","2024-02-29T15:07Z","Illinois State Water Survey Central Analytical Laboratory",460.0,0.00360,5,"2024-03-01","B",,
"2927e3ca-4c5e-4fc4-9f29-872c91d819ef","D11","PRIN","PRIN.AOS.S2","PRIN.SS.20240229.FIL","A00000420205","2024-02-29T15:07Z","2024-02-29T15:07Z","Illinois State Water Survey Central Analytical Laboratory",518.0,0.00168,5,"2024-03-01","A",,
"04e5c85c-44b4-4004-800e-b063e2bf3d9d","D11","PRIN","PRIN.AOS.S2","PRIN.SS.20240229.FIL","A00000420205","2024-02-29T15:07Z","2024-02-29T15:07Z","Illinois State Water Survey Central Analytical Laboratory",256.0,0.07912,5,"2024-03-01","B",,
"12cd8044-1ce8-4817-bdd7-43371b0b4151","D11","PRIN","PRIN.AOS.S2","PRIN.SS.20240229.FIL","A00000420205","2024-02-29T15:07Z","2024-02-29T15:07Z","Illinois State Water Survey Central Analytical Laboratory",432.0,0.00528,5,"2024-03-01","A",,
"8f50f88d-b17e-4985-af00-b7cfce1d19e8","D11","PRIN","PRIN.AOS.S2","PRIN.SS.20240229.FIL","A00000420205","2024-02-29T15:07Z","2024-02-29T15:07Z","Illinois State Water Survey Central Analytical Laboratory",238.0,0.09894,5,"2024-03-01","B",,
"cf136790-4bdf-418a-8911-96acf46d5ba7","D11","PRIN","PRIN.AOS.S2","PRIN.SS.20240229.FIL","A00000420205","2024-02-29T15:07Z","2024-02-29T15:07Z","Illinois State Water Survey Central Analytical Laboratory",318.0,0.03298,5,"2024-03-01","B",,
"25b55d15-c153-4c82-8200-ac3a8bec42ea","D11","PRIN","PRIN.AOS.S2","PRIN.SS.20240229.FIL","A00000420205","2024-02-29T15:07Z","2024-02-29T15:07Z","Illinois State Water Survey Central Analytical Laboratory",358.0,0.01746,5,"2024-03-01","B",,
"b3f1d2aa-04cd-4e2c-9a1b-7ce420a228ef","D11","PRIN","PRIN.AOS.S2","PRIN.SS.20240229.FIL","A00000420205","2024-02-29T15:07Z","2024-02-29T15:07Z","Illinois State Water Survey Central Analytical Laboratory",536.0,0.00160,5,"2024-03-01","B",,
"af6890d8-865b-45f5-809d-88fde56263b5","D11","PRIN","PRIN.AOS.S2","PRIN.SS.20240229.FIL","A00000420205","2024-02-29T15:07Z","2024-02-29T15:07Z","Illinois State Water Survey Central Analytical Laboratory",228.0,0.12450,5,"2024-03-01","A",,
"de60058c-8a1f-42e9-8688-d5238b9f1ec7","D11","PRIN","PRIN.AOS.S2","PRIN.SS.20240229.FIL","A00000420205","2024-02-29T15:07Z","2024-02-29T15:07Z","Illinois State Water Survey Central Analytical Laboratory",256.0,0.07886,5,"2024-03-01","A",,
"e5af0bda-bea1-43fd-b5ac-d5be88d575eb","D11","PRIN","PRIN.AOS.S2","PRIN.SS.20240229.FIL","A00000420205","2024-02-29T15:07Z","2024-02-29T15:07Z","Illinois State Water Survey Central Analytical Laboratory",396.0,0.00924,5,"2024-03-01","A",,
"0b328d52-040b-4d11-a836-212f39dde2b5","D11","PRIN","PRIN.AOS.S2","PRIN.SS.20240229.FIL","A00000420205","2024-02-29T15:07Z","2024-02-29T15:07Z","Illinois State Water Survey Central Analytical Laboratory",384.0,0.01148,5,"2024-03-01","B",,
"cba99d90-3c73-44a4-b86e-a0aeeb91c7dc","D11","PRIN","PRIN.AOS.S2","PRIN.SS.20240229.FIL","A00000420205","2024-02-29T15:07Z","2024-02-29T15:07Z","Illinois State Water Survey Central Analytical Laboratory",234.0,0.10702,5,"2024-03-01","A",,
"b8660962-0aae-4e07-a55c-c4156aab6f40","D11","PRIN","PRIN.AOS.S2","PRIN.SS.20240229.FIL","A00000420205","2024-02-29T15:07Z","2024-02-29T15:07Z","Illinois State Water Survey Central Analytical Laboratory",500.0,0.00222,5,"2024-03-01","B",,
"c2d29af2-3ff3-42c8-b192-2d438a801f7e","D11","PRIN","PRIN.AOS.S2","PRIN.SS.20240229.FIL","A00000420205","2024-02-29T15:07Z","2024-02-29T15:07Z","Illinois State Water Survey Central Analytical Laboratory",298.0,0.04514,5,"2024-03-01","B",,
"cd733f71-40a3-4d01-8510-061892b756db","D11","PRIN","PRIN.AOS.S2","PRIN.SS.20240229.FIL","A00000420205","2024-02-29T15:07Z","2024-02-29T15:07Z","Illinois State Water Survey Central Analytical Laboratory",462.0,0.00348,5,"2024-03-01","B",,
"7403acbf-35f0-4adc-9028-ca58d2a0d663","D11","PRIN","PRIN.AOS.S2","PRIN.SS.20240229.FIL","A00000420205","2024-02-29T15:07Z","2024-02-29T15:07Z","Illinois State Water Survey Central Analytical Laboratory",314.0,0.03490,5,"2024-03-01","A",,
"9d78dea3-329d-4c9e-a3ad-2f352b971b06","D11","PRIN","PRIN.AOS.S2","PRIN.SS.20240229.FIL","A00000420205","2024-02-29T15:07Z","2024-02-29T15:07Z","Illinois State Water Survey Central Analytical Laboratory",592.0,0.00098,5,"2024-03-01","B",,
"1a54f860-5304-4d11-a78d-9dc8502553c4","D11","PRIN","PRIN.AOS.S2","PRIN.SS.20240229.FIL","A00000420205","2024-02-29T15:07Z","2024-02-29T15:07Z","Illinois State Water Survey Central Analytical Laboratory",362.0,0.01622,5,"2024-03-01","A",,
"a5f4a95f-a020-498e-896f-ed2c375d1cb3","D11","PRIN","PRIN.AOS.S2","PRIN.SS.20240229.FIL","A00000420205","2024-02-29T15:07Z","2024-02-29T15:07Z","Illinois State Water Survey Central Analytical Laboratory",554.0,0.00128,5,"2024-03-01","B",,
"8f006929-f467-48c3-bc2f-e416d9b06cf3","D11","PRIN","PRIN.AOS.S2","PRIN.SS.20240229.FIL","A00000420205","2024-02-29T15:07Z","2024-02-29T15:07Z","Illinois State Water Survey Central Analytical Laboratory",310.0,0.03732,5,"2024-03-01","B",,
"f89c562e-6fc8-44bf-9fc6-77edb3728c9b","D11","PRIN","PRIN.AOS.S2","PRIN.SS.20240229.FIL","A00000420205","2024-02-29T15:07Z","2024-02-29T15:07Z","Illinois State Water Survey Central Analytical Laboratory",580.0,0.00096,5,"2024-03-01","A",,
"edad1c93-9c3f-40d7-b07c-21292d07daf4","D11","PRIN","PRIN.AOS.S2","PRIN.SS.20240229.FIL","A00000420205","2024-02-29T15:07Z","2024-02-29T15:07Z","Illinois State Water Survey Central Analytical Laboratory",258.0,0.07762,5,"2024-03-01","B",,
"2346f573-a7e8-48ad-9d64-c88754b0beb6","D11","PRIN","PRIN.AOS.S2","PRIN.SS.20240229.FIL","A00000420205","2024-02-29T15:07Z","2024-02-29T15:07Z","Illinois State Water Survey Central Analytical Laboratory",518.0,0.00182,5,"2024-03-01","B",,
"aca6337a-331c-4a05-b6ed-ffaf0bd4baff","D11","PRIN","PRIN.AOS.S2","PRIN.SS.20240229.FIL","A00000420205","2024-02-29T15:07Z","2024-02-29T15:07Z","Illinois State Water Survey Central Analytical Laboratory",278.0,0.06230,5,"2024-03-01","A",,
"40b27910-2f98-459b-92a4-2fa89483648a","D11","PRIN","PRIN.AOS.S2","PRIN.SS.20240229.FIL","A00000420205","2024-02-29T15:07Z","2024-02-29T15:07Z","Illinois State Water Survey Central Analytical Laboratory",516.0,0.00176,5,"2024-03-01","A",,
"beee5024-7b77-451e-80eb-1f72c9af0c95","D11","PRIN","PRIN.AOS.S2","PRIN.SS.20240229.FIL","A00000420205","2024-02-29T15:07Z","2024-02-29T15:07Z","Illinois State Water Survey Central Analytical Laboratory",472.0,0.00302,5,"2024-03-01","B",,
"7efe6ae2-9bde-4680-979b-71a174c4bea8","D11","PRIN","PRIN.AOS.S2","PRIN.SS.20240229.FIL","A00000420205","2024-02-29T15:07Z","2024-02-29T15:07Z","Illinois State Water Survey Central Analytical Laboratory",336.0,0.02470,5,"2024-03-01","B",,
"fd1b3916-3cfd-4c70-81e6-9f8c5ee417f5","D11","PRIN","PRIN.AOS.S2","PRIN.SS.20240229.FIL","A00000420205","2024-02-29T15:07Z","2024-02-29T15:07Z","Illinois State Water Survey Central Analytical Laboratory",558.0,0.00112,5,"2024-03-01","A",,
"10b6b87f-d249-45a7-ba99-8657c4f4c73b","D11","PRIN","PRIN.AOS.S2","PRIN.SS.20240229.FIL","A00000420205","2024-02-29T15:07Z","2024-02-29T15:07Z","Illinois State Water Survey Central Analytical Laboratory",380.0,0.01222,5,"2024-03-01","B",,
"d2088bd8-91a3-4f83-ab6b-7ebf70035025","D11","PRIN","PRIN.AOS.S2","PRIN.SS.20240229.FIL","A00000420205","2024-02-29T15:07Z","2024-02-29T15:07Z","Illinois State Water Survey Central Analytical Laboratory",234.0,0.10730,5,"2024-03-01","B",,
"6d05b801-d6c1-4ff0-9df9-e31483ee0fc7","D11","PRIN","PRIN.AOS.S2","PRIN.SS.20240229.FIL","A00000420205","2024-02-29T15:07Z","2024-02-29T15:07Z","Illinois State Water Survey Central Analytical Laboratory",430.0,0.00554,5,"2024-03-01","B",,
"31b6ba81-1fad-4cc5-adb4-245e8c9eafb7","D11","PRIN","PRIN.AOS.S2","PRIN.SS.20240229.FIL","A00000420205","2024-02-29T15:07Z","2024-02-29T15:07Z","Illinois State Water Survey Central Analytical Laboratory",544.0,0.00130,5,"2024-03-01","A",,
"ebde00bd-809e-4d7d-9490-2623a785e835","D11","PRIN","PRIN.AOS.S2","PRIN.SS.20240229.FIL","A00000420205","2024-02-29T15:07Z","2024-02-29T15:07Z","Illinois State Water Survey Central Analytical Laboratory",378.0,0.01260,5,"2024-03-01","B",,
"5041b057-fe18-40fb-bdb6-9fa28aac3905","D11","PRIN","PRIN.AOS.S2","PRIN.SS.20240229.FIL","A00000420205","2024-02-29T15:07Z","2024-02-29T15:07Z","Illinois State Water Survey Central Analytical Laboratory",464.0,0.00336,5,"2024-03-01","A",,
"1195b99c-1394-45d3-8702-c2cc28b82469","D11","PRIN","PRIN.AOS.S2","PRIN.SS.20240229.FIL","A00000420205","2024-02-29T15:07Z","2024-02-29T15:07Z","Illinois State Water Survey Central Analytical Laboratory",542.0,0.00150,5,"2024-03-01","B",,
"0f969cd3-d80d-4044-830c-022baeb8c151","D11","PRIN","PRIN.AOS.S2","PRIN.SS.20240229.FIL","A00000420205","2024-02-29T15:07Z","2024-02-29T15:07Z","Illinois State Water Survey Central Analytical Laboratory",492.0,0.00242,5,"2024-03-01","B",,
"d46c3b02-fe7e-47d2-a3c2-2e503a5a9d19","D11","PRIN","PRIN.AOS.S2","PRIN.SS.20240229.FIL","A00000420205","2024-02-29T15:07Z","2024-02-29T15:07Z","Illinois State Water Survey Central Analytical Laboratory",528.0,0.00172,5,"2024-03-01","B",,
"3dadc1e8-b9b9-4b9b-ac4d-afae6ebd655f","D11","PRIN","PRIN.AOS.S2","PRIN.SS.20240229.FIL","A00000420205","2024-02-29T15:07Z","2024-02-29T15:07Z","Illinois State Water Survey Central Analytical Laboratory",480.0,0.00268,5,"2024-03-01","A",,
"65533999-3a9c-49c4-bace-22f8e5e48a38","D11","PRIN","PRIN.AOS.S2","PRIN.SS.20240229.FIL","A00000420205","2024-02-29T15:07Z","2024-02-29T15:07Z","Illinois State Water Survey Central Analytical Laboratory",570.0,0.00110,5,"2024-03-01","B",,
"04c1e33d-1109-4011-a44e-31f0738b4fc5","D11","PRIN","PRIN.AOS.S2","PRIN.SS.20240229.FIL","A00000420205","2024-02-29T15:07Z","2024-02-29T15:07Z","Illinois State Water Survey Central Analytical Laboratory",402.0,0.00842,5,"2024-03-01","A",,
"4dac4766-6881-4c8b-8904-2ec155e01f89","D11","PRIN","PRIN.AOS.S2","PRIN.SS.20240229.FIL","A00000420205","2024-02-29T15:07Z","2024-02-29T15:07Z","Illinois State Water Survey Central Analytical Laboratory",556.0,0.00116,5,"2024-03-01","A",,
"657557b8-7715-4951-84c0-c71570547a72","D11","PRIN","PRIN.AOS.S2","PRIN.SS.20240229.FIL","A00000420205","2024-02-29T15:07Z","2024-02-29T15:07Z","Illinois State Water Survey Central Analytical Laboratory",586.0,0.00106,5,"2024-03-01","B",,
"88830f5a-c2ff-4b35-b967-be0a854e16c6","D11","PRIN","PRIN.AOS.S2","PRIN.SS.20240229.FIL","A00000420205","2024-02-29T15:07Z","2024-02-29T15:07Z","Illinois State Water Survey Central Analytical Laboratory",316.0,0.03402,5,"2024-03-01","B",,
"e206f4a2-1dcf-40c6-b183-bab0bd5bf64e","D11","PRIN","PRIN.AOS.S2","PRIN.SS.20240229.FIL","A00000420205","2024-02-29T15:07Z","2024-02-29T15:07Z","Illinois State Water Survey Central Analytical Laboratory",434.0,0.00514,5,"2024-03-01","A",,
"2e1d3fef-ef5c-4a3d-bb2e-e41e1e46bb13","D11","PRIN","PRIN.AOS.S2","PRIN.SS.20240229.FIL","A00000420205","2024-02-29T15:07Z","2024-02-29T15:07Z","Illinois State Water Survey Central Analytical Laboratory",600.0,0.00090,5,"2024-03-01","B",,
"f90925aa-8758-4ca6-9d68-74cd17da5441","D11","PRIN","PRIN.AOS.S2","PRIN.SS.20240229.FIL","A00000420205","2024-02-29T15:07Z","2024-02-29T15:07Z","Illinois State Water Survey Central Analytical Laboratory",410.0,0.00760,5,"2024-03-01","B",,
"d7c8238f-7bc3-42a2-bb60-51e3e1752d8e","D11","PRIN","PRIN.AOS.S2","PRIN.SS.20240229.FIL","A00000420205","2024-02-29T15:07Z","2024-02-29T15:07Z","Illinois State Water Survey Central Analytical Laboratory",580.0,0.00110,5,"2024-03-01","B",,
"2884f283-042e-440d-9601-e26e29ec2cff","D11","PRIN","PRIN.AOS.S2","PRIN.SS.20240229.FIL","A00000420205","2024-02-29T15:07Z","2024-02-29T15:07Z","Illinois State Water Survey Central Analytical Laboratory",550.0,0.00134,5,"2024-03-01","B",,
"ac6f551e-76d8-4396-b312-8fe3baa4c936","D11","PRIN","PRIN.AOS.S2","PRIN.SS.20240229.FIL","A00000420205","2024-02-29T15:07Z","2024-02-29T15:07Z","Illinois State Water Survey Central Analytical Laboratory",598.0,0.00090,5,"2024-03-01","B",,
"cca986f2-1206-4ddc-add6-5271705d6a40","D11","PRIN","PRIN.AOS.S2","PRIN.SS.20240229.FIL","A00000420205","2024-02-29T15:07Z","2024-02-29T15:07Z","Illinois State Water Survey Central Analytical Laboratory",572.0,0.00108,5,"2024-03-01","B",,
"37e46e57-2260-48f5-ada2-815959e4020c","D11","PRIN","PRIN.AOS.S2","PRIN.SS.20240229.FIL","A00000420205","2024-02-29T15:07Z","2024-02-29T15:07Z","Illinois State Water Survey Central Analytical Laboratory",488.0,0.00246,5,"2024-03-01","B",,
"a3d793f3-b37b-46c2-a8f9-773640579443","D11","PRIN","PRIN.AOS.S2","PRIN.SS.20240229.FIL","A00000420205","2024-02-29T15:07Z","2024-02-29T15:07Z","Illinois State Water Survey Central Analytical Laboratory",532.0,0.00160,5,"2024-03-01","B",,
"0d91577a-b44f-4775-922d-4336e6db47f0","D11","PRIN","PRIN.AOS.S2","PRIN.SS.20240229.FIL","A00000420205","2024-02-29T15:07Z","2024-02-29T15:07Z","Illinois State Water Survey Central Analytical Laboratory",288.0,0.05340,5,"2024-03-01","A",,
"1c445b50-ac38-434c-9c2a-e774f5e4b2a7","D11","PRIN","PRIN.AOS.S2","PRIN.SS.20240229.FIL","A00000420205","2024-02-29T15:07Z","2024-02-29T15:07Z","Illinois State Water Survey Central Analytical Laboratory",418.0,0.00654,5,"2024-03-01","A",,
"1be3b55f-4b14-467b-b856-56ef8e7e33b2","D11","PRIN","PRIN.AOS.S2","PRIN.SS.20240229.FIL","A00000420205","2024-02-29T15:07Z","2024-02-29T15:07Z","Illinois State Water Survey Central Analytical Laboratory",552.0,0.00120,5,"2024-03-01","A",,
"612710f7-12a3-4d9d-9277-ef0b734d793d","D11","PRIN","PRIN.AOS.S2","PRIN.SS.20240229.FIL","A00000420205","2024-02-29T15:07Z","2024-02-29T15:07Z","Illinois State Water Survey Central Analytical Laboratory",246.0,0.08750,5,"2024-03-01","B",,
"1ccf7892-6e3e-4178-936a-228633c94e84","D11","PRIN","PRIN.AOS.S2","PRIN.SS.20240229.FIL","A00000420205","2024-02-29T15:07Z","2024-02-29T15:07Z","Illinois State Water Survey Central Analytical Laboratory",562.0,0.00108,5,"2024-03-01","A",,
"d5999cd6-f993-40fb-9bd2-fa133a7a28ff","D11","PRIN","PRIN.AOS.S2","PRIN.SS.20240229.FIL","A00000420205","2024-02-29T15:07Z","2024-02-29T15:07Z","Illinois State Water Survey Central Analytical Laboratory",468.0,0.00324,5,"2024-03-01","B",,
"3958921d-4144-43ca-a748-03c574c9192a","D11","PRIN","PRIN.AOS.S2","PRIN.SS.20240229.FIL","A00000420205","2024-02-29T15:07Z","2024-02-29T15:07Z","Illinois State Water Survey Central Analytical Laboratory",482.0,0.00260,5,"2024-03-01","A",,
"33ee49ca-ff30-4af5-9777-933279bff1de","D11","PRIN","PRIN.AOS.S2","PRIN.SS.20240229.FIL","A00000420205","2024-02-29T15:07Z","2024-02-29T15:07Z","Illinois State Water Survey Central Analytical Laboratory",576.0,0.00092,5,"2024-03-01","A",,
"059778fe-ef13-470d-bb34-1b483524b89a","D11","PRIN","PRIN.AOS.S2","PRIN.SS.20240229.FIL","A00000420205","2024-02-29T15:07Z","2024-02-29T15:07Z","Illinois State Water Survey Central Analytical Laboratory",264.0,0.07348,5,"2024-03-01","B",,
"6a4e7c5f-2d9c-4d50-984d-1dd70bf57f25","D11","PRIN","PRIN.AOS.S2","PRIN.SS.20240229.FIL","A00000420205","2024-02-29T15:07Z","2024-02-29T15:07Z","Illinois State Water Survey Central Analytical Laboratory",500.0,0.00210,5,"2024-03-01","A",,
"5178bde2-d100-47ee-b9ae-0846728f1815","D11","PRIN","PRIN.AOS.S2","PRIN.SS.20240229.FIL","A00000420205","2024-02-29T15:07Z","2024-02-29T15:07Z","Illinois State Water Survey Central Analytical Laboratory",418.0,0.00668,5,"2024-03-01","B",,
"1dc9f79b-acb9-4b8a-bc20-ead154375b19","D11","PRIN","PRIN.AOS.S2","PRIN.SS.20240229.FIL","A00000420205","2024-02-29T15:07Z","2024-02-29T15:07Z","Illinois State Water Survey Central Analytical Laboratory",312.0,0.03622,5,"2024-03-01","B",,
"b66e64da-c0c3-436f-b60c-13fa9e86f142","D11","PRIN","PRIN.AOS.S2","PRIN.SS.20240229.FIL","A00000420205","2024-02-29T15:07Z","2024-02-29T15:07Z","Illinois State Water Survey Central Analytical Laboratory",446.0,0.00430,5,"2024-03-01","A",,
"38d16386-667a-44ed-b703-ac5e4c455742","D11","PRIN","PRIN.AOS.S2","PRIN.SS.20240229.FIL","A00000420205","2024-02-29T15:07Z","2024-02-29T15:07Z","Illinois State Water Survey Central Analytical Laboratory",474.0,0.00298,5,"2024-03-01","B",,
"47cdc3cb-ab1f-4749-922e-85542d4b7f56","D11","PRIN","PRIN.AOS.S2","PRIN.SS.20240229.FIL","A00000420205","2024-02-29T15:07Z","2024-02-29T15:07Z","Illinois State Water Survey Central Analytical Laboratory",426.0,0.00590,5,"2024-03-01","B",,
"c638ea3a-4d8a-4497-8ce0-95b0f7c382af","D11","PRIN","PRIN.AOS.S2","PRIN.SS.20240229.FIL","A00000420205","2024-02-29T15:07Z","2024-02-29T15:07Z","Illinois State Water Survey Central Analytical Laboratory",448.0,0.00416,5,"2024-03-01","A",,
"9cc08fb4-87b3-4e92-ace0-4c4363482a1e","D11","PRIN","PRIN.AOS.S2","PRIN.SS.20240229.FIL","A00000420205","2024-02-29T15:07Z","2024-02-29T15:07Z","Illinois State Water Survey Central Analytical Laboratory",412.0,0.00734,5,"2024-03-01","B",,
"ac673666-7da3-4596-b7a1-8a59850deb97","D11","PRIN","PRIN.AOS.S2","PRIN.SS.20240229.FIL","A00000420205","2024-02-29T15:07Z","2024-02-29T15:07Z","Illinois State Water Survey Central Analytical Laboratory",552.0,0.00132,5,"2024-03-01","B",,
"515f753d-3d10-4156-bd95-061f4e0e959f","D11","PRIN","PRIN.AOS.S2","PRIN.SS.20240229.FIL","A00000420205","2024-02-29T15:07Z","2024-02-29T15:07Z","Illinois State Water Survey Central Analytical Laboratory",344.0,0.02164,5,"2024-03-01","A",,
"6b56dac9-cdbe-49b0-8f76-9f5614ba4d90","D11","PRIN","PRIN.AOS.S2","PRIN.SS.20240229.FIL","A00000420205","2024-02-29T15:07Z","2024-02-29T15:07Z","Illinois State Water Survey Central Analytical Laboratory",250.0,0.08358,5,"2024-03-01","A",,
"baab55f9-7de9-4636-87d4-08e2000ed5b5","D11","PRIN","PRIN.AOS.S2","PRIN.SS.20240229.FIL","A00000420205","2024-02-29T15:07Z","2024-02-29T15:07Z","Illinois State Water Survey Central Analytical Laboratory",244.0,0.09006,5,"2024-03-01","B",,
"ad181b73-6a27-4f4b-addb-f0c25d51e7f6","D11","PRIN","PRIN.AOS.S2","PRIN.SS.20240229.FIL","A00000420205","2024-02-29T15:07Z","2024-02-29T15:07Z","Illinois State Water Survey Central Analytical Laboratory",508.0,0.00204,5,"2024-03-01","B",,
"139b3e04-5b51-4eb6-9c43-d3b3a47bb858","D11","PRIN","PRIN.AOS.S2","PRIN.SS.20240229.FIL","A00000420205","2024-02-29T15:07Z","2024-02-29T15:07Z","Illinois State Water Survey Central Analytical Laboratory",298.0,0.04496,5,"2024-03-01","A",,
"3f23db26-aa53-4ed3-9808-bfc5522501de","D11","PRIN","PRIN.AOS.S2","PRIN.SS.20240229.FIL","A00000420205","2024-02-29T15:07Z","2024-02-29T15:07Z","Illinois State Water Survey Central Analytical Laboratory",436.0,0.00498,5,"2024-03-01","A",,
"8fdab24a-f60a-4e8a-a0a7-987cab773839","D11","PRIN","PRIN.AOS.S2","PRIN.SS.20240229.FIL","A00000420205","2024-02-29T15:07Z","2024-02-29T15:07Z","Illinois State Water Survey Central Analytical Laboratory",470.0,0.00306,5,"2024-03-01","A",,
"08b69d18-7701-40ab-938b-d0d6d853185d","D11","PRIN","PRIN.AOS.S2","PRIN.SS.20240229.FIL","A00000420205","2024-02-29T15:07Z","2024-02-29T15:07Z","Illinois State Water Survey Central Analytical Laboratory",456.0,0.00378,5,"2024-03-01","B",,
"3548f3ba-852c-4f19-b2d6-8cdad18afc51","D11","PRIN","PRIN.AOS.S2","PRIN.SS.20240229.FIL","A00000420205","2024-02-29T15:07Z","2024-02-29T15:07Z","Illinois State Water Survey Central Analytical Laboratory",382.0,0.01184,5,"2024-03-01","B",,
"16b258b5-77c6-4553-aaf8-a8fcea5416ca","D11","PRIN","PRIN.AOS.S2","PRIN.SS.20240229.FIL","A00000420205","2024-02-29T15:07Z","2024-02-29T15:07Z","Illinois State Water Survey Central Analytical Laboratory",520.0,0.00166,5,"2024-03-01","A",,
"1f3b6b99-b93e-434d-82d6-4e2d044ae0d0","D11","PRIN","PRIN.AOS.S2","PRIN.SS.20240229.FIL","A00000420205","2024-02-29T15:07Z","2024-02-29T15:07Z","Illinois State Water Survey Central Analytical Laboratory",516.0,0.00190,5,"2024-03-01","B",,
"c513ee2f-1dc1-46c9-98c5-977f4a047842","D11","PRIN","PRIN.AOS.S2","PRIN.SS.20240229.FIL","A00000420205","2024-02-29T15:07Z","2024-02-29T15:07Z","Illinois State Water Survey Central Analytical Laboratory",392.0,0.00982,5,"2024-03-01","A",,
"892e2e3b-2eca-4861-b6b0-06a45b987826","D11","PRIN","PRIN.AOS.S2","PRIN.SS.20240229.FIL","A00000420205","2024-02-29T15:07Z","2024-02-29T15:07Z","Illinois State Water Survey Central Analytical Laboratory",422.0,0.00614,5,"2024-03-01","A",,
"30aec5ff-dfc0-4ad6-9497-b7f5e1facf6c","D11","PRIN","PRIN.AOS.S2","PRIN.SS.20240229.FIL","A00000420205","2024-02-29T15:07Z","2024-02-29T15:07Z","Illinois State Water Survey Central Analytical Laboratory",294.0,0.04798,5,"2024-03-01","A",,
"8d28dd8b-98ba-4481-bf1f-db4e8e7d7db5","D11","PRIN","PRIN.AOS.S2","PRIN.SS.20240229.FIL","A00000420205","2024-02-29T15:07Z","2024-02-29T15:07Z","Illinois State Water Survey Central Analytical Laboratory",300.0,0.04372,5,"2024-03-01","B",,
