uid,domainID,siteID,namedLocation,sampleID,sampleCode,startDate,collectDate,laboratoryName,wavelength,decadicAbsorbance,cuvetteLength,analysisDate,spectrumReplicateID,remarks,dataQF
"e6192e2e-ab8b-4148-8173-e161b56e187e","D16","MCRA","MCRA.AOS.S2","MCRA.SS.20241203.FIL","A00000447332","2024-12-03T19:30Z","2024-12-03T19:30Z","Illinois State Water Survey Central Analytical Laboratory",456.0,0.00132,5,"2024-12-05","A",,
"28f191fd-48dd-4ba9-9900-792ed6485cc2","D16","MCRA","MCRA.AOS.S2","MCRA.SS.20241203.FIL","A00000447332","2024-12-03T19:30Z","2024-12-03T19:30Z","Illinois State Water Survey Central Analytical Laboratory",508.0,0.00072,5,"2024-12-05","B",,
"8d315973-cfb9-4af6-88a4-247c5ce52f78","D16","MCRA","MCRA.AOS.S2","MCRA.SS.20241203.FIL","A00000447332","2024-12-03T19:30Z","2024-12-03T19:30Z","Illinois State Water Survey Central Analytical Laboratory",406.0,0.00156,5,"2024-12-05","B",,
"46a4090c-c5b6-4c5e-8e14-5e8076e8efaf","D16","MCRA","MCRA.AOS.S2","MCRA.SS.20241203.FIL","A00000447332","2024-12-03T19:30Z","2024-12-03T19:30Z","Illinois State Water Survey Central Analytical Laboratory",526.0,0.00108,5,"2024-12-05","A",,
"b46ded00-db79-4a34-831c-3ae1fb57b018","D16","MCRA","MCRA.AOS.S2","MCRA.SS.20241203.FIL","A00000447332","2024-12-03T19:30Z","2024-12-03T19:30Z","Illinois State Water Survey Central Analytical Laboratory",528.0,0.00066,5,"2024-12-05","B",,
"dbff3e08-28a3-4eb7-90e0-0f6d07abb4b2","D16","MCRA","MCRA.AOS.S2","MCRA.SS.20241203.FIL","A00000447332","2024-12-03T19:30Z","2024-12-03T19:30Z","Illinois State Water Survey Central Analytical Laboratory",362.0,0.00292,5,"2024-12-05","B",,
"ec2e0ad0-424d-4097-aa38-658983634b8d","D16","MCRA","MCRA.AOS.S2","MCRA.SS.20241203.FIL","A00000447332","2024-12-03T19:30Z","2024-12-03T19:30Z","Illinois State Water Survey Central Analytical Laboratory",386.0,0.00200,5,"2024-12-05","B",,
"7a66ab6a-9b45-49fd-ad38-e1417dc5a53a","D16","MCRA","MCRA.AOS.S2","MCRA.SS.20241203.FIL","A00000447332","2024-12-03T19:30Z","2024-12-03T19:30Z","Illinois State Water Survey Central Analytical Laboratory",280.0,0.01038,5,"2024-12-05","B",,
"717fa3df-0d13-490f-96ed-7b3b4b897171","D16","MCRA","MCRA.AOS.S2","MCRA.SS.20241203.FIL","A00000447332","2024-12-03T19:30Z","2024-12-03T19:30Z","Illinois State Water Survey Central Analytical Laboratory",282.0,0.01024,5,"2024-12-05","A",,
"87368cb8-30a8-4c82-a426-f52bca9574c2","D16","MCRA","MCRA.AOS.S2","MCRA.SS.20241203.FIL","A00000447332","2024-12-03T19:30Z","2024-12-03T19:30Z","Illinois State Water Survey Central Analytical Laboratory",344.0,0.00422,5,"2024-12-05","A",,
"c9cf1ce6-ab42-4cad-9b59-2cdebec986df","D16","MCRA","MCRA.AOS.S2","MCRA.SS.20241203.FIL","A00000447332","2024-12-03T19:30Z","2024-12-03T19:30Z","Illinois State Water Survey Central Analytical Laboratory",518.0,0.00068,5,"2024-12-05","B",,
"c6936465-f163-49d0-a6d2-0f938fb6bd4d","D16","MCRA","MCRA.AOS.S2","MCRA.SS.20241203.FIL","A00000447332","2024-12-03T19:30Z","2024-12-03T19:30Z","Illinois State Water Survey Central Analytical Laboratory",374.0,0.00284,5,"2024-12-05","A",,
"ba117465-d3a6-4e16-9872-b1af108139d0","D16","MCRA","MCRA.AOS.S2","MCRA.SS.20241203.FIL","A00000447332","2024-12-03T19:30Z","2024-12-03T19:30Z","Illinois State Water Survey Central Analytical Laboratory",252.0,0.01374,5,"2024-12-05","B",,
"b7165fab-67da-4eb7-afb7-276e3cfdf466","D16","MCRA","MCRA.AOS.S2","MCRA.SS.20241203.FIL","A00000447332","2024-12-03T19:30Z","2024-12-03T19:30Z","Illinois State Water Survey Central Analytical Laboratory",476.0,0.00126,5,"2024-12-05","A",,
"2710eff2-cace-4875-a65d-12d4f94b2c6d","D16","MCRA","MCRA.AOS.S2","MCRA.SS.20241203.FIL","A00000447332","2024-12-03T19:30Z","2024-12-03T19:30Z","Illinois State Water Survey Central Analytical Laboratory",222.0,0.02566,5,"2024-12-05","B",,
"997b83f2-ae0c-40cb-894e-da6119927ea8","D16","MCRA","MCRA.AOS.S2","MCRA.SS.20241203.FIL","A00000447332","2024-12-03T19:30Z","2024-12-03T19:30Z","Illinois State Water Survey Central Analytical Laboratory",354.0,0.00368,5,"2024-12-05","A",,
"a31ea148-0f4b-4b68-9443-6a2be215daff","D16","MCRA","MCRA.AOS.S2","MCRA.SS.20241203.FIL","A00000447332","2024-12-03T19:30Z","2024-12-03T19:30Z","Illinois State Water Survey Central Analytical Laboratory",514.0,0.00068,5,"2024-12-05","B",,
"7a52d4b9-89b8-4a30-860f-a4d1654da736","D16","MCRA","MCRA.AOS.S2","MCRA.SS.20241203.FIL","A00000447332","2024-12-03T19:30Z","2024-12-03T19:30Z","Illinois State Water Survey Central Analytical Laboratory",378.0,0.00272,5,"2024-12-05","A",,
"98603a37-bb3b-4c5f-854a-ea55d55f9fcf","D16","MCRA","MCRA.AOS.S2","MCRA.SS.20241203.FIL","A00000447332","2024-12-03T19:30Z","2024-12-03T19:30Z","Illinois State Water Survey Central Analytical Laboratory",288.0,0.00932,5,"2024-12-05","B",,
"91d96f7a-f96d-4566-a8c8-e98432b81772","D16","MCRA","MCRA.AOS.S2","MCRA.SS.20241203.FIL","A00000447332","2024-12-03T19:30Z","2024-12-03T19:30Z","Illinois State Water Survey Central Analytical Laboratory",542.0,0.00096,5,"2024-12-05","A",,
"f98e3d2f-09c6-4706-bd9f-d7c631b14770","D16","MCRA","MCRA.AOS.S2","MCRA.SS.20241203.FIL","A00000447332","2024-12-03T19:30Z","2024-12-03T19:30Z","Illinois State Water Survey Central Analytical Laboratory",334.0,0.00494,5,"2024-12-05","A",,
"0cb8dbcd-1559-45a7-b57c-39a79dd5fc21","D16","MCRA","MCRA.AOS.S2","MCRA.SS.20241203.FIL","A00000447332","2024-12-03T19:30Z","2024-12-03T19:30Z","Illinois State Water Survey Central Analytical Laboratory",596.0,0.00066,5,"2024-12-05","B",,
"ac2ea3e0-3745-4dbc-a2f4-c4ee7e685494","D16","MCRA","MCRA.AOS.S2","MCRA.SS.20241203.FIL","A00000447332","2024-12-03T19:30Z","2024-12-03T19:30Z","Illinois State Water Survey Central Analytical Laboratory",516.0,0.00070,5,"2024-12-05","B",,
"87512e7f-d0a7-41df-b129-224680f0be85","D16","MCRA","MCRA.AOS.S2","MCRA.SS.20241203.FIL","A00000447332","2024-12-03T19:30Z","2024-12-03T19:30Z","Illinois State Water Survey Central Analytical Laboratory",434.0,0.00144,5,"2024-12-05","A",,
"39513913-246b-4485-ae6b-de6311495cdf","D16","MCRA","MCRA.AOS.S2","MCRA.SS.20241203.FIL","A00000447332","2024-12-03T19:30Z","2024-12-03T19:30Z","Illinois State Water Survey Central Analytical Laboratory",600.0,0.00072,5,"2024-12-05","B",,
"1ffb71d8-d954-4583-9461-5f7e49461fd1","D16","MCRA","MCRA.AOS.S2","MCRA.SS.20241203.FIL","A00000447332","2024-12-03T19:30Z","2024-12-03T19:30Z","Illinois State Water Survey Central Analytical Laboratory",578.0,0.00076,5,"2024-12-05","A",,
"a0e13e80-7f32-49ae-a1e1-ca978bc47713","D16","MCRA","MCRA.AOS.S2","MCRA.SS.20241203.FIL","A00000447332","2024-12-03T19:30Z","2024-12-03T19:30Z","Illinois State Water Survey Central Analytical Laboratory",244.0,0.01518,5,"2024-12-05","B",,
"9118b2f4-6ead-4cd7-a853-4cc64b5ff25e","D16","MCRA","MCRA.AOS.S2","MCRA.SS.20241203.FIL","A00000447332","2024-12-03T19:30Z","2024-12-03T19:30Z","Illinois State Water Survey Central Analytical Laboratory",438.0,0.00108,5,"2024-12-05","B",,
"754642ed-7df5-4656-89b6-73b53cf39665","D16","MCRA","MCRA.AOS.S2","MCRA.SS.20241203.FIL","A00000447332","2024-12-03T19:30Z","2024-12-03T19:30Z","Illinois State Water Survey Central Analytical Laboratory",316.0,0.00610,5,"2024-12-05","B",,
"cec38c1c-3513-4419-91a3-88d0814ffed7","D16","MCRA","MCRA.AOS.S2","MCRA.SS.20241203.FIL","A00000447332","2024-12-03T19:30Z","2024-12-03T19:30Z","Illinois State Water Survey Central Analytical Laboratory",390.0,0.00220,5,"2024-12-05","A",,
"47c9c6ee-3f70-4af9-b4a9-9ffbb6676e05","D16","MCRA","MCRA.AOS.S2","MCRA.SS.20241203.FIL","A00000447332","2024-12-03T19:30Z","2024-12-03T19:30Z","Illinois State Water Survey Central Analytical Laboratory",562.0,0.00086,5,"2024-12-05","A",,
"d9fe3226-0658-4855-89b1-bf8f10cebaad","D16","MCRA","MCRA.AOS.S2","MCRA.SS.20241203.FIL","A00000447332","2024-12-03T19:30Z","2024-12-03T19:30Z","Illinois State Water Survey Central Analytical Laboratory",490.0,0.00072,5,"2024-12-05","B",,
"2e6e9259-079a-4909-a3a1-a5ef5f1e72c0","D16","MCRA","MCRA.AOS.S2","MCRA.SS.20241203.FIL","A00000447332","2024-12-03T19:30Z","2024-12-03T19:30Z","Illinois State Water Survey Central Analytical Laboratory",276.0,0.01096,5,"2024-12-05","A",,
"07da4b2a-5df0-4f1d-a760-f9b09ba17ce8","D16","MCRA","MCRA.AOS.S2","MCRA.SS.20241203.FIL","A00000447332","2024-12-03T19:30Z","2024-12-03T19:30Z","Illinois State Water Survey Central Analytical Laboratory",594.0,0.00078,5,"2024-12-05","A",,
"c83c7cfd-39d8-4ca8-b370-740e05954089","D16","MCRA","MCRA.AOS.S2","MCRA.SS.20241203.FIL","A00000447332","2024-12-03T19:30Z","2024-12-03T19:30Z","Illinois State Water Survey Central Analytical Laboratory",400.0,0.00196,5,"2024-12-05","A",,
"ad6f3177-944b-4f0c-ba85-c86a55d25aa1","D16","MCRA","MCRA.AOS.S2","MCRA.SS.20241203.FIL","A00000447332","2024-12-03T19:30Z","2024-12-03T19:30Z","Illinois State Water Survey Central Analytical Laboratory",468.0,0.00084,5,"2024-12-05","B",,
"eaf4268f-42e3-4c3d-8c88-93d763bb56d6","D16","MCRA","MCRA.AOS.S2","MCRA.SS.20241203.FIL","A00000447332","2024-12-03T19:30Z","2024-12-03T19:30Z","Illinois State Water Survey Central Analytical Laboratory",360.0,0.00340,5,"2024-12-05","A",,
"b3a4e592-cba5-4eea-9f34-bb54e8bd399c","D16","MCRA","MCRA.AOS.S2","MCRA.SS.20241203.FIL","A00000447332","2024-12-03T19:30Z","2024-12-03T19:30Z","Illinois State Water Survey Central Analytical Laboratory",290.0,0.00920,5,"2024-12-05","A",,
"9a0ee5b5-36bb-4281-9a18-2a84b9fb2515","D16","MCRA","MCRA.AOS.S2","MCRA.SS.20241203.FIL","A00000447332","2024-12-03T19:30Z","2024-12-03T19:30Z","Illinois State Water Survey Central Analytical Laboratory",314.0,0.00628,5,"2024-12-05","B",,
"b10ed1ff-2187-487b-ab31-8a86e5df7411","D16","MCRA","MCRA.AOS.S2","MCRA.SS.20241203.FIL","A00000447332","2024-12-03T19:30Z","2024-12-03T19:30Z","Illinois State Water Survey Central Analytical Laboratory",304.0,0.00754,5,"2024-12-05","A",,
"f37b6441-f771-4dc4-b9ae-8a6eb006da5a","D16","MCRA","MCRA.AOS.S2","MCRA.SS.20241203.FIL","A00000447332","2024-12-03T19:30Z","2024-12-03T19:30Z","Illinois State Water Survey Central Analytical Laboratory",246.0,0.01472,5,"2024-12-05","B",,
"07ca4a23-afa1-4622-a8a1-3a63b49139d6","D16","MCRA","MCRA.AOS.S2","MCRA.SS.20241203.FIL","A00000447332","2024-12-03T19:30Z","2024-12-03T19:30Z","Illinois State Water Survey Central Analytical Laboratory",570.0,0.00074,5,"2024-12-05","A",,
"2a1f867b-1b12-4f57-9973-cb0577060afe","D16","MCRA","MCRA.AOS.S2","MCRA.SS.20241203.FIL","A00000447332","2024-12-03T19:30Z","2024-12-03T19:30Z","Illinois State Water Survey Central Analytical Laboratory",224.0,0.02392,5,"2024-12-05","B",,
"ed175514-fb9d-4854-af48-3038a7ca5ff0","D16","MCRA","MCRA.AOS.S2","MCRA.SS.20241203.FIL","A00000447332","2024-12-03T19:30Z","2024-12-03T19:30Z","Illinois State Water Survey Central Analytical Laboratory",246.0,0.01478,5,"2024-12-05","A",,
"22baea51-271f-475f-853e-813231c298e9","D16","MCRA","MCRA.AOS.S2","MCRA.SS.20241203.FIL","A00000447332","2024-12-03T19:30Z","2024-12-03T19:30Z","Illinois State Water Survey Central Analytical Laboratory",300.0,0.00774,5,"2024-12-05","B",,
"9ff2d048-7a4e-4d95-aa4f-10575be1efee","D16","MCRA","MCRA.AOS.S2","MCRA.SS.20241203.FIL","A00000447332","2024-12-03T19:30Z","2024-12-03T19:30Z","Illinois State Water Survey Central Analytical Laboratory",226.0,0.02248,5,"2024-12-05","A",,
"34209406-9890-4a38-8fa5-9a6211fa29bc","D16","MCRA","MCRA.AOS.S2","MCRA.SS.20241203.FIL","A00000447332","2024-12-03T19:30Z","2024-12-03T19:30Z","Illinois State Water Survey Central Analytical Laboratory",444.0,0.00138,5,"2024-12-05","A",,
"e82efa46-f5a4-42a1-bb5e-2da5671a19a8","D16","MCRA","MCRA.AOS.S2","MCRA.SS.20241203.FIL","A00000447332","2024-12-03T19:30Z","2024-12-03T19:30Z","Illinois State Water Survey Central Analytical Laboratory",484.0,0.00076,5,"2024-12-05","B",,
"71711a96-a660-4c66-8986-35ee7346b7c7","D16","MCRA","MCRA.AOS.S2","MCRA.SS.20241203.FIL","A00000447332","2024-12-03T19:30Z","2024-12-03T19:30Z","Illinois State Water Survey Central Analytical Laboratory",470.0,0.00082,5,"2024-12-05","B",,
"0053b9d7-16e4-41ce-814d-217cc4933b2b","D16","MCRA","MCRA.AOS.S2","MCRA.SS.20241203.FIL","A00000447332","2024-12-03T19:30Z","2024-12-03T19:30Z","Illinois State Water Survey Central Analytical Laboratory",342.0,0.00402,5,"2024-12-05","B",,
"cae4e672-b78c-4857-b417-505beb6f8171","D16","MCRA","MCRA.AOS.S2","MCRA.SS.20241203.FIL","A00000447332","2024-12-03T19:30Z","2024-12-03T19:30Z","Illinois State Water Survey Central Analytical Laboratory",388.0,0.00230,5,"2024-12-05","A",,
"72591c78-38ef-4ff6-a958-4c9622c61bf3","D16","MCRA","MCRA.AOS.S2","MCRA.SS.20241203.FIL","A00000447332","2024-12-03T19:30Z","2024-12-03T19:30Z","Illinois State Water Survey Central Analytical Laboratory",594.0,0.00066,5,"2024-12-05","B",,
"0e498540-f847-4c65-8be2-c70d5c9c1980","D16","MCRA","MCRA.AOS.S2","MCRA.SS.20241203.FIL","A00000447332","2024-12-03T19:30Z","2024-12-03T19:30Z","Illinois State Water Survey Central Analytical Laboratory",308.0,0.00684,5,"2024-12-05","B",,
"d4b1d511-65ae-4f93-a96d-6891d0111a9f","D16","MCRA","MCRA.AOS.S2","MCRA.SS.20241203.FIL","A00000447332","2024-12-03T19:30Z","2024-12-03T19:30Z","Illinois State Water Survey Central Analytical Laboratory",354.0,0.00332,5,"2024-12-05","B",,
"b2ff3519-9a00-40bd-bdca-2cc62692abe2","D16","MCRA","MCRA.AOS.S2","MCRA.SS.20241203.FIL","A00000447332","2024-12-03T19:30Z","2024-12-03T19:30Z","Illinois State Water Survey Central Analytical Laboratory",384.0,0.00246,5,"2024-12-05","A",,
"080a7ff8-1370-4966-a654-744298bacca6","D16","MCRA","MCRA.AOS.S2","MCRA.SS.20241203.FIL","A00000447332","2024-12-03T19:30Z","2024-12-03T19:30Z","Illinois State Water Survey Central Analytical Laboratory",512.0,0.00108,5,"2024-12-05","A",,
"1f5c19c0-e28c-46d8-b203-b71135a90f1d","D16","MCRA","MCRA.AOS.S2","MCRA.SS.20241203.FIL","A00000447332","2024-12-03T19:30Z","2024-12-03T19:30Z","Illinois State Water Survey Central Analytical Laboratory",570.0,0.00064,5,"2024-12-05","B",,
"1a05594b-20e2-4d38-be06-579327caabb0","D16","MCRA","MCRA.AOS.S2","MCRA.SS.20241203.FIL","A00000447332","2024-12-03T19:30Z","2024-12-03T19:30Z","Illinois State Water Survey Central Analytical Laboratory",382.0,0.00256,5,"2024-12-05","A",,
"bcb8a687-70b4-496d-89ab-9c1ce35afa70","D16","MCRA","MCRA.AOS.S2","MCRA.SS.20241203.FIL","A00000447332","2024-12-03T19:30Z","2024-12-03T19:30Z","Illinois State Water Survey Central Analytical Laboratory",558.0,0.00066,5,"2024-12-05","B",,
"4483eedf-51ab-453c-b390-639ec0f0b576","D16","MCRA","MCRA.AOS.S2","MCRA.SS.20241203.FIL","A00000447332","2024-12-03T19:30Z","2024-12-03T19:30Z","Illinois State Water Survey Central Analytical Laboratory",502.0,0.00102,5,"2024-12-05","A",,
"3bc6f9bd-d13f-4e73-8845-1cd6920577fd","D16","MCRA","MCRA.AOS.S2","MCRA.SS.20241203.FIL","A00000447332","2024-12-03T19:30Z","2024-12-03T19:30Z","Illinois State Water Survey Central Analytical Laboratory",312.0,0.00648,5,"2024-12-05","B",,
"7ae36abe-305d-44e7-a2a3-28eedd04a8fa","D16","MCRA","MCRA.AOS.S2","MCRA.SS.20241203.FIL","A00000447332","2024-12-03T19:30Z","2024-12-03T19:30Z","Illinois State Water Survey Central Analytical Laboratory",396.0,0.00210,5,"2024-12-05","A",,
"5bd94595-87c4-4828-b4c7-88da1f949f1c","D16","MCRA","MCRA.AOS.S2","MCRA.SS.20241203.FIL","A00000447332","2024-12-03T19:30Z","2024-12-03T19:30Z","Illinois State Water Survey Central Analytical Laboratory",564.0,0.00086,5,"2024-12-05","A",,
"23629f53-238a-498a-b73d-38574fee554c","D16","MCRA","MCRA.AOS.S2","MCRA.SS.20241203.FIL","A00000447332","2024-12-03T19:30Z","2024-12-03T19:30Z","Illinois State Water Survey Central Analytical Laboratory",520.0,0.00106,5,"2024-12-05","A",,
"e0420671-705b-47c5-a515-81f53331d257","D16","MCRA","MCRA.AOS.S2","MCRA.SS.20241203.FIL","A00000447332","2024-12-03T19:30Z","2024-12-03T19:30Z","Illinois State Water Survey Central Analytical Laboratory",334.0,0.00458,5,"2024-12-05","B",,
"23bf7f0d-0d07-4c62-877e-e9fb50390a9c","D16","MCRA","MCRA.AOS.S2","MCRA.SS.20241203.FIL","A00000447332","2024-12-03T19:30Z","2024-12-03T19:30Z","Illinois State Water Survey Central Analytical Laboratory",584.0,0.00062,5,"2024-12-05","B",,
"3529baf3-58ef-4b45-b57e-b6c72673f950","D16","MCRA","MCRA.AOS.S2","MCRA.SS.20241203.FIL","A00000447332","2024-12-03T19:30Z","2024-12-03T19:30Z","Illinois State Water Survey Central Analytical Laboratory",328.0,0.00536,5,"2024-12-05","A",,
"f367a712-a3d7-4a10-a763-c3b9ab0274e9","D16","MCRA","MCRA.AOS.S2","MCRA.SS.20241203.FIL","A00000447332","2024-12-03T19:30Z","2024-12-03T19:30Z","Illinois State Water Survey Central Analytical Laboratory",532.0,0.00066,5,"2024-12-05","B",,
"3d5ca321-66bd-4438-9827-e6edc0c6780f","D16","MCRA","MCRA.AOS.S2","MCRA.SS.20241203.FIL","A00000447332","2024-12-03T19:30Z","2024-12-03T19:30Z","Illinois State Water Survey Central Analytical Laboratory",360.0,0.00300,5,"2024-12-05","B",,
"1b4f5558-2138-4a60-b6ae-b0e809a1923f","D16","MCRA","MCRA.AOS.S2","MCRA.SS.20241203.FIL","A00000447332","2024-12-03T19:30Z","2024-12-03T19:30Z","Illinois State Water Survey Central Analytical Laboratory",454.0,0.00092,5,"2024-12-05","B",,
"7ca21672-f94b-4399-8539-7e25da5e3cc7","D16","MCRA","MCRA.AOS.S2","MCRA.SS.20241203.FIL","A00000447332","2024-12-03T19:30Z","2024-12-03T19:30Z","Illinois State Water Survey Central Analytical Laboratory",398.0,0.00202,5,"2024-12-05","A",,
"79605dc0-d6d8-4134-9cc9-c7befc9d010c","D16","MCRA","MCRA.AOS.S2","MCRA.SS.20241203.FIL","A00000447332","2024-12-03T19:30Z","2024-12-03T19:30Z","Illinois State Water Survey Central Analytical Laboratory",486.0,0.00072,5,"2024-12-05","B",,
"c6b2fba9-40c4-454a-bec1-95e4298a6f88","D16","MCRA","MCRA.AOS.S2","MCRA.SS.20241203.FIL","A00000447332","2024-12-03T19:30Z","2024-12-03T19:30Z","Illinois State Water Survey Central Analytical Laboratory",232.0,0.01912,5,"2024-12-05","A",,
"adaaa3a7-a8dc-4d08-bcbf-0da729acf183","D16","MCRA","MCRA.AOS.S2","MCRA.SS.20241203.FIL","A00000447332","2024-12-03T19:30Z","2024-12-03T19:30Z","Illinois State Water Survey Central Analytical Laboratory",322.0,0.00590,5,"2024-12-05","A",,
"a51d0ee6-ca0c-4a6c-91a0-064df650cf2e","D16","MCRA","MCRA.AOS.S2","MCRA.SS.20241203.FIL","A00000447332","2024-12-03T19:30Z","2024-12-03T19:30Z","Illinois State Water Survey Central Analytical Laboratory",380.0,0.00224,5,"2024-12-05","B",,
"c78be21d-6877-47d1-84f4-7236d145e851","D16","MCRA","MCRA.AOS.S2","MCRA.SS.20241203.FIL","A00000447332","2024-12-03T19:30Z","2024-12-03T19:30Z","Illinois State Water Survey Central Analytical Laboratory",394.0,0.00212,5,"2024-12-05","A",,
"49df56b3-b5d2-4607-919a-504e7dce64ae","D16","MCRA","MCRA.AOS.S2","MCRA.SS.20241203.FIL","A00000447332","2024-12-03T19:30Z","2024-12-03T19:30Z","Illinois State Water Survey Central Analytical Laboratory",220.0,0.02764,5,"2024-12-05","B",,
"fabe55ba-ba92-4c1e-be38-ecf23ed61165","D16","MCRA","MCRA.AOS.S2","MCRA.SS.20241203.FIL","A00000447332","2024-12-03T19:30Z","2024-12-03T19:30Z","Illinois State Water Survey Central Analytical Laboratory",278.0,0.01066,5,"2024-12-05","B",,
"1fa5e876-4c8a-40bb-a83c-161ee398d9c7","D16","MCRA","MCRA.AOS.S2","MCRA.SS.20241203.FIL","A00000447332","2024-12-03T19:30Z","2024-12-03T19:30Z","Illinois State Water Survey Central Analytical Laboratory",230.0,0.02012,5,"2024-12-05","A",,
"f45b7f11-e6ae-4b77-9b2b-0ed0c931de58","D16","MCRA","MCRA.AOS.S2","MCRA.SS.20241203.FIL","A00000447332","2024-12-03T19:30Z","2024-12-03T19:30Z","Illinois State Water Survey Central Analytical Laboratory",370.0,0.00256,5,"2024-12-05","B",,
"4bf86829-1576-450f-898d-e58a5805121b","D16","MCRA","MCRA.AOS.S2","MCRA.SS.20241203.FIL","A00000447332","2024-12-03T19:30Z","2024-12-03T19:30Z","Illinois State Water Survey Central Analytical Laboratory",250.0,0.01406,5,"2024-12-05","B",,
"cbf4eaf1-9933-4adf-94c4-208901a1b227","D16","MCRA","MCRA.AOS.S2","MCRA.SS.20241203.FIL","A00000447332","2024-12-03T19:30Z","2024-12-03T19:30Z","Illinois State Water Survey Central Analytical Laboratory",312.0,0.00680,5,"2024-12-05","A",,
"c49bc015-4c47-4200-aec8-9cc33fe79062","D16","MCRA","MCRA.AOS.S2","MCRA.SS.20241203.FIL","A00000447332","2024-12-03T19:30Z","2024-12-03T19:30Z","Illinois State Water Survey Central Analytical Laboratory",502.0,0.00070,5,"2024-12-05","B",,
"e9adb043-aae5-4177-b548-c10f7b02ef8f","D16","MCRA","MCRA.AOS.S2","MCRA.SS.20241203.FIL","A00000447332","2024-12-03T19:30Z","2024-12-03T19:30Z","Illinois State Water Survey Central Analytical Laboratory",428.0,0.00150,5,"2024-12-05","A",,
"25e887be-e201-4fb6-9884-0c27bc095572","D16","MCRA","MCRA.AOS.S2","MCRA.SS.20241203.FIL","A00000447332","2024-12-03T19:30Z","2024-12-03T19:30Z","Illinois State Water Survey Central Analytical Laboratory",366.0,0.00318,5,"2024-12-05","A",,
"333b11bc-c0cd-41a6-a047-6662e77976c2","D16","MCRA","MCRA.AOS.S2","MCRA.SS.20241203.FIL","A00000447332","2024-12-03T19:30Z","2024-12-03T19:30Z","Illinois State Water Survey Central Analytical Laboratory",294.0,0.00864,5,"2024-12-05","A",,
"f59f6562-b50e-48dd-9dff-fb5d979eded8","D16","MCRA","MCRA.AOS.S2","MCRA.SS.20241203.FIL","A00000447332","2024-12-03T19:30Z","2024-12-03T19:30Z","Illinois State Water Survey Central Analytical Laboratory",244.0,0.01526,5,"2024-12-05","A",,
"b949fd27-add9-4ff4-98fe-fb334225f97b","D16","MCRA","MCRA.AOS.S2","MCRA.SS.20241203.FIL","A00000447332","2024-12-03T19:30Z","2024-12-03T19:30Z","Illinois State Water Survey Central Analytical Laboratory",536.0,0.00070,5,"2024-12-05","B",,
"0b563fa1-1011-4598-9893-c3dd4669e674","D16","MCRA","MCRA.AOS.S2","MCRA.SS.20241203.FIL","A00000447332","2024-12-03T19:30Z","2024-12-03T19:30Z","Illinois State Water Survey Central Analytical Laboratory",344.0,0.00390,5,"2024-12-05","B",,
"07d6e10f-10cd-4197-a88a-73b6738dc3e4","D16","MCRA","MCRA.AOS.S2","MCRA.SS.20241203.FIL","A00000447332","2024-12-03T19:30Z","2024-12-03T19:30Z","Illinois State Water Survey Central Analytical Laboratory",564.0,0.00064,5,"2024-12-05","B",,
"b0dc3982-8d4c-4eea-9355-52862ed62c7e","D16","MCRA","MCRA.AOS.S2","MCRA.SS.20241203.FIL","A00000447332","2024-12-03T19:30Z","2024-12-03T19:30Z","Illinois State Water Survey Central Analytical Laboratory",368.0,0.00262,5,"2024-12-05","B",,
"bf8b1aa0-cd40-4fbd-a64b-2bd894291d1a","D16","MCRA","MCRA.AOS.S2","MCRA.SS.20241203.FIL","A00000447332","2024-12-03T19:30Z","2024-12-03T19:30Z","Illinois State Water Survey Central Analytical Laboratory",498.0,0.00072,5,"2024-12-05","B",,
"4f67034c-d1b3-4972-b869-c865db82820a","D16","MCRA","MCRA.AOS.S2","MCRA.SS.20241203.FIL","A00000447332","2024-12-03T19:30Z","2024-12-03T19:30Z","Illinois State Water Survey Central Analytical Laboratory",596.0,0.00080,5,"2024-12-05","A",,
"61f19999-74e2-4adc-b054-17e5b353ebb2","D16","MCRA","MCRA.AOS.S2","MCRA.SS.20241203.FIL","A00000447332","2024-12-03T19:30Z","2024-12-03T19:30Z","Illinois State Water Survey Central Analytical Laboratory",440.0,0.00110,5,"2024-12-05","B",,
"3ae635e3-83a3-41c4-b269-e4d6dd1e9341","D16","MCRA","MCRA.AOS.S2","MCRA.SS.20241203.FIL","A00000447332","2024-12-03T19:30Z","2024-12-03T19:30Z","Illinois State Water Survey Central Analytical Laboratory",506.0,0.00098,5,"2024-12-05","A",,
"5f1f3bd7-498f-4774-aad6-422f1192fa43","D16","MCRA","MCRA.AOS.S2","MCRA.SS.20241203.FIL","A00000447332","2024-12-03T19:30Z","2024-12-03T19:30Z","Illinois State Water Survey Central Analytical Laboratory",298.0,0.00816,5,"2024-12-05","A",,
"565da4b7-ddd0-42a2-a795-b38845a113a9","D16","MCRA","MCRA.AOS.S2","MCRA.SS.20241203.FIL","A00000447332","2024-12-03T19:30Z","2024-12-03T19:30Z","Illinois State Water Survey Central Analytical Laboratory",486.0,0.00120,5,"2024-12-05","A",,
"bb64e0e4-eb45-4b05-9431-c7b362853e10","D16","MCRA","MCRA.AOS.S2","MCRA.SS.20241203.FIL","A00000447332","2024-12-03T19:30Z","2024-12-03T19:30Z","Illinois State Water Survey Central Analytical Laboratory",412.0,0.00168,5,"2024-12-05","A",,
"0fcba22f-6caf-481e-b4de-aa94433ffd94","D16","MCRA","MCRA.AOS.S2","MCRA.SS.20241203.FIL","A00000447332","2024-12-03T19:30Z","2024-12-03T19:30Z","Illinois State Water Survey Central Analytical Laboratory",436.0,0.00110,5,"2024-12-05","B",,
"9e965fe2-37fc-40e5-95e3-8f8d33beb2ea","D16","MCRA","MCRA.AOS.S2","MCRA.SS.20241203.FIL","A00000447332","2024-12-03T19:30Z","2024-12-03T19:30Z","Illinois State Water Survey Central Analytical Laboratory",348.0,0.00398,5,"2024-12-05","A",,
"a705083f-31b9-4416-a8e7-22738018a245","D16","MCRA","MCRA.AOS.S2","MCRA.SS.20241203.FIL","A00000447332","2024-12-03T19:30Z","2024-12-03T19:30Z","Illinois State Water Survey Central Analytical Laboratory",228.0,0.02110,5,"2024-12-05","A",,
"19ab4c2c-cc98-450e-a980-5547bbc73ebd","D16","MCRA","MCRA.AOS.S2","MCRA.SS.20241203.FIL","A00000447332","2024-12-03T19:30Z","2024-12-03T19:30Z","Illinois State Water Survey Central Analytical Laboratory",480.0,0.00080,5,"2024-12-05","B",,
"81fcb3ae-5ba5-4abc-9028-7a18a43897ad","D16","MCRA","MCRA.AOS.S2","MCRA.SS.20241203.FIL","A00000447332","2024-12-03T19:30Z","2024-12-03T19:30Z","Illinois State Water Survey Central Analytical Laboratory",382.0,0.00218,5,"2024-12-05","B",,
"3ebc1e9a-11b0-4836-88ed-5dbe05bc6d6d","D16","MCRA","MCRA.AOS.S2","MCRA.SS.20241203.FIL","A00000447332","2024-12-03T19:30Z","2024-12-03T19:30Z","Illinois State Water Survey Central Analytical Laboratory",404.0,0.00188,5,"2024-12-05","A",,
"551b78de-b7a7-47ec-bc6a-f22f9f717dc2","D16","MCRA","MCRA.AOS.S2","MCRA.SS.20241203.FIL","A00000447332","2024-12-03T19:30Z","2024-12-03T19:30Z","Illinois State Water Survey Central Analytical Laboratory",326.0,0.00520,5,"2024-12-05","B",,
"f0a5964d-5e8b-488e-8c9a-13286fea6a64","D16","MCRA","MCRA.AOS.S2","MCRA.SS.20241203.FIL","A00000447332","2024-12-03T19:30Z","2024-12-03T19:30Z","Illinois State Water Survey Central Analytical Laboratory",262.0,0.01256,5,"2024-12-05","B",,
"38072fa3-fcfa-4226-8698-54f7309903a8","D16","MCRA","MCRA.AOS.S2","MCRA.SS.20241203.FIL","A00000447332","2024-12-03T19:30Z","2024-12-03T19:30Z","Illinois State Water Survey Central Analytical Laboratory",510.0,0.00106,5,"2024-12-05","A",,
"2b28264d-3c64-4ada-90cb-35ce384d1e83","D16","MCRA","MCRA.AOS.S2","MCRA.SS.20241203.FIL","A00000447332","2024-12-03T19:30Z","2024-12-03T19:30Z","Illinois State Water Survey Central Analytical Laboratory",352.0,0.00346,5,"2024-12-05","B",,
"b0d395c6-8e36-4e12-a1c2-dedc20e361ba","D16","MCRA","MCRA.AOS.S2","MCRA.SS.20241203.FIL","A00000447332","2024-12-03T19:30Z","2024-12-03T19:30Z","Illinois State Water Survey Central Analytical Laboratory",434.0,0.00114,5,"2024-12-05","B",,
"27a9f952-bca5-449f-8422-f40987acfa2d","D16","MCRA","MCRA.AOS.S2","MCRA.SS.20241203.FIL","A00000447332","2024-12-03T19:30Z","2024-12-03T19:30Z","Illinois State Water Survey Central Analytical Laboratory",492.0,0.00076,5,"2024-12-05","B",,
"356f1600-8b31-4bdc-a3b4-539ef9258c6c","D16","MCRA","MCRA.AOS.S2","MCRA.SS.20241203.FIL","A00000447332","2024-12-03T19:30Z","2024-12-03T19:30Z","Illinois State Water Survey Central Analytical Laboratory",408.0,0.00178,5,"2024-12-05","A",,
"98293a88-94a1-42d4-a412-dec1d400f9a9","D16","MCRA","MCRA.AOS.S2","MCRA.SS.20241203.FIL","A00000447332","2024-12-03T19:30Z","2024-12-03T19:30Z","Illinois State Water Survey Central Analytical Laboratory",378.0,0.00232,5,"2024-12-05","B",,
"f0317c1f-54e4-493c-847e-4e92c5f43556","D16","MCRA","MCRA.AOS.S2","MCRA.SS.20241203.FIL","A00000447332","2024-12-03T19:30Z","2024-12-03T19:30Z","Illinois State Water Survey Central Analytical Laboratory",404.0,0.00160,5,"2024-12-05","B",,
"6413d0fa-c7da-43ac-b207-9582d43e82a0","D16","MCRA","MCRA.AOS.S2","MCRA.SS.20241203.FIL","A00000447332","2024-12-03T19:30Z","2024-12-03T19:30Z","Illinois State Water Survey Central Analytical Laboratory",276.0,0.01086,5,"2024-12-05","B",,
"106e0657-573e-43ef-962a-27f8997cc055","D16","MCRA","MCRA.AOS.S2","MCRA.SS.20241203.FIL","A00000447332","2024-12-03T19:30Z","2024-12-03T19:30Z","Illinois State Water Survey Central Analytical Laboratory",540.0,0.00064,5,"2024-12-05","B",,
"a3c2f4ea-9b85-4d6b-88b1-a79d742d2fca","D16","MCRA","MCRA.AOS.S2","MCRA.SS.20241203.FIL","A00000447332","2024-12-03T19:30Z","2024-12-03T19:30Z","Illinois State Water Survey Central Analytical Laboratory",446.0,0.00136,5,"2024-12-05","A",,
"e6012390-678e-414e-96b7-32cb8a77cb3e","D16","MCRA","MCRA.AOS.S2","MCRA.SS.20241203.FIL","A00000447332","2024-12-03T19:30Z","2024-12-03T19:30Z","Illinois State Water Survey Central Analytical Laboratory",478.0,0.00078,5,"2024-12-05","B",,
"20575828-984c-45cd-a610-0a25f7150f96","D16","MCRA","MCRA.AOS.S2","MCRA.SS.20241203.FIL","A00000447332","2024-12-03T19:30Z","2024-12-03T19:30Z","Illinois State Water Survey Central Analytical Laboratory",240.0,0.01624,5,"2024-12-05","A",,
"23562d08-6959-4843-8384-67ed05a52719","D16","MCRA","MCRA.AOS.S2","MCRA.SS.20241203.FIL","A00000447332","2024-12-03T19:30Z","2024-12-03T19:30Z","Illinois State Water Survey Central Analytical Laboratory",580.0,0.00080,5,"2024-12-05","A",,
"aba026e0-4d70-4296-abad-a73d482c0bac","D16","MCRA","MCRA.AOS.S2","MCRA.SS.20241203.FIL","A00000447332","2024-12-03T19:30Z","2024-12-03T19:30Z","Illinois State Water Survey Central Analytical Laboratory",540.0,0.00096,5,"2024-12-05","A",,
"b9593a1e-88c3-441e-8688-67b0656f8373","D16","MCRA","MCRA.AOS.S2","MCRA.SS.20241203.FIL","A00000447332","2024-12-03T19:30Z","2024-12-03T19:30Z","Illinois State Water Survey Central Analytical Laboratory",460.0,0.00088,5,"2024-12-05","B",,
"7f168b45-db6e-460c-b0e5-c163b610e652","D16","MCRA","MCRA.AOS.S2","MCRA.SS.20241203.FIL","A00000447332","2024-12-03T19:30Z","2024-12-03T19:30Z","Illinois State Water Survey Central Analytical Laboratory",534.0,0.00066,5,"2024-12-05","B",,
"34213d28-7570-4502-9b04-0716454f6c64","D16","MCRA","MCRA.AOS.S2","MCRA.SS.20241203.FIL","A00000447332","2024-12-03T19:30Z","2024-12-03T19:30Z","Illinois State Water Survey Central Analytical Laboratory",482.0,0.00074,5,"2024-12-05","B",,
"aa8e1071-c78d-48a7-8290-b2a3868c2234","D16","MCRA","MCRA.AOS.S2","MCRA.SS.20241203.FIL","A00000447332","2024-12-03T19:30Z","2024-12-03T19:30Z","Illinois State Water Survey Central Analytical Laboratory",374.0,0.00248,5,"2024-12-05","B",,
"1847b200-a2a7-4ecb-968b-3753e764c62c","D16","MCRA","MCRA.AOS.S2","MCRA.SS.20241203.FIL","A00000447332","2024-12-03T19:30Z","2024-12-03T19:30Z","Illinois State Water Survey Central Analytical Laboratory",336.0,0.00474,5,"2024-12-05","A",,
"e7a93ba3-311e-4498-bef9-aa3567a0702e","D16","MCRA","MCRA.AOS.S2","MCRA.SS.20241203.FIL","A00000447332","2024-12-03T19:30Z","2024-12-03T19:30Z","Illinois State Water Survey Central Analytical Laboratory",326.0,0.00552,5,"2024-12-05","A",,
"c26add12-1095-4ce6-9074-0fd9cfb21584","D16","MCRA","MCRA.AOS.S2","MCRA.SS.20241203.FIL","A00000447332","2024-12-03T19:30Z","2024-12-03T19:30Z","Illinois State Water Survey Central Analytical Laboratory",424.0,0.00130,5,"2024-12-05","B",,
"544e3788-1df2-4136-804f-a54a20a9e133","D16","MCRA","MCRA.AOS.S2","MCRA.SS.20241203.FIL","A00000447332","2024-12-03T19:30Z","2024-12-03T19:30Z","Illinois State Water Survey Central Analytical Laboratory",306.0,0.00704,5,"2024-12-05","B",,
"a82a55b1-6ed4-4c5e-b3cd-d925aa208418","D16","MCRA","MCRA.AOS.S2","MCRA.SS.20241203.FIL","A00000447332","2024-12-03T19:30Z","2024-12-03T19:30Z","Illinois State Water Survey Central Analytical Laboratory",386.0,0.00238,5,"2024-12-05","A",,
"ff3f38d9-4677-4ac8-b163-b019375d8dc4","D16","MCRA","MCRA.AOS.S2","MCRA.SS.20241203.FIL","A00000447332","2024-12-03T19:30Z","2024-12-03T19:30Z","Illinois State Water Survey Central Analytical Laboratory",512.0,0.00070,5,"2024-12-05","B",,
"4cdd32bc-ea27-4071-827c-4afdc51798b5","D16","MCRA","MCRA.AOS.S2","MCRA.SS.20241203.FIL","A00000447332","2024-12-03T19:30Z","2024-12-03T19:30Z","Illinois State Water Survey Central Analytical Laboratory",430.0,0.00118,5,"2024-12-05","B",,
"6dc2e31d-a008-4248-a0ad-197092658dc0","D16","MCRA","MCRA.AOS.S2","MCRA.SS.20241203.FIL","A00000447332","2024-12-03T19:30Z","2024-12-03T19:30Z","Illinois State Water Survey Central Analytical Laboratory",240.0,0.01616,5,"2024-12-05","B",,
"17326d79-45df-422c-b867-a9f3a594a55c","D16","MCRA","MCRA.AOS.S2","MCRA.SS.20241203.FIL","A00000447332","2024-12-03T19:30Z","2024-12-03T19:30Z","Illinois State Water Survey Central Analytical Laboratory",568.0,0.00078,5,"2024-12-05","A",,
"56dd20f9-1634-4382-b8de-91d984607b21","D16","MCRA","MCRA.AOS.S2","MCRA.SS.20241203.FIL","A00000447332","2024-12-03T19:30Z","2024-12-03T19:30Z","Illinois State Water Survey Central Analytical Laboratory",270.0,0.01164,5,"2024-12-05","A",,
"67211f38-a09b-40c2-b6b8-72dfa810a431","D16","MCRA","MCRA.AOS.S2","MCRA.SS.20241203.FIL","A00000447332","2024-12-03T19:30Z","2024-12-03T19:30Z","Illinois State Water Survey Central Analytical Laboratory",536.0,0.00106,5,"2024-12-05","A",,
"0adfe821-01da-429d-915d-99c2039db0b1","D16","MCRA","MCRA.AOS.S2","MCRA.SS.20241203.FIL","A00000447332","2024-12-03T19:30Z","2024-12-03T19:30Z","Illinois State Water Survey Central Analytical Laboratory",546.0,0.00090,5,"2024-12-05","A",,
"68f3d79d-4968-4669-acbd-79240d11b86f","D16","MCRA","MCRA.AOS.S2","MCRA.SS.20241203.FIL","A00000447332","2024-12-03T19:30Z","2024-12-03T19:30Z","Illinois State Water Survey Central Analytical Laboratory",322.0,0.00556,5,"2024-12-05","B",,
"a28901f4-62aa-4fcd-9534-f2fc44ccd662","D16","MCRA","MCRA.AOS.S2","MCRA.SS.20241203.FIL","A00000447332","2024-12-03T19:30Z","2024-12-03T19:30Z","Illinois State Water Survey Central Analytical Laboratory",574.0,0.00064,5,"2024-12-05","B",,
"6a8a201e-a81e-4e5e-92ca-1b77ec0ffd1d","D16","MCRA","MCRA.AOS.S2","MCRA.SS.20241203.FIL","A00000447332","2024-12-03T19:30Z","2024-12-03T19:30Z","Illinois State Water Survey Central Analytical Laboratory",426.0,0.00152,5,"2024-12-05","A",,
"616a6b92-b676-4d8d-954a-cdab5c211ddf","D16","MCRA","MCRA.AOS.S2","MCRA.SS.20241203.FIL","A00000447332","2024-12-03T19:30Z","2024-12-03T19:30Z","Illinois State Water Survey Central Analytical Laboratory",332.0,0.00504,5,"2024-12-05","A",,
"158bf653-7471-4e50-bfae-7b1503cd8184","D16","MCRA","MCRA.AOS.S2","MCRA.SS.20241203.FIL","A00000447332","2024-12-03T19:30Z","2024-12-03T19:30Z","Illinois State Water Survey Central Analytical Laboratory",474.0,0.00126,5,"2024-12-05","A",,
"2f2bb0f0-d63d-4bf6-9935-8397c1b7b344","D16","MCRA","MCRA.AOS.S2","MCRA.SS.20241203.FIL","A00000447332","2024-12-03T19:30Z","2024-12-03T19:30Z","Illinois State Water Survey Central Analytical Laboratory",428.0,0.00122,5,"2024-12-05","B",,
"804ee3b0-2478-4e24-abaa-ef67d5e2a005","D16","MCRA","MCRA.AOS.S2","MCRA.SS.20241203.FIL","A00000447332","2024-12-03T19:30Z","2024-12-03T19:30Z","Illinois State Water Survey Central Analytical Laboratory",426.0,0.00126,5,"2024-12-05","B",,
"022c91e5-131f-40a8-ad3f-c3218fba562b","D16","MCRA","MCRA.AOS.S2","MCRA.SS.20241203.FIL","A00000447332","2024-12-03T19:30Z","2024-12-03T19:30Z","Illinois State Water Survey Central Analytical Laboratory",272.0,0.01138,5,"2024-12-05","B",,
"56e458d3-663c-40de-8627-026df1fec512","D16","MCRA","MCRA.AOS.S2","MCRA.SS.20241203.FIL","A00000447332","2024-12-03T19:30Z","2024-12-03T19:30Z","Illinois State Water Survey Central Analytical Laboratory",224.0,0.02394,5,"2024-12-05","A",,
"cbf4f920-5761-4fe2-aee8-156932d664fa","D16","MCRA","MCRA.AOS.S2","MCRA.SS.20241203.FIL","A00000447332","2024-12-03T19:30Z","2024-12-03T19:30Z","Illinois State Water Survey Central Analytical Laboratory",464.0,0.00130,5,"2024-12-05","A",,
"807baa88-5e27-4253-bff7-c7ca06978773","D16","MCRA","MCRA.AOS.S2","MCRA.SS.20241203.FIL","A00000447332","2024-12-03T19:30Z","2024-12-03T19:30Z","Illinois State Water Survey Central Analytical Laboratory",342.0,0.00432,5,"2024-12-05","A",,
"ce4f3e0d-2d5b-4613-95db-f2e071cb10c2","D16","MCRA","MCRA.AOS.S2","MCRA.SS.20241203.FIL","A00000447332","2024-12-03T19:30Z","2024-12-03T19:30Z","Illinois State Water Survey Central Analytical Laboratory",232.0,0.01910,5,"2024-12-05","B",,
"9c1817e6-5ddc-4fe6-9fab-5092f3b708b0","D16","MCRA","MCRA.AOS.S2","MCRA.SS.20241203.FIL","A00000447332","2024-12-03T19:30Z","2024-12-03T19:30Z","Illinois State Water Survey Central Analytical Laboratory",566.0,0.00064,5,"2024-12-05","B",,
"d3e5a134-5bb5-4d04-9131-d99af47630a0","D16","MCRA","MCRA.AOS.S2","MCRA.SS.20241203.FIL","A00000447332","2024-12-03T19:30Z","2024-12-03T19:30Z","Illinois State Water Survey Central Analytical Laboratory",262.0,0.01264,5,"2024-12-05","A",,
"f34dcdd1-b8fa-4921-bd00-c90bdf326b37","D16","MCRA","MCRA.AOS.S2","MCRA.SS.20241203.FIL","A00000447332","2024-12-03T19:30Z","2024-12-03T19:30Z","Illinois State Water Survey Central Analytical Laboratory",292.0,0.00872,5,"2024-12-05","B",,
"b328891b-3548-4f1a-ad53-ef657caf9d75","D16","MCRA","MCRA.AOS.S2","MCRA.SS.20241203.FIL","A00000447332","2024-12-03T19:30Z","2024-12-03T19:30Z","Illinois State Water Survey Central Analytical Laboratory",480.0,0.00128,5,"2024-12-05","A",,
"1e7d96ba-edad-497e-bde9-99d448850514","D16","MCRA","MCRA.AOS.S2","MCRA.SS.20241203.FIL","A00000447332","2024-12-03T19:30Z","2024-12-03T19:30Z","Illinois State Water Survey Central Analytical Laboratory",556.0,0.00062,5,"2024-12-05","B",,
"0b0846b1-20b6-46e0-ba64-4a512ab20f54","D16","MCRA","MCRA.AOS.S2","MCRA.SS.20241203.FIL","A00000447332","2024-12-03T19:30Z","2024-12-03T19:30Z","Illinois State Water Survey Central Analytical Laboratory",424.0,0.00156,5,"2024-12-05","A",,
"d50d744a-a090-4967-869b-257cdc354865","D16","MCRA","MCRA.AOS.S2","MCRA.SS.20241203.FIL","A00000447332","2024-12-03T19:30Z","2024-12-03T19:30Z","Illinois State Water Survey Central Analytical Laboratory",442.0,0.00102,5,"2024-12-05","B",,
"5e23a388-85dc-47c6-abd1-8a5e616a474b","D16","MCRA","MCRA.AOS.S2","MCRA.SS.20241203.FIL","A00000447332","2024-12-03T19:30Z","2024-12-03T19:30Z","Illinois State Water Survey Central Analytical Laboratory",416.0,0.00164,5,"2024-12-05","A",,
"ca78947b-2b52-441c-86eb-102a090a6577","D16","MCRA","MCRA.AOS.S2","MCRA.SS.20241203.FIL","A00000447332","2024-12-03T19:30Z","2024-12-03T19:30Z","Illinois State Water Survey Central Analytical Laboratory",328.0,0.00500,5,"2024-12-05","B",,
"0ad2a06b-8835-42ab-95e6-6707d4c6c802","D16","MCRA","MCRA.AOS.S2","MCRA.SS.20241203.FIL","A00000447332","2024-12-03T19:30Z","2024-12-03T19:30Z","Illinois State Water Survey Central Analytical Laboratory",284.0,0.00986,5,"2024-12-05","B",,
"973b14fb-6d6a-494a-94b5-19864be4facf","D16","MCRA","MCRA.AOS.S2","MCRA.SS.20241203.FIL","A00000447332","2024-12-03T19:30Z","2024-12-03T19:30Z","Illinois State Water Survey Central Analytical Laboratory",260.0,0.01286,5,"2024-12-05","A",,
"7c21b694-def0-4286-a968-757e1e2c861b","D16","MCRA","MCRA.AOS.S2","MCRA.SS.20241203.FIL","A00000447332","2024-12-03T19:30Z","2024-12-03T19:30Z","Illinois State Water Survey Central Analytical Laboratory",286.0,0.00958,5,"2024-12-05","B",,
"fc5920ad-3999-4bc0-affa-71d9965ffa32","D16","MCRA","MCRA.AOS.S2","MCRA.SS.20241203.FIL","A00000447332","2024-12-03T19:30Z","2024-12-03T19:30Z","Illinois State Water Survey Central Analytical Laboratory",338.0,0.00430,5,"2024-12-05","B",,
"fe1ab898-384f-469c-b7da-8b30f37eef8d","D16","MCRA","MCRA.AOS.S2","MCRA.SS.20241203.FIL","A00000447332","2024-12-03T19:30Z","2024-12-03T19:30Z","Illinois State Water Survey Central Analytical Laboratory",256.0,0.01332,5,"2024-12-05","A",,
"7d93dcc6-49c5-4173-968e-d728970dfe3a","D16","MCRA","MCRA.AOS.S2","MCRA.SS.20241203.FIL","A00000447332","2024-12-03T19:30Z","2024-12-03T19:30Z","Illinois State Water Survey Central Analytical Laboratory",468.0,0.00128,5,"2024-12-05","A",,
"8b2bdc94-88bb-40dd-b884-c706d1a8412c","D16","MCRA","MCRA.AOS.S2","MCRA.SS.20241203.FIL","A00000447332","2024-12-03T19:30Z","2024-12-03T19:30Z","Illinois State Water Survey Central Analytical Laboratory",588.0,0.00078,5,"2024-12-05","A",,
"31fe1268-aae4-44ec-9856-bf27e0ffd356","D16","MCRA","MCRA.AOS.S2","MCRA.SS.20241203.FIL","A00000447332","2024-12-03T19:30Z","2024-12-03T19:30Z","Illinois State Water Survey Central Analytical Laboratory",422.0,0.00160,5,"2024-12-05","A",,
"6fb0c38c-bcec-4692-9108-9a9208c0797c","D16","MCRA","MCRA.AOS.S2","MCRA.SS.20241203.FIL","A00000447332","2024-12-03T19:30Z","2024-12-03T19:30Z","Illinois State Water Survey Central Analytical Laboratory",522.0,0.00066,5,"2024-12-05","B",,
"55fd3fa7-0395-49dc-a1fb-1c8468fcbe3f","D16","MCRA","MCRA.AOS.S2","MCRA.SS.20241203.FIL","A00000447332","2024-12-03T19:30Z","2024-12-03T19:30Z","Illinois State Water Survey Central Analytical Laboratory",332.0,0.00472,5,"2024-12-05","B",,
"25dd930a-0ca5-426f-9f57-157b4312bfd1","D16","MCRA","MCRA.AOS.S2","MCRA.SS.20241203.FIL","A00000447332","2024-12-03T19:30Z","2024-12-03T19:30Z","Illinois State Water Survey Central Analytical Laboratory",402.0,0.00166,5,"2024-12-05","B",,
"bffea4d1-8d85-490c-a9c8-14d3ec033970","D16","MCRA","MCRA.AOS.S2","MCRA.SS.20241203.FIL","A00000447332","2024-12-03T19:30Z","2024-12-03T19:30Z","Illinois State Water Survey Central Analytical Laboratory",538.0,0.00066,5,"2024-12-05","B",,
"3091c27f-81ef-4fe2-9869-7cb3a13db393","D16","MCRA","MCRA.AOS.S2","MCRA.SS.20241203.FIL","A00000447332","2024-12-03T19:30Z","2024-12-03T19:30Z","Illinois State Water Survey Central Analytical Laboratory",556.0,0.00082,5,"2024-12-05","A",,
"de3e0999-91d0-4d67-b844-01fb8e52aa05","D16","MCRA","MCRA.AOS.S2","MCRA.SS.20241203.FIL","A00000447332","2024-12-03T19:30Z","2024-12-03T19:30Z","Illinois State Water Survey Central Analytical Laboratory",258.0,0.01310,5,"2024-12-05","A",,
"3ee6e4a8-189c-4e70-869f-fc81831ea7e3","D16","MCRA","MCRA.AOS.S2","MCRA.SS.20241203.FIL","A00000447332","2024-12-03T19:30Z","2024-12-03T19:30Z","Illinois State Water Survey Central Analytical Laboratory",488.0,0.00120,5,"2024-12-05","A",,
"c32d5bd0-2d8c-448d-8a45-883abe5cc655","D16","MCRA","MCRA.AOS.S2","MCRA.SS.20241203.FIL","A00000447332","2024-12-03T19:30Z","2024-12-03T19:30Z","Illinois State Water Survey Central Analytical Laboratory",420.0,0.00134,5,"2024-12-05","B",,
"dc45ac6e-110f-4b75-99cb-ff81f47a359d","D16","MCRA","MCRA.AOS.S2","MCRA.SS.20241203.FIL","A00000447332","2024-12-03T19:30Z","2024-12-03T19:30Z","Illinois State Water Survey Central Analytical Laboratory",438.0,0.00140,5,"2024-12-05","A",,
"7f8c9497-3b12-4137-8b87-43b96da9a151","D16","MCRA","MCRA.AOS.S2","MCRA.SS.20241203.FIL","A00000447332","2024-12-03T19:30Z","2024-12-03T19:30Z","Illinois State Water Survey Central Analytical Laboratory",504.0,0.00070,5,"2024-12-05","B",,
"33f99785-5aa7-4bcf-bf61-3d50b437cde9","D16","MCRA","MCRA.AOS.S2","MCRA.SS.20241203.FIL","A00000447332","2024-12-03T19:30Z","2024-12-03T19:30Z","Illinois State Water Survey Central Analytical Laboratory",356.0,0.00362,5,"2024-12-05","A",,
"2a1cb343-746b-4e5d-a3e8-d840816d7153","D16","MCRA","MCRA.AOS.S2","MCRA.SS.20241203.FIL","A00000447332","2024-12-03T19:30Z","2024-12-03T19:30Z","Illinois State Water Survey Central Analytical Laboratory",222.0,0.02566,5,"2024-12-05","A",,
"dc39844d-d9f6-4a95-915e-a8516caa2768","D16","MCRA","MCRA.AOS.S2","MCRA.SS.20241203.FIL","A00000447332","2024-12-03T19:30Z","2024-12-03T19:30Z","Illinois State Water Survey Central Analytical Laboratory",300.0,0.00796,5,"2024-12-05","A",,
"8cfe064b-21e7-4e99-aedc-f3db0041c9b5","D16","MCRA","MCRA.AOS.S2","MCRA.SS.20241203.FIL","A00000447332","2024-12-03T19:30Z","2024-12-03T19:30Z","Illinois State Water Survey Central Analytical Laboratory",494.0,0.00108,5,"2024-12-05","A",,
"2137a0b1-e823-487a-a3db-a6d06c5fca09","D16","MCRA","MCRA.AOS.S2","MCRA.SS.20241203.FIL","A00000447332","2024-12-03T19:30Z","2024-12-03T19:30Z","Illinois State Water Survey Central Analytical Laboratory",406.0,0.00184,5,"2024-12-05","A",,
"890f4167-1e63-4854-8e16-d02babbd8a9e","D16","MCRA","MCRA.AOS.S2","MCRA.SS.20241203.FIL","A00000447332","2024-12-03T19:30Z","2024-12-03T19:30Z","Illinois State Water Survey Central Analytical Laboratory",456.0,0.00090,5,"2024-12-05","B",,
"90ccc5b1-0b24-439e-aaf8-f36c66657821","D16","MCRA","MCRA.AOS.S2","MCRA.SS.20241203.FIL","A00000447332","2024-12-03T19:30Z","2024-12-03T19:30Z","Illinois State Water Survey Central Analytical Laboratory",572.0,0.00080,5,"2024-12-05","A",,
"e0d1a168-279c-4007-b767-f53ae9a4024b","D16","MCRA","MCRA.AOS.S2","MCRA.SS.20241203.FIL","A00000447332","2024-12-03T19:30Z","2024-12-03T19:30Z","Illinois State Water Survey Central Analytical Laboratory",324.0,0.00538,5,"2024-12-05","B",,
"b57f1141-92a9-4256-b8b6-a66e9b96a5ea","D16","MCRA","MCRA.AOS.S2","MCRA.SS.20241203.FIL","A00000447332","2024-12-03T19:30Z","2024-12-03T19:30Z","Illinois State Water Survey Central Analytical Laboratory",470.0,0.00128,5,"2024-12-05","A",,
"ab3d43b8-a68e-4f4f-afff-becead29504d","D16","MCRA","MCRA.AOS.S2","MCRA.SS.20241203.FIL","A00000447332","2024-12-03T19:30Z","2024-12-03T19:30Z","Illinois State Water Survey Central Analytical Laboratory",432.0,0.00144,5,"2024-12-05","A",,
"5e25c9d4-bbf5-40e2-8005-816cdee7bed8","D16","MCRA","MCRA.AOS.S2","MCRA.SS.20241203.FIL","A00000447332","2024-12-03T19:30Z","2024-12-03T19:30Z","Illinois State Water Survey Central Analytical Laboratory",490.0,0.00112,5,"2024-12-05","A",,
"cf7bbaa7-0c18-4684-92bb-427288e22cc9","D16","MCRA","MCRA.AOS.S2","MCRA.SS.20241203.FIL","A00000447332","2024-12-03T19:30Z","2024-12-03T19:30Z","Illinois State Water Survey Central Analytical Laboratory",294.0,0.00842,5,"2024-12-05","B",,
"382c361d-3d77-42dc-8cca-3c55dea1090e","D16","MCRA","MCRA.AOS.S2","MCRA.SS.20241203.FIL","A00000447332","2024-12-03T19:30Z","2024-12-03T19:30Z","Illinois State Water Survey Central Analytical Laboratory",414.0,0.00166,5,"2024-12-05","A",,
"0e2966ce-f17a-40ff-894a-73129c22efc2","D16","MCRA","MCRA.AOS.S2","MCRA.SS.20241203.FIL","A00000447332","2024-12-03T19:30Z","2024-12-03T19:30Z","Illinois State Water Survey Central Analytical Laboratory",590.0,0.00064,5,"2024-12-05","B",,
"7ceab518-9c59-40f5-ad5d-9fa5d9259979","D16","MCRA","MCRA.AOS.S2","MCRA.SS.20241203.FIL","A00000447332","2024-12-03T19:30Z","2024-12-03T19:30Z","Illinois State Water Survey Central Analytical Laboratory",258.0,0.01304,5,"2024-12-05","B",,
"64b1a373-6f34-4fc9-9b25-568e0f391360","D16","MCRA","MCRA.AOS.S2","MCRA.SS.20241203.FIL","A00000447332","2024-12-03T19:30Z","2024-12-03T19:30Z","Illinois State Water Survey Central Analytical Laboratory",500.0,0.00108,5,"2024-12-05","A",,
"f030d7e6-865b-434e-beb1-a13d6526e92e","D16","MCRA","MCRA.AOS.S2","MCRA.SS.20241203.FIL","A00000447332","2024-12-03T19:30Z","2024-12-03T19:30Z","Illinois State Water Survey Central Analytical Laboratory",302.0,0.00748,5,"2024-12-05","B",,
"f959a870-5943-41e9-a9b9-768192aec2e1","D16","MCRA","MCRA.AOS.S2","MCRA.SS.20241203.FIL","A00000447332","2024-12-03T19:30Z","2024-12-03T19:30Z","Illinois State Water Survey Central Analytical Laboratory",254.0,0.01352,5,"2024-12-05","B",,
"97517272-408c-48c2-b93a-9c95fd41f691","D16","MCRA","MCRA.AOS.S2","MCRA.SS.20241203.FIL","A00000447332","2024-12-03T19:30Z","2024-12-03T19:30Z","Illinois State Water Survey Central Analytical Laboratory",484.0,0.00122,5,"2024-12-05","A",,
"1a15663d-ee0e-4667-beb4-6b02cb1ef506","D16","MCRA","MCRA.AOS.S2","MCRA.SS.20241203.FIL","A00000447332","2024-12-03T19:30Z","2024-12-03T19:30Z","Illinois State Water Survey Central Analytical Laboratory",260.0,0.01280,5,"2024-12-05","B",,
"e7a93af3-005b-49ee-b7b5-36c3eb9640a8","D16","MCRA","MCRA.AOS.S2","MCRA.SS.20241203.FIL","A00000447332","2024-12-03T19:30Z","2024-12-03T19:30Z","Illinois State Water Survey Central Analytical Laboratory",274.0,0.01122,5,"2024-12-05","A",,
"6eaafb5c-ee13-4afc-8999-63054f14422f","D16","MCRA","MCRA.AOS.S2","MCRA.SS.20241203.FIL","A00000447332","2024-12-03T19:30Z","2024-12-03T19:30Z","Illinois State Water Survey Central Analytical Laboratory",364.0,0.00328,5,"2024-12-05","A",,
"1614a226-6929-420f-89c7-d72fbe06a197","D16","MCRA","MCRA.AOS.S2","MCRA.SS.20241203.FIL","A00000447332","2024-12-03T19:30Z","2024-12-03T19:30Z","Illinois State Water Survey Central Analytical Laboratory",282.0,0.01014,5,"2024-12-05","B",,
"9e67ad7d-825a-4c55-ba52-3776a360ae4f","D16","MCRA","MCRA.AOS.S2","MCRA.SS.20241203.FIL","A00000447332","2024-12-03T19:30Z","2024-12-03T19:30Z","Illinois State Water Survey Central Analytical Laboratory",522.0,0.00110,5,"2024-12-05","A",,
"c3ecb5b9-7b00-4cd0-8b50-8c6ab587852e","D16","MCRA","MCRA.AOS.S2","MCRA.SS.20241203.FIL","A00000447332","2024-12-03T19:30Z","2024-12-03T19:30Z","Illinois State Water Survey Central Analytical Laboratory",550.0,0.00090,5,"2024-12-05","A",,
"ab626b54-4731-4d0e-8948-6a0b0721b6f1","D16","MCRA","MCRA.AOS.S2","MCRA.SS.20241203.FIL","A00000447332","2024-12-03T19:30Z","2024-12-03T19:30Z","Illinois State Water Survey Central Analytical Laboratory",368.0,0.00306,5,"2024-12-05","A",,
"6f2855f5-50a2-42f7-a58c-494003c6f19c","D16","MCRA","MCRA.AOS.S2","MCRA.SS.20241203.FIL","A00000447332","2024-12-03T19:30Z","2024-12-03T19:30Z","Illinois State Water Survey Central Analytical Laboratory",230.0,0.02010,5,"2024-12-05","B",,
"e303dc46-f2d9-49fb-9399-a5c5bb960796","D16","MCRA","MCRA.AOS.S2","MCRA.SS.20241203.FIL","A00000447332","2024-12-03T19:30Z","2024-12-03T19:30Z","Illinois State Water Survey Central Analytical Laboratory",358.0,0.00348,5,"2024-12-05","A",,
"2c20773d-08bb-411a-ab63-6c44acd8b002","D16","MCRA","MCRA.AOS.S2","MCRA.SS.20241203.FIL","A00000447332","2024-12-03T19:30Z","2024-12-03T19:30Z","Illinois State Water Survey Central Analytical Laboratory",492.0,0.00116,5,"2024-12-05","A",,
"e7c9f156-e4e0-4afb-8416-5e19370b715f","D16","MCRA","MCRA.AOS.S2","MCRA.SS.20241203.FIL","A00000447332","2024-12-03T19:30Z","2024-12-03T19:30Z","Illinois State Water Survey Central Analytical Laboratory",516.0,0.00108,5,"2024-12-05","A",,
"d317bd04-3f51-4469-a58c-438d7df45626","D16","MCRA","MCRA.AOS.S2","MCRA.SS.20241203.FIL","A00000447332","2024-12-03T19:30Z","2024-12-03T19:30Z","Illinois State Water Survey Central Analytical Laboratory",418.0,0.00138,5,"2024-12-05","B",,
"c354b351-daf4-4090-8466-ff6b4c6b8e66","D16","MCRA","MCRA.AOS.S2","MCRA.SS.20241203.FIL","A00000447332","2024-12-03T19:30Z","2024-12-03T19:30Z","Illinois State Water Survey Central Analytical Laboratory",450.0,0.00136,5,"2024-12-05","A",,
"a4c570a8-ab44-4241-afb1-d05f668bed52","D16","MCRA","MCRA.AOS.S2","MCRA.SS.20241203.FIL","A00000447332","2024-12-03T19:30Z","2024-12-03T19:30Z","Illinois State Water Survey Central Analytical Laboratory",524.0,0.00068,5,"2024-12-05","B",,
"6af0ed26-8eb0-4f76-a1f0-beb5eece8172","D16","MCRA","MCRA.AOS.S2","MCRA.SS.20241203.FIL","A00000447332","2024-12-03T19:30Z","2024-12-03T19:30Z","Illinois State Water Survey Central Analytical Laboratory",506.0,0.00066,5,"2024-12-05","B",,
"2c4ea8b9-d0bd-4706-a0c9-3e7f47fe37b4","D16","MCRA","MCRA.AOS.S2","MCRA.SS.20241203.FIL","A00000447332","2024-12-03T19:30Z","2024-12-03T19:30Z","Illinois State Water Survey Central Analytical Laboratory",384.0,0.00210,5,"2024-12-05","B",,
"8e9c51e0-0683-418a-a04d-23ab25280ed8","D16","MCRA","MCRA.AOS.S2","MCRA.SS.20241203.FIL","A00000447332","2024-12-03T19:30Z","2024-12-03T19:30Z","Illinois State Water Survey Central Analytical Laboratory",514.0,0.00108,5,"2024-12-05","A",,
"58bffe78-dc79-4d8d-98a7-e24c173f6a74","D16","MCRA","MCRA.AOS.S2","MCRA.SS.20241203.FIL","A00000447332","2024-12-03T19:30Z","2024-12-03T19:30Z","Illinois State Water Survey Central Analytical Laboratory",526.0,0.00064,5,"2024-12-05","B",,
"1c31979d-a17d-48cc-b3da-20d72793279d","D16","MCRA","MCRA.AOS.S2","MCRA.SS.20241203.FIL","A00000447332","2024-12-03T19:30Z","2024-12-03T19:30Z","Illinois State Water Survey Central Analytical Laboratory",268.0,0.01186,5,"2024-12-05","B",,
"9a8d1791-71b6-40a7-9f91-d702e1ffb5cc","D16","MCRA","MCRA.AOS.S2","MCRA.SS.20241203.FIL","A00000447332","2024-12-03T19:30Z","2024-12-03T19:30Z","Illinois State Water Survey Central Analytical Laboratory",552.0,0.00090,5,"2024-12-05","A",,
"07c8c0bd-d059-44e2-9f99-e1f0796f7388","D16","MCRA","MCRA.AOS.S2","MCRA.SS.20241203.FIL","A00000447332","2024-12-03T19:30Z","2024-12-03T19:30Z","Illinois State Water Survey Central Analytical Laboratory",370.0,0.00300,5,"2024-12-05","A",,
"fcc7a29c-293d-4bfb-b2cb-ea897eb0c75b","D16","MCRA","MCRA.AOS.S2","MCRA.SS.20241203.FIL","A00000447332","2024-12-03T19:30Z","2024-12-03T19:30Z","Illinois State Water Survey Central Analytical Laboratory",478.0,0.00126,5,"2024-12-05","A",,
"c26380da-c77b-447f-801e-91864e520e39","D16","MCRA","MCRA.AOS.S2","MCRA.SS.20241203.FIL","A00000447332","2024-12-03T19:30Z","2024-12-03T19:30Z","Illinois State Water Survey Central Analytical Laboratory",400.0,0.00170,5,"2024-12-05","B",,
"22afd1a0-7141-466a-b9e6-a56b8a7adf13","D16","MCRA","MCRA.AOS.S2","MCRA.SS.20241203.FIL","A00000447332","2024-12-03T19:30Z","2024-12-03T19:30Z","Illinois State Water Survey Central Analytical Laboratory",598.0,0.00076,5,"2024-12-05","A",,
"00faaf9e-3a8d-4023-a8f6-6739bed481db","D16","MCRA","MCRA.AOS.S2","MCRA.SS.20241203.FIL","A00000447332","2024-12-03T19:30Z","2024-12-03T19:30Z","Illinois State Water Survey Central Analytical Laboratory",410.0,0.00150,5,"2024-12-05","B",,
"59a3e7ba-4634-4d5f-b0d4-c2decc0daa8e","D16","MCRA","MCRA.AOS.S2","MCRA.SS.20241203.FIL","A00000447332","2024-12-03T19:30Z","2024-12-03T19:30Z","Illinois State Water Survey Central Analytical Laboratory",310.0,0.00664,5,"2024-12-05","B",,
"ee452a18-118a-4dad-be40-b1eb72691602","D16","MCRA","MCRA.AOS.S2","MCRA.SS.20241203.FIL","A00000447332","2024-12-03T19:30Z","2024-12-03T19:30Z","Illinois State Water Survey Central Analytical Laboratory",538.0,0.00102,5,"2024-12-05","A",,
"c872cf26-da90-4099-bb80-519f55bab73a","D16","MCRA","MCRA.AOS.S2","MCRA.SS.20241203.FIL","A00000447332","2024-12-03T19:30Z","2024-12-03T19:30Z","Illinois State Water Survey Central Analytical Laboratory",530.0,0.00108,5,"2024-12-05","A",,
"f2a67440-3e84-4357-9168-a3fc2728a4f3","D16","MCRA","MCRA.AOS.S2","MCRA.SS.20241203.FIL","A00000447332","2024-12-03T19:30Z","2024-12-03T19:30Z","Illinois State Water Survey Central Analytical Laboratory",296.0,0.00842,5,"2024-12-05","A",,
"0151a88d-d521-405d-b051-ee13343ab5ba","D16","MCRA","MCRA.AOS.S2","MCRA.SS.20241203.FIL","A00000447332","2024-12-03T19:30Z","2024-12-03T19:30Z","Illinois State Water Survey Central Analytical Laboratory",462.0,0.00128,5,"2024-12-05","A",,
"1f8769b5-7959-423d-adae-66e40977a922","D16","MCRA","MCRA.AOS.S2","MCRA.SS.20241203.FIL","A00000447332","2024-12-03T19:30Z","2024-12-03T19:30Z","Illinois State Water Survey Central Analytical Laboratory",472.0,0.00076,5,"2024-12-05","B",,
"ce1bd455-6eef-4ef2-8ad4-0a6a67345e6d","D16","MCRA","MCRA.AOS.S2","MCRA.SS.20241203.FIL","A00000447332","2024-12-03T19:30Z","2024-12-03T19:30Z","Illinois State Water Survey Central Analytical Laboratory",350.0,0.00390,5,"2024-12-05","A",,
"f7a462f7-5bba-4b4c-bdd8-ed885f73756e","D16","MCRA","MCRA.AOS.S2","MCRA.SS.20241203.FIL","A00000447332","2024-12-03T19:30Z","2024-12-03T19:30Z","Illinois State Water Survey Central Analytical Laboratory",366.0,0.00276,5,"2024-12-05","B",,
"f927df0b-f3ab-457a-befd-6b8beee78c4a","D16","MCRA","MCRA.AOS.S2","MCRA.SS.20241203.FIL","A00000447332","2024-12-03T19:30Z","2024-12-03T19:30Z","Illinois State Water Survey Central Analytical Laboratory",440.0,0.00140,5,"2024-12-05","A",,
"d6644fef-e562-4988-9ecc-0f751544e883","D16","MCRA","MCRA.AOS.S2","MCRA.SS.20241203.FIL","A00000447332","2024-12-03T19:30Z","2024-12-03T19:30Z","Illinois State Water Survey Central Analytical Laboratory",560.0,0.00078,5,"2024-12-05","A",,
"7326ecb6-a6d8-4054-bd77-7e645eb523f2","D16","MCRA","MCRA.AOS.S2","MCRA.SS.20241203.FIL","A00000447332","2024-12-03T19:30Z","2024-12-03T19:30Z","Illinois State Water Survey Central Analytical Laboratory",242.0,0.01560,5,"2024-12-05","B",,
"1fd19f27-238d-4695-9053-94017af36d60","D16","MCRA","MCRA.AOS.S2","MCRA.SS.20241203.FIL","A00000447332","2024-12-03T19:30Z","2024-12-03T19:30Z","Illinois State Water Survey Central Analytical Laboratory",286.0,0.00974,5,"2024-12-05","A",,
"cc8f1426-c3d5-4abd-a8ee-b5784e961e54","D16","MCRA","MCRA.AOS.S2","MCRA.SS.20241203.FIL","A00000447332","2024-12-03T19:30Z","2024-12-03T19:30Z","Illinois State Water Survey Central Analytical Laboratory",408.0,0.00156,5,"2024-12-05","B",,
"08ed70ee-42d1-4487-8387-5f1cc9cbda3e","D16","MCRA","MCRA.AOS.S2","MCRA.SS.20241203.FIL","A00000447332","2024-12-03T19:30Z","2024-12-03T19:30Z","Illinois State Water Survey Central Analytical Laboratory",238.0,0.01682,5,"2024-12-05","A",,
"b6728728-4b45-4eaf-905e-f668f8f07507","D16","MCRA","MCRA.AOS.S2","MCRA.SS.20241203.FIL","A00000447332","2024-12-03T19:30Z","2024-12-03T19:30Z","Illinois State Water Survey Central Analytical Laboratory",464.0,0.00082,5,"2024-12-05","B",,
"bd9bfd2e-3bf5-49b8-ba53-fb2e7be23038","D16","MCRA","MCRA.AOS.S2","MCRA.SS.20241203.FIL","A00000447332","2024-12-03T19:30Z","2024-12-03T19:30Z","Illinois State Water Survey Central Analytical Laboratory",274.0,0.01114,5,"2024-12-05","B",,
"e0a26126-4052-4744-81f5-74180d0d9554","D16","MCRA","MCRA.AOS.S2","MCRA.SS.20241203.FIL","A00000447332","2024-12-03T19:30Z","2024-12-03T19:30Z","Illinois State Water Survey Central Analytical Laboratory",558.0,0.00082,5,"2024-12-05","A",,
"2a17c5b6-a27f-402e-96b1-9fd4781720df","D16","MCRA","MCRA.AOS.S2","MCRA.SS.20241203.FIL","A00000447332","2024-12-03T19:30Z","2024-12-03T19:30Z","Illinois State Water Survey Central Analytical Laboratory",270.0,0.01158,5,"2024-12-05","B",,
"3a170c69-feb8-4327-86db-8211205b50a2","D16","MCRA","MCRA.AOS.S2","MCRA.SS.20241203.FIL","A00000447332","2024-12-03T19:30Z","2024-12-03T19:30Z","Illinois State Water Survey Central Analytical Laboratory",248.0,0.01444,5,"2024-12-05","A",,
"295779a0-2ea0-4201-97c3-c819545afb65","D16","MCRA","MCRA.AOS.S2","MCRA.SS.20241203.FIL","A00000447332","2024-12-03T19:30Z","2024-12-03T19:30Z","Illinois State Water Survey Central Analytical Laboratory",306.0,0.00732,5,"2024-12-05","A",,
"80aede64-e103-419e-9499-6ab07e3d8825","D16","MCRA","MCRA.AOS.S2","MCRA.SS.20241203.FIL","A00000447332","2024-12-03T19:30Z","2024-12-03T19:30Z","Illinois State Water Survey Central Analytical Laboratory",554.0,0.00064,5,"2024-12-05","B",,
"62f6ace6-1af9-4d55-8390-9758650c837a","D16","MCRA","MCRA.AOS.S2","MCRA.SS.20241203.FIL","A00000447332","2024-12-03T19:30Z","2024-12-03T19:30Z","Illinois State Water Survey Central Analytical Laboratory",488.0,0.00078,5,"2024-12-05","B",,
"4468c59b-70c3-4319-84eb-45b455e9db73","D16","MCRA","MCRA.AOS.S2","MCRA.SS.20241203.FIL","A00000447332","2024-12-03T19:30Z","2024-12-03T19:30Z","Illinois State Water Survey Central Analytical Laboratory",452.0,0.00094,5,"2024-12-05","B",,
"c9074c85-6509-427f-b318-8a725bfe6e82","D16","MCRA","MCRA.AOS.S2","MCRA.SS.20241203.FIL","A00000447332","2024-12-03T19:30Z","2024-12-03T19:30Z","Illinois State Water Survey Central Analytical Laboratory",364.0,0.00284,5,"2024-12-05","B",,
"932b2b93-b6fe-4d1a-8163-3df2d3f1739c","D16","MCRA","MCRA.AOS.S2","MCRA.SS.20241203.FIL","A00000447332","2024-12-03T19:30Z","2024-12-03T19:30Z","Illinois State Water Survey Central Analytical Laboratory",252.0,0.01382,5,"2024-12-05","A",,
"f55d6d3d-94fc-4673-9831-93f3da5dbcb5","D16","MCRA","MCRA.AOS.S2","MCRA.SS.20241203.FIL","A00000447332","2024-12-03T19:30Z","2024-12-03T19:30Z","Illinois State Water Survey Central Analytical Laboratory",372.0,0.00248,5,"2024-12-05","B",,
"c911510e-4cdf-4f90-ab6a-fc2ca902431f","D16","MCRA","MCRA.AOS.S2","MCRA.SS.20241203.FIL","A00000447332","2024-12-03T19:30Z","2024-12-03T19:30Z","Illinois State Water Survey Central Analytical Laboratory",576.0,0.00080,5,"2024-12-05","A",,
"2b77cf0f-58be-40da-a33c-40e630eaf48d","D16","MCRA","MCRA.AOS.S2","MCRA.SS.20241203.FIL","A00000447332","2024-12-03T19:30Z","2024-12-03T19:30Z","Illinois State Water Survey Central Analytical Laboratory",590.0,0.00074,5,"2024-12-05","A",,
"10e613da-82b3-4c0e-941b-3a1188f3702b","D16","MCRA","MCRA.AOS.S2","MCRA.SS.20241203.FIL","A00000447332","2024-12-03T19:30Z","2024-12-03T19:30Z","Illinois State Water Survey Central Analytical Laboratory",242.0,0.01564,5,"2024-12-05","A",,
"958ce9e1-2a7c-478c-90cf-dac3c02e765b","D16","MCRA","MCRA.AOS.S2","MCRA.SS.20241203.FIL","A00000447332","2024-12-03T19:30Z","2024-12-03T19:30Z","Illinois State Water Survey Central Analytical Laboratory",376.0,0.00230,5,"2024-12-05","B",,
"b2ce51c6-adab-440c-aa19-a0af43491701","D16","MCRA","MCRA.AOS.S2","MCRA.SS.20241203.FIL","A00000447332","2024-12-03T19:30Z","2024-12-03T19:30Z","Illinois State Water Survey Central Analytical Laboratory",508.0,0.00104,5,"2024-12-05","A",,
"a09faf31-2df2-49ec-8861-c7ce431ac94e","D16","MCRA","MCRA.AOS.S2","MCRA.SS.20241203.FIL","A00000447332","2024-12-03T19:30Z","2024-12-03T19:30Z","Illinois State Water Survey Central Analytical Laboratory",498.0,0.00106,5,"2024-12-05","A",,
"d79b67a8-8c32-4743-a368-6ab0b54e496a","D16","MCRA","MCRA.AOS.S2","MCRA.SS.20241203.FIL","A00000447332","2024-12-03T19:30Z","2024-12-03T19:30Z","Illinois State Water Survey Central Analytical Laboratory",234.0,0.01824,5,"2024-12-05","A",,
"4f20b625-5b75-4e81-b300-740a7eea708a","D16","MCRA","MCRA.AOS.S2","MCRA.SS.20241203.FIL","A00000447332","2024-12-03T19:30Z","2024-12-03T19:30Z","Illinois State Water Survey Central Analytical Laboratory",412.0,0.00146,5,"2024-12-05","B",,
"0dca8fc5-7c0d-40b1-a3c5-dd77f0d9e40d","D16","MCRA","MCRA.AOS.S2","MCRA.SS.20241203.FIL","A00000447332","2024-12-03T19:30Z","2024-12-03T19:30Z","Illinois State Water Survey Central Analytical Laboratory",454.0,0.00134,5,"2024-12-05","A",,
"907b848e-0add-44c9-8c3d-4f6a8dadb47a","D16","MCRA","MCRA.AOS.S2","MCRA.SS.20241203.FIL","A00000447332","2024-12-03T19:30Z","2024-12-03T19:30Z","Illinois State Water Survey Central Analytical Laboratory",518.0,0.00112,5,"2024-12-05","A",,
"88d21f28-fec3-4453-a56a-d9a680b76726","D16","MCRA","MCRA.AOS.S2","MCRA.SS.20241203.FIL","A00000447332","2024-12-03T19:30Z","2024-12-03T19:30Z","Illinois State Water Survey Central Analytical Laboratory",584.0,0.00080,5,"2024-12-05","A",,
"e957c089-d23b-4bd2-86a6-294c19c44957","D16","MCRA","MCRA.AOS.S2","MCRA.SS.20241203.FIL","A00000447332","2024-12-03T19:30Z","2024-12-03T19:30Z","Illinois State Water Survey Central Analytical Laboratory",256.0,0.01326,5,"2024-12-05","B",,
"7e193e64-6d48-4a93-8340-511be10a1d4b","D16","MCRA","MCRA.AOS.S2","MCRA.SS.20241203.FIL","A00000447332","2024-12-03T19:30Z","2024-12-03T19:30Z","Illinois State Water Survey Central Analytical Laboratory",398.0,0.00172,5,"2024-12-05","B",,
"6ee1b6c0-aa1c-4d68-82e0-68972a2fc5bc","D16","MCRA","MCRA.AOS.S2","MCRA.SS.20241203.FIL","A00000447332","2024-12-03T19:30Z","2024-12-03T19:30Z","Illinois State Water Survey Central Analytical Laboratory",372.0,0.00290,5,"2024-12-05","A",,
"fc4adc47-aa21-49cb-a3c6-4d202d8abb14","D16","MCRA","MCRA.AOS.S2","MCRA.SS.20241203.FIL","A00000447332","2024-12-03T19:30Z","2024-12-03T19:30Z","Illinois State Water Survey Central Analytical Laboratory",324.0,0.00574,5,"2024-12-05","A",,
"2523d836-ea70-4b54-b680-458d83b4c948","D16","MCRA","MCRA.AOS.S2","MCRA.SS.20241203.FIL","A00000447332","2024-12-03T19:30Z","2024-12-03T19:30Z","Illinois State Water Survey Central Analytical Laboratory",254.0,0.01360,5,"2024-12-05","A",,
"a45eecbd-6e95-480c-be7f-59bb1d9246f5","D16","MCRA","MCRA.AOS.S2","MCRA.SS.20241203.FIL","A00000447332","2024-12-03T19:30Z","2024-12-03T19:30Z","Illinois State Water Survey Central Analytical Laboratory",266.0,0.01208,5,"2024-12-05","B",,
"bfe346b9-79da-4233-a6a9-447a664c9594","D16","MCRA","MCRA.AOS.S2","MCRA.SS.20241203.FIL","A00000447332","2024-12-03T19:30Z","2024-12-03T19:30Z","Illinois State Water Survey Central Analytical Laboratory",600.0,0.00088,5,"2024-12-05","A",,
"0cf05666-81b8-4592-ad1f-be7ee2f2559b","D16","MCRA","MCRA.AOS.S2","MCRA.SS.20241203.FIL","A00000447332","2024-12-03T19:30Z","2024-12-03T19:30Z","Illinois State Water Survey Central Analytical Laboratory",346.0,0.00412,5,"2024-12-05","A",,
"064d40c3-2176-4c48-8499-1383a6d34f25","D16","MCRA","MCRA.AOS.S2","MCRA.SS.20241203.FIL","A00000447332","2024-12-03T19:30Z","2024-12-03T19:30Z","Illinois State Water Survey Central Analytical Laboratory",266.0,0.01216,5,"2024-12-05","A",,
"2051aec5-f8a6-4ea1-be59-64bcb75e2ded","D16","MCRA","MCRA.AOS.S2","MCRA.SS.20241203.FIL","A00000447332","2024-12-03T19:30Z","2024-12-03T19:30Z","Illinois State Water Survey Central Analytical Laboratory",330.0,0.00520,5,"2024-12-05","A",,
"2b023874-0b8a-4a4a-9efa-048da04d0ea8","D16","MCRA","MCRA.AOS.S2","MCRA.SS.20241203.FIL","A00000447332","2024-12-03T19:30Z","2024-12-03T19:30Z","Illinois State Water Survey Central Analytical Laboratory",494.0,0.00072,5,"2024-12-05","B",,
"5b1add92-48b9-4e39-9763-967e727e2b42","D16","MCRA","MCRA.AOS.S2","MCRA.SS.20241203.FIL","A00000447332","2024-12-03T19:30Z","2024-12-03T19:30Z","Illinois State Water Survey Central Analytical Laboratory",520.0,0.00060,5,"2024-12-05","B",,
"f5d636f6-127a-47cd-9eff-ea2d8fee7671","D16","MCRA","MCRA.AOS.S2","MCRA.SS.20241203.FIL","A00000447332","2024-12-03T19:30Z","2024-12-03T19:30Z","Illinois State Water Survey Central Analytical Laboratory",278.0,0.01074,5,"2024-12-05","A",,
"979a8416-21a1-418e-8c49-a3c3d72e07d5","D16","MCRA","MCRA.AOS.S2","MCRA.SS.20241203.FIL","A00000447332","2024-12-03T19:30Z","2024-12-03T19:30Z","Illinois State Water Survey Central Analytical Laboratory",390.0,0.00190,5,"2024-12-05","B",,
"9416bec2-bfd5-4404-bf1a-a85de2bf981a","D16","MCRA","MCRA.AOS.S2","MCRA.SS.20241203.FIL","A00000447332","2024-12-03T19:30Z","2024-12-03T19:30Z","Illinois State Water Survey Central Analytical Laboratory",500.0,0.00074,5,"2024-12-05","B",,
"0a7d23c5-4d55-4656-a019-0e0705beb418","D16","MCRA","MCRA.AOS.S2","MCRA.SS.20241203.FIL","A00000447332","2024-12-03T19:30Z","2024-12-03T19:30Z","Illinois State Water Survey Central Analytical Laboratory",264.0,0.01242,5,"2024-12-05","A",,
"5eab2756-e46a-465b-99fc-2a57437cd916","D16","MCRA","MCRA.AOS.S2","MCRA.SS.20241203.FIL","A00000447332","2024-12-03T19:30Z","2024-12-03T19:30Z","Illinois State Water Survey Central Analytical Laboratory",580.0,0.00066,5,"2024-12-05","B",,
"adc9d3ce-6997-4e57-b341-efb3149d9ea3","D16","MCRA","MCRA.AOS.S2","MCRA.SS.20241203.FIL","A00000447332","2024-12-03T19:30Z","2024-12-03T19:30Z","Illinois State Water Survey Central Analytical Laboratory",392.0,0.00186,5,"2024-12-05","B",,
"e1a8142a-8cfb-4ac1-a690-da10598586f7","D16","MCRA","MCRA.AOS.S2","MCRA.SS.20241203.FIL","A00000447332","2024-12-03T19:30Z","2024-12-03T19:30Z","Illinois State Water Survey Central Analytical Laboratory",582.0,0.00066,5,"2024-12-05","B",,
"c1a331a5-d477-47b8-b854-540d2b82e3c0","D16","MCRA","MCRA.AOS.S2","MCRA.SS.20241203.FIL","A00000447332","2024-12-03T19:30Z","2024-12-03T19:30Z","Illinois State Water Survey Central Analytical Laboratory",234.0,0.01820,5,"2024-12-05","B",,
"52b3c72b-cba2-4da1-a778-b3b848e629be","D16","MCRA","MCRA.AOS.S2","MCRA.SS.20241203.FIL","A00000447332","2024-12-03T19:30Z","2024-12-03T19:30Z","Illinois State Water Survey Central Analytical Laboratory",330.0,0.00486,5,"2024-12-05","B",,
"146d00a3-6cd8-4623-82c1-89ea3e898881","D16","MCRA","MCRA.AOS.S2","MCRA.SS.20241203.FIL","A00000447332","2024-12-03T19:30Z","2024-12-03T19:30Z","Illinois State Water Survey Central Analytical Laboratory",362.0,0.00336,5,"2024-12-05","A",,
"45b5f06c-3e4c-44cc-aca7-a2ed68069951","D16","MCRA","MCRA.AOS.S2","MCRA.SS.20241203.FIL","A00000447332","2024-12-03T19:30Z","2024-12-03T19:30Z","Illinois State Water Survey Central Analytical Laboratory",314.0,0.00660,5,"2024-12-05","A",,
"ae98773a-c97d-4526-8f3c-efdf73413de8","D16","MCRA","MCRA.AOS.S2","MCRA.SS.20241203.FIL","A00000447332","2024-12-03T19:30Z","2024-12-03T19:30Z","Illinois State Water Survey Central Analytical Laboratory",568.0,0.00064,5,"2024-12-05","B",,
"34dff12c-8e31-4152-88bc-a00f42a05399","D16","MCRA","MCRA.AOS.S2","MCRA.SS.20241203.FIL","A00000447332","2024-12-03T19:30Z","2024-12-03T19:30Z","Illinois State Water Survey Central Analytical Laboratory",320.0,0.00574,5,"2024-12-05","B",,
"b4211243-9432-42e3-9597-7e35040960cd","D16","MCRA","MCRA.AOS.S2","MCRA.SS.20241203.FIL","A00000447332","2024-12-03T19:30Z","2024-12-03T19:30Z","Illinois State Water Survey Central Analytical Laboratory",466.0,0.00084,5,"2024-12-05","B",,
"696d0c15-f19f-4a11-ab8c-6bc428884f1d","D16","MCRA","MCRA.AOS.S2","MCRA.SS.20241203.FIL","A00000447332","2024-12-03T19:30Z","2024-12-03T19:30Z","Illinois State Water Survey Central Analytical Laboratory",350.0,0.00354,5,"2024-12-05","B",,
"20e745d1-ac83-4c0b-9c0b-55f258857258","D16","MCRA","MCRA.AOS.S2","MCRA.SS.20241203.FIL","A00000447332","2024-12-03T19:30Z","2024-12-03T19:30Z","Illinois State Water Survey Central Analytical Laboratory",452.0,0.00134,5,"2024-12-05","A",,
"d78ac160-135d-48aa-8d96-b99fc3427017","D16","MCRA","MCRA.AOS.S2","MCRA.SS.20241203.FIL","A00000447332","2024-12-03T19:30Z","2024-12-03T19:30Z","Illinois State Water Survey Central Analytical Laboratory",416.0,0.00138,5,"2024-12-05","B",,
"c629c8dc-14f3-4e81-a136-95ef88586cb0","D16","MCRA","MCRA.AOS.S2","MCRA.SS.20241203.FIL","A00000447332","2024-12-03T19:30Z","2024-12-03T19:30Z","Illinois State Water Survey Central Analytical Laboratory",474.0,0.00074,5,"2024-12-05","B",,
"b9ae773b-bf2c-4095-b7bd-833cded4c51b","D16","MCRA","MCRA.AOS.S2","MCRA.SS.20241203.FIL","A00000447332","2024-12-03T19:30Z","2024-12-03T19:30Z","Illinois State Water Survey Central Analytical Laboratory",592.0,0.00068,5,"2024-12-05","B",,
"dd0d9f0b-ecbe-47b9-a59e-51b712b7d146","D16","MCRA","MCRA.AOS.S2","MCRA.SS.20241203.FIL","A00000447332","2024-12-03T19:30Z","2024-12-03T19:30Z","Illinois State Water Survey Central Analytical Laboratory",392.0,0.00218,5,"2024-12-05","A",,
"7e25ec8b-1d61-4878-8170-61ce98e87566","D16","MCRA","MCRA.AOS.S2","MCRA.SS.20241203.FIL","A00000447332","2024-12-03T19:30Z","2024-12-03T19:30Z","Illinois State Water Survey Central Analytical Laboratory",236.0,0.01746,5,"2024-12-05","A",,
"a3d43a48-35fa-4d74-81ee-afc8ee0851fb","D16","MCRA","MCRA.AOS.S2","MCRA.SS.20241203.FIL","A00000447332","2024-12-03T19:30Z","2024-12-03T19:30Z","Illinois State Water Survey Central Analytical Laboratory",586.0,0.00076,5,"2024-12-05","A",,
"68f15f8b-2059-42fb-b826-ceca97bc8628","D16","MCRA","MCRA.AOS.S2","MCRA.SS.20241203.FIL","A00000447332","2024-12-03T19:30Z","2024-12-03T19:30Z","Illinois State Water Survey Central Analytical Laboratory",588.0,0.00066,5,"2024-12-05","B",,
"c0c883ce-3b9e-422f-87f8-0eec7efd8398","D16","MCRA","MCRA.AOS.S2","MCRA.SS.20241203.FIL","A00000447332","2024-12-03T19:30Z","2024-12-03T19:30Z","Illinois State Water Survey Central Analytical Laboratory",302.0,0.00774,5,"2024-12-05","A",,
"fbacd2ee-9cd4-47c9-9b25-0d2af8fea4f1","D16","MCRA","MCRA.AOS.S2","MCRA.SS.20241203.FIL","A00000447332","2024-12-03T19:30Z","2024-12-03T19:30Z","Illinois State Water Survey Central Analytical Laboratory",472.0,0.00126,5,"2024-12-05","A",,
"a063a22b-6525-4deb-9659-b48796df4e20","D16","MCRA","MCRA.AOS.S2","MCRA.SS.20241203.FIL","A00000447332","2024-12-03T19:30Z","2024-12-03T19:30Z","Illinois State Water Survey Central Analytical Laboratory",436.0,0.00140,5,"2024-12-05","A",,
"7766380c-c5d3-4ee2-979c-05dfeeafddaf","D16","MCRA","MCRA.AOS.S2","MCRA.SS.20241203.FIL","A00000447332","2024-12-03T19:30Z","2024-12-03T19:30Z","Illinois State Water Survey Central Analytical Laboratory",542.0,0.00068,5,"2024-12-05","B",,
"17aeaa4a-dc74-4849-b191-ed4c4e2fe0ee","D16","MCRA","MCRA.AOS.S2","MCRA.SS.20241203.FIL","A00000447332","2024-12-03T19:30Z","2024-12-03T19:30Z","Illinois State Water Survey Central Analytical Laboratory",376.0,0.00274,5,"2024-12-05","A",,
"528a334a-58db-4462-9f24-9c27c9b62fb2","D16","MCRA","MCRA.AOS.S2","MCRA.SS.20241203.FIL","A00000447332","2024-12-03T19:30Z","2024-12-03T19:30Z","Illinois State Water Survey Central Analytical Laboratory",292.0,0.00892,5,"2024-12-05","A",,
"4bc2a7ad-52cd-44e9-a2b9-9604029fb86a","D16","MCRA","MCRA.AOS.S2","MCRA.SS.20241203.FIL","A00000447332","2024-12-03T19:30Z","2024-12-03T19:30Z","Illinois State Water Survey Central Analytical Laboratory",236.0,0.01742,5,"2024-12-05","B",,
"3ec99e22-70e6-4837-bcdf-a26ca3ec5cfa","D16","MCRA","MCRA.AOS.S2","MCRA.SS.20241203.FIL","A00000447332","2024-12-03T19:30Z","2024-12-03T19:30Z","Illinois State Water Survey Central Analytical Laboratory",578.0,0.00066,5,"2024-12-05","B",,
"30fae7d1-d5f6-49d9-95c2-16d28fe2174c","D16","MCRA","MCRA.AOS.S2","MCRA.SS.20241203.FIL","A00000447332","2024-12-03T19:30Z","2024-12-03T19:30Z","Illinois State Water Survey Central Analytical Laboratory",238.0,0.01676,5,"2024-12-05","B",,
"97a172a8-a591-4b69-ba11-14baae4bdb7b","D16","MCRA","MCRA.AOS.S2","MCRA.SS.20241203.FIL","A00000447332","2024-12-03T19:30Z","2024-12-03T19:30Z","Illinois State Water Survey Central Analytical Laboratory",560.0,0.00068,5,"2024-12-05","B",,
"c27873e2-6474-4327-87e8-c49e6f31cefd","D16","MCRA","MCRA.AOS.S2","MCRA.SS.20241203.FIL","A00000447332","2024-12-03T19:30Z","2024-12-03T19:30Z","Illinois State Water Survey Central Analytical Laboratory",396.0,0.00180,5,"2024-12-05","B",,
"a3a97f3f-8c28-4dc1-ad6b-eaa1f97e73b9","D16","MCRA","MCRA.AOS.S2","MCRA.SS.20241203.FIL","A00000447332","2024-12-03T19:30Z","2024-12-03T19:30Z","Illinois State Water Survey Central Analytical Laboratory",280.0,0.01048,5,"2024-12-05","A",,
"4985cb69-ad36-4291-89b6-66265465628e","D16","MCRA","MCRA.AOS.S2","MCRA.SS.20241203.FIL","A00000447332","2024-12-03T19:30Z","2024-12-03T19:30Z","Illinois State Water Survey Central Analytical Laboratory",296.0,0.00822,5,"2024-12-05","B",,
"5c18126b-184f-4aed-9f7e-75024dc21d32","D16","MCRA","MCRA.AOS.S2","MCRA.SS.20241203.FIL","A00000447332","2024-12-03T19:30Z","2024-12-03T19:30Z","Illinois State Water Survey Central Analytical Laboratory",418.0,0.00164,5,"2024-12-05","A",,
"63bb69d0-b393-4a59-a0c3-b13182244fe8","D16","MCRA","MCRA.AOS.S2","MCRA.SS.20241203.FIL","A00000447332","2024-12-03T19:30Z","2024-12-03T19:30Z","Illinois State Water Survey Central Analytical Laboratory",308.0,0.00714,5,"2024-12-05","A",,
"e16740ee-763f-414d-9f09-a2627952285e","D16","MCRA","MCRA.AOS.S2","MCRA.SS.20241203.FIL","A00000447332","2024-12-03T19:30Z","2024-12-03T19:30Z","Illinois State Water Survey Central Analytical Laboratory",448.0,0.00098,5,"2024-12-05","B",,
"3d13694f-bf52-46f7-924c-ea29fafd10c0","D16","MCRA","MCRA.AOS.S2","MCRA.SS.20241203.FIL","A00000447332","2024-12-03T19:30Z","2024-12-03T19:30Z","Illinois State Water Survey Central Analytical Laboratory",528.0,0.00108,5,"2024-12-05","A",,
"67275b21-a320-459a-be46-723906d755c9","D16","MCRA","MCRA.AOS.S2","MCRA.SS.20241203.FIL","A00000447332","2024-12-03T19:30Z","2024-12-03T19:30Z","Illinois State Water Survey Central Analytical Laboratory",544.0,0.00094,5,"2024-12-05","A",,
"263cfb74-42cb-497c-bb16-277ec359db94","D16","MCRA","MCRA.AOS.S2","MCRA.SS.20241203.FIL","A00000447332","2024-12-03T19:30Z","2024-12-03T19:30Z","Illinois State Water Survey Central Analytical Laboratory",496.0,0.00074,5,"2024-12-05","B",,
"69e6e92c-c84b-487c-9143-75d597752a30","D16","MCRA","MCRA.AOS.S2","MCRA.SS.20241203.FIL","A00000447332","2024-12-03T19:30Z","2024-12-03T19:30Z","Illinois State Water Survey Central Analytical Laboratory",548.0,0.00068,5,"2024-12-05","B",,
"28a716c6-a551-4b2a-8fe9-449b713d4e38","D16","MCRA","MCRA.AOS.S2","MCRA.SS.20241203.FIL","A00000447332","2024-12-03T19:30Z","2024-12-03T19:30Z","Illinois State Water Survey Central Analytical Laboratory",338.0,0.00464,5,"2024-12-05","A",,
"a1276066-3e85-465c-8630-06dbcff025e1","D16","MCRA","MCRA.AOS.S2","MCRA.SS.20241203.FIL","A00000447332","2024-12-03T19:30Z","2024-12-03T19:30Z","Illinois State Water Survey Central Analytical Laboratory",420.0,0.00160,5,"2024-12-05","A",,
"13bd5e44-c48a-445c-a9ce-8ee089f4f21a","D16","MCRA","MCRA.AOS.S2","MCRA.SS.20241203.FIL","A00000447332","2024-12-03T19:30Z","2024-12-03T19:30Z","Illinois State Water Survey Central Analytical Laboratory",264.0,0.01232,5,"2024-12-05","B",,
"645d4ce8-8429-42f6-8739-bcf5ee2bd7fd","D16","MCRA","MCRA.AOS.S2","MCRA.SS.20241203.FIL","A00000447332","2024-12-03T19:30Z","2024-12-03T19:30Z","Illinois State Water Survey Central Analytical Laboratory",534.0,0.00102,5,"2024-12-05","A",,
"628316f1-8c5e-447d-89b7-bb932364326a","D16","MCRA","MCRA.AOS.S2","MCRA.SS.20241203.FIL","A00000447332","2024-12-03T19:30Z","2024-12-03T19:30Z","Illinois State Water Survey Central Analytical Laboratory",310.0,0.00694,5,"2024-12-05","A",,
"3838be51-6460-48f0-ad0c-2a4a8d9bc73a","D16","MCRA","MCRA.AOS.S2","MCRA.SS.20241203.FIL","A00000447332","2024-12-03T19:30Z","2024-12-03T19:30Z","Illinois State Water Survey Central Analytical Laboratory",532.0,0.00104,5,"2024-12-05","A",,
"48f542eb-bb2d-44e6-b0ed-a4044d2a4cb9","D16","MCRA","MCRA.AOS.S2","MCRA.SS.20241203.FIL","A00000447332","2024-12-03T19:30Z","2024-12-03T19:30Z","Illinois State Water Survey Central Analytical Laboratory",298.0,0.00796,5,"2024-12-05","B",,
"da986312-8180-4501-967c-210572f40f07","D16","MCRA","MCRA.AOS.S2","MCRA.SS.20241203.FIL","A00000447332","2024-12-03T19:30Z","2024-12-03T19:30Z","Illinois State Water Survey Central Analytical Laboratory",380.0,0.00260,5,"2024-12-05","A",,
"3b25503c-2a55-4f71-a613-c8898154e93b","D16","MCRA","MCRA.AOS.S2","MCRA.SS.20241203.FIL","A00000447332","2024-12-03T19:30Z","2024-12-03T19:30Z","Illinois State Water Survey Central Analytical Laboratory",352.0,0.00382,5,"2024-12-05","A",,
"c61e4e3b-d474-4a07-ab06-267a34297524","D16","MCRA","MCRA.AOS.S2","MCRA.SS.20241203.FIL","A00000447332","2024-12-03T19:30Z","2024-12-03T19:30Z","Illinois State Water Survey Central Analytical Laboratory",546.0,0.00064,5,"2024-12-05","B",,
"39262841-3887-4646-913b-ce37b63f3ea8","D16","MCRA","MCRA.AOS.S2","MCRA.SS.20241203.FIL","A00000447332","2024-12-03T19:30Z","2024-12-03T19:30Z","Illinois State Water Survey Central Analytical Laboratory",446.0,0.00098,5,"2024-12-05","B",,
"e08e3eaf-344f-4e72-8145-50fd5523a4fa","D16","MCRA","MCRA.AOS.S2","MCRA.SS.20241203.FIL","A00000447332","2024-12-03T19:30Z","2024-12-03T19:30Z","Illinois State Water Survey Central Analytical Laboratory",592.0,0.00080,5,"2024-12-05","A",,
"774d409d-5e9c-4b9a-b5b0-4dd98a1cafdf","D16","MCRA","MCRA.AOS.S2","MCRA.SS.20241203.FIL","A00000447332","2024-12-03T19:30Z","2024-12-03T19:30Z","Illinois State Water Survey Central Analytical Laboratory",572.0,0.00066,5,"2024-12-05","B",,
"2ceccea8-c1b4-40de-86e7-55b72266d27c","D16","MCRA","MCRA.AOS.S2","MCRA.SS.20241203.FIL","A00000447332","2024-12-03T19:30Z","2024-12-03T19:30Z","Illinois State Water Survey Central Analytical Laboratory",348.0,0.00362,5,"2024-12-05","B",,
"f6105028-6bbe-453c-90a6-5462b91a8088","D16","MCRA","MCRA.AOS.S2","MCRA.SS.20241203.FIL","A00000447332","2024-12-03T19:30Z","2024-12-03T19:30Z","Illinois State Water Survey Central Analytical Laboratory",574.0,0.00080,5,"2024-12-05","A",,
"24c49ac6-c36b-45b1-9855-55c49be34f30","D16","MCRA","MCRA.AOS.S2","MCRA.SS.20241203.FIL","A00000447332","2024-12-03T19:30Z","2024-12-03T19:30Z","Illinois State Water Survey Central Analytical Laboratory",544.0,0.00064,5,"2024-12-05","B",,
"5744950b-d26b-41ad-b779-3bc8e08c5d1b","D16","MCRA","MCRA.AOS.S2","MCRA.SS.20241203.FIL","A00000447332","2024-12-03T19:30Z","2024-12-03T19:30Z","Illinois State Water Survey Central Analytical Laboratory",462.0,0.00086,5,"2024-12-05","B",,
"297d7ea4-0ae1-43ae-ada4-7f0e7889ece4","D16","MCRA","MCRA.AOS.S2","MCRA.SS.20241203.FIL","A00000447332","2024-12-03T19:30Z","2024-12-03T19:30Z","Illinois State Water Survey Central Analytical Laboratory",422.0,0.00132,5,"2024-12-05","B",,
"838955c6-bdd2-4502-9ea5-b0650b994455","D16","MCRA","MCRA.AOS.S2","MCRA.SS.20241203.FIL","A00000447332","2024-12-03T19:30Z","2024-12-03T19:30Z","Illinois State Water Survey Central Analytical Laboratory",226.0,0.02244,5,"2024-12-05","B",,
"4743c901-d693-4c6a-ad9c-f22677a49e40","D16","MCRA","MCRA.AOS.S2","MCRA.SS.20241203.FIL","A00000447332","2024-12-03T19:30Z","2024-12-03T19:30Z","Illinois State Water Survey Central Analytical Laboratory",248.0,0.01436,5,"2024-12-05","B",,
"d9c27394-e1c6-4826-9a1e-4a359348e057","D16","MCRA","MCRA.AOS.S2","MCRA.SS.20241203.FIL","A00000447332","2024-12-03T19:30Z","2024-12-03T19:30Z","Illinois State Water Survey Central Analytical Laboratory",272.0,0.01144,5,"2024-12-05","A",,
"784d039d-c02b-4741-b659-b1a9f675cda0","D16","MCRA","MCRA.AOS.S2","MCRA.SS.20241203.FIL","A00000447332","2024-12-03T19:30Z","2024-12-03T19:30Z","Illinois State Water Survey Central Analytical Laboratory",228.0,0.02110,5,"2024-12-05","B",,
"4ffadb7f-1c7d-484a-9d7d-ec1113935915","D16","MCRA","MCRA.AOS.S2","MCRA.SS.20241203.FIL","A00000447332","2024-12-03T19:30Z","2024-12-03T19:30Z","Illinois State Water Survey Central Analytical Laboratory",320.0,0.00608,5,"2024-12-05","A",,
"3bde79b3-47a7-4e78-a851-3334e7c2034a","D16","MCRA","MCRA.AOS.S2","MCRA.SS.20241203.FIL","A00000447332","2024-12-03T19:30Z","2024-12-03T19:30Z","Illinois State Water Survey Central Analytical Laboratory",582.0,0.00080,5,"2024-12-05","A",,
"fbb72b23-a8b1-44ba-a1a1-df04141d413a","D16","MCRA","MCRA.AOS.S2","MCRA.SS.20241203.FIL","A00000447332","2024-12-03T19:30Z","2024-12-03T19:30Z","Illinois State Water Survey Central Analytical Laboratory",250.0,0.01414,5,"2024-12-05","A",,
"da725bef-fbb8-461c-8432-a12e5f9f2654","D16","MCRA","MCRA.AOS.S2","MCRA.SS.20241203.FIL","A00000447332","2024-12-03T19:30Z","2024-12-03T19:30Z","Illinois State Water Survey Central Analytical Laboratory",496.0,0.00106,5,"2024-12-05","A",,
"ebae7b3b-e418-4883-91a7-29a7809fbde3","D16","MCRA","MCRA.AOS.S2","MCRA.SS.20241203.FIL","A00000447332","2024-12-03T19:30Z","2024-12-03T19:30Z","Illinois State Water Survey Central Analytical Laboratory",444.0,0.00100,5,"2024-12-05","B",,
"0b5afd2e-7545-4635-8a4c-c887b9ff9052","D16","MCRA","MCRA.AOS.S2","MCRA.SS.20241203.FIL","A00000447332","2024-12-03T19:30Z","2024-12-03T19:30Z","Illinois State Water Survey Central Analytical Laboratory",552.0,0.00066,5,"2024-12-05","B",,
"11621417-524b-439f-807f-46f4846c4618","D16","MCRA","MCRA.AOS.S2","MCRA.SS.20241203.FIL","A00000447332","2024-12-03T19:30Z","2024-12-03T19:30Z","Illinois State Water Survey Central Analytical Laboratory",476.0,0.00078,5,"2024-12-05","B",,
"0e8892b9-884e-4a0d-8339-d11aaac6535e","D16","MCRA","MCRA.AOS.S2","MCRA.SS.20241203.FIL","A00000447332","2024-12-03T19:30Z","2024-12-03T19:30Z","Illinois State Water Survey Central Analytical Laboratory",466.0,0.00128,5,"2024-12-05","A",,
"56b78d75-5686-411e-b6d2-eb142da888e3","D16","MCRA","MCRA.AOS.S2","MCRA.SS.20241203.FIL","A00000447332","2024-12-03T19:30Z","2024-12-03T19:30Z","Illinois State Water Survey Central Analytical Laboratory",586.0,0.00062,5,"2024-12-05","B",,
"4d5eae3b-c735-48ce-a3cc-a1b36d2e9d24","D16","MCRA","MCRA.AOS.S2","MCRA.SS.20241203.FIL","A00000447332","2024-12-03T19:30Z","2024-12-03T19:30Z","Illinois State Water Survey Central Analytical Laboratory",304.0,0.00728,5,"2024-12-05","B",,
"435fc0a0-f036-4f3a-b428-3e87b26394b7","D16","MCRA","MCRA.AOS.S2","MCRA.SS.20241203.FIL","A00000447332","2024-12-03T19:30Z","2024-12-03T19:30Z","Illinois State Water Survey Central Analytical Laboratory",388.0,0.00196,5,"2024-12-05","B",,
"08f27cfc-eac2-4be5-a662-fffe32fbb8ab","D16","MCRA","MCRA.AOS.S2","MCRA.SS.20241203.FIL","A00000447332","2024-12-03T19:30Z","2024-12-03T19:30Z","Illinois State Water Survey Central Analytical Laboratory",598.0,0.00062,5,"2024-12-05","B",,
"b03847f2-140f-4d47-87ab-9a69b42e7980","D16","MCRA","MCRA.AOS.S2","MCRA.SS.20241203.FIL","A00000447332","2024-12-03T19:30Z","2024-12-03T19:30Z","Illinois State Water Survey Central Analytical Laboratory",562.0,0.00072,5,"2024-12-05","B",,
"176b839d-f0a0-4a94-9a7f-3d8647313fee","D16","MCRA","MCRA.AOS.S2","MCRA.SS.20241203.FIL","A00000447332","2024-12-03T19:30Z","2024-12-03T19:30Z","Illinois State Water Survey Central Analytical Laboratory",340.0,0.00450,5,"2024-12-05","A",,
"91ea767d-ed98-4074-8b67-963adb4e562d","D16","MCRA","MCRA.AOS.S2","MCRA.SS.20241203.FIL","A00000447332","2024-12-03T19:30Z","2024-12-03T19:30Z","Illinois State Water Survey Central Analytical Laboratory",458.0,0.00134,5,"2024-12-05","A",,
"b2e033f6-d488-4a01-b4a2-212708301064","D16","MCRA","MCRA.AOS.S2","MCRA.SS.20241203.FIL","A00000447332","2024-12-03T19:30Z","2024-12-03T19:30Z","Illinois State Water Survey Central Analytical Laboratory",318.0,0.00624,5,"2024-12-05","A",,
"0a4d4253-e9a5-4d83-b6e1-3a4dc72bfc01","D16","MCRA","MCRA.AOS.S2","MCRA.SS.20241203.FIL","A00000447332","2024-12-03T19:30Z","2024-12-03T19:30Z","Illinois State Water Survey Central Analytical Laboratory",448.0,0.00136,5,"2024-12-05","A",,
"417ba3f8-fc63-441d-b4a9-d0bf13bf3b7c","D16","MCRA","MCRA.AOS.S2","MCRA.SS.20241203.FIL","A00000447332","2024-12-03T19:30Z","2024-12-03T19:30Z","Illinois State Water Survey Central Analytical Laboratory",442.0,0.00136,5,"2024-12-05","A",,
"e7c07bde-8e58-470d-8d1d-8cf30db4fde2","D16","MCRA","MCRA.AOS.S2","MCRA.SS.20241203.FIL","A00000447332","2024-12-03T19:30Z","2024-12-03T19:30Z","Illinois State Water Survey Central Analytical Laboratory",460.0,0.00134,5,"2024-12-05","A",,
"ed19b8b7-0eef-4a84-bf32-16251dbd1664","D16","MCRA","MCRA.AOS.S2","MCRA.SS.20241203.FIL","A00000447332","2024-12-03T19:30Z","2024-12-03T19:30Z","Illinois State Water Survey Central Analytical Laboratory",394.0,0.00182,5,"2024-12-05","B",,
"390e6b8e-bccd-4ba7-b7ee-95023b2a86ba","D16","MCRA","MCRA.AOS.S2","MCRA.SS.20241203.FIL","A00000447332","2024-12-03T19:30Z","2024-12-03T19:30Z","Illinois State Water Survey Central Analytical Laboratory",576.0,0.00064,5,"2024-12-05","B",,
"a6adf687-5b2e-491d-9698-fded20412e0e","D16","MCRA","MCRA.AOS.S2","MCRA.SS.20241203.FIL","A00000447332","2024-12-03T19:30Z","2024-12-03T19:30Z","Illinois State Water Survey Central Analytical Laboratory",510.0,0.00070,5,"2024-12-05","B",,
"c6b0e66b-793e-4502-b7b7-38e51a4503d9","D16","MCRA","MCRA.AOS.S2","MCRA.SS.20241203.FIL","A00000447332","2024-12-03T19:30Z","2024-12-03T19:30Z","Illinois State Water Survey Central Analytical Laboratory",356.0,0.00322,5,"2024-12-05","B",,
"f3f0d999-ea51-46f3-98c6-811ec6eaa037","D16","MCRA","MCRA.AOS.S2","MCRA.SS.20241203.FIL","A00000447332","2024-12-03T19:30Z","2024-12-03T19:30Z","Illinois State Water Survey Central Analytical Laboratory",288.0,0.00948,5,"2024-12-05","A",,
"351a8547-e964-4749-ac9a-9540ffe91f4a","D16","MCRA","MCRA.AOS.S2","MCRA.SS.20241203.FIL","A00000447332","2024-12-03T19:30Z","2024-12-03T19:30Z","Illinois State Water Survey Central Analytical Laboratory",220.0,0.02766,5,"2024-12-05","A",,
"d704febd-3499-48b8-bc3f-230db5e89dd5","D16","MCRA","MCRA.AOS.S2","MCRA.SS.20241203.FIL","A00000447332","2024-12-03T19:30Z","2024-12-03T19:30Z","Illinois State Water Survey Central Analytical Laboratory",550.0,0.00062,5,"2024-12-05","B",,
"19b5780a-1385-4ee3-a177-fc21bf52d219","D16","MCRA","MCRA.AOS.S2","MCRA.SS.20241203.FIL","A00000447332","2024-12-03T19:30Z","2024-12-03T19:30Z","Illinois State Water Survey Central Analytical Laboratory",432.0,0.00116,5,"2024-12-05","B",,
"e9df399b-4b19-43c3-a166-00df0a386ab0","D16","MCRA","MCRA.AOS.S2","MCRA.SS.20241203.FIL","A00000447332","2024-12-03T19:30Z","2024-12-03T19:30Z","Illinois State Water Survey Central Analytical Laboratory",504.0,0.00104,5,"2024-12-05","A",,
"842af559-9ee3-4b63-bb5d-13842c4ea9be","D16","MCRA","MCRA.AOS.S2","MCRA.SS.20241203.FIL","A00000447332","2024-12-03T19:30Z","2024-12-03T19:30Z","Illinois State Water Survey Central Analytical Laboratory",410.0,0.00172,5,"2024-12-05","A",,
"4f8caef7-4a9e-40d0-ad87-772f57489dd3","D16","MCRA","MCRA.AOS.S2","MCRA.SS.20241203.FIL","A00000447332","2024-12-03T19:30Z","2024-12-03T19:30Z","Illinois State Water Survey Central Analytical Laboratory",566.0,0.00084,5,"2024-12-05","A",,
"4d3dbc71-d4c0-4043-896b-f44dfc297cf4","D16","MCRA","MCRA.AOS.S2","MCRA.SS.20241203.FIL","A00000447332","2024-12-03T19:30Z","2024-12-03T19:30Z","Illinois State Water Survey Central Analytical Laboratory",358.0,0.00314,5,"2024-12-05","B",,
"0018f0c4-bbbe-4cb6-b9ce-47c9e637496b","D16","MCRA","MCRA.AOS.S2","MCRA.SS.20241203.FIL","A00000447332","2024-12-03T19:30Z","2024-12-03T19:30Z","Illinois State Water Survey Central Analytical Laboratory",530.0,0.00068,5,"2024-12-05","B",,
"bf5582c3-9405-4201-99f5-8fb19e6661eb","D16","MCRA","MCRA.AOS.S2","MCRA.SS.20241203.FIL","A00000447332","2024-12-03T19:30Z","2024-12-03T19:30Z","Illinois State Water Survey Central Analytical Laboratory",482.0,0.00128,5,"2024-12-05","A",,
"789f59c5-f728-42d2-b2f2-b5bbe36ca8ab","D16","MCRA","MCRA.AOS.S2","MCRA.SS.20241203.FIL","A00000447332","2024-12-03T19:30Z","2024-12-03T19:30Z","Illinois State Water Survey Central Analytical Laboratory",290.0,0.00904,5,"2024-12-05","B",,
"5477104d-f7d1-45b9-ba10-d2a433a89b08","D16","MCRA","MCRA.AOS.S2","MCRA.SS.20241203.FIL","A00000447332","2024-12-03T19:30Z","2024-12-03T19:30Z","Illinois State Water Survey Central Analytical Laboratory",414.0,0.00142,5,"2024-12-05","B",,
"f101a91c-9eea-4c67-85d5-36236df216ac","D16","MCRA","MCRA.AOS.S2","MCRA.SS.20241203.FIL","A00000447332","2024-12-03T19:30Z","2024-12-03T19:30Z","Illinois State Water Survey Central Analytical Laboratory",346.0,0.00378,5,"2024-12-05","B",,
"1adb9831-e854-4094-a9cc-563e6ffc5f19","D16","MCRA","MCRA.AOS.S2","MCRA.SS.20241203.FIL","A00000447332","2024-12-03T19:30Z","2024-12-03T19:30Z","Illinois State Water Survey Central Analytical Laboratory",336.0,0.00442,5,"2024-12-05","B",,
"4b44df79-7336-40d1-b02d-8e0297e7fcd5","D16","MCRA","MCRA.AOS.S2","MCRA.SS.20241203.FIL","A00000447332","2024-12-03T19:30Z","2024-12-03T19:30Z","Illinois State Water Survey Central Analytical Laboratory",316.0,0.00644,5,"2024-12-05","A",,
"fd712b42-a505-4d3c-97bc-38a310fa2fc6","D16","MCRA","MCRA.AOS.S2","MCRA.SS.20241203.FIL","A00000447332","2024-12-03T19:30Z","2024-12-03T19:30Z","Illinois State Water Survey Central Analytical Laboratory",524.0,0.00108,5,"2024-12-05","A",,
"bdae9975-f79d-4583-9959-faa07249e9f4","D16","MCRA","MCRA.AOS.S2","MCRA.SS.20241203.FIL","A00000447332","2024-12-03T19:30Z","2024-12-03T19:30Z","Illinois State Water Survey Central Analytical Laboratory",554.0,0.00080,5,"2024-12-05","A",,
"5ff2c83c-3acd-4864-aa12-f4f143ffe956","D16","MCRA","MCRA.AOS.S2","MCRA.SS.20241203.FIL","A00000447332","2024-12-03T19:30Z","2024-12-03T19:30Z","Illinois State Water Survey Central Analytical Laboratory",268.0,0.01192,5,"2024-12-05","A",,
"6bfad973-6e7c-4fb7-a515-ff1d2ddfaa6c","D16","MCRA","MCRA.AOS.S2","MCRA.SS.20241203.FIL","A00000447332","2024-12-03T19:30Z","2024-12-03T19:30Z","Illinois State Water Survey Central Analytical Laboratory",284.0,0.00998,5,"2024-12-05","A",,
"fa61c8b9-4608-4f5b-9b8a-5812a82cd62d","D16","MCRA","MCRA.AOS.S2","MCRA.SS.20241203.FIL","A00000447332","2024-12-03T19:30Z","2024-12-03T19:30Z","Illinois State Water Survey Central Analytical Laboratory",450.0,0.00098,5,"2024-12-05","B",,
"c2e562f4-4e0c-4d06-89b6-7246e2443c8c","D16","MCRA","MCRA.AOS.S2","MCRA.SS.20241203.FIL","A00000447332","2024-12-03T19:30Z","2024-12-03T19:30Z","Illinois State Water Survey Central Analytical Laboratory",402.0,0.00194,5,"2024-12-05","A",,
"ffea7a7c-acb8-4984-a516-1ac7edacdbb0","D16","MCRA","MCRA.AOS.S2","MCRA.SS.20241203.FIL","A00000447332","2024-12-03T19:30Z","2024-12-03T19:30Z","Illinois State Water Survey Central Analytical Laboratory",548.0,0.00094,5,"2024-12-05","A",,
"6528b72c-f021-4653-8354-f58964beecf1","D16","MCRA","MCRA.AOS.S2","MCRA.SS.20241203.FIL","A00000447332","2024-12-03T19:30Z","2024-12-03T19:30Z","Illinois State Water Survey Central Analytical Laboratory",340.0,0.00418,5,"2024-12-05","B",,
"775ea76b-6bfc-40cc-8c9d-a04956dc9d89","D16","MCRA","MCRA.AOS.S2","MCRA.SS.20241203.FIL","A00000447332","2024-12-03T19:30Z","2024-12-03T19:30Z","Illinois State Water Survey Central Analytical Laboratory",430.0,0.00148,5,"2024-12-05","A",,
"f75d8bb0-9e28-4221-9c20-e7de105dfc8c","D16","MCRA","MCRA.AOS.S2","MCRA.SS.20241203.FIL","A00000447332","2024-12-03T19:30Z","2024-12-03T19:30Z","Illinois State Water Survey Central Analytical Laboratory",318.0,0.00590,5,"2024-12-05","B",,
"cd830b39-8ec8-42dc-8e4c-644bbe543d0d","D16","MCRA","MCRA.AOS.S2","MCRA.SS.20241203.FIL","A00000447332","2024-12-03T19:30Z","2024-12-03T19:30Z","Illinois State Water Survey Central Analytical Laboratory",458.0,0.00088,5,"2024-12-05","B",,
"3c93db37-a276-40c1-be12-f82f4d33de56","D16","MCRA","MCRA.AOS.S2","MCRA.SS.20241210.FIL","A00000447379","2024-12-10T17:25Z","2024-12-10T17:25Z","Illinois State Water Survey Central Analytical Laboratory",346.0,0.00370,5,"2024-12-12","A",,
"643988c2-7d46-47b1-b054-756fa3a3b106","D16","MCRA","MCRA.AOS.S2","MCRA.SS.20241210.FIL","A00000447379","2024-12-10T17:25Z","2024-12-10T17:25Z","Illinois State Water Survey Central Analytical Laboratory",506.0,0.00050,5,"2024-12-12","B",,
"3cc39b0b-4a66-4abc-93e9-524e425d5f45","D16","MCRA","MCRA.AOS.S2","MCRA.SS.20241210.FIL","A00000447379","2024-12-10T17:25Z","2024-12-10T17:25Z","Illinois State Water Survey Central Analytical Laboratory",322.0,0.00554,5,"2024-12-12","A",,
"c85a75a3-e668-4091-8959-2c0b5c3c33a4","D16","MCRA","MCRA.AOS.S2","MCRA.SS.20241210.FIL","A00000447379","2024-12-10T17:25Z","2024-12-10T17:25Z","Illinois State Water Survey Central Analytical Laboratory",236.0,0.01798,5,"2024-12-12","A",,
"39f6e2dc-87c2-4a08-97f3-79d057d8e57a","D16","MCRA","MCRA.AOS.S2","MCRA.SS.20241210.FIL","A00000447379","2024-12-10T17:25Z","2024-12-10T17:25Z","Illinois State Water Survey Central Analytical Laboratory",410.0,0.00134,5,"2024-12-12","B",,
"c6304f1c-43f9-4377-bb40-b0668a51a672","D16","MCRA","MCRA.AOS.S2","MCRA.SS.20241210.FIL","A00000447379","2024-12-10T17:25Z","2024-12-10T17:25Z","Illinois State Water Survey Central Analytical Laboratory",568.0,0.00030,5,"2024-12-12","A",,
"0a0a21ec-aa93-43d6-be57-c231c037459f","D16","MCRA","MCRA.AOS.S2","MCRA.SS.20241210.FIL","A00000447379","2024-12-10T17:25Z","2024-12-10T17:25Z","Illinois State Water Survey Central Analytical Laboratory",238.0,0.01718,5,"2024-12-12","A",,
"d9af1558-a0e5-490d-a5ed-f9ed8b55466c","D16","MCRA","MCRA.AOS.S2","MCRA.SS.20241210.FIL","A00000447379","2024-12-10T17:25Z","2024-12-10T17:25Z","Illinois State Water Survey Central Analytical Laboratory",466.0,0.00056,5,"2024-12-12","A",,
"8373a4d7-bd62-4774-9700-66d458701991","D16","MCRA","MCRA.AOS.S2","MCRA.SS.20241210.FIL","A00000447379","2024-12-10T17:25Z","2024-12-10T17:25Z","Illinois State Water Survey Central Analytical Laboratory",470.0,0.00058,5,"2024-12-12","A",,
"8c85ea26-e4be-4cb8-939e-649e2e4e8024","D16","MCRA","MCRA.AOS.S2","MCRA.SS.20241210.FIL","A00000447379","2024-12-10T17:25Z","2024-12-10T17:25Z","Illinois State Water Survey Central Analytical Laboratory",366.0,0.00268,5,"2024-12-12","B",,
"30613bb3-8196-480e-9b7b-de38785e9705","D16","MCRA","MCRA.AOS.S2","MCRA.SS.20241210.FIL","A00000447379","2024-12-10T17:25Z","2024-12-10T17:25Z","Illinois State Water Survey Central Analytical Laboratory",600.0,0.00038,5,"2024-12-12","B",,
"c6e1527e-751c-41f7-9858-3e64709dc98b","D16","MCRA","MCRA.AOS.S2","MCRA.SS.20241210.FIL","A00000447379","2024-12-10T17:25Z","2024-12-10T17:25Z","Illinois State Water Survey Central Analytical Laboratory",432.0,0.00102,5,"2024-12-12","B",,
"a66709ed-e33d-490a-9ac0-c03a62dd5e3f","D16","MCRA","MCRA.AOS.S2","MCRA.SS.20241210.FIL","A00000447379","2024-12-10T17:25Z","2024-12-10T17:25Z","Illinois State Water Survey Central Analytical Laboratory",448.0,0.00084,5,"2024-12-12","B",,
"5ee16144-02e4-469a-8d50-a7e2ff01ebc0","D16","MCRA","MCRA.AOS.S2","MCRA.SS.20241210.FIL","A00000447379","2024-12-10T17:25Z","2024-12-10T17:25Z","Illinois State Water Survey Central Analytical Laboratory",228.0,0.02352,5,"2024-12-12","A",,
"5e1ec03f-c550-4500-b044-553334e6430b","D16","MCRA","MCRA.AOS.S2","MCRA.SS.20241210.FIL","A00000447379","2024-12-10T17:25Z","2024-12-10T17:25Z","Illinois State Water Survey Central Analytical Laboratory",580.0,0.00038,5,"2024-12-12","B",,
"9bb1a9b5-2000-4a27-a126-6645edea9d8f","D16","MCRA","MCRA.AOS.S2","MCRA.SS.20241210.FIL","A00000447379","2024-12-10T17:25Z","2024-12-10T17:25Z","Illinois State Water Survey Central Analytical Laboratory",256.0,0.01336,5,"2024-12-12","B",,
"3877111b-05dc-461a-9014-31a5f3980f17","D16","MCRA","MCRA.AOS.S2","MCRA.SS.20241210.FIL","A00000447379","2024-12-10T17:25Z","2024-12-10T17:25Z","Illinois State Water Survey Central Analytical Laboratory",488.0,0.00062,5,"2024-12-12","B",,
"c819f071-f68f-4a04-9434-40826d466466","D16","MCRA","MCRA.AOS.S2","MCRA.SS.20241210.FIL","A00000447379","2024-12-10T17:25Z","2024-12-10T17:25Z","Illinois State Water Survey Central Analytical Laboratory",382.0,0.00204,5,"2024-12-12","B",,
"90b266de-85fd-4650-b1a2-46b2e79e5511","D16","MCRA","MCRA.AOS.S2","MCRA.SS.20241210.FIL","A00000447379","2024-12-10T17:25Z","2024-12-10T17:25Z","Illinois State Water Survey Central Analytical Laboratory",422.0,0.00114,5,"2024-12-12","B",,
"202637d7-9cf8-4141-bc4c-10129c6a398d","D16","MCRA","MCRA.AOS.S2","MCRA.SS.20241210.FIL","A00000447379","2024-12-10T17:25Z","2024-12-10T17:25Z","Illinois State Water Survey Central Analytical Laboratory",330.0,0.00486,5,"2024-12-12","A",,
"50a211d0-8f52-4dab-9651-567cfc6c0b97","D16","MCRA","MCRA.AOS.S2","MCRA.SS.20241210.FIL","A00000447379","2024-12-10T17:25Z","2024-12-10T17:25Z","Illinois State Water Survey Central Analytical Laboratory",496.0,0.00044,5,"2024-12-12","A",,
"5e9db87d-1b67-4d11-acaf-68af32db42b5","D16","MCRA","MCRA.AOS.S2","MCRA.SS.20241210.FIL","A00000447379","2024-12-10T17:25Z","2024-12-10T17:25Z","Illinois State Water Survey Central Analytical Laboratory",506.0,0.00040,5,"2024-12-12","A",,
"f3f1b884-1277-44cb-96c6-13b73ada9c4c","D16","MCRA","MCRA.AOS.S2","MCRA.SS.20241210.FIL","A00000447379","2024-12-10T17:25Z","2024-12-10T17:25Z","Illinois State Water Survey Central Analytical Laboratory",566.0,0.00024,5,"2024-12-12","A",,
"b86a82dd-42a2-424c-b82f-bb6c72e9099d","D16","MCRA","MCRA.AOS.S2","MCRA.SS.20241210.FIL","A00000447379","2024-12-10T17:25Z","2024-12-10T17:25Z","Illinois State Water Survey Central Analytical Laboratory",328.0,0.00504,5,"2024-12-12","A",,
"6fdcc284-df94-4ffd-bd29-460b633a5acd","D16","MCRA","MCRA.AOS.S2","MCRA.SS.20241210.FIL","A00000447379","2024-12-10T17:25Z","2024-12-10T17:25Z","Illinois State Water Survey Central Analytical Laboratory",270.0,0.01164,5,"2024-12-12","B",,
"6d4cf78c-0256-44f9-b96e-b2c3e17e4216","D16","MCRA","MCRA.AOS.S2","MCRA.SS.20241210.FIL","A00000447379","2024-12-10T17:25Z","2024-12-10T17:25Z","Illinois State Water Survey Central Analytical Laboratory",386.0,0.00190,5,"2024-12-12","B",,
"3fd30b83-30e0-4df4-be5a-3b05b116a2de","D16","MCRA","MCRA.AOS.S2","MCRA.SS.20241210.FIL","A00000447379","2024-12-10T17:25Z","2024-12-10T17:25Z","Illinois State Water Survey Central Analytical Laboratory",560.0,0.00038,5,"2024-12-12","B",,
"9cd9aad1-13e6-47a9-82c8-7f5f675936fc","D16","MCRA","MCRA.AOS.S2","MCRA.SS.20241210.FIL","A00000447379","2024-12-10T17:25Z","2024-12-10T17:25Z","Illinois State Water Survey Central Analytical Laboratory",468.0,0.00066,5,"2024-12-12","B",,
"13ee3ec2-2b3e-4aae-a09c-27401ff357e0","D16","MCRA","MCRA.AOS.S2","MCRA.SS.20241210.FIL","A00000447379","2024-12-10T17:25Z","2024-12-10T17:25Z","Illinois State Water Survey Central Analytical Laboratory",600.0,0.00034,5,"2024-12-12","A",,
"48dec079-6b50-4fa8-98b3-4f5b57a9edf7","D16","MCRA","MCRA.AOS.S2","MCRA.SS.20241210.FIL","A00000447379","2024-12-10T17:25Z","2024-12-10T17:25Z","Illinois State Water Survey Central Analytical Laboratory",570.0,0.00024,5,"2024-12-12","A",,
"e14b2a87-d834-4a26-8a01-419b3c530703","D16","MCRA","MCRA.AOS.S2","MCRA.SS.20241210.FIL","A00000447379","2024-12-10T17:25Z","2024-12-10T17:25Z","Illinois State Water Survey Central Analytical Laboratory",510.0,0.00048,5,"2024-12-12","B",,
"168e6c7e-ed46-4c9e-a594-8d9c01021022","D16","MCRA","MCRA.AOS.S2","MCRA.SS.20241210.FIL","A00000447379","2024-12-10T17:25Z","2024-12-10T17:25Z","Illinois State Water Survey Central Analytical Laboratory",402.0,0.00146,5,"2024-12-12","A",,
"ca88c3ed-5243-4c7d-b78d-cc10f6ffb2cd","D16","MCRA","MCRA.AOS.S2","MCRA.SS.20241210.FIL","A00000447379","2024-12-10T17:25Z","2024-12-10T17:25Z","Illinois State Water Survey Central Analytical Laboratory",324.0,0.00548,5,"2024-12-12","B",,
"2e0d9e80-d1ee-4fe1-8bc5-f6163e3281cf","D16","MCRA","MCRA.AOS.S2","MCRA.SS.20241210.FIL","A00000447379","2024-12-10T17:25Z","2024-12-10T17:25Z","Illinois State Water Survey Central Analytical Laboratory",586.0,0.00024,5,"2024-12-12","A",,
"7ae6686f-a477-416c-a7b4-fa191365de39","D16","MCRA","MCRA.AOS.S2","MCRA.SS.20241210.FIL","A00000447379","2024-12-10T17:25Z","2024-12-10T17:25Z","Illinois State Water Survey Central Analytical Laboratory",246.0,0.01480,5,"2024-12-12","A",,
"489ed3a3-9251-469f-91dd-dd457ef1d05e","D16","MCRA","MCRA.AOS.S2","MCRA.SS.20241210.FIL","A00000447379","2024-12-10T17:25Z","2024-12-10T17:25Z","Illinois State Water Survey Central Analytical Laboratory",252.0,0.01380,5,"2024-12-12","A",,
"8c6505e3-fcdc-4390-8e97-505716128193","D16","MCRA","MCRA.AOS.S2","MCRA.SS.20241210.FIL","A00000447379","2024-12-10T17:25Z","2024-12-10T17:25Z","Illinois State Water Survey Central Analytical Laboratory",522.0,0.00046,5,"2024-12-12","B",,
"e3532b0f-ad7e-4428-b629-578d598d1322","D16","MCRA","MCRA.AOS.S2","MCRA.SS.20241210.FIL","A00000447379","2024-12-10T17:25Z","2024-12-10T17:25Z","Illinois State Water Survey Central Analytical Laboratory",292.0,0.00878,5,"2024-12-12","B",,
"e4bbc6f1-9661-43cd-b5c5-c8d38b1ad16a","D16","MCRA","MCRA.AOS.S2","MCRA.SS.20241210.FIL","A00000447379","2024-12-10T17:25Z","2024-12-10T17:25Z","Illinois State Water Survey Central Analytical Laboratory",290.0,0.00898,5,"2024-12-12","A",,
"d2dd2342-1e7b-4d57-b073-3e73b013caee","D16","MCRA","MCRA.AOS.S2","MCRA.SS.20241210.FIL","A00000447379","2024-12-10T17:25Z","2024-12-10T17:25Z","Illinois State Water Survey Central Analytical Laboratory",400.0,0.00154,5,"2024-12-12","B",,
"2b377c34-1afc-4383-bea5-37647ca1a434","D16","MCRA","MCRA.AOS.S2","MCRA.SS.20241210.FIL","A00000447379","2024-12-10T17:25Z","2024-12-10T17:25Z","Illinois State Water Survey Central Analytical Laboratory",234.0,0.01914,5,"2024-12-12","B",,
"dc2e0987-c441-4f75-bd09-81b2d0044881","D16","MCRA","MCRA.AOS.S2","MCRA.SS.20241210.FIL","A00000447379","2024-12-10T17:25Z","2024-12-10T17:25Z","Illinois State Water Survey Central Analytical Laboratory",386.0,0.00184,5,"2024-12-12","A",,
"004c6a77-2f46-4410-af25-aec3a672246a","D16","MCRA","MCRA.AOS.S2","MCRA.SS.20241210.FIL","A00000447379","2024-12-10T17:25Z","2024-12-10T17:25Z","Illinois State Water Survey Central Analytical Laboratory",538.0,0.00028,5,"2024-12-12","A",,
"a9021ef2-baa6-4098-a5b3-68d2e7ab537e","D16","MCRA","MCRA.AOS.S2","MCRA.SS.20241210.FIL","A00000447379","2024-12-10T17:25Z","2024-12-10T17:25Z","Illinois State Water Survey Central Analytical Laboratory",470.0,0.00066,5,"2024-12-12","B",,
"43e5a970-13af-49cd-bcdc-fb3f721c4fa3","D16","MCRA","MCRA.AOS.S2","MCRA.SS.20241210.FIL","A00000447379","2024-12-10T17:25Z","2024-12-10T17:25Z","Illinois State Water Survey Central Analytical Laboratory",474.0,0.00064,5,"2024-12-12","B",,
"aa76fc93-dbf4-4db2-88e4-3590b0f6a163","D16","MCRA","MCRA.AOS.S2","MCRA.SS.20241210.FIL","A00000447379","2024-12-10T17:25Z","2024-12-10T17:25Z","Illinois State Water Survey Central Analytical Laboratory",360.0,0.00292,5,"2024-12-12","A",,
"2598bab7-26cb-42c0-84e9-90797771e0d8","D16","MCRA","MCRA.AOS.S2","MCRA.SS.20241210.FIL","A00000447379","2024-12-10T17:25Z","2024-12-10T17:25Z","Illinois State Water Survey Central Analytical Laboratory",508.0,0.00046,5,"2024-12-12","A",,
"e5cdc554-cce1-440d-98e5-45610941dcdb","D16","MCRA","MCRA.AOS.S2","MCRA.SS.20241210.FIL","A00000447379","2024-12-10T17:25Z","2024-12-10T17:25Z","Illinois State Water Survey Central Analytical Laboratory",340.0,0.00418,5,"2024-12-12","B",,
"2df7b4d4-5abf-4a46-a1f1-61ad3fae2e69","D16","MCRA","MCRA.AOS.S2","MCRA.SS.20241210.FIL","A00000447379","2024-12-10T17:25Z","2024-12-10T17:25Z","Illinois State Water Survey Central Analytical Laboratory",240.0,0.01642,5,"2024-12-12","A",,
"6bad26d3-495d-4d2b-b8ec-723112346610","D16","MCRA","MCRA.AOS.S2","MCRA.SS.20241210.FIL","A00000447379","2024-12-10T17:25Z","2024-12-10T17:25Z","Illinois State Water Survey Central Analytical Laboratory",474.0,0.00054,5,"2024-12-12","A",,
"a8c060c1-0eb9-40ef-bd2e-bda87cebd938","D16","MCRA","MCRA.AOS.S2","MCRA.SS.20241210.FIL","A00000447379","2024-12-10T17:25Z","2024-12-10T17:25Z","Illinois State Water Survey Central Analytical Laboratory",578.0,0.00038,5,"2024-12-12","B",,
"8faaa992-0f28-4aa3-95e3-6c9b83664ab6","D16","MCRA","MCRA.AOS.S2","MCRA.SS.20241210.FIL","A00000447379","2024-12-10T17:25Z","2024-12-10T17:25Z","Illinois State Water Survey Central Analytical Laboratory",508.0,0.00052,5,"2024-12-12","B",,
"f5b72898-5609-474b-b460-e48209eb2e14","D16","MCRA","MCRA.AOS.S2","MCRA.SS.20241210.FIL","A00000447379","2024-12-10T17:25Z","2024-12-10T17:25Z","Illinois State Water Survey Central Analytical Laboratory",528.0,0.00036,5,"2024-12-12","A",,
"e7d4fadf-fba9-4cf7-a372-ede54ea7e5c3","D16","MCRA","MCRA.AOS.S2","MCRA.SS.20241210.FIL","A00000447379","2024-12-10T17:25Z","2024-12-10T17:25Z","Illinois State Water Survey Central Analytical Laboratory",572.0,0.00038,5,"2024-12-12","B",,
"adff8861-cb18-49a5-8c57-f6e8637fb0bb","D16","MCRA","MCRA.AOS.S2","MCRA.SS.20241210.FIL","A00000447379","2024-12-10T17:25Z","2024-12-10T17:25Z","Illinois State Water Survey Central Analytical Laboratory",556.0,0.00026,5,"2024-12-12","A",,
"ab77db5e-6ba5-4de4-b84c-d57393864b93","D16","MCRA","MCRA.AOS.S2","MCRA.SS.20241210.FIL","A00000447379","2024-12-10T17:25Z","2024-12-10T17:25Z","Illinois State Water Survey Central Analytical Laboratory",546.0,0.00030,5,"2024-12-12","A",,
"cb7eabc3-9e08-49cf-a14c-ad6830629ac9","D16","MCRA","MCRA.AOS.S2","MCRA.SS.20241210.FIL","A00000447379","2024-12-10T17:25Z","2024-12-10T17:25Z","Illinois State Water Survey Central Analytical Laboratory",388.0,0.00188,5,"2024-12-12","B",,
"101a5761-a188-4769-b0d0-6efb928df178","D16","MCRA","MCRA.AOS.S2","MCRA.SS.20241210.FIL","A00000447379","2024-12-10T17:25Z","2024-12-10T17:25Z","Illinois State Water Survey Central Analytical Laboratory",350.0,0.00346,5,"2024-12-12","A",,
"4d274e88-a45f-470b-ab65-74fcb0c5f211","D16","MCRA","MCRA.AOS.S2","MCRA.SS.20241210.FIL","A00000447379","2024-12-10T17:25Z","2024-12-10T17:25Z","Illinois State Water Survey Central Analytical Laboratory",302.0,0.00752,5,"2024-12-12","A",,
"c7114213-109a-4322-9a53-73de2a706cec","D16","MCRA","MCRA.AOS.S2","MCRA.SS.20241210.FIL","A00000447379","2024-12-10T17:25Z","2024-12-10T17:25Z","Illinois State Water Survey Central Analytical Laboratory",598.0,0.00020,5,"2024-12-12","A",,
"57304acd-46c1-4e0c-8892-e04734286669","D16","MCRA","MCRA.AOS.S2","MCRA.SS.20241210.FIL","A00000447379","2024-12-10T17:25Z","2024-12-10T17:25Z","Illinois State Water Survey Central Analytical Laboratory",594.0,0.00036,5,"2024-12-12","B",,
"4afc9a97-aa10-4c40-82a6-dbcb92c00e5e","D16","MCRA","MCRA.AOS.S2","MCRA.SS.20241210.FIL","A00000447379","2024-12-10T17:25Z","2024-12-10T17:25Z","Illinois State Water Survey Central Analytical Laboratory",230.0,0.02206,5,"2024-12-12","B",,
"f372edd9-fbdb-4736-b9a9-f5ebb5a54d37","D16","MCRA","MCRA.AOS.S2","MCRA.SS.20241210.FIL","A00000447379","2024-12-10T17:25Z","2024-12-10T17:25Z","Illinois State Water Survey Central Analytical Laboratory",278.0,0.01060,5,"2024-12-12","A",,
"387c36d1-5a22-4ec0-9e22-0da3718d5015","D16","MCRA","MCRA.AOS.S2","MCRA.SS.20241210.FIL","A00000447379","2024-12-10T17:25Z","2024-12-10T17:25Z","Illinois State Water Survey Central Analytical Laboratory",220.0,0.03538,5,"2024-12-12","A",,
"9d1f2aba-29a5-4fb7-8304-edad6c2a18d1","D16","MCRA","MCRA.AOS.S2","MCRA.SS.20241210.FIL","A00000447379","2024-12-10T17:25Z","2024-12-10T17:25Z","Illinois State Water Survey Central Analytical Laboratory",362.0,0.00280,5,"2024-12-12","A",,
"24307002-7f98-4998-b289-43b1565fdb8e","D16","MCRA","MCRA.AOS.S2","MCRA.SS.20241210.FIL","A00000447379","2024-12-10T17:25Z","2024-12-10T17:25Z","Illinois State Water Survey Central Analytical Laboratory",294.0,0.00846,5,"2024-12-12","A",,
"547efd17-4243-4d3e-a6e8-0e456ebd15ef","D16","MCRA","MCRA.AOS.S2","MCRA.SS.20241210.FIL","A00000447379","2024-12-10T17:25Z","2024-12-10T17:25Z","Illinois State Water Survey Central Analytical Laboratory",266.0,0.01214,5,"2024-12-12","B",,
"4bae0e38-888f-4fe9-ac6e-70af4812fc16","D16","MCRA","MCRA.AOS.S2","MCRA.SS.20241210.FIL","A00000447379","2024-12-10T17:25Z","2024-12-10T17:25Z","Illinois State Water Survey Central Analytical Laboratory",332.0,0.00466,5,"2024-12-12","A",,
"6624006b-28b3-4b81-a51b-f11ce7fe0747","D16","MCRA","MCRA.AOS.S2","MCRA.SS.20241210.FIL","A00000447379","2024-12-10T17:25Z","2024-12-10T17:25Z","Illinois State Water Survey Central Analytical Laboratory",512.0,0.00046,5,"2024-12-12","B",,
"72e7d3ce-119c-4552-8aae-0894f91c534c","D16","MCRA","MCRA.AOS.S2","MCRA.SS.20241210.FIL","A00000447379","2024-12-10T17:25Z","2024-12-10T17:25Z","Illinois State Water Survey Central Analytical Laboratory",436.0,0.00086,5,"2024-12-12","A",,
"1160af2d-0465-4361-b038-84f97b67e802","D16","MCRA","MCRA.AOS.S2","MCRA.SS.20241210.FIL","A00000447379","2024-12-10T17:25Z","2024-12-10T17:25Z","Illinois State Water Survey Central Analytical Laboratory",286.0,0.00962,5,"2024-12-12","B",,
"fcbeed50-cfd4-4822-a7c8-368de53de58c","D16","MCRA","MCRA.AOS.S2","MCRA.SS.20241210.FIL","A00000447379","2024-12-10T17:25Z","2024-12-10T17:25Z","Illinois State Water Survey Central Analytical Laboratory",574.0,0.00026,5,"2024-12-12","A",,
"0968255d-777d-4e60-adc6-1df07d32dbad","D16","MCRA","MCRA.AOS.S2","MCRA.SS.20241210.FIL","A00000447379","2024-12-10T17:25Z","2024-12-10T17:25Z","Illinois State Water Survey Central Analytical Laboratory",248.0,0.01452,5,"2024-12-12","B",,
"1cc07725-369f-4391-a513-287b9fd3da86","D16","MCRA","MCRA.AOS.S2","MCRA.SS.20241210.FIL","A00000447379","2024-12-10T17:25Z","2024-12-10T17:25Z","Illinois State Water Survey Central Analytical Laboratory",404.0,0.00136,5,"2024-12-12","A",,
"cb91f02f-c19b-40c6-8850-4901d2f00cc0","D16","MCRA","MCRA.AOS.S2","MCRA.SS.20241210.FIL","A00000447379","2024-12-10T17:25Z","2024-12-10T17:25Z","Illinois State Water Survey Central Analytical Laboratory",472.0,0.00052,5,"2024-12-12","A",,
"926577e7-50f9-4184-8640-8ecf9feb3ab2","D16","MCRA","MCRA.AOS.S2","MCRA.SS.20241210.FIL","A00000447379","2024-12-10T17:25Z","2024-12-10T17:25Z","Illinois State Water Survey Central Analytical Laboratory",546.0,0.00038,5,"2024-12-12","B",,
"120f50d4-8615-464f-9b70-8eaf1b42d327","D16","MCRA","MCRA.AOS.S2","MCRA.SS.20241210.FIL","A00000447379","2024-12-10T17:25Z","2024-12-10T17:25Z","Illinois State Water Survey Central Analytical Laboratory",284.0,0.00984,5,"2024-12-12","A",,
"0b26721e-4597-4889-8feb-87f7e51b392e","D16","MCRA","MCRA.AOS.S2","MCRA.SS.20241210.FIL","A00000447379","2024-12-10T17:25Z","2024-12-10T17:25Z","Illinois State Water Survey Central Analytical Laboratory",376.0,0.00220,5,"2024-12-12","A",,
"306b8cfb-77f7-4cf1-97c4-519eb0d91f4d","D16","MCRA","MCRA.AOS.S2","MCRA.SS.20241210.FIL","A00000447379","2024-12-10T17:25Z","2024-12-10T17:25Z","Illinois State Water Survey Central Analytical Laboratory",350.0,0.00356,5,"2024-12-12","B",,
"c36fa09d-237f-4cec-a557-615d6d8df098","D16","MCRA","MCRA.AOS.S2","MCRA.SS.20241210.FIL","A00000447379","2024-12-10T17:25Z","2024-12-10T17:25Z","Illinois State Water Survey Central Analytical Laboratory",414.0,0.00112,5,"2024-12-12","A",,
"543ba305-793b-4033-9724-81f9b9ba5bdb","D16","MCRA","MCRA.AOS.S2","MCRA.SS.20241210.FIL","A00000447379","2024-12-10T17:25Z","2024-12-10T17:25Z","Illinois State Water Survey Central Analytical Laboratory",418.0,0.00112,5,"2024-12-12","A",,
"a726725f-2170-409d-b62f-e0a90a131998","D16","MCRA","MCRA.AOS.S2","MCRA.SS.20241210.FIL","A00000447379","2024-12-10T17:25Z","2024-12-10T17:25Z","Illinois State Water Survey Central Analytical Laboratory",448.0,0.00078,5,"2024-12-12","A",,
"c7a512c9-75ca-4862-b381-39157f3a1c3d","D16","MCRA","MCRA.AOS.S2","MCRA.SS.20241210.FIL","A00000447379","2024-12-10T17:25Z","2024-12-10T17:25Z","Illinois State Water Survey Central Analytical Laboratory",320.0,0.00576,5,"2024-12-12","A",,
"36627947-1bf7-4509-aa21-6775e84ea638","D16","MCRA","MCRA.AOS.S2","MCRA.SS.20241210.FIL","A00000447379","2024-12-10T17:25Z","2024-12-10T17:25Z","Illinois State Water Survey Central Analytical Laboratory",432.0,0.00090,5,"2024-12-12","A",,
"b065850a-ad54-449f-acb3-bf4c77fa884f","D16","MCRA","MCRA.AOS.S2","MCRA.SS.20241210.FIL","A00000447379","2024-12-10T17:25Z","2024-12-10T17:25Z","Illinois State Water Survey Central Analytical Laboratory",314.0,0.00638,5,"2024-12-12","B",,
"ab25d345-2d7c-42b4-8c99-9a519a34a831","D16","MCRA","MCRA.AOS.S2","MCRA.SS.20241210.FIL","A00000447379","2024-12-10T17:25Z","2024-12-10T17:25Z","Illinois State Water Survey Central Analytical Laboratory",340.0,0.00412,5,"2024-12-12","A",,
"b68a0d9a-8c86-4c9a-bf28-c10041cde39c","D16","MCRA","MCRA.AOS.S2","MCRA.SS.20241210.FIL","A00000447379","2024-12-10T17:25Z","2024-12-10T17:25Z","Illinois State Water Survey Central Analytical Laboratory",570.0,0.00036,5,"2024-12-12","B",,
"ebe47172-7a02-414b-8207-ce0ea4f1df56","D16","MCRA","MCRA.AOS.S2","MCRA.SS.20241210.FIL","A00000447379","2024-12-10T17:25Z","2024-12-10T17:25Z","Illinois State Water Survey Central Analytical Laboratory",354.0,0.00330,5,"2024-12-12","B",,
"fa341961-021a-4e20-9f30-3ba93dd7a586","D16","MCRA","MCRA.AOS.S2","MCRA.SS.20241210.FIL","A00000447379","2024-12-10T17:25Z","2024-12-10T17:25Z","Illinois State Water Survey Central Analytical Laboratory",534.0,0.00028,5,"2024-12-12","A",,
"ccb7d0ae-9a7f-4a9c-92c1-51e9beb70304","D16","MCRA","MCRA.AOS.S2","MCRA.SS.20241210.FIL","A00000447379","2024-12-10T17:25Z","2024-12-10T17:25Z","Illinois State Water Survey Central Analytical Laboratory",294.0,0.00854,5,"2024-12-12","B",,
"11f1eec4-7983-4b84-a5ad-febd688926ea","D16","MCRA","MCRA.AOS.S2","MCRA.SS.20241210.FIL","A00000447379","2024-12-10T17:25Z","2024-12-10T17:25Z","Illinois State Water Survey Central Analytical Laboratory",256.0,0.01326,5,"2024-12-12","A",,
"5b7d0007-a513-4aa8-955e-882f67360336","D16","MCRA","MCRA.AOS.S2","MCRA.SS.20241210.FIL","A00000447379","2024-12-10T17:25Z","2024-12-10T17:25Z","Illinois State Water Survey Central Analytical Laboratory",394.0,0.00168,5,"2024-12-12","B",,
"73abde25-948c-4f2e-8169-2d2e1ab7b358","D16","MCRA","MCRA.AOS.S2","MCRA.SS.20241210.FIL","A00000447379","2024-12-10T17:25Z","2024-12-10T17:25Z","Illinois State Water Survey Central Analytical Laboratory",344.0,0.00386,5,"2024-12-12","A",,
"32cd5c18-2dc3-47a9-ba50-89d5435fa2fc","D16","MCRA","MCRA.AOS.S2","MCRA.SS.20241210.FIL","A00000447379","2024-12-10T17:25Z","2024-12-10T17:25Z","Illinois State Water Survey Central Analytical Laboratory",430.0,0.00096,5,"2024-12-12","A",,
"7e964808-6b4f-4ae9-b05a-ca1fe5faaef1","D16","MCRA","MCRA.AOS.S2","MCRA.SS.20241210.FIL","A00000447379","2024-12-10T17:25Z","2024-12-10T17:25Z","Illinois State Water Survey Central Analytical Laboratory",332.0,0.00476,5,"2024-12-12","B",,
"938a6d78-0846-4db5-ba12-2ef1877f29d2","D16","MCRA","MCRA.AOS.S2","MCRA.SS.20241210.FIL","A00000447379","2024-12-10T17:25Z","2024-12-10T17:25Z","Illinois State Water Survey Central Analytical Laboratory",234.0,0.01906,5,"2024-12-12","A",,
"1e3d2fcb-699b-4630-84e0-6b7644947718","D16","MCRA","MCRA.AOS.S2","MCRA.SS.20241210.FIL","A00000447379","2024-12-10T17:25Z","2024-12-10T17:25Z","Illinois State Water Survey Central Analytical Laboratory",524.0,0.00034,5,"2024-12-12","A",,
"56ba596a-4932-49d8-b75b-70871bf4b412","D16","MCRA","MCRA.AOS.S2","MCRA.SS.20241210.FIL","A00000447379","2024-12-10T17:25Z","2024-12-10T17:25Z","Illinois State Water Survey Central Analytical Laboratory",550.0,0.00024,5,"2024-12-12","A",,
"31e160e8-af04-44a1-8233-27a1bcd1cd3e","D16","MCRA","MCRA.AOS.S2","MCRA.SS.20241210.FIL","A00000447379","2024-12-10T17:25Z","2024-12-10T17:25Z","Illinois State Water Survey Central Analytical Laboratory",490.0,0.00058,5,"2024-12-12","B",,
"74d5585b-144a-45cb-8d83-f08216e0d27a","D16","MCRA","MCRA.AOS.S2","MCRA.SS.20241210.FIL","A00000447379","2024-12-10T17:25Z","2024-12-10T17:25Z","Illinois State Water Survey Central Analytical Laboratory",420.0,0.00110,5,"2024-12-12","A",,
"e8604ed2-178b-408d-913a-ebddb9f143bd","D16","MCRA","MCRA.AOS.S2","MCRA.SS.20241210.FIL","A00000447379","2024-12-10T17:25Z","2024-12-10T17:25Z","Illinois State Water Survey Central Analytical Laboratory",576.0,0.00018,5,"2024-12-12","A",,
"f64487f2-c229-462a-a22d-5e91d170f1e4","D16","MCRA","MCRA.AOS.S2","MCRA.SS.20241210.FIL","A00000447379","2024-12-10T17:25Z","2024-12-10T17:25Z","Illinois State Water Survey Central Analytical Laboratory",580.0,0.00030,5,"2024-12-12","A",,
"89f563d4-10b6-4b13-bbd4-20775f1ad006","D16","MCRA","MCRA.AOS.S2","MCRA.SS.20241210.FIL","A00000447379","2024-12-10T17:25Z","2024-12-10T17:25Z","Illinois State Water Survey Central Analytical Laboratory",462.0,0.00066,5,"2024-12-12","B",,
"28b3e8d6-88a6-44b6-916e-47d8270e1b5e","D16","MCRA","MCRA.AOS.S2","MCRA.SS.20241210.FIL","A00000447379","2024-12-10T17:25Z","2024-12-10T17:25Z","Illinois State Water Survey Central Analytical Laboratory",536.0,0.00034,5,"2024-12-12","A",,
"4fca36bb-0317-4804-8019-c0d4c694449d","D16","MCRA","MCRA.AOS.S2","MCRA.SS.20241210.FIL","A00000447379","2024-12-10T17:25Z","2024-12-10T17:25Z","Illinois State Water Survey Central Analytical Laboratory",370.0,0.00246,5,"2024-12-12","A",,
"519c9c63-b1ef-4a9c-b606-4a41f21e070f","D16","MCRA","MCRA.AOS.S2","MCRA.SS.20241210.FIL","A00000447379","2024-12-10T17:25Z","2024-12-10T17:25Z","Illinois State Water Survey Central Analytical Laboratory",378.0,0.00220,5,"2024-12-12","B",,
"a84c25ef-e869-406f-b825-21e2f6695ede","D16","MCRA","MCRA.AOS.S2","MCRA.SS.20241210.FIL","A00000447379","2024-12-10T17:25Z","2024-12-10T17:25Z","Illinois State Water Survey Central Analytical Laboratory",380.0,0.00204,5,"2024-12-12","A",,
"23bfa16f-d864-4b8b-a1cf-b69d27bdbf51","D16","MCRA","MCRA.AOS.S2","MCRA.SS.20241210.FIL","A00000447379","2024-12-10T17:25Z","2024-12-10T17:25Z","Illinois State Water Survey Central Analytical Laboratory",250.0,0.01414,5,"2024-12-12","A",,
"20478afc-2d02-473e-902d-d58112e38c6a","D16","MCRA","MCRA.AOS.S2","MCRA.SS.20241210.FIL","A00000447379","2024-12-10T17:25Z","2024-12-10T17:25Z","Illinois State Water Survey Central Analytical Laboratory",236.0,0.01808,5,"2024-12-12","B",,
"270b8579-ae65-4284-8005-6f0ad8a7935c","D16","MCRA","MCRA.AOS.S2","MCRA.SS.20241210.FIL","A00000447379","2024-12-10T17:25Z","2024-12-10T17:25Z","Illinois State Water Survey Central Analytical Laboratory",262.0,0.01264,5,"2024-12-12","B",,
"3996ce08-7eae-40ce-a5a0-bf7a4381c4da","D16","MCRA","MCRA.AOS.S2","MCRA.SS.20241210.FIL","A00000447379","2024-12-10T17:25Z","2024-12-10T17:25Z","Illinois State Water Survey Central Analytical Laboratory",530.0,0.00032,5,"2024-12-12","A",,
"562ec054-8fee-4271-8f2c-1ebac6f11045","D16","MCRA","MCRA.AOS.S2","MCRA.SS.20241210.FIL","A00000447379","2024-12-10T17:25Z","2024-12-10T17:25Z","Illinois State Water Survey Central Analytical Laboratory",402.0,0.00152,5,"2024-12-12","B",,
"4249afa7-584a-49a9-9cc6-6ac8f9bef91d","D16","MCRA","MCRA.AOS.S2","MCRA.SS.20241210.FIL","A00000447379","2024-12-10T17:25Z","2024-12-10T17:25Z","Illinois State Water Survey Central Analytical Laboratory",450.0,0.00080,5,"2024-12-12","B",,
"2ca71815-54ec-4ad5-b4a0-6c0ff1f12ba6","D16","MCRA","MCRA.AOS.S2","MCRA.SS.20241210.FIL","A00000447379","2024-12-10T17:25Z","2024-12-10T17:25Z","Illinois State Water Survey Central Analytical Laboratory",368.0,0.00258,5,"2024-12-12","B",,
"b28e2f3b-556f-488d-ad16-38162f74f700","D16","MCRA","MCRA.AOS.S2","MCRA.SS.20241210.FIL","A00000447379","2024-12-10T17:25Z","2024-12-10T17:25Z","Illinois State Water Survey Central Analytical Laboratory",502.0,0.00044,5,"2024-12-12","A",,
"7086d704-4a41-4c35-8cef-3c5a1be2120b","D16","MCRA","MCRA.AOS.S2","MCRA.SS.20241210.FIL","A00000447379","2024-12-10T17:25Z","2024-12-10T17:25Z","Illinois State Water Survey Central Analytical Laboratory",258.0,0.01302,5,"2024-12-12","A",,
"c66e3296-eea7-4173-9163-4e21e43a5e7d","D16","MCRA","MCRA.AOS.S2","MCRA.SS.20241210.FIL","A00000447379","2024-12-10T17:25Z","2024-12-10T17:25Z","Illinois State Water Survey Central Analytical Laboratory",254.0,0.01356,5,"2024-12-12","A",,
"349d9591-407a-4cc7-a345-631a7a526c4a","D16","MCRA","MCRA.AOS.S2","MCRA.SS.20241210.FIL","A00000447379","2024-12-10T17:25Z","2024-12-10T17:25Z","Illinois State Water Survey Central Analytical Laboratory",540.0,0.00040,5,"2024-12-12","B",,
"3b676c36-9315-4b8c-98b6-5d5907000f64","D16","MCRA","MCRA.AOS.S2","MCRA.SS.20241210.FIL","A00000447379","2024-12-10T17:25Z","2024-12-10T17:25Z","Illinois State Water Survey Central Analytical Laboratory",522.0,0.00034,5,"2024-12-12","A",,
"b62cf347-fbf6-489f-ad3e-8f2db450d929","D16","MCRA","MCRA.AOS.S2","MCRA.SS.20241210.FIL","A00000447379","2024-12-10T17:25Z","2024-12-10T17:25Z","Illinois State Water Survey Central Analytical Laboratory",302.0,0.00758,5,"2024-12-12","B",,
"f12ec522-033f-4966-884c-6c6a29b0edb7","D16","MCRA","MCRA.AOS.S2","MCRA.SS.20241210.FIL","A00000447379","2024-12-10T17:25Z","2024-12-10T17:25Z","Illinois State Water Survey Central Analytical Laboratory",424.0,0.00112,5,"2024-12-12","B",,
"410a6531-fb7e-4e52-83ee-1751774673e5","D16","MCRA","MCRA.AOS.S2","MCRA.SS.20241210.FIL","A00000447379","2024-12-10T17:25Z","2024-12-10T17:25Z","Illinois State Water Survey Central Analytical Laboratory",490.0,0.00050,5,"2024-12-12","A",,
"ee393d77-dd91-4002-96c3-4903a1ab93b9","D16","MCRA","MCRA.AOS.S2","MCRA.SS.20241210.FIL","A00000447379","2024-12-10T17:25Z","2024-12-10T17:25Z","Illinois State Water Survey Central Analytical Laboratory",492.0,0.00062,5,"2024-12-12","B",,
"45835b4e-78d3-4887-991f-15efe995899f","D16","MCRA","MCRA.AOS.S2","MCRA.SS.20241210.FIL","A00000447379","2024-12-10T17:25Z","2024-12-10T17:25Z","Illinois State Water Survey Central Analytical Laboratory",544.0,0.00032,5,"2024-12-12","B",,
"5f26eafb-82c4-492a-a8e6-47bcaca9f11c","D16","MCRA","MCRA.AOS.S2","MCRA.SS.20241210.FIL","A00000447379","2024-12-10T17:25Z","2024-12-10T17:25Z","Illinois State Water Survey Central Analytical Laboratory",310.0,0.00674,5,"2024-12-12","B",,
"7dd692e8-28e8-4a93-8299-26ccbcfe1a71","D16","MCRA","MCRA.AOS.S2","MCRA.SS.20241210.FIL","A00000447379","2024-12-10T17:25Z","2024-12-10T17:25Z","Illinois State Water Survey Central Analytical Laboratory",372.0,0.00244,5,"2024-12-12","B",,
"9ca81058-629a-4f47-a01f-85e747c18f45","D16","MCRA","MCRA.AOS.S2","MCRA.SS.20241210.FIL","A00000447379","2024-12-10T17:25Z","2024-12-10T17:25Z","Illinois State Water Survey Central Analytical Laboratory",590.0,0.00032,5,"2024-12-12","B",,
"a133f088-a757-47c5-b459-5bf8395fe1b3","D16","MCRA","MCRA.AOS.S2","MCRA.SS.20241210.FIL","A00000447379","2024-12-10T17:25Z","2024-12-10T17:25Z","Illinois State Water Survey Central Analytical Laboratory",428.0,0.00098,5,"2024-12-12","A",,
"89916710-3393-48f9-bd9b-625dc2fa4a69","D16","MCRA","MCRA.AOS.S2","MCRA.SS.20241210.FIL","A00000447379","2024-12-10T17:25Z","2024-12-10T17:25Z","Illinois State Water Survey Central Analytical Laboratory",258.0,0.01310,5,"2024-12-12","B",,
"10d9a1af-30d1-4b43-9a79-cb91c269c867","D16","MCRA","MCRA.AOS.S2","MCRA.SS.20241210.FIL","A00000447379","2024-12-10T17:25Z","2024-12-10T17:25Z","Illinois State Water Survey Central Analytical Laboratory",354.0,0.00322,5,"2024-12-12","A",,
"4bfa5963-9414-47f4-9300-7a92764d5470","D16","MCRA","MCRA.AOS.S2","MCRA.SS.20241210.FIL","A00000447379","2024-12-10T17:25Z","2024-12-10T17:25Z","Illinois State Water Survey Central Analytical Laboratory",482.0,0.00064,5,"2024-12-12","B",,
"772d1c21-fdff-4334-922b-4ca8bba7e293","D16","MCRA","MCRA.AOS.S2","MCRA.SS.20241210.FIL","A00000447379","2024-12-10T17:25Z","2024-12-10T17:25Z","Illinois State Water Survey Central Analytical Laboratory",458.0,0.00076,5,"2024-12-12","B",,
"c299f32f-498c-481a-a208-6f8516fa49c8","D16","MCRA","MCRA.AOS.S2","MCRA.SS.20241210.FIL","A00000447379","2024-12-10T17:25Z","2024-12-10T17:25Z","Illinois State Water Survey Central Analytical Laboratory",574.0,0.00036,5,"2024-12-12","B",,
"bade14bf-0a34-4bd8-9020-a81a6822395e","D16","MCRA","MCRA.AOS.S2","MCRA.SS.20241210.FIL","A00000447379","2024-12-10T17:25Z","2024-12-10T17:25Z","Illinois State Water Survey Central Analytical Laboratory",272.0,0.01134,5,"2024-12-12","A",,
"11a1b3e0-3d5a-44fe-a20d-6128db58e4e9","D16","MCRA","MCRA.AOS.S2","MCRA.SS.20241210.FIL","A00000447379","2024-12-10T17:25Z","2024-12-10T17:25Z","Illinois State Water Survey Central Analytical Laboratory",446.0,0.00084,5,"2024-12-12","B",,
"ef85f39c-0296-4d84-a848-11c730f45d0d","D16","MCRA","MCRA.AOS.S2","MCRA.SS.20241210.FIL","A00000447379","2024-12-10T17:25Z","2024-12-10T17:25Z","Illinois State Water Survey Central Analytical Laboratory",548.0,0.00038,5,"2024-12-12","B",,
"174d2caf-310d-4259-ab8b-0e5ebbc48e06","D16","MCRA","MCRA.AOS.S2","MCRA.SS.20241210.FIL","A00000447379","2024-12-10T17:25Z","2024-12-10T17:25Z","Illinois State Water Survey Central Analytical Laboratory",516.0,0.00036,5,"2024-12-12","A",,
"e6241e4d-d5ec-47c0-a2b1-68ddee25fccb","D16","MCRA","MCRA.AOS.S2","MCRA.SS.20241210.FIL","A00000447379","2024-12-10T17:25Z","2024-12-10T17:25Z","Illinois State Water Survey Central Analytical Laboratory",346.0,0.00380,5,"2024-12-12","B",,
"84084b0c-633d-41ca-9a5d-6660674c5eb5","D16","MCRA","MCRA.AOS.S2","MCRA.SS.20241210.FIL","A00000447379","2024-12-10T17:25Z","2024-12-10T17:25Z","Illinois State Water Survey Central Analytical Laboratory",534.0,0.00040,5,"2024-12-12","B",,
"1883046c-0beb-44cb-a9c4-b0ee949ae561","D16","MCRA","MCRA.AOS.S2","MCRA.SS.20241210.FIL","A00000447379","2024-12-10T17:25Z","2024-12-10T17:25Z","Illinois State Water Survey Central Analytical Laboratory",232.0,0.02048,5,"2024-12-12","B",,
"5c0fd62c-48b7-43e3-bcac-db86fc504d06","D16","MCRA","MCRA.AOS.S2","MCRA.SS.20241210.FIL","A00000447379","2024-12-10T17:25Z","2024-12-10T17:25Z","Illinois State Water Survey Central Analytical Laboratory",348.0,0.00364,5,"2024-12-12","B",,
"23b893c3-0f53-4f27-9b1a-e8cadccd9947","D16","MCRA","MCRA.AOS.S2","MCRA.SS.20241210.FIL","A00000447379","2024-12-10T17:25Z","2024-12-10T17:25Z","Illinois State Water Survey Central Analytical Laboratory",596.0,0.00024,5,"2024-12-12","A",,
"3016fa46-0686-4306-8e07-d37cc7415b18","D16","MCRA","MCRA.AOS.S2","MCRA.SS.20241210.FIL","A00000447379","2024-12-10T17:25Z","2024-12-10T17:25Z","Illinois State Water Survey Central Analytical Laboratory",404.0,0.00144,5,"2024-12-12","B",,
"091379c9-5660-4b01-99fb-e5474884c77c","D16","MCRA","MCRA.AOS.S2","MCRA.SS.20241210.FIL","A00000447379","2024-12-10T17:25Z","2024-12-10T17:25Z","Illinois State Water Survey Central Analytical Laboratory",318.0,0.00592,5,"2024-12-12","A",,
"c9d35fea-4621-4d19-8d1f-3c23d6eacc38","D16","MCRA","MCRA.AOS.S2","MCRA.SS.20241210.FIL","A00000447379","2024-12-10T17:25Z","2024-12-10T17:25Z","Illinois State Water Survey Central Analytical Laboratory",242.0,0.01580,5,"2024-12-12","A",,
"f826d8f4-08da-4fd6-996f-767c85b8d5ff","D16","MCRA","MCRA.AOS.S2","MCRA.SS.20241210.FIL","A00000447379","2024-12-10T17:25Z","2024-12-10T17:25Z","Illinois State Water Survey Central Analytical Laboratory",288.0,0.00928,5,"2024-12-12","A",,
"a627db49-afbc-4998-8b02-7f5f14e5d84f","D16","MCRA","MCRA.AOS.S2","MCRA.SS.20241210.FIL","A00000447379","2024-12-10T17:25Z","2024-12-10T17:25Z","Illinois State Water Survey Central Analytical Laboratory",592.0,0.00034,5,"2024-12-12","B",,
"cf797fc9-280b-4b01-b396-dbf8220a29e1","D16","MCRA","MCRA.AOS.S2","MCRA.SS.20241210.FIL","A00000447379","2024-12-10T17:25Z","2024-12-10T17:25Z","Illinois State Water Survey Central Analytical Laboratory",290.0,0.00906,5,"2024-12-12","B",,
"48c9416f-ec3a-4cb8-ae29-5ac3abda946a","D16","MCRA","MCRA.AOS.S2","MCRA.SS.20241210.FIL","A00000447379","2024-12-10T17:25Z","2024-12-10T17:25Z","Illinois State Water Survey Central Analytical Laboratory",398.0,0.00154,5,"2024-12-12","A",,
"bbc0875e-1b15-4387-98a2-8bc64c82d53f","D16","MCRA","MCRA.AOS.S2","MCRA.SS.20241210.FIL","A00000447379","2024-12-10T17:25Z","2024-12-10T17:25Z","Illinois State Water Survey Central Analytical Laboratory",274.0,0.01110,5,"2024-12-12","A",,
"b925681b-0bdd-4383-ac9e-5c82edb0a284","D16","MCRA","MCRA.AOS.S2","MCRA.SS.20241210.FIL","A00000447379","2024-12-10T17:25Z","2024-12-10T17:25Z","Illinois State Water Survey Central Analytical Laboratory",502.0,0.00050,5,"2024-12-12","B",,
"1c18cda8-b579-4783-8e89-9609eca459a6","D16","MCRA","MCRA.AOS.S2","MCRA.SS.20241210.FIL","A00000447379","2024-12-10T17:25Z","2024-12-10T17:25Z","Illinois State Water Survey Central Analytical Laboratory",296.0,0.00830,5,"2024-12-12","B",,
"b952f709-60b9-4d51-bba6-8dbbade06c4c","D16","MCRA","MCRA.AOS.S2","MCRA.SS.20241210.FIL","A00000447379","2024-12-10T17:25Z","2024-12-10T17:25Z","Illinois State Water Survey Central Analytical Laboratory",438.0,0.00096,5,"2024-12-12","B",,
"40589820-3fca-448e-a2c4-7d1355b6ea3c","D16","MCRA","MCRA.AOS.S2","MCRA.SS.20241210.FIL","A00000447379","2024-12-10T17:25Z","2024-12-10T17:25Z","Illinois State Water Survey Central Analytical Laboratory",520.0,0.00032,5,"2024-12-12","A",,
"f02c7593-6ba7-4919-a961-7ab8f15eda05","D16","MCRA","MCRA.AOS.S2","MCRA.SS.20241210.FIL","A00000447379","2024-12-10T17:25Z","2024-12-10T17:25Z","Illinois State Water Survey Central Analytical Laboratory",554.0,0.00024,5,"2024-12-12","A",,
"84e27f42-49e6-4172-883d-e468d1c7c78a","D16","MCRA","MCRA.AOS.S2","MCRA.SS.20241210.FIL","A00000447379","2024-12-10T17:25Z","2024-12-10T17:25Z","Illinois State Water Survey Central Analytical Laboratory",376.0,0.00230,5,"2024-12-12","B",,
"b5259c12-d156-498d-99ab-80ea9c36a7a1","D16","MCRA","MCRA.AOS.S2","MCRA.SS.20241210.FIL","A00000447379","2024-12-10T17:25Z","2024-12-10T17:25Z","Illinois State Water Survey Central Analytical Laboratory",338.0,0.00424,5,"2024-12-12","A",,
"e03f2319-aac3-4bc3-9097-c3b0ff7eab03","D16","MCRA","MCRA.AOS.S2","MCRA.SS.20241210.FIL","A00000447379","2024-12-10T17:25Z","2024-12-10T17:25Z","Illinois State Water Survey Central Analytical Laboratory",330.0,0.00492,5,"2024-12-12","B",,
"d89dd0ec-0725-4011-92d3-62a3ce560fcf","D16","MCRA","MCRA.AOS.S2","MCRA.SS.20241210.FIL","A00000447379","2024-12-10T17:25Z","2024-12-10T17:25Z","Illinois State Water Survey Central Analytical Laboratory",232.0,0.02036,5,"2024-12-12","A",,
"5c8fd517-ecc9-4070-970b-f8367f1b3d4a","D16","MCRA","MCRA.AOS.S2","MCRA.SS.20241210.FIL","A00000447379","2024-12-10T17:25Z","2024-12-10T17:25Z","Illinois State Water Survey Central Analytical Laboratory",272.0,0.01144,5,"2024-12-12","B",,
"cd2ce869-ae03-49b0-9d01-103ad52f35c5","D16","MCRA","MCRA.AOS.S2","MCRA.SS.20241210.FIL","A00000447379","2024-12-10T17:25Z","2024-12-10T17:25Z","Illinois State Water Survey Central Analytical Laboratory",336.0,0.00438,5,"2024-12-12","A",,
"14d8768e-6dd1-4fb9-b489-37ceb25c44e7","D16","MCRA","MCRA.AOS.S2","MCRA.SS.20241210.FIL","A00000447379","2024-12-10T17:25Z","2024-12-10T17:25Z","Illinois State Water Survey Central Analytical Laboratory",314.0,0.00634,5,"2024-12-12","A",,
"85d12033-96d4-464d-bdbf-4c4471311602","D16","MCRA","MCRA.AOS.S2","MCRA.SS.20241210.FIL","A00000447379","2024-12-10T17:25Z","2024-12-10T17:25Z","Illinois State Water Survey Central Analytical Laboratory",446.0,0.00076,5,"2024-12-12","A",,
"49c31415-bc46-4cb2-bef2-ce86ff6bd362","D16","MCRA","MCRA.AOS.S2","MCRA.SS.20241210.FIL","A00000447379","2024-12-10T17:25Z","2024-12-10T17:25Z","Illinois State Water Survey Central Analytical Laboratory",536.0,0.00040,5,"2024-12-12","B",,
"882ac9fa-36ec-4d60-b5ac-8438e307e96c","D16","MCRA","MCRA.AOS.S2","MCRA.SS.20241210.FIL","A00000447379","2024-12-10T17:25Z","2024-12-10T17:25Z","Illinois State Water Survey Central Analytical Laboratory",392.0,0.00168,5,"2024-12-12","A",,
"c78fbdd6-92bd-4122-bc7c-d7cf841b1361","D16","MCRA","MCRA.AOS.S2","MCRA.SS.20241210.FIL","A00000447379","2024-12-10T17:25Z","2024-12-10T17:25Z","Illinois State Water Survey Central Analytical Laboratory",338.0,0.00432,5,"2024-12-12","B",,
"de58af33-883c-4d79-93cf-4536dcc4d4b3","D16","MCRA","MCRA.AOS.S2","MCRA.SS.20241210.FIL","A00000447379","2024-12-10T17:25Z","2024-12-10T17:25Z","Illinois State Water Survey Central Analytical Laboratory",274.0,0.01118,5,"2024-12-12","B",,
"176aeec9-8c83-4fdf-9b60-1587063687f2","D16","MCRA","MCRA.AOS.S2","MCRA.SS.20241210.FIL","A00000447379","2024-12-10T17:25Z","2024-12-10T17:25Z","Illinois State Water Survey Central Analytical Laboratory",268.0,0.01190,5,"2024-12-12","B",,
"417dcf91-c5a2-4567-b9a8-41881948c538","D16","MCRA","MCRA.AOS.S2","MCRA.SS.20241210.FIL","A00000447379","2024-12-10T17:25Z","2024-12-10T17:25Z","Illinois State Water Survey Central Analytical Laboratory",370.0,0.00252,5,"2024-12-12","B",,
"f701cb97-2ead-4a07-887d-e72c44e1bdd2","D16","MCRA","MCRA.AOS.S2","MCRA.SS.20241210.FIL","A00000447379","2024-12-10T17:25Z","2024-12-10T17:25Z","Illinois State Water Survey Central Analytical Laboratory",424.0,0.00106,5,"2024-12-12","A",,
"53a022a2-d48c-4a8c-88f0-463318854142","D16","MCRA","MCRA.AOS.S2","MCRA.SS.20241210.FIL","A00000447379","2024-12-10T17:25Z","2024-12-10T17:25Z","Illinois State Water Survey Central Analytical Laboratory",260.0,0.01290,5,"2024-12-12","B",,
"0b4ff1d8-9dac-4ff5-975d-1cf0d517aef7","D16","MCRA","MCRA.AOS.S2","MCRA.SS.20241210.FIL","A00000447379","2024-12-10T17:25Z","2024-12-10T17:25Z","Illinois State Water Survey Central Analytical Laboratory",438.0,0.00084,5,"2024-12-12","A",,
"a3fa86ed-a47c-44c0-8c33-6711a9cc5966","D16","MCRA","MCRA.AOS.S2","MCRA.SS.20241210.FIL","A00000447379","2024-12-10T17:25Z","2024-12-10T17:25Z","Illinois State Water Survey Central Analytical Laboratory",526.0,0.00042,5,"2024-12-12","B",,
"926d8b01-ad38-4137-94ae-58f142399637","D16","MCRA","MCRA.AOS.S2","MCRA.SS.20241210.FIL","A00000447379","2024-12-10T17:25Z","2024-12-10T17:25Z","Illinois State Water Survey Central Analytical Laboratory",304.0,0.00730,5,"2024-12-12","A",,
"11db7146-917b-4102-b3a3-56de83a69232","D16","MCRA","MCRA.AOS.S2","MCRA.SS.20241210.FIL","A00000447379","2024-12-10T17:25Z","2024-12-10T17:25Z","Illinois State Water Survey Central Analytical Laboratory",552.0,0.00024,5,"2024-12-12","A",,
"f6e5052f-e053-40cf-9f8d-c2d583afdc76","D16","MCRA","MCRA.AOS.S2","MCRA.SS.20241210.FIL","A00000447379","2024-12-10T17:25Z","2024-12-10T17:25Z","Illinois State Water Survey Central Analytical Laboratory",348.0,0.00360,5,"2024-12-12","A",,
"5ab10d69-e3bf-4161-828b-ae65b85cb845","D16","MCRA","MCRA.AOS.S2","MCRA.SS.20241210.FIL","A00000447379","2024-12-10T17:25Z","2024-12-10T17:25Z","Illinois State Water Survey Central Analytical Laboratory",324.0,0.00540,5,"2024-12-12","A",,
"7cd084c9-f3e8-492c-b90a-8247a88dbf73","D16","MCRA","MCRA.AOS.S2","MCRA.SS.20241210.FIL","A00000447379","2024-12-10T17:25Z","2024-12-10T17:25Z","Illinois State Water Survey Central Analytical Laboratory",504.0,0.00050,5,"2024-12-12","B",,
"99c2a9b6-3426-4c6e-b3f6-a4bd3a4b330f","D16","MCRA","MCRA.AOS.S2","MCRA.SS.20241210.FIL","A00000447379","2024-12-10T17:25Z","2024-12-10T17:25Z","Illinois State Water Survey Central Analytical Laboratory",316.0,0.00612,5,"2024-12-12","A",,
"cf37cb51-5a1c-41a1-80e1-7e621cec2717","D16","MCRA","MCRA.AOS.S2","MCRA.SS.20241210.FIL","A00000447379","2024-12-10T17:25Z","2024-12-10T17:25Z","Illinois State Water Survey Central Analytical Laboratory",500.0,0.00036,5,"2024-12-12","A",,
"83c03a37-635f-4f6c-8778-04b027e8ebe9","D16","MCRA","MCRA.AOS.S2","MCRA.SS.20241210.FIL","A00000447379","2024-12-10T17:25Z","2024-12-10T17:25Z","Illinois State Water Survey Central Analytical Laboratory",410.0,0.00124,5,"2024-12-12","A",,
"7725c8fe-73fe-44da-961e-fb3fa0636078","D16","MCRA","MCRA.AOS.S2","MCRA.SS.20241210.FIL","A00000447379","2024-12-10T17:25Z","2024-12-10T17:25Z","Illinois State Water Survey Central Analytical Laboratory",576.0,0.00032,5,"2024-12-12","B",,
"027fc9e3-aad4-4dd1-a32c-c07e88573a2e","D16","MCRA","MCRA.AOS.S2","MCRA.SS.20241210.FIL","A00000447379","2024-12-10T17:25Z","2024-12-10T17:25Z","Illinois State Water Survey Central Analytical Laboratory",356.0,0.00314,5,"2024-12-12","A",,
"0f7c4056-2efc-447b-8aa6-d5dc4b842397","D16","MCRA","MCRA.AOS.S2","MCRA.SS.20241210.FIL","A00000447379","2024-12-10T17:25Z","2024-12-10T17:25Z","Illinois State Water Survey Central Analytical Laboratory",300.0,0.00772,5,"2024-12-12","A",,
"c63cbac8-3966-4318-b043-338608f62f11","D16","MCRA","MCRA.AOS.S2","MCRA.SS.20241210.FIL","A00000447379","2024-12-10T17:25Z","2024-12-10T17:25Z","Illinois State Water Survey Central Analytical Laboratory",464.0,0.00060,5,"2024-12-12","A",,
"9df3da3b-3b04-4758-bfba-65dbd5349cb5","D16","MCRA","MCRA.AOS.S2","MCRA.SS.20241210.FIL","A00000447379","2024-12-10T17:25Z","2024-12-10T17:25Z","Illinois State Water Survey Central Analytical Laboratory",566.0,0.00034,5,"2024-12-12","B",,
"f8ae1608-8956-4332-902d-3a23e9da67e5","D16","MCRA","MCRA.AOS.S2","MCRA.SS.20241210.FIL","A00000447379","2024-12-10T17:25Z","2024-12-10T17:25Z","Illinois State Water Survey Central Analytical Laboratory",320.0,0.00582,5,"2024-12-12","B",,
"77002d4f-950e-46d1-b689-f5940809c676","D16","MCRA","MCRA.AOS.S2","MCRA.SS.20241210.FIL","A00000447379","2024-12-10T17:25Z","2024-12-10T17:25Z","Illinois State Water Survey Central Analytical Laboratory",392.0,0.00178,5,"2024-12-12","B",,
"b06dd5bb-0ae7-4225-b75a-9bb7f42a70e4","D16","MCRA","MCRA.AOS.S2","MCRA.SS.20241210.FIL","A00000447379","2024-12-10T17:25Z","2024-12-10T17:25Z","Illinois State Water Survey Central Analytical Laboratory",380.0,0.00210,5,"2024-12-12","B",,
"c235136e-9c0c-48f7-a6cb-e3161b0cf07d","D16","MCRA","MCRA.AOS.S2","MCRA.SS.20241210.FIL","A00000447379","2024-12-10T17:25Z","2024-12-10T17:25Z","Illinois State Water Survey Central Analytical Laboratory",266.0,0.01208,5,"2024-12-12","A",,
"be27e82d-6adc-4280-b82d-3558874931e2","D16","MCRA","MCRA.AOS.S2","MCRA.SS.20241210.FIL","A00000447379","2024-12-10T17:25Z","2024-12-10T17:25Z","Illinois State Water Survey Central Analytical Laboratory",466.0,0.00066,5,"2024-12-12","B",,
"02384191-33ed-465d-939b-44bf49f80317","D16","MCRA","MCRA.AOS.S2","MCRA.SS.20241210.FIL","A00000447379","2024-12-10T17:25Z","2024-12-10T17:25Z","Illinois State Water Survey Central Analytical Laboratory",456.0,0.00074,5,"2024-12-12","B",,
"e8d98a51-b12b-409d-a533-2e190d959ef9","D16","MCRA","MCRA.AOS.S2","MCRA.SS.20241210.FIL","A00000447379","2024-12-10T17:25Z","2024-12-10T17:25Z","Illinois State Water Survey Central Analytical Laboratory",582.0,0.00030,5,"2024-12-12","B",,
"e542a1e4-0f00-456e-acf8-6e6cbb00f864","D16","MCRA","MCRA.AOS.S2","MCRA.SS.20241210.FIL","A00000447379","2024-12-10T17:25Z","2024-12-10T17:25Z","Illinois State Water Survey Central Analytical Laboratory",222.0,0.03174,5,"2024-12-12","A",,
"84cf1bb7-5f93-4abe-9a22-058c83693c6c","D16","MCRA","MCRA.AOS.S2","MCRA.SS.20241210.FIL","A00000447379","2024-12-10T17:25Z","2024-12-10T17:25Z","Illinois State Water Survey Central Analytical Laboratory",344.0,0.00390,5,"2024-12-12","B",,
"e938cd17-e382-4510-b97d-cca8ff43fbc1","D16","MCRA","MCRA.AOS.S2","MCRA.SS.20241210.FIL","A00000447379","2024-12-10T17:25Z","2024-12-10T17:25Z","Illinois State Water Survey Central Analytical Laboratory",562.0,0.00030,5,"2024-12-12","A",,
"bb9378d2-402c-4b27-9981-ab02e97b3997","D16","MCRA","MCRA.AOS.S2","MCRA.SS.20241210.FIL","A00000447379","2024-12-10T17:25Z","2024-12-10T17:25Z","Illinois State Water Survey Central Analytical Laboratory",558.0,0.00020,5,"2024-12-12","A",,
"02df8c2c-40f3-4d81-ad76-574ba5fec970","D16","MCRA","MCRA.AOS.S2","MCRA.SS.20241210.FIL","A00000447379","2024-12-10T17:25Z","2024-12-10T17:25Z","Illinois State Water Survey Central Analytical Laboratory",440.0,0.00080,5,"2024-12-12","A",,
"52655be5-7f17-45d6-9a13-afdbc15630e8","D16","MCRA","MCRA.AOS.S2","MCRA.SS.20241210.FIL","A00000447379","2024-12-10T17:25Z","2024-12-10T17:25Z","Illinois State Water Survey Central Analytical Laboratory",276.0,0.01092,5,"2024-12-12","B",,
"41a541b7-d33d-4bd3-8086-7e057b6f1c7b","D16","MCRA","MCRA.AOS.S2","MCRA.SS.20241210.FIL","A00000447379","2024-12-10T17:25Z","2024-12-10T17:25Z","Illinois State Water Survey Central Analytical Laboratory",362.0,0.00286,5,"2024-12-12","B",,
"afcdd7e6-e310-4b0d-950c-22d246330fc2","D16","MCRA","MCRA.AOS.S2","MCRA.SS.20241210.FIL","A00000447379","2024-12-10T17:25Z","2024-12-10T17:25Z","Illinois State Water Survey Central Analytical Laboratory",538.0,0.00042,5,"2024-12-12","B",,
"d1e87805-c61a-4f4e-bf08-0d6cd4e14dcc","D16","MCRA","MCRA.AOS.S2","MCRA.SS.20241210.FIL","A00000447379","2024-12-10T17:25Z","2024-12-10T17:25Z","Illinois State Water Survey Central Analytical Laboratory",388.0,0.00178,5,"2024-12-12","A",,
"dd9ca960-53fa-4ef0-b5c2-2d884c0b7ab9","D16","MCRA","MCRA.AOS.S2","MCRA.SS.20241210.FIL","A00000447379","2024-12-10T17:25Z","2024-12-10T17:25Z","Illinois State Water Survey Central Analytical Laboratory",334.0,0.00454,5,"2024-12-12","A",,
"fcfe7340-2a0d-4e07-9f44-38d7ae2c363a","D16","MCRA","MCRA.AOS.S2","MCRA.SS.20241210.FIL","A00000447379","2024-12-10T17:25Z","2024-12-10T17:25Z","Illinois State Water Survey Central Analytical Laboratory",450.0,0.00072,5,"2024-12-12","A",,
"e7aeea1d-0198-4168-8792-4912d1a749df","D16","MCRA","MCRA.AOS.S2","MCRA.SS.20241210.FIL","A00000447379","2024-12-10T17:25Z","2024-12-10T17:25Z","Illinois State Water Survey Central Analytical Laboratory",394.0,0.00160,5,"2024-12-12","A",,
"4a5a37a2-800a-4d20-8309-9a9eb222e341","D16","MCRA","MCRA.AOS.S2","MCRA.SS.20241210.FIL","A00000447379","2024-12-10T17:25Z","2024-12-10T17:25Z","Illinois State Water Survey Central Analytical Laboratory",322.0,0.00564,5,"2024-12-12","B",,
"7cd9f00e-4630-41f9-8601-8f1ebc29811b","D16","MCRA","MCRA.AOS.S2","MCRA.SS.20241210.FIL","A00000447379","2024-12-10T17:25Z","2024-12-10T17:25Z","Illinois State Water Survey Central Analytical Laboratory",416.0,0.00110,5,"2024-12-12","A",,
"0e50c1be-e92b-44fd-abec-64bd5fd072cd","D16","MCRA","MCRA.AOS.S2","MCRA.SS.20241210.FIL","A00000447379","2024-12-10T17:25Z","2024-12-10T17:25Z","Illinois State Water Survey Central Analytical Laboratory",476.0,0.00062,5,"2024-12-12","B",,
"2260f4d3-dd50-430e-8bfc-5d66307b68a1","D16","MCRA","MCRA.AOS.S2","MCRA.SS.20241210.FIL","A00000447379","2024-12-10T17:25Z","2024-12-10T17:25Z","Illinois State Water Survey Central Analytical Laboratory",498.0,0.00050,5,"2024-12-12","B",,
"8cd552fe-baf9-4905-b26f-aa2e0721154b","D16","MCRA","MCRA.AOS.S2","MCRA.SS.20241210.FIL","A00000447379","2024-12-10T17:25Z","2024-12-10T17:25Z","Illinois State Water Survey Central Analytical Laboratory",554.0,0.00034,5,"2024-12-12","B",,
"1b880072-def6-41d1-8ba3-53d80eae2128","D16","MCRA","MCRA.AOS.S2","MCRA.SS.20241210.FIL","A00000447379","2024-12-10T17:25Z","2024-12-10T17:25Z","Illinois State Water Survey Central Analytical Laboratory",384.0,0.00192,5,"2024-12-12","A",,
"c52c9583-11c1-484c-b94a-aba832d83f7a","D16","MCRA","MCRA.AOS.S2","MCRA.SS.20241210.FIL","A00000447379","2024-12-10T17:25Z","2024-12-10T17:25Z","Illinois State Water Survey Central Analytical Laboratory",422.0,0.00108,5,"2024-12-12","A",,
"367d7c4d-782e-4200-9d9c-16ce4d1d1102","D16","MCRA","MCRA.AOS.S2","MCRA.SS.20241210.FIL","A00000447379","2024-12-10T17:25Z","2024-12-10T17:25Z","Illinois State Water Survey Central Analytical Laboratory",238.0,0.01728,5,"2024-12-12","B",,
"3d682594-7a06-4362-bc49-c426320b3c5e","D16","MCRA","MCRA.AOS.S2","MCRA.SS.20241210.FIL","A00000447379","2024-12-10T17:25Z","2024-12-10T17:25Z","Illinois State Water Survey Central Analytical Laboratory",504.0,0.00042,5,"2024-12-12","A",,
"a407aedf-4ee9-42a8-98e2-dee7febe06e5","D16","MCRA","MCRA.AOS.S2","MCRA.SS.20241210.FIL","A00000447379","2024-12-10T17:25Z","2024-12-10T17:25Z","Illinois State Water Survey Central Analytical Laboratory",460.0,0.00066,5,"2024-12-12","A",,
"bb5c89ce-62c6-4e90-9e03-23c2714e54ae","D16","MCRA","MCRA.AOS.S2","MCRA.SS.20241210.FIL","A00000447379","2024-12-10T17:25Z","2024-12-10T17:25Z","Illinois State Water Survey Central Analytical Laboratory",372.0,0.00240,5,"2024-12-12","A",,
"482f9706-6a19-412e-ae1f-bfb9cccbf0c6","D16","MCRA","MCRA.AOS.S2","MCRA.SS.20241210.FIL","A00000447379","2024-12-10T17:25Z","2024-12-10T17:25Z","Illinois State Water Survey Central Analytical Laboratory",310.0,0.00668,5,"2024-12-12","A",,
"5dde03fb-4980-40bd-89ee-48a1be949c02","D16","MCRA","MCRA.AOS.S2","MCRA.SS.20241210.FIL","A00000447379","2024-12-10T17:25Z","2024-12-10T17:25Z","Illinois State Water Survey Central Analytical Laboratory",494.0,0.00044,5,"2024-12-12","A",,
"469e7098-f200-423b-9ce2-4d59ae033659","D16","MCRA","MCRA.AOS.S2","MCRA.SS.20241210.FIL","A00000447379","2024-12-10T17:25Z","2024-12-10T17:25Z","Illinois State Water Survey Central Analytical Laboratory",556.0,0.00038,5,"2024-12-12","B",,
"d345cbee-58b5-4eb5-9d12-933c100bd718","D16","MCRA","MCRA.AOS.S2","MCRA.SS.20241210.FIL","A00000447379","2024-12-10T17:25Z","2024-12-10T17:25Z","Illinois State Water Survey Central Analytical Laboratory",300.0,0.00780,5,"2024-12-12","B",,
"875b69ad-2e8b-474b-a195-f456e446520a","D16","MCRA","MCRA.AOS.S2","MCRA.SS.20241210.FIL","A00000447379","2024-12-10T17:25Z","2024-12-10T17:25Z","Illinois State Water Survey Central Analytical Laboratory",366.0,0.00262,5,"2024-12-12","A",,
"423bf6c3-b04b-4048-a804-1aad1f5ad825","D16","MCRA","MCRA.AOS.S2","MCRA.SS.20241210.FIL","A00000447379","2024-12-10T17:25Z","2024-12-10T17:25Z","Illinois State Water Survey Central Analytical Laboratory",298.0,0.00804,5,"2024-12-12","B",,
"2a63b863-e17a-4c2d-9bbf-9812426b755b","D16","MCRA","MCRA.AOS.S2","MCRA.SS.20241210.FIL","A00000447379","2024-12-10T17:25Z","2024-12-10T17:25Z","Illinois State Water Survey Central Analytical Laboratory",478.0,0.00060,5,"2024-12-12","B",,
"895f36e2-00b1-496f-a53c-de72e44e13c9","D16","MCRA","MCRA.AOS.S2","MCRA.SS.20241210.FIL","A00000447379","2024-12-10T17:25Z","2024-12-10T17:25Z","Illinois State Water Survey Central Analytical Laboratory",382.0,0.00198,5,"2024-12-12","A",,
"781678aa-9c40-4bbb-b518-73c4fc08fdd2","D16","MCRA","MCRA.AOS.S2","MCRA.SS.20241210.FIL","A00000447379","2024-12-10T17:25Z","2024-12-10T17:25Z","Illinois State Water Survey Central Analytical Laboratory",292.0,0.00870,5,"2024-12-12","A",,
"61fdee1b-953a-4474-9071-2a4f4c5066fa","D16","MCRA","MCRA.AOS.S2","MCRA.SS.20241210.FIL","A00000447379","2024-12-10T17:25Z","2024-12-10T17:25Z","Illinois State Water Survey Central Analytical Laboratory",226.0,0.02578,5,"2024-12-12","A",,
"cb60723c-7dbc-4a00-b459-2ac143b7f62c","D16","MCRA","MCRA.AOS.S2","MCRA.SS.20241210.FIL","A00000447379","2024-12-10T17:25Z","2024-12-10T17:25Z","Illinois State Water Survey Central Analytical Laboratory",260.0,0.01280,5,"2024-12-12","A",,
"07326ef4-f54c-489c-b549-49c48ccd97d0","D16","MCRA","MCRA.AOS.S2","MCRA.SS.20241210.FIL","A00000447379","2024-12-10T17:25Z","2024-12-10T17:25Z","Illinois State Water Survey Central Analytical Laboratory",480.0,0.00052,5,"2024-12-12","A",,
"1127102b-51ce-4718-8825-f3f4bf2dc14a","D16","MCRA","MCRA.AOS.S2","MCRA.SS.20241210.FIL","A00000447379","2024-12-10T17:25Z","2024-12-10T17:25Z","Illinois State Water Survey Central Analytical Laboratory",468.0,0.00058,5,"2024-12-12","A",,
"4ee27d9d-6dd6-4a2f-a4a4-b195fd5fe1df","D16","MCRA","MCRA.AOS.S2","MCRA.SS.20241210.FIL","A00000447379","2024-12-10T17:25Z","2024-12-10T17:25Z","Illinois State Water Survey Central Analytical Laboratory",396.0,0.00164,5,"2024-12-12","B",,
"af79009e-aed2-421f-9197-aaa55f00cf2f","D16","MCRA","MCRA.AOS.S2","MCRA.SS.20241210.FIL","A00000447379","2024-12-10T17:25Z","2024-12-10T17:25Z","Illinois State Water Survey Central Analytical Laboratory",316.0,0.00620,5,"2024-12-12","B",,
"ef11cbe2-3146-4a1d-8d07-0fa460bb16c4","D16","MCRA","MCRA.AOS.S2","MCRA.SS.20241210.FIL","A00000447379","2024-12-10T17:25Z","2024-12-10T17:25Z","Illinois State Water Survey Central Analytical Laboratory",280.0,0.01040,5,"2024-12-12","B",,
"afc44077-6ef8-4da7-a3f9-bf7d45a4518f","D16","MCRA","MCRA.AOS.S2","MCRA.SS.20241210.FIL","A00000447379","2024-12-10T17:25Z","2024-12-10T17:25Z","Illinois State Water Survey Central Analytical Laboratory",594.0,0.00018,5,"2024-12-12","A",,
"481dc0d2-4b3c-4739-91e6-e9443531aff9","D16","MCRA","MCRA.AOS.S2","MCRA.SS.20241210.FIL","A00000447379","2024-12-10T17:25Z","2024-12-10T17:25Z","Illinois State Water Survey Central Analytical Laboratory",252.0,0.01386,5,"2024-12-12","B",,
"aa7be265-babe-4fcc-9224-9c461dd94b49","D16","MCRA","MCRA.AOS.S2","MCRA.SS.20241210.FIL","A00000447379","2024-12-10T17:25Z","2024-12-10T17:25Z","Illinois State Water Survey Central Analytical Laboratory",514.0,0.00032,5,"2024-12-12","A",,
"c31117ea-566f-4f40-8243-688a1dfe0fe4","D16","MCRA","MCRA.AOS.S2","MCRA.SS.20241210.FIL","A00000447379","2024-12-10T17:25Z","2024-12-10T17:25Z","Illinois State Water Survey Central Analytical Laboratory",412.0,0.00130,5,"2024-12-12","B",,
"3436b009-207b-4ca7-986a-fe1086280b00","D16","MCRA","MCRA.AOS.S2","MCRA.SS.20241210.FIL","A00000447379","2024-12-10T17:25Z","2024-12-10T17:25Z","Illinois State Water Survey Central Analytical Laboratory",428.0,0.00104,5,"2024-12-12","B",,
"b35b881a-b8d9-4b93-8b6d-32ac104a61b7","D16","MCRA","MCRA.AOS.S2","MCRA.SS.20241210.FIL","A00000447379","2024-12-10T17:25Z","2024-12-10T17:25Z","Illinois State Water Survey Central Analytical Laboratory",222.0,0.03192,5,"2024-12-12","B",,
"b0702881-2d06-4eb3-a962-5d94ffa2e6b8","D16","MCRA","MCRA.AOS.S2","MCRA.SS.20241210.FIL","A00000447379","2024-12-10T17:25Z","2024-12-10T17:25Z","Illinois State Water Survey Central Analytical Laboratory",482.0,0.00052,5,"2024-12-12","A",,
"5caa6b4a-b792-4251-b035-32ecd11b63ae","D16","MCRA","MCRA.AOS.S2","MCRA.SS.20241210.FIL","A00000447379","2024-12-10T17:25Z","2024-12-10T17:25Z","Illinois State Water Survey Central Analytical Laboratory",358.0,0.00306,5,"2024-12-12","A",,
"8f17814c-f77a-41d3-bc57-35dd73b22f56","D16","MCRA","MCRA.AOS.S2","MCRA.SS.20241210.FIL","A00000447379","2024-12-10T17:25Z","2024-12-10T17:25Z","Illinois State Water Survey Central Analytical Laboratory",298.0,0.00798,5,"2024-12-12","A",,
"1bbf46bd-7942-4170-89e0-56195b21cd54","D16","MCRA","MCRA.AOS.S2","MCRA.SS.20241210.FIL","A00000447379","2024-12-10T17:25Z","2024-12-10T17:25Z","Illinois State Water Survey Central Analytical Laboratory",406.0,0.00136,5,"2024-12-12","A",,
"ee28e2e0-4831-4350-8673-f3704df2e9e9","D16","MCRA","MCRA.AOS.S2","MCRA.SS.20241210.FIL","A00000447379","2024-12-10T17:25Z","2024-12-10T17:25Z","Illinois State Water Survey Central Analytical Laboratory",420.0,0.00116,5,"2024-12-12","B",,
"0b392ce3-8111-414a-9b27-c2f59393ecd0","D16","MCRA","MCRA.AOS.S2","MCRA.SS.20241210.FIL","A00000447379","2024-12-10T17:25Z","2024-12-10T17:25Z","Illinois State Water Survey Central Analytical Laboratory",408.0,0.00136,5,"2024-12-12","B",,
"8cb61d41-15ab-4c73-9d56-05ee0009f288","D16","MCRA","MCRA.AOS.S2","MCRA.SS.20241210.FIL","A00000447379","2024-12-10T17:25Z","2024-12-10T17:25Z","Illinois State Water Survey Central Analytical Laboratory",486.0,0.00048,5,"2024-12-12","A",,
"42dade70-4e3f-445a-ae44-79a1870f56ec","D16","MCRA","MCRA.AOS.S2","MCRA.SS.20241210.FIL","A00000447379","2024-12-10T17:25Z","2024-12-10T17:25Z","Illinois State Water Survey Central Analytical Laboratory",542.0,0.00040,5,"2024-12-12","B",,
"5641fd14-355e-4624-9683-8cee038911a5","D16","MCRA","MCRA.AOS.S2","MCRA.SS.20241210.FIL","A00000447379","2024-12-10T17:25Z","2024-12-10T17:25Z","Illinois State Water Survey Central Analytical Laboratory",230.0,0.02194,5,"2024-12-12","A",,
"463d9957-131d-406e-a15b-4a89082142f4","D16","MCRA","MCRA.AOS.S2","MCRA.SS.20241210.FIL","A00000447379","2024-12-10T17:25Z","2024-12-10T17:25Z","Illinois State Water Survey Central Analytical Laboratory",442.0,0.00084,5,"2024-12-12","A",,
"fca18e6d-f4ba-4172-a678-d61a06992fcc","D16","MCRA","MCRA.AOS.S2","MCRA.SS.20241210.FIL","A00000447379","2024-12-10T17:25Z","2024-12-10T17:25Z","Illinois State Water Survey Central Analytical Laboratory",512.0,0.00038,5,"2024-12-12","A",,
"a625833b-b6a1-431c-bc3b-9f19448d43f6","D16","MCRA","MCRA.AOS.S2","MCRA.SS.20241210.FIL","A00000447379","2024-12-10T17:25Z","2024-12-10T17:25Z","Illinois State Water Survey Central Analytical Laboratory",270.0,0.01156,5,"2024-12-12","A",,
"79d42110-7c4b-4b5b-bbca-fdfce84a089c","D16","MCRA","MCRA.AOS.S2","MCRA.SS.20241210.FIL","A00000447379","2024-12-10T17:25Z","2024-12-10T17:25Z","Illinois State Water Survey Central Analytical Laboratory",496.0,0.00052,5,"2024-12-12","B",,
"48e47aac-ecde-41e8-a371-3c535fdefe50","D16","MCRA","MCRA.AOS.S2","MCRA.SS.20241210.FIL","A00000447379","2024-12-10T17:25Z","2024-12-10T17:25Z","Illinois State Water Survey Central Analytical Laboratory",572.0,0.00024,5,"2024-12-12","A",,
"b2c2f365-1b3c-40bf-9310-183184fb38e2","D16","MCRA","MCRA.AOS.S2","MCRA.SS.20241210.FIL","A00000447379","2024-12-10T17:25Z","2024-12-10T17:25Z","Illinois State Water Survey Central Analytical Laboratory",532.0,0.00028,5,"2024-12-12","A",,
"e92a2c91-c80b-49f6-b2ce-906821c80815","D16","MCRA","MCRA.AOS.S2","MCRA.SS.20241210.FIL","A00000447379","2024-12-10T17:25Z","2024-12-10T17:25Z","Illinois State Water Survey Central Analytical Laboratory",524.0,0.00044,5,"2024-12-12","B",,
"d0489b4e-dc68-4cdd-a826-56eb27960a89","D16","MCRA","MCRA.AOS.S2","MCRA.SS.20241210.FIL","A00000447379","2024-12-10T17:25Z","2024-12-10T17:25Z","Illinois State Water Survey Central Analytical Laboratory",498.0,0.00044,5,"2024-12-12","A",,
"11ebb8c5-fde1-43a8-8732-b751ff42206e","D16","MCRA","MCRA.AOS.S2","MCRA.SS.20241210.FIL","A00000447379","2024-12-10T17:25Z","2024-12-10T17:25Z","Illinois State Water Survey Central Analytical Laboratory",552.0,0.00036,5,"2024-12-12","B",,
"e5a53e91-e048-4b78-b0b1-bfe5aade8ddc","D16","MCRA","MCRA.AOS.S2","MCRA.SS.20241210.FIL","A00000447379","2024-12-10T17:25Z","2024-12-10T17:25Z","Illinois State Water Survey Central Analytical Laboratory",326.0,0.00528,5,"2024-12-12","B",,
"494ac45d-1651-4b1c-9c61-0f70982b19ed","D16","MCRA","MCRA.AOS.S2","MCRA.SS.20241210.FIL","A00000447379","2024-12-10T17:25Z","2024-12-10T17:25Z","Illinois State Water Survey Central Analytical Laboratory",560.0,0.00028,5,"2024-12-12","A",,
"ce13b00d-bfa0-4ecb-89a4-5a6e7cdd0a84","D16","MCRA","MCRA.AOS.S2","MCRA.SS.20241210.FIL","A00000447379","2024-12-10T17:25Z","2024-12-10T17:25Z","Illinois State Water Survey Central Analytical Laboratory",598.0,0.00034,5,"2024-12-12","B",,
"27fcf8c1-9158-4056-8165-efe3109866f4","D16","MCRA","MCRA.AOS.S2","MCRA.SS.20241210.FIL","A00000447379","2024-12-10T17:25Z","2024-12-10T17:25Z","Illinois State Water Survey Central Analytical Laboratory",264.0,0.01240,5,"2024-12-12","B",,
"c87b6b90-1052-4ea3-abe2-65edea83973f","D16","MCRA","MCRA.AOS.S2","MCRA.SS.20241210.FIL","A00000447379","2024-12-10T17:25Z","2024-12-10T17:25Z","Illinois State Water Survey Central Analytical Laboratory",390.0,0.00176,5,"2024-12-12","A",,
"667a12f3-b703-4fe3-b399-d45658b26d66","D16","MCRA","MCRA.AOS.S2","MCRA.SS.20241210.FIL","A00000447379","2024-12-10T17:25Z","2024-12-10T17:25Z","Illinois State Water Survey Central Analytical Laboratory",262.0,0.01256,5,"2024-12-12","A",,
"dddf6859-7778-45f7-a2c5-ebb510cea7a1","D16","MCRA","MCRA.AOS.S2","MCRA.SS.20241210.FIL","A00000447379","2024-12-10T17:25Z","2024-12-10T17:25Z","Illinois State Water Survey Central Analytical Laboratory",396.0,0.00150,5,"2024-12-12","A",,
"7d2e7b6c-4f06-41ab-bcd1-0becdedf2a6e","D16","MCRA","MCRA.AOS.S2","MCRA.SS.20241210.FIL","A00000447379","2024-12-10T17:25Z","2024-12-10T17:25Z","Illinois State Water Survey Central Analytical Laboratory",514.0,0.00044,5,"2024-12-12","B",,
"1b93df4b-767a-4665-83d6-b84c98d26cc9","D16","MCRA","MCRA.AOS.S2","MCRA.SS.20241210.FIL","A00000447379","2024-12-10T17:25Z","2024-12-10T17:25Z","Illinois State Water Survey Central Analytical Laboratory",364.0,0.00268,5,"2024-12-12","A",,
"d751a38c-0f87-4320-82da-637ca2989167","D16","MCRA","MCRA.AOS.S2","MCRA.SS.20241210.FIL","A00000447379","2024-12-10T17:25Z","2024-12-10T17:25Z","Illinois State Water Survey Central Analytical Laboratory",500.0,0.00052,5,"2024-12-12","B",,
"6bbc14a6-6ab3-46f7-ba7f-d69bffcd4289","D16","MCRA","MCRA.AOS.S2","MCRA.SS.20241210.FIL","A00000447379","2024-12-10T17:25Z","2024-12-10T17:25Z","Illinois State Water Survey Central Analytical Laboratory",342.0,0.00400,5,"2024-12-12","A",,
"3d34e2a4-b838-459d-8efd-1791368ad20a","D16","MCRA","MCRA.AOS.S2","MCRA.SS.20241210.FIL","A00000447379","2024-12-10T17:25Z","2024-12-10T17:25Z","Illinois State Water Survey Central Analytical Laboratory",444.0,0.00086,5,"2024-12-12","B",,
"01ac2be7-90f9-446e-a16f-d8b5821f2b34","D16","MCRA","MCRA.AOS.S2","MCRA.SS.20241210.FIL","A00000447379","2024-12-10T17:25Z","2024-12-10T17:25Z","Illinois State Water Survey Central Analytical Laboratory",412.0,0.00124,5,"2024-12-12","A",,
"f9ba5f35-5370-4a63-95d5-7388ca521ada","D16","MCRA","MCRA.AOS.S2","MCRA.SS.20241210.FIL","A00000447379","2024-12-10T17:25Z","2024-12-10T17:25Z","Illinois State Water Survey Central Analytical Laboratory",414.0,0.00122,5,"2024-12-12","B",,
"90e514d0-fc07-4edf-965f-9115928ab8f3","D16","MCRA","MCRA.AOS.S2","MCRA.SS.20241210.FIL","A00000447379","2024-12-10T17:25Z","2024-12-10T17:25Z","Illinois State Water Survey Central Analytical Laboratory",564.0,0.00036,5,"2024-12-12","B",,
"4fac4193-2615-44d9-bed2-26eff63c8e8c","D16","MCRA","MCRA.AOS.S2","MCRA.SS.20241210.FIL","A00000447379","2024-12-10T17:25Z","2024-12-10T17:25Z","Illinois State Water Survey Central Analytical Laboratory",520.0,0.00044,5,"2024-12-12","B",,
"d487a95c-b76e-48cc-842b-6d5afb923bb5","D16","MCRA","MCRA.AOS.S2","MCRA.SS.20241210.FIL","A00000447379","2024-12-10T17:25Z","2024-12-10T17:25Z","Illinois State Water Survey Central Analytical Laboratory",308.0,0.00686,5,"2024-12-12","A",,
"afcb92bb-5594-4a4b-9475-f11712d36652","D16","MCRA","MCRA.AOS.S2","MCRA.SS.20241210.FIL","A00000447379","2024-12-10T17:25Z","2024-12-10T17:25Z","Illinois State Water Survey Central Analytical Laboratory",582.0,0.00018,5,"2024-12-12","A",,
"9f5521fe-f565-4451-8162-078429d4842b","D16","MCRA","MCRA.AOS.S2","MCRA.SS.20241210.FIL","A00000447379","2024-12-10T17:25Z","2024-12-10T17:25Z","Illinois State Water Survey Central Analytical Laboratory",458.0,0.00064,5,"2024-12-12","A",,
"2ea09da2-da50-4d1d-82d7-be6085ea6f45","D16","MCRA","MCRA.AOS.S2","MCRA.SS.20241210.FIL","A00000447379","2024-12-10T17:25Z","2024-12-10T17:25Z","Illinois State Water Survey Central Analytical Laboratory",326.0,0.00522,5,"2024-12-12","A",,
"166c6422-7626-47ce-afa8-61a8bf6849f6","D16","MCRA","MCRA.AOS.S2","MCRA.SS.20241210.FIL","A00000447379","2024-12-10T17:25Z","2024-12-10T17:25Z","Illinois State Water Survey Central Analytical Laboratory",434.0,0.00088,5,"2024-12-12","A",,
"24936085-8c50-4a3c-b313-3dfa344d4918","D16","MCRA","MCRA.AOS.S2","MCRA.SS.20241210.FIL","A00000447379","2024-12-10T17:25Z","2024-12-10T17:25Z","Illinois State Water Survey Central Analytical Laboratory",276.0,0.01084,5,"2024-12-12","A",,
"fbe39a79-d435-4397-aa1f-0156aa7b0c0e","D16","MCRA","MCRA.AOS.S2","MCRA.SS.20241210.FIL","A00000447379","2024-12-10T17:25Z","2024-12-10T17:25Z","Illinois State Water Survey Central Analytical Laboratory",542.0,0.00030,5,"2024-12-12","A",,
"e28d80f3-3360-43df-81a5-b1bd00188e06","D16","MCRA","MCRA.AOS.S2","MCRA.SS.20241210.FIL","A00000447379","2024-12-10T17:25Z","2024-12-10T17:25Z","Illinois State Water Survey Central Analytical Laboratory",484.0,0.00062,5,"2024-12-12","B",,
"46961fd8-6590-4eca-8ee4-d8aa036e39e2","D16","MCRA","MCRA.AOS.S2","MCRA.SS.20241210.FIL","A00000447379","2024-12-10T17:25Z","2024-12-10T17:25Z","Illinois State Water Survey Central Analytical Laboratory",364.0,0.00280,5,"2024-12-12","B",,
"8225ca62-96a7-432f-983f-6df344af69b2","D16","MCRA","MCRA.AOS.S2","MCRA.SS.20241210.FIL","A00000447379","2024-12-10T17:25Z","2024-12-10T17:25Z","Illinois State Water Survey Central Analytical Laboratory",426.0,0.00108,5,"2024-12-12","B",,
"17b15121-c76d-4997-a0aa-add487f5c55d","D16","MCRA","MCRA.AOS.S2","MCRA.SS.20241210.FIL","A00000447379","2024-12-10T17:25Z","2024-12-10T17:25Z","Illinois State Water Survey Central Analytical Laboratory",550.0,0.00038,5,"2024-12-12","B",,
"51c3e97f-4c6a-4bcd-a694-b383e0410d03","D16","MCRA","MCRA.AOS.S2","MCRA.SS.20241210.FIL","A00000447379","2024-12-10T17:25Z","2024-12-10T17:25Z","Illinois State Water Survey Central Analytical Laboratory",430.0,0.00104,5,"2024-12-12","B",,
"3ddbd8d3-249a-43a2-806d-de5fca9e0c15","D16","MCRA","MCRA.AOS.S2","MCRA.SS.20241210.FIL","A00000447379","2024-12-10T17:25Z","2024-12-10T17:25Z","Illinois State Water Survey Central Analytical Laboratory",476.0,0.00054,5,"2024-12-12","A",,
"61d10d6b-eaff-4dd0-9403-7efe9e39daab","D16","MCRA","MCRA.AOS.S2","MCRA.SS.20241210.FIL","A00000447379","2024-12-10T17:25Z","2024-12-10T17:25Z","Illinois State Water Survey Central Analytical Laboratory",456.0,0.00066,5,"2024-12-12","A",,
"dbe01167-3918-4b1f-badc-e2df527bb1c6","D16","MCRA","MCRA.AOS.S2","MCRA.SS.20241210.FIL","A00000447379","2024-12-10T17:25Z","2024-12-10T17:25Z","Illinois State Water Survey Central Analytical Laboratory",368.0,0.00254,5,"2024-12-12","A",,
"9ed82581-cac9-4469-a333-c6aae66d5c4b","D16","MCRA","MCRA.AOS.S2","MCRA.SS.20241210.FIL","A00000447379","2024-12-10T17:25Z","2024-12-10T17:25Z","Illinois State Water Survey Central Analytical Laboratory",562.0,0.00036,5,"2024-12-12","B",,
"22ac72ce-6826-4021-ba43-756c76e28f37","D16","MCRA","MCRA.AOS.S2","MCRA.SS.20241210.FIL","A00000447379","2024-12-10T17:25Z","2024-12-10T17:25Z","Illinois State Water Survey Central Analytical Laboratory",336.0,0.00446,5,"2024-12-12","B",,
"f5fd4f2a-e195-4555-a7d6-6d004557ba4f","D16","MCRA","MCRA.AOS.S2","MCRA.SS.20241210.FIL","A00000447379","2024-12-10T17:25Z","2024-12-10T17:25Z","Illinois State Water Survey Central Analytical Laboratory",278.0,0.01068,5,"2024-12-12","B",,
"3d734b47-1daa-42c4-818d-3f6e56a22505","D16","MCRA","MCRA.AOS.S2","MCRA.SS.20241210.FIL","A00000447379","2024-12-10T17:25Z","2024-12-10T17:25Z","Illinois State Water Survey Central Analytical Laboratory",440.0,0.00090,5,"2024-12-12","B",,
"97d74db9-3a99-4cd0-8d52-6459ad1ade53","D16","MCRA","MCRA.AOS.S2","MCRA.SS.20241210.FIL","A00000447379","2024-12-10T17:25Z","2024-12-10T17:25Z","Illinois State Water Survey Central Analytical Laboratory",358.0,0.00310,5,"2024-12-12","B",,
"5601e12e-0205-4adb-a2da-404df362ef23","D16","MCRA","MCRA.AOS.S2","MCRA.SS.20241210.FIL","A00000447379","2024-12-10T17:25Z","2024-12-10T17:25Z","Illinois State Water Survey Central Analytical Laboratory",586.0,0.00036,5,"2024-12-12","B",,
"a7d768ae-65e0-4cc9-93ac-2d1e8eaaafd2","D16","MCRA","MCRA.AOS.S2","MCRA.SS.20241210.FIL","A00000447379","2024-12-10T17:25Z","2024-12-10T17:25Z","Illinois State Water Survey Central Analytical Laboratory",240.0,0.01652,5,"2024-12-12","B",,
"8d325795-7451-4ae3-9f3a-3805a6687b61","D16","MCRA","MCRA.AOS.S2","MCRA.SS.20241210.FIL","A00000447379","2024-12-10T17:25Z","2024-12-10T17:25Z","Illinois State Water Survey Central Analytical Laboratory",286.0,0.00956,5,"2024-12-12","A",,
"7a7c32a1-6e79-463d-8c85-7394a1ddea54","D16","MCRA","MCRA.AOS.S2","MCRA.SS.20241210.FIL","A00000447379","2024-12-10T17:25Z","2024-12-10T17:25Z","Illinois State Water Survey Central Analytical Laboratory",528.0,0.00044,5,"2024-12-12","B",,
"76157ccb-14be-4430-a221-bccee5d99a50","D16","MCRA","MCRA.AOS.S2","MCRA.SS.20241210.FIL","A00000447379","2024-12-10T17:25Z","2024-12-10T17:25Z","Illinois State Water Survey Central Analytical Laboratory",244.0,0.01530,5,"2024-12-12","A",,
"02905c7a-3d20-4e71-afa1-644082d12cdc","D16","MCRA","MCRA.AOS.S2","MCRA.SS.20241210.FIL","A00000447379","2024-12-10T17:25Z","2024-12-10T17:25Z","Illinois State Water Survey Central Analytical Laboratory",268.0,0.01182,5,"2024-12-12","A",,
"cbbb634c-9c35-4dee-afbb-42b04cd93c3b","D16","MCRA","MCRA.AOS.S2","MCRA.SS.20241210.FIL","A00000447379","2024-12-10T17:25Z","2024-12-10T17:25Z","Illinois State Water Survey Central Analytical Laboratory",426.0,0.00100,5,"2024-12-12","A",,
"cab214c4-f824-44a0-af87-ece15eb99dc4","D16","MCRA","MCRA.AOS.S2","MCRA.SS.20241210.FIL","A00000447379","2024-12-10T17:25Z","2024-12-10T17:25Z","Illinois State Water Survey Central Analytical Laboratory",374.0,0.00228,5,"2024-12-12","A",,
"54405e3d-eb3a-496b-8f88-26d840a0c774","D16","MCRA","MCRA.AOS.S2","MCRA.SS.20241210.FIL","A00000447379","2024-12-10T17:25Z","2024-12-10T17:25Z","Illinois State Water Survey Central Analytical Laboratory",318.0,0.00600,5,"2024-12-12","B",,
"af02226e-ca8d-40a9-892a-ff7101991e37","D16","MCRA","MCRA.AOS.S2","MCRA.SS.20241210.FIL","A00000447379","2024-12-10T17:25Z","2024-12-10T17:25Z","Illinois State Water Survey Central Analytical Laboratory",444.0,0.00078,5,"2024-12-12","A",,
"645c6252-3677-4e23-b905-393bbdf8cabb","D16","MCRA","MCRA.AOS.S2","MCRA.SS.20241210.FIL","A00000447379","2024-12-10T17:25Z","2024-12-10T17:25Z","Illinois State Water Survey Central Analytical Laboratory",596.0,0.00032,5,"2024-12-12","B",,
"9c66e3af-467b-4391-a712-087d278ff878","D16","MCRA","MCRA.AOS.S2","MCRA.SS.20241210.FIL","A00000447379","2024-12-10T17:25Z","2024-12-10T17:25Z","Illinois State Water Survey Central Analytical Laboratory",282.0,0.01012,5,"2024-12-12","A",,
"05c1680a-07b1-4674-946c-ab53da50e093","D16","MCRA","MCRA.AOS.S2","MCRA.SS.20241210.FIL","A00000447379","2024-12-10T17:25Z","2024-12-10T17:25Z","Illinois State Water Survey Central Analytical Laboratory",460.0,0.00072,5,"2024-12-12","B",,
"844dadcd-8704-48de-b2eb-71fe7be2de7a","D16","MCRA","MCRA.AOS.S2","MCRA.SS.20241210.FIL","A00000447379","2024-12-10T17:25Z","2024-12-10T17:25Z","Illinois State Water Survey Central Analytical Laboratory",390.0,0.00184,5,"2024-12-12","B",,
"2df5dced-4ba4-4af9-9c39-80c7edaecd91","D16","MCRA","MCRA.AOS.S2","MCRA.SS.20241210.FIL","A00000447379","2024-12-10T17:25Z","2024-12-10T17:25Z","Illinois State Water Survey Central Analytical Laboratory",312.0,0.00656,5,"2024-12-12","B",,
"6cdd2cae-d8a5-40f7-a360-931727b15768","D16","MCRA","MCRA.AOS.S2","MCRA.SS.20241210.FIL","A00000447379","2024-12-10T17:25Z","2024-12-10T17:25Z","Illinois State Water Survey Central Analytical Laboratory",398.0,0.00158,5,"2024-12-12","B",,
"a61acd4f-fe16-4ea9-b44a-495dcde5aedc","D16","MCRA","MCRA.AOS.S2","MCRA.SS.20241210.FIL","A00000447379","2024-12-10T17:25Z","2024-12-10T17:25Z","Illinois State Water Survey Central Analytical Laboratory",584.0,0.00016,5,"2024-12-12","A",,
"5cbcfa31-23ed-48b9-9fd1-fe57ca43692c","D16","MCRA","MCRA.AOS.S2","MCRA.SS.20241210.FIL","A00000447379","2024-12-10T17:25Z","2024-12-10T17:25Z","Illinois State Water Survey Central Analytical Laboratory",224.0,0.02852,5,"2024-12-12","A",,
"6f586c6a-399c-4ef3-a73d-f8f80c28be51","D16","MCRA","MCRA.AOS.S2","MCRA.SS.20241210.FIL","A00000447379","2024-12-10T17:25Z","2024-12-10T17:25Z","Illinois State Water Survey Central Analytical Laboratory",588.0,0.00026,5,"2024-12-12","B",,
"b30afa1b-82de-4f1b-8d1c-c56e0415533d","D16","MCRA","MCRA.AOS.S2","MCRA.SS.20241210.FIL","A00000447379","2024-12-10T17:25Z","2024-12-10T17:25Z","Illinois State Water Survey Central Analytical Laboratory",452.0,0.00078,5,"2024-12-12","B",,
"9ec4a6ef-f4da-4d84-a640-4b0d4a6b8135","D16","MCRA","MCRA.AOS.S2","MCRA.SS.20241210.FIL","A00000447379","2024-12-10T17:25Z","2024-12-10T17:25Z","Illinois State Water Survey Central Analytical Laboratory",418.0,0.00118,5,"2024-12-12","B",,
"322322f8-879c-4b6a-8b5f-2a3b93613330","D16","MCRA","MCRA.AOS.S2","MCRA.SS.20241210.FIL","A00000447379","2024-12-10T17:25Z","2024-12-10T17:25Z","Illinois State Water Survey Central Analytical Laboratory",544.0,0.00026,5,"2024-12-12","A",,
"bbc7c56b-83dc-418d-a152-d9404efde397","D16","MCRA","MCRA.AOS.S2","MCRA.SS.20241210.FIL","A00000447379","2024-12-10T17:25Z","2024-12-10T17:25Z","Illinois State Water Survey Central Analytical Laboratory",296.0,0.00820,5,"2024-12-12","A",,
"5e1f10ca-4a07-46fb-a016-b71588de317d","D16","MCRA","MCRA.AOS.S2","MCRA.SS.20241210.FIL","A00000447379","2024-12-10T17:25Z","2024-12-10T17:25Z","Illinois State Water Survey Central Analytical Laboratory",288.0,0.00934,5,"2024-12-12","B",,
"e77b2a04-42ba-46af-a96e-73c1429343b7","D16","MCRA","MCRA.AOS.S2","MCRA.SS.20241210.FIL","A00000447379","2024-12-10T17:25Z","2024-12-10T17:25Z","Illinois State Water Survey Central Analytical Laboratory",228.0,0.02364,5,"2024-12-12","B",,
"38bf44c8-e579-4ca1-be53-dcb13b89065e","D16","MCRA","MCRA.AOS.S2","MCRA.SS.20241210.FIL","A00000447379","2024-12-10T17:25Z","2024-12-10T17:25Z","Illinois State Water Survey Central Analytical Laboratory",436.0,0.00094,5,"2024-12-12","B",,
"8721710e-3d85-4160-aaca-ca08881eac54","D16","MCRA","MCRA.AOS.S2","MCRA.SS.20241210.FIL","A00000447379","2024-12-10T17:25Z","2024-12-10T17:25Z","Illinois State Water Survey Central Analytical Laboratory",472.0,0.00064,5,"2024-12-12","B",,
"4d165c32-1465-45a4-adcc-b8a65c9c8c46","D16","MCRA","MCRA.AOS.S2","MCRA.SS.20241210.FIL","A00000447379","2024-12-10T17:25Z","2024-12-10T17:25Z","Illinois State Water Survey Central Analytical Laboratory",280.0,0.01034,5,"2024-12-12","A",,
"bd600467-9411-4ad7-aee6-464749ced5d2","D16","MCRA","MCRA.AOS.S2","MCRA.SS.20241210.FIL","A00000447379","2024-12-10T17:25Z","2024-12-10T17:25Z","Illinois State Water Survey Central Analytical Laboratory",406.0,0.00140,5,"2024-12-12","B",,
"6b74cdf5-7cf1-4057-a34f-f54c1b921a66","D16","MCRA","MCRA.AOS.S2","MCRA.SS.20241210.FIL","A00000447379","2024-12-10T17:25Z","2024-12-10T17:25Z","Illinois State Water Survey Central Analytical Laboratory",226.0,0.02594,5,"2024-12-12","B",,
"826840ba-87fd-44bf-a6dd-5f35c26b14e8","D16","MCRA","MCRA.AOS.S2","MCRA.SS.20241210.FIL","A00000447379","2024-12-10T17:25Z","2024-12-10T17:25Z","Illinois State Water Survey Central Analytical Laboratory",530.0,0.00042,5,"2024-12-12","B",,
"70a57b31-11d1-4454-a012-a820bb2a96b2","D16","MCRA","MCRA.AOS.S2","MCRA.SS.20241210.FIL","A00000447379","2024-12-10T17:25Z","2024-12-10T17:25Z","Illinois State Water Survey Central Analytical Laboratory",224.0,0.02868,5,"2024-12-12","B",,
"b1b8d126-f499-4882-bfbb-9b026131ff89","D16","MCRA","MCRA.AOS.S2","MCRA.SS.20241210.FIL","A00000447379","2024-12-10T17:25Z","2024-12-10T17:25Z","Illinois State Water Survey Central Analytical Laboratory",584.0,0.00028,5,"2024-12-12","B",,
"5eeeae7d-c9e4-4de0-81bb-06aa8a5486e1","D16","MCRA","MCRA.AOS.S2","MCRA.SS.20241210.FIL","A00000447379","2024-12-10T17:25Z","2024-12-10T17:25Z","Illinois State Water Survey Central Analytical Laboratory",558.0,0.00032,5,"2024-12-12","B",,
"812c1a25-ee6f-4c4c-9686-67968a16430a","D16","MCRA","MCRA.AOS.S2","MCRA.SS.20241210.FIL","A00000447379","2024-12-10T17:25Z","2024-12-10T17:25Z","Illinois State Water Survey Central Analytical Laboratory",282.0,0.01018,5,"2024-12-12","B",,
"931d99bc-e892-4c55-b71b-56b80f87ca03","D16","MCRA","MCRA.AOS.S2","MCRA.SS.20241210.FIL","A00000447379","2024-12-10T17:25Z","2024-12-10T17:25Z","Illinois State Water Survey Central Analytical Laboratory",442.0,0.00090,5,"2024-12-12","B",,
"59303f10-599a-47f1-b151-8cdbeb6330ed","D16","MCRA","MCRA.AOS.S2","MCRA.SS.20241210.FIL","A00000447379","2024-12-10T17:25Z","2024-12-10T17:25Z","Illinois State Water Survey Central Analytical Laboratory",308.0,0.00694,5,"2024-12-12","B",,
"0e612db5-10de-47da-8da1-c431d8cfb6d7","D16","MCRA","MCRA.AOS.S2","MCRA.SS.20241210.FIL","A00000447379","2024-12-10T17:25Z","2024-12-10T17:25Z","Illinois State Water Survey Central Analytical Laboratory",516.0,0.00046,5,"2024-12-12","B",,
"8d184316-b423-499b-bf13-24ea72dec5e1","D16","MCRA","MCRA.AOS.S2","MCRA.SS.20241210.FIL","A00000447379","2024-12-10T17:25Z","2024-12-10T17:25Z","Illinois State Water Survey Central Analytical Laboratory",486.0,0.00054,5,"2024-12-12","B",,
"cac65281-bb44-4354-8c1b-afa6e27f5171","D16","MCRA","MCRA.AOS.S2","MCRA.SS.20241210.FIL","A00000447379","2024-12-10T17:25Z","2024-12-10T17:25Z","Illinois State Water Survey Central Analytical Laboratory",352.0,0.00340,5,"2024-12-12","B",,
"a53a4349-ac95-4c8e-b035-89a0e3277b76","D16","MCRA","MCRA.AOS.S2","MCRA.SS.20241210.FIL","A00000447379","2024-12-10T17:25Z","2024-12-10T17:25Z","Illinois State Water Survey Central Analytical Laboratory",246.0,0.01488,5,"2024-12-12","B",,
"a9c41746-44ce-4978-b351-aa70b5c4e360","D16","MCRA","MCRA.AOS.S2","MCRA.SS.20241210.FIL","A00000447379","2024-12-10T17:25Z","2024-12-10T17:25Z","Illinois State Water Survey Central Analytical Laboratory",264.0,0.01230,5,"2024-12-12","A",,
"20101c49-725c-4549-98bb-62dac81b55d5","D16","MCRA","MCRA.AOS.S2","MCRA.SS.20241210.FIL","A00000447379","2024-12-10T17:25Z","2024-12-10T17:25Z","Illinois State Water Survey Central Analytical Laboratory",478.0,0.00054,5,"2024-12-12","A",,
"7093b58c-3097-4ab6-b5cd-3e9df9d3c4e3","D16","MCRA","MCRA.AOS.S2","MCRA.SS.20241210.FIL","A00000447379","2024-12-10T17:25Z","2024-12-10T17:25Z","Illinois State Water Survey Central Analytical Laboratory",352.0,0.00334,5,"2024-12-12","A",,
"fe995583-09ce-4274-be81-c56bf783e334","D16","MCRA","MCRA.AOS.S2","MCRA.SS.20241210.FIL","A00000447379","2024-12-10T17:25Z","2024-12-10T17:25Z","Illinois State Water Survey Central Analytical Laboratory",360.0,0.00300,5,"2024-12-12","B",,
"1d16891d-352b-4c82-b6ba-cdc284785b4b","D16","MCRA","MCRA.AOS.S2","MCRA.SS.20241210.FIL","A00000447379","2024-12-10T17:25Z","2024-12-10T17:25Z","Illinois State Water Survey Central Analytical Laboratory",408.0,0.00130,5,"2024-12-12","A",,
"27450996-61fe-45e8-9d41-5ff21ca77797","D16","MCRA","MCRA.AOS.S2","MCRA.SS.20241210.FIL","A00000447379","2024-12-10T17:25Z","2024-12-10T17:25Z","Illinois State Water Survey Central Analytical Laboratory",492.0,0.00052,5,"2024-12-12","A",,
"2b5d6d9f-e96e-4aa6-9ac0-c1a427a3da3a","D16","MCRA","MCRA.AOS.S2","MCRA.SS.20241210.FIL","A00000447379","2024-12-10T17:25Z","2024-12-10T17:25Z","Illinois State Water Survey Central Analytical Laboratory",220.0,0.03556,5,"2024-12-12","B",,
"c3eed9df-4368-46f1-807b-1ec32c968f31","D16","MCRA","MCRA.AOS.S2","MCRA.SS.20241210.FIL","A00000447379","2024-12-10T17:25Z","2024-12-10T17:25Z","Illinois State Water Survey Central Analytical Laboratory",416.0,0.00118,5,"2024-12-12","B",,
"56d818c7-1dbd-411c-bb08-3288317962e9","D16","MCRA","MCRA.AOS.S2","MCRA.SS.20241210.FIL","A00000447379","2024-12-10T17:25Z","2024-12-10T17:25Z","Illinois State Water Survey Central Analytical Laboratory",568.0,0.00040,5,"2024-12-12","B",,
"b0b70855-a383-4d20-9b62-c81c9207557e","D16","MCRA","MCRA.AOS.S2","MCRA.SS.20241210.FIL","A00000447379","2024-12-10T17:25Z","2024-12-10T17:25Z","Illinois State Water Survey Central Analytical Laboratory",518.0,0.00042,5,"2024-12-12","B",,
"c08f6c83-88ca-420b-bbb0-49b104d1f801","D16","MCRA","MCRA.AOS.S2","MCRA.SS.20241210.FIL","A00000447379","2024-12-10T17:25Z","2024-12-10T17:25Z","Illinois State Water Survey Central Analytical Laboratory",306.0,0.00708,5,"2024-12-12","A",,
"79cc62f0-9d29-4344-9b4f-20400450c17d","D16","MCRA","MCRA.AOS.S2","MCRA.SS.20241210.FIL","A00000447379","2024-12-10T17:25Z","2024-12-10T17:25Z","Illinois State Water Survey Central Analytical Laboratory",284.0,0.00992,5,"2024-12-12","B",,
"ece4c95b-2f82-42d1-bfc4-e4e0c3b485e5","D16","MCRA","MCRA.AOS.S2","MCRA.SS.20241210.FIL","A00000447379","2024-12-10T17:25Z","2024-12-10T17:25Z","Illinois State Water Survey Central Analytical Laboratory",578.0,0.00026,5,"2024-12-12","A",,
"b5f23b9b-6e2c-4b5a-b21e-fad6d397c76d","D16","MCRA","MCRA.AOS.S2","MCRA.SS.20241210.FIL","A00000447379","2024-12-10T17:25Z","2024-12-10T17:25Z","Illinois State Water Survey Central Analytical Laboratory",384.0,0.00202,5,"2024-12-12","B",,
"baa64c0f-67b5-4d4e-9911-5e369892c63e","D16","MCRA","MCRA.AOS.S2","MCRA.SS.20241210.FIL","A00000447379","2024-12-10T17:25Z","2024-12-10T17:25Z","Illinois State Water Survey Central Analytical Laboratory",454.0,0.00068,5,"2024-12-12","A",,
"9090974b-de28-4a69-abf4-c14f8c113ff1","D16","MCRA","MCRA.AOS.S2","MCRA.SS.20241210.FIL","A00000447379","2024-12-10T17:25Z","2024-12-10T17:25Z","Illinois State Water Survey Central Analytical Laboratory",400.0,0.00150,5,"2024-12-12","A",,
"3fe572b4-2954-400f-9dae-451085b6b194","D16","MCRA","MCRA.AOS.S2","MCRA.SS.20241210.FIL","A00000447379","2024-12-10T17:25Z","2024-12-10T17:25Z","Illinois State Water Survey Central Analytical Laboratory",484.0,0.00056,5,"2024-12-12","A",,
"d4e68511-7e07-4af3-b680-0da2599673c0","D16","MCRA","MCRA.AOS.S2","MCRA.SS.20241210.FIL","A00000447379","2024-12-10T17:25Z","2024-12-10T17:25Z","Illinois State Water Survey Central Analytical Laboratory",342.0,0.00406,5,"2024-12-12","B",,
"d114c611-9897-491b-b0ae-ea01098d4273","D16","MCRA","MCRA.AOS.S2","MCRA.SS.20241210.FIL","A00000447379","2024-12-10T17:25Z","2024-12-10T17:25Z","Illinois State Water Survey Central Analytical Laboratory",548.0,0.00030,5,"2024-12-12","A",,
"1c74fc08-e7a0-4e93-a5cc-13b4b6061441","D16","MCRA","MCRA.AOS.S2","MCRA.SS.20241210.FIL","A00000447379","2024-12-10T17:25Z","2024-12-10T17:25Z","Illinois State Water Survey Central Analytical Laboratory",254.0,0.01364,5,"2024-12-12","B",,
"2be3a9f8-bb84-4032-98de-c57a6d911347","D16","MCRA","MCRA.AOS.S2","MCRA.SS.20241210.FIL","A00000447379","2024-12-10T17:25Z","2024-12-10T17:25Z","Illinois State Water Survey Central Analytical Laboratory",510.0,0.00036,5,"2024-12-12","A",,
"a38936be-e775-4b5a-a7db-3e17ac2291ec","D16","MCRA","MCRA.AOS.S2","MCRA.SS.20241210.FIL","A00000447379","2024-12-10T17:25Z","2024-12-10T17:25Z","Illinois State Water Survey Central Analytical Laboratory",248.0,0.01444,5,"2024-12-12","A",,
"e2032551-8787-436d-bece-9559ac18d9b4","D16","MCRA","MCRA.AOS.S2","MCRA.SS.20241210.FIL","A00000447379","2024-12-10T17:25Z","2024-12-10T17:25Z","Illinois State Water Survey Central Analytical Laboratory",494.0,0.00052,5,"2024-12-12","B",,
"04581936-4634-44d9-85f9-c4064eec0712","D16","MCRA","MCRA.AOS.S2","MCRA.SS.20241210.FIL","A00000447379","2024-12-10T17:25Z","2024-12-10T17:25Z","Illinois State Water Survey Central Analytical Laboratory",588.0,0.00020,5,"2024-12-12","A",,
"ee0d7382-ade5-46c8-a298-8636d3503758","D16","MCRA","MCRA.AOS.S2","MCRA.SS.20241210.FIL","A00000447379","2024-12-10T17:25Z","2024-12-10T17:25Z","Illinois State Water Survey Central Analytical Laboratory",378.0,0.00214,5,"2024-12-12","A",,
"6d6c3e99-77c9-4518-acc6-1214a7f9a7ac","D16","MCRA","MCRA.AOS.S2","MCRA.SS.20241210.FIL","A00000447379","2024-12-10T17:25Z","2024-12-10T17:25Z","Illinois State Water Survey Central Analytical Laboratory",462.0,0.00058,5,"2024-12-12","A",,
"cbbdcec8-f85a-4fa7-985d-68b3a7ab46e0","D16","MCRA","MCRA.AOS.S2","MCRA.SS.20241210.FIL","A00000447379","2024-12-10T17:25Z","2024-12-10T17:25Z","Illinois State Water Survey Central Analytical Laboratory",328.0,0.00512,5,"2024-12-12","B",,
"e9e5268f-1f01-40b1-9020-11bed1382824","D16","MCRA","MCRA.AOS.S2","MCRA.SS.20241210.FIL","A00000447379","2024-12-10T17:25Z","2024-12-10T17:25Z","Illinois State Water Survey Central Analytical Laboratory",374.0,0.00236,5,"2024-12-12","B",,
"2b954964-758b-4c78-9024-997424c46a59","D16","MCRA","MCRA.AOS.S2","MCRA.SS.20241210.FIL","A00000447379","2024-12-10T17:25Z","2024-12-10T17:25Z","Illinois State Water Survey Central Analytical Laboratory",244.0,0.01540,5,"2024-12-12","B",,
"a812c36a-c8ae-405d-9ca7-397e0d495e76","D16","MCRA","MCRA.AOS.S2","MCRA.SS.20241210.FIL","A00000447379","2024-12-10T17:25Z","2024-12-10T17:25Z","Illinois State Water Survey Central Analytical Laboratory",526.0,0.00036,5,"2024-12-12","A",,
"02959278-8b24-4020-9437-18d1f8a8140d","D16","MCRA","MCRA.AOS.S2","MCRA.SS.20241210.FIL","A00000447379","2024-12-10T17:25Z","2024-12-10T17:25Z","Illinois State Water Survey Central Analytical Laboratory",242.0,0.01588,5,"2024-12-12","B",,
"a91facd5-32a7-4b24-b42f-470ca47c3f4b","D16","MCRA","MCRA.AOS.S2","MCRA.SS.20241210.FIL","A00000447379","2024-12-10T17:25Z","2024-12-10T17:25Z","Illinois State Water Survey Central Analytical Laboratory",592.0,0.00022,5,"2024-12-12","A",,
"b4bfd827-28d0-4b88-96c1-355ebd230ca0","D16","MCRA","MCRA.AOS.S2","MCRA.SS.20241210.FIL","A00000447379","2024-12-10T17:25Z","2024-12-10T17:25Z","Illinois State Water Survey Central Analytical Laboratory",434.0,0.00098,5,"2024-12-12","B",,
"4face770-33fa-4eeb-a533-225eb9c68f0d","D16","MCRA","MCRA.AOS.S2","MCRA.SS.20241210.FIL","A00000447379","2024-12-10T17:25Z","2024-12-10T17:25Z","Illinois State Water Survey Central Analytical Laboratory",250.0,0.01422,5,"2024-12-12","B",,
"f5ace6b8-f7fc-48be-820a-bdd870664c72","D16","MCRA","MCRA.AOS.S2","MCRA.SS.20241210.FIL","A00000447379","2024-12-10T17:25Z","2024-12-10T17:25Z","Illinois State Water Survey Central Analytical Laboratory",532.0,0.00042,5,"2024-12-12","B",,
"7153e5f6-1a86-468f-bc99-836cf3aad74e","D16","MCRA","MCRA.AOS.S2","MCRA.SS.20241210.FIL","A00000447379","2024-12-10T17:25Z","2024-12-10T17:25Z","Illinois State Water Survey Central Analytical Laboratory",334.0,0.00462,5,"2024-12-12","B",,
"b85bd5c3-3f4a-41c8-b41d-13331952b886","D16","MCRA","MCRA.AOS.S2","MCRA.SS.20241210.FIL","A00000447379","2024-12-10T17:25Z","2024-12-10T17:25Z","Illinois State Water Survey Central Analytical Laboratory",312.0,0.00652,5,"2024-12-12","A",,
"70557a0f-2975-4572-96b1-e9fa901a713e","D16","MCRA","MCRA.AOS.S2","MCRA.SS.20241210.FIL","A00000447379","2024-12-10T17:25Z","2024-12-10T17:25Z","Illinois State Water Survey Central Analytical Laboratory",590.0,0.00016,5,"2024-12-12","A",,
"98c7b7bd-ecdf-4408-ab7b-230895480e62","D16","MCRA","MCRA.AOS.S2","MCRA.SS.20241210.FIL","A00000447379","2024-12-10T17:25Z","2024-12-10T17:25Z","Illinois State Water Survey Central Analytical Laboratory",306.0,0.00714,5,"2024-12-12","B",,
"9eba6f04-2782-444c-992d-0ed0577bd915","D16","MCRA","MCRA.AOS.S2","MCRA.SS.20241210.FIL","A00000447379","2024-12-10T17:25Z","2024-12-10T17:25Z","Illinois State Water Survey Central Analytical Laboratory",304.0,0.00736,5,"2024-12-12","B",,
"c6ccfe9c-0e8f-47db-8e3e-8c887a129dd9","D16","MCRA","MCRA.AOS.S2","MCRA.SS.20241210.FIL","A00000447379","2024-12-10T17:25Z","2024-12-10T17:25Z","Illinois State Water Survey Central Analytical Laboratory",480.0,0.00064,5,"2024-12-12","B",,
"1b598d9e-d0af-4177-b749-cb13d1c614c4","D16","MCRA","MCRA.AOS.S2","MCRA.SS.20241210.FIL","A00000447379","2024-12-10T17:25Z","2024-12-10T17:25Z","Illinois State Water Survey Central Analytical Laboratory",540.0,0.00032,5,"2024-12-12","A",,
"3428edf4-00b5-421c-8376-f8c75f44979f","D16","MCRA","MCRA.AOS.S2","MCRA.SS.20241210.FIL","A00000447379","2024-12-10T17:25Z","2024-12-10T17:25Z","Illinois State Water Survey Central Analytical Laboratory",356.0,0.00322,5,"2024-12-12","B",,
"a3ca9183-7952-4812-9610-c35608632411","D16","MCRA","MCRA.AOS.S2","MCRA.SS.20241210.FIL","A00000447379","2024-12-10T17:25Z","2024-12-10T17:25Z","Illinois State Water Survey Central Analytical Laboratory",518.0,0.00036,5,"2024-12-12","A",,
"8d880e2a-edfe-4018-9401-b4c2e488ac9d","D16","MCRA","MCRA.AOS.S2","MCRA.SS.20241210.FIL","A00000447379","2024-12-10T17:25Z","2024-12-10T17:25Z","Illinois State Water Survey Central Analytical Laboratory",564.0,0.00022,5,"2024-12-12","A",,
"8940892c-17b8-4876-b720-2438a8f96ab2","D16","MCRA","MCRA.AOS.S2","MCRA.SS.20241210.FIL","A00000447379","2024-12-10T17:25Z","2024-12-10T17:25Z","Illinois State Water Survey Central Analytical Laboratory",464.0,0.00068,5,"2024-12-12","B",,
"f814fac3-8120-4943-ac88-26d8de2caa21","D16","MCRA","MCRA.AOS.S2","MCRA.SS.20241210.FIL","A00000447379","2024-12-10T17:25Z","2024-12-10T17:25Z","Illinois State Water Survey Central Analytical Laboratory",452.0,0.00068,5,"2024-12-12","A",,
"7dfc9af3-f99a-41f2-90dd-c2d31b3989bc","D16","MCRA","MCRA.AOS.S2","MCRA.SS.20241210.FIL","A00000447379","2024-12-10T17:25Z","2024-12-10T17:25Z","Illinois State Water Survey Central Analytical Laboratory",454.0,0.00076,5,"2024-12-12","B",,
"4b75171a-b338-4689-b3ac-fcbf744182b8","D16","MCRA","MCRA.AOS.S2","MCRA.SS.20241210.FIL","A00000447379","2024-12-10T17:25Z","2024-12-10T17:25Z","Illinois State Water Survey Central Analytical Laboratory",488.0,0.00054,5,"2024-12-12","A",,
"dc764499-2295-422a-9c55-b0fc4320acc1","D16","MCRA","MCRA.AOS.S2","MCRA.SS.20241217.FIL","A00000447430","2024-12-17T20:06Z","2024-12-17T20:06Z","Illinois State Water Survey Central Analytical Laboratory",340.0,0.01070,5,"2024-12-20","B",,
"203b2b95-53c9-4098-8cb0-31634a31ee95","D16","MCRA","MCRA.AOS.S2","MCRA.SS.20241217.FIL","A00000447430","2024-12-17T20:06Z","2024-12-17T20:06Z","Illinois State Water Survey Central Analytical Laboratory",378.0,0.00542,5,"2024-12-20","B",,
"53afd92e-aabd-434b-82d8-c30f4245b236","D16","MCRA","MCRA.AOS.S2","MCRA.SS.20241217.FIL","A00000447430","2024-12-17T20:06Z","2024-12-17T20:06Z","Illinois State Water Survey Central Analytical Laboratory",396.0,0.00382,5,"2024-12-20","A",,
"718c2481-f9e7-4669-a06b-c2072eb562e0","D16","MCRA","MCRA.AOS.S2","MCRA.SS.20241217.FIL","A00000447430","2024-12-17T20:06Z","2024-12-17T20:06Z","Illinois State Water Survey Central Analytical Laboratory",476.0,0.00110,5,"2024-12-20","A",,
"adffb3bb-e0e9-4db3-874e-2a2fccf71c1e","D16","MCRA","MCRA.AOS.S2","MCRA.SS.20241217.FIL","A00000447430","2024-12-17T20:06Z","2024-12-17T20:06Z","Illinois State Water Survey Central Analytical Laboratory",564.0,0.00066,5,"2024-12-20","B",,
"ed88f82d-a630-4fed-99f6-0fe07464b834","D16","MCRA","MCRA.AOS.S2","MCRA.SS.20241217.FIL","A00000447430","2024-12-17T20:06Z","2024-12-17T20:06Z","Illinois State Water Survey Central Analytical Laboratory",426.0,0.00244,5,"2024-12-20","B",,
"5b25792d-a649-4a70-b9f1-e120d9ec178c","D16","MCRA","MCRA.AOS.S2","MCRA.SS.20241217.FIL","A00000447430","2024-12-17T20:06Z","2024-12-17T20:06Z","Illinois State Water Survey Central Analytical Laboratory",494.0,0.00114,5,"2024-12-20","B",,
"86dfebc8-51e8-479d-b6ec-17ff60fc2bf3","D16","MCRA","MCRA.AOS.S2","MCRA.SS.20241217.FIL","A00000447430","2024-12-17T20:06Z","2024-12-17T20:06Z","Illinois State Water Survey Central Analytical Laboratory",538.0,0.00076,5,"2024-12-20","B",,
"7791ea14-f4dc-4039-a111-4520ff204e03","D16","MCRA","MCRA.AOS.S2","MCRA.SS.20241217.FIL","A00000447430","2024-12-17T20:06Z","2024-12-17T20:06Z","Illinois State Water Survey Central Analytical Laboratory",486.0,0.00096,5,"2024-12-20","A",,
"b08246c3-8dc5-4d65-89f5-2678dc7532a9","D16","MCRA","MCRA.AOS.S2","MCRA.SS.20241217.FIL","A00000447430","2024-12-17T20:06Z","2024-12-17T20:06Z","Illinois State Water Survey Central Analytical Laboratory",392.0,0.00418,5,"2024-12-20","B",,
"3aacbb9b-73d5-4529-b6d5-38a9848bc171","D16","MCRA","MCRA.AOS.S2","MCRA.SS.20241217.FIL","A00000447430","2024-12-17T20:06Z","2024-12-17T20:06Z","Illinois State Water Survey Central Analytical Laboratory",344.0,0.00992,5,"2024-12-20","B",,
"4fca1521-0e0b-496e-9c05-257ced148070","D16","MCRA","MCRA.AOS.S2","MCRA.SS.20241217.FIL","A00000447430","2024-12-17T20:06Z","2024-12-17T20:06Z","Illinois State Water Survey Central Analytical Laboratory",596.0,0.00040,5,"2024-12-20","B",,
"6b7aaaa0-85c7-43bb-bf7c-580d4ff81931","D16","MCRA","MCRA.AOS.S2","MCRA.SS.20241217.FIL","A00000447430","2024-12-17T20:06Z","2024-12-17T20:06Z","Illinois State Water Survey Central Analytical Laboratory",506.0,0.00074,5,"2024-12-20","A",,
"98de2214-0064-473e-8f10-c78568692308","D16","MCRA","MCRA.AOS.S2","MCRA.SS.20241217.FIL","A00000447430","2024-12-17T20:06Z","2024-12-17T20:06Z","Illinois State Water Survey Central Analytical Laboratory",466.0,0.00126,5,"2024-12-20","A",,
"03e69386-b046-4df9-8fed-c3f580af26a3","D16","MCRA","MCRA.AOS.S2","MCRA.SS.20241217.FIL","A00000447430","2024-12-17T20:06Z","2024-12-17T20:06Z","Illinois State Water Survey Central Analytical Laboratory",592.0,0.00036,5,"2024-12-20","A",,
"fc09dc8f-bb4e-43b5-af82-9b51622a9fe6","D16","MCRA","MCRA.AOS.S2","MCRA.SS.20241217.FIL","A00000447430","2024-12-17T20:06Z","2024-12-17T20:06Z","Illinois State Water Survey Central Analytical Laboratory",512.0,0.00100,5,"2024-12-20","B",,
"0f210f5c-d02b-4a2b-a61c-81d612a4c655","D16","MCRA","MCRA.AOS.S2","MCRA.SS.20241217.FIL","A00000447430","2024-12-17T20:06Z","2024-12-17T20:06Z","Illinois State Water Survey Central Analytical Laboratory",420.0,0.00250,5,"2024-12-20","A",,
"a4f6faa2-4385-4209-87b4-4c0d1662704b","D16","MCRA","MCRA.AOS.S2","MCRA.SS.20241217.FIL","A00000447430","2024-12-17T20:06Z","2024-12-17T20:06Z","Illinois State Water Survey Central Analytical Laboratory",304.0,0.01910,5,"2024-12-20","A",,
"3860a075-7e93-4e16-909c-63d29ee0b955","D16","MCRA","MCRA.AOS.S2","MCRA.SS.20241217.FIL","A00000447430","2024-12-17T20:06Z","2024-12-17T20:06Z","Illinois State Water Survey Central Analytical Laboratory",246.0,0.03916,5,"2024-12-20","A",,
"25b3cd65-95c5-48f3-9e76-68131d822f15","D16","MCRA","MCRA.AOS.S2","MCRA.SS.20241217.FIL","A00000447430","2024-12-17T20:06Z","2024-12-17T20:06Z","Illinois State Water Survey Central Analytical Laboratory",354.0,0.00834,5,"2024-12-20","B",,
"cc91d020-7055-48ce-b26d-3c2dfb03b79b","D16","MCRA","MCRA.AOS.S2","MCRA.SS.20241217.FIL","A00000447430","2024-12-17T20:06Z","2024-12-17T20:06Z","Illinois State Water Survey Central Analytical Laboratory",342.0,0.01030,5,"2024-12-20","B",,
"d7807a5d-0490-4475-bde3-085d97a8ff58","D16","MCRA","MCRA.AOS.S2","MCRA.SS.20241217.FIL","A00000447430","2024-12-17T20:06Z","2024-12-17T20:06Z","Illinois State Water Survey Central Analytical Laboratory",372.0,0.00604,5,"2024-12-20","B",,
"ea47e046-57e5-4d5f-bfca-25008e0cd6ce","D16","MCRA","MCRA.AOS.S2","MCRA.SS.20241217.FIL","A00000447430","2024-12-17T20:06Z","2024-12-17T20:06Z","Illinois State Water Survey Central Analytical Laboratory",328.0,0.01314,5,"2024-12-20","A",,
"ec25ecf7-a549-4a37-80c4-b03530aec79d","D16","MCRA","MCRA.AOS.S2","MCRA.SS.20241217.FIL","A00000447430","2024-12-17T20:06Z","2024-12-17T20:06Z","Illinois State Water Survey Central Analytical Laboratory",444.0,0.00196,5,"2024-12-20","B",,
"edb08cc1-b762-42e7-823b-730136b294bd","D16","MCRA","MCRA.AOS.S2","MCRA.SS.20241217.FIL","A00000447430","2024-12-17T20:06Z","2024-12-17T20:06Z","Illinois State Water Survey Central Analytical Laboratory",298.0,0.02098,5,"2024-12-20","B",,
"3677f00d-28ab-4db6-b2e1-cfb8d446db6b","D16","MCRA","MCRA.AOS.S2","MCRA.SS.20241217.FIL","A00000447430","2024-12-17T20:06Z","2024-12-17T20:06Z","Illinois State Water Survey Central Analytical Laboratory",576.0,0.00044,5,"2024-12-20","A",,
"b528f1a1-769d-43bc-9dea-5505b3c5de44","D16","MCRA","MCRA.AOS.S2","MCRA.SS.20241217.FIL","A00000447430","2024-12-17T20:06Z","2024-12-17T20:06Z","Illinois State Water Survey Central Analytical Laboratory",256.0,0.03516,5,"2024-12-20","B",,
"bd00e8b2-5d52-4f12-9058-54a64f6de9b3","D16","MCRA","MCRA.AOS.S2","MCRA.SS.20241217.FIL","A00000447430","2024-12-17T20:06Z","2024-12-17T20:06Z","Illinois State Water Survey Central Analytical Laboratory",544.0,0.00074,5,"2024-12-20","B",,
"98e35522-8927-42eb-aaea-5d22b893b7a5","D16","MCRA","MCRA.AOS.S2","MCRA.SS.20241217.FIL","A00000447430","2024-12-17T20:06Z","2024-12-17T20:06Z","Illinois State Water Survey Central Analytical Laboratory",552.0,0.00068,5,"2024-12-20","B",,
"c935540d-585a-49ec-92ec-063a971ae815","D16","MCRA","MCRA.AOS.S2","MCRA.SS.20241217.FIL","A00000447430","2024-12-17T20:06Z","2024-12-17T20:06Z","Illinois State Water Survey Central Analytical Laboratory",598.0,0.00020,5,"2024-12-20","A",,
"a69932e4-3206-47b3-853b-5b31c235578b","D16","MCRA","MCRA.AOS.S2","MCRA.SS.20241217.FIL","A00000447430","2024-12-17T20:06Z","2024-12-17T20:06Z","Illinois State Water Survey Central Analytical Laboratory",572.0,0.00038,5,"2024-12-20","A",,
"74e27442-4313-4535-b615-9287d7d1be63","D16","MCRA","MCRA.AOS.S2","MCRA.SS.20241217.FIL","A00000447430","2024-12-17T20:06Z","2024-12-17T20:06Z","Illinois State Water Survey Central Analytical Laboratory",542.0,0.00052,5,"2024-12-20","A",,
"97aaf0f7-610a-4dce-b147-338fe81057d6","D16","MCRA","MCRA.AOS.S2","MCRA.SS.20241217.FIL","A00000447430","2024-12-17T20:06Z","2024-12-17T20:06Z","Illinois State Water Survey Central Analytical Laboratory",284.0,0.02578,5,"2024-12-20","A",,
"ae19e52d-bd40-48cc-892d-741a402ac925","D16","MCRA","MCRA.AOS.S2","MCRA.SS.20241217.FIL","A00000447430","2024-12-17T20:06Z","2024-12-17T20:06Z","Illinois State Water Survey Central Analytical Laboratory",516.0,0.00072,5,"2024-12-20","A",,
"61e70cc8-6d28-4f44-8551-947e15880bf2","D16","MCRA","MCRA.AOS.S2","MCRA.SS.20241217.FIL","A00000447430","2024-12-17T20:06Z","2024-12-17T20:06Z","Illinois State Water Survey Central Analytical Laboratory",414.0,0.00280,5,"2024-12-20","A",,
"54406569-0ab4-427e-aa01-ca60f9d29607","D16","MCRA","MCRA.AOS.S2","MCRA.SS.20241217.FIL","A00000447430","2024-12-17T20:06Z","2024-12-17T20:06Z","Illinois State Water Survey Central Analytical Laboratory",440.0,0.00184,5,"2024-12-20","A",,
"8996aa5f-d682-4c3f-a7ec-311af9da78d1","D16","MCRA","MCRA.AOS.S2","MCRA.SS.20241217.FIL","A00000447430","2024-12-17T20:06Z","2024-12-17T20:06Z","Illinois State Water Survey Central Analytical Laboratory",332.0,0.01224,5,"2024-12-20","A",,
"4bc54780-746e-4243-8077-10a0ca9ccf5d","D16","MCRA","MCRA.AOS.S2","MCRA.SS.20241217.FIL","A00000447430","2024-12-17T20:06Z","2024-12-17T20:06Z","Illinois State Water Survey Central Analytical Laboratory",600.0,0.00050,5,"2024-12-20","B",,
"c77ad616-295a-4f3d-b2c5-3eb01470b423","D16","MCRA","MCRA.AOS.S2","MCRA.SS.20241217.FIL","A00000447430","2024-12-17T20:06Z","2024-12-17T20:06Z","Illinois State Water Survey Central Analytical Laboratory",398.0,0.00370,5,"2024-12-20","A",,
"30e86f9d-85f4-4dd6-aa7b-836a7a131bd1","D16","MCRA","MCRA.AOS.S2","MCRA.SS.20241217.FIL","A00000447430","2024-12-17T20:06Z","2024-12-17T20:06Z","Illinois State Water Survey Central Analytical Laboratory",312.0,0.01694,5,"2024-12-20","A",,
"da0abb72-2d31-4ae6-b07a-e2f99d591cfd","D16","MCRA","MCRA.AOS.S2","MCRA.SS.20241217.FIL","A00000447430","2024-12-17T20:06Z","2024-12-17T20:06Z","Illinois State Water Survey Central Analytical Laboratory",302.0,0.01964,5,"2024-12-20","A",,
"8077ef01-7529-4e7d-ba13-25952fd34737","D16","MCRA","MCRA.AOS.S2","MCRA.SS.20241217.FIL","A00000447430","2024-12-17T20:06Z","2024-12-17T20:06Z","Illinois State Water Survey Central Analytical Laboratory",382.0,0.00486,5,"2024-12-20","A",,
"257bc774-f154-4a31-bc2b-6f326625e269","D16","MCRA","MCRA.AOS.S2","MCRA.SS.20241217.FIL","A00000447430","2024-12-17T20:06Z","2024-12-17T20:06Z","Illinois State Water Survey Central Analytical Laboratory",258.0,0.03432,5,"2024-12-20","A",,
"294df461-6be5-4c80-b839-2d8d0d4771f2","D16","MCRA","MCRA.AOS.S2","MCRA.SS.20241217.FIL","A00000447430","2024-12-17T20:06Z","2024-12-17T20:06Z","Illinois State Water Survey Central Analytical Laboratory",522.0,0.00062,5,"2024-12-20","A",,
"da704698-250c-48d9-9f4c-2828fcab0e80","D16","MCRA","MCRA.AOS.S2","MCRA.SS.20241217.FIL","A00000447430","2024-12-17T20:06Z","2024-12-17T20:06Z","Illinois State Water Survey Central Analytical Laboratory",376.0,0.00560,5,"2024-12-20","B",,
"b93fa05e-274e-4c28-a499-50b3984e331c","D16","MCRA","MCRA.AOS.S2","MCRA.SS.20241217.FIL","A00000447430","2024-12-17T20:06Z","2024-12-17T20:06Z","Illinois State Water Survey Central Analytical Laboratory",450.0,0.00154,5,"2024-12-20","A",,
"b000b8e3-5589-4753-8515-363a265684d8","D16","MCRA","MCRA.AOS.S2","MCRA.SS.20241217.FIL","A00000447430","2024-12-17T20:06Z","2024-12-17T20:06Z","Illinois State Water Survey Central Analytical Laboratory",320.0,0.01514,5,"2024-12-20","B",,
"26c9f8e7-9317-410a-a57f-3c32b3ef5a1e","D16","MCRA","MCRA.AOS.S2","MCRA.SS.20241217.FIL","A00000447430","2024-12-17T20:06Z","2024-12-17T20:06Z","Illinois State Water Survey Central Analytical Laboratory",412.0,0.00300,5,"2024-12-20","B",,
"ce84f626-7b84-44a7-81f8-183e182692ff","D16","MCRA","MCRA.AOS.S2","MCRA.SS.20241217.FIL","A00000447430","2024-12-17T20:06Z","2024-12-17T20:06Z","Illinois State Water Survey Central Analytical Laboratory",230.0,0.05180,5,"2024-12-20","A",,
"07766ca5-cdb8-4ac2-9045-0148a2ee0cf4","D16","MCRA","MCRA.AOS.S2","MCRA.SS.20241217.FIL","A00000447430","2024-12-17T20:06Z","2024-12-17T20:06Z","Illinois State Water Survey Central Analytical Laboratory",240.0,0.04306,5,"2024-12-20","A",,
"c363b519-04ee-4500-b617-d3dd5a26486c","D16","MCRA","MCRA.AOS.S2","MCRA.SS.20241217.FIL","A00000447430","2024-12-17T20:06Z","2024-12-17T20:06Z","Illinois State Water Survey Central Analytical Laboratory",598.0,0.00042,5,"2024-12-20","B",,
"36938796-6453-45db-9dc5-8db1fe3c2b07","D16","MCRA","MCRA.AOS.S2","MCRA.SS.20241217.FIL","A00000447430","2024-12-17T20:06Z","2024-12-17T20:06Z","Illinois State Water Survey Central Analytical Laboratory",560.0,0.00048,5,"2024-12-20","A",,
"04384d57-8dbe-455d-a651-36f87949e280","D16","MCRA","MCRA.AOS.S2","MCRA.SS.20241217.FIL","A00000447430","2024-12-17T20:06Z","2024-12-17T20:06Z","Illinois State Water Survey Central Analytical Laboratory",234.0,0.04794,5,"2024-12-20","A",,
"ca9c036d-bf47-4973-aec0-52a365e62e3a","D16","MCRA","MCRA.AOS.S2","MCRA.SS.20241217.FIL","A00000447430","2024-12-17T20:06Z","2024-12-17T20:06Z","Illinois State Water Survey Central Analytical Laboratory",472.0,0.00140,5,"2024-12-20","B",,
"91ebf60d-a524-4f4b-aab9-fe4d29209c27","D16","MCRA","MCRA.AOS.S2","MCRA.SS.20241217.FIL","A00000447430","2024-12-17T20:06Z","2024-12-17T20:06Z","Illinois State Water Survey Central Analytical Laboratory",322.0,0.01456,5,"2024-12-20","A",,
"1ec6fd46-0916-4e12-bc9d-b440a7309a2c","D16","MCRA","MCRA.AOS.S2","MCRA.SS.20241217.FIL","A00000447430","2024-12-17T20:06Z","2024-12-17T20:06Z","Illinois State Water Survey Central Analytical Laboratory",514.0,0.00066,5,"2024-12-20","A",,
"21598f07-e7e7-4c01-a469-d48f647981c2","D16","MCRA","MCRA.AOS.S2","MCRA.SS.20241217.FIL","A00000447430","2024-12-17T20:06Z","2024-12-17T20:06Z","Illinois State Water Survey Central Analytical Laboratory",312.0,0.01704,5,"2024-12-20","B",,
"11294507-93fa-48d9-bbeb-b4cf8e29e606","D16","MCRA","MCRA.AOS.S2","MCRA.SS.20241217.FIL","A00000447430","2024-12-17T20:06Z","2024-12-17T20:06Z","Illinois State Water Survey Central Analytical Laboratory",304.0,0.01918,5,"2024-12-20","B",,
"4ac91abe-908d-4f09-bcb5-d9f2f97057d9","D16","MCRA","MCRA.AOS.S2","MCRA.SS.20241217.FIL","A00000447430","2024-12-17T20:06Z","2024-12-17T20:06Z","Illinois State Water Survey Central Analytical Laboratory",280.0,0.02708,5,"2024-12-20","A",,
"5021bf78-3f5f-4f82-b820-7785043b2697","D16","MCRA","MCRA.AOS.S2","MCRA.SS.20241217.FIL","A00000447430","2024-12-17T20:06Z","2024-12-17T20:06Z","Illinois State Water Survey Central Analytical Laboratory",540.0,0.00054,5,"2024-12-20","A",,
"6a473c67-f34a-4e6c-9499-57d621409762","D16","MCRA","MCRA.AOS.S2","MCRA.SS.20241217.FIL","A00000447430","2024-12-17T20:06Z","2024-12-17T20:06Z","Illinois State Water Survey Central Analytical Laboratory",480.0,0.00134,5,"2024-12-20","B",,
"0bfe0e6c-ad8f-4eaa-b848-c264adaf5527","D16","MCRA","MCRA.AOS.S2","MCRA.SS.20241217.FIL","A00000447430","2024-12-17T20:06Z","2024-12-17T20:06Z","Illinois State Water Survey Central Analytical Laboratory",274.0,0.02894,5,"2024-12-20","A",,
"4a69936a-1b06-4547-be01-14857a3f2b49","D16","MCRA","MCRA.AOS.S2","MCRA.SS.20241217.FIL","A00000447430","2024-12-17T20:06Z","2024-12-17T20:06Z","Illinois State Water Survey Central Analytical Laboratory",436.0,0.00196,5,"2024-12-20","A",,
"34aa22c5-c406-4479-ad1c-abe0c495ebcf","D16","MCRA","MCRA.AOS.S2","MCRA.SS.20241217.FIL","A00000447430","2024-12-17T20:06Z","2024-12-17T20:06Z","Illinois State Water Survey Central Analytical Laboratory",480.0,0.00104,5,"2024-12-20","A",,
"b517ed15-d295-4612-b15b-3b9b89864f78","D16","MCRA","MCRA.AOS.S2","MCRA.SS.20241217.FIL","A00000447430","2024-12-17T20:06Z","2024-12-17T20:06Z","Illinois State Water Survey Central Analytical Laboratory",254.0,0.03582,5,"2024-12-20","A",,
"23b841b2-1bcb-4357-89fb-669fb5faca38","D16","MCRA","MCRA.AOS.S2","MCRA.SS.20241217.FIL","A00000447430","2024-12-17T20:06Z","2024-12-17T20:06Z","Illinois State Water Survey Central Analytical Laboratory",340.0,0.01058,5,"2024-12-20","A",,
"6727deed-26f2-4983-a07e-8ea3345c7041","D16","MCRA","MCRA.AOS.S2","MCRA.SS.20241217.FIL","A00000447430","2024-12-17T20:06Z","2024-12-17T20:06Z","Illinois State Water Survey Central Analytical Laboratory",238.0,0.04462,5,"2024-12-20","A",,
"e6e9e9a3-e88a-4a05-b245-517849947860","D16","MCRA","MCRA.AOS.S2","MCRA.SS.20241217.FIL","A00000447430","2024-12-17T20:06Z","2024-12-17T20:06Z","Illinois State Water Survey Central Analytical Laboratory",290.0,0.02374,5,"2024-12-20","B",,
"d939809a-e64e-4c73-bf13-48c88be36d07","D16","MCRA","MCRA.AOS.S2","MCRA.SS.20241217.FIL","A00000447430","2024-12-17T20:06Z","2024-12-17T20:06Z","Illinois State Water Survey Central Analytical Laboratory",564.0,0.00046,5,"2024-12-20","A",,
"1ead66a3-d4e8-4da0-b802-11c95b2a91a6","D16","MCRA","MCRA.AOS.S2","MCRA.SS.20241217.FIL","A00000447430","2024-12-17T20:06Z","2024-12-17T20:06Z","Illinois State Water Survey Central Analytical Laboratory",582.0,0.00036,5,"2024-12-20","A",,
"904ec1d6-0bb7-4f80-a41e-363bd18f6c28","D16","MCRA","MCRA.AOS.S2","MCRA.SS.20241217.FIL","A00000447430","2024-12-17T20:06Z","2024-12-17T20:06Z","Illinois State Water Survey Central Analytical Laboratory",586.0,0.00034,5,"2024-12-20","A",,
"cfc5dd75-1496-4df2-9a8c-6092b0ec69cc","D16","MCRA","MCRA.AOS.S2","MCRA.SS.20241217.FIL","A00000447430","2024-12-17T20:06Z","2024-12-17T20:06Z","Illinois State Water Survey Central Analytical Laboratory",272.0,0.02960,5,"2024-12-20","A",,
"e409be38-9202-47c0-ac60-55ffb52ddc74","D16","MCRA","MCRA.AOS.S2","MCRA.SS.20241217.FIL","A00000447430","2024-12-17T20:06Z","2024-12-17T20:06Z","Illinois State Water Survey Central Analytical Laboratory",252.0,0.03658,5,"2024-12-20","B",,
"d4bc8ab7-13fb-4b1e-8991-a72278b169e0","D16","MCRA","MCRA.AOS.S2","MCRA.SS.20241217.FIL","A00000447430","2024-12-17T20:06Z","2024-12-17T20:06Z","Illinois State Water Survey Central Analytical Laboratory",442.0,0.00180,5,"2024-12-20","A",,
"85b7ecb0-c21f-4934-88df-c359846eb371","D16","MCRA","MCRA.AOS.S2","MCRA.SS.20241217.FIL","A00000447430","2024-12-17T20:06Z","2024-12-17T20:06Z","Illinois State Water Survey Central Analytical Laboratory",486.0,0.00128,5,"2024-12-20","B",,
"fae00149-a52f-403b-be7c-ae348cb14d2d","D16","MCRA","MCRA.AOS.S2","MCRA.SS.20241217.FIL","A00000447430","2024-12-17T20:06Z","2024-12-17T20:06Z","Illinois State Water Survey Central Analytical Laboratory",300.0,0.02028,5,"2024-12-20","A",,
"b266b5c1-264e-4af3-998d-8782ded76a4f","D16","MCRA","MCRA.AOS.S2","MCRA.SS.20241217.FIL","A00000447430","2024-12-17T20:06Z","2024-12-17T20:06Z","Illinois State Water Survey Central Analytical Laboratory",508.0,0.00070,5,"2024-12-20","A",,
"cc6f397d-4429-43bc-85a2-ab76aeb1ce92","D16","MCRA","MCRA.AOS.S2","MCRA.SS.20241217.FIL","A00000447430","2024-12-17T20:06Z","2024-12-17T20:06Z","Illinois State Water Survey Central Analytical Laboratory",452.0,0.00174,5,"2024-12-20","B",,
"9e91836c-ac6c-4d85-bee0-cf7b4b398cfe","D16","MCRA","MCRA.AOS.S2","MCRA.SS.20241217.FIL","A00000447430","2024-12-17T20:06Z","2024-12-17T20:06Z","Illinois State Water Survey Central Analytical Laboratory",250.0,0.03734,5,"2024-12-20","A",,
"39e93d9e-dd34-484c-8b56-645282494e08","D16","MCRA","MCRA.AOS.S2","MCRA.SS.20241217.FIL","A00000447430","2024-12-17T20:06Z","2024-12-17T20:06Z","Illinois State Water Survey Central Analytical Laboratory",456.0,0.00146,5,"2024-12-20","A",,
"09ace6a4-5286-442a-a32c-dd93b96da18a","D16","MCRA","MCRA.AOS.S2","MCRA.SS.20241217.FIL","A00000447430","2024-12-17T20:06Z","2024-12-17T20:06Z","Illinois State Water Survey Central Analytical Laboratory",522.0,0.00092,5,"2024-12-20","B",,
"6ececee6-7eae-4f07-93ce-0e63e1f9cee2","D16","MCRA","MCRA.AOS.S2","MCRA.SS.20241217.FIL","A00000447430","2024-12-17T20:06Z","2024-12-17T20:06Z","Illinois State Water Survey Central Analytical Laboratory",544.0,0.00052,5,"2024-12-20","A",,
"b32205db-b146-4928-8ae9-2445bcc96ec8","D16","MCRA","MCRA.AOS.S2","MCRA.SS.20241217.FIL","A00000447430","2024-12-17T20:06Z","2024-12-17T20:06Z","Illinois State Water Survey Central Analytical Laboratory",374.0,0.00576,5,"2024-12-20","B",,
"2d92e545-9523-47b8-883d-cb7dcd525a19","D16","MCRA","MCRA.AOS.S2","MCRA.SS.20241217.FIL","A00000447430","2024-12-17T20:06Z","2024-12-17T20:06Z","Illinois State Water Survey Central Analytical Laboratory",412.0,0.00286,5,"2024-12-20","A",,
"bff7d5af-5394-4c50-a452-2b7ec9f017ea","D16","MCRA","MCRA.AOS.S2","MCRA.SS.20241217.FIL","A00000447430","2024-12-17T20:06Z","2024-12-17T20:06Z","Illinois State Water Survey Central Analytical Laboratory",410.0,0.00312,5,"2024-12-20","B",,
"712555bf-54a1-4345-9cc8-8855fc16b4f6","D16","MCRA","MCRA.AOS.S2","MCRA.SS.20241217.FIL","A00000447430","2024-12-17T20:06Z","2024-12-17T20:06Z","Illinois State Water Survey Central Analytical Laboratory",224.0,0.05850,5,"2024-12-20","B",,
"7d50c41e-974f-41a2-8405-e42bfb8b4133","D16","MCRA","MCRA.AOS.S2","MCRA.SS.20241217.FIL","A00000447430","2024-12-17T20:06Z","2024-12-17T20:06Z","Illinois State Water Survey Central Analytical Laboratory",600.0,0.00036,5,"2024-12-20","A",,
"eeebd970-8d1d-48ef-b123-49e586cab351","D16","MCRA","MCRA.AOS.S2","MCRA.SS.20241217.FIL","A00000447430","2024-12-17T20:06Z","2024-12-17T20:06Z","Illinois State Water Survey Central Analytical Laboratory",288.0,0.02442,5,"2024-12-20","A",,
"17282d25-615a-435e-af9f-7841f01d58d5","D16","MCRA","MCRA.AOS.S2","MCRA.SS.20241217.FIL","A00000447430","2024-12-17T20:06Z","2024-12-17T20:06Z","Illinois State Water Survey Central Analytical Laboratory",228.0,0.05362,5,"2024-12-20","A",,
"6b0881fa-fc58-4888-b0a1-d5048efd050f","D16","MCRA","MCRA.AOS.S2","MCRA.SS.20241217.FIL","A00000447430","2024-12-17T20:06Z","2024-12-17T20:06Z","Illinois State Water Survey Central Analytical Laboratory",352.0,0.00862,5,"2024-12-20","B",,
"443764f4-2832-4c08-b4b4-3391455aeb31","D16","MCRA","MCRA.AOS.S2","MCRA.SS.20241217.FIL","A00000447430","2024-12-17T20:06Z","2024-12-17T20:06Z","Illinois State Water Survey Central Analytical Laboratory",462.0,0.00132,5,"2024-12-20","A",,
"ec3ac3ef-19e7-408f-9ca6-06512965a4bd","D16","MCRA","MCRA.AOS.S2","MCRA.SS.20241217.FIL","A00000447430","2024-12-17T20:06Z","2024-12-17T20:06Z","Illinois State Water Survey Central Analytical Laboratory",508.0,0.00098,5,"2024-12-20","B",,
"d652427f-3be7-47f8-a4af-ed8767e45053","D16","MCRA","MCRA.AOS.S2","MCRA.SS.20241217.FIL","A00000447430","2024-12-17T20:06Z","2024-12-17T20:06Z","Illinois State Water Survey Central Analytical Laboratory",464.0,0.00154,5,"2024-12-20","B",,
"b0c4e557-68b8-483c-826e-dbbdac3c356a","D16","MCRA","MCRA.AOS.S2","MCRA.SS.20241217.FIL","A00000447430","2024-12-17T20:06Z","2024-12-17T20:06Z","Illinois State Water Survey Central Analytical Laboratory",264.0,0.03228,5,"2024-12-20","A",,
"8fe19e19-8eca-45b2-a231-0c050673c2ed","D16","MCRA","MCRA.AOS.S2","MCRA.SS.20241217.FIL","A00000447430","2024-12-17T20:06Z","2024-12-17T20:06Z","Illinois State Water Survey Central Analytical Laboratory",464.0,0.00130,5,"2024-12-20","A",,
"e2a3780f-2e28-4df0-bafa-97de4acb8f43","D16","MCRA","MCRA.AOS.S2","MCRA.SS.20241217.FIL","A00000447430","2024-12-17T20:06Z","2024-12-17T20:06Z","Illinois State Water Survey Central Analytical Laboratory",360.0,0.00736,5,"2024-12-20","A",,
"cb8cf739-022a-4ca1-8e61-397f8178d046","D16","MCRA","MCRA.AOS.S2","MCRA.SS.20241217.FIL","A00000447430","2024-12-17T20:06Z","2024-12-17T20:06Z","Illinois State Water Survey Central Analytical Laboratory",242.0,0.04168,5,"2024-12-20","B",,
"ebe79d62-a86a-4330-b411-2f36429fbfd4","D16","MCRA","MCRA.AOS.S2","MCRA.SS.20241217.FIL","A00000447430","2024-12-17T20:06Z","2024-12-17T20:06Z","Illinois State Water Survey Central Analytical Laboratory",450.0,0.00178,5,"2024-12-20","B",,
"73875771-d897-49a2-83d5-d5b2a2f90df3","D16","MCRA","MCRA.AOS.S2","MCRA.SS.20241217.FIL","A00000447430","2024-12-17T20:06Z","2024-12-17T20:06Z","Illinois State Water Survey Central Analytical Laboratory",222.0,0.06116,5,"2024-12-20","A",,
"6d0612ff-71e6-495e-a2ba-51ba74fa5e3f","D16","MCRA","MCRA.AOS.S2","MCRA.SS.20241217.FIL","A00000447430","2024-12-17T20:06Z","2024-12-17T20:06Z","Illinois State Water Survey Central Analytical Laboratory",574.0,0.00042,5,"2024-12-20","A",,
"0ceaad45-3e5f-420b-b5f9-22691bd24026","D16","MCRA","MCRA.AOS.S2","MCRA.SS.20241217.FIL","A00000447430","2024-12-17T20:06Z","2024-12-17T20:06Z","Illinois State Water Survey Central Analytical Laboratory",548.0,0.00048,5,"2024-12-20","A",,
"f8561fd3-f7a5-4822-89d2-88b99792333d","D16","MCRA","MCRA.AOS.S2","MCRA.SS.20241217.FIL","A00000447430","2024-12-17T20:06Z","2024-12-17T20:06Z","Illinois State Water Survey Central Analytical Laboratory",292.0,0.02304,5,"2024-12-20","B",,
"ba4eb0c6-4870-4b09-aaac-31bf0ae33ae1","D16","MCRA","MCRA.AOS.S2","MCRA.SS.20241217.FIL","A00000447430","2024-12-17T20:06Z","2024-12-17T20:06Z","Illinois State Water Survey Central Analytical Laboratory",380.0,0.00504,5,"2024-12-20","A",,
"933b64aa-52d1-422a-bdd1-ecb1356fc776","D16","MCRA","MCRA.AOS.S2","MCRA.SS.20241217.FIL","A00000447430","2024-12-17T20:06Z","2024-12-17T20:06Z","Illinois State Water Survey Central Analytical Laboratory",400.0,0.00356,5,"2024-12-20","A",,
"92a82853-9e14-4750-a62d-f32279ef8656","D16","MCRA","MCRA.AOS.S2","MCRA.SS.20241217.FIL","A00000447430","2024-12-17T20:06Z","2024-12-17T20:06Z","Illinois State Water Survey Central Analytical Laboratory",362.0,0.00706,5,"2024-12-20","A",,
"b9af0cb5-b460-4e85-9179-55b8fc7afda8","D16","MCRA","MCRA.AOS.S2","MCRA.SS.20241217.FIL","A00000447430","2024-12-17T20:06Z","2024-12-17T20:06Z","Illinois State Water Survey Central Analytical Laboratory",460.0,0.00140,5,"2024-12-20","A",,
"ae250ca8-43e7-4673-aa2d-adf595baca91","D16","MCRA","MCRA.AOS.S2","MCRA.SS.20241217.FIL","A00000447430","2024-12-17T20:06Z","2024-12-17T20:06Z","Illinois State Water Survey Central Analytical Laboratory",520.0,0.00092,5,"2024-12-20","B",,
"b3f07c37-f689-4a44-a022-dab50fa722a9","D16","MCRA","MCRA.AOS.S2","MCRA.SS.20241217.FIL","A00000447430","2024-12-17T20:06Z","2024-12-17T20:06Z","Illinois State Water Survey Central Analytical Laboratory",262.0,0.03298,5,"2024-12-20","A",,
"de9041c9-0b29-4030-98a5-f17a3c599be1","D16","MCRA","MCRA.AOS.S2","MCRA.SS.20241217.FIL","A00000447430","2024-12-17T20:06Z","2024-12-17T20:06Z","Illinois State Water Survey Central Analytical Laboratory",470.0,0.00120,5,"2024-12-20","A",,
"d8191104-c82c-463a-a911-b09db0b3b31f","D16","MCRA","MCRA.AOS.S2","MCRA.SS.20241217.FIL","A00000447430","2024-12-17T20:06Z","2024-12-17T20:06Z","Illinois State Water Survey Central Analytical Laboratory",500.0,0.00076,5,"2024-12-20","A",,
"b0bb2393-c836-4da7-a297-7665d3eec1a7","D16","MCRA","MCRA.AOS.S2","MCRA.SS.20241217.FIL","A00000447430","2024-12-17T20:06Z","2024-12-17T20:06Z","Illinois State Water Survey Central Analytical Laboratory",478.0,0.00106,5,"2024-12-20","A",,
"8f683f16-15be-47ef-b3b7-f568e3c04679","D16","MCRA","MCRA.AOS.S2","MCRA.SS.20241217.FIL","A00000447430","2024-12-17T20:06Z","2024-12-17T20:06Z","Illinois State Water Survey Central Analytical Laboratory",550.0,0.00050,5,"2024-12-20","A",,
"7ebd52fe-9e31-46b0-9f87-a1e07b1c190d","D16","MCRA","MCRA.AOS.S2","MCRA.SS.20241217.FIL","A00000447430","2024-12-17T20:06Z","2024-12-17T20:06Z","Illinois State Water Survey Central Analytical Laboratory",484.0,0.00132,5,"2024-12-20","B",,
"7238709c-8f8e-4ed9-8c7f-fc1aeac2d549","D16","MCRA","MCRA.AOS.S2","MCRA.SS.20241217.FIL","A00000447430","2024-12-17T20:06Z","2024-12-17T20:06Z","Illinois State Water Survey Central Analytical Laboratory",550.0,0.00070,5,"2024-12-20","B",,
"7550cea2-0c59-4b92-b9da-d470afb0f5da","D16","MCRA","MCRA.AOS.S2","MCRA.SS.20241217.FIL","A00000447430","2024-12-17T20:06Z","2024-12-17T20:06Z","Illinois State Water Survey Central Analytical Laboratory",526.0,0.00060,5,"2024-12-20","A",,
"2825b264-37f9-4656-87d2-a0f188caee94","D16","MCRA","MCRA.AOS.S2","MCRA.SS.20241217.FIL","A00000447430","2024-12-17T20:06Z","2024-12-17T20:06Z","Illinois State Water Survey Central Analytical Laboratory",566.0,0.00044,5,"2024-12-20","A",,
"5a881f35-708c-4a3c-8655-50429d134f41","D16","MCRA","MCRA.AOS.S2","MCRA.SS.20241217.FIL","A00000447430","2024-12-17T20:06Z","2024-12-17T20:06Z","Illinois State Water Survey Central Analytical Laboratory",348.0,0.00914,5,"2024-12-20","A",,
"ca699f45-3143-4d65-b38a-27a0e1fa3dd7","D16","MCRA","MCRA.AOS.S2","MCRA.SS.20241217.FIL","A00000447430","2024-12-17T20:06Z","2024-12-17T20:06Z","Illinois State Water Survey Central Analytical Laboratory",364.0,0.00684,5,"2024-12-20","A",,
"3e09a491-1796-4410-b082-17afddd86145","D16","MCRA","MCRA.AOS.S2","MCRA.SS.20241217.FIL","A00000447430","2024-12-17T20:06Z","2024-12-17T20:06Z","Illinois State Water Survey Central Analytical Laboratory",504.0,0.00106,5,"2024-12-20","B",,
"127f867c-f00e-466e-9c0b-057ea9648bb5","D16","MCRA","MCRA.AOS.S2","MCRA.SS.20241217.FIL","A00000447430","2024-12-17T20:06Z","2024-12-17T20:06Z","Illinois State Water Survey Central Analytical Laboratory",432.0,0.00208,5,"2024-12-20","A",,
"61890984-2926-4994-b47e-3e0e84e597d0","D16","MCRA","MCRA.AOS.S2","MCRA.SS.20241217.FIL","A00000447430","2024-12-17T20:06Z","2024-12-17T20:06Z","Illinois State Water Survey Central Analytical Laboratory",434.0,0.00218,5,"2024-12-20","B",,
"fb88277a-c913-456c-a32d-965c151d8ef0","D16","MCRA","MCRA.AOS.S2","MCRA.SS.20241217.FIL","A00000447430","2024-12-17T20:06Z","2024-12-17T20:06Z","Illinois State Water Survey Central Analytical Laboratory",392.0,0.00406,5,"2024-12-20","A",,
"19e7f19b-2103-4aae-ac03-f1dac9c63a59","D16","MCRA","MCRA.AOS.S2","MCRA.SS.20241217.FIL","A00000447430","2024-12-17T20:06Z","2024-12-17T20:06Z","Illinois State Water Survey Central Analytical Laboratory",236.0,0.04630,5,"2024-12-20","B",,
"6b7cf83e-e4fb-4777-aede-7eea19eeafc2","D16","MCRA","MCRA.AOS.S2","MCRA.SS.20241217.FIL","A00000447430","2024-12-17T20:06Z","2024-12-17T20:06Z","Illinois State Water Survey Central Analytical Laboratory",260.0,0.03362,5,"2024-12-20","A",,
"e1fdc56b-6183-443d-95e2-a995c7021173","D16","MCRA","MCRA.AOS.S2","MCRA.SS.20241217.FIL","A00000447430","2024-12-17T20:06Z","2024-12-17T20:06Z","Illinois State Water Survey Central Analytical Laboratory",354.0,0.00822,5,"2024-12-20","A",,
"09d5ee34-9fe3-40fb-9ccc-74e41e634e36","D16","MCRA","MCRA.AOS.S2","MCRA.SS.20241217.FIL","A00000447430","2024-12-17T20:06Z","2024-12-17T20:06Z","Illinois State Water Survey Central Analytical Laboratory",546.0,0.00074,5,"2024-12-20","B",,
"b92a6061-8531-44f4-8f3c-a0460844914f","D16","MCRA","MCRA.AOS.S2","MCRA.SS.20241217.FIL","A00000447430","2024-12-17T20:06Z","2024-12-17T20:06Z","Illinois State Water Survey Central Analytical Laboratory",356.0,0.00790,5,"2024-12-20","A",,
"2efebb3f-e011-4e18-beab-3fc9d47da5be","D16","MCRA","MCRA.AOS.S2","MCRA.SS.20241217.FIL","A00000447430","2024-12-17T20:06Z","2024-12-17T20:06Z","Illinois State Water Survey Central Analytical Laboratory",410.0,0.00296,5,"2024-12-20","A",,
"f9bf15b7-fc72-49ba-8fda-d6ffb21eaabb","D16","MCRA","MCRA.AOS.S2","MCRA.SS.20241217.FIL","A00000447430","2024-12-17T20:06Z","2024-12-17T20:06Z","Illinois State Water Survey Central Analytical Laboratory",266.0,0.03156,5,"2024-12-20","A",,
"fba5dc6f-1de0-4c46-af49-db3a0681c8d2","D16","MCRA","MCRA.AOS.S2","MCRA.SS.20241217.FIL","A00000447430","2024-12-17T20:06Z","2024-12-17T20:06Z","Illinois State Water Survey Central Analytical Laboratory",422.0,0.00246,5,"2024-12-20","A",,
"17942099-ec52-4b77-8486-64404f748ade","D16","MCRA","MCRA.AOS.S2","MCRA.SS.20241217.FIL","A00000447430","2024-12-17T20:06Z","2024-12-17T20:06Z","Illinois State Water Survey Central Analytical Laboratory",592.0,0.00054,5,"2024-12-20","B",,
"5b37bd6f-c3bc-4a33-96f3-e8f5510c574e","D16","MCRA","MCRA.AOS.S2","MCRA.SS.20241217.FIL","A00000447430","2024-12-17T20:06Z","2024-12-17T20:06Z","Illinois State Water Survey Central Analytical Laboratory",376.0,0.00546,5,"2024-12-20","A",,
"24614de1-978f-4912-b172-c0fa8cac9efe","D16","MCRA","MCRA.AOS.S2","MCRA.SS.20241217.FIL","A00000447430","2024-12-17T20:06Z","2024-12-17T20:06Z","Illinois State Water Survey Central Analytical Laboratory",478.0,0.00138,5,"2024-12-20","B",,
"6bc8a873-e9bc-47ff-90bb-3803a9f10184","D16","MCRA","MCRA.AOS.S2","MCRA.SS.20241217.FIL","A00000447430","2024-12-17T20:06Z","2024-12-17T20:06Z","Illinois State Water Survey Central Analytical Laboratory",538.0,0.00052,5,"2024-12-20","A",,
"a00ef0d9-650a-46d9-be0c-b1fbce74f829","D16","MCRA","MCRA.AOS.S2","MCRA.SS.20241217.FIL","A00000447430","2024-12-17T20:06Z","2024-12-17T20:06Z","Illinois State Water Survey Central Analytical Laboratory",574.0,0.00066,5,"2024-12-20","B",,
"ae640768-27ea-44be-8201-a30967818f74","D16","MCRA","MCRA.AOS.S2","MCRA.SS.20241217.FIL","A00000447430","2024-12-17T20:06Z","2024-12-17T20:06Z","Illinois State Water Survey Central Analytical Laboratory",582.0,0.00060,5,"2024-12-20","B",,
"92978241-85de-4726-8cb7-288a990b58a5","D16","MCRA","MCRA.AOS.S2","MCRA.SS.20241217.FIL","A00000447430","2024-12-17T20:06Z","2024-12-17T20:06Z","Illinois State Water Survey Central Analytical Laboratory",528.0,0.00060,5,"2024-12-20","A",,
"58e43f37-dd9f-492d-8ea6-f423dc74f00a","D16","MCRA","MCRA.AOS.S2","MCRA.SS.20241217.FIL","A00000447430","2024-12-17T20:06Z","2024-12-17T20:06Z","Illinois State Water Survey Central Analytical Laboratory",558.0,0.00066,5,"2024-12-20","B",,
"311081cc-8edc-4d3f-8410-ccfac6539038","D16","MCRA","MCRA.AOS.S2","MCRA.SS.20241217.FIL","A00000447430","2024-12-17T20:06Z","2024-12-17T20:06Z","Illinois State Water Survey Central Analytical Laboratory",278.0,0.02776,5,"2024-12-20","A",,
"6f5e51a5-8c77-40d5-ba19-e992c255960d","D16","MCRA","MCRA.AOS.S2","MCRA.SS.20241217.FIL","A00000447430","2024-12-17T20:06Z","2024-12-17T20:06Z","Illinois State Water Survey Central Analytical Laboratory",514.0,0.00094,5,"2024-12-20","B",,
"4ab30649-e8e3-4c31-9501-ca6aa5998447","D16","MCRA","MCRA.AOS.S2","MCRA.SS.20241217.FIL","A00000447430","2024-12-17T20:06Z","2024-12-17T20:06Z","Illinois State Water Survey Central Analytical Laboratory",314.0,0.01644,5,"2024-12-20","A",,
"5439738e-731f-4868-ac60-8ed9a7c7fbb3","D16","MCRA","MCRA.AOS.S2","MCRA.SS.20241217.FIL","A00000447430","2024-12-17T20:06Z","2024-12-17T20:06Z","Illinois State Water Survey Central Analytical Laboratory",288.0,0.02452,5,"2024-12-20","B",,
"5c170da4-43a0-4619-96ce-c918a3906598","D16","MCRA","MCRA.AOS.S2","MCRA.SS.20241217.FIL","A00000447430","2024-12-17T20:06Z","2024-12-17T20:06Z","Illinois State Water Survey Central Analytical Laboratory",370.0,0.00612,5,"2024-12-20","A",,
"0e9d3b7a-93ae-41e6-9ba6-6d0a72bda620","D16","MCRA","MCRA.AOS.S2","MCRA.SS.20241217.FIL","A00000447430","2024-12-17T20:06Z","2024-12-17T20:06Z","Illinois State Water Survey Central Analytical Laboratory",470.0,0.00148,5,"2024-12-20","B",,
"aba96397-f8cf-4cf4-944f-dbc2a289c55e","D16","MCRA","MCRA.AOS.S2","MCRA.SS.20241217.FIL","A00000447430","2024-12-17T20:06Z","2024-12-17T20:06Z","Illinois State Water Survey Central Analytical Laboratory",430.0,0.00212,5,"2024-12-20","A",,
"88b4572a-9f52-40df-b2d8-b735452ee235","D16","MCRA","MCRA.AOS.S2","MCRA.SS.20241217.FIL","A00000447430","2024-12-17T20:06Z","2024-12-17T20:06Z","Illinois State Water Survey Central Analytical Laboratory",518.0,0.00096,5,"2024-12-20","B",,
"06db319d-052c-4b2f-907b-a937910e6947","D16","MCRA","MCRA.AOS.S2","MCRA.SS.20241217.FIL","A00000447430","2024-12-17T20:06Z","2024-12-17T20:06Z","Illinois State Water Survey Central Analytical Laboratory",296.0,0.02160,5,"2024-12-20","B",,
"68b2c61f-a619-4d29-887a-ed2c2c0c53cd","D16","MCRA","MCRA.AOS.S2","MCRA.SS.20241217.FIL","A00000447430","2024-12-17T20:06Z","2024-12-17T20:06Z","Illinois State Water Survey Central Analytical Laboratory",490.0,0.00094,5,"2024-12-20","A",,
"5c17e7d2-03bc-499f-a91a-fefd3eb43be8","D16","MCRA","MCRA.AOS.S2","MCRA.SS.20241217.FIL","A00000447430","2024-12-17T20:06Z","2024-12-17T20:06Z","Illinois State Water Survey Central Analytical Laboratory",276.0,0.02832,5,"2024-12-20","A",,
"6ae09a3f-f3d4-430c-b8ad-a49b8329986c","D16","MCRA","MCRA.AOS.S2","MCRA.SS.20241217.FIL","A00000447430","2024-12-17T20:06Z","2024-12-17T20:06Z","Illinois State Water Survey Central Analytical Laboratory",416.0,0.00284,5,"2024-12-20","B",,
"a7605a22-cbb6-49e8-8041-050362e3d9e9","D16","MCRA","MCRA.AOS.S2","MCRA.SS.20241217.FIL","A00000447430","2024-12-17T20:06Z","2024-12-17T20:06Z","Illinois State Water Survey Central Analytical Laboratory",224.0,0.05836,5,"2024-12-20","A",,
"bc2554b8-6d4c-4f70-b452-ad5cfe8c249b","D16","MCRA","MCRA.AOS.S2","MCRA.SS.20241217.FIL","A00000447430","2024-12-17T20:06Z","2024-12-17T20:06Z","Illinois State Water Survey Central Analytical Laboratory",384.0,0.00472,5,"2024-12-20","A",,
"b5835ea6-295e-40bd-872c-6a7c55bfe81c","D16","MCRA","MCRA.AOS.S2","MCRA.SS.20241217.FIL","A00000447430","2024-12-17T20:06Z","2024-12-17T20:06Z","Illinois State Water Survey Central Analytical Laboratory",568.0,0.00058,5,"2024-12-20","B",,
"2bacbb95-ae0c-4c00-a22a-077beca35dae","D16","MCRA","MCRA.AOS.S2","MCRA.SS.20241217.FIL","A00000447430","2024-12-17T20:06Z","2024-12-17T20:06Z","Illinois State Water Survey Central Analytical Laboratory",294.0,0.02226,5,"2024-12-20","B",,
"f621b8af-c3ac-4c85-848c-3de87eb51fc8","D16","MCRA","MCRA.AOS.S2","MCRA.SS.20241217.FIL","A00000447430","2024-12-17T20:06Z","2024-12-17T20:06Z","Illinois State Water Survey Central Analytical Laboratory",408.0,0.00310,5,"2024-12-20","A",,
"7e035b25-67bc-4ab3-af46-e7507f78353a","D16","MCRA","MCRA.AOS.S2","MCRA.SS.20241217.FIL","A00000447430","2024-12-17T20:06Z","2024-12-17T20:06Z","Illinois State Water Survey Central Analytical Laboratory",292.0,0.02294,5,"2024-12-20","A",,
"cf0e3d60-5741-441c-888e-325e934df0fa","D16","MCRA","MCRA.AOS.S2","MCRA.SS.20241217.FIL","A00000447430","2024-12-17T20:06Z","2024-12-17T20:06Z","Illinois State Water Survey Central Analytical Laboratory",248.0,0.03830,5,"2024-12-20","B",,
"d4ffac51-e75b-4bcf-9e7d-b5330d88f414","D16","MCRA","MCRA.AOS.S2","MCRA.SS.20241217.FIL","A00000447430","2024-12-17T20:06Z","2024-12-17T20:06Z","Illinois State Water Survey Central Analytical Laboratory",358.0,0.00764,5,"2024-12-20","A",,
"d5b2898f-fbac-4027-a61b-90be14ceda0d","D16","MCRA","MCRA.AOS.S2","MCRA.SS.20241217.FIL","A00000447430","2024-12-17T20:06Z","2024-12-17T20:06Z","Illinois State Water Survey Central Analytical Laboratory",338.0,0.01112,5,"2024-12-20","B",,
"c3f2e3e6-66ff-4489-973d-0eb905b12b2c","D16","MCRA","MCRA.AOS.S2","MCRA.SS.20241217.FIL","A00000447430","2024-12-17T20:06Z","2024-12-17T20:06Z","Illinois State Water Survey Central Analytical Laboratory",364.0,0.00696,5,"2024-12-20","B",,
"626c0e49-f838-4e91-ad44-dd990ead234c","D16","MCRA","MCRA.AOS.S2","MCRA.SS.20241217.FIL","A00000447430","2024-12-17T20:06Z","2024-12-17T20:06Z","Illinois State Water Survey Central Analytical Laboratory",252.0,0.03650,5,"2024-12-20","A",,
"763acf94-cd63-4e6f-99d9-cdb960ea3e5f","D16","MCRA","MCRA.AOS.S2","MCRA.SS.20241217.FIL","A00000447430","2024-12-17T20:06Z","2024-12-17T20:06Z","Illinois State Water Survey Central Analytical Laboratory",318.0,0.01562,5,"2024-12-20","B",,
"1f49f4e9-4c36-4451-8119-0c625e75162f","D16","MCRA","MCRA.AOS.S2","MCRA.SS.20241217.FIL","A00000447430","2024-12-17T20:06Z","2024-12-17T20:06Z","Illinois State Water Survey Central Analytical Laboratory",590.0,0.00032,5,"2024-12-20","A",,
"1c02878f-d815-4064-ab78-e50b7f6a44b0","D16","MCRA","MCRA.AOS.S2","MCRA.SS.20241217.FIL","A00000447430","2024-12-17T20:06Z","2024-12-17T20:06Z","Illinois State Water Survey Central Analytical Laboratory",226.0,0.05602,5,"2024-12-20","B",,
"ad3ae9ad-5280-4fd8-b93c-4e4eb65dc67a","D16","MCRA","MCRA.AOS.S2","MCRA.SS.20241217.FIL","A00000447430","2024-12-17T20:06Z","2024-12-17T20:06Z","Illinois State Water Survey Central Analytical Laboratory",542.0,0.00076,5,"2024-12-20","B",,
"e2dd8732-922f-4c10-981f-9060b4e5c293","D16","MCRA","MCRA.AOS.S2","MCRA.SS.20241217.FIL","A00000447430","2024-12-17T20:06Z","2024-12-17T20:06Z","Illinois State Water Survey Central Analytical Laboratory",512.0,0.00072,5,"2024-12-20","A",,
"b38fcb1f-b8d3-44b1-b63c-2ca499330776","D16","MCRA","MCRA.AOS.S2","MCRA.SS.20241217.FIL","A00000447430","2024-12-17T20:06Z","2024-12-17T20:06Z","Illinois State Water Survey Central Analytical Laboratory",362.0,0.00718,5,"2024-12-20","B",,
"f3b2dc49-9790-45e8-b82a-21434d3228ff","D16","MCRA","MCRA.AOS.S2","MCRA.SS.20241217.FIL","A00000447430","2024-12-17T20:06Z","2024-12-17T20:06Z","Illinois State Water Survey Central Analytical Laboratory",422.0,0.00260,5,"2024-12-20","B",,
"e72fc2ea-f0f6-45d9-a3b6-72b8b7242c5c","D16","MCRA","MCRA.AOS.S2","MCRA.SS.20241217.FIL","A00000447430","2024-12-17T20:06Z","2024-12-17T20:06Z","Illinois State Water Survey Central Analytical Laboratory",388.0,0.00436,5,"2024-12-20","A",,
"ada88536-7761-4197-8c6b-61257283494e","D16","MCRA","MCRA.AOS.S2","MCRA.SS.20241217.FIL","A00000447430","2024-12-17T20:06Z","2024-12-17T20:06Z","Illinois State Water Survey Central Analytical Laboratory",222.0,0.06126,5,"2024-12-20","B",,
"ce4e4091-9ec5-4308-9535-f18340df8f80","D16","MCRA","MCRA.AOS.S2","MCRA.SS.20241217.FIL","A00000447430","2024-12-17T20:06Z","2024-12-17T20:06Z","Illinois State Water Survey Central Analytical Laboratory",256.0,0.03504,5,"2024-12-20","A",,
"d25c18ed-be49-45eb-b2d4-66bdb8137b98","D16","MCRA","MCRA.AOS.S2","MCRA.SS.20241217.FIL","A00000447430","2024-12-17T20:06Z","2024-12-17T20:06Z","Illinois State Water Survey Central Analytical Laboratory",524.0,0.00090,5,"2024-12-20","B",,
"8fae093b-230e-442e-9477-747d73d549a8","D16","MCRA","MCRA.AOS.S2","MCRA.SS.20241217.FIL","A00000447430","2024-12-17T20:06Z","2024-12-17T20:06Z","Illinois State Water Survey Central Analytical Laboratory",548.0,0.00074,5,"2024-12-20","B",,
"526fadcb-582a-4a6d-82ba-39484353bafe","D16","MCRA","MCRA.AOS.S2","MCRA.SS.20241217.FIL","A00000447430","2024-12-17T20:06Z","2024-12-17T20:06Z","Illinois State Water Survey Central Analytical Laboratory",596.0,0.00026,5,"2024-12-20","A",,
"e3706f26-ee44-44af-aab0-7a05d0cc9ed6","D16","MCRA","MCRA.AOS.S2","MCRA.SS.20241217.FIL","A00000447430","2024-12-17T20:06Z","2024-12-17T20:06Z","Illinois State Water Survey Central Analytical Laboratory",346.0,0.00954,5,"2024-12-20","A",,
"2822770a-b63b-44ee-958b-e62c2f477f8f","D16","MCRA","MCRA.AOS.S2","MCRA.SS.20241217.FIL","A00000447430","2024-12-17T20:06Z","2024-12-17T20:06Z","Illinois State Water Survey Central Analytical Laboratory",504.0,0.00080,5,"2024-12-20","A",,
"d10f86f6-dfe8-4705-9baa-f77869b969b5","D16","MCRA","MCRA.AOS.S2","MCRA.SS.20241217.FIL","A00000447430","2024-12-17T20:06Z","2024-12-17T20:06Z","Illinois State Water Survey Central Analytical Laboratory",326.0,0.01376,5,"2024-12-20","B",,
"4197e501-d624-41d2-bbf5-83b57fa8b32c","D16","MCRA","MCRA.AOS.S2","MCRA.SS.20241217.FIL","A00000447430","2024-12-17T20:06Z","2024-12-17T20:06Z","Illinois State Water Survey Central Analytical Laboratory",580.0,0.00040,5,"2024-12-20","A",,
"dce0d960-90e4-4714-94c3-f73045da3a43","D16","MCRA","MCRA.AOS.S2","MCRA.SS.20241217.FIL","A00000447430","2024-12-17T20:06Z","2024-12-17T20:06Z","Illinois State Water Survey Central Analytical Laboratory",572.0,0.00062,5,"2024-12-20","B",,
"4b1097ab-ed9b-4396-ac21-a6ec330365b5","D16","MCRA","MCRA.AOS.S2","MCRA.SS.20241217.FIL","A00000447430","2024-12-17T20:06Z","2024-12-17T20:06Z","Illinois State Water Survey Central Analytical Laboratory",474.0,0.00142,5,"2024-12-20","B",,
"306ae5d0-3cdd-4c5d-8d91-3dab05610511","D16","MCRA","MCRA.AOS.S2","MCRA.SS.20241217.FIL","A00000447430","2024-12-17T20:06Z","2024-12-17T20:06Z","Illinois State Water Survey Central Analytical Laboratory",398.0,0.00382,5,"2024-12-20","B",,
"762172c0-4f40-47c4-811a-a35589c53926","D16","MCRA","MCRA.AOS.S2","MCRA.SS.20241217.FIL","A00000447430","2024-12-17T20:06Z","2024-12-17T20:06Z","Illinois State Water Survey Central Analytical Laboratory",552.0,0.00046,5,"2024-12-20","A",,
"3539636f-aeea-4fc7-9155-d6d18b2c2610","D16","MCRA","MCRA.AOS.S2","MCRA.SS.20241217.FIL","A00000447430","2024-12-17T20:06Z","2024-12-17T20:06Z","Illinois State Water Survey Central Analytical Laboratory",342.0,0.01018,5,"2024-12-20","A",,
"929f58df-bf2d-4e55-9592-fa06397f989c","D16","MCRA","MCRA.AOS.S2","MCRA.SS.20241217.FIL","A00000447430","2024-12-17T20:06Z","2024-12-17T20:06Z","Illinois State Water Survey Central Analytical Laboratory",556.0,0.00048,5,"2024-12-20","A",,
"9f391783-0a19-4c03-a05a-68f12979d09c","D16","MCRA","MCRA.AOS.S2","MCRA.SS.20241217.FIL","A00000447430","2024-12-17T20:06Z","2024-12-17T20:06Z","Illinois State Water Survey Central Analytical Laboratory",274.0,0.02906,5,"2024-12-20","B",,
"ca1fb90e-2f8e-4faf-997d-de356da92342","D16","MCRA","MCRA.AOS.S2","MCRA.SS.20241217.FIL","A00000447430","2024-12-17T20:06Z","2024-12-17T20:06Z","Illinois State Water Survey Central Analytical Laboratory",270.0,0.03028,5,"2024-12-20","B",,
"cce336bc-8a15-4f61-a5a5-2bc016290b8a","D16","MCRA","MCRA.AOS.S2","MCRA.SS.20241217.FIL","A00000447430","2024-12-17T20:06Z","2024-12-17T20:06Z","Illinois State Water Survey Central Analytical Laboratory",300.0,0.02036,5,"2024-12-20","B",,
"4902312b-14db-4537-b94a-6ac8b6a1cf92","D16","MCRA","MCRA.AOS.S2","MCRA.SS.20241217.FIL","A00000447430","2024-12-17T20:06Z","2024-12-17T20:06Z","Illinois State Water Survey Central Analytical Laboratory",442.0,0.00200,5,"2024-12-20","B",,
"a79b1bef-3819-453c-8012-57f4505a21ed","D16","MCRA","MCRA.AOS.S2","MCRA.SS.20241217.FIL","A00000447430","2024-12-17T20:06Z","2024-12-17T20:06Z","Illinois State Water Survey Central Analytical Laboratory",344.0,0.00982,5,"2024-12-20","A",,
"8c68b524-d328-4f45-838f-f862007efaa4","D16","MCRA","MCRA.AOS.S2","MCRA.SS.20241217.FIL","A00000447430","2024-12-17T20:06Z","2024-12-17T20:06Z","Illinois State Water Survey Central Analytical Laboratory",438.0,0.00186,5,"2024-12-20","A",,
"d7fd6f0f-987e-40c6-8c5a-63991e7a29e1","D16","MCRA","MCRA.AOS.S2","MCRA.SS.20241217.FIL","A00000447430","2024-12-17T20:06Z","2024-12-17T20:06Z","Illinois State Water Survey Central Analytical Laboratory",306.0,0.01850,5,"2024-12-20","A",,
"96445790-5c84-44ec-baf4-435263c8de68","D16","MCRA","MCRA.AOS.S2","MCRA.SS.20241217.FIL","A00000447430","2024-12-17T20:06Z","2024-12-17T20:06Z","Illinois State Water Survey Central Analytical Laboratory",554.0,0.00044,5,"2024-12-20","A",,
"2482076c-dc95-48e4-a826-c4e6cd3bb93f","D16","MCRA","MCRA.AOS.S2","MCRA.SS.20241217.FIL","A00000447430","2024-12-17T20:06Z","2024-12-17T20:06Z","Illinois State Water Survey Central Analytical Laboratory",318.0,0.01550,5,"2024-12-20","A",,
"7c013ec6-b968-4d82-a88b-4bfe037b10a8","D16","MCRA","MCRA.AOS.S2","MCRA.SS.20241217.FIL","A00000447430","2024-12-17T20:06Z","2024-12-17T20:06Z","Illinois State Water Survey Central Analytical Laboratory",232.0,0.04984,5,"2024-12-20","A",,
"7092b85c-5bca-4b66-b29e-b49ba6638289","D16","MCRA","MCRA.AOS.S2","MCRA.SS.20241217.FIL","A00000447430","2024-12-17T20:06Z","2024-12-17T20:06Z","Illinois State Water Survey Central Analytical Laboratory",350.0,0.00894,5,"2024-12-20","B",,
"e4fc6b68-ee96-4556-918b-53961f2b0150","D16","MCRA","MCRA.AOS.S2","MCRA.SS.20241217.FIL","A00000447430","2024-12-17T20:06Z","2024-12-17T20:06Z","Illinois State Water Survey Central Analytical Laboratory",370.0,0.00622,5,"2024-12-20","B",,
"50e2cd60-f333-4293-abec-f527d677abd4","D16","MCRA","MCRA.AOS.S2","MCRA.SS.20241217.FIL","A00000447430","2024-12-17T20:06Z","2024-12-17T20:06Z","Illinois State Water Survey Central Analytical Laboratory",334.0,0.01182,5,"2024-12-20","A",,
"1ececf28-7c06-4baa-a871-ea946af1c8f4","D16","MCRA","MCRA.AOS.S2","MCRA.SS.20241217.FIL","A00000447430","2024-12-17T20:06Z","2024-12-17T20:06Z","Illinois State Water Survey Central Analytical Laboratory",448.0,0.00166,5,"2024-12-20","A",,
"87f10c18-67f1-4add-a618-9a8798d78f04","D16","MCRA","MCRA.AOS.S2","MCRA.SS.20241217.FIL","A00000447430","2024-12-17T20:06Z","2024-12-17T20:06Z","Illinois State Water Survey Central Analytical Laboratory",556.0,0.00070,5,"2024-12-20","B",,
"b1e4c305-d3a5-40e0-9b18-0b6901b97311","D16","MCRA","MCRA.AOS.S2","MCRA.SS.20241217.FIL","A00000447430","2024-12-17T20:06Z","2024-12-17T20:06Z","Illinois State Water Survey Central Analytical Laboratory",526.0,0.00086,5,"2024-12-20","B",,
"b8e30bb8-c978-4b8a-874f-5c919b1c19d6","D16","MCRA","MCRA.AOS.S2","MCRA.SS.20241217.FIL","A00000447430","2024-12-17T20:06Z","2024-12-17T20:06Z","Illinois State Water Survey Central Analytical Laboratory",244.0,0.04044,5,"2024-12-20","A",,
"3efa1227-2fea-40d0-ad64-6a688fffad08","D16","MCRA","MCRA.AOS.S2","MCRA.SS.20241217.FIL","A00000447430","2024-12-17T20:06Z","2024-12-17T20:06Z","Illinois State Water Survey Central Analytical Laboratory",576.0,0.00062,5,"2024-12-20","B",,
"332e14e7-130d-4700-9294-37f8283281f8","D16","MCRA","MCRA.AOS.S2","MCRA.SS.20241217.FIL","A00000447430","2024-12-17T20:06Z","2024-12-17T20:06Z","Illinois State Water Survey Central Analytical Laboratory",242.0,0.04158,5,"2024-12-20","A",,
"f0eac311-bb6e-4ad3-95ba-ff489bcad9fb","D16","MCRA","MCRA.AOS.S2","MCRA.SS.20241217.FIL","A00000447430","2024-12-17T20:06Z","2024-12-17T20:06Z","Illinois State Water Survey Central Analytical Laboratory",458.0,0.00164,5,"2024-12-20","B",,
"e7028bb7-dfd8-4981-9020-aa5055645eaf","D16","MCRA","MCRA.AOS.S2","MCRA.SS.20241217.FIL","A00000447430","2024-12-17T20:06Z","2024-12-17T20:06Z","Illinois State Water Survey Central Analytical Laboratory",396.0,0.00396,5,"2024-12-20","B",,
"afa4bf14-5e11-420b-8d64-d273afe817b9","D16","MCRA","MCRA.AOS.S2","MCRA.SS.20241217.FIL","A00000447430","2024-12-17T20:06Z","2024-12-17T20:06Z","Illinois State Water Survey Central Analytical Laboratory",374.0,0.00564,5,"2024-12-20","A",,
"4f666ac8-524e-476f-a5b3-54d697b78959","D16","MCRA","MCRA.AOS.S2","MCRA.SS.20241217.FIL","A00000447430","2024-12-17T20:06Z","2024-12-17T20:06Z","Illinois State Water Survey Central Analytical Laboratory",578.0,0.00062,5,"2024-12-20","B",,
"e815538c-e80a-40bb-982d-7ba81cba10a7","D16","MCRA","MCRA.AOS.S2","MCRA.SS.20241217.FIL","A00000447430","2024-12-17T20:06Z","2024-12-17T20:06Z","Illinois State Water Survey Central Analytical Laboratory",534.0,0.00052,5,"2024-12-20","A",,
"54e9c6b1-718e-4136-bc14-7c1df5dc3dfc","D16","MCRA","MCRA.AOS.S2","MCRA.SS.20241217.FIL","A00000447430","2024-12-17T20:06Z","2024-12-17T20:06Z","Illinois State Water Survey Central Analytical Laboratory",346.0,0.00964,5,"2024-12-20","B",,
"1d2011e4-2a84-491e-b49b-e88cdd537480","D16","MCRA","MCRA.AOS.S2","MCRA.SS.20241217.FIL","A00000447430","2024-12-17T20:06Z","2024-12-17T20:06Z","Illinois State Water Survey Central Analytical Laboratory",426.0,0.00230,5,"2024-12-20","A",,
"3325757a-1d6e-4ab3-b276-7d675594d38c","D16","MCRA","MCRA.AOS.S2","MCRA.SS.20241217.FIL","A00000447430","2024-12-17T20:06Z","2024-12-17T20:06Z","Illinois State Water Survey Central Analytical Laboratory",492.0,0.00122,5,"2024-12-20","B",,
"4b300eaf-7465-4074-9ef8-c1bf3cefe2c0","D16","MCRA","MCRA.AOS.S2","MCRA.SS.20241217.FIL","A00000447430","2024-12-17T20:06Z","2024-12-17T20:06Z","Illinois State Water Survey Central Analytical Laboratory",336.0,0.01152,5,"2024-12-20","B",,
"d17bce85-cb5d-43a2-b8db-0146ae42f09f","D16","MCRA","MCRA.AOS.S2","MCRA.SS.20241217.FIL","A00000447430","2024-12-17T20:06Z","2024-12-17T20:06Z","Illinois State Water Survey Central Analytical Laboratory",562.0,0.00074,5,"2024-12-20","B",,
"3bf2cb26-c949-4f4d-9e32-ff1c30f28937","D16","MCRA","MCRA.AOS.S2","MCRA.SS.20241217.FIL","A00000447430","2024-12-17T20:06Z","2024-12-17T20:06Z","Illinois State Water Survey Central Analytical Laboratory",282.0,0.02648,5,"2024-12-20","A",,
"95db6e3e-ab9b-478a-8dea-4978da23c0e5","D16","MCRA","MCRA.AOS.S2","MCRA.SS.20241217.FIL","A00000447430","2024-12-17T20:06Z","2024-12-17T20:06Z","Illinois State Water Survey Central Analytical Laboratory",314.0,0.01656,5,"2024-12-20","B",,
"43af52cf-9397-4c3f-ba3e-8dd04c37f63b","D16","MCRA","MCRA.AOS.S2","MCRA.SS.20241217.FIL","A00000447430","2024-12-17T20:06Z","2024-12-17T20:06Z","Illinois State Water Survey Central Analytical Laboratory",584.0,0.00056,5,"2024-12-20","B",,
"851deb7f-f74d-4ee4-a8d7-663b4c4cbda4","D16","MCRA","MCRA.AOS.S2","MCRA.SS.20241217.FIL","A00000447430","2024-12-17T20:06Z","2024-12-17T20:06Z","Illinois State Water Survey Central Analytical Laboratory",360.0,0.00744,5,"2024-12-20","B",,
"84c64d0c-f096-4bac-8923-23bb23e726d7","D16","MCRA","MCRA.AOS.S2","MCRA.SS.20241217.FIL","A00000447430","2024-12-17T20:06Z","2024-12-17T20:06Z","Illinois State Water Survey Central Analytical Laboratory",532.0,0.00084,5,"2024-12-20","B",,
"b559acd0-72b3-4624-b538-00acb1c3941e","D16","MCRA","MCRA.AOS.S2","MCRA.SS.20241217.FIL","A00000447430","2024-12-17T20:06Z","2024-12-17T20:06Z","Illinois State Water Survey Central Analytical Laboratory",454.0,0.00146,5,"2024-12-20","A",,
"64af0200-ea42-463a-b09e-2624ee4522e0","D16","MCRA","MCRA.AOS.S2","MCRA.SS.20241217.FIL","A00000447430","2024-12-17T20:06Z","2024-12-17T20:06Z","Illinois State Water Survey Central Analytical Laboratory",404.0,0.00348,5,"2024-12-20","B",,
"3d237070-2dbd-4bef-a5ca-b92bb52ce9bd","D16","MCRA","MCRA.AOS.S2","MCRA.SS.20241217.FIL","A00000447430","2024-12-17T20:06Z","2024-12-17T20:06Z","Illinois State Water Survey Central Analytical Laboratory",386.0,0.00452,5,"2024-12-20","A",,
"98b43e89-e42c-4d52-bb85-573af3834167","D16","MCRA","MCRA.AOS.S2","MCRA.SS.20241217.FIL","A00000447430","2024-12-17T20:06Z","2024-12-17T20:06Z","Illinois State Water Survey Central Analytical Laboratory",372.0,0.00590,5,"2024-12-20","A",,
"c9a63654-09be-4da6-83ba-c274f8a648fe","D16","MCRA","MCRA.AOS.S2","MCRA.SS.20241217.FIL","A00000447430","2024-12-17T20:06Z","2024-12-17T20:06Z","Illinois State Water Survey Central Analytical Laboratory",490.0,0.00122,5,"2024-12-20","B",,
"ae255659-afa9-4691-a5d1-c0a77c860ffe","D16","MCRA","MCRA.AOS.S2","MCRA.SS.20241217.FIL","A00000447430","2024-12-17T20:06Z","2024-12-17T20:06Z","Illinois State Water Survey Central Analytical Laboratory",500.0,0.00110,5,"2024-12-20","B",,
"ffb17f68-4aa1-4ff1-a914-e1519af66508","D16","MCRA","MCRA.AOS.S2","MCRA.SS.20241217.FIL","A00000447430","2024-12-17T20:06Z","2024-12-17T20:06Z","Illinois State Water Survey Central Analytical Laboratory",232.0,0.04994,5,"2024-12-20","B",,
"31e80473-5d87-451a-9d01-bce0c55cee4b","D16","MCRA","MCRA.AOS.S2","MCRA.SS.20241217.FIL","A00000447430","2024-12-17T20:06Z","2024-12-17T20:06Z","Illinois State Water Survey Central Analytical Laboratory",278.0,0.02786,5,"2024-12-20","B",,
"7367830a-f029-4acc-b692-900348796763","D16","MCRA","MCRA.AOS.S2","MCRA.SS.20241217.FIL","A00000447430","2024-12-17T20:06Z","2024-12-17T20:06Z","Illinois State Water Survey Central Analytical Laboratory",246.0,0.03928,5,"2024-12-20","B",,
"4affc966-e428-4ee7-adb8-d4eb0caae4a5","D16","MCRA","MCRA.AOS.S2","MCRA.SS.20241217.FIL","A00000447430","2024-12-17T20:06Z","2024-12-17T20:06Z","Illinois State Water Survey Central Analytical Laboratory",220.0,0.06428,5,"2024-12-20","A",,
"1b990606-f6ec-40a4-96b8-971ac93ce626","D16","MCRA","MCRA.AOS.S2","MCRA.SS.20241217.FIL","A00000447430","2024-12-17T20:06Z","2024-12-17T20:06Z","Illinois State Water Survey Central Analytical Laboratory",276.0,0.02844,5,"2024-12-20","B",,
"418c3c4a-3c4c-4eab-ac3a-48e08f393a77","D16","MCRA","MCRA.AOS.S2","MCRA.SS.20241217.FIL","A00000447430","2024-12-17T20:06Z","2024-12-17T20:06Z","Illinois State Water Survey Central Analytical Laboratory",308.0,0.01794,5,"2024-12-20","A",,
"b4d44bb6-56ae-4f14-b932-2df62925c9e5","D16","MCRA","MCRA.AOS.S2","MCRA.SS.20241217.FIL","A00000447430","2024-12-17T20:06Z","2024-12-17T20:06Z","Illinois State Water Survey Central Analytical Laboratory",390.0,0.00434,5,"2024-12-20","B",,
"7985d38a-ff9e-4529-9f7f-bc522d2700a3","D16","MCRA","MCRA.AOS.S2","MCRA.SS.20241217.FIL","A00000447430","2024-12-17T20:06Z","2024-12-17T20:06Z","Illinois State Water Survey Central Analytical Laboratory",378.0,0.00526,5,"2024-12-20","A",,
"81026bff-c260-4698-a39b-1dba41ef213c","D16","MCRA","MCRA.AOS.S2","MCRA.SS.20241217.FIL","A00000447430","2024-12-17T20:06Z","2024-12-17T20:06Z","Illinois State Water Survey Central Analytical Laboratory",380.0,0.00516,5,"2024-12-20","B",,
"fab4f250-b983-4970-80c3-bd6d2b5fa1bb","D16","MCRA","MCRA.AOS.S2","MCRA.SS.20241217.FIL","A00000447430","2024-12-17T20:06Z","2024-12-17T20:06Z","Illinois State Water Survey Central Analytical Laboratory",488.0,0.00126,5,"2024-12-20","B",,
"0bb9ece7-97ff-436a-a13b-a4f767782ceb","D16","MCRA","MCRA.AOS.S2","MCRA.SS.20241217.FIL","A00000447430","2024-12-17T20:06Z","2024-12-17T20:06Z","Illinois State Water Survey Central Analytical Laboratory",366.0,0.00670,5,"2024-12-20","B",,
"e1579840-cd7b-4d96-8220-f25990f69f58","D16","MCRA","MCRA.AOS.S2","MCRA.SS.20241217.FIL","A00000447430","2024-12-17T20:06Z","2024-12-17T20:06Z","Illinois State Water Survey Central Analytical Laboratory",296.0,0.02154,5,"2024-12-20","A",,
"a43bb8ac-f9fd-4151-a635-79f9e3470625","D16","MCRA","MCRA.AOS.S2","MCRA.SS.20241217.FIL","A00000447430","2024-12-17T20:06Z","2024-12-17T20:06Z","Illinois State Water Survey Central Analytical Laboratory",308.0,0.01804,5,"2024-12-20","B",,
"8a966783-ecf0-4887-8d75-d736134b81af","D16","MCRA","MCRA.AOS.S2","MCRA.SS.20241217.FIL","A00000447430","2024-12-17T20:06Z","2024-12-17T20:06Z","Illinois State Water Survey Central Analytical Laboratory",588.0,0.00032,5,"2024-12-20","A",,
"c89acb84-b65f-41b5-b0c7-3114145c8cab","D16","MCRA","MCRA.AOS.S2","MCRA.SS.20241217.FIL","A00000447430","2024-12-17T20:06Z","2024-12-17T20:06Z","Illinois State Water Survey Central Analytical Laboratory",286.0,0.02518,5,"2024-12-20","B",,
"9c62b84a-7240-4e7e-8475-cbdeb0e14630","D16","MCRA","MCRA.AOS.S2","MCRA.SS.20241217.FIL","A00000447430","2024-12-17T20:06Z","2024-12-17T20:06Z","Illinois State Water Survey Central Analytical Laboratory",280.0,0.02718,5,"2024-12-20","B",,
"29f74d3a-75d6-444e-aa47-58e40bcd03f7","D16","MCRA","MCRA.AOS.S2","MCRA.SS.20241217.FIL","A00000447430","2024-12-17T20:06Z","2024-12-17T20:06Z","Illinois State Water Survey Central Analytical Laboratory",404.0,0.00332,5,"2024-12-20","A",,
"acf8c7c4-bf0c-4cb4-86e8-6fb146a5f8e9","D16","MCRA","MCRA.AOS.S2","MCRA.SS.20241217.FIL","A00000447430","2024-12-17T20:06Z","2024-12-17T20:06Z","Illinois State Water Survey Central Analytical Laboratory",268.0,0.03092,5,"2024-12-20","A",,
"95aa556e-f2d7-43b0-99a4-5c0bbbf37a49","D16","MCRA","MCRA.AOS.S2","MCRA.SS.20241217.FIL","A00000447430","2024-12-17T20:06Z","2024-12-17T20:06Z","Illinois State Water Survey Central Analytical Laboratory",236.0,0.04618,5,"2024-12-20","A",,
"5ba2e105-5d28-4921-ad5c-db950c952759","D16","MCRA","MCRA.AOS.S2","MCRA.SS.20241217.FIL","A00000447430","2024-12-17T20:06Z","2024-12-17T20:06Z","Illinois State Water Survey Central Analytical Laboratory",352.0,0.00850,5,"2024-12-20","A",,
"638ab0c2-a57a-4634-92f8-fbc4d20f65aa","D16","MCRA","MCRA.AOS.S2","MCRA.SS.20241217.FIL","A00000447430","2024-12-17T20:06Z","2024-12-17T20:06Z","Illinois State Water Survey Central Analytical Laboratory",558.0,0.00046,5,"2024-12-20","A",,
"bbd9b238-0cc2-4d9c-9092-95972ed21d08","D16","MCRA","MCRA.AOS.S2","MCRA.SS.20241217.FIL","A00000447430","2024-12-17T20:06Z","2024-12-17T20:06Z","Illinois State Water Survey Central Analytical Laboratory",570.0,0.00046,5,"2024-12-20","A",,
"f1d96f97-698a-4787-b43d-a16ce0042d91","D16","MCRA","MCRA.AOS.S2","MCRA.SS.20241217.FIL","A00000447430","2024-12-17T20:06Z","2024-12-17T20:06Z","Illinois State Water Survey Central Analytical Laboratory",588.0,0.00050,5,"2024-12-20","B",,
"ff9b935c-8cac-4659-b619-5aef0af23a24","D16","MCRA","MCRA.AOS.S2","MCRA.SS.20241217.FIL","A00000447430","2024-12-17T20:06Z","2024-12-17T20:06Z","Illinois State Water Survey Central Analytical Laboratory",408.0,0.00322,5,"2024-12-20","B",,
"9ae8a8ad-1abb-4894-9386-b4a9725ab345","D16","MCRA","MCRA.AOS.S2","MCRA.SS.20241217.FIL","A00000447430","2024-12-17T20:06Z","2024-12-17T20:06Z","Illinois State Water Survey Central Analytical Laboratory",350.0,0.00882,5,"2024-12-20","A",,
"93b77a90-9816-49d9-923b-d1d14b8f4da1","D16","MCRA","MCRA.AOS.S2","MCRA.SS.20241217.FIL","A00000447430","2024-12-17T20:06Z","2024-12-17T20:06Z","Illinois State Water Survey Central Analytical Laboratory",476.0,0.00138,5,"2024-12-20","B",,
"73bfa543-3e2b-4328-bd81-e004dc5db8bf","D16","MCRA","MCRA.AOS.S2","MCRA.SS.20241217.FIL","A00000447430","2024-12-17T20:06Z","2024-12-17T20:06Z","Illinois State Water Survey Central Analytical Laboratory",406.0,0.00338,5,"2024-12-20","B",,
"ecde3432-177a-4c7e-8ea7-c308804e5f21","D16","MCRA","MCRA.AOS.S2","MCRA.SS.20241217.FIL","A00000447430","2024-12-17T20:06Z","2024-12-17T20:06Z","Illinois State Water Survey Central Analytical Laboratory",444.0,0.00176,5,"2024-12-20","A",,
"2df3416f-7cb1-49f9-8cd9-428ae6181d8b","D16","MCRA","MCRA.AOS.S2","MCRA.SS.20241217.FIL","A00000447430","2024-12-17T20:06Z","2024-12-17T20:06Z","Illinois State Water Survey Central Analytical Laboratory",482.0,0.00106,5,"2024-12-20","A",,
"de15a2d3-fb86-48c8-877f-7c5e2295beb6","D16","MCRA","MCRA.AOS.S2","MCRA.SS.20241217.FIL","A00000447430","2024-12-17T20:06Z","2024-12-17T20:06Z","Illinois State Water Survey Central Analytical Laboratory",244.0,0.04054,5,"2024-12-20","B",,
"70fa46f8-29d8-493d-8db5-582890731caf","D16","MCRA","MCRA.AOS.S2","MCRA.SS.20241217.FIL","A00000447430","2024-12-17T20:06Z","2024-12-17T20:06Z","Illinois State Water Survey Central Analytical Laboratory",338.0,0.01096,5,"2024-12-20","A",,
"ced11848-6268-4a9b-87ea-38179cdb51d0","D16","MCRA","MCRA.AOS.S2","MCRA.SS.20241217.FIL","A00000447430","2024-12-17T20:06Z","2024-12-17T20:06Z","Illinois State Water Survey Central Analytical Laboratory",590.0,0.00048,5,"2024-12-20","B",,
"7752438d-fc30-45ab-82a2-e6e793587d52","D16","MCRA","MCRA.AOS.S2","MCRA.SS.20241217.FIL","A00000447430","2024-12-17T20:06Z","2024-12-17T20:06Z","Illinois State Water Survey Central Analytical Laboratory",262.0,0.03310,5,"2024-12-20","B",,
"9ba067f4-f290-4c7d-aa29-80a8c7a61bdf","D16","MCRA","MCRA.AOS.S2","MCRA.SS.20241217.FIL","A00000447430","2024-12-17T20:06Z","2024-12-17T20:06Z","Illinois State Water Survey Central Analytical Laboratory",452.0,0.00152,5,"2024-12-20","A",,
"848a38e6-c66e-476e-906f-123ec5c39b41","D16","MCRA","MCRA.AOS.S2","MCRA.SS.20241217.FIL","A00000447430","2024-12-17T20:06Z","2024-12-17T20:06Z","Illinois State Water Survey Central Analytical Laboratory",310.0,0.01754,5,"2024-12-20","B",,
"1f84b0be-f89f-4c89-91bf-4734908b60c2","D16","MCRA","MCRA.AOS.S2","MCRA.SS.20241217.FIL","A00000447430","2024-12-17T20:06Z","2024-12-17T20:06Z","Illinois State Water Survey Central Analytical Laboratory",298.0,0.02088,5,"2024-12-20","A",,
"46ba6c44-02f2-477d-8f5b-fdd5fa40abfd","D16","MCRA","MCRA.AOS.S2","MCRA.SS.20241217.FIL","A00000447430","2024-12-17T20:06Z","2024-12-17T20:06Z","Illinois State Water Survey Central Analytical Laboratory",448.0,0.00184,5,"2024-12-20","B",,
"58b2e2e3-c2b6-4624-9563-0d00a1f29c67","D16","MCRA","MCRA.AOS.S2","MCRA.SS.20241217.FIL","A00000447430","2024-12-17T20:06Z","2024-12-17T20:06Z","Illinois State Water Survey Central Analytical Laboratory",366.0,0.00656,5,"2024-12-20","A",,
"661e941d-eae7-4ed4-a818-edc41036db44","D16","MCRA","MCRA.AOS.S2","MCRA.SS.20241217.FIL","A00000447430","2024-12-17T20:06Z","2024-12-17T20:06Z","Illinois State Water Survey Central Analytical Laboratory",358.0,0.00774,5,"2024-12-20","B",,
"b1325c22-371c-4127-b448-3a4ed73b6d18","D16","MCRA","MCRA.AOS.S2","MCRA.SS.20241217.FIL","A00000447430","2024-12-17T20:06Z","2024-12-17T20:06Z","Illinois State Water Survey Central Analytical Laboratory",330.0,0.01268,5,"2024-12-20","A",,
"d5b9018a-b066-43f6-bc98-e0d9ab40ed27","D16","MCRA","MCRA.AOS.S2","MCRA.SS.20241217.FIL","A00000447430","2024-12-17T20:06Z","2024-12-17T20:06Z","Illinois State Water Survey Central Analytical Laboratory",520.0,0.00064,5,"2024-12-20","A",,
"2f43c1e2-de55-42a1-89ce-5fc8a2e1bbdd","D16","MCRA","MCRA.AOS.S2","MCRA.SS.20241217.FIL","A00000447430","2024-12-17T20:06Z","2024-12-17T20:06Z","Illinois State Water Survey Central Analytical Laboratory",270.0,0.03018,5,"2024-12-20","A",,
"b08fc327-0ba7-43da-a221-24dbc9060c48","D16","MCRA","MCRA.AOS.S2","MCRA.SS.20241217.FIL","A00000447430","2024-12-17T20:06Z","2024-12-17T20:06Z","Illinois State Water Survey Central Analytical Laboratory",322.0,0.01466,5,"2024-12-20","B",,
"a8f0e286-819f-4e24-af51-0c77cb1e80a5","D16","MCRA","MCRA.AOS.S2","MCRA.SS.20241217.FIL","A00000447430","2024-12-17T20:06Z","2024-12-17T20:06Z","Illinois State Water Survey Central Analytical Laboratory",328.0,0.01328,5,"2024-12-20","B",,
"89480263-2b14-48cc-84da-963e781efba9","D16","MCRA","MCRA.AOS.S2","MCRA.SS.20241217.FIL","A00000447430","2024-12-17T20:06Z","2024-12-17T20:06Z","Illinois State Water Survey Central Analytical Laboratory",454.0,0.00168,5,"2024-12-20","B",,
"3dc9968d-8e7f-4f4e-9b22-4f71239dba9d","D16","MCRA","MCRA.AOS.S2","MCRA.SS.20241217.FIL","A00000447430","2024-12-17T20:06Z","2024-12-17T20:06Z","Illinois State Water Survey Central Analytical Laboratory",466.0,0.00150,5,"2024-12-20","B",,
"f8b12c99-d779-4963-a60e-fddfe60285d3","D16","MCRA","MCRA.AOS.S2","MCRA.SS.20241217.FIL","A00000447430","2024-12-17T20:06Z","2024-12-17T20:06Z","Illinois State Water Survey Central Analytical Laboratory",420.0,0.00266,5,"2024-12-20","B",,
"d3b99deb-67d8-4b3b-b23b-901595b08e06","D16","MCRA","MCRA.AOS.S2","MCRA.SS.20241217.FIL","A00000447430","2024-12-17T20:06Z","2024-12-17T20:06Z","Illinois State Water Survey Central Analytical Laboratory",462.0,0.00156,5,"2024-12-20","B",,
"a7e4a26b-d652-435e-9ea7-fe61d8493b3d","D16","MCRA","MCRA.AOS.S2","MCRA.SS.20241217.FIL","A00000447430","2024-12-17T20:06Z","2024-12-17T20:06Z","Illinois State Water Survey Central Analytical Laboratory",284.0,0.02588,5,"2024-12-20","B",,
"27e2640b-5142-4e60-b15c-8448a247fb1e","D16","MCRA","MCRA.AOS.S2","MCRA.SS.20241217.FIL","A00000447430","2024-12-17T20:06Z","2024-12-17T20:06Z","Illinois State Water Survey Central Analytical Laboratory",502.0,0.00110,5,"2024-12-20","B",,
"0f5d4b1b-90f1-47c4-98ec-e077289d7884","D16","MCRA","MCRA.AOS.S2","MCRA.SS.20241217.FIL","A00000447430","2024-12-17T20:06Z","2024-12-17T20:06Z","Illinois State Water Survey Central Analytical Laboratory",290.0,0.02364,5,"2024-12-20","A",,
"5540e311-8ea5-415d-93da-47aff24949f1","D16","MCRA","MCRA.AOS.S2","MCRA.SS.20241217.FIL","A00000447430","2024-12-17T20:06Z","2024-12-17T20:06Z","Illinois State Water Survey Central Analytical Laboratory",496.0,0.00112,5,"2024-12-20","B",,
"4310d383-b7e9-45d8-8db6-ddff6678a59a","D16","MCRA","MCRA.AOS.S2","MCRA.SS.20241217.FIL","A00000447430","2024-12-17T20:06Z","2024-12-17T20:06Z","Illinois State Water Survey Central Analytical Laboratory",266.0,0.03166,5,"2024-12-20","B",,
"128ab520-6554-4aa5-8b06-ad2084f36dce","D16","MCRA","MCRA.AOS.S2","MCRA.SS.20241217.FIL","A00000447430","2024-12-17T20:06Z","2024-12-17T20:06Z","Illinois State Water Survey Central Analytical Laboratory",394.0,0.00410,5,"2024-12-20","B",,
"1c537f67-e6a4-4ffd-b574-af10dacc9cf1","D16","MCRA","MCRA.AOS.S2","MCRA.SS.20241217.FIL","A00000447430","2024-12-17T20:06Z","2024-12-17T20:06Z","Illinois State Water Survey Central Analytical Laboratory",498.0,0.00082,5,"2024-12-20","A",,
"e6ea0962-3d58-40d7-8fcd-b22bef4d7e6a","D16","MCRA","MCRA.AOS.S2","MCRA.SS.20241217.FIL","A00000447430","2024-12-17T20:06Z","2024-12-17T20:06Z","Illinois State Water Survey Central Analytical Laboratory",402.0,0.00358,5,"2024-12-20","B",,
"febc1088-dda0-4ae9-9ae4-999eb7b97c1d","D16","MCRA","MCRA.AOS.S2","MCRA.SS.20241217.FIL","A00000447430","2024-12-17T20:06Z","2024-12-17T20:06Z","Illinois State Water Survey Central Analytical Laboratory",484.0,0.00102,5,"2024-12-20","A",,
"cced27be-4ed7-44c4-bd71-ab7e2554eaff","D16","MCRA","MCRA.AOS.S2","MCRA.SS.20241217.FIL","A00000447430","2024-12-17T20:06Z","2024-12-17T20:06Z","Illinois State Water Survey Central Analytical Laboratory",326.0,0.01362,5,"2024-12-20","A",,
"ed80974f-f3ca-402a-bfd6-dc6d8415f041","D16","MCRA","MCRA.AOS.S2","MCRA.SS.20241217.FIL","A00000447430","2024-12-17T20:06Z","2024-12-17T20:06Z","Illinois State Water Survey Central Analytical Laboratory",488.0,0.00098,5,"2024-12-20","A",,
"3f4ed75f-8d5f-45c4-8286-d246db03a74d","D16","MCRA","MCRA.AOS.S2","MCRA.SS.20241217.FIL","A00000447430","2024-12-17T20:06Z","2024-12-17T20:06Z","Illinois State Water Survey Central Analytical Laboratory",424.0,0.00252,5,"2024-12-20","B",,
"5ebe61a6-9940-4fad-b65b-f2ce86f13a4b","D16","MCRA","MCRA.AOS.S2","MCRA.SS.20241217.FIL","A00000447430","2024-12-17T20:06Z","2024-12-17T20:06Z","Illinois State Water Survey Central Analytical Laboratory",234.0,0.04804,5,"2024-12-20","B",,
"4d03738c-f285-40a0-b1bf-32b290999e41","D16","MCRA","MCRA.AOS.S2","MCRA.SS.20241217.FIL","A00000447430","2024-12-17T20:06Z","2024-12-17T20:06Z","Illinois State Water Survey Central Analytical Laboratory",324.0,0.01420,5,"2024-12-20","B",,
"88a043d4-7484-4263-82c5-b8f01c3fcf17","D16","MCRA","MCRA.AOS.S2","MCRA.SS.20241217.FIL","A00000447430","2024-12-17T20:06Z","2024-12-17T20:06Z","Illinois State Water Survey Central Analytical Laboratory",424.0,0.00238,5,"2024-12-20","A",,
"2ac239a1-71b5-4d04-b3fb-dc2f0edba4ac","D16","MCRA","MCRA.AOS.S2","MCRA.SS.20241217.FIL","A00000447430","2024-12-17T20:06Z","2024-12-17T20:06Z","Illinois State Water Survey Central Analytical Laboratory",400.0,0.00370,5,"2024-12-20","B",,
"30449e42-4804-4903-9801-d08b618d1338","D16","MCRA","MCRA.AOS.S2","MCRA.SS.20241217.FIL","A00000447430","2024-12-17T20:06Z","2024-12-17T20:06Z","Illinois State Water Survey Central Analytical Laboratory",510.0,0.00098,5,"2024-12-20","B",,
"a9002544-f34a-4ee3-a22c-e99046a8c358","D16","MCRA","MCRA.AOS.S2","MCRA.SS.20241217.FIL","A00000447430","2024-12-17T20:06Z","2024-12-17T20:06Z","Illinois State Water Survey Central Analytical Laboratory",530.0,0.00084,5,"2024-12-20","B",,
"02e6e6ce-a2ca-45e0-baf0-0cf9d6099158","D16","MCRA","MCRA.AOS.S2","MCRA.SS.20241217.FIL","A00000447430","2024-12-17T20:06Z","2024-12-17T20:06Z","Illinois State Water Survey Central Analytical Laboratory",334.0,0.01196,5,"2024-12-20","B",,
"17bc9163-789e-4fdc-9327-20562776732a","D16","MCRA","MCRA.AOS.S2","MCRA.SS.20241217.FIL","A00000447430","2024-12-17T20:06Z","2024-12-17T20:06Z","Illinois State Water Survey Central Analytical Laboratory",294.0,0.02216,5,"2024-12-20","A",,
"23d00743-c9cb-4d1e-baf1-3b30d52e195f","D16","MCRA","MCRA.AOS.S2","MCRA.SS.20241217.FIL","A00000447430","2024-12-17T20:06Z","2024-12-17T20:06Z","Illinois State Water Survey Central Analytical Laboratory",532.0,0.00058,5,"2024-12-20","A",,
"69e85845-c046-4c08-9737-0f7bb291dfab","D16","MCRA","MCRA.AOS.S2","MCRA.SS.20241217.FIL","A00000447430","2024-12-17T20:06Z","2024-12-17T20:06Z","Illinois State Water Survey Central Analytical Laboratory",536.0,0.00078,5,"2024-12-20","B",,
"235fb5ed-761b-46c4-8848-430f98774613","D16","MCRA","MCRA.AOS.S2","MCRA.SS.20241217.FIL","A00000447430","2024-12-17T20:06Z","2024-12-17T20:06Z","Illinois State Water Survey Central Analytical Laboratory",260.0,0.03374,5,"2024-12-20","B",,
"3431fa41-382b-4333-80cc-d81610e10f83","D16","MCRA","MCRA.AOS.S2","MCRA.SS.20241217.FIL","A00000447430","2024-12-17T20:06Z","2024-12-17T20:06Z","Illinois State Water Survey Central Analytical Laboratory",348.0,0.00928,5,"2024-12-20","B",,
"6e4463e2-f1f5-4705-b7d6-2e601c1c7717","D16","MCRA","MCRA.AOS.S2","MCRA.SS.20241217.FIL","A00000447430","2024-12-17T20:06Z","2024-12-17T20:06Z","Illinois State Water Survey Central Analytical Laboratory",384.0,0.00484,5,"2024-12-20","B",,
"a0f721b9-fbae-4a93-931a-d492a2c71957","D16","MCRA","MCRA.AOS.S2","MCRA.SS.20241217.FIL","A00000447430","2024-12-17T20:06Z","2024-12-17T20:06Z","Illinois State Water Survey Central Analytical Laboratory",254.0,0.03594,5,"2024-12-20","B",,
"b802008e-30f5-4963-b84b-ae98ee744d41","D16","MCRA","MCRA.AOS.S2","MCRA.SS.20241217.FIL","A00000447430","2024-12-17T20:06Z","2024-12-17T20:06Z","Illinois State Water Survey Central Analytical Laboratory",432.0,0.00224,5,"2024-12-20","B",,
"14da4d4c-bab6-4531-b975-dab8c6d6e9c1","D16","MCRA","MCRA.AOS.S2","MCRA.SS.20241217.FIL","A00000447430","2024-12-17T20:06Z","2024-12-17T20:06Z","Illinois State Water Survey Central Analytical Laboratory",390.0,0.00418,5,"2024-12-20","A",,
"c5e0952e-9be9-4434-be9a-6f8fc3cd7a1b","D16","MCRA","MCRA.AOS.S2","MCRA.SS.20241217.FIL","A00000447430","2024-12-17T20:06Z","2024-12-17T20:06Z","Illinois State Water Survey Central Analytical Laboratory",282.0,0.02658,5,"2024-12-20","B",,
"4d8d06f7-1a1b-4cc6-b265-7a3f4c29d0a8","D16","MCRA","MCRA.AOS.S2","MCRA.SS.20241217.FIL","A00000447430","2024-12-17T20:06Z","2024-12-17T20:06Z","Illinois State Water Survey Central Analytical Laboratory",320.0,0.01502,5,"2024-12-20","A",,
"c53d1689-a468-4790-a7dc-f35cd106e8ca","D16","MCRA","MCRA.AOS.S2","MCRA.SS.20241217.FIL","A00000447430","2024-12-17T20:06Z","2024-12-17T20:06Z","Illinois State Water Survey Central Analytical Laboratory",416.0,0.00272,5,"2024-12-20","A",,
"789992aa-a798-4193-a4bd-e698dbb6ec9f","D16","MCRA","MCRA.AOS.S2","MCRA.SS.20241217.FIL","A00000447430","2024-12-17T20:06Z","2024-12-17T20:06Z","Illinois State Water Survey Central Analytical Laboratory",492.0,0.00092,5,"2024-12-20","A",,
"3a404d81-13d6-4dfd-815f-424acb2fbb30","D16","MCRA","MCRA.AOS.S2","MCRA.SS.20241217.FIL","A00000447430","2024-12-17T20:06Z","2024-12-17T20:06Z","Illinois State Water Survey Central Analytical Laboratory",302.0,0.01974,5,"2024-12-20","B",,
"b6c10c44-48c9-4ed2-bc53-716973b6dfef","D16","MCRA","MCRA.AOS.S2","MCRA.SS.20241217.FIL","A00000447430","2024-12-17T20:06Z","2024-12-17T20:06Z","Illinois State Water Survey Central Analytical Laboratory",368.0,0.00630,5,"2024-12-20","A",,
"fc01996e-b28d-438e-a81f-b41d793d230a","D16","MCRA","MCRA.AOS.S2","MCRA.SS.20241217.FIL","A00000447430","2024-12-17T20:06Z","2024-12-17T20:06Z","Illinois State Water Survey Central Analytical Laboratory",286.0,0.02508,5,"2024-12-20","A",,
"aafb0e2e-b6e5-43af-baa9-f8be0728e235","D16","MCRA","MCRA.AOS.S2","MCRA.SS.20241217.FIL","A00000447430","2024-12-17T20:06Z","2024-12-17T20:06Z","Illinois State Water Survey Central Analytical Laboratory",496.0,0.00082,5,"2024-12-20","A",,
"b0451a19-90f3-44a5-8ea4-7714958293fe","D16","MCRA","MCRA.AOS.S2","MCRA.SS.20241217.FIL","A00000447430","2024-12-17T20:06Z","2024-12-17T20:06Z","Illinois State Water Survey Central Analytical Laboratory",228.0,0.05374,5,"2024-12-20","B",,
"53491459-829c-4c69-8cce-952e5ad4178b","D16","MCRA","MCRA.AOS.S2","MCRA.SS.20241217.FIL","A00000447430","2024-12-17T20:06Z","2024-12-17T20:06Z","Illinois State Water Survey Central Analytical Laboratory",436.0,0.00212,5,"2024-12-20","B",,
"5e78ac61-2bc8-421a-9273-24ff1f96bf4e","D16","MCRA","MCRA.AOS.S2","MCRA.SS.20241217.FIL","A00000447430","2024-12-17T20:06Z","2024-12-17T20:06Z","Illinois State Water Survey Central Analytical Laboratory",474.0,0.00114,5,"2024-12-20","A",,
"0f59e46d-8b38-4a5f-80f4-252430264897","D16","MCRA","MCRA.AOS.S2","MCRA.SS.20241217.FIL","A00000447430","2024-12-17T20:06Z","2024-12-17T20:06Z","Illinois State Water Survey Central Analytical Laboratory",570.0,0.00068,5,"2024-12-20","B",,
"fb5b688d-6720-4471-883e-1c01c9ec8631","D16","MCRA","MCRA.AOS.S2","MCRA.SS.20241217.FIL","A00000447430","2024-12-17T20:06Z","2024-12-17T20:06Z","Illinois State Water Survey Central Analytical Laboratory",468.0,0.00150,5,"2024-12-20","B",,
"c8b5af76-adde-481e-982a-b923151d08b8","D16","MCRA","MCRA.AOS.S2","MCRA.SS.20241217.FIL","A00000447430","2024-12-17T20:06Z","2024-12-17T20:06Z","Illinois State Water Survey Central Analytical Laboratory",560.0,0.00068,5,"2024-12-20","B",,
"035eab85-0397-45e2-b163-f01017bac5a8","D16","MCRA","MCRA.AOS.S2","MCRA.SS.20241217.FIL","A00000447430","2024-12-17T20:06Z","2024-12-17T20:06Z","Illinois State Water Survey Central Analytical Laboratory",584.0,0.00042,5,"2024-12-20","A",,
"d1c4e9e0-e149-45cd-8e88-3ce517b5a490","D16","MCRA","MCRA.AOS.S2","MCRA.SS.20241217.FIL","A00000447430","2024-12-17T20:06Z","2024-12-17T20:06Z","Illinois State Water Survey Central Analytical Laboratory",414.0,0.00292,5,"2024-12-20","B",,
"fb44da2c-ee6d-484b-9b55-e3c7c3198047","D16","MCRA","MCRA.AOS.S2","MCRA.SS.20241217.FIL","A00000447430","2024-12-17T20:06Z","2024-12-17T20:06Z","Illinois State Water Survey Central Analytical Laboratory",306.0,0.01862,5,"2024-12-20","B",,
"116a8c16-7505-4734-bc3d-56ecf5bfae84","D16","MCRA","MCRA.AOS.S2","MCRA.SS.20241217.FIL","A00000447430","2024-12-17T20:06Z","2024-12-17T20:06Z","Illinois State Water Survey Central Analytical Laboratory",220.0,0.06438,5,"2024-12-20","B",,
"ba20d93b-7d99-49d0-8585-2d5be31df8fe","D16","MCRA","MCRA.AOS.S2","MCRA.SS.20241217.FIL","A00000447430","2024-12-17T20:06Z","2024-12-17T20:06Z","Illinois State Water Survey Central Analytical Laboratory",324.0,0.01408,5,"2024-12-20","A",,
"169590bb-0aca-4ffd-b5f3-6732125f0f44","D16","MCRA","MCRA.AOS.S2","MCRA.SS.20241217.FIL","A00000447430","2024-12-17T20:06Z","2024-12-17T20:06Z","Illinois State Water Survey Central Analytical Laboratory",456.0,0.00166,5,"2024-12-20","B",,
"222d24e1-4788-44e0-adb4-b34a977e4f65","D16","MCRA","MCRA.AOS.S2","MCRA.SS.20241217.FIL","A00000447430","2024-12-17T20:06Z","2024-12-17T20:06Z","Illinois State Water Survey Central Analytical Laboratory",418.0,0.00260,5,"2024-12-20","A",,
"f299f9b2-5b64-4746-b834-86091f5069c6","D16","MCRA","MCRA.AOS.S2","MCRA.SS.20241217.FIL","A00000447430","2024-12-17T20:06Z","2024-12-17T20:06Z","Illinois State Water Survey Central Analytical Laboratory",316.0,0.01600,5,"2024-12-20","A",,
"0856185e-4049-4e17-9aa0-bd11d99e9924","D16","MCRA","MCRA.AOS.S2","MCRA.SS.20241217.FIL","A00000447430","2024-12-17T20:06Z","2024-12-17T20:06Z","Illinois State Water Survey Central Analytical Laboratory",540.0,0.00078,5,"2024-12-20","B",,
"bfdd206b-f9a7-44ba-8ed8-ddde3c0f87c7","D16","MCRA","MCRA.AOS.S2","MCRA.SS.20241217.FIL","A00000447430","2024-12-17T20:06Z","2024-12-17T20:06Z","Illinois State Water Survey Central Analytical Laboratory",458.0,0.00140,5,"2024-12-20","A",,
"3c8af5c4-dea9-40d9-b672-8f60ee17dfa6","D16","MCRA","MCRA.AOS.S2","MCRA.SS.20241217.FIL","A00000447430","2024-12-17T20:06Z","2024-12-17T20:06Z","Illinois State Water Survey Central Analytical Laboratory",356.0,0.00804,5,"2024-12-20","B",,
"57a57a4b-e808-434e-8a01-d98aede8ffcb","D16","MCRA","MCRA.AOS.S2","MCRA.SS.20241217.FIL","A00000447430","2024-12-17T20:06Z","2024-12-17T20:06Z","Illinois State Water Survey Central Analytical Laboratory",230.0,0.05192,5,"2024-12-20","B",,
"9382174d-c256-46d2-9789-b38669873a1c","D16","MCRA","MCRA.AOS.S2","MCRA.SS.20241217.FIL","A00000447430","2024-12-17T20:06Z","2024-12-17T20:06Z","Illinois State Water Survey Central Analytical Laboratory",568.0,0.00036,5,"2024-12-20","A",,
"38a0abf4-c164-4540-9d3c-d36cfa4da978","D16","MCRA","MCRA.AOS.S2","MCRA.SS.20241217.FIL","A00000447430","2024-12-17T20:06Z","2024-12-17T20:06Z","Illinois State Water Survey Central Analytical Laboratory",586.0,0.00052,5,"2024-12-20","B",,
"b14030ad-deec-477f-8a8e-bb96108ad089","D16","MCRA","MCRA.AOS.S2","MCRA.SS.20241217.FIL","A00000447430","2024-12-17T20:06Z","2024-12-17T20:06Z","Illinois State Water Survey Central Analytical Laboratory",336.0,0.01142,5,"2024-12-20","A",,
"9747567e-ed82-4bd4-af93-bcf38a020c6f","D16","MCRA","MCRA.AOS.S2","MCRA.SS.20241217.FIL","A00000447430","2024-12-17T20:06Z","2024-12-17T20:06Z","Illinois State Water Survey Central Analytical Laboratory",268.0,0.03102,5,"2024-12-20","B",,
"411c40e6-483a-4d29-ad24-4ac190bdbf90","D16","MCRA","MCRA.AOS.S2","MCRA.SS.20241217.FIL","A00000447430","2024-12-17T20:06Z","2024-12-17T20:06Z","Illinois State Water Survey Central Analytical Laboratory",238.0,0.04472,5,"2024-12-20","B",,
"bfb7993a-91d0-4601-9440-b4f1f522f997","D16","MCRA","MCRA.AOS.S2","MCRA.SS.20241217.FIL","A00000447430","2024-12-17T20:06Z","2024-12-17T20:06Z","Illinois State Water Survey Central Analytical Laboratory",494.0,0.00084,5,"2024-12-20","A",,
"d164a547-3ce0-4e62-9321-c404be22f5fb","D16","MCRA","MCRA.AOS.S2","MCRA.SS.20241217.FIL","A00000447430","2024-12-17T20:06Z","2024-12-17T20:06Z","Illinois State Water Survey Central Analytical Laboratory",498.0,0.00112,5,"2024-12-20","B",,
"03eedfd9-bf27-488a-8cc0-24baa1926beb","D16","MCRA","MCRA.AOS.S2","MCRA.SS.20241217.FIL","A00000447430","2024-12-17T20:06Z","2024-12-17T20:06Z","Illinois State Water Survey Central Analytical Laboratory",418.0,0.00276,5,"2024-12-20","B",,
"6cc6c7e3-b3be-4832-a69c-5ed2dadd87d9","D16","MCRA","MCRA.AOS.S2","MCRA.SS.20241217.FIL","A00000447430","2024-12-17T20:06Z","2024-12-17T20:06Z","Illinois State Water Survey Central Analytical Laboratory",428.0,0.00222,5,"2024-12-20","A",,
"5b949e2e-a2ec-43f8-b5f0-25efcf4af8b2","D16","MCRA","MCRA.AOS.S2","MCRA.SS.20241217.FIL","A00000447430","2024-12-17T20:06Z","2024-12-17T20:06Z","Illinois State Water Survey Central Analytical Laboratory",446.0,0.00170,5,"2024-12-20","A",,
"212160d9-0024-46f3-92f5-6971bed16d58","D16","MCRA","MCRA.AOS.S2","MCRA.SS.20241217.FIL","A00000447430","2024-12-17T20:06Z","2024-12-17T20:06Z","Illinois State Water Survey Central Analytical Laboratory",248.0,0.03818,5,"2024-12-20","A",,
"ee1ecd4f-4c6f-4261-a8a6-46c34d34799a","D16","MCRA","MCRA.AOS.S2","MCRA.SS.20241217.FIL","A00000447430","2024-12-17T20:06Z","2024-12-17T20:06Z","Illinois State Water Survey Central Analytical Laboratory",510.0,0.00074,5,"2024-12-20","A",,
"2a90d125-8c22-46de-aed6-21af6dd45568","D16","MCRA","MCRA.AOS.S2","MCRA.SS.20241217.FIL","A00000447430","2024-12-17T20:06Z","2024-12-17T20:06Z","Illinois State Water Survey Central Analytical Laboratory",482.0,0.00134,5,"2024-12-20","B",,
"51ca737d-94f8-438a-bee6-1a55ddbca2cb","D16","MCRA","MCRA.AOS.S2","MCRA.SS.20241217.FIL","A00000447430","2024-12-17T20:06Z","2024-12-17T20:06Z","Illinois State Water Survey Central Analytical Laboratory",250.0,0.03744,5,"2024-12-20","B",,
"4b7d608e-a752-452e-aa63-001c3079a012","D16","MCRA","MCRA.AOS.S2","MCRA.SS.20241217.FIL","A00000447430","2024-12-17T20:06Z","2024-12-17T20:06Z","Illinois State Water Survey Central Analytical Laboratory",468.0,0.00122,5,"2024-12-20","A",,
"d7da55b7-29bf-40f4-876c-5e71e8371a5a","D16","MCRA","MCRA.AOS.S2","MCRA.SS.20241217.FIL","A00000447430","2024-12-17T20:06Z","2024-12-17T20:06Z","Illinois State Water Survey Central Analytical Laboratory",566.0,0.00068,5,"2024-12-20","B",,
"5d17a91c-acc6-4169-83a5-9933be6389a9","D16","MCRA","MCRA.AOS.S2","MCRA.SS.20241217.FIL","A00000447430","2024-12-17T20:06Z","2024-12-17T20:06Z","Illinois State Water Survey Central Analytical Laboratory",332.0,0.01236,5,"2024-12-20","B",,
"138478e8-85da-47fe-a737-3ff1a5a8d0b5","D16","MCRA","MCRA.AOS.S2","MCRA.SS.20241217.FIL","A00000447430","2024-12-17T20:06Z","2024-12-17T20:06Z","Illinois State Water Survey Central Analytical Laboratory",516.0,0.00098,5,"2024-12-20","B",,
"e3feb1fe-e27a-44b1-a7bc-adf5cdf3379b","D16","MCRA","MCRA.AOS.S2","MCRA.SS.20241217.FIL","A00000447430","2024-12-17T20:06Z","2024-12-17T20:06Z","Illinois State Water Survey Central Analytical Laboratory",430.0,0.00230,5,"2024-12-20","B",,
"86a7ceb9-d810-49a4-a523-dc9bdefd0016","D16","MCRA","MCRA.AOS.S2","MCRA.SS.20241217.FIL","A00000447430","2024-12-17T20:06Z","2024-12-17T20:06Z","Illinois State Water Survey Central Analytical Laboratory",446.0,0.00188,5,"2024-12-20","B",,
"8354e936-eb77-4a8d-b477-8abdc402a637","D16","MCRA","MCRA.AOS.S2","MCRA.SS.20241217.FIL","A00000447430","2024-12-17T20:06Z","2024-12-17T20:06Z","Illinois State Water Survey Central Analytical Laboratory",438.0,0.00204,5,"2024-12-20","B",,
"a3d2ef2d-32e9-4a6f-b1ba-ae9ff951e92f","D16","MCRA","MCRA.AOS.S2","MCRA.SS.20241217.FIL","A00000447430","2024-12-17T20:06Z","2024-12-17T20:06Z","Illinois State Water Survey Central Analytical Laboratory",594.0,0.00036,5,"2024-12-20","A",,
"abaac61c-4c75-4024-8493-56e16d06477b","D16","MCRA","MCRA.AOS.S2","MCRA.SS.20241217.FIL","A00000447430","2024-12-17T20:06Z","2024-12-17T20:06Z","Illinois State Water Survey Central Analytical Laboratory",506.0,0.00102,5,"2024-12-20","B",,
"ccd4569f-6963-4e00-8ac7-70cf7d6d3662","D16","MCRA","MCRA.AOS.S2","MCRA.SS.20241217.FIL","A00000447430","2024-12-17T20:06Z","2024-12-17T20:06Z","Illinois State Water Survey Central Analytical Laboratory",502.0,0.00080,5,"2024-12-20","A",,
"50276ed8-6898-4ec4-8852-25b2ead41462","D16","MCRA","MCRA.AOS.S2","MCRA.SS.20241217.FIL","A00000447430","2024-12-17T20:06Z","2024-12-17T20:06Z","Illinois State Water Survey Central Analytical Laboratory",310.0,0.01744,5,"2024-12-20","A",,
"70f8db8f-ecd5-4e8c-9e21-db3c7af9b60e","D16","MCRA","MCRA.AOS.S2","MCRA.SS.20241217.FIL","A00000447430","2024-12-17T20:06Z","2024-12-17T20:06Z","Illinois State Water Survey Central Analytical Laboratory",528.0,0.00088,5,"2024-12-20","B",,
"eb472c60-fddb-4956-94d5-479596771574","D16","MCRA","MCRA.AOS.S2","MCRA.SS.20241217.FIL","A00000447430","2024-12-17T20:06Z","2024-12-17T20:06Z","Illinois State Water Survey Central Analytical Laboratory",402.0,0.00344,5,"2024-12-20","A",,
"f7bc7115-7caf-4931-96ac-9b788dbd0b04","D16","MCRA","MCRA.AOS.S2","MCRA.SS.20241217.FIL","A00000447430","2024-12-17T20:06Z","2024-12-17T20:06Z","Illinois State Water Survey Central Analytical Laboratory",578.0,0.00038,5,"2024-12-20","A",,
"9c30bbf0-414d-433f-a581-f8d1714630f0","D16","MCRA","MCRA.AOS.S2","MCRA.SS.20241217.FIL","A00000447430","2024-12-17T20:06Z","2024-12-17T20:06Z","Illinois State Water Survey Central Analytical Laboratory",580.0,0.00060,5,"2024-12-20","B",,
"c555f522-6083-49c3-87cb-6ad7de3a0c9a","D16","MCRA","MCRA.AOS.S2","MCRA.SS.20241217.FIL","A00000447430","2024-12-17T20:06Z","2024-12-17T20:06Z","Illinois State Water Survey Central Analytical Laboratory",594.0,0.00048,5,"2024-12-20","B",,
"0517cc9e-9e38-49a3-b260-356b9da3f374","D16","MCRA","MCRA.AOS.S2","MCRA.SS.20241217.FIL","A00000447430","2024-12-17T20:06Z","2024-12-17T20:06Z","Illinois State Water Survey Central Analytical Laboratory",554.0,0.00066,5,"2024-12-20","B",,
"b2de341c-2a28-4e7e-9a80-2ff5a52de499","D16","MCRA","MCRA.AOS.S2","MCRA.SS.20241217.FIL","A00000447430","2024-12-17T20:06Z","2024-12-17T20:06Z","Illinois State Water Survey Central Analytical Laboratory",388.0,0.00450,5,"2024-12-20","B",,
"c66d22d9-ead8-49c2-8068-a0dbba651bf5","D16","MCRA","MCRA.AOS.S2","MCRA.SS.20241217.FIL","A00000447430","2024-12-17T20:06Z","2024-12-17T20:06Z","Illinois State Water Survey Central Analytical Laboratory",536.0,0.00056,5,"2024-12-20","A",,
"dde9aa39-d272-48e3-ba68-abe4bbcbdca0","D16","MCRA","MCRA.AOS.S2","MCRA.SS.20241217.FIL","A00000447430","2024-12-17T20:06Z","2024-12-17T20:06Z","Illinois State Water Survey Central Analytical Laboratory",258.0,0.03444,5,"2024-12-20","B",,
"cf8ff50d-1cb8-446f-9b9a-ccf0acd49bc9","D16","MCRA","MCRA.AOS.S2","MCRA.SS.20241217.FIL","A00000447430","2024-12-17T20:06Z","2024-12-17T20:06Z","Illinois State Water Survey Central Analytical Laboratory",530.0,0.00058,5,"2024-12-20","A",,
"ea8a6a39-fef0-42de-8e88-ff94a4b26889","D16","MCRA","MCRA.AOS.S2","MCRA.SS.20241217.FIL","A00000447430","2024-12-17T20:06Z","2024-12-17T20:06Z","Illinois State Water Survey Central Analytical Laboratory",394.0,0.00394,5,"2024-12-20","A",,
"a518a7ca-d2da-46c3-8e8d-3c469694d67c","D16","MCRA","MCRA.AOS.S2","MCRA.SS.20241217.FIL","A00000447430","2024-12-17T20:06Z","2024-12-17T20:06Z","Illinois State Water Survey Central Analytical Laboratory",428.0,0.00236,5,"2024-12-20","B",,
"4319ac9f-04f0-471a-a46a-b1796b72913e","D16","MCRA","MCRA.AOS.S2","MCRA.SS.20241217.FIL","A00000447430","2024-12-17T20:06Z","2024-12-17T20:06Z","Illinois State Water Survey Central Analytical Laboratory",546.0,0.00050,5,"2024-12-20","A",,
"355ff8e2-4dfb-4ea9-828f-cdbdc19dd7a0","D16","MCRA","MCRA.AOS.S2","MCRA.SS.20241217.FIL","A00000447430","2024-12-17T20:06Z","2024-12-17T20:06Z","Illinois State Water Survey Central Analytical Laboratory",368.0,0.00644,5,"2024-12-20","B",,
"b48346c2-b93f-4d31-9408-1c87d635abe9","D16","MCRA","MCRA.AOS.S2","MCRA.SS.20241217.FIL","A00000447430","2024-12-17T20:06Z","2024-12-17T20:06Z","Illinois State Water Survey Central Analytical Laboratory",472.0,0.00112,5,"2024-12-20","A",,
"46eb3865-29a9-4206-90e7-e6e2900ae509","D16","MCRA","MCRA.AOS.S2","MCRA.SS.20241217.FIL","A00000447430","2024-12-17T20:06Z","2024-12-17T20:06Z","Illinois State Water Survey Central Analytical Laboratory",534.0,0.00082,5,"2024-12-20","B",,
"8ff17231-8c61-4790-b042-6af54578ba10","D16","MCRA","MCRA.AOS.S2","MCRA.SS.20241217.FIL","A00000447430","2024-12-17T20:06Z","2024-12-17T20:06Z","Illinois State Water Survey Central Analytical Laboratory",518.0,0.00068,5,"2024-12-20","A",,
"d5793372-f6bb-489c-bb92-e358203dcc1c","D16","MCRA","MCRA.AOS.S2","MCRA.SS.20241217.FIL","A00000447430","2024-12-17T20:06Z","2024-12-17T20:06Z","Illinois State Water Survey Central Analytical Laboratory",382.0,0.00498,5,"2024-12-20","B",,
"17d8db16-0b1e-482f-bf3f-c51d20dcebab","D16","MCRA","MCRA.AOS.S2","MCRA.SS.20241217.FIL","A00000447430","2024-12-17T20:06Z","2024-12-17T20:06Z","Illinois State Water Survey Central Analytical Laboratory",434.0,0.00202,5,"2024-12-20","A",,
"e9eabed6-5cb5-4f56-be72-2acfeedc3d67","D16","MCRA","MCRA.AOS.S2","MCRA.SS.20241217.FIL","A00000447430","2024-12-17T20:06Z","2024-12-17T20:06Z","Illinois State Water Survey Central Analytical Laboratory",524.0,0.00062,5,"2024-12-20","A",,
"15fb2c85-1c3d-4ad7-86c8-90fffe1777df","D16","MCRA","MCRA.AOS.S2","MCRA.SS.20241217.FIL","A00000447430","2024-12-17T20:06Z","2024-12-17T20:06Z","Illinois State Water Survey Central Analytical Laboratory",386.0,0.00466,5,"2024-12-20","B",,
"706ac5b8-eb9b-4ab0-a7cf-697804e6c1d1","D16","MCRA","MCRA.AOS.S2","MCRA.SS.20241217.FIL","A00000447430","2024-12-17T20:06Z","2024-12-17T20:06Z","Illinois State Water Survey Central Analytical Laboratory",226.0,0.05590,5,"2024-12-20","A",,
"688d5597-fa65-44ca-8c2c-ff1060fe320a","D16","MCRA","MCRA.AOS.S2","MCRA.SS.20241217.FIL","A00000447430","2024-12-17T20:06Z","2024-12-17T20:06Z","Illinois State Water Survey Central Analytical Laboratory",330.0,0.01278,5,"2024-12-20","B",,
"8ea8dd26-8592-40a4-ab8f-e802634aec2e","D16","MCRA","MCRA.AOS.S2","MCRA.SS.20241217.FIL","A00000447430","2024-12-17T20:06Z","2024-12-17T20:06Z","Illinois State Water Survey Central Analytical Laboratory",264.0,0.03240,5,"2024-12-20","B",,
"ff6b8b7d-9787-4e12-83e0-2ab1d462486d","D16","MCRA","MCRA.AOS.S2","MCRA.SS.20241217.FIL","A00000447430","2024-12-17T20:06Z","2024-12-17T20:06Z","Illinois State Water Survey Central Analytical Laboratory",460.0,0.00164,5,"2024-12-20","B",,
"e4a52b15-f6f3-4bfd-a5ce-31f2b96ef90e","D16","MCRA","MCRA.AOS.S2","MCRA.SS.20241217.FIL","A00000447430","2024-12-17T20:06Z","2024-12-17T20:06Z","Illinois State Water Survey Central Analytical Laboratory",240.0,0.04318,5,"2024-12-20","B",,
"4b85a17a-0fe8-4ff1-ba10-b2a695f2bc76","D16","MCRA","MCRA.AOS.S2","MCRA.SS.20241217.FIL","A00000447430","2024-12-17T20:06Z","2024-12-17T20:06Z","Illinois State Water Survey Central Analytical Laboratory",316.0,0.01610,5,"2024-12-20","B",,
"90f1a096-0141-46d5-97b0-e30da805e1a4","D16","MCRA","MCRA.AOS.S2","MCRA.SS.20241217.FIL","A00000447430","2024-12-17T20:06Z","2024-12-17T20:06Z","Illinois State Water Survey Central Analytical Laboratory",406.0,0.00318,5,"2024-12-20","A",,
"fc55df45-9771-437e-82db-77daf252e1c2","D16","MCRA","MCRA.AOS.S2","MCRA.SS.20241217.FIL","A00000447430","2024-12-17T20:06Z","2024-12-17T20:06Z","Illinois State Water Survey Central Analytical Laboratory",440.0,0.00202,5,"2024-12-20","B",,
"b255a9ec-842c-4dff-8dce-0e395239e4d3","D16","MCRA","MCRA.AOS.S2","MCRA.SS.20241217.FIL","A00000447430","2024-12-17T20:06Z","2024-12-17T20:06Z","Illinois State Water Survey Central Analytical Laboratory",562.0,0.00052,5,"2024-12-20","A",,
"5636af5e-a696-4c0e-a3b4-a25a172fd26b","D16","MCRA","MCRA.AOS.S2","MCRA.SS.20241217.FIL","A00000447430","2024-12-17T20:06Z","2024-12-17T20:06Z","Illinois State Water Survey Central Analytical Laboratory",272.0,0.02972,5,"2024-12-20","B",,
