uid,domainID,siteID,namedLocation,sampleID,sampleCode,startDate,collectDate,laboratoryName,wavelength,decadicAbsorbance,cuvetteLength,analysisDate,spectrumReplicateID,remarks,dataQF
"356c5869-2959-4686-9a8c-eb0656886b63","D02","POSE","POSE.AOS.S2","POSE.SS.20240304.FIL","A00000171135","2024-03-04T13:45Z","2024-03-04T13:45Z","Illinois State Water Survey Central Analytical Laboratory",476.0,0.00168,5,"2024-03-07","A",,
"bb561f0d-b017-4c2c-8fb8-3a6793e215b2","D02","POSE","POSE.AOS.S2","POSE.SS.20240304.FIL","A00000171135","2024-03-04T13:45Z","2024-03-04T13:45Z","Illinois State Water Survey Central Analytical Laboratory",336.0,0.01512,5,"2024-03-07","B",,
"574eb279-642b-4f4b-9a6d-8beb49bcb818","D02","POSE","POSE.AOS.S2","POSE.SS.20240304.FIL","A00000171135","2024-03-04T13:45Z","2024-03-04T13:45Z","Illinois State Water Survey Central Analytical Laboratory",230.0,0.07586,5,"2024-03-07","A",,
"9ff3f803-aef0-4f2a-86ba-7f081552c0be","D02","POSE","POSE.AOS.S2","POSE.SS.20240304.FIL","A00000171135","2024-03-04T13:45Z","2024-03-04T13:45Z","Illinois State Water Survey Central Analytical Laboratory",334.0,0.01558,5,"2024-03-07","A",,
"527d0408-8e57-4b4e-a217-443841879ac2","D02","POSE","POSE.AOS.S2","POSE.SS.20240304.FIL","A00000171135","2024-03-04T13:45Z","2024-03-04T13:45Z","Illinois State Water Survey Central Analytical Laboratory",340.0,0.01420,5,"2024-03-07","A",,
"24ed99a6-af92-4b65-a436-e728ae41f073","D02","POSE","POSE.AOS.S2","POSE.SS.20240304.FIL","A00000171135","2024-03-04T13:45Z","2024-03-04T13:45Z","Illinois State Water Survey Central Analytical Laboratory",240.0,0.05390,5,"2024-03-07","A",,
"7cde5766-eb26-4004-a5e1-5a95633dbf99","D02","POSE","POSE.AOS.S2","POSE.SS.20240304.FIL","A00000171135","2024-03-04T13:45Z","2024-03-04T13:45Z","Illinois State Water Survey Central Analytical Laboratory",370.0,0.00892,5,"2024-03-07","B",,
"9262c0d5-be7e-4019-bfb3-8cc70998cd24","D02","POSE","POSE.AOS.S2","POSE.SS.20240304.FIL","A00000171135","2024-03-04T13:45Z","2024-03-04T13:45Z","Illinois State Water Survey Central Analytical Laboratory",290.0,0.02948,5,"2024-03-07","A",,
"d4d7db0d-09b7-4799-a7ea-cbae25362549","D02","POSE","POSE.AOS.S2","POSE.SS.20240304.FIL","A00000171135","2024-03-04T13:45Z","2024-03-04T13:45Z","Illinois State Water Survey Central Analytical Laboratory",458.0,0.00218,5,"2024-03-07","A",,
"f187d7bc-a191-463a-828e-4d484fa32a30","D02","POSE","POSE.AOS.S2","POSE.SS.20240304.FIL","A00000171135","2024-03-04T13:45Z","2024-03-04T13:45Z","Illinois State Water Survey Central Analytical Laboratory",426.0,0.00358,5,"2024-03-07","B",,
"5d76dcad-ea93-4b7d-8901-f6c093fac213","D02","POSE","POSE.AOS.S2","POSE.SS.20240304.FIL","A00000171135","2024-03-04T13:45Z","2024-03-04T13:45Z","Illinois State Water Survey Central Analytical Laboratory",294.0,0.02778,5,"2024-03-07","A",,
"3e1ad780-9afc-43f1-b570-061281a66ad1","D02","POSE","POSE.AOS.S2","POSE.SS.20240304.FIL","A00000171135","2024-03-04T13:45Z","2024-03-04T13:45Z","Illinois State Water Survey Central Analytical Laboratory",526.0,0.00084,5,"2024-03-07","B",,
"4d2c16f9-bacf-4dfd-8aa0-77eda5029aeb","D02","POSE","POSE.AOS.S2","POSE.SS.20240304.FIL","A00000171135","2024-03-04T13:45Z","2024-03-04T13:45Z","Illinois State Water Survey Central Analytical Laboratory",490.0,0.00136,5,"2024-03-07","A",,
"c3a7867b-1e41-4f3f-92e0-b6d7a888fd61","D02","POSE","POSE.AOS.S2","POSE.SS.20240304.FIL","A00000171135","2024-03-04T13:45Z","2024-03-04T13:45Z","Illinois State Water Survey Central Analytical Laboratory",530.0,0.00082,5,"2024-03-07","B",,
"9e9511bb-c513-4649-8faa-0bc86462ff21","D02","POSE","POSE.AOS.S2","POSE.SS.20240304.FIL","A00000171135","2024-03-04T13:45Z","2024-03-04T13:45Z","Illinois State Water Survey Central Analytical Laboratory",532.0,0.00080,5,"2024-03-07","B",,
"3be5802a-a446-49d3-9992-286aacdc15ea","D02","POSE","POSE.AOS.S2","POSE.SS.20240304.FIL","A00000171135","2024-03-04T13:45Z","2024-03-04T13:45Z","Illinois State Water Survey Central Analytical Laboratory",600.0,0.00024,5,"2024-03-07","B",,
"620c9802-a7ac-4c15-ae1a-c5c9446848bf","D02","POSE","POSE.AOS.S2","POSE.SS.20240304.FIL","A00000171135","2024-03-04T13:45Z","2024-03-04T13:45Z","Illinois State Water Survey Central Analytical Laboratory",546.0,0.00062,5,"2024-03-07","A",,
"eea38fdc-f734-4df9-9719-a7bb07d971bc","D02","POSE","POSE.AOS.S2","POSE.SS.20240304.FIL","A00000171135","2024-03-04T13:45Z","2024-03-04T13:45Z","Illinois State Water Survey Central Analytical Laboratory",258.0,0.04240,5,"2024-03-07","A",,
"cefda16e-e3ca-4d53-8134-97f930f98a68","D02","POSE","POSE.AOS.S2","POSE.SS.20240304.FIL","A00000171135","2024-03-04T13:45Z","2024-03-04T13:45Z","Illinois State Water Survey Central Analytical Laboratory",288.0,0.03044,5,"2024-03-07","B",,
"d98bbd7e-f924-4bc0-a5b2-61d0345fbd86","D02","POSE","POSE.AOS.S2","POSE.SS.20240304.FIL","A00000171135","2024-03-04T13:45Z","2024-03-04T13:45Z","Illinois State Water Survey Central Analytical Laboratory",592.0,0.00020,5,"2024-03-07","A",,
"1d3bc19e-c283-49a2-807f-40a6567c2b78","D02","POSE","POSE.AOS.S2","POSE.SS.20240304.FIL","A00000171135","2024-03-04T13:45Z","2024-03-04T13:45Z","Illinois State Water Survey Central Analytical Laboratory",342.0,0.01378,5,"2024-03-07","A",,
"a7f03c5e-47e0-4e12-80b8-76fd4595f1a6","D02","POSE","POSE.AOS.S2","POSE.SS.20240304.FIL","A00000171135","2024-03-04T13:45Z","2024-03-04T13:45Z","Illinois State Water Survey Central Analytical Laboratory",372.0,0.00864,5,"2024-03-07","A",,
"de29e07f-eaa6-4617-9520-a965d42cf180","D02","POSE","POSE.AOS.S2","POSE.SS.20240304.FIL","A00000171135","2024-03-04T13:45Z","2024-03-04T13:45Z","Illinois State Water Survey Central Analytical Laboratory",314.0,0.02100,5,"2024-03-07","B",,
"35555d59-5795-4632-93f8-48797f227742","D02","POSE","POSE.AOS.S2","POSE.SS.20240304.FIL","A00000171135","2024-03-04T13:45Z","2024-03-04T13:45Z","Illinois State Water Survey Central Analytical Laboratory",556.0,0.00056,5,"2024-03-07","B",,
"0a1ec83f-abed-4aa6-91b5-771e1a06a115","D02","POSE","POSE.AOS.S2","POSE.SS.20240304.FIL","A00000171135","2024-03-04T13:45Z","2024-03-04T13:45Z","Illinois State Water Survey Central Analytical Laboratory",468.0,0.00188,5,"2024-03-07","A",,
"606b21de-0c4b-43df-8ef8-0b091455d54e","D02","POSE","POSE.AOS.S2","POSE.SS.20240304.FIL","A00000171135","2024-03-04T13:45Z","2024-03-04T13:45Z","Illinois State Water Survey Central Analytical Laboratory",386.0,0.00674,5,"2024-03-07","A",,
"2052d92e-8575-47ac-a274-80829891da20","D02","POSE","POSE.AOS.S2","POSE.SS.20240304.FIL","A00000171135","2024-03-04T13:45Z","2024-03-04T13:45Z","Illinois State Water Survey Central Analytical Laboratory",466.0,0.00194,5,"2024-03-07","B",,
"13a61378-1d7c-4b8a-8b20-4e3a522270a5","D02","POSE","POSE.AOS.S2","POSE.SS.20240304.FIL","A00000171135","2024-03-04T13:45Z","2024-03-04T13:45Z","Illinois State Water Survey Central Analytical Laboratory",488.0,0.00146,5,"2024-03-07","B",,
"72720a3d-7136-465f-b336-9bfffbab33f7","D02","POSE","POSE.AOS.S2","POSE.SS.20240304.FIL","A00000171135","2024-03-04T13:45Z","2024-03-04T13:45Z","Illinois State Water Survey Central Analytical Laboratory",444.0,0.00270,5,"2024-03-07","B",,
"3233dccf-c366-431c-9bcc-95380217fab7","D02","POSE","POSE.AOS.S2","POSE.SS.20240304.FIL","A00000171135","2024-03-04T13:45Z","2024-03-04T13:45Z","Illinois State Water Survey Central Analytical Laboratory",264.0,0.04006,5,"2024-03-07","A",,
"34f5aaa1-0bfa-4c20-a8f7-036a138e2a1f","D02","POSE","POSE.AOS.S2","POSE.SS.20240304.FIL","A00000171135","2024-03-04T13:45Z","2024-03-04T13:45Z","Illinois State Water Survey Central Analytical Laboratory",220.0,0.13718,5,"2024-03-07","A",,
"8ef90eb6-c35a-4f6a-8415-c8b4b80323c2","D02","POSE","POSE.AOS.S2","POSE.SS.20240304.FIL","A00000171135","2024-03-04T13:45Z","2024-03-04T13:45Z","Illinois State Water Survey Central Analytical Laboratory",386.0,0.00676,5,"2024-03-07","B",,
"a9ca0d0d-6343-4f6b-9b7c-0dbf3f9adf46","D02","POSE","POSE.AOS.S2","POSE.SS.20240304.FIL","A00000171135","2024-03-04T13:45Z","2024-03-04T13:45Z","Illinois State Water Survey Central Analytical Laboratory",434.0,0.00312,5,"2024-03-07","A",,
"03e2a440-96e4-430b-b5d5-7c731ed9bda9","D02","POSE","POSE.AOS.S2","POSE.SS.20240304.FIL","A00000171135","2024-03-04T13:45Z","2024-03-04T13:45Z","Illinois State Water Survey Central Analytical Laboratory",540.0,0.00072,5,"2024-03-07","B",,
"a6b8680e-198a-41de-a943-04134e5da3d6","D02","POSE","POSE.AOS.S2","POSE.SS.20240304.FIL","A00000171135","2024-03-04T13:45Z","2024-03-04T13:45Z","Illinois State Water Survey Central Analytical Laboratory",424.0,0.00366,5,"2024-03-07","A",,
"b68499d9-35f7-427c-867f-28e9d901bfbc","D02","POSE","POSE.AOS.S2","POSE.SS.20240304.FIL","A00000171135","2024-03-04T13:45Z","2024-03-04T13:45Z","Illinois State Water Survey Central Analytical Laboratory",430.0,0.00338,5,"2024-03-07","B",,
"f506047b-1772-4d59-8060-61388ce2fc79","D02","POSE","POSE.AOS.S2","POSE.SS.20240304.FIL","A00000171135","2024-03-04T13:45Z","2024-03-04T13:45Z","Illinois State Water Survey Central Analytical Laboratory",352.0,0.01186,5,"2024-03-07","B",,
"08dd4ee7-7894-455f-83b6-e53db282b96d","D02","POSE","POSE.AOS.S2","POSE.SS.20240304.FIL","A00000171135","2024-03-04T13:45Z","2024-03-04T13:45Z","Illinois State Water Survey Central Analytical Laboratory",244.0,0.05024,5,"2024-03-07","B",,
"257b5648-c737-476d-bee4-ea98890359ef","D02","POSE","POSE.AOS.S2","POSE.SS.20240304.FIL","A00000171135","2024-03-04T13:45Z","2024-03-04T13:45Z","Illinois State Water Survey Central Analytical Laboratory",256.0,0.04326,5,"2024-03-07","A",,
"0a3f5969-5e60-418f-be24-70b797374e1e","D02","POSE","POSE.AOS.S2","POSE.SS.20240304.FIL","A00000171135","2024-03-04T13:45Z","2024-03-04T13:45Z","Illinois State Water Survey Central Analytical Laboratory",560.0,0.00048,5,"2024-03-07","A",,
"2ca217cb-c17d-47c7-871f-47eb836d174c","D02","POSE","POSE.AOS.S2","POSE.SS.20240304.FIL","A00000171135","2024-03-04T13:45Z","2024-03-04T13:45Z","Illinois State Water Survey Central Analytical Laboratory",376.0,0.00804,5,"2024-03-07","A",,
"ec099ad6-a3c1-4988-a908-56724aed3884","D02","POSE","POSE.AOS.S2","POSE.SS.20240304.FIL","A00000171135","2024-03-04T13:45Z","2024-03-04T13:45Z","Illinois State Water Survey Central Analytical Laboratory",582.0,0.00034,5,"2024-03-07","A",,
"1306bb29-4d5f-4daf-86dc-781903746643","D02","POSE","POSE.AOS.S2","POSE.SS.20240304.FIL","A00000171135","2024-03-04T13:45Z","2024-03-04T13:45Z","Illinois State Water Survey Central Analytical Laboratory",252.0,0.04518,5,"2024-03-07","B",,
"48919aa0-3bcc-4b42-834e-62b1d3573138","D02","POSE","POSE.AOS.S2","POSE.SS.20240304.FIL","A00000171135","2024-03-04T13:45Z","2024-03-04T13:45Z","Illinois State Water Survey Central Analytical Laboratory",504.0,0.00108,5,"2024-03-07","A",,
"5d4fe731-0ad9-4122-a375-9b170f4b01ab","D02","POSE","POSE.AOS.S2","POSE.SS.20240304.FIL","A00000171135","2024-03-04T13:45Z","2024-03-04T13:45Z","Illinois State Water Survey Central Analytical Laboratory",384.0,0.00704,5,"2024-03-07","B",,
"61c54476-a05a-4f09-a981-1a829380cf9e","D02","POSE","POSE.AOS.S2","POSE.SS.20240304.FIL","A00000171135","2024-03-04T13:45Z","2024-03-04T13:45Z","Illinois State Water Survey Central Analytical Laboratory",280.0,0.03372,5,"2024-03-07","A",,
"d70242bf-4ac8-4ac8-8352-443897065773","D02","POSE","POSE.AOS.S2","POSE.SS.20240304.FIL","A00000171135","2024-03-04T13:45Z","2024-03-04T13:45Z","Illinois State Water Survey Central Analytical Laboratory",352.0,0.01182,5,"2024-03-07","A",,
"efe25dbe-73f7-4d15-8ea3-19cc9e292f1a","D02","POSE","POSE.AOS.S2","POSE.SS.20240304.FIL","A00000171135","2024-03-04T13:45Z","2024-03-04T13:45Z","Illinois State Water Survey Central Analytical Laboratory",302.0,0.02492,5,"2024-03-07","A",,
"f02411d1-5f63-4bba-a115-9ff031244c34","D02","POSE","POSE.AOS.S2","POSE.SS.20240304.FIL","A00000171135","2024-03-04T13:45Z","2024-03-04T13:45Z","Illinois State Water Survey Central Analytical Laboratory",264.0,0.04016,5,"2024-03-07","B",,
"49b22db6-2f1b-48e6-8690-ead182b31468","D02","POSE","POSE.AOS.S2","POSE.SS.20240304.FIL","A00000171135","2024-03-04T13:45Z","2024-03-04T13:45Z","Illinois State Water Survey Central Analytical Laboratory",436.0,0.00304,5,"2024-03-07","B",,
"bde1e685-793b-4bf1-b728-7b4dc986d523","D02","POSE","POSE.AOS.S2","POSE.SS.20240304.FIL","A00000171135","2024-03-04T13:45Z","2024-03-04T13:45Z","Illinois State Water Survey Central Analytical Laboratory",550.0,0.00058,5,"2024-03-07","A",,
"f353dbc0-3cb1-4605-b175-55db1cea6053","D02","POSE","POSE.AOS.S2","POSE.SS.20240304.FIL","A00000171135","2024-03-04T13:45Z","2024-03-04T13:45Z","Illinois State Water Survey Central Analytical Laboratory",396.0,0.00568,5,"2024-03-07","A",,
"bfb9ea25-736a-4d42-8d50-990f4c812f59","D02","POSE","POSE.AOS.S2","POSE.SS.20240304.FIL","A00000171135","2024-03-04T13:45Z","2024-03-04T13:45Z","Illinois State Water Survey Central Analytical Laboratory",568.0,0.00044,5,"2024-03-07","B",,
"20fceb4b-08fa-45be-a5a9-40a38f881c3f","D02","POSE","POSE.AOS.S2","POSE.SS.20240304.FIL","A00000171135","2024-03-04T13:45Z","2024-03-04T13:45Z","Illinois State Water Survey Central Analytical Laboratory",256.0,0.04338,5,"2024-03-07","B",,
"72b4274f-705c-4013-9195-67c7b7d0b36e","D02","POSE","POSE.AOS.S2","POSE.SS.20240304.FIL","A00000171135","2024-03-04T13:45Z","2024-03-04T13:45Z","Illinois State Water Survey Central Analytical Laboratory",508.0,0.00106,5,"2024-03-07","A",,
"575cb0fe-cb47-4e1b-aff0-71a7ca96fa4a","D02","POSE","POSE.AOS.S2","POSE.SS.20240304.FIL","A00000171135","2024-03-04T13:45Z","2024-03-04T13:45Z","Illinois State Water Survey Central Analytical Laboratory",452.0,0.00240,5,"2024-03-07","A",,
"a8e25ad6-398e-48f6-9c72-dc096759feab","D02","POSE","POSE.AOS.S2","POSE.SS.20240304.FIL","A00000171135","2024-03-04T13:45Z","2024-03-04T13:45Z","Illinois State Water Survey Central Analytical Laboratory",500.0,0.00120,5,"2024-03-07","B",,
"cab15fd8-0c6e-4ed7-a240-0e46edfed2cb","D02","POSE","POSE.AOS.S2","POSE.SS.20240304.FIL","A00000171135","2024-03-04T13:45Z","2024-03-04T13:45Z","Illinois State Water Survey Central Analytical Laboratory",400.0,0.00542,5,"2024-03-07","B",,
"6055a2d1-12df-40a2-96d0-f055420f1479","D02","POSE","POSE.AOS.S2","POSE.SS.20240304.FIL","A00000171135","2024-03-04T13:45Z","2024-03-04T13:45Z","Illinois State Water Survey Central Analytical Laboratory",382.0,0.00730,5,"2024-03-07","B",,
"194bda47-4f9e-42c6-b18d-a5c2e5f0d829","D02","POSE","POSE.AOS.S2","POSE.SS.20240304.FIL","A00000171135","2024-03-04T13:45Z","2024-03-04T13:45Z","Illinois State Water Survey Central Analytical Laboratory",224.0,0.10542,5,"2024-03-07","A",,
"212964cc-c505-4302-a4cc-8eb803a99c6c","D02","POSE","POSE.AOS.S2","POSE.SS.20240304.FIL","A00000171135","2024-03-04T13:45Z","2024-03-04T13:45Z","Illinois State Water Survey Central Analytical Laboratory",538.0,0.00076,5,"2024-03-07","B",,
"94dd314a-27c6-40c6-8759-a3f66ee439af","D02","POSE","POSE.AOS.S2","POSE.SS.20240304.FIL","A00000171135","2024-03-04T13:45Z","2024-03-04T13:45Z","Illinois State Water Survey Central Analytical Laboratory",594.0,0.00028,5,"2024-03-07","A",,
"2c8d708f-3e19-4da3-a239-dec718e4ebbb","D02","POSE","POSE.AOS.S2","POSE.SS.20240304.FIL","A00000171135","2024-03-04T13:45Z","2024-03-04T13:45Z","Illinois State Water Survey Central Analytical Laboratory",412.0,0.00438,5,"2024-03-07","A",,
"91dce4ff-eecb-4f7f-823a-82f9751e0762","D02","POSE","POSE.AOS.S2","POSE.SS.20240304.FIL","A00000171135","2024-03-04T13:45Z","2024-03-04T13:45Z","Illinois State Water Survey Central Analytical Laboratory",232.0,0.06942,5,"2024-03-07","B",,
"02e25749-53bf-42e6-9f31-936b5f74e872","D02","POSE","POSE.AOS.S2","POSE.SS.20240304.FIL","A00000171135","2024-03-04T13:45Z","2024-03-04T13:45Z","Illinois State Water Survey Central Analytical Laboratory",462.0,0.00204,5,"2024-03-07","B",,
"026527d4-6e1e-4f79-a417-771b926a1f37","D02","POSE","POSE.AOS.S2","POSE.SS.20240304.FIL","A00000171135","2024-03-04T13:45Z","2024-03-04T13:45Z","Illinois State Water Survey Central Analytical Laboratory",600.0,0.00022,5,"2024-03-07","A",,
"bec0f8fb-01c5-4d53-948e-5b1db1db5f96","D02","POSE","POSE.AOS.S2","POSE.SS.20240304.FIL","A00000171135","2024-03-04T13:45Z","2024-03-04T13:45Z","Illinois State Water Survey Central Analytical Laboratory",472.0,0.00178,5,"2024-03-07","B",,
"f2c173ff-16c1-4b0b-bd25-f8b96ab6c5e0","D02","POSE","POSE.AOS.S2","POSE.SS.20240304.FIL","A00000171135","2024-03-04T13:45Z","2024-03-04T13:45Z","Illinois State Water Survey Central Analytical Laboratory",300.0,0.02558,5,"2024-03-07","A",,
"14b9b19a-8c64-4c51-9c4f-2a4e8f8d6996","D02","POSE","POSE.AOS.S2","POSE.SS.20240304.FIL","A00000171135","2024-03-04T13:45Z","2024-03-04T13:45Z","Illinois State Water Survey Central Analytical Laboratory",240.0,0.05406,5,"2024-03-07","B",,
"4b6863c8-0131-4e28-8ad2-81066c232f2a","D02","POSE","POSE.AOS.S2","POSE.SS.20240304.FIL","A00000171135","2024-03-04T13:45Z","2024-03-04T13:45Z","Illinois State Water Survey Central Analytical Laboratory",284.0,0.03204,5,"2024-03-07","A",,
"6233c2de-ebfb-4725-95a4-dc94f106f867","D02","POSE","POSE.AOS.S2","POSE.SS.20240304.FIL","A00000171135","2024-03-04T13:45Z","2024-03-04T13:45Z","Illinois State Water Survey Central Analytical Laboratory",254.0,0.04434,5,"2024-03-07","B",,
"fe86dcd1-d692-43f5-b946-18b3200b909b","D02","POSE","POSE.AOS.S2","POSE.SS.20240304.FIL","A00000171135","2024-03-04T13:45Z","2024-03-04T13:45Z","Illinois State Water Survey Central Analytical Laboratory",456.0,0.00224,5,"2024-03-07","A",,
"ccd2e30c-8deb-43c9-a6cd-f4251c24d281","D02","POSE","POSE.AOS.S2","POSE.SS.20240304.FIL","A00000171135","2024-03-04T13:45Z","2024-03-04T13:45Z","Illinois State Water Survey Central Analytical Laboratory",488.0,0.00144,5,"2024-03-07","A",,
"6843bf73-3dcf-410f-a225-3ac46f490964","D02","POSE","POSE.AOS.S2","POSE.SS.20240304.FIL","A00000171135","2024-03-04T13:45Z","2024-03-04T13:45Z","Illinois State Water Survey Central Analytical Laboratory",522.0,0.00092,5,"2024-03-07","B",,
"6f4615c6-793b-4b77-83ec-c21b980dd785","D02","POSE","POSE.AOS.S2","POSE.SS.20240304.FIL","A00000171135","2024-03-04T13:45Z","2024-03-04T13:45Z","Illinois State Water Survey Central Analytical Laboratory",242.0,0.05170,5,"2024-03-07","A",,
"f0f712cd-3caa-49fa-a55a-5e26527981db","D02","POSE","POSE.AOS.S2","POSE.SS.20240304.FIL","A00000171135","2024-03-04T13:45Z","2024-03-04T13:45Z","Illinois State Water Survey Central Analytical Laboratory",502.0,0.00118,5,"2024-03-07","B",,
"bde0c51a-b311-42fc-9d23-23973b1a4073","D02","POSE","POSE.AOS.S2","POSE.SS.20240304.FIL","A00000171135","2024-03-04T13:45Z","2024-03-04T13:45Z","Illinois State Water Survey Central Analytical Laboratory",530.0,0.00078,5,"2024-03-07","A",,
"e5adedb0-7541-4e70-8f20-12e6e411b25e","D02","POSE","POSE.AOS.S2","POSE.SS.20240304.FIL","A00000171135","2024-03-04T13:45Z","2024-03-04T13:45Z","Illinois State Water Survey Central Analytical Laboratory",420.0,0.00392,5,"2024-03-07","B",,
"55d3010a-8150-4e40-96f3-96119bb84dde","D02","POSE","POSE.AOS.S2","POSE.SS.20240304.FIL","A00000171135","2024-03-04T13:45Z","2024-03-04T13:45Z","Illinois State Water Survey Central Analytical Laboratory",434.0,0.00314,5,"2024-03-07","B",,
"f905ed4b-4702-44db-b037-4d86a5b1b70f","D02","POSE","POSE.AOS.S2","POSE.SS.20240304.FIL","A00000171135","2024-03-04T13:45Z","2024-03-04T13:45Z","Illinois State Water Survey Central Analytical Laboratory",382.0,0.00726,5,"2024-03-07","A",,
"824dc0fd-bf9d-49fe-916f-12da83d3a60b","D02","POSE","POSE.AOS.S2","POSE.SS.20240304.FIL","A00000171135","2024-03-04T13:45Z","2024-03-04T13:45Z","Illinois State Water Survey Central Analytical Laboratory",230.0,0.07624,5,"2024-03-07","B",,
"24f0b4aa-b43e-4500-9ef8-6841e7418744","D02","POSE","POSE.AOS.S2","POSE.SS.20240304.FIL","A00000171135","2024-03-04T13:45Z","2024-03-04T13:45Z","Illinois State Water Survey Central Analytical Laboratory",470.0,0.00184,5,"2024-03-07","A",,
"3c63aaeb-9470-451f-b642-a409c5145ba2","D02","POSE","POSE.AOS.S2","POSE.SS.20240304.FIL","A00000171135","2024-03-04T13:45Z","2024-03-04T13:45Z","Illinois State Water Survey Central Analytical Laboratory",320.0,0.01924,5,"2024-03-07","A",,
"57f7490b-fe52-49f6-b7c4-82dd8b6e7c1d","D02","POSE","POSE.AOS.S2","POSE.SS.20240304.FIL","A00000171135","2024-03-04T13:45Z","2024-03-04T13:45Z","Illinois State Water Survey Central Analytical Laboratory",578.0,0.00032,5,"2024-03-07","B",,
"29e099a6-b1cd-4d3d-8c90-2a3c687fc4db","D02","POSE","POSE.AOS.S2","POSE.SS.20240304.FIL","A00000171135","2024-03-04T13:45Z","2024-03-04T13:45Z","Illinois State Water Survey Central Analytical Laboratory",288.0,0.03038,5,"2024-03-07","A",,
"5eb31e28-894c-491e-af09-eff1974594f8","D02","POSE","POSE.AOS.S2","POSE.SS.20240304.FIL","A00000171135","2024-03-04T13:45Z","2024-03-04T13:45Z","Illinois State Water Survey Central Analytical Laboratory",364.0,0.00988,5,"2024-03-07","B",,
"d690b1c7-3426-4025-8ce0-2eb40eff7443","D02","POSE","POSE.AOS.S2","POSE.SS.20240304.FIL","A00000171135","2024-03-04T13:45Z","2024-03-04T13:45Z","Illinois State Water Survey Central Analytical Laboratory",354.0,0.01150,5,"2024-03-07","A",,
"2d5a2f03-d95a-4ce4-86e3-83bf28c5352c","D02","POSE","POSE.AOS.S2","POSE.SS.20240304.FIL","A00000171135","2024-03-04T13:45Z","2024-03-04T13:45Z","Illinois State Water Survey Central Analytical Laboratory",312.0,0.02162,5,"2024-03-07","A",,
"93979750-1dce-4ea2-ba0b-9140be899c35","D02","POSE","POSE.AOS.S2","POSE.SS.20240304.FIL","A00000171135","2024-03-04T13:45Z","2024-03-04T13:45Z","Illinois State Water Survey Central Analytical Laboratory",360.0,0.01052,5,"2024-03-07","B",,
"76f0bda0-93c6-4174-b2b6-2aca9682eb84","D02","POSE","POSE.AOS.S2","POSE.SS.20240304.FIL","A00000171135","2024-03-04T13:45Z","2024-03-04T13:45Z","Illinois State Water Survey Central Analytical Laboratory",350.0,0.01226,5,"2024-03-07","B",,
"961a1a06-5950-4a50-8437-ea99493ee185","D02","POSE","POSE.AOS.S2","POSE.SS.20240304.FIL","A00000171135","2024-03-04T13:45Z","2024-03-04T13:45Z","Illinois State Water Survey Central Analytical Laboratory",546.0,0.00066,5,"2024-03-07","B",,
"87184f9b-2e22-4644-ac0f-8763ed37c561","D02","POSE","POSE.AOS.S2","POSE.SS.20240304.FIL","A00000171135","2024-03-04T13:45Z","2024-03-04T13:45Z","Illinois State Water Survey Central Analytical Laboratory",384.0,0.00704,5,"2024-03-07","A",,
"fe2e9b61-b95b-44bb-b9ec-edf63502eed7","D02","POSE","POSE.AOS.S2","POSE.SS.20240304.FIL","A00000171135","2024-03-04T13:45Z","2024-03-04T13:45Z","Illinois State Water Survey Central Analytical Laboratory",466.0,0.00192,5,"2024-03-07","A",,
"8ba1f059-4cf0-4cd9-a3ca-6fe1098cc3bf","D02","POSE","POSE.AOS.S2","POSE.SS.20240304.FIL","A00000171135","2024-03-04T13:45Z","2024-03-04T13:45Z","Illinois State Water Survey Central Analytical Laboratory",304.0,0.02424,5,"2024-03-07","B",,
"d54a98c1-7ca4-49f4-87b7-a5d35351f4a2","D02","POSE","POSE.AOS.S2","POSE.SS.20240304.FIL","A00000171135","2024-03-04T13:45Z","2024-03-04T13:45Z","Illinois State Water Survey Central Analytical Laboratory",266.0,0.03936,5,"2024-03-07","B",,
"d69d5f92-3219-4337-868b-351f7731b58e","D02","POSE","POSE.AOS.S2","POSE.SS.20240304.FIL","A00000171135","2024-03-04T13:45Z","2024-03-04T13:45Z","Illinois State Water Survey Central Analytical Laboratory",580.0,0.00038,5,"2024-03-07","B",,
"a9da04f8-238c-411a-a0bc-428a7d3fa9c3","D02","POSE","POSE.AOS.S2","POSE.SS.20240304.FIL","A00000171135","2024-03-04T13:45Z","2024-03-04T13:45Z","Illinois State Water Survey Central Analytical Laboratory",280.0,0.03382,5,"2024-03-07","B",,
"dd9e7e15-d803-4872-80fb-6d7a730d54cc","D02","POSE","POSE.AOS.S2","POSE.SS.20240304.FIL","A00000171135","2024-03-04T13:45Z","2024-03-04T13:45Z","Illinois State Water Survey Central Analytical Laboratory",402.0,0.00524,5,"2024-03-07","B",,
"7bafe042-8e4c-4118-aa0f-1b55c0f7a8f3","D02","POSE","POSE.AOS.S2","POSE.SS.20240304.FIL","A00000171135","2024-03-04T13:45Z","2024-03-04T13:45Z","Illinois State Water Survey Central Analytical Laboratory",358.0,0.01088,5,"2024-03-07","B",,
"d78a8803-161d-4d19-a961-520a2f9635f6","D02","POSE","POSE.AOS.S2","POSE.SS.20240304.FIL","A00000171135","2024-03-04T13:45Z","2024-03-04T13:45Z","Illinois State Water Survey Central Analytical Laboratory",238.0,0.05668,5,"2024-03-07","B",,
"83f43b10-713a-4a33-8a67-721f0c259bc7","D02","POSE","POSE.AOS.S2","POSE.SS.20240304.FIL","A00000171135","2024-03-04T13:45Z","2024-03-04T13:45Z","Illinois State Water Survey Central Analytical Laboratory",490.0,0.00136,5,"2024-03-07","B",,
"7bb807a4-321c-4f41-aeb6-66e1b7e134d4","D02","POSE","POSE.AOS.S2","POSE.SS.20240304.FIL","A00000171135","2024-03-04T13:45Z","2024-03-04T13:45Z","Illinois State Water Survey Central Analytical Laboratory",422.0,0.00380,5,"2024-03-07","B",,
"7e3fc14a-5a39-47f9-9179-2b3a5ee9dccd","D02","POSE","POSE.AOS.S2","POSE.SS.20240304.FIL","A00000171135","2024-03-04T13:45Z","2024-03-04T13:45Z","Illinois State Water Survey Central Analytical Laboratory",362.0,0.01016,5,"2024-03-07","B",,
"76788477-dd98-4da4-a976-08c32c873903","D02","POSE","POSE.AOS.S2","POSE.SS.20240304.FIL","A00000171135","2024-03-04T13:45Z","2024-03-04T13:45Z","Illinois State Water Survey Central Analytical Laboratory",572.0,0.00044,5,"2024-03-07","B",,
"6cca5479-5dc9-4b7e-b255-00d7f1118e94","D02","POSE","POSE.AOS.S2","POSE.SS.20240304.FIL","A00000171135","2024-03-04T13:45Z","2024-03-04T13:45Z","Illinois State Water Survey Central Analytical Laboratory",586.0,0.00032,5,"2024-03-07","B",,
"3e4172e4-5ddd-4b11-9282-b356636456a4","D02","POSE","POSE.AOS.S2","POSE.SS.20240304.FIL","A00000171135","2024-03-04T13:45Z","2024-03-04T13:45Z","Illinois State Water Survey Central Analytical Laboratory",596.0,0.00026,5,"2024-03-07","B",,
"4a273a1f-1552-40c7-a499-ebf50958d8fd","D02","POSE","POSE.AOS.S2","POSE.SS.20240304.FIL","A00000171135","2024-03-04T13:45Z","2024-03-04T13:45Z","Illinois State Water Survey Central Analytical Laboratory",294.0,0.02784,5,"2024-03-07","B",,
"8f4481bb-9097-4a7c-a699-c322c428967f","D02","POSE","POSE.AOS.S2","POSE.SS.20240304.FIL","A00000171135","2024-03-04T13:45Z","2024-03-04T13:45Z","Illinois State Water Survey Central Analytical Laboratory",508.0,0.00100,5,"2024-03-07","B",,
"1237ddb5-ee1b-4907-9e19-f46b5e55cf85","D02","POSE","POSE.AOS.S2","POSE.SS.20240304.FIL","A00000171135","2024-03-04T13:45Z","2024-03-04T13:45Z","Illinois State Water Survey Central Analytical Laboratory",304.0,0.02420,5,"2024-03-07","A",,
"ddbcc14f-65c7-4834-b187-cd5a40c0f9c6","D02","POSE","POSE.AOS.S2","POSE.SS.20240304.FIL","A00000171135","2024-03-04T13:45Z","2024-03-04T13:45Z","Illinois State Water Survey Central Analytical Laboratory",272.0,0.03704,5,"2024-03-07","B",,
"2eae5f04-f538-4832-8253-90c695cfac6f","D02","POSE","POSE.AOS.S2","POSE.SS.20240304.FIL","A00000171135","2024-03-04T13:45Z","2024-03-04T13:45Z","Illinois State Water Survey Central Analytical Laboratory",450.0,0.00248,5,"2024-03-07","B",,
"a4359ab8-c9ae-4cf1-bb6c-877d4ba3c09a","D02","POSE","POSE.AOS.S2","POSE.SS.20240304.FIL","A00000171135","2024-03-04T13:45Z","2024-03-04T13:45Z","Illinois State Water Survey Central Analytical Laboratory",574.0,0.00042,5,"2024-03-07","B",,
"6037acf7-cf3d-4d3e-a10e-dc6f5c121100","D02","POSE","POSE.AOS.S2","POSE.SS.20240304.FIL","A00000171135","2024-03-04T13:45Z","2024-03-04T13:45Z","Illinois State Water Survey Central Analytical Laboratory",408.0,0.00472,5,"2024-03-07","A",,
"c0df9244-a182-46bc-9f18-5e8b287d8811","D02","POSE","POSE.AOS.S2","POSE.SS.20240304.FIL","A00000171135","2024-03-04T13:45Z","2024-03-04T13:45Z","Illinois State Water Survey Central Analytical Laboratory",394.0,0.00590,5,"2024-03-07","A",,
"08d31308-5591-4a83-8352-85f6535d30c3","D02","POSE","POSE.AOS.S2","POSE.SS.20240304.FIL","A00000171135","2024-03-04T13:45Z","2024-03-04T13:45Z","Illinois State Water Survey Central Analytical Laboratory",562.0,0.00048,5,"2024-03-07","A",,
"852491b8-d5fc-498c-8ca7-1716e8b58104","D02","POSE","POSE.AOS.S2","POSE.SS.20240304.FIL","A00000171135","2024-03-04T13:45Z","2024-03-04T13:45Z","Illinois State Water Survey Central Analytical Laboratory",470.0,0.00182,5,"2024-03-07","B",,
"284adb70-9bec-4eb8-8272-4b57a172bb59","D02","POSE","POSE.AOS.S2","POSE.SS.20240304.FIL","A00000171135","2024-03-04T13:45Z","2024-03-04T13:45Z","Illinois State Water Survey Central Analytical Laboratory",432.0,0.00324,5,"2024-03-07","A",,
"8ae287b5-14eb-408c-a6c0-9851f353d8f7","D02","POSE","POSE.AOS.S2","POSE.SS.20240304.FIL","A00000171135","2024-03-04T13:45Z","2024-03-04T13:45Z","Illinois State Water Survey Central Analytical Laboratory",322.0,0.01868,5,"2024-03-07","A",,
"a21d411e-aa0c-4d6d-9409-10970a3559f4","D02","POSE","POSE.AOS.S2","POSE.SS.20240304.FIL","A00000171135","2024-03-04T13:45Z","2024-03-04T13:45Z","Illinois State Water Survey Central Analytical Laboratory",310.0,0.02222,5,"2024-03-07","A",,
"14000d9a-d7cb-4963-9433-e57c33df01e9","D02","POSE","POSE.AOS.S2","POSE.SS.20240304.FIL","A00000171135","2024-03-04T13:45Z","2024-03-04T13:45Z","Illinois State Water Survey Central Analytical Laboratory",514.0,0.00102,5,"2024-03-07","B",,
"32372eb1-c658-4aba-b994-8f090c6d7e9a","D02","POSE","POSE.AOS.S2","POSE.SS.20240304.FIL","A00000171135","2024-03-04T13:45Z","2024-03-04T13:45Z","Illinois State Water Survey Central Analytical Laboratory",438.0,0.00296,5,"2024-03-07","B",,
"0c1782ca-902a-420f-965b-57b9d9cb520b","D02","POSE","POSE.AOS.S2","POSE.SS.20240304.FIL","A00000171135","2024-03-04T13:45Z","2024-03-04T13:45Z","Illinois State Water Survey Central Analytical Laboratory",430.0,0.00340,5,"2024-03-07","A",,
"34b9a0b3-af3a-4c5e-a6f4-5a69aab4c8f6","D02","POSE","POSE.AOS.S2","POSE.SS.20240304.FIL","A00000171135","2024-03-04T13:45Z","2024-03-04T13:45Z","Illinois State Water Survey Central Analytical Laboratory",458.0,0.00218,5,"2024-03-07","B",,
"fc7acc1d-6cca-4d00-bdb4-71e826e4315a","D02","POSE","POSE.AOS.S2","POSE.SS.20240304.FIL","A00000171135","2024-03-04T13:45Z","2024-03-04T13:45Z","Illinois State Water Survey Central Analytical Laboratory",528.0,0.00086,5,"2024-03-07","B",,
"4f467e1a-2da2-4533-bd7c-ec457d7c7a46","D02","POSE","POSE.AOS.S2","POSE.SS.20240304.FIL","A00000171135","2024-03-04T13:45Z","2024-03-04T13:45Z","Illinois State Water Survey Central Analytical Laboratory",548.0,0.00066,5,"2024-03-07","B",,
"3b085d30-715f-4b54-9958-138d53cf9591","D02","POSE","POSE.AOS.S2","POSE.SS.20240304.FIL","A00000171135","2024-03-04T13:45Z","2024-03-04T13:45Z","Illinois State Water Survey Central Analytical Laboratory",410.0,0.00460,5,"2024-03-07","B",,
"c227635a-e368-402a-9c43-c758bd33e6b4","D02","POSE","POSE.AOS.S2","POSE.SS.20240304.FIL","A00000171135","2024-03-04T13:45Z","2024-03-04T13:45Z","Illinois State Water Survey Central Analytical Laboratory",406.0,0.00488,5,"2024-03-07","A",,
"0ab5a050-05cd-453b-97bc-f32c51be8ee5","D02","POSE","POSE.AOS.S2","POSE.SS.20240304.FIL","A00000171135","2024-03-04T13:45Z","2024-03-04T13:45Z","Illinois State Water Survey Central Analytical Laboratory",532.0,0.00080,5,"2024-03-07","A",,
"fe31fdd5-f0c5-4d37-a3dc-9c1acc77b901","D02","POSE","POSE.AOS.S2","POSE.SS.20240304.FIL","A00000171135","2024-03-04T13:45Z","2024-03-04T13:45Z","Illinois State Water Survey Central Analytical Laboratory",328.0,0.01708,5,"2024-03-07","B",,
"56fca54c-6d69-4cc9-92f7-5f32d6f63153","D02","POSE","POSE.AOS.S2","POSE.SS.20240304.FIL","A00000171135","2024-03-04T13:45Z","2024-03-04T13:45Z","Illinois State Water Survey Central Analytical Laboratory",574.0,0.00038,5,"2024-03-07","A",,
"cbd01728-a959-49b9-9e3d-3ba02d30659f","D02","POSE","POSE.AOS.S2","POSE.SS.20240304.FIL","A00000171135","2024-03-04T13:45Z","2024-03-04T13:45Z","Illinois State Water Survey Central Analytical Laboratory",374.0,0.00838,5,"2024-03-07","B",,
"6d6e4300-5dbb-4ab3-876b-223e38326031","D02","POSE","POSE.AOS.S2","POSE.SS.20240304.FIL","A00000171135","2024-03-04T13:45Z","2024-03-04T13:45Z","Illinois State Water Survey Central Analytical Laboratory",418.0,0.00404,5,"2024-03-07","A",,
"11d1b8c7-0ca6-4a61-acac-6ee82f25e952","D02","POSE","POSE.AOS.S2","POSE.SS.20240304.FIL","A00000171135","2024-03-04T13:45Z","2024-03-04T13:45Z","Illinois State Water Survey Central Analytical Laboratory",362.0,0.01010,5,"2024-03-07","A",,
"9fd043a4-ea5a-447e-b7f4-75f535086449","D02","POSE","POSE.AOS.S2","POSE.SS.20240304.FIL","A00000171135","2024-03-04T13:45Z","2024-03-04T13:45Z","Illinois State Water Survey Central Analytical Laboratory",514.0,0.00094,5,"2024-03-07","A",,
"5c5fdbf0-828a-4248-aba7-bdfd2284ab1f","D02","POSE","POSE.AOS.S2","POSE.SS.20240304.FIL","A00000171135","2024-03-04T13:45Z","2024-03-04T13:45Z","Illinois State Water Survey Central Analytical Laboratory",342.0,0.01380,5,"2024-03-07","B",,
"af3e03b0-ee4e-4d72-9f8f-5a3e12c93aa4","D02","POSE","POSE.AOS.S2","POSE.SS.20240304.FIL","A00000171135","2024-03-04T13:45Z","2024-03-04T13:45Z","Illinois State Water Survey Central Analytical Laboratory",566.0,0.00044,5,"2024-03-07","B",,
"a13a8b49-995b-4db9-a6df-c45a44bbce6f","D02","POSE","POSE.AOS.S2","POSE.SS.20240304.FIL","A00000171135","2024-03-04T13:45Z","2024-03-04T13:45Z","Illinois State Water Survey Central Analytical Laboratory",584.0,0.00036,5,"2024-03-07","B",,
"54a7a2a7-739d-42c4-b34c-15ed6ca97a37","D02","POSE","POSE.AOS.S2","POSE.SS.20240304.FIL","A00000171135","2024-03-04T13:45Z","2024-03-04T13:45Z","Illinois State Water Survey Central Analytical Laboratory",392.0,0.00616,5,"2024-03-07","B",,
"d7d84261-519b-4a14-bbd3-47638bb4ebc2","D02","POSE","POSE.AOS.S2","POSE.SS.20240304.FIL","A00000171135","2024-03-04T13:45Z","2024-03-04T13:45Z","Illinois State Water Survey Central Analytical Laboratory",404.0,0.00508,5,"2024-03-07","B",,
"824c829a-9499-4385-bcd0-4cbf59f309d9","D02","POSE","POSE.AOS.S2","POSE.SS.20240304.FIL","A00000171135","2024-03-04T13:45Z","2024-03-04T13:45Z","Illinois State Water Survey Central Analytical Laboratory",518.0,0.00090,5,"2024-03-07","B",,
"6dffb45e-3caa-4666-9853-a0359afe750c","D02","POSE","POSE.AOS.S2","POSE.SS.20240304.FIL","A00000171135","2024-03-04T13:45Z","2024-03-04T13:45Z","Illinois State Water Survey Central Analytical Laboratory",478.0,0.00160,5,"2024-03-07","A",,
"2f6c91f4-77fc-48a2-9e0e-cae8facaa4d0","D02","POSE","POSE.AOS.S2","POSE.SS.20240304.FIL","A00000171135","2024-03-04T13:45Z","2024-03-04T13:45Z","Illinois State Water Survey Central Analytical Laboratory",274.0,0.03624,5,"2024-03-07","B",,
"be61dcc2-6465-4c67-b0a5-136c5ecc3050","D02","POSE","POSE.AOS.S2","POSE.SS.20240304.FIL","A00000171135","2024-03-04T13:45Z","2024-03-04T13:45Z","Illinois State Water Survey Central Analytical Laboratory",544.0,0.00062,5,"2024-03-07","A",,
"69af2ad7-eb25-4832-98af-7e72af80d4da","D02","POSE","POSE.AOS.S2","POSE.SS.20240304.FIL","A00000171135","2024-03-04T13:45Z","2024-03-04T13:45Z","Illinois State Water Survey Central Analytical Laboratory",234.0,0.06396,5,"2024-03-07","B",,
"0f89fca0-5663-4db6-8ecf-8d26c58b52c2","D02","POSE","POSE.AOS.S2","POSE.SS.20240304.FIL","A00000171135","2024-03-04T13:45Z","2024-03-04T13:45Z","Illinois State Water Survey Central Analytical Laboratory",296.0,0.02702,5,"2024-03-07","A",,
"97046d1c-d3eb-4e0e-98f9-bb63f9c80297","D02","POSE","POSE.AOS.S2","POSE.SS.20240304.FIL","A00000171135","2024-03-04T13:45Z","2024-03-04T13:45Z","Illinois State Water Survey Central Analytical Laboratory",550.0,0.00066,5,"2024-03-07","B",,
"57674409-3a7b-489e-be70-fb9ca61596ae","D02","POSE","POSE.AOS.S2","POSE.SS.20240304.FIL","A00000171135","2024-03-04T13:45Z","2024-03-04T13:45Z","Illinois State Water Survey Central Analytical Laboratory",538.0,0.00072,5,"2024-03-07","A",,
"f58ff6c3-e48e-441a-9b65-30524c45e972","D02","POSE","POSE.AOS.S2","POSE.SS.20240304.FIL","A00000171135","2024-03-04T13:45Z","2024-03-04T13:45Z","Illinois State Water Survey Central Analytical Laboratory",390.0,0.00636,5,"2024-03-07","B",,
"8f0d7466-339e-4426-9ea4-1ad5c1d752ec","D02","POSE","POSE.AOS.S2","POSE.SS.20240304.FIL","A00000171135","2024-03-04T13:45Z","2024-03-04T13:45Z","Illinois State Water Survey Central Analytical Laboratory",472.0,0.00178,5,"2024-03-07","A",,
"05cf0290-ad45-408a-9290-2f50d8eafa36","D02","POSE","POSE.AOS.S2","POSE.SS.20240304.FIL","A00000171135","2024-03-04T13:45Z","2024-03-04T13:45Z","Illinois State Water Survey Central Analytical Laboratory",482.0,0.00162,5,"2024-03-07","A",,
"9eee4043-dd32-4af0-82f7-a1be060a99c4","D02","POSE","POSE.AOS.S2","POSE.SS.20240304.FIL","A00000171135","2024-03-04T13:45Z","2024-03-04T13:45Z","Illinois State Water Survey Central Analytical Laboratory",316.0,0.02044,5,"2024-03-07","B",,
"c63a31b0-2070-443e-8fc9-c20c46ec242e","D02","POSE","POSE.AOS.S2","POSE.SS.20240304.FIL","A00000171135","2024-03-04T13:45Z","2024-03-04T13:45Z","Illinois State Water Survey Central Analytical Laboratory",590.0,0.00032,5,"2024-03-07","B",,
"9c22981c-7917-46cc-808f-a89a186912b0","D02","POSE","POSE.AOS.S2","POSE.SS.20240304.FIL","A00000171135","2024-03-04T13:45Z","2024-03-04T13:45Z","Illinois State Water Survey Central Analytical Laboratory",324.0,0.01814,5,"2024-03-07","A",,
"4c50bd1f-cf2c-4b1b-b707-07bfd0133784","D02","POSE","POSE.AOS.S2","POSE.SS.20240304.FIL","A00000171135","2024-03-04T13:45Z","2024-03-04T13:45Z","Illinois State Water Survey Central Analytical Laboratory",378.0,0.00778,5,"2024-03-07","A",,
"90fd5678-297f-447a-9dc1-688c6763986e","D02","POSE","POSE.AOS.S2","POSE.SS.20240304.FIL","A00000171135","2024-03-04T13:45Z","2024-03-04T13:45Z","Illinois State Water Survey Central Analytical Laboratory",518.0,0.00090,5,"2024-03-07","A",,
"f87c5a9d-fbc9-444f-a72e-6284aafac8d1","D02","POSE","POSE.AOS.S2","POSE.SS.20240304.FIL","A00000171135","2024-03-04T13:45Z","2024-03-04T13:45Z","Illinois State Water Survey Central Analytical Laboratory",350.0,0.01222,5,"2024-03-07","A",,
"c219e2a7-94b2-4335-b3a7-d48230508c7f","D02","POSE","POSE.AOS.S2","POSE.SS.20240304.FIL","A00000171135","2024-03-04T13:45Z","2024-03-04T13:45Z","Illinois State Water Survey Central Analytical Laboratory",520.0,0.00086,5,"2024-03-07","A",,
"50ef5301-63a2-4ebe-b30c-f1714a59d6f6","D02","POSE","POSE.AOS.S2","POSE.SS.20240304.FIL","A00000171135","2024-03-04T13:45Z","2024-03-04T13:45Z","Illinois State Water Survey Central Analytical Laboratory",250.0,0.04614,5,"2024-03-07","A",,
"26d8f04c-00db-45d5-92ec-9a7e4116cb08","D02","POSE","POSE.AOS.S2","POSE.SS.20240304.FIL","A00000171135","2024-03-04T13:45Z","2024-03-04T13:45Z","Illinois State Water Survey Central Analytical Laboratory",440.0,0.00288,5,"2024-03-07","A",,
"d39e1aed-bcab-4973-bcf1-81c83dfec267","D02","POSE","POSE.AOS.S2","POSE.SS.20240304.FIL","A00000171135","2024-03-04T13:45Z","2024-03-04T13:45Z","Illinois State Water Survey Central Analytical Laboratory",576.0,0.00036,5,"2024-03-07","A",,
"3b918c99-e67c-4225-834e-37fb23d41a9a","D02","POSE","POSE.AOS.S2","POSE.SS.20240304.FIL","A00000171135","2024-03-04T13:45Z","2024-03-04T13:45Z","Illinois State Water Survey Central Analytical Laboratory",346.0,0.01304,5,"2024-03-07","B",,
"72d15d3e-c893-495b-a681-1cc687b4a782","D02","POSE","POSE.AOS.S2","POSE.SS.20240304.FIL","A00000171135","2024-03-04T13:45Z","2024-03-04T13:45Z","Illinois State Water Survey Central Analytical Laboratory",426.0,0.00358,5,"2024-03-07","A",,
"da1e1b61-98fc-48de-b503-9265b183f42a","D02","POSE","POSE.AOS.S2","POSE.SS.20240304.FIL","A00000171135","2024-03-04T13:45Z","2024-03-04T13:45Z","Illinois State Water Survey Central Analytical Laboratory",570.0,0.00044,5,"2024-03-07","A",,
"1fb3dba5-dac2-460a-aa28-3d43cd19c85e","D02","POSE","POSE.AOS.S2","POSE.SS.20240304.FIL","A00000171135","2024-03-04T13:45Z","2024-03-04T13:45Z","Illinois State Water Survey Central Analytical Laboratory",322.0,0.01874,5,"2024-03-07","B",,
"dced762b-85c5-4a17-b497-4fdb0a248375","D02","POSE","POSE.AOS.S2","POSE.SS.20240304.FIL","A00000171135","2024-03-04T13:45Z","2024-03-04T13:45Z","Illinois State Water Survey Central Analytical Laboratory",414.0,0.00430,5,"2024-03-07","B",,
"1575aba2-53b0-4625-a8d8-d0e2eb27f370","D02","POSE","POSE.AOS.S2","POSE.SS.20240304.FIL","A00000171135","2024-03-04T13:45Z","2024-03-04T13:45Z","Illinois State Water Survey Central Analytical Laboratory",224.0,0.10606,5,"2024-03-07","B",,
"e5fc6371-9871-474d-88b3-27866af04f1b","D02","POSE","POSE.AOS.S2","POSE.SS.20240304.FIL","A00000171135","2024-03-04T13:45Z","2024-03-04T13:45Z","Illinois State Water Survey Central Analytical Laboratory",558.0,0.00046,5,"2024-03-07","A",,
"5bff60e6-f9ce-4585-95f8-fcb9854210e2","D02","POSE","POSE.AOS.S2","POSE.SS.20240304.FIL","A00000171135","2024-03-04T13:45Z","2024-03-04T13:45Z","Illinois State Water Survey Central Analytical Laboratory",506.0,0.00112,5,"2024-03-07","B",,
"a30ff4e6-d3a1-47fb-82ab-4d59cf48a5db","D02","POSE","POSE.AOS.S2","POSE.SS.20240304.FIL","A00000171135","2024-03-04T13:45Z","2024-03-04T13:45Z","Illinois State Water Survey Central Analytical Laboratory",320.0,0.01926,5,"2024-03-07","B",,
"b2c5d94e-0828-46c0-aaef-d2a11022d6d8","D02","POSE","POSE.AOS.S2","POSE.SS.20240304.FIL","A00000171135","2024-03-04T13:45Z","2024-03-04T13:45Z","Illinois State Water Survey Central Analytical Laboratory",330.0,0.01656,5,"2024-03-07","B",,
"1076a75c-5805-4aff-83c7-e2226c94b4f0","D02","POSE","POSE.AOS.S2","POSE.SS.20240304.FIL","A00000171135","2024-03-04T13:45Z","2024-03-04T13:45Z","Illinois State Water Survey Central Analytical Laboratory",268.0,0.03862,5,"2024-03-07","B",,
"6bf1c328-384c-4d2d-838a-8b8d42af23b0","D02","POSE","POSE.AOS.S2","POSE.SS.20240304.FIL","A00000171135","2024-03-04T13:45Z","2024-03-04T13:45Z","Illinois State Water Survey Central Analytical Laboratory",380.0,0.00750,5,"2024-03-07","A",,
"0bc2844e-3c0f-4fe6-896c-4a528dc0dac7","D02","POSE","POSE.AOS.S2","POSE.SS.20240304.FIL","A00000171135","2024-03-04T13:45Z","2024-03-04T13:45Z","Illinois State Water Survey Central Analytical Laboratory",590.0,0.00030,5,"2024-03-07","A",,
"e73fe433-846a-4e6f-8a26-220e40c8ff16","D02","POSE","POSE.AOS.S2","POSE.SS.20240304.FIL","A00000171135","2024-03-04T13:45Z","2024-03-04T13:45Z","Illinois State Water Survey Central Analytical Laboratory",462.0,0.00206,5,"2024-03-07","A",,
"a08a999f-2a86-4108-bd2d-6c72b50c4063","D02","POSE","POSE.AOS.S2","POSE.SS.20240304.FIL","A00000171135","2024-03-04T13:45Z","2024-03-04T13:45Z","Illinois State Water Survey Central Analytical Laboratory",306.0,0.02350,5,"2024-03-07","A",,
"1ee18ff3-0389-44e7-ad2c-2c48b208e2cd","D02","POSE","POSE.AOS.S2","POSE.SS.20240304.FIL","A00000171135","2024-03-04T13:45Z","2024-03-04T13:45Z","Illinois State Water Survey Central Analytical Laboratory",478.0,0.00162,5,"2024-03-07","B",,
"3131feb7-1302-4838-a858-67f6302850f1","D02","POSE","POSE.AOS.S2","POSE.SS.20240304.FIL","A00000171135","2024-03-04T13:45Z","2024-03-04T13:45Z","Illinois State Water Survey Central Analytical Laboratory",226.0,0.09364,5,"2024-03-07","B",,
"405e1a7f-58a8-4729-b326-6a199044233e","D02","POSE","POSE.AOS.S2","POSE.SS.20240304.FIL","A00000171135","2024-03-04T13:45Z","2024-03-04T13:45Z","Illinois State Water Survey Central Analytical Laboratory",248.0,0.04734,5,"2024-03-07","B",,
"f2c7241f-0cef-4a91-a04d-573a0feaa9ed","D02","POSE","POSE.AOS.S2","POSE.SS.20240304.FIL","A00000171135","2024-03-04T13:45Z","2024-03-04T13:45Z","Illinois State Water Survey Central Analytical Laboratory",580.0,0.00032,5,"2024-03-07","A",,
"a06d0424-429a-4a7b-ac3d-4091b7e7fd41","D02","POSE","POSE.AOS.S2","POSE.SS.20240304.FIL","A00000171135","2024-03-04T13:45Z","2024-03-04T13:45Z","Illinois State Water Survey Central Analytical Laboratory",494.0,0.00132,5,"2024-03-07","B",,
"2cb5df53-ccf8-4625-9523-aab0a63c6e30","D02","POSE","POSE.AOS.S2","POSE.SS.20240304.FIL","A00000171135","2024-03-04T13:45Z","2024-03-04T13:45Z","Illinois State Water Survey Central Analytical Laboratory",594.0,0.00032,5,"2024-03-07","B",,
"162712ce-7f50-4eb7-944c-aae9138891ed","D02","POSE","POSE.AOS.S2","POSE.SS.20240304.FIL","A00000171135","2024-03-04T13:45Z","2024-03-04T13:45Z","Illinois State Water Survey Central Analytical Laboratory",338.0,0.01464,5,"2024-03-07","A",,
"9afd5d6e-073e-430c-a890-25d8a0b70731","D02","POSE","POSE.AOS.S2","POSE.SS.20240304.FIL","A00000171135","2024-03-04T13:45Z","2024-03-04T13:45Z","Illinois State Water Survey Central Analytical Laboratory",254.0,0.04422,5,"2024-03-07","A",,
"afb81eda-2594-4eba-8a7a-e0bfea997576","D02","POSE","POSE.AOS.S2","POSE.SS.20240304.FIL","A00000171135","2024-03-04T13:45Z","2024-03-04T13:45Z","Illinois State Water Survey Central Analytical Laboratory",570.0,0.00050,5,"2024-03-07","B",,
"2c900599-c686-4b06-9e82-29fc241d7592","D02","POSE","POSE.AOS.S2","POSE.SS.20240304.FIL","A00000171135","2024-03-04T13:45Z","2024-03-04T13:45Z","Illinois State Water Survey Central Analytical Laboratory",494.0,0.00130,5,"2024-03-07","A",,
"61bb9467-9357-4092-b199-f060d054fc9c","D02","POSE","POSE.AOS.S2","POSE.SS.20240304.FIL","A00000171135","2024-03-04T13:45Z","2024-03-04T13:45Z","Illinois State Water Survey Central Analytical Laboratory",340.0,0.01426,5,"2024-03-07","B",,
"617150ce-c5b6-4638-aaaf-1ddd5ccd6702","D02","POSE","POSE.AOS.S2","POSE.SS.20240304.FIL","A00000171135","2024-03-04T13:45Z","2024-03-04T13:45Z","Illinois State Water Survey Central Analytical Laboratory",414.0,0.00426,5,"2024-03-07","A",,
"6aa93f09-79eb-4fa6-9674-86fe7d8d49c1","D02","POSE","POSE.AOS.S2","POSE.SS.20240304.FIL","A00000171135","2024-03-04T13:45Z","2024-03-04T13:45Z","Illinois State Water Survey Central Analytical Laboratory",428.0,0.00346,5,"2024-03-07","B",,
"c23374de-afe9-4c74-a855-78c1afcf72f2","D02","POSE","POSE.AOS.S2","POSE.SS.20240304.FIL","A00000171135","2024-03-04T13:45Z","2024-03-04T13:45Z","Illinois State Water Survey Central Analytical Laboratory",242.0,0.05186,5,"2024-03-07","B",,
"a835007c-74be-4fc8-a2b2-dea4dbea4cc3","D02","POSE","POSE.AOS.S2","POSE.SS.20240304.FIL","A00000171135","2024-03-04T13:45Z","2024-03-04T13:45Z","Illinois State Water Survey Central Analytical Laboratory",376.0,0.00806,5,"2024-03-07","B",,
"87f89d21-6d33-4c7b-9c47-5d1f97b681a4","D02","POSE","POSE.AOS.S2","POSE.SS.20240304.FIL","A00000171135","2024-03-04T13:45Z","2024-03-04T13:45Z","Illinois State Water Survey Central Analytical Laboratory",480.0,0.00162,5,"2024-03-07","B",,
"f06f14f3-ec15-4290-ad7b-8f4c3e262945","D02","POSE","POSE.AOS.S2","POSE.SS.20240304.FIL","A00000171135","2024-03-04T13:45Z","2024-03-04T13:45Z","Illinois State Water Survey Central Analytical Laboratory",524.0,0.00088,5,"2024-03-07","B",,
"630ec3eb-0f21-4673-bc61-d1484fb6b450","D02","POSE","POSE.AOS.S2","POSE.SS.20240304.FIL","A00000171135","2024-03-04T13:45Z","2024-03-04T13:45Z","Illinois State Water Survey Central Analytical Laboratory",246.0,0.04858,5,"2024-03-07","B",,
"a0fd8584-0ca7-40fd-8754-5d50eb6a4774","D02","POSE","POSE.AOS.S2","POSE.SS.20240304.FIL","A00000171135","2024-03-04T13:45Z","2024-03-04T13:45Z","Illinois State Water Survey Central Analytical Laboratory",406.0,0.00492,5,"2024-03-07","B",,
"2e4586d0-5bb3-4355-8ceb-7b0addef3fb2","D02","POSE","POSE.AOS.S2","POSE.SS.20240304.FIL","A00000171135","2024-03-04T13:45Z","2024-03-04T13:45Z","Illinois State Water Survey Central Analytical Laboratory",558.0,0.00054,5,"2024-03-07","B",,
"a83b1da0-4752-4daf-ba4d-cd62ea42fdf1","D02","POSE","POSE.AOS.S2","POSE.SS.20240304.FIL","A00000171135","2024-03-04T13:45Z","2024-03-04T13:45Z","Illinois State Water Survey Central Analytical Laboratory",404.0,0.00506,5,"2024-03-07","A",,
"9181a1c6-c724-4cf9-80de-460524dace86","D02","POSE","POSE.AOS.S2","POSE.SS.20240304.FIL","A00000171135","2024-03-04T13:45Z","2024-03-04T13:45Z","Illinois State Water Survey Central Analytical Laboratory",428.0,0.00348,5,"2024-03-07","A",,
"b7d7636e-010b-4bb9-a959-b6bd67d1bb22","D02","POSE","POSE.AOS.S2","POSE.SS.20240304.FIL","A00000171135","2024-03-04T13:45Z","2024-03-04T13:45Z","Illinois State Water Survey Central Analytical Laboratory",360.0,0.01046,5,"2024-03-07","A",,
"745e2e02-ec71-4191-b56c-ff69388ca394","D02","POSE","POSE.AOS.S2","POSE.SS.20240304.FIL","A00000171135","2024-03-04T13:45Z","2024-03-04T13:45Z","Illinois State Water Survey Central Analytical Laboratory",576.0,0.00038,5,"2024-03-07","B",,
"ce271a5c-0c1d-4c40-aa34-4651b13dd201","D02","POSE","POSE.AOS.S2","POSE.SS.20240304.FIL","A00000171135","2024-03-04T13:45Z","2024-03-04T13:45Z","Illinois State Water Survey Central Analytical Laboratory",368.0,0.00926,5,"2024-03-07","B",,
"6f107032-ca60-445d-a557-2addd0a31c5e","D02","POSE","POSE.AOS.S2","POSE.SS.20240304.FIL","A00000171135","2024-03-04T13:45Z","2024-03-04T13:45Z","Illinois State Water Survey Central Analytical Laboratory",486.0,0.00146,5,"2024-03-07","B",,
"c165aab6-cfc3-4637-8aca-6617a0b44cfe","D02","POSE","POSE.AOS.S2","POSE.SS.20240304.FIL","A00000171135","2024-03-04T13:45Z","2024-03-04T13:45Z","Illinois State Water Survey Central Analytical Laboratory",422.0,0.00380,5,"2024-03-07","A",,
"470d4fad-2852-43a2-ae44-0a2d6a462b47","D02","POSE","POSE.AOS.S2","POSE.SS.20240304.FIL","A00000171135","2024-03-04T13:45Z","2024-03-04T13:45Z","Illinois State Water Survey Central Analytical Laboratory",302.0,0.02494,5,"2024-03-07","B",,
"ffd60615-c690-4f1f-8943-b0227970f6f6","D02","POSE","POSE.AOS.S2","POSE.SS.20240304.FIL","A00000171135","2024-03-04T13:45Z","2024-03-04T13:45Z","Illinois State Water Survey Central Analytical Laboratory",454.0,0.00230,5,"2024-03-07","B",,
"6ca2f449-faca-41df-81e8-df1c4ea72608","D02","POSE","POSE.AOS.S2","POSE.SS.20240304.FIL","A00000171135","2024-03-04T13:45Z","2024-03-04T13:45Z","Illinois State Water Survey Central Analytical Laboratory",496.0,0.00126,5,"2024-03-07","A",,
"3d9e5090-3a94-49ad-ac0f-0e51fd55d54d","D02","POSE","POSE.AOS.S2","POSE.SS.20240304.FIL","A00000171135","2024-03-04T13:45Z","2024-03-04T13:45Z","Illinois State Water Survey Central Analytical Laboratory",266.0,0.03926,5,"2024-03-07","A",,
"b8341213-80b9-48c1-b9a2-bf7dddf8528b","D02","POSE","POSE.AOS.S2","POSE.SS.20240304.FIL","A00000171135","2024-03-04T13:45Z","2024-03-04T13:45Z","Illinois State Water Survey Central Analytical Laboratory",474.0,0.00170,5,"2024-03-07","A",,
"38b2ae37-9db0-435f-acd1-5cd2a9171df3","D02","POSE","POSE.AOS.S2","POSE.SS.20240304.FIL","A00000171135","2024-03-04T13:45Z","2024-03-04T13:45Z","Illinois State Water Survey Central Analytical Laboratory",464.0,0.00198,5,"2024-03-07","A",,
"2a626b2b-f3f0-46da-b699-61f6ac52493a","D02","POSE","POSE.AOS.S2","POSE.SS.20240304.FIL","A00000171135","2024-03-04T13:45Z","2024-03-04T13:45Z","Illinois State Water Survey Central Analytical Laboratory",578.0,0.00034,5,"2024-03-07","A",,
"cf33b63a-8178-4827-861d-5237b1aaf43f","D02","POSE","POSE.AOS.S2","POSE.SS.20240304.FIL","A00000171135","2024-03-04T13:45Z","2024-03-04T13:45Z","Illinois State Water Survey Central Analytical Laboratory",276.0,0.03534,5,"2024-03-07","A",,
"0bbe4184-66bf-40cc-b9f6-14bd45929207","D02","POSE","POSE.AOS.S2","POSE.SS.20240304.FIL","A00000171135","2024-03-04T13:45Z","2024-03-04T13:45Z","Illinois State Water Survey Central Analytical Laboratory",276.0,0.03542,5,"2024-03-07","B",,
"c73fa790-fd6c-4e6c-a8a6-caf0bbacf869","D02","POSE","POSE.AOS.S2","POSE.SS.20240304.FIL","A00000171135","2024-03-04T13:45Z","2024-03-04T13:45Z","Illinois State Water Survey Central Analytical Laboratory",586.0,0.00028,5,"2024-03-07","A",,
"f94e72b0-e670-4390-b5b5-0debf29c7ebd","D02","POSE","POSE.AOS.S2","POSE.SS.20240304.FIL","A00000171135","2024-03-04T13:45Z","2024-03-04T13:45Z","Illinois State Water Survey Central Analytical Laboratory",554.0,0.00050,5,"2024-03-07","A",,
"384c222a-5533-4235-9607-7158421bba8f","D02","POSE","POSE.AOS.S2","POSE.SS.20240304.FIL","A00000171135","2024-03-04T13:45Z","2024-03-04T13:45Z","Illinois State Water Survey Central Analytical Laboratory",338.0,0.01468,5,"2024-03-07","B",,
"ee0b123b-c1ef-49f0-9010-90ce14bb05e9","D02","POSE","POSE.AOS.S2","POSE.SS.20240304.FIL","A00000171135","2024-03-04T13:45Z","2024-03-04T13:45Z","Illinois State Water Survey Central Analytical Laboratory",400.0,0.00542,5,"2024-03-07","A",,
"8b526a57-01bf-4fe4-9a65-7d216c64bf5b","D02","POSE","POSE.AOS.S2","POSE.SS.20240304.FIL","A00000171135","2024-03-04T13:45Z","2024-03-04T13:45Z","Illinois State Water Survey Central Analytical Laboratory",284.0,0.03212,5,"2024-03-07","B",,
"ffbdfb80-13b8-430a-9449-cb457accd806","D02","POSE","POSE.AOS.S2","POSE.SS.20240304.FIL","A00000171135","2024-03-04T13:45Z","2024-03-04T13:45Z","Illinois State Water Survey Central Analytical Laboratory",250.0,0.04626,5,"2024-03-07","B",,
"e4097af9-bbb0-49e4-9f54-084ca83be846","D02","POSE","POSE.AOS.S2","POSE.SS.20240304.FIL","A00000171135","2024-03-04T13:45Z","2024-03-04T13:45Z","Illinois State Water Survey Central Analytical Laboratory",290.0,0.02954,5,"2024-03-07","B",,
"a83c19c5-f585-4cf3-b153-77859917fef7","D02","POSE","POSE.AOS.S2","POSE.SS.20240304.FIL","A00000171135","2024-03-04T13:45Z","2024-03-04T13:45Z","Illinois State Water Survey Central Analytical Laboratory",460.0,0.00210,5,"2024-03-07","B",,
"c7eba0d1-1d48-4e3a-bb48-96fbc38694b6","D02","POSE","POSE.AOS.S2","POSE.SS.20240304.FIL","A00000171135","2024-03-04T13:45Z","2024-03-04T13:45Z","Illinois State Water Survey Central Analytical Laboratory",292.0,0.02872,5,"2024-03-07","B",,
"ec9d3087-731b-44e0-ba02-5781d20f21aa","D02","POSE","POSE.AOS.S2","POSE.SS.20240304.FIL","A00000171135","2024-03-04T13:45Z","2024-03-04T13:45Z","Illinois State Water Survey Central Analytical Laboratory",456.0,0.00222,5,"2024-03-07","B",,
"2bc19bb8-7de5-4986-913c-25c3054dfd11","D02","POSE","POSE.AOS.S2","POSE.SS.20240304.FIL","A00000171135","2024-03-04T13:45Z","2024-03-04T13:45Z","Illinois State Water Survey Central Analytical Laboratory",300.0,0.02564,5,"2024-03-07","B",,
"69e0c8e3-0fe9-417a-8cdb-5e3ca9f812f2","D02","POSE","POSE.AOS.S2","POSE.SS.20240304.FIL","A00000171135","2024-03-04T13:45Z","2024-03-04T13:45Z","Illinois State Water Survey Central Analytical Laboratory",596.0,0.00020,5,"2024-03-07","A",,
"c6cc7e6a-0035-4479-a15e-fef2ecf5f75f","D02","POSE","POSE.AOS.S2","POSE.SS.20240304.FIL","A00000171135","2024-03-04T13:45Z","2024-03-04T13:45Z","Illinois State Water Survey Central Analytical Laboratory",330.0,0.01650,5,"2024-03-07","A",,
"eea25170-af48-4d41-ab65-166ad104330d","D02","POSE","POSE.AOS.S2","POSE.SS.20240304.FIL","A00000171135","2024-03-04T13:45Z","2024-03-04T13:45Z","Illinois State Water Survey Central Analytical Laboratory",236.0,0.05960,5,"2024-03-07","A",,
"c71a4509-fd78-4f5f-95de-395f5e28d816","D02","POSE","POSE.AOS.S2","POSE.SS.20240304.FIL","A00000171135","2024-03-04T13:45Z","2024-03-04T13:45Z","Illinois State Water Survey Central Analytical Laboratory",568.0,0.00040,5,"2024-03-07","A",,
"74118b93-f084-47ac-8557-e16fb15dabeb","D02","POSE","POSE.AOS.S2","POSE.SS.20240304.FIL","A00000171135","2024-03-04T13:45Z","2024-03-04T13:45Z","Illinois State Water Survey Central Analytical Laboratory",560.0,0.00050,5,"2024-03-07","B",,
"4fb06c02-d541-4df2-b5c2-ca303a365023","D02","POSE","POSE.AOS.S2","POSE.SS.20240304.FIL","A00000171135","2024-03-04T13:45Z","2024-03-04T13:45Z","Illinois State Water Survey Central Analytical Laboratory",484.0,0.00150,5,"2024-03-07","B",,
"66162fff-3bb8-404f-b793-d48da5150706","D02","POSE","POSE.AOS.S2","POSE.SS.20240304.FIL","A00000171135","2024-03-04T13:45Z","2024-03-04T13:45Z","Illinois State Water Survey Central Analytical Laboratory",282.0,0.03288,5,"2024-03-07","A",,
"1d3b40b2-6f30-46df-883d-3d1e43681c21","D02","POSE","POSE.AOS.S2","POSE.SS.20240304.FIL","A00000171135","2024-03-04T13:45Z","2024-03-04T13:45Z","Illinois State Water Survey Central Analytical Laboratory",572.0,0.00040,5,"2024-03-07","A",,
"2f157afb-c5ea-412e-90dd-80401eb57e2e","D02","POSE","POSE.AOS.S2","POSE.SS.20240304.FIL","A00000171135","2024-03-04T13:45Z","2024-03-04T13:45Z","Illinois State Water Survey Central Analytical Laboratory",564.0,0.00040,5,"2024-03-07","A",,
"3d775ef4-ff98-4d49-b680-62a79b7c4046","D02","POSE","POSE.AOS.S2","POSE.SS.20240304.FIL","A00000171135","2024-03-04T13:45Z","2024-03-04T13:45Z","Illinois State Water Survey Central Analytical Laboratory",258.0,0.04252,5,"2024-03-07","B",,
"b4e6f0f9-0bb3-4832-9924-8cdf9a17a7dc","D02","POSE","POSE.AOS.S2","POSE.SS.20240304.FIL","A00000171135","2024-03-04T13:45Z","2024-03-04T13:45Z","Illinois State Water Survey Central Analytical Laboratory",306.0,0.02356,5,"2024-03-07","B",,
"dac49b49-7508-48f4-95e2-1bab31f60c57","D02","POSE","POSE.AOS.S2","POSE.SS.20240304.FIL","A00000171135","2024-03-04T13:45Z","2024-03-04T13:45Z","Illinois State Water Survey Central Analytical Laboratory",398.0,0.00558,5,"2024-03-07","B",,
"65246f19-965b-4669-855b-3c3bc9a3e712","D02","POSE","POSE.AOS.S2","POSE.SS.20240304.FIL","A00000171135","2024-03-04T13:45Z","2024-03-04T13:45Z","Illinois State Water Survey Central Analytical Laboratory",582.0,0.00038,5,"2024-03-07","B",,
"cf9813bb-cb7c-4f58-aba5-1877cf796fcc","D02","POSE","POSE.AOS.S2","POSE.SS.20240304.FIL","A00000171135","2024-03-04T13:45Z","2024-03-04T13:45Z","Illinois State Water Survey Central Analytical Laboratory",498.0,0.00126,5,"2024-03-07","B",,
"aa862702-4d1e-45f9-bec7-25e6f1fda565","D02","POSE","POSE.AOS.S2","POSE.SS.20240304.FIL","A00000171135","2024-03-04T13:45Z","2024-03-04T13:45Z","Illinois State Water Survey Central Analytical Laboratory",286.0,0.03126,5,"2024-03-07","B",,
"4e53bce0-932e-45f2-a296-1afb92ffb34f","D02","POSE","POSE.AOS.S2","POSE.SS.20240304.FIL","A00000171135","2024-03-04T13:45Z","2024-03-04T13:45Z","Illinois State Water Survey Central Analytical Laboratory",286.0,0.03118,5,"2024-03-07","A",,
"f77303b0-0d7b-49e2-a972-932d0c97d406","D02","POSE","POSE.AOS.S2","POSE.SS.20240304.FIL","A00000171135","2024-03-04T13:45Z","2024-03-04T13:45Z","Illinois State Water Survey Central Analytical Laboratory",584.0,0.00036,5,"2024-03-07","A",,
"49b05cd9-a354-4a2c-896c-32737b2b95c2","D02","POSE","POSE.AOS.S2","POSE.SS.20240304.FIL","A00000171135","2024-03-04T13:45Z","2024-03-04T13:45Z","Illinois State Water Survey Central Analytical Laboratory",536.0,0.00070,5,"2024-03-07","A",,
"1bf382cc-ee79-4ed0-b4ed-f38db179a415","D02","POSE","POSE.AOS.S2","POSE.SS.20240304.FIL","A00000171135","2024-03-04T13:45Z","2024-03-04T13:45Z","Illinois State Water Survey Central Analytical Laboratory",262.0,0.04094,5,"2024-03-07","B",,
"c0ec7bc4-97a5-42ba-ab3e-a8a719046c46","D02","POSE","POSE.AOS.S2","POSE.SS.20240304.FIL","A00000171135","2024-03-04T13:45Z","2024-03-04T13:45Z","Illinois State Water Survey Central Analytical Laboratory",440.0,0.00288,5,"2024-03-07","B",,
"f589965b-ef27-4495-8ca6-552f20277e5b","D02","POSE","POSE.AOS.S2","POSE.SS.20240304.FIL","A00000171135","2024-03-04T13:45Z","2024-03-04T13:45Z","Illinois State Water Survey Central Analytical Laboratory",468.0,0.00186,5,"2024-03-07","B",,
"854a4786-763e-4ec6-9cd2-9506d6810e71","D02","POSE","POSE.AOS.S2","POSE.SS.20240304.FIL","A00000171135","2024-03-04T13:45Z","2024-03-04T13:45Z","Illinois State Water Survey Central Analytical Laboratory",292.0,0.02866,5,"2024-03-07","A",,
"69cfb688-4ec7-4369-a780-6e3c33decba8","D02","POSE","POSE.AOS.S2","POSE.SS.20240304.FIL","A00000171135","2024-03-04T13:45Z","2024-03-04T13:45Z","Illinois State Water Survey Central Analytical Laboratory",412.0,0.00440,5,"2024-03-07","B",,
"6b190d82-d145-4988-b968-b94beecc26e7","D02","POSE","POSE.AOS.S2","POSE.SS.20240304.FIL","A00000171135","2024-03-04T13:45Z","2024-03-04T13:45Z","Illinois State Water Survey Central Analytical Laboratory",226.0,0.09310,5,"2024-03-07","A",,
"5ca1bc78-0f74-4ad8-b530-dbaf04c7c7ff","D02","POSE","POSE.AOS.S2","POSE.SS.20240304.FIL","A00000171135","2024-03-04T13:45Z","2024-03-04T13:45Z","Illinois State Water Survey Central Analytical Laboratory",418.0,0.00408,5,"2024-03-07","B",,
"f7de317f-0af0-470a-84bf-44d4be79fc93","D02","POSE","POSE.AOS.S2","POSE.SS.20240304.FIL","A00000171135","2024-03-04T13:45Z","2024-03-04T13:45Z","Illinois State Water Survey Central Analytical Laboratory",312.0,0.02164,5,"2024-03-07","B",,
"c00224c2-ad5d-47c4-b5b9-8570c2ec658e","D02","POSE","POSE.AOS.S2","POSE.SS.20240304.FIL","A00000171135","2024-03-04T13:45Z","2024-03-04T13:45Z","Illinois State Water Survey Central Analytical Laboratory",378.0,0.00784,5,"2024-03-07","B",,
"1df97be8-b976-4a94-9c3e-a709a45652e8","D02","POSE","POSE.AOS.S2","POSE.SS.20240304.FIL","A00000171135","2024-03-04T13:45Z","2024-03-04T13:45Z","Illinois State Water Survey Central Analytical Laboratory",420.0,0.00390,5,"2024-03-07","A",,
"f3b6a396-98c1-4f80-b7d8-8d0704177e2d","D02","POSE","POSE.AOS.S2","POSE.SS.20240304.FIL","A00000171135","2024-03-04T13:45Z","2024-03-04T13:45Z","Illinois State Water Survey Central Analytical Laboratory",588.0,0.00032,5,"2024-03-07","B",,
"09e4577d-f29f-4962-9c27-43f3dd06eae8","D02","POSE","POSE.AOS.S2","POSE.SS.20240304.FIL","A00000171135","2024-03-04T13:45Z","2024-03-04T13:45Z","Illinois State Water Survey Central Analytical Laboratory",318.0,0.01982,5,"2024-03-07","A",,
"32d7e519-95e7-4103-ac70-40577c905a5c","D02","POSE","POSE.AOS.S2","POSE.SS.20240304.FIL","A00000171135","2024-03-04T13:45Z","2024-03-04T13:45Z","Illinois State Water Survey Central Analytical Laboratory",236.0,0.05982,5,"2024-03-07","B",,
"4269185c-8d5a-4f56-9826-1983c07876bc","D02","POSE","POSE.AOS.S2","POSE.SS.20240304.FIL","A00000171135","2024-03-04T13:45Z","2024-03-04T13:45Z","Illinois State Water Survey Central Analytical Laboratory",436.0,0.00306,5,"2024-03-07","A",,
"9193c812-1aab-4f3f-b13d-1553a20b12df","D02","POSE","POSE.AOS.S2","POSE.SS.20240304.FIL","A00000171135","2024-03-04T13:45Z","2024-03-04T13:45Z","Illinois State Water Survey Central Analytical Laboratory",562.0,0.00050,5,"2024-03-07","B",,
"33e03629-7d8c-4132-89d8-96db76d4cc64","D02","POSE","POSE.AOS.S2","POSE.SS.20240304.FIL","A00000171135","2024-03-04T13:45Z","2024-03-04T13:45Z","Illinois State Water Survey Central Analytical Laboratory",232.0,0.06912,5,"2024-03-07","A",,
"84e8049d-f180-466a-9332-43922a90e36d","D02","POSE","POSE.AOS.S2","POSE.SS.20240304.FIL","A00000171135","2024-03-04T13:45Z","2024-03-04T13:45Z","Illinois State Water Survey Central Analytical Laboratory",390.0,0.00632,5,"2024-03-07","A",,
"d4bc6a83-04f2-4ad2-918e-92fa4a2fa73b","D02","POSE","POSE.AOS.S2","POSE.SS.20240304.FIL","A00000171135","2024-03-04T13:45Z","2024-03-04T13:45Z","Illinois State Water Survey Central Analytical Laboratory",486.0,0.00148,5,"2024-03-07","A",,
"8131a39b-0a01-47d4-8c34-ab959e1ee80c","D02","POSE","POSE.AOS.S2","POSE.SS.20240304.FIL","A00000171135","2024-03-04T13:45Z","2024-03-04T13:45Z","Illinois State Water Survey Central Analytical Laboratory",356.0,0.01120,5,"2024-03-07","B",,
"94b0adde-f294-4ea7-8c67-a68835bc22de","D02","POSE","POSE.AOS.S2","POSE.SS.20240304.FIL","A00000171135","2024-03-04T13:45Z","2024-03-04T13:45Z","Illinois State Water Survey Central Analytical Laboratory",474.0,0.00170,5,"2024-03-07","B",,
"758d6716-e37c-47f7-af60-17bd034e6497","D02","POSE","POSE.AOS.S2","POSE.SS.20240304.FIL","A00000171135","2024-03-04T13:45Z","2024-03-04T13:45Z","Illinois State Water Survey Central Analytical Laboratory",278.0,0.03456,5,"2024-03-07","A",,
"7062d2da-5076-4faf-9bfb-afd2d9ca50c3","D02","POSE","POSE.AOS.S2","POSE.SS.20240304.FIL","A00000171135","2024-03-04T13:45Z","2024-03-04T13:45Z","Illinois State Water Survey Central Analytical Laboratory",332.0,0.01606,5,"2024-03-07","B",,
"de0b0a16-2317-4f89-9e94-bf17c381e7fa","D02","POSE","POSE.AOS.S2","POSE.SS.20240304.FIL","A00000171135","2024-03-04T13:45Z","2024-03-04T13:45Z","Illinois State Water Survey Central Analytical Laboratory",492.0,0.00140,5,"2024-03-07","A",,
"c381549d-6e0f-4baf-8846-4a6c542cc41d","D02","POSE","POSE.AOS.S2","POSE.SS.20240304.FIL","A00000171135","2024-03-04T13:45Z","2024-03-04T13:45Z","Illinois State Water Survey Central Analytical Laboratory",324.0,0.01818,5,"2024-03-07","B",,
"9cbf0983-b244-438e-8d70-6f352b7c1801","D02","POSE","POSE.AOS.S2","POSE.SS.20240304.FIL","A00000171135","2024-03-04T13:45Z","2024-03-04T13:45Z","Illinois State Water Survey Central Analytical Laboratory",272.0,0.03694,5,"2024-03-07","A",,
"22df3d96-5f6c-4a2f-94e1-c3ab1fc48bcf","D02","POSE","POSE.AOS.S2","POSE.SS.20240304.FIL","A00000171135","2024-03-04T13:45Z","2024-03-04T13:45Z","Illinois State Water Survey Central Analytical Laboratory",540.0,0.00070,5,"2024-03-07","A",,
"605011c0-e9e0-430b-babe-0022d463c291","D02","POSE","POSE.AOS.S2","POSE.SS.20240304.FIL","A00000171135","2024-03-04T13:45Z","2024-03-04T13:45Z","Illinois State Water Survey Central Analytical Laboratory",448.0,0.00252,5,"2024-03-07","B",,
"bc396980-0895-4e9c-aeb3-1e4c7d8b9a7a","D02","POSE","POSE.AOS.S2","POSE.SS.20240304.FIL","A00000171135","2024-03-04T13:45Z","2024-03-04T13:45Z","Illinois State Water Survey Central Analytical Laboratory",262.0,0.04084,5,"2024-03-07","A",,
"b306a994-1993-41df-bd35-f1f66b5ce260","D02","POSE","POSE.AOS.S2","POSE.SS.20240304.FIL","A00000171135","2024-03-04T13:45Z","2024-03-04T13:45Z","Illinois State Water Survey Central Analytical Laboratory",554.0,0.00056,5,"2024-03-07","B",,
"cca42d76-72a3-42be-aea2-f18d2f6baa8a","D02","POSE","POSE.AOS.S2","POSE.SS.20240304.FIL","A00000171135","2024-03-04T13:45Z","2024-03-04T13:45Z","Illinois State Water Survey Central Analytical Laboratory",344.0,0.01336,5,"2024-03-07","A",,
"b13b5bbd-7940-463f-878a-caadd1ac9ce7","D02","POSE","POSE.AOS.S2","POSE.SS.20240304.FIL","A00000171135","2024-03-04T13:45Z","2024-03-04T13:45Z","Illinois State Water Survey Central Analytical Laboratory",444.0,0.00268,5,"2024-03-07","A",,
"4d4d45f8-5f2e-4e74-b13e-06d58d510374","D02","POSE","POSE.AOS.S2","POSE.SS.20240304.FIL","A00000171135","2024-03-04T13:45Z","2024-03-04T13:45Z","Illinois State Water Survey Central Analytical Laboratory",416.0,0.00414,5,"2024-03-07","A",,
"c2249273-1343-4930-ae4b-83fffeb7a87c","D02","POSE","POSE.AOS.S2","POSE.SS.20240304.FIL","A00000171135","2024-03-04T13:45Z","2024-03-04T13:45Z","Illinois State Water Survey Central Analytical Laboratory",492.0,0.00140,5,"2024-03-07","B",,
"094ec389-644b-4307-8f06-98e414717a65","D02","POSE","POSE.AOS.S2","POSE.SS.20240304.FIL","A00000171135","2024-03-04T13:45Z","2024-03-04T13:45Z","Illinois State Water Survey Central Analytical Laboratory",498.0,0.00124,5,"2024-03-07","A",,
"e653cdac-0676-4c24-8188-dab5a4d95c84","D02","POSE","POSE.AOS.S2","POSE.SS.20240304.FIL","A00000171135","2024-03-04T13:45Z","2024-03-04T13:45Z","Illinois State Water Survey Central Analytical Laboratory",282.0,0.03294,5,"2024-03-07","B",,
"64f76ce7-caaa-4cf4-ba06-e849649fb995","D02","POSE","POSE.AOS.S2","POSE.SS.20240304.FIL","A00000171135","2024-03-04T13:45Z","2024-03-04T13:45Z","Illinois State Water Survey Central Analytical Laboratory",348.0,0.01264,5,"2024-03-07","B",,
"9a061d46-c900-4591-95a5-0097d59225e4","D02","POSE","POSE.AOS.S2","POSE.SS.20240304.FIL","A00000171135","2024-03-04T13:45Z","2024-03-04T13:45Z","Illinois State Water Survey Central Analytical Laboratory",482.0,0.00158,5,"2024-03-07","B",,
"71540a7e-0970-4992-8366-6b7f8005a617","D02","POSE","POSE.AOS.S2","POSE.SS.20240304.FIL","A00000171135","2024-03-04T13:45Z","2024-03-04T13:45Z","Illinois State Water Survey Central Analytical Laboratory",512.0,0.00106,5,"2024-03-07","B",,
"8636522b-26fc-49b5-bfeb-52068c7b2661","D02","POSE","POSE.AOS.S2","POSE.SS.20240304.FIL","A00000171135","2024-03-04T13:45Z","2024-03-04T13:45Z","Illinois State Water Survey Central Analytical Laboratory",510.0,0.00104,5,"2024-03-07","B",,
"eea250ba-8f78-40bb-8c8f-f6a94b911183","D02","POSE","POSE.AOS.S2","POSE.SS.20240304.FIL","A00000171135","2024-03-04T13:45Z","2024-03-04T13:45Z","Illinois State Water Survey Central Analytical Laboratory",260.0,0.04162,5,"2024-03-07","A",,
"1a0aadaa-be3a-4e4a-bcdd-25c665f853f3","D02","POSE","POSE.AOS.S2","POSE.SS.20240304.FIL","A00000171135","2024-03-04T13:45Z","2024-03-04T13:45Z","Illinois State Water Survey Central Analytical Laboratory",588.0,0.00024,5,"2024-03-07","A",,
"36ba8141-f048-47d9-9638-8bc4f8982a26","D02","POSE","POSE.AOS.S2","POSE.SS.20240304.FIL","A00000171135","2024-03-04T13:45Z","2024-03-04T13:45Z","Illinois State Water Survey Central Analytical Laboratory",522.0,0.00088,5,"2024-03-07","A",,
"8c166897-2f66-445a-adff-99d9f03a7578","D02","POSE","POSE.AOS.S2","POSE.SS.20240304.FIL","A00000171135","2024-03-04T13:45Z","2024-03-04T13:45Z","Illinois State Water Survey Central Analytical Laboratory",364.0,0.00986,5,"2024-03-07","A",,
"1fec20c2-2c69-4f3f-a3aa-e1adfe5e1cde","D02","POSE","POSE.AOS.S2","POSE.SS.20240304.FIL","A00000171135","2024-03-04T13:45Z","2024-03-04T13:45Z","Illinois State Water Survey Central Analytical Laboratory",334.0,0.01562,5,"2024-03-07","B",,
"84771dcd-abde-4217-adc7-4a9363968b5a","D02","POSE","POSE.AOS.S2","POSE.SS.20240304.FIL","A00000171135","2024-03-04T13:45Z","2024-03-04T13:45Z","Illinois State Water Survey Central Analytical Laboratory",392.0,0.00612,5,"2024-03-07","A",,
"aca58370-4f18-48bb-a9d8-331ea8df1af8","D02","POSE","POSE.AOS.S2","POSE.SS.20240304.FIL","A00000171135","2024-03-04T13:45Z","2024-03-04T13:45Z","Illinois State Water Survey Central Analytical Laboratory",556.0,0.00048,5,"2024-03-07","A",,
"82ba5284-829f-4d39-b4ee-a391102521bf","D02","POSE","POSE.AOS.S2","POSE.SS.20240304.FIL","A00000171135","2024-03-04T13:45Z","2024-03-04T13:45Z","Illinois State Water Survey Central Analytical Laboratory",598.0,0.00030,5,"2024-03-07","B",,
"77c58415-80af-4559-af15-054febc7b82e","D02","POSE","POSE.AOS.S2","POSE.SS.20240304.FIL","A00000171135","2024-03-04T13:45Z","2024-03-04T13:45Z","Illinois State Water Survey Central Analytical Laboratory",480.0,0.00162,5,"2024-03-07","A",,
"882c2297-a284-4783-b744-d1305d06e9c8","D02","POSE","POSE.AOS.S2","POSE.SS.20240304.FIL","A00000171135","2024-03-04T13:45Z","2024-03-04T13:45Z","Illinois State Water Survey Central Analytical Laboratory",222.0,0.12040,5,"2024-03-07","A",,
"f3473882-1b70-4a66-b9b7-2d3a1092a1be","D02","POSE","POSE.AOS.S2","POSE.SS.20240304.FIL","A00000171135","2024-03-04T13:45Z","2024-03-04T13:45Z","Illinois State Water Survey Central Analytical Laboratory",548.0,0.00066,5,"2024-03-07","A",,
"89b07f77-c61e-4828-9bb5-087f2452f5a1","D02","POSE","POSE.AOS.S2","POSE.SS.20240304.FIL","A00000171135","2024-03-04T13:45Z","2024-03-04T13:45Z","Illinois State Water Survey Central Analytical Laboratory",516.0,0.00098,5,"2024-03-07","A",,
"a3d1b338-f39d-4def-bdc9-36d5ed6ba6c8","D02","POSE","POSE.AOS.S2","POSE.SS.20240304.FIL","A00000171135","2024-03-04T13:45Z","2024-03-04T13:45Z","Illinois State Water Survey Central Analytical Laboratory",476.0,0.00166,5,"2024-03-07","B",,
"397d46ab-1af7-4cde-abca-d09e533ecdfb","D02","POSE","POSE.AOS.S2","POSE.SS.20240304.FIL","A00000171135","2024-03-04T13:45Z","2024-03-04T13:45Z","Illinois State Water Survey Central Analytical Laboratory",432.0,0.00324,5,"2024-03-07","B",,
"9fd791dc-d645-448f-9351-c80b0e519b39","D02","POSE","POSE.AOS.S2","POSE.SS.20240304.FIL","A00000171135","2024-03-04T13:45Z","2024-03-04T13:45Z","Illinois State Water Survey Central Analytical Laboratory",438.0,0.00296,5,"2024-03-07","A",,
"9e8ca07c-16ba-4be1-9973-72ebabeacf27","D02","POSE","POSE.AOS.S2","POSE.SS.20240304.FIL","A00000171135","2024-03-04T13:45Z","2024-03-04T13:45Z","Illinois State Water Survey Central Analytical Laboratory",314.0,0.02096,5,"2024-03-07","A",,
"19c4b282-5e5d-49c5-959d-b0c659f4fc25","D02","POSE","POSE.AOS.S2","POSE.SS.20240304.FIL","A00000171135","2024-03-04T13:45Z","2024-03-04T13:45Z","Illinois State Water Survey Central Analytical Laboratory",248.0,0.04722,5,"2024-03-07","A",,
"cc7a4e27-748a-4b71-81a6-899b3be47773","D02","POSE","POSE.AOS.S2","POSE.SS.20240304.FIL","A00000171135","2024-03-04T13:45Z","2024-03-04T13:45Z","Illinois State Water Survey Central Analytical Laboratory",332.0,0.01602,5,"2024-03-07","A",,
"cd61a0d4-0ecc-451f-9b9f-052738c5b5dc","D02","POSE","POSE.AOS.S2","POSE.SS.20240304.FIL","A00000171135","2024-03-04T13:45Z","2024-03-04T13:45Z","Illinois State Water Survey Central Analytical Laboratory",598.0,0.00022,5,"2024-03-07","A",,
"dfcaffea-44c0-4449-a519-5e82327a38b1","D02","POSE","POSE.AOS.S2","POSE.SS.20240304.FIL","A00000171135","2024-03-04T13:45Z","2024-03-04T13:45Z","Illinois State Water Survey Central Analytical Laboratory",450.0,0.00248,5,"2024-03-07","A",,
"1283dd16-b8c5-4d8f-bba5-230192140a1e","D02","POSE","POSE.AOS.S2","POSE.SS.20240304.FIL","A00000171135","2024-03-04T13:45Z","2024-03-04T13:45Z","Illinois State Water Survey Central Analytical Laboratory",366.0,0.00950,5,"2024-03-07","B",,
"dea24766-e7ff-4607-92c5-fcf31a74f0fd","D02","POSE","POSE.AOS.S2","POSE.SS.20240304.FIL","A00000171135","2024-03-04T13:45Z","2024-03-04T13:45Z","Illinois State Water Survey Central Analytical Laboratory",446.0,0.00260,5,"2024-03-07","A",,
"1e5f7f7e-86fd-4139-a27b-9fcc988c9e0a","D02","POSE","POSE.AOS.S2","POSE.SS.20240304.FIL","A00000171135","2024-03-04T13:45Z","2024-03-04T13:45Z","Illinois State Water Survey Central Analytical Laboratory",528.0,0.00082,5,"2024-03-07","A",,
"f2d0272d-6324-4a1a-8032-8adfdcc47507","D02","POSE","POSE.AOS.S2","POSE.SS.20240304.FIL","A00000171135","2024-03-04T13:45Z","2024-03-04T13:45Z","Illinois State Water Survey Central Analytical Laboratory",348.0,0.01258,5,"2024-03-07","A",,
"ca65ba82-0261-4b44-a380-70b31cd57d95","D02","POSE","POSE.AOS.S2","POSE.SS.20240304.FIL","A00000171135","2024-03-04T13:45Z","2024-03-04T13:45Z","Illinois State Water Survey Central Analytical Laboratory",544.0,0.00068,5,"2024-03-07","B",,
"9b474430-4c0e-4be0-9159-21c853a8ed6c","D02","POSE","POSE.AOS.S2","POSE.SS.20240304.FIL","A00000171135","2024-03-04T13:45Z","2024-03-04T13:45Z","Illinois State Water Survey Central Analytical Laboratory",220.0,0.13804,5,"2024-03-07","B",,
"5eb883b8-e81e-4d54-8097-22a22e779b97","D02","POSE","POSE.AOS.S2","POSE.SS.20240304.FIL","A00000171135","2024-03-04T13:45Z","2024-03-04T13:45Z","Illinois State Water Survey Central Analytical Laboratory",316.0,0.02040,5,"2024-03-07","A",,
"ce5594cb-55e5-47f9-bdaf-22f9c1f65f8d","D02","POSE","POSE.AOS.S2","POSE.SS.20240304.FIL","A00000171135","2024-03-04T13:45Z","2024-03-04T13:45Z","Illinois State Water Survey Central Analytical Laboratory",326.0,0.01760,5,"2024-03-07","B",,
"925e81a6-2b6d-41f7-9306-4bd5358eb0e9","D02","POSE","POSE.AOS.S2","POSE.SS.20240304.FIL","A00000171135","2024-03-04T13:45Z","2024-03-04T13:45Z","Illinois State Water Survey Central Analytical Laboratory",356.0,0.01114,5,"2024-03-07","A",,
"45ef5818-04de-49ec-b3e9-581ce6bc6a4a","D02","POSE","POSE.AOS.S2","POSE.SS.20240304.FIL","A00000171135","2024-03-04T13:45Z","2024-03-04T13:45Z","Illinois State Water Survey Central Analytical Laboratory",388.0,0.00650,5,"2024-03-07","A",,
"10f704b6-6c50-48fb-a4af-7e4a0fc7854d","D02","POSE","POSE.AOS.S2","POSE.SS.20240304.FIL","A00000171135","2024-03-04T13:45Z","2024-03-04T13:45Z","Illinois State Water Survey Central Analytical Laboratory",542.0,0.00068,5,"2024-03-07","B",,
"32906790-0fef-4a0f-b2c0-a632d8a5710a","D02","POSE","POSE.AOS.S2","POSE.SS.20240304.FIL","A00000171135","2024-03-04T13:45Z","2024-03-04T13:45Z","Illinois State Water Survey Central Analytical Laboratory",536.0,0.00074,5,"2024-03-07","B",,
"bb2bdc36-8406-42fb-9557-1531e055a757","D02","POSE","POSE.AOS.S2","POSE.SS.20240304.FIL","A00000171135","2024-03-04T13:45Z","2024-03-04T13:45Z","Illinois State Water Survey Central Analytical Laboratory",402.0,0.00520,5,"2024-03-07","A",,
"dd26b36d-3e30-41cf-9f3a-a1cb11bb3a82","D02","POSE","POSE.AOS.S2","POSE.SS.20240304.FIL","A00000171135","2024-03-04T13:45Z","2024-03-04T13:45Z","Illinois State Water Survey Central Analytical Laboratory",592.0,0.00030,5,"2024-03-07","B",,
"08171a7a-f493-49ce-8048-3b3422b8312b","D02","POSE","POSE.AOS.S2","POSE.SS.20240304.FIL","A00000171135","2024-03-04T13:45Z","2024-03-04T13:45Z","Illinois State Water Survey Central Analytical Laboratory",308.0,0.02288,5,"2024-03-07","B",,
"40bac0a9-3b8b-4d9d-ae1d-2714fcbff244","D02","POSE","POSE.AOS.S2","POSE.SS.20240304.FIL","A00000171135","2024-03-04T13:45Z","2024-03-04T13:45Z","Illinois State Water Survey Central Analytical Laboratory",496.0,0.00130,5,"2024-03-07","B",,
"c46221a7-6895-4ed9-aae7-d43b80b0f8d8","D02","POSE","POSE.AOS.S2","POSE.SS.20240304.FIL","A00000171135","2024-03-04T13:45Z","2024-03-04T13:45Z","Illinois State Water Survey Central Analytical Laboratory",516.0,0.00098,5,"2024-03-07","B",,
"af153a91-13ef-4cf8-a48e-0d5059207afb","D02","POSE","POSE.AOS.S2","POSE.SS.20240304.FIL","A00000171135","2024-03-04T13:45Z","2024-03-04T13:45Z","Illinois State Water Survey Central Analytical Laboratory",454.0,0.00232,5,"2024-03-07","A",,
"69ceafdb-7631-49aa-a1e6-88e5bf4eb387","D02","POSE","POSE.AOS.S2","POSE.SS.20240304.FIL","A00000171135","2024-03-04T13:45Z","2024-03-04T13:45Z","Illinois State Water Survey Central Analytical Laboratory",374.0,0.00830,5,"2024-03-07","A",,
"b66dec25-7bae-40b3-8969-cc42ce18c2dc","D02","POSE","POSE.AOS.S2","POSE.SS.20240304.FIL","A00000171135","2024-03-04T13:45Z","2024-03-04T13:45Z","Illinois State Water Survey Central Analytical Laboratory",328.0,0.01702,5,"2024-03-07","A",,
"298c40b2-7b0f-4af5-8b5c-f4eacba4be24","D02","POSE","POSE.AOS.S2","POSE.SS.20240304.FIL","A00000171135","2024-03-04T13:45Z","2024-03-04T13:45Z","Illinois State Water Survey Central Analytical Laboratory",512.0,0.00100,5,"2024-03-07","A",,
"8c6366f2-ae5e-4302-98fd-8c3926ffce18","D02","POSE","POSE.AOS.S2","POSE.SS.20240304.FIL","A00000171135","2024-03-04T13:45Z","2024-03-04T13:45Z","Illinois State Water Survey Central Analytical Laboratory",520.0,0.00088,5,"2024-03-07","B",,
"1e23eb96-eceb-463c-be33-d3347a67f1b4","D02","POSE","POSE.AOS.S2","POSE.SS.20240304.FIL","A00000171135","2024-03-04T13:45Z","2024-03-04T13:45Z","Illinois State Water Survey Central Analytical Laboratory",464.0,0.00200,5,"2024-03-07","B",,
"9e6488d4-4766-47e6-9995-d3c2c391785b","D02","POSE","POSE.AOS.S2","POSE.SS.20240304.FIL","A00000171135","2024-03-04T13:45Z","2024-03-04T13:45Z","Illinois State Water Survey Central Analytical Laboratory",238.0,0.05650,5,"2024-03-07","A",,
"46258bda-bd5a-47c3-b7fd-a37b2cc7a7e5","D02","POSE","POSE.AOS.S2","POSE.SS.20240304.FIL","A00000171135","2024-03-04T13:45Z","2024-03-04T13:45Z","Illinois State Water Survey Central Analytical Laboratory",510.0,0.00098,5,"2024-03-07","A",,
"da60577e-b0a5-4260-9275-dacf00e5bb21","D02","POSE","POSE.AOS.S2","POSE.SS.20240304.FIL","A00000171135","2024-03-04T13:45Z","2024-03-04T13:45Z","Illinois State Water Survey Central Analytical Laboratory",308.0,0.02286,5,"2024-03-07","A",,
"3f5bdb96-ade3-46e4-9357-e3882c84ba2f","D02","POSE","POSE.AOS.S2","POSE.SS.20240304.FIL","A00000171135","2024-03-04T13:45Z","2024-03-04T13:45Z","Illinois State Water Survey Central Analytical Laboratory",526.0,0.00082,5,"2024-03-07","A",,
"61419d66-e8a9-473d-9de5-a981af275442","D02","POSE","POSE.AOS.S2","POSE.SS.20240304.FIL","A00000171135","2024-03-04T13:45Z","2024-03-04T13:45Z","Illinois State Water Survey Central Analytical Laboratory",358.0,0.01084,5,"2024-03-07","A",,
"65f069fe-3f7d-40f3-91f2-31d979a5b764","D02","POSE","POSE.AOS.S2","POSE.SS.20240304.FIL","A00000171135","2024-03-04T13:45Z","2024-03-04T13:45Z","Illinois State Water Survey Central Analytical Laboratory",296.0,0.02708,5,"2024-03-07","B",,
"aae82b9f-b1a9-4312-b02d-03f2759726ec","D02","POSE","POSE.AOS.S2","POSE.SS.20240304.FIL","A00000171135","2024-03-04T13:45Z","2024-03-04T13:45Z","Illinois State Water Survey Central Analytical Laboratory",416.0,0.00416,5,"2024-03-07","B",,
"0a7c1b3a-21e8-40e9-baa0-e4422931242f","D02","POSE","POSE.AOS.S2","POSE.SS.20240304.FIL","A00000171135","2024-03-04T13:45Z","2024-03-04T13:45Z","Illinois State Water Survey Central Analytical Laboratory",398.0,0.00554,5,"2024-03-07","A",,
"9efc34f6-39e6-4eea-9853-3c7dae4c2be6","D02","POSE","POSE.AOS.S2","POSE.SS.20240304.FIL","A00000171135","2024-03-04T13:45Z","2024-03-04T13:45Z","Illinois State Water Survey Central Analytical Laboratory",552.0,0.00050,5,"2024-03-07","A",,
"711669eb-5f7f-4e66-8df3-fe364fd84823","D02","POSE","POSE.AOS.S2","POSE.SS.20240304.FIL","A00000171135","2024-03-04T13:45Z","2024-03-04T13:45Z","Illinois State Water Survey Central Analytical Laboratory",506.0,0.00106,5,"2024-03-07","A",,
"d1cb4474-dad5-4fc6-ae72-eb4177806691","D02","POSE","POSE.AOS.S2","POSE.SS.20240304.FIL","A00000171135","2024-03-04T13:45Z","2024-03-04T13:45Z","Illinois State Water Survey Central Analytical Laboratory",442.0,0.00280,5,"2024-03-07","B",,
"5f198578-7970-43c4-9a68-d5b195af2edb","D02","POSE","POSE.AOS.S2","POSE.SS.20240304.FIL","A00000171135","2024-03-04T13:45Z","2024-03-04T13:45Z","Illinois State Water Survey Central Analytical Laboratory",534.0,0.00076,5,"2024-03-07","B",,
"fb876962-10bd-48f4-9842-2cadd8f633a8","D02","POSE","POSE.AOS.S2","POSE.SS.20240304.FIL","A00000171135","2024-03-04T13:45Z","2024-03-04T13:45Z","Illinois State Water Survey Central Analytical Laboratory",222.0,0.12110,5,"2024-03-07","B",,
"197a8516-721e-4079-9dcf-16698ee9f870","D02","POSE","POSE.AOS.S2","POSE.SS.20240304.FIL","A00000171135","2024-03-04T13:45Z","2024-03-04T13:45Z","Illinois State Water Survey Central Analytical Laboratory",326.0,0.01758,5,"2024-03-07","A",,
"a38b8288-4410-475d-b218-f9731c32c273","D02","POSE","POSE.AOS.S2","POSE.SS.20240304.FIL","A00000171135","2024-03-04T13:45Z","2024-03-04T13:45Z","Illinois State Water Survey Central Analytical Laboratory",524.0,0.00082,5,"2024-03-07","A",,
"4104d419-e21a-4307-9d64-f54c5a853349","D02","POSE","POSE.AOS.S2","POSE.SS.20240304.FIL","A00000171135","2024-03-04T13:45Z","2024-03-04T13:45Z","Illinois State Water Survey Central Analytical Laboratory",228.0,0.08282,5,"2024-03-07","A",,
"c1251c2e-56c8-4613-acd6-1b5475e6c8ec","D02","POSE","POSE.AOS.S2","POSE.SS.20240304.FIL","A00000171135","2024-03-04T13:45Z","2024-03-04T13:45Z","Illinois State Water Survey Central Analytical Laboratory",336.0,0.01510,5,"2024-03-07","A",,
"1b032526-6d3c-409f-acfc-7dc5f3bb3ebc","D02","POSE","POSE.AOS.S2","POSE.SS.20240304.FIL","A00000171135","2024-03-04T13:45Z","2024-03-04T13:45Z","Illinois State Water Survey Central Analytical Laboratory",372.0,0.00866,5,"2024-03-07","B",,
"0d0188e1-4847-4bf0-8803-087dc7068026","D02","POSE","POSE.AOS.S2","POSE.SS.20240304.FIL","A00000171135","2024-03-04T13:45Z","2024-03-04T13:45Z","Illinois State Water Survey Central Analytical Laboratory",252.0,0.04502,5,"2024-03-07","A",,
"82e5c88e-1f5e-46e1-b95c-6586a2946e4c","D02","POSE","POSE.AOS.S2","POSE.SS.20240304.FIL","A00000171135","2024-03-04T13:45Z","2024-03-04T13:45Z","Illinois State Water Survey Central Analytical Laboratory",274.0,0.03614,5,"2024-03-07","A",,
"ae543bec-d789-455c-a54e-053ef791a505","D02","POSE","POSE.AOS.S2","POSE.SS.20240304.FIL","A00000171135","2024-03-04T13:45Z","2024-03-04T13:45Z","Illinois State Water Survey Central Analytical Laboratory",566.0,0.00040,5,"2024-03-07","A",,
"ea9c5343-48d3-4f8e-961f-9f4df3721ba3","D02","POSE","POSE.AOS.S2","POSE.SS.20240304.FIL","A00000171135","2024-03-04T13:45Z","2024-03-04T13:45Z","Illinois State Water Survey Central Analytical Laboratory",310.0,0.02226,5,"2024-03-07","B",,
"f061bb97-cd41-4a5b-9fae-36cbda507138","D02","POSE","POSE.AOS.S2","POSE.SS.20240304.FIL","A00000171135","2024-03-04T13:45Z","2024-03-04T13:45Z","Illinois State Water Survey Central Analytical Laboratory",370.0,0.00888,5,"2024-03-07","A",,
"cc72b9ef-af74-4f81-95b5-51eb73d8dc21","D02","POSE","POSE.AOS.S2","POSE.SS.20240304.FIL","A00000171135","2024-03-04T13:45Z","2024-03-04T13:45Z","Illinois State Water Survey Central Analytical Laboratory",552.0,0.00058,5,"2024-03-07","B",,
"98841513-0d97-4de7-9768-3b8f29cb9b98","D02","POSE","POSE.AOS.S2","POSE.SS.20240304.FIL","A00000171135","2024-03-04T13:45Z","2024-03-04T13:45Z","Illinois State Water Survey Central Analytical Laboratory",244.0,0.05010,5,"2024-03-07","A",,
"09fbf69c-5ece-437a-8d1a-e3d9fd1c8565","D02","POSE","POSE.AOS.S2","POSE.SS.20240304.FIL","A00000171135","2024-03-04T13:45Z","2024-03-04T13:45Z","Illinois State Water Survey Central Analytical Laboratory",346.0,0.01298,5,"2024-03-07","A",,
"fcf1d7e4-b66d-46f1-ad6d-49370d72f85f","D02","POSE","POSE.AOS.S2","POSE.SS.20240304.FIL","A00000171135","2024-03-04T13:45Z","2024-03-04T13:45Z","Illinois State Water Survey Central Analytical Laboratory",344.0,0.01342,5,"2024-03-07","B",,
"3badb06c-e7c9-4baa-921e-457aceae009c","D02","POSE","POSE.AOS.S2","POSE.SS.20240304.FIL","A00000171135","2024-03-04T13:45Z","2024-03-04T13:45Z","Illinois State Water Survey Central Analytical Laboratory",394.0,0.00598,5,"2024-03-07","B",,
"bcd297db-6941-4e8d-8948-504ba9ae8b59","D02","POSE","POSE.AOS.S2","POSE.SS.20240304.FIL","A00000171135","2024-03-04T13:45Z","2024-03-04T13:45Z","Illinois State Water Survey Central Analytical Laboratory",234.0,0.06370,5,"2024-03-07","A",,
"8c35116e-ba0f-41fe-8080-4ce832a9f248","D02","POSE","POSE.AOS.S2","POSE.SS.20240304.FIL","A00000171135","2024-03-04T13:45Z","2024-03-04T13:45Z","Illinois State Water Survey Central Analytical Laboratory",278.0,0.03466,5,"2024-03-07","B",,
"56586240-63ba-43b2-9008-69d809ebd21a","D02","POSE","POSE.AOS.S2","POSE.SS.20240304.FIL","A00000171135","2024-03-04T13:45Z","2024-03-04T13:45Z","Illinois State Water Survey Central Analytical Laboratory",298.0,0.02638,5,"2024-03-07","B",,
"6d6bdf31-fa8c-4845-a1fd-4c91a16a2534","D02","POSE","POSE.AOS.S2","POSE.SS.20240304.FIL","A00000171135","2024-03-04T13:45Z","2024-03-04T13:45Z","Illinois State Water Survey Central Analytical Laboratory",460.0,0.00212,5,"2024-03-07","A",,
"a411bcbd-5436-4c6b-9a9a-aa073d73f476","D02","POSE","POSE.AOS.S2","POSE.SS.20240304.FIL","A00000171135","2024-03-04T13:45Z","2024-03-04T13:45Z","Illinois State Water Survey Central Analytical Laboratory",442.0,0.00280,5,"2024-03-07","A",,
"c5c64ce4-0b1b-4393-b919-a6bf914d4faf","D02","POSE","POSE.AOS.S2","POSE.SS.20240304.FIL","A00000171135","2024-03-04T13:45Z","2024-03-04T13:45Z","Illinois State Water Survey Central Analytical Laboratory",380.0,0.00754,5,"2024-03-07","B",,
"5d68e2f1-93f4-4df6-b24b-8769ec237634","D02","POSE","POSE.AOS.S2","POSE.SS.20240304.FIL","A00000171135","2024-03-04T13:45Z","2024-03-04T13:45Z","Illinois State Water Survey Central Analytical Laboratory",270.0,0.03776,5,"2024-03-07","B",,
"cad5c380-ef9e-4d21-926c-be372681f86d","D02","POSE","POSE.AOS.S2","POSE.SS.20240304.FIL","A00000171135","2024-03-04T13:45Z","2024-03-04T13:45Z","Illinois State Water Survey Central Analytical Laboratory",534.0,0.00074,5,"2024-03-07","A",,
"3c46408d-08f0-4be9-be1a-de83b881b671","D02","POSE","POSE.AOS.S2","POSE.SS.20240304.FIL","A00000171135","2024-03-04T13:45Z","2024-03-04T13:45Z","Illinois State Water Survey Central Analytical Laboratory",410.0,0.00458,5,"2024-03-07","A",,
"66b854b6-46c8-486a-85e4-241368d469f0","D02","POSE","POSE.AOS.S2","POSE.SS.20240304.FIL","A00000171135","2024-03-04T13:45Z","2024-03-04T13:45Z","Illinois State Water Survey Central Analytical Laboratory",504.0,0.00112,5,"2024-03-07","B",,
"0810f024-05cf-4d67-a658-ff9d4f29b5a3","D02","POSE","POSE.AOS.S2","POSE.SS.20240304.FIL","A00000171135","2024-03-04T13:45Z","2024-03-04T13:45Z","Illinois State Water Survey Central Analytical Laboratory",446.0,0.00258,5,"2024-03-07","B",,
"e25926cd-7a3c-4ec8-850a-e40e973dd61f","D02","POSE","POSE.AOS.S2","POSE.SS.20240304.FIL","A00000171135","2024-03-04T13:45Z","2024-03-04T13:45Z","Illinois State Water Survey Central Analytical Laboratory",484.0,0.00150,5,"2024-03-07","A",,
"0b2f3fe5-7118-4e18-8acd-fc6c434ecade","D02","POSE","POSE.AOS.S2","POSE.SS.20240304.FIL","A00000171135","2024-03-04T13:45Z","2024-03-04T13:45Z","Illinois State Water Survey Central Analytical Laboratory",500.0,0.00118,5,"2024-03-07","A",,
"0ed5fef2-e1a2-41fb-a06c-135c1e84ef80","D02","POSE","POSE.AOS.S2","POSE.SS.20240304.FIL","A00000171135","2024-03-04T13:45Z","2024-03-04T13:45Z","Illinois State Water Survey Central Analytical Laboratory",318.0,0.01984,5,"2024-03-07","B",,
"2d161183-3c81-491d-92ac-acaa926df764","D02","POSE","POSE.AOS.S2","POSE.SS.20240304.FIL","A00000171135","2024-03-04T13:45Z","2024-03-04T13:45Z","Illinois State Water Survey Central Analytical Laboratory",502.0,0.00114,5,"2024-03-07","A",,
"87c50702-99fb-46f4-948b-bb26cda23ad7","D02","POSE","POSE.AOS.S2","POSE.SS.20240304.FIL","A00000171135","2024-03-04T13:45Z","2024-03-04T13:45Z","Illinois State Water Survey Central Analytical Laboratory",448.0,0.00254,5,"2024-03-07","A",,
"253d084e-c902-4357-a7a5-0fd915ebf9e6","D02","POSE","POSE.AOS.S2","POSE.SS.20240304.FIL","A00000171135","2024-03-04T13:45Z","2024-03-04T13:45Z","Illinois State Water Survey Central Analytical Laboratory",246.0,0.04844,5,"2024-03-07","A",,
"61d12d4a-f821-4c55-aacc-cd03ac2b8f45","D02","POSE","POSE.AOS.S2","POSE.SS.20240304.FIL","A00000171135","2024-03-04T13:45Z","2024-03-04T13:45Z","Illinois State Water Survey Central Analytical Laboratory",564.0,0.00044,5,"2024-03-07","B",,
"67d0b41e-369f-4a8f-bf5b-1ea345b5f213","D02","POSE","POSE.AOS.S2","POSE.SS.20240304.FIL","A00000171135","2024-03-04T13:45Z","2024-03-04T13:45Z","Illinois State Water Survey Central Analytical Laboratory",298.0,0.02632,5,"2024-03-07","A",,
"b6f4c3e5-bbd5-4cf5-9d3a-63a8c6563b40","D02","POSE","POSE.AOS.S2","POSE.SS.20240304.FIL","A00000171135","2024-03-04T13:45Z","2024-03-04T13:45Z","Illinois State Water Survey Central Analytical Laboratory",366.0,0.00950,5,"2024-03-07","A",,
"67020eda-8051-4097-a32e-7d11a760004d","D02","POSE","POSE.AOS.S2","POSE.SS.20240304.FIL","A00000171135","2024-03-04T13:45Z","2024-03-04T13:45Z","Illinois State Water Survey Central Analytical Laboratory",452.0,0.00240,5,"2024-03-07","B",,
"d275b3d6-a6fb-44af-838d-ccc23f76d95b","D02","POSE","POSE.AOS.S2","POSE.SS.20240304.FIL","A00000171135","2024-03-04T13:45Z","2024-03-04T13:45Z","Illinois State Water Survey Central Analytical Laboratory",260.0,0.04174,5,"2024-03-07","B",,
"beb23608-3418-4c52-bdc9-f9769bb645b7","D02","POSE","POSE.AOS.S2","POSE.SS.20240304.FIL","A00000171135","2024-03-04T13:45Z","2024-03-04T13:45Z","Illinois State Water Survey Central Analytical Laboratory",542.0,0.00066,5,"2024-03-07","A",,
"37962919-5110-40b9-aacf-c4234877b444","D02","POSE","POSE.AOS.S2","POSE.SS.20240304.FIL","A00000171135","2024-03-04T13:45Z","2024-03-04T13:45Z","Illinois State Water Survey Central Analytical Laboratory",388.0,0.00654,5,"2024-03-07","B",,
"723e126c-0ab8-4983-8543-c2c9bea4ae37","D02","POSE","POSE.AOS.S2","POSE.SS.20240304.FIL","A00000171135","2024-03-04T13:45Z","2024-03-04T13:45Z","Illinois State Water Survey Central Analytical Laboratory",228.0,0.08332,5,"2024-03-07","B",,
"8f84d2b2-9dfb-4f6f-a959-22e765d430df","D02","POSE","POSE.AOS.S2","POSE.SS.20240304.FIL","A00000171135","2024-03-04T13:45Z","2024-03-04T13:45Z","Illinois State Water Survey Central Analytical Laboratory",424.0,0.00368,5,"2024-03-07","B",,
"e74c19b0-beb4-4688-8b71-802740b2bc15","D02","POSE","POSE.AOS.S2","POSE.SS.20240304.FIL","A00000171135","2024-03-04T13:45Z","2024-03-04T13:45Z","Illinois State Water Survey Central Analytical Laboratory",354.0,0.01156,5,"2024-03-07","B",,
"8da4cef0-cf1c-4346-ae79-95daf2467f18","D02","POSE","POSE.AOS.S2","POSE.SS.20240304.FIL","A00000171135","2024-03-04T13:45Z","2024-03-04T13:45Z","Illinois State Water Survey Central Analytical Laboratory",270.0,0.03766,5,"2024-03-07","A",,
"1ea5f0da-9f89-47bd-8579-f9c91e8991d3","D02","POSE","POSE.AOS.S2","POSE.SS.20240304.FIL","A00000171135","2024-03-04T13:45Z","2024-03-04T13:45Z","Illinois State Water Survey Central Analytical Laboratory",368.0,0.00916,5,"2024-03-07","A",,
"418a9d4c-fc33-4dc8-9e93-6e4735c44cd4","D02","POSE","POSE.AOS.S2","POSE.SS.20240304.FIL","A00000171135","2024-03-04T13:45Z","2024-03-04T13:45Z","Illinois State Water Survey Central Analytical Laboratory",268.0,0.03850,5,"2024-03-07","A",,
"72ee855a-dc70-49f4-b4e8-4a9f63a7bd2d","D02","POSE","POSE.AOS.S2","POSE.SS.20240304.FIL","A00000171135","2024-03-04T13:45Z","2024-03-04T13:45Z","Illinois State Water Survey Central Analytical Laboratory",408.0,0.00476,5,"2024-03-07","B",,
"a7892a0f-0e1d-40ad-9de9-dae4878ce673","D02","POSE","POSE.AOS.S2","POSE.SS.20240304.FIL","A00000171135","2024-03-04T13:45Z","2024-03-04T13:45Z","Illinois State Water Survey Central Analytical Laboratory",396.0,0.00572,5,"2024-03-07","B",,
"c3afa09f-a919-4516-b872-c8d8cd2ddc8c","D02","POSE","POSE.AOS.S2","POSE.SS.20240311.FIL","A00000171151","2024-03-11T14:19Z","2024-03-11T14:19Z","Illinois State Water Survey Central Analytical Laboratory",496.0,0.00166,5,"2024-03-14","B",,
"46f56c90-6ec2-4f47-96c1-e6cb052c7692","D02","POSE","POSE.AOS.S2","POSE.SS.20240311.FIL","A00000171151","2024-03-11T14:19Z","2024-03-11T14:19Z","Illinois State Water Survey Central Analytical Laboratory",556.0,0.00092,5,"2024-03-14","A",,
"0f6fc994-3dd9-4ce2-84af-db35e9fdca1c","D02","POSE","POSE.AOS.S2","POSE.SS.20240311.FIL","A00000171151","2024-03-11T14:19Z","2024-03-11T14:19Z","Illinois State Water Survey Central Analytical Laboratory",338.0,0.01620,5,"2024-03-14","B",,
"11bba1a1-8a9e-4718-9070-cc2087ece47d","D02","POSE","POSE.AOS.S2","POSE.SS.20240311.FIL","A00000171151","2024-03-11T14:19Z","2024-03-11T14:19Z","Illinois State Water Survey Central Analytical Laboratory",478.0,0.00206,5,"2024-03-14","B",,
"6b6fbe2d-8a1a-472a-90a9-c85af946572d","D02","POSE","POSE.AOS.S2","POSE.SS.20240311.FIL","A00000171151","2024-03-11T14:19Z","2024-03-11T14:19Z","Illinois State Water Survey Central Analytical Laboratory",584.0,0.00070,5,"2024-03-14","B",,
"c1cc0721-9045-47a8-aca1-122324e025b6","D02","POSE","POSE.AOS.S2","POSE.SS.20240311.FIL","A00000171151","2024-03-11T14:19Z","2024-03-11T14:19Z","Illinois State Water Survey Central Analytical Laboratory",250.0,0.05170,5,"2024-03-14","B",,
"be4eb2d7-14dd-402b-b14c-513e399d3820","D02","POSE","POSE.AOS.S2","POSE.SS.20240311.FIL","A00000171151","2024-03-11T14:19Z","2024-03-11T14:19Z","Illinois State Water Survey Central Analytical Laboratory",238.0,0.06346,5,"2024-03-14","A",,
"50fa1a42-2917-4050-83bc-78dc19806d9e","D02","POSE","POSE.AOS.S2","POSE.SS.20240311.FIL","A00000171151","2024-03-11T14:19Z","2024-03-11T14:19Z","Illinois State Water Survey Central Analytical Laboratory",522.0,0.00134,5,"2024-03-14","A",,
"a83cc5d2-d7d6-4889-af9f-19bb6dcfc0a6","D02","POSE","POSE.AOS.S2","POSE.SS.20240311.FIL","A00000171151","2024-03-11T14:19Z","2024-03-11T14:19Z","Illinois State Water Survey Central Analytical Laboratory",488.0,0.00194,5,"2024-03-14","A",,
"580eec2f-4c6e-417c-b088-5b80b08849e6","D02","POSE","POSE.AOS.S2","POSE.SS.20240311.FIL","A00000171151","2024-03-11T14:19Z","2024-03-11T14:19Z","Illinois State Water Survey Central Analytical Laboratory",546.0,0.00100,5,"2024-03-14","A",,
"bbf38a22-99a5-4ece-9cf4-6a07543136f9","D02","POSE","POSE.AOS.S2","POSE.SS.20240311.FIL","A00000171151","2024-03-11T14:19Z","2024-03-11T14:19Z","Illinois State Water Survey Central Analytical Laboratory",414.0,0.00496,5,"2024-03-14","B",,
"8d43098c-6190-4e37-bccd-5b7aa3aa0719","D02","POSE","POSE.AOS.S2","POSE.SS.20240311.FIL","A00000171151","2024-03-11T14:19Z","2024-03-11T14:19Z","Illinois State Water Survey Central Analytical Laboratory",304.0,0.02684,5,"2024-03-14","B",,
"34731728-305c-47d2-8542-aba09f637ba6","D02","POSE","POSE.AOS.S2","POSE.SS.20240311.FIL","A00000171151","2024-03-11T14:19Z","2024-03-11T14:19Z","Illinois State Water Survey Central Analytical Laboratory",578.0,0.00072,5,"2024-03-14","B",,
"b4d70a0b-a2c1-44a7-8008-716867dab93d","D02","POSE","POSE.AOS.S2","POSE.SS.20240311.FIL","A00000171151","2024-03-11T14:19Z","2024-03-11T14:19Z","Illinois State Water Survey Central Analytical Laboratory",432.0,0.00390,5,"2024-03-14","A",,
"045aeb31-659d-4051-aff1-eb46c0ca8dee","D02","POSE","POSE.AOS.S2","POSE.SS.20240311.FIL","A00000171151","2024-03-11T14:19Z","2024-03-11T14:19Z","Illinois State Water Survey Central Analytical Laboratory",326.0,0.01946,5,"2024-03-14","A",,
"986bd921-ac42-4da8-80d7-9afc3ff983be","D02","POSE","POSE.AOS.S2","POSE.SS.20240311.FIL","A00000171151","2024-03-11T14:19Z","2024-03-11T14:19Z","Illinois State Water Survey Central Analytical Laboratory",458.0,0.00266,5,"2024-03-14","B",,
"951124e0-6630-48de-afd8-fc6dd3ee8756","D02","POSE","POSE.AOS.S2","POSE.SS.20240311.FIL","A00000171151","2024-03-11T14:19Z","2024-03-11T14:19Z","Illinois State Water Survey Central Analytical Laboratory",350.0,0.01356,5,"2024-03-14","B",,
"0fda5f1f-6259-4ba9-b96b-949f77afc8da","D02","POSE","POSE.AOS.S2","POSE.SS.20240311.FIL","A00000171151","2024-03-11T14:19Z","2024-03-11T14:19Z","Illinois State Water Survey Central Analytical Laboratory",232.0,0.07832,5,"2024-03-14","A",,
"3e5df592-90ce-474c-93b1-19d425bc9406","D02","POSE","POSE.AOS.S2","POSE.SS.20240311.FIL","A00000171151","2024-03-11T14:19Z","2024-03-11T14:19Z","Illinois State Water Survey Central Analytical Laboratory",504.0,0.00156,5,"2024-03-14","A",,
"66b48a2e-cbf3-45b5-9ef5-2f0613e1203e","D02","POSE","POSE.AOS.S2","POSE.SS.20240311.FIL","A00000171151","2024-03-11T14:19Z","2024-03-11T14:19Z","Illinois State Water Survey Central Analytical Laboratory",478.0,0.00216,5,"2024-03-14","A",,
"913cadfb-95af-4af9-b4db-496429a5b0a8","D02","POSE","POSE.AOS.S2","POSE.SS.20240311.FIL","A00000171151","2024-03-11T14:19Z","2024-03-11T14:19Z","Illinois State Water Survey Central Analytical Laboratory",436.0,0.00356,5,"2024-03-14","B",,
"d1494208-f570-49e2-96a2-4940139deed5","D02","POSE","POSE.AOS.S2","POSE.SS.20240311.FIL","A00000171151","2024-03-11T14:19Z","2024-03-11T14:19Z","Illinois State Water Survey Central Analytical Laboratory",222.0,0.14020,5,"2024-03-14","B",,
"b2d5374d-3b02-404f-9e3e-fb18eb9caebd","D02","POSE","POSE.AOS.S2","POSE.SS.20240311.FIL","A00000171151","2024-03-11T14:19Z","2024-03-11T14:19Z","Illinois State Water Survey Central Analytical Laboratory",516.0,0.00132,5,"2024-03-14","B",,
"0c5eb7e6-ed56-41e0-9aad-5c088449c52a","D02","POSE","POSE.AOS.S2","POSE.SS.20240311.FIL","A00000171151","2024-03-11T14:19Z","2024-03-11T14:19Z","Illinois State Water Survey Central Analytical Laboratory",286.0,0.03464,5,"2024-03-14","B",,
"476bb9cc-9eb5-471d-afb2-20aaa72b981a","D02","POSE","POSE.AOS.S2","POSE.SS.20240311.FIL","A00000171151","2024-03-11T14:19Z","2024-03-11T14:19Z","Illinois State Water Survey Central Analytical Laboratory",348.0,0.01394,5,"2024-03-14","B",,
"3d99d55c-55b4-4054-a04e-6e23d1b99774","D02","POSE","POSE.AOS.S2","POSE.SS.20240311.FIL","A00000171151","2024-03-11T14:19Z","2024-03-11T14:19Z","Illinois State Water Survey Central Analytical Laboratory",366.0,0.01062,5,"2024-03-14","A",,
"59ab28f9-bc79-455f-92b1-cf5edcec371e","D02","POSE","POSE.AOS.S2","POSE.SS.20240311.FIL","A00000171151","2024-03-11T14:19Z","2024-03-11T14:19Z","Illinois State Water Survey Central Analytical Laboratory",398.0,0.00634,5,"2024-03-14","A",,
"c4e8eafb-1e66-4fd0-8ef6-b2485875a2c0","D02","POSE","POSE.AOS.S2","POSE.SS.20240311.FIL","A00000171151","2024-03-11T14:19Z","2024-03-11T14:19Z","Illinois State Water Survey Central Analytical Laboratory",438.0,0.00360,5,"2024-03-14","A",,
"b502254b-28cf-492d-b15e-c8b8755d0731","D02","POSE","POSE.AOS.S2","POSE.SS.20240311.FIL","A00000171151","2024-03-11T14:19Z","2024-03-11T14:19Z","Illinois State Water Survey Central Analytical Laboratory",564.0,0.00080,5,"2024-03-14","B",,
"58a270ef-414e-4d99-a099-f9fa17da453b","D02","POSE","POSE.AOS.S2","POSE.SS.20240311.FIL","A00000171151","2024-03-11T14:19Z","2024-03-11T14:19Z","Illinois State Water Survey Central Analytical Laboratory",364.0,0.01096,5,"2024-03-14","B",,
"1fb59780-8798-4597-a462-5ada036ce2d9","D02","POSE","POSE.AOS.S2","POSE.SS.20240311.FIL","A00000171151","2024-03-11T14:19Z","2024-03-11T14:19Z","Illinois State Water Survey Central Analytical Laboratory",284.0,0.03556,5,"2024-03-14","B",,
"d7b73e83-3185-425f-a861-ed658f4ddba5","D02","POSE","POSE.AOS.S2","POSE.SS.20240311.FIL","A00000171151","2024-03-11T14:19Z","2024-03-11T14:19Z","Illinois State Water Survey Central Analytical Laboratory",540.0,0.00102,5,"2024-03-14","B",,
"3981c02c-d0c5-4348-85b4-632347a44680","D02","POSE","POSE.AOS.S2","POSE.SS.20240311.FIL","A00000171151","2024-03-11T14:19Z","2024-03-11T14:19Z","Illinois State Water Survey Central Analytical Laboratory",530.0,0.00126,5,"2024-03-14","A",,
"ba66f4bf-eddd-4cad-9d71-6b9549f26c10","D02","POSE","POSE.AOS.S2","POSE.SS.20240311.FIL","A00000171151","2024-03-11T14:19Z","2024-03-11T14:19Z","Illinois State Water Survey Central Analytical Laboratory",382.0,0.00818,5,"2024-03-14","B",,
"b0cd8928-ced1-4ebc-9dfa-bd73513b59f9","D02","POSE","POSE.AOS.S2","POSE.SS.20240311.FIL","A00000171151","2024-03-11T14:19Z","2024-03-11T14:19Z","Illinois State Water Survey Central Analytical Laboratory",434.0,0.00370,5,"2024-03-14","B",,
"15bf23f9-781a-46e3-8a7d-2675eb062141","D02","POSE","POSE.AOS.S2","POSE.SS.20240311.FIL","A00000171151","2024-03-11T14:19Z","2024-03-11T14:19Z","Illinois State Water Survey Central Analytical Laboratory",500.0,0.00156,5,"2024-03-14","B",,
"cc352b6b-7b2b-4340-89e5-f6c117f5c40b","D02","POSE","POSE.AOS.S2","POSE.SS.20240311.FIL","A00000171151","2024-03-11T14:19Z","2024-03-11T14:19Z","Illinois State Water Survey Central Analytical Laboratory",368.0,0.01026,5,"2024-03-14","B",,
"5aeaf04c-d3d8-4750-bfc1-1a330f358e5f","D02","POSE","POSE.AOS.S2","POSE.SS.20240311.FIL","A00000171151","2024-03-11T14:19Z","2024-03-11T14:19Z","Illinois State Water Survey Central Analytical Laboratory",356.0,0.01244,5,"2024-03-14","A",,
"1a572715-6ed8-419d-a61c-9b3fdd216665","D02","POSE","POSE.AOS.S2","POSE.SS.20240311.FIL","A00000171151","2024-03-11T14:19Z","2024-03-11T14:19Z","Illinois State Water Survey Central Analytical Laboratory",592.0,0.00068,5,"2024-03-14","A",,
"8d8278ba-3229-427f-af25-857d25bd52ab","D02","POSE","POSE.AOS.S2","POSE.SS.20240311.FIL","A00000171151","2024-03-11T14:19Z","2024-03-11T14:19Z","Illinois State Water Survey Central Analytical Laboratory",564.0,0.00086,5,"2024-03-14","A",,
"0047390d-2369-4878-8bce-fb069726d224","D02","POSE","POSE.AOS.S2","POSE.SS.20240311.FIL","A00000171151","2024-03-11T14:19Z","2024-03-11T14:19Z","Illinois State Water Survey Central Analytical Laboratory",306.0,0.02608,5,"2024-03-14","B",,
"53122f64-2e67-40fc-86d6-d97f0ee502bd","D02","POSE","POSE.AOS.S2","POSE.SS.20240311.FIL","A00000171151","2024-03-11T14:19Z","2024-03-11T14:19Z","Illinois State Water Survey Central Analytical Laboratory",254.0,0.04942,5,"2024-03-14","B",,
"25d9f0d0-b97a-44dd-a934-c0082ad35c6b","D02","POSE","POSE.AOS.S2","POSE.SS.20240311.FIL","A00000171151","2024-03-11T14:19Z","2024-03-11T14:19Z","Illinois State Water Survey Central Analytical Laboratory",484.0,0.00198,5,"2024-03-14","A",,
"4103aea2-b4bc-405b-9326-cafd33809e41","D02","POSE","POSE.AOS.S2","POSE.SS.20240311.FIL","A00000171151","2024-03-11T14:19Z","2024-03-11T14:19Z","Illinois State Water Survey Central Analytical Laboratory",372.0,0.00966,5,"2024-03-14","A",,
"6836de1f-f383-4e1b-847e-d0c090e6538c","D02","POSE","POSE.AOS.S2","POSE.SS.20240311.FIL","A00000171151","2024-03-11T14:19Z","2024-03-11T14:19Z","Illinois State Water Survey Central Analytical Laboratory",594.0,0.00058,5,"2024-03-14","B",,
"a692c396-75a5-4602-b254-9dff1d3fff6d","D02","POSE","POSE.AOS.S2","POSE.SS.20240311.FIL","A00000171151","2024-03-11T14:19Z","2024-03-11T14:19Z","Illinois State Water Survey Central Analytical Laboratory",316.0,0.02260,5,"2024-03-14","B",,
"0455431c-1e11-43ff-a615-271ca9e2685f","D02","POSE","POSE.AOS.S2","POSE.SS.20240311.FIL","A00000171151","2024-03-11T14:19Z","2024-03-11T14:19Z","Illinois State Water Survey Central Analytical Laboratory",252.0,0.05042,5,"2024-03-14","B",,
"48faa0c3-07e5-4573-8594-cd669031546c","D02","POSE","POSE.AOS.S2","POSE.SS.20240311.FIL","A00000171151","2024-03-11T14:19Z","2024-03-11T14:19Z","Illinois State Water Survey Central Analytical Laboratory",358.0,0.01204,5,"2024-03-14","B",,
"6756c1c1-959b-4c67-ac10-fe7b6edde2e9","D02","POSE","POSE.AOS.S2","POSE.SS.20240311.FIL","A00000171151","2024-03-11T14:19Z","2024-03-11T14:19Z","Illinois State Water Survey Central Analytical Laboratory",394.0,0.00672,5,"2024-03-14","B",,
"0911b24a-3686-4d7f-98df-56a3adcc278a","D02","POSE","POSE.AOS.S2","POSE.SS.20240311.FIL","A00000171151","2024-03-11T14:19Z","2024-03-11T14:19Z","Illinois State Water Survey Central Analytical Laboratory",336.0,0.01672,5,"2024-03-14","A",,
"60bf38e9-f7f4-455e-8e50-74e07ad1441d","D02","POSE","POSE.AOS.S2","POSE.SS.20240311.FIL","A00000171151","2024-03-11T14:19Z","2024-03-11T14:19Z","Illinois State Water Survey Central Analytical Laboratory",238.0,0.06368,5,"2024-03-14","B",,
"67c27206-11d0-4d25-a209-34ce5493b6b5","D02","POSE","POSE.AOS.S2","POSE.SS.20240311.FIL","A00000171151","2024-03-11T14:19Z","2024-03-11T14:19Z","Illinois State Water Survey Central Analytical Laboratory",390.0,0.00716,5,"2024-03-14","A",,
"5ca814c8-4eb4-4392-8aab-e8263ebea0d8","D02","POSE","POSE.AOS.S2","POSE.SS.20240311.FIL","A00000171151","2024-03-11T14:19Z","2024-03-11T14:19Z","Illinois State Water Survey Central Analytical Laboratory",422.0,0.00440,5,"2024-03-14","B",,
"9c31c511-0a00-4584-95dd-d43663ca5a62","D02","POSE","POSE.AOS.S2","POSE.SS.20240311.FIL","A00000171151","2024-03-11T14:19Z","2024-03-11T14:19Z","Illinois State Water Survey Central Analytical Laboratory",252.0,0.05034,5,"2024-03-14","A",,
"a4206816-a34e-4746-931a-6b3b700223e2","D02","POSE","POSE.AOS.S2","POSE.SS.20240311.FIL","A00000171151","2024-03-11T14:19Z","2024-03-11T14:19Z","Illinois State Water Survey Central Analytical Laboratory",298.0,0.02918,5,"2024-03-14","A",,
"7d73b2f3-4b24-43c5-91b8-be1fb34fa546","D02","POSE","POSE.AOS.S2","POSE.SS.20240311.FIL","A00000171151","2024-03-11T14:19Z","2024-03-11T14:19Z","Illinois State Water Survey Central Analytical Laboratory",600.0,0.00060,5,"2024-03-14","B",,
"318d25f2-98c9-481e-98c8-aaa6d1935a27","D02","POSE","POSE.AOS.S2","POSE.SS.20240311.FIL","A00000171151","2024-03-11T14:19Z","2024-03-11T14:19Z","Illinois State Water Survey Central Analytical Laboratory",396.0,0.00658,5,"2024-03-14","A",,
"63c5cee9-614c-4dfd-b1b2-c78c82d61d60","D02","POSE","POSE.AOS.S2","POSE.SS.20240311.FIL","A00000171151","2024-03-11T14:19Z","2024-03-11T14:19Z","Illinois State Water Survey Central Analytical Laboratory",246.0,0.05422,5,"2024-03-14","A",,
"f7313cf8-ef00-420a-b6b2-a3d22248f4a9","D02","POSE","POSE.AOS.S2","POSE.SS.20240311.FIL","A00000171151","2024-03-11T14:19Z","2024-03-11T14:19Z","Illinois State Water Survey Central Analytical Laboratory",302.0,0.02758,5,"2024-03-14","A",,
"63465611-57e5-4ff8-a05c-80835992225e","D02","POSE","POSE.AOS.S2","POSE.SS.20240311.FIL","A00000171151","2024-03-11T14:19Z","2024-03-11T14:19Z","Illinois State Water Survey Central Analytical Laboratory",274.0,0.04008,5,"2024-03-14","B",,
"433c88a4-3236-4b23-8af5-2f09c1152955","D02","POSE","POSE.AOS.S2","POSE.SS.20240311.FIL","A00000171151","2024-03-11T14:19Z","2024-03-11T14:19Z","Illinois State Water Survey Central Analytical Laboratory",460.0,0.00258,5,"2024-03-14","B",,
"28091f4b-c0da-4eaa-93a6-2c97251018a7","D02","POSE","POSE.AOS.S2","POSE.SS.20240311.FIL","A00000171151","2024-03-11T14:19Z","2024-03-11T14:19Z","Illinois State Water Survey Central Analytical Laboratory",580.0,0.00076,5,"2024-03-14","A",,
"1abb4d92-1b5d-494c-bd8a-f5236edcb462","D02","POSE","POSE.AOS.S2","POSE.SS.20240311.FIL","A00000171151","2024-03-11T14:19Z","2024-03-11T14:19Z","Illinois State Water Survey Central Analytical Laboratory",360.0,0.01164,5,"2024-03-14","B",,
"15a75f19-2be4-4766-a0b6-343f1b78bbf3","D02","POSE","POSE.AOS.S2","POSE.SS.20240311.FIL","A00000171151","2024-03-11T14:19Z","2024-03-11T14:19Z","Illinois State Water Survey Central Analytical Laboratory",568.0,0.00076,5,"2024-03-14","A",,
"67568b01-421a-48ce-a6db-cf1366838b43","D02","POSE","POSE.AOS.S2","POSE.SS.20240311.FIL","A00000171151","2024-03-11T14:19Z","2024-03-11T14:19Z","Illinois State Water Survey Central Analytical Laboratory",378.0,0.00880,5,"2024-03-14","A",,
"271f2763-9d6d-4759-82eb-71381135611c","D02","POSE","POSE.AOS.S2","POSE.SS.20240311.FIL","A00000171151","2024-03-11T14:19Z","2024-03-11T14:19Z","Illinois State Water Survey Central Analytical Laboratory",384.0,0.00792,5,"2024-03-14","A",,
"8baa00e6-2769-4ff3-878b-85811918fdcb","D02","POSE","POSE.AOS.S2","POSE.SS.20240311.FIL","A00000171151","2024-03-11T14:19Z","2024-03-11T14:19Z","Illinois State Water Survey Central Analytical Laboratory",426.0,0.00416,5,"2024-03-14","B",,
"7e95ad67-2df0-4e2b-969c-ebe80e87c31b","D02","POSE","POSE.AOS.S2","POSE.SS.20240311.FIL","A00000171151","2024-03-11T14:19Z","2024-03-11T14:19Z","Illinois State Water Survey Central Analytical Laboratory",510.0,0.00138,5,"2024-03-14","B",,
"18a691ba-e582-41ab-8e6b-a52a9151a6ff","D02","POSE","POSE.AOS.S2","POSE.SS.20240311.FIL","A00000171151","2024-03-11T14:19Z","2024-03-11T14:19Z","Illinois State Water Survey Central Analytical Laboratory",264.0,0.04444,5,"2024-03-14","A",,
"b374bca3-cbeb-4d88-8142-f2dd9d629214","D02","POSE","POSE.AOS.S2","POSE.SS.20240311.FIL","A00000171151","2024-03-11T14:19Z","2024-03-11T14:19Z","Illinois State Water Survey Central Analytical Laboratory",370.0,0.00992,5,"2024-03-14","A",,
"485b61f4-ef9e-4abf-b20e-6bc4ce9f7e7d","D02","POSE","POSE.AOS.S2","POSE.SS.20240311.FIL","A00000171151","2024-03-11T14:19Z","2024-03-11T14:19Z","Illinois State Water Survey Central Analytical Laboratory",506.0,0.00152,5,"2024-03-14","A",,
"1e63d64b-df1c-4b28-8ecb-7ffca1449673","D02","POSE","POSE.AOS.S2","POSE.SS.20240311.FIL","A00000171151","2024-03-11T14:19Z","2024-03-11T14:19Z","Illinois State Water Survey Central Analytical Laboratory",226.0,0.10694,5,"2024-03-14","A",,
"b5e1ee89-8d85-4b15-bf4f-eae6abc88595","D02","POSE","POSE.AOS.S2","POSE.SS.20240311.FIL","A00000171151","2024-03-11T14:19Z","2024-03-11T14:19Z","Illinois State Water Survey Central Analytical Laboratory",548.0,0.00096,5,"2024-03-14","B",,
"8ccbc8ef-bac6-40e4-983e-e7618dbd2443","D02","POSE","POSE.AOS.S2","POSE.SS.20240311.FIL","A00000171151","2024-03-11T14:19Z","2024-03-11T14:19Z","Illinois State Water Survey Central Analytical Laboratory",516.0,0.00142,5,"2024-03-14","A",,
"8662b3dc-613c-44c2-9d57-0857d67be51b","D02","POSE","POSE.AOS.S2","POSE.SS.20240311.FIL","A00000171151","2024-03-11T14:19Z","2024-03-11T14:19Z","Illinois State Water Survey Central Analytical Laboratory",438.0,0.00348,5,"2024-03-14","B",,
"fcdc4d11-3503-4cd0-aa76-d4878f484038","D02","POSE","POSE.AOS.S2","POSE.SS.20240311.FIL","A00000171151","2024-03-11T14:19Z","2024-03-11T14:19Z","Illinois State Water Survey Central Analytical Laboratory",292.0,0.03178,5,"2024-03-14","A",,
"6e11a389-171d-4674-a26c-0c25aa70371c","D02","POSE","POSE.AOS.S2","POSE.SS.20240311.FIL","A00000171151","2024-03-11T14:19Z","2024-03-11T14:19Z","Illinois State Water Survey Central Analytical Laboratory",402.0,0.00598,5,"2024-03-14","B",,
"29a1a105-6197-4274-bf3f-c168992690ae","D02","POSE","POSE.AOS.S2","POSE.SS.20240311.FIL","A00000171151","2024-03-11T14:19Z","2024-03-11T14:19Z","Illinois State Water Survey Central Analytical Laboratory",592.0,0.00066,5,"2024-03-14","B",,
"37785365-1f9d-4b7e-8463-ca9521143cf7","D02","POSE","POSE.AOS.S2","POSE.SS.20240311.FIL","A00000171151","2024-03-11T14:19Z","2024-03-11T14:19Z","Illinois State Water Survey Central Analytical Laboratory",332.0,0.01770,5,"2024-03-14","B",,
"163c4f3d-8705-4b14-bfe1-33d13079dff9","D02","POSE","POSE.AOS.S2","POSE.SS.20240311.FIL","A00000171151","2024-03-11T14:19Z","2024-03-11T14:19Z","Illinois State Water Survey Central Analytical Laboratory",256.0,0.04832,5,"2024-03-14","B",,
"96e675ba-e342-42f3-afec-ee233b7c96d5","D02","POSE","POSE.AOS.S2","POSE.SS.20240311.FIL","A00000171151","2024-03-11T14:19Z","2024-03-11T14:19Z","Illinois State Water Survey Central Analytical Laboratory",290.0,0.03276,5,"2024-03-14","B",,
"43ae31bd-e41a-4b0e-8596-f1ed9da90110","D02","POSE","POSE.AOS.S2","POSE.SS.20240311.FIL","A00000171151","2024-03-11T14:19Z","2024-03-11T14:19Z","Illinois State Water Survey Central Analytical Laboratory",274.0,0.03998,5,"2024-03-14","A",,
"025b61c0-72ab-4676-bf1f-0ed8dd4d7394","D02","POSE","POSE.AOS.S2","POSE.SS.20240311.FIL","A00000171151","2024-03-11T14:19Z","2024-03-11T14:19Z","Illinois State Water Survey Central Analytical Laboratory",562.0,0.00084,5,"2024-03-14","A",,
"2ba9b6de-314a-4eae-903a-8743a7e6a962","D02","POSE","POSE.AOS.S2","POSE.SS.20240311.FIL","A00000171151","2024-03-11T14:19Z","2024-03-11T14:19Z","Illinois State Water Survey Central Analytical Laboratory",416.0,0.00482,5,"2024-03-14","B",,
"61ee3ea5-6c86-4090-9bbe-41f481be4bba","D02","POSE","POSE.AOS.S2","POSE.SS.20240311.FIL","A00000171151","2024-03-11T14:19Z","2024-03-11T14:19Z","Illinois State Water Survey Central Analytical Laboratory",482.0,0.00210,5,"2024-03-14","A",,
"f6ec808f-6039-44bd-882d-4a5e9fb15e1f","D02","POSE","POSE.AOS.S2","POSE.SS.20240311.FIL","A00000171151","2024-03-11T14:19Z","2024-03-11T14:19Z","Illinois State Water Survey Central Analytical Laboratory",582.0,0.00066,5,"2024-03-14","B",,
"968bfee7-faf7-496a-8e45-f97af863f8a6","D02","POSE","POSE.AOS.S2","POSE.SS.20240311.FIL","A00000171151","2024-03-11T14:19Z","2024-03-11T14:19Z","Illinois State Water Survey Central Analytical Laboratory",386.0,0.00762,5,"2024-03-14","B",,
"81e729be-a488-4ef0-813e-2ca6df9e67dd","D02","POSE","POSE.AOS.S2","POSE.SS.20240311.FIL","A00000171151","2024-03-11T14:19Z","2024-03-11T14:19Z","Illinois State Water Survey Central Analytical Laboratory",468.0,0.00240,5,"2024-03-14","A",,
"5d332e7e-3133-414a-8f45-2d2d66eb90af","D02","POSE","POSE.AOS.S2","POSE.SS.20240311.FIL","A00000171151","2024-03-11T14:19Z","2024-03-11T14:19Z","Illinois State Water Survey Central Analytical Laboratory",454.0,0.00280,5,"2024-03-14","B",,
"967818f5-eb46-4c57-9db1-2cf1e864fb9b","D02","POSE","POSE.AOS.S2","POSE.SS.20240311.FIL","A00000171151","2024-03-11T14:19Z","2024-03-11T14:19Z","Illinois State Water Survey Central Analytical Laboratory",566.0,0.00088,5,"2024-03-14","A",,
"7b0eb714-5506-437c-9db0-8a178faa68d5","D02","POSE","POSE.AOS.S2","POSE.SS.20240311.FIL","A00000171151","2024-03-11T14:19Z","2024-03-11T14:19Z","Illinois State Water Survey Central Analytical Laboratory",466.0,0.00236,5,"2024-03-14","B",,
"164cb1d7-bf88-4522-a9a0-66d1fd373daf","D02","POSE","POSE.AOS.S2","POSE.SS.20240311.FIL","A00000171151","2024-03-11T14:19Z","2024-03-11T14:19Z","Illinois State Water Survey Central Analytical Laboratory",230.0,0.08688,5,"2024-03-14","B",,
"43107bfa-6983-400a-a14c-2bd7423be1d3","D02","POSE","POSE.AOS.S2","POSE.SS.20240311.FIL","A00000171151","2024-03-11T14:19Z","2024-03-11T14:19Z","Illinois State Water Survey Central Analytical Laboratory",294.0,0.03088,5,"2024-03-14","B",,
"b3e0d50d-2e87-49f5-b672-62bf31d412d3","D02","POSE","POSE.AOS.S2","POSE.SS.20240311.FIL","A00000171151","2024-03-11T14:19Z","2024-03-11T14:19Z","Illinois State Water Survey Central Analytical Laboratory",460.0,0.00270,5,"2024-03-14","A",,
"a03920b7-85a4-4526-92b1-7900c8df24b4","D02","POSE","POSE.AOS.S2","POSE.SS.20240311.FIL","A00000171151","2024-03-11T14:19Z","2024-03-11T14:19Z","Illinois State Water Survey Central Analytical Laboratory",494.0,0.00170,5,"2024-03-14","B",,
"b8fb3927-06bc-4ef9-abe1-e7adab090826","D02","POSE","POSE.AOS.S2","POSE.SS.20240311.FIL","A00000171151","2024-03-11T14:19Z","2024-03-11T14:19Z","Illinois State Water Survey Central Analytical Laboratory",492.0,0.00176,5,"2024-03-14","B",,
"d8e7a8aa-e8f8-420f-9f70-ee7376d32a91","D02","POSE","POSE.AOS.S2","POSE.SS.20240311.FIL","A00000171151","2024-03-11T14:19Z","2024-03-11T14:19Z","Illinois State Water Survey Central Analytical Laboratory",278.0,0.03822,5,"2024-03-14","A",,
"7d45d090-7349-44d9-99ad-1c32ad83475a","D02","POSE","POSE.AOS.S2","POSE.SS.20240311.FIL","A00000171151","2024-03-11T14:19Z","2024-03-11T14:19Z","Illinois State Water Survey Central Analytical Laboratory",544.0,0.00110,5,"2024-03-14","A",,
"228d1afd-d4e9-4fbc-a356-bd02b8a61016","D02","POSE","POSE.AOS.S2","POSE.SS.20240311.FIL","A00000171151","2024-03-11T14:19Z","2024-03-11T14:19Z","Illinois State Water Survey Central Analytical Laboratory",256.0,0.04822,5,"2024-03-14","A",,
"fde8895e-3627-4724-bd53-128c673e4abd","D02","POSE","POSE.AOS.S2","POSE.SS.20240311.FIL","A00000171151","2024-03-11T14:19Z","2024-03-11T14:19Z","Illinois State Water Survey Central Analytical Laboratory",322.0,0.02072,5,"2024-03-14","A",,
"4882a538-2d48-4704-ab65-62f3b15d712c","D02","POSE","POSE.AOS.S2","POSE.SS.20240311.FIL","A00000171151","2024-03-11T14:19Z","2024-03-11T14:19Z","Illinois State Water Survey Central Analytical Laboratory",502.0,0.00162,5,"2024-03-14","A",,
"5fc7b442-a13f-40ee-8db5-858caf77fc1b","D02","POSE","POSE.AOS.S2","POSE.SS.20240311.FIL","A00000171151","2024-03-11T14:19Z","2024-03-11T14:19Z","Illinois State Water Survey Central Analytical Laboratory",302.0,0.02762,5,"2024-03-14","B",,
"e961e3c5-9f27-4d25-9611-a52e930be6f3","D02","POSE","POSE.AOS.S2","POSE.SS.20240311.FIL","A00000171151","2024-03-11T14:19Z","2024-03-11T14:19Z","Illinois State Water Survey Central Analytical Laboratory",276.0,0.03910,5,"2024-03-14","A",,
"2d517674-5806-4593-8036-b601234a133e","D02","POSE","POSE.AOS.S2","POSE.SS.20240311.FIL","A00000171151","2024-03-11T14:19Z","2024-03-11T14:19Z","Illinois State Water Survey Central Analytical Laboratory",458.0,0.00278,5,"2024-03-14","A",,
"17558faf-e10a-48fa-8b1d-bda50b452046","D02","POSE","POSE.AOS.S2","POSE.SS.20240311.FIL","A00000171151","2024-03-11T14:19Z","2024-03-11T14:19Z","Illinois State Water Survey Central Analytical Laboratory",420.0,0.00456,5,"2024-03-14","A",,
"dabfb9e2-a6bd-4bff-a066-1295b3c7c455","D02","POSE","POSE.AOS.S2","POSE.SS.20240311.FIL","A00000171151","2024-03-11T14:19Z","2024-03-11T14:19Z","Illinois State Water Survey Central Analytical Laboratory",322.0,0.02070,5,"2024-03-14","B",,
"9091c6a8-c08e-4838-9b88-50b665a2f97e","D02","POSE","POSE.AOS.S2","POSE.SS.20240311.FIL","A00000171151","2024-03-11T14:19Z","2024-03-11T14:19Z","Illinois State Water Survey Central Analytical Laboratory",376.0,0.00902,5,"2024-03-14","A",,
"dc9161b5-4cb0-4399-ae71-299aab9ac709","D02","POSE","POSE.AOS.S2","POSE.SS.20240311.FIL","A00000171151","2024-03-11T14:19Z","2024-03-11T14:19Z","Illinois State Water Survey Central Analytical Laboratory",576.0,0.00074,5,"2024-03-14","A",,
"ccd38f80-54e6-4f45-89df-dba8061510ef","D02","POSE","POSE.AOS.S2","POSE.SS.20240311.FIL","A00000171151","2024-03-11T14:19Z","2024-03-11T14:19Z","Illinois State Water Survey Central Analytical Laboratory",408.0,0.00548,5,"2024-03-14","B",,
"207c0100-9d42-45b1-a5bc-35150fb2043e","D02","POSE","POSE.AOS.S2","POSE.SS.20240311.FIL","A00000171151","2024-03-11T14:19Z","2024-03-11T14:19Z","Illinois State Water Survey Central Analytical Laboratory",236.0,0.06710,5,"2024-03-14","A",,
"b222101a-edd4-4257-aa0f-08a7d5e5a79b","D02","POSE","POSE.AOS.S2","POSE.SS.20240311.FIL","A00000171151","2024-03-11T14:19Z","2024-03-11T14:19Z","Illinois State Water Survey Central Analytical Laboratory",344.0,0.01480,5,"2024-03-14","B",,
"e29ecf2f-1f73-4996-a064-89f08656199b","D02","POSE","POSE.AOS.S2","POSE.SS.20240311.FIL","A00000171151","2024-03-11T14:19Z","2024-03-11T14:19Z","Illinois State Water Survey Central Analytical Laboratory",588.0,0.00062,5,"2024-03-14","B",,
"759c42e8-4384-4afd-aa8e-5cb0217cf499","D02","POSE","POSE.AOS.S2","POSE.SS.20240311.FIL","A00000171151","2024-03-11T14:19Z","2024-03-11T14:19Z","Illinois State Water Survey Central Analytical Laboratory",392.0,0.00696,5,"2024-03-14","B",,
"90b5ab70-57ca-4e33-afbb-b4dac7062505","D02","POSE","POSE.AOS.S2","POSE.SS.20240311.FIL","A00000171151","2024-03-11T14:19Z","2024-03-11T14:19Z","Illinois State Water Survey Central Analytical Laboratory",474.0,0.00214,5,"2024-03-14","B",,
"92da968d-35a0-415c-b737-826700494e14","D02","POSE","POSE.AOS.S2","POSE.SS.20240311.FIL","A00000171151","2024-03-11T14:19Z","2024-03-11T14:19Z","Illinois State Water Survey Central Analytical Laboratory",598.0,0.00054,5,"2024-03-14","B",,
"fe3f2965-3f5f-4165-94c8-2a7c06af29a6","D02","POSE","POSE.AOS.S2","POSE.SS.20240311.FIL","A00000171151","2024-03-11T14:19Z","2024-03-11T14:19Z","Illinois State Water Survey Central Analytical Laboratory",334.0,0.01722,5,"2024-03-14","A",,
"1c40aa65-26e4-4abe-aa59-e2c395b55f3f","D02","POSE","POSE.AOS.S2","POSE.SS.20240311.FIL","A00000171151","2024-03-11T14:19Z","2024-03-11T14:19Z","Illinois State Water Survey Central Analytical Laboratory",266.0,0.04362,5,"2024-03-14","B",,
"e8b9aee0-05cb-43e4-bfb4-3d4318d63cc4","D02","POSE","POSE.AOS.S2","POSE.SS.20240311.FIL","A00000171151","2024-03-11T14:19Z","2024-03-11T14:19Z","Illinois State Water Survey Central Analytical Laboratory",294.0,0.03082,5,"2024-03-14","A",,
"d06c45f9-8e35-4500-9a7c-2da87bee0f06","D02","POSE","POSE.AOS.S2","POSE.SS.20240311.FIL","A00000171151","2024-03-11T14:19Z","2024-03-11T14:19Z","Illinois State Water Survey Central Analytical Laboratory",572.0,0.00084,5,"2024-03-14","A",,
"13bbdcfd-8722-4bba-bbf8-95ba0bfd911f","D02","POSE","POSE.AOS.S2","POSE.SS.20240311.FIL","A00000171151","2024-03-11T14:19Z","2024-03-11T14:19Z","Illinois State Water Survey Central Analytical Laboratory",362.0,0.01128,5,"2024-03-14","A",,
"9f25e452-22ef-42ee-92b0-60e199a5943f","D02","POSE","POSE.AOS.S2","POSE.SS.20240311.FIL","A00000171151","2024-03-11T14:19Z","2024-03-11T14:19Z","Illinois State Water Survey Central Analytical Laboratory",222.0,0.13936,5,"2024-03-14","A",,
"79dd6b98-debe-4055-8e15-883657cb33ae","D02","POSE","POSE.AOS.S2","POSE.SS.20240311.FIL","A00000171151","2024-03-11T14:19Z","2024-03-11T14:19Z","Illinois State Water Survey Central Analytical Laboratory",366.0,0.01060,5,"2024-03-14","B",,
"c22120a0-379d-491d-8eb8-600d25d3536f","D02","POSE","POSE.AOS.S2","POSE.SS.20240311.FIL","A00000171151","2024-03-11T14:19Z","2024-03-11T14:19Z","Illinois State Water Survey Central Analytical Laboratory",348.0,0.01398,5,"2024-03-14","A",,
"a419d709-5391-4a40-8d83-adfbb7ac1909","D02","POSE","POSE.AOS.S2","POSE.SS.20240311.FIL","A00000171151","2024-03-11T14:19Z","2024-03-11T14:19Z","Illinois State Water Survey Central Analytical Laboratory",518.0,0.00136,5,"2024-03-14","A",,
"bd919a6c-a6d9-4047-8fc4-d6dbba186f14","D02","POSE","POSE.AOS.S2","POSE.SS.20240311.FIL","A00000171151","2024-03-11T14:19Z","2024-03-11T14:19Z","Illinois State Water Survey Central Analytical Laboratory",296.0,0.02996,5,"2024-03-14","A",,
"fac0c190-e825-463a-853e-eaa93da72578","D02","POSE","POSE.AOS.S2","POSE.SS.20240311.FIL","A00000171151","2024-03-11T14:19Z","2024-03-11T14:19Z","Illinois State Water Survey Central Analytical Laboratory",596.0,0.00070,5,"2024-03-14","A",,
"6286df41-b118-4ea2-b8ca-45e94bee1aff","D02","POSE","POSE.AOS.S2","POSE.SS.20240311.FIL","A00000171151","2024-03-11T14:19Z","2024-03-11T14:19Z","Illinois State Water Survey Central Analytical Laboratory",574.0,0.00074,5,"2024-03-14","B",,
"65631c0e-958e-4229-8a8b-22adf665f67c","D02","POSE","POSE.AOS.S2","POSE.SS.20240311.FIL","A00000171151","2024-03-11T14:19Z","2024-03-11T14:19Z","Illinois State Water Survey Central Analytical Laboratory",248.0,0.05284,5,"2024-03-14","A",,
"bbb6c05a-d781-4aae-b8f0-a5b6e15a77e0","D02","POSE","POSE.AOS.S2","POSE.SS.20240311.FIL","A00000171151","2024-03-11T14:19Z","2024-03-11T14:19Z","Illinois State Water Survey Central Analytical Laboratory",312.0,0.02396,5,"2024-03-14","A",,
"5d649271-6fb2-45e0-9b11-92769a8d54fb","D02","POSE","POSE.AOS.S2","POSE.SS.20240311.FIL","A00000171151","2024-03-11T14:19Z","2024-03-11T14:19Z","Illinois State Water Survey Central Analytical Laboratory",326.0,0.01946,5,"2024-03-14","B",,
"4fab257a-83ce-4bc9-850b-081551de6479","D02","POSE","POSE.AOS.S2","POSE.SS.20240311.FIL","A00000171151","2024-03-11T14:19Z","2024-03-11T14:19Z","Illinois State Water Survey Central Analytical Laboratory",558.0,0.00088,5,"2024-03-14","A",,
"a9d8e151-545c-49b6-bb0e-84115a495649","D02","POSE","POSE.AOS.S2","POSE.SS.20240311.FIL","A00000171151","2024-03-11T14:19Z","2024-03-11T14:19Z","Illinois State Water Survey Central Analytical Laboratory",396.0,0.00654,5,"2024-03-14","B",,
"0252b03b-bda8-4da6-b64d-065109570842","D02","POSE","POSE.AOS.S2","POSE.SS.20240311.FIL","A00000171151","2024-03-11T14:19Z","2024-03-11T14:19Z","Illinois State Water Survey Central Analytical Laboratory",410.0,0.00530,5,"2024-03-14","A",,
"ab5c7844-2a63-484c-8c8d-3ebaf4a7d16a","D02","POSE","POSE.AOS.S2","POSE.SS.20240311.FIL","A00000171151","2024-03-11T14:19Z","2024-03-11T14:19Z","Illinois State Water Survey Central Analytical Laboratory",578.0,0.00078,5,"2024-03-14","A",,
"1fed26d7-31e5-4be4-b1f4-434fc8092c5b","D02","POSE","POSE.AOS.S2","POSE.SS.20240311.FIL","A00000171151","2024-03-11T14:19Z","2024-03-11T14:19Z","Illinois State Water Survey Central Analytical Laboratory",586.0,0.00070,5,"2024-03-14","B",,
"35682de4-c519-4f53-b17b-06ef13326954","D02","POSE","POSE.AOS.S2","POSE.SS.20240311.FIL","A00000171151","2024-03-11T14:19Z","2024-03-11T14:19Z","Illinois State Water Survey Central Analytical Laboratory",480.0,0.00210,5,"2024-03-14","A",,
"124c11df-c072-45a2-96c8-9d7e9e6f1113","D02","POSE","POSE.AOS.S2","POSE.SS.20240311.FIL","A00000171151","2024-03-11T14:19Z","2024-03-11T14:19Z","Illinois State Water Survey Central Analytical Laboratory",454.0,0.00288,5,"2024-03-14","A",,
"220c0dfa-6e50-4747-801c-c0b1fb4c6d09","D02","POSE","POSE.AOS.S2","POSE.SS.20240311.FIL","A00000171151","2024-03-11T14:19Z","2024-03-11T14:19Z","Illinois State Water Survey Central Analytical Laboratory",508.0,0.00146,5,"2024-03-14","B",,
"452c6f7b-e0b2-4dd7-af05-bfafc7f47c12","D02","POSE","POSE.AOS.S2","POSE.SS.20240311.FIL","A00000171151","2024-03-11T14:19Z","2024-03-11T14:19Z","Illinois State Water Survey Central Analytical Laboratory",350.0,0.01356,5,"2024-03-14","A",,
"80f945b0-fc5d-40aa-b9a2-f763dc0b174b","D02","POSE","POSE.AOS.S2","POSE.SS.20240311.FIL","A00000171151","2024-03-11T14:19Z","2024-03-11T14:19Z","Illinois State Water Survey Central Analytical Laboratory",306.0,0.02606,5,"2024-03-14","A",,
"bd7f1163-f7cb-4445-a3a6-00bf974aba52","D02","POSE","POSE.AOS.S2","POSE.SS.20240311.FIL","A00000171151","2024-03-11T14:19Z","2024-03-11T14:19Z","Illinois State Water Survey Central Analytical Laboratory",400.0,0.00618,5,"2024-03-14","B",,
"24eacead-1385-4ab8-bab7-25d408a3eb55","D02","POSE","POSE.AOS.S2","POSE.SS.20240311.FIL","A00000171151","2024-03-11T14:19Z","2024-03-11T14:19Z","Illinois State Water Survey Central Analytical Laboratory",360.0,0.01168,5,"2024-03-14","A",,
"ef5c5dd9-1f51-4f3e-b4d7-133f1531c0ee","D02","POSE","POSE.AOS.S2","POSE.SS.20240311.FIL","A00000171151","2024-03-11T14:19Z","2024-03-11T14:19Z","Illinois State Water Survey Central Analytical Laboratory",308.0,0.02530,5,"2024-03-14","A",,
"acf8fa14-2df5-425a-83c4-c2ba2acdc99e","D02","POSE","POSE.AOS.S2","POSE.SS.20240311.FIL","A00000171151","2024-03-11T14:19Z","2024-03-11T14:19Z","Illinois State Water Survey Central Analytical Laboratory",310.0,0.02464,5,"2024-03-14","B",,
"2f059a8c-386b-4a84-bfd0-efb63442981b","D02","POSE","POSE.AOS.S2","POSE.SS.20240311.FIL","A00000171151","2024-03-11T14:19Z","2024-03-11T14:19Z","Illinois State Water Survey Central Analytical Laboratory",310.0,0.02460,5,"2024-03-14","A",,
"a3303274-993b-4b2f-9ebb-63599571f570","D02","POSE","POSE.AOS.S2","POSE.SS.20240311.FIL","A00000171151","2024-03-11T14:19Z","2024-03-11T14:19Z","Illinois State Water Survey Central Analytical Laboratory",472.0,0.00230,5,"2024-03-14","A",,
"3e67287c-45c5-4cf0-ad4f-0c2d5db52f77","D02","POSE","POSE.AOS.S2","POSE.SS.20240311.FIL","A00000171151","2024-03-11T14:19Z","2024-03-11T14:19Z","Illinois State Water Survey Central Analytical Laboratory",304.0,0.02680,5,"2024-03-14","A",,
"d2e9e084-ad73-4859-ad43-2f814ba57c6a","D02","POSE","POSE.AOS.S2","POSE.SS.20240311.FIL","A00000171151","2024-03-11T14:19Z","2024-03-11T14:19Z","Illinois State Water Survey Central Analytical Laboratory",424.0,0.00426,5,"2024-03-14","B",,
"4cd092da-55b1-42d7-9073-8692e8e8496f","D02","POSE","POSE.AOS.S2","POSE.SS.20240311.FIL","A00000171151","2024-03-11T14:19Z","2024-03-11T14:19Z","Illinois State Water Survey Central Analytical Laboratory",444.0,0.00328,5,"2024-03-14","A",,
"77194676-960f-480d-9b77-2ed23d89c24e","D02","POSE","POSE.AOS.S2","POSE.SS.20240311.FIL","A00000171151","2024-03-11T14:19Z","2024-03-11T14:19Z","Illinois State Water Survey Central Analytical Laboratory",376.0,0.00904,5,"2024-03-14","B",,
"0bfc7d4f-3def-475f-80fe-2f5a0a2f3442","D02","POSE","POSE.AOS.S2","POSE.SS.20240311.FIL","A00000171151","2024-03-11T14:19Z","2024-03-11T14:19Z","Illinois State Water Survey Central Analytical Laboratory",550.0,0.00094,5,"2024-03-14","B",,
"57eb84d9-2ac5-41fa-86b0-198913d10f37","D02","POSE","POSE.AOS.S2","POSE.SS.20240311.FIL","A00000171151","2024-03-11T14:19Z","2024-03-11T14:19Z","Illinois State Water Survey Central Analytical Laboratory",244.0,0.05630,5,"2024-03-14","B",,
"fb12bbac-0cde-43cd-9567-d7c35681be30","D02","POSE","POSE.AOS.S2","POSE.SS.20240311.FIL","A00000171151","2024-03-11T14:19Z","2024-03-11T14:19Z","Illinois State Water Survey Central Analytical Laboratory",528.0,0.00118,5,"2024-03-14","B",,
"5b76ead3-4c5b-4e0f-bf68-9f4d45a66c8c","D02","POSE","POSE.AOS.S2","POSE.SS.20240311.FIL","A00000171151","2024-03-11T14:19Z","2024-03-11T14:19Z","Illinois State Water Survey Central Analytical Laboratory",242.0,0.05792,5,"2024-03-14","A",,
"30756c49-6c45-453f-9a4c-70a2e1ed5207","D02","POSE","POSE.AOS.S2","POSE.SS.20240311.FIL","A00000171151","2024-03-11T14:19Z","2024-03-11T14:19Z","Illinois State Water Survey Central Analytical Laboratory",582.0,0.00076,5,"2024-03-14","A",,
"8e3c8cc5-8a50-4f19-a06e-c5ae24804968","D02","POSE","POSE.AOS.S2","POSE.SS.20240311.FIL","A00000171151","2024-03-11T14:19Z","2024-03-11T14:19Z","Illinois State Water Survey Central Analytical Laboratory",528.0,0.00130,5,"2024-03-14","A",,
"0dce0889-f320-439e-8b3d-e8e67c4cb5e1","D02","POSE","POSE.AOS.S2","POSE.SS.20240311.FIL","A00000171151","2024-03-11T14:19Z","2024-03-11T14:19Z","Illinois State Water Survey Central Analytical Laboratory",410.0,0.00528,5,"2024-03-14","B",,
"7bcc4620-98a1-4e6a-abc9-cef7f00e726a","D02","POSE","POSE.AOS.S2","POSE.SS.20240311.FIL","A00000171151","2024-03-11T14:19Z","2024-03-11T14:19Z","Illinois State Water Survey Central Analytical Laboratory",486.0,0.00200,5,"2024-03-14","A",,
"a5335693-1d4b-482a-984e-c1cd9b72d3f2","D02","POSE","POSE.AOS.S2","POSE.SS.20240311.FIL","A00000171151","2024-03-11T14:19Z","2024-03-11T14:19Z","Illinois State Water Survey Central Analytical Laboratory",498.0,0.00170,5,"2024-03-14","A",,
"32aadcb8-55e8-47f5-969c-e301cca15953","D02","POSE","POSE.AOS.S2","POSE.SS.20240311.FIL","A00000171151","2024-03-11T14:19Z","2024-03-11T14:19Z","Illinois State Water Survey Central Analytical Laboratory",300.0,0.02836,5,"2024-03-14","A",,
"8a7b7337-8c14-410b-a2bf-45af18bab77c","D02","POSE","POSE.AOS.S2","POSE.SS.20240311.FIL","A00000171151","2024-03-11T14:19Z","2024-03-11T14:19Z","Illinois State Water Survey Central Analytical Laboratory",502.0,0.00156,5,"2024-03-14","B",,
"1f0060de-c4cb-4b08-b538-798258b8ab62","D02","POSE","POSE.AOS.S2","POSE.SS.20240311.FIL","A00000171151","2024-03-11T14:19Z","2024-03-11T14:19Z","Illinois State Water Survey Central Analytical Laboratory",264.0,0.04456,5,"2024-03-14","B",,
"a462c390-5dae-4df9-b558-f615c8ea304b","D02","POSE","POSE.AOS.S2","POSE.SS.20240311.FIL","A00000171151","2024-03-11T14:19Z","2024-03-11T14:19Z","Illinois State Water Survey Central Analytical Laboratory",364.0,0.01096,5,"2024-03-14","A",,
"18b1f766-a130-4835-a41e-503b138a1343","D02","POSE","POSE.AOS.S2","POSE.SS.20240311.FIL","A00000171151","2024-03-11T14:19Z","2024-03-11T14:19Z","Illinois State Water Survey Central Analytical Laboratory",354.0,0.01276,5,"2024-03-14","A",,
"7934f00e-ed6b-430d-bef2-eadbd3c6a078","D02","POSE","POSE.AOS.S2","POSE.SS.20240311.FIL","A00000171151","2024-03-11T14:19Z","2024-03-11T14:19Z","Illinois State Water Survey Central Analytical Laboratory",268.0,0.04278,5,"2024-03-14","B",,
"227cad11-5f1e-45bf-85ea-a9d797450d8e","D02","POSE","POSE.AOS.S2","POSE.SS.20240311.FIL","A00000171151","2024-03-11T14:19Z","2024-03-11T14:19Z","Illinois State Water Survey Central Analytical Laboratory",382.0,0.00814,5,"2024-03-14","A",,
"afa065a4-f6dd-4e74-af1d-d402ad63bad6","D02","POSE","POSE.AOS.S2","POSE.SS.20240311.FIL","A00000171151","2024-03-11T14:19Z","2024-03-11T14:19Z","Illinois State Water Survey Central Analytical Laboratory",328.0,0.01888,5,"2024-03-14","B",,
"07f0210a-b376-4b36-a41e-9214a8d1a004","D02","POSE","POSE.AOS.S2","POSE.SS.20240311.FIL","A00000171151","2024-03-11T14:19Z","2024-03-11T14:19Z","Illinois State Water Survey Central Analytical Laboratory",328.0,0.01886,5,"2024-03-14","A",,
"0eba77d4-ea19-4377-8c4c-3d1a49e68c21","D02","POSE","POSE.AOS.S2","POSE.SS.20240311.FIL","A00000171151","2024-03-11T14:19Z","2024-03-11T14:19Z","Illinois State Water Survey Central Analytical Laboratory",384.0,0.00790,5,"2024-03-14","B",,
"a6e1d1b5-da3b-4624-960b-78b3d2f44150","D02","POSE","POSE.AOS.S2","POSE.SS.20240311.FIL","A00000171151","2024-03-11T14:19Z","2024-03-11T14:19Z","Illinois State Water Survey Central Analytical Laboratory",452.0,0.00298,5,"2024-03-14","A",,
"8d57087a-a229-4bea-9603-8212e0125a59","D02","POSE","POSE.AOS.S2","POSE.SS.20240311.FIL","A00000171151","2024-03-11T14:19Z","2024-03-11T14:19Z","Illinois State Water Survey Central Analytical Laboratory",400.0,0.00616,5,"2024-03-14","A",,
"9b20c000-c603-4200-bc2c-5ed7c63d3e0b","D02","POSE","POSE.AOS.S2","POSE.SS.20240311.FIL","A00000171151","2024-03-11T14:19Z","2024-03-11T14:19Z","Illinois State Water Survey Central Analytical Laboratory",398.0,0.00632,5,"2024-03-14","B",,
"c89a4136-efc0-4e11-acfa-29d5aba8941c","D02","POSE","POSE.AOS.S2","POSE.SS.20240311.FIL","A00000171151","2024-03-11T14:19Z","2024-03-11T14:19Z","Illinois State Water Survey Central Analytical Laboratory",526.0,0.00130,5,"2024-03-14","A",,
"5fc44dd3-ec47-4036-820a-f30dc6b7863e","D02","POSE","POSE.AOS.S2","POSE.SS.20240311.FIL","A00000171151","2024-03-11T14:19Z","2024-03-11T14:19Z","Illinois State Water Survey Central Analytical Laboratory",422.0,0.00442,5,"2024-03-14","A",,
"1bbb2456-0044-43c2-81e2-02c33e47f05c","D02","POSE","POSE.AOS.S2","POSE.SS.20240311.FIL","A00000171151","2024-03-11T14:19Z","2024-03-11T14:19Z","Illinois State Water Survey Central Analytical Laboratory",542.0,0.00100,5,"2024-03-14","B",,
"246ba56b-de94-42de-803b-ab47ceea15b2","D02","POSE","POSE.AOS.S2","POSE.SS.20240311.FIL","A00000171151","2024-03-11T14:19Z","2024-03-11T14:19Z","Illinois State Water Survey Central Analytical Laboratory",424.0,0.00428,5,"2024-03-14","A",,
"dfcdcd3e-de9d-4b2d-b692-2c560fcb8bbf","D02","POSE","POSE.AOS.S2","POSE.SS.20240311.FIL","A00000171151","2024-03-11T14:19Z","2024-03-11T14:19Z","Illinois State Water Survey Central Analytical Laboratory",486.0,0.00190,5,"2024-03-14","B",,
"dd40f278-bb60-4c6e-a7e2-9fb041b146c9","D02","POSE","POSE.AOS.S2","POSE.SS.20240311.FIL","A00000171151","2024-03-11T14:19Z","2024-03-11T14:19Z","Illinois State Water Survey Central Analytical Laboratory",286.0,0.03456,5,"2024-03-14","A",,
"ac160546-cd22-45b8-84c9-b84ea0d9688c","D02","POSE","POSE.AOS.S2","POSE.SS.20240311.FIL","A00000171151","2024-03-11T14:19Z","2024-03-11T14:19Z","Illinois State Water Survey Central Analytical Laboratory",412.0,0.00512,5,"2024-03-14","B",,
"a1a9c85c-2666-4cf9-b381-5eac324bf9cd","D02","POSE","POSE.AOS.S2","POSE.SS.20240311.FIL","A00000171151","2024-03-11T14:19Z","2024-03-11T14:19Z","Illinois State Water Survey Central Analytical Laboratory",282.0,0.03648,5,"2024-03-14","B",,
"882ea9bf-c789-4d3f-9f0a-b337248fe19a","D02","POSE","POSE.AOS.S2","POSE.SS.20240311.FIL","A00000171151","2024-03-11T14:19Z","2024-03-11T14:19Z","Illinois State Water Survey Central Analytical Laboratory",446.0,0.00320,5,"2024-03-14","A",,
"83555d32-0f2d-4832-bf62-25d53fa500b1","D02","POSE","POSE.AOS.S2","POSE.SS.20240311.FIL","A00000171151","2024-03-11T14:19Z","2024-03-11T14:19Z","Illinois State Water Survey Central Analytical Laboratory",508.0,0.00152,5,"2024-03-14","A",,
"3c586562-7a3a-475b-a7e9-a619e565095a","D02","POSE","POSE.AOS.S2","POSE.SS.20240311.FIL","A00000171151","2024-03-11T14:19Z","2024-03-11T14:19Z","Illinois State Water Survey Central Analytical Laboratory",554.0,0.00096,5,"2024-03-14","A",,
"d51d3d70-2c69-4e78-92dd-ea5857ebf0db","D02","POSE","POSE.AOS.S2","POSE.SS.20240311.FIL","A00000171151","2024-03-11T14:19Z","2024-03-11T14:19Z","Illinois State Water Survey Central Analytical Laboratory",500.0,0.00162,5,"2024-03-14","A",,
"af8cbb49-396c-4d5d-9331-021048a1afe6","D02","POSE","POSE.AOS.S2","POSE.SS.20240311.FIL","A00000171151","2024-03-11T14:19Z","2024-03-11T14:19Z","Illinois State Water Survey Central Analytical Laboratory",430.0,0.00392,5,"2024-03-14","B",,
"3a682b65-9bfe-4f69-92f6-03f3cfafaa60","D02","POSE","POSE.AOS.S2","POSE.SS.20240311.FIL","A00000171151","2024-03-11T14:19Z","2024-03-11T14:19Z","Illinois State Water Survey Central Analytical Laboratory",470.0,0.00236,5,"2024-03-14","A",,
"26e17b05-4749-4eba-8af6-c108e72a28bd","D02","POSE","POSE.AOS.S2","POSE.SS.20240311.FIL","A00000171151","2024-03-11T14:19Z","2024-03-11T14:19Z","Illinois State Water Survey Central Analytical Laboratory",352.0,0.01316,5,"2024-03-14","B",,
"7e59c00a-2c95-4cb5-8504-dce68767882a","D02","POSE","POSE.AOS.S2","POSE.SS.20240311.FIL","A00000171151","2024-03-11T14:19Z","2024-03-11T14:19Z","Illinois State Water Survey Central Analytical Laboratory",556.0,0.00090,5,"2024-03-14","B",,
"bcd10b29-c36f-4761-a633-9716674bb61b","D02","POSE","POSE.AOS.S2","POSE.SS.20240311.FIL","A00000171151","2024-03-11T14:19Z","2024-03-11T14:19Z","Illinois State Water Survey Central Analytical Laboratory",358.0,0.01206,5,"2024-03-14","A",,
"939b114f-8453-44e2-946a-fee86fe46a77","D02","POSE","POSE.AOS.S2","POSE.SS.20240311.FIL","A00000171151","2024-03-11T14:19Z","2024-03-11T14:19Z","Illinois State Water Survey Central Analytical Laboratory",450.0,0.00296,5,"2024-03-14","B",,
"da4948c3-3ae3-48ab-8524-3bf300ff40c8","D02","POSE","POSE.AOS.S2","POSE.SS.20240311.FIL","A00000171151","2024-03-11T14:19Z","2024-03-11T14:19Z","Illinois State Water Survey Central Analytical Laboratory",560.0,0.00096,5,"2024-03-14","A",,
"3aa7610c-54f4-4e48-9f93-c5bea7e3004f","D02","POSE","POSE.AOS.S2","POSE.SS.20240311.FIL","A00000171151","2024-03-11T14:19Z","2024-03-11T14:19Z","Illinois State Water Survey Central Analytical Laboratory",440.0,0.00344,5,"2024-03-14","B",,
"2f65bd75-f94a-4175-9335-aeb55ef3f723","D02","POSE","POSE.AOS.S2","POSE.SS.20240311.FIL","A00000171151","2024-03-11T14:19Z","2024-03-11T14:19Z","Illinois State Water Survey Central Analytical Laboratory",332.0,0.01774,5,"2024-03-14","A",,
"84ad2e8d-3b38-49b3-b930-67c3116e8220","D02","POSE","POSE.AOS.S2","POSE.SS.20240311.FIL","A00000171151","2024-03-11T14:19Z","2024-03-11T14:19Z","Illinois State Water Survey Central Analytical Laboratory",416.0,0.00482,5,"2024-03-14","A",,
"758f0d27-5122-4254-97b4-a695f2001f4e","D02","POSE","POSE.AOS.S2","POSE.SS.20240311.FIL","A00000171151","2024-03-11T14:19Z","2024-03-11T14:19Z","Illinois State Water Survey Central Analytical Laboratory",482.0,0.00196,5,"2024-03-14","B",,
"f6107472-fb1f-4f0e-b384-bb0b546658a4","D02","POSE","POSE.AOS.S2","POSE.SS.20240311.FIL","A00000171151","2024-03-11T14:19Z","2024-03-11T14:19Z","Illinois State Water Survey Central Analytical Laboratory",224.0,0.12242,5,"2024-03-14","B",,
"704dd943-de01-4f5b-959b-e86f3af584b5","D02","POSE","POSE.AOS.S2","POSE.SS.20240311.FIL","A00000171151","2024-03-11T14:19Z","2024-03-11T14:19Z","Illinois State Water Survey Central Analytical Laboratory",568.0,0.00076,5,"2024-03-14","B",,
"120ec476-4f3d-429d-867c-be36d92ba519","D02","POSE","POSE.AOS.S2","POSE.SS.20240311.FIL","A00000171151","2024-03-11T14:19Z","2024-03-11T14:19Z","Illinois State Water Survey Central Analytical Laboratory",224.0,0.12162,5,"2024-03-14","A",,
"c0ea76a6-d09f-49d6-956e-0ece3327d9f4","D02","POSE","POSE.AOS.S2","POSE.SS.20240311.FIL","A00000171151","2024-03-11T14:19Z","2024-03-11T14:19Z","Illinois State Water Survey Central Analytical Laboratory",418.0,0.00474,5,"2024-03-14","A",,
"b036b318-31c8-4a6b-b416-4e09917f1255","D02","POSE","POSE.AOS.S2","POSE.SS.20240311.FIL","A00000171151","2024-03-11T14:19Z","2024-03-11T14:19Z","Illinois State Water Survey Central Analytical Laboratory",268.0,0.04270,5,"2024-03-14","A",,
"1faec4c8-db40-42e1-a3dd-fdc83d85ef4f","D02","POSE","POSE.AOS.S2","POSE.SS.20240311.FIL","A00000171151","2024-03-11T14:19Z","2024-03-11T14:19Z","Illinois State Water Survey Central Analytical Laboratory",340.0,0.01574,5,"2024-03-14","A",,
"04200b04-fbda-4419-867a-2c41a5477d19","D02","POSE","POSE.AOS.S2","POSE.SS.20240311.FIL","A00000171151","2024-03-11T14:19Z","2024-03-11T14:19Z","Illinois State Water Survey Central Analytical Laboratory",228.0,0.09458,5,"2024-03-14","A",,
"4950cfb0-d03c-47e7-920f-0a7ffd2e5d71","D02","POSE","POSE.AOS.S2","POSE.SS.20240311.FIL","A00000171151","2024-03-11T14:19Z","2024-03-11T14:19Z","Illinois State Water Survey Central Analytical Laboratory",512.0,0.00134,5,"2024-03-14","B",,
"8dc2272d-4157-4fe2-90d5-7e9ce3130cfa","D02","POSE","POSE.AOS.S2","POSE.SS.20240311.FIL","A00000171151","2024-03-11T14:19Z","2024-03-11T14:19Z","Illinois State Water Survey Central Analytical Laboratory",532.0,0.00122,5,"2024-03-14","A",,
"016120ec-3463-4510-9507-f7a4cc804cdd","D02","POSE","POSE.AOS.S2","POSE.SS.20240311.FIL","A00000171151","2024-03-11T14:19Z","2024-03-11T14:19Z","Illinois State Water Survey Central Analytical Laboratory",524.0,0.00120,5,"2024-03-14","B",,
"9da40963-1f6e-42b8-ada5-26ca28d01316","D02","POSE","POSE.AOS.S2","POSE.SS.20240311.FIL","A00000171151","2024-03-11T14:19Z","2024-03-11T14:19Z","Illinois State Water Survey Central Analytical Laboratory",598.0,0.00056,5,"2024-03-14","A",,
"e8cd3c4d-71f5-4346-a10f-74f494669bba","D02","POSE","POSE.AOS.S2","POSE.SS.20240311.FIL","A00000171151","2024-03-11T14:19Z","2024-03-11T14:19Z","Illinois State Water Survey Central Analytical Laboratory",228.0,0.09520,5,"2024-03-14","B",,
"6731e9c5-be0b-492f-ba47-f6a51f97edae","D02","POSE","POSE.AOS.S2","POSE.SS.20240311.FIL","A00000171151","2024-03-11T14:19Z","2024-03-11T14:19Z","Illinois State Water Survey Central Analytical Laboratory",442.0,0.00334,5,"2024-03-14","B",,
"1a68c9b9-c543-478d-9ad1-726c6c87014f","D02","POSE","POSE.AOS.S2","POSE.SS.20240311.FIL","A00000171151","2024-03-11T14:19Z","2024-03-11T14:19Z","Illinois State Water Survey Central Analytical Laboratory",388.0,0.00738,5,"2024-03-14","B",,
"72cdcf65-5879-47d9-9e3f-b2031e253295","D02","POSE","POSE.AOS.S2","POSE.SS.20240311.FIL","A00000171151","2024-03-11T14:19Z","2024-03-11T14:19Z","Illinois State Water Survey Central Analytical Laboratory",550.0,0.00102,5,"2024-03-14","A",,
"bc7caaf2-5edb-409d-a240-302f5f212aaa","D02","POSE","POSE.AOS.S2","POSE.SS.20240311.FIL","A00000171151","2024-03-11T14:19Z","2024-03-11T14:19Z","Illinois State Water Survey Central Analytical Laboratory",600.0,0.00066,5,"2024-03-14","A",,
"019fe94f-c9a8-47b6-b3ce-6f068bfce6e0","D02","POSE","POSE.AOS.S2","POSE.SS.20240311.FIL","A00000171151","2024-03-11T14:19Z","2024-03-11T14:19Z","Illinois State Water Survey Central Analytical Laboratory",442.0,0.00346,5,"2024-03-14","A",,
"f5addccb-4faf-4b89-8599-81f6c500cf69","D02","POSE","POSE.AOS.S2","POSE.SS.20240311.FIL","A00000171151","2024-03-11T14:19Z","2024-03-11T14:19Z","Illinois State Water Survey Central Analytical Laboratory",560.0,0.00082,5,"2024-03-14","B",,
"740f52ef-9203-4633-8c58-5bc3d4949e38","D02","POSE","POSE.AOS.S2","POSE.SS.20240311.FIL","A00000171151","2024-03-11T14:19Z","2024-03-11T14:19Z","Illinois State Water Survey Central Analytical Laboratory",288.0,0.03364,5,"2024-03-14","A",,
"6d3af2f0-2d7b-4723-9130-5191f6d18d53","D02","POSE","POSE.AOS.S2","POSE.SS.20240311.FIL","A00000171151","2024-03-11T14:19Z","2024-03-11T14:19Z","Illinois State Water Survey Central Analytical Laboratory",468.0,0.00234,5,"2024-03-14","B",,
"8d98fbf0-14d6-4ae1-b159-868741d8c380","D02","POSE","POSE.AOS.S2","POSE.SS.20240311.FIL","A00000171151","2024-03-11T14:19Z","2024-03-11T14:19Z","Illinois State Water Survey Central Analytical Laboratory",566.0,0.00086,5,"2024-03-14","B",,
"b2c432a7-99a7-46f8-acae-9bea6e711450","D02","POSE","POSE.AOS.S2","POSE.SS.20240311.FIL","A00000171151","2024-03-11T14:19Z","2024-03-11T14:19Z","Illinois State Water Survey Central Analytical Laboratory",456.0,0.00280,5,"2024-03-14","A",,
"421b9fcf-ee4a-4d97-bbc3-736968b53205","D02","POSE","POSE.AOS.S2","POSE.SS.20240311.FIL","A00000171151","2024-03-11T14:19Z","2024-03-11T14:19Z","Illinois State Water Survey Central Analytical Laboratory",314.0,0.02322,5,"2024-03-14","A",,
"acd52a34-4316-4225-9d0d-f0945cec3d6b","D02","POSE","POSE.AOS.S2","POSE.SS.20240311.FIL","A00000171151","2024-03-11T14:19Z","2024-03-11T14:19Z","Illinois State Water Survey Central Analytical Laboratory",262.0,0.04536,5,"2024-03-14","A",,
"4b7b66cb-d8fa-44c5-b127-dad393a7644c","D02","POSE","POSE.AOS.S2","POSE.SS.20240311.FIL","A00000171151","2024-03-11T14:19Z","2024-03-11T14:19Z","Illinois State Water Survey Central Analytical Laboratory",570.0,0.00076,5,"2024-03-14","B",,
"c9b6b315-57af-4fa9-819d-75b2b98d8f33","D02","POSE","POSE.AOS.S2","POSE.SS.20240311.FIL","A00000171151","2024-03-11T14:19Z","2024-03-11T14:19Z","Illinois State Water Survey Central Analytical Laboratory",324.0,0.02006,5,"2024-03-14","A",,
"f85a059b-5b88-4b17-b76c-e7d1450da654","D02","POSE","POSE.AOS.S2","POSE.SS.20240311.FIL","A00000171151","2024-03-11T14:19Z","2024-03-11T14:19Z","Illinois State Water Survey Central Analytical Laboratory",594.0,0.00068,5,"2024-03-14","A",,
"5d6dc0db-748d-4b75-b1a7-1a6e55201daa","D02","POSE","POSE.AOS.S2","POSE.SS.20240311.FIL","A00000171151","2024-03-11T14:19Z","2024-03-11T14:19Z","Illinois State Water Survey Central Analytical Laboratory",570.0,0.00084,5,"2024-03-14","A",,
"802ca931-d3fa-404d-a77f-b1b8bb75b937","D02","POSE","POSE.AOS.S2","POSE.SS.20240311.FIL","A00000171151","2024-03-11T14:19Z","2024-03-11T14:19Z","Illinois State Water Survey Central Analytical Laboratory",380.0,0.00848,5,"2024-03-14","B",,
"e43a10ad-eff1-419c-95d3-4df7d9aafdb3","D02","POSE","POSE.AOS.S2","POSE.SS.20240311.FIL","A00000171151","2024-03-11T14:19Z","2024-03-11T14:19Z","Illinois State Water Survey Central Analytical Laboratory",386.0,0.00764,5,"2024-03-14","A",,
"f7dea220-c4da-4394-87c7-777a419c0d28","D02","POSE","POSE.AOS.S2","POSE.SS.20240311.FIL","A00000171151","2024-03-11T14:19Z","2024-03-11T14:19Z","Illinois State Water Survey Central Analytical Laboratory",284.0,0.03548,5,"2024-03-14","A",,
"ad0dbbf6-f1f0-4a0e-984f-4db6f9f2a5f8","D02","POSE","POSE.AOS.S2","POSE.SS.20240311.FIL","A00000171151","2024-03-11T14:19Z","2024-03-11T14:19Z","Illinois State Water Survey Central Analytical Laboratory",432.0,0.00380,5,"2024-03-14","B",,
"9f6fc511-c27b-4f2f-8c64-2f35765fc80d","D02","POSE","POSE.AOS.S2","POSE.SS.20240311.FIL","A00000171151","2024-03-11T14:19Z","2024-03-11T14:19Z","Illinois State Water Survey Central Analytical Laboratory",392.0,0.00700,5,"2024-03-14","A",,
"26ea1b52-1dab-4ff3-b46d-3d5ff6cd2fba","D02","POSE","POSE.AOS.S2","POSE.SS.20240311.FIL","A00000171151","2024-03-11T14:19Z","2024-03-11T14:19Z","Illinois State Water Survey Central Analytical Laboratory",428.0,0.00408,5,"2024-03-14","B",,
"6845bf64-881c-4fbc-99d4-1cab781e0c77","D02","POSE","POSE.AOS.S2","POSE.SS.20240311.FIL","A00000171151","2024-03-11T14:19Z","2024-03-11T14:19Z","Illinois State Water Survey Central Analytical Laboratory",506.0,0.00146,5,"2024-03-14","B",,
"21448613-fb53-4e0e-8da8-0665c1c8796e","D02","POSE","POSE.AOS.S2","POSE.SS.20240311.FIL","A00000171151","2024-03-11T14:19Z","2024-03-11T14:19Z","Illinois State Water Survey Central Analytical Laboratory",258.0,0.04722,5,"2024-03-14","A",,
"173ee744-45cb-427b-aae2-e50a0ca7d3b1","D02","POSE","POSE.AOS.S2","POSE.SS.20240311.FIL","A00000171151","2024-03-11T14:19Z","2024-03-11T14:19Z","Illinois State Water Survey Central Analytical Laboratory",530.0,0.00112,5,"2024-03-14","B",,
"f1bc1ce5-9f5f-44f6-b12f-7d5a49e00917","D02","POSE","POSE.AOS.S2","POSE.SS.20240311.FIL","A00000171151","2024-03-11T14:19Z","2024-03-11T14:19Z","Illinois State Water Survey Central Analytical Laboratory",480.0,0.00198,5,"2024-03-14","B",,
"2b40a55a-aef3-40f2-8d0f-9557a693c9d7","D02","POSE","POSE.AOS.S2","POSE.SS.20240311.FIL","A00000171151","2024-03-11T14:19Z","2024-03-11T14:19Z","Illinois State Water Survey Central Analytical Laboratory",524.0,0.00128,5,"2024-03-14","A",,
"a7023cfe-fef8-40af-ab2c-ad28ca645e85","D02","POSE","POSE.AOS.S2","POSE.SS.20240311.FIL","A00000171151","2024-03-11T14:19Z","2024-03-11T14:19Z","Illinois State Water Survey Central Analytical Laboratory",236.0,0.06734,5,"2024-03-14","B",,
"eb8ba48c-89e8-429f-856f-d3292f5b7eff","D02","POSE","POSE.AOS.S2","POSE.SS.20240311.FIL","A00000171151","2024-03-11T14:19Z","2024-03-11T14:19Z","Illinois State Water Survey Central Analytical Laboratory",278.0,0.03830,5,"2024-03-14","B",,
"4d1504ee-f26f-4716-a415-e3a9c2a7176b","D02","POSE","POSE.AOS.S2","POSE.SS.20240311.FIL","A00000171151","2024-03-11T14:19Z","2024-03-11T14:19Z","Illinois State Water Survey Central Analytical Laboratory",554.0,0.00090,5,"2024-03-14","B",,
"b54c04ca-59eb-4764-8910-76df1e1cf093","D02","POSE","POSE.AOS.S2","POSE.SS.20240311.FIL","A00000171151","2024-03-11T14:19Z","2024-03-11T14:19Z","Illinois State Water Survey Central Analytical Laboratory",590.0,0.00064,5,"2024-03-14","A",,
"01d11d5c-0551-468f-883a-ba5e7eb16653","D02","POSE","POSE.AOS.S2","POSE.SS.20240311.FIL","A00000171151","2024-03-11T14:19Z","2024-03-11T14:19Z","Illinois State Water Survey Central Analytical Laboratory",300.0,0.02840,5,"2024-03-14","B",,
"73c4c711-b8c6-4955-947f-09bed527d262","D02","POSE","POSE.AOS.S2","POSE.SS.20240311.FIL","A00000171151","2024-03-11T14:19Z","2024-03-11T14:19Z","Illinois State Water Survey Central Analytical Laboratory",536.0,0.00104,5,"2024-03-14","B",,
"eab78478-a4c6-41b1-b270-a2e57c55d773","D02","POSE","POSE.AOS.S2","POSE.SS.20240311.FIL","A00000171151","2024-03-11T14:19Z","2024-03-11T14:19Z","Illinois State Water Survey Central Analytical Laboratory",462.0,0.00262,5,"2024-03-14","A",,
"353e74f4-9578-40d0-a7cf-184270b3832a","D02","POSE","POSE.AOS.S2","POSE.SS.20240311.FIL","A00000171151","2024-03-11T14:19Z","2024-03-11T14:19Z","Illinois State Water Survey Central Analytical Laboratory",292.0,0.03184,5,"2024-03-14","B",,
"e0594cc0-0dfb-4a5e-a0e5-a61f8f3a63a8","D02","POSE","POSE.AOS.S2","POSE.SS.20240311.FIL","A00000171151","2024-03-11T14:19Z","2024-03-11T14:19Z","Illinois State Water Survey Central Analytical Laboratory",596.0,0.00070,5,"2024-03-14","B",,
"bff4827a-2a39-4a81-b881-4564ced55b0a","D02","POSE","POSE.AOS.S2","POSE.SS.20240311.FIL","A00000171151","2024-03-11T14:19Z","2024-03-11T14:19Z","Illinois State Water Survey Central Analytical Laboratory",258.0,0.04732,5,"2024-03-14","B",,
"135c64d0-5264-47ae-a1db-56afcec50c2a","D02","POSE","POSE.AOS.S2","POSE.SS.20240311.FIL","A00000171151","2024-03-11T14:19Z","2024-03-11T14:19Z","Illinois State Water Survey Central Analytical Laboratory",312.0,0.02398,5,"2024-03-14","B",,
"d66ed5fa-0af6-4abd-afb2-006e01a5e679","D02","POSE","POSE.AOS.S2","POSE.SS.20240311.FIL","A00000171151","2024-03-11T14:19Z","2024-03-11T14:19Z","Illinois State Water Survey Central Analytical Laboratory",230.0,0.08634,5,"2024-03-14","A",,
"c3f7b39b-f1f9-468f-bfe7-62d13aec121c","D02","POSE","POSE.AOS.S2","POSE.SS.20240311.FIL","A00000171151","2024-03-11T14:19Z","2024-03-11T14:19Z","Illinois State Water Survey Central Analytical Laboratory",418.0,0.00470,5,"2024-03-14","B",,
"90fee6fd-d3c2-46cd-9146-4abcf85abec8","D02","POSE","POSE.AOS.S2","POSE.SS.20240311.FIL","A00000171151","2024-03-11T14:19Z","2024-03-11T14:19Z","Illinois State Water Survey Central Analytical Laboratory",246.0,0.05434,5,"2024-03-14","B",,
"a1042393-2e99-497b-9695-a7b23c667670","D02","POSE","POSE.AOS.S2","POSE.SS.20240311.FIL","A00000171151","2024-03-11T14:19Z","2024-03-11T14:19Z","Illinois State Water Survey Central Analytical Laboratory",456.0,0.00274,5,"2024-03-14","B",,
"42ee4746-955f-4a89-8029-c85dd048dacb","D02","POSE","POSE.AOS.S2","POSE.SS.20240311.FIL","A00000171151","2024-03-11T14:19Z","2024-03-11T14:19Z","Illinois State Water Survey Central Analytical Laboratory",492.0,0.00184,5,"2024-03-14","A",,
"b45176aa-2562-479e-9563-b5038c8a4522","D02","POSE","POSE.AOS.S2","POSE.SS.20240311.FIL","A00000171151","2024-03-11T14:19Z","2024-03-11T14:19Z","Illinois State Water Survey Central Analytical Laboratory",404.0,0.00582,5,"2024-03-14","B",,
"b49b8622-174f-4298-8151-feadb9799754","D02","POSE","POSE.AOS.S2","POSE.SS.20240311.FIL","A00000171151","2024-03-11T14:19Z","2024-03-11T14:19Z","Illinois State Water Survey Central Analytical Laboratory",342.0,0.01524,5,"2024-03-14","B",,
"6a567610-a5fb-4e98-a296-b31d5e32a271","D02","POSE","POSE.AOS.S2","POSE.SS.20240311.FIL","A00000171151","2024-03-11T14:19Z","2024-03-11T14:19Z","Illinois State Water Survey Central Analytical Laboratory",346.0,0.01444,5,"2024-03-14","A",,
"788d1312-0f65-4b6c-bf13-8982d73a3c2d","D02","POSE","POSE.AOS.S2","POSE.SS.20240311.FIL","A00000171151","2024-03-11T14:19Z","2024-03-11T14:19Z","Illinois State Water Survey Central Analytical Laboratory",490.0,0.00176,5,"2024-03-14","B",,
"10bf702b-295c-46b0-aa9c-80c465f94864","D02","POSE","POSE.AOS.S2","POSE.SS.20240311.FIL","A00000171151","2024-03-11T14:19Z","2024-03-11T14:19Z","Illinois State Water Survey Central Analytical Laboratory",476.0,0.00206,5,"2024-03-14","B",,
"6366cecc-0add-4705-b550-f8fda8c2f4eb","D02","POSE","POSE.AOS.S2","POSE.SS.20240311.FIL","A00000171151","2024-03-11T14:19Z","2024-03-11T14:19Z","Illinois State Water Survey Central Analytical Laboratory",520.0,0.00124,5,"2024-03-14","B",,
"b7465c34-7c44-4ee2-98ce-311bbda1643b","D02","POSE","POSE.AOS.S2","POSE.SS.20240311.FIL","A00000171151","2024-03-11T14:19Z","2024-03-11T14:19Z","Illinois State Water Survey Central Analytical Laboratory",272.0,0.04090,5,"2024-03-14","A",,
"1c5923d7-0542-48de-b6bb-3063d6d457a2","D02","POSE","POSE.AOS.S2","POSE.SS.20240311.FIL","A00000171151","2024-03-11T14:19Z","2024-03-11T14:19Z","Illinois State Water Survey Central Analytical Laboratory",588.0,0.00068,5,"2024-03-14","A",,
"8b7afa50-e5fa-421b-9e5b-15230b802e17","D02","POSE","POSE.AOS.S2","POSE.SS.20240311.FIL","A00000171151","2024-03-11T14:19Z","2024-03-11T14:19Z","Illinois State Water Survey Central Analytical Laboratory",534.0,0.00110,5,"2024-03-14","B",,
"c12d9b4f-8f2b-41bd-8001-6809a291861e","D02","POSE","POSE.AOS.S2","POSE.SS.20240311.FIL","A00000171151","2024-03-11T14:19Z","2024-03-11T14:19Z","Illinois State Water Survey Central Analytical Laboratory",336.0,0.01668,5,"2024-03-14","B",,
"9c284261-6ebd-4f9e-aab3-fb54312e3ee7","D02","POSE","POSE.AOS.S2","POSE.SS.20240311.FIL","A00000171151","2024-03-11T14:19Z","2024-03-11T14:19Z","Illinois State Water Survey Central Analytical Laboratory",320.0,0.02134,5,"2024-03-14","A",,
"18fd6cfa-0dac-4a80-9214-b905dd00b6d3","D02","POSE","POSE.AOS.S2","POSE.SS.20240311.FIL","A00000171151","2024-03-11T14:19Z","2024-03-11T14:19Z","Illinois State Water Survey Central Analytical Laboratory",496.0,0.00170,5,"2024-03-14","A",,
"0888b8ed-4f10-408b-a70a-a87cd15cef36","D02","POSE","POSE.AOS.S2","POSE.SS.20240311.FIL","A00000171151","2024-03-11T14:19Z","2024-03-11T14:19Z","Illinois State Water Survey Central Analytical Laboratory",574.0,0.00082,5,"2024-03-14","A",,
"a5da90c7-b250-4fee-bcf0-89d9fb89084c","D02","POSE","POSE.AOS.S2","POSE.SS.20240311.FIL","A00000171151","2024-03-11T14:19Z","2024-03-11T14:19Z","Illinois State Water Survey Central Analytical Laboratory",470.0,0.00230,5,"2024-03-14","B",,
"0382ad69-51ec-4296-a321-6810bb10b84d","D02","POSE","POSE.AOS.S2","POSE.SS.20240311.FIL","A00000171151","2024-03-11T14:19Z","2024-03-11T14:19Z","Illinois State Water Survey Central Analytical Laboratory",412.0,0.00512,5,"2024-03-14","A",,
"5949812e-cb5f-4222-988a-adc7002f8158","D02","POSE","POSE.AOS.S2","POSE.SS.20240311.FIL","A00000171151","2024-03-11T14:19Z","2024-03-11T14:19Z","Illinois State Water Survey Central Analytical Laboratory",342.0,0.01528,5,"2024-03-14","A",,
"d535e1e2-08bb-431a-91b2-5cf6f1395406","D02","POSE","POSE.AOS.S2","POSE.SS.20240311.FIL","A00000171151","2024-03-11T14:19Z","2024-03-11T14:19Z","Illinois State Water Survey Central Analytical Laboratory",340.0,0.01574,5,"2024-03-14","B",,
"0c0e951c-2cb5-4af8-8231-ba1828ce9ac9","D02","POSE","POSE.AOS.S2","POSE.SS.20240311.FIL","A00000171151","2024-03-11T14:19Z","2024-03-11T14:19Z","Illinois State Water Survey Central Analytical Laboratory",526.0,0.00120,5,"2024-03-14","B",,
"26560d77-7433-40d9-8a83-e4a1f6d4194b","D02","POSE","POSE.AOS.S2","POSE.SS.20240311.FIL","A00000171151","2024-03-11T14:19Z","2024-03-11T14:19Z","Illinois State Water Survey Central Analytical Laboratory",402.0,0.00600,5,"2024-03-14","A",,
"79607f30-004b-46d7-8ad2-c6e75bd1a19e","D02","POSE","POSE.AOS.S2","POSE.SS.20240311.FIL","A00000171151","2024-03-11T14:19Z","2024-03-11T14:19Z","Illinois State Water Survey Central Analytical Laboratory",234.0,0.07222,5,"2024-03-14","B",,
"97ce1436-fc41-4548-8452-a52bb521af67","D02","POSE","POSE.AOS.S2","POSE.SS.20240311.FIL","A00000171151","2024-03-11T14:19Z","2024-03-11T14:19Z","Illinois State Water Survey Central Analytical Laboratory",260.0,0.04640,5,"2024-03-14","B",,
"2099657e-e593-4e0e-8c8e-2a5e6640b132","D02","POSE","POSE.AOS.S2","POSE.SS.20240311.FIL","A00000171151","2024-03-11T14:19Z","2024-03-11T14:19Z","Illinois State Water Survey Central Analytical Laboratory",428.0,0.00416,5,"2024-03-14","A",,
"a91878d5-c54a-4fb2-98ff-8e2768f9767e","D02","POSE","POSE.AOS.S2","POSE.SS.20240311.FIL","A00000171151","2024-03-11T14:19Z","2024-03-11T14:19Z","Illinois State Water Survey Central Analytical Laboratory",374.0,0.00930,5,"2024-03-14","B",,
"3fa7cbc1-9d3c-4deb-b2b3-64707a9aeab2","D02","POSE","POSE.AOS.S2","POSE.SS.20240311.FIL","A00000171151","2024-03-11T14:19Z","2024-03-11T14:19Z","Illinois State Water Survey Central Analytical Laboratory",466.0,0.00248,5,"2024-03-14","A",,
"25e650d2-e548-4edc-aa9f-11d6cdc984bc","D02","POSE","POSE.AOS.S2","POSE.SS.20240311.FIL","A00000171151","2024-03-11T14:19Z","2024-03-11T14:19Z","Illinois State Water Survey Central Analytical Laboratory",430.0,0.00398,5,"2024-03-14","A",,
"d56ceba6-9510-4081-a491-751335319f8d","D02","POSE","POSE.AOS.S2","POSE.SS.20240311.FIL","A00000171151","2024-03-11T14:19Z","2024-03-11T14:19Z","Illinois State Water Survey Central Analytical Laboratory",250.0,0.05162,5,"2024-03-14","A",,
"a14aa2e6-3787-4675-b02e-a996949c17d6","D02","POSE","POSE.AOS.S2","POSE.SS.20240311.FIL","A00000171151","2024-03-11T14:19Z","2024-03-11T14:19Z","Illinois State Water Survey Central Analytical Laboratory",334.0,0.01724,5,"2024-03-14","B",,
"d068886e-29bc-4543-b2ee-62138a1a1b81","D02","POSE","POSE.AOS.S2","POSE.SS.20240311.FIL","A00000171151","2024-03-11T14:19Z","2024-03-11T14:19Z","Illinois State Water Survey Central Analytical Laboratory",572.0,0.00078,5,"2024-03-14","B",,
"d07064b2-3518-4889-94c2-bd7466117b4c","D02","POSE","POSE.AOS.S2","POSE.SS.20240311.FIL","A00000171151","2024-03-11T14:19Z","2024-03-11T14:19Z","Illinois State Water Survey Central Analytical Laboratory",266.0,0.04354,5,"2024-03-14","A",,
"4e0cc364-ee76-479b-ba4f-590aaee3db11","D02","POSE","POSE.AOS.S2","POSE.SS.20240311.FIL","A00000171151","2024-03-11T14:19Z","2024-03-11T14:19Z","Illinois State Water Survey Central Analytical Laboratory",490.0,0.00186,5,"2024-03-14","A",,
"b4981367-ac3f-4388-aade-9ea057d921ff","D02","POSE","POSE.AOS.S2","POSE.SS.20240311.FIL","A00000171151","2024-03-11T14:19Z","2024-03-11T14:19Z","Illinois State Water Survey Central Analytical Laboratory",510.0,0.00146,5,"2024-03-14","A",,
"2f29a785-df78-49b5-a1b1-aafc18c14b93","D02","POSE","POSE.AOS.S2","POSE.SS.20240311.FIL","A00000171151","2024-03-11T14:19Z","2024-03-11T14:19Z","Illinois State Water Survey Central Analytical Laboratory",220.0,0.15948,5,"2024-03-14","A",,
"66434d1f-b842-44ae-9d5b-ab081b3e3ad2","D02","POSE","POSE.AOS.S2","POSE.SS.20240311.FIL","A00000171151","2024-03-11T14:19Z","2024-03-11T14:19Z","Illinois State Water Survey Central Analytical Laboratory",586.0,0.00068,5,"2024-03-14","A",,
"c7913281-606f-48f4-88c7-a9a4d3236c02","D02","POSE","POSE.AOS.S2","POSE.SS.20240311.FIL","A00000171151","2024-03-11T14:19Z","2024-03-11T14:19Z","Illinois State Water Survey Central Analytical Laboratory",352.0,0.01318,5,"2024-03-14","A",,
"8977d861-0991-4765-b1eb-09116e09c114","D02","POSE","POSE.AOS.S2","POSE.SS.20240311.FIL","A00000171151","2024-03-11T14:19Z","2024-03-11T14:19Z","Illinois State Water Survey Central Analytical Laboratory",378.0,0.00876,5,"2024-03-14","B",,
"7e4997c4-fa22-44a3-b999-d98af1c3a305","D02","POSE","POSE.AOS.S2","POSE.SS.20240311.FIL","A00000171151","2024-03-11T14:19Z","2024-03-11T14:19Z","Illinois State Water Survey Central Analytical Laboratory",474.0,0.00228,5,"2024-03-14","A",,
"6b3c8492-22a2-41ac-a2ee-c7499a70f525","D02","POSE","POSE.AOS.S2","POSE.SS.20240311.FIL","A00000171151","2024-03-11T14:19Z","2024-03-11T14:19Z","Illinois State Water Survey Central Analytical Laboratory",488.0,0.00186,5,"2024-03-14","B",,
"82a04b87-37df-4f3a-9e69-820855a9df8c","D02","POSE","POSE.AOS.S2","POSE.SS.20240311.FIL","A00000171151","2024-03-11T14:19Z","2024-03-11T14:19Z","Illinois State Water Survey Central Analytical Laboratory",434.0,0.00376,5,"2024-03-14","A",,
"4c2de601-d51e-4d4c-89cf-62bd9cc216c3","D02","POSE","POSE.AOS.S2","POSE.SS.20240311.FIL","A00000171151","2024-03-11T14:19Z","2024-03-11T14:19Z","Illinois State Water Survey Central Analytical Laboratory",580.0,0.00070,5,"2024-03-14","B",,
"c295bc86-4d28-4249-90ff-7cc44f1b1010","D02","POSE","POSE.AOS.S2","POSE.SS.20240311.FIL","A00000171151","2024-03-11T14:19Z","2024-03-11T14:19Z","Illinois State Water Survey Central Analytical Laboratory",220.0,0.16044,5,"2024-03-14","B",,
"d3885cad-ec16-489b-983f-096df35d4445","D02","POSE","POSE.AOS.S2","POSE.SS.20240311.FIL","A00000171151","2024-03-11T14:19Z","2024-03-11T14:19Z","Illinois State Water Survey Central Analytical Laboratory",262.0,0.04544,5,"2024-03-14","B",,
"b3335e30-836b-445e-a70a-a7f3875a7042","D02","POSE","POSE.AOS.S2","POSE.SS.20240311.FIL","A00000171151","2024-03-11T14:19Z","2024-03-11T14:19Z","Illinois State Water Survey Central Analytical Laboratory",420.0,0.00454,5,"2024-03-14","B",,
"e1683f7f-4524-489c-8397-9de858965e1d","D02","POSE","POSE.AOS.S2","POSE.SS.20240311.FIL","A00000171151","2024-03-11T14:19Z","2024-03-11T14:19Z","Illinois State Water Survey Central Analytical Laboratory",244.0,0.05616,5,"2024-03-14","A",,
"cb34eb6b-594f-400b-b531-83c19676d3c7","D02","POSE","POSE.AOS.S2","POSE.SS.20240311.FIL","A00000171151","2024-03-11T14:19Z","2024-03-11T14:19Z","Illinois State Water Survey Central Analytical Laboratory",476.0,0.00218,5,"2024-03-14","A",,
"6fe84d91-4c23-4b6c-844e-3b9f804a416b","D02","POSE","POSE.AOS.S2","POSE.SS.20240311.FIL","A00000171151","2024-03-11T14:19Z","2024-03-11T14:19Z","Illinois State Water Survey Central Analytical Laboratory",464.0,0.00248,5,"2024-03-14","B",,
"522c2239-e1d5-40ae-af90-adace88a432c","D02","POSE","POSE.AOS.S2","POSE.SS.20240311.FIL","A00000171151","2024-03-11T14:19Z","2024-03-11T14:19Z","Illinois State Water Survey Central Analytical Laboratory",406.0,0.00566,5,"2024-03-14","A",,
"5f16b0ac-9c65-438f-9e41-16eba6b7e077","D02","POSE","POSE.AOS.S2","POSE.SS.20240311.FIL","A00000171151","2024-03-11T14:19Z","2024-03-11T14:19Z","Illinois State Water Survey Central Analytical Laboratory",452.0,0.00288,5,"2024-03-14","B",,
"707e56ad-d487-4c47-ba4a-9a51798a5232","D02","POSE","POSE.AOS.S2","POSE.SS.20240311.FIL","A00000171151","2024-03-11T14:19Z","2024-03-11T14:19Z","Illinois State Water Survey Central Analytical Laboratory",318.0,0.02196,5,"2024-03-14","B",,
"b6958849-5ca3-4188-b8d4-7ae765ae97ae","D02","POSE","POSE.AOS.S2","POSE.SS.20240311.FIL","A00000171151","2024-03-11T14:19Z","2024-03-11T14:19Z","Illinois State Water Survey Central Analytical Laboratory",552.0,0.00092,5,"2024-03-14","B",,
"e46e4b8b-d86d-4d6b-8a1f-17995a480c47","D02","POSE","POSE.AOS.S2","POSE.SS.20240311.FIL","A00000171151","2024-03-11T14:19Z","2024-03-11T14:19Z","Illinois State Water Survey Central Analytical Laboratory",450.0,0.00306,5,"2024-03-14","A",,
"576894e6-d7f5-4432-8efe-05c4ffe005e0","D02","POSE","POSE.AOS.S2","POSE.SS.20240311.FIL","A00000171151","2024-03-11T14:19Z","2024-03-11T14:19Z","Illinois State Water Survey Central Analytical Laboratory",394.0,0.00674,5,"2024-03-14","A",,
"6b430d8b-7c7f-4d64-82e0-dba9ac6fc2cf","D02","POSE","POSE.AOS.S2","POSE.SS.20240311.FIL","A00000171151","2024-03-11T14:19Z","2024-03-11T14:19Z","Illinois State Water Survey Central Analytical Laboratory",370.0,0.00994,5,"2024-03-14","B",,
"25b6a0b7-f110-4011-99f1-6e3ca41bb087","D02","POSE","POSE.AOS.S2","POSE.SS.20240311.FIL","A00000171151","2024-03-11T14:19Z","2024-03-11T14:19Z","Illinois State Water Survey Central Analytical Laboratory",242.0,0.05808,5,"2024-03-14","B",,
"5c3b0ec2-73e2-46a5-ac82-013a964008e9","D02","POSE","POSE.AOS.S2","POSE.SS.20240311.FIL","A00000171151","2024-03-11T14:19Z","2024-03-11T14:19Z","Illinois State Water Survey Central Analytical Laboratory",362.0,0.01126,5,"2024-03-14","B",,
"9af20ec3-dada-4a5d-a5c5-f54cca55e9a9","D02","POSE","POSE.AOS.S2","POSE.SS.20240311.FIL","A00000171151","2024-03-11T14:19Z","2024-03-11T14:19Z","Illinois State Water Survey Central Analytical Laboratory",248.0,0.05296,5,"2024-03-14","B",,
"ebb08e5e-4e9f-43d8-9c15-8b7e2c721317","D02","POSE","POSE.AOS.S2","POSE.SS.20240311.FIL","A00000171151","2024-03-11T14:19Z","2024-03-11T14:19Z","Illinois State Water Survey Central Analytical Laboratory",318.0,0.02196,5,"2024-03-14","A",,
"cd0dd2d5-afcf-4e65-ad9f-0b28fdaa3eae","D02","POSE","POSE.AOS.S2","POSE.SS.20240311.FIL","A00000171151","2024-03-11T14:19Z","2024-03-11T14:19Z","Illinois State Water Survey Central Analytical Laboratory",320.0,0.02132,5,"2024-03-14","B",,
"e4f8f843-4961-4820-9dcf-63909362fd5b","D02","POSE","POSE.AOS.S2","POSE.SS.20240311.FIL","A00000171151","2024-03-11T14:19Z","2024-03-11T14:19Z","Illinois State Water Survey Central Analytical Laboratory",584.0,0.00078,5,"2024-03-14","A",,
"7516171d-5120-4d00-b371-44c4a4ba7faf","D02","POSE","POSE.AOS.S2","POSE.SS.20240311.FIL","A00000171151","2024-03-11T14:19Z","2024-03-11T14:19Z","Illinois State Water Survey Central Analytical Laboratory",520.0,0.00130,5,"2024-03-14","A",,
"4af85aff-bbc0-4360-bf65-f0c199d6cbd6","D02","POSE","POSE.AOS.S2","POSE.SS.20240311.FIL","A00000171151","2024-03-11T14:19Z","2024-03-11T14:19Z","Illinois State Water Survey Central Analytical Laboratory",282.0,0.03636,5,"2024-03-14","A",,
"ea4d3ead-da78-4a74-a6a5-744c69f00ffa","D02","POSE","POSE.AOS.S2","POSE.SS.20240311.FIL","A00000171151","2024-03-11T14:19Z","2024-03-11T14:19Z","Illinois State Water Survey Central Analytical Laboratory",494.0,0.00176,5,"2024-03-14","A",,
"14a6d001-318d-4fda-b87a-9c5063e7d70c","D02","POSE","POSE.AOS.S2","POSE.SS.20240311.FIL","A00000171151","2024-03-11T14:19Z","2024-03-11T14:19Z","Illinois State Water Survey Central Analytical Laboratory",538.0,0.00114,5,"2024-03-14","A",,
"6ddac4b7-9f2c-4777-875f-3b7a26cdc281","D02","POSE","POSE.AOS.S2","POSE.SS.20240311.FIL","A00000171151","2024-03-11T14:19Z","2024-03-11T14:19Z","Illinois State Water Survey Central Analytical Laboratory",518.0,0.00130,5,"2024-03-14","B",,
"b04fa324-1362-4e80-9597-522f3d42b0f4","D02","POSE","POSE.AOS.S2","POSE.SS.20240311.FIL","A00000171151","2024-03-11T14:19Z","2024-03-11T14:19Z","Illinois State Water Survey Central Analytical Laboratory",226.0,0.10770,5,"2024-03-14","B",,
"6df46a46-0de9-4f2b-88f6-e407586a7661","D02","POSE","POSE.AOS.S2","POSE.SS.20240311.FIL","A00000171151","2024-03-11T14:19Z","2024-03-11T14:19Z","Illinois State Water Survey Central Analytical Laboratory",240.0,0.06046,5,"2024-03-14","A",,
"9abb95fb-ee0d-44c9-adf3-92df33a8685d","D02","POSE","POSE.AOS.S2","POSE.SS.20240311.FIL","A00000171151","2024-03-11T14:19Z","2024-03-11T14:19Z","Illinois State Water Survey Central Analytical Laboratory",254.0,0.04934,5,"2024-03-14","A",,
"a0f43ee1-cc65-4e70-aa24-8222190cf084","D02","POSE","POSE.AOS.S2","POSE.SS.20240311.FIL","A00000171151","2024-03-11T14:19Z","2024-03-11T14:19Z","Illinois State Water Survey Central Analytical Laboratory",298.0,0.02924,5,"2024-03-14","B",,
"b4d2e2a4-5aa6-49e1-a987-e919a0cdba9b","D02","POSE","POSE.AOS.S2","POSE.SS.20240311.FIL","A00000171151","2024-03-11T14:19Z","2024-03-11T14:19Z","Illinois State Water Survey Central Analytical Laboratory",288.0,0.03370,5,"2024-03-14","B",,
"8e3186e2-626d-4c35-a9d5-5b1217b21305","D02","POSE","POSE.AOS.S2","POSE.SS.20240311.FIL","A00000171151","2024-03-11T14:19Z","2024-03-11T14:19Z","Illinois State Water Survey Central Analytical Laboratory",406.0,0.00566,5,"2024-03-14","B",,
"98a764a6-a189-4a4c-a4a5-069e01262252","D02","POSE","POSE.AOS.S2","POSE.SS.20240311.FIL","A00000171151","2024-03-11T14:19Z","2024-03-11T14:19Z","Illinois State Water Survey Central Analytical Laboratory",372.0,0.00966,5,"2024-03-14","B",,
"75b01862-db72-44cd-b24a-f6c5f361e186","D02","POSE","POSE.AOS.S2","POSE.SS.20240311.FIL","A00000171151","2024-03-11T14:19Z","2024-03-11T14:19Z","Illinois State Water Survey Central Analytical Laboratory",472.0,0.00220,5,"2024-03-14","B",,
"e7967246-df2b-4c40-a67f-216da424c97d","D02","POSE","POSE.AOS.S2","POSE.SS.20240311.FIL","A00000171151","2024-03-11T14:19Z","2024-03-11T14:19Z","Illinois State Water Survey Central Analytical Laboratory",260.0,0.04632,5,"2024-03-14","A",,
"18bdeed3-f754-4ab2-930a-47894c9aa262","D02","POSE","POSE.AOS.S2","POSE.SS.20240311.FIL","A00000171151","2024-03-11T14:19Z","2024-03-11T14:19Z","Illinois State Water Survey Central Analytical Laboratory",562.0,0.00080,5,"2024-03-14","B",,
"cfa0028a-378e-4de6-b03c-17401a7b107b","D02","POSE","POSE.AOS.S2","POSE.SS.20240311.FIL","A00000171151","2024-03-11T14:19Z","2024-03-11T14:19Z","Illinois State Water Survey Central Analytical Laboratory",290.0,0.03270,5,"2024-03-14","A",,
"c64b8710-3df4-49bb-8de7-e1ddf52f8dae","D02","POSE","POSE.AOS.S2","POSE.SS.20240311.FIL","A00000171151","2024-03-11T14:19Z","2024-03-11T14:19Z","Illinois State Water Survey Central Analytical Laboratory",552.0,0.00098,5,"2024-03-14","A",,
"89bc3d1a-ce04-4f54-89f7-1aa22c3f1890","D02","POSE","POSE.AOS.S2","POSE.SS.20240311.FIL","A00000171151","2024-03-11T14:19Z","2024-03-11T14:19Z","Illinois State Water Survey Central Analytical Laboratory",316.0,0.02258,5,"2024-03-14","A",,
"af332666-5105-477f-b5b2-4a2938dea7de","D02","POSE","POSE.AOS.S2","POSE.SS.20240311.FIL","A00000171151","2024-03-11T14:19Z","2024-03-11T14:19Z","Illinois State Water Survey Central Analytical Laboratory",330.0,0.01830,5,"2024-03-14","B",,
"fb7b7da1-ad58-4152-bf39-c0aad0291a70","D02","POSE","POSE.AOS.S2","POSE.SS.20240311.FIL","A00000171151","2024-03-11T14:19Z","2024-03-11T14:19Z","Illinois State Water Survey Central Analytical Laboratory",484.0,0.00190,5,"2024-03-14","B",,
"a5e1b8ad-7b9a-49e9-8318-84bd844e1cae","D02","POSE","POSE.AOS.S2","POSE.SS.20240311.FIL","A00000171151","2024-03-11T14:19Z","2024-03-11T14:19Z","Illinois State Water Survey Central Analytical Laboratory",346.0,0.01438,5,"2024-03-14","B",,
"14fbdade-8ccd-4e23-a6d8-ebecf21f25ed","D02","POSE","POSE.AOS.S2","POSE.SS.20240311.FIL","A00000171151","2024-03-11T14:19Z","2024-03-11T14:19Z","Illinois State Water Survey Central Analytical Laboratory",390.0,0.00712,5,"2024-03-14","B",,
"1624a4dc-7ea3-4344-8d7c-b82e5d291101","D02","POSE","POSE.AOS.S2","POSE.SS.20240311.FIL","A00000171151","2024-03-11T14:19Z","2024-03-11T14:19Z","Illinois State Water Survey Central Analytical Laboratory",440.0,0.00352,5,"2024-03-14","A",,
"34ce5e3a-6389-47be-b766-473cc5580889","D02","POSE","POSE.AOS.S2","POSE.SS.20240311.FIL","A00000171151","2024-03-11T14:19Z","2024-03-11T14:19Z","Illinois State Water Survey Central Analytical Laboratory",270.0,0.04178,5,"2024-03-14","B",,
"225547ff-88e8-4feb-984c-b724b60b6fb3","D02","POSE","POSE.AOS.S2","POSE.SS.20240311.FIL","A00000171151","2024-03-11T14:19Z","2024-03-11T14:19Z","Illinois State Water Survey Central Analytical Laboratory",408.0,0.00546,5,"2024-03-14","A",,
"b7069e59-e275-48bc-b8f1-012ef86bc198","D02","POSE","POSE.AOS.S2","POSE.SS.20240311.FIL","A00000171151","2024-03-11T14:19Z","2024-03-11T14:19Z","Illinois State Water Survey Central Analytical Laboratory",536.0,0.00116,5,"2024-03-14","A",,
"f0acf99d-be77-44dd-b886-8cf6cc2482c9","D02","POSE","POSE.AOS.S2","POSE.SS.20240311.FIL","A00000171151","2024-03-11T14:19Z","2024-03-11T14:19Z","Illinois State Water Survey Central Analytical Laboratory",464.0,0.00258,5,"2024-03-14","A",,
"79de176a-e806-49a1-889c-eb3f3576defb","D02","POSE","POSE.AOS.S2","POSE.SS.20240311.FIL","A00000171151","2024-03-11T14:19Z","2024-03-11T14:19Z","Illinois State Water Survey Central Analytical Laboratory",270.0,0.04170,5,"2024-03-14","A",,
"bf340342-513d-4fda-95ee-b1517a724947","D02","POSE","POSE.AOS.S2","POSE.SS.20240311.FIL","A00000171151","2024-03-11T14:19Z","2024-03-11T14:19Z","Illinois State Water Survey Central Analytical Laboratory",540.0,0.00110,5,"2024-03-14","A",,
"90c6a9fa-8fec-44f8-ba28-aca65e2ddfa9","D02","POSE","POSE.AOS.S2","POSE.SS.20240311.FIL","A00000171151","2024-03-11T14:19Z","2024-03-11T14:19Z","Illinois State Water Survey Central Analytical Laboratory",296.0,0.03002,5,"2024-03-14","B",,
"b57a18ab-7038-4d5e-8d90-dfefc48c6e9e","D02","POSE","POSE.AOS.S2","POSE.SS.20240311.FIL","A00000171151","2024-03-11T14:19Z","2024-03-11T14:19Z","Illinois State Water Survey Central Analytical Laboratory",446.0,0.00312,5,"2024-03-14","B",,
"c2dc057b-fa6a-4ee2-9e70-361ceaedb7c2","D02","POSE","POSE.AOS.S2","POSE.SS.20240311.FIL","A00000171151","2024-03-11T14:19Z","2024-03-11T14:19Z","Illinois State Water Survey Central Analytical Laboratory",546.0,0.00090,5,"2024-03-14","B",,
"02341c68-7a76-4f74-adc2-1ce9eee018a7","D02","POSE","POSE.AOS.S2","POSE.SS.20240311.FIL","A00000171151","2024-03-11T14:19Z","2024-03-11T14:19Z","Illinois State Water Survey Central Analytical Laboratory",354.0,0.01276,5,"2024-03-14","B",,
"f2812af5-e7d9-4130-9b74-7d7a8a602eea","D02","POSE","POSE.AOS.S2","POSE.SS.20240311.FIL","A00000171151","2024-03-11T14:19Z","2024-03-11T14:19Z","Illinois State Water Survey Central Analytical Laboratory",308.0,0.02534,5,"2024-03-14","B",,
"95db7250-46a2-4c16-93ef-8f76bd354d08","D02","POSE","POSE.AOS.S2","POSE.SS.20240311.FIL","A00000171151","2024-03-11T14:19Z","2024-03-11T14:19Z","Illinois State Water Survey Central Analytical Laboratory",232.0,0.07878,5,"2024-03-14","B",,
"2ca98ad0-ed04-4d28-b0fa-8abdde695b3e","D02","POSE","POSE.AOS.S2","POSE.SS.20240311.FIL","A00000171151","2024-03-11T14:19Z","2024-03-11T14:19Z","Illinois State Water Survey Central Analytical Laboratory",276.0,0.03916,5,"2024-03-14","B",,
"c66f1d7a-3ef1-4f46-80cb-e00558b2f7cc","D02","POSE","POSE.AOS.S2","POSE.SS.20240311.FIL","A00000171151","2024-03-11T14:19Z","2024-03-11T14:19Z","Illinois State Water Survey Central Analytical Laboratory",280.0,0.03740,5,"2024-03-14","B",,
"ad701f49-c3ee-4659-9c7c-ac3463eb5c33","D02","POSE","POSE.AOS.S2","POSE.SS.20240311.FIL","A00000171151","2024-03-11T14:19Z","2024-03-11T14:19Z","Illinois State Water Survey Central Analytical Laboratory",542.0,0.00110,5,"2024-03-14","A",,
"9827795a-5963-43da-a7f2-34a7139338cc","D02","POSE","POSE.AOS.S2","POSE.SS.20240311.FIL","A00000171151","2024-03-11T14:19Z","2024-03-11T14:19Z","Illinois State Water Survey Central Analytical Laboratory",538.0,0.00108,5,"2024-03-14","B",,
"19a67b32-d26d-4644-98f1-1c9d3605d4a2","D02","POSE","POSE.AOS.S2","POSE.SS.20240311.FIL","A00000171151","2024-03-11T14:19Z","2024-03-11T14:19Z","Illinois State Water Survey Central Analytical Laboratory",380.0,0.00846,5,"2024-03-14","A",,
"a4d22508-4d27-4a39-a427-38570237671a","D02","POSE","POSE.AOS.S2","POSE.SS.20240311.FIL","A00000171151","2024-03-11T14:19Z","2024-03-11T14:19Z","Illinois State Water Survey Central Analytical Laboratory",404.0,0.00584,5,"2024-03-14","A",,
"4b4d50fe-fa46-4af6-abd7-65d2936ea07a","D02","POSE","POSE.AOS.S2","POSE.SS.20240311.FIL","A00000171151","2024-03-11T14:19Z","2024-03-11T14:19Z","Illinois State Water Survey Central Analytical Laboratory",272.0,0.04102,5,"2024-03-14","B",,
"b24f6563-347d-4088-b1c5-b4d8e45201d4","D02","POSE","POSE.AOS.S2","POSE.SS.20240311.FIL","A00000171151","2024-03-11T14:19Z","2024-03-11T14:19Z","Illinois State Water Survey Central Analytical Laboratory",522.0,0.00128,5,"2024-03-14","B",,
"3429e094-f246-443c-b0a0-32de392522d0","D02","POSE","POSE.AOS.S2","POSE.SS.20240311.FIL","A00000171151","2024-03-11T14:19Z","2024-03-11T14:19Z","Illinois State Water Survey Central Analytical Laboratory",414.0,0.00498,5,"2024-03-14","A",,
"b5b63e80-8102-4000-a5c8-b493d5b1d48a","D02","POSE","POSE.AOS.S2","POSE.SS.20240311.FIL","A00000171151","2024-03-11T14:19Z","2024-03-11T14:19Z","Illinois State Water Survey Central Analytical Laboratory",436.0,0.00366,5,"2024-03-14","A",,
"c4b417e0-43b5-47ec-b326-3ffaf73fee6a","D02","POSE","POSE.AOS.S2","POSE.SS.20240311.FIL","A00000171151","2024-03-11T14:19Z","2024-03-11T14:19Z","Illinois State Water Survey Central Analytical Laboratory",532.0,0.00114,5,"2024-03-14","B",,
"f32aa05f-9aac-48f9-b19f-3adb58bc70a4","D02","POSE","POSE.AOS.S2","POSE.SS.20240311.FIL","A00000171151","2024-03-11T14:19Z","2024-03-11T14:19Z","Illinois State Water Survey Central Analytical Laboratory",448.0,0.00316,5,"2024-03-14","A",,
"e195a51a-aa15-44e8-a5f7-5a4bf137889e","D02","POSE","POSE.AOS.S2","POSE.SS.20240311.FIL","A00000171151","2024-03-11T14:19Z","2024-03-11T14:19Z","Illinois State Water Survey Central Analytical Laboratory",462.0,0.00250,5,"2024-03-14","B",,
"ce9ab545-9f7d-4888-a519-9b02428c6968","D02","POSE","POSE.AOS.S2","POSE.SS.20240311.FIL","A00000171151","2024-03-11T14:19Z","2024-03-11T14:19Z","Illinois State Water Survey Central Analytical Laboratory",548.0,0.00102,5,"2024-03-14","A",,
"61202379-21be-484c-9b7b-d2ea2079aae9","D02","POSE","POSE.AOS.S2","POSE.SS.20240311.FIL","A00000171151","2024-03-11T14:19Z","2024-03-11T14:19Z","Illinois State Water Survey Central Analytical Laboratory",374.0,0.00934,5,"2024-03-14","A",,
"149eb03a-e9c9-41d7-8bba-ad5afe128660","D02","POSE","POSE.AOS.S2","POSE.SS.20240311.FIL","A00000171151","2024-03-11T14:19Z","2024-03-11T14:19Z","Illinois State Water Survey Central Analytical Laboratory",344.0,0.01482,5,"2024-03-14","A",,
"7c62ca59-c8cd-41d8-acba-bbf331b5e6bc","D02","POSE","POSE.AOS.S2","POSE.SS.20240311.FIL","A00000171151","2024-03-11T14:19Z","2024-03-11T14:19Z","Illinois State Water Survey Central Analytical Laboratory",444.0,0.00320,5,"2024-03-14","B",,
"c984fbd4-2b04-4682-8988-47108dd196b8","D02","POSE","POSE.AOS.S2","POSE.SS.20240311.FIL","A00000171151","2024-03-11T14:19Z","2024-03-11T14:19Z","Illinois State Water Survey Central Analytical Laboratory",590.0,0.00062,5,"2024-03-14","B",,
"9dfb4f78-c210-4fc7-ba84-a1006b94af40","D02","POSE","POSE.AOS.S2","POSE.SS.20240311.FIL","A00000171151","2024-03-11T14:19Z","2024-03-11T14:19Z","Illinois State Water Survey Central Analytical Laboratory",234.0,0.07190,5,"2024-03-14","A",,
"6fb69ad8-45cc-440c-8708-0fdfa599ff4f","D02","POSE","POSE.AOS.S2","POSE.SS.20240311.FIL","A00000171151","2024-03-11T14:19Z","2024-03-11T14:19Z","Illinois State Water Survey Central Analytical Laboratory",558.0,0.00086,5,"2024-03-14","B",,
"0b15fbf9-02f6-4d19-a53d-c2cb9514a519","D02","POSE","POSE.AOS.S2","POSE.SS.20240311.FIL","A00000171151","2024-03-11T14:19Z","2024-03-11T14:19Z","Illinois State Water Survey Central Analytical Laboratory",338.0,0.01620,5,"2024-03-14","A",,
"abc1bc9e-8b90-4598-85a2-a55a4420a239","D02","POSE","POSE.AOS.S2","POSE.SS.20240311.FIL","A00000171151","2024-03-11T14:19Z","2024-03-11T14:19Z","Illinois State Water Survey Central Analytical Laboratory",324.0,0.02008,5,"2024-03-14","B",,
"35af1019-f533-47f2-88c9-93a8e9615a92","D02","POSE","POSE.AOS.S2","POSE.SS.20240311.FIL","A00000171151","2024-03-11T14:19Z","2024-03-11T14:19Z","Illinois State Water Survey Central Analytical Laboratory",544.0,0.00102,5,"2024-03-14","B",,
"26d9d522-4727-4e79-b09f-8a90c93fcad4","D02","POSE","POSE.AOS.S2","POSE.SS.20240311.FIL","A00000171151","2024-03-11T14:19Z","2024-03-11T14:19Z","Illinois State Water Survey Central Analytical Laboratory",534.0,0.00122,5,"2024-03-14","A",,
"9fc6824c-331d-4eb3-a9fa-35a5da2fbdfd","D02","POSE","POSE.AOS.S2","POSE.SS.20240311.FIL","A00000171151","2024-03-11T14:19Z","2024-03-11T14:19Z","Illinois State Water Survey Central Analytical Laboratory",240.0,0.06060,5,"2024-03-14","B",,
"3ba8dd1b-9e0f-44f7-b5ab-640d42430497","D02","POSE","POSE.AOS.S2","POSE.SS.20240311.FIL","A00000171151","2024-03-11T14:19Z","2024-03-11T14:19Z","Illinois State Water Survey Central Analytical Laboratory",356.0,0.01238,5,"2024-03-14","B",,
"6234154e-abd7-475c-8e5d-3e2270d21199","D02","POSE","POSE.AOS.S2","POSE.SS.20240311.FIL","A00000171151","2024-03-11T14:19Z","2024-03-11T14:19Z","Illinois State Water Survey Central Analytical Laboratory",576.0,0.00072,5,"2024-03-14","B",,
"504392e6-688a-4d4d-aebb-3084f0fb0437","D02","POSE","POSE.AOS.S2","POSE.SS.20240311.FIL","A00000171151","2024-03-11T14:19Z","2024-03-11T14:19Z","Illinois State Water Survey Central Analytical Laboratory",514.0,0.00134,5,"2024-03-14","B",,
"78703225-4aed-483a-a45e-0662df4aafc4","D02","POSE","POSE.AOS.S2","POSE.SS.20240311.FIL","A00000171151","2024-03-11T14:19Z","2024-03-11T14:19Z","Illinois State Water Survey Central Analytical Laboratory",448.0,0.00308,5,"2024-03-14","B",,
"2e407b02-b90e-4e69-8e0a-a72d97555bf5","D02","POSE","POSE.AOS.S2","POSE.SS.20240311.FIL","A00000171151","2024-03-11T14:19Z","2024-03-11T14:19Z","Illinois State Water Survey Central Analytical Laboratory",314.0,0.02324,5,"2024-03-14","B",,
"bf4a0422-4ee9-49c6-84f2-d146f50c4b1e","D02","POSE","POSE.AOS.S2","POSE.SS.20240311.FIL","A00000171151","2024-03-11T14:19Z","2024-03-11T14:19Z","Illinois State Water Survey Central Analytical Laboratory",280.0,0.03732,5,"2024-03-14","A",,
"0884be69-9929-455f-b47f-20ff831adb2d","D02","POSE","POSE.AOS.S2","POSE.SS.20240311.FIL","A00000171151","2024-03-11T14:19Z","2024-03-11T14:19Z","Illinois State Water Survey Central Analytical Laboratory",504.0,0.00154,5,"2024-03-14","B",,
"685e4b2a-f3db-46df-82c3-677db8c65d81","D02","POSE","POSE.AOS.S2","POSE.SS.20240311.FIL","A00000171151","2024-03-11T14:19Z","2024-03-11T14:19Z","Illinois State Water Survey Central Analytical Laboratory",514.0,0.00146,5,"2024-03-14","A",,
"661fa11f-d13c-490f-a19b-60df08d97823","D02","POSE","POSE.AOS.S2","POSE.SS.20240311.FIL","A00000171151","2024-03-11T14:19Z","2024-03-11T14:19Z","Illinois State Water Survey Central Analytical Laboratory",498.0,0.00162,5,"2024-03-14","B",,
"c66d05d6-e93d-4832-b077-948908096dae","D02","POSE","POSE.AOS.S2","POSE.SS.20240311.FIL","A00000171151","2024-03-11T14:19Z","2024-03-11T14:19Z","Illinois State Water Survey Central Analytical Laboratory",512.0,0.00142,5,"2024-03-14","A",,
"9181097b-5a92-4e98-bfe1-de01e5881362","D02","POSE","POSE.AOS.S2","POSE.SS.20240311.FIL","A00000171151","2024-03-11T14:19Z","2024-03-11T14:19Z","Illinois State Water Survey Central Analytical Laboratory",388.0,0.00740,5,"2024-03-14","A",,
"f8696abb-b490-4864-befc-acf345d73442","D02","POSE","POSE.AOS.S2","POSE.SS.20240311.FIL","A00000171151","2024-03-11T14:19Z","2024-03-11T14:19Z","Illinois State Water Survey Central Analytical Laboratory",426.0,0.00426,5,"2024-03-14","A",,
"0a293e64-5968-4bd5-be1d-dd1c4b9a3568","D02","POSE","POSE.AOS.S2","POSE.SS.20240311.FIL","A00000171151","2024-03-11T14:19Z","2024-03-11T14:19Z","Illinois State Water Survey Central Analytical Laboratory",368.0,0.01024,5,"2024-03-14","A",,
"8671671b-7d0d-4c1d-abf8-6894e89848f1","D02","POSE","POSE.AOS.S2","POSE.SS.20240311.FIL","A00000171151","2024-03-11T14:19Z","2024-03-11T14:19Z","Illinois State Water Survey Central Analytical Laboratory",330.0,0.01830,5,"2024-03-14","A",,
"a012f1bf-b91a-4177-9f82-2471ac116f52","D02","POSE","POSE.AOS.S2","POSE.SS.20240319.FIL","A00000171225","2024-03-19T11:55Z","2024-03-19T11:55Z","Illinois State Water Survey Central Analytical Laboratory",302.0,0.02218,5,"2024-03-21","B",,
"f3551016-1539-4e38-bb4a-07830d0b61ab","D02","POSE","POSE.AOS.S2","POSE.SS.20240319.FIL","A00000171225","2024-03-19T11:55Z","2024-03-19T11:55Z","Illinois State Water Survey Central Analytical Laboratory",598.0,0.00078,5,"2024-03-21","B",,
"fe6995f9-ce62-4a88-8c40-d1fa6c51d60a","D02","POSE","POSE.AOS.S2","POSE.SS.20240319.FIL","A00000171225","2024-03-19T11:55Z","2024-03-19T11:55Z","Illinois State Water Survey Central Analytical Laboratory",306.0,0.02102,5,"2024-03-21","B",,
"c1063126-2eb3-4cdd-aa1e-6d99d0347732","D02","POSE","POSE.AOS.S2","POSE.SS.20240319.FIL","A00000171225","2024-03-19T11:55Z","2024-03-19T11:55Z","Illinois State Water Survey Central Analytical Laboratory",506.0,0.00174,5,"2024-03-21","A",,
"ab008fce-09d4-4104-b605-f01285dd9668","D02","POSE","POSE.AOS.S2","POSE.SS.20240319.FIL","A00000171225","2024-03-19T11:55Z","2024-03-19T11:55Z","Illinois State Water Survey Central Analytical Laboratory",582.0,0.00092,5,"2024-03-21","A",,
"9796dd6e-5e37-4fb1-8412-dd91908f319d","D02","POSE","POSE.AOS.S2","POSE.SS.20240319.FIL","A00000171225","2024-03-19T11:55Z","2024-03-19T11:55Z","Illinois State Water Survey Central Analytical Laboratory",514.0,0.00164,5,"2024-03-21","A",,
"a4edbb77-77c4-4888-9744-1cd40fea2597","D02","POSE","POSE.AOS.S2","POSE.SS.20240319.FIL","A00000171225","2024-03-19T11:55Z","2024-03-19T11:55Z","Illinois State Water Survey Central Analytical Laboratory",298.0,0.02334,5,"2024-03-21","A",,
"c92a1236-761e-46ff-b547-db649f993728","D02","POSE","POSE.AOS.S2","POSE.SS.20240319.FIL","A00000171225","2024-03-19T11:55Z","2024-03-19T11:55Z","Illinois State Water Survey Central Analytical Laboratory",228.0,0.07626,5,"2024-03-21","B",,
"eb7b9d27-3cbe-44ca-a472-00a94816bb5a","D02","POSE","POSE.AOS.S2","POSE.SS.20240319.FIL","A00000171225","2024-03-19T11:55Z","2024-03-19T11:55Z","Illinois State Water Survey Central Analytical Laboratory",542.0,0.00126,5,"2024-03-21","B",,
"c0d93470-8c34-4188-a683-556d392a3f17","D02","POSE","POSE.AOS.S2","POSE.SS.20240319.FIL","A00000171225","2024-03-19T11:55Z","2024-03-19T11:55Z","Illinois State Water Survey Central Analytical Laboratory",410.0,0.00470,5,"2024-03-21","B",,
"80f68a36-6961-4c07-978e-693cdc2d0fe4","D02","POSE","POSE.AOS.S2","POSE.SS.20240319.FIL","A00000171225","2024-03-19T11:55Z","2024-03-19T11:55Z","Illinois State Water Survey Central Analytical Laboratory",442.0,0.00316,5,"2024-03-21","A",,
"afdc10dd-e132-4ff3-9064-756e73b2d585","D02","POSE","POSE.AOS.S2","POSE.SS.20240319.FIL","A00000171225","2024-03-19T11:55Z","2024-03-19T11:55Z","Illinois State Water Survey Central Analytical Laboratory",360.0,0.00974,5,"2024-03-21","B",,
"9fabdbbb-8e4e-4d51-aaf1-ee594b280bf3","D02","POSE","POSE.AOS.S2","POSE.SS.20240319.FIL","A00000171225","2024-03-19T11:55Z","2024-03-19T11:55Z","Illinois State Water Survey Central Analytical Laboratory",456.0,0.00258,5,"2024-03-21","B",,
"6fd66baf-b36e-40ef-9447-7f55e37b7e7e","D02","POSE","POSE.AOS.S2","POSE.SS.20240319.FIL","A00000171225","2024-03-19T11:55Z","2024-03-19T11:55Z","Illinois State Water Survey Central Analytical Laboratory",394.0,0.00582,5,"2024-03-21","B",,
"0b28ba97-b996-4e30-8420-f731175c274f","D02","POSE","POSE.AOS.S2","POSE.SS.20240319.FIL","A00000171225","2024-03-19T11:55Z","2024-03-19T11:55Z","Illinois State Water Survey Central Analytical Laboratory",424.0,0.00386,5,"2024-03-21","B",,
"9d38588c-8ebd-4db7-afea-0d0b536af700","D02","POSE","POSE.AOS.S2","POSE.SS.20240319.FIL","A00000171225","2024-03-19T11:55Z","2024-03-19T11:55Z","Illinois State Water Survey Central Analytical Laboratory",458.0,0.00256,5,"2024-03-21","B",,
"550e285d-132d-48fa-9e5f-1295b5ea0191","D02","POSE","POSE.AOS.S2","POSE.SS.20240319.FIL","A00000171225","2024-03-19T11:55Z","2024-03-19T11:55Z","Illinois State Water Survey Central Analytical Laboratory",438.0,0.00332,5,"2024-03-21","A",,
"bafae442-7554-47fa-acd4-ba8c3c134ada","D02","POSE","POSE.AOS.S2","POSE.SS.20240319.FIL","A00000171225","2024-03-19T11:55Z","2024-03-19T11:55Z","Illinois State Water Survey Central Analytical Laboratory",240.0,0.04712,5,"2024-03-21","A",,
"7698e4bf-cc9c-4b38-8fb9-9b4508aa5d32","D02","POSE","POSE.AOS.S2","POSE.SS.20240319.FIL","A00000171225","2024-03-19T11:55Z","2024-03-19T11:55Z","Illinois State Water Survey Central Analytical Laboratory",468.0,0.00226,5,"2024-03-21","B",,
"9a5cd396-ab29-40cb-b51b-3ca6df4389db","D02","POSE","POSE.AOS.S2","POSE.SS.20240319.FIL","A00000171225","2024-03-19T11:55Z","2024-03-19T11:55Z","Illinois State Water Survey Central Analytical Laboratory",442.0,0.00310,5,"2024-03-21","B",,
"15795f7a-380c-4453-a3b8-87f4990d5c29","D02","POSE","POSE.AOS.S2","POSE.SS.20240319.FIL","A00000171225","2024-03-19T11:55Z","2024-03-19T11:55Z","Illinois State Water Survey Central Analytical Laboratory",354.0,0.01068,5,"2024-03-21","B",,
"70741b39-914e-4fe4-bbd1-7bc11ea89416","D02","POSE","POSE.AOS.S2","POSE.SS.20240319.FIL","A00000171225","2024-03-19T11:55Z","2024-03-19T11:55Z","Illinois State Water Survey Central Analytical Laboratory",310.0,0.01990,5,"2024-03-21","A",,
"e3d7d2f4-4461-4086-aa08-dbe570ddc69c","D02","POSE","POSE.AOS.S2","POSE.SS.20240319.FIL","A00000171225","2024-03-19T11:55Z","2024-03-19T11:55Z","Illinois State Water Survey Central Analytical Laboratory",578.0,0.00098,5,"2024-03-21","B",,
"817c49d0-8bdc-45c4-83f5-fa5053e2f58d","D02","POSE","POSE.AOS.S2","POSE.SS.20240319.FIL","A00000171225","2024-03-19T11:55Z","2024-03-19T11:55Z","Illinois State Water Survey Central Analytical Laboratory",378.0,0.00744,5,"2024-03-21","B",,
"452c12df-9f1d-428c-88a9-034319903f5d","D02","POSE","POSE.AOS.S2","POSE.SS.20240319.FIL","A00000171225","2024-03-19T11:55Z","2024-03-19T11:55Z","Illinois State Water Survey Central Analytical Laboratory",522.0,0.00154,5,"2024-03-21","A",,
"c8b8ed3c-aa89-4902-a883-615d4ce7c17c","D02","POSE","POSE.AOS.S2","POSE.SS.20240319.FIL","A00000171225","2024-03-19T11:55Z","2024-03-19T11:55Z","Illinois State Water Survey Central Analytical Laboratory",552.0,0.00124,5,"2024-03-21","B",,
"86329bd9-eba7-4e5d-a926-440f37ccbe4d","D02","POSE","POSE.AOS.S2","POSE.SS.20240319.FIL","A00000171225","2024-03-19T11:55Z","2024-03-19T11:55Z","Illinois State Water Survey Central Analytical Laboratory",462.0,0.00250,5,"2024-03-21","A",,
"39656b77-f26a-43db-ba0a-0c4af830d1cc","D02","POSE","POSE.AOS.S2","POSE.SS.20240319.FIL","A00000171225","2024-03-19T11:55Z","2024-03-19T11:55Z","Illinois State Water Survey Central Analytical Laboratory",320.0,0.01740,5,"2024-03-21","A",,
"ed67aca5-7d5d-43f9-9256-345d505db27b","D02","POSE","POSE.AOS.S2","POSE.SS.20240319.FIL","A00000171225","2024-03-19T11:55Z","2024-03-19T11:55Z","Illinois State Water Survey Central Analytical Laboratory",222.0,0.11500,5,"2024-03-21","B",,
"7aca3ed5-c6a2-4746-b828-3ef68593ebc6","D02","POSE","POSE.AOS.S2","POSE.SS.20240319.FIL","A00000171225","2024-03-19T11:55Z","2024-03-19T11:55Z","Illinois State Water Survey Central Analytical Laboratory",300.0,0.02272,5,"2024-03-21","A",,
"173933ec-95ee-4ad0-8dd9-a2b956cecb38","D02","POSE","POSE.AOS.S2","POSE.SS.20240319.FIL","A00000171225","2024-03-19T11:55Z","2024-03-19T11:55Z","Illinois State Water Survey Central Analytical Laboratory",450.0,0.00290,5,"2024-03-21","A",,
"ebcdf522-64df-4b1f-b0e0-0a1dc8319110","D02","POSE","POSE.AOS.S2","POSE.SS.20240319.FIL","A00000171225","2024-03-19T11:55Z","2024-03-19T11:55Z","Illinois State Water Survey Central Analytical Laboratory",272.0,0.03216,5,"2024-03-21","A",,
"78af7170-fbc8-4b5c-a5e0-7b52f294b98c","D02","POSE","POSE.AOS.S2","POSE.SS.20240319.FIL","A00000171225","2024-03-19T11:55Z","2024-03-19T11:55Z","Illinois State Water Survey Central Analytical Laboratory",232.0,0.06216,5,"2024-03-21","B",,
"5db73fdc-bd1a-46c5-a2f9-4e925ec193bb","D02","POSE","POSE.AOS.S2","POSE.SS.20240319.FIL","A00000171225","2024-03-19T11:55Z","2024-03-19T11:55Z","Illinois State Water Survey Central Analytical Laboratory",474.0,0.00220,5,"2024-03-21","B",,
"312fd179-4155-4e29-99cf-52b86598cc48","D02","POSE","POSE.AOS.S2","POSE.SS.20240319.FIL","A00000171225","2024-03-19T11:55Z","2024-03-19T11:55Z","Illinois State Water Survey Central Analytical Laboratory",520.0,0.00150,5,"2024-03-21","A",,
"6372aca7-d341-46a0-ae06-dd741a41863e","D02","POSE","POSE.AOS.S2","POSE.SS.20240319.FIL","A00000171225","2024-03-19T11:55Z","2024-03-19T11:55Z","Illinois State Water Survey Central Analytical Laboratory",534.0,0.00130,5,"2024-03-21","B",,
"4f988f29-e7be-449e-a95e-ea5cfaa96f5a","D02","POSE","POSE.AOS.S2","POSE.SS.20240319.FIL","A00000171225","2024-03-19T11:55Z","2024-03-19T11:55Z","Illinois State Water Survey Central Analytical Laboratory",288.0,0.02670,5,"2024-03-21","A",,
"e7c978f5-0145-49cb-9bff-84b3959c1ebc","D02","POSE","POSE.AOS.S2","POSE.SS.20240319.FIL","A00000171225","2024-03-19T11:55Z","2024-03-19T11:55Z","Illinois State Water Survey Central Analytical Laboratory",432.0,0.00350,5,"2024-03-21","B",,
"bacc8b1c-2443-446c-96d2-ff64b1d565d9","D02","POSE","POSE.AOS.S2","POSE.SS.20240319.FIL","A00000171225","2024-03-19T11:55Z","2024-03-19T11:55Z","Illinois State Water Survey Central Analytical Laboratory",516.0,0.00164,5,"2024-03-21","A",,
"88e9bba4-345c-4da9-a1d9-60871feea3b6","D02","POSE","POSE.AOS.S2","POSE.SS.20240319.FIL","A00000171225","2024-03-19T11:55Z","2024-03-19T11:55Z","Illinois State Water Survey Central Analytical Laboratory",522.0,0.00142,5,"2024-03-21","B",,
"19d8c6e3-0f98-4b0f-8d1c-aeca40d0b6e0","D02","POSE","POSE.AOS.S2","POSE.SS.20240319.FIL","A00000171225","2024-03-19T11:55Z","2024-03-19T11:55Z","Illinois State Water Survey Central Analytical Laboratory",324.0,0.01640,5,"2024-03-21","B",,
"19f8cfa8-cf54-4fa5-b9a5-2fc517bb8fc9","D02","POSE","POSE.AOS.S2","POSE.SS.20240319.FIL","A00000171225","2024-03-19T11:55Z","2024-03-19T11:55Z","Illinois State Water Survey Central Analytical Laboratory",244.0,0.04364,5,"2024-03-21","A",,
"1aad8c40-f134-4431-acae-4c1387323582","D02","POSE","POSE.AOS.S2","POSE.SS.20240319.FIL","A00000171225","2024-03-19T11:55Z","2024-03-19T11:55Z","Illinois State Water Survey Central Analytical Laboratory",224.0,0.09964,5,"2024-03-21","B",,
"5a314277-1855-4367-b229-a243b45408ed","D02","POSE","POSE.AOS.S2","POSE.SS.20240319.FIL","A00000171225","2024-03-19T11:55Z","2024-03-19T11:55Z","Illinois State Water Survey Central Analytical Laboratory",596.0,0.00076,5,"2024-03-21","B",,
"8398ae58-531c-4553-9a52-87d806d2f490","D02","POSE","POSE.AOS.S2","POSE.SS.20240319.FIL","A00000171225","2024-03-19T11:55Z","2024-03-19T11:55Z","Illinois State Water Survey Central Analytical Laboratory",504.0,0.00162,5,"2024-03-21","B",,
"48452eae-76e2-4b81-badf-8ebec3af7cde","D02","POSE","POSE.AOS.S2","POSE.SS.20240319.FIL","A00000171225","2024-03-19T11:55Z","2024-03-19T11:55Z","Illinois State Water Survey Central Analytical Laboratory",470.0,0.00238,5,"2024-03-21","A",,
"3d1a9cd8-f59f-4edc-bacf-030a1d3cdf80","D02","POSE","POSE.AOS.S2","POSE.SS.20240319.FIL","A00000171225","2024-03-19T11:55Z","2024-03-19T11:55Z","Illinois State Water Survey Central Analytical Laboratory",510.0,0.00156,5,"2024-03-21","B",,
"260a82f6-8669-49da-95ab-626dab2cd0ed","D02","POSE","POSE.AOS.S2","POSE.SS.20240319.FIL","A00000171225","2024-03-19T11:55Z","2024-03-19T11:55Z","Illinois State Water Survey Central Analytical Laboratory",376.0,0.00772,5,"2024-03-21","A",,
"524fb51b-63b3-40fd-8727-bd10a9c44ae0","D02","POSE","POSE.AOS.S2","POSE.SS.20240319.FIL","A00000171225","2024-03-19T11:55Z","2024-03-19T11:55Z","Illinois State Water Survey Central Analytical Laboratory",318.0,0.01786,5,"2024-03-21","B",,
"605d0a2e-5379-4bbf-8cd4-89c28af8bfb2","D02","POSE","POSE.AOS.S2","POSE.SS.20240319.FIL","A00000171225","2024-03-19T11:55Z","2024-03-19T11:55Z","Illinois State Water Survey Central Analytical Laboratory",372.0,0.00812,5,"2024-03-21","B",,
"f947552b-f3d9-4ce0-9c96-b5fa774c5da9","D02","POSE","POSE.AOS.S2","POSE.SS.20240319.FIL","A00000171225","2024-03-19T11:55Z","2024-03-19T11:55Z","Illinois State Water Survey Central Analytical Laboratory",492.0,0.00196,5,"2024-03-21","A",,
"10918c7a-f97d-4ad2-975f-a6b498f748e0","D02","POSE","POSE.AOS.S2","POSE.SS.20240319.FIL","A00000171225","2024-03-19T11:55Z","2024-03-19T11:55Z","Illinois State Water Survey Central Analytical Laboratory",376.0,0.00768,5,"2024-03-21","B",,
"80b3ccd1-02c0-45ee-abbc-56d2000b0227","D02","POSE","POSE.AOS.S2","POSE.SS.20240319.FIL","A00000171225","2024-03-19T11:55Z","2024-03-19T11:55Z","Illinois State Water Survey Central Analytical Laboratory",288.0,0.02678,5,"2024-03-21","B",,
"443aed07-05b5-4794-be01-cb407750ce05","D02","POSE","POSE.AOS.S2","POSE.SS.20240319.FIL","A00000171225","2024-03-19T11:55Z","2024-03-19T11:55Z","Illinois State Water Survey Central Analytical Laboratory",556.0,0.00116,5,"2024-03-21","A",,
"8f709439-5948-4f5f-85a5-261f6a250c96","D02","POSE","POSE.AOS.S2","POSE.SS.20240319.FIL","A00000171225","2024-03-19T11:55Z","2024-03-19T11:55Z","Illinois State Water Survey Central Analytical Laboratory",594.0,0.00078,5,"2024-03-21","B",,
"2cfcd233-f7cc-4510-ac52-5ee73396be59","D02","POSE","POSE.AOS.S2","POSE.SS.20240319.FIL","A00000171225","2024-03-19T11:55Z","2024-03-19T11:55Z","Illinois State Water Survey Central Analytical Laboratory",222.0,0.11470,5,"2024-03-21","A",,
"4bb20dcd-393c-4bfc-8e5a-f020e3e0e748","D02","POSE","POSE.AOS.S2","POSE.SS.20240319.FIL","A00000171225","2024-03-19T11:55Z","2024-03-19T11:55Z","Illinois State Water Survey Central Analytical Laboratory",440.0,0.00324,5,"2024-03-21","A",,
"b8ca0aa7-01f0-4908-b827-b8f97938e65c","D02","POSE","POSE.AOS.S2","POSE.SS.20240319.FIL","A00000171225","2024-03-19T11:55Z","2024-03-19T11:55Z","Illinois State Water Survey Central Analytical Laboratory",460.0,0.00256,5,"2024-03-21","A",,
"1d7cea27-42fe-4773-b1a5-d12a0d7d332a","D02","POSE","POSE.AOS.S2","POSE.SS.20240319.FIL","A00000171225","2024-03-19T11:55Z","2024-03-19T11:55Z","Illinois State Water Survey Central Analytical Laboratory",562.0,0.00114,5,"2024-03-21","B",,
"5489933e-73d9-40f3-bff1-0bcf0c7d6100","D02","POSE","POSE.AOS.S2","POSE.SS.20240319.FIL","A00000171225","2024-03-19T11:55Z","2024-03-19T11:55Z","Illinois State Water Survey Central Analytical Laboratory",246.0,0.04214,5,"2024-03-21","A",,
"64266392-b664-472e-bf34-2ef8daf83398","D02","POSE","POSE.AOS.S2","POSE.SS.20240319.FIL","A00000171225","2024-03-19T11:55Z","2024-03-19T11:55Z","Illinois State Water Survey Central Analytical Laboratory",502.0,0.00164,5,"2024-03-21","B",,
"250c63a4-cdb7-4013-a9a7-aa1c0a597314","D02","POSE","POSE.AOS.S2","POSE.SS.20240319.FIL","A00000171225","2024-03-19T11:55Z","2024-03-19T11:55Z","Illinois State Water Survey Central Analytical Laboratory",404.0,0.00512,5,"2024-03-21","A",,
"62fdcd9c-df30-49ae-a761-b9caa51bef05","D02","POSE","POSE.AOS.S2","POSE.SS.20240319.FIL","A00000171225","2024-03-19T11:55Z","2024-03-19T11:55Z","Illinois State Water Survey Central Analytical Laboratory",312.0,0.01936,5,"2024-03-21","A",,
"5ec0bae1-a208-4ab2-a14f-bf2349251009","D02","POSE","POSE.AOS.S2","POSE.SS.20240319.FIL","A00000171225","2024-03-19T11:55Z","2024-03-19T11:55Z","Illinois State Water Survey Central Analytical Laboratory",308.0,0.02044,5,"2024-03-21","B",,
"eaeb6caa-4324-495c-8dba-e96666e6fa1a","D02","POSE","POSE.AOS.S2","POSE.SS.20240319.FIL","A00000171225","2024-03-19T11:55Z","2024-03-19T11:55Z","Illinois State Water Survey Central Analytical Laboratory",268.0,0.03352,5,"2024-03-21","A",,
"b3d07247-a8d2-4f30-8075-0431b3e6a5e7","D02","POSE","POSE.AOS.S2","POSE.SS.20240319.FIL","A00000171225","2024-03-19T11:55Z","2024-03-19T11:55Z","Illinois State Water Survey Central Analytical Laboratory",498.0,0.00188,5,"2024-03-21","A",,
"a5248884-ddd3-4de7-a528-044d74cfb5fb","D02","POSE","POSE.AOS.S2","POSE.SS.20240319.FIL","A00000171225","2024-03-19T11:55Z","2024-03-19T11:55Z","Illinois State Water Survey Central Analytical Laboratory",530.0,0.00132,5,"2024-03-21","B",,
"8b45288a-d572-45ed-9a0d-ea3ed7fe3b35","D02","POSE","POSE.AOS.S2","POSE.SS.20240319.FIL","A00000171225","2024-03-19T11:55Z","2024-03-19T11:55Z","Illinois State Water Survey Central Analytical Laboratory",572.0,0.00112,5,"2024-03-21","B",,
"dfb6afef-22db-4c9b-9708-863c20a92b53","D02","POSE","POSE.AOS.S2","POSE.SS.20240319.FIL","A00000171225","2024-03-19T11:55Z","2024-03-19T11:55Z","Illinois State Water Survey Central Analytical Laboratory",316.0,0.01834,5,"2024-03-21","B",,
"8d69194d-4198-42fa-afce-33b7cf50e636","D02","POSE","POSE.AOS.S2","POSE.SS.20240319.FIL","A00000171225","2024-03-19T11:55Z","2024-03-19T11:55Z","Illinois State Water Survey Central Analytical Laboratory",512.0,0.00166,5,"2024-03-21","A",,
"84a5d168-c444-4747-b1a0-e98e8bc7df75","D02","POSE","POSE.AOS.S2","POSE.SS.20240319.FIL","A00000171225","2024-03-19T11:55Z","2024-03-19T11:55Z","Illinois State Water Survey Central Analytical Laboratory",598.0,0.00076,5,"2024-03-21","A",,
"8c7a7ec8-fdd8-4532-a4fb-5880cc2f4797","D02","POSE","POSE.AOS.S2","POSE.SS.20240319.FIL","A00000171225","2024-03-19T11:55Z","2024-03-19T11:55Z","Illinois State Water Survey Central Analytical Laboratory",290.0,0.02602,5,"2024-03-21","B",,
"1a883fb5-c622-408b-aa94-9e111c0fbb14","D02","POSE","POSE.AOS.S2","POSE.SS.20240319.FIL","A00000171225","2024-03-19T11:55Z","2024-03-19T11:55Z","Illinois State Water Survey Central Analytical Laboratory",526.0,0.00148,5,"2024-03-21","A",,
"e60b39b2-4bc1-4fa6-9dcf-0b83b95a0217","D02","POSE","POSE.AOS.S2","POSE.SS.20240319.FIL","A00000171225","2024-03-19T11:55Z","2024-03-19T11:55Z","Illinois State Water Survey Central Analytical Laboratory",258.0,0.03696,5,"2024-03-21","B",,
"a38185e8-fd4f-4814-a197-b9e2eaa1da64","D02","POSE","POSE.AOS.S2","POSE.SS.20240319.FIL","A00000171225","2024-03-19T11:55Z","2024-03-19T11:55Z","Illinois State Water Survey Central Analytical Laboratory",484.0,0.00196,5,"2024-03-21","B",,
"531fe022-186c-44a3-b28f-762ea6cc2f3f","D02","POSE","POSE.AOS.S2","POSE.SS.20240319.FIL","A00000171225","2024-03-19T11:55Z","2024-03-19T11:55Z","Illinois State Water Survey Central Analytical Laboratory",404.0,0.00508,5,"2024-03-21","B",,
"2a80c880-e212-4616-a87a-28fc623c8cf3","D02","POSE","POSE.AOS.S2","POSE.SS.20240319.FIL","A00000171225","2024-03-19T11:55Z","2024-03-19T11:55Z","Illinois State Water Survey Central Analytical Laboratory",498.0,0.00168,5,"2024-03-21","B",,
"1ab23934-da59-44a6-9ebd-fcb3697caafb","D02","POSE","POSE.AOS.S2","POSE.SS.20240319.FIL","A00000171225","2024-03-19T11:55Z","2024-03-19T11:55Z","Illinois State Water Survey Central Analytical Laboratory",592.0,0.00088,5,"2024-03-21","B",,
"f7c242de-83c5-42d3-8cfd-7763ba231b5f","D02","POSE","POSE.AOS.S2","POSE.SS.20240319.FIL","A00000171225","2024-03-19T11:55Z","2024-03-19T11:55Z","Illinois State Water Survey Central Analytical Laboratory",330.0,0.01502,5,"2024-03-21","B",,
"0c3e6aae-bd14-4abd-98d4-31f8ed37d537","D02","POSE","POSE.AOS.S2","POSE.SS.20240319.FIL","A00000171225","2024-03-19T11:55Z","2024-03-19T11:55Z","Illinois State Water Survey Central Analytical Laboratory",538.0,0.00126,5,"2024-03-21","B",,
"8ebeea85-c83e-494c-b1b9-5ca4d470e8c6","D02","POSE","POSE.AOS.S2","POSE.SS.20240319.FIL","A00000171225","2024-03-19T11:55Z","2024-03-19T11:55Z","Illinois State Water Survey Central Analytical Laboratory",532.0,0.00130,5,"2024-03-21","B",,
"86ff9e97-20c2-4fb2-818a-a8e99252c794","D02","POSE","POSE.AOS.S2","POSE.SS.20240319.FIL","A00000171225","2024-03-19T11:55Z","2024-03-19T11:55Z","Illinois State Water Survey Central Analytical Laboratory",418.0,0.00428,5,"2024-03-21","A",,
"55d5b870-d341-40de-a52e-153722ea0ade","D02","POSE","POSE.AOS.S2","POSE.SS.20240319.FIL","A00000171225","2024-03-19T11:55Z","2024-03-19T11:55Z","Illinois State Water Survey Central Analytical Laboratory",566.0,0.00102,5,"2024-03-21","A",,
"34132cca-917d-4bdd-bfcb-ed3f16e7eddc","D02","POSE","POSE.AOS.S2","POSE.SS.20240319.FIL","A00000171225","2024-03-19T11:55Z","2024-03-19T11:55Z","Illinois State Water Survey Central Analytical Laboratory",284.0,0.02810,5,"2024-03-21","A",,
"87dc68e3-fa74-46f4-a825-86b013ec371f","D02","POSE","POSE.AOS.S2","POSE.SS.20240319.FIL","A00000171225","2024-03-19T11:55Z","2024-03-19T11:55Z","Illinois State Water Survey Central Analytical Laboratory",450.0,0.00284,5,"2024-03-21","B",,
"f9c470eb-f85d-4fef-96da-35634013162e","D02","POSE","POSE.AOS.S2","POSE.SS.20240319.FIL","A00000171225","2024-03-19T11:55Z","2024-03-19T11:55Z","Illinois State Water Survey Central Analytical Laboratory",264.0,0.03486,5,"2024-03-21","A",,
"92901d49-46ff-4886-a42a-09d090fb54d7","D02","POSE","POSE.AOS.S2","POSE.SS.20240319.FIL","A00000171225","2024-03-19T11:55Z","2024-03-19T11:55Z","Illinois State Water Survey Central Analytical Laboratory",282.0,0.02880,5,"2024-03-21","A",,
"98d2c38c-607b-4c11-b5f6-26799926923f","D02","POSE","POSE.AOS.S2","POSE.SS.20240319.FIL","A00000171225","2024-03-19T11:55Z","2024-03-19T11:55Z","Illinois State Water Survey Central Analytical Laboratory",588.0,0.00084,5,"2024-03-21","B",,
"4a583f8a-75b9-466b-9a09-2eef77f4dc4e","D02","POSE","POSE.AOS.S2","POSE.SS.20240319.FIL","A00000171225","2024-03-19T11:55Z","2024-03-19T11:55Z","Illinois State Water Survey Central Analytical Laboratory",336.0,0.01388,5,"2024-03-21","A",,
"7aca1c32-8a6a-4b41-9aa8-719e65994f2f","D02","POSE","POSE.AOS.S2","POSE.SS.20240319.FIL","A00000171225","2024-03-19T11:55Z","2024-03-19T11:55Z","Illinois State Water Survey Central Analytical Laboratory",320.0,0.01740,5,"2024-03-21","B",,
"5f50c1a0-4368-435f-9b62-35d70f6ab606","D02","POSE","POSE.AOS.S2","POSE.SS.20240319.FIL","A00000171225","2024-03-19T11:55Z","2024-03-19T11:55Z","Illinois State Water Survey Central Analytical Laboratory",242.0,0.04518,5,"2024-03-21","B",,
"117888ce-34ec-41c4-8321-d8ca875f0afa","D02","POSE","POSE.AOS.S2","POSE.SS.20240319.FIL","A00000171225","2024-03-19T11:55Z","2024-03-19T11:55Z","Illinois State Water Survey Central Analytical Laboratory",414.0,0.00452,5,"2024-03-21","A",,
"a836c9b3-1b6f-4813-a8cc-62aa8b94a76c","D02","POSE","POSE.AOS.S2","POSE.SS.20240319.FIL","A00000171225","2024-03-19T11:55Z","2024-03-19T11:55Z","Illinois State Water Survey Central Analytical Laboratory",378.0,0.00752,5,"2024-03-21","A",,
"bd62f5ce-e3c7-41d1-b97f-bda283c84756","D02","POSE","POSE.AOS.S2","POSE.SS.20240319.FIL","A00000171225","2024-03-19T11:55Z","2024-03-19T11:55Z","Illinois State Water Survey Central Analytical Laboratory",592.0,0.00086,5,"2024-03-21","A",,
"4c2fca3b-4c53-4c90-8134-0e8cf5b294f3","D02","POSE","POSE.AOS.S2","POSE.SS.20240319.FIL","A00000171225","2024-03-19T11:55Z","2024-03-19T11:55Z","Illinois State Water Survey Central Analytical Laboratory",518.0,0.00158,5,"2024-03-21","A",,
"8b3cc4b3-41ee-48e3-820d-5f7e82d0d147","D02","POSE","POSE.AOS.S2","POSE.SS.20240319.FIL","A00000171225","2024-03-19T11:55Z","2024-03-19T11:55Z","Illinois State Water Survey Central Analytical Laboratory",504.0,0.00178,5,"2024-03-21","A",,
"d04c16b0-e470-453b-9f52-1540b5aaab13","D02","POSE","POSE.AOS.S2","POSE.SS.20240319.FIL","A00000171225","2024-03-19T11:55Z","2024-03-19T11:55Z","Illinois State Water Survey Central Analytical Laboratory",232.0,0.06200,5,"2024-03-21","A",,
"f03e9e5b-c515-4ba6-8018-00e7d862aa02","D02","POSE","POSE.AOS.S2","POSE.SS.20240319.FIL","A00000171225","2024-03-19T11:55Z","2024-03-19T11:55Z","Illinois State Water Survey Central Analytical Laboratory",256.0,0.03770,5,"2024-03-21","B",,
"ff6f148b-0f97-4a87-a290-fb774e911333","D02","POSE","POSE.AOS.S2","POSE.SS.20240319.FIL","A00000171225","2024-03-19T11:55Z","2024-03-19T11:55Z","Illinois State Water Survey Central Analytical Laboratory",436.0,0.00332,5,"2024-03-21","B",,
"e6df6c2f-9455-463b-9ddc-51beb7c2e08c","D02","POSE","POSE.AOS.S2","POSE.SS.20240319.FIL","A00000171225","2024-03-19T11:55Z","2024-03-19T11:55Z","Illinois State Water Survey Central Analytical Laboratory",332.0,0.01464,5,"2024-03-21","A",,
"e55892d3-9403-4d83-b8be-296ac8c39f86","D02","POSE","POSE.AOS.S2","POSE.SS.20240319.FIL","A00000171225","2024-03-19T11:55Z","2024-03-19T11:55Z","Illinois State Water Survey Central Analytical Laboratory",596.0,0.00078,5,"2024-03-21","A",,
"9cc3e952-18ca-4bd3-8880-9d35bd740ffc","D02","POSE","POSE.AOS.S2","POSE.SS.20240319.FIL","A00000171225","2024-03-19T11:55Z","2024-03-19T11:55Z","Illinois State Water Survey Central Analytical Laboratory",508.0,0.00156,5,"2024-03-21","B",,
"8f7b72f2-7e43-4559-a915-056c5eb47d06","D02","POSE","POSE.AOS.S2","POSE.SS.20240319.FIL","A00000171225","2024-03-19T11:55Z","2024-03-19T11:55Z","Illinois State Water Survey Central Analytical Laboratory",422.0,0.00410,5,"2024-03-21","A",,
"eb0b549c-ccb0-4834-81cd-7ba5a4fc88ca","D02","POSE","POSE.AOS.S2","POSE.SS.20240319.FIL","A00000171225","2024-03-19T11:55Z","2024-03-19T11:55Z","Illinois State Water Survey Central Analytical Laboratory",400.0,0.00534,5,"2024-03-21","A",,
"a5fe2801-e118-436a-ae46-d5b21532554c","D02","POSE","POSE.AOS.S2","POSE.SS.20240319.FIL","A00000171225","2024-03-19T11:55Z","2024-03-19T11:55Z","Illinois State Water Survey Central Analytical Laboratory",372.0,0.00816,5,"2024-03-21","A",,
"cb352c00-3bf9-4eb4-b78f-7fddc72ee927","D02","POSE","POSE.AOS.S2","POSE.SS.20240319.FIL","A00000171225","2024-03-19T11:55Z","2024-03-19T11:55Z","Illinois State Water Survey Central Analytical Laboratory",346.0,0.01200,5,"2024-03-21","B",,
"64902ecb-8917-4d8d-ac3c-e5902f97b65f","D02","POSE","POSE.AOS.S2","POSE.SS.20240319.FIL","A00000171225","2024-03-19T11:55Z","2024-03-19T11:55Z","Illinois State Water Survey Central Analytical Laboratory",484.0,0.00208,5,"2024-03-21","A",,
"bf24396d-7fb7-4a65-903e-d70522be7852","D02","POSE","POSE.AOS.S2","POSE.SS.20240319.FIL","A00000171225","2024-03-19T11:55Z","2024-03-19T11:55Z","Illinois State Water Survey Central Analytical Laboratory",350.0,0.01132,5,"2024-03-21","A",,
"2cd720f8-1ac3-4121-b907-80814ca11774","D02","POSE","POSE.AOS.S2","POSE.SS.20240319.FIL","A00000171225","2024-03-19T11:55Z","2024-03-19T11:55Z","Illinois State Water Survey Central Analytical Laboratory",270.0,0.03286,5,"2024-03-21","B",,
"e20eb029-50e4-4bc8-bcf7-daa8bb113062","D02","POSE","POSE.AOS.S2","POSE.SS.20240319.FIL","A00000171225","2024-03-19T11:55Z","2024-03-19T11:55Z","Illinois State Water Survey Central Analytical Laboratory",344.0,0.01232,5,"2024-03-21","B",,
"9bb6e156-ea9d-440b-b077-91cd88d6d007","D02","POSE","POSE.AOS.S2","POSE.SS.20240319.FIL","A00000171225","2024-03-19T11:55Z","2024-03-19T11:55Z","Illinois State Water Survey Central Analytical Laboratory",226.0,0.08668,5,"2024-03-21","A",,
"7d9e6014-4237-422e-91ca-b18839f2c18e","D02","POSE","POSE.AOS.S2","POSE.SS.20240319.FIL","A00000171225","2024-03-19T11:55Z","2024-03-19T11:55Z","Illinois State Water Survey Central Analytical Laboratory",340.0,0.01308,5,"2024-03-21","A",,
"7293751b-9e95-42ed-900b-660d0c9dd700","D02","POSE","POSE.AOS.S2","POSE.SS.20240319.FIL","A00000171225","2024-03-19T11:55Z","2024-03-19T11:55Z","Illinois State Water Survey Central Analytical Laboratory",580.0,0.00090,5,"2024-03-21","A",,
"1203cb9c-340d-4f30-8ca1-778df0f1a3f9","D02","POSE","POSE.AOS.S2","POSE.SS.20240319.FIL","A00000171225","2024-03-19T11:55Z","2024-03-19T11:55Z","Illinois State Water Survey Central Analytical Laboratory",338.0,0.01340,5,"2024-03-21","B",,
"8839d94a-3ba3-4fa5-84a2-619e6e2ab4fe","D02","POSE","POSE.AOS.S2","POSE.SS.20240319.FIL","A00000171225","2024-03-19T11:55Z","2024-03-19T11:55Z","Illinois State Water Survey Central Analytical Laboratory",428.0,0.00372,5,"2024-03-21","B",,
"fc595651-a049-481b-a96c-e9f8d9ff3d03","D02","POSE","POSE.AOS.S2","POSE.SS.20240319.FIL","A00000171225","2024-03-19T11:55Z","2024-03-19T11:55Z","Illinois State Water Survey Central Analytical Laboratory",380.0,0.00720,5,"2024-03-21","B",,
"22982ecd-aa83-45d6-b01e-f91b6e3651b6","D02","POSE","POSE.AOS.S2","POSE.SS.20240319.FIL","A00000171225","2024-03-19T11:55Z","2024-03-19T11:55Z","Illinois State Water Survey Central Analytical Laboratory",362.0,0.00946,5,"2024-03-21","B",,
"68ac1d04-e675-448b-a251-89662d4187d5","D02","POSE","POSE.AOS.S2","POSE.SS.20240319.FIL","A00000171225","2024-03-19T11:55Z","2024-03-19T11:55Z","Illinois State Water Survey Central Analytical Laboratory",516.0,0.00150,5,"2024-03-21","B",,
"3896983d-b3ca-4c95-9aaf-2e4d217a6b80","D02","POSE","POSE.AOS.S2","POSE.SS.20240319.FIL","A00000171225","2024-03-19T11:55Z","2024-03-19T11:55Z","Illinois State Water Survey Central Analytical Laboratory",586.0,0.00090,5,"2024-03-21","B",,
"1f1a4914-e56d-49a3-9b91-f36a123d1d87","D02","POSE","POSE.AOS.S2","POSE.SS.20240319.FIL","A00000171225","2024-03-19T11:55Z","2024-03-19T11:55Z","Illinois State Water Survey Central Analytical Laboratory",536.0,0.00122,5,"2024-03-21","B",,
"f5c64f63-be42-41f2-9ca1-c0efc0bf2e94","D02","POSE","POSE.AOS.S2","POSE.SS.20240319.FIL","A00000171225","2024-03-19T11:55Z","2024-03-19T11:55Z","Illinois State Water Survey Central Analytical Laboratory",250.0,0.04010,5,"2024-03-21","A",,
"b67510af-3980-4b37-a2ac-7288ca15547c","D02","POSE","POSE.AOS.S2","POSE.SS.20240319.FIL","A00000171225","2024-03-19T11:55Z","2024-03-19T11:55Z","Illinois State Water Survey Central Analytical Laboratory",352.0,0.01098,5,"2024-03-21","B",,
"64dec4f1-9d02-4b39-8878-8017fd421a0b","D02","POSE","POSE.AOS.S2","POSE.SS.20240319.FIL","A00000171225","2024-03-19T11:55Z","2024-03-19T11:55Z","Illinois State Water Survey Central Analytical Laboratory",280.0,0.02954,5,"2024-03-21","B",,
"0bb324c9-67c6-4481-95b1-de9c9090c1e2","D02","POSE","POSE.AOS.S2","POSE.SS.20240319.FIL","A00000171225","2024-03-19T11:55Z","2024-03-19T11:55Z","Illinois State Water Survey Central Analytical Laboratory",314.0,0.01882,5,"2024-03-21","B",,
"b9c864b7-6bd2-43b1-8f2e-624d009d37e3","D02","POSE","POSE.AOS.S2","POSE.SS.20240319.FIL","A00000171225","2024-03-19T11:55Z","2024-03-19T11:55Z","Illinois State Water Survey Central Analytical Laboratory",298.0,0.02340,5,"2024-03-21","B",,
"c84abad7-3e79-41ff-8d95-6b1655fd31f9","D02","POSE","POSE.AOS.S2","POSE.SS.20240319.FIL","A00000171225","2024-03-19T11:55Z","2024-03-19T11:55Z","Illinois State Water Survey Central Analytical Laboratory",560.0,0.00122,5,"2024-03-21","B",,
"f69783d4-7f6a-4a3d-a32e-6e15fb9a5002","D02","POSE","POSE.AOS.S2","POSE.SS.20240319.FIL","A00000171225","2024-03-19T11:55Z","2024-03-19T11:55Z","Illinois State Water Survey Central Analytical Laboratory",424.0,0.00392,5,"2024-03-21","A",,
"3c428f6f-9486-4853-9046-ca8e6b11e1c1","D02","POSE","POSE.AOS.S2","POSE.SS.20240319.FIL","A00000171225","2024-03-19T11:55Z","2024-03-19T11:55Z","Illinois State Water Survey Central Analytical Laboratory",384.0,0.00676,5,"2024-03-21","B",,
"d1612fc5-cb21-43b9-8e34-12e10e5a47f3","D02","POSE","POSE.AOS.S2","POSE.SS.20240319.FIL","A00000171225","2024-03-19T11:55Z","2024-03-19T11:55Z","Illinois State Water Survey Central Analytical Laboratory",246.0,0.04224,5,"2024-03-21","B",,
"189e2471-563a-49e8-8eca-380b3e0bece2","D02","POSE","POSE.AOS.S2","POSE.SS.20240319.FIL","A00000171225","2024-03-19T11:55Z","2024-03-19T11:55Z","Illinois State Water Survey Central Analytical Laboratory",392.0,0.00604,5,"2024-03-21","A",,
"aa2919fe-a248-466b-8085-5a719f172f9f","D02","POSE","POSE.AOS.S2","POSE.SS.20240319.FIL","A00000171225","2024-03-19T11:55Z","2024-03-19T11:55Z","Illinois State Water Survey Central Analytical Laboratory",352.0,0.01104,5,"2024-03-21","A",,
"d493f2f7-baea-4d2d-b452-5395317e7f74","D02","POSE","POSE.AOS.S2","POSE.SS.20240319.FIL","A00000171225","2024-03-19T11:55Z","2024-03-19T11:55Z","Illinois State Water Survey Central Analytical Laboratory",470.0,0.00228,5,"2024-03-21","B",,
"161b6197-6d49-44c8-92a2-10812c433fd2","D02","POSE","POSE.AOS.S2","POSE.SS.20240319.FIL","A00000171225","2024-03-19T11:55Z","2024-03-19T11:55Z","Illinois State Water Survey Central Analytical Laboratory",574.0,0.00104,5,"2024-03-21","B",,
"795f057c-a078-4818-b736-7bcf499dcfa4","D02","POSE","POSE.AOS.S2","POSE.SS.20240319.FIL","A00000171225","2024-03-19T11:55Z","2024-03-19T11:55Z","Illinois State Water Survey Central Analytical Laboratory",546.0,0.00118,5,"2024-03-21","A",,
"f7a329ee-1463-4c3d-8b3a-66743906ae48","D02","POSE","POSE.AOS.S2","POSE.SS.20240319.FIL","A00000171225","2024-03-19T11:55Z","2024-03-19T11:55Z","Illinois State Water Survey Central Analytical Laboratory",348.0,0.01168,5,"2024-03-21","A",,
"741c5ffb-1a5f-4545-a5d9-e07162e13caf","D02","POSE","POSE.AOS.S2","POSE.SS.20240319.FIL","A00000171225","2024-03-19T11:55Z","2024-03-19T11:55Z","Illinois State Water Survey Central Analytical Laboratory",332.0,0.01458,5,"2024-03-21","B",,
"baa293c2-b3ad-44c4-b473-71e027722d59","D02","POSE","POSE.AOS.S2","POSE.SS.20240319.FIL","A00000171225","2024-03-19T11:55Z","2024-03-19T11:55Z","Illinois State Water Survey Central Analytical Laboratory",600.0,0.00082,5,"2024-03-21","A",,
"88381111-e5f1-44e1-ab4d-7dfa4c2f393a","D02","POSE","POSE.AOS.S2","POSE.SS.20240319.FIL","A00000171225","2024-03-19T11:55Z","2024-03-19T11:55Z","Illinois State Water Survey Central Analytical Laboratory",542.0,0.00130,5,"2024-03-21","A",,
"019575da-e59d-4c9b-93b3-14a344c57435","D02","POSE","POSE.AOS.S2","POSE.SS.20240319.FIL","A00000171225","2024-03-19T11:55Z","2024-03-19T11:55Z","Illinois State Water Survey Central Analytical Laboratory",358.0,0.01008,5,"2024-03-21","B",,
"b12a7a70-3032-49e6-98b4-a7604f9f698f","D02","POSE","POSE.AOS.S2","POSE.SS.20240319.FIL","A00000171225","2024-03-19T11:55Z","2024-03-19T11:55Z","Illinois State Water Survey Central Analytical Laboratory",500.0,0.00180,5,"2024-03-21","A",,
"6b584014-10be-488b-8399-81032e0061f5","D02","POSE","POSE.AOS.S2","POSE.SS.20240319.FIL","A00000171225","2024-03-19T11:55Z","2024-03-19T11:55Z","Illinois State Water Survey Central Analytical Laboratory",402.0,0.00526,5,"2024-03-21","A",,
"7077a0c9-854f-40ac-8739-411c892fa472","D02","POSE","POSE.AOS.S2","POSE.SS.20240319.FIL","A00000171225","2024-03-19T11:55Z","2024-03-19T11:55Z","Illinois State Water Survey Central Analytical Laboratory",274.0,0.03150,5,"2024-03-21","A",,
"0027e7af-2379-4030-8f51-4bf0d8ea33c0","D02","POSE","POSE.AOS.S2","POSE.SS.20240319.FIL","A00000171225","2024-03-19T11:55Z","2024-03-19T11:55Z","Illinois State Water Survey Central Analytical Laboratory",512.0,0.00152,5,"2024-03-21","B",,
"a8034168-1ce6-49e0-b0f8-64e173e269ba","D02","POSE","POSE.AOS.S2","POSE.SS.20240319.FIL","A00000171225","2024-03-19T11:55Z","2024-03-19T11:55Z","Illinois State Water Survey Central Analytical Laboratory",578.0,0.00094,5,"2024-03-21","A",,
"891102e2-4bb9-416f-a662-36f8a3decdde","D02","POSE","POSE.AOS.S2","POSE.SS.20240319.FIL","A00000171225","2024-03-19T11:55Z","2024-03-19T11:55Z","Illinois State Water Survey Central Analytical Laboratory",548.0,0.00120,5,"2024-03-21","B",,
"f6c7aa55-bec9-492d-997e-9f90f77cac7b","D02","POSE","POSE.AOS.S2","POSE.SS.20240319.FIL","A00000171225","2024-03-19T11:55Z","2024-03-19T11:55Z","Illinois State Water Survey Central Analytical Laboratory",490.0,0.00186,5,"2024-03-21","B",,
"a11687bc-1056-4e58-ae00-cb6bf103eb30","D02","POSE","POSE.AOS.S2","POSE.SS.20240319.FIL","A00000171225","2024-03-19T11:55Z","2024-03-19T11:55Z","Illinois State Water Survey Central Analytical Laboratory",576.0,0.00098,5,"2024-03-21","B",,
"eb91ffbe-3c1e-48c8-aed9-5cf7d390425c","D02","POSE","POSE.AOS.S2","POSE.SS.20240319.FIL","A00000171225","2024-03-19T11:55Z","2024-03-19T11:55Z","Illinois State Water Survey Central Analytical Laboratory",360.0,0.00982,5,"2024-03-21","A",,
"6f21f393-5cd3-4535-83ed-fb7ffd6ef4d5","D02","POSE","POSE.AOS.S2","POSE.SS.20240319.FIL","A00000171225","2024-03-19T11:55Z","2024-03-19T11:55Z","Illinois State Water Survey Central Analytical Laboratory",438.0,0.00328,5,"2024-03-21","B",,
"85426f07-153f-4585-91ef-4d788cc0832d","D02","POSE","POSE.AOS.S2","POSE.SS.20240319.FIL","A00000171225","2024-03-19T11:55Z","2024-03-19T11:55Z","Illinois State Water Survey Central Analytical Laboratory",314.0,0.01882,5,"2024-03-21","A",,
"a4941070-87d2-40df-83bd-d7694993fb73","D02","POSE","POSE.AOS.S2","POSE.SS.20240319.FIL","A00000171225","2024-03-19T11:55Z","2024-03-19T11:55Z","Illinois State Water Survey Central Analytical Laboratory",584.0,0.00084,5,"2024-03-21","A",,
"7d02a219-f82d-4d57-b6b0-ed5e8a4653f0","D02","POSE","POSE.AOS.S2","POSE.SS.20240319.FIL","A00000171225","2024-03-19T11:55Z","2024-03-19T11:55Z","Illinois State Water Survey Central Analytical Laboratory",480.0,0.00214,5,"2024-03-21","A",,
"49116053-906c-40d5-b7cf-7d9ec701e693","D02","POSE","POSE.AOS.S2","POSE.SS.20240319.FIL","A00000171225","2024-03-19T11:55Z","2024-03-19T11:55Z","Illinois State Water Survey Central Analytical Laboratory",420.0,0.00412,5,"2024-03-21","B",,
"f37f31cb-9bba-4e3f-bc02-cbc4cfe9ac7f","D02","POSE","POSE.AOS.S2","POSE.SS.20240319.FIL","A00000171225","2024-03-19T11:55Z","2024-03-19T11:55Z","Illinois State Water Survey Central Analytical Laboratory",346.0,0.01206,5,"2024-03-21","A",,
"480a22a1-4381-49a4-abf4-bad840ed8293","D02","POSE","POSE.AOS.S2","POSE.SS.20240319.FIL","A00000171225","2024-03-19T11:55Z","2024-03-19T11:55Z","Illinois State Water Survey Central Analytical Laboratory",238.0,0.04968,5,"2024-03-21","B",,
"3f816555-6b13-42d8-8d77-47ac8c21a7cd","D02","POSE","POSE.AOS.S2","POSE.SS.20240319.FIL","A00000171225","2024-03-19T11:55Z","2024-03-19T11:55Z","Illinois State Water Survey Central Analytical Laboratory",394.0,0.00590,5,"2024-03-21","A",,
"c6a6ff01-aa55-41fc-8ecb-6f0a2ff6c12f","D02","POSE","POSE.AOS.S2","POSE.SS.20240319.FIL","A00000171225","2024-03-19T11:55Z","2024-03-19T11:55Z","Illinois State Water Survey Central Analytical Laboratory",240.0,0.04722,5,"2024-03-21","B",,
"d3b0a834-52a6-4f60-bac2-62925a3acb0a","D02","POSE","POSE.AOS.S2","POSE.SS.20240319.FIL","A00000171225","2024-03-19T11:55Z","2024-03-19T11:55Z","Illinois State Water Survey Central Analytical Laboratory",338.0,0.01348,5,"2024-03-21","A",,
"06c4de28-567f-4d77-818a-5b8877c9545c","D02","POSE","POSE.AOS.S2","POSE.SS.20240319.FIL","A00000171225","2024-03-19T11:55Z","2024-03-19T11:55Z","Illinois State Water Survey Central Analytical Laboratory",430.0,0.00362,5,"2024-03-21","B",,
"75556813-b73c-45a5-9057-e65e9a5337db","D02","POSE","POSE.AOS.S2","POSE.SS.20240319.FIL","A00000171225","2024-03-19T11:55Z","2024-03-19T11:55Z","Illinois State Water Survey Central Analytical Laboratory",292.0,0.02534,5,"2024-03-21","B",,
"ec367cd9-b6f8-445f-a183-b4f1f642b9ee","D02","POSE","POSE.AOS.S2","POSE.SS.20240319.FIL","A00000171225","2024-03-19T11:55Z","2024-03-19T11:55Z","Illinois State Water Survey Central Analytical Laboratory",384.0,0.00680,5,"2024-03-21","A",,
"d2c2acbd-54fc-4540-b1b4-572981524153","D02","POSE","POSE.AOS.S2","POSE.SS.20240319.FIL","A00000171225","2024-03-19T11:55Z","2024-03-19T11:55Z","Illinois State Water Survey Central Analytical Laboratory",364.0,0.00924,5,"2024-03-21","B",,
"12ee662a-8fef-427a-811f-b9e8f41dcdb7","D02","POSE","POSE.AOS.S2","POSE.SS.20240319.FIL","A00000171225","2024-03-19T11:55Z","2024-03-19T11:55Z","Illinois State Water Survey Central Analytical Laboratory",302.0,0.02214,5,"2024-03-21","A",,
"ff679b62-4690-485d-8710-1e97d3382dc4","D02","POSE","POSE.AOS.S2","POSE.SS.20240319.FIL","A00000171225","2024-03-19T11:55Z","2024-03-19T11:55Z","Illinois State Water Survey Central Analytical Laboratory",228.0,0.07606,5,"2024-03-21","A",,
"ab3f870f-0c83-4ffc-9f52-d83e88d0bc2a","D02","POSE","POSE.AOS.S2","POSE.SS.20240319.FIL","A00000171225","2024-03-19T11:55Z","2024-03-19T11:55Z","Illinois State Water Survey Central Analytical Laboratory",292.0,0.02528,5,"2024-03-21","A",,
"ec2f0daa-3129-40c4-a983-41d10e549665","D02","POSE","POSE.AOS.S2","POSE.SS.20240319.FIL","A00000171225","2024-03-19T11:55Z","2024-03-19T11:55Z","Illinois State Water Survey Central Analytical Laboratory",590.0,0.00076,5,"2024-03-21","A",,
"068d2717-2f81-44d7-936a-74c2a2c51918","D02","POSE","POSE.AOS.S2","POSE.SS.20240319.FIL","A00000171225","2024-03-19T11:55Z","2024-03-19T11:55Z","Illinois State Water Survey Central Analytical Laboratory",486.0,0.00208,5,"2024-03-21","A",,
"468b6113-c9f8-44c0-9e47-1a352c27719b","D02","POSE","POSE.AOS.S2","POSE.SS.20240319.FIL","A00000171225","2024-03-19T11:55Z","2024-03-19T11:55Z","Illinois State Water Survey Central Analytical Laboratory",406.0,0.00494,5,"2024-03-21","B",,
"a242b5b2-d3eb-42b5-ad42-6fadb642e2b9","D02","POSE","POSE.AOS.S2","POSE.SS.20240319.FIL","A00000171225","2024-03-19T11:55Z","2024-03-19T11:55Z","Illinois State Water Survey Central Analytical Laboratory",520.0,0.00138,5,"2024-03-21","B",,
"0523590e-843d-468e-bd2b-89e54724d5ee","D02","POSE","POSE.AOS.S2","POSE.SS.20240319.FIL","A00000171225","2024-03-19T11:55Z","2024-03-19T11:55Z","Illinois State Water Survey Central Analytical Laboratory",452.0,0.00280,5,"2024-03-21","A",,
"8143a674-2850-495d-89c0-6293f39e58b6","D02","POSE","POSE.AOS.S2","POSE.SS.20240319.FIL","A00000171225","2024-03-19T11:55Z","2024-03-19T11:55Z","Illinois State Water Survey Central Analytical Laboratory",562.0,0.00104,5,"2024-03-21","A",,
"e0dc05df-03be-486a-bfb7-25be7b6c5fac","D02","POSE","POSE.AOS.S2","POSE.SS.20240319.FIL","A00000171225","2024-03-19T11:55Z","2024-03-19T11:55Z","Illinois State Water Survey Central Analytical Laboratory",280.0,0.02948,5,"2024-03-21","A",,
"5889db8d-027a-4fa4-9dc3-a304ea9ac848","D02","POSE","POSE.AOS.S2","POSE.SS.20240319.FIL","A00000171225","2024-03-19T11:55Z","2024-03-19T11:55Z","Illinois State Water Survey Central Analytical Laboratory",308.0,0.02042,5,"2024-03-21","A",,
"c150eb55-c9fe-42e8-8344-31fc62012bef","D02","POSE","POSE.AOS.S2","POSE.SS.20240319.FIL","A00000171225","2024-03-19T11:55Z","2024-03-19T11:55Z","Illinois State Water Survey Central Analytical Laboratory",358.0,0.01012,5,"2024-03-21","A",,
"fa8a5907-5c8c-4838-8f98-6391604045bd","D02","POSE","POSE.AOS.S2","POSE.SS.20240319.FIL","A00000171225","2024-03-19T11:55Z","2024-03-19T11:55Z","Illinois State Water Survey Central Analytical Laboratory",368.0,0.00866,5,"2024-03-21","B",,
"d975da10-5f76-443f-96d6-e1f4e65a28d9","D02","POSE","POSE.AOS.S2","POSE.SS.20240319.FIL","A00000171225","2024-03-19T11:55Z","2024-03-19T11:55Z","Illinois State Water Survey Central Analytical Laboratory",278.0,0.03016,5,"2024-03-21","A",,
"781068f9-4637-43a3-a64a-e59bb93b2fc4","D02","POSE","POSE.AOS.S2","POSE.SS.20240319.FIL","A00000171225","2024-03-19T11:55Z","2024-03-19T11:55Z","Illinois State Water Survey Central Analytical Laboratory",448.0,0.00294,5,"2024-03-21","A",,
"12810b4b-86a9-4d21-9059-36fec22bb3f3","D02","POSE","POSE.AOS.S2","POSE.SS.20240319.FIL","A00000171225","2024-03-19T11:55Z","2024-03-19T11:55Z","Illinois State Water Survey Central Analytical Laboratory",410.0,0.00474,5,"2024-03-21","A",,
"74ab7e9f-9525-44cf-8e75-a9250fd37b89","D02","POSE","POSE.AOS.S2","POSE.SS.20240319.FIL","A00000171225","2024-03-19T11:55Z","2024-03-19T11:55Z","Illinois State Water Survey Central Analytical Laboratory",258.0,0.03686,5,"2024-03-21","A",,
"a49efe4a-3bf0-48a2-8758-77218dc5ea1e","D02","POSE","POSE.AOS.S2","POSE.SS.20240319.FIL","A00000171225","2024-03-19T11:55Z","2024-03-19T11:55Z","Illinois State Water Survey Central Analytical Laboratory",430.0,0.00368,5,"2024-03-21","A",,
"72ee21e5-f270-467f-a308-afec3c5a9795","D02","POSE","POSE.AOS.S2","POSE.SS.20240319.FIL","A00000171225","2024-03-19T11:55Z","2024-03-19T11:55Z","Illinois State Water Survey Central Analytical Laboratory",590.0,0.00078,5,"2024-03-21","B",,
"95372139-cbef-4194-a8ec-62546510c5c1","D02","POSE","POSE.AOS.S2","POSE.SS.20240319.FIL","A00000171225","2024-03-19T11:55Z","2024-03-19T11:55Z","Illinois State Water Survey Central Analytical Laboratory",514.0,0.00148,5,"2024-03-21","B",,
"c239bb09-125a-4601-9a24-3648607c4f25","D02","POSE","POSE.AOS.S2","POSE.SS.20240319.FIL","A00000171225","2024-03-19T11:55Z","2024-03-19T11:55Z","Illinois State Water Survey Central Analytical Laboratory",412.0,0.00460,5,"2024-03-21","A",,
"ce7aa1c1-61f0-4aaa-bb55-fff6049677fe","D02","POSE","POSE.AOS.S2","POSE.SS.20240319.FIL","A00000171225","2024-03-19T11:55Z","2024-03-19T11:55Z","Illinois State Water Survey Central Analytical Laboratory",460.0,0.00252,5,"2024-03-21","B",,
"0a6939c8-7d2c-4e3f-8164-b67b986b4d28","D02","POSE","POSE.AOS.S2","POSE.SS.20240319.FIL","A00000171225","2024-03-19T11:55Z","2024-03-19T11:55Z","Illinois State Water Survey Central Analytical Laboratory",282.0,0.02886,5,"2024-03-21","B",,
"34c47c85-6bea-4a5d-a38e-534b6df3730f","D02","POSE","POSE.AOS.S2","POSE.SS.20240319.FIL","A00000171225","2024-03-19T11:55Z","2024-03-19T11:55Z","Illinois State Water Survey Central Analytical Laboratory",304.0,0.02160,5,"2024-03-21","B",,
"f7a9fb16-0900-4bef-a0de-7d32102f2a2d","D02","POSE","POSE.AOS.S2","POSE.SS.20240319.FIL","A00000171225","2024-03-19T11:55Z","2024-03-19T11:55Z","Illinois State Water Survey Central Analytical Laboratory",296.0,0.02394,5,"2024-03-21","A",,
"30eeb8a7-9711-4a0d-b42f-badbc29bb3b7","D02","POSE","POSE.AOS.S2","POSE.SS.20240319.FIL","A00000171225","2024-03-19T11:55Z","2024-03-19T11:55Z","Illinois State Water Survey Central Analytical Laboratory",306.0,0.02100,5,"2024-03-21","A",,
"0f2412b0-d264-4032-a637-b8b1e8209769","D02","POSE","POSE.AOS.S2","POSE.SS.20240319.FIL","A00000171225","2024-03-19T11:55Z","2024-03-19T11:55Z","Illinois State Water Survey Central Analytical Laboratory",262.0,0.03558,5,"2024-03-21","B",,
"9488298c-66c4-4bf2-9f33-57c3a0f4bb97","D02","POSE","POSE.AOS.S2","POSE.SS.20240319.FIL","A00000171225","2024-03-19T11:55Z","2024-03-19T11:55Z","Illinois State Water Survey Central Analytical Laboratory",366.0,0.00890,5,"2024-03-21","B",,
"e00746fe-16ed-467a-a238-fd7877ad0329","D02","POSE","POSE.AOS.S2","POSE.SS.20240319.FIL","A00000171225","2024-03-19T11:55Z","2024-03-19T11:55Z","Illinois State Water Survey Central Analytical Laboratory",322.0,0.01688,5,"2024-03-21","B",,
"34dca070-a886-46cb-a2c5-49d3cd6085ac","D02","POSE","POSE.AOS.S2","POSE.SS.20240319.FIL","A00000171225","2024-03-19T11:55Z","2024-03-19T11:55Z","Illinois State Water Survey Central Analytical Laboratory",236.0,0.05256,5,"2024-03-21","A",,
"f39f9882-8c78-4599-8837-6206d8c427ff","D02","POSE","POSE.AOS.S2","POSE.SS.20240319.FIL","A00000171225","2024-03-19T11:55Z","2024-03-19T11:55Z","Illinois State Water Survey Central Analytical Laboratory",340.0,0.01304,5,"2024-03-21","B",,
"ad534ecb-ccdb-4f06-9489-41dd1512a7e0","D02","POSE","POSE.AOS.S2","POSE.SS.20240319.FIL","A00000171225","2024-03-19T11:55Z","2024-03-19T11:55Z","Illinois State Water Survey Central Analytical Laboratory",436.0,0.00338,5,"2024-03-21","A",,
"3855f375-60a6-40ee-a3ca-e40de0ae389e","D02","POSE","POSE.AOS.S2","POSE.SS.20240319.FIL","A00000171225","2024-03-19T11:55Z","2024-03-19T11:55Z","Illinois State Water Survey Central Analytical Laboratory",474.0,0.00230,5,"2024-03-21","A",,
"5fe21a47-a54b-4a33-806d-31be08dec9c0","D02","POSE","POSE.AOS.S2","POSE.SS.20240319.FIL","A00000171225","2024-03-19T11:55Z","2024-03-19T11:55Z","Illinois State Water Survey Central Analytical Laboratory",478.0,0.00208,5,"2024-03-21","B",,
"ca4f22d7-abbb-42d8-868e-1c9d058c52ca","D02","POSE","POSE.AOS.S2","POSE.SS.20240319.FIL","A00000171225","2024-03-19T11:55Z","2024-03-19T11:55Z","Illinois State Water Survey Central Analytical Laboratory",290.0,0.02594,5,"2024-03-21","A",,
"4e17da9a-0cb0-404f-86ff-0b3cca2c75f6","D02","POSE","POSE.AOS.S2","POSE.SS.20240319.FIL","A00000171225","2024-03-19T11:55Z","2024-03-19T11:55Z","Illinois State Water Survey Central Analytical Laboratory",546.0,0.00120,5,"2024-03-21","B",,
"d1dbfc6d-9202-4bd7-a8f2-705da0335b5b","D02","POSE","POSE.AOS.S2","POSE.SS.20240319.FIL","A00000171225","2024-03-19T11:55Z","2024-03-19T11:55Z","Illinois State Water Survey Central Analytical Laboratory",536.0,0.00128,5,"2024-03-21","A",,
"31a0bb65-80d8-4f74-ada0-c74deb811b5f","D02","POSE","POSE.AOS.S2","POSE.SS.20240319.FIL","A00000171225","2024-03-19T11:55Z","2024-03-19T11:55Z","Illinois State Water Survey Central Analytical Laboratory",494.0,0.00198,5,"2024-03-21","A",,
"fa257cf5-b6fa-43ad-aab2-f7469e696828","D02","POSE","POSE.AOS.S2","POSE.SS.20240319.FIL","A00000171225","2024-03-19T11:55Z","2024-03-19T11:55Z","Illinois State Water Survey Central Analytical Laboratory",502.0,0.00182,5,"2024-03-21","A",,
"274263c3-f4c4-4dcd-af62-0cc72d2fbeaf","D02","POSE","POSE.AOS.S2","POSE.SS.20240319.FIL","A00000171225","2024-03-19T11:55Z","2024-03-19T11:55Z","Illinois State Water Survey Central Analytical Laboratory",400.0,0.00530,5,"2024-03-21","B",,
"d9220058-a167-4f23-94be-ab1d99237ea1","D02","POSE","POSE.AOS.S2","POSE.SS.20240319.FIL","A00000171225","2024-03-19T11:55Z","2024-03-19T11:55Z","Illinois State Water Survey Central Analytical Laboratory",392.0,0.00600,5,"2024-03-21","B",,
"3b655dfc-ecb9-450d-80ad-faf80fc59593","D02","POSE","POSE.AOS.S2","POSE.SS.20240319.FIL","A00000171225","2024-03-19T11:55Z","2024-03-19T11:55Z","Illinois State Water Survey Central Analytical Laboratory",354.0,0.01074,5,"2024-03-21","A",,
"f1c25310-c77f-4071-850c-29b02176d9ed","D02","POSE","POSE.AOS.S2","POSE.SS.20240319.FIL","A00000171225","2024-03-19T11:55Z","2024-03-19T11:55Z","Illinois State Water Survey Central Analytical Laboratory",220.0,0.13236,5,"2024-03-21","A",,
"5d11e4a3-9506-4849-acef-57a9f7c2c8ee","D02","POSE","POSE.AOS.S2","POSE.SS.20240319.FIL","A00000171225","2024-03-19T11:55Z","2024-03-19T11:55Z","Illinois State Water Survey Central Analytical Laboratory",496.0,0.00172,5,"2024-03-21","B",,
"2ddf84ba-ee57-49ec-9c67-a2d9b7c1af5a","D02","POSE","POSE.AOS.S2","POSE.SS.20240319.FIL","A00000171225","2024-03-19T11:55Z","2024-03-19T11:55Z","Illinois State Water Survey Central Analytical Laboratory",412.0,0.00456,5,"2024-03-21","B",,
"9fe7a115-e30f-4bc5-a562-e8d0979dcc51","D02","POSE","POSE.AOS.S2","POSE.SS.20240319.FIL","A00000171225","2024-03-19T11:55Z","2024-03-19T11:55Z","Illinois State Water Survey Central Analytical Laboratory",518.0,0.00140,5,"2024-03-21","B",,
"c2c14486-f8f6-42bc-be53-34b0959bd7d2","D02","POSE","POSE.AOS.S2","POSE.SS.20240319.FIL","A00000171225","2024-03-19T11:55Z","2024-03-19T11:55Z","Illinois State Water Survey Central Analytical Laboratory",558.0,0.00124,5,"2024-03-21","B",,
"b99ac090-23c7-4d77-bd61-b673f80354e1","D02","POSE","POSE.AOS.S2","POSE.SS.20240319.FIL","A00000171225","2024-03-19T11:55Z","2024-03-19T11:55Z","Illinois State Water Survey Central Analytical Laboratory",318.0,0.01788,5,"2024-03-21","A",,
"d2166dc4-6f03-4cd6-adc0-acc4b1b0ebca","D02","POSE","POSE.AOS.S2","POSE.SS.20240319.FIL","A00000171225","2024-03-19T11:55Z","2024-03-19T11:55Z","Illinois State Water Survey Central Analytical Laboratory",508.0,0.00172,5,"2024-03-21","A",,
"f4296081-a0ff-428b-8314-d962c8080659","D02","POSE","POSE.AOS.S2","POSE.SS.20240319.FIL","A00000171225","2024-03-19T11:55Z","2024-03-19T11:55Z","Illinois State Water Survey Central Analytical Laboratory",370.0,0.00838,5,"2024-03-21","A",,
"719d10d1-91db-4df5-9e23-bea8793765e3","D02","POSE","POSE.AOS.S2","POSE.SS.20240319.FIL","A00000171225","2024-03-19T11:55Z","2024-03-19T11:55Z","Illinois State Water Survey Central Analytical Laboratory",540.0,0.00122,5,"2024-03-21","A",,
"b4ebfddc-203a-4332-8afe-67cd3ff168bf","D02","POSE","POSE.AOS.S2","POSE.SS.20240319.FIL","A00000171225","2024-03-19T11:55Z","2024-03-19T11:55Z","Illinois State Water Survey Central Analytical Laboratory",456.0,0.00268,5,"2024-03-21","A",,
"ea3dcf23-fa16-4ad2-9389-505b50355a8e","D02","POSE","POSE.AOS.S2","POSE.SS.20240319.FIL","A00000171225","2024-03-19T11:55Z","2024-03-19T11:55Z","Illinois State Water Survey Central Analytical Laboratory",234.0,0.05658,5,"2024-03-21","A",,
"8e714b39-3d2e-442e-9d91-b4a37fdbe50d","D02","POSE","POSE.AOS.S2","POSE.SS.20240319.FIL","A00000171225","2024-03-19T11:55Z","2024-03-19T11:55Z","Illinois State Water Survey Central Analytical Laboratory",528.0,0.00136,5,"2024-03-21","B",,
"3ac2642e-019d-46fb-b7c9-c207c1110516","D02","POSE","POSE.AOS.S2","POSE.SS.20240319.FIL","A00000171225","2024-03-19T11:55Z","2024-03-19T11:55Z","Illinois State Water Survey Central Analytical Laboratory",326.0,0.01590,5,"2024-03-21","B",,
"eed93ebb-18a8-478f-879c-70df740f70e1","D02","POSE","POSE.AOS.S2","POSE.SS.20240319.FIL","A00000171225","2024-03-19T11:55Z","2024-03-19T11:55Z","Illinois State Water Survey Central Analytical Laboratory",350.0,0.01124,5,"2024-03-21","B",,
"75788f0b-d44b-4c4b-aee8-c816ce0bd01e","D02","POSE","POSE.AOS.S2","POSE.SS.20240319.FIL","A00000171225","2024-03-19T11:55Z","2024-03-19T11:55Z","Illinois State Water Survey Central Analytical Laboratory",548.0,0.00122,5,"2024-03-21","A",,
"4e9758f6-7f86-4b32-8cd9-7d8c60abd639","D02","POSE","POSE.AOS.S2","POSE.SS.20240319.FIL","A00000171225","2024-03-19T11:55Z","2024-03-19T11:55Z","Illinois State Water Survey Central Analytical Laboratory",434.0,0.00350,5,"2024-03-21","A",,
"f734ded2-a841-44f1-aae8-7ee023cd3bc4","D02","POSE","POSE.AOS.S2","POSE.SS.20240319.FIL","A00000171225","2024-03-19T11:55Z","2024-03-19T11:55Z","Illinois State Water Survey Central Analytical Laboratory",402.0,0.00518,5,"2024-03-21","B",,
"fab7df23-7222-4206-8dc5-11e88cbb4752","D02","POSE","POSE.AOS.S2","POSE.SS.20240319.FIL","A00000171225","2024-03-19T11:55Z","2024-03-19T11:55Z","Illinois State Water Survey Central Analytical Laboratory",334.0,0.01426,5,"2024-03-21","A",,
"0705a010-41bc-43db-bb60-e4da3e1fb819","D02","POSE","POSE.AOS.S2","POSE.SS.20240319.FIL","A00000171225","2024-03-19T11:55Z","2024-03-19T11:55Z","Illinois State Water Survey Central Analytical Laboratory",296.0,0.02400,5,"2024-03-21","B",,
"d2221e11-5e7c-4561-88f4-fbd8ae4e8df9","D02","POSE","POSE.AOS.S2","POSE.SS.20240319.FIL","A00000171225","2024-03-19T11:55Z","2024-03-19T11:55Z","Illinois State Water Survey Central Analytical Laboratory",312.0,0.01938,5,"2024-03-21","B",,
"d7f6553a-b58f-4939-ab0a-e71744f93084","D02","POSE","POSE.AOS.S2","POSE.SS.20240319.FIL","A00000171225","2024-03-19T11:55Z","2024-03-19T11:55Z","Illinois State Water Survey Central Analytical Laboratory",230.0,0.06876,5,"2024-03-21","A",,
"b249e9e4-698e-40aa-b155-9e2ad80cae56","D02","POSE","POSE.AOS.S2","POSE.SS.20240319.FIL","A00000171225","2024-03-19T11:55Z","2024-03-19T11:55Z","Illinois State Water Survey Central Analytical Laboratory",230.0,0.06894,5,"2024-03-21","B",,
"3cfea22e-2c03-43f6-9d2d-ec6a1d673a4d","D02","POSE","POSE.AOS.S2","POSE.SS.20240319.FIL","A00000171225","2024-03-19T11:55Z","2024-03-19T11:55Z","Illinois State Water Survey Central Analytical Laboratory",464.0,0.00240,5,"2024-03-21","B",,
"7f733c9f-8092-4b6f-8de6-db9446276806","D02","POSE","POSE.AOS.S2","POSE.SS.20240319.FIL","A00000171225","2024-03-19T11:55Z","2024-03-19T11:55Z","Illinois State Water Survey Central Analytical Laboratory",538.0,0.00128,5,"2024-03-21","A",,
"12c20390-7464-467a-aad8-ee0d282b7662","D02","POSE","POSE.AOS.S2","POSE.SS.20240319.FIL","A00000171225","2024-03-19T11:55Z","2024-03-19T11:55Z","Illinois State Water Survey Central Analytical Laboratory",560.0,0.00112,5,"2024-03-21","A",,
"bf1536c1-80ca-4322-a948-a6c7eceea5d0","D02","POSE","POSE.AOS.S2","POSE.SS.20240319.FIL","A00000171225","2024-03-19T11:55Z","2024-03-19T11:55Z","Illinois State Water Survey Central Analytical Laboratory",342.0,0.01270,5,"2024-03-21","A",,
"9b92f89d-b0da-492f-ac71-44b8d4298c15","D02","POSE","POSE.AOS.S2","POSE.SS.20240319.FIL","A00000171225","2024-03-19T11:55Z","2024-03-19T11:55Z","Illinois State Water Survey Central Analytical Laboratory",276.0,0.03088,5,"2024-03-21","B",,
"f7fc8a7f-d26c-4ac9-8fbd-12a1a0cb265b","D02","POSE","POSE.AOS.S2","POSE.SS.20240319.FIL","A00000171225","2024-03-19T11:55Z","2024-03-19T11:55Z","Illinois State Water Survey Central Analytical Laboratory",248.0,0.04114,5,"2024-03-21","B",,
"75aecda1-7c29-41f7-89c3-d000600c9da1","D02","POSE","POSE.AOS.S2","POSE.SS.20240319.FIL","A00000171225","2024-03-19T11:55Z","2024-03-19T11:55Z","Illinois State Water Survey Central Analytical Laboratory",374.0,0.00784,5,"2024-03-21","B",,
"293ff654-2fd2-4527-b67e-ab45a9e27a9b","D02","POSE","POSE.AOS.S2","POSE.SS.20240319.FIL","A00000171225","2024-03-19T11:55Z","2024-03-19T11:55Z","Illinois State Water Survey Central Analytical Laboratory",564.0,0.00110,5,"2024-03-21","A",,
"54cabf6d-b2af-4257-b04b-abdfd6d8d07f","D02","POSE","POSE.AOS.S2","POSE.SS.20240319.FIL","A00000171225","2024-03-19T11:55Z","2024-03-19T11:55Z","Illinois State Water Survey Central Analytical Laboratory",584.0,0.00092,5,"2024-03-21","B",,
"a1c438f1-e248-4724-9cf9-8f3e5e6e3980","D02","POSE","POSE.AOS.S2","POSE.SS.20240319.FIL","A00000171225","2024-03-19T11:55Z","2024-03-19T11:55Z","Illinois State Water Survey Central Analytical Laboratory",454.0,0.00266,5,"2024-03-21","B",,
"e7601b86-88f9-49fa-ac79-bfe140a93a10","D02","POSE","POSE.AOS.S2","POSE.SS.20240319.FIL","A00000171225","2024-03-19T11:55Z","2024-03-19T11:55Z","Illinois State Water Survey Central Analytical Laboratory",328.0,0.01546,5,"2024-03-21","B",,
"7d175e42-f45d-48ce-a66b-157891d2a3b4","D02","POSE","POSE.AOS.S2","POSE.SS.20240319.FIL","A00000171225","2024-03-19T11:55Z","2024-03-19T11:55Z","Illinois State Water Survey Central Analytical Laboratory",252.0,0.03926,5,"2024-03-21","B",,
"9ec46c50-0081-4772-9a56-48af030512a1","D02","POSE","POSE.AOS.S2","POSE.SS.20240319.FIL","A00000171225","2024-03-19T11:55Z","2024-03-19T11:55Z","Illinois State Water Survey Central Analytical Laboratory",500.0,0.00164,5,"2024-03-21","B",,
"1e7c5136-6058-4d34-a8bd-92cd556222b7","D02","POSE","POSE.AOS.S2","POSE.SS.20240319.FIL","A00000171225","2024-03-19T11:55Z","2024-03-19T11:55Z","Illinois State Water Survey Central Analytical Laboratory",364.0,0.00928,5,"2024-03-21","A",,
"3b680c47-05a1-420c-885c-4c00911c846d","D02","POSE","POSE.AOS.S2","POSE.SS.20240319.FIL","A00000171225","2024-03-19T11:55Z","2024-03-19T11:55Z","Illinois State Water Survey Central Analytical Laboratory",574.0,0.00100,5,"2024-03-21","A",,
"d1632d40-d267-4131-ace4-bfab423877f3","D02","POSE","POSE.AOS.S2","POSE.SS.20240319.FIL","A00000171225","2024-03-19T11:55Z","2024-03-19T11:55Z","Illinois State Water Survey Central Analytical Laboratory",276.0,0.03080,5,"2024-03-21","A",,
"7de14a26-9223-4a3c-879c-1f93efbc4b9b","D02","POSE","POSE.AOS.S2","POSE.SS.20240319.FIL","A00000171225","2024-03-19T11:55Z","2024-03-19T11:55Z","Illinois State Water Survey Central Analytical Laboratory",260.0,0.03626,5,"2024-03-21","B",,
"9d6a9320-cbb5-4985-b5ae-fa43ca994c02","D02","POSE","POSE.AOS.S2","POSE.SS.20240319.FIL","A00000171225","2024-03-19T11:55Z","2024-03-19T11:55Z","Illinois State Water Survey Central Analytical Laboratory",242.0,0.04506,5,"2024-03-21","A",,
"080b09e1-1349-4415-a1f2-ab19da375a8a","D02","POSE","POSE.AOS.S2","POSE.SS.20240319.FIL","A00000171225","2024-03-19T11:55Z","2024-03-19T11:55Z","Illinois State Water Survey Central Analytical Laboratory",524.0,0.00152,5,"2024-03-21","A",,
"fbdcab68-64f3-4a74-ae2d-184f994dc8f9","D02","POSE","POSE.AOS.S2","POSE.SS.20240319.FIL","A00000171225","2024-03-19T11:55Z","2024-03-19T11:55Z","Illinois State Water Survey Central Analytical Laboratory",278.0,0.03022,5,"2024-03-21","B",,
"5be20169-ab1f-4a8a-b201-e08a84c24f18","D02","POSE","POSE.AOS.S2","POSE.SS.20240319.FIL","A00000171225","2024-03-19T11:55Z","2024-03-19T11:55Z","Illinois State Water Survey Central Analytical Laboratory",570.0,0.00110,5,"2024-03-21","B",,
"26bf043f-f836-4d0b-9687-1c579c69ffbc","D02","POSE","POSE.AOS.S2","POSE.SS.20240319.FIL","A00000171225","2024-03-19T11:55Z","2024-03-19T11:55Z","Illinois State Water Survey Central Analytical Laboratory",558.0,0.00116,5,"2024-03-21","A",,
"e67b5293-b6b2-4394-8b37-679b8cbc3fb0","D02","POSE","POSE.AOS.S2","POSE.SS.20240319.FIL","A00000171225","2024-03-19T11:55Z","2024-03-19T11:55Z","Illinois State Water Survey Central Analytical Laboratory",268.0,0.03360,5,"2024-03-21","B",,
"9da6983c-3b56-4657-b3a7-34e6a7a03986","D02","POSE","POSE.AOS.S2","POSE.SS.20240319.FIL","A00000171225","2024-03-19T11:55Z","2024-03-19T11:55Z","Illinois State Water Survey Central Analytical Laboratory",510.0,0.00172,5,"2024-03-21","A",,
"7fac2f35-1ba4-4b47-aa94-b6f05d4f244c","D02","POSE","POSE.AOS.S2","POSE.SS.20240319.FIL","A00000171225","2024-03-19T11:55Z","2024-03-19T11:55Z","Illinois State Water Survey Central Analytical Laboratory",254.0,0.03850,5,"2024-03-21","B",,
"67da7316-8521-4590-b513-dec8f1583daa","D02","POSE","POSE.AOS.S2","POSE.SS.20240319.FIL","A00000171225","2024-03-19T11:55Z","2024-03-19T11:55Z","Illinois State Water Survey Central Analytical Laboratory",382.0,0.00704,5,"2024-03-21","A",,
"eebed5f0-4b46-4d11-8124-ca0dceeb4627","D02","POSE","POSE.AOS.S2","POSE.SS.20240319.FIL","A00000171225","2024-03-19T11:55Z","2024-03-19T11:55Z","Illinois State Water Survey Central Analytical Laboratory",244.0,0.04374,5,"2024-03-21","B",,
"a5760989-e33f-4dc0-a20b-b7a2d85ff82a","D02","POSE","POSE.AOS.S2","POSE.SS.20240319.FIL","A00000171225","2024-03-19T11:55Z","2024-03-19T11:55Z","Illinois State Water Survey Central Analytical Laboratory",480.0,0.00200,5,"2024-03-21","B",,
"8a1c01af-a128-4c57-a9f4-8fc8079a2699","D02","POSE","POSE.AOS.S2","POSE.SS.20240319.FIL","A00000171225","2024-03-19T11:55Z","2024-03-19T11:55Z","Illinois State Water Survey Central Analytical Laboratory",488.0,0.00188,5,"2024-03-21","B",,
"baa960f7-e74c-46ec-888e-17343044dbdd","D02","POSE","POSE.AOS.S2","POSE.SS.20240319.FIL","A00000171225","2024-03-19T11:55Z","2024-03-19T11:55Z","Illinois State Water Survey Central Analytical Laboratory",526.0,0.00136,5,"2024-03-21","B",,
"a69c2df6-de8e-4c5c-ab42-f5aae13bf117","D02","POSE","POSE.AOS.S2","POSE.SS.20240319.FIL","A00000171225","2024-03-19T11:55Z","2024-03-19T11:55Z","Illinois State Water Survey Central Analytical Laboratory",420.0,0.00414,5,"2024-03-21","A",,
"ed30a833-6baa-4446-95b2-f2a26946d02a","D02","POSE","POSE.AOS.S2","POSE.SS.20240319.FIL","A00000171225","2024-03-19T11:55Z","2024-03-19T11:55Z","Illinois State Water Survey Central Analytical Laboratory",490.0,0.00204,5,"2024-03-21","A",,
"7aedbc55-a7a4-46db-b393-ca0a0d6c36f6","D02","POSE","POSE.AOS.S2","POSE.SS.20240319.FIL","A00000171225","2024-03-19T11:55Z","2024-03-19T11:55Z","Illinois State Water Survey Central Analytical Laboratory",582.0,0.00098,5,"2024-03-21","B",,
"8fc2a265-fd6c-4459-b522-7e6204fa9ec5","D02","POSE","POSE.AOS.S2","POSE.SS.20240319.FIL","A00000171225","2024-03-19T11:55Z","2024-03-19T11:55Z","Illinois State Water Survey Central Analytical Laboratory",408.0,0.00478,5,"2024-03-21","B",,
"bbf81574-f971-44a2-98be-09b1990a7736","D02","POSE","POSE.AOS.S2","POSE.SS.20240319.FIL","A00000171225","2024-03-19T11:55Z","2024-03-19T11:55Z","Illinois State Water Survey Central Analytical Laboratory",570.0,0.00104,5,"2024-03-21","A",,
"3bae5bd7-356d-4c47-9938-ba8f06c3e752","D02","POSE","POSE.AOS.S2","POSE.SS.20240319.FIL","A00000171225","2024-03-19T11:55Z","2024-03-19T11:55Z","Illinois State Water Survey Central Analytical Laboratory",452.0,0.00274,5,"2024-03-21","B",,
"a3d8ce7a-2500-40da-8a7b-1b84cb2b8f89","D02","POSE","POSE.AOS.S2","POSE.SS.20240319.FIL","A00000171225","2024-03-19T11:55Z","2024-03-19T11:55Z","Illinois State Water Survey Central Analytical Laboratory",414.0,0.00448,5,"2024-03-21","B",,
"05cd6a52-4cb4-42d9-bc3f-25f131120390","D02","POSE","POSE.AOS.S2","POSE.SS.20240319.FIL","A00000171225","2024-03-19T11:55Z","2024-03-19T11:55Z","Illinois State Water Survey Central Analytical Laboratory",262.0,0.03548,5,"2024-03-21","A",,
"737eb946-d1a4-48e7-9952-5bbf6214507b","D02","POSE","POSE.AOS.S2","POSE.SS.20240319.FIL","A00000171225","2024-03-19T11:55Z","2024-03-19T11:55Z","Illinois State Water Survey Central Analytical Laboratory",528.0,0.00148,5,"2024-03-21","A",,
"e91e7aae-61b1-4077-b123-d47d7d6e261a","D02","POSE","POSE.AOS.S2","POSE.SS.20240319.FIL","A00000171225","2024-03-19T11:55Z","2024-03-19T11:55Z","Illinois State Water Survey Central Analytical Laboratory",458.0,0.00260,5,"2024-03-21","A",,
"61b71f6e-74dc-4d7e-87a5-4a7165fb61eb","D02","POSE","POSE.AOS.S2","POSE.SS.20240319.FIL","A00000171225","2024-03-19T11:55Z","2024-03-19T11:55Z","Illinois State Water Survey Central Analytical Laboratory",310.0,0.01992,5,"2024-03-21","B",,
"171ee05e-bf90-4777-b6c1-57cdce3ea38d","D02","POSE","POSE.AOS.S2","POSE.SS.20240319.FIL","A00000171225","2024-03-19T11:55Z","2024-03-19T11:55Z","Illinois State Water Survey Central Analytical Laboratory",234.0,0.05674,5,"2024-03-21","B",,
"4ad693ef-4a89-4b4d-b34b-b15321afaca7","D02","POSE","POSE.AOS.S2","POSE.SS.20240319.FIL","A00000171225","2024-03-19T11:55Z","2024-03-19T11:55Z","Illinois State Water Survey Central Analytical Laboratory",382.0,0.00696,5,"2024-03-21","B",,
"95564f8c-d1ae-4a5d-9334-1715c9b71263","D02","POSE","POSE.AOS.S2","POSE.SS.20240319.FIL","A00000171225","2024-03-19T11:55Z","2024-03-19T11:55Z","Illinois State Water Survey Central Analytical Laboratory",478.0,0.00222,5,"2024-03-21","A",,
"bbcc0c74-5bc7-4f81-86d5-1c1b39ab9cb7","D02","POSE","POSE.AOS.S2","POSE.SS.20240319.FIL","A00000171225","2024-03-19T11:55Z","2024-03-19T11:55Z","Illinois State Water Survey Central Analytical Laboratory",534.0,0.00140,5,"2024-03-21","A",,
"00e01293-0750-42bb-81eb-e6a9d5571a5a","D02","POSE","POSE.AOS.S2","POSE.SS.20240319.FIL","A00000171225","2024-03-19T11:55Z","2024-03-19T11:55Z","Illinois State Water Survey Central Analytical Laboratory",388.0,0.00634,5,"2024-03-21","B",,
"ab704f47-49ec-40b9-bf87-7c9cec46c3e6","D02","POSE","POSE.AOS.S2","POSE.SS.20240319.FIL","A00000171225","2024-03-19T11:55Z","2024-03-19T11:55Z","Illinois State Water Survey Central Analytical Laboratory",388.0,0.00640,5,"2024-03-21","A",,
"96367111-f680-4856-b5fe-2f68468a74d7","D02","POSE","POSE.AOS.S2","POSE.SS.20240319.FIL","A00000171225","2024-03-19T11:55Z","2024-03-19T11:55Z","Illinois State Water Survey Central Analytical Laboratory",316.0,0.01834,5,"2024-03-21","A",,
"cb1a0d35-35ca-44a7-a4fc-49551609a5dd","D02","POSE","POSE.AOS.S2","POSE.SS.20240319.FIL","A00000171225","2024-03-19T11:55Z","2024-03-19T11:55Z","Illinois State Water Survey Central Analytical Laboratory",326.0,0.01594,5,"2024-03-21","A",,
"85394c76-6044-4496-ba77-51ee1fc959ce","D02","POSE","POSE.AOS.S2","POSE.SS.20240319.FIL","A00000171225","2024-03-19T11:55Z","2024-03-19T11:55Z","Illinois State Water Survey Central Analytical Laboratory",468.0,0.00236,5,"2024-03-21","A",,
"020b6edf-9fa6-4268-b402-559dc78f262c","D02","POSE","POSE.AOS.S2","POSE.SS.20240319.FIL","A00000171225","2024-03-19T11:55Z","2024-03-19T11:55Z","Illinois State Water Survey Central Analytical Laboratory",544.0,0.00122,5,"2024-03-21","A",,
"27f694c0-6b8e-4459-b6fc-f415327e6748","D02","POSE","POSE.AOS.S2","POSE.SS.20240319.FIL","A00000171225","2024-03-19T11:55Z","2024-03-19T11:55Z","Illinois State Water Survey Central Analytical Laboratory",286.0,0.02738,5,"2024-03-21","A",,
"03a8d53f-7fbc-4d85-9634-db2459e1a4f7","D02","POSE","POSE.AOS.S2","POSE.SS.20240319.FIL","A00000171225","2024-03-19T11:55Z","2024-03-19T11:55Z","Illinois State Water Survey Central Analytical Laboratory",356.0,0.01036,5,"2024-03-21","B",,
"dee7ef38-9284-482a-a179-b3685b045963","D02","POSE","POSE.AOS.S2","POSE.SS.20240319.FIL","A00000171225","2024-03-19T11:55Z","2024-03-19T11:55Z","Illinois State Water Survey Central Analytical Laboratory",356.0,0.01040,5,"2024-03-21","A",,
"6129cbef-ebdd-42ea-b5c0-dc7263aa134f","D02","POSE","POSE.AOS.S2","POSE.SS.20240319.FIL","A00000171225","2024-03-19T11:55Z","2024-03-19T11:55Z","Illinois State Water Survey Central Analytical Laboratory",368.0,0.00870,5,"2024-03-21","A",,
"745f07c0-58bd-437b-a081-4dabdf214afa","D02","POSE","POSE.AOS.S2","POSE.SS.20240319.FIL","A00000171225","2024-03-19T11:55Z","2024-03-19T11:55Z","Illinois State Water Survey Central Analytical Laboratory",408.0,0.00486,5,"2024-03-21","A",,
"646c9693-3dfe-4c99-915f-b50fbaedddc8","D02","POSE","POSE.AOS.S2","POSE.SS.20240319.FIL","A00000171225","2024-03-19T11:55Z","2024-03-19T11:55Z","Illinois State Water Survey Central Analytical Laboratory",416.0,0.00434,5,"2024-03-21","B",,
"29c6df1c-d83d-47fe-a1f9-ab603aea0fa6","D02","POSE","POSE.AOS.S2","POSE.SS.20240319.FIL","A00000171225","2024-03-19T11:55Z","2024-03-19T11:55Z","Illinois State Water Survey Central Analytical Laboratory",554.0,0.00118,5,"2024-03-21","B",,
"ed49ae8e-3f66-4818-8d30-8a7ba47ebbf0","D02","POSE","POSE.AOS.S2","POSE.SS.20240319.FIL","A00000171225","2024-03-19T11:55Z","2024-03-19T11:55Z","Illinois State Water Survey Central Analytical Laboratory",556.0,0.00124,5,"2024-03-21","B",,
"df06a93c-029f-4064-8239-280907f72eb3","D02","POSE","POSE.AOS.S2","POSE.SS.20240319.FIL","A00000171225","2024-03-19T11:55Z","2024-03-19T11:55Z","Illinois State Water Survey Central Analytical Laboratory",294.0,0.02462,5,"2024-03-21","B",,
"0a572c00-f12a-4812-a242-55b4b788ee37","D02","POSE","POSE.AOS.S2","POSE.SS.20240319.FIL","A00000171225","2024-03-19T11:55Z","2024-03-19T11:55Z","Illinois State Water Survey Central Analytical Laboratory",334.0,0.01420,5,"2024-03-21","B",,
"60df427a-ec85-4080-994b-e22d56f3ca65","D02","POSE","POSE.AOS.S2","POSE.SS.20240319.FIL","A00000171225","2024-03-19T11:55Z","2024-03-19T11:55Z","Illinois State Water Survey Central Analytical Laboratory",336.0,0.01384,5,"2024-03-21","B",,
"6d82ac5f-abfb-40a6-a66d-30f6aed2e653","D02","POSE","POSE.AOS.S2","POSE.SS.20240319.FIL","A00000171225","2024-03-19T11:55Z","2024-03-19T11:55Z","Illinois State Water Survey Central Analytical Laboratory",236.0,0.05268,5,"2024-03-21","B",,
"a75ce038-388a-472c-8c58-ecaf443e1992","D02","POSE","POSE.AOS.S2","POSE.SS.20240319.FIL","A00000171225","2024-03-19T11:55Z","2024-03-19T11:55Z","Illinois State Water Survey Central Analytical Laboratory",580.0,0.00100,5,"2024-03-21","B",,
"b6aa191e-3a35-4e82-87f5-06182c1c8ced","D02","POSE","POSE.AOS.S2","POSE.SS.20240319.FIL","A00000171225","2024-03-19T11:55Z","2024-03-19T11:55Z","Illinois State Water Survey Central Analytical Laboratory",426.0,0.00384,5,"2024-03-21","A",,
"153a78a7-8db8-4eb6-a076-e79ba9365e24","D02","POSE","POSE.AOS.S2","POSE.SS.20240319.FIL","A00000171225","2024-03-19T11:55Z","2024-03-19T11:55Z","Illinois State Water Survey Central Analytical Laboratory",446.0,0.00298,5,"2024-03-21","A",,
"22e954bd-5b01-4a4e-8713-3c7eeeadb384","D02","POSE","POSE.AOS.S2","POSE.SS.20240319.FIL","A00000171225","2024-03-19T11:55Z","2024-03-19T11:55Z","Illinois State Water Survey Central Analytical Laboratory",476.0,0.00224,5,"2024-03-21","A",,
"7759ddf6-bad4-4518-8e95-c291cd838a6c","D02","POSE","POSE.AOS.S2","POSE.SS.20240319.FIL","A00000171225","2024-03-19T11:55Z","2024-03-19T11:55Z","Illinois State Water Survey Central Analytical Laboratory",466.0,0.00240,5,"2024-03-21","A",,
"3f54edf8-bd2d-461f-bba6-910fd451a40e","D02","POSE","POSE.AOS.S2","POSE.SS.20240319.FIL","A00000171225","2024-03-19T11:55Z","2024-03-19T11:55Z","Illinois State Water Survey Central Analytical Laboratory",486.0,0.00194,5,"2024-03-21","B",,
"c0b728b6-fa13-45f8-9a03-474d34df4c77","D02","POSE","POSE.AOS.S2","POSE.SS.20240319.FIL","A00000171225","2024-03-19T11:55Z","2024-03-19T11:55Z","Illinois State Water Survey Central Analytical Laboratory",396.0,0.00570,5,"2024-03-21","B",,
"09ff3334-8805-457d-b5ed-bf42ef0d0bb5","D02","POSE","POSE.AOS.S2","POSE.SS.20240319.FIL","A00000171225","2024-03-19T11:55Z","2024-03-19T11:55Z","Illinois State Water Survey Central Analytical Laboratory",564.0,0.00112,5,"2024-03-21","B",,
"aaca03fb-b936-4948-bb88-1b9f300b3028","D02","POSE","POSE.AOS.S2","POSE.SS.20240319.FIL","A00000171225","2024-03-19T11:55Z","2024-03-19T11:55Z","Illinois State Water Survey Central Analytical Laboratory",588.0,0.00080,5,"2024-03-21","A",,
"5c7ec1db-6a0e-453a-8273-36e77fea83e8","D02","POSE","POSE.AOS.S2","POSE.SS.20240319.FIL","A00000171225","2024-03-19T11:55Z","2024-03-19T11:55Z","Illinois State Water Survey Central Analytical Laboratory",532.0,0.00136,5,"2024-03-21","A",,
"57ff0274-cf29-4c99-9c4e-5a33c91cb577","D02","POSE","POSE.AOS.S2","POSE.SS.20240319.FIL","A00000171225","2024-03-19T11:55Z","2024-03-19T11:55Z","Illinois State Water Survey Central Analytical Laboratory",370.0,0.00834,5,"2024-03-21","B",,
"ec139259-b246-4ec8-ac66-9652215ecbeb","D02","POSE","POSE.AOS.S2","POSE.SS.20240319.FIL","A00000171225","2024-03-19T11:55Z","2024-03-19T11:55Z","Illinois State Water Survey Central Analytical Laboratory",330.0,0.01504,5,"2024-03-21","A",,
"210e28b2-c125-40aa-a222-a862f6955f7f","D02","POSE","POSE.AOS.S2","POSE.SS.20240319.FIL","A00000171225","2024-03-19T11:55Z","2024-03-19T11:55Z","Illinois State Water Survey Central Analytical Laboratory",444.0,0.00304,5,"2024-03-21","B",,
"6b2f2a16-9139-4d30-8cbe-e9031da5b73e","D02","POSE","POSE.AOS.S2","POSE.SS.20240319.FIL","A00000171225","2024-03-19T11:55Z","2024-03-19T11:55Z","Illinois State Water Survey Central Analytical Laboratory",428.0,0.00374,5,"2024-03-21","A",,
"b3abea70-a584-4112-9275-5e6b48f02237","D02","POSE","POSE.AOS.S2","POSE.SS.20240319.FIL","A00000171225","2024-03-19T11:55Z","2024-03-19T11:55Z","Illinois State Water Survey Central Analytical Laboratory",284.0,0.02816,5,"2024-03-21","B",,
"a8bc8cda-4f69-4b34-868d-ae592a39d29b","D02","POSE","POSE.AOS.S2","POSE.SS.20240319.FIL","A00000171225","2024-03-19T11:55Z","2024-03-19T11:55Z","Illinois State Water Survey Central Analytical Laboratory",272.0,0.03224,5,"2024-03-21","B",,
"ff9cfee1-b24b-4a7c-9879-5b04bff995db","D02","POSE","POSE.AOS.S2","POSE.SS.20240319.FIL","A00000171225","2024-03-19T11:55Z","2024-03-19T11:55Z","Illinois State Water Survey Central Analytical Laboratory",248.0,0.04104,5,"2024-03-21","A",,
"5c9abe28-2a7d-4169-ab2a-8f21981eae3b","D02","POSE","POSE.AOS.S2","POSE.SS.20240319.FIL","A00000171225","2024-03-19T11:55Z","2024-03-19T11:55Z","Illinois State Water Survey Central Analytical Laboratory",472.0,0.00232,5,"2024-03-21","A",,
"061f7dcf-512f-4106-97a9-87bc553474af","D02","POSE","POSE.AOS.S2","POSE.SS.20240319.FIL","A00000171225","2024-03-19T11:55Z","2024-03-19T11:55Z","Illinois State Water Survey Central Analytical Laboratory",220.0,0.13274,5,"2024-03-21","B",,
"07889849-a39b-440c-a6fe-76ca89d1b362","D02","POSE","POSE.AOS.S2","POSE.SS.20240319.FIL","A00000171225","2024-03-19T11:55Z","2024-03-19T11:55Z","Illinois State Water Survey Central Analytical Laboratory",530.0,0.00142,5,"2024-03-21","A",,
"f2d5cd08-73cc-4447-b796-9f13bfc4ae91","D02","POSE","POSE.AOS.S2","POSE.SS.20240319.FIL","A00000171225","2024-03-19T11:55Z","2024-03-19T11:55Z","Illinois State Water Survey Central Analytical Laboratory",550.0,0.00134,5,"2024-03-21","B",,
"b2331d47-33bd-457c-a863-15116d4f752c","D02","POSE","POSE.AOS.S2","POSE.SS.20240319.FIL","A00000171225","2024-03-19T11:55Z","2024-03-19T11:55Z","Illinois State Water Survey Central Analytical Laboratory",524.0,0.00138,5,"2024-03-21","B",,
"3262438d-706d-4da3-ad4c-e326a0e78c5e","D02","POSE","POSE.AOS.S2","POSE.SS.20240319.FIL","A00000171225","2024-03-19T11:55Z","2024-03-19T11:55Z","Illinois State Water Survey Central Analytical Laboratory",256.0,0.03760,5,"2024-03-21","A",,
"cd1c85f6-86d8-4119-9b7e-f71ad93a9bb2","D02","POSE","POSE.AOS.S2","POSE.SS.20240319.FIL","A00000171225","2024-03-19T11:55Z","2024-03-19T11:55Z","Illinois State Water Survey Central Analytical Laboratory",266.0,0.03422,5,"2024-03-21","B",,
"4811473c-ad03-43f9-a811-0b0dd9b4127c","D02","POSE","POSE.AOS.S2","POSE.SS.20240319.FIL","A00000171225","2024-03-19T11:55Z","2024-03-19T11:55Z","Illinois State Water Survey Central Analytical Laboratory",462.0,0.00244,5,"2024-03-21","B",,
"34f993cc-4051-47f4-9ed4-74a235766eff","D02","POSE","POSE.AOS.S2","POSE.SS.20240319.FIL","A00000171225","2024-03-19T11:55Z","2024-03-19T11:55Z","Illinois State Water Survey Central Analytical Laboratory",496.0,0.00190,5,"2024-03-21","A",,
"a960136d-c896-43f6-aa53-f31fdfd2a374","D02","POSE","POSE.AOS.S2","POSE.SS.20240319.FIL","A00000171225","2024-03-19T11:55Z","2024-03-19T11:55Z","Illinois State Water Survey Central Analytical Laboratory",416.0,0.00436,5,"2024-03-21","A",,
"beb8189c-a4d3-4ca1-b4ed-7bb6a8a44ea4","D02","POSE","POSE.AOS.S2","POSE.SS.20240319.FIL","A00000171225","2024-03-19T11:55Z","2024-03-19T11:55Z","Illinois State Water Survey Central Analytical Laboratory",432.0,0.00356,5,"2024-03-21","A",,
"56bf7736-75ed-454c-b7c6-9ba0f3941260","D02","POSE","POSE.AOS.S2","POSE.SS.20240319.FIL","A00000171225","2024-03-19T11:55Z","2024-03-19T11:55Z","Illinois State Water Survey Central Analytical Laboratory",576.0,0.00092,5,"2024-03-21","A",,
"a8404e8e-f4ca-4fb0-80bc-19d990eb5956","D02","POSE","POSE.AOS.S2","POSE.SS.20240319.FIL","A00000171225","2024-03-19T11:55Z","2024-03-19T11:55Z","Illinois State Water Survey Central Analytical Laboratory",568.0,0.00106,5,"2024-03-21","B",,
"3e7d6e8d-4129-421d-94cb-6859f19afc4a","D02","POSE","POSE.AOS.S2","POSE.SS.20240319.FIL","A00000171225","2024-03-19T11:55Z","2024-03-19T11:55Z","Illinois State Water Survey Central Analytical Laboratory",476.0,0.00214,5,"2024-03-21","B",,
"c7f8f4d6-4140-47bd-8dce-84a45de4bcd8","D02","POSE","POSE.AOS.S2","POSE.SS.20240319.FIL","A00000171225","2024-03-19T11:55Z","2024-03-19T11:55Z","Illinois State Water Survey Central Analytical Laboratory",550.0,0.00124,5,"2024-03-21","A",,
"bd6e6b01-416f-4712-a908-d3ad6cad5da9","D02","POSE","POSE.AOS.S2","POSE.SS.20240319.FIL","A00000171225","2024-03-19T11:55Z","2024-03-19T11:55Z","Illinois State Water Survey Central Analytical Laboratory",348.0,0.01162,5,"2024-03-21","B",,
"56a7afb6-436a-474d-939c-34fa5f5e114d","D02","POSE","POSE.AOS.S2","POSE.SS.20240319.FIL","A00000171225","2024-03-19T11:55Z","2024-03-19T11:55Z","Illinois State Water Survey Central Analytical Laboratory",264.0,0.03494,5,"2024-03-21","B",,
"9af668e5-c51d-4ba3-a964-a6a14f5cb313","D02","POSE","POSE.AOS.S2","POSE.SS.20240319.FIL","A00000171225","2024-03-19T11:55Z","2024-03-19T11:55Z","Illinois State Water Survey Central Analytical Laboratory",398.0,0.00550,5,"2024-03-21","B",,
"eb375c15-3b18-4441-b3a0-1679407f523a","D02","POSE","POSE.AOS.S2","POSE.SS.20240319.FIL","A00000171225","2024-03-19T11:55Z","2024-03-19T11:55Z","Illinois State Water Survey Central Analytical Laboratory",266.0,0.03410,5,"2024-03-21","A",,
"8674ce53-89db-4937-b1f0-4aae7b643b34","D02","POSE","POSE.AOS.S2","POSE.SS.20240319.FIL","A00000171225","2024-03-19T11:55Z","2024-03-19T11:55Z","Illinois State Water Survey Central Analytical Laboratory",374.0,0.00788,5,"2024-03-21","A",,
"e5a414b3-2081-4b1a-8901-bbb460f98b5d","D02","POSE","POSE.AOS.S2","POSE.SS.20240319.FIL","A00000171225","2024-03-19T11:55Z","2024-03-19T11:55Z","Illinois State Water Survey Central Analytical Laboratory",324.0,0.01642,5,"2024-03-21","A",,
"4a8e7632-28a8-4447-8571-74701252ddef","D02","POSE","POSE.AOS.S2","POSE.SS.20240319.FIL","A00000171225","2024-03-19T11:55Z","2024-03-19T11:55Z","Illinois State Water Survey Central Analytical Laboratory",544.0,0.00120,5,"2024-03-21","B",,
"692c1d0e-4db1-4441-94c7-64fda172a751","D02","POSE","POSE.AOS.S2","POSE.SS.20240319.FIL","A00000171225","2024-03-19T11:55Z","2024-03-19T11:55Z","Illinois State Water Survey Central Analytical Laboratory",260.0,0.03616,5,"2024-03-21","A",,
"2da766a1-aee4-4a99-aedd-4e0bb208cfc8","D02","POSE","POSE.AOS.S2","POSE.SS.20240319.FIL","A00000171225","2024-03-19T11:55Z","2024-03-19T11:55Z","Illinois State Water Survey Central Analytical Laboratory",440.0,0.00320,5,"2024-03-21","B",,
"500a62f5-a522-45c9-8aaa-7ffd7e1358ad","D02","POSE","POSE.AOS.S2","POSE.SS.20240319.FIL","A00000171225","2024-03-19T11:55Z","2024-03-19T11:55Z","Illinois State Water Survey Central Analytical Laboratory",294.0,0.02458,5,"2024-03-21","A",,
"df1841c2-f592-4987-9970-50808f3a0d13","D02","POSE","POSE.AOS.S2","POSE.SS.20240319.FIL","A00000171225","2024-03-19T11:55Z","2024-03-19T11:55Z","Illinois State Water Survey Central Analytical Laboratory",506.0,0.00154,5,"2024-03-21","B",,
"ec329e47-df9b-4936-a099-7a3afa6361e7","D02","POSE","POSE.AOS.S2","POSE.SS.20240319.FIL","A00000171225","2024-03-19T11:55Z","2024-03-19T11:55Z","Illinois State Water Survey Central Analytical Laboratory",448.0,0.00290,5,"2024-03-21","B",,
"41cd774b-9d9e-40f8-bd28-4e52eb801568","D02","POSE","POSE.AOS.S2","POSE.SS.20240319.FIL","A00000171225","2024-03-19T11:55Z","2024-03-19T11:55Z","Illinois State Water Survey Central Analytical Laboratory",594.0,0.00084,5,"2024-03-21","A",,
"1d8a2772-5dc2-4774-b26c-b66545227d4a","D02","POSE","POSE.AOS.S2","POSE.SS.20240319.FIL","A00000171225","2024-03-19T11:55Z","2024-03-19T11:55Z","Illinois State Water Survey Central Analytical Laboratory",488.0,0.00204,5,"2024-03-21","A",,
"ec29aaae-9f85-4c48-aeb1-69adb263875d","D02","POSE","POSE.AOS.S2","POSE.SS.20240319.FIL","A00000171225","2024-03-19T11:55Z","2024-03-19T11:55Z","Illinois State Water Survey Central Analytical Laboratory",304.0,0.02156,5,"2024-03-21","A",,
"aaa1e131-50f8-4b03-84aa-3b5b1f8e46df","D02","POSE","POSE.AOS.S2","POSE.SS.20240319.FIL","A00000171225","2024-03-19T11:55Z","2024-03-19T11:55Z","Illinois State Water Survey Central Analytical Laboratory",300.0,0.02280,5,"2024-03-21","B",,
"75c6d74d-6826-4403-bd85-1cf6b47a2f1b","D02","POSE","POSE.AOS.S2","POSE.SS.20240319.FIL","A00000171225","2024-03-19T11:55Z","2024-03-19T11:55Z","Illinois State Water Survey Central Analytical Laboratory",586.0,0.00088,5,"2024-03-21","A",,
"b76f77c3-7b0e-4325-88fc-7b9d70713d8f","D02","POSE","POSE.AOS.S2","POSE.SS.20240319.FIL","A00000171225","2024-03-19T11:55Z","2024-03-19T11:55Z","Illinois State Water Survey Central Analytical Laboratory",406.0,0.00500,5,"2024-03-21","A",,
"50518cc9-044a-427f-9f9f-f3e154121908","D02","POSE","POSE.AOS.S2","POSE.SS.20240319.FIL","A00000171225","2024-03-19T11:55Z","2024-03-19T11:55Z","Illinois State Water Survey Central Analytical Laboratory",286.0,0.02744,5,"2024-03-21","B",,
"24d4d2ec-8d7b-4df1-b944-330a95180ec7","D02","POSE","POSE.AOS.S2","POSE.SS.20240319.FIL","A00000171225","2024-03-19T11:55Z","2024-03-19T11:55Z","Illinois State Water Survey Central Analytical Laboratory",362.0,0.00950,5,"2024-03-21","A",,
"28c4af02-4838-4852-aa31-4366a6e54f1e","D02","POSE","POSE.AOS.S2","POSE.SS.20240319.FIL","A00000171225","2024-03-19T11:55Z","2024-03-19T11:55Z","Illinois State Water Survey Central Analytical Laboratory",380.0,0.00726,5,"2024-03-21","A",,
"f9180dd8-0ad3-4c85-b138-f1510b8efce6","D02","POSE","POSE.AOS.S2","POSE.SS.20240319.FIL","A00000171225","2024-03-19T11:55Z","2024-03-19T11:55Z","Illinois State Water Survey Central Analytical Laboratory",396.0,0.00574,5,"2024-03-21","A",,
"4dc5d80f-bc3f-46f6-970e-799c22256319","D02","POSE","POSE.AOS.S2","POSE.SS.20240319.FIL","A00000171225","2024-03-19T11:55Z","2024-03-19T11:55Z","Illinois State Water Survey Central Analytical Laboratory",540.0,0.00116,5,"2024-03-21","B",,
"b369e9f9-05e5-4adc-a1ea-700c42ac77d8","D02","POSE","POSE.AOS.S2","POSE.SS.20240319.FIL","A00000171225","2024-03-19T11:55Z","2024-03-19T11:55Z","Illinois State Water Survey Central Analytical Laboratory",342.0,0.01262,5,"2024-03-21","B",,
"80489ee3-03e4-40a2-be71-864cc485d3e7","D02","POSE","POSE.AOS.S2","POSE.SS.20240319.FIL","A00000171225","2024-03-19T11:55Z","2024-03-19T11:55Z","Illinois State Water Survey Central Analytical Laboratory",600.0,0.00082,5,"2024-03-21","B",,
"63d2d6bb-7364-4dc3-a9bf-d6f5a76db6a9","D02","POSE","POSE.AOS.S2","POSE.SS.20240319.FIL","A00000171225","2024-03-19T11:55Z","2024-03-19T11:55Z","Illinois State Water Survey Central Analytical Laboratory",238.0,0.04952,5,"2024-03-21","A",,
"b47d4a05-08d9-4d52-82fa-4ff72cb6a65a","D02","POSE","POSE.AOS.S2","POSE.SS.20240319.FIL","A00000171225","2024-03-19T11:55Z","2024-03-19T11:55Z","Illinois State Water Survey Central Analytical Laboratory",398.0,0.00558,5,"2024-03-21","A",,
"9d55668b-42ac-4956-bf09-833300538464","D02","POSE","POSE.AOS.S2","POSE.SS.20240319.FIL","A00000171225","2024-03-19T11:55Z","2024-03-19T11:55Z","Illinois State Water Survey Central Analytical Laboratory",568.0,0.00102,5,"2024-03-21","A",,
"8a3ead69-109e-4502-a969-f451152fbe49","D02","POSE","POSE.AOS.S2","POSE.SS.20240319.FIL","A00000171225","2024-03-19T11:55Z","2024-03-19T11:55Z","Illinois State Water Survey Central Analytical Laboratory",494.0,0.00180,5,"2024-03-21","B",,
"22c631b6-e0ad-4384-bb0a-ea7f91b93f49","D02","POSE","POSE.AOS.S2","POSE.SS.20240319.FIL","A00000171225","2024-03-19T11:55Z","2024-03-19T11:55Z","Illinois State Water Survey Central Analytical Laboratory",572.0,0.00108,5,"2024-03-21","A",,
"e0cf6917-98db-426c-aee3-aa033b2f1a47","D02","POSE","POSE.AOS.S2","POSE.SS.20240319.FIL","A00000171225","2024-03-19T11:55Z","2024-03-19T11:55Z","Illinois State Water Survey Central Analytical Laboratory",434.0,0.00344,5,"2024-03-21","B",,
"a994622c-b206-41d4-b7b9-4aa5831a9578","D02","POSE","POSE.AOS.S2","POSE.SS.20240319.FIL","A00000171225","2024-03-19T11:55Z","2024-03-19T11:55Z","Illinois State Water Survey Central Analytical Laboratory",250.0,0.04020,5,"2024-03-21","B",,
"e29e3580-15d4-4204-a216-9b2b69bbbf1a","D02","POSE","POSE.AOS.S2","POSE.SS.20240319.FIL","A00000171225","2024-03-19T11:55Z","2024-03-19T11:55Z","Illinois State Water Survey Central Analytical Laboratory",466.0,0.00236,5,"2024-03-21","B",,
"533adf0e-6a46-484f-8900-5df7a01e96ee","D02","POSE","POSE.AOS.S2","POSE.SS.20240319.FIL","A00000171225","2024-03-19T11:55Z","2024-03-19T11:55Z","Illinois State Water Survey Central Analytical Laboratory",386.0,0.00658,5,"2024-03-21","B",,
"88117617-2926-4899-a48c-05311f654867","D02","POSE","POSE.AOS.S2","POSE.SS.20240319.FIL","A00000171225","2024-03-19T11:55Z","2024-03-19T11:55Z","Illinois State Water Survey Central Analytical Laboratory",366.0,0.00900,5,"2024-03-21","A",,
"a4d3e250-88ec-4445-9832-280aa15bf6c6","D02","POSE","POSE.AOS.S2","POSE.SS.20240319.FIL","A00000171225","2024-03-19T11:55Z","2024-03-19T11:55Z","Illinois State Water Survey Central Analytical Laboratory",390.0,0.00622,5,"2024-03-21","A",,
"3e676e5c-bd3d-4469-8509-efb7726a4d5b","D02","POSE","POSE.AOS.S2","POSE.SS.20240319.FIL","A00000171225","2024-03-19T11:55Z","2024-03-19T11:55Z","Illinois State Water Survey Central Analytical Laboratory",444.0,0.00310,5,"2024-03-21","A",,
"6b7d8f02-b2ce-46b6-8778-0653136c4259","D02","POSE","POSE.AOS.S2","POSE.SS.20240319.FIL","A00000171225","2024-03-19T11:55Z","2024-03-19T11:55Z","Illinois State Water Survey Central Analytical Laboratory",252.0,0.03914,5,"2024-03-21","A",,
"7405e7b1-44e7-4f85-bde6-b3983e8d497e","D02","POSE","POSE.AOS.S2","POSE.SS.20240319.FIL","A00000171225","2024-03-19T11:55Z","2024-03-19T11:55Z","Illinois State Water Survey Central Analytical Laboratory",254.0,0.03842,5,"2024-03-21","A",,
"152017d6-e487-4b0e-a40f-5015aee7cb8e","D02","POSE","POSE.AOS.S2","POSE.SS.20240319.FIL","A00000171225","2024-03-19T11:55Z","2024-03-19T11:55Z","Illinois State Water Survey Central Analytical Laboratory",446.0,0.00294,5,"2024-03-21","B",,
"8e7c5fa1-089a-45c8-af3e-b564424e7332","D02","POSE","POSE.AOS.S2","POSE.SS.20240319.FIL","A00000171225","2024-03-19T11:55Z","2024-03-19T11:55Z","Illinois State Water Survey Central Analytical Laboratory",554.0,0.00116,5,"2024-03-21","A",,
"9772107d-a80f-4f00-b1db-0381feeaa610","D02","POSE","POSE.AOS.S2","POSE.SS.20240319.FIL","A00000171225","2024-03-19T11:55Z","2024-03-19T11:55Z","Illinois State Water Survey Central Analytical Laboratory",390.0,0.00614,5,"2024-03-21","B",,
"951f58e6-8462-48fc-bf47-ad1ee88cfeb5","D02","POSE","POSE.AOS.S2","POSE.SS.20240319.FIL","A00000171225","2024-03-19T11:55Z","2024-03-19T11:55Z","Illinois State Water Survey Central Analytical Laboratory",418.0,0.00426,5,"2024-03-21","B",,
"4e767d60-0fba-40a8-8a3a-99e9149319c4","D02","POSE","POSE.AOS.S2","POSE.SS.20240319.FIL","A00000171225","2024-03-19T11:55Z","2024-03-19T11:55Z","Illinois State Water Survey Central Analytical Laboratory",552.0,0.00122,5,"2024-03-21","A",,
"da87456d-3ea3-4ffd-83d1-76fcf47ea739","D02","POSE","POSE.AOS.S2","POSE.SS.20240319.FIL","A00000171225","2024-03-19T11:55Z","2024-03-19T11:55Z","Illinois State Water Survey Central Analytical Laboratory",464.0,0.00246,5,"2024-03-21","A",,
"95758871-d586-43f5-a541-d15e3a2a96bb","D02","POSE","POSE.AOS.S2","POSE.SS.20240319.FIL","A00000171225","2024-03-19T11:55Z","2024-03-19T11:55Z","Illinois State Water Survey Central Analytical Laboratory",274.0,0.03158,5,"2024-03-21","B",,
"00611c87-0602-47ca-81af-4539e3b611de","D02","POSE","POSE.AOS.S2","POSE.SS.20240319.FIL","A00000171225","2024-03-19T11:55Z","2024-03-19T11:55Z","Illinois State Water Survey Central Analytical Laboratory",224.0,0.09932,5,"2024-03-21","A",,
"83011cca-099d-4ec1-9cc8-1d7df93c25a8","D02","POSE","POSE.AOS.S2","POSE.SS.20240319.FIL","A00000171225","2024-03-19T11:55Z","2024-03-19T11:55Z","Illinois State Water Survey Central Analytical Laboratory",386.0,0.00662,5,"2024-03-21","A",,
"e7cbc402-88dc-48e9-ba4e-d0c8cdb58407","D02","POSE","POSE.AOS.S2","POSE.SS.20240319.FIL","A00000171225","2024-03-19T11:55Z","2024-03-19T11:55Z","Illinois State Water Survey Central Analytical Laboratory",454.0,0.00270,5,"2024-03-21","A",,
"6a8deecd-7cea-4dd4-9fff-1053a8d2efeb","D02","POSE","POSE.AOS.S2","POSE.SS.20240319.FIL","A00000171225","2024-03-19T11:55Z","2024-03-19T11:55Z","Illinois State Water Survey Central Analytical Laboratory",482.0,0.00214,5,"2024-03-21","A",,
"b7e1a57a-58df-4f8c-8d83-062d8431c5d8","D02","POSE","POSE.AOS.S2","POSE.SS.20240319.FIL","A00000171225","2024-03-19T11:55Z","2024-03-19T11:55Z","Illinois State Water Survey Central Analytical Laboratory",482.0,0.00200,5,"2024-03-21","B",,
"cb17fc4e-5c11-4253-b3a1-e4e0876e3509","D02","POSE","POSE.AOS.S2","POSE.SS.20240319.FIL","A00000171225","2024-03-19T11:55Z","2024-03-19T11:55Z","Illinois State Water Survey Central Analytical Laboratory",422.0,0.00404,5,"2024-03-21","B",,
"0fde5b77-3bf1-4f0c-8b8d-a7cbdb194988","D02","POSE","POSE.AOS.S2","POSE.SS.20240319.FIL","A00000171225","2024-03-19T11:55Z","2024-03-19T11:55Z","Illinois State Water Survey Central Analytical Laboratory",472.0,0.00218,5,"2024-03-21","B",,
"6df983a5-f38b-4a23-9451-20b41202b4c5","D02","POSE","POSE.AOS.S2","POSE.SS.20240319.FIL","A00000171225","2024-03-19T11:55Z","2024-03-19T11:55Z","Illinois State Water Survey Central Analytical Laboratory",426.0,0.00380,5,"2024-03-21","B",,
"70099a74-ac09-4703-90f6-71cb557dd4d7","D02","POSE","POSE.AOS.S2","POSE.SS.20240319.FIL","A00000171225","2024-03-19T11:55Z","2024-03-19T11:55Z","Illinois State Water Survey Central Analytical Laboratory",344.0,0.01236,5,"2024-03-21","A",,
"a8124b59-6ce2-4354-8066-c8b8ec41aa57","D02","POSE","POSE.AOS.S2","POSE.SS.20240319.FIL","A00000171225","2024-03-19T11:55Z","2024-03-19T11:55Z","Illinois State Water Survey Central Analytical Laboratory",322.0,0.01690,5,"2024-03-21","A",,
"429b9427-5792-4dd6-8949-45f6cbf10784","D02","POSE","POSE.AOS.S2","POSE.SS.20240319.FIL","A00000171225","2024-03-19T11:55Z","2024-03-19T11:55Z","Illinois State Water Survey Central Analytical Laboratory",270.0,0.03278,5,"2024-03-21","A",,
"ab0db568-ef77-48dc-9735-a643492b05cd","D02","POSE","POSE.AOS.S2","POSE.SS.20240319.FIL","A00000171225","2024-03-19T11:55Z","2024-03-19T11:55Z","Illinois State Water Survey Central Analytical Laboratory",226.0,0.08690,5,"2024-03-21","B",,
"b823a021-dbd9-40af-b87b-faba1cc6c126","D02","POSE","POSE.AOS.S2","POSE.SS.20240319.FIL","A00000171225","2024-03-19T11:55Z","2024-03-19T11:55Z","Illinois State Water Survey Central Analytical Laboratory",492.0,0.00184,5,"2024-03-21","B",,
"4edce90d-c0ca-4b2f-96e0-9d12a01abaf7","D02","POSE","POSE.AOS.S2","POSE.SS.20240319.FIL","A00000171225","2024-03-19T11:55Z","2024-03-19T11:55Z","Illinois State Water Survey Central Analytical Laboratory",328.0,0.01552,5,"2024-03-21","A",,
"8e562545-5b0d-4d47-89e1-1ae715b8f3b5","D02","POSE","POSE.AOS.S2","POSE.SS.20240319.FIL","A00000171225","2024-03-19T11:55Z","2024-03-19T11:55Z","Illinois State Water Survey Central Analytical Laboratory",566.0,0.00110,5,"2024-03-21","B",,
"e52c0bda-3015-438e-a307-1ca92335ff2f","D02","POSE","POSE.AOS.S2","POSE.SS.20240326.FIL","A00000171209","2024-03-26T12:54Z","2024-03-26T12:54Z","Illinois State Water Survey Central Analytical Laboratory",254.0,0.04366,5,"2024-03-27","B",,
"acdc3163-d064-407e-a0c4-a1fc8da0cabd","D02","POSE","POSE.AOS.S2","POSE.SS.20240326.FIL","A00000171209","2024-03-26T12:54Z","2024-03-26T12:54Z","Illinois State Water Survey Central Analytical Laboratory",338.0,0.01620,5,"2024-03-27","B",,
"5c127aff-2c83-4dd1-aed2-856d6820df68","D02","POSE","POSE.AOS.S2","POSE.SS.20240326.FIL","A00000171209","2024-03-26T12:54Z","2024-03-26T12:54Z","Illinois State Water Survey Central Analytical Laboratory",226.0,0.08758,5,"2024-03-27","A",,
"f19b3e16-f2ee-44e7-88f7-9f519efd412e","D02","POSE","POSE.AOS.S2","POSE.SS.20240326.FIL","A00000171209","2024-03-26T12:54Z","2024-03-26T12:54Z","Illinois State Water Survey Central Analytical Laboratory",472.0,0.00322,5,"2024-03-27","A",,
"f6e0eaeb-c26c-4a05-81d6-57a286d01496","D02","POSE","POSE.AOS.S2","POSE.SS.20240326.FIL","A00000171209","2024-03-26T12:54Z","2024-03-26T12:54Z","Illinois State Water Survey Central Analytical Laboratory",448.0,0.00402,5,"2024-03-27","A",,
"02daa930-2f2f-4e0e-ba69-d3dacc9dbab6","D02","POSE","POSE.AOS.S2","POSE.SS.20240326.FIL","A00000171209","2024-03-26T12:54Z","2024-03-26T12:54Z","Illinois State Water Survey Central Analytical Laboratory",486.0,0.00332,5,"2024-03-27","B",,
"b355578a-f737-4832-b092-312b162ed0a8","D02","POSE","POSE.AOS.S2","POSE.SS.20240326.FIL","A00000171209","2024-03-26T12:54Z","2024-03-26T12:54Z","Illinois State Water Survey Central Analytical Laboratory",314.0,0.02180,5,"2024-03-27","A",,
"badd3fe4-15b0-4b82-af78-a98aebd0b9d1","D02","POSE","POSE.AOS.S2","POSE.SS.20240326.FIL","A00000171209","2024-03-26T12:54Z","2024-03-26T12:54Z","Illinois State Water Survey Central Analytical Laboratory",554.0,0.00194,5,"2024-03-27","A",,
"5b2781b1-123c-4b52-bde4-29f5e267a2ba","D02","POSE","POSE.AOS.S2","POSE.SS.20240326.FIL","A00000171209","2024-03-26T12:54Z","2024-03-26T12:54Z","Illinois State Water Survey Central Analytical Laboratory",360.0,0.01242,5,"2024-03-27","B",,
"a62ab017-b238-41b9-a86e-edbdd2d73fba","D02","POSE","POSE.AOS.S2","POSE.SS.20240326.FIL","A00000171209","2024-03-26T12:54Z","2024-03-26T12:54Z","Illinois State Water Survey Central Analytical Laboratory",236.0,0.05712,5,"2024-03-27","A",,
"2d0ef42d-8a90-4b57-8958-7cfd6d09d3e3","D02","POSE","POSE.AOS.S2","POSE.SS.20240326.FIL","A00000171209","2024-03-26T12:54Z","2024-03-26T12:54Z","Illinois State Water Survey Central Analytical Laboratory",300.0,0.02606,5,"2024-03-27","A",,
"e7930492-0ca9-44e1-acd0-ae4b5aca8432","D02","POSE","POSE.AOS.S2","POSE.SS.20240326.FIL","A00000171209","2024-03-26T12:54Z","2024-03-26T12:54Z","Illinois State Water Survey Central Analytical Laboratory",348.0,0.01398,5,"2024-03-27","A",,
"9e696710-db0a-4aba-92cb-15721b0250b2","D02","POSE","POSE.AOS.S2","POSE.SS.20240326.FIL","A00000171209","2024-03-26T12:54Z","2024-03-26T12:54Z","Illinois State Water Survey Central Analytical Laboratory",398.0,0.00712,5,"2024-03-27","A",,
"9f6dbd6f-0373-4e14-8084-a21c8714be93","D02","POSE","POSE.AOS.S2","POSE.SS.20240326.FIL","A00000171209","2024-03-26T12:54Z","2024-03-26T12:54Z","Illinois State Water Survey Central Analytical Laboratory",572.0,0.00182,5,"2024-03-27","A",,
"66022d03-374d-4737-b429-3740f636731a","D02","POSE","POSE.AOS.S2","POSE.SS.20240326.FIL","A00000171209","2024-03-26T12:54Z","2024-03-26T12:54Z","Illinois State Water Survey Central Analytical Laboratory",284.0,0.03242,5,"2024-03-27","B",,
"3448b355-e7d7-473a-bc21-10f0f8d0d712","D02","POSE","POSE.AOS.S2","POSE.SS.20240326.FIL","A00000171209","2024-03-26T12:54Z","2024-03-26T12:54Z","Illinois State Water Survey Central Analytical Laboratory",444.0,0.00420,5,"2024-03-27","A",,
"40218589-a641-4b0d-a3b9-60aafb0eeee5","D02","POSE","POSE.AOS.S2","POSE.SS.20240326.FIL","A00000171209","2024-03-26T12:54Z","2024-03-26T12:54Z","Illinois State Water Survey Central Analytical Laboratory",496.0,0.00278,5,"2024-03-27","A",,
"6f317b1c-f31b-409e-ab48-1caefef90331","D02","POSE","POSE.AOS.S2","POSE.SS.20240326.FIL","A00000171209","2024-03-26T12:54Z","2024-03-26T12:54Z","Illinois State Water Survey Central Analytical Laboratory",340.0,0.01580,5,"2024-03-27","B",,
"ea0aae05-ce60-4ccb-aefa-ed46cf802a6d","D02","POSE","POSE.AOS.S2","POSE.SS.20240326.FIL","A00000171209","2024-03-26T12:54Z","2024-03-26T12:54Z","Illinois State Water Survey Central Analytical Laboratory",258.0,0.04146,5,"2024-03-27","A",,
"7308c62e-a37a-48ad-8082-3069e5f25e39","D02","POSE","POSE.AOS.S2","POSE.SS.20240326.FIL","A00000171209","2024-03-26T12:54Z","2024-03-26T12:54Z","Illinois State Water Survey Central Analytical Laboratory",388.0,0.00856,5,"2024-03-27","B",,
"563b479b-aafb-4fcb-a06e-b7578f0017b1","D02","POSE","POSE.AOS.S2","POSE.SS.20240326.FIL","A00000171209","2024-03-26T12:54Z","2024-03-26T12:54Z","Illinois State Water Survey Central Analytical Laboratory",576.0,0.00192,5,"2024-03-27","B",,
"017e9dd1-962e-4d7d-9b06-5b7ff95e464f","D02","POSE","POSE.AOS.S2","POSE.SS.20240326.FIL","A00000171209","2024-03-26T12:54Z","2024-03-26T12:54Z","Illinois State Water Survey Central Analytical Laboratory",476.0,0.00314,5,"2024-03-27","A",,
"ec83f5a9-7920-4ab9-9945-0c4fbd228c5f","D02","POSE","POSE.AOS.S2","POSE.SS.20240326.FIL","A00000171209","2024-03-26T12:54Z","2024-03-26T12:54Z","Illinois State Water Survey Central Analytical Laboratory",570.0,0.00202,5,"2024-03-27","B",,
"6f04104c-9d7c-4f50-bf9f-158e73e92285","D02","POSE","POSE.AOS.S2","POSE.SS.20240326.FIL","A00000171209","2024-03-26T12:54Z","2024-03-26T12:54Z","Illinois State Water Survey Central Analytical Laboratory",420.0,0.00590,5,"2024-03-27","B",,
"51f1c737-fb20-4f83-8c33-697a2d2356f4","D02","POSE","POSE.AOS.S2","POSE.SS.20240326.FIL","A00000171209","2024-03-26T12:54Z","2024-03-26T12:54Z","Illinois State Water Survey Central Analytical Laboratory",296.0,0.02770,5,"2024-03-27","B",,
"e7f0cf23-48c3-49fe-9a12-1d388d340655","D02","POSE","POSE.AOS.S2","POSE.SS.20240326.FIL","A00000171209","2024-03-26T12:54Z","2024-03-26T12:54Z","Illinois State Water Survey Central Analytical Laboratory",562.0,0.00186,5,"2024-03-27","A",,
"32b7583f-5795-4428-90a2-4d151ebaed14","D02","POSE","POSE.AOS.S2","POSE.SS.20240326.FIL","A00000171209","2024-03-26T12:54Z","2024-03-26T12:54Z","Illinois State Water Survey Central Analytical Laboratory",244.0,0.04854,5,"2024-03-27","A",,
"83ff638a-e3d4-46e5-8ef5-a5e5b90a776e","D02","POSE","POSE.AOS.S2","POSE.SS.20240326.FIL","A00000171209","2024-03-26T12:54Z","2024-03-26T12:54Z","Illinois State Water Survey Central Analytical Laboratory",492.0,0.00320,5,"2024-03-27","B",,
"d409c1b3-3233-4e8a-929a-80ffa1a337d6","D02","POSE","POSE.AOS.S2","POSE.SS.20240326.FIL","A00000171209","2024-03-26T12:54Z","2024-03-26T12:54Z","Illinois State Water Survey Central Analytical Laboratory",322.0,0.01974,5,"2024-03-27","A",,
"60cc4b17-fb19-42b2-a247-4d71194927dc","D02","POSE","POSE.AOS.S2","POSE.SS.20240326.FIL","A00000171209","2024-03-26T12:54Z","2024-03-26T12:54Z","Illinois State Water Survey Central Analytical Laboratory",234.0,0.06082,5,"2024-03-27","A",,
"d86dd4a9-1ecb-4caa-85db-e325dc43ab41","D02","POSE","POSE.AOS.S2","POSE.SS.20240326.FIL","A00000171209","2024-03-26T12:54Z","2024-03-26T12:54Z","Illinois State Water Survey Central Analytical Laboratory",384.0,0.00906,5,"2024-03-27","B",,
"ca74a21a-096e-4b6d-b9c2-59e4f0ee8294","D02","POSE","POSE.AOS.S2","POSE.SS.20240326.FIL","A00000171209","2024-03-26T12:54Z","2024-03-26T12:54Z","Illinois State Water Survey Central Analytical Laboratory",362.0,0.01206,5,"2024-03-27","B",,
"8e7d7d51-6cc5-4bcc-9002-5848ef0d8bd3","D02","POSE","POSE.AOS.S2","POSE.SS.20240326.FIL","A00000171209","2024-03-26T12:54Z","2024-03-26T12:54Z","Illinois State Water Survey Central Analytical Laboratory",408.0,0.00668,5,"2024-03-27","B",,
"4a80742a-0fbd-4db5-bcad-52e6b725a21f","D02","POSE","POSE.AOS.S2","POSE.SS.20240326.FIL","A00000171209","2024-03-26T12:54Z","2024-03-26T12:54Z","Illinois State Water Survey Central Analytical Laboratory",242.0,0.05048,5,"2024-03-27","B",,
"3b4a2359-ce91-4426-ba45-57bee8811eb9","D02","POSE","POSE.AOS.S2","POSE.SS.20240326.FIL","A00000171209","2024-03-26T12:54Z","2024-03-26T12:54Z","Illinois State Water Survey Central Analytical Laboratory",318.0,0.02076,5,"2024-03-27","A",,
"9283eb4d-54f5-460f-8724-f25a8a303b56","D02","POSE","POSE.AOS.S2","POSE.SS.20240326.FIL","A00000171209","2024-03-26T12:54Z","2024-03-26T12:54Z","Illinois State Water Survey Central Analytical Laboratory",360.0,0.01206,5,"2024-03-27","A",,
"1086d659-8885-45b7-ae42-104f25a6a3d1","D02","POSE","POSE.AOS.S2","POSE.SS.20240326.FIL","A00000171209","2024-03-26T12:54Z","2024-03-26T12:54Z","Illinois State Water Survey Central Analytical Laboratory",316.0,0.02130,5,"2024-03-27","A",,
"4494e166-2221-45ac-a7e4-8cc3b34dc85f","D02","POSE","POSE.AOS.S2","POSE.SS.20240326.FIL","A00000171209","2024-03-26T12:54Z","2024-03-26T12:54Z","Illinois State Water Survey Central Analytical Laboratory",252.0,0.04442,5,"2024-03-27","B",,
"b68bc977-b0e1-431b-a66c-9e455e14f619","D02","POSE","POSE.AOS.S2","POSE.SS.20240326.FIL","A00000171209","2024-03-26T12:54Z","2024-03-26T12:54Z","Illinois State Water Survey Central Analytical Laboratory",260.0,0.04130,5,"2024-03-27","B",,
"cc0473a1-5526-408d-bf87-2c36ac6553ba","D02","POSE","POSE.AOS.S2","POSE.SS.20240326.FIL","A00000171209","2024-03-26T12:54Z","2024-03-26T12:54Z","Illinois State Water Survey Central Analytical Laboratory",476.0,0.00362,5,"2024-03-27","B",,
"73ff2ba4-4d82-4905-b346-a3bf081cb01c","D02","POSE","POSE.AOS.S2","POSE.SS.20240326.FIL","A00000171209","2024-03-26T12:54Z","2024-03-26T12:54Z","Illinois State Water Survey Central Analytical Laboratory",450.0,0.00392,5,"2024-03-27","A",,
"d4637f6e-92c6-4705-8f0c-e104f5163016","D02","POSE","POSE.AOS.S2","POSE.SS.20240326.FIL","A00000171209","2024-03-26T12:54Z","2024-03-26T12:54Z","Illinois State Water Survey Central Analytical Laboratory",414.0,0.00576,5,"2024-03-27","A",,
"de302dbb-0275-4409-9c74-938568db1ce5","D02","POSE","POSE.AOS.S2","POSE.SS.20240326.FIL","A00000171209","2024-03-26T12:54Z","2024-03-26T12:54Z","Illinois State Water Survey Central Analytical Laboratory",224.0,0.09904,5,"2024-03-27","A",,
"cf6c5ccd-3648-4642-b876-91968c212312","D02","POSE","POSE.AOS.S2","POSE.SS.20240326.FIL","A00000171209","2024-03-26T12:54Z","2024-03-26T12:54Z","Illinois State Water Survey Central Analytical Laboratory",230.0,0.07204,5,"2024-03-27","A",,
"c8ba5af2-9853-45d2-8742-79614b665195","D02","POSE","POSE.AOS.S2","POSE.SS.20240326.FIL","A00000171209","2024-03-26T12:54Z","2024-03-26T12:54Z","Illinois State Water Survey Central Analytical Laboratory",522.0,0.00260,5,"2024-03-27","B",,
"644da393-b0f9-482d-870e-96e83f162ce0","D02","POSE","POSE.AOS.S2","POSE.SS.20240326.FIL","A00000171209","2024-03-26T12:54Z","2024-03-26T12:54Z","Illinois State Water Survey Central Analytical Laboratory",308.0,0.02354,5,"2024-03-27","A",,
"39b40b3a-de32-4bc9-a869-b9a1f7804a66","D02","POSE","POSE.AOS.S2","POSE.SS.20240326.FIL","A00000171209","2024-03-26T12:54Z","2024-03-26T12:54Z","Illinois State Water Survey Central Analytical Laboratory",294.0,0.02808,5,"2024-03-27","A",,
"453090b9-ba58-44b2-8eb2-15dde958bb09","D02","POSE","POSE.AOS.S2","POSE.SS.20240326.FIL","A00000171209","2024-03-26T12:54Z","2024-03-26T12:54Z","Illinois State Water Survey Central Analytical Laboratory",586.0,0.00190,5,"2024-03-27","B",,
"7a270f35-9b46-4ae4-a93b-dd81c7b09aee","D02","POSE","POSE.AOS.S2","POSE.SS.20240326.FIL","A00000171209","2024-03-26T12:54Z","2024-03-26T12:54Z","Illinois State Water Survey Central Analytical Laboratory",456.0,0.00416,5,"2024-03-27","B",,
"61450c6d-3603-4108-840b-e1f5a4dc195b","D02","POSE","POSE.AOS.S2","POSE.SS.20240326.FIL","A00000171209","2024-03-26T12:54Z","2024-03-26T12:54Z","Illinois State Water Survey Central Analytical Laboratory",556.0,0.00190,5,"2024-03-27","A",,
"5e9b3a9f-35a0-4028-8fd1-35ab67a6add5","D02","POSE","POSE.AOS.S2","POSE.SS.20240326.FIL","A00000171209","2024-03-26T12:54Z","2024-03-26T12:54Z","Illinois State Water Survey Central Analytical Laboratory",550.0,0.00224,5,"2024-03-27","B",,
"05d2e03f-72ec-4668-bc49-682877acdf35","D02","POSE","POSE.AOS.S2","POSE.SS.20240326.FIL","A00000171209","2024-03-26T12:54Z","2024-03-26T12:54Z","Illinois State Water Survey Central Analytical Laboratory",530.0,0.00222,5,"2024-03-27","A",,
"9d9164fc-1d59-4e8a-b0b1-3a68ae3f36ec","D02","POSE","POSE.AOS.S2","POSE.SS.20240326.FIL","A00000171209","2024-03-26T12:54Z","2024-03-26T12:54Z","Illinois State Water Survey Central Analytical Laboratory",532.0,0.00218,5,"2024-03-27","A",,
"eae14e6e-58e9-4ca8-88cd-59bd555b28b3","D02","POSE","POSE.AOS.S2","POSE.SS.20240326.FIL","A00000171209","2024-03-26T12:54Z","2024-03-26T12:54Z","Illinois State Water Survey Central Analytical Laboratory",566.0,0.00184,5,"2024-03-27","A",,
"e8e6ab24-4770-4a08-a166-700cc5e5430f","D02","POSE","POSE.AOS.S2","POSE.SS.20240326.FIL","A00000171209","2024-03-26T12:54Z","2024-03-26T12:54Z","Illinois State Water Survey Central Analytical Laboratory",508.0,0.00276,5,"2024-03-27","B",,
"04d7730d-0c84-4479-8faa-3d4e37c1c027","D02","POSE","POSE.AOS.S2","POSE.SS.20240326.FIL","A00000171209","2024-03-26T12:54Z","2024-03-26T12:54Z","Illinois State Water Survey Central Analytical Laboratory",510.0,0.00278,5,"2024-03-27","B",,
"1f03dd2d-549a-4b9a-acdc-701c578a109f","D02","POSE","POSE.AOS.S2","POSE.SS.20240326.FIL","A00000171209","2024-03-26T12:54Z","2024-03-26T12:54Z","Illinois State Water Survey Central Analytical Laboratory",390.0,0.00790,5,"2024-03-27","A",,
"32a1a48b-146b-43d0-b673-2cc0d1b4a72e","D02","POSE","POSE.AOS.S2","POSE.SS.20240326.FIL","A00000171209","2024-03-26T12:54Z","2024-03-26T12:54Z","Illinois State Water Survey Central Analytical Laboratory",462.0,0.00352,5,"2024-03-27","A",,
"c73f0219-c2bb-42e0-b9bd-55da46305c38","D02","POSE","POSE.AOS.S2","POSE.SS.20240326.FIL","A00000171209","2024-03-26T12:54Z","2024-03-26T12:54Z","Illinois State Water Survey Central Analytical Laboratory",294.0,0.02844,5,"2024-03-27","B",,
"b0618f41-21e7-4559-9b5b-076d5d02319f","D02","POSE","POSE.AOS.S2","POSE.SS.20240326.FIL","A00000171209","2024-03-26T12:54Z","2024-03-26T12:54Z","Illinois State Water Survey Central Analytical Laboratory",366.0,0.01146,5,"2024-03-27","B",,
"4a891cb2-bebb-42c4-8d6e-2b8b87752fe9","D02","POSE","POSE.AOS.S2","POSE.SS.20240326.FIL","A00000171209","2024-03-26T12:54Z","2024-03-26T12:54Z","Illinois State Water Survey Central Analytical Laboratory",558.0,0.00194,5,"2024-03-27","A",,
"b8cfb6cc-2452-4f4b-9733-f20b9d433978","D02","POSE","POSE.AOS.S2","POSE.SS.20240326.FIL","A00000171209","2024-03-26T12:54Z","2024-03-26T12:54Z","Illinois State Water Survey Central Analytical Laboratory",228.0,0.07832,5,"2024-03-27","A",,
"31d7f2f8-7171-4de4-8b3b-0c87d9f4bf8e","D02","POSE","POSE.AOS.S2","POSE.SS.20240326.FIL","A00000171209","2024-03-26T12:54Z","2024-03-26T12:54Z","Illinois State Water Survey Central Analytical Laboratory",356.0,0.01270,5,"2024-03-27","A",,
"7e6c719f-2b74-4d65-8534-57bb43668857","D02","POSE","POSE.AOS.S2","POSE.SS.20240326.FIL","A00000171209","2024-03-26T12:54Z","2024-03-26T12:54Z","Illinois State Water Survey Central Analytical Laboratory",470.0,0.00328,5,"2024-03-27","A",,
"c0ed1143-a853-4087-a83d-c47ef6f9534f","D02","POSE","POSE.AOS.S2","POSE.SS.20240326.FIL","A00000171209","2024-03-26T12:54Z","2024-03-26T12:54Z","Illinois State Water Survey Central Analytical Laboratory",450.0,0.00436,5,"2024-03-27","B",,
"2cc66bed-b6e1-477f-a45d-1db1ef64e388","D02","POSE","POSE.AOS.S2","POSE.SS.20240326.FIL","A00000171209","2024-03-26T12:54Z","2024-03-26T12:54Z","Illinois State Water Survey Central Analytical Laboratory",548.0,0.00222,5,"2024-03-27","B",,
"35c68cc6-2f97-42ea-bcf2-bfdae8220765","D02","POSE","POSE.AOS.S2","POSE.SS.20240326.FIL","A00000171209","2024-03-26T12:54Z","2024-03-26T12:54Z","Illinois State Water Survey Central Analytical Laboratory",304.0,0.02480,5,"2024-03-27","A",,
"7095ddb3-7f51-410f-bfc8-13e2bf0eeb1d","D02","POSE","POSE.AOS.S2","POSE.SS.20240326.FIL","A00000171209","2024-03-26T12:54Z","2024-03-26T12:54Z","Illinois State Water Survey Central Analytical Laboratory",520.0,0.00262,5,"2024-03-27","B",,
"6437de6f-d85c-4838-9e56-ea0a27397b51","D02","POSE","POSE.AOS.S2","POSE.SS.20240326.FIL","A00000171209","2024-03-26T12:54Z","2024-03-26T12:54Z","Illinois State Water Survey Central Analytical Laboratory",286.0,0.03162,5,"2024-03-27","B",,
"e60f021e-e490-4692-b164-309d105765f6","D02","POSE","POSE.AOS.S2","POSE.SS.20240326.FIL","A00000171209","2024-03-26T12:54Z","2024-03-26T12:54Z","Illinois State Water Survey Central Analytical Laboratory",502.0,0.00270,5,"2024-03-27","A",,
"7503fa14-bb0c-4d64-be2d-a061bce40099","D02","POSE","POSE.AOS.S2","POSE.SS.20240326.FIL","A00000171209","2024-03-26T12:54Z","2024-03-26T12:54Z","Illinois State Water Survey Central Analytical Laboratory",490.0,0.00318,5,"2024-03-27","B",,
"e0124f32-e087-4fdb-9a72-f7e64edb1841","D02","POSE","POSE.AOS.S2","POSE.SS.20240326.FIL","A00000171209","2024-03-26T12:54Z","2024-03-26T12:54Z","Illinois State Water Survey Central Analytical Laboratory",516.0,0.00246,5,"2024-03-27","A",,
"dc66b4af-c634-4cec-abf6-b6cf7d6f6f71","D02","POSE","POSE.AOS.S2","POSE.SS.20240326.FIL","A00000171209","2024-03-26T12:54Z","2024-03-26T12:54Z","Illinois State Water Survey Central Analytical Laboratory",506.0,0.00260,5,"2024-03-27","A",,
"58503e18-c19b-4e24-aead-910f18cabc53","D02","POSE","POSE.AOS.S2","POSE.SS.20240326.FIL","A00000171209","2024-03-26T12:54Z","2024-03-26T12:54Z","Illinois State Water Survey Central Analytical Laboratory",332.0,0.01748,5,"2024-03-27","B",,
"6e5011d5-7d60-4ad8-9470-a8c3a881a49e","D02","POSE","POSE.AOS.S2","POSE.SS.20240326.FIL","A00000171209","2024-03-26T12:54Z","2024-03-26T12:54Z","Illinois State Water Survey Central Analytical Laboratory",596.0,0.00170,5,"2024-03-27","A",,
"028c0b7c-9185-4d9c-80cb-de1845efd961","D02","POSE","POSE.AOS.S2","POSE.SS.20240326.FIL","A00000171209","2024-03-26T12:54Z","2024-03-26T12:54Z","Illinois State Water Survey Central Analytical Laboratory",542.0,0.00228,5,"2024-03-27","B",,
"efef3085-29fc-4b32-8f2a-acb30bcc9be7","D02","POSE","POSE.AOS.S2","POSE.SS.20240326.FIL","A00000171209","2024-03-26T12:54Z","2024-03-26T12:54Z","Illinois State Water Survey Central Analytical Laboratory",270.0,0.03714,5,"2024-03-27","A",,
"a855cd03-0422-49e1-b0ec-a22198fef666","D02","POSE","POSE.AOS.S2","POSE.SS.20240326.FIL","A00000171209","2024-03-26T12:54Z","2024-03-26T12:54Z","Illinois State Water Survey Central Analytical Laboratory",530.0,0.00246,5,"2024-03-27","B",,
"86f5d644-ce33-4db9-9e8e-6f44e8de6633","D02","POSE","POSE.AOS.S2","POSE.SS.20240326.FIL","A00000171209","2024-03-26T12:54Z","2024-03-26T12:54Z","Illinois State Water Survey Central Analytical Laboratory",396.0,0.00734,5,"2024-03-27","A",,
"9a6f932b-def5-4b55-9bd8-69ede7f62327","D02","POSE","POSE.AOS.S2","POSE.SS.20240326.FIL","A00000171209","2024-03-26T12:54Z","2024-03-26T12:54Z","Illinois State Water Survey Central Analytical Laboratory",322.0,0.02000,5,"2024-03-27","B",,
"b7eb9f8f-a676-47f0-b01c-b0fbb7ea15c5","D02","POSE","POSE.AOS.S2","POSE.SS.20240326.FIL","A00000171209","2024-03-26T12:54Z","2024-03-26T12:54Z","Illinois State Water Survey Central Analytical Laboratory",568.0,0.00178,5,"2024-03-27","A",,
"a5847967-77ea-47e0-8b3f-8bf464b9f5e1","D02","POSE","POSE.AOS.S2","POSE.SS.20240326.FIL","A00000171209","2024-03-26T12:54Z","2024-03-26T12:54Z","Illinois State Water Survey Central Analytical Laboratory",296.0,0.02732,5,"2024-03-27","A",,
"f3c125aa-b9d1-4825-a341-55b379da6d94","D02","POSE","POSE.AOS.S2","POSE.SS.20240326.FIL","A00000171209","2024-03-26T12:54Z","2024-03-26T12:54Z","Illinois State Water Survey Central Analytical Laboratory",424.0,0.00564,5,"2024-03-27","B",,
"7a0e3113-0b03-484a-a96f-afa67fedaf6d","D02","POSE","POSE.AOS.S2","POSE.SS.20240326.FIL","A00000171209","2024-03-26T12:54Z","2024-03-26T12:54Z","Illinois State Water Survey Central Analytical Laboratory",452.0,0.00386,5,"2024-03-27","A",,
"a424fcc4-56b4-4077-9cd0-2ffcd38a552d","D02","POSE","POSE.AOS.S2","POSE.SS.20240326.FIL","A00000171209","2024-03-26T12:54Z","2024-03-26T12:54Z","Illinois State Water Survey Central Analytical Laboratory",486.0,0.00296,5,"2024-03-27","A",,
"b0dbcccc-3740-40cb-b28e-43d690462d56","D02","POSE","POSE.AOS.S2","POSE.SS.20240326.FIL","A00000171209","2024-03-26T12:54Z","2024-03-26T12:54Z","Illinois State Water Survey Central Analytical Laboratory",402.0,0.00678,5,"2024-03-27","A",,
"1b207733-2b9b-4807-bd2f-7df0d15999c4","D02","POSE","POSE.AOS.S2","POSE.SS.20240326.FIL","A00000171209","2024-03-26T12:54Z","2024-03-26T12:54Z","Illinois State Water Survey Central Analytical Laboratory",552.0,0.00198,5,"2024-03-27","A",,
"85bdbf89-2627-4568-acef-28304a7046c0","D02","POSE","POSE.AOS.S2","POSE.SS.20240326.FIL","A00000171209","2024-03-26T12:54Z","2024-03-26T12:54Z","Illinois State Water Survey Central Analytical Laboratory",418.0,0.00600,5,"2024-03-27","B",,
"71d14326-d69d-4529-a573-e50fbb8bfc3c","D02","POSE","POSE.AOS.S2","POSE.SS.20240326.FIL","A00000171209","2024-03-26T12:54Z","2024-03-26T12:54Z","Illinois State Water Survey Central Analytical Laboratory",480.0,0.00350,5,"2024-03-27","B",,
"1517b084-fe23-41e4-a49b-d9d945eae190","D02","POSE","POSE.AOS.S2","POSE.SS.20240326.FIL","A00000171209","2024-03-26T12:54Z","2024-03-26T12:54Z","Illinois State Water Survey Central Analytical Laboratory",266.0,0.03910,5,"2024-03-27","B",,
"d597a0cd-51a5-4c7a-a98b-eaa3bd4b87e2","D02","POSE","POSE.AOS.S2","POSE.SS.20240326.FIL","A00000171209","2024-03-26T12:54Z","2024-03-26T12:54Z","Illinois State Water Survey Central Analytical Laboratory",406.0,0.00688,5,"2024-03-27","B",,
"a57add36-71eb-4ead-8a25-c8d3aa8b01b9","D02","POSE","POSE.AOS.S2","POSE.SS.20240326.FIL","A00000171209","2024-03-26T12:54Z","2024-03-26T12:54Z","Illinois State Water Survey Central Analytical Laboratory",380.0,0.00954,5,"2024-03-27","B",,
"b27bfef6-c2fc-4d19-9bff-15223d73d26d","D02","POSE","POSE.AOS.S2","POSE.SS.20240326.FIL","A00000171209","2024-03-26T12:54Z","2024-03-26T12:54Z","Illinois State Water Survey Central Analytical Laboratory",502.0,0.00296,5,"2024-03-27","B",,
"995cfacc-6d84-404a-bfd6-4eb46ec565a6","D02","POSE","POSE.AOS.S2","POSE.SS.20240326.FIL","A00000171209","2024-03-26T12:54Z","2024-03-26T12:54Z","Illinois State Water Survey Central Analytical Laboratory",578.0,0.00194,5,"2024-03-27","B",,
"7ea376c6-4edf-438a-b792-ce751be85e65","D02","POSE","POSE.AOS.S2","POSE.SS.20240326.FIL","A00000171209","2024-03-26T12:54Z","2024-03-26T12:54Z","Illinois State Water Survey Central Analytical Laboratory",364.0,0.01144,5,"2024-03-27","A",,
"d8762aaa-a1df-4e6f-8ff8-f8c963a05a91","D02","POSE","POSE.AOS.S2","POSE.SS.20240326.FIL","A00000171209","2024-03-26T12:54Z","2024-03-26T12:54Z","Illinois State Water Survey Central Analytical Laboratory",354.0,0.01300,5,"2024-03-27","A",,
"f159496d-a6ce-42cf-9176-cda644557e5b","D02","POSE","POSE.AOS.S2","POSE.SS.20240326.FIL","A00000171209","2024-03-26T12:54Z","2024-03-26T12:54Z","Illinois State Water Survey Central Analytical Laboratory",534.0,0.00236,5,"2024-03-27","B",,
"bcd522b6-ced3-4756-ac8b-cfa4a9bf4adb","D02","POSE","POSE.AOS.S2","POSE.SS.20240326.FIL","A00000171209","2024-03-26T12:54Z","2024-03-26T12:54Z","Illinois State Water Survey Central Analytical Laboratory",488.0,0.00326,5,"2024-03-27","B",,
"ca5c93d9-4171-40c2-abea-0597e9973082","D02","POSE","POSE.AOS.S2","POSE.SS.20240326.FIL","A00000171209","2024-03-26T12:54Z","2024-03-26T12:54Z","Illinois State Water Survey Central Analytical Laboratory",478.0,0.00310,5,"2024-03-27","A",,
"f57107f3-e795-46d8-a8be-0423755e3f7f","D02","POSE","POSE.AOS.S2","POSE.SS.20240326.FIL","A00000171209","2024-03-26T12:54Z","2024-03-26T12:54Z","Illinois State Water Survey Central Analytical Laboratory",262.0,0.04002,5,"2024-03-27","A",,
"a5d1fe57-50e5-45e1-9979-d567585e4def","D02","POSE","POSE.AOS.S2","POSE.SS.20240326.FIL","A00000171209","2024-03-26T12:54Z","2024-03-26T12:54Z","Illinois State Water Survey Central Analytical Laboratory",428.0,0.00502,5,"2024-03-27","A",,
"6619dc9a-7af7-4e55-a521-a71398ac25c0","D02","POSE","POSE.AOS.S2","POSE.SS.20240326.FIL","A00000171209","2024-03-26T12:54Z","2024-03-26T12:54Z","Illinois State Water Survey Central Analytical Laboratory",568.0,0.00200,5,"2024-03-27","B",,
"1beb78b2-1d2f-4ad8-9383-561990449251","D02","POSE","POSE.AOS.S2","POSE.SS.20240326.FIL","A00000171209","2024-03-26T12:54Z","2024-03-26T12:54Z","Illinois State Water Survey Central Analytical Laboratory",220.0,0.12890,5,"2024-03-27","B",,
"a49af928-169f-4ab0-9142-51b439b008bd","D02","POSE","POSE.AOS.S2","POSE.SS.20240326.FIL","A00000171209","2024-03-26T12:54Z","2024-03-26T12:54Z","Illinois State Water Survey Central Analytical Laboratory",586.0,0.00178,5,"2024-03-27","A",,
"0e0394e9-cc80-4eb2-ab1b-bc82a67e62ba","D02","POSE","POSE.AOS.S2","POSE.SS.20240326.FIL","A00000171209","2024-03-26T12:54Z","2024-03-26T12:54Z","Illinois State Water Survey Central Analytical Laboratory",436.0,0.00454,5,"2024-03-27","A",,
"7c8ca4f7-d3a3-452b-9c67-a2f85a111791","D02","POSE","POSE.AOS.S2","POSE.SS.20240326.FIL","A00000171209","2024-03-26T12:54Z","2024-03-26T12:54Z","Illinois State Water Survey Central Analytical Laboratory",280.0,0.03398,5,"2024-03-27","B",,
"ff2447e5-a53d-4ec9-adb2-98105c3f81fe","D02","POSE","POSE.AOS.S2","POSE.SS.20240326.FIL","A00000171209","2024-03-26T12:54Z","2024-03-26T12:54Z","Illinois State Water Survey Central Analytical Laboratory",456.0,0.00368,5,"2024-03-27","A",,
"d7ef946c-1f42-478e-ae7d-74e41fa639d9","D02","POSE","POSE.AOS.S2","POSE.SS.20240326.FIL","A00000171209","2024-03-26T12:54Z","2024-03-26T12:54Z","Illinois State Water Survey Central Analytical Laboratory",396.0,0.00772,5,"2024-03-27","B",,
"288af88e-0a20-430e-b7f7-2261cb7fef9d","D02","POSE","POSE.AOS.S2","POSE.SS.20240326.FIL","A00000171209","2024-03-26T12:54Z","2024-03-26T12:54Z","Illinois State Water Survey Central Analytical Laboratory",408.0,0.00628,5,"2024-03-27","A",,
"02df17b9-8998-4383-9690-0c3e93c75d5a","D02","POSE","POSE.AOS.S2","POSE.SS.20240326.FIL","A00000171209","2024-03-26T12:54Z","2024-03-26T12:54Z","Illinois State Water Survey Central Analytical Laboratory",392.0,0.00778,5,"2024-03-27","A",,
"9934d3fd-3701-4d8a-9c5f-b7f695f16819","D02","POSE","POSE.AOS.S2","POSE.SS.20240326.FIL","A00000171209","2024-03-26T12:54Z","2024-03-26T12:54Z","Illinois State Water Survey Central Analytical Laboratory",356.0,0.01300,5,"2024-03-27","B",,
"7cdfc3d8-d505-47c3-bf32-386334795671","D02","POSE","POSE.AOS.S2","POSE.SS.20240326.FIL","A00000171209","2024-03-26T12:54Z","2024-03-26T12:54Z","Illinois State Water Survey Central Analytical Laboratory",224.0,0.09984,5,"2024-03-27","B",,
"b4827d23-549a-45a3-b3f5-78f680c2070f","D02","POSE","POSE.AOS.S2","POSE.SS.20240326.FIL","A00000171209","2024-03-26T12:54Z","2024-03-26T12:54Z","Illinois State Water Survey Central Analytical Laboratory",554.0,0.00216,5,"2024-03-27","B",,
"7112a4a2-9120-478f-8496-1c5edf6bd347","D02","POSE","POSE.AOS.S2","POSE.SS.20240326.FIL","A00000171209","2024-03-26T12:54Z","2024-03-26T12:54Z","Illinois State Water Survey Central Analytical Laboratory",250.0,0.04492,5,"2024-03-27","A",,
"25222e77-cc2d-4829-a328-25c6c2d50365","D02","POSE","POSE.AOS.S2","POSE.SS.20240326.FIL","A00000171209","2024-03-26T12:54Z","2024-03-26T12:54Z","Illinois State Water Survey Central Analytical Laboratory",460.0,0.00406,5,"2024-03-27","B",,
"d78cd06d-c950-451d-b7c7-82772871be20","D02","POSE","POSE.AOS.S2","POSE.SS.20240326.FIL","A00000171209","2024-03-26T12:54Z","2024-03-26T12:54Z","Illinois State Water Survey Central Analytical Laboratory",594.0,0.00180,5,"2024-03-27","B",,
"ccb29eac-35b2-499b-adc3-c5bab5bbe8f5","D02","POSE","POSE.AOS.S2","POSE.SS.20240326.FIL","A00000171209","2024-03-26T12:54Z","2024-03-26T12:54Z","Illinois State Water Survey Central Analytical Laboratory",480.0,0.00306,5,"2024-03-27","A",,
"b8cc1540-9617-468e-8a58-678528d706c6","D02","POSE","POSE.AOS.S2","POSE.SS.20240326.FIL","A00000171209","2024-03-26T12:54Z","2024-03-26T12:54Z","Illinois State Water Survey Central Analytical Laboratory",518.0,0.00268,5,"2024-03-27","B",,
"68987ef1-ef76-416b-b0be-655f1b6adf84","D02","POSE","POSE.AOS.S2","POSE.SS.20240326.FIL","A00000171209","2024-03-26T12:54Z","2024-03-26T12:54Z","Illinois State Water Survey Central Analytical Laboratory",600.0,0.00176,5,"2024-03-27","B",,
"f01a533d-58ab-4e11-98a2-2da328e1ff92","D02","POSE","POSE.AOS.S2","POSE.SS.20240326.FIL","A00000171209","2024-03-26T12:54Z","2024-03-26T12:54Z","Illinois State Water Survey Central Analytical Laboratory",420.0,0.00550,5,"2024-03-27","A",,
"0a1896ee-465c-4d45-94b1-e0d5f0f4c528","D02","POSE","POSE.AOS.S2","POSE.SS.20240326.FIL","A00000171209","2024-03-26T12:54Z","2024-03-26T12:54Z","Illinois State Water Survey Central Analytical Laboratory",312.0,0.02276,5,"2024-03-27","B",,
"e1062dd7-53a2-4321-9343-a19f54c85403","D02","POSE","POSE.AOS.S2","POSE.SS.20240326.FIL","A00000171209","2024-03-26T12:54Z","2024-03-26T12:54Z","Illinois State Water Survey Central Analytical Laboratory",264.0,0.03984,5,"2024-03-27","B",,
"4f4e68eb-0b8d-4364-b17e-d37027a8a882","D02","POSE","POSE.AOS.S2","POSE.SS.20240326.FIL","A00000171209","2024-03-26T12:54Z","2024-03-26T12:54Z","Illinois State Water Survey Central Analytical Laboratory",496.0,0.00306,5,"2024-03-27","B",,
"63575af4-76d8-4b31-ba0f-b7a68fb3044d","D02","POSE","POSE.AOS.S2","POSE.SS.20240326.FIL","A00000171209","2024-03-26T12:54Z","2024-03-26T12:54Z","Illinois State Water Survey Central Analytical Laboratory",494.0,0.00280,5,"2024-03-27","A",,
"fb92732f-25f4-437d-9aa0-655d84817851","D02","POSE","POSE.AOS.S2","POSE.SS.20240326.FIL","A00000171209","2024-03-26T12:54Z","2024-03-26T12:54Z","Illinois State Water Survey Central Analytical Laboratory",254.0,0.04312,5,"2024-03-27","A",,
"01aa84f5-5766-42f8-80a5-5c2aa2cd4125","D02","POSE","POSE.AOS.S2","POSE.SS.20240326.FIL","A00000171209","2024-03-26T12:54Z","2024-03-26T12:54Z","Illinois State Water Survey Central Analytical Laboratory",252.0,0.04392,5,"2024-03-27","A",,
"415af9fe-3a99-4d4f-8587-9e87a45c3aef","D02","POSE","POSE.AOS.S2","POSE.SS.20240326.FIL","A00000171209","2024-03-26T12:54Z","2024-03-26T12:54Z","Illinois State Water Survey Central Analytical Laboratory",382.0,0.00926,5,"2024-03-27","B",,
"51cb018f-dcfe-47c0-a186-5991799843f1","D02","POSE","POSE.AOS.S2","POSE.SS.20240326.FIL","A00000171209","2024-03-26T12:54Z","2024-03-26T12:54Z","Illinois State Water Survey Central Analytical Laboratory",230.0,0.07272,5,"2024-03-27","B",,
"d8864f7c-f1d7-496e-a1ec-c737df2cf3d1","D02","POSE","POSE.AOS.S2","POSE.SS.20240326.FIL","A00000171209","2024-03-26T12:54Z","2024-03-26T12:54Z","Illinois State Water Survey Central Analytical Laboratory",528.0,0.00224,5,"2024-03-27","A",,
"b22d7d84-4196-4b86-adc5-23debea35f11","D02","POSE","POSE.AOS.S2","POSE.SS.20240326.FIL","A00000171209","2024-03-26T12:54Z","2024-03-26T12:54Z","Illinois State Water Survey Central Analytical Laboratory",328.0,0.01816,5,"2024-03-27","A",,
"4338d76f-db90-4764-9e76-9e0ff917ea40","D02","POSE","POSE.AOS.S2","POSE.SS.20240326.FIL","A00000171209","2024-03-26T12:54Z","2024-03-26T12:54Z","Illinois State Water Survey Central Analytical Laboratory",594.0,0.00170,5,"2024-03-27","A",,
"e2e73f0e-0bb9-4f21-8443-8cf9816d4b61","D02","POSE","POSE.AOS.S2","POSE.SS.20240326.FIL","A00000171209","2024-03-26T12:54Z","2024-03-26T12:54Z","Illinois State Water Survey Central Analytical Laboratory",546.0,0.00222,5,"2024-03-27","B",,
"998c7355-065e-4991-9a20-da85e9b84ec3","D02","POSE","POSE.AOS.S2","POSE.SS.20240326.FIL","A00000171209","2024-03-26T12:54Z","2024-03-26T12:54Z","Illinois State Water Survey Central Analytical Laboratory",514.0,0.00244,5,"2024-03-27","A",,
"659f3f43-7fad-423e-86df-703f80cbc367","D02","POSE","POSE.AOS.S2","POSE.SS.20240326.FIL","A00000171209","2024-03-26T12:54Z","2024-03-26T12:54Z","Illinois State Water Survey Central Analytical Laboratory",536.0,0.00216,5,"2024-03-27","A",,
"7c32cb3a-b7a8-4f16-ae7e-e5157e018420","D02","POSE","POSE.AOS.S2","POSE.SS.20240326.FIL","A00000171209","2024-03-26T12:54Z","2024-03-26T12:54Z","Illinois State Water Survey Central Analytical Laboratory",234.0,0.06144,5,"2024-03-27","B",,
"e49d6c99-a0b5-4a7f-8574-5239fad6f059","D02","POSE","POSE.AOS.S2","POSE.SS.20240326.FIL","A00000171209","2024-03-26T12:54Z","2024-03-26T12:54Z","Illinois State Water Survey Central Analytical Laboratory",454.0,0.00422,5,"2024-03-27","B",,
"a8d6f852-0218-4c77-9539-689ef505ec5c","D02","POSE","POSE.AOS.S2","POSE.SS.20240326.FIL","A00000171209","2024-03-26T12:54Z","2024-03-26T12:54Z","Illinois State Water Survey Central Analytical Laboratory",588.0,0.00176,5,"2024-03-27","A",,
"952739db-04d1-4aef-8071-e53cfc0bd02d","D02","POSE","POSE.AOS.S2","POSE.SS.20240326.FIL","A00000171209","2024-03-26T12:54Z","2024-03-26T12:54Z","Illinois State Water Survey Central Analytical Laboratory",484.0,0.00306,5,"2024-03-27","A",,
"ac52811f-47f3-421f-9d9a-565a196abeb1","D02","POSE","POSE.AOS.S2","POSE.SS.20240326.FIL","A00000171209","2024-03-26T12:54Z","2024-03-26T12:54Z","Illinois State Water Survey Central Analytical Laboratory",556.0,0.00214,5,"2024-03-27","B",,
"80845f5f-93f1-4dc8-8481-46e7b145efad","D02","POSE","POSE.AOS.S2","POSE.SS.20240326.FIL","A00000171209","2024-03-26T12:54Z","2024-03-26T12:54Z","Illinois State Water Survey Central Analytical Laboratory",286.0,0.03122,5,"2024-03-27","A",,
"529e5416-5ab3-428b-b6c2-64ad6ab16fec","D02","POSE","POSE.AOS.S2","POSE.SS.20240326.FIL","A00000171209","2024-03-26T12:54Z","2024-03-26T12:54Z","Illinois State Water Survey Central Analytical Laboratory",598.0,0.00160,5,"2024-03-27","A",,
"ffde15e3-3a12-429b-ba87-71943663cf1e","D02","POSE","POSE.AOS.S2","POSE.SS.20240326.FIL","A00000171209","2024-03-26T12:54Z","2024-03-26T12:54Z","Illinois State Water Survey Central Analytical Laboratory",492.0,0.00288,5,"2024-03-27","A",,
"4d2a14d1-243b-4ef8-a0a2-1d8ffab4f824","D02","POSE","POSE.AOS.S2","POSE.SS.20240326.FIL","A00000171209","2024-03-26T12:54Z","2024-03-26T12:54Z","Illinois State Water Survey Central Analytical Laboratory",512.0,0.00246,5,"2024-03-27","A",,
"7fb1430d-5be3-414a-89cf-e1c5c0959e0b","D02","POSE","POSE.AOS.S2","POSE.SS.20240326.FIL","A00000171209","2024-03-26T12:54Z","2024-03-26T12:54Z","Illinois State Water Survey Central Analytical Laboratory",574.0,0.00176,5,"2024-03-27","A",,
"cec2f09b-ee48-4b38-852c-cd5bfc524a7d","D02","POSE","POSE.AOS.S2","POSE.SS.20240326.FIL","A00000171209","2024-03-26T12:54Z","2024-03-26T12:54Z","Illinois State Water Survey Central Analytical Laboratory",346.0,0.01440,5,"2024-03-27","A",,
"ab5dc259-0d21-49d7-9c5c-7d123b35cd4a","D02","POSE","POSE.AOS.S2","POSE.SS.20240326.FIL","A00000171209","2024-03-26T12:54Z","2024-03-26T12:54Z","Illinois State Water Survey Central Analytical Laboratory",524.0,0.00230,5,"2024-03-27","A",,
"cf5bcc5a-416f-4418-b920-6cde84967833","D02","POSE","POSE.AOS.S2","POSE.SS.20240326.FIL","A00000171209","2024-03-26T12:54Z","2024-03-26T12:54Z","Illinois State Water Survey Central Analytical Laboratory",330.0,0.01794,5,"2024-03-27","B",,
"a53deb45-5cc4-47c7-ad33-874e17af57aa","D02","POSE","POSE.AOS.S2","POSE.SS.20240326.FIL","A00000171209","2024-03-26T12:54Z","2024-03-26T12:54Z","Illinois State Water Survey Central Analytical Laboratory",368.0,0.01078,5,"2024-03-27","A",,
"aec1cc7b-ad50-433a-b492-8aa02b60c68e","D02","POSE","POSE.AOS.S2","POSE.SS.20240326.FIL","A00000171209","2024-03-26T12:54Z","2024-03-26T12:54Z","Illinois State Water Survey Central Analytical Laboratory",412.0,0.00592,5,"2024-03-27","A",,
"05a823b6-3a15-46a7-985d-788f17a95466","D02","POSE","POSE.AOS.S2","POSE.SS.20240326.FIL","A00000171209","2024-03-26T12:54Z","2024-03-26T12:54Z","Illinois State Water Survey Central Analytical Laboratory",278.0,0.03476,5,"2024-03-27","B",,
"a7ffdeb1-09f8-493c-903b-c7200efdb0e9","D02","POSE","POSE.AOS.S2","POSE.SS.20240326.FIL","A00000171209","2024-03-26T12:54Z","2024-03-26T12:54Z","Illinois State Water Survey Central Analytical Laboratory",428.0,0.00544,5,"2024-03-27","B",,
"69119da1-0529-413e-b063-8f675382b0fe","D02","POSE","POSE.AOS.S2","POSE.SS.20240326.FIL","A00000171209","2024-03-26T12:54Z","2024-03-26T12:54Z","Illinois State Water Survey Central Analytical Laboratory",512.0,0.00272,5,"2024-03-27","B",,
"7106e8d2-a3f9-4069-a117-fa56ffe37bfa","D02","POSE","POSE.AOS.S2","POSE.SS.20240326.FIL","A00000171209","2024-03-26T12:54Z","2024-03-26T12:54Z","Illinois State Water Survey Central Analytical Laboratory",458.0,0.00408,5,"2024-03-27","B",,
"2452ebf7-2cd8-4b95-8a1d-a477cfe96de7","D02","POSE","POSE.AOS.S2","POSE.SS.20240326.FIL","A00000171209","2024-03-26T12:54Z","2024-03-26T12:54Z","Illinois State Water Survey Central Analytical Laboratory",516.0,0.00272,5,"2024-03-27","B",,
"0421fce4-2b69-4c46-8b9b-3fde6eb113c6","D02","POSE","POSE.AOS.S2","POSE.SS.20240326.FIL","A00000171209","2024-03-26T12:54Z","2024-03-26T12:54Z","Illinois State Water Survey Central Analytical Laboratory",552.0,0.00224,5,"2024-03-27","B",,
"e24e6eef-8818-4fd6-a628-2dab3f5b3cd4","D02","POSE","POSE.AOS.S2","POSE.SS.20240326.FIL","A00000171209","2024-03-26T12:54Z","2024-03-26T12:54Z","Illinois State Water Survey Central Analytical Laboratory",394.0,0.00756,5,"2024-03-27","A",,
"dacfca15-cc97-4202-a58e-5f8daa1eb237","D02","POSE","POSE.AOS.S2","POSE.SS.20240326.FIL","A00000171209","2024-03-26T12:54Z","2024-03-26T12:54Z","Illinois State Water Survey Central Analytical Laboratory",316.0,0.02162,5,"2024-03-27","B",,
"0879fefb-1ad4-430e-a408-55e492fa7ce3","D02","POSE","POSE.AOS.S2","POSE.SS.20240326.FIL","A00000171209","2024-03-26T12:54Z","2024-03-26T12:54Z","Illinois State Water Survey Central Analytical Laboratory",522.0,0.00230,5,"2024-03-27","A",,
"e2ac99d1-4f98-41e2-b4ba-942a8ea695cd","D02","POSE","POSE.AOS.S2","POSE.SS.20240326.FIL","A00000171209","2024-03-26T12:54Z","2024-03-26T12:54Z","Illinois State Water Survey Central Analytical Laboratory",328.0,0.01846,5,"2024-03-27","B",,
"c974959e-a9c3-4461-a808-0e34e7366f88","D02","POSE","POSE.AOS.S2","POSE.SS.20240326.FIL","A00000171209","2024-03-26T12:54Z","2024-03-26T12:54Z","Illinois State Water Survey Central Analytical Laboratory",372.0,0.01066,5,"2024-03-27","B",,
"3a8d4f1b-f668-4bd7-a8f1-bf42d554bd5f","D02","POSE","POSE.AOS.S2","POSE.SS.20240326.FIL","A00000171209","2024-03-26T12:54Z","2024-03-26T12:54Z","Illinois State Water Survey Central Analytical Laboratory",288.0,0.03042,5,"2024-03-27","A",,
"18624238-0868-4ba4-91c7-da44439469f4","D02","POSE","POSE.AOS.S2","POSE.SS.20240326.FIL","A00000171209","2024-03-26T12:54Z","2024-03-26T12:54Z","Illinois State Water Survey Central Analytical Laboratory",442.0,0.00474,5,"2024-03-27","B",,
"e982a642-baf1-4576-a066-93c390fbf362","D02","POSE","POSE.AOS.S2","POSE.SS.20240326.FIL","A00000171209","2024-03-26T12:54Z","2024-03-26T12:54Z","Illinois State Water Survey Central Analytical Laboratory",370.0,0.01052,5,"2024-03-27","A",,
"e97487e1-cbc4-470b-a6e7-2e996b6f3f32","D02","POSE","POSE.AOS.S2","POSE.SS.20240326.FIL","A00000171209","2024-03-26T12:54Z","2024-03-26T12:54Z","Illinois State Water Survey Central Analytical Laboratory",592.0,0.00166,5,"2024-03-27","A",,
"f9046d62-5efa-4f6c-abc3-2a7f5fab44d7","D02","POSE","POSE.AOS.S2","POSE.SS.20240326.FIL","A00000171209","2024-03-26T12:54Z","2024-03-26T12:54Z","Illinois State Water Survey Central Analytical Laboratory",282.0,0.03322,5,"2024-03-27","B",,
"e085d0ef-e70e-41b6-9c9a-7993cb5bb614","D02","POSE","POSE.AOS.S2","POSE.SS.20240326.FIL","A00000171209","2024-03-26T12:54Z","2024-03-26T12:54Z","Illinois State Water Survey Central Analytical Laboratory",276.0,0.03550,5,"2024-03-27","B",,
"de4caffb-f69e-4564-b098-f676077840f0","D02","POSE","POSE.AOS.S2","POSE.SS.20240326.FIL","A00000171209","2024-03-26T12:54Z","2024-03-26T12:54Z","Illinois State Water Survey Central Analytical Laboratory",320.0,0.02056,5,"2024-03-27","B",,
"1923392d-8894-4590-8cd5-25850c347314","D02","POSE","POSE.AOS.S2","POSE.SS.20240326.FIL","A00000171209","2024-03-26T12:54Z","2024-03-26T12:54Z","Illinois State Water Survey Central Analytical Laboratory",468.0,0.00382,5,"2024-03-27","B",,
"99c284c8-5d52-4897-bdc4-4e2ccf51582d","D02","POSE","POSE.AOS.S2","POSE.SS.20240326.FIL","A00000171209","2024-03-26T12:54Z","2024-03-26T12:54Z","Illinois State Water Survey Central Analytical Laboratory",534.0,0.00214,5,"2024-03-27","A",,
"aa681a4f-2abe-41f1-a18e-1cdd72d89b82","D02","POSE","POSE.AOS.S2","POSE.SS.20240326.FIL","A00000171209","2024-03-26T12:54Z","2024-03-26T12:54Z","Illinois State Water Survey Central Analytical Laboratory",298.0,0.02674,5,"2024-03-27","A",,
"f07fa3a8-2db1-4824-ae83-451a83b84bb2","D02","POSE","POSE.AOS.S2","POSE.SS.20240326.FIL","A00000171209","2024-03-26T12:54Z","2024-03-26T12:54Z","Illinois State Water Survey Central Analytical Laboratory",314.0,0.02210,5,"2024-03-27","B",,
"4020248a-010d-4baf-ae68-7e76fb128439","D02","POSE","POSE.AOS.S2","POSE.SS.20240326.FIL","A00000171209","2024-03-26T12:54Z","2024-03-26T12:54Z","Illinois State Water Survey Central Analytical Laboratory",354.0,0.01334,5,"2024-03-27","B",,
"42be705f-fbed-43b4-bd63-a2f49e1fe9df","D02","POSE","POSE.AOS.S2","POSE.SS.20240326.FIL","A00000171209","2024-03-26T12:54Z","2024-03-26T12:54Z","Illinois State Water Survey Central Analytical Laboratory",318.0,0.02106,5,"2024-03-27","B",,
"63779e29-1a03-4577-a6b7-ecbf2b9a567a","D02","POSE","POSE.AOS.S2","POSE.SS.20240326.FIL","A00000171209","2024-03-26T12:54Z","2024-03-26T12:54Z","Illinois State Water Survey Central Analytical Laboratory",542.0,0.00208,5,"2024-03-27","A",,
"21e0d54d-c794-4e84-ae62-5e07a4a65a04","D02","POSE","POSE.AOS.S2","POSE.SS.20240326.FIL","A00000171209","2024-03-26T12:54Z","2024-03-26T12:54Z","Illinois State Water Survey Central Analytical Laboratory",446.0,0.00452,5,"2024-03-27","B",,
"157c6006-4542-4b3e-a019-c0941be5e87a","D02","POSE","POSE.AOS.S2","POSE.SS.20240326.FIL","A00000171209","2024-03-26T12:54Z","2024-03-26T12:54Z","Illinois State Water Survey Central Analytical Laboratory",508.0,0.00252,5,"2024-03-27","A",,
"29eecb4d-9e72-4f3a-b2b7-f40dfa5b41d9","D02","POSE","POSE.AOS.S2","POSE.SS.20240326.FIL","A00000171209","2024-03-26T12:54Z","2024-03-26T12:54Z","Illinois State Water Survey Central Analytical Laboratory",538.0,0.00236,5,"2024-03-27","B",,
"44f6dcc6-6bbe-4c36-9efb-40b8226cd5c8","D02","POSE","POSE.AOS.S2","POSE.SS.20240326.FIL","A00000171209","2024-03-26T12:54Z","2024-03-26T12:54Z","Illinois State Water Survey Central Analytical Laboratory",380.0,0.00916,5,"2024-03-27","A",,
"7cc0d732-1829-41d6-8c34-a8c15705c53d","D02","POSE","POSE.AOS.S2","POSE.SS.20240326.FIL","A00000171209","2024-03-26T12:54Z","2024-03-26T12:54Z","Illinois State Water Survey Central Analytical Laboratory",524.0,0.00254,5,"2024-03-27","B",,
"8ca3a79b-e224-4462-8505-70474c0ec6ed","D02","POSE","POSE.AOS.S2","POSE.SS.20240326.FIL","A00000171209","2024-03-26T12:54Z","2024-03-26T12:54Z","Illinois State Water Survey Central Analytical Laboratory",528.0,0.00250,5,"2024-03-27","B",,
"097de230-181b-46de-ba9d-7d2c27ef28dc","D02","POSE","POSE.AOS.S2","POSE.SS.20240326.FIL","A00000171209","2024-03-26T12:54Z","2024-03-26T12:54Z","Illinois State Water Survey Central Analytical Laboratory",418.0,0.00560,5,"2024-03-27","A",,
"3929f4af-ba4d-4380-9079-dd8418f254f6","D02","POSE","POSE.AOS.S2","POSE.SS.20240326.FIL","A00000171209","2024-03-26T12:54Z","2024-03-26T12:54Z","Illinois State Water Survey Central Analytical Laboratory",578.0,0.00176,5,"2024-03-27","A",,
"37363aea-691f-4135-b710-563c82493b1f","D02","POSE","POSE.AOS.S2","POSE.SS.20240326.FIL","A00000171209","2024-03-26T12:54Z","2024-03-26T12:54Z","Illinois State Water Survey Central Analytical Laboratory",242.0,0.04994,5,"2024-03-27","A",,
"6fe62097-384f-40bb-9677-218708325633","D02","POSE","POSE.AOS.S2","POSE.SS.20240326.FIL","A00000171209","2024-03-26T12:54Z","2024-03-26T12:54Z","Illinois State Water Survey Central Analytical Laboratory",236.0,0.05772,5,"2024-03-27","B",,
"56d0db8f-3f3d-4a74-8932-e71b14ac8459","D02","POSE","POSE.AOS.S2","POSE.SS.20240326.FIL","A00000171209","2024-03-26T12:54Z","2024-03-26T12:54Z","Illinois State Water Survey Central Analytical Laboratory",436.0,0.00498,5,"2024-03-27","B",,
"1690f55c-b702-46e8-9a38-088a8d31513c","D02","POSE","POSE.AOS.S2","POSE.SS.20240326.FIL","A00000171209","2024-03-26T12:54Z","2024-03-26T12:54Z","Illinois State Water Survey Central Analytical Laboratory",290.0,0.03000,5,"2024-03-27","B",,
"a17bd3d6-63cd-4a4c-a3cb-acfa4a86248a","D02","POSE","POSE.AOS.S2","POSE.SS.20240326.FIL","A00000171209","2024-03-26T12:54Z","2024-03-26T12:54Z","Illinois State Water Survey Central Analytical Laboratory",344.0,0.01504,5,"2024-03-27","B",,
"1d6995d4-5af3-4fc6-97b3-57e3bf9cb382","D02","POSE","POSE.AOS.S2","POSE.SS.20240326.FIL","A00000171209","2024-03-26T12:54Z","2024-03-26T12:54Z","Illinois State Water Survey Central Analytical Laboratory",260.0,0.04080,5,"2024-03-27","A",,
"26c257fe-5b56-4fc9-aeb1-8626252c33a7","D02","POSE","POSE.AOS.S2","POSE.SS.20240326.FIL","A00000171209","2024-03-26T12:54Z","2024-03-26T12:54Z","Illinois State Water Survey Central Analytical Laboratory",238.0,0.05426,5,"2024-03-27","A",,
"0770683f-4cb5-49d4-9065-e5609ebcb267","D02","POSE","POSE.AOS.S2","POSE.SS.20240326.FIL","A00000171209","2024-03-26T12:54Z","2024-03-26T12:54Z","Illinois State Water Survey Central Analytical Laboratory",350.0,0.01396,5,"2024-03-27","B",,
"ab52ae54-ccd3-421a-8f72-2e42bad61df2","D02","POSE","POSE.AOS.S2","POSE.SS.20240326.FIL","A00000171209","2024-03-26T12:54Z","2024-03-26T12:54Z","Illinois State Water Survey Central Analytical Laboratory",470.0,0.00376,5,"2024-03-27","B",,
"e21771b2-e458-4dea-ac4f-28650f8a8b35","D02","POSE","POSE.AOS.S2","POSE.SS.20240326.FIL","A00000171209","2024-03-26T12:54Z","2024-03-26T12:54Z","Illinois State Water Survey Central Analytical Laboratory",304.0,0.02512,5,"2024-03-27","B",,
"a7fa88a2-ce3a-46c4-a283-72f517a968d5","D02","POSE","POSE.AOS.S2","POSE.SS.20240326.FIL","A00000171209","2024-03-26T12:54Z","2024-03-26T12:54Z","Illinois State Water Survey Central Analytical Laboratory",426.0,0.00554,5,"2024-03-27","B",,
"a1f43032-9f5f-4ea7-ba56-dbf71c2d5054","D02","POSE","POSE.AOS.S2","POSE.SS.20240326.FIL","A00000171209","2024-03-26T12:54Z","2024-03-26T12:54Z","Illinois State Water Survey Central Analytical Laboratory",570.0,0.00184,5,"2024-03-27","A",,
"588ad487-1b33-49f7-a477-597206216b97","D02","POSE","POSE.AOS.S2","POSE.SS.20240326.FIL","A00000171209","2024-03-26T12:54Z","2024-03-26T12:54Z","Illinois State Water Survey Central Analytical Laboratory",532.0,0.00244,5,"2024-03-27","B",,
"4f16088b-12a9-4f86-9660-bab45662a53e","D02","POSE","POSE.AOS.S2","POSE.SS.20240326.FIL","A00000171209","2024-03-26T12:54Z","2024-03-26T12:54Z","Illinois State Water Survey Central Analytical Laboratory",372.0,0.01028,5,"2024-03-27","A",,
"12fc0734-b902-465c-b6dd-a376375f7f28","D02","POSE","POSE.AOS.S2","POSE.SS.20240326.FIL","A00000171209","2024-03-26T12:54Z","2024-03-26T12:54Z","Illinois State Water Survey Central Analytical Laboratory",268.0,0.03794,5,"2024-03-27","A",,
"49870e39-ad4f-49b3-919d-eb1267725c6e","D02","POSE","POSE.AOS.S2","POSE.SS.20240326.FIL","A00000171209","2024-03-26T12:54Z","2024-03-26T12:54Z","Illinois State Water Survey Central Analytical Laboratory",258.0,0.04198,5,"2024-03-27","B",,
"407d0b12-de1c-4b90-ab1a-0b2b2b1eeb89","D02","POSE","POSE.AOS.S2","POSE.SS.20240326.FIL","A00000171209","2024-03-26T12:54Z","2024-03-26T12:54Z","Illinois State Water Survey Central Analytical Laboratory",548.0,0.00198,5,"2024-03-27","A",,
"e686a01d-0dfe-4e0a-bb08-9636daab567e","D02","POSE","POSE.AOS.S2","POSE.SS.20240326.FIL","A00000171209","2024-03-26T12:54Z","2024-03-26T12:54Z","Illinois State Water Survey Central Analytical Laboratory",232.0,0.06584,5,"2024-03-27","A",,
"7151a00e-b981-40ee-aa46-21332474a0bb","D02","POSE","POSE.AOS.S2","POSE.SS.20240326.FIL","A00000171209","2024-03-26T12:54Z","2024-03-26T12:54Z","Illinois State Water Survey Central Analytical Laboratory",382.0,0.00888,5,"2024-03-27","A",,
"15b62431-61e5-4868-9fb4-06cc76d80a4b","D02","POSE","POSE.AOS.S2","POSE.SS.20240326.FIL","A00000171209","2024-03-26T12:54Z","2024-03-26T12:54Z","Illinois State Water Survey Central Analytical Laboratory",472.0,0.00370,5,"2024-03-27","B",,
"bd437fe4-4ca2-4b48-9630-ee02445050ac","D02","POSE","POSE.AOS.S2","POSE.SS.20240326.FIL","A00000171209","2024-03-26T12:54Z","2024-03-26T12:54Z","Illinois State Water Survey Central Analytical Laboratory",302.0,0.02542,5,"2024-03-27","A",,
"5379a1fa-8017-48c3-aab3-95ea1e8d8507","D02","POSE","POSE.AOS.S2","POSE.SS.20240326.FIL","A00000171209","2024-03-26T12:54Z","2024-03-26T12:54Z","Illinois State Water Survey Central Analytical Laboratory",280.0,0.03354,5,"2024-03-27","A",,
"40879f23-71e3-462a-97bf-58f95dedf7cc","D02","POSE","POSE.AOS.S2","POSE.SS.20240326.FIL","A00000171209","2024-03-26T12:54Z","2024-03-26T12:54Z","Illinois State Water Survey Central Analytical Laboratory",324.0,0.01948,5,"2024-03-27","B",,
"7de4e067-0d8a-4707-85ba-7b9481abed70","D02","POSE","POSE.AOS.S2","POSE.SS.20240326.FIL","A00000171209","2024-03-26T12:54Z","2024-03-26T12:54Z","Illinois State Water Survey Central Analytical Laboratory",268.0,0.03844,5,"2024-03-27","B",,
"ed6e220c-9045-40e2-9e8f-5891db2bbb5f","D02","POSE","POSE.AOS.S2","POSE.SS.20240326.FIL","A00000171209","2024-03-26T12:54Z","2024-03-26T12:54Z","Illinois State Water Survey Central Analytical Laboratory",324.0,0.01920,5,"2024-03-27","A",,
"153acd91-ebb6-467e-9dbd-06b5d5d98612","D02","POSE","POSE.AOS.S2","POSE.SS.20240326.FIL","A00000171209","2024-03-26T12:54Z","2024-03-26T12:54Z","Illinois State Water Survey Central Analytical Laboratory",344.0,0.01474,5,"2024-03-27","A",,
"e94a2817-f014-4922-b3fb-8c138b21d4b1","D02","POSE","POSE.AOS.S2","POSE.SS.20240326.FIL","A00000171209","2024-03-26T12:54Z","2024-03-26T12:54Z","Illinois State Water Survey Central Analytical Laboratory",562.0,0.00204,5,"2024-03-27","B",,
"3a6e418c-c614-4e81-b4c6-9524b20c6067","D02","POSE","POSE.AOS.S2","POSE.SS.20240326.FIL","A00000171209","2024-03-26T12:54Z","2024-03-26T12:54Z","Illinois State Water Survey Central Analytical Laboratory",292.0,0.02926,5,"2024-03-27","B",,
"639bfda1-e0eb-4bf2-a19d-ed1214003f1a","D02","POSE","POSE.AOS.S2","POSE.SS.20240326.FIL","A00000171209","2024-03-26T12:54Z","2024-03-26T12:54Z","Illinois State Water Survey Central Analytical Laboratory",264.0,0.03934,5,"2024-03-27","A",,
"eaf422ed-0130-459c-af67-6e547e61e69b","D02","POSE","POSE.AOS.S2","POSE.SS.20240326.FIL","A00000171209","2024-03-26T12:54Z","2024-03-26T12:54Z","Illinois State Water Survey Central Analytical Laboratory",402.0,0.00720,5,"2024-03-27","B",,
"1836fc19-1240-4587-afb4-134a8360a2f5","D02","POSE","POSE.AOS.S2","POSE.SS.20240326.FIL","A00000171209","2024-03-26T12:54Z","2024-03-26T12:54Z","Illinois State Water Survey Central Analytical Laboratory",246.0,0.04694,5,"2024-03-27","A",,
"22ea74c3-f433-46e8-9f7d-125543a8eed9","D02","POSE","POSE.AOS.S2","POSE.SS.20240326.FIL","A00000171209","2024-03-26T12:54Z","2024-03-26T12:54Z","Illinois State Water Survey Central Analytical Laboratory",584.0,0.00194,5,"2024-03-27","B",,
"203e5864-9a7e-4c17-8cf7-c09896542ee0","D02","POSE","POSE.AOS.S2","POSE.SS.20240326.FIL","A00000171209","2024-03-26T12:54Z","2024-03-26T12:54Z","Illinois State Water Survey Central Analytical Laboratory",364.0,0.01178,5,"2024-03-27","B",,
"bfed12ee-9f9a-4526-b60d-4d5ff10aff04","D02","POSE","POSE.AOS.S2","POSE.SS.20240326.FIL","A00000171209","2024-03-26T12:54Z","2024-03-26T12:54Z","Illinois State Water Survey Central Analytical Laboratory",240.0,0.05190,5,"2024-03-27","A",,
"882b2469-4150-4fbf-9da5-e3791c6b62f0","D02","POSE","POSE.AOS.S2","POSE.SS.20240326.FIL","A00000171209","2024-03-26T12:54Z","2024-03-26T12:54Z","Illinois State Water Survey Central Analytical Laboratory",262.0,0.04056,5,"2024-03-27","B",,
"9387dc5d-7f7c-46bf-baee-7de765b27525","D02","POSE","POSE.AOS.S2","POSE.SS.20240326.FIL","A00000171209","2024-03-26T12:54Z","2024-03-26T12:54Z","Illinois State Water Survey Central Analytical Laboratory",386.0,0.00880,5,"2024-03-27","B",,
"d3ac24e4-3695-4d27-98d5-9a78083d4bba","D02","POSE","POSE.AOS.S2","POSE.SS.20240326.FIL","A00000171209","2024-03-26T12:54Z","2024-03-26T12:54Z","Illinois State Water Survey Central Analytical Laboratory",248.0,0.04644,5,"2024-03-27","B",,
"53f2b8e7-1ef4-4d48-88e2-604375120910","D02","POSE","POSE.AOS.S2","POSE.SS.20240326.FIL","A00000171209","2024-03-26T12:54Z","2024-03-26T12:54Z","Illinois State Water Survey Central Analytical Laboratory",338.0,0.01590,5,"2024-03-27","A",,
"1e5734d0-1c7e-4676-9d7c-a8376c783c01","D02","POSE","POSE.AOS.S2","POSE.SS.20240326.FIL","A00000171209","2024-03-26T12:54Z","2024-03-26T12:54Z","Illinois State Water Survey Central Analytical Laboratory",546.0,0.00194,5,"2024-03-27","A",,
"3b38e498-7cbc-48c3-b222-58136683b268","D02","POSE","POSE.AOS.S2","POSE.SS.20240326.FIL","A00000171209","2024-03-26T12:54Z","2024-03-26T12:54Z","Illinois State Water Survey Central Analytical Laboratory",564.0,0.00186,5,"2024-03-27","A",,
"12ca3c52-242f-4d50-8022-ed21d25fb700","D02","POSE","POSE.AOS.S2","POSE.SS.20240326.FIL","A00000171209","2024-03-26T12:54Z","2024-03-26T12:54Z","Illinois State Water Survey Central Analytical Laboratory",374.0,0.01028,5,"2024-03-27","B",,
"7f1e4773-4d70-49e8-a78a-4ae16ab0534f","D02","POSE","POSE.AOS.S2","POSE.SS.20240326.FIL","A00000171209","2024-03-26T12:54Z","2024-03-26T12:54Z","Illinois State Water Survey Central Analytical Laboratory",366.0,0.01110,5,"2024-03-27","A",,
"4d1b1ecf-5498-4420-a135-1d42a6f1cceb","D02","POSE","POSE.AOS.S2","POSE.SS.20240326.FIL","A00000171209","2024-03-26T12:54Z","2024-03-26T12:54Z","Illinois State Water Survey Central Analytical Laboratory",406.0,0.00646,5,"2024-03-27","A",,
"7b64d898-b9a1-4ce6-b23d-125060f4a5c4","D02","POSE","POSE.AOS.S2","POSE.SS.20240326.FIL","A00000171209","2024-03-26T12:54Z","2024-03-26T12:54Z","Illinois State Water Survey Central Analytical Laboratory",348.0,0.01432,5,"2024-03-27","B",,
"4b69f861-9fd0-47f2-bec5-159f1467db5a","D02","POSE","POSE.AOS.S2","POSE.SS.20240326.FIL","A00000171209","2024-03-26T12:54Z","2024-03-26T12:54Z","Illinois State Water Survey Central Analytical Laboratory",438.0,0.00488,5,"2024-03-27","B",,
"8a4e98b9-1ef4-4014-b6aa-9c45dd5690eb","D02","POSE","POSE.AOS.S2","POSE.SS.20240326.FIL","A00000171209","2024-03-26T12:54Z","2024-03-26T12:54Z","Illinois State Water Survey Central Analytical Laboratory",248.0,0.04592,5,"2024-03-27","A",,
"f80665e8-2554-41a1-ab10-b9dc646ba6ad","D02","POSE","POSE.AOS.S2","POSE.SS.20240326.FIL","A00000171209","2024-03-26T12:54Z","2024-03-26T12:54Z","Illinois State Water Survey Central Analytical Laboratory",400.0,0.00734,5,"2024-03-27","B",,
"0210e0ad-1b7a-44ed-8eac-d9c6c2d75257","D02","POSE","POSE.AOS.S2","POSE.SS.20240326.FIL","A00000171209","2024-03-26T12:54Z","2024-03-26T12:54Z","Illinois State Water Survey Central Analytical Laboratory",526.0,0.00254,5,"2024-03-27","B",,
"a75816ad-19de-4779-bcf1-38a03ea322cb","D02","POSE","POSE.AOS.S2","POSE.SS.20240326.FIL","A00000171209","2024-03-26T12:54Z","2024-03-26T12:54Z","Illinois State Water Survey Central Analytical Laboratory",510.0,0.00250,5,"2024-03-27","A",,
"c2584717-5f7f-432f-917f-a363125a3433","D02","POSE","POSE.AOS.S2","POSE.SS.20240326.FIL","A00000171209","2024-03-26T12:54Z","2024-03-26T12:54Z","Illinois State Water Survey Central Analytical Laboratory",232.0,0.06648,5,"2024-03-27","B",,
"3c7d4177-d13b-462c-b816-6a874381d44f","D02","POSE","POSE.AOS.S2","POSE.SS.20240326.FIL","A00000171209","2024-03-26T12:54Z","2024-03-26T12:54Z","Illinois State Water Survey Central Analytical Laboratory",466.0,0.00336,5,"2024-03-27","A",,
"c78fa4de-c7d9-4352-879c-79b738262c34","D02","POSE","POSE.AOS.S2","POSE.SS.20240326.FIL","A00000171209","2024-03-26T12:54Z","2024-03-26T12:54Z","Illinois State Water Survey Central Analytical Laboratory",466.0,0.00384,5,"2024-03-27","B",,
"0d1445e9-f56b-432b-824a-d3f4de535e80","D02","POSE","POSE.AOS.S2","POSE.SS.20240326.FIL","A00000171209","2024-03-26T12:54Z","2024-03-26T12:54Z","Illinois State Water Survey Central Analytical Laboratory",336.0,0.01634,5,"2024-03-27","A",,
"d10c6863-e98a-491c-8335-10bc2d234588","D02","POSE","POSE.AOS.S2","POSE.SS.20240326.FIL","A00000171209","2024-03-26T12:54Z","2024-03-26T12:54Z","Illinois State Water Survey Central Analytical Laboratory",306.0,0.02450,5,"2024-03-27","B",,
"57a8da5e-d8c0-4ce9-9f8b-c238d537eac1","D02","POSE","POSE.AOS.S2","POSE.SS.20240326.FIL","A00000171209","2024-03-26T12:54Z","2024-03-26T12:54Z","Illinois State Water Survey Central Analytical Laboratory",544.0,0.00204,5,"2024-03-27","A",,
"6f55b7db-63b9-41cc-a5c2-aaf24199d2f4","D02","POSE","POSE.AOS.S2","POSE.SS.20240326.FIL","A00000171209","2024-03-26T12:54Z","2024-03-26T12:54Z","Illinois State Water Survey Central Analytical Laboratory",518.0,0.00238,5,"2024-03-27","A",,
"a30e0651-6450-4b6b-87be-177cac56ce33","D02","POSE","POSE.AOS.S2","POSE.SS.20240326.FIL","A00000171209","2024-03-26T12:54Z","2024-03-26T12:54Z","Illinois State Water Survey Central Analytical Laboratory",330.0,0.01764,5,"2024-03-27","A",,
"73aaf48f-0a27-4967-aa54-679f55b3efb2","D02","POSE","POSE.AOS.S2","POSE.SS.20240326.FIL","A00000171209","2024-03-26T12:54Z","2024-03-26T12:54Z","Illinois State Water Survey Central Analytical Laboratory",504.0,0.00286,5,"2024-03-27","B",,
"967a2100-e5e7-4537-8ed2-2f35215ad3de","D02","POSE","POSE.AOS.S2","POSE.SS.20240326.FIL","A00000171209","2024-03-26T12:54Z","2024-03-26T12:54Z","Illinois State Water Survey Central Analytical Laboratory",334.0,0.01708,5,"2024-03-27","B",,
"c8f909f9-db7f-42e9-8d67-8d3acdd7d6c1","D02","POSE","POSE.AOS.S2","POSE.SS.20240326.FIL","A00000171209","2024-03-26T12:54Z","2024-03-26T12:54Z","Illinois State Water Survey Central Analytical Laboratory",326.0,0.01894,5,"2024-03-27","B",,
"e2cb347f-f43b-4d98-91cc-dd84b59e0488","D02","POSE","POSE.AOS.S2","POSE.SS.20240326.FIL","A00000171209","2024-03-26T12:54Z","2024-03-26T12:54Z","Illinois State Water Survey Central Analytical Laboratory",590.0,0.00168,5,"2024-03-27","A",,
"e5099cb9-b316-49b6-acdc-ef88a1c9b7c1","D02","POSE","POSE.AOS.S2","POSE.SS.20240326.FIL","A00000171209","2024-03-26T12:54Z","2024-03-26T12:54Z","Illinois State Water Survey Central Analytical Laboratory",350.0,0.01366,5,"2024-03-27","A",,
"bff4945c-494c-456b-b5c5-073ba7cdac9e","D02","POSE","POSE.AOS.S2","POSE.SS.20240326.FIL","A00000171209","2024-03-26T12:54Z","2024-03-26T12:54Z","Illinois State Water Survey Central Analytical Laboratory",442.0,0.00432,5,"2024-03-27","A",,
"c678e740-4e4f-44ca-be2e-7d7e90f07813","D02","POSE","POSE.AOS.S2","POSE.SS.20240326.FIL","A00000171209","2024-03-26T12:54Z","2024-03-26T12:54Z","Illinois State Water Survey Central Analytical Laboratory",394.0,0.00792,5,"2024-03-27","B",,
"a888cb7e-b92b-4c87-af46-69d521bf0c59","D02","POSE","POSE.AOS.S2","POSE.SS.20240326.FIL","A00000171209","2024-03-26T12:54Z","2024-03-26T12:54Z","Illinois State Water Survey Central Analytical Laboratory",256.0,0.04282,5,"2024-03-27","B",,
"97f813cd-5292-4c80-99fd-500c29e73f71","D02","POSE","POSE.AOS.S2","POSE.SS.20240326.FIL","A00000171209","2024-03-26T12:54Z","2024-03-26T12:54Z","Illinois State Water Survey Central Analytical Laboratory",550.0,0.00200,5,"2024-03-27","A",,
"74889dea-ae6d-4fd4-869e-7b837834b73f","D02","POSE","POSE.AOS.S2","POSE.SS.20240326.FIL","A00000171209","2024-03-26T12:54Z","2024-03-26T12:54Z","Illinois State Water Survey Central Analytical Laboratory",582.0,0.00188,5,"2024-03-27","B",,
"45c094da-b898-4d36-af52-184448a66832","D02","POSE","POSE.AOS.S2","POSE.SS.20240326.FIL","A00000171209","2024-03-26T12:54Z","2024-03-26T12:54Z","Illinois State Water Survey Central Analytical Laboratory",446.0,0.00408,5,"2024-03-27","A",,
"76ca633c-2a8a-4789-8023-1d5cedfe9810","D02","POSE","POSE.AOS.S2","POSE.SS.20240326.FIL","A00000171209","2024-03-26T12:54Z","2024-03-26T12:54Z","Illinois State Water Survey Central Analytical Laboratory",416.0,0.00612,5,"2024-03-27","B",,
"d62b8c1d-bbd7-434f-b156-5ec95e195a6d","D02","POSE","POSE.AOS.S2","POSE.SS.20240326.FIL","A00000171209","2024-03-26T12:54Z","2024-03-26T12:54Z","Illinois State Water Survey Central Analytical Laboratory",426.0,0.00510,5,"2024-03-27","A",,
"3031cc4a-8714-4e32-80e8-e08a6dd2dedd","D02","POSE","POSE.AOS.S2","POSE.SS.20240326.FIL","A00000171209","2024-03-26T12:54Z","2024-03-26T12:54Z","Illinois State Water Survey Central Analytical Laboratory",404.0,0.00706,5,"2024-03-27","B",,
"32609f3e-8735-409e-8043-e24a57e34fab","D02","POSE","POSE.AOS.S2","POSE.SS.20240326.FIL","A00000171209","2024-03-26T12:54Z","2024-03-26T12:54Z","Illinois State Water Survey Central Analytical Laboratory",342.0,0.01512,5,"2024-03-27","A",,
"4ff62595-fa69-42a6-9b48-646cd2120d85","D02","POSE","POSE.AOS.S2","POSE.SS.20240326.FIL","A00000171209","2024-03-26T12:54Z","2024-03-26T12:54Z","Illinois State Water Survey Central Analytical Laboratory",536.0,0.00238,5,"2024-03-27","B",,
"2252b8ca-049b-4e2b-815c-446b0e9cab11","D02","POSE","POSE.AOS.S2","POSE.SS.20240326.FIL","A00000171209","2024-03-26T12:54Z","2024-03-26T12:54Z","Illinois State Water Survey Central Analytical Laboratory",452.0,0.00432,5,"2024-03-27","B",,
"697c5b3f-478f-49cf-8dfc-636bc93f1e6f","D02","POSE","POSE.AOS.S2","POSE.SS.20240326.FIL","A00000171209","2024-03-26T12:54Z","2024-03-26T12:54Z","Illinois State Water Survey Central Analytical Laboratory",340.0,0.01552,5,"2024-03-27","A",,
"530973a7-5733-4da6-ac78-91887c530778","D02","POSE","POSE.AOS.S2","POSE.SS.20240326.FIL","A00000171209","2024-03-26T12:54Z","2024-03-26T12:54Z","Illinois State Water Survey Central Analytical Laboratory",482.0,0.00304,5,"2024-03-27","A",,
"d9a6739a-ea20-4f11-83a2-8d855d581ce9","D02","POSE","POSE.AOS.S2","POSE.SS.20240326.FIL","A00000171209","2024-03-26T12:54Z","2024-03-26T12:54Z","Illinois State Water Survey Central Analytical Laboratory",458.0,0.00362,5,"2024-03-27","A",,
"2d46b3c8-b9e0-4ccf-9862-bd421941ce58","D02","POSE","POSE.AOS.S2","POSE.SS.20240326.FIL","A00000171209","2024-03-26T12:54Z","2024-03-26T12:54Z","Illinois State Water Survey Central Analytical Laboratory",392.0,0.00816,5,"2024-03-27","B",,
"6d99db34-2c59-4369-99ce-82a13bf28dce","D02","POSE","POSE.AOS.S2","POSE.SS.20240326.FIL","A00000171209","2024-03-26T12:54Z","2024-03-26T12:54Z","Illinois State Water Survey Central Analytical Laboratory",300.0,0.02640,5,"2024-03-27","B",,
"7fa00320-17a0-410f-b939-521f70874f35","D02","POSE","POSE.AOS.S2","POSE.SS.20240326.FIL","A00000171209","2024-03-26T12:54Z","2024-03-26T12:54Z","Illinois State Water Survey Central Analytical Laboratory",422.0,0.00578,5,"2024-03-27","B",,
"5a6cdbdb-9f7e-4457-a6aa-445fb346f92e","D02","POSE","POSE.AOS.S2","POSE.SS.20240326.FIL","A00000171209","2024-03-26T12:54Z","2024-03-26T12:54Z","Illinois State Water Survey Central Analytical Laboratory",488.0,0.00292,5,"2024-03-27","A",,
"2a66c38d-fc42-4714-8647-2cae8632f67d","D02","POSE","POSE.AOS.S2","POSE.SS.20240326.FIL","A00000171209","2024-03-26T12:54Z","2024-03-26T12:54Z","Illinois State Water Survey Central Analytical Laboratory",474.0,0.00318,5,"2024-03-27","A",,
"ce7bf9bd-e035-434d-8c21-3318d93c4042","D02","POSE","POSE.AOS.S2","POSE.SS.20240326.FIL","A00000171209","2024-03-26T12:54Z","2024-03-26T12:54Z","Illinois State Water Survey Central Analytical Laboratory",256.0,0.04232,5,"2024-03-27","A",,
"cbfaa79a-3f74-482e-b6c3-ef4df8d4779e","D02","POSE","POSE.AOS.S2","POSE.SS.20240326.FIL","A00000171209","2024-03-26T12:54Z","2024-03-26T12:54Z","Illinois State Water Survey Central Analytical Laboratory",494.0,0.00310,5,"2024-03-27","B",,
"1fc2f49c-93a8-4755-9df6-05f90d0e88f5","D02","POSE","POSE.AOS.S2","POSE.SS.20240326.FIL","A00000171209","2024-03-26T12:54Z","2024-03-26T12:54Z","Illinois State Water Survey Central Analytical Laboratory",390.0,0.00832,5,"2024-03-27","B",,
"4411ed93-e1a5-414f-a11b-91ea9da2472d","D02","POSE","POSE.AOS.S2","POSE.SS.20240326.FIL","A00000171209","2024-03-26T12:54Z","2024-03-26T12:54Z","Illinois State Water Survey Central Analytical Laboratory",310.0,0.02328,5,"2024-03-27","B",,
"abc78c4c-ca02-487a-b66b-a140b7823cf9","D02","POSE","POSE.AOS.S2","POSE.SS.20240326.FIL","A00000171209","2024-03-26T12:54Z","2024-03-26T12:54Z","Illinois State Water Survey Central Analytical Laboratory",226.0,0.08842,5,"2024-03-27","B",,
"72f69572-7b17-4c10-a3e7-def6a4df87d9","D02","POSE","POSE.AOS.S2","POSE.SS.20240326.FIL","A00000171209","2024-03-26T12:54Z","2024-03-26T12:54Z","Illinois State Water Survey Central Analytical Laboratory",278.0,0.03430,5,"2024-03-27","A",,
"c1c14758-b982-43a1-858a-0cf29489d528","D02","POSE","POSE.AOS.S2","POSE.SS.20240326.FIL","A00000171209","2024-03-26T12:54Z","2024-03-26T12:54Z","Illinois State Water Survey Central Analytical Laboratory",326.0,0.01866,5,"2024-03-27","A",,
"4b13b235-fa6c-49a2-a29e-44d78c9c7304","D02","POSE","POSE.AOS.S2","POSE.SS.20240326.FIL","A00000171209","2024-03-26T12:54Z","2024-03-26T12:54Z","Illinois State Water Survey Central Analytical Laboratory",282.0,0.03276,5,"2024-03-27","A",,
"1c1c548c-d917-47fd-a2cc-2c318ec14283","D02","POSE","POSE.AOS.S2","POSE.SS.20240326.FIL","A00000171209","2024-03-26T12:54Z","2024-03-26T12:54Z","Illinois State Water Survey Central Analytical Laboratory",222.0,0.11266,5,"2024-03-27","A",,
"2b543593-1cc8-48e6-96bc-24ded6357096","D02","POSE","POSE.AOS.S2","POSE.SS.20240326.FIL","A00000171209","2024-03-26T12:54Z","2024-03-26T12:54Z","Illinois State Water Survey Central Analytical Laboratory",444.0,0.00466,5,"2024-03-27","B",,
"14eafe7b-c66b-4410-8b05-79958aa65aed","D02","POSE","POSE.AOS.S2","POSE.SS.20240326.FIL","A00000171209","2024-03-26T12:54Z","2024-03-26T12:54Z","Illinois State Water Survey Central Analytical Laboratory",490.0,0.00284,5,"2024-03-27","A",,
"109af150-de30-4d7b-ab02-5fdaec94f667","D02","POSE","POSE.AOS.S2","POSE.SS.20240326.FIL","A00000171209","2024-03-26T12:54Z","2024-03-26T12:54Z","Illinois State Water Survey Central Analytical Laboratory",600.0,0.00174,5,"2024-03-27","A",,
"ec073812-e22c-4c63-9e27-3adf65e4f6e1","D02","POSE","POSE.AOS.S2","POSE.SS.20240326.FIL","A00000171209","2024-03-26T12:54Z","2024-03-26T12:54Z","Illinois State Water Survey Central Analytical Laboratory",506.0,0.00282,5,"2024-03-27","B",,
"10c4260d-78d5-47de-8959-de15d7e3b354","D02","POSE","POSE.AOS.S2","POSE.SS.20240326.FIL","A00000171209","2024-03-26T12:54Z","2024-03-26T12:54Z","Illinois State Water Survey Central Analytical Laboratory",308.0,0.02386,5,"2024-03-27","B",,
"19e5f6f3-2df7-4f5a-9e6e-56c46ac257cf","D02","POSE","POSE.AOS.S2","POSE.SS.20240326.FIL","A00000171209","2024-03-26T12:54Z","2024-03-26T12:54Z","Illinois State Water Survey Central Analytical Laboratory",540.0,0.00208,5,"2024-03-27","A",,
"66dbbe56-66cb-4a65-ae58-414521580244","D02","POSE","POSE.AOS.S2","POSE.SS.20240326.FIL","A00000171209","2024-03-26T12:54Z","2024-03-26T12:54Z","Illinois State Water Survey Central Analytical Laboratory",482.0,0.00350,5,"2024-03-27","B",,
"1ac961d0-f164-4dd5-8622-261b856927bf","D02","POSE","POSE.AOS.S2","POSE.SS.20240326.FIL","A00000171209","2024-03-26T12:54Z","2024-03-26T12:54Z","Illinois State Water Survey Central Analytical Laboratory",244.0,0.04910,5,"2024-03-27","B",,
"329539d1-aae5-4105-b046-1baef7923696","D02","POSE","POSE.AOS.S2","POSE.SS.20240326.FIL","A00000171209","2024-03-26T12:54Z","2024-03-26T12:54Z","Illinois State Water Survey Central Analytical Laboratory",374.0,0.00990,5,"2024-03-27","A",,
"874d1b5b-4426-48a7-b5f9-6c59016cf069","D02","POSE","POSE.AOS.S2","POSE.SS.20240326.FIL","A00000171209","2024-03-26T12:54Z","2024-03-26T12:54Z","Illinois State Water Survey Central Analytical Laboratory",498.0,0.00274,5,"2024-03-27","A",,
"8c3f0ef3-4b84-4c5c-b5cf-105fe37ed041","D02","POSE","POSE.AOS.S2","POSE.SS.20240326.FIL","A00000171209","2024-03-26T12:54Z","2024-03-26T12:54Z","Illinois State Water Survey Central Analytical Laboratory",560.0,0.00188,5,"2024-03-27","A",,
"aaf4782b-0d7a-4b70-8795-bb0f4057ad39","D02","POSE","POSE.AOS.S2","POSE.SS.20240326.FIL","A00000171209","2024-03-26T12:54Z","2024-03-26T12:54Z","Illinois State Water Survey Central Analytical Laboratory",272.0,0.03700,5,"2024-03-27","B",,
"c4e6d214-17ca-4d06-92c7-e157a59b0109","D02","POSE","POSE.AOS.S2","POSE.SS.20240326.FIL","A00000171209","2024-03-26T12:54Z","2024-03-26T12:54Z","Illinois State Water Survey Central Analytical Laboratory",368.0,0.01116,5,"2024-03-27","B",,
"b9d1c90f-426c-4b12-8f8b-c4a17526ebd1","D02","POSE","POSE.AOS.S2","POSE.SS.20240326.FIL","A00000171209","2024-03-26T12:54Z","2024-03-26T12:54Z","Illinois State Water Survey Central Analytical Laboratory",520.0,0.00234,5,"2024-03-27","A",,
"84b7d4f5-b600-4f59-a8b6-ea35025a397e","D02","POSE","POSE.AOS.S2","POSE.SS.20240326.FIL","A00000171209","2024-03-26T12:54Z","2024-03-26T12:54Z","Illinois State Water Survey Central Analytical Laboratory",538.0,0.00210,5,"2024-03-27","A",,
"93535ad5-2d69-4724-a775-16bb6ea97501","D02","POSE","POSE.AOS.S2","POSE.SS.20240326.FIL","A00000171209","2024-03-26T12:54Z","2024-03-26T12:54Z","Illinois State Water Survey Central Analytical Laboratory",400.0,0.00696,5,"2024-03-27","A",,
"b8bd03d6-9c6d-41bc-aeef-ca6b479f1f35","D02","POSE","POSE.AOS.S2","POSE.SS.20240326.FIL","A00000171209","2024-03-26T12:54Z","2024-03-26T12:54Z","Illinois State Water Survey Central Analytical Laboratory",310.0,0.02294,5,"2024-03-27","A",,
"672931cd-60e6-4895-bbc9-a5a326eb8b1c","D02","POSE","POSE.AOS.S2","POSE.SS.20240326.FIL","A00000171209","2024-03-26T12:54Z","2024-03-26T12:54Z","Illinois State Water Survey Central Analytical Laboratory",272.0,0.03652,5,"2024-03-27","A",,
"8ff600dc-448c-4fb7-a422-ad78ebb43eba","D02","POSE","POSE.AOS.S2","POSE.SS.20240326.FIL","A00000171209","2024-03-26T12:54Z","2024-03-26T12:54Z","Illinois State Water Survey Central Analytical Laboratory",526.0,0.00226,5,"2024-03-27","A",,
"1baf67bf-a236-45f8-9d91-5341ce9a6026","D02","POSE","POSE.AOS.S2","POSE.SS.20240326.FIL","A00000171209","2024-03-26T12:54Z","2024-03-26T12:54Z","Illinois State Water Survey Central Analytical Laboratory",582.0,0.00172,5,"2024-03-27","A",,
"8c12f4c5-a9cf-4534-9537-e31b7b3b7f26","D02","POSE","POSE.AOS.S2","POSE.SS.20240326.FIL","A00000171209","2024-03-26T12:54Z","2024-03-26T12:54Z","Illinois State Water Survey Central Analytical Laboratory",266.0,0.03858,5,"2024-03-27","A",,
"e7a0544e-e53f-4570-86da-1471febbbb1e","D02","POSE","POSE.AOS.S2","POSE.SS.20240326.FIL","A00000171209","2024-03-26T12:54Z","2024-03-26T12:54Z","Illinois State Water Survey Central Analytical Laboratory",358.0,0.01268,5,"2024-03-27","B",,
"4d52af43-88f1-484f-8cff-ead6d13947bb","D02","POSE","POSE.AOS.S2","POSE.SS.20240326.FIL","A00000171209","2024-03-26T12:54Z","2024-03-26T12:54Z","Illinois State Water Survey Central Analytical Laboratory",564.0,0.00208,5,"2024-03-27","B",,
"863bbc0e-7133-4af0-b7dd-a0ba6209b6e6","D02","POSE","POSE.AOS.S2","POSE.SS.20240326.FIL","A00000171209","2024-03-26T12:54Z","2024-03-26T12:54Z","Illinois State Water Survey Central Analytical Laboratory",414.0,0.00620,5,"2024-03-27","B",,
"e13d9da9-39e7-4ad2-ad8f-42b6cdfd77eb","D02","POSE","POSE.AOS.S2","POSE.SS.20240326.FIL","A00000171209","2024-03-26T12:54Z","2024-03-26T12:54Z","Illinois State Water Survey Central Analytical Laboratory",246.0,0.04748,5,"2024-03-27","B",,
"586bc772-39a8-4f5a-aeef-11a19a7362b8","D02","POSE","POSE.AOS.S2","POSE.SS.20240326.FIL","A00000171209","2024-03-26T12:54Z","2024-03-26T12:54Z","Illinois State Water Survey Central Analytical Laboratory",334.0,0.01678,5,"2024-03-27","A",,
"609e82b3-15ce-453f-9564-a3b7a18ac5e3","D02","POSE","POSE.AOS.S2","POSE.SS.20240326.FIL","A00000171209","2024-03-26T12:54Z","2024-03-26T12:54Z","Illinois State Water Survey Central Analytical Laboratory",410.0,0.00652,5,"2024-03-27","B",,
"327e0f39-e7ca-4d89-a465-3fea955099cd","D02","POSE","POSE.AOS.S2","POSE.SS.20240326.FIL","A00000171209","2024-03-26T12:54Z","2024-03-26T12:54Z","Illinois State Water Survey Central Analytical Laboratory",416.0,0.00568,5,"2024-03-27","A",,
"09870a2a-ca86-4b89-8621-c47de52ffa84","D02","POSE","POSE.AOS.S2","POSE.SS.20240326.FIL","A00000171209","2024-03-26T12:54Z","2024-03-26T12:54Z","Illinois State Water Survey Central Analytical Laboratory",228.0,0.07902,5,"2024-03-27","B",,
"bf085178-f3f7-407b-a88f-dcc32c5ee7f9","D02","POSE","POSE.AOS.S2","POSE.SS.20240326.FIL","A00000171209","2024-03-26T12:54Z","2024-03-26T12:54Z","Illinois State Water Survey Central Analytical Laboratory",432.0,0.00516,5,"2024-03-27","B",,
"429f60e6-9a5d-4ea6-9976-bf050e2fde80","D02","POSE","POSE.AOS.S2","POSE.SS.20240326.FIL","A00000171209","2024-03-26T12:54Z","2024-03-26T12:54Z","Illinois State Water Survey Central Analytical Laboratory",474.0,0.00362,5,"2024-03-27","B",,
"8f25b4b6-36d0-4584-87d6-f2139e10da03","D02","POSE","POSE.AOS.S2","POSE.SS.20240326.FIL","A00000171209","2024-03-26T12:54Z","2024-03-26T12:54Z","Illinois State Water Survey Central Analytical Laboratory",378.0,0.00986,5,"2024-03-27","B",,
"4e839346-7a24-4e1d-9733-89b878a48487","D02","POSE","POSE.AOS.S2","POSE.SS.20240326.FIL","A00000171209","2024-03-26T12:54Z","2024-03-26T12:54Z","Illinois State Water Survey Central Analytical Laboratory",468.0,0.00336,5,"2024-03-27","A",,
"32cdcfb7-0011-48b0-b97c-f50a264abe9c","D02","POSE","POSE.AOS.S2","POSE.SS.20240326.FIL","A00000171209","2024-03-26T12:54Z","2024-03-26T12:54Z","Illinois State Water Survey Central Analytical Laboratory",592.0,0.00172,5,"2024-03-27","B",,
"3a92dbb7-6465-42e6-9051-e382bd0f93d4","D02","POSE","POSE.AOS.S2","POSE.SS.20240326.FIL","A00000171209","2024-03-26T12:54Z","2024-03-26T12:54Z","Illinois State Water Survey Central Analytical Laboratory",584.0,0.00180,5,"2024-03-27","A",,
"3bc6aeea-2ddb-4884-8b7a-ee3063356cea","D02","POSE","POSE.AOS.S2","POSE.SS.20240326.FIL","A00000171209","2024-03-26T12:54Z","2024-03-26T12:54Z","Illinois State Water Survey Central Analytical Laboratory",220.0,0.12806,5,"2024-03-27","A",,
"6a5a8c70-cabf-400b-aed3-32b13bfabf52","D02","POSE","POSE.AOS.S2","POSE.SS.20240326.FIL","A00000171209","2024-03-26T12:54Z","2024-03-26T12:54Z","Illinois State Water Survey Central Analytical Laboratory",558.0,0.00218,5,"2024-03-27","B",,
"5a9edaef-8f71-4b2a-8466-c85c4c093327","D02","POSE","POSE.AOS.S2","POSE.SS.20240326.FIL","A00000171209","2024-03-26T12:54Z","2024-03-26T12:54Z","Illinois State Water Survey Central Analytical Laboratory",424.0,0.00522,5,"2024-03-27","A",,
"3079fa85-b767-44ba-82ed-62d3a7b3543a","D02","POSE","POSE.AOS.S2","POSE.SS.20240326.FIL","A00000171209","2024-03-26T12:54Z","2024-03-26T12:54Z","Illinois State Water Survey Central Analytical Laboratory",404.0,0.00666,5,"2024-03-27","A",,
"0948ec7c-ff24-46d9-b20c-70fa233aae3a","D02","POSE","POSE.AOS.S2","POSE.SS.20240326.FIL","A00000171209","2024-03-26T12:54Z","2024-03-26T12:54Z","Illinois State Water Survey Central Analytical Laboratory",362.0,0.01174,5,"2024-03-27","A",,
"1478bba1-3cb4-463d-909f-d7da5481fca3","D02","POSE","POSE.AOS.S2","POSE.SS.20240326.FIL","A00000171209","2024-03-26T12:54Z","2024-03-26T12:54Z","Illinois State Water Survey Central Analytical Laboratory",504.0,0.00264,5,"2024-03-27","A",,
"450a4071-be6f-4306-8755-9b8ff2c35c5b","D02","POSE","POSE.AOS.S2","POSE.SS.20240326.FIL","A00000171209","2024-03-26T12:54Z","2024-03-26T12:54Z","Illinois State Water Survey Central Analytical Laboratory",544.0,0.00226,5,"2024-03-27","B",,
"7a074881-eed8-402c-be30-072d9738dbd7","D02","POSE","POSE.AOS.S2","POSE.SS.20240326.FIL","A00000171209","2024-03-26T12:54Z","2024-03-26T12:54Z","Illinois State Water Survey Central Analytical Laboratory",590.0,0.00182,5,"2024-03-27","B",,
"447f4721-77e7-4a4f-a96f-ac9e5a818480","D02","POSE","POSE.AOS.S2","POSE.SS.20240326.FIL","A00000171209","2024-03-26T12:54Z","2024-03-26T12:54Z","Illinois State Water Survey Central Analytical Laboratory",434.0,0.00508,5,"2024-03-27","B",,
"1bc52ea0-ec31-499c-8123-1057e4060418","D02","POSE","POSE.AOS.S2","POSE.SS.20240326.FIL","A00000171209","2024-03-26T12:54Z","2024-03-26T12:54Z","Illinois State Water Survey Central Analytical Laboratory",276.0,0.03502,5,"2024-03-27","A",,
"39006ab1-de80-4f8e-9f05-ec84aae6f55b","D02","POSE","POSE.AOS.S2","POSE.SS.20240326.FIL","A00000171209","2024-03-26T12:54Z","2024-03-26T12:54Z","Illinois State Water Survey Central Analytical Laboratory",412.0,0.00634,5,"2024-03-27","B",,
"4f4b6aef-10c7-44ad-a524-3cdc2d6ca577","D02","POSE","POSE.AOS.S2","POSE.SS.20240326.FIL","A00000171209","2024-03-26T12:54Z","2024-03-26T12:54Z","Illinois State Water Survey Central Analytical Laboratory",588.0,0.00186,5,"2024-03-27","B",,
"d715fc3d-59c1-4a2e-83a1-e2221fabe4c4","D02","POSE","POSE.AOS.S2","POSE.SS.20240326.FIL","A00000171209","2024-03-26T12:54Z","2024-03-26T12:54Z","Illinois State Water Survey Central Analytical Laboratory",342.0,0.01540,5,"2024-03-27","B",,
"4d0e92c2-2de2-4f08-8459-2f5d583b1f0f","D02","POSE","POSE.AOS.S2","POSE.SS.20240326.FIL","A00000171209","2024-03-26T12:54Z","2024-03-26T12:54Z","Illinois State Water Survey Central Analytical Laboratory",448.0,0.00446,5,"2024-03-27","B",,
"4544e149-43c0-49fd-9052-ee4aab89aeb7","D02","POSE","POSE.AOS.S2","POSE.SS.20240326.FIL","A00000171209","2024-03-26T12:54Z","2024-03-26T12:54Z","Illinois State Water Survey Central Analytical Laboratory",312.0,0.02246,5,"2024-03-27","A",,
"bc8add28-b48e-4182-9edb-7639efa84f81","D02","POSE","POSE.AOS.S2","POSE.SS.20240326.FIL","A00000171209","2024-03-26T12:54Z","2024-03-26T12:54Z","Illinois State Water Survey Central Analytical Laboratory",422.0,0.00536,5,"2024-03-27","A",,
"f5982d1f-5bf8-4fd2-b097-f7448bce2332","D02","POSE","POSE.AOS.S2","POSE.SS.20240326.FIL","A00000171209","2024-03-26T12:54Z","2024-03-26T12:54Z","Illinois State Water Survey Central Analytical Laboratory",384.0,0.00866,5,"2024-03-27","A",,
"646292a8-2e13-474c-84a1-1a10eb312d1c","D02","POSE","POSE.AOS.S2","POSE.SS.20240326.FIL","A00000171209","2024-03-26T12:54Z","2024-03-26T12:54Z","Illinois State Water Survey Central Analytical Laboratory",332.0,0.01716,5,"2024-03-27","A",,
"bede6bfe-9580-48e0-bceb-7503fac6c3cd","D02","POSE","POSE.AOS.S2","POSE.SS.20240326.FIL","A00000171209","2024-03-26T12:54Z","2024-03-26T12:54Z","Illinois State Water Survey Central Analytical Laboratory",438.0,0.00442,5,"2024-03-27","A",,
"e0cf74ad-9d8d-4a9c-9995-cad72d6e4b14","D02","POSE","POSE.AOS.S2","POSE.SS.20240326.FIL","A00000171209","2024-03-26T12:54Z","2024-03-26T12:54Z","Illinois State Water Survey Central Analytical Laboratory",306.0,0.02416,5,"2024-03-27","A",,
"7d6da437-4e37-4d69-9bb1-19695ddc43cb","D02","POSE","POSE.AOS.S2","POSE.SS.20240326.FIL","A00000171209","2024-03-26T12:54Z","2024-03-26T12:54Z","Illinois State Water Survey Central Analytical Laboratory",478.0,0.00352,5,"2024-03-27","B",,
"e0eaafe3-ecc2-4e6f-849c-895910849705","D02","POSE","POSE.AOS.S2","POSE.SS.20240326.FIL","A00000171209","2024-03-26T12:54Z","2024-03-26T12:54Z","Illinois State Water Survey Central Analytical Laboratory",440.0,0.00484,5,"2024-03-27","B",,
"87525e5c-9bdc-42ad-a843-a3cdbe27af72","D02","POSE","POSE.AOS.S2","POSE.SS.20240326.FIL","A00000171209","2024-03-26T12:54Z","2024-03-26T12:54Z","Illinois State Water Survey Central Analytical Laboratory",464.0,0.00344,5,"2024-03-27","A",,
"00c5b022-da50-4ea1-bd3b-680faf7f76a9","D02","POSE","POSE.AOS.S2","POSE.SS.20240326.FIL","A00000171209","2024-03-26T12:54Z","2024-03-26T12:54Z","Illinois State Water Survey Central Analytical Laboratory",292.0,0.02888,5,"2024-03-27","A",,
"3dbe89cf-3644-440e-a923-d4aa09976f1f","D02","POSE","POSE.AOS.S2","POSE.SS.20240326.FIL","A00000171209","2024-03-26T12:54Z","2024-03-26T12:54Z","Illinois State Water Survey Central Analytical Laboratory",270.0,0.03764,5,"2024-03-27","B",,
"338a083c-f3d3-4862-886a-4f29fc857a2b","D02","POSE","POSE.AOS.S2","POSE.SS.20240326.FIL","A00000171209","2024-03-26T12:54Z","2024-03-26T12:54Z","Illinois State Water Survey Central Analytical Laboratory",284.0,0.03200,5,"2024-03-27","A",,
"67d2eacb-0eab-43a4-888d-4c534b2a8d86","D02","POSE","POSE.AOS.S2","POSE.SS.20240326.FIL","A00000171209","2024-03-26T12:54Z","2024-03-26T12:54Z","Illinois State Water Survey Central Analytical Laboratory",432.0,0.00474,5,"2024-03-27","A",,
"cd42aac9-2741-4cdc-899b-49a367b40278","D02","POSE","POSE.AOS.S2","POSE.SS.20240326.FIL","A00000171209","2024-03-26T12:54Z","2024-03-26T12:54Z","Illinois State Water Survey Central Analytical Laboratory",540.0,0.00230,5,"2024-03-27","B",,
"2c8aff6c-cf39-48dd-b058-0e58454b805b","D02","POSE","POSE.AOS.S2","POSE.SS.20240326.FIL","A00000171209","2024-03-26T12:54Z","2024-03-26T12:54Z","Illinois State Water Survey Central Analytical Laboratory",352.0,0.01330,5,"2024-03-27","A",,
"fea4747e-037b-4c1a-a8d8-179ef6d60669","D02","POSE","POSE.AOS.S2","POSE.SS.20240326.FIL","A00000171209","2024-03-26T12:54Z","2024-03-26T12:54Z","Illinois State Water Survey Central Analytical Laboratory",336.0,0.01664,5,"2024-03-27","B",,
"aa9943ba-42b8-4cec-9f28-050e2768e18c","D02","POSE","POSE.AOS.S2","POSE.SS.20240326.FIL","A00000171209","2024-03-26T12:54Z","2024-03-26T12:54Z","Illinois State Water Survey Central Analytical Laboratory",454.0,0.00376,5,"2024-03-27","A",,
"f4a2b0a8-ece1-48b8-add2-17ea9820eb2d","D02","POSE","POSE.AOS.S2","POSE.SS.20240326.FIL","A00000171209","2024-03-26T12:54Z","2024-03-26T12:54Z","Illinois State Water Survey Central Analytical Laboratory",302.0,0.02576,5,"2024-03-27","B",,
"31968669-d59e-4003-8e2e-ec4c4203ed2f","D02","POSE","POSE.AOS.S2","POSE.SS.20240326.FIL","A00000171209","2024-03-26T12:54Z","2024-03-26T12:54Z","Illinois State Water Survey Central Analytical Laboratory",274.0,0.03576,5,"2024-03-27","A",,
"275f7be1-fe9f-42e2-bb98-2332df9aa896","D02","POSE","POSE.AOS.S2","POSE.SS.20240326.FIL","A00000171209","2024-03-26T12:54Z","2024-03-26T12:54Z","Illinois State Water Survey Central Analytical Laboratory",440.0,0.00440,5,"2024-03-27","A",,
"db1b3f62-79b2-4174-9b76-ffcfbb96b92d","D02","POSE","POSE.AOS.S2","POSE.SS.20240326.FIL","A00000171209","2024-03-26T12:54Z","2024-03-26T12:54Z","Illinois State Water Survey Central Analytical Laboratory",222.0,0.11342,5,"2024-03-27","B",,
"5770652c-6947-4e83-9dc2-8c2f97b58f96","D02","POSE","POSE.AOS.S2","POSE.SS.20240326.FIL","A00000171209","2024-03-26T12:54Z","2024-03-26T12:54Z","Illinois State Water Survey Central Analytical Laboratory",462.0,0.00398,5,"2024-03-27","B",,
"e4c975af-fcdb-4f26-a524-4bb38848b50e","D02","POSE","POSE.AOS.S2","POSE.SS.20240326.FIL","A00000171209","2024-03-26T12:54Z","2024-03-26T12:54Z","Illinois State Water Survey Central Analytical Laboratory",376.0,0.00970,5,"2024-03-27","A",,
"8e61b7f8-e08c-4274-9c50-4b91a2f3336a","D02","POSE","POSE.AOS.S2","POSE.SS.20240326.FIL","A00000171209","2024-03-26T12:54Z","2024-03-26T12:54Z","Illinois State Water Survey Central Analytical Laboratory",500.0,0.00268,5,"2024-03-27","A",,
"dd699fec-e045-4bc9-9b94-e89c29a37606","D02","POSE","POSE.AOS.S2","POSE.SS.20240326.FIL","A00000171209","2024-03-26T12:54Z","2024-03-26T12:54Z","Illinois State Water Survey Central Analytical Laboratory",388.0,0.00812,5,"2024-03-27","A",,
"28ef0b47-6d1a-48dc-a59b-4a41e27b7409","D02","POSE","POSE.AOS.S2","POSE.SS.20240326.FIL","A00000171209","2024-03-26T12:54Z","2024-03-26T12:54Z","Illinois State Water Survey Central Analytical Laboratory",566.0,0.00206,5,"2024-03-27","B",,
"8a1820d0-faf1-4756-8930-37b8d1c7a72b","D02","POSE","POSE.AOS.S2","POSE.SS.20240326.FIL","A00000171209","2024-03-26T12:54Z","2024-03-26T12:54Z","Illinois State Water Survey Central Analytical Laboratory",274.0,0.03620,5,"2024-03-27","B",,
"282c99fb-4f2d-4238-94fa-9d6e916b367a","D02","POSE","POSE.AOS.S2","POSE.SS.20240326.FIL","A00000171209","2024-03-26T12:54Z","2024-03-26T12:54Z","Illinois State Water Survey Central Analytical Laboratory",398.0,0.00750,5,"2024-03-27","B",,
"948c2d98-e230-49e2-8de7-7636c3e9c35a","D02","POSE","POSE.AOS.S2","POSE.SS.20240326.FIL","A00000171209","2024-03-26T12:54Z","2024-03-26T12:54Z","Illinois State Water Survey Central Analytical Laboratory",288.0,0.03084,5,"2024-03-27","B",,
"0ee4fd40-1a1d-48f9-9ab6-09010865f6b7","D02","POSE","POSE.AOS.S2","POSE.SS.20240326.FIL","A00000171209","2024-03-26T12:54Z","2024-03-26T12:54Z","Illinois State Water Survey Central Analytical Laboratory",430.0,0.00488,5,"2024-03-27","A",,
"9a830301-0e68-4897-ad12-4c65d91dffdc","D02","POSE","POSE.AOS.S2","POSE.SS.20240326.FIL","A00000171209","2024-03-26T12:54Z","2024-03-26T12:54Z","Illinois State Water Survey Central Analytical Laboratory",484.0,0.00340,5,"2024-03-27","B",,
"7c998c28-e8aa-416b-8675-6ee17ec16334","D02","POSE","POSE.AOS.S2","POSE.SS.20240326.FIL","A00000171209","2024-03-26T12:54Z","2024-03-26T12:54Z","Illinois State Water Survey Central Analytical Laboratory",500.0,0.00296,5,"2024-03-27","B",,
"172f0ab4-8ac6-4e90-948b-98f73164f228","D02","POSE","POSE.AOS.S2","POSE.SS.20240326.FIL","A00000171209","2024-03-26T12:54Z","2024-03-26T12:54Z","Illinois State Water Survey Central Analytical Laboratory",386.0,0.00836,5,"2024-03-27","A",,
"516200a6-8c04-4499-893c-9efea34c54d0","D02","POSE","POSE.AOS.S2","POSE.SS.20240326.FIL","A00000171209","2024-03-26T12:54Z","2024-03-26T12:54Z","Illinois State Water Survey Central Analytical Laboratory",560.0,0.00216,5,"2024-03-27","B",,
"ddaf2021-30d1-404d-8ed6-899d77326467","D02","POSE","POSE.AOS.S2","POSE.SS.20240326.FIL","A00000171209","2024-03-26T12:54Z","2024-03-26T12:54Z","Illinois State Water Survey Central Analytical Laboratory",580.0,0.00196,5,"2024-03-27","B",,
"a949fc87-fc8f-4984-a605-d491b52e04a8","D02","POSE","POSE.AOS.S2","POSE.SS.20240326.FIL","A00000171209","2024-03-26T12:54Z","2024-03-26T12:54Z","Illinois State Water Survey Central Analytical Laboratory",572.0,0.00200,5,"2024-03-27","B",,
"707d1f3b-6739-45a8-86ea-7c5968754a09","D02","POSE","POSE.AOS.S2","POSE.SS.20240326.FIL","A00000171209","2024-03-26T12:54Z","2024-03-26T12:54Z","Illinois State Water Survey Central Analytical Laboratory",464.0,0.00392,5,"2024-03-27","B",,
"8eba0292-ea0d-4714-a215-e3ae5e1dfa95","D02","POSE","POSE.AOS.S2","POSE.SS.20240326.FIL","A00000171209","2024-03-26T12:54Z","2024-03-26T12:54Z","Illinois State Water Survey Central Analytical Laboratory",352.0,0.01366,5,"2024-03-27","B",,
"f0fc9a77-b746-4584-9301-bdf89aa31672","D02","POSE","POSE.AOS.S2","POSE.SS.20240326.FIL","A00000171209","2024-03-26T12:54Z","2024-03-26T12:54Z","Illinois State Water Survey Central Analytical Laboratory",250.0,0.04544,5,"2024-03-27","B",,
"1860c0b0-9db9-42ff-bc80-400eea09a929","D02","POSE","POSE.AOS.S2","POSE.SS.20240326.FIL","A00000171209","2024-03-26T12:54Z","2024-03-26T12:54Z","Illinois State Water Survey Central Analytical Laboratory",410.0,0.00610,5,"2024-03-27","A",,
"0e8f5244-aea3-41bc-afe9-506f13c64d08","D02","POSE","POSE.AOS.S2","POSE.SS.20240326.FIL","A00000171209","2024-03-26T12:54Z","2024-03-26T12:54Z","Illinois State Water Survey Central Analytical Laboratory",358.0,0.01234,5,"2024-03-27","A",,
"4cf71504-d53f-41ff-af5d-7c45cead5835","D02","POSE","POSE.AOS.S2","POSE.SS.20240326.FIL","A00000171209","2024-03-26T12:54Z","2024-03-26T12:54Z","Illinois State Water Survey Central Analytical Laboratory",298.0,0.02708,5,"2024-03-27","B",,
"63c4aa2d-2af3-4a93-b71e-33c8a853fbe3","D02","POSE","POSE.AOS.S2","POSE.SS.20240326.FIL","A00000171209","2024-03-26T12:54Z","2024-03-26T12:54Z","Illinois State Water Survey Central Analytical Laboratory",320.0,0.02028,5,"2024-03-27","A",,
"ad66a652-ebc1-4b8a-894f-dbdc26ca95db","D02","POSE","POSE.AOS.S2","POSE.SS.20240326.FIL","A00000171209","2024-03-26T12:54Z","2024-03-26T12:54Z","Illinois State Water Survey Central Analytical Laboratory",290.0,0.02962,5,"2024-03-27","A",,
"0ee6f777-064f-46de-97bf-f53fdae636be","D02","POSE","POSE.AOS.S2","POSE.SS.20240326.FIL","A00000171209","2024-03-26T12:54Z","2024-03-26T12:54Z","Illinois State Water Survey Central Analytical Laboratory",346.0,0.01470,5,"2024-03-27","B",,
"157a81c6-cac9-446c-b40a-9159259456ca","D02","POSE","POSE.AOS.S2","POSE.SS.20240326.FIL","A00000171209","2024-03-26T12:54Z","2024-03-26T12:54Z","Illinois State Water Survey Central Analytical Laboratory",576.0,0.00172,5,"2024-03-27","A",,
"ee7c3240-5471-4f88-b5c5-beef3321f42f","D02","POSE","POSE.AOS.S2","POSE.SS.20240326.FIL","A00000171209","2024-03-26T12:54Z","2024-03-26T12:54Z","Illinois State Water Survey Central Analytical Laboratory",240.0,0.05246,5,"2024-03-27","B",,
"58de8a1c-0f89-4087-a1bf-59434d4d1369","D02","POSE","POSE.AOS.S2","POSE.SS.20240326.FIL","A00000171209","2024-03-26T12:54Z","2024-03-26T12:54Z","Illinois State Water Survey Central Analytical Laboratory",596.0,0.00180,5,"2024-03-27","B",,
"4d50d514-e3d0-4a64-93f5-d4f3696ff38d","D02","POSE","POSE.AOS.S2","POSE.SS.20240326.FIL","A00000171209","2024-03-26T12:54Z","2024-03-26T12:54Z","Illinois State Water Survey Central Analytical Laboratory",498.0,0.00302,5,"2024-03-27","B",,
"a34d85af-c17a-4572-bb09-225e0753d417","D02","POSE","POSE.AOS.S2","POSE.SS.20240326.FIL","A00000171209","2024-03-26T12:54Z","2024-03-26T12:54Z","Illinois State Water Survey Central Analytical Laboratory",376.0,0.01008,5,"2024-03-27","B",,
"5bd4fd85-9727-459d-bf6a-033b2ba11b9f","D02","POSE","POSE.AOS.S2","POSE.SS.20240326.FIL","A00000171209","2024-03-26T12:54Z","2024-03-26T12:54Z","Illinois State Water Survey Central Analytical Laboratory",370.0,0.01094,5,"2024-03-27","B",,
"5a751572-be87-4e31-954c-19f1e65fe220","D02","POSE","POSE.AOS.S2","POSE.SS.20240326.FIL","A00000171209","2024-03-26T12:54Z","2024-03-26T12:54Z","Illinois State Water Survey Central Analytical Laboratory",580.0,0.00184,5,"2024-03-27","A",,
"264e2214-2c78-451b-b9e5-a8d33819fc3a","D02","POSE","POSE.AOS.S2","POSE.SS.20240326.FIL","A00000171209","2024-03-26T12:54Z","2024-03-26T12:54Z","Illinois State Water Survey Central Analytical Laboratory",598.0,0.00172,5,"2024-03-27","B",,
"37535b5f-55c0-4c8c-bc2a-8fdb8b1dc02e","D02","POSE","POSE.AOS.S2","POSE.SS.20240326.FIL","A00000171209","2024-03-26T12:54Z","2024-03-26T12:54Z","Illinois State Water Survey Central Analytical Laboratory",238.0,0.05484,5,"2024-03-27","B",,
"c5202553-a868-4a18-a931-821ba2aa9cd4","D02","POSE","POSE.AOS.S2","POSE.SS.20240326.FIL","A00000171209","2024-03-26T12:54Z","2024-03-26T12:54Z","Illinois State Water Survey Central Analytical Laboratory",378.0,0.00948,5,"2024-03-27","A",,
"ac0d038d-902f-4964-87f3-bded7ede86e0","D02","POSE","POSE.AOS.S2","POSE.SS.20240326.FIL","A00000171209","2024-03-26T12:54Z","2024-03-26T12:54Z","Illinois State Water Survey Central Analytical Laboratory",430.0,0.00530,5,"2024-03-27","B",,
"6e004fa3-d408-4231-8264-481281bf9f21","D02","POSE","POSE.AOS.S2","POSE.SS.20240326.FIL","A00000171209","2024-03-26T12:54Z","2024-03-26T12:54Z","Illinois State Water Survey Central Analytical Laboratory",574.0,0.00198,5,"2024-03-27","B",,
"4f51997b-b012-4f8d-b173-525022d1becc","D02","POSE","POSE.AOS.S2","POSE.SS.20240326.FIL","A00000171209","2024-03-26T12:54Z","2024-03-26T12:54Z","Illinois State Water Survey Central Analytical Laboratory",460.0,0.00362,5,"2024-03-27","A",,
"1800b671-be05-46e7-83af-a5dc40bd6d98","D02","POSE","POSE.AOS.S2","POSE.SS.20240326.FIL","A00000171209","2024-03-26T12:54Z","2024-03-26T12:54Z","Illinois State Water Survey Central Analytical Laboratory",514.0,0.00270,5,"2024-03-27","B",,
"2081b3ef-321f-462a-bfc9-2f46e4bc4e1e","D02","POSE","POSE.AOS.S2","POSE.SS.20240326.FIL","A00000171209","2024-03-26T12:54Z","2024-03-26T12:54Z","Illinois State Water Survey Central Analytical Laboratory",434.0,0.00466,5,"2024-03-27","A",,
