uid,domainID,siteID,namedLocation,sampleID,sampleCode,startDate,collectDate,laboratoryName,wavelength,decadicAbsorbance,cuvetteLength,analysisDate,spectrumReplicateID,remarks,dataQF
"b903247c-dfea-40b7-ae99-0146838217a1","D16","MCRA","MCRA.AOS.S2","MCRA.SS.20241106.FIL","A00000447309","2024-11-06T16:15Z","2024-11-06T16:15Z","Illinois State Water Survey Central Analytical Laboratory",532.0,0.00052,5,"2024-11-08","B",,
"6dbb9440-4eea-40e6-ac28-3645596631af","D16","MCRA","MCRA.AOS.S2","MCRA.SS.20241106.FIL","A00000447309","2024-11-06T16:15Z","2024-11-06T16:15Z","Illinois State Water Survey Central Analytical Laboratory",594.0,0.00022,5,"2024-11-08","B",,
"46e33064-1560-4d3e-b00d-789803881589","D16","MCRA","MCRA.AOS.S2","MCRA.SS.20241106.FIL","A00000447309","2024-11-06T16:15Z","2024-11-06T16:15Z","Illinois State Water Survey Central Analytical Laboratory",426.0,0.00194,5,"2024-11-08","B",,
"f416da7e-a236-4a71-b020-4ac51132411e","D16","MCRA","MCRA.AOS.S2","MCRA.SS.20241106.FIL","A00000447309","2024-11-06T16:15Z","2024-11-06T16:15Z","Illinois State Water Survey Central Analytical Laboratory",286.0,0.01884,5,"2024-11-08","B",,
"93511110-7a25-44a0-b198-adb2c5ef8c06","D16","MCRA","MCRA.AOS.S2","MCRA.SS.20241106.FIL","A00000447309","2024-11-06T16:15Z","2024-11-06T16:15Z","Illinois State Water Survey Central Analytical Laboratory",400.0,0.00294,5,"2024-11-08","B",,
"2ccaa07d-1366-4f0d-8009-3c075d3e7cad","D16","MCRA","MCRA.AOS.S2","MCRA.SS.20241106.FIL","A00000447309","2024-11-06T16:15Z","2024-11-06T16:15Z","Illinois State Water Survey Central Analytical Laboratory",534.0,0.00048,5,"2024-11-08","A",,
"b39a81bc-adc7-4c7a-8865-44591bf07a59","D16","MCRA","MCRA.AOS.S2","MCRA.SS.20241106.FIL","A00000447309","2024-11-06T16:15Z","2024-11-06T16:15Z","Illinois State Water Survey Central Analytical Laboratory",382.0,0.00392,5,"2024-11-08","A",,
"f570ab76-9149-4b31-8190-bd6e1f54a3a6","D16","MCRA","MCRA.AOS.S2","MCRA.SS.20241106.FIL","A00000447309","2024-11-06T16:15Z","2024-11-06T16:15Z","Illinois State Water Survey Central Analytical Laboratory",336.0,0.00864,5,"2024-11-08","A",,
"d9e8b588-da73-4360-baa8-29628c5ef145","D16","MCRA","MCRA.AOS.S2","MCRA.SS.20241106.FIL","A00000447309","2024-11-06T16:15Z","2024-11-06T16:15Z","Illinois State Water Survey Central Analytical Laboratory",536.0,0.00050,5,"2024-11-08","A",,
"948f081d-09c4-47e5-bd5f-5b996202ade1","D16","MCRA","MCRA.AOS.S2","MCRA.SS.20241106.FIL","A00000447309","2024-11-06T16:15Z","2024-11-06T16:15Z","Illinois State Water Survey Central Analytical Laboratory",498.0,0.00074,5,"2024-11-08","B",,
"187692aa-4dac-4d3d-b175-ec4778ed93ac","D16","MCRA","MCRA.AOS.S2","MCRA.SS.20241106.FIL","A00000447309","2024-11-06T16:15Z","2024-11-06T16:15Z","Illinois State Water Survey Central Analytical Laboratory",298.0,0.01562,5,"2024-11-08","A",,
"2eb0331f-543d-4cf2-9672-58bf125c8fcc","D16","MCRA","MCRA.AOS.S2","MCRA.SS.20241106.FIL","A00000447309","2024-11-06T16:15Z","2024-11-06T16:15Z","Illinois State Water Survey Central Analytical Laboratory",240.0,0.03256,5,"2024-11-08","A",,
"449983df-85a5-420c-86f9-92a973f0a231","D16","MCRA","MCRA.AOS.S2","MCRA.SS.20241106.FIL","A00000447309","2024-11-06T16:15Z","2024-11-06T16:15Z","Illinois State Water Survey Central Analytical Laboratory",316.0,0.01196,5,"2024-11-08","B",,
"9b4a9c4a-ba6b-4997-89ae-b2618a7c83fc","D16","MCRA","MCRA.AOS.S2","MCRA.SS.20241106.FIL","A00000447309","2024-11-06T16:15Z","2024-11-06T16:15Z","Illinois State Water Survey Central Analytical Laboratory",494.0,0.00074,5,"2024-11-08","A",,
"0fdf8558-831d-4aaa-9f9d-593b8042b048","D16","MCRA","MCRA.AOS.S2","MCRA.SS.20241106.FIL","A00000447309","2024-11-06T16:15Z","2024-11-06T16:15Z","Illinois State Water Survey Central Analytical Laboratory",438.0,0.00168,5,"2024-11-08","A",,
"31a541cd-0d89-4849-815e-16008f84276e","D16","MCRA","MCRA.AOS.S2","MCRA.SS.20241106.FIL","A00000447309","2024-11-06T16:15Z","2024-11-06T16:15Z","Illinois State Water Survey Central Analytical Laboratory",522.0,0.00058,5,"2024-11-08","A",,
"688c33fd-1675-4613-839b-51eee466709c","D16","MCRA","MCRA.AOS.S2","MCRA.SS.20241106.FIL","A00000447309","2024-11-06T16:15Z","2024-11-06T16:15Z","Illinois State Water Survey Central Analytical Laboratory",224.0,0.05724,5,"2024-11-08","B",,
"76b6b3bb-f47e-400d-b1fb-1c8b679c3772","D16","MCRA","MCRA.AOS.S2","MCRA.SS.20241106.FIL","A00000447309","2024-11-06T16:15Z","2024-11-06T16:15Z","Illinois State Water Survey Central Analytical Laboratory",352.0,0.00654,5,"2024-11-08","B",,
"abb58dbb-f22d-4839-8636-0b81bb91736a","D16","MCRA","MCRA.AOS.S2","MCRA.SS.20241106.FIL","A00000447309","2024-11-06T16:15Z","2024-11-06T16:15Z","Illinois State Water Survey Central Analytical Laboratory",346.0,0.00730,5,"2024-11-08","A",,
"4bed7495-b6d2-4a47-ae8a-36b02f233f4b","D16","MCRA","MCRA.AOS.S2","MCRA.SS.20241106.FIL","A00000447309","2024-11-06T16:15Z","2024-11-06T16:15Z","Illinois State Water Survey Central Analytical Laboratory",404.0,0.00276,5,"2024-11-08","B",,
"f0cb2a44-62cb-4a2d-8b40-373833a712e7","D16","MCRA","MCRA.AOS.S2","MCRA.SS.20241106.FIL","A00000447309","2024-11-06T16:15Z","2024-11-06T16:15Z","Illinois State Water Survey Central Analytical Laboratory",558.0,0.00040,5,"2024-11-08","B",,
"26900114-1a38-4757-8c78-e30bfbbc1786","D16","MCRA","MCRA.AOS.S2","MCRA.SS.20241106.FIL","A00000447309","2024-11-06T16:15Z","2024-11-06T16:15Z","Illinois State Water Survey Central Analytical Laboratory",546.0,0.00048,5,"2024-11-08","A",,
"652244dd-b4c7-4457-b9aa-2c9e0ae3fa3b","D16","MCRA","MCRA.AOS.S2","MCRA.SS.20241106.FIL","A00000447309","2024-11-06T16:15Z","2024-11-06T16:15Z","Illinois State Water Survey Central Analytical Laboratory",294.0,0.01660,5,"2024-11-08","B",,
"b5b017df-05b1-4218-94b4-29ff680d7b24","D16","MCRA","MCRA.AOS.S2","MCRA.SS.20241106.FIL","A00000447309","2024-11-06T16:15Z","2024-11-06T16:15Z","Illinois State Water Survey Central Analytical Laboratory",500.0,0.00070,5,"2024-11-08","B",,
"62361300-bf6a-4ecf-90eb-24b002fa6e9a","D16","MCRA","MCRA.AOS.S2","MCRA.SS.20241106.FIL","A00000447309","2024-11-06T16:15Z","2024-11-06T16:15Z","Illinois State Water Survey Central Analytical Laboratory",536.0,0.00048,5,"2024-11-08","B",,
"f573bf48-4667-4c46-9cc1-8fe99e01c48e","D16","MCRA","MCRA.AOS.S2","MCRA.SS.20241106.FIL","A00000447309","2024-11-06T16:15Z","2024-11-06T16:15Z","Illinois State Water Survey Central Analytical Laboratory",478.0,0.00100,5,"2024-11-08","A",,
"a858fc1b-5061-4f77-a0d4-67fc98c63668","D16","MCRA","MCRA.AOS.S2","MCRA.SS.20241106.FIL","A00000447309","2024-11-06T16:15Z","2024-11-06T16:15Z","Illinois State Water Survey Central Analytical Laboratory",416.0,0.00224,5,"2024-11-08","A",,
"28395f32-83fa-418d-bdc2-9154554d95cd","D16","MCRA","MCRA.AOS.S2","MCRA.SS.20241106.FIL","A00000447309","2024-11-06T16:15Z","2024-11-06T16:15Z","Illinois State Water Survey Central Analytical Laboratory",510.0,0.00062,5,"2024-11-08","B",,
"5057cc1c-b8aa-47e2-a815-3523b3e80af6","D16","MCRA","MCRA.AOS.S2","MCRA.SS.20241106.FIL","A00000447309","2024-11-06T16:15Z","2024-11-06T16:15Z","Illinois State Water Survey Central Analytical Laboratory",284.0,0.01936,5,"2024-11-08","A",,
"af0548ff-b7ea-42ab-a2c9-b9c3ee576512","D16","MCRA","MCRA.AOS.S2","MCRA.SS.20241106.FIL","A00000447309","2024-11-06T16:15Z","2024-11-06T16:15Z","Illinois State Water Survey Central Analytical Laboratory",262.0,0.02470,5,"2024-11-08","B",,
"9509a345-7c7f-418b-8b8d-c7b05afd4d1a","D16","MCRA","MCRA.AOS.S2","MCRA.SS.20241106.FIL","A00000447309","2024-11-06T16:15Z","2024-11-06T16:15Z","Illinois State Water Survey Central Analytical Laboratory",354.0,0.00632,5,"2024-11-08","B",,
"438a7378-4b89-422d-9ab7-3bb2b90bc83c","D16","MCRA","MCRA.AOS.S2","MCRA.SS.20241106.FIL","A00000447309","2024-11-06T16:15Z","2024-11-06T16:15Z","Illinois State Water Survey Central Analytical Laboratory",304.0,0.01430,5,"2024-11-08","B",,
"558068c0-07e6-4b90-961c-c360e70f8e91","D16","MCRA","MCRA.AOS.S2","MCRA.SS.20241106.FIL","A00000447309","2024-11-06T16:15Z","2024-11-06T16:15Z","Illinois State Water Survey Central Analytical Laboratory",228.0,0.04710,5,"2024-11-08","A",,
"b811d600-2f34-4ec9-b821-adea952b6885","D16","MCRA","MCRA.AOS.S2","MCRA.SS.20241106.FIL","A00000447309","2024-11-06T16:15Z","2024-11-06T16:15Z","Illinois State Water Survey Central Analytical Laboratory",434.0,0.00176,5,"2024-11-08","A",,
"d50629c8-f228-4315-bc87-b6ce0bfcbe95","D16","MCRA","MCRA.AOS.S2","MCRA.SS.20241106.FIL","A00000447309","2024-11-06T16:15Z","2024-11-06T16:15Z","Illinois State Water Survey Central Analytical Laboratory",392.0,0.00336,5,"2024-11-08","A",,
"f5e23eea-f6ae-4232-a30e-b6f4c94012ec","D16","MCRA","MCRA.AOS.S2","MCRA.SS.20241106.FIL","A00000447309","2024-11-06T16:15Z","2024-11-06T16:15Z","Illinois State Water Survey Central Analytical Laboratory",480.0,0.00094,5,"2024-11-08","B",,
"9ec67eb0-d376-4e16-be0c-338e2ca430df","D16","MCRA","MCRA.AOS.S2","MCRA.SS.20241106.FIL","A00000447309","2024-11-06T16:15Z","2024-11-06T16:15Z","Illinois State Water Survey Central Analytical Laboratory",512.0,0.00066,5,"2024-11-08","A",,
"b6cfeb8a-384b-4344-903b-724f39a4ba7a","D16","MCRA","MCRA.AOS.S2","MCRA.SS.20241106.FIL","A00000447309","2024-11-06T16:15Z","2024-11-06T16:15Z","Illinois State Water Survey Central Analytical Laboratory",482.0,0.00092,5,"2024-11-08","B",,
"46a52273-a730-483f-b41a-92ffc2a2b9fe","D16","MCRA","MCRA.AOS.S2","MCRA.SS.20241106.FIL","A00000447309","2024-11-06T16:15Z","2024-11-06T16:15Z","Illinois State Water Survey Central Analytical Laboratory",508.0,0.00068,5,"2024-11-08","A",,
"b95a3b27-f132-4a62-be6e-8f2411a8923e","D16","MCRA","MCRA.AOS.S2","MCRA.SS.20241106.FIL","A00000447309","2024-11-06T16:15Z","2024-11-06T16:15Z","Illinois State Water Survey Central Analytical Laboratory",340.0,0.00808,5,"2024-11-08","A",,
"6c752845-3b83-4047-90d3-3b499b2cab5e","D16","MCRA","MCRA.AOS.S2","MCRA.SS.20241106.FIL","A00000447309","2024-11-06T16:15Z","2024-11-06T16:15Z","Illinois State Water Survey Central Analytical Laboratory",420.0,0.00208,5,"2024-11-08","B",,
"d3cec5b4-055b-4550-a9d5-b9a8041d488b","D16","MCRA","MCRA.AOS.S2","MCRA.SS.20241106.FIL","A00000447309","2024-11-06T16:15Z","2024-11-06T16:15Z","Illinois State Water Survey Central Analytical Laboratory",464.0,0.00106,5,"2024-11-08","B",,
"51815816-8e39-4935-afe7-50b8e9bb5e74","D16","MCRA","MCRA.AOS.S2","MCRA.SS.20241106.FIL","A00000447309","2024-11-06T16:15Z","2024-11-06T16:15Z","Illinois State Water Survey Central Analytical Laboratory",320.0,0.01128,5,"2024-11-08","B",,
"8250410e-dd17-4edf-ad7a-943a90f8400d","D16","MCRA","MCRA.AOS.S2","MCRA.SS.20241106.FIL","A00000447309","2024-11-06T16:15Z","2024-11-06T16:15Z","Illinois State Water Survey Central Analytical Laboratory",440.0,0.00166,5,"2024-11-08","A",,
"340ced8b-2e23-4e25-98e5-371a5a7e3f8e","D16","MCRA","MCRA.AOS.S2","MCRA.SS.20241106.FIL","A00000447309","2024-11-06T16:15Z","2024-11-06T16:15Z","Illinois State Water Survey Central Analytical Laboratory",262.0,0.02472,5,"2024-11-08","A",,
"103147da-6faa-4e88-b034-2d1725d01a5c","D16","MCRA","MCRA.AOS.S2","MCRA.SS.20241106.FIL","A00000447309","2024-11-06T16:15Z","2024-11-06T16:15Z","Illinois State Water Survey Central Analytical Laboratory",356.0,0.00616,5,"2024-11-08","A",,
"e6b0971f-f670-42af-975a-aaa78fda6943","D16","MCRA","MCRA.AOS.S2","MCRA.SS.20241106.FIL","A00000447309","2024-11-06T16:15Z","2024-11-06T16:15Z","Illinois State Water Survey Central Analytical Laboratory",432.0,0.00178,5,"2024-11-08","A",,
"3b82a998-1c61-43ca-876a-b19fd46f45e1","D16","MCRA","MCRA.AOS.S2","MCRA.SS.20241106.FIL","A00000447309","2024-11-06T16:15Z","2024-11-06T16:15Z","Illinois State Water Survey Central Analytical Laboratory",404.0,0.00280,5,"2024-11-08","A",,
"accb0cf1-9557-4f83-8388-b6372a35dbeb","D16","MCRA","MCRA.AOS.S2","MCRA.SS.20241106.FIL","A00000447309","2024-11-06T16:15Z","2024-11-06T16:15Z","Illinois State Water Survey Central Analytical Laboratory",408.0,0.00262,5,"2024-11-08","A",,
"2b7c3280-3f30-4305-adbf-e7ef8795d0ed","D16","MCRA","MCRA.AOS.S2","MCRA.SS.20241106.FIL","A00000447309","2024-11-06T16:15Z","2024-11-06T16:15Z","Illinois State Water Survey Central Analytical Laboratory",476.0,0.00102,5,"2024-11-08","A",,
"7cc62604-c09e-4207-b0bc-8e0f7f8a3b63","D16","MCRA","MCRA.AOS.S2","MCRA.SS.20241106.FIL","A00000447309","2024-11-06T16:15Z","2024-11-06T16:15Z","Illinois State Water Survey Central Analytical Laboratory",598.0,0.00014,5,"2024-11-08","B",,
"c3b752a7-c3ee-4c25-a384-7f13dcbe8cf6","D16","MCRA","MCRA.AOS.S2","MCRA.SS.20241106.FIL","A00000447309","2024-11-06T16:15Z","2024-11-06T16:15Z","Illinois State Water Survey Central Analytical Laboratory",572.0,0.00034,5,"2024-11-08","A",,
"38225ef0-777c-4745-8cf0-058432a96a24","D16","MCRA","MCRA.AOS.S2","MCRA.SS.20241106.FIL","A00000447309","2024-11-06T16:15Z","2024-11-06T16:15Z","Illinois State Water Survey Central Analytical Laboratory",518.0,0.00064,5,"2024-11-08","A",,
"9459f8a8-15ce-4eb8-a4b5-b6dd7575162a","D16","MCRA","MCRA.AOS.S2","MCRA.SS.20241106.FIL","A00000447309","2024-11-06T16:15Z","2024-11-06T16:15Z","Illinois State Water Survey Central Analytical Laboratory",532.0,0.00052,5,"2024-11-08","A",,
"42760142-a3d3-4458-b43f-cfc3e462dba2","D16","MCRA","MCRA.AOS.S2","MCRA.SS.20241106.FIL","A00000447309","2024-11-06T16:15Z","2024-11-06T16:15Z","Illinois State Water Survey Central Analytical Laboratory",228.0,0.04708,5,"2024-11-08","B",,
"e75e3398-5e47-4b75-8391-eba8ee41325d","D16","MCRA","MCRA.AOS.S2","MCRA.SS.20241106.FIL","A00000447309","2024-11-06T16:15Z","2024-11-06T16:15Z","Illinois State Water Survey Central Analytical Laboratory",556.0,0.00042,5,"2024-11-08","A",,
"9f8d214f-6043-4b14-b840-037fce88126a","D16","MCRA","MCRA.AOS.S2","MCRA.SS.20241106.FIL","A00000447309","2024-11-06T16:15Z","2024-11-06T16:15Z","Illinois State Water Survey Central Analytical Laboratory",426.0,0.00196,5,"2024-11-08","A",,
"37b16138-d95c-4061-b83b-8ade38003560","D16","MCRA","MCRA.AOS.S2","MCRA.SS.20241106.FIL","A00000447309","2024-11-06T16:15Z","2024-11-06T16:15Z","Illinois State Water Survey Central Analytical Laboratory",372.0,0.00466,5,"2024-11-08","B",,
"9eeb92b6-b1ad-4a82-bffb-e3cabfad7029","D16","MCRA","MCRA.AOS.S2","MCRA.SS.20241106.FIL","A00000447309","2024-11-06T16:15Z","2024-11-06T16:15Z","Illinois State Water Survey Central Analytical Laboratory",226.0,0.05168,5,"2024-11-08","A",,
"4c6eeaef-3469-46ca-a190-a6f263a4e0e9","D16","MCRA","MCRA.AOS.S2","MCRA.SS.20241106.FIL","A00000447309","2024-11-06T16:15Z","2024-11-06T16:15Z","Illinois State Water Survey Central Analytical Laboratory",582.0,0.00028,5,"2024-11-08","B",,
"02e4345a-f0fb-4e1b-aa60-313bd497340b","D16","MCRA","MCRA.AOS.S2","MCRA.SS.20241106.FIL","A00000447309","2024-11-06T16:15Z","2024-11-06T16:15Z","Illinois State Water Survey Central Analytical Laboratory",322.0,0.01088,5,"2024-11-08","A",,
"d6bc420b-f605-410b-9730-15ce33c2672c","D16","MCRA","MCRA.AOS.S2","MCRA.SS.20241106.FIL","A00000447309","2024-11-06T16:15Z","2024-11-06T16:15Z","Illinois State Water Survey Central Analytical Laboratory",252.0,0.02722,5,"2024-11-08","B",,
"f0a7058b-e80f-4244-9af8-59f4b579be43","D16","MCRA","MCRA.AOS.S2","MCRA.SS.20241106.FIL","A00000447309","2024-11-06T16:15Z","2024-11-06T16:15Z","Illinois State Water Survey Central Analytical Laboratory",488.0,0.00094,5,"2024-11-08","A",,
"d3819538-a877-4418-884c-9a18056c66c3","D16","MCRA","MCRA.AOS.S2","MCRA.SS.20241106.FIL","A00000447309","2024-11-06T16:15Z","2024-11-06T16:15Z","Illinois State Water Survey Central Analytical Laboratory",538.0,0.00050,5,"2024-11-08","A",,
"971b87ee-bb51-414f-8126-20bfdcca0fd1","D16","MCRA","MCRA.AOS.S2","MCRA.SS.20241106.FIL","A00000447309","2024-11-06T16:15Z","2024-11-06T16:15Z","Illinois State Water Survey Central Analytical Laboratory",348.0,0.00702,5,"2024-11-08","A",,
"291a9057-8ecf-4f55-9caf-2dac9646ede7","D16","MCRA","MCRA.AOS.S2","MCRA.SS.20241106.FIL","A00000447309","2024-11-06T16:15Z","2024-11-06T16:15Z","Illinois State Water Survey Central Analytical Laboratory",452.0,0.00132,5,"2024-11-08","A",,
"992e0dea-f2d7-4c66-b565-9efc14d94199","D16","MCRA","MCRA.AOS.S2","MCRA.SS.20241106.FIL","A00000447309","2024-11-06T16:15Z","2024-11-06T16:15Z","Illinois State Water Survey Central Analytical Laboratory",596.0,0.00026,5,"2024-11-08","B",,
"f8c6cb42-3335-4078-b963-451b8e3a9e81","D16","MCRA","MCRA.AOS.S2","MCRA.SS.20241106.FIL","A00000447309","2024-11-06T16:15Z","2024-11-06T16:15Z","Illinois State Water Survey Central Analytical Laboratory",308.0,0.01348,5,"2024-11-08","A",,
"01ebc294-39c0-492d-883d-af78e0cb8142","D16","MCRA","MCRA.AOS.S2","MCRA.SS.20241106.FIL","A00000447309","2024-11-06T16:15Z","2024-11-06T16:15Z","Illinois State Water Survey Central Analytical Laboratory",484.0,0.00098,5,"2024-11-08","A",,
"0c8c9ab3-8180-4600-a4cb-81efb5e07d2f","D16","MCRA","MCRA.AOS.S2","MCRA.SS.20241106.FIL","A00000447309","2024-11-06T16:15Z","2024-11-06T16:15Z","Illinois State Water Survey Central Analytical Laboratory",312.0,0.01270,5,"2024-11-08","B",,
"4ee56518-f6c1-44d6-a41a-5ec9d91b3cf9","D16","MCRA","MCRA.AOS.S2","MCRA.SS.20241106.FIL","A00000447309","2024-11-06T16:15Z","2024-11-06T16:15Z","Illinois State Water Survey Central Analytical Laboratory",538.0,0.00046,5,"2024-11-08","B",,
"34f71ebc-7972-4171-9e84-d8b689094b17","D16","MCRA","MCRA.AOS.S2","MCRA.SS.20241106.FIL","A00000447309","2024-11-06T16:15Z","2024-11-06T16:15Z","Illinois State Water Survey Central Analytical Laboratory",230.0,0.04380,5,"2024-11-08","B",,
"922106f8-45b5-4ad1-a41a-71e4e225d557","D16","MCRA","MCRA.AOS.S2","MCRA.SS.20241106.FIL","A00000447309","2024-11-06T16:15Z","2024-11-06T16:15Z","Illinois State Water Survey Central Analytical Laboratory",554.0,0.00040,5,"2024-11-08","A",,
"ea6937c9-7f41-4aba-ac34-94c6cae9372f","D16","MCRA","MCRA.AOS.S2","MCRA.SS.20241106.FIL","A00000447309","2024-11-06T16:15Z","2024-11-06T16:15Z","Illinois State Water Survey Central Analytical Laboratory",402.0,0.00292,5,"2024-11-08","A",,
"ea2646cd-d7ad-4a20-9ea8-d078e50accc5","D16","MCRA","MCRA.AOS.S2","MCRA.SS.20241106.FIL","A00000447309","2024-11-06T16:15Z","2024-11-06T16:15Z","Illinois State Water Survey Central Analytical Laboratory",346.0,0.00728,5,"2024-11-08","B",,
"f7c09d1b-6eff-4495-9118-2cd5c0a51532","D16","MCRA","MCRA.AOS.S2","MCRA.SS.20241106.FIL","A00000447309","2024-11-06T16:15Z","2024-11-06T16:15Z","Illinois State Water Survey Central Analytical Laboratory",324.0,0.01056,5,"2024-11-08","B",,
"2a90c0e6-5802-4f32-b490-466146eb6175","D16","MCRA","MCRA.AOS.S2","MCRA.SS.20241106.FIL","A00000447309","2024-11-06T16:15Z","2024-11-06T16:15Z","Illinois State Water Survey Central Analytical Laboratory",244.0,0.03034,5,"2024-11-08","A",,
"ad05adf0-d30f-4b75-bbbb-ad829fc5711a","D16","MCRA","MCRA.AOS.S2","MCRA.SS.20241106.FIL","A00000447309","2024-11-06T16:15Z","2024-11-06T16:15Z","Illinois State Water Survey Central Analytical Laboratory",394.0,0.00322,5,"2024-11-08","A",,
"b212d8e2-4aeb-425a-8f12-1316389c7dc0","D16","MCRA","MCRA.AOS.S2","MCRA.SS.20241106.FIL","A00000447309","2024-11-06T16:15Z","2024-11-06T16:15Z","Illinois State Water Survey Central Analytical Laboratory",466.0,0.00110,5,"2024-11-08","A",,
"7366ba80-461b-45b9-9cc1-1e988903330d","D16","MCRA","MCRA.AOS.S2","MCRA.SS.20241106.FIL","A00000447309","2024-11-06T16:15Z","2024-11-06T16:15Z","Illinois State Water Survey Central Analytical Laboratory",474.0,0.00106,5,"2024-11-08","A",,
"2031b7dc-b238-497b-8158-57a10c90e8f6","D16","MCRA","MCRA.AOS.S2","MCRA.SS.20241106.FIL","A00000447309","2024-11-06T16:15Z","2024-11-06T16:15Z","Illinois State Water Survey Central Analytical Laboratory",374.0,0.00452,5,"2024-11-08","A",,
"6c906439-0dd3-45f3-ad38-824a79f2052c","D16","MCRA","MCRA.AOS.S2","MCRA.SS.20241106.FIL","A00000447309","2024-11-06T16:15Z","2024-11-06T16:15Z","Illinois State Water Survey Central Analytical Laboratory",352.0,0.00658,5,"2024-11-08","A",,
"da0335f0-bf65-43e0-9362-0f532dac2e26","D16","MCRA","MCRA.AOS.S2","MCRA.SS.20241106.FIL","A00000447309","2024-11-06T16:15Z","2024-11-06T16:15Z","Illinois State Water Survey Central Analytical Laboratory",394.0,0.00318,5,"2024-11-08","B",,
"26d57df8-c09f-49cd-9b3c-86bbf705ec7b","D16","MCRA","MCRA.AOS.S2","MCRA.SS.20241106.FIL","A00000447309","2024-11-06T16:15Z","2024-11-06T16:15Z","Illinois State Water Survey Central Analytical Laboratory",528.0,0.00058,5,"2024-11-08","A",,
"d8b731fe-2096-462a-98c2-e38ace5d220a","D16","MCRA","MCRA.AOS.S2","MCRA.SS.20241106.FIL","A00000447309","2024-11-06T16:15Z","2024-11-06T16:15Z","Illinois State Water Survey Central Analytical Laboratory",472.0,0.00100,5,"2024-11-08","B",,
"167edf35-541c-4c9e-a585-9bc3ba993014","D16","MCRA","MCRA.AOS.S2","MCRA.SS.20241106.FIL","A00000447309","2024-11-06T16:15Z","2024-11-06T16:15Z","Illinois State Water Survey Central Analytical Laboratory",412.0,0.00232,5,"2024-11-08","B",,
"bf8de28b-78d5-4fa0-979d-9f7c92ccb5a7","D16","MCRA","MCRA.AOS.S2","MCRA.SS.20241106.FIL","A00000447309","2024-11-06T16:15Z","2024-11-06T16:15Z","Illinois State Water Survey Central Analytical Laboratory",468.0,0.00104,5,"2024-11-08","B",,
"a1f46464-47a2-4f55-81cd-a92072e3b67b","D16","MCRA","MCRA.AOS.S2","MCRA.SS.20241106.FIL","A00000447309","2024-11-06T16:15Z","2024-11-06T16:15Z","Illinois State Water Survey Central Analytical Laboratory",494.0,0.00072,5,"2024-11-08","B",,
"732a58a1-acc4-4529-ba8a-f86e5a900df0","D16","MCRA","MCRA.AOS.S2","MCRA.SS.20241106.FIL","A00000447309","2024-11-06T16:15Z","2024-11-06T16:15Z","Illinois State Water Survey Central Analytical Laboratory",590.0,0.00024,5,"2024-11-08","B",,
"0e78b44c-f70b-4aa3-b663-fbc431180c39","D16","MCRA","MCRA.AOS.S2","MCRA.SS.20241106.FIL","A00000447309","2024-11-06T16:15Z","2024-11-06T16:15Z","Illinois State Water Survey Central Analytical Laboratory",492.0,0.00090,5,"2024-11-08","A",,
"33fae734-3ffd-49ea-a71a-a20cef161c12","D16","MCRA","MCRA.AOS.S2","MCRA.SS.20241106.FIL","A00000447309","2024-11-06T16:15Z","2024-11-06T16:15Z","Illinois State Water Survey Central Analytical Laboratory",544.0,0.00044,5,"2024-11-08","B",,
"a8e5e7a1-cc25-4b54-abbf-71120513e58a","D16","MCRA","MCRA.AOS.S2","MCRA.SS.20241106.FIL","A00000447309","2024-11-06T16:15Z","2024-11-06T16:15Z","Illinois State Water Survey Central Analytical Laboratory",488.0,0.00088,5,"2024-11-08","B",,
"421f62c2-d125-4722-a8d8-8166c6dde0d9","D16","MCRA","MCRA.AOS.S2","MCRA.SS.20241106.FIL","A00000447309","2024-11-06T16:15Z","2024-11-06T16:15Z","Illinois State Water Survey Central Analytical Laboratory",258.0,0.02564,5,"2024-11-08","A",,
"164a9b70-fafa-4624-a622-82479259a3e4","D16","MCRA","MCRA.AOS.S2","MCRA.SS.20241106.FIL","A00000447309","2024-11-06T16:15Z","2024-11-06T16:15Z","Illinois State Water Survey Central Analytical Laboratory",384.0,0.00380,5,"2024-11-08","A",,
"47c2f490-205a-41dc-a29a-920cc1c05065","D16","MCRA","MCRA.AOS.S2","MCRA.SS.20241106.FIL","A00000447309","2024-11-06T16:15Z","2024-11-06T16:15Z","Illinois State Water Survey Central Analytical Laboratory",320.0,0.01128,5,"2024-11-08","A",,
"91955495-7cb0-49a5-b2c7-f5c58450a2d1","D16","MCRA","MCRA.AOS.S2","MCRA.SS.20241106.FIL","A00000447309","2024-11-06T16:15Z","2024-11-06T16:15Z","Illinois State Water Survey Central Analytical Laboratory",520.0,0.00060,5,"2024-11-08","A",,
"34733438-83ca-49c9-aca3-b634ed7e578a","D16","MCRA","MCRA.AOS.S2","MCRA.SS.20241106.FIL","A00000447309","2024-11-06T16:15Z","2024-11-06T16:15Z","Illinois State Water Survey Central Analytical Laboratory",576.0,0.00034,5,"2024-11-08","A",,
"52499bc1-3868-4a8e-b848-2f72ad70d3dd","D16","MCRA","MCRA.AOS.S2","MCRA.SS.20241106.FIL","A00000447309","2024-11-06T16:15Z","2024-11-06T16:15Z","Illinois State Water Survey Central Analytical Laboratory",496.0,0.00080,5,"2024-11-08","A",,
"f7aa050a-ef68-464a-a3c8-41888d857fe8","D16","MCRA","MCRA.AOS.S2","MCRA.SS.20241106.FIL","A00000447309","2024-11-06T16:15Z","2024-11-06T16:15Z","Illinois State Water Survey Central Analytical Laboratory",278.0,0.02090,5,"2024-11-08","A",,
"0f931267-e570-4be1-943a-24cc0dd90810","D16","MCRA","MCRA.AOS.S2","MCRA.SS.20241106.FIL","A00000447309","2024-11-06T16:15Z","2024-11-06T16:15Z","Illinois State Water Survey Central Analytical Laboratory",456.0,0.00124,5,"2024-11-08","A",,
"07789dc2-2c97-423f-a6bf-34fb417a99ce","D16","MCRA","MCRA.AOS.S2","MCRA.SS.20241106.FIL","A00000447309","2024-11-06T16:15Z","2024-11-06T16:15Z","Illinois State Water Survey Central Analytical Laboratory",578.0,0.00026,5,"2024-11-08","B",,
"9a48265d-7d73-474f-9a19-e3f426f3afaf","D16","MCRA","MCRA.AOS.S2","MCRA.SS.20241106.FIL","A00000447309","2024-11-06T16:15Z","2024-11-06T16:15Z","Illinois State Water Survey Central Analytical Laboratory",282.0,0.01986,5,"2024-11-08","B",,
"bba3c83d-50ac-48a3-875c-60ca9c2cac5d","D16","MCRA","MCRA.AOS.S2","MCRA.SS.20241106.FIL","A00000447309","2024-11-06T16:15Z","2024-11-06T16:15Z","Illinois State Water Survey Central Analytical Laboratory",344.0,0.00752,5,"2024-11-08","A",,
"9086163d-410b-4de0-8096-9823bb886c9a","D16","MCRA","MCRA.AOS.S2","MCRA.SS.20241106.FIL","A00000447309","2024-11-06T16:15Z","2024-11-06T16:15Z","Illinois State Water Survey Central Analytical Laboratory",486.0,0.00086,5,"2024-11-08","B",,
"204d9f55-fc20-4be2-999e-d201a6765089","D16","MCRA","MCRA.AOS.S2","MCRA.SS.20241106.FIL","A00000447309","2024-11-06T16:15Z","2024-11-06T16:15Z","Illinois State Water Survey Central Analytical Laboratory",280.0,0.02036,5,"2024-11-08","B",,
"c57277e0-d7f3-4db0-a4a0-ff560813be81","D16","MCRA","MCRA.AOS.S2","MCRA.SS.20241106.FIL","A00000447309","2024-11-06T16:15Z","2024-11-06T16:15Z","Illinois State Water Survey Central Analytical Laboratory",416.0,0.00216,5,"2024-11-08","B",,
"ec10eb5e-ab30-49d1-a03d-41e1b608f6f4","D16","MCRA","MCRA.AOS.S2","MCRA.SS.20241106.FIL","A00000447309","2024-11-06T16:15Z","2024-11-06T16:15Z","Illinois State Water Survey Central Analytical Laboratory",454.0,0.00130,5,"2024-11-08","A",,
"0caf5438-15cb-49bb-8985-31caa344b7b7","D16","MCRA","MCRA.AOS.S2","MCRA.SS.20241106.FIL","A00000447309","2024-11-06T16:15Z","2024-11-06T16:15Z","Illinois State Water Survey Central Analytical Laboratory",586.0,0.00028,5,"2024-11-08","A",,
"f6d7a414-f2fa-434d-82c3-a2a975f7bdfd","D16","MCRA","MCRA.AOS.S2","MCRA.SS.20241106.FIL","A00000447309","2024-11-06T16:15Z","2024-11-06T16:15Z","Illinois State Water Survey Central Analytical Laboratory",382.0,0.00388,5,"2024-11-08","B",,
"15f98332-0a8b-4a30-bac6-7ef3069123ac","D16","MCRA","MCRA.AOS.S2","MCRA.SS.20241106.FIL","A00000447309","2024-11-06T16:15Z","2024-11-06T16:15Z","Illinois State Water Survey Central Analytical Laboratory",360.0,0.00576,5,"2024-11-08","A",,
"e63fcee7-8a18-4254-b207-c4d46fdd00a2","D16","MCRA","MCRA.AOS.S2","MCRA.SS.20241106.FIL","A00000447309","2024-11-06T16:15Z","2024-11-06T16:15Z","Illinois State Water Survey Central Analytical Laboratory",560.0,0.00036,5,"2024-11-08","A",,
"ba7c014c-17ef-420e-9e6d-64b5a7d9ff47","D16","MCRA","MCRA.AOS.S2","MCRA.SS.20241106.FIL","A00000447309","2024-11-06T16:15Z","2024-11-06T16:15Z","Illinois State Water Survey Central Analytical Laboratory",462.0,0.00108,5,"2024-11-08","B",,
"1e124f9e-82cd-4ddd-8a91-2848a55b98d8","D16","MCRA","MCRA.AOS.S2","MCRA.SS.20241106.FIL","A00000447309","2024-11-06T16:15Z","2024-11-06T16:15Z","Illinois State Water Survey Central Analytical Laboratory",376.0,0.00436,5,"2024-11-08","A",,
"083f98df-bebf-4fe1-9688-a85b340f307c","D16","MCRA","MCRA.AOS.S2","MCRA.SS.20241106.FIL","A00000447309","2024-11-06T16:15Z","2024-11-06T16:15Z","Illinois State Water Survey Central Analytical Laboratory",316.0,0.01198,5,"2024-11-08","A",,
"8a7ddc30-00f8-4de5-b36b-04407faa4dc5","D16","MCRA","MCRA.AOS.S2","MCRA.SS.20241106.FIL","A00000447309","2024-11-06T16:15Z","2024-11-06T16:15Z","Illinois State Water Survey Central Analytical Laboratory",302.0,0.01472,5,"2024-11-08","B",,
"1b29c425-2743-4995-86fc-8b4abe16b2f1","D16","MCRA","MCRA.AOS.S2","MCRA.SS.20241106.FIL","A00000447309","2024-11-06T16:15Z","2024-11-06T16:15Z","Illinois State Water Survey Central Analytical Laboratory",444.0,0.00150,5,"2024-11-08","A",,
"bffbf0f4-f8a9-45eb-a598-0e8c35c730b5","D16","MCRA","MCRA.AOS.S2","MCRA.SS.20241106.FIL","A00000447309","2024-11-06T16:15Z","2024-11-06T16:15Z","Illinois State Water Survey Central Analytical Laboratory",458.0,0.00118,5,"2024-11-08","B",,
"3a00b396-3d25-45c8-a3e4-c73fe8001b7e","D16","MCRA","MCRA.AOS.S2","MCRA.SS.20241106.FIL","A00000447309","2024-11-06T16:15Z","2024-11-06T16:15Z","Illinois State Water Survey Central Analytical Laboratory",300.0,0.01516,5,"2024-11-08","B",,
"932385a2-d4e3-45b7-875b-28b8176477a6","D16","MCRA","MCRA.AOS.S2","MCRA.SS.20241106.FIL","A00000447309","2024-11-06T16:15Z","2024-11-06T16:15Z","Illinois State Water Survey Central Analytical Laboratory",354.0,0.00638,5,"2024-11-08","A",,
"426debd2-e54a-40f3-ae80-fd70ca50a89b","D16","MCRA","MCRA.AOS.S2","MCRA.SS.20241106.FIL","A00000447309","2024-11-06T16:15Z","2024-11-06T16:15Z","Illinois State Water Survey Central Analytical Laboratory",490.0,0.00078,5,"2024-11-08","B",,
"0ecf76bf-5885-4436-93d0-dc1949fd8775","D16","MCRA","MCRA.AOS.S2","MCRA.SS.20241106.FIL","A00000447309","2024-11-06T16:15Z","2024-11-06T16:15Z","Illinois State Water Survey Central Analytical Laboratory",328.0,0.00986,5,"2024-11-08","B",,
"ce61142e-b2bc-4145-b77b-8d87e8a5f059","D16","MCRA","MCRA.AOS.S2","MCRA.SS.20241106.FIL","A00000447309","2024-11-06T16:15Z","2024-11-06T16:15Z","Illinois State Water Survey Central Analytical Laboratory",364.0,0.00538,5,"2024-11-08","A",,
"4441c7f2-3e4b-4a08-9d39-5bba33c42796","D16","MCRA","MCRA.AOS.S2","MCRA.SS.20241106.FIL","A00000447309","2024-11-06T16:15Z","2024-11-06T16:15Z","Illinois State Water Survey Central Analytical Laboratory",242.0,0.03126,5,"2024-11-08","A",,
"52241629-e4d4-4fad-8586-2e8491f744d7","D16","MCRA","MCRA.AOS.S2","MCRA.SS.20241106.FIL","A00000447309","2024-11-06T16:15Z","2024-11-06T16:15Z","Illinois State Water Survey Central Analytical Laboratory",490.0,0.00086,5,"2024-11-08","A",,
"3573d951-7f9e-4ef3-89ac-b81121563b31","D16","MCRA","MCRA.AOS.S2","MCRA.SS.20241106.FIL","A00000447309","2024-11-06T16:15Z","2024-11-06T16:15Z","Illinois State Water Survey Central Analytical Laboratory",436.0,0.00170,5,"2024-11-08","A",,
"40008e53-3748-4219-970a-092abcba7424","D16","MCRA","MCRA.AOS.S2","MCRA.SS.20241106.FIL","A00000447309","2024-11-06T16:15Z","2024-11-06T16:15Z","Illinois State Water Survey Central Analytical Laboratory",300.0,0.01516,5,"2024-11-08","A",,
"a87ebc0c-c088-4cec-9cba-f84a2ee445f7","D16","MCRA","MCRA.AOS.S2","MCRA.SS.20241106.FIL","A00000447309","2024-11-06T16:15Z","2024-11-06T16:15Z","Illinois State Water Survey Central Analytical Laboratory",414.0,0.00228,5,"2024-11-08","A",,
"8e7d6b81-114e-4e5f-a432-f5d40a78413a","D16","MCRA","MCRA.AOS.S2","MCRA.SS.20241106.FIL","A00000447309","2024-11-06T16:15Z","2024-11-06T16:15Z","Illinois State Water Survey Central Analytical Laboratory",366.0,0.00514,5,"2024-11-08","B",,
"df63a69a-bc45-4f25-8b64-70ffa0d68faf","D16","MCRA","MCRA.AOS.S2","MCRA.SS.20241106.FIL","A00000447309","2024-11-06T16:15Z","2024-11-06T16:15Z","Illinois State Water Survey Central Analytical Laboratory",428.0,0.00190,5,"2024-11-08","A",,
"34eea02c-d759-4f5d-9b50-e58943944b8f","D16","MCRA","MCRA.AOS.S2","MCRA.SS.20241106.FIL","A00000447309","2024-11-06T16:15Z","2024-11-06T16:15Z","Illinois State Water Survey Central Analytical Laboratory",442.0,0.00156,5,"2024-11-08","B",,
"4646d289-8d44-454f-a080-4bfeb47aee41","D16","MCRA","MCRA.AOS.S2","MCRA.SS.20241106.FIL","A00000447309","2024-11-06T16:15Z","2024-11-06T16:15Z","Illinois State Water Survey Central Analytical Laboratory",460.0,0.00114,5,"2024-11-08","B",,
"43eda9ba-7f60-4b8e-810f-60eda7a16f03","D16","MCRA","MCRA.AOS.S2","MCRA.SS.20241106.FIL","A00000447309","2024-11-06T16:15Z","2024-11-06T16:15Z","Illinois State Water Survey Central Analytical Laboratory",272.0,0.02234,5,"2024-11-08","A",,
"24842eb3-cc6f-4df7-8aff-3feccaa67d42","D16","MCRA","MCRA.AOS.S2","MCRA.SS.20241106.FIL","A00000447309","2024-11-06T16:15Z","2024-11-06T16:15Z","Illinois State Water Survey Central Analytical Laboratory",540.0,0.00050,5,"2024-11-08","A",,
"0655ba0f-b2e7-4e41-8da1-634401fd84fb","D16","MCRA","MCRA.AOS.S2","MCRA.SS.20241106.FIL","A00000447309","2024-11-06T16:15Z","2024-11-06T16:15Z","Illinois State Water Survey Central Analytical Laboratory",556.0,0.00038,5,"2024-11-08","B",,
"ffed63b9-78a5-41a5-9634-f4cdc036f2eb","D16","MCRA","MCRA.AOS.S2","MCRA.SS.20241106.FIL","A00000447309","2024-11-06T16:15Z","2024-11-06T16:15Z","Illinois State Water Survey Central Analytical Laboratory",290.0,0.01772,5,"2024-11-08","B",,
"dd6787e2-68ea-4d52-92dc-8ba08cb60ca9","D16","MCRA","MCRA.AOS.S2","MCRA.SS.20241106.FIL","A00000447309","2024-11-06T16:15Z","2024-11-06T16:15Z","Illinois State Water Survey Central Analytical Laboratory",360.0,0.00572,5,"2024-11-08","B",,
"7155624a-f3bd-4185-8599-1284b4a1566b","D16","MCRA","MCRA.AOS.S2","MCRA.SS.20241106.FIL","A00000447309","2024-11-06T16:15Z","2024-11-06T16:15Z","Illinois State Water Survey Central Analytical Laboratory",450.0,0.00136,5,"2024-11-08","A",,
"d27f6e3d-2ba0-4f43-b95e-f784cf3de523","D16","MCRA","MCRA.AOS.S2","MCRA.SS.20241106.FIL","A00000447309","2024-11-06T16:15Z","2024-11-06T16:15Z","Illinois State Water Survey Central Analytical Laboratory",370.0,0.00480,5,"2024-11-08","B",,
"83e0b438-32d2-4104-9a0d-2221c18ea95e","D16","MCRA","MCRA.AOS.S2","MCRA.SS.20241106.FIL","A00000447309","2024-11-06T16:15Z","2024-11-06T16:15Z","Illinois State Water Survey Central Analytical Laboratory",230.0,0.04384,5,"2024-11-08","A",,
"0d6a28f7-b5ee-4dfa-b20b-a9d1fec387ca","D16","MCRA","MCRA.AOS.S2","MCRA.SS.20241106.FIL","A00000447309","2024-11-06T16:15Z","2024-11-06T16:15Z","Illinois State Water Survey Central Analytical Laboratory",516.0,0.00060,5,"2024-11-08","A",,
"2a04e006-faba-4344-8390-fdca967424f0","D16","MCRA","MCRA.AOS.S2","MCRA.SS.20241106.FIL","A00000447309","2024-11-06T16:15Z","2024-11-06T16:15Z","Illinois State Water Survey Central Analytical Laboratory",250.0,0.02790,5,"2024-11-08","B",,
"858f8871-8229-4157-b46e-45561b143e6d","D16","MCRA","MCRA.AOS.S2","MCRA.SS.20241106.FIL","A00000447309","2024-11-06T16:15Z","2024-11-06T16:15Z","Illinois State Water Survey Central Analytical Laboratory",342.0,0.00776,5,"2024-11-08","B",,
"793cf56f-da12-4137-afd6-939cf5aa37f5","D16","MCRA","MCRA.AOS.S2","MCRA.SS.20241106.FIL","A00000447309","2024-11-06T16:15Z","2024-11-06T16:15Z","Illinois State Water Survey Central Analytical Laboratory",318.0,0.01160,5,"2024-11-08","A",,
"57328044-6d94-4662-9d0d-b929531906d3","D16","MCRA","MCRA.AOS.S2","MCRA.SS.20241106.FIL","A00000447309","2024-11-06T16:15Z","2024-11-06T16:15Z","Illinois State Water Survey Central Analytical Laboratory",340.0,0.00806,5,"2024-11-08","B",,
"18d722cf-f00f-40c4-a88f-c2a160fb2fa3","D16","MCRA","MCRA.AOS.S2","MCRA.SS.20241106.FIL","A00000447309","2024-11-06T16:15Z","2024-11-06T16:15Z","Illinois State Water Survey Central Analytical Laboratory",428.0,0.00186,5,"2024-11-08","B",,
"27ba6347-d6af-4fe3-93ce-b7439c07ad82","D16","MCRA","MCRA.AOS.S2","MCRA.SS.20241106.FIL","A00000447309","2024-11-06T16:15Z","2024-11-06T16:15Z","Illinois State Water Survey Central Analytical Laboratory",242.0,0.03126,5,"2024-11-08","B",,
"d9a82dfa-00a3-4d7c-9459-faa670738554","D16","MCRA","MCRA.AOS.S2","MCRA.SS.20241106.FIL","A00000447309","2024-11-06T16:15Z","2024-11-06T16:15Z","Illinois State Water Survey Central Analytical Laboratory",442.0,0.00158,5,"2024-11-08","A",,
"2292f167-68ce-47fc-a5b4-fde3143a1abf","D16","MCRA","MCRA.AOS.S2","MCRA.SS.20241106.FIL","A00000447309","2024-11-06T16:15Z","2024-11-06T16:15Z","Illinois State Water Survey Central Analytical Laboratory",422.0,0.00204,5,"2024-11-08","B",,
"8c6c5d12-9131-4eef-b4ef-b083ccb6cb03","D16","MCRA","MCRA.AOS.S2","MCRA.SS.20241106.FIL","A00000447309","2024-11-06T16:15Z","2024-11-06T16:15Z","Illinois State Water Survey Central Analytical Laboratory",592.0,0.00038,5,"2024-11-08","B",,
"1414afad-e8d2-4a64-a63f-7ada292a6687","D16","MCRA","MCRA.AOS.S2","MCRA.SS.20241106.FIL","A00000447309","2024-11-06T16:15Z","2024-11-06T16:15Z","Illinois State Water Survey Central Analytical Laboratory",430.0,0.00186,5,"2024-11-08","B",,
"cb6707ad-aa86-4700-a4a6-d118aacd9191","D16","MCRA","MCRA.AOS.S2","MCRA.SS.20241106.FIL","A00000447309","2024-11-06T16:15Z","2024-11-06T16:15Z","Illinois State Water Survey Central Analytical Laboratory",388.0,0.00348,5,"2024-11-08","B",,
"adcce288-7789-4420-b36c-91c07bc0bf34","D16","MCRA","MCRA.AOS.S2","MCRA.SS.20241106.FIL","A00000447309","2024-11-06T16:15Z","2024-11-06T16:15Z","Illinois State Water Survey Central Analytical Laboratory",470.0,0.00100,5,"2024-11-08","B",,
"32925363-5e2f-435f-950f-faacd80cc404","D16","MCRA","MCRA.AOS.S2","MCRA.SS.20241106.FIL","A00000447309","2024-11-06T16:15Z","2024-11-06T16:15Z","Illinois State Water Survey Central Analytical Laboratory",524.0,0.00058,5,"2024-11-08","A",,
"57be02bf-9eba-435d-9a77-f8b71085a33b","D16","MCRA","MCRA.AOS.S2","MCRA.SS.20241106.FIL","A00000447309","2024-11-06T16:15Z","2024-11-06T16:15Z","Illinois State Water Survey Central Analytical Laboratory",498.0,0.00078,5,"2024-11-08","A",,
"22a2ecf7-85f6-47d2-8037-2e60344ba8a1","D16","MCRA","MCRA.AOS.S2","MCRA.SS.20241106.FIL","A00000447309","2024-11-06T16:15Z","2024-11-06T16:15Z","Illinois State Water Survey Central Analytical Laboratory",420.0,0.00214,5,"2024-11-08","A",,
"f266662e-b3ba-4e19-a7ce-a27b5ae3ae88","D16","MCRA","MCRA.AOS.S2","MCRA.SS.20241106.FIL","A00000447309","2024-11-06T16:15Z","2024-11-06T16:15Z","Illinois State Water Survey Central Analytical Laboratory",530.0,0.00050,5,"2024-11-08","B",,
"8c8f33f3-d395-45de-8760-e967f2aa8164","D16","MCRA","MCRA.AOS.S2","MCRA.SS.20241106.FIL","A00000447309","2024-11-06T16:15Z","2024-11-06T16:15Z","Illinois State Water Survey Central Analytical Laboratory",334.0,0.00894,5,"2024-11-08","B",,
"1d9d1b1f-5a8d-4a15-b002-47c102616392","D16","MCRA","MCRA.AOS.S2","MCRA.SS.20241106.FIL","A00000447309","2024-11-06T16:15Z","2024-11-06T16:15Z","Illinois State Water Survey Central Analytical Laboratory",356.0,0.00608,5,"2024-11-08","B",,
"1d1040bb-5cf5-448e-8e40-7e8ce8291af3","D16","MCRA","MCRA.AOS.S2","MCRA.SS.20241106.FIL","A00000447309","2024-11-06T16:15Z","2024-11-06T16:15Z","Illinois State Water Survey Central Analytical Laboratory",460.0,0.00120,5,"2024-11-08","A",,
"dd65b2d9-ee05-4f96-a092-4573d094adeb","D16","MCRA","MCRA.AOS.S2","MCRA.SS.20241106.FIL","A00000447309","2024-11-06T16:15Z","2024-11-06T16:15Z","Illinois State Water Survey Central Analytical Laboratory",362.0,0.00556,5,"2024-11-08","B",,
"c0b8a237-4aec-47a3-aebe-68e0ff59765f","D16","MCRA","MCRA.AOS.S2","MCRA.SS.20241106.FIL","A00000447309","2024-11-06T16:15Z","2024-11-06T16:15Z","Illinois State Water Survey Central Analytical Laboratory",278.0,0.02088,5,"2024-11-08","B",,
"7154a45d-bdbb-47f8-8fa9-20615780ab87","D16","MCRA","MCRA.AOS.S2","MCRA.SS.20241106.FIL","A00000447309","2024-11-06T16:15Z","2024-11-06T16:15Z","Illinois State Water Survey Central Analytical Laboratory",366.0,0.00526,5,"2024-11-08","A",,
"e64d4394-8dae-4bba-a0db-1bcd46537e4e","D16","MCRA","MCRA.AOS.S2","MCRA.SS.20241106.FIL","A00000447309","2024-11-06T16:15Z","2024-11-06T16:15Z","Illinois State Water Survey Central Analytical Laboratory",466.0,0.00102,5,"2024-11-08","B",,
"2eefb37f-6189-464c-87a7-59aabf91854c","D16","MCRA","MCRA.AOS.S2","MCRA.SS.20241106.FIL","A00000447309","2024-11-06T16:15Z","2024-11-06T16:15Z","Illinois State Water Survey Central Analytical Laboratory",220.0,0.07130,5,"2024-11-08","B",,
"9dae0f44-a265-4108-b281-fad93b11625b","D16","MCRA","MCRA.AOS.S2","MCRA.SS.20241106.FIL","A00000447309","2024-11-06T16:15Z","2024-11-06T16:15Z","Illinois State Water Survey Central Analytical Laboratory",516.0,0.00060,5,"2024-11-08","B",,
"a4e81ab5-3000-4461-968c-7355d2df50b4","D16","MCRA","MCRA.AOS.S2","MCRA.SS.20241106.FIL","A00000447309","2024-11-06T16:15Z","2024-11-06T16:15Z","Illinois State Water Survey Central Analytical Laboratory",302.0,0.01472,5,"2024-11-08","A",,
"9d42483a-f78a-489b-aad4-cd87f6eb39be","D16","MCRA","MCRA.AOS.S2","MCRA.SS.20241106.FIL","A00000447309","2024-11-06T16:15Z","2024-11-06T16:15Z","Illinois State Water Survey Central Analytical Laboratory",504.0,0.00076,5,"2024-11-08","A",,
"0887717b-c64d-4e2f-a13e-541429c6e98e","D16","MCRA","MCRA.AOS.S2","MCRA.SS.20241106.FIL","A00000447309","2024-11-06T16:15Z","2024-11-06T16:15Z","Illinois State Water Survey Central Analytical Laboratory",260.0,0.02520,5,"2024-11-08","B",,
"ed912ac6-5894-47ba-a967-f0a4c29be93e","D16","MCRA","MCRA.AOS.S2","MCRA.SS.20241106.FIL","A00000447309","2024-11-06T16:15Z","2024-11-06T16:15Z","Illinois State Water Survey Central Analytical Laboratory",406.0,0.00272,5,"2024-11-08","A",,
"a39d4eb7-624d-480d-998c-5e8ccae14da6","D16","MCRA","MCRA.AOS.S2","MCRA.SS.20241106.FIL","A00000447309","2024-11-06T16:15Z","2024-11-06T16:15Z","Illinois State Water Survey Central Analytical Laboratory",288.0,0.01830,5,"2024-11-08","B",,
"8fbc587c-a54b-43a9-b11d-f2ed0b8e43e5","D16","MCRA","MCRA.AOS.S2","MCRA.SS.20241106.FIL","A00000447309","2024-11-06T16:15Z","2024-11-06T16:15Z","Illinois State Water Survey Central Analytical Laboratory",406.0,0.00268,5,"2024-11-08","B",,
"85a0b289-daf0-49ac-9e3d-0d32d39aa5e2","D16","MCRA","MCRA.AOS.S2","MCRA.SS.20241106.FIL","A00000447309","2024-11-06T16:15Z","2024-11-06T16:15Z","Illinois State Water Survey Central Analytical Laboratory",568.0,0.00030,5,"2024-11-08","A",,
"0cf13000-2f13-46b2-80c2-bed9376eea7e","D16","MCRA","MCRA.AOS.S2","MCRA.SS.20241106.FIL","A00000447309","2024-11-06T16:15Z","2024-11-06T16:15Z","Illinois State Water Survey Central Analytical Laboratory",358.0,0.00598,5,"2024-11-08","A",,
"d73c5292-92c9-40a6-980f-956215ff1c69","D16","MCRA","MCRA.AOS.S2","MCRA.SS.20241106.FIL","A00000447309","2024-11-06T16:15Z","2024-11-06T16:15Z","Illinois State Water Survey Central Analytical Laboratory",226.0,0.05174,5,"2024-11-08","B",,
"46aa902f-1fe6-4589-9d67-540eff478140","D16","MCRA","MCRA.AOS.S2","MCRA.SS.20241106.FIL","A00000447309","2024-11-06T16:15Z","2024-11-06T16:15Z","Illinois State Water Survey Central Analytical Laboratory",296.0,0.01610,5,"2024-11-08","A",,
"c76dfc0d-847e-418f-ae26-10a6b74f70a1","D16","MCRA","MCRA.AOS.S2","MCRA.SS.20241106.FIL","A00000447309","2024-11-06T16:15Z","2024-11-06T16:15Z","Illinois State Water Survey Central Analytical Laboratory",386.0,0.00362,5,"2024-11-08","B",,
"e3ae81f7-6914-4e9c-8ce2-38ea8ffc6da7","D16","MCRA","MCRA.AOS.S2","MCRA.SS.20241106.FIL","A00000447309","2024-11-06T16:15Z","2024-11-06T16:15Z","Illinois State Water Survey Central Analytical Laboratory",468.0,0.00110,5,"2024-11-08","A",,
"6d80012e-0f47-4823-8bcc-a215907013fa","D16","MCRA","MCRA.AOS.S2","MCRA.SS.20241106.FIL","A00000447309","2024-11-06T16:15Z","2024-11-06T16:15Z","Illinois State Water Survey Central Analytical Laboratory",254.0,0.02670,5,"2024-11-08","B",,
"53b5996b-de95-46e6-8385-c2f5939c2f82","D16","MCRA","MCRA.AOS.S2","MCRA.SS.20241106.FIL","A00000447309","2024-11-06T16:15Z","2024-11-06T16:15Z","Illinois State Water Survey Central Analytical Laboratory",400.0,0.00298,5,"2024-11-08","A",,
"3357f559-52c4-4176-a4bb-e52e7c5b54b9","D16","MCRA","MCRA.AOS.S2","MCRA.SS.20241106.FIL","A00000447309","2024-11-06T16:15Z","2024-11-06T16:15Z","Illinois State Water Survey Central Analytical Laboratory",292.0,0.01714,5,"2024-11-08","B",,
"ce5eba37-c716-4cc8-9a7d-9ac6bdebce7c","D16","MCRA","MCRA.AOS.S2","MCRA.SS.20241106.FIL","A00000447309","2024-11-06T16:15Z","2024-11-06T16:15Z","Illinois State Water Survey Central Analytical Laboratory",252.0,0.02722,5,"2024-11-08","A",,
"0be292a8-a846-4ffe-827d-e912dccffdb0","D16","MCRA","MCRA.AOS.S2","MCRA.SS.20241106.FIL","A00000447309","2024-11-06T16:15Z","2024-11-06T16:15Z","Illinois State Water Survey Central Analytical Laboratory",330.0,0.00954,5,"2024-11-08","A",,
"939a9f47-defc-4fba-8097-8c30d312be9d","D16","MCRA","MCRA.AOS.S2","MCRA.SS.20241106.FIL","A00000447309","2024-11-06T16:15Z","2024-11-06T16:15Z","Illinois State Water Survey Central Analytical Laboratory",528.0,0.00056,5,"2024-11-08","B",,
"3a3496b6-a152-4733-a7f3-00c8f698760d","D16","MCRA","MCRA.AOS.S2","MCRA.SS.20241106.FIL","A00000447309","2024-11-06T16:15Z","2024-11-06T16:15Z","Illinois State Water Survey Central Analytical Laboratory",376.0,0.00432,5,"2024-11-08","B",,
"650f88ad-9b06-4768-8625-bec8e69b0ead","D16","MCRA","MCRA.AOS.S2","MCRA.SS.20241106.FIL","A00000447309","2024-11-06T16:15Z","2024-11-06T16:15Z","Illinois State Water Survey Central Analytical Laboratory",522.0,0.00058,5,"2024-11-08","B",,
"6ec67d56-fa2d-42b1-a3ac-99a8634a9a68","D16","MCRA","MCRA.AOS.S2","MCRA.SS.20241106.FIL","A00000447309","2024-11-06T16:15Z","2024-11-06T16:15Z","Illinois State Water Survey Central Analytical Laboratory",314.0,0.01230,5,"2024-11-08","B",,
"ad8bcec9-cff4-4aa2-bc24-ff5512e9fb4b","D16","MCRA","MCRA.AOS.S2","MCRA.SS.20241106.FIL","A00000447309","2024-11-06T16:15Z","2024-11-06T16:15Z","Illinois State Water Survey Central Analytical Laboratory",290.0,0.01774,5,"2024-11-08","A",,
"21178d63-eab6-4110-a7bc-9d8c39b21f74","D16","MCRA","MCRA.AOS.S2","MCRA.SS.20241106.FIL","A00000447309","2024-11-06T16:15Z","2024-11-06T16:15Z","Illinois State Water Survey Central Analytical Laboratory",246.0,0.02928,5,"2024-11-08","B",,
"76b916ab-ff81-410d-a4b6-f6921391987b","D16","MCRA","MCRA.AOS.S2","MCRA.SS.20241106.FIL","A00000447309","2024-11-06T16:15Z","2024-11-06T16:15Z","Illinois State Water Survey Central Analytical Laboratory",424.0,0.00200,5,"2024-11-08","B",,
"9dc9e1cd-0098-4d91-b77e-7b9ff9384461","D16","MCRA","MCRA.AOS.S2","MCRA.SS.20241106.FIL","A00000447309","2024-11-06T16:15Z","2024-11-06T16:15Z","Illinois State Water Survey Central Analytical Laboratory",570.0,0.00036,5,"2024-11-08","A",,
"b101867e-a424-4f1f-abef-17a4b2e20018","D16","MCRA","MCRA.AOS.S2","MCRA.SS.20241106.FIL","A00000447309","2024-11-06T16:15Z","2024-11-06T16:15Z","Illinois State Water Survey Central Analytical Laboratory",388.0,0.00358,5,"2024-11-08","A",,
"17c8b6aa-51db-4c4f-a244-c7c44999b8fc","D16","MCRA","MCRA.AOS.S2","MCRA.SS.20241106.FIL","A00000447309","2024-11-06T16:15Z","2024-11-06T16:15Z","Illinois State Water Survey Central Analytical Laboratory",484.0,0.00092,5,"2024-11-08","B",,
"f4bf7275-a667-42ec-b230-dd36e59f94b0","D16","MCRA","MCRA.AOS.S2","MCRA.SS.20241106.FIL","A00000447309","2024-11-06T16:15Z","2024-11-06T16:15Z","Illinois State Water Survey Central Analytical Laboratory",500.0,0.00076,5,"2024-11-08","A",,
"bd8c0f98-76f6-4e6a-8033-4956bef64e10","D16","MCRA","MCRA.AOS.S2","MCRA.SS.20241106.FIL","A00000447309","2024-11-06T16:15Z","2024-11-06T16:15Z","Illinois State Water Survey Central Analytical Laboratory",398.0,0.00308,5,"2024-11-08","A",,
"ebd106ae-ec1c-48a2-952b-21728e99a860","D16","MCRA","MCRA.AOS.S2","MCRA.SS.20241106.FIL","A00000447309","2024-11-06T16:15Z","2024-11-06T16:15Z","Illinois State Water Survey Central Analytical Laboratory",350.0,0.00678,5,"2024-11-08","B",,
"f372c8f7-666f-4c99-82ce-fb87dd5e9bcb","D16","MCRA","MCRA.AOS.S2","MCRA.SS.20241106.FIL","A00000447309","2024-11-06T16:15Z","2024-11-06T16:15Z","Illinois State Water Survey Central Analytical Laboratory",452.0,0.00128,5,"2024-11-08","B",,
"c5e44f23-bef8-478b-81d5-f2f73b6fe7b0","D16","MCRA","MCRA.AOS.S2","MCRA.SS.20241106.FIL","A00000447309","2024-11-06T16:15Z","2024-11-06T16:15Z","Illinois State Water Survey Central Analytical Laboratory",418.0,0.00212,5,"2024-11-08","B",,
"9eb4a5ca-4689-4ff4-9ba4-b6def940ce85","D16","MCRA","MCRA.AOS.S2","MCRA.SS.20241106.FIL","A00000447309","2024-11-06T16:15Z","2024-11-06T16:15Z","Illinois State Water Survey Central Analytical Laboratory",392.0,0.00328,5,"2024-11-08","B",,
"02f423b2-28e6-41a4-846b-faa738b23ad2","D16","MCRA","MCRA.AOS.S2","MCRA.SS.20241106.FIL","A00000447309","2024-11-06T16:15Z","2024-11-06T16:15Z","Illinois State Water Survey Central Analytical Laboratory",542.0,0.00052,5,"2024-11-08","A",,
"77ca72bb-300c-474c-a964-bafc6e05b423","D16","MCRA","MCRA.AOS.S2","MCRA.SS.20241106.FIL","A00000447309","2024-11-06T16:15Z","2024-11-06T16:15Z","Illinois State Water Survey Central Analytical Laboratory",390.0,0.00344,5,"2024-11-08","A",,
"2cc12c65-a81f-4711-8041-76336cb2cb02","D16","MCRA","MCRA.AOS.S2","MCRA.SS.20241106.FIL","A00000447309","2024-11-06T16:15Z","2024-11-06T16:15Z","Illinois State Water Survey Central Analytical Laboratory",280.0,0.02036,5,"2024-11-08","A",,
"07caca7a-0d4a-411b-8066-a51f8c963513","D16","MCRA","MCRA.AOS.S2","MCRA.SS.20241106.FIL","A00000447309","2024-11-06T16:15Z","2024-11-06T16:15Z","Illinois State Water Survey Central Analytical Laboratory",574.0,0.00028,5,"2024-11-08","A",,
"7bb2055a-77ed-4c28-8682-4d06f450cc92","D16","MCRA","MCRA.AOS.S2","MCRA.SS.20241106.FIL","A00000447309","2024-11-06T16:15Z","2024-11-06T16:15Z","Illinois State Water Survey Central Analytical Laboratory",322.0,0.01088,5,"2024-11-08","B",,
"7133aa32-de52-416f-827c-f92f170c8418","D16","MCRA","MCRA.AOS.S2","MCRA.SS.20241106.FIL","A00000447309","2024-11-06T16:15Z","2024-11-06T16:15Z","Illinois State Water Survey Central Analytical Laboratory",248.0,0.02858,5,"2024-11-08","B",,
"7240b5fd-8c99-44ae-95a3-d8ce4fbd640f","D16","MCRA","MCRA.AOS.S2","MCRA.SS.20241106.FIL","A00000447309","2024-11-06T16:15Z","2024-11-06T16:15Z","Illinois State Water Survey Central Analytical Laboratory",562.0,0.00038,5,"2024-11-08","B",,
"d8f2eb9d-242a-4ade-80de-b44e6951d123","D16","MCRA","MCRA.AOS.S2","MCRA.SS.20241106.FIL","A00000447309","2024-11-06T16:15Z","2024-11-06T16:15Z","Illinois State Water Survey Central Analytical Laboratory",526.0,0.00058,5,"2024-11-08","B",,
"879771ec-dfcf-49c1-9ac1-c9eeed12b1ca","D16","MCRA","MCRA.AOS.S2","MCRA.SS.20241106.FIL","A00000447309","2024-11-06T16:15Z","2024-11-06T16:15Z","Illinois State Water Survey Central Analytical Laboratory",560.0,0.00034,5,"2024-11-08","B",,
"75cb5c8f-82df-4bcd-8291-d1f1676cd15f","D16","MCRA","MCRA.AOS.S2","MCRA.SS.20241106.FIL","A00000447309","2024-11-06T16:15Z","2024-11-06T16:15Z","Illinois State Water Survey Central Analytical Laboratory",588.0,0.00024,5,"2024-11-08","A",,
"44cc524e-7577-42ae-a2a1-25f59224ac94","D16","MCRA","MCRA.AOS.S2","MCRA.SS.20241106.FIL","A00000447309","2024-11-06T16:15Z","2024-11-06T16:15Z","Illinois State Water Survey Central Analytical Laboratory",470.0,0.00108,5,"2024-11-08","A",,
"f63ea6be-155b-4958-b398-f3cc4e4578af","D16","MCRA","MCRA.AOS.S2","MCRA.SS.20241106.FIL","A00000447309","2024-11-06T16:15Z","2024-11-06T16:15Z","Illinois State Water Survey Central Analytical Laboratory",314.0,0.01230,5,"2024-11-08","A",,
"a560b2ce-0494-4d77-a9ed-6be5c41befc5","D16","MCRA","MCRA.AOS.S2","MCRA.SS.20241106.FIL","A00000447309","2024-11-06T16:15Z","2024-11-06T16:15Z","Illinois State Water Survey Central Analytical Laboratory",334.0,0.00894,5,"2024-11-08","A",,
"d1470c9b-63fa-409d-bc71-69c4565f8de9","D16","MCRA","MCRA.AOS.S2","MCRA.SS.20241106.FIL","A00000447309","2024-11-06T16:15Z","2024-11-06T16:15Z","Illinois State Water Survey Central Analytical Laboratory",436.0,0.00168,5,"2024-11-08","B",,
"34d1fc55-0196-43fe-8fbe-fd729898af8d","D16","MCRA","MCRA.AOS.S2","MCRA.SS.20241106.FIL","A00000447309","2024-11-06T16:15Z","2024-11-06T16:15Z","Illinois State Water Survey Central Analytical Laboratory",574.0,0.00026,5,"2024-11-08","B",,
"8392d100-1a71-4821-b17c-6d7c2c980667","D16","MCRA","MCRA.AOS.S2","MCRA.SS.20241106.FIL","A00000447309","2024-11-06T16:15Z","2024-11-06T16:15Z","Illinois State Water Survey Central Analytical Laboratory",542.0,0.00052,5,"2024-11-08","B",,
"48501ea2-1ea5-466e-9f26-22c38d554211","D16","MCRA","MCRA.AOS.S2","MCRA.SS.20241106.FIL","A00000447309","2024-11-06T16:15Z","2024-11-06T16:15Z","Illinois State Water Survey Central Analytical Laboratory",326.0,0.01020,5,"2024-11-08","B",,
"2c5dca48-b8d2-48a1-ac23-ea0a157a94c4","D16","MCRA","MCRA.AOS.S2","MCRA.SS.20241106.FIL","A00000447309","2024-11-06T16:15Z","2024-11-06T16:15Z","Illinois State Water Survey Central Analytical Laboratory",414.0,0.00220,5,"2024-11-08","B",,
"5dbb74ad-3abb-4e3c-93e1-9e32bbf7cc6d","D16","MCRA","MCRA.AOS.S2","MCRA.SS.20241106.FIL","A00000447309","2024-11-06T16:15Z","2024-11-06T16:15Z","Illinois State Water Survey Central Analytical Laboratory",418.0,0.00218,5,"2024-11-08","A",,
"e91c85cc-bdf6-4e6c-890c-2b692a1f952a","D16","MCRA","MCRA.AOS.S2","MCRA.SS.20241106.FIL","A00000447309","2024-11-06T16:15Z","2024-11-06T16:15Z","Illinois State Water Survey Central Analytical Laboratory",570.0,0.00034,5,"2024-11-08","B",,
"079e4705-6b1e-4041-a2e9-f1d206e8f790","D16","MCRA","MCRA.AOS.S2","MCRA.SS.20241106.FIL","A00000447309","2024-11-06T16:15Z","2024-11-06T16:15Z","Illinois State Water Survey Central Analytical Laboratory",240.0,0.03256,5,"2024-11-08","B",,
"d4b84d5c-b6b2-468c-a044-c77f6a7d0350","D16","MCRA","MCRA.AOS.S2","MCRA.SS.20241106.FIL","A00000447309","2024-11-06T16:15Z","2024-11-06T16:15Z","Illinois State Water Survey Central Analytical Laboratory",524.0,0.00056,5,"2024-11-08","B",,
"e71f22e8-16e1-40c5-acf8-dd700fbdab07","D16","MCRA","MCRA.AOS.S2","MCRA.SS.20241106.FIL","A00000447309","2024-11-06T16:15Z","2024-11-06T16:15Z","Illinois State Water Survey Central Analytical Laboratory",450.0,0.00132,5,"2024-11-08","B",,
"ecd7c7f4-aa08-4f71-9df8-f0278ec2cdec","D16","MCRA","MCRA.AOS.S2","MCRA.SS.20241106.FIL","A00000447309","2024-11-06T16:15Z","2024-11-06T16:15Z","Illinois State Water Survey Central Analytical Laboratory",268.0,0.02328,5,"2024-11-08","B",,
"1a9f428a-cca5-48f8-af7e-b336e15d0371","D16","MCRA","MCRA.AOS.S2","MCRA.SS.20241106.FIL","A00000447309","2024-11-06T16:15Z","2024-11-06T16:15Z","Illinois State Water Survey Central Analytical Laboratory",558.0,0.00044,5,"2024-11-08","A",,
"d139fd57-f2c3-4da3-aa9e-badfd74336c7","D16","MCRA","MCRA.AOS.S2","MCRA.SS.20241106.FIL","A00000447309","2024-11-06T16:15Z","2024-11-06T16:15Z","Illinois State Water Survey Central Analytical Laboratory",268.0,0.02328,5,"2024-11-08","A",,
"596d6f41-0642-4310-bb91-660c2fe831f2","D16","MCRA","MCRA.AOS.S2","MCRA.SS.20241106.FIL","A00000447309","2024-11-06T16:15Z","2024-11-06T16:15Z","Illinois State Water Survey Central Analytical Laboratory",438.0,0.00164,5,"2024-11-08","B",,
"2aec1817-1d9d-48a4-97d8-c9dd7f527252","D16","MCRA","MCRA.AOS.S2","MCRA.SS.20241106.FIL","A00000447309","2024-11-06T16:15Z","2024-11-06T16:15Z","Illinois State Water Survey Central Analytical Laboratory",464.0,0.00112,5,"2024-11-08","A",,
"5ca9db85-d02a-4100-b82c-c2e9f8b3b2c9","D16","MCRA","MCRA.AOS.S2","MCRA.SS.20241106.FIL","A00000447309","2024-11-06T16:15Z","2024-11-06T16:15Z","Illinois State Water Survey Central Analytical Laboratory",274.0,0.02186,5,"2024-11-08","A",,
"fc0e59a1-0bf0-47ab-be0a-f89f8236089a","D16","MCRA","MCRA.AOS.S2","MCRA.SS.20241106.FIL","A00000447309","2024-11-06T16:15Z","2024-11-06T16:15Z","Illinois State Water Survey Central Analytical Laboratory",510.0,0.00066,5,"2024-11-08","A",,
"ab4c23fc-9f66-4f92-8d2b-40af32292583","D16","MCRA","MCRA.AOS.S2","MCRA.SS.20241106.FIL","A00000447309","2024-11-06T16:15Z","2024-11-06T16:15Z","Illinois State Water Survey Central Analytical Laboratory",350.0,0.00680,5,"2024-11-08","A",,
"a43f3537-1b12-4acd-b05d-a386cfeabcc9","D16","MCRA","MCRA.AOS.S2","MCRA.SS.20241106.FIL","A00000447309","2024-11-06T16:15Z","2024-11-06T16:15Z","Illinois State Water Survey Central Analytical Laboratory",446.0,0.00146,5,"2024-11-08","A",,
"ac0d6f26-cc2a-4feb-87ab-5e7f90f86d10","D16","MCRA","MCRA.AOS.S2","MCRA.SS.20241106.FIL","A00000447309","2024-11-06T16:15Z","2024-11-06T16:15Z","Illinois State Water Survey Central Analytical Laboratory",562.0,0.00038,5,"2024-11-08","A",,
"d82a12ed-3ad1-4da7-9a68-b248b8dbe70b","D16","MCRA","MCRA.AOS.S2","MCRA.SS.20241106.FIL","A00000447309","2024-11-06T16:15Z","2024-11-06T16:15Z","Illinois State Water Survey Central Analytical Laboratory",386.0,0.00370,5,"2024-11-08","A",,
"ffd56267-ffe9-434b-9a74-2ae0cf880a09","D16","MCRA","MCRA.AOS.S2","MCRA.SS.20241106.FIL","A00000447309","2024-11-06T16:15Z","2024-11-06T16:15Z","Illinois State Water Survey Central Analytical Laboratory",492.0,0.00086,5,"2024-11-08","B",,
"2d49b27b-231a-47ab-afd7-58b696c12bb8","D16","MCRA","MCRA.AOS.S2","MCRA.SS.20241106.FIL","A00000447309","2024-11-06T16:15Z","2024-11-06T16:15Z","Illinois State Water Survey Central Analytical Laboratory",236.0,0.03572,5,"2024-11-08","B",,
"52bb7d32-9e43-463e-b481-9e631825209f","D16","MCRA","MCRA.AOS.S2","MCRA.SS.20241106.FIL","A00000447309","2024-11-06T16:15Z","2024-11-06T16:15Z","Illinois State Water Survey Central Analytical Laboratory",260.0,0.02522,5,"2024-11-08","A",,
"63fb40d8-c427-4a5b-8b90-9eb743e03d6d","D16","MCRA","MCRA.AOS.S2","MCRA.SS.20241106.FIL","A00000447309","2024-11-06T16:15Z","2024-11-06T16:15Z","Illinois State Water Survey Central Analytical Laboratory",310.0,0.01310,5,"2024-11-08","A",,
"2593d8a6-1fe6-456e-add0-af3faf911450","D16","MCRA","MCRA.AOS.S2","MCRA.SS.20241106.FIL","A00000447309","2024-11-06T16:15Z","2024-11-06T16:15Z","Illinois State Water Survey Central Analytical Laboratory",324.0,0.01056,5,"2024-11-08","A",,
"be0a4181-5497-4ce3-ad1f-f2dda137d49f","D16","MCRA","MCRA.AOS.S2","MCRA.SS.20241106.FIL","A00000447309","2024-11-06T16:15Z","2024-11-06T16:15Z","Illinois State Water Survey Central Analytical Laboratory",294.0,0.01660,5,"2024-11-08","A",,
"c751f73f-9363-4d24-92f1-cdd557bd834c","D16","MCRA","MCRA.AOS.S2","MCRA.SS.20241106.FIL","A00000447309","2024-11-06T16:15Z","2024-11-06T16:15Z","Illinois State Water Survey Central Analytical Laboratory",220.0,0.07128,5,"2024-11-08","A",,
"16b8f40d-9968-4760-bdb1-c55319a573cb","D16","MCRA","MCRA.AOS.S2","MCRA.SS.20241106.FIL","A00000447309","2024-11-06T16:15Z","2024-11-06T16:15Z","Illinois State Water Survey Central Analytical Laboratory",326.0,0.01020,5,"2024-11-08","A",,
"0eea1c1f-5f23-4289-a9c4-2dc94b4bc29d","D16","MCRA","MCRA.AOS.S2","MCRA.SS.20241106.FIL","A00000447309","2024-11-06T16:15Z","2024-11-06T16:15Z","Illinois State Water Survey Central Analytical Laboratory",234.0,0.03786,5,"2024-11-08","B",,
"ecd9dfc9-07b0-4dfa-978e-29bc9de8b92c","D16","MCRA","MCRA.AOS.S2","MCRA.SS.20241106.FIL","A00000447309","2024-11-06T16:15Z","2024-11-06T16:15Z","Illinois State Water Survey Central Analytical Laboratory",286.0,0.01884,5,"2024-11-08","A",,
"f0ea1408-f1b0-46f7-b58c-6f12e51343b9","D16","MCRA","MCRA.AOS.S2","MCRA.SS.20241106.FIL","A00000447309","2024-11-06T16:15Z","2024-11-06T16:15Z","Illinois State Water Survey Central Analytical Laboratory",306.0,0.01386,5,"2024-11-08","B",,
"516dda86-39fc-4b46-b7ff-68095a3dd7ee","D16","MCRA","MCRA.AOS.S2","MCRA.SS.20241106.FIL","A00000447309","2024-11-06T16:15Z","2024-11-06T16:15Z","Illinois State Water Survey Central Analytical Laboratory",358.0,0.00592,5,"2024-11-08","B",,
"0beb8b4f-a5cf-409f-ba47-8e80dd636830","D16","MCRA","MCRA.AOS.S2","MCRA.SS.20241106.FIL","A00000447309","2024-11-06T16:15Z","2024-11-06T16:15Z","Illinois State Water Survey Central Analytical Laboratory",546.0,0.00044,5,"2024-11-08","B",,
"3e4cc585-9895-4eb1-a0e1-d9dcd7b35142","D16","MCRA","MCRA.AOS.S2","MCRA.SS.20241106.FIL","A00000447309","2024-11-06T16:15Z","2024-11-06T16:15Z","Illinois State Water Survey Central Analytical Laboratory",564.0,0.00036,5,"2024-11-08","A",,
"4e870a0c-55e1-4529-b056-ae9e055ed7a2","D16","MCRA","MCRA.AOS.S2","MCRA.SS.20241106.FIL","A00000447309","2024-11-06T16:15Z","2024-11-06T16:15Z","Illinois State Water Survey Central Analytical Laboratory",576.0,0.00036,5,"2024-11-08","B",,
"bbe753e0-cf0e-4855-892f-6858176468a7","D16","MCRA","MCRA.AOS.S2","MCRA.SS.20241106.FIL","A00000447309","2024-11-06T16:15Z","2024-11-06T16:15Z","Illinois State Water Survey Central Analytical Laboratory",580.0,0.00028,5,"2024-11-08","B",,
"6dece5be-3030-4d9e-9479-50a1a16683f6","D16","MCRA","MCRA.AOS.S2","MCRA.SS.20241106.FIL","A00000447309","2024-11-06T16:15Z","2024-11-06T16:15Z","Illinois State Water Survey Central Analytical Laboratory",222.0,0.06384,5,"2024-11-08","B",,
"ac9d5cec-1306-4d15-aa4f-37bd3ba41141","D16","MCRA","MCRA.AOS.S2","MCRA.SS.20241106.FIL","A00000447309","2024-11-06T16:15Z","2024-11-06T16:15Z","Illinois State Water Survey Central Analytical Laboratory",582.0,0.00028,5,"2024-11-08","A",,
"ac990c15-09ac-48c5-bd30-bf33d53cea5e","D16","MCRA","MCRA.AOS.S2","MCRA.SS.20241106.FIL","A00000447309","2024-11-06T16:15Z","2024-11-06T16:15Z","Illinois State Water Survey Central Analytical Laboratory",224.0,0.05728,5,"2024-11-08","A",,
"8cfbee34-5a1e-4541-87bd-46bd726a1842","D16","MCRA","MCRA.AOS.S2","MCRA.SS.20241106.FIL","A00000447309","2024-11-06T16:15Z","2024-11-06T16:15Z","Illinois State Water Survey Central Analytical Laboratory",270.0,0.02274,5,"2024-11-08","A",,
"ae235e9b-e915-467f-b5a6-856047627b2f","D16","MCRA","MCRA.AOS.S2","MCRA.SS.20241106.FIL","A00000447309","2024-11-06T16:15Z","2024-11-06T16:15Z","Illinois State Water Survey Central Analytical Laboratory",566.0,0.00036,5,"2024-11-08","B",,
"144bb124-3e7e-45e4-a2de-96b9a7f3c3a4","D16","MCRA","MCRA.AOS.S2","MCRA.SS.20241106.FIL","A00000447309","2024-11-06T16:15Z","2024-11-06T16:15Z","Illinois State Water Survey Central Analytical Laboratory",378.0,0.00416,5,"2024-11-08","B",,
"4c3e6cb5-669c-4f0a-9f7b-38faff3c8010","D16","MCRA","MCRA.AOS.S2","MCRA.SS.20241106.FIL","A00000447309","2024-11-06T16:15Z","2024-11-06T16:15Z","Illinois State Water Survey Central Analytical Laboratory",372.0,0.00470,5,"2024-11-08","A",,
"8e8eede0-4ef6-4b1d-ba00-83d5a069de19","D16","MCRA","MCRA.AOS.S2","MCRA.SS.20241106.FIL","A00000447309","2024-11-06T16:15Z","2024-11-06T16:15Z","Illinois State Water Survey Central Analytical Laboratory",568.0,0.00028,5,"2024-11-08","B",,
"c57a8a69-93e9-4ce7-b3b8-2cf02ead9539","D16","MCRA","MCRA.AOS.S2","MCRA.SS.20241106.FIL","A00000447309","2024-11-06T16:15Z","2024-11-06T16:15Z","Illinois State Water Survey Central Analytical Laboratory",332.0,0.00928,5,"2024-11-08","A",,
"d72cd2e6-4e1c-4a2d-b61d-6d6bc0890281","D16","MCRA","MCRA.AOS.S2","MCRA.SS.20241106.FIL","A00000447309","2024-11-06T16:15Z","2024-11-06T16:15Z","Illinois State Water Survey Central Analytical Laboratory",250.0,0.02790,5,"2024-11-08","A",,
"c0fa4f27-7f01-48c4-a177-9ce573579e72","D16","MCRA","MCRA.AOS.S2","MCRA.SS.20241106.FIL","A00000447309","2024-11-06T16:15Z","2024-11-06T16:15Z","Illinois State Water Survey Central Analytical Laboratory",504.0,0.00072,5,"2024-11-08","B",,
"1489fb08-e7fb-4ad4-89c6-983ceaab7ec5","D16","MCRA","MCRA.AOS.S2","MCRA.SS.20241106.FIL","A00000447309","2024-11-06T16:15Z","2024-11-06T16:15Z","Illinois State Water Survey Central Analytical Laboratory",374.0,0.00446,5,"2024-11-08","B",,
"238ec8f8-5faf-4286-b781-a518b5fc8ea3","D16","MCRA","MCRA.AOS.S2","MCRA.SS.20241106.FIL","A00000447309","2024-11-06T16:15Z","2024-11-06T16:15Z","Illinois State Water Survey Central Analytical Laboratory",534.0,0.00046,5,"2024-11-08","B",,
"4134a7ab-359b-4894-ad64-10d8d3a79b4d","D16","MCRA","MCRA.AOS.S2","MCRA.SS.20241106.FIL","A00000447309","2024-11-06T16:15Z","2024-11-06T16:15Z","Illinois State Water Survey Central Analytical Laboratory",458.0,0.00120,5,"2024-11-08","A",,
"af4a3570-120f-4472-95d4-07772b80599c","D16","MCRA","MCRA.AOS.S2","MCRA.SS.20241106.FIL","A00000447309","2024-11-06T16:15Z","2024-11-06T16:15Z","Illinois State Water Survey Central Analytical Laboratory",444.0,0.00148,5,"2024-11-08","B",,
"7166d2d6-2e41-4329-8532-d2458d6e7fec","D16","MCRA","MCRA.AOS.S2","MCRA.SS.20241106.FIL","A00000447309","2024-11-06T16:15Z","2024-11-06T16:15Z","Illinois State Water Survey Central Analytical Laboratory",486.0,0.00090,5,"2024-11-08","A",,
"65406026-2c5e-4f6d-8a6a-794c1403b4fb","D16","MCRA","MCRA.AOS.S2","MCRA.SS.20241106.FIL","A00000447309","2024-11-06T16:15Z","2024-11-06T16:15Z","Illinois State Water Survey Central Analytical Laboratory",592.0,0.00036,5,"2024-11-08","A",,
"9c0774c7-6059-48d4-854b-9ad05fce372d","D16","MCRA","MCRA.AOS.S2","MCRA.SS.20241106.FIL","A00000447309","2024-11-06T16:15Z","2024-11-06T16:15Z","Illinois State Water Survey Central Analytical Laboratory",270.0,0.02272,5,"2024-11-08","B",,
"5df19fdd-8726-404b-ae3d-82dc12704ca4","D16","MCRA","MCRA.AOS.S2","MCRA.SS.20241106.FIL","A00000447309","2024-11-06T16:15Z","2024-11-06T16:15Z","Illinois State Water Survey Central Analytical Laboratory",448.0,0.00144,5,"2024-11-08","A",,
"1f148ab7-a31a-4a3f-ac67-ad5ceca93fe3","D16","MCRA","MCRA.AOS.S2","MCRA.SS.20241106.FIL","A00000447309","2024-11-06T16:15Z","2024-11-06T16:15Z","Illinois State Water Survey Central Analytical Laboratory",402.0,0.00286,5,"2024-11-08","B",,
"a8af7eef-a99e-48f9-8ef6-d0f54eaa290e","D16","MCRA","MCRA.AOS.S2","MCRA.SS.20241106.FIL","A00000447309","2024-11-06T16:15Z","2024-11-06T16:15Z","Illinois State Water Survey Central Analytical Laboratory",236.0,0.03574,5,"2024-11-08","A",,
"4cf80070-5b61-4ab6-a490-87e643c268bc","D16","MCRA","MCRA.AOS.S2","MCRA.SS.20241106.FIL","A00000447309","2024-11-06T16:15Z","2024-11-06T16:15Z","Illinois State Water Survey Central Analytical Laboratory",422.0,0.00206,5,"2024-11-08","A",,
"186cf5a2-c37a-4fc1-a989-31bc1c318de1","D16","MCRA","MCRA.AOS.S2","MCRA.SS.20241106.FIL","A00000447309","2024-11-06T16:15Z","2024-11-06T16:15Z","Illinois State Water Survey Central Analytical Laboratory",512.0,0.00060,5,"2024-11-08","B",,
"75445348-8546-44fd-85d3-46982552558e","D16","MCRA","MCRA.AOS.S2","MCRA.SS.20241106.FIL","A00000447309","2024-11-06T16:15Z","2024-11-06T16:15Z","Illinois State Water Survey Central Analytical Laboratory",312.0,0.01268,5,"2024-11-08","A",,
"5d136ea8-fd26-4896-9aff-979cb02fe3b1","D16","MCRA","MCRA.AOS.S2","MCRA.SS.20241106.FIL","A00000447309","2024-11-06T16:15Z","2024-11-06T16:15Z","Illinois State Water Survey Central Analytical Laboratory",222.0,0.06384,5,"2024-11-08","A",,
"8ec05f01-cf24-4f17-a5d8-4e196a32bd23","D16","MCRA","MCRA.AOS.S2","MCRA.SS.20241106.FIL","A00000447309","2024-11-06T16:15Z","2024-11-06T16:15Z","Illinois State Water Survey Central Analytical Laboratory",256.0,0.02614,5,"2024-11-08","B",,
"7066b750-0df4-426c-bd2a-0cd1da689086","D16","MCRA","MCRA.AOS.S2","MCRA.SS.20241106.FIL","A00000447309","2024-11-06T16:15Z","2024-11-06T16:15Z","Illinois State Water Survey Central Analytical Laboratory",550.0,0.00044,5,"2024-11-08","B",,
"0502aa3c-4b97-483e-81ea-bdd6647382c9","D16","MCRA","MCRA.AOS.S2","MCRA.SS.20241106.FIL","A00000447309","2024-11-06T16:15Z","2024-11-06T16:15Z","Illinois State Water Survey Central Analytical Laboratory",496.0,0.00074,5,"2024-11-08","B",,
"bb0a47bd-054d-4e14-9f5a-9c9035574b4d","D16","MCRA","MCRA.AOS.S2","MCRA.SS.20241106.FIL","A00000447309","2024-11-06T16:15Z","2024-11-06T16:15Z","Illinois State Water Survey Central Analytical Laboratory",600.0,0.00030,5,"2024-11-08","B",,
"ad903555-b3da-4d43-9885-9b2975f0a561","D16","MCRA","MCRA.AOS.S2","MCRA.SS.20241106.FIL","A00000447309","2024-11-06T16:15Z","2024-11-06T16:15Z","Illinois State Water Survey Central Analytical Laboratory",254.0,0.02672,5,"2024-11-08","A",,
"19705a50-4d83-4322-b2b5-96775e1c1ad6","D16","MCRA","MCRA.AOS.S2","MCRA.SS.20241106.FIL","A00000447309","2024-11-06T16:15Z","2024-11-06T16:15Z","Illinois State Water Survey Central Analytical Laboratory",564.0,0.00036,5,"2024-11-08","B",,
"d14feddf-5352-4fd9-b441-7d05508e0c3b","D16","MCRA","MCRA.AOS.S2","MCRA.SS.20241106.FIL","A00000447309","2024-11-06T16:15Z","2024-11-06T16:15Z","Illinois State Water Survey Central Analytical Laboratory",348.0,0.00698,5,"2024-11-08","B",,
"45f4263e-1efd-4e0c-828c-add5f7541ed1","D16","MCRA","MCRA.AOS.S2","MCRA.SS.20241106.FIL","A00000447309","2024-11-06T16:15Z","2024-11-06T16:15Z","Illinois State Water Survey Central Analytical Laboratory",234.0,0.03788,5,"2024-11-08","A",,
"035841c4-51b4-4092-89c3-8d1a333a3910","D16","MCRA","MCRA.AOS.S2","MCRA.SS.20241106.FIL","A00000447309","2024-11-06T16:15Z","2024-11-06T16:15Z","Illinois State Water Survey Central Analytical Laboratory",508.0,0.00064,5,"2024-11-08","B",,
"a13dbb8e-cd45-4bc5-8dd7-724b0351cbd0","D16","MCRA","MCRA.AOS.S2","MCRA.SS.20241106.FIL","A00000447309","2024-11-06T16:15Z","2024-11-06T16:15Z","Illinois State Water Survey Central Analytical Laboratory",256.0,0.02616,5,"2024-11-08","A",,
"fda2961a-58e0-484e-9aaa-a9a5d17b8113","D16","MCRA","MCRA.AOS.S2","MCRA.SS.20241106.FIL","A00000447309","2024-11-06T16:15Z","2024-11-06T16:15Z","Illinois State Water Survey Central Analytical Laboratory",276.0,0.02134,5,"2024-11-08","A",,
"2b4b9200-9bd2-404b-9a12-971a313585f0","D16","MCRA","MCRA.AOS.S2","MCRA.SS.20241106.FIL","A00000447309","2024-11-06T16:15Z","2024-11-06T16:15Z","Illinois State Water Survey Central Analytical Laboratory",306.0,0.01390,5,"2024-11-08","A",,
"7365833b-7a58-4295-9e8d-65a2c2321b82","D16","MCRA","MCRA.AOS.S2","MCRA.SS.20241106.FIL","A00000447309","2024-11-06T16:15Z","2024-11-06T16:15Z","Illinois State Water Survey Central Analytical Laboratory",506.0,0.00070,5,"2024-11-08","A",,
"beb36aad-41ea-47f7-8be9-a1671203bc31","D16","MCRA","MCRA.AOS.S2","MCRA.SS.20241106.FIL","A00000447309","2024-11-06T16:15Z","2024-11-06T16:15Z","Illinois State Water Survey Central Analytical Laboratory",336.0,0.00862,5,"2024-11-08","B",,
"48fd557a-16bd-46e8-9c28-6c9ff8ec5c9c","D16","MCRA","MCRA.AOS.S2","MCRA.SS.20241106.FIL","A00000447309","2024-11-06T16:15Z","2024-11-06T16:15Z","Illinois State Water Survey Central Analytical Laboratory",478.0,0.00094,5,"2024-11-08","B",,
"c296b1eb-6f3c-4ef1-a0bc-914e6dc4295a","D16","MCRA","MCRA.AOS.S2","MCRA.SS.20241106.FIL","A00000447309","2024-11-06T16:15Z","2024-11-06T16:15Z","Illinois State Water Survey Central Analytical Laboratory",274.0,0.02184,5,"2024-11-08","B",,
"31090ef6-20de-4823-bdbf-127d265874e7","D16","MCRA","MCRA.AOS.S2","MCRA.SS.20241106.FIL","A00000447309","2024-11-06T16:15Z","2024-11-06T16:15Z","Illinois State Water Survey Central Analytical Laboratory",408.0,0.00254,5,"2024-11-08","B",,
"54355e23-cc00-44b5-9adf-18e6bb62a231","D16","MCRA","MCRA.AOS.S2","MCRA.SS.20241106.FIL","A00000447309","2024-11-06T16:15Z","2024-11-06T16:15Z","Illinois State Water Survey Central Analytical Laboratory",520.0,0.00058,5,"2024-11-08","B",,
"a6b2024e-83d8-486a-809e-36131ecaf28b","D16","MCRA","MCRA.AOS.S2","MCRA.SS.20241106.FIL","A00000447309","2024-11-06T16:15Z","2024-11-06T16:15Z","Illinois State Water Survey Central Analytical Laboratory",332.0,0.00924,5,"2024-11-08","B",,
"052ff87f-92a3-4923-a072-22efa1ea6f10","D16","MCRA","MCRA.AOS.S2","MCRA.SS.20241106.FIL","A00000447309","2024-11-06T16:15Z","2024-11-06T16:15Z","Illinois State Water Survey Central Analytical Laboratory",298.0,0.01562,5,"2024-11-08","B",,
"9298839b-dba0-43e6-8768-f3f1f680f9dd","D16","MCRA","MCRA.AOS.S2","MCRA.SS.20241106.FIL","A00000447309","2024-11-06T16:15Z","2024-11-06T16:15Z","Illinois State Water Survey Central Analytical Laboratory",344.0,0.00750,5,"2024-11-08","B",,
"8d911a18-58e0-4749-9b7b-a52719707732","D16","MCRA","MCRA.AOS.S2","MCRA.SS.20241106.FIL","A00000447309","2024-11-06T16:15Z","2024-11-06T16:15Z","Illinois State Water Survey Central Analytical Laboratory",578.0,0.00028,5,"2024-11-08","A",,
"5142e875-e392-4aeb-8369-9ed4eae4c77c","D16","MCRA","MCRA.AOS.S2","MCRA.SS.20241106.FIL","A00000447309","2024-11-06T16:15Z","2024-11-06T16:15Z","Illinois State Water Survey Central Analytical Laboratory",232.0,0.04062,5,"2024-11-08","A",,
"18083fc6-36e4-4f09-b426-59cc399c35ad","D16","MCRA","MCRA.AOS.S2","MCRA.SS.20241106.FIL","A00000447309","2024-11-06T16:15Z","2024-11-06T16:15Z","Illinois State Water Survey Central Analytical Laboratory",238.0,0.03406,5,"2024-11-08","A",,
"4c8db2c1-edb8-43fb-aa44-21f422cbdf66","D16","MCRA","MCRA.AOS.S2","MCRA.SS.20241106.FIL","A00000447309","2024-11-06T16:15Z","2024-11-06T16:15Z","Illinois State Water Survey Central Analytical Laboratory",544.0,0.00048,5,"2024-11-08","A",,
"48c38751-4120-470c-9e97-b4d99ae08d88","D16","MCRA","MCRA.AOS.S2","MCRA.SS.20241106.FIL","A00000447309","2024-11-06T16:15Z","2024-11-06T16:15Z","Illinois State Water Survey Central Analytical Laboratory",284.0,0.01936,5,"2024-11-08","B",,
"dc05442e-c858-4484-a18b-cac1b2b3d5cb","D16","MCRA","MCRA.AOS.S2","MCRA.SS.20241106.FIL","A00000447309","2024-11-06T16:15Z","2024-11-06T16:15Z","Illinois State Water Survey Central Analytical Laboratory",412.0,0.00240,5,"2024-11-08","A",,
"dc9bab35-e154-4504-957b-b6b3ca432584","D16","MCRA","MCRA.AOS.S2","MCRA.SS.20241106.FIL","A00000447309","2024-11-06T16:15Z","2024-11-06T16:15Z","Illinois State Water Survey Central Analytical Laboratory",304.0,0.01432,5,"2024-11-08","A",,
"b2d80ec5-f18d-4853-9749-aee1efa28b44","D16","MCRA","MCRA.AOS.S2","MCRA.SS.20241106.FIL","A00000447309","2024-11-06T16:15Z","2024-11-06T16:15Z","Illinois State Water Survey Central Analytical Laboratory",456.0,0.00118,5,"2024-11-08","B",,
"2eb67145-e69c-42a5-a5b6-a2d2f49702a0","D16","MCRA","MCRA.AOS.S2","MCRA.SS.20241106.FIL","A00000447309","2024-11-06T16:15Z","2024-11-06T16:15Z","Illinois State Water Survey Central Analytical Laboratory",288.0,0.01830,5,"2024-11-08","A",,
"4caf4ccd-3cb9-4496-81b6-ef9ddd033f32","D16","MCRA","MCRA.AOS.S2","MCRA.SS.20241106.FIL","A00000447309","2024-11-06T16:15Z","2024-11-06T16:15Z","Illinois State Water Survey Central Analytical Laboratory",410.0,0.00252,5,"2024-11-08","A",,
"fc8b0dab-a9ad-4314-8c58-6f2870bfd9ad","D16","MCRA","MCRA.AOS.S2","MCRA.SS.20241106.FIL","A00000447309","2024-11-06T16:15Z","2024-11-06T16:15Z","Illinois State Water Survey Central Analytical Laboratory",572.0,0.00036,5,"2024-11-08","B",,
"1376a748-e1e0-4888-ba94-a0b80a59bb37","D16","MCRA","MCRA.AOS.S2","MCRA.SS.20241106.FIL","A00000447309","2024-11-06T16:15Z","2024-11-06T16:15Z","Illinois State Water Survey Central Analytical Laboratory",368.0,0.00502,5,"2024-11-08","A",,
"79d95444-f1db-416d-b148-4e647b090b87","D16","MCRA","MCRA.AOS.S2","MCRA.SS.20241106.FIL","A00000447309","2024-11-06T16:15Z","2024-11-06T16:15Z","Illinois State Water Survey Central Analytical Laboratory",502.0,0.00072,5,"2024-11-08","A",,
"c1155826-8b31-4d19-802c-8aeb762f1d5f","D16","MCRA","MCRA.AOS.S2","MCRA.SS.20241106.FIL","A00000447309","2024-11-06T16:15Z","2024-11-06T16:15Z","Illinois State Water Survey Central Analytical Laboratory",330.0,0.00954,5,"2024-11-08","B",,
"9f19e603-0e85-406b-b767-19e9ce771401","D16","MCRA","MCRA.AOS.S2","MCRA.SS.20241106.FIL","A00000447309","2024-11-06T16:15Z","2024-11-06T16:15Z","Illinois State Water Survey Central Analytical Laboratory",550.0,0.00040,5,"2024-11-08","A",,
"d118f326-8ae1-468c-937c-271e63e7120c","D16","MCRA","MCRA.AOS.S2","MCRA.SS.20241106.FIL","A00000447309","2024-11-06T16:15Z","2024-11-06T16:15Z","Illinois State Water Survey Central Analytical Laboratory",548.0,0.00048,5,"2024-11-08","A",,
"8388e32d-e859-4172-a183-b8c9ee826a3d","D16","MCRA","MCRA.AOS.S2","MCRA.SS.20241106.FIL","A00000447309","2024-11-06T16:15Z","2024-11-06T16:15Z","Illinois State Water Survey Central Analytical Laboratory",398.0,0.00302,5,"2024-11-08","B",,
"c732555b-1d1a-47b3-bd52-5baa2a8b690c","D16","MCRA","MCRA.AOS.S2","MCRA.SS.20241106.FIL","A00000447309","2024-11-06T16:15Z","2024-11-06T16:15Z","Illinois State Water Survey Central Analytical Laboratory",380.0,0.00406,5,"2024-11-08","A",,
"93d3eac4-2919-4b90-88c5-863d4e5e61ab","D16","MCRA","MCRA.AOS.S2","MCRA.SS.20241106.FIL","A00000447309","2024-11-06T16:15Z","2024-11-06T16:15Z","Illinois State Water Survey Central Analytical Laboratory",472.0,0.00104,5,"2024-11-08","A",,
"498efb48-09db-4141-b2a1-ae25495c9339","D16","MCRA","MCRA.AOS.S2","MCRA.SS.20241106.FIL","A00000447309","2024-11-06T16:15Z","2024-11-06T16:15Z","Illinois State Water Survey Central Analytical Laboratory",554.0,0.00038,5,"2024-11-08","B",,
"0b549fa4-593f-4d1a-966c-d5ff0e5c0b51","D16","MCRA","MCRA.AOS.S2","MCRA.SS.20241106.FIL","A00000447309","2024-11-06T16:15Z","2024-11-06T16:15Z","Illinois State Water Survey Central Analytical Laboratory",308.0,0.01348,5,"2024-11-08","B",,
"2a04ebe7-24ee-479d-8a2e-e0acd6ea0842","D16","MCRA","MCRA.AOS.S2","MCRA.SS.20241106.FIL","A00000447309","2024-11-06T16:15Z","2024-11-06T16:15Z","Illinois State Water Survey Central Analytical Laboratory",440.0,0.00162,5,"2024-11-08","B",,
"d4ed15b8-d553-40ad-bd56-27180064f59e","D16","MCRA","MCRA.AOS.S2","MCRA.SS.20241106.FIL","A00000447309","2024-11-06T16:15Z","2024-11-06T16:15Z","Illinois State Water Survey Central Analytical Laboratory",552.0,0.00034,5,"2024-11-08","B",,
"50e5edf8-33bf-45ff-a4ea-0fe1d06ca202","D16","MCRA","MCRA.AOS.S2","MCRA.SS.20241106.FIL","A00000447309","2024-11-06T16:15Z","2024-11-06T16:15Z","Illinois State Water Survey Central Analytical Laboratory",596.0,0.00024,5,"2024-11-08","A",,
"296bed80-ddda-4a37-b81f-d1d9cd2c1b38","D16","MCRA","MCRA.AOS.S2","MCRA.SS.20241106.FIL","A00000447309","2024-11-06T16:15Z","2024-11-06T16:15Z","Illinois State Water Survey Central Analytical Laboratory",548.0,0.00044,5,"2024-11-08","B",,
"181af501-ae0a-49b6-af68-6decbd663c3a","D16","MCRA","MCRA.AOS.S2","MCRA.SS.20241106.FIL","A00000447309","2024-11-06T16:15Z","2024-11-06T16:15Z","Illinois State Water Survey Central Analytical Laboratory",424.0,0.00202,5,"2024-11-08","A",,
"be4cdcab-e7b2-46db-9531-c281b1ce1b7c","D16","MCRA","MCRA.AOS.S2","MCRA.SS.20241106.FIL","A00000447309","2024-11-06T16:15Z","2024-11-06T16:15Z","Illinois State Water Survey Central Analytical Laboratory",364.0,0.00530,5,"2024-11-08","B",,
"9a14af4a-f125-4a63-83f3-764de03c55df","D16","MCRA","MCRA.AOS.S2","MCRA.SS.20241106.FIL","A00000447309","2024-11-06T16:15Z","2024-11-06T16:15Z","Illinois State Water Survey Central Analytical Laboratory",272.0,0.02232,5,"2024-11-08","B",,
"e6bc9ee1-2627-4fc7-964a-b9801e4881bf","D16","MCRA","MCRA.AOS.S2","MCRA.SS.20241106.FIL","A00000447309","2024-11-06T16:15Z","2024-11-06T16:15Z","Illinois State Water Survey Central Analytical Laboratory",480.0,0.00098,5,"2024-11-08","A",,
"055de752-c392-4f42-a84e-954497250e08","D16","MCRA","MCRA.AOS.S2","MCRA.SS.20241106.FIL","A00000447309","2024-11-06T16:15Z","2024-11-06T16:15Z","Illinois State Water Survey Central Analytical Laboratory",384.0,0.00376,5,"2024-11-08","B",,
"d5443540-e516-4238-8f58-ec42758147b4","D16","MCRA","MCRA.AOS.S2","MCRA.SS.20241106.FIL","A00000447309","2024-11-06T16:15Z","2024-11-06T16:15Z","Illinois State Water Survey Central Analytical Laboratory",282.0,0.01988,5,"2024-11-08","A",,
"f417ce7b-a6bf-4fbe-8a07-a9d82fdec23e","D16","MCRA","MCRA.AOS.S2","MCRA.SS.20241106.FIL","A00000447309","2024-11-06T16:15Z","2024-11-06T16:15Z","Illinois State Water Survey Central Analytical Laboratory",432.0,0.00174,5,"2024-11-08","B",,
"7cdc1202-cf65-45d1-bcee-ce33f35cb64e","D16","MCRA","MCRA.AOS.S2","MCRA.SS.20241106.FIL","A00000447309","2024-11-06T16:15Z","2024-11-06T16:15Z","Illinois State Water Survey Central Analytical Laboratory",552.0,0.00040,5,"2024-11-08","A",,
"da73c482-288c-4b57-8f2b-98d552018a71","D16","MCRA","MCRA.AOS.S2","MCRA.SS.20241106.FIL","A00000447309","2024-11-06T16:15Z","2024-11-06T16:15Z","Illinois State Water Survey Central Analytical Laboratory",368.0,0.00496,5,"2024-11-08","B",,
"636bae0e-cd86-4b85-9c05-3f27db9b344f","D16","MCRA","MCRA.AOS.S2","MCRA.SS.20241106.FIL","A00000447309","2024-11-06T16:15Z","2024-11-06T16:15Z","Illinois State Water Survey Central Analytical Laboratory",566.0,0.00038,5,"2024-11-08","A",,
"ed401db5-a026-4263-9324-16f0f09f4f9e","D16","MCRA","MCRA.AOS.S2","MCRA.SS.20241106.FIL","A00000447309","2024-11-06T16:15Z","2024-11-06T16:15Z","Illinois State Water Survey Central Analytical Laboratory",232.0,0.04058,5,"2024-11-08","B",,
"28e21982-e6fa-4e7c-b142-54775b4f10bb","D16","MCRA","MCRA.AOS.S2","MCRA.SS.20241106.FIL","A00000447309","2024-11-06T16:15Z","2024-11-06T16:15Z","Illinois State Water Survey Central Analytical Laboratory",266.0,0.02372,5,"2024-11-08","B",,
"86288008-db99-4c79-9314-a9bde3616027","D16","MCRA","MCRA.AOS.S2","MCRA.SS.20241106.FIL","A00000447309","2024-11-06T16:15Z","2024-11-06T16:15Z","Illinois State Water Survey Central Analytical Laboratory",584.0,0.00032,5,"2024-11-08","A",,
"34ff977f-a483-4539-8749-dd6dff127238","D16","MCRA","MCRA.AOS.S2","MCRA.SS.20241106.FIL","A00000447309","2024-11-06T16:15Z","2024-11-06T16:15Z","Illinois State Water Survey Central Analytical Laboratory",598.0,0.00020,5,"2024-11-08","A",,
"d6801f58-b37a-4cd9-ae17-aa2e1b57b399","D16","MCRA","MCRA.AOS.S2","MCRA.SS.20241106.FIL","A00000447309","2024-11-06T16:15Z","2024-11-06T16:15Z","Illinois State Water Survey Central Analytical Laboratory",594.0,0.00026,5,"2024-11-08","A",,
"6bf98cf3-5f04-4e16-8004-9477ec3f86c5","D16","MCRA","MCRA.AOS.S2","MCRA.SS.20241106.FIL","A00000447309","2024-11-06T16:15Z","2024-11-06T16:15Z","Illinois State Water Survey Central Analytical Laboratory",434.0,0.00174,5,"2024-11-08","B",,
"8f949862-d2b7-4f75-8bfa-b3d2383cd45d","D16","MCRA","MCRA.AOS.S2","MCRA.SS.20241106.FIL","A00000447309","2024-11-06T16:15Z","2024-11-06T16:15Z","Illinois State Water Survey Central Analytical Laboratory",248.0,0.02858,5,"2024-11-08","A",,
"282881c6-73dd-45f2-893c-f04b5d5cea7d","D16","MCRA","MCRA.AOS.S2","MCRA.SS.20241106.FIL","A00000447309","2024-11-06T16:15Z","2024-11-06T16:15Z","Illinois State Water Survey Central Analytical Laboratory",370.0,0.00486,5,"2024-11-08","A",,
"8f575ef6-71a7-4fc0-8274-002cf103b880","D16","MCRA","MCRA.AOS.S2","MCRA.SS.20241106.FIL","A00000447309","2024-11-06T16:15Z","2024-11-06T16:15Z","Illinois State Water Survey Central Analytical Laboratory",454.0,0.00126,5,"2024-11-08","B",,
"1217285b-6377-42a3-80cd-79b1f1756b9c","D16","MCRA","MCRA.AOS.S2","MCRA.SS.20241106.FIL","A00000447309","2024-11-06T16:15Z","2024-11-06T16:15Z","Illinois State Water Survey Central Analytical Laboratory",396.0,0.00314,5,"2024-11-08","A",,
"0a78bba2-4702-49ea-be6d-4d3f7614cedf","D16","MCRA","MCRA.AOS.S2","MCRA.SS.20241106.FIL","A00000447309","2024-11-06T16:15Z","2024-11-06T16:15Z","Illinois State Water Survey Central Analytical Laboratory",586.0,0.00026,5,"2024-11-08","B",,
"73a044ae-42d6-4924-be94-61302989380f","D16","MCRA","MCRA.AOS.S2","MCRA.SS.20241106.FIL","A00000447309","2024-11-06T16:15Z","2024-11-06T16:15Z","Illinois State Water Survey Central Analytical Laboratory",526.0,0.00062,5,"2024-11-08","A",,
"4f2644c3-72e3-4412-8c78-978a27ebb059","D16","MCRA","MCRA.AOS.S2","MCRA.SS.20241106.FIL","A00000447309","2024-11-06T16:15Z","2024-11-06T16:15Z","Illinois State Water Survey Central Analytical Laboratory",588.0,0.00020,5,"2024-11-08","B",,
"710dc413-5706-41ab-bf24-7502de87fd8d","D16","MCRA","MCRA.AOS.S2","MCRA.SS.20241106.FIL","A00000447309","2024-11-06T16:15Z","2024-11-06T16:15Z","Illinois State Water Survey Central Analytical Laboratory",540.0,0.00044,5,"2024-11-08","B",,
"e5a4e748-6a7e-4d11-b9d2-91aed8b3409e","D16","MCRA","MCRA.AOS.S2","MCRA.SS.20241106.FIL","A00000447309","2024-11-06T16:15Z","2024-11-06T16:15Z","Illinois State Water Survey Central Analytical Laboratory",378.0,0.00420,5,"2024-11-08","A",,
"da1b4587-4213-4461-89d4-42b3886dcd46","D16","MCRA","MCRA.AOS.S2","MCRA.SS.20241106.FIL","A00000447309","2024-11-06T16:15Z","2024-11-06T16:15Z","Illinois State Water Survey Central Analytical Laboratory",474.0,0.00100,5,"2024-11-08","B",,
"ee5d689f-4361-4e89-92d1-243ef4901bd3","D16","MCRA","MCRA.AOS.S2","MCRA.SS.20241106.FIL","A00000447309","2024-11-06T16:15Z","2024-11-06T16:15Z","Illinois State Water Survey Central Analytical Laboratory",584.0,0.00032,5,"2024-11-08","B",,
"5125c4ed-344e-4e90-9e01-b435299e9c7f","D16","MCRA","MCRA.AOS.S2","MCRA.SS.20241106.FIL","A00000447309","2024-11-06T16:15Z","2024-11-06T16:15Z","Illinois State Water Survey Central Analytical Laboratory",238.0,0.03404,5,"2024-11-08","B",,
"eed5ab68-8f8b-41c3-862d-73653fe1263d","D16","MCRA","MCRA.AOS.S2","MCRA.SS.20241106.FIL","A00000447309","2024-11-06T16:15Z","2024-11-06T16:15Z","Illinois State Water Survey Central Analytical Laboratory",446.0,0.00142,5,"2024-11-08","B",,
"c9964a00-c628-4b43-ae48-d6d31e7b4ce7","D16","MCRA","MCRA.AOS.S2","MCRA.SS.20241106.FIL","A00000447309","2024-11-06T16:15Z","2024-11-06T16:15Z","Illinois State Water Survey Central Analytical Laboratory",276.0,0.02134,5,"2024-11-08","B",,
"b1f8ad76-aa47-4e43-8fdf-f8ce823bf6e3","D16","MCRA","MCRA.AOS.S2","MCRA.SS.20241106.FIL","A00000447309","2024-11-06T16:15Z","2024-11-06T16:15Z","Illinois State Water Survey Central Analytical Laboratory",518.0,0.00062,5,"2024-11-08","B",,
"bbd0e126-e3c0-4543-a2ab-45d85f6cc072","D16","MCRA","MCRA.AOS.S2","MCRA.SS.20241106.FIL","A00000447309","2024-11-06T16:15Z","2024-11-06T16:15Z","Illinois State Water Survey Central Analytical Laboratory",338.0,0.00832,5,"2024-11-08","B",,
"38432924-9e9d-4b99-a8b7-1f2dde04f226","D16","MCRA","MCRA.AOS.S2","MCRA.SS.20241106.FIL","A00000447309","2024-11-06T16:15Z","2024-11-06T16:15Z","Illinois State Water Survey Central Analytical Laboratory",430.0,0.00188,5,"2024-11-08","A",,
"52924716-ec75-4bad-af24-59c09cb6f963","D16","MCRA","MCRA.AOS.S2","MCRA.SS.20241106.FIL","A00000447309","2024-11-06T16:15Z","2024-11-06T16:15Z","Illinois State Water Survey Central Analytical Laboratory",246.0,0.02930,5,"2024-11-08","A",,
"babba09e-0add-4382-864e-c0c8ae47a19d","D16","MCRA","MCRA.AOS.S2","MCRA.SS.20241106.FIL","A00000447309","2024-11-06T16:15Z","2024-11-06T16:15Z","Illinois State Water Survey Central Analytical Laboratory",310.0,0.01308,5,"2024-11-08","B",,
"d2711ac6-88f0-4209-b565-97bd853fa9eb","D16","MCRA","MCRA.AOS.S2","MCRA.SS.20241106.FIL","A00000447309","2024-11-06T16:15Z","2024-11-06T16:15Z","Illinois State Water Survey Central Analytical Laboratory",258.0,0.02564,5,"2024-11-08","B",,
"11dea779-db34-4135-a278-d7c6ae2c852a","D16","MCRA","MCRA.AOS.S2","MCRA.SS.20241106.FIL","A00000447309","2024-11-06T16:15Z","2024-11-06T16:15Z","Illinois State Water Survey Central Analytical Laboratory",448.0,0.00136,5,"2024-11-08","B",,
"a5696262-9166-4053-9f6b-1964bb0352bc","D16","MCRA","MCRA.AOS.S2","MCRA.SS.20241106.FIL","A00000447309","2024-11-06T16:15Z","2024-11-06T16:15Z","Illinois State Water Survey Central Analytical Laboratory",590.0,0.00024,5,"2024-11-08","A",,
"152c8d4b-69f5-4d50-b82a-27e78368d555","D16","MCRA","MCRA.AOS.S2","MCRA.SS.20241106.FIL","A00000447309","2024-11-06T16:15Z","2024-11-06T16:15Z","Illinois State Water Survey Central Analytical Laboratory",514.0,0.00060,5,"2024-11-08","B",,
"cf2150ac-ac7c-480d-b2d3-2b26e3f6b7b0","D16","MCRA","MCRA.AOS.S2","MCRA.SS.20241106.FIL","A00000447309","2024-11-06T16:15Z","2024-11-06T16:15Z","Illinois State Water Survey Central Analytical Laboratory",292.0,0.01716,5,"2024-11-08","A",,
"41f84a29-e206-4b79-b9b2-ea6e910958af","D16","MCRA","MCRA.AOS.S2","MCRA.SS.20241106.FIL","A00000447309","2024-11-06T16:15Z","2024-11-06T16:15Z","Illinois State Water Survey Central Analytical Laboratory",342.0,0.00780,5,"2024-11-08","A",,
"9063d379-4bd4-42a7-a89f-4754ba0f5a67","D16","MCRA","MCRA.AOS.S2","MCRA.SS.20241106.FIL","A00000447309","2024-11-06T16:15Z","2024-11-06T16:15Z","Illinois State Water Survey Central Analytical Laboratory",338.0,0.00836,5,"2024-11-08","A",,
"481bea1a-54c6-425c-a499-5c6ddb535d38","D16","MCRA","MCRA.AOS.S2","MCRA.SS.20241106.FIL","A00000447309","2024-11-06T16:15Z","2024-11-06T16:15Z","Illinois State Water Survey Central Analytical Laboratory",476.0,0.00096,5,"2024-11-08","B",,
"491662a0-d1d4-4f7e-9459-c6d3295b202b","D16","MCRA","MCRA.AOS.S2","MCRA.SS.20241106.FIL","A00000447309","2024-11-06T16:15Z","2024-11-06T16:15Z","Illinois State Water Survey Central Analytical Laboratory",396.0,0.00310,5,"2024-11-08","B",,
"71c9fa4a-83ca-45e3-ab56-622b37454df7","D16","MCRA","MCRA.AOS.S2","MCRA.SS.20241106.FIL","A00000447309","2024-11-06T16:15Z","2024-11-06T16:15Z","Illinois State Water Survey Central Analytical Laboratory",266.0,0.02376,5,"2024-11-08","A",,
"16b46b2d-8630-4260-bfd5-acf75fc50aac","D16","MCRA","MCRA.AOS.S2","MCRA.SS.20241106.FIL","A00000447309","2024-11-06T16:15Z","2024-11-06T16:15Z","Illinois State Water Survey Central Analytical Laboratory",328.0,0.00990,5,"2024-11-08","A",,
"aa6f980f-f272-4ef2-b429-5ee459b2c690","D16","MCRA","MCRA.AOS.S2","MCRA.SS.20241106.FIL","A00000447309","2024-11-06T16:15Z","2024-11-06T16:15Z","Illinois State Water Survey Central Analytical Laboratory",502.0,0.00066,5,"2024-11-08","B",,
"e3f616a3-30eb-4ad5-8d22-0311da559a71","D16","MCRA","MCRA.AOS.S2","MCRA.SS.20241106.FIL","A00000447309","2024-11-06T16:15Z","2024-11-06T16:15Z","Illinois State Water Survey Central Analytical Laboratory",264.0,0.02424,5,"2024-11-08","A",,
"ad8551bc-b8b2-4f1c-9dc0-c65dc9073fa0","D16","MCRA","MCRA.AOS.S2","MCRA.SS.20241106.FIL","A00000447309","2024-11-06T16:15Z","2024-11-06T16:15Z","Illinois State Water Survey Central Analytical Laboratory",380.0,0.00402,5,"2024-11-08","B",,
"20fd0d0b-f698-4d96-a28f-302bd76913ad","D16","MCRA","MCRA.AOS.S2","MCRA.SS.20241106.FIL","A00000447309","2024-11-06T16:15Z","2024-11-06T16:15Z","Illinois State Water Survey Central Analytical Laboratory",506.0,0.00068,5,"2024-11-08","B",,
"742c5f63-3006-498c-a33e-076daef739cf","D16","MCRA","MCRA.AOS.S2","MCRA.SS.20241106.FIL","A00000447309","2024-11-06T16:15Z","2024-11-06T16:15Z","Illinois State Water Survey Central Analytical Laboratory",296.0,0.01610,5,"2024-11-08","B",,
"b8cf4f0a-9f6f-4aac-b107-cd30184ea632","D16","MCRA","MCRA.AOS.S2","MCRA.SS.20241106.FIL","A00000447309","2024-11-06T16:15Z","2024-11-06T16:15Z","Illinois State Water Survey Central Analytical Laboratory",462.0,0.00112,5,"2024-11-08","A",,
"099ff31b-03f7-495b-bcc9-253e3142f28d","D16","MCRA","MCRA.AOS.S2","MCRA.SS.20241106.FIL","A00000447309","2024-11-06T16:15Z","2024-11-06T16:15Z","Illinois State Water Survey Central Analytical Laboratory",482.0,0.00100,5,"2024-11-08","A",,
"cd7e0a87-04d6-4212-aa84-01df785245e5","D16","MCRA","MCRA.AOS.S2","MCRA.SS.20241106.FIL","A00000447309","2024-11-06T16:15Z","2024-11-06T16:15Z","Illinois State Water Survey Central Analytical Laboratory",390.0,0.00338,5,"2024-11-08","B",,
"39d93215-8075-4945-aed2-23579c7fcdaa","D16","MCRA","MCRA.AOS.S2","MCRA.SS.20241106.FIL","A00000447309","2024-11-06T16:15Z","2024-11-06T16:15Z","Illinois State Water Survey Central Analytical Laboratory",244.0,0.03034,5,"2024-11-08","B",,
"354a63b9-1e7c-452b-8585-7d8a4f6c8453","D16","MCRA","MCRA.AOS.S2","MCRA.SS.20241106.FIL","A00000447309","2024-11-06T16:15Z","2024-11-06T16:15Z","Illinois State Water Survey Central Analytical Laboratory",318.0,0.01162,5,"2024-11-08","B",,
"9d7a3766-fb3b-46d3-8667-6e99c8587d86","D16","MCRA","MCRA.AOS.S2","MCRA.SS.20241106.FIL","A00000447309","2024-11-06T16:15Z","2024-11-06T16:15Z","Illinois State Water Survey Central Analytical Laboratory",362.0,0.00562,5,"2024-11-08","A",,
"cd0b20f2-1b8e-49e5-910e-dd5e739c5760","D16","MCRA","MCRA.AOS.S2","MCRA.SS.20241106.FIL","A00000447309","2024-11-06T16:15Z","2024-11-06T16:15Z","Illinois State Water Survey Central Analytical Laboratory",580.0,0.00028,5,"2024-11-08","A",,
"f8095853-d622-4e06-8692-f8d7fa56e85d","D16","MCRA","MCRA.AOS.S2","MCRA.SS.20241106.FIL","A00000447309","2024-11-06T16:15Z","2024-11-06T16:15Z","Illinois State Water Survey Central Analytical Laboratory",264.0,0.02424,5,"2024-11-08","B",,
"3c3e291f-f573-4595-b2bc-ef254290635c","D16","MCRA","MCRA.AOS.S2","MCRA.SS.20241106.FIL","A00000447309","2024-11-06T16:15Z","2024-11-06T16:15Z","Illinois State Water Survey Central Analytical Laboratory",530.0,0.00052,5,"2024-11-08","A",,
"91fc0e8f-ace5-40e5-bb0a-9a6ab24fb6fa","D16","MCRA","MCRA.AOS.S2","MCRA.SS.20241106.FIL","A00000447309","2024-11-06T16:15Z","2024-11-06T16:15Z","Illinois State Water Survey Central Analytical Laboratory",410.0,0.00246,5,"2024-11-08","B",,
"a3b1df40-bed5-401e-971c-52adc0d027b5","D16","MCRA","MCRA.AOS.S2","MCRA.SS.20241106.FIL","A00000447309","2024-11-06T16:15Z","2024-11-06T16:15Z","Illinois State Water Survey Central Analytical Laboratory",600.0,0.00028,5,"2024-11-08","A",,
"a6e3e1dc-4aaf-4876-a17d-8a5871b29d94","D16","MCRA","MCRA.AOS.S2","MCRA.SS.20241106.FIL","A00000447309","2024-11-06T16:15Z","2024-11-06T16:15Z","Illinois State Water Survey Central Analytical Laboratory",514.0,0.00064,5,"2024-11-08","A",,
"c7bec47a-64c8-4b0b-a219-daa076ecd99e","D16","MCRA","MCRA.AOS.S2","MCRA.SS.20241119.FIL","A00000447413","2024-11-19T19:22Z","2024-11-19T19:22Z","Illinois State Water Survey Central Analytical Laboratory",522.0,0.00068,5,"2024-11-21","A",,
"27225313-5d01-4371-8a51-d23f15351f85","D16","MCRA","MCRA.AOS.S2","MCRA.SS.20241119.FIL","A00000447413","2024-11-19T19:22Z","2024-11-19T19:22Z","Illinois State Water Survey Central Analytical Laboratory",560.0,0.00066,5,"2024-11-21","A",,
"6f43ce7e-3e41-43f6-a0c0-aa44a3e389e7","D16","MCRA","MCRA.AOS.S2","MCRA.SS.20241119.FIL","A00000447413","2024-11-19T19:22Z","2024-11-19T19:22Z","Illinois State Water Survey Central Analytical Laboratory",282.0,0.01538,5,"2024-11-21","B",,
"41b385b9-f246-4a2a-9363-9cac87b32720","D16","MCRA","MCRA.AOS.S2","MCRA.SS.20241119.FIL","A00000447413","2024-11-19T19:22Z","2024-11-19T19:22Z","Illinois State Water Survey Central Analytical Laboratory",340.0,0.00638,5,"2024-11-21","B",,
"4722586c-4dcb-4366-918f-af09045d7fbd","D16","MCRA","MCRA.AOS.S2","MCRA.SS.20241119.FIL","A00000447413","2024-11-19T19:22Z","2024-11-19T19:22Z","Illinois State Water Survey Central Analytical Laboratory",248.0,0.02246,5,"2024-11-21","B",,
"f1f93166-4a4d-49a8-930b-bf48c87c4155","D16","MCRA","MCRA.AOS.S2","MCRA.SS.20241119.FIL","A00000447413","2024-11-19T19:22Z","2024-11-19T19:22Z","Illinois State Water Survey Central Analytical Laboratory",344.0,0.00606,5,"2024-11-21","B",,
"910d9a47-6829-4cbd-a4bc-7d8e951db621","D16","MCRA","MCRA.AOS.S2","MCRA.SS.20241119.FIL","A00000447413","2024-11-19T19:22Z","2024-11-19T19:22Z","Illinois State Water Survey Central Analytical Laboratory",334.0,0.00702,5,"2024-11-21","B",,
"ffc5b3bf-d7ea-4f40-843d-1e653e787387","D16","MCRA","MCRA.AOS.S2","MCRA.SS.20241119.FIL","A00000447413","2024-11-19T19:22Z","2024-11-19T19:22Z","Illinois State Water Survey Central Analytical Laboratory",304.0,0.01082,5,"2024-11-21","A",,
"8b6194aa-0f5f-4a55-88a3-3c9b03d44607","D16","MCRA","MCRA.AOS.S2","MCRA.SS.20241119.FIL","A00000447413","2024-11-19T19:22Z","2024-11-19T19:22Z","Illinois State Water Survey Central Analytical Laboratory",596.0,0.00102,5,"2024-11-21","B",,
"65afc649-6bf7-48bf-a2ef-a75f5290f889","D16","MCRA","MCRA.AOS.S2","MCRA.SS.20241119.FIL","A00000447413","2024-11-19T19:22Z","2024-11-19T19:22Z","Illinois State Water Survey Central Analytical Laboratory",528.0,0.00116,5,"2024-11-21","B",,
"077356f7-8573-4542-9ef6-8e6b079507ae","D16","MCRA","MCRA.AOS.S2","MCRA.SS.20241119.FIL","A00000447413","2024-11-19T19:22Z","2024-11-19T19:22Z","Illinois State Water Survey Central Analytical Laboratory",536.0,0.00066,5,"2024-11-21","A",,
"da496b71-c316-4bc9-928f-4f4b8e70bdea","D16","MCRA","MCRA.AOS.S2","MCRA.SS.20241119.FIL","A00000447413","2024-11-19T19:22Z","2024-11-19T19:22Z","Illinois State Water Survey Central Analytical Laboratory",562.0,0.00066,5,"2024-11-21","A",,
"6310ce2b-5428-4f03-971d-1097fb6db069","D16","MCRA","MCRA.AOS.S2","MCRA.SS.20241119.FIL","A00000447413","2024-11-19T19:22Z","2024-11-19T19:22Z","Illinois State Water Survey Central Analytical Laboratory",410.0,0.00244,5,"2024-11-21","B",,
"cedf0ae8-b154-491d-9b74-1fc5a800a69d","D16","MCRA","MCRA.AOS.S2","MCRA.SS.20241119.FIL","A00000447413","2024-11-19T19:22Z","2024-11-19T19:22Z","Illinois State Water Survey Central Analytical Laboratory",436.0,0.00148,5,"2024-11-21","A",,
"95e1efd9-d772-4db4-87b3-350c83365988","D16","MCRA","MCRA.AOS.S2","MCRA.SS.20241119.FIL","A00000447413","2024-11-19T19:22Z","2024-11-19T19:22Z","Illinois State Water Survey Central Analytical Laboratory",346.0,0.00556,5,"2024-11-21","A",,
"55a12d75-41d6-43a5-8117-6e0b4a013b6a","D16","MCRA","MCRA.AOS.S2","MCRA.SS.20241119.FIL","A00000447413","2024-11-19T19:22Z","2024-11-19T19:22Z","Illinois State Water Survey Central Analytical Laboratory",548.0,0.00108,5,"2024-11-21","B",,
"37f95f78-1efb-40bc-b8d9-9cc747a2b4db","D16","MCRA","MCRA.AOS.S2","MCRA.SS.20241119.FIL","A00000447413","2024-11-19T19:22Z","2024-11-19T19:22Z","Illinois State Water Survey Central Analytical Laboratory",238.0,0.02610,5,"2024-11-21","A",,
"63046f3d-068f-46f6-b7dc-f3c4ce7644f9","D16","MCRA","MCRA.AOS.S2","MCRA.SS.20241119.FIL","A00000447413","2024-11-19T19:22Z","2024-11-19T19:22Z","Illinois State Water Survey Central Analytical Laboratory",534.0,0.00066,5,"2024-11-21","A",,
"38985d94-95a7-420d-9258-415887dedce8","D16","MCRA","MCRA.AOS.S2","MCRA.SS.20241119.FIL","A00000447413","2024-11-19T19:22Z","2024-11-19T19:22Z","Illinois State Water Survey Central Analytical Laboratory",378.0,0.00334,5,"2024-11-21","A",,
"c4f0a70e-b767-4174-a085-76c62f51a296","D16","MCRA","MCRA.AOS.S2","MCRA.SS.20241119.FIL","A00000447413","2024-11-19T19:22Z","2024-11-19T19:22Z","Illinois State Water Survey Central Analytical Laboratory",334.0,0.00676,5,"2024-11-21","A",,
"f5dad252-75bd-4de0-a1b2-033401b0b22e","D16","MCRA","MCRA.AOS.S2","MCRA.SS.20241119.FIL","A00000447413","2024-11-19T19:22Z","2024-11-19T19:22Z","Illinois State Water Survey Central Analytical Laboratory",414.0,0.00188,5,"2024-11-21","A",,
"05fe9818-b186-4a1f-bfcc-24f220096572","D16","MCRA","MCRA.AOS.S2","MCRA.SS.20241119.FIL","A00000447413","2024-11-19T19:22Z","2024-11-19T19:22Z","Illinois State Water Survey Central Analytical Laboratory",586.0,0.00100,5,"2024-11-21","B",,
"ba326d70-4e5a-4d20-9aa8-fa252c481efd","D16","MCRA","MCRA.AOS.S2","MCRA.SS.20241119.FIL","A00000447413","2024-11-19T19:22Z","2024-11-19T19:22Z","Illinois State Water Survey Central Analytical Laboratory",558.0,0.00114,5,"2024-11-21","B",,
"e2f36461-432a-429d-828e-2a2c5bc16b17","D16","MCRA","MCRA.AOS.S2","MCRA.SS.20241119.FIL","A00000447413","2024-11-19T19:22Z","2024-11-19T19:22Z","Illinois State Water Survey Central Analytical Laboratory",396.0,0.00262,5,"2024-11-21","A",,
"678a529f-f643-4cc6-b0b2-7bc09bf2fcc5","D16","MCRA","MCRA.AOS.S2","MCRA.SS.20241119.FIL","A00000447413","2024-11-19T19:22Z","2024-11-19T19:22Z","Illinois State Water Survey Central Analytical Laboratory",418.0,0.00212,5,"2024-11-21","B",,
"24b4e12c-ecd3-4d9a-817e-02c534bd11b2","D16","MCRA","MCRA.AOS.S2","MCRA.SS.20241119.FIL","A00000447413","2024-11-19T19:22Z","2024-11-19T19:22Z","Illinois State Water Survey Central Analytical Laboratory",400.0,0.00286,5,"2024-11-21","B",,
"36a8ddd5-09c0-4c01-a8d3-a3937aa817ba","D16","MCRA","MCRA.AOS.S2","MCRA.SS.20241119.FIL","A00000447413","2024-11-19T19:22Z","2024-11-19T19:22Z","Illinois State Water Survey Central Analytical Laboratory",270.0,0.01734,5,"2024-11-21","A",,
"cef04ef9-6bc0-4b84-a07f-8e34fd9de98e","D16","MCRA","MCRA.AOS.S2","MCRA.SS.20241119.FIL","A00000447413","2024-11-19T19:22Z","2024-11-19T19:22Z","Illinois State Water Survey Central Analytical Laboratory",452.0,0.00116,5,"2024-11-21","A",,
"ec4eb6c9-9cff-4c9e-b049-ffabc780d279","D16","MCRA","MCRA.AOS.S2","MCRA.SS.20241119.FIL","A00000447413","2024-11-19T19:22Z","2024-11-19T19:22Z","Illinois State Water Survey Central Analytical Laboratory",482.0,0.00138,5,"2024-11-21","B",,
"5bb1d5b5-87bd-41a1-b47b-c9b226e23496","D16","MCRA","MCRA.AOS.S2","MCRA.SS.20241119.FIL","A00000447413","2024-11-19T19:22Z","2024-11-19T19:22Z","Illinois State Water Survey Central Analytical Laboratory",506.0,0.00070,5,"2024-11-21","A",,
"d8a5525f-f37d-47ff-9ef4-a38335d63453","D16","MCRA","MCRA.AOS.S2","MCRA.SS.20241119.FIL","A00000447413","2024-11-19T19:22Z","2024-11-19T19:22Z","Illinois State Water Survey Central Analytical Laboratory",264.0,0.01874,5,"2024-11-21","B",,
"5ab53b1c-3db1-4ae9-a678-ce24645e30db","D16","MCRA","MCRA.AOS.S2","MCRA.SS.20241119.FIL","A00000447413","2024-11-19T19:22Z","2024-11-19T19:22Z","Illinois State Water Survey Central Analytical Laboratory",370.0,0.00414,5,"2024-11-21","B",,
"c6ec3168-9991-4367-9459-b57e066b6116","D16","MCRA","MCRA.AOS.S2","MCRA.SS.20241119.FIL","A00000447413","2024-11-19T19:22Z","2024-11-19T19:22Z","Illinois State Water Survey Central Analytical Laboratory",464.0,0.00136,5,"2024-11-21","B",,
"ecedfe7b-02bc-4e27-bee9-8fc87e5b29d7","D16","MCRA","MCRA.AOS.S2","MCRA.SS.20241119.FIL","A00000447413","2024-11-19T19:22Z","2024-11-19T19:22Z","Illinois State Water Survey Central Analytical Laboratory",494.0,0.00122,5,"2024-11-21","B",,
"09717cd9-a855-4ea7-9d2b-aabd8420e38d","D16","MCRA","MCRA.AOS.S2","MCRA.SS.20241119.FIL","A00000447413","2024-11-19T19:22Z","2024-11-19T19:22Z","Illinois State Water Survey Central Analytical Laboratory",322.0,0.00844,5,"2024-11-21","B",,
"055a1839-e3b6-4282-a0e4-937d7a8abbd8","D16","MCRA","MCRA.AOS.S2","MCRA.SS.20241119.FIL","A00000447413","2024-11-19T19:22Z","2024-11-19T19:22Z","Illinois State Water Survey Central Analytical Laboratory",558.0,0.00064,5,"2024-11-21","A",,
"2705ed2b-dbc1-4c7a-bde6-26b43a29565c","D16","MCRA","MCRA.AOS.S2","MCRA.SS.20241119.FIL","A00000447413","2024-11-19T19:22Z","2024-11-19T19:22Z","Illinois State Water Survey Central Analytical Laboratory",514.0,0.00068,5,"2024-11-21","A",,
"3a83626b-3f83-4304-a0ac-190a75768524","D16","MCRA","MCRA.AOS.S2","MCRA.SS.20241119.FIL","A00000447413","2024-11-19T19:22Z","2024-11-19T19:22Z","Illinois State Water Survey Central Analytical Laboratory",594.0,0.00102,5,"2024-11-21","B",,
"4ee79fbe-82b9-4e56-83b7-63f5d6a3caf4","D16","MCRA","MCRA.AOS.S2","MCRA.SS.20241119.FIL","A00000447413","2024-11-19T19:22Z","2024-11-19T19:22Z","Illinois State Water Survey Central Analytical Laboratory",294.0,0.01262,5,"2024-11-21","A",,
"55e57099-157d-4fbb-925e-9ce97808c742","D16","MCRA","MCRA.AOS.S2","MCRA.SS.20241119.FIL","A00000447413","2024-11-19T19:22Z","2024-11-19T19:22Z","Illinois State Water Survey Central Analytical Laboratory",264.0,0.01854,5,"2024-11-21","A",,
"0a3ee0bf-a7b7-4f6e-8caf-511615e4ac36","D16","MCRA","MCRA.AOS.S2","MCRA.SS.20241119.FIL","A00000447413","2024-11-19T19:22Z","2024-11-19T19:22Z","Illinois State Water Survey Central Analytical Laboratory",232.0,0.03032,5,"2024-11-21","A",,
"9d3488ff-dedb-451e-b1b1-3519b5182452","D16","MCRA","MCRA.AOS.S2","MCRA.SS.20241119.FIL","A00000447413","2024-11-19T19:22Z","2024-11-19T19:22Z","Illinois State Water Survey Central Analytical Laboratory",432.0,0.00152,5,"2024-11-21","A",,
"8c5101db-d987-4b63-a3b7-97e6919f7ef5","D16","MCRA","MCRA.AOS.S2","MCRA.SS.20241119.FIL","A00000447413","2024-11-19T19:22Z","2024-11-19T19:22Z","Illinois State Water Survey Central Analytical Laboratory",268.0,0.01778,5,"2024-11-21","A",,
"bd91f6cd-910f-4ffe-9100-96131a83bb18","D16","MCRA","MCRA.AOS.S2","MCRA.SS.20241119.FIL","A00000447413","2024-11-19T19:22Z","2024-11-19T19:22Z","Illinois State Water Survey Central Analytical Laboratory",286.0,0.01438,5,"2024-11-21","A",,
"c1c1f58e-09fc-4655-9e86-8cc548847252","D16","MCRA","MCRA.AOS.S2","MCRA.SS.20241119.FIL","A00000447413","2024-11-19T19:22Z","2024-11-19T19:22Z","Illinois State Water Survey Central Analytical Laboratory",318.0,0.00868,5,"2024-11-21","A",,
"940ecab4-eec3-46f0-9f4c-043a9250c2c8","D16","MCRA","MCRA.AOS.S2","MCRA.SS.20241119.FIL","A00000447413","2024-11-19T19:22Z","2024-11-19T19:22Z","Illinois State Water Survey Central Analytical Laboratory",288.0,0.01400,5,"2024-11-21","A",,
"79909001-680e-42f4-89fb-f5d14d241682","D16","MCRA","MCRA.AOS.S2","MCRA.SS.20241119.FIL","A00000447413","2024-11-19T19:22Z","2024-11-19T19:22Z","Illinois State Water Survey Central Analytical Laboratory",532.0,0.00068,5,"2024-11-21","A",,
"8d684d55-bed3-4ff1-a76e-d1d919828806","D16","MCRA","MCRA.AOS.S2","MCRA.SS.20241119.FIL","A00000447413","2024-11-19T19:22Z","2024-11-19T19:22Z","Illinois State Water Survey Central Analytical Laboratory",390.0,0.00310,5,"2024-11-21","B",,
"b11fef31-4ae2-4851-b258-8a15f37e5009","D16","MCRA","MCRA.AOS.S2","MCRA.SS.20241119.FIL","A00000447413","2024-11-19T19:22Z","2024-11-19T19:22Z","Illinois State Water Survey Central Analytical Laboratory",588.0,0.00064,5,"2024-11-21","A",,
"16fb5d86-cf29-4e01-8b9c-1b8aa1e4fe67","D16","MCRA","MCRA.AOS.S2","MCRA.SS.20241119.FIL","A00000447413","2024-11-19T19:22Z","2024-11-19T19:22Z","Illinois State Water Survey Central Analytical Laboratory",320.0,0.00874,5,"2024-11-21","B",,
"05054c49-2a4e-437b-aa4d-6121d86880f5","D16","MCRA","MCRA.AOS.S2","MCRA.SS.20241119.FIL","A00000447413","2024-11-19T19:22Z","2024-11-19T19:22Z","Illinois State Water Survey Central Analytical Laboratory",496.0,0.00126,5,"2024-11-21","B",,
"e954b1b9-90e0-416f-bfce-347d35409c21","D16","MCRA","MCRA.AOS.S2","MCRA.SS.20241119.FIL","A00000447413","2024-11-19T19:22Z","2024-11-19T19:22Z","Illinois State Water Survey Central Analytical Laboratory",336.0,0.00680,5,"2024-11-21","B",,
"cefc3e55-fff5-489c-a8f7-8290cd2e29a6","D16","MCRA","MCRA.AOS.S2","MCRA.SS.20241119.FIL","A00000447413","2024-11-19T19:22Z","2024-11-19T19:22Z","Illinois State Water Survey Central Analytical Laboratory",466.0,0.00104,5,"2024-11-21","A",,
"88229449-a269-468e-b190-c96b3dc37468","D16","MCRA","MCRA.AOS.S2","MCRA.SS.20241119.FIL","A00000447413","2024-11-19T19:22Z","2024-11-19T19:22Z","Illinois State Water Survey Central Analytical Laboratory",324.0,0.00794,5,"2024-11-21","A",,
"d1324099-9231-4818-a7d8-cc42ddd68a40","D16","MCRA","MCRA.AOS.S2","MCRA.SS.20241119.FIL","A00000447413","2024-11-19T19:22Z","2024-11-19T19:22Z","Illinois State Water Survey Central Analytical Laboratory",430.0,0.00184,5,"2024-11-21","B",,
"616baf91-862a-4bb4-8f5b-aa7425996b31","D16","MCRA","MCRA.AOS.S2","MCRA.SS.20241119.FIL","A00000447413","2024-11-19T19:22Z","2024-11-19T19:22Z","Illinois State Water Survey Central Analytical Laboratory",556.0,0.00114,5,"2024-11-21","B",,
"0a3f4d46-7375-4c76-8523-de6622d4589d","D16","MCRA","MCRA.AOS.S2","MCRA.SS.20241119.FIL","A00000447413","2024-11-19T19:22Z","2024-11-19T19:22Z","Illinois State Water Survey Central Analytical Laboratory",552.0,0.00072,5,"2024-11-21","A",,
"e8424e6d-2780-4c2d-9682-8319bfa8006e","D16","MCRA","MCRA.AOS.S2","MCRA.SS.20241119.FIL","A00000447413","2024-11-19T19:22Z","2024-11-19T19:22Z","Illinois State Water Survey Central Analytical Laboratory",266.0,0.01836,5,"2024-11-21","B",,
"d287d570-aa2a-4a7e-b56d-245016eda5cc","D16","MCRA","MCRA.AOS.S2","MCRA.SS.20241119.FIL","A00000447413","2024-11-19T19:22Z","2024-11-19T19:22Z","Illinois State Water Survey Central Analytical Laboratory",402.0,0.00284,5,"2024-11-21","B",,
"468ac33f-93c9-4c66-a986-5f026abdc46c","D16","MCRA","MCRA.AOS.S2","MCRA.SS.20241119.FIL","A00000447413","2024-11-19T19:22Z","2024-11-19T19:22Z","Illinois State Water Survey Central Analytical Laboratory",320.0,0.00848,5,"2024-11-21","A",,
"743d6710-3813-430f-91a1-0142116bd231","D16","MCRA","MCRA.AOS.S2","MCRA.SS.20241119.FIL","A00000447413","2024-11-19T19:22Z","2024-11-19T19:22Z","Illinois State Water Survey Central Analytical Laboratory",258.0,0.01968,5,"2024-11-21","A",,
"65d6a7dd-9709-4b36-a4be-bfe6a9e8a6fb","D16","MCRA","MCRA.AOS.S2","MCRA.SS.20241119.FIL","A00000447413","2024-11-19T19:22Z","2024-11-19T19:22Z","Illinois State Water Survey Central Analytical Laboratory",516.0,0.00122,5,"2024-11-21","B",,
"6df1b3aa-37d6-48bf-9c2d-3f20ce42ca2d","D16","MCRA","MCRA.AOS.S2","MCRA.SS.20241119.FIL","A00000447413","2024-11-19T19:22Z","2024-11-19T19:22Z","Illinois State Water Survey Central Analytical Laboratory",496.0,0.00080,5,"2024-11-21","A",,
"f658b635-717d-442b-bb89-355a8ecf00fa","D16","MCRA","MCRA.AOS.S2","MCRA.SS.20241119.FIL","A00000447413","2024-11-19T19:22Z","2024-11-19T19:22Z","Illinois State Water Survey Central Analytical Laboratory",498.0,0.00080,5,"2024-11-21","A",,
"de6ccdd0-6344-4c71-9056-b56174ee615b","D16","MCRA","MCRA.AOS.S2","MCRA.SS.20241119.FIL","A00000447413","2024-11-19T19:22Z","2024-11-19T19:22Z","Illinois State Water Survey Central Analytical Laboratory",328.0,0.00768,5,"2024-11-21","B",,
"214daa13-3f60-4d40-9f3a-fcdf09192ebb","D16","MCRA","MCRA.AOS.S2","MCRA.SS.20241119.FIL","A00000447413","2024-11-19T19:22Z","2024-11-19T19:22Z","Illinois State Water Survey Central Analytical Laboratory",304.0,0.01104,5,"2024-11-21","B",,
"ef00fa2f-ac26-4512-a71a-86303dcec9c4","D16","MCRA","MCRA.AOS.S2","MCRA.SS.20241119.FIL","A00000447413","2024-11-19T19:22Z","2024-11-19T19:22Z","Illinois State Water Survey Central Analytical Laboratory",600.0,0.00106,5,"2024-11-21","B",,
"a5a86d65-2949-48c5-b519-dd70524a5a87","D16","MCRA","MCRA.AOS.S2","MCRA.SS.20241119.FIL","A00000447413","2024-11-19T19:22Z","2024-11-19T19:22Z","Illinois State Water Survey Central Analytical Laboratory",470.0,0.00100,5,"2024-11-21","A",,
"079f29d0-52f4-4d7b-b778-578172c253e6","D16","MCRA","MCRA.AOS.S2","MCRA.SS.20241119.FIL","A00000447413","2024-11-19T19:22Z","2024-11-19T19:22Z","Illinois State Water Survey Central Analytical Laboratory",444.0,0.00158,5,"2024-11-21","B",,
"5e4b2d1d-5e36-43c4-9396-dbd62a4052fe","D16","MCRA","MCRA.AOS.S2","MCRA.SS.20241119.FIL","A00000447413","2024-11-19T19:22Z","2024-11-19T19:22Z","Illinois State Water Survey Central Analytical Laboratory",516.0,0.00072,5,"2024-11-21","A",,
"5f22c318-48dd-46a3-8a1b-a29fe5a92f64","D16","MCRA","MCRA.AOS.S2","MCRA.SS.20241119.FIL","A00000447413","2024-11-19T19:22Z","2024-11-19T19:22Z","Illinois State Water Survey Central Analytical Laboratory",262.0,0.01892,5,"2024-11-21","A",,
"b18d5bfd-53f8-40cf-8409-37c322202a67","D16","MCRA","MCRA.AOS.S2","MCRA.SS.20241119.FIL","A00000447413","2024-11-19T19:22Z","2024-11-19T19:22Z","Illinois State Water Survey Central Analytical Laboratory",240.0,0.02512,5,"2024-11-21","A",,
"0907970d-407a-4f00-8e77-40eca5368b6a","D16","MCRA","MCRA.AOS.S2","MCRA.SS.20241119.FIL","A00000447413","2024-11-19T19:22Z","2024-11-19T19:22Z","Illinois State Water Survey Central Analytical Laboratory",438.0,0.00140,5,"2024-11-21","A",,
"ee7536ec-c46c-4275-b272-d8510d5d3ac1","D16","MCRA","MCRA.AOS.S2","MCRA.SS.20241119.FIL","A00000447413","2024-11-19T19:22Z","2024-11-19T19:22Z","Illinois State Water Survey Central Analytical Laboratory",442.0,0.00136,5,"2024-11-21","A",,
"cc738055-12c6-4836-a4f6-8c91e27c5ffb","D16","MCRA","MCRA.AOS.S2","MCRA.SS.20241119.FIL","A00000447413","2024-11-19T19:22Z","2024-11-19T19:22Z","Illinois State Water Survey Central Analytical Laboratory",504.0,0.00074,5,"2024-11-21","A",,
"386e0e24-c587-4a78-aba7-150683dc0987","D16","MCRA","MCRA.AOS.S2","MCRA.SS.20241119.FIL","A00000447413","2024-11-19T19:22Z","2024-11-19T19:22Z","Illinois State Water Survey Central Analytical Laboratory",332.0,0.00696,5,"2024-11-21","A",,
"e0659352-3cca-4a04-beaa-47bfc6dc7c2e","D16","MCRA","MCRA.AOS.S2","MCRA.SS.20241119.FIL","A00000447413","2024-11-19T19:22Z","2024-11-19T19:22Z","Illinois State Water Survey Central Analytical Laboratory",254.0,0.02080,5,"2024-11-21","B",,
"26c8251b-136a-4826-aa94-10ea9de77221","D16","MCRA","MCRA.AOS.S2","MCRA.SS.20241119.FIL","A00000447413","2024-11-19T19:22Z","2024-11-19T19:22Z","Illinois State Water Survey Central Analytical Laboratory",394.0,0.00266,5,"2024-11-21","A",,
"47ea30f0-c30b-419a-87c9-b13a2098907d","D16","MCRA","MCRA.AOS.S2","MCRA.SS.20241119.FIL","A00000447413","2024-11-19T19:22Z","2024-11-19T19:22Z","Illinois State Water Survey Central Analytical Laboratory",484.0,0.00134,5,"2024-11-21","B",,
"32e60e3e-a75c-41f5-861b-5a12144ee8d1","D16","MCRA","MCRA.AOS.S2","MCRA.SS.20241119.FIL","A00000447413","2024-11-19T19:22Z","2024-11-19T19:22Z","Illinois State Water Survey Central Analytical Laboratory",360.0,0.00450,5,"2024-11-21","A",,
"dd686da4-a50c-4268-bd20-7e9aa102a4a7","D16","MCRA","MCRA.AOS.S2","MCRA.SS.20241119.FIL","A00000447413","2024-11-19T19:22Z","2024-11-19T19:22Z","Illinois State Water Survey Central Analytical Laboratory",250.0,0.02186,5,"2024-11-21","B",,
"c46fcd4c-38f7-42dd-93f1-518f380d972a","D16","MCRA","MCRA.AOS.S2","MCRA.SS.20241119.FIL","A00000447413","2024-11-19T19:22Z","2024-11-19T19:22Z","Illinois State Water Survey Central Analytical Laboratory",418.0,0.00182,5,"2024-11-21","A",,
"228916c2-a804-4aa3-88d9-c0506cb5bd40","D16","MCRA","MCRA.AOS.S2","MCRA.SS.20241119.FIL","A00000447413","2024-11-19T19:22Z","2024-11-19T19:22Z","Illinois State Water Survey Central Analytical Laboratory",454.0,0.00144,5,"2024-11-21","B",,
"4c4a59c5-d77d-421f-a724-ad4fce8c2d2e","D16","MCRA","MCRA.AOS.S2","MCRA.SS.20241119.FIL","A00000447413","2024-11-19T19:22Z","2024-11-19T19:22Z","Illinois State Water Survey Central Analytical Laboratory",424.0,0.00168,5,"2024-11-21","A",,
"f3f2c1c9-40b2-44a4-8a0b-1b570d51d195","D16","MCRA","MCRA.AOS.S2","MCRA.SS.20241119.FIL","A00000447413","2024-11-19T19:22Z","2024-11-19T19:22Z","Illinois State Water Survey Central Analytical Laboratory",244.0,0.02376,5,"2024-11-21","B",,
"3c06520c-dacf-4350-bf6d-b96d23a6a45f","D16","MCRA","MCRA.AOS.S2","MCRA.SS.20241119.FIL","A00000447413","2024-11-19T19:22Z","2024-11-19T19:22Z","Illinois State Water Survey Central Analytical Laboratory",290.0,0.01378,5,"2024-11-21","B",,
"5d760d5b-9e7a-4f8b-8771-1fc18060b04f","D16","MCRA","MCRA.AOS.S2","MCRA.SS.20241119.FIL","A00000447413","2024-11-19T19:22Z","2024-11-19T19:22Z","Illinois State Water Survey Central Analytical Laboratory",550.0,0.00066,5,"2024-11-21","A",,
"fc9385d4-f51c-4ab7-bf0e-58d2fa6aa78a","D16","MCRA","MCRA.AOS.S2","MCRA.SS.20241119.FIL","A00000447413","2024-11-19T19:22Z","2024-11-19T19:22Z","Illinois State Water Survey Central Analytical Laboratory",574.0,0.00068,5,"2024-11-21","A",,
"6ea17236-ba95-47bf-9277-0f83a7ff6cdb","D16","MCRA","MCRA.AOS.S2","MCRA.SS.20241119.FIL","A00000447413","2024-11-19T19:22Z","2024-11-19T19:22Z","Illinois State Water Survey Central Analytical Laboratory",298.0,0.01180,5,"2024-11-21","A",,
"690ce7ed-831f-4c92-97d2-2375f353fcb2","D16","MCRA","MCRA.AOS.S2","MCRA.SS.20241119.FIL","A00000447413","2024-11-19T19:22Z","2024-11-19T19:22Z","Illinois State Water Survey Central Analytical Laboratory",568.0,0.00102,5,"2024-11-21","B",,
"f8395c9b-55d6-4522-9c22-9e4388910358","D16","MCRA","MCRA.AOS.S2","MCRA.SS.20241119.FIL","A00000447413","2024-11-19T19:22Z","2024-11-19T19:22Z","Illinois State Water Survey Central Analytical Laboratory",598.0,0.00090,5,"2024-11-21","B",,
"dfa8f5df-1e54-4dd4-ab4d-3bef3194d507","D16","MCRA","MCRA.AOS.S2","MCRA.SS.20241119.FIL","A00000447413","2024-11-19T19:22Z","2024-11-19T19:22Z","Illinois State Water Survey Central Analytical Laboratory",286.0,0.01460,5,"2024-11-21","B",,
"16d0f193-798b-476d-92cd-dfce278ce61f","D16","MCRA","MCRA.AOS.S2","MCRA.SS.20241119.FIL","A00000447413","2024-11-19T19:22Z","2024-11-19T19:22Z","Illinois State Water Survey Central Analytical Laboratory",308.0,0.01038,5,"2024-11-21","B",,
"0aae7360-1483-459e-849e-a7789b741c3b","D16","MCRA","MCRA.AOS.S2","MCRA.SS.20241119.FIL","A00000447413","2024-11-19T19:22Z","2024-11-19T19:22Z","Illinois State Water Survey Central Analytical Laboratory",234.0,0.02862,5,"2024-11-21","A",,
"e5fb6a95-bc4b-41cf-ab4c-c2d3e328f7c5","D16","MCRA","MCRA.AOS.S2","MCRA.SS.20241119.FIL","A00000447413","2024-11-19T19:22Z","2024-11-19T19:22Z","Illinois State Water Survey Central Analytical Laboratory",446.0,0.00132,5,"2024-11-21","A",,
"3c835d18-f0c4-42b7-9832-f5641660ddad","D16","MCRA","MCRA.AOS.S2","MCRA.SS.20241119.FIL","A00000447413","2024-11-19T19:22Z","2024-11-19T19:22Z","Illinois State Water Survey Central Analytical Laboratory",374.0,0.00392,5,"2024-11-21","B",,
"2e2e499f-e8bb-440c-bdd4-fec3a4c135b4","D16","MCRA","MCRA.AOS.S2","MCRA.SS.20241119.FIL","A00000447413","2024-11-19T19:22Z","2024-11-19T19:22Z","Illinois State Water Survey Central Analytical Laboratory",362.0,0.00442,5,"2024-11-21","A",,
"c4ee04e9-0a24-4eeb-9068-0c69adab8346","D16","MCRA","MCRA.AOS.S2","MCRA.SS.20241119.FIL","A00000447413","2024-11-19T19:22Z","2024-11-19T19:22Z","Illinois State Water Survey Central Analytical Laboratory",488.0,0.00132,5,"2024-11-21","B",,
"ed25ffde-1826-4cdb-8789-548bb21e5726","D16","MCRA","MCRA.AOS.S2","MCRA.SS.20241119.FIL","A00000447413","2024-11-19T19:22Z","2024-11-19T19:22Z","Illinois State Water Survey Central Analytical Laboratory",564.0,0.00066,5,"2024-11-21","A",,
"6ea1568b-b110-4617-a725-fb9b5662c1c9","D16","MCRA","MCRA.AOS.S2","MCRA.SS.20241119.FIL","A00000447413","2024-11-19T19:22Z","2024-11-19T19:22Z","Illinois State Water Survey Central Analytical Laboratory",522.0,0.00116,5,"2024-11-21","B",,
"a81de10d-1217-422a-8932-fe1d643021e6","D16","MCRA","MCRA.AOS.S2","MCRA.SS.20241119.FIL","A00000447413","2024-11-19T19:22Z","2024-11-19T19:22Z","Illinois State Water Survey Central Analytical Laboratory",338.0,0.00632,5,"2024-11-21","A",,
"886e0fb3-209e-4997-af5a-eba87bc173f4","D16","MCRA","MCRA.AOS.S2","MCRA.SS.20241119.FIL","A00000447413","2024-11-19T19:22Z","2024-11-19T19:22Z","Illinois State Water Survey Central Analytical Laboratory",406.0,0.00262,5,"2024-11-21","B",,
"161bb76f-b387-48a3-8da8-d1689c4b6198","D16","MCRA","MCRA.AOS.S2","MCRA.SS.20241119.FIL","A00000447413","2024-11-19T19:22Z","2024-11-19T19:22Z","Illinois State Water Survey Central Analytical Laboratory",540.0,0.00112,5,"2024-11-21","B",,
"f9b781f9-3db2-4240-91b1-e0dc8f3de738","D16","MCRA","MCRA.AOS.S2","MCRA.SS.20241119.FIL","A00000447413","2024-11-19T19:22Z","2024-11-19T19:22Z","Illinois State Water Survey Central Analytical Laboratory",242.0,0.02440,5,"2024-11-21","B",,
"e7465a16-5cea-4269-a99b-d07ab94e6b96","D16","MCRA","MCRA.AOS.S2","MCRA.SS.20241119.FIL","A00000447413","2024-11-19T19:22Z","2024-11-19T19:22Z","Illinois State Water Survey Central Analytical Laboratory",366.0,0.00442,5,"2024-11-21","B",,
"458984b4-5fb2-4572-ae38-73b53e79ab15","D16","MCRA","MCRA.AOS.S2","MCRA.SS.20241119.FIL","A00000447413","2024-11-19T19:22Z","2024-11-19T19:22Z","Illinois State Water Survey Central Analytical Laboratory",420.0,0.00176,5,"2024-11-21","A",,
"79b17392-c311-42a8-b778-f23af527a638","D16","MCRA","MCRA.AOS.S2","MCRA.SS.20241119.FIL","A00000447413","2024-11-19T19:22Z","2024-11-19T19:22Z","Illinois State Water Survey Central Analytical Laboratory",474.0,0.00098,5,"2024-11-21","A",,
"491ed79e-d4a4-43d3-a036-dd194978f296","D16","MCRA","MCRA.AOS.S2","MCRA.SS.20241119.FIL","A00000447413","2024-11-19T19:22Z","2024-11-19T19:22Z","Illinois State Water Survey Central Analytical Laboratory",524.0,0.00114,5,"2024-11-21","B",,
"ec72887d-72cd-468d-b070-0778f64b7a0d","D16","MCRA","MCRA.AOS.S2","MCRA.SS.20241119.FIL","A00000447413","2024-11-19T19:22Z","2024-11-19T19:22Z","Illinois State Water Survey Central Analytical Laboratory",572.0,0.00064,5,"2024-11-21","A",,
"2807951d-a45b-4328-a325-735579f71e76","D16","MCRA","MCRA.AOS.S2","MCRA.SS.20241119.FIL","A00000447413","2024-11-19T19:22Z","2024-11-19T19:22Z","Illinois State Water Survey Central Analytical Laboratory",520.0,0.00062,5,"2024-11-21","A",,
"fcb4a7f3-376f-46f8-acfe-6f4698201bee","D16","MCRA","MCRA.AOS.S2","MCRA.SS.20241119.FIL","A00000447413","2024-11-19T19:22Z","2024-11-19T19:22Z","Illinois State Water Survey Central Analytical Laboratory",578.0,0.00106,5,"2024-11-21","B",,
"0dfae92f-f4c4-4677-b220-6e96c2a36729","D16","MCRA","MCRA.AOS.S2","MCRA.SS.20241119.FIL","A00000447413","2024-11-19T19:22Z","2024-11-19T19:22Z","Illinois State Water Survey Central Analytical Laboratory",490.0,0.00126,5,"2024-11-21","B",,
"3a43871c-8c91-4cf9-a812-6747f01887c5","D16","MCRA","MCRA.AOS.S2","MCRA.SS.20241119.FIL","A00000447413","2024-11-19T19:22Z","2024-11-19T19:22Z","Illinois State Water Survey Central Analytical Laboratory",252.0,0.02108,5,"2024-11-21","A",,
"9376facc-b1e3-44c5-9d5d-efa2b84bb6db","D16","MCRA","MCRA.AOS.S2","MCRA.SS.20241119.FIL","A00000447413","2024-11-19T19:22Z","2024-11-19T19:22Z","Illinois State Water Survey Central Analytical Laboratory",326.0,0.00796,5,"2024-11-21","B",,
"42632c80-2015-4605-a2c1-85658e87ce1e","D16","MCRA","MCRA.AOS.S2","MCRA.SS.20241119.FIL","A00000447413","2024-11-19T19:22Z","2024-11-19T19:22Z","Illinois State Water Survey Central Analytical Laboratory",492.0,0.00130,5,"2024-11-21","B",,
"c6c62202-443c-4fec-af7b-113e90f09090","D16","MCRA","MCRA.AOS.S2","MCRA.SS.20241119.FIL","A00000447413","2024-11-19T19:22Z","2024-11-19T19:22Z","Illinois State Water Survey Central Analytical Laboratory",236.0,0.02742,5,"2024-11-21","B",,
"da988fc5-f953-488f-a683-d743fbee823f","D16","MCRA","MCRA.AOS.S2","MCRA.SS.20241119.FIL","A00000447413","2024-11-19T19:22Z","2024-11-19T19:22Z","Illinois State Water Survey Central Analytical Laboratory",546.0,0.00066,5,"2024-11-21","A",,
"6375fb3b-2125-4fa7-92bc-b60ff56f5666","D16","MCRA","MCRA.AOS.S2","MCRA.SS.20241119.FIL","A00000447413","2024-11-19T19:22Z","2024-11-19T19:22Z","Illinois State Water Survey Central Analytical Laboratory",260.0,0.01936,5,"2024-11-21","A",,
"97fcf288-2163-4d40-9ecf-5b66feb2362b","D16","MCRA","MCRA.AOS.S2","MCRA.SS.20241119.FIL","A00000447413","2024-11-19T19:22Z","2024-11-19T19:22Z","Illinois State Water Survey Central Analytical Laboratory",510.0,0.00072,5,"2024-11-21","A",,
"3470f559-ae30-4ecd-978e-7ad8baad9493","D16","MCRA","MCRA.AOS.S2","MCRA.SS.20241119.FIL","A00000447413","2024-11-19T19:22Z","2024-11-19T19:22Z","Illinois State Water Survey Central Analytical Laboratory",530.0,0.00112,5,"2024-11-21","B",,
"2840f7f3-3d1a-4741-a166-abcc002b1e10","D16","MCRA","MCRA.AOS.S2","MCRA.SS.20241119.FIL","A00000447413","2024-11-19T19:22Z","2024-11-19T19:22Z","Illinois State Water Survey Central Analytical Laboratory",296.0,0.01242,5,"2024-11-21","B",,
"10cd27b9-97e6-404e-aa98-0bf6c11da394","D16","MCRA","MCRA.AOS.S2","MCRA.SS.20241119.FIL","A00000447413","2024-11-19T19:22Z","2024-11-19T19:22Z","Illinois State Water Survey Central Analytical Laboratory",388.0,0.00316,5,"2024-11-21","B",,
"abc0ff86-6a9d-4adc-93db-dd07ba1087ca","D16","MCRA","MCRA.AOS.S2","MCRA.SS.20241119.FIL","A00000447413","2024-11-19T19:22Z","2024-11-19T19:22Z","Illinois State Water Survey Central Analytical Laboratory",262.0,0.01910,5,"2024-11-21","B",,
"b965a758-1034-4fe3-8578-ffd9791127fa","D16","MCRA","MCRA.AOS.S2","MCRA.SS.20241119.FIL","A00000447413","2024-11-19T19:22Z","2024-11-19T19:22Z","Illinois State Water Survey Central Analytical Laboratory",478.0,0.00098,5,"2024-11-21","A",,
"e9c96241-d54a-43a8-969b-35b994fe27d1","D16","MCRA","MCRA.AOS.S2","MCRA.SS.20241119.FIL","A00000447413","2024-11-19T19:22Z","2024-11-19T19:22Z","Illinois State Water Survey Central Analytical Laboratory",230.0,0.03256,5,"2024-11-21","B",,
"2adc3aa2-3179-4264-b9e3-0365d62b431b","D16","MCRA","MCRA.AOS.S2","MCRA.SS.20241119.FIL","A00000447413","2024-11-19T19:22Z","2024-11-19T19:22Z","Illinois State Water Survey Central Analytical Laboratory",586.0,0.00064,5,"2024-11-21","A",,
"999fb4ce-5a63-486f-be71-5a1f9d73ec19","D16","MCRA","MCRA.AOS.S2","MCRA.SS.20241119.FIL","A00000447413","2024-11-19T19:22Z","2024-11-19T19:22Z","Illinois State Water Survey Central Analytical Laboratory",366.0,0.00412,5,"2024-11-21","A",,
"9495d500-3134-4178-b814-ebf15f63e1aa","D16","MCRA","MCRA.AOS.S2","MCRA.SS.20241119.FIL","A00000447413","2024-11-19T19:22Z","2024-11-19T19:22Z","Illinois State Water Survey Central Analytical Laboratory",548.0,0.00066,5,"2024-11-21","A",,
"9a060bcc-f217-47f0-8c56-1d30e6535b4b","D16","MCRA","MCRA.AOS.S2","MCRA.SS.20241119.FIL","A00000447413","2024-11-19T19:22Z","2024-11-19T19:22Z","Illinois State Water Survey Central Analytical Laboratory",416.0,0.00212,5,"2024-11-21","B",,
"21623166-3a75-42f9-8350-4bc3c4c53711","D16","MCRA","MCRA.AOS.S2","MCRA.SS.20241119.FIL","A00000447413","2024-11-19T19:22Z","2024-11-19T19:22Z","Illinois State Water Survey Central Analytical Laboratory",452.0,0.00146,5,"2024-11-21","B",,
"e807b115-5539-4780-983b-df775875975f","D16","MCRA","MCRA.AOS.S2","MCRA.SS.20241119.FIL","A00000447413","2024-11-19T19:22Z","2024-11-19T19:22Z","Illinois State Water Survey Central Analytical Laboratory",570.0,0.00108,5,"2024-11-21","B",,
"ac42a00a-aa46-4337-887d-b70720c51d27","D16","MCRA","MCRA.AOS.S2","MCRA.SS.20241119.FIL","A00000447413","2024-11-19T19:22Z","2024-11-19T19:22Z","Illinois State Water Survey Central Analytical Laboratory",590.0,0.00050,5,"2024-11-21","A",,
"be8f042a-08a3-4d51-b6bc-5184694c5a7a","D16","MCRA","MCRA.AOS.S2","MCRA.SS.20241119.FIL","A00000447413","2024-11-19T19:22Z","2024-11-19T19:22Z","Illinois State Water Survey Central Analytical Laboratory",426.0,0.00192,5,"2024-11-21","B",,
"902de027-0e83-422f-b873-00d4157d4f78","D16","MCRA","MCRA.AOS.S2","MCRA.SS.20241119.FIL","A00000447413","2024-11-19T19:22Z","2024-11-19T19:22Z","Illinois State Water Survey Central Analytical Laboratory",520.0,0.00114,5,"2024-11-21","B",,
"a6b4c4ef-15e7-4dcd-adf7-ddc18a8f0dc9","D16","MCRA","MCRA.AOS.S2","MCRA.SS.20241119.FIL","A00000447413","2024-11-19T19:22Z","2024-11-19T19:22Z","Illinois State Water Survey Central Analytical Laboratory",476.0,0.00134,5,"2024-11-21","B",,
"99e5ccb9-07fc-4004-9d6c-ed3a06bd62c2","D16","MCRA","MCRA.AOS.S2","MCRA.SS.20241119.FIL","A00000447413","2024-11-19T19:22Z","2024-11-19T19:22Z","Illinois State Water Survey Central Analytical Laboratory",342.0,0.00616,5,"2024-11-21","B",,
"626bf8a8-8e0d-4c05-9f8d-b3c4ffe667c7","D16","MCRA","MCRA.AOS.S2","MCRA.SS.20241119.FIL","A00000447413","2024-11-19T19:22Z","2024-11-19T19:22Z","Illinois State Water Survey Central Analytical Laboratory",406.0,0.00232,5,"2024-11-21","A",,
"1b1b789d-4c9a-4963-bd7c-022f719dc82b","D16","MCRA","MCRA.AOS.S2","MCRA.SS.20241119.FIL","A00000447413","2024-11-19T19:22Z","2024-11-19T19:22Z","Illinois State Water Survey Central Analytical Laboratory",448.0,0.00156,5,"2024-11-21","B",,
"886b6f56-1bc5-4696-b3d7-fa0ffcf637b4","D16","MCRA","MCRA.AOS.S2","MCRA.SS.20241119.FIL","A00000447413","2024-11-19T19:22Z","2024-11-19T19:22Z","Illinois State Water Survey Central Analytical Laboratory",314.0,0.00954,5,"2024-11-21","B",,
"23e87633-dc37-4480-bceb-c1ba7683ae12","D16","MCRA","MCRA.AOS.S2","MCRA.SS.20241119.FIL","A00000447413","2024-11-19T19:22Z","2024-11-19T19:22Z","Illinois State Water Survey Central Analytical Laboratory",536.0,0.00112,5,"2024-11-21","B",,
"f8bdfe4f-2b9b-4b80-b8cd-3f1f54a28b99","D16","MCRA","MCRA.AOS.S2","MCRA.SS.20241119.FIL","A00000447413","2024-11-19T19:22Z","2024-11-19T19:22Z","Illinois State Water Survey Central Analytical Laboratory",358.0,0.00492,5,"2024-11-21","B",,
"83efe5b5-d8a7-4dd9-a720-d8031fd0f675","D16","MCRA","MCRA.AOS.S2","MCRA.SS.20241119.FIL","A00000447413","2024-11-19T19:22Z","2024-11-19T19:22Z","Illinois State Water Survey Central Analytical Laboratory",574.0,0.00108,5,"2024-11-21","B",,
"f1b2de7e-0d28-47a0-9067-0157d8a5e6c8","D16","MCRA","MCRA.AOS.S2","MCRA.SS.20241119.FIL","A00000447413","2024-11-19T19:22Z","2024-11-19T19:22Z","Illinois State Water Survey Central Analytical Laboratory",342.0,0.00590,5,"2024-11-21","A",,
"9525229b-369c-4d0b-8d17-3df1ad683d70","D16","MCRA","MCRA.AOS.S2","MCRA.SS.20241119.FIL","A00000447413","2024-11-19T19:22Z","2024-11-19T19:22Z","Illinois State Water Survey Central Analytical Laboratory",462.0,0.00140,5,"2024-11-21","B",,
"a02e7e64-cfa4-4777-8836-04350a32378a","D16","MCRA","MCRA.AOS.S2","MCRA.SS.20241119.FIL","A00000447413","2024-11-19T19:22Z","2024-11-19T19:22Z","Illinois State Water Survey Central Analytical Laboratory",560.0,0.00104,5,"2024-11-21","B",,
"cba3fd3a-c470-4ac9-9ab3-abbf01a35b06","D16","MCRA","MCRA.AOS.S2","MCRA.SS.20241119.FIL","A00000447413","2024-11-19T19:22Z","2024-11-19T19:22Z","Illinois State Water Survey Central Analytical Laboratory",292.0,0.01330,5,"2024-11-21","B",,
"c70a8064-c588-4e6b-a089-f2dde134dc5c","D16","MCRA","MCRA.AOS.S2","MCRA.SS.20241119.FIL","A00000447413","2024-11-19T19:22Z","2024-11-19T19:22Z","Illinois State Water Survey Central Analytical Laboratory",506.0,0.00120,5,"2024-11-21","B",,
"5731f05a-55f4-497b-886f-42dc57826ed1","D16","MCRA","MCRA.AOS.S2","MCRA.SS.20241119.FIL","A00000447413","2024-11-19T19:22Z","2024-11-19T19:22Z","Illinois State Water Survey Central Analytical Laboratory",244.0,0.02358,5,"2024-11-21","A",,
"e1f42c1a-a194-48c2-842b-609c2fdefee9","D16","MCRA","MCRA.AOS.S2","MCRA.SS.20241119.FIL","A00000447413","2024-11-19T19:22Z","2024-11-19T19:22Z","Illinois State Water Survey Central Analytical Laboratory",500.0,0.00076,5,"2024-11-21","A",,
"93becc89-4a0c-488a-9ff5-93b8c2b5323a","D16","MCRA","MCRA.AOS.S2","MCRA.SS.20241119.FIL","A00000447413","2024-11-19T19:22Z","2024-11-19T19:22Z","Illinois State Water Survey Central Analytical Laboratory",570.0,0.00064,5,"2024-11-21","A",,
"7e56ee93-9e67-4b68-8150-29f894d00934","D16","MCRA","MCRA.AOS.S2","MCRA.SS.20241119.FIL","A00000447413","2024-11-19T19:22Z","2024-11-19T19:22Z","Illinois State Water Survey Central Analytical Laboratory",550.0,0.00110,5,"2024-11-21","B",,
"8736945d-d128-4fc9-8c2e-142ea10e8777","D16","MCRA","MCRA.AOS.S2","MCRA.SS.20241119.FIL","A00000447413","2024-11-19T19:22Z","2024-11-19T19:22Z","Illinois State Water Survey Central Analytical Laboratory",530.0,0.00066,5,"2024-11-21","A",,
"51995170-215c-4533-9a03-ee21cd8fbd8a","D16","MCRA","MCRA.AOS.S2","MCRA.SS.20241119.FIL","A00000447413","2024-11-19T19:22Z","2024-11-19T19:22Z","Illinois State Water Survey Central Analytical Laboratory",220.0,0.04898,5,"2024-11-21","A",,
"ffe80539-58d5-4755-b07f-18888bce51eb","D16","MCRA","MCRA.AOS.S2","MCRA.SS.20241119.FIL","A00000447413","2024-11-19T19:22Z","2024-11-19T19:22Z","Illinois State Water Survey Central Analytical Laboratory",494.0,0.00078,5,"2024-11-21","A",,
"2e73f298-6192-439e-8b1d-aa455738c7fe","D16","MCRA","MCRA.AOS.S2","MCRA.SS.20241119.FIL","A00000447413","2024-11-19T19:22Z","2024-11-19T19:22Z","Illinois State Water Survey Central Analytical Laboratory",256.0,0.02014,5,"2024-11-21","A",,
"2f051047-e451-4766-baa2-1123aa926eeb","D16","MCRA","MCRA.AOS.S2","MCRA.SS.20241119.FIL","A00000447413","2024-11-19T19:22Z","2024-11-19T19:22Z","Illinois State Water Survey Central Analytical Laboratory",350.0,0.00524,5,"2024-11-21","A",,
"1d1c6b50-a886-471d-8f26-196cba168bb8","D16","MCRA","MCRA.AOS.S2","MCRA.SS.20241119.FIL","A00000447413","2024-11-19T19:22Z","2024-11-19T19:22Z","Illinois State Water Survey Central Analytical Laboratory",380.0,0.00352,5,"2024-11-21","B",,
"372f21fb-19e4-434e-b8ee-ffae75138248","D16","MCRA","MCRA.AOS.S2","MCRA.SS.20241119.FIL","A00000447413","2024-11-19T19:22Z","2024-11-19T19:22Z","Illinois State Water Survey Central Analytical Laboratory",302.0,0.01136,5,"2024-11-21","B",,
"372bf831-dd51-4714-951d-e76ba74518cc","D16","MCRA","MCRA.AOS.S2","MCRA.SS.20241119.FIL","A00000447413","2024-11-19T19:22Z","2024-11-19T19:22Z","Illinois State Water Survey Central Analytical Laboratory",338.0,0.00660,5,"2024-11-21","B",,
"c6dc0c9b-f818-4910-9344-e40aa6213d91","D16","MCRA","MCRA.AOS.S2","MCRA.SS.20241119.FIL","A00000447413","2024-11-19T19:22Z","2024-11-19T19:22Z","Illinois State Water Survey Central Analytical Laboratory",472.0,0.00134,5,"2024-11-21","B",,
"46041ec9-f905-4ab7-8c52-7304eef17ad2","D16","MCRA","MCRA.AOS.S2","MCRA.SS.20241119.FIL","A00000447413","2024-11-19T19:22Z","2024-11-19T19:22Z","Illinois State Water Survey Central Analytical Laboratory",232.0,0.03052,5,"2024-11-21","B",,
"7d3ef75b-80e2-4adf-a700-f32fe57fee3c","D16","MCRA","MCRA.AOS.S2","MCRA.SS.20241119.FIL","A00000447413","2024-11-19T19:22Z","2024-11-19T19:22Z","Illinois State Water Survey Central Analytical Laboratory",534.0,0.00114,5,"2024-11-21","B",,
"f18fd6c8-1c25-4f28-bfbc-0efd10b2369b","D16","MCRA","MCRA.AOS.S2","MCRA.SS.20241119.FIL","A00000447413","2024-11-19T19:22Z","2024-11-19T19:22Z","Illinois State Water Survey Central Analytical Laboratory",480.0,0.00096,5,"2024-11-21","A",,
"0d7292fe-9900-4b99-bc74-7547e1506ce4","D16","MCRA","MCRA.AOS.S2","MCRA.SS.20241119.FIL","A00000447413","2024-11-19T19:22Z","2024-11-19T19:22Z","Illinois State Water Survey Central Analytical Laboratory",448.0,0.00124,5,"2024-11-21","A",,
"cda48f84-fd37-4bd0-a25c-8aa0afbe1e90","D16","MCRA","MCRA.AOS.S2","MCRA.SS.20241119.FIL","A00000447413","2024-11-19T19:22Z","2024-11-19T19:22Z","Illinois State Water Survey Central Analytical Laboratory",554.0,0.00104,5,"2024-11-21","B",,
"3d893cd4-5c27-4576-83fa-902b343ded8e","D16","MCRA","MCRA.AOS.S2","MCRA.SS.20241119.FIL","A00000447413","2024-11-19T19:22Z","2024-11-19T19:22Z","Illinois State Water Survey Central Analytical Laboratory",544.0,0.00108,5,"2024-11-21","B",,
"6aba3609-dc69-4d1c-b782-dacc9aad2b04","D16","MCRA","MCRA.AOS.S2","MCRA.SS.20241119.FIL","A00000447413","2024-11-19T19:22Z","2024-11-19T19:22Z","Illinois State Water Survey Central Analytical Laboratory",364.0,0.00448,5,"2024-11-21","B",,
"20bd6fb9-c0ad-4c90-84d4-5eb5eddf38bd","D16","MCRA","MCRA.AOS.S2","MCRA.SS.20241119.FIL","A00000447413","2024-11-19T19:22Z","2024-11-19T19:22Z","Illinois State Water Survey Central Analytical Laboratory",428.0,0.00188,5,"2024-11-21","B",,
"b152bbcc-fbbf-40d1-9ba5-4d4983112e74","D16","MCRA","MCRA.AOS.S2","MCRA.SS.20241119.FIL","A00000447413","2024-11-19T19:22Z","2024-11-19T19:22Z","Illinois State Water Survey Central Analytical Laboratory",456.0,0.00114,5,"2024-11-21","A",,
"8890d73c-2b53-4986-8ce6-b7464a0eccf0","D16","MCRA","MCRA.AOS.S2","MCRA.SS.20241119.FIL","A00000447413","2024-11-19T19:22Z","2024-11-19T19:22Z","Illinois State Water Survey Central Analytical Laboratory",466.0,0.00134,5,"2024-11-21","B",,
"afbea1ef-9651-43ef-bbcb-0b6cfaa3f87b","D16","MCRA","MCRA.AOS.S2","MCRA.SS.20241119.FIL","A00000447413","2024-11-19T19:22Z","2024-11-19T19:22Z","Illinois State Water Survey Central Analytical Laboratory",434.0,0.00148,5,"2024-11-21","A",,
"84776db5-85e7-4694-8388-ff973f9782a0","D16","MCRA","MCRA.AOS.S2","MCRA.SS.20241119.FIL","A00000447413","2024-11-19T19:22Z","2024-11-19T19:22Z","Illinois State Water Survey Central Analytical Laboratory",556.0,0.00068,5,"2024-11-21","A",,
"6f63ba0c-4956-4ded-bbf6-514670ecd14c","D16","MCRA","MCRA.AOS.S2","MCRA.SS.20241119.FIL","A00000447413","2024-11-19T19:22Z","2024-11-19T19:22Z","Illinois State Water Survey Central Analytical Laboratory",498.0,0.00122,5,"2024-11-21","B",,
"0e0debf1-e561-4328-9f7d-a9829f921f4f","D16","MCRA","MCRA.AOS.S2","MCRA.SS.20241119.FIL","A00000447413","2024-11-19T19:22Z","2024-11-19T19:22Z","Illinois State Water Survey Central Analytical Laboratory",368.0,0.00398,5,"2024-11-21","A",,
"62b0e24d-91fa-4d87-8e0e-a012f4319606","D16","MCRA","MCRA.AOS.S2","MCRA.SS.20241119.FIL","A00000447413","2024-11-19T19:22Z","2024-11-19T19:22Z","Illinois State Water Survey Central Analytical Laboratory",468.0,0.00134,5,"2024-11-21","B",,
"bc40691a-a1e5-43f0-8414-2b42d8935275","D16","MCRA","MCRA.AOS.S2","MCRA.SS.20241119.FIL","A00000447413","2024-11-19T19:22Z","2024-11-19T19:22Z","Illinois State Water Survey Central Analytical Laboratory",224.0,0.04052,5,"2024-11-21","A",,
"89c24e1e-43b9-4e92-9db1-adcad74d6218","D16","MCRA","MCRA.AOS.S2","MCRA.SS.20241119.FIL","A00000447413","2024-11-19T19:22Z","2024-11-19T19:22Z","Illinois State Water Survey Central Analytical Laboratory",480.0,0.00132,5,"2024-11-21","B",,
"badab08f-85d0-4862-a1a5-597af697c611","D16","MCRA","MCRA.AOS.S2","MCRA.SS.20241119.FIL","A00000447413","2024-11-19T19:22Z","2024-11-19T19:22Z","Illinois State Water Survey Central Analytical Laboratory",390.0,0.00284,5,"2024-11-21","A",,
"c3a5b0cb-0e6a-4d84-b5d7-ee458d3a9142","D16","MCRA","MCRA.AOS.S2","MCRA.SS.20241119.FIL","A00000447413","2024-11-19T19:22Z","2024-11-19T19:22Z","Illinois State Water Survey Central Analytical Laboratory",562.0,0.00106,5,"2024-11-21","B",,
"32739352-e501-4a13-8df9-9608386265a8","D16","MCRA","MCRA.AOS.S2","MCRA.SS.20241119.FIL","A00000447413","2024-11-19T19:22Z","2024-11-19T19:22Z","Illinois State Water Survey Central Analytical Laboratory",482.0,0.00100,5,"2024-11-21","A",,
"65c477f6-6ad4-441d-90dd-19dadb459e6f","D16","MCRA","MCRA.AOS.S2","MCRA.SS.20241119.FIL","A00000447413","2024-11-19T19:22Z","2024-11-19T19:22Z","Illinois State Water Survey Central Analytical Laboratory",296.0,0.01218,5,"2024-11-21","A",,
"d4dbf7ed-cb7c-4611-b5ee-25681ce8efb0","D16","MCRA","MCRA.AOS.S2","MCRA.SS.20241119.FIL","A00000447413","2024-11-19T19:22Z","2024-11-19T19:22Z","Illinois State Water Survey Central Analytical Laboratory",272.0,0.01722,5,"2024-11-21","B",,
"1d4db73e-0413-4c31-99f9-3c6e7f554d29","D16","MCRA","MCRA.AOS.S2","MCRA.SS.20241119.FIL","A00000447413","2024-11-19T19:22Z","2024-11-19T19:22Z","Illinois State Water Survey Central Analytical Laboratory",594.0,0.00058,5,"2024-11-21","A",,
"8342a828-9c24-4c7a-9a32-9c53370de526","D16","MCRA","MCRA.AOS.S2","MCRA.SS.20241119.FIL","A00000447413","2024-11-19T19:22Z","2024-11-19T19:22Z","Illinois State Water Survey Central Analytical Laboratory",260.0,0.01954,5,"2024-11-21","B",,
"9ee66417-4ef3-432e-8d68-e6ea1ce37fa6","D16","MCRA","MCRA.AOS.S2","MCRA.SS.20241119.FIL","A00000447413","2024-11-19T19:22Z","2024-11-19T19:22Z","Illinois State Water Survey Central Analytical Laboratory",376.0,0.00378,5,"2024-11-21","B",,
"4bd07d0c-1ac1-4090-8c40-b6b07420c757","D16","MCRA","MCRA.AOS.S2","MCRA.SS.20241119.FIL","A00000447413","2024-11-19T19:22Z","2024-11-19T19:22Z","Illinois State Water Survey Central Analytical Laboratory",592.0,0.00056,5,"2024-11-21","A",,
"6b4d439d-fa11-46b5-bd39-5fc772b1c1f8","D16","MCRA","MCRA.AOS.S2","MCRA.SS.20241119.FIL","A00000447413","2024-11-19T19:22Z","2024-11-19T19:22Z","Illinois State Water Survey Central Analytical Laboratory",348.0,0.00536,5,"2024-11-21","A",,
"b720be0c-d823-408e-91b4-a6b44ded6a99","D16","MCRA","MCRA.AOS.S2","MCRA.SS.20241119.FIL","A00000447413","2024-11-19T19:22Z","2024-11-19T19:22Z","Illinois State Water Survey Central Analytical Laboratory",412.0,0.00230,5,"2024-11-21","B",,
"d86ea5ef-a211-4124-a810-2962c7249f8b","D16","MCRA","MCRA.AOS.S2","MCRA.SS.20241119.FIL","A00000447413","2024-11-19T19:22Z","2024-11-19T19:22Z","Illinois State Water Survey Central Analytical Laboratory",428.0,0.00160,5,"2024-11-21","A",,
"4f372da3-1dc0-4e24-8466-b42812ebe78b","D16","MCRA","MCRA.AOS.S2","MCRA.SS.20241119.FIL","A00000447413","2024-11-19T19:22Z","2024-11-19T19:22Z","Illinois State Water Survey Central Analytical Laboratory",416.0,0.00184,5,"2024-11-21","A",,
"de203347-d6c5-4e60-8816-c6f27e7c7dfe","D16","MCRA","MCRA.AOS.S2","MCRA.SS.20241119.FIL","A00000447413","2024-11-19T19:22Z","2024-11-19T19:22Z","Illinois State Water Survey Central Analytical Laboratory",446.0,0.00160,5,"2024-11-21","B",,
"18c2409a-dd11-4ea7-8896-eec5b157f65c","D16","MCRA","MCRA.AOS.S2","MCRA.SS.20241119.FIL","A00000447413","2024-11-19T19:22Z","2024-11-19T19:22Z","Illinois State Water Survey Central Analytical Laboratory",302.0,0.01110,5,"2024-11-21","A",,
"a9a1313c-75d4-4a82-9144-157d3300274c","D16","MCRA","MCRA.AOS.S2","MCRA.SS.20241119.FIL","A00000447413","2024-11-19T19:22Z","2024-11-19T19:22Z","Illinois State Water Survey Central Analytical Laboratory",484.0,0.00094,5,"2024-11-21","A",,
"7cccb5e8-cb98-4c93-bae4-3bdc11d48785","D16","MCRA","MCRA.AOS.S2","MCRA.SS.20241119.FIL","A00000447413","2024-11-19T19:22Z","2024-11-19T19:22Z","Illinois State Water Survey Central Analytical Laboratory",322.0,0.00820,5,"2024-11-21","A",,
"bb364cd1-fdf6-4796-b527-40e5ad1609f5","D16","MCRA","MCRA.AOS.S2","MCRA.SS.20241119.FIL","A00000447413","2024-11-19T19:22Z","2024-11-19T19:22Z","Illinois State Water Survey Central Analytical Laboratory",308.0,0.01012,5,"2024-11-21","A",,
"9478d705-4b69-458e-aa5b-bf1e042fce1a","D16","MCRA","MCRA.AOS.S2","MCRA.SS.20241119.FIL","A00000447413","2024-11-19T19:22Z","2024-11-19T19:22Z","Illinois State Water Survey Central Analytical Laboratory",222.0,0.04470,5,"2024-11-21","B",,
"476ffec1-bb70-4345-86a5-96ee261383d4","D16","MCRA","MCRA.AOS.S2","MCRA.SS.20241119.FIL","A00000447413","2024-11-19T19:22Z","2024-11-19T19:22Z","Illinois State Water Survey Central Analytical Laboratory",488.0,0.00086,5,"2024-11-21","A",,
"09925682-9791-4ca6-9f9a-f59929640b1a","D16","MCRA","MCRA.AOS.S2","MCRA.SS.20241119.FIL","A00000447413","2024-11-19T19:22Z","2024-11-19T19:22Z","Illinois State Water Survey Central Analytical Laboratory",470.0,0.00136,5,"2024-11-21","B",,
"cb0a33e9-6fd8-43cc-a777-7de3839feffd","D16","MCRA","MCRA.AOS.S2","MCRA.SS.20241119.FIL","A00000447413","2024-11-19T19:22Z","2024-11-19T19:22Z","Illinois State Water Survey Central Analytical Laboratory",248.0,0.02230,5,"2024-11-21","A",,
"09cb4a2e-b31a-4f49-922e-27478e87bbe1","D16","MCRA","MCRA.AOS.S2","MCRA.SS.20241119.FIL","A00000447413","2024-11-19T19:22Z","2024-11-19T19:22Z","Illinois State Water Survey Central Analytical Laboratory",300.0,0.01172,5,"2024-11-21","B",,
"79a53758-51e6-4685-be8c-dae715622863","D16","MCRA","MCRA.AOS.S2","MCRA.SS.20241119.FIL","A00000447413","2024-11-19T19:22Z","2024-11-19T19:22Z","Illinois State Water Survey Central Analytical Laboratory",408.0,0.00222,5,"2024-11-21","A",,
"47287f13-0f8b-4305-8c1a-332634533ac2","D16","MCRA","MCRA.AOS.S2","MCRA.SS.20241119.FIL","A00000447413","2024-11-19T19:22Z","2024-11-19T19:22Z","Illinois State Water Survey Central Analytical Laboratory",532.0,0.00114,5,"2024-11-21","B",,
"6d94d600-b5a7-44b1-adbd-6d4dc5f05c22","D16","MCRA","MCRA.AOS.S2","MCRA.SS.20241119.FIL","A00000447413","2024-11-19T19:22Z","2024-11-19T19:22Z","Illinois State Water Survey Central Analytical Laboratory",354.0,0.00520,5,"2024-11-21","B",,
"5d7f929d-fa40-445e-a966-a8e8c0765c81","D16","MCRA","MCRA.AOS.S2","MCRA.SS.20241119.FIL","A00000447413","2024-11-19T19:22Z","2024-11-19T19:22Z","Illinois State Water Survey Central Analytical Laboratory",576.0,0.00102,5,"2024-11-21","B",,
"40e8d371-f7b3-4063-b8e7-4b45162eaf03","D16","MCRA","MCRA.AOS.S2","MCRA.SS.20241119.FIL","A00000447413","2024-11-19T19:22Z","2024-11-19T19:22Z","Illinois State Water Survey Central Analytical Laboratory",400.0,0.00256,5,"2024-11-21","A",,
"3b0fb9d6-1120-40a1-9655-9289003b5456","D16","MCRA","MCRA.AOS.S2","MCRA.SS.20241119.FIL","A00000447413","2024-11-19T19:22Z","2024-11-19T19:22Z","Illinois State Water Survey Central Analytical Laboratory",440.0,0.00168,5,"2024-11-21","B",,
"6b954ac0-fc9c-42f7-9d19-13eca8401a59","D16","MCRA","MCRA.AOS.S2","MCRA.SS.20241119.FIL","A00000447413","2024-11-19T19:22Z","2024-11-19T19:22Z","Illinois State Water Survey Central Analytical Laboratory",268.0,0.01798,5,"2024-11-21","B",,
"ed32c4cc-fe06-4769-93ea-3d53dc5ecca3","D16","MCRA","MCRA.AOS.S2","MCRA.SS.20241119.FIL","A00000447413","2024-11-19T19:22Z","2024-11-19T19:22Z","Illinois State Water Survey Central Analytical Laboratory",566.0,0.00068,5,"2024-11-21","A",,
"e5e7d875-501c-4cff-84c9-330420ece605","D16","MCRA","MCRA.AOS.S2","MCRA.SS.20241119.FIL","A00000447413","2024-11-19T19:22Z","2024-11-19T19:22Z","Illinois State Water Survey Central Analytical Laboratory",444.0,0.00132,5,"2024-11-21","A",,
"218efb3c-f642-4f89-863b-2721c179bf0c","D16","MCRA","MCRA.AOS.S2","MCRA.SS.20241119.FIL","A00000447413","2024-11-19T19:22Z","2024-11-19T19:22Z","Illinois State Water Survey Central Analytical Laboratory",326.0,0.00766,5,"2024-11-21","A",,
"3075f93b-b575-4fdb-a1fd-cf3eefc9e9e2","D16","MCRA","MCRA.AOS.S2","MCRA.SS.20241119.FIL","A00000447413","2024-11-19T19:22Z","2024-11-19T19:22Z","Illinois State Water Survey Central Analytical Laboratory",580.0,0.00108,5,"2024-11-21","B",,
"906c3e0f-3398-4b4b-b284-865e6fb627f5","D16","MCRA","MCRA.AOS.S2","MCRA.SS.20241119.FIL","A00000447413","2024-11-19T19:22Z","2024-11-19T19:22Z","Illinois State Water Survey Central Analytical Laboratory",250.0,0.02166,5,"2024-11-21","A",,
"19e751ec-0f6f-4c95-a5fc-3159a69300ff","D16","MCRA","MCRA.AOS.S2","MCRA.SS.20241119.FIL","A00000447413","2024-11-19T19:22Z","2024-11-19T19:22Z","Illinois State Water Survey Central Analytical Laboratory",316.0,0.00898,5,"2024-11-21","A",,
"415e5f60-61b9-4d68-8d99-3030a4c1d3c1","D16","MCRA","MCRA.AOS.S2","MCRA.SS.20241119.FIL","A00000447413","2024-11-19T19:22Z","2024-11-19T19:22Z","Illinois State Water Survey Central Analytical Laboratory",310.0,0.00984,5,"2024-11-21","A",,
"ac053937-94b5-494e-b028-f1e0f3d1b8a1","D16","MCRA","MCRA.AOS.S2","MCRA.SS.20241119.FIL","A00000447413","2024-11-19T19:22Z","2024-11-19T19:22Z","Illinois State Water Survey Central Analytical Laboratory",398.0,0.00284,5,"2024-11-21","B",,
"f2c909da-0f80-42cb-b886-e494b5d26359","D16","MCRA","MCRA.AOS.S2","MCRA.SS.20241119.FIL","A00000447413","2024-11-19T19:22Z","2024-11-19T19:22Z","Illinois State Water Survey Central Analytical Laboratory",412.0,0.00200,5,"2024-11-21","A",,
"2cd08e2a-2206-454a-8571-bf6c00a6908a","D16","MCRA","MCRA.AOS.S2","MCRA.SS.20241119.FIL","A00000447413","2024-11-19T19:22Z","2024-11-19T19:22Z","Illinois State Water Survey Central Analytical Laboratory",352.0,0.00540,5,"2024-11-21","B",,
"739bbf25-2db4-4c16-9ec7-07e7ec20f079","D16","MCRA","MCRA.AOS.S2","MCRA.SS.20241119.FIL","A00000447413","2024-11-19T19:22Z","2024-11-19T19:22Z","Illinois State Water Survey Central Analytical Laboratory",598.0,0.00052,5,"2024-11-21","A",,
"a966c5a7-0794-41ad-80b6-04db24ac0a6f","D16","MCRA","MCRA.AOS.S2","MCRA.SS.20241119.FIL","A00000447413","2024-11-19T19:22Z","2024-11-19T19:22Z","Illinois State Water Survey Central Analytical Laboratory",364.0,0.00418,5,"2024-11-21","A",,
"06b4218b-5e30-449c-ba03-30656c88d954","D16","MCRA","MCRA.AOS.S2","MCRA.SS.20241119.FIL","A00000447413","2024-11-19T19:22Z","2024-11-19T19:22Z","Illinois State Water Survey Central Analytical Laboratory",542.0,0.00068,5,"2024-11-21","A",,
"a90476e9-f448-484b-97b2-9f657169fb04","D16","MCRA","MCRA.AOS.S2","MCRA.SS.20241119.FIL","A00000447413","2024-11-19T19:22Z","2024-11-19T19:22Z","Illinois State Water Survey Central Analytical Laboratory",502.0,0.00122,5,"2024-11-21","B",,
"95365332-4977-420b-89df-a9aaad933120","D16","MCRA","MCRA.AOS.S2","MCRA.SS.20241119.FIL","A00000447413","2024-11-19T19:22Z","2024-11-19T19:22Z","Illinois State Water Survey Central Analytical Laboratory",508.0,0.00124,5,"2024-11-21","B",,
"1b3253f9-8b3c-4840-b410-0cebc62f7b2f","D16","MCRA","MCRA.AOS.S2","MCRA.SS.20241119.FIL","A00000447413","2024-11-19T19:22Z","2024-11-19T19:22Z","Illinois State Water Survey Central Analytical Laboratory",344.0,0.00576,5,"2024-11-21","A",,
"7ebee34c-a11f-4324-a4c2-dc3f3c6516fa","D16","MCRA","MCRA.AOS.S2","MCRA.SS.20241119.FIL","A00000447413","2024-11-19T19:22Z","2024-11-19T19:22Z","Illinois State Water Survey Central Analytical Laboratory",384.0,0.00340,5,"2024-11-21","B",,
"8c390968-df67-4af9-bf19-5c69a125db90","D16","MCRA","MCRA.AOS.S2","MCRA.SS.20241119.FIL","A00000447413","2024-11-19T19:22Z","2024-11-19T19:22Z","Illinois State Water Survey Central Analytical Laboratory",424.0,0.00196,5,"2024-11-21","B",,
"af5d0816-5265-4808-90bf-40b42fc2f92f","D16","MCRA","MCRA.AOS.S2","MCRA.SS.20241119.FIL","A00000447413","2024-11-19T19:22Z","2024-11-19T19:22Z","Illinois State Water Survey Central Analytical Laboratory",582.0,0.00064,5,"2024-11-21","A",,
"1e96ba97-3d08-47a4-bfe0-97c507207623","D16","MCRA","MCRA.AOS.S2","MCRA.SS.20241119.FIL","A00000447413","2024-11-19T19:22Z","2024-11-19T19:22Z","Illinois State Water Survey Central Analytical Laboratory",436.0,0.00174,5,"2024-11-21","B",,
"01a257e6-8be4-4994-b702-5d30fe9e1958","D16","MCRA","MCRA.AOS.S2","MCRA.SS.20241119.FIL","A00000447413","2024-11-19T19:22Z","2024-11-19T19:22Z","Illinois State Water Survey Central Analytical Laboratory",378.0,0.00368,5,"2024-11-21","B",,
"34ffa77d-f362-4a67-81e5-0d65128ab002","D16","MCRA","MCRA.AOS.S2","MCRA.SS.20241119.FIL","A00000447413","2024-11-19T19:22Z","2024-11-19T19:22Z","Illinois State Water Survey Central Analytical Laboratory",298.0,0.01208,5,"2024-11-21","B",,
"23b82f4e-dd6b-43db-95c4-8a4639c1297b","D16","MCRA","MCRA.AOS.S2","MCRA.SS.20241119.FIL","A00000447413","2024-11-19T19:22Z","2024-11-19T19:22Z","Illinois State Water Survey Central Analytical Laboratory",368.0,0.00430,5,"2024-11-21","B",,
"0acbfa5f-0e8b-4a2c-b333-249147813707","D16","MCRA","MCRA.AOS.S2","MCRA.SS.20241119.FIL","A00000447413","2024-11-19T19:22Z","2024-11-19T19:22Z","Illinois State Water Survey Central Analytical Laboratory",382.0,0.00316,5,"2024-11-21","A",,
"0d2d65e9-4a24-4884-bc73-b0fc4368a2d8","D16","MCRA","MCRA.AOS.S2","MCRA.SS.20241119.FIL","A00000447413","2024-11-19T19:22Z","2024-11-19T19:22Z","Illinois State Water Survey Central Analytical Laboratory",354.0,0.00492,5,"2024-11-21","A",,
"a80b84c9-e5d8-4db9-9fdd-3bfecb969668","D16","MCRA","MCRA.AOS.S2","MCRA.SS.20241119.FIL","A00000447413","2024-11-19T19:22Z","2024-11-19T19:22Z","Illinois State Water Survey Central Analytical Laboratory",528.0,0.00070,5,"2024-11-21","A",,
"14f60cb9-73f7-4762-b809-4932dca33f15","D16","MCRA","MCRA.AOS.S2","MCRA.SS.20241119.FIL","A00000447413","2024-11-19T19:22Z","2024-11-19T19:22Z","Illinois State Water Survey Central Analytical Laboratory",236.0,0.02726,5,"2024-11-21","A",,
"7cee4c87-ee8e-497a-aba8-4b1abec2899c","D16","MCRA","MCRA.AOS.S2","MCRA.SS.20241119.FIL","A00000447413","2024-11-19T19:22Z","2024-11-19T19:22Z","Illinois State Water Survey Central Analytical Laboratory",272.0,0.01700,5,"2024-11-21","A",,
"66bbfbbe-ebbc-4e9d-8a89-9095632858ec","D16","MCRA","MCRA.AOS.S2","MCRA.SS.20241119.FIL","A00000447413","2024-11-19T19:22Z","2024-11-19T19:22Z","Illinois State Water Survey Central Analytical Laboratory",580.0,0.00064,5,"2024-11-21","A",,
"cd9525e1-ceb4-419f-ae87-9c5287ca1c77","D16","MCRA","MCRA.AOS.S2","MCRA.SS.20241119.FIL","A00000447413","2024-11-19T19:22Z","2024-11-19T19:22Z","Illinois State Water Survey Central Analytical Laboratory",312.0,0.00988,5,"2024-11-21","B",,
"1aac9b85-e53c-4756-a581-de41cfecc7c8","D16","MCRA","MCRA.AOS.S2","MCRA.SS.20241119.FIL","A00000447413","2024-11-19T19:22Z","2024-11-19T19:22Z","Illinois State Water Survey Central Analytical Laboratory",408.0,0.00256,5,"2024-11-21","B",,
"77ef4e39-1a80-47f2-85d1-9c8d9d004dd5","D16","MCRA","MCRA.AOS.S2","MCRA.SS.20241119.FIL","A00000447413","2024-11-19T19:22Z","2024-11-19T19:22Z","Illinois State Water Survey Central Analytical Laboratory",450.0,0.00150,5,"2024-11-21","B",,
"a2665036-19f7-4fc3-8f4d-607a98db2d41","D16","MCRA","MCRA.AOS.S2","MCRA.SS.20241119.FIL","A00000447413","2024-11-19T19:22Z","2024-11-19T19:22Z","Illinois State Water Survey Central Analytical Laboratory",584.0,0.00064,5,"2024-11-21","A",,
"1a65e0a6-f383-400a-9186-c981ad4db44a","D16","MCRA","MCRA.AOS.S2","MCRA.SS.20241119.FIL","A00000447413","2024-11-19T19:22Z","2024-11-19T19:22Z","Illinois State Water Survey Central Analytical Laboratory",336.0,0.00654,5,"2024-11-21","A",,
"aa6ce49f-195e-4df0-9ec5-0b6262c7fef1","D16","MCRA","MCRA.AOS.S2","MCRA.SS.20241119.FIL","A00000447413","2024-11-19T19:22Z","2024-11-19T19:22Z","Illinois State Water Survey Central Analytical Laboratory",582.0,0.00100,5,"2024-11-21","B",,
"8516631f-a84c-401e-99e2-dcb46ce57521","D16","MCRA","MCRA.AOS.S2","MCRA.SS.20241119.FIL","A00000447413","2024-11-19T19:22Z","2024-11-19T19:22Z","Illinois State Water Survey Central Analytical Laboratory",306.0,0.01046,5,"2024-11-21","A",,
"d86c44b0-bf93-4e6c-a0e7-bc52f612ff9e","D16","MCRA","MCRA.AOS.S2","MCRA.SS.20241119.FIL","A00000447413","2024-11-19T19:22Z","2024-11-19T19:22Z","Illinois State Water Survey Central Analytical Laboratory",394.0,0.00296,5,"2024-11-21","B",,
"f28b80a1-222d-45a4-860a-4d57c4032f7e","D16","MCRA","MCRA.AOS.S2","MCRA.SS.20241119.FIL","A00000447413","2024-11-19T19:22Z","2024-11-19T19:22Z","Illinois State Water Survey Central Analytical Laboratory",234.0,0.02880,5,"2024-11-21","B",,
"06e49c60-00f9-4032-a3f7-80a10a353c69","D16","MCRA","MCRA.AOS.S2","MCRA.SS.20241119.FIL","A00000447413","2024-11-19T19:22Z","2024-11-19T19:22Z","Illinois State Water Survey Central Analytical Laboratory",566.0,0.00106,5,"2024-11-21","B",,
"67715582-508b-47d4-9ebe-1450746033c2","D16","MCRA","MCRA.AOS.S2","MCRA.SS.20241119.FIL","A00000447413","2024-11-19T19:22Z","2024-11-19T19:22Z","Illinois State Water Survey Central Analytical Laboratory",274.0,0.01664,5,"2024-11-21","A",,
"645d2be9-ce99-4505-ad13-9ede089f6531","D16","MCRA","MCRA.AOS.S2","MCRA.SS.20241119.FIL","A00000447413","2024-11-19T19:22Z","2024-11-19T19:22Z","Illinois State Water Survey Central Analytical Laboratory",252.0,0.02130,5,"2024-11-21","B",,
"2c0c1c07-fe00-42d2-96df-6ed0f8b79faf","D16","MCRA","MCRA.AOS.S2","MCRA.SS.20241119.FIL","A00000447413","2024-11-19T19:22Z","2024-11-19T19:22Z","Illinois State Water Survey Central Analytical Laboratory",276.0,0.01630,5,"2024-11-21","A",,
"f1757228-bec7-457c-8e55-4550589eccc5","D16","MCRA","MCRA.AOS.S2","MCRA.SS.20241119.FIL","A00000447413","2024-11-19T19:22Z","2024-11-19T19:22Z","Illinois State Water Survey Central Analytical Laboratory",350.0,0.00556,5,"2024-11-21","B",,
"a4468657-b5e9-4aa9-b7e6-9633b91e215f","D16","MCRA","MCRA.AOS.S2","MCRA.SS.20241119.FIL","A00000447413","2024-11-19T19:22Z","2024-11-19T19:22Z","Illinois State Water Survey Central Analytical Laboratory",316.0,0.00928,5,"2024-11-21","B",,
"ad0e1fcb-a402-4f8b-a26b-9a3638ae2647","D16","MCRA","MCRA.AOS.S2","MCRA.SS.20241119.FIL","A00000447413","2024-11-19T19:22Z","2024-11-19T19:22Z","Illinois State Water Survey Central Analytical Laboratory",324.0,0.00820,5,"2024-11-21","B",,
"137cb87f-c06a-4153-a041-7c1efe27329c","D16","MCRA","MCRA.AOS.S2","MCRA.SS.20241119.FIL","A00000447413","2024-11-19T19:22Z","2024-11-19T19:22Z","Illinois State Water Survey Central Analytical Laboratory",220.0,0.04916,5,"2024-11-21","B",,
"ad1dca18-0c64-4a38-af05-6a193ecc9c11","D16","MCRA","MCRA.AOS.S2","MCRA.SS.20241119.FIL","A00000447413","2024-11-19T19:22Z","2024-11-19T19:22Z","Illinois State Water Survey Central Analytical Laboratory",280.0,0.01552,5,"2024-11-21","A",,
"b14e2d5d-a74b-4883-a1a4-e68c1b749278","D16","MCRA","MCRA.AOS.S2","MCRA.SS.20241119.FIL","A00000447413","2024-11-19T19:22Z","2024-11-19T19:22Z","Illinois State Water Survey Central Analytical Laboratory",474.0,0.00134,5,"2024-11-21","B",,
"ec6a4a0b-12fe-4361-b457-cb72090739d1","D16","MCRA","MCRA.AOS.S2","MCRA.SS.20241119.FIL","A00000447413","2024-11-19T19:22Z","2024-11-19T19:22Z","Illinois State Water Survey Central Analytical Laboratory",486.0,0.00090,5,"2024-11-21","A",,
"73c00d15-b961-4b3e-93be-df453dee16c3","D16","MCRA","MCRA.AOS.S2","MCRA.SS.20241119.FIL","A00000447413","2024-11-19T19:22Z","2024-11-19T19:22Z","Illinois State Water Survey Central Analytical Laboratory",346.0,0.00584,5,"2024-11-21","B",,
"82b18bdd-2656-4b24-b514-b21d392d8294","D16","MCRA","MCRA.AOS.S2","MCRA.SS.20241119.FIL","A00000447413","2024-11-19T19:22Z","2024-11-19T19:22Z","Illinois State Water Survey Central Analytical Laboratory",432.0,0.00178,5,"2024-11-21","B",,
"b15134f7-aa9d-4e85-b8c1-f8d9b9700393","D16","MCRA","MCRA.AOS.S2","MCRA.SS.20241119.FIL","A00000447413","2024-11-19T19:22Z","2024-11-19T19:22Z","Illinois State Water Survey Central Analytical Laboratory",274.0,0.01684,5,"2024-11-21","B",,
"073c633f-7fc3-4b25-a95a-bacbd11adeb9","D16","MCRA","MCRA.AOS.S2","MCRA.SS.20241119.FIL","A00000447413","2024-11-19T19:22Z","2024-11-19T19:22Z","Illinois State Water Survey Central Analytical Laboratory",476.0,0.00096,5,"2024-11-21","A",,
"1f57e01b-e9e8-4a4a-859e-82b7f8a5efc6","D16","MCRA","MCRA.AOS.S2","MCRA.SS.20241119.FIL","A00000447413","2024-11-19T19:22Z","2024-11-19T19:22Z","Illinois State Water Survey Central Analytical Laboratory",228.0,0.03456,5,"2024-11-21","B",,
"eaeef5ac-34ac-4cea-9da0-3692017717c7","D16","MCRA","MCRA.AOS.S2","MCRA.SS.20241119.FIL","A00000447413","2024-11-19T19:22Z","2024-11-19T19:22Z","Illinois State Water Survey Central Analytical Laboratory",434.0,0.00174,5,"2024-11-21","B",,
"13f9c124-5466-44ac-8b96-5eec6be40dc7","D16","MCRA","MCRA.AOS.S2","MCRA.SS.20241119.FIL","A00000447413","2024-11-19T19:22Z","2024-11-19T19:22Z","Illinois State Water Survey Central Analytical Laboratory",596.0,0.00056,5,"2024-11-21","A",,
"bca51b43-9bcb-4949-a795-9e99190dd310","D16","MCRA","MCRA.AOS.S2","MCRA.SS.20241119.FIL","A00000447413","2024-11-19T19:22Z","2024-11-19T19:22Z","Illinois State Water Survey Central Analytical Laboratory",584.0,0.00100,5,"2024-11-21","B",,
"4e6399d5-0468-406a-bff0-d494ea1dfc38","D16","MCRA","MCRA.AOS.S2","MCRA.SS.20241119.FIL","A00000447413","2024-11-19T19:22Z","2024-11-19T19:22Z","Illinois State Water Survey Central Analytical Laboratory",398.0,0.00256,5,"2024-11-21","A",,
"0b4db5ae-97b1-4ca1-bf58-950284f7b8f1","D16","MCRA","MCRA.AOS.S2","MCRA.SS.20241119.FIL","A00000447413","2024-11-19T19:22Z","2024-11-19T19:22Z","Illinois State Water Survey Central Analytical Laboratory",224.0,0.04072,5,"2024-11-21","B",,
"92fa4517-4ffb-4894-9f3a-8ab9c3d19f67","D16","MCRA","MCRA.AOS.S2","MCRA.SS.20241119.FIL","A00000447413","2024-11-19T19:22Z","2024-11-19T19:22Z","Illinois State Water Survey Central Analytical Laboratory",512.0,0.00118,5,"2024-11-21","B",,
"f8232108-1bf3-4ffe-ae9e-765956e2ad0e","D16","MCRA","MCRA.AOS.S2","MCRA.SS.20241119.FIL","A00000447413","2024-11-19T19:22Z","2024-11-19T19:22Z","Illinois State Water Survey Central Analytical Laboratory",538.0,0.00066,5,"2024-11-21","A",,
"66b61da7-fa67-45f8-a0da-99353c134084","D16","MCRA","MCRA.AOS.S2","MCRA.SS.20241119.FIL","A00000447413","2024-11-19T19:22Z","2024-11-19T19:22Z","Illinois State Water Survey Central Analytical Laboratory",512.0,0.00070,5,"2024-11-21","A",,
"cc3afd6e-db37-453a-a86b-816c68588f72","D16","MCRA","MCRA.AOS.S2","MCRA.SS.20241119.FIL","A00000447413","2024-11-19T19:22Z","2024-11-19T19:22Z","Illinois State Water Survey Central Analytical Laboratory",514.0,0.00116,5,"2024-11-21","B",,
"681addac-5419-4367-9fff-8b3291aae4b1","D16","MCRA","MCRA.AOS.S2","MCRA.SS.20241119.FIL","A00000447413","2024-11-19T19:22Z","2024-11-19T19:22Z","Illinois State Water Survey Central Analytical Laboratory",276.0,0.01650,5,"2024-11-21","B",,
"3e85b426-2672-4105-8973-1977e3c88bcd","D16","MCRA","MCRA.AOS.S2","MCRA.SS.20241119.FIL","A00000447413","2024-11-19T19:22Z","2024-11-19T19:22Z","Illinois State Water Survey Central Analytical Laboratory",240.0,0.02528,5,"2024-11-21","B",,
"7b1db8b3-4551-4f4c-84b2-71d8ed42cec7","D16","MCRA","MCRA.AOS.S2","MCRA.SS.20241119.FIL","A00000447413","2024-11-19T19:22Z","2024-11-19T19:22Z","Illinois State Water Survey Central Analytical Laboratory",422.0,0.00170,5,"2024-11-21","A",,
"5dda36b6-9679-42a7-83c5-fad8c4c6d4b3","D16","MCRA","MCRA.AOS.S2","MCRA.SS.20241119.FIL","A00000447413","2024-11-19T19:22Z","2024-11-19T19:22Z","Illinois State Water Survey Central Analytical Laboratory",526.0,0.00116,5,"2024-11-21","B",,
"a9920647-1af3-4ecb-8731-589e06819a4a","D16","MCRA","MCRA.AOS.S2","MCRA.SS.20241119.FIL","A00000447413","2024-11-19T19:22Z","2024-11-19T19:22Z","Illinois State Water Survey Central Analytical Laboratory",362.0,0.00470,5,"2024-11-21","B",,
"d54700b9-7b45-4b34-aed9-b92daa219ccd","D16","MCRA","MCRA.AOS.S2","MCRA.SS.20241119.FIL","A00000447413","2024-11-19T19:22Z","2024-11-19T19:22Z","Illinois State Water Survey Central Analytical Laboratory",430.0,0.00154,5,"2024-11-21","A",,
"099fdfc5-a611-4ac1-b2af-1317af55e33f","D16","MCRA","MCRA.AOS.S2","MCRA.SS.20241119.FIL","A00000447413","2024-11-19T19:22Z","2024-11-19T19:22Z","Illinois State Water Survey Central Analytical Laboratory",332.0,0.00724,5,"2024-11-21","B",,
"e1e40ec6-6106-40fe-b18e-80a968b91300","D16","MCRA","MCRA.AOS.S2","MCRA.SS.20241119.FIL","A00000447413","2024-11-19T19:22Z","2024-11-19T19:22Z","Illinois State Water Survey Central Analytical Laboratory",592.0,0.00096,5,"2024-11-21","B",,
"ab344483-0490-4f4b-b7c8-fc192dd78cac","D16","MCRA","MCRA.AOS.S2","MCRA.SS.20241119.FIL","A00000447413","2024-11-19T19:22Z","2024-11-19T19:22Z","Illinois State Water Survey Central Analytical Laboratory",242.0,0.02424,5,"2024-11-21","A",,
"134b47da-e16f-4402-9676-5f2713b2d6f2","D16","MCRA","MCRA.AOS.S2","MCRA.SS.20241119.FIL","A00000447413","2024-11-19T19:22Z","2024-11-19T19:22Z","Illinois State Water Survey Central Analytical Laboratory",438.0,0.00168,5,"2024-11-21","B",,
"050c8af7-2a82-41ec-8805-bcaf4e9cd6ac","D16","MCRA","MCRA.AOS.S2","MCRA.SS.20241119.FIL","A00000447413","2024-11-19T19:22Z","2024-11-19T19:22Z","Illinois State Water Survey Central Analytical Laboratory",460.0,0.00144,5,"2024-11-21","B",,
"e6383f10-c491-45e7-befa-38a3e678759f","D16","MCRA","MCRA.AOS.S2","MCRA.SS.20241119.FIL","A00000447413","2024-11-19T19:22Z","2024-11-19T19:22Z","Illinois State Water Survey Central Analytical Laboratory",542.0,0.00112,5,"2024-11-21","B",,
"661d7238-f78f-410c-8c88-ba7d909da094","D16","MCRA","MCRA.AOS.S2","MCRA.SS.20241119.FIL","A00000447413","2024-11-19T19:22Z","2024-11-19T19:22Z","Illinois State Water Survey Central Analytical Laboratory",454.0,0.00114,5,"2024-11-21","A",,
"7ea60af6-771e-443c-8fbb-a60b28398964","D16","MCRA","MCRA.AOS.S2","MCRA.SS.20241119.FIL","A00000447413","2024-11-19T19:22Z","2024-11-19T19:22Z","Illinois State Water Survey Central Analytical Laboratory",546.0,0.00108,5,"2024-11-21","B",,
"7a86f239-aa79-446c-87a0-c932a03c6f5c","D16","MCRA","MCRA.AOS.S2","MCRA.SS.20241119.FIL","A00000447413","2024-11-19T19:22Z","2024-11-19T19:22Z","Illinois State Water Survey Central Analytical Laboratory",222.0,0.04450,5,"2024-11-21","A",,
"77cb50cc-482a-42f1-a6a5-23d5e1a9d424","D16","MCRA","MCRA.AOS.S2","MCRA.SS.20241119.FIL","A00000447413","2024-11-19T19:22Z","2024-11-19T19:22Z","Illinois State Water Survey Central Analytical Laboratory",352.0,0.00508,5,"2024-11-21","A",,
"b6a5c57c-5aee-4276-a1bf-7e4a7e6b84eb","D16","MCRA","MCRA.AOS.S2","MCRA.SS.20241119.FIL","A00000447413","2024-11-19T19:22Z","2024-11-19T19:22Z","Illinois State Water Survey Central Analytical Laboratory",388.0,0.00286,5,"2024-11-21","A",,
"528cbb0a-38fd-4f8b-955c-dcb5d89d2558","D16","MCRA","MCRA.AOS.S2","MCRA.SS.20241119.FIL","A00000447413","2024-11-19T19:22Z","2024-11-19T19:22Z","Illinois State Water Survey Central Analytical Laboratory",348.0,0.00566,5,"2024-11-21","B",,
"da117c67-59f9-4572-9fb7-cd45d8e21d33","D16","MCRA","MCRA.AOS.S2","MCRA.SS.20241119.FIL","A00000447413","2024-11-19T19:22Z","2024-11-19T19:22Z","Illinois State Water Survey Central Analytical Laboratory",462.0,0.00108,5,"2024-11-21","A",,
"af880ddb-8528-4dad-951b-d551d6b5761c","D16","MCRA","MCRA.AOS.S2","MCRA.SS.20241119.FIL","A00000447413","2024-11-19T19:22Z","2024-11-19T19:22Z","Illinois State Water Survey Central Analytical Laboratory",572.0,0.00108,5,"2024-11-21","B",,
"0bb4f29e-26fa-43fd-beb8-2a60390c5f6c","D16","MCRA","MCRA.AOS.S2","MCRA.SS.20241119.FIL","A00000447413","2024-11-19T19:22Z","2024-11-19T19:22Z","Illinois State Water Survey Central Analytical Laboratory",538.0,0.00112,5,"2024-11-21","B",,
"e77342a2-9537-4d64-ac98-8bc105171f22","D16","MCRA","MCRA.AOS.S2","MCRA.SS.20241119.FIL","A00000447413","2024-11-19T19:22Z","2024-11-19T19:22Z","Illinois State Water Survey Central Analytical Laboratory",284.0,0.01498,5,"2024-11-21","B",,
"6c4441f3-c38d-442f-9531-c264edecf5e8","D16","MCRA","MCRA.AOS.S2","MCRA.SS.20241119.FIL","A00000447413","2024-11-19T19:22Z","2024-11-19T19:22Z","Illinois State Water Survey Central Analytical Laboratory",278.0,0.01592,5,"2024-11-21","A",,
"0493d652-ae98-491f-906d-d8186441e55a","D16","MCRA","MCRA.AOS.S2","MCRA.SS.20241119.FIL","A00000447413","2024-11-19T19:22Z","2024-11-19T19:22Z","Illinois State Water Survey Central Analytical Laboratory",552.0,0.00114,5,"2024-11-21","B",,
"f55762d6-01cd-4570-bdd9-f7c52e2194eb","D16","MCRA","MCRA.AOS.S2","MCRA.SS.20241119.FIL","A00000447413","2024-11-19T19:22Z","2024-11-19T19:22Z","Illinois State Water Survey Central Analytical Laboratory",588.0,0.00104,5,"2024-11-21","B",,
"a8008e78-a267-4f6f-a9db-9fe2948cd964","D16","MCRA","MCRA.AOS.S2","MCRA.SS.20241119.FIL","A00000447413","2024-11-19T19:22Z","2024-11-19T19:22Z","Illinois State Water Survey Central Analytical Laboratory",426.0,0.00162,5,"2024-11-21","A",,
"65881d23-7041-452a-9c9c-79e072678517","D16","MCRA","MCRA.AOS.S2","MCRA.SS.20241119.FIL","A00000447413","2024-11-19T19:22Z","2024-11-19T19:22Z","Illinois State Water Survey Central Analytical Laboratory",328.0,0.00742,5,"2024-11-21","A",,
"0496f768-2b55-44da-bc8c-c5604bf47dfd","D16","MCRA","MCRA.AOS.S2","MCRA.SS.20241119.FIL","A00000447413","2024-11-19T19:22Z","2024-11-19T19:22Z","Illinois State Water Survey Central Analytical Laboratory",230.0,0.03234,5,"2024-11-21","A",,
"60196232-8aca-4de6-a453-90c27c8b91d6","D16","MCRA","MCRA.AOS.S2","MCRA.SS.20241119.FIL","A00000447413","2024-11-19T19:22Z","2024-11-19T19:22Z","Illinois State Water Survey Central Analytical Laboratory",392.0,0.00302,5,"2024-11-21","B",,
"c75a65c3-d03c-47a7-b7a3-4048daca62b3","D16","MCRA","MCRA.AOS.S2","MCRA.SS.20241119.FIL","A00000447413","2024-11-19T19:22Z","2024-11-19T19:22Z","Illinois State Water Survey Central Analytical Laboratory",258.0,0.01986,5,"2024-11-21","B",,
"fed87072-2885-468a-9244-5bbdcc37c95b","D16","MCRA","MCRA.AOS.S2","MCRA.SS.20241119.FIL","A00000447413","2024-11-19T19:22Z","2024-11-19T19:22Z","Illinois State Water Survey Central Analytical Laboratory",278.0,0.01612,5,"2024-11-21","B",,
"6b5605cc-cc7c-4fa7-9298-bb63575f92c8","D16","MCRA","MCRA.AOS.S2","MCRA.SS.20241119.FIL","A00000447413","2024-11-19T19:22Z","2024-11-19T19:22Z","Illinois State Water Survey Central Analytical Laboratory",358.0,0.00462,5,"2024-11-21","A",,
"5b534370-1bdf-4e58-97ca-40b2a310bf32","D16","MCRA","MCRA.AOS.S2","MCRA.SS.20241119.FIL","A00000447413","2024-11-19T19:22Z","2024-11-19T19:22Z","Illinois State Water Survey Central Analytical Laboratory",292.0,0.01308,5,"2024-11-21","A",,
"ba573f7a-61cd-40c6-b00c-d279ec426638","D16","MCRA","MCRA.AOS.S2","MCRA.SS.20241119.FIL","A00000447413","2024-11-19T19:22Z","2024-11-19T19:22Z","Illinois State Water Survey Central Analytical Laboratory",524.0,0.00066,5,"2024-11-21","A",,
"8fd78ae3-35a0-42ce-841c-96a7c151520d","D16","MCRA","MCRA.AOS.S2","MCRA.SS.20241119.FIL","A00000447413","2024-11-19T19:22Z","2024-11-19T19:22Z","Illinois State Water Survey Central Analytical Laboratory",500.0,0.00122,5,"2024-11-21","B",,
"eee286e9-b46e-44de-bf37-427e983eb15d","D16","MCRA","MCRA.AOS.S2","MCRA.SS.20241119.FIL","A00000447413","2024-11-19T19:22Z","2024-11-19T19:22Z","Illinois State Water Survey Central Analytical Laboratory",526.0,0.00066,5,"2024-11-21","A",,
"e0b2fb5d-dfe9-4906-a820-3b847e9fb8be","D16","MCRA","MCRA.AOS.S2","MCRA.SS.20241119.FIL","A00000447413","2024-11-19T19:22Z","2024-11-19T19:22Z","Illinois State Water Survey Central Analytical Laboratory",518.0,0.00068,5,"2024-11-21","A",,
"a92a489e-663a-4ce8-800c-837afae2dfd8","D16","MCRA","MCRA.AOS.S2","MCRA.SS.20241119.FIL","A00000447413","2024-11-19T19:22Z","2024-11-19T19:22Z","Illinois State Water Survey Central Analytical Laboratory",282.0,0.01518,5,"2024-11-21","A",,
"11fe1640-7e12-4630-be4d-c92c9d85d769","D16","MCRA","MCRA.AOS.S2","MCRA.SS.20241119.FIL","A00000447413","2024-11-19T19:22Z","2024-11-19T19:22Z","Illinois State Water Survey Central Analytical Laboratory",590.0,0.00092,5,"2024-11-21","B",,
"3127b62e-f71a-4718-a9c4-2a6392bcb3f9","D16","MCRA","MCRA.AOS.S2","MCRA.SS.20241119.FIL","A00000447413","2024-11-19T19:22Z","2024-11-19T19:22Z","Illinois State Water Survey Central Analytical Laboratory",422.0,0.00196,5,"2024-11-21","B",,
"40798dd6-c950-40d6-97bd-f54d33f50f09","D16","MCRA","MCRA.AOS.S2","MCRA.SS.20241119.FIL","A00000447413","2024-11-19T19:22Z","2024-11-19T19:22Z","Illinois State Water Survey Central Analytical Laboratory",370.0,0.00386,5,"2024-11-21","A",,
"77cfdde5-b7b2-47ee-906d-19dcc5528ef2","D16","MCRA","MCRA.AOS.S2","MCRA.SS.20241119.FIL","A00000447413","2024-11-19T19:22Z","2024-11-19T19:22Z","Illinois State Water Survey Central Analytical Laboratory",314.0,0.00926,5,"2024-11-21","A",,
"5aa41979-6f79-4da0-822e-79c961cf22df","D16","MCRA","MCRA.AOS.S2","MCRA.SS.20241119.FIL","A00000447413","2024-11-19T19:22Z","2024-11-19T19:22Z","Illinois State Water Survey Central Analytical Laboratory",392.0,0.00272,5,"2024-11-21","A",,
"912a95f7-708a-476d-a375-fd46cbecc3cf","D16","MCRA","MCRA.AOS.S2","MCRA.SS.20241119.FIL","A00000447413","2024-11-19T19:22Z","2024-11-19T19:22Z","Illinois State Water Survey Central Analytical Laboratory",290.0,0.01356,5,"2024-11-21","A",,
"74ee352f-7e10-49eb-8d34-eae4d507abee","D16","MCRA","MCRA.AOS.S2","MCRA.SS.20241119.FIL","A00000447413","2024-11-19T19:22Z","2024-11-19T19:22Z","Illinois State Water Survey Central Analytical Laboratory",386.0,0.00322,5,"2024-11-21","B",,
"d8086af5-596e-4ed6-af88-9e6be04ac145","D16","MCRA","MCRA.AOS.S2","MCRA.SS.20241119.FIL","A00000447413","2024-11-19T19:22Z","2024-11-19T19:22Z","Illinois State Water Survey Central Analytical Laboratory",442.0,0.00166,5,"2024-11-21","B",,
"77109c61-7343-4d45-8dd1-9843a323eed6","D16","MCRA","MCRA.AOS.S2","MCRA.SS.20241119.FIL","A00000447413","2024-11-19T19:22Z","2024-11-19T19:22Z","Illinois State Water Survey Central Analytical Laboratory",374.0,0.00360,5,"2024-11-21","A",,
"23aa549e-c235-4202-a8c0-1eef242fdbec","D16","MCRA","MCRA.AOS.S2","MCRA.SS.20241119.FIL","A00000447413","2024-11-19T19:22Z","2024-11-19T19:22Z","Illinois State Water Survey Central Analytical Laboratory",228.0,0.03436,5,"2024-11-21","A",,
"3db6dfe2-0ee7-4c1d-97f7-d797f84dfa9f","D16","MCRA","MCRA.AOS.S2","MCRA.SS.20241119.FIL","A00000447413","2024-11-19T19:22Z","2024-11-19T19:22Z","Illinois State Water Survey Central Analytical Laboratory",382.0,0.00348,5,"2024-11-21","B",,
"c7e6c5c1-9c85-4ca0-ac48-3811bb2288fb","D16","MCRA","MCRA.AOS.S2","MCRA.SS.20241119.FIL","A00000447413","2024-11-19T19:22Z","2024-11-19T19:22Z","Illinois State Water Survey Central Analytical Laboratory",384.0,0.00310,5,"2024-11-21","A",,
"ccb82949-5de3-4934-a890-1c4e1998bf9f","D16","MCRA","MCRA.AOS.S2","MCRA.SS.20241119.FIL","A00000447413","2024-11-19T19:22Z","2024-11-19T19:22Z","Illinois State Water Survey Central Analytical Laboratory",246.0,0.02302,5,"2024-11-21","B",,
"1d958316-d608-4d6b-9ac5-48d87889e5cb","D16","MCRA","MCRA.AOS.S2","MCRA.SS.20241119.FIL","A00000447413","2024-11-19T19:22Z","2024-11-19T19:22Z","Illinois State Water Survey Central Analytical Laboratory",318.0,0.00898,5,"2024-11-21","B",,
"75256663-f0f2-4f7c-8c0c-e046a357ba95","D16","MCRA","MCRA.AOS.S2","MCRA.SS.20241119.FIL","A00000447413","2024-11-19T19:22Z","2024-11-19T19:22Z","Illinois State Water Survey Central Analytical Laboratory",600.0,0.00066,5,"2024-11-21","A",,
"a0e5f2cf-59b3-415f-805a-e0f469d6e64d","D16","MCRA","MCRA.AOS.S2","MCRA.SS.20241119.FIL","A00000447413","2024-11-19T19:22Z","2024-11-19T19:22Z","Illinois State Water Survey Central Analytical Laboratory",380.0,0.00324,5,"2024-11-21","A",,
"487915a9-8057-4461-a0c8-849a63e1c558","D16","MCRA","MCRA.AOS.S2","MCRA.SS.20241119.FIL","A00000447413","2024-11-19T19:22Z","2024-11-19T19:22Z","Illinois State Water Survey Central Analytical Laboratory",450.0,0.00122,5,"2024-11-21","A",,
"2b3c1af9-f9f5-49fa-bad3-0f56cbbfca2f","D16","MCRA","MCRA.AOS.S2","MCRA.SS.20241119.FIL","A00000447413","2024-11-19T19:22Z","2024-11-19T19:22Z","Illinois State Water Survey Central Analytical Laboratory",256.0,0.02032,5,"2024-11-21","B",,
"4fc075c2-9312-44c8-98ae-f3aa54559d98","D16","MCRA","MCRA.AOS.S2","MCRA.SS.20241119.FIL","A00000447413","2024-11-19T19:22Z","2024-11-19T19:22Z","Illinois State Water Survey Central Analytical Laboratory",376.0,0.00348,5,"2024-11-21","A",,
"98cf8ec1-9fd1-49b2-aa9e-e09de3f625cf","D16","MCRA","MCRA.AOS.S2","MCRA.SS.20241119.FIL","A00000447413","2024-11-19T19:22Z","2024-11-19T19:22Z","Illinois State Water Survey Central Analytical Laboratory",504.0,0.00120,5,"2024-11-21","B",,
"df6e26b0-55fd-43e2-9475-65ad03d0dc13","D16","MCRA","MCRA.AOS.S2","MCRA.SS.20241119.FIL","A00000447413","2024-11-19T19:22Z","2024-11-19T19:22Z","Illinois State Water Survey Central Analytical Laboratory",578.0,0.00056,5,"2024-11-21","A",,
"61d2ff81-18e5-4b3c-a9cf-48b0f0471a44","D16","MCRA","MCRA.AOS.S2","MCRA.SS.20241119.FIL","A00000447413","2024-11-19T19:22Z","2024-11-19T19:22Z","Illinois State Water Survey Central Analytical Laboratory",554.0,0.00062,5,"2024-11-21","A",,
"86805a60-c850-458b-9ca6-ee9944d090ab","D16","MCRA","MCRA.AOS.S2","MCRA.SS.20241119.FIL","A00000447413","2024-11-19T19:22Z","2024-11-19T19:22Z","Illinois State Water Survey Central Analytical Laboratory",458.0,0.00114,5,"2024-11-21","A",,
"49ad8f68-a7c3-43fc-8a60-975b16b8e538","D16","MCRA","MCRA.AOS.S2","MCRA.SS.20241119.FIL","A00000447413","2024-11-19T19:22Z","2024-11-19T19:22Z","Illinois State Water Survey Central Analytical Laboratory",310.0,0.01010,5,"2024-11-21","B",,
"f4e10d05-91a6-440a-af97-bcf78effb38e","D16","MCRA","MCRA.AOS.S2","MCRA.SS.20241119.FIL","A00000447413","2024-11-19T19:22Z","2024-11-19T19:22Z","Illinois State Water Survey Central Analytical Laboratory",372.0,0.00404,5,"2024-11-21","B",,
"6b3c8b08-3bf2-46c1-96c2-cf90423c06b2","D16","MCRA","MCRA.AOS.S2","MCRA.SS.20241119.FIL","A00000447413","2024-11-19T19:22Z","2024-11-19T19:22Z","Illinois State Water Survey Central Analytical Laboratory",420.0,0.00208,5,"2024-11-21","B",,
"aebe1ce2-4b88-428e-9db4-a93fceba9e6e","D16","MCRA","MCRA.AOS.S2","MCRA.SS.20241119.FIL","A00000447413","2024-11-19T19:22Z","2024-11-19T19:22Z","Illinois State Water Survey Central Analytical Laboratory",410.0,0.00216,5,"2024-11-21","A",,
"c8b113f1-df07-4cc3-8085-8a68abc418c2","D16","MCRA","MCRA.AOS.S2","MCRA.SS.20241119.FIL","A00000447413","2024-11-19T19:22Z","2024-11-19T19:22Z","Illinois State Water Survey Central Analytical Laboratory",266.0,0.01816,5,"2024-11-21","A",,
"56629bdd-2cab-432f-aa8a-bb036ad248ea","D16","MCRA","MCRA.AOS.S2","MCRA.SS.20241119.FIL","A00000447413","2024-11-19T19:22Z","2024-11-19T19:22Z","Illinois State Water Survey Central Analytical Laboratory",576.0,0.00062,5,"2024-11-21","A",,
"d927ac8f-d965-4bd1-b9a0-b9da66ae57c1","D16","MCRA","MCRA.AOS.S2","MCRA.SS.20241119.FIL","A00000447413","2024-11-19T19:22Z","2024-11-19T19:22Z","Illinois State Water Survey Central Analytical Laboratory",300.0,0.01144,5,"2024-11-21","A",,
"a2bf5072-10c8-4945-b43f-750387726115","D16","MCRA","MCRA.AOS.S2","MCRA.SS.20241119.FIL","A00000447413","2024-11-19T19:22Z","2024-11-19T19:22Z","Illinois State Water Survey Central Analytical Laboratory",486.0,0.00128,5,"2024-11-21","B",,
"251fece1-509f-4b9f-8a41-4318e4403ff4","D16","MCRA","MCRA.AOS.S2","MCRA.SS.20241119.FIL","A00000447413","2024-11-19T19:22Z","2024-11-19T19:22Z","Illinois State Water Survey Central Analytical Laboratory",294.0,0.01284,5,"2024-11-21","B",,
"1e4943fa-6391-4e8c-8450-de167e2556bc","D16","MCRA","MCRA.AOS.S2","MCRA.SS.20241119.FIL","A00000447413","2024-11-19T19:22Z","2024-11-19T19:22Z","Illinois State Water Survey Central Analytical Laboratory",270.0,0.01756,5,"2024-11-21","B",,
"cd7c45ce-161e-4ad3-8959-d20b6b146abd","D16","MCRA","MCRA.AOS.S2","MCRA.SS.20241119.FIL","A00000447413","2024-11-19T19:22Z","2024-11-19T19:22Z","Illinois State Water Survey Central Analytical Laboratory",404.0,0.00272,5,"2024-11-21","B",,
"ad9537c3-d08d-4055-a24f-546f1e4a2ca0","D16","MCRA","MCRA.AOS.S2","MCRA.SS.20241119.FIL","A00000447413","2024-11-19T19:22Z","2024-11-19T19:22Z","Illinois State Water Survey Central Analytical Laboratory",356.0,0.00474,5,"2024-11-21","A",,
"90f3a88c-eb0a-4bbe-b294-1cbc8d5418cb","D16","MCRA","MCRA.AOS.S2","MCRA.SS.20241119.FIL","A00000447413","2024-11-19T19:22Z","2024-11-19T19:22Z","Illinois State Water Survey Central Analytical Laboratory",404.0,0.00242,5,"2024-11-21","A",,
"de86e99b-076a-467d-adac-dda511e2d611","D16","MCRA","MCRA.AOS.S2","MCRA.SS.20241119.FIL","A00000447413","2024-11-19T19:22Z","2024-11-19T19:22Z","Illinois State Water Survey Central Analytical Laboratory",440.0,0.00144,5,"2024-11-21","A",,
"5032edbe-4f81-4dee-b678-57135232ef12","D16","MCRA","MCRA.AOS.S2","MCRA.SS.20241119.FIL","A00000447413","2024-11-19T19:22Z","2024-11-19T19:22Z","Illinois State Water Survey Central Analytical Laboratory",330.0,0.00746,5,"2024-11-21","B",,
"924e8364-ea95-4e56-a8ec-64b5458e70ee","D16","MCRA","MCRA.AOS.S2","MCRA.SS.20241119.FIL","A00000447413","2024-11-19T19:22Z","2024-11-19T19:22Z","Illinois State Water Survey Central Analytical Laboratory",280.0,0.01572,5,"2024-11-21","B",,
"8f2dd783-d94a-4c96-a0fc-3fcd823fa676","D16","MCRA","MCRA.AOS.S2","MCRA.SS.20241119.FIL","A00000447413","2024-11-19T19:22Z","2024-11-19T19:22Z","Illinois State Water Survey Central Analytical Laboratory",540.0,0.00068,5,"2024-11-21","A",,
"323a01d0-9792-4f76-80d0-7c5ee825790e","D16","MCRA","MCRA.AOS.S2","MCRA.SS.20241119.FIL","A00000447413","2024-11-19T19:22Z","2024-11-19T19:22Z","Illinois State Water Survey Central Analytical Laboratory",356.0,0.00502,5,"2024-11-21","B",,
"0969deec-29d6-4ab6-adee-906526a3b653","D16","MCRA","MCRA.AOS.S2","MCRA.SS.20241119.FIL","A00000447413","2024-11-19T19:22Z","2024-11-19T19:22Z","Illinois State Water Survey Central Analytical Laboratory",564.0,0.00108,5,"2024-11-21","B",,
"fd5fb6e0-59ef-4fc8-9fad-21a957b81ad8","D16","MCRA","MCRA.AOS.S2","MCRA.SS.20241119.FIL","A00000447413","2024-11-19T19:22Z","2024-11-19T19:22Z","Illinois State Water Survey Central Analytical Laboratory",288.0,0.01424,5,"2024-11-21","B",,
"80a23747-053e-4ba6-b527-fd2d5d24a528","D16","MCRA","MCRA.AOS.S2","MCRA.SS.20241119.FIL","A00000447413","2024-11-19T19:22Z","2024-11-19T19:22Z","Illinois State Water Survey Central Analytical Laboratory",312.0,0.00958,5,"2024-11-21","A",,
"c42d358c-9cf8-4aeb-9c2a-0ccd02a4d45e","D16","MCRA","MCRA.AOS.S2","MCRA.SS.20241119.FIL","A00000447413","2024-11-19T19:22Z","2024-11-19T19:22Z","Illinois State Water Survey Central Analytical Laboratory",510.0,0.00116,5,"2024-11-21","B",,
"52d1cdf5-9d26-4da3-8f62-fb967004bed2","D16","MCRA","MCRA.AOS.S2","MCRA.SS.20241119.FIL","A00000447413","2024-11-19T19:22Z","2024-11-19T19:22Z","Illinois State Water Survey Central Analytical Laboratory",254.0,0.02062,5,"2024-11-21","A",,
"4baf284e-5988-474f-87f0-2a7f3f939d4c","D16","MCRA","MCRA.AOS.S2","MCRA.SS.20241119.FIL","A00000447413","2024-11-19T19:22Z","2024-11-19T19:22Z","Illinois State Water Survey Central Analytical Laboratory",460.0,0.00112,5,"2024-11-21","A",,
"641bf669-0ba0-4a19-a4f9-cb372dd0ad81","D16","MCRA","MCRA.AOS.S2","MCRA.SS.20241119.FIL","A00000447413","2024-11-19T19:22Z","2024-11-19T19:22Z","Illinois State Water Survey Central Analytical Laboratory",330.0,0.00716,5,"2024-11-21","A",,
"b2997848-7f32-4695-99d7-1bf38781fd46","D16","MCRA","MCRA.AOS.S2","MCRA.SS.20241119.FIL","A00000447413","2024-11-19T19:22Z","2024-11-19T19:22Z","Illinois State Water Survey Central Analytical Laboratory",492.0,0.00086,5,"2024-11-21","A",,
"c911af2a-7502-420b-baf2-76b532170a59","D16","MCRA","MCRA.AOS.S2","MCRA.SS.20241119.FIL","A00000447413","2024-11-19T19:22Z","2024-11-19T19:22Z","Illinois State Water Survey Central Analytical Laboratory",284.0,0.01476,5,"2024-11-21","A",,
"dd38a6a3-b7da-4bbb-8e77-003568c85b14","D16","MCRA","MCRA.AOS.S2","MCRA.SS.20241119.FIL","A00000447413","2024-11-19T19:22Z","2024-11-19T19:22Z","Illinois State Water Survey Central Analytical Laboratory",478.0,0.00138,5,"2024-11-21","B",,
"894626d7-0906-4ab0-a966-f62d82f786a0","D16","MCRA","MCRA.AOS.S2","MCRA.SS.20241119.FIL","A00000447413","2024-11-19T19:22Z","2024-11-19T19:22Z","Illinois State Water Survey Central Analytical Laboratory",502.0,0.00076,5,"2024-11-21","A",,
"e99ff80a-5651-49b4-acd1-1f34b3e38e82","D16","MCRA","MCRA.AOS.S2","MCRA.SS.20241119.FIL","A00000447413","2024-11-19T19:22Z","2024-11-19T19:22Z","Illinois State Water Survey Central Analytical Laboratory",246.0,0.02284,5,"2024-11-21","A",,
"17ebcabf-64d4-4805-950a-87a86413a4b1","D16","MCRA","MCRA.AOS.S2","MCRA.SS.20241119.FIL","A00000447413","2024-11-19T19:22Z","2024-11-19T19:22Z","Illinois State Water Survey Central Analytical Laboratory",464.0,0.00106,5,"2024-11-21","A",,
"bda350ee-fb2b-4013-a630-c4376d68230f","D16","MCRA","MCRA.AOS.S2","MCRA.SS.20241119.FIL","A00000447413","2024-11-19T19:22Z","2024-11-19T19:22Z","Illinois State Water Survey Central Analytical Laboratory",386.0,0.00294,5,"2024-11-21","A",,
"a38696f2-615e-4986-b121-f80316e1c5de","D16","MCRA","MCRA.AOS.S2","MCRA.SS.20241119.FIL","A00000447413","2024-11-19T19:22Z","2024-11-19T19:22Z","Illinois State Water Survey Central Analytical Laboratory",306.0,0.01072,5,"2024-11-21","B",,
"f2449f4c-ad72-4735-844f-72b6f65fe705","D16","MCRA","MCRA.AOS.S2","MCRA.SS.20241119.FIL","A00000447413","2024-11-19T19:22Z","2024-11-19T19:22Z","Illinois State Water Survey Central Analytical Laboratory",372.0,0.00374,5,"2024-11-21","A",,
"d59252b7-bfa1-45e3-8112-134df30b2283","D16","MCRA","MCRA.AOS.S2","MCRA.SS.20241119.FIL","A00000447413","2024-11-19T19:22Z","2024-11-19T19:22Z","Illinois State Water Survey Central Analytical Laboratory",414.0,0.00216,5,"2024-11-21","B",,
"adadde46-da46-416b-9246-2fc214852d44","D16","MCRA","MCRA.AOS.S2","MCRA.SS.20241119.FIL","A00000447413","2024-11-19T19:22Z","2024-11-19T19:22Z","Illinois State Water Survey Central Analytical Laboratory",396.0,0.00292,5,"2024-11-21","B",,
"c5d9206c-b002-46d6-89d6-e24729407998","D16","MCRA","MCRA.AOS.S2","MCRA.SS.20241119.FIL","A00000447413","2024-11-19T19:22Z","2024-11-19T19:22Z","Illinois State Water Survey Central Analytical Laboratory",458.0,0.00144,5,"2024-11-21","B",,
"80f24124-302b-4269-b09c-332138187ca9","D16","MCRA","MCRA.AOS.S2","MCRA.SS.20241119.FIL","A00000447413","2024-11-19T19:22Z","2024-11-19T19:22Z","Illinois State Water Survey Central Analytical Laboratory",360.0,0.00482,5,"2024-11-21","B",,
"c09ddba6-fb3f-4d39-b69a-3004095b3fc5","D16","MCRA","MCRA.AOS.S2","MCRA.SS.20241119.FIL","A00000447413","2024-11-19T19:22Z","2024-11-19T19:22Z","Illinois State Water Survey Central Analytical Laboratory",518.0,0.00118,5,"2024-11-21","B",,
"e67809fc-d9c4-404a-a023-244733409220","D16","MCRA","MCRA.AOS.S2","MCRA.SS.20241119.FIL","A00000447413","2024-11-19T19:22Z","2024-11-19T19:22Z","Illinois State Water Survey Central Analytical Laboratory",468.0,0.00102,5,"2024-11-21","A",,
"33a6df58-3ebc-4625-9409-fb5ba524b52d","D16","MCRA","MCRA.AOS.S2","MCRA.SS.20241119.FIL","A00000447413","2024-11-19T19:22Z","2024-11-19T19:22Z","Illinois State Water Survey Central Analytical Laboratory",238.0,0.02626,5,"2024-11-21","B",,
"48ff4302-47b6-431e-9ccd-858873a9ea3b","D16","MCRA","MCRA.AOS.S2","MCRA.SS.20241119.FIL","A00000447413","2024-11-19T19:22Z","2024-11-19T19:22Z","Illinois State Water Survey Central Analytical Laboratory",340.0,0.00606,5,"2024-11-21","A",,
"ec48259f-8e60-4554-a865-d0aaaf08c92b","D16","MCRA","MCRA.AOS.S2","MCRA.SS.20241119.FIL","A00000447413","2024-11-19T19:22Z","2024-11-19T19:22Z","Illinois State Water Survey Central Analytical Laboratory",402.0,0.00250,5,"2024-11-21","A",,
"a25eef25-59ba-4396-93ab-4a3c69ad99e9","D16","MCRA","MCRA.AOS.S2","MCRA.SS.20241119.FIL","A00000447413","2024-11-19T19:22Z","2024-11-19T19:22Z","Illinois State Water Survey Central Analytical Laboratory",568.0,0.00058,5,"2024-11-21","A",,
"5cdbbbcd-720d-49b5-902a-4e1984ab3c4f","D16","MCRA","MCRA.AOS.S2","MCRA.SS.20241119.FIL","A00000447413","2024-11-19T19:22Z","2024-11-19T19:22Z","Illinois State Water Survey Central Analytical Laboratory",226.0,0.03732,5,"2024-11-21","B",,
"188f8da3-1487-4d12-a429-9f43b00babc1","D16","MCRA","MCRA.AOS.S2","MCRA.SS.20241119.FIL","A00000447413","2024-11-19T19:22Z","2024-11-19T19:22Z","Illinois State Water Survey Central Analytical Laboratory",508.0,0.00070,5,"2024-11-21","A",,
"4cabbeb4-6b40-4536-9f9e-e9652a6c9e4c","D16","MCRA","MCRA.AOS.S2","MCRA.SS.20241119.FIL","A00000447413","2024-11-19T19:22Z","2024-11-19T19:22Z","Illinois State Water Survey Central Analytical Laboratory",456.0,0.00142,5,"2024-11-21","B",,
"98554f0e-a2b9-4eda-bea0-9a816edcd06c","D16","MCRA","MCRA.AOS.S2","MCRA.SS.20241119.FIL","A00000447413","2024-11-19T19:22Z","2024-11-19T19:22Z","Illinois State Water Survey Central Analytical Laboratory",472.0,0.00098,5,"2024-11-21","A",,
"60ee3045-e5f6-4bb6-a9a9-65ac98a127cd","D16","MCRA","MCRA.AOS.S2","MCRA.SS.20241119.FIL","A00000447413","2024-11-19T19:22Z","2024-11-19T19:22Z","Illinois State Water Survey Central Analytical Laboratory",490.0,0.00082,5,"2024-11-21","A",,
"72549013-7f22-41f8-af7c-5041f4b06e62","D16","MCRA","MCRA.AOS.S2","MCRA.SS.20241119.FIL","A00000447413","2024-11-19T19:22Z","2024-11-19T19:22Z","Illinois State Water Survey Central Analytical Laboratory",226.0,0.03720,5,"2024-11-21","A",,
"54d36ab8-4a7d-4093-87ef-f8733d96658c","D16","MCRA","MCRA.AOS.S2","MCRA.SS.20241119.FIL","A00000447413","2024-11-19T19:22Z","2024-11-19T19:22Z","Illinois State Water Survey Central Analytical Laboratory",544.0,0.00062,5,"2024-11-21","A",,
