uid,domainID,siteID,namedLocation,sampleID,sampleCode,startDate,collectDate,laboratoryName,wavelength,decadicAbsorbance,cuvetteLength,analysisDate,spectrumReplicateID,remarks,dataQF
"898be500-a1c8-4f06-82a8-4c4a616f0d54","D01","HOPB","HOPB.AOS.S2","HOPB.SS.20240102.FIL","A00000160390","2024-01-02T15:54Z","2024-01-02T15:54Z","Illinois State Water Survey Central Analytical Laboratory",452.0,0.00490,1,"2024-01-04","A",,
"06a5e3de-7b36-4d27-823a-cb9309819aa9","D01","HOPB","HOPB.AOS.S2","HOPB.SS.20240102.FIL","A00000160390","2024-01-02T15:54Z","2024-01-02T15:54Z","Illinois State Water Survey Central Analytical Laboratory",390.0,0.01190,1,"2024-01-04","B",,
"c7687e0e-eb67-430c-a10f-31c0816334ec","D01","HOPB","HOPB.AOS.S2","HOPB.SS.20240102.FIL","A00000160390","2024-01-02T15:54Z","2024-01-02T15:54Z","Illinois State Water Survey Central Analytical Laboratory",248.0,0.08070,1,"2024-01-04","A",,
"88fa3f1c-a4f7-45c4-9a61-2d21f5dab69b","D01","HOPB","HOPB.AOS.S2","HOPB.SS.20240102.FIL","A00000160390","2024-01-02T15:54Z","2024-01-02T15:54Z","Illinois State Water Survey Central Analytical Laboratory",324.0,0.03320,1,"2024-01-04","A",,
"c6ea8cac-27c0-49fc-aacc-9e3a5aaaa5cd","D01","HOPB","HOPB.AOS.S2","HOPB.SS.20240102.FIL","A00000160390","2024-01-02T15:54Z","2024-01-02T15:54Z","Illinois State Water Survey Central Analytical Laboratory",244.0,0.08420,1,"2024-01-04","A",,
"68ec0599-9e39-428e-993a-bf9d4a0a80fb","D01","HOPB","HOPB.AOS.S2","HOPB.SS.20240102.FIL","A00000160390","2024-01-02T15:54Z","2024-01-02T15:54Z","Illinois State Water Survey Central Analytical Laboratory",284.0,0.05580,1,"2024-01-04","B",,
"b8763129-d921-4bd3-8d15-549101dddb0e","D01","HOPB","HOPB.AOS.S2","HOPB.SS.20240102.FIL","A00000160390","2024-01-02T15:54Z","2024-01-02T15:54Z","Illinois State Water Survey Central Analytical Laboratory",414.0,0.00800,1,"2024-01-04","A",,
"f16f1f83-91b4-4955-b97d-4683e98c883a","D01","HOPB","HOPB.AOS.S2","HOPB.SS.20240102.FIL","A00000160390","2024-01-02T15:54Z","2024-01-02T15:54Z","Illinois State Water Survey Central Analytical Laboratory",384.0,0.01340,1,"2024-01-04","B",,
"059f8d89-f382-4ea6-8241-5867d4664c8c","D01","HOPB","HOPB.AOS.S2","HOPB.SS.20240102.FIL","A00000160390","2024-01-02T15:54Z","2024-01-02T15:54Z","Illinois State Water Survey Central Analytical Laboratory",524.0,0.00220,1,"2024-01-04","B",,
"606927fb-84f0-4ba2-9e34-daaf20588211","D01","HOPB","HOPB.AOS.S2","HOPB.SS.20240102.FIL","A00000160390","2024-01-02T15:54Z","2024-01-02T15:54Z","Illinois State Water Survey Central Analytical Laboratory",346.0,0.02470,1,"2024-01-04","A",,
"1fd76d1c-7640-436b-a6d4-78c9df671c29","D01","HOPB","HOPB.AOS.S2","HOPB.SS.20240102.FIL","A00000160390","2024-01-02T15:54Z","2024-01-02T15:54Z","Illinois State Water Survey Central Analytical Laboratory",526.0,0.00230,1,"2024-01-04","B",,
"f6f94196-54c2-4e1c-b50f-8b48c10e1274","D01","HOPB","HOPB.AOS.S2","HOPB.SS.20240102.FIL","A00000160390","2024-01-02T15:54Z","2024-01-02T15:54Z","Illinois State Water Survey Central Analytical Laboratory",514.0,0.00300,1,"2024-01-04","A",,
"a01acf49-1b40-4519-acbe-f517fa4e42eb","D01","HOPB","HOPB.AOS.S2","HOPB.SS.20240102.FIL","A00000160390","2024-01-02T15:54Z","2024-01-02T15:54Z","Illinois State Water Survey Central Analytical Laboratory",566.0,0.00160,1,"2024-01-04","B",,
"10a08dee-4a46-4149-b9a1-2ba35f855f99","D01","HOPB","HOPB.AOS.S2","HOPB.SS.20240102.FIL","A00000160390","2024-01-02T15:54Z","2024-01-02T15:54Z","Illinois State Water Survey Central Analytical Laboratory",394.0,0.01170,1,"2024-01-04","A",,
"481db81d-be5b-4f08-8d13-354b20a1dc78","D01","HOPB","HOPB.AOS.S2","HOPB.SS.20240102.FIL","A00000160390","2024-01-02T15:54Z","2024-01-02T15:54Z","Illinois State Water Survey Central Analytical Laboratory",362.0,0.01880,1,"2024-01-04","B",,
"793fe5cc-0b02-43b6-a234-5235f93296b3","D01","HOPB","HOPB.AOS.S2","HOPB.SS.20240102.FIL","A00000160390","2024-01-02T15:54Z","2024-01-02T15:54Z","Illinois State Water Survey Central Analytical Laboratory",500.0,0.00320,1,"2024-01-04","B",,
"bcaf4502-7fa9-416f-9f64-5b836c6f1016","D01","HOPB","HOPB.AOS.S2","HOPB.SS.20240102.FIL","A00000160390","2024-01-02T15:54Z","2024-01-02T15:54Z","Illinois State Water Survey Central Analytical Laboratory",396.0,0.01090,1,"2024-01-04","B",,
"ba36c716-4e26-4608-88b7-fd0d63ef9d03","D01","HOPB","HOPB.AOS.S2","HOPB.SS.20240102.FIL","A00000160390","2024-01-02T15:54Z","2024-01-02T15:54Z","Illinois State Water Survey Central Analytical Laboratory",368.0,0.01760,1,"2024-01-04","A",,
"46848f37-7a6c-41bf-92e3-093c3b0bd05e","D01","HOPB","HOPB.AOS.S2","HOPB.SS.20240102.FIL","A00000160390","2024-01-02T15:54Z","2024-01-02T15:54Z","Illinois State Water Survey Central Analytical Laboratory",298.0,0.04630,1,"2024-01-04","B",,
"a13a22d7-5eed-4082-b56b-718c5ba44b17","D01","HOPB","HOPB.AOS.S2","HOPB.SS.20240102.FIL","A00000160390","2024-01-02T15:54Z","2024-01-02T15:54Z","Illinois State Water Survey Central Analytical Laboratory",462.0,0.00400,1,"2024-01-04","B",,
"6c7daad8-f27d-4be8-a1fb-7668efa82451","D01","HOPB","HOPB.AOS.S2","HOPB.SS.20240102.FIL","A00000160390","2024-01-02T15:54Z","2024-01-02T15:54Z","Illinois State Water Survey Central Analytical Laboratory",474.0,0.00390,1,"2024-01-04","B",,
"44eddfb0-617a-4e63-9422-62a270fb9541","D01","HOPB","HOPB.AOS.S2","HOPB.SS.20240102.FIL","A00000160390","2024-01-02T15:54Z","2024-01-02T15:54Z","Illinois State Water Survey Central Analytical Laboratory",314.0,0.03780,1,"2024-01-04","A",,
"74478494-9ead-4857-9d76-843b798e8f14","D01","HOPB","HOPB.AOS.S2","HOPB.SS.20240102.FIL","A00000160390","2024-01-02T15:54Z","2024-01-02T15:54Z","Illinois State Water Survey Central Analytical Laboratory",234.0,0.09670,1,"2024-01-04","B",,
"75cb978a-b29c-4539-91bb-65437c80e8ed","D01","HOPB","HOPB.AOS.S2","HOPB.SS.20240102.FIL","A00000160390","2024-01-02T15:54Z","2024-01-02T15:54Z","Illinois State Water Survey Central Analytical Laboratory",408.0,0.00940,1,"2024-01-04","A",,
"a8c6f073-c603-4932-9493-7f9f720481fe","D01","HOPB","HOPB.AOS.S2","HOPB.SS.20240102.FIL","A00000160390","2024-01-02T15:54Z","2024-01-02T15:54Z","Illinois State Water Survey Central Analytical Laboratory",490.0,0.00350,1,"2024-01-04","B",,
"39406acb-4570-49e8-a129-66e7541158f3","D01","HOPB","HOPB.AOS.S2","HOPB.SS.20240102.FIL","A00000160390","2024-01-02T15:54Z","2024-01-02T15:54Z","Illinois State Water Survey Central Analytical Laboratory",222.0,0.12360,1,"2024-01-04","A",,
"53971a98-027a-4282-8d37-746e7ab9636c","D01","HOPB","HOPB.AOS.S2","HOPB.SS.20240102.FIL","A00000160390","2024-01-02T15:54Z","2024-01-02T15:54Z","Illinois State Water Survey Central Analytical Laboratory",310.0,0.03980,1,"2024-01-04","B",,
"4953f3fc-4675-46b1-9863-35a63bbaa722","D01","HOPB","HOPB.AOS.S2","HOPB.SS.20240102.FIL","A00000160390","2024-01-02T15:54Z","2024-01-02T15:54Z","Illinois State Water Survey Central Analytical Laboratory",232.0,0.10060,1,"2024-01-04","A",,
"b6927c16-ca7a-45ec-adbc-53c624d2ac29","D01","HOPB","HOPB.AOS.S2","HOPB.SS.20240102.FIL","A00000160390","2024-01-02T15:54Z","2024-01-02T15:54Z","Illinois State Water Survey Central Analytical Laboratory",416.0,0.00740,1,"2024-01-04","B",,
"7a7e0f8b-9e31-4023-a575-b8cfcb5e9fa2","D01","HOPB","HOPB.AOS.S2","HOPB.SS.20240102.FIL","A00000160390","2024-01-02T15:54Z","2024-01-02T15:54Z","Illinois State Water Survey Central Analytical Laboratory",564.0,0.00180,1,"2024-01-04","B",,
"fa89e233-4623-45a3-8ec6-969613e0efbf","D01","HOPB","HOPB.AOS.S2","HOPB.SS.20240102.FIL","A00000160390","2024-01-02T15:54Z","2024-01-02T15:54Z","Illinois State Water Survey Central Analytical Laboratory",588.0,0.00160,1,"2024-01-04","A",,
"3919ddc4-e16c-48cc-bac9-8fa87569db66","D01","HOPB","HOPB.AOS.S2","HOPB.SS.20240102.FIL","A00000160390","2024-01-02T15:54Z","2024-01-02T15:54Z","Illinois State Water Survey Central Analytical Laboratory",338.0,0.02740,1,"2024-01-04","A",,
"deda573c-d62b-4a46-93c8-a90b44344e7b","D01","HOPB","HOPB.AOS.S2","HOPB.SS.20240102.FIL","A00000160390","2024-01-02T15:54Z","2024-01-02T15:54Z","Illinois State Water Survey Central Analytical Laboratory",524.0,0.00250,1,"2024-01-04","A",,
"18fab1ae-0648-4ef9-ad7b-944ab60eb4b7","D01","HOPB","HOPB.AOS.S2","HOPB.SS.20240102.FIL","A00000160390","2024-01-02T15:54Z","2024-01-02T15:54Z","Illinois State Water Survey Central Analytical Laboratory",598.0,0.00170,1,"2024-01-04","A",,
"275cc90f-8afd-4e89-976a-569fbda71ed6","D01","HOPB","HOPB.AOS.S2","HOPB.SS.20240102.FIL","A00000160390","2024-01-02T15:54Z","2024-01-02T15:54Z","Illinois State Water Survey Central Analytical Laboratory",474.0,0.00420,1,"2024-01-04","A",,
"9482ae34-2d54-4e61-a462-67289a17bc48","D01","HOPB","HOPB.AOS.S2","HOPB.SS.20240102.FIL","A00000160390","2024-01-02T15:54Z","2024-01-02T15:54Z","Illinois State Water Survey Central Analytical Laboratory",488.0,0.00380,1,"2024-01-04","B",,
"ed39ee91-b9d5-4367-83e0-aa526d4dbede","D01","HOPB","HOPB.AOS.S2","HOPB.SS.20240102.FIL","A00000160390","2024-01-02T15:54Z","2024-01-02T15:54Z","Illinois State Water Survey Central Analytical Laboratory",344.0,0.02520,1,"2024-01-04","A",,
"724a8137-52ed-4c06-9391-a53dace0f195","D01","HOPB","HOPB.AOS.S2","HOPB.SS.20240102.FIL","A00000160390","2024-01-02T15:54Z","2024-01-02T15:54Z","Illinois State Water Survey Central Analytical Laboratory",286.0,0.05440,1,"2024-01-04","A",,
"6d5a02d9-894a-4ad0-95e4-304b202e45c0","D01","HOPB","HOPB.AOS.S2","HOPB.SS.20240102.FIL","A00000160390","2024-01-02T15:54Z","2024-01-02T15:54Z","Illinois State Water Survey Central Analytical Laboratory",390.0,0.01220,1,"2024-01-04","A",,
"ede18f4d-b6e9-42bd-8fae-9198337ef408","D01","HOPB","HOPB.AOS.S2","HOPB.SS.20240102.FIL","A00000160390","2024-01-02T15:54Z","2024-01-02T15:54Z","Illinois State Water Survey Central Analytical Laboratory",462.0,0.00430,1,"2024-01-04","A",,
"c8894478-d2af-41f7-bda2-8da4217f2b42","D01","HOPB","HOPB.AOS.S2","HOPB.SS.20240102.FIL","A00000160390","2024-01-02T15:54Z","2024-01-02T15:54Z","Illinois State Water Survey Central Analytical Laboratory",428.0,0.00700,1,"2024-01-04","B",,
"328b2409-f876-4455-b6e9-858d4bb5abb1","D01","HOPB","HOPB.AOS.S2","HOPB.SS.20240102.FIL","A00000160390","2024-01-02T15:54Z","2024-01-02T15:54Z","Illinois State Water Survey Central Analytical Laboratory",562.0,0.00180,1,"2024-01-04","A",,
"c0ee257e-cdb3-4ed6-8703-bf6bbe40d7c9","D01","HOPB","HOPB.AOS.S2","HOPB.SS.20240102.FIL","A00000160390","2024-01-02T15:54Z","2024-01-02T15:54Z","Illinois State Water Survey Central Analytical Laboratory",288.0,0.05310,1,"2024-01-04","A",,
"56ddf1b9-4666-42ad-b2b4-3c96844847ab","D01","HOPB","HOPB.AOS.S2","HOPB.SS.20240102.FIL","A00000160390","2024-01-02T15:54Z","2024-01-02T15:54Z","Illinois State Water Survey Central Analytical Laboratory",568.0,0.00180,1,"2024-01-04","A",,
"4c7bd48b-0547-44fe-8d5f-9ef01524662d","D01","HOPB","HOPB.AOS.S2","HOPB.SS.20240102.FIL","A00000160390","2024-01-02T15:54Z","2024-01-02T15:54Z","Illinois State Water Survey Central Analytical Laboratory",424.0,0.00710,1,"2024-01-04","B",,
"d21e145f-52e2-4121-8f9a-dd33f87ba1cb","D01","HOPB","HOPB.AOS.S2","HOPB.SS.20240102.FIL","A00000160390","2024-01-02T15:54Z","2024-01-02T15:54Z","Illinois State Water Survey Central Analytical Laboratory",510.0,0.00290,1,"2024-01-04","A",,
"37aad0d4-8a43-4679-93a3-85d72e6c6b4c","D01","HOPB","HOPB.AOS.S2","HOPB.SS.20240102.FIL","A00000160390","2024-01-02T15:54Z","2024-01-02T15:54Z","Illinois State Water Survey Central Analytical Laboratory",438.0,0.00630,1,"2024-01-04","A",,
"9058ba25-82d4-4943-b6e7-bc6bb033776b","D01","HOPB","HOPB.AOS.S2","HOPB.SS.20240102.FIL","A00000160390","2024-01-02T15:54Z","2024-01-02T15:54Z","Illinois State Water Survey Central Analytical Laboratory",300.0,0.04500,1,"2024-01-04","B",,
"bf074e09-4d67-47e5-99d7-1f1a09060419","D01","HOPB","HOPB.AOS.S2","HOPB.SS.20240102.FIL","A00000160390","2024-01-02T15:54Z","2024-01-02T15:54Z","Illinois State Water Survey Central Analytical Laboratory",480.0,0.00430,1,"2024-01-04","A",,
"2b640c14-8f66-4b9e-95a2-81eacd9bf4e2","D01","HOPB","HOPB.AOS.S2","HOPB.SS.20240102.FIL","A00000160390","2024-01-02T15:54Z","2024-01-02T15:54Z","Illinois State Water Survey Central Analytical Laboratory",226.0,0.11250,1,"2024-01-04","B",,
"21cff21f-7b6a-4bd3-8738-623a71b5bd60","D01","HOPB","HOPB.AOS.S2","HOPB.SS.20240102.FIL","A00000160390","2024-01-02T15:54Z","2024-01-02T15:54Z","Illinois State Water Survey Central Analytical Laboratory",432.0,0.00660,1,"2024-01-04","A",,
"1a64574a-a2f2-4755-a521-48853d138557","D01","HOPB","HOPB.AOS.S2","HOPB.SS.20240102.FIL","A00000160390","2024-01-02T15:54Z","2024-01-02T15:54Z","Illinois State Water Survey Central Analytical Laboratory",470.0,0.00370,1,"2024-01-04","B",,
"d7419547-8817-4940-b081-dce0fc5d0d7a","D01","HOPB","HOPB.AOS.S2","HOPB.SS.20240102.FIL","A00000160390","2024-01-02T15:54Z","2024-01-02T15:54Z","Illinois State Water Survey Central Analytical Laboratory",248.0,0.08050,1,"2024-01-04","B",,
"58868ed9-b82f-42fb-9878-e51349c756bf","D01","HOPB","HOPB.AOS.S2","HOPB.SS.20240102.FIL","A00000160390","2024-01-02T15:54Z","2024-01-02T15:54Z","Illinois State Water Survey Central Analytical Laboratory",252.0,0.07760,1,"2024-01-04","A",,
"c7b87cbc-04c9-4864-be64-f67e1bc5f591","D01","HOPB","HOPB.AOS.S2","HOPB.SS.20240102.FIL","A00000160390","2024-01-02T15:54Z","2024-01-02T15:54Z","Illinois State Water Survey Central Analytical Laboratory",270.0,0.06550,1,"2024-01-04","B",,
"db7ce039-98db-4fe5-b20e-14494263e506","D01","HOPB","HOPB.AOS.S2","HOPB.SS.20240102.FIL","A00000160390","2024-01-02T15:54Z","2024-01-02T15:54Z","Illinois State Water Survey Central Analytical Laboratory",476.0,0.00430,1,"2024-01-04","A",,
"b0d434fb-8851-444e-a7b0-778bc9990ca5","D01","HOPB","HOPB.AOS.S2","HOPB.SS.20240102.FIL","A00000160390","2024-01-02T15:54Z","2024-01-02T15:54Z","Illinois State Water Survey Central Analytical Laboratory",256.0,0.07460,1,"2024-01-04","B",,
"2a78c45f-1c90-4954-8943-b28feacb6930","D01","HOPB","HOPB.AOS.S2","HOPB.SS.20240102.FIL","A00000160390","2024-01-02T15:54Z","2024-01-02T15:54Z","Illinois State Water Survey Central Analytical Laboratory",384.0,0.01370,1,"2024-01-04","A",,
"dc3c7eab-44f5-4972-a07c-e7019bcc1908","D01","HOPB","HOPB.AOS.S2","HOPB.SS.20240102.FIL","A00000160390","2024-01-02T15:54Z","2024-01-02T15:54Z","Illinois State Water Survey Central Analytical Laboratory",498.0,0.00300,1,"2024-01-04","B",,
"80e47cff-c9de-49f6-afb0-d3e536d27bbb","D01","HOPB","HOPB.AOS.S2","HOPB.SS.20240102.FIL","A00000160390","2024-01-02T15:54Z","2024-01-02T15:54Z","Illinois State Water Survey Central Analytical Laboratory",262.0,0.07100,1,"2024-01-04","B",,
"65ce8154-26d1-42d0-963e-cd3f0bc45f09","D01","HOPB","HOPB.AOS.S2","HOPB.SS.20240102.FIL","A00000160390","2024-01-02T15:54Z","2024-01-02T15:54Z","Illinois State Water Survey Central Analytical Laboratory",360.0,0.02010,1,"2024-01-04","A",,
"dba96a96-49b0-4c02-9d65-37cf55dc92cd","D01","HOPB","HOPB.AOS.S2","HOPB.SS.20240102.FIL","A00000160390","2024-01-02T15:54Z","2024-01-02T15:54Z","Illinois State Water Survey Central Analytical Laboratory",470.0,0.00410,1,"2024-01-04","A",,
"e26fca57-0239-468a-afb8-f9dbde6ef4e3","D01","HOPB","HOPB.AOS.S2","HOPB.SS.20240102.FIL","A00000160390","2024-01-02T15:54Z","2024-01-02T15:54Z","Illinois State Water Survey Central Analytical Laboratory",296.0,0.04740,1,"2024-01-04","A",,
"667aec38-cca1-4b09-900f-3ff33ff5dc7d","D01","HOPB","HOPB.AOS.S2","HOPB.SS.20240102.FIL","A00000160390","2024-01-02T15:54Z","2024-01-02T15:54Z","Illinois State Water Survey Central Analytical Laboratory",336.0,0.02790,1,"2024-01-04","B",,
"6fbe8d5a-c1b8-4e34-ab8e-784097e9dded","D01","HOPB","HOPB.AOS.S2","HOPB.SS.20240102.FIL","A00000160390","2024-01-02T15:54Z","2024-01-02T15:54Z","Illinois State Water Survey Central Analytical Laboratory",266.0,0.06840,1,"2024-01-04","A",,
"5b11d0f6-ab65-4d55-8f22-108d466c2a82","D01","HOPB","HOPB.AOS.S2","HOPB.SS.20240102.FIL","A00000160390","2024-01-02T15:54Z","2024-01-02T15:54Z","Illinois State Water Survey Central Analytical Laboratory",410.0,0.00880,1,"2024-01-04","B",,
"18cb3ea0-c94c-4e6e-977d-8f085b0d8bc0","D01","HOPB","HOPB.AOS.S2","HOPB.SS.20240102.FIL","A00000160390","2024-01-02T15:54Z","2024-01-02T15:54Z","Illinois State Water Survey Central Analytical Laboratory",488.0,0.00430,1,"2024-01-04","A",,
"831dbe7b-d320-4f5c-b9dd-c604d649e0d6","D01","HOPB","HOPB.AOS.S2","HOPB.SS.20240102.FIL","A00000160390","2024-01-02T15:54Z","2024-01-02T15:54Z","Illinois State Water Survey Central Analytical Laboratory",386.0,0.01290,1,"2024-01-04","A",,
"304cdf9d-e7db-4aab-9990-f17896e9541a","D01","HOPB","HOPB.AOS.S2","HOPB.SS.20240102.FIL","A00000160390","2024-01-02T15:54Z","2024-01-02T15:54Z","Illinois State Water Survey Central Analytical Laboratory",292.0,0.05010,1,"2024-01-04","B",,
"6d9504a3-c7bd-41cf-9ef3-73c965548172","D01","HOPB","HOPB.AOS.S2","HOPB.SS.20240102.FIL","A00000160390","2024-01-02T15:54Z","2024-01-02T15:54Z","Illinois State Water Survey Central Analytical Laboratory",500.0,0.00340,1,"2024-01-04","A",,
"925a3a68-ad23-40b1-881e-2b83340151f4","D01","HOPB","HOPB.AOS.S2","HOPB.SS.20240102.FIL","A00000160390","2024-01-02T15:54Z","2024-01-02T15:54Z","Illinois State Water Survey Central Analytical Laboratory",310.0,0.04000,1,"2024-01-04","A",,
"3cf99035-7b6b-4ef6-a383-8063b2fe31b3","D01","HOPB","HOPB.AOS.S2","HOPB.SS.20240102.FIL","A00000160390","2024-01-02T15:54Z","2024-01-02T15:54Z","Illinois State Water Survey Central Analytical Laboratory",234.0,0.09680,1,"2024-01-04","A",,
"24777e77-01da-4ad7-9566-e6115783d5e2","D01","HOPB","HOPB.AOS.S2","HOPB.SS.20240102.FIL","A00000160390","2024-01-02T15:54Z","2024-01-02T15:54Z","Illinois State Water Survey Central Analytical Laboratory",570.0,0.00190,1,"2024-01-04","A",,
"8691b4a8-d372-402f-8052-1741db0f015e","D01","HOPB","HOPB.AOS.S2","HOPB.SS.20240102.FIL","A00000160390","2024-01-02T15:54Z","2024-01-02T15:54Z","Illinois State Water Survey Central Analytical Laboratory",536.0,0.00230,1,"2024-01-04","A",,
"e9b16aa8-8841-4f4e-bd44-38f04650ff9a","D01","HOPB","HOPB.AOS.S2","HOPB.SS.20240102.FIL","A00000160390","2024-01-02T15:54Z","2024-01-02T15:54Z","Illinois State Water Survey Central Analytical Laboratory",406.0,0.00960,1,"2024-01-04","B",,
"d510a741-ed33-42af-9801-81354ec4b8fe","D01","HOPB","HOPB.AOS.S2","HOPB.SS.20240102.FIL","A00000160390","2024-01-02T15:54Z","2024-01-02T15:54Z","Illinois State Water Survey Central Analytical Laboratory",514.0,0.00240,1,"2024-01-04","B",,
"37ad8126-68e3-4be6-af89-2cec1c2577d2","D01","HOPB","HOPB.AOS.S2","HOPB.SS.20240102.FIL","A00000160390","2024-01-02T15:54Z","2024-01-02T15:54Z","Illinois State Water Survey Central Analytical Laboratory",386.0,0.01270,1,"2024-01-04","B",,
"dbbfcf2c-4dbf-491f-90f3-7895e29d0a69","D01","HOPB","HOPB.AOS.S2","HOPB.SS.20240102.FIL","A00000160390","2024-01-02T15:54Z","2024-01-02T15:54Z","Illinois State Water Survey Central Analytical Laboratory",458.0,0.00460,1,"2024-01-04","A",,
"03394f2b-9c1f-4f71-bdfa-85b8293aa190","D01","HOPB","HOPB.AOS.S2","HOPB.SS.20240102.FIL","A00000160390","2024-01-02T15:54Z","2024-01-02T15:54Z","Illinois State Water Survey Central Analytical Laboratory",246.0,0.08180,1,"2024-01-04","B",,
"b84d2a78-a937-4935-956f-df9f3529248d","D01","HOPB","HOPB.AOS.S2","HOPB.SS.20240102.FIL","A00000160390","2024-01-02T15:54Z","2024-01-02T15:54Z","Illinois State Water Survey Central Analytical Laboratory",592.0,0.00130,1,"2024-01-04","B",,
"c815a933-7631-41bb-b321-cd1226a62a11","D01","HOPB","HOPB.AOS.S2","HOPB.SS.20240102.FIL","A00000160390","2024-01-02T15:54Z","2024-01-02T15:54Z","Illinois State Water Survey Central Analytical Laboratory",356.0,0.02150,1,"2024-01-04","A",,
"0ceb61d6-84e7-4886-b296-b31935790c7e","D01","HOPB","HOPB.AOS.S2","HOPB.SS.20240102.FIL","A00000160390","2024-01-02T15:54Z","2024-01-02T15:54Z","Illinois State Water Survey Central Analytical Laboratory",512.0,0.00280,1,"2024-01-04","A",,
"fd6c0576-5a65-4486-bbc0-7dd6ed3b9311","D01","HOPB","HOPB.AOS.S2","HOPB.SS.20240102.FIL","A00000160390","2024-01-02T15:54Z","2024-01-02T15:54Z","Illinois State Water Survey Central Analytical Laboratory",464.0,0.00390,1,"2024-01-04","B",,
"db232306-a74f-43fd-b23c-5f5765fd49d0","D01","HOPB","HOPB.AOS.S2","HOPB.SS.20240102.FIL","A00000160390","2024-01-02T15:54Z","2024-01-02T15:54Z","Illinois State Water Survey Central Analytical Laboratory",452.0,0.00470,1,"2024-01-04","B",,
"f4e6f8b8-b2b2-4443-9480-2c643b5bdd5c","D01","HOPB","HOPB.AOS.S2","HOPB.SS.20240102.FIL","A00000160390","2024-01-02T15:54Z","2024-01-02T15:54Z","Illinois State Water Survey Central Analytical Laboratory",404.0,0.01000,1,"2024-01-04","B",,
"562059b1-c1cb-46e6-a20d-0022546e913d","D01","HOPB","HOPB.AOS.S2","HOPB.SS.20240102.FIL","A00000160390","2024-01-02T15:54Z","2024-01-02T15:54Z","Illinois State Water Survey Central Analytical Laboratory",374.0,0.01580,1,"2024-01-04","A",,
"fac90c1e-8095-4242-9bd7-c33733a36625","D01","HOPB","HOPB.AOS.S2","HOPB.SS.20240102.FIL","A00000160390","2024-01-02T15:54Z","2024-01-02T15:54Z","Illinois State Water Survey Central Analytical Laboratory",440.0,0.00620,1,"2024-01-04","B",,
"7f438df8-5337-4a75-a0e1-916b9ea6c599","D01","HOPB","HOPB.AOS.S2","HOPB.SS.20240102.FIL","A00000160390","2024-01-02T15:54Z","2024-01-02T15:54Z","Illinois State Water Survey Central Analytical Laboratory",554.0,0.00170,1,"2024-01-04","B",,
"a3b259b4-c2c3-47dc-9373-87c6e9faf3b4","D01","HOPB","HOPB.AOS.S2","HOPB.SS.20240102.FIL","A00000160390","2024-01-02T15:54Z","2024-01-02T15:54Z","Illinois State Water Survey Central Analytical Laboratory",460.0,0.00460,1,"2024-01-04","A",,
"354462d0-88d5-43b5-9673-4ba65110f5fd","D01","HOPB","HOPB.AOS.S2","HOPB.SS.20240102.FIL","A00000160390","2024-01-02T15:54Z","2024-01-02T15:54Z","Illinois State Water Survey Central Analytical Laboratory",220.0,0.13000,1,"2024-01-04","A",,
"3682159c-43fe-49e9-b765-33f57e752b66","D01","HOPB","HOPB.AOS.S2","HOPB.SS.20240102.FIL","A00000160390","2024-01-02T15:54Z","2024-01-02T15:54Z","Illinois State Water Survey Central Analytical Laboratory",288.0,0.05300,1,"2024-01-04","B",,
"6de2f774-daf2-4233-866d-574e5837ac0d","D01","HOPB","HOPB.AOS.S2","HOPB.SS.20240102.FIL","A00000160390","2024-01-02T15:54Z","2024-01-02T15:54Z","Illinois State Water Survey Central Analytical Laboratory",318.0,0.03600,1,"2024-01-04","A",,
"a72d9254-b72d-405d-9003-f4c70c69b502","D01","HOPB","HOPB.AOS.S2","HOPB.SS.20240102.FIL","A00000160390","2024-01-02T15:54Z","2024-01-02T15:54Z","Illinois State Water Survey Central Analytical Laboratory",354.0,0.02170,1,"2024-01-04","B",,
"948ff824-16bf-4df2-b979-a43d307ba485","D01","HOPB","HOPB.AOS.S2","HOPB.SS.20240102.FIL","A00000160390","2024-01-02T15:54Z","2024-01-02T15:54Z","Illinois State Water Survey Central Analytical Laboratory",520.0,0.00240,1,"2024-01-04","B",,
"aaa8c57d-8e4d-4d27-b7fd-20d43c5b4186","D01","HOPB","HOPB.AOS.S2","HOPB.SS.20240102.FIL","A00000160390","2024-01-02T15:54Z","2024-01-02T15:54Z","Illinois State Water Survey Central Analytical Laboratory",286.0,0.05430,1,"2024-01-04","B",,
"4d2c72dd-2655-42e0-8ab8-2eacc3a273b5","D01","HOPB","HOPB.AOS.S2","HOPB.SS.20240102.FIL","A00000160390","2024-01-02T15:54Z","2024-01-02T15:54Z","Illinois State Water Survey Central Analytical Laboratory",442.0,0.00580,1,"2024-01-04","B",,
"7e7301e2-f26e-4a4e-b140-f0f434220f55","D01","HOPB","HOPB.AOS.S2","HOPB.SS.20240102.FIL","A00000160390","2024-01-02T15:54Z","2024-01-02T15:54Z","Illinois State Water Survey Central Analytical Laboratory",570.0,0.00160,1,"2024-01-04","B",,
"be30879b-cc89-4d96-b6e7-ea55f483503a","D01","HOPB","HOPB.AOS.S2","HOPB.SS.20240102.FIL","A00000160390","2024-01-02T15:54Z","2024-01-02T15:54Z","Illinois State Water Survey Central Analytical Laboratory",350.0,0.02310,1,"2024-01-04","A",,
"836af9a7-3803-4549-8b27-9a883c62f78d","D01","HOPB","HOPB.AOS.S2","HOPB.SS.20240102.FIL","A00000160390","2024-01-02T15:54Z","2024-01-02T15:54Z","Illinois State Water Survey Central Analytical Laboratory",402.0,0.01040,1,"2024-01-04","A",,
"1bdf08a0-ab64-4974-98ae-672e8429c22e","D01","HOPB","HOPB.AOS.S2","HOPB.SS.20240102.FIL","A00000160390","2024-01-02T15:54Z","2024-01-02T15:54Z","Illinois State Water Survey Central Analytical Laboratory",392.0,0.01170,1,"2024-01-04","B",,
"87a13d3e-303d-48f7-a90d-7fe79325d09b","D01","HOPB","HOPB.AOS.S2","HOPB.SS.20240102.FIL","A00000160390","2024-01-02T15:54Z","2024-01-02T15:54Z","Illinois State Water Survey Central Analytical Laboratory",240.0,0.08830,1,"2024-01-04","A",,
"ac6b09c5-ed6d-4338-a220-791d88cda4a5","D01","HOPB","HOPB.AOS.S2","HOPB.SS.20240102.FIL","A00000160390","2024-01-02T15:54Z","2024-01-02T15:54Z","Illinois State Water Survey Central Analytical Laboratory",416.0,0.00780,1,"2024-01-04","A",,
"2443677e-befc-4f8d-a3f9-58ca7dc5a1ec","D01","HOPB","HOPB.AOS.S2","HOPB.SS.20240102.FIL","A00000160390","2024-01-02T15:54Z","2024-01-02T15:54Z","Illinois State Water Survey Central Analytical Laboratory",512.0,0.00240,1,"2024-01-04","B",,
"a43d08ef-2fa9-4e0d-8007-6e171b7af423","D01","HOPB","HOPB.AOS.S2","HOPB.SS.20240102.FIL","A00000160390","2024-01-02T15:54Z","2024-01-02T15:54Z","Illinois State Water Survey Central Analytical Laboratory",356.0,0.02130,1,"2024-01-04","B",,
"c06b69b9-d944-42e5-8f81-3bd2cd11b8eb","D01","HOPB","HOPB.AOS.S2","HOPB.SS.20240102.FIL","A00000160390","2024-01-02T15:54Z","2024-01-02T15:54Z","Illinois State Water Survey Central Analytical Laboratory",388.0,0.01240,1,"2024-01-04","B",,
"3582c165-cb96-4758-b639-1c6a298a4da6","D01","HOPB","HOPB.AOS.S2","HOPB.SS.20240102.FIL","A00000160390","2024-01-02T15:54Z","2024-01-02T15:54Z","Illinois State Water Survey Central Analytical Laboratory",506.0,0.00310,1,"2024-01-04","A",,
"8f97d1e9-91db-4dda-8670-7e27df1d6ac0","D01","HOPB","HOPB.AOS.S2","HOPB.SS.20240102.FIL","A00000160390","2024-01-02T15:54Z","2024-01-02T15:54Z","Illinois State Water Survey Central Analytical Laboratory",322.0,0.03410,1,"2024-01-04","A",,
"c704832b-5860-4ff1-869f-8e3d715cb953","D01","HOPB","HOPB.AOS.S2","HOPB.SS.20240102.FIL","A00000160390","2024-01-02T15:54Z","2024-01-02T15:54Z","Illinois State Water Survey Central Analytical Laboratory",246.0,0.08200,1,"2024-01-04","A",,
"1b01abd0-0e82-4c83-8505-c6ceee34468a","D01","HOPB","HOPB.AOS.S2","HOPB.SS.20240102.FIL","A00000160390","2024-01-02T15:54Z","2024-01-02T15:54Z","Illinois State Water Survey Central Analytical Laboratory",558.0,0.00200,1,"2024-01-04","A",,
"bf4bfa69-c201-4317-ace9-d137959971e0","D01","HOPB","HOPB.AOS.S2","HOPB.SS.20240102.FIL","A00000160390","2024-01-02T15:54Z","2024-01-02T15:54Z","Illinois State Water Survey Central Analytical Laboratory",540.0,0.00230,1,"2024-01-04","A",,
"67088041-9cec-40ba-9b5a-204fcb6a6625","D01","HOPB","HOPB.AOS.S2","HOPB.SS.20240102.FIL","A00000160390","2024-01-02T15:54Z","2024-01-02T15:54Z","Illinois State Water Survey Central Analytical Laboratory",546.0,0.00240,1,"2024-01-04","A",,
"6cd104d2-f1e2-415b-8fa9-eb85a536c854","D01","HOPB","HOPB.AOS.S2","HOPB.SS.20240102.FIL","A00000160390","2024-01-02T15:54Z","2024-01-02T15:54Z","Illinois State Water Survey Central Analytical Laboratory",538.0,0.00240,1,"2024-01-04","A",,
"1d307655-dc8f-4d64-b40c-170032846497","D01","HOPB","HOPB.AOS.S2","HOPB.SS.20240102.FIL","A00000160390","2024-01-02T15:54Z","2024-01-02T15:54Z","Illinois State Water Survey Central Analytical Laboratory",528.0,0.00290,1,"2024-01-04","A",,
"f6d6a782-ab4c-4d15-87c4-29667831cd5d","D01","HOPB","HOPB.AOS.S2","HOPB.SS.20240102.FIL","A00000160390","2024-01-02T15:54Z","2024-01-02T15:54Z","Illinois State Water Survey Central Analytical Laboratory",226.0,0.11250,1,"2024-01-04","A",,
"63018ec4-3851-477c-a14a-5bc366f3476a","D01","HOPB","HOPB.AOS.S2","HOPB.SS.20240102.FIL","A00000160390","2024-01-02T15:54Z","2024-01-02T15:54Z","Illinois State Water Survey Central Analytical Laboratory",400.0,0.01050,1,"2024-01-04","B",,
"fc298951-c02e-4001-98da-bb0510d43875","D01","HOPB","HOPB.AOS.S2","HOPB.SS.20240102.FIL","A00000160390","2024-01-02T15:54Z","2024-01-02T15:54Z","Illinois State Water Survey Central Analytical Laboratory",526.0,0.00270,1,"2024-01-04","A",,
"90325448-abc0-489c-a11a-3138cf09815d","D01","HOPB","HOPB.AOS.S2","HOPB.SS.20240102.FIL","A00000160390","2024-01-02T15:54Z","2024-01-02T15:54Z","Illinois State Water Survey Central Analytical Laboratory",476.0,0.00390,1,"2024-01-04","B",,
"5255b2c3-7af4-49ab-b8e1-4f9185e76754","D01","HOPB","HOPB.AOS.S2","HOPB.SS.20240102.FIL","A00000160390","2024-01-02T15:54Z","2024-01-02T15:54Z","Illinois State Water Survey Central Analytical Laboratory",332.0,0.02970,1,"2024-01-04","A",,
"faf0f78e-51aa-416d-ad90-1c5a48a7662e","D01","HOPB","HOPB.AOS.S2","HOPB.SS.20240102.FIL","A00000160390","2024-01-02T15:54Z","2024-01-02T15:54Z","Illinois State Water Survey Central Analytical Laboratory",238.0,0.09100,1,"2024-01-04","A",,
"e64134cd-f2a1-425a-8902-d4dcc218add0","D01","HOPB","HOPB.AOS.S2","HOPB.SS.20240102.FIL","A00000160390","2024-01-02T15:54Z","2024-01-02T15:54Z","Illinois State Water Survey Central Analytical Laboratory",586.0,0.00140,1,"2024-01-04","B",,
"2eff91bf-81f7-425b-b3a7-865ceb27cda7","D01","HOPB","HOPB.AOS.S2","HOPB.SS.20240102.FIL","A00000160390","2024-01-02T15:54Z","2024-01-02T15:54Z","Illinois State Water Survey Central Analytical Laboratory",334.0,0.02880,1,"2024-01-04","B",,
"8081240b-a253-42eb-8cbf-dc677b0cb604","D01","HOPB","HOPB.AOS.S2","HOPB.SS.20240102.FIL","A00000160390","2024-01-02T15:54Z","2024-01-02T15:54Z","Illinois State Water Survey Central Analytical Laboratory",278.0,0.06020,1,"2024-01-04","B",,
"44533807-b260-479f-9ddd-ff2830a1a5d8","D01","HOPB","HOPB.AOS.S2","HOPB.SS.20240102.FIL","A00000160390","2024-01-02T15:54Z","2024-01-02T15:54Z","Illinois State Water Survey Central Analytical Laboratory",428.0,0.00720,1,"2024-01-04","A",,
"c0120f2d-bc60-431c-abd5-0407f74695e5","D01","HOPB","HOPB.AOS.S2","HOPB.SS.20240102.FIL","A00000160390","2024-01-02T15:54Z","2024-01-02T15:54Z","Illinois State Water Survey Central Analytical Laboratory",600.0,0.00130,1,"2024-01-04","B",,
"0b2523bc-df21-411e-9ec4-a101f8a6334c","D01","HOPB","HOPB.AOS.S2","HOPB.SS.20240102.FIL","A00000160390","2024-01-02T15:54Z","2024-01-02T15:54Z","Illinois State Water Survey Central Analytical Laboratory",580.0,0.00130,1,"2024-01-04","A",,
"ccfeb89e-633c-4ba2-85f2-c208a7debcbc","D01","HOPB","HOPB.AOS.S2","HOPB.SS.20240102.FIL","A00000160390","2024-01-02T15:54Z","2024-01-02T15:54Z","Illinois State Water Survey Central Analytical Laboratory",366.0,0.01800,1,"2024-01-04","B",,
"35c35c64-50ed-41b0-8b91-d8ec2d3f7a5b","D01","HOPB","HOPB.AOS.S2","HOPB.SS.20240102.FIL","A00000160390","2024-01-02T15:54Z","2024-01-02T15:54Z","Illinois State Water Survey Central Analytical Laboratory",400.0,0.01070,1,"2024-01-04","A",,
"1735133a-0caf-4695-98c5-a99d7a8d77d6","D01","HOPB","HOPB.AOS.S2","HOPB.SS.20240102.FIL","A00000160390","2024-01-02T15:54Z","2024-01-02T15:54Z","Illinois State Water Survey Central Analytical Laboratory",312.0,0.03890,1,"2024-01-04","A",,
"940ea032-8805-4361-bdeb-cf21927e539c","D01","HOPB","HOPB.AOS.S2","HOPB.SS.20240102.FIL","A00000160390","2024-01-02T15:54Z","2024-01-02T15:54Z","Illinois State Water Survey Central Analytical Laboratory",308.0,0.04070,1,"2024-01-04","B",,
"ed8affc5-7059-473d-ad3b-e2cfabace240","D01","HOPB","HOPB.AOS.S2","HOPB.SS.20240102.FIL","A00000160390","2024-01-02T15:54Z","2024-01-02T15:54Z","Illinois State Water Survey Central Analytical Laboratory",402.0,0.01020,1,"2024-01-04","B",,
"036941b6-e137-44f5-ae27-e42c9f96ee3c","D01","HOPB","HOPB.AOS.S2","HOPB.SS.20240102.FIL","A00000160390","2024-01-02T15:54Z","2024-01-02T15:54Z","Illinois State Water Survey Central Analytical Laboratory",360.0,0.01970,1,"2024-01-04","B",,
"1def5ba1-28f5-4311-9505-b0d06708b433","D01","HOPB","HOPB.AOS.S2","HOPB.SS.20240102.FIL","A00000160390","2024-01-02T15:54Z","2024-01-02T15:54Z","Illinois State Water Survey Central Analytical Laboratory",478.0,0.00370,1,"2024-01-04","B",,
"753f7f79-bf34-4122-ad35-a31b64055b1a","D01","HOPB","HOPB.AOS.S2","HOPB.SS.20240102.FIL","A00000160390","2024-01-02T15:54Z","2024-01-02T15:54Z","Illinois State Water Survey Central Analytical Laboratory",504.0,0.00280,1,"2024-01-04","B",,
"eeb4c1d8-a495-4607-bac2-4edff959b2cd","D01","HOPB","HOPB.AOS.S2","HOPB.SS.20240102.FIL","A00000160390","2024-01-02T15:54Z","2024-01-02T15:54Z","Illinois State Water Survey Central Analytical Laboratory",398.0,0.01110,1,"2024-01-04","A",,
"3c566b19-4805-4dd7-aa1a-8cdc255f75bc","D01","HOPB","HOPB.AOS.S2","HOPB.SS.20240102.FIL","A00000160390","2024-01-02T15:54Z","2024-01-02T15:54Z","Illinois State Water Survey Central Analytical Laboratory",492.0,0.00360,1,"2024-01-04","B",,
"7764529e-60b1-48ac-b434-6e95904f7e03","D01","HOPB","HOPB.AOS.S2","HOPB.SS.20240102.FIL","A00000160390","2024-01-02T15:54Z","2024-01-02T15:54Z","Illinois State Water Survey Central Analytical Laboratory",392.0,0.01200,1,"2024-01-04","A",,
"0e4764c6-83fb-4669-8d43-2b429387440c","D01","HOPB","HOPB.AOS.S2","HOPB.SS.20240102.FIL","A00000160390","2024-01-02T15:54Z","2024-01-02T15:54Z","Illinois State Water Survey Central Analytical Laboratory",346.0,0.02440,1,"2024-01-04","B",,
"716b412e-3a71-48cd-bbf2-ce61be0d31e1","D01","HOPB","HOPB.AOS.S2","HOPB.SS.20240102.FIL","A00000160390","2024-01-02T15:54Z","2024-01-02T15:54Z","Illinois State Water Survey Central Analytical Laboratory",294.0,0.04870,1,"2024-01-04","A",,
"d80411ca-1535-449e-8253-3b5524e6b557","D01","HOPB","HOPB.AOS.S2","HOPB.SS.20240102.FIL","A00000160390","2024-01-02T15:54Z","2024-01-02T15:54Z","Illinois State Water Survey Central Analytical Laboratory",264.0,0.06980,1,"2024-01-04","B",,
"b1aa51a4-7096-498b-8670-43f31a9a7491","D01","HOPB","HOPB.AOS.S2","HOPB.SS.20240102.FIL","A00000160390","2024-01-02T15:54Z","2024-01-02T15:54Z","Illinois State Water Survey Central Analytical Laboratory",304.0,0.04300,1,"2024-01-04","B",,
"e74a9721-7aa0-4872-802a-1ba988f69c11","D01","HOPB","HOPB.AOS.S2","HOPB.SS.20240102.FIL","A00000160390","2024-01-02T15:54Z","2024-01-02T15:54Z","Illinois State Water Survey Central Analytical Laboratory",600.0,0.00150,1,"2024-01-04","A",,
"80f2bb10-3aec-4a97-acb3-aa30d37e3a4f","D01","HOPB","HOPB.AOS.S2","HOPB.SS.20240102.FIL","A00000160390","2024-01-02T15:54Z","2024-01-02T15:54Z","Illinois State Water Survey Central Analytical Laboratory",388.0,0.01290,1,"2024-01-04","A",,
"5296d656-fde8-402b-bf37-d1838b5df575","D01","HOPB","HOPB.AOS.S2","HOPB.SS.20240102.FIL","A00000160390","2024-01-02T15:54Z","2024-01-02T15:54Z","Illinois State Water Survey Central Analytical Laboratory",590.0,0.00100,1,"2024-01-04","B",,
"4d63851f-8e1a-4624-a13f-1f1c75b37ac2","D01","HOPB","HOPB.AOS.S2","HOPB.SS.20240102.FIL","A00000160390","2024-01-02T15:54Z","2024-01-02T15:54Z","Illinois State Water Survey Central Analytical Laboratory",532.0,0.00220,1,"2024-01-04","B",,
"6dc2dab7-8728-4fca-a1fb-cfea20d070fc","D01","HOPB","HOPB.AOS.S2","HOPB.SS.20240102.FIL","A00000160390","2024-01-02T15:54Z","2024-01-02T15:54Z","Illinois State Water Survey Central Analytical Laboratory",220.0,0.12980,1,"2024-01-04","B",,
"65e0ee63-f70b-44f0-9567-c58e57578ea2","D01","HOPB","HOPB.AOS.S2","HOPB.SS.20240102.FIL","A00000160390","2024-01-02T15:54Z","2024-01-02T15:54Z","Illinois State Water Survey Central Analytical Laboratory",478.0,0.00430,1,"2024-01-04","A",,
"3daeff12-ad30-4d2d-b905-56787de5f606","D01","HOPB","HOPB.AOS.S2","HOPB.SS.20240102.FIL","A00000160390","2024-01-02T15:54Z","2024-01-02T15:54Z","Illinois State Water Survey Central Analytical Laboratory",326.0,0.03230,1,"2024-01-04","A",,
"7fbed173-0073-4b87-ad56-5f0d459b4bc0","D01","HOPB","HOPB.AOS.S2","HOPB.SS.20240102.FIL","A00000160390","2024-01-02T15:54Z","2024-01-02T15:54Z","Illinois State Water Survey Central Analytical Laboratory",442.0,0.00610,1,"2024-01-04","A",,
"082fd625-a9db-46bf-8648-09fa74d70ba9","D01","HOPB","HOPB.AOS.S2","HOPB.SS.20240102.FIL","A00000160390","2024-01-02T15:54Z","2024-01-02T15:54Z","Illinois State Water Survey Central Analytical Laboratory",370.0,0.01700,1,"2024-01-04","A",,
"58817389-f64b-4c44-87a5-6e150e717a48","D01","HOPB","HOPB.AOS.S2","HOPB.SS.20240102.FIL","A00000160390","2024-01-02T15:54Z","2024-01-02T15:54Z","Illinois State Water Survey Central Analytical Laboratory",466.0,0.00440,1,"2024-01-04","A",,
"ddc95e88-5e2b-4e3e-835c-d2d54628b076","D01","HOPB","HOPB.AOS.S2","HOPB.SS.20240102.FIL","A00000160390","2024-01-02T15:54Z","2024-01-02T15:54Z","Illinois State Water Survey Central Analytical Laboratory",556.0,0.00220,1,"2024-01-04","A",,
"d7030bf7-e44c-4545-8aa7-791ab54f5a9e","D01","HOPB","HOPB.AOS.S2","HOPB.SS.20240102.FIL","A00000160390","2024-01-02T15:54Z","2024-01-02T15:54Z","Illinois State Water Survey Central Analytical Laboratory",558.0,0.00140,1,"2024-01-04","B",,
"5aa5e219-3869-47ae-8762-ddfaec256f70","D01","HOPB","HOPB.AOS.S2","HOPB.SS.20240102.FIL","A00000160390","2024-01-02T15:54Z","2024-01-02T15:54Z","Illinois State Water Survey Central Analytical Laboratory",322.0,0.03400,1,"2024-01-04","B",,
"ffb8bdc2-2739-4cab-bf6e-7c39024f660d","D01","HOPB","HOPB.AOS.S2","HOPB.SS.20240102.FIL","A00000160390","2024-01-02T15:54Z","2024-01-02T15:54Z","Illinois State Water Survey Central Analytical Laboratory",304.0,0.04300,1,"2024-01-04","A",,
"7f0279dd-1a58-41b6-a9f1-f9dc96cee4cf","D01","HOPB","HOPB.AOS.S2","HOPB.SS.20240102.FIL","A00000160390","2024-01-02T15:54Z","2024-01-02T15:54Z","Illinois State Water Survey Central Analytical Laboratory",548.0,0.00190,1,"2024-01-04","A",,
"fc86b658-2059-4e1c-bda2-091c33729991","D01","HOPB","HOPB.AOS.S2","HOPB.SS.20240102.FIL","A00000160390","2024-01-02T15:54Z","2024-01-02T15:54Z","Illinois State Water Survey Central Analytical Laboratory",422.0,0.00710,1,"2024-01-04","B",,
"c651a54a-e675-41d6-bf0a-07dbcfe5c47b","D01","HOPB","HOPB.AOS.S2","HOPB.SS.20240102.FIL","A00000160390","2024-01-02T15:54Z","2024-01-02T15:54Z","Illinois State Water Survey Central Analytical Laboratory",422.0,0.00730,1,"2024-01-04","A",,
"98feafcf-c963-4b89-acd3-3e80a557dd58","D01","HOPB","HOPB.AOS.S2","HOPB.SS.20240102.FIL","A00000160390","2024-01-02T15:54Z","2024-01-02T15:54Z","Illinois State Water Survey Central Analytical Laboratory",258.0,0.07360,1,"2024-01-04","A",,
"f963a90f-0211-47c9-8fca-7b4770f1f871","D01","HOPB","HOPB.AOS.S2","HOPB.SS.20240102.FIL","A00000160390","2024-01-02T15:54Z","2024-01-02T15:54Z","Illinois State Water Survey Central Analytical Laboratory",540.0,0.00200,1,"2024-01-04","B",,
"8c893ff2-a8e8-408f-addc-bb5f77e5b160","D01","HOPB","HOPB.AOS.S2","HOPB.SS.20240102.FIL","A00000160390","2024-01-02T15:54Z","2024-01-02T15:54Z","Illinois State Water Survey Central Analytical Laboratory",260.0,0.07260,1,"2024-01-04","A",,
"2dffdf1e-9ed6-4445-868d-efa608c1e72f","D01","HOPB","HOPB.AOS.S2","HOPB.SS.20240102.FIL","A00000160390","2024-01-02T15:54Z","2024-01-02T15:54Z","Illinois State Water Survey Central Analytical Laboratory",594.0,0.00150,1,"2024-01-04","A",,
"74e09cab-052a-4b5a-b515-c4f2374af8d6","D01","HOPB","HOPB.AOS.S2","HOPB.SS.20240102.FIL","A00000160390","2024-01-02T15:54Z","2024-01-02T15:54Z","Illinois State Water Survey Central Analytical Laboratory",278.0,0.06020,1,"2024-01-04","A",,
"f48b2c07-99ab-4a05-ae5e-3de3f9b09f4d","D01","HOPB","HOPB.AOS.S2","HOPB.SS.20240102.FIL","A00000160390","2024-01-02T15:54Z","2024-01-02T15:54Z","Illinois State Water Survey Central Analytical Laboratory",518.0,0.00280,1,"2024-01-04","A",,
"b92675c6-9d31-46f5-a816-af452d3f2c12","D01","HOPB","HOPB.AOS.S2","HOPB.SS.20240102.FIL","A00000160390","2024-01-02T15:54Z","2024-01-02T15:54Z","Illinois State Water Survey Central Analytical Laboratory",450.0,0.00520,1,"2024-01-04","A",,
"47024e7e-9a83-44db-9fe9-113aed70756c","D01","HOPB","HOPB.AOS.S2","HOPB.SS.20240102.FIL","A00000160390","2024-01-02T15:54Z","2024-01-02T15:54Z","Illinois State Water Survey Central Analytical Laboratory",262.0,0.07120,1,"2024-01-04","A",,
"4a79dacb-0346-494b-832b-67cd8f15326a","D01","HOPB","HOPB.AOS.S2","HOPB.SS.20240102.FIL","A00000160390","2024-01-02T15:54Z","2024-01-02T15:54Z","Illinois State Water Survey Central Analytical Laboratory",348.0,0.02370,1,"2024-01-04","A",,
"501d43e5-d0bc-46a0-80cd-5711cd226a31","D01","HOPB","HOPB.AOS.S2","HOPB.SS.20240102.FIL","A00000160390","2024-01-02T15:54Z","2024-01-02T15:54Z","Illinois State Water Survey Central Analytical Laboratory",362.0,0.01900,1,"2024-01-04","A",,
"a38f475b-b723-4efb-b2a3-1297b1cd16d3","D01","HOPB","HOPB.AOS.S2","HOPB.SS.20240102.FIL","A00000160390","2024-01-02T15:54Z","2024-01-02T15:54Z","Illinois State Water Survey Central Analytical Laboratory",364.0,0.01870,1,"2024-01-04","A",,
"ca122582-6c19-4b4b-802c-17761c7a3013","D01","HOPB","HOPB.AOS.S2","HOPB.SS.20240102.FIL","A00000160390","2024-01-02T15:54Z","2024-01-02T15:54Z","Illinois State Water Survey Central Analytical Laboratory",348.0,0.02360,1,"2024-01-04","B",,
"47756a35-6349-406d-bf2a-3c47a252c3db","D01","HOPB","HOPB.AOS.S2","HOPB.SS.20240102.FIL","A00000160390","2024-01-02T15:54Z","2024-01-02T15:54Z","Illinois State Water Survey Central Analytical Laboratory",236.0,0.09360,1,"2024-01-04","A",,
"0e3bac6f-7a69-4bce-9b5b-30284e636e10","D01","HOPB","HOPB.AOS.S2","HOPB.SS.20240102.FIL","A00000160390","2024-01-02T15:54Z","2024-01-02T15:54Z","Illinois State Water Survey Central Analytical Laboratory",342.0,0.02600,1,"2024-01-04","A",,
"97130e15-6162-47e6-b6d7-2403593a5b3c","D01","HOPB","HOPB.AOS.S2","HOPB.SS.20240102.FIL","A00000160390","2024-01-02T15:54Z","2024-01-02T15:54Z","Illinois State Water Survey Central Analytical Laboratory",302.0,0.04430,1,"2024-01-04","A",,
"afc393e7-9255-44b7-bbe6-cc89c35d5405","D01","HOPB","HOPB.AOS.S2","HOPB.SS.20240102.FIL","A00000160390","2024-01-02T15:54Z","2024-01-02T15:54Z","Illinois State Water Survey Central Analytical Laboratory",320.0,0.03510,1,"2024-01-04","A",,
"fb75860f-03df-4a0a-bc9d-3724ce614884","D01","HOPB","HOPB.AOS.S2","HOPB.SS.20240102.FIL","A00000160390","2024-01-02T15:54Z","2024-01-02T15:54Z","Illinois State Water Survey Central Analytical Laboratory",486.0,0.00360,1,"2024-01-04","B",,
"6245846d-c69a-4379-9bc4-6096b37f82b6","D01","HOPB","HOPB.AOS.S2","HOPB.SS.20240102.FIL","A00000160390","2024-01-02T15:54Z","2024-01-02T15:54Z","Illinois State Water Survey Central Analytical Laboratory",254.0,0.07620,1,"2024-01-04","B",,
"7e3a50ed-4953-4d3f-93f7-f777a9ee3813","D01","HOPB","HOPB.AOS.S2","HOPB.SS.20240102.FIL","A00000160390","2024-01-02T15:54Z","2024-01-02T15:54Z","Illinois State Water Survey Central Analytical Laboratory",568.0,0.00170,1,"2024-01-04","B",,
"ec10c917-9da6-4b35-abc9-53f558cc4f81","D01","HOPB","HOPB.AOS.S2","HOPB.SS.20240102.FIL","A00000160390","2024-01-02T15:54Z","2024-01-02T15:54Z","Illinois State Water Survey Central Analytical Laboratory",496.0,0.00300,1,"2024-01-04","B",,
"2fbdb455-d19d-4b78-9914-5d73685ff223","D01","HOPB","HOPB.AOS.S2","HOPB.SS.20240102.FIL","A00000160390","2024-01-02T15:54Z","2024-01-02T15:54Z","Illinois State Water Survey Central Analytical Laboratory",338.0,0.02710,1,"2024-01-04","B",,
"f413aee3-ca97-4f8f-9084-e3b1c239fb17","D01","HOPB","HOPB.AOS.S2","HOPB.SS.20240102.FIL","A00000160390","2024-01-02T15:54Z","2024-01-02T15:54Z","Illinois State Water Survey Central Analytical Laboratory",536.0,0.00190,1,"2024-01-04","B",,
"cab007c8-cdca-4298-92e5-6cf1a9ba0702","D01","HOPB","HOPB.AOS.S2","HOPB.SS.20240102.FIL","A00000160390","2024-01-02T15:54Z","2024-01-02T15:54Z","Illinois State Water Survey Central Analytical Laboratory",412.0,0.00840,1,"2024-01-04","A",,
"1adc2d15-780e-4ced-931d-2c7b7fb13bc7","D01","HOPB","HOPB.AOS.S2","HOPB.SS.20240102.FIL","A00000160390","2024-01-02T15:54Z","2024-01-02T15:54Z","Illinois State Water Survey Central Analytical Laboratory",482.0,0.00410,1,"2024-01-04","B",,
"25e5d285-fd94-4fef-8390-0b4a8e7cbf63","D01","HOPB","HOPB.AOS.S2","HOPB.SS.20240102.FIL","A00000160390","2024-01-02T15:54Z","2024-01-02T15:54Z","Illinois State Water Survey Central Analytical Laboratory",554.0,0.00200,1,"2024-01-04","A",,
"9cf89cdd-924f-4b24-8252-aa272891ee27","D01","HOPB","HOPB.AOS.S2","HOPB.SS.20240102.FIL","A00000160390","2024-01-02T15:54Z","2024-01-02T15:54Z","Illinois State Water Survey Central Analytical Laboratory",534.0,0.00250,1,"2024-01-04","A",,
"118eeb13-dd38-4b15-8791-19f33d99cda6","D01","HOPB","HOPB.AOS.S2","HOPB.SS.20240102.FIL","A00000160390","2024-01-02T15:54Z","2024-01-02T15:54Z","Illinois State Water Survey Central Analytical Laboratory",436.0,0.00620,1,"2024-01-04","B",,
"193404d5-35c7-454e-976b-40f6ec95031e","D01","HOPB","HOPB.AOS.S2","HOPB.SS.20240102.FIL","A00000160390","2024-01-02T15:54Z","2024-01-02T15:54Z","Illinois State Water Survey Central Analytical Laboratory",482.0,0.00440,1,"2024-01-04","A",,
"bb153542-4d86-4fe2-a867-21a5b2555820","D01","HOPB","HOPB.AOS.S2","HOPB.SS.20240102.FIL","A00000160390","2024-01-02T15:54Z","2024-01-02T15:54Z","Illinois State Water Survey Central Analytical Laboratory",518.0,0.00240,1,"2024-01-04","B",,
"c931cdab-10a9-4054-bb3e-ea3dd5db3629","D01","HOPB","HOPB.AOS.S2","HOPB.SS.20240102.FIL","A00000160390","2024-01-02T15:54Z","2024-01-02T15:54Z","Illinois State Water Survey Central Analytical Laboratory",308.0,0.04090,1,"2024-01-04","A",,
"5f6b96f1-8bf7-4a00-bc20-7f3c5ac3b9ba","D01","HOPB","HOPB.AOS.S2","HOPB.SS.20240102.FIL","A00000160390","2024-01-02T15:54Z","2024-01-02T15:54Z","Illinois State Water Survey Central Analytical Laboratory",596.0,0.00120,1,"2024-01-04","A",,
"70e14735-1793-407f-af69-1314918c5e36","D01","HOPB","HOPB.AOS.S2","HOPB.SS.20240102.FIL","A00000160390","2024-01-02T15:54Z","2024-01-02T15:54Z","Illinois State Water Survey Central Analytical Laboratory",340.0,0.02660,1,"2024-01-04","A",,
"fcd22f1a-ed53-4bbe-98ca-4317decf3efd","D01","HOPB","HOPB.AOS.S2","HOPB.SS.20240102.FIL","A00000160390","2024-01-02T15:54Z","2024-01-02T15:54Z","Illinois State Water Survey Central Analytical Laboratory",468.0,0.00430,1,"2024-01-04","A",,
"377a5e95-0c80-4ba8-af4d-a74d65db1f08","D01","HOPB","HOPB.AOS.S2","HOPB.SS.20240102.FIL","A00000160390","2024-01-02T15:54Z","2024-01-02T15:54Z","Illinois State Water Survey Central Analytical Laboratory",598.0,0.00130,1,"2024-01-04","B",,
"43869ba0-7668-49d6-8621-cc9f36f0fd2f","D01","HOPB","HOPB.AOS.S2","HOPB.SS.20240102.FIL","A00000160390","2024-01-02T15:54Z","2024-01-02T15:54Z","Illinois State Water Survey Central Analytical Laboratory",358.0,0.02060,1,"2024-01-04","B",,
"ec5fd2cf-e180-4dce-b7dc-b35b82a68529","D01","HOPB","HOPB.AOS.S2","HOPB.SS.20240102.FIL","A00000160390","2024-01-02T15:54Z","2024-01-02T15:54Z","Illinois State Water Survey Central Analytical Laboratory",574.0,0.00160,1,"2024-01-04","B",,
"f29539b8-6ab9-42c0-9e67-1ca740d71549","D01","HOPB","HOPB.AOS.S2","HOPB.SS.20240102.FIL","A00000160390","2024-01-02T15:54Z","2024-01-02T15:54Z","Illinois State Water Survey Central Analytical Laboratory",380.0,0.01450,1,"2024-01-04","A",,
"43150a00-b362-4ed3-8018-d007462cfa1c","D01","HOPB","HOPB.AOS.S2","HOPB.SS.20240102.FIL","A00000160390","2024-01-02T15:54Z","2024-01-02T15:54Z","Illinois State Water Survey Central Analytical Laboratory",412.0,0.00800,1,"2024-01-04","B",,
"fc147a3f-fcf2-4216-899c-b7815fdfc0eb","D01","HOPB","HOPB.AOS.S2","HOPB.SS.20240102.FIL","A00000160390","2024-01-02T15:54Z","2024-01-02T15:54Z","Illinois State Water Survey Central Analytical Laboratory",454.0,0.00420,1,"2024-01-04","B",,
"512c5c66-090a-4f8e-b9c9-90239481ae2e","D01","HOPB","HOPB.AOS.S2","HOPB.SS.20240102.FIL","A00000160390","2024-01-02T15:54Z","2024-01-02T15:54Z","Illinois State Water Survey Central Analytical Laboratory",590.0,0.00150,1,"2024-01-04","A",,
"dee0f948-ee1e-41c8-b107-a0088dd94a99","D01","HOPB","HOPB.AOS.S2","HOPB.SS.20240102.FIL","A00000160390","2024-01-02T15:54Z","2024-01-02T15:54Z","Illinois State Water Survey Central Analytical Laboratory",320.0,0.03500,1,"2024-01-04","B",,
"73ea6d1a-2562-49c9-a49a-92a0337f445c","D01","HOPB","HOPB.AOS.S2","HOPB.SS.20240102.FIL","A00000160390","2024-01-02T15:54Z","2024-01-02T15:54Z","Illinois State Water Survey Central Analytical Laboratory",544.0,0.00200,1,"2024-01-04","B",,
"32187c42-0e1a-4d54-864a-1e3467060f98","D01","HOPB","HOPB.AOS.S2","HOPB.SS.20240102.FIL","A00000160390","2024-01-02T15:54Z","2024-01-02T15:54Z","Illinois State Water Survey Central Analytical Laboratory",370.0,0.01670,1,"2024-01-04","B",,
"b17e5807-371c-400e-a49e-5ecbacd9ca2d","D01","HOPB","HOPB.AOS.S2","HOPB.SS.20240102.FIL","A00000160390","2024-01-02T15:54Z","2024-01-02T15:54Z","Illinois State Water Survey Central Analytical Laboratory",594.0,0.00110,1,"2024-01-04","B",,
"619c5603-c735-45c6-ba0a-216fdd591387","D01","HOPB","HOPB.AOS.S2","HOPB.SS.20240102.FIL","A00000160390","2024-01-02T15:54Z","2024-01-02T15:54Z","Illinois State Water Survey Central Analytical Laboratory",460.0,0.00420,1,"2024-01-04","B",,
"cf75e446-f4cd-4b3b-b9e3-cbd1b0a3c92e","D01","HOPB","HOPB.AOS.S2","HOPB.SS.20240102.FIL","A00000160390","2024-01-02T15:54Z","2024-01-02T15:54Z","Illinois State Water Survey Central Analytical Laboratory",280.0,0.05870,1,"2024-01-04","A",,
"f638672f-1aa3-46ee-9061-d0140eeeeb21","D01","HOPB","HOPB.AOS.S2","HOPB.SS.20240102.FIL","A00000160390","2024-01-02T15:54Z","2024-01-02T15:54Z","Illinois State Water Survey Central Analytical Laboratory",268.0,0.06730,1,"2024-01-04","A",,
"e67106c0-c1c3-4d66-8e68-f95a8b0e1dfa","D01","HOPB","HOPB.AOS.S2","HOPB.SS.20240102.FIL","A00000160390","2024-01-02T15:54Z","2024-01-02T15:54Z","Illinois State Water Survey Central Analytical Laboratory",254.0,0.07600,1,"2024-01-04","A",,
"c51987e0-7c77-40da-8b96-4bfe9268b954","D01","HOPB","HOPB.AOS.S2","HOPB.SS.20240102.FIL","A00000160390","2024-01-02T15:54Z","2024-01-02T15:54Z","Illinois State Water Survey Central Analytical Laboratory",228.0,0.10780,1,"2024-01-04","A",,
"7075898c-bd89-46af-9d24-94a5d6f64604","D01","HOPB","HOPB.AOS.S2","HOPB.SS.20240102.FIL","A00000160390","2024-01-02T15:54Z","2024-01-02T15:54Z","Illinois State Water Survey Central Analytical Laboratory",560.0,0.00190,1,"2024-01-04","B",,
"ce6bc108-4ec1-4742-83a8-6e77e7674fc1","D01","HOPB","HOPB.AOS.S2","HOPB.SS.20240102.FIL","A00000160390","2024-01-02T15:54Z","2024-01-02T15:54Z","Illinois State Water Survey Central Analytical Laboratory",552.0,0.00210,1,"2024-01-04","A",,
"99629eb3-7b79-4fd4-9dc1-f95f0e476df5","D01","HOPB","HOPB.AOS.S2","HOPB.SS.20240102.FIL","A00000160390","2024-01-02T15:54Z","2024-01-02T15:54Z","Illinois State Water Survey Central Analytical Laboratory",480.0,0.00380,1,"2024-01-04","B",,
"c31f8394-be23-432e-bc2a-240e80a6a826","D01","HOPB","HOPB.AOS.S2","HOPB.SS.20240102.FIL","A00000160390","2024-01-02T15:54Z","2024-01-02T15:54Z","Illinois State Water Survey Central Analytical Laboratory",272.0,0.06430,1,"2024-01-04","A",,
"50214679-e0ea-48aa-ac3f-de6d5ea80212","D01","HOPB","HOPB.AOS.S2","HOPB.SS.20240102.FIL","A00000160390","2024-01-02T15:54Z","2024-01-02T15:54Z","Illinois State Water Survey Central Analytical Laboratory",446.0,0.00520,1,"2024-01-04","B",,
"4b73ea38-3631-42c8-bee4-aa21b514359f","D01","HOPB","HOPB.AOS.S2","HOPB.SS.20240102.FIL","A00000160390","2024-01-02T15:54Z","2024-01-02T15:54Z","Illinois State Water Survey Central Analytical Laboratory",522.0,0.00260,1,"2024-01-04","A",,
"3c0d44dd-a6c0-43ad-bcc7-976b80b3117b","D01","HOPB","HOPB.AOS.S2","HOPB.SS.20240102.FIL","A00000160390","2024-01-02T15:54Z","2024-01-02T15:54Z","Illinois State Water Survey Central Analytical Laboratory",306.0,0.04190,1,"2024-01-04","B",,
"eb94636f-6af9-44a9-b336-84ba13535c93","D01","HOPB","HOPB.AOS.S2","HOPB.SS.20240102.FIL","A00000160390","2024-01-02T15:54Z","2024-01-02T15:54Z","Illinois State Water Survey Central Analytical Laboratory",576.0,0.00120,1,"2024-01-04","B",,
"d0cbb663-9ed9-49fe-991d-5168b9ed0068","D01","HOPB","HOPB.AOS.S2","HOPB.SS.20240102.FIL","A00000160390","2024-01-02T15:54Z","2024-01-02T15:54Z","Illinois State Water Survey Central Analytical Laboratory",438.0,0.00600,1,"2024-01-04","B",,
"b5784479-81e8-4f9e-a9dc-27efcb59913f","D01","HOPB","HOPB.AOS.S2","HOPB.SS.20240102.FIL","A00000160390","2024-01-02T15:54Z","2024-01-02T15:54Z","Illinois State Water Survey Central Analytical Laboratory",502.0,0.00350,1,"2024-01-04","A",,
"cee3d4cf-4bf6-402d-96bc-4e696892d42e","D01","HOPB","HOPB.AOS.S2","HOPB.SS.20240102.FIL","A00000160390","2024-01-02T15:54Z","2024-01-02T15:54Z","Illinois State Water Survey Central Analytical Laboratory",342.0,0.02570,1,"2024-01-04","B",,
"b934e22f-e377-41a1-b4ac-c73c54366f07","D01","HOPB","HOPB.AOS.S2","HOPB.SS.20240102.FIL","A00000160390","2024-01-02T15:54Z","2024-01-02T15:54Z","Illinois State Water Survey Central Analytical Laboratory",406.0,0.00980,1,"2024-01-04","A",,
"e80ef755-75a2-456c-90c9-3363bdac918c","D01","HOPB","HOPB.AOS.S2","HOPB.SS.20240102.FIL","A00000160390","2024-01-02T15:54Z","2024-01-02T15:54Z","Illinois State Water Survey Central Analytical Laboratory",336.0,0.02820,1,"2024-01-04","A",,
"0c053ee6-a99d-4017-8994-bcb047b9ecd8","D01","HOPB","HOPB.AOS.S2","HOPB.SS.20240102.FIL","A00000160390","2024-01-02T15:54Z","2024-01-02T15:54Z","Illinois State Water Survey Central Analytical Laboratory",258.0,0.07330,1,"2024-01-04","B",,
"e1b6940d-e483-47c0-a58e-4a3a8905950a","D01","HOPB","HOPB.AOS.S2","HOPB.SS.20240102.FIL","A00000160390","2024-01-02T15:54Z","2024-01-02T15:54Z","Illinois State Water Survey Central Analytical Laboratory",374.0,0.01560,1,"2024-01-04","B",,
"60e29465-ac1a-440d-be4f-d54cf105016b","D01","HOPB","HOPB.AOS.S2","HOPB.SS.20240102.FIL","A00000160390","2024-01-02T15:54Z","2024-01-02T15:54Z","Illinois State Water Survey Central Analytical Laboratory",242.0,0.08590,1,"2024-01-04","A",,
"db68f91b-3950-418c-815e-edd7d64269cc","D01","HOPB","HOPB.AOS.S2","HOPB.SS.20240102.FIL","A00000160390","2024-01-02T15:54Z","2024-01-02T15:54Z","Illinois State Water Survey Central Analytical Laboratory",294.0,0.04870,1,"2024-01-04","B",,
"2f815138-5d1b-4130-b468-db1d75e3d828","D01","HOPB","HOPB.AOS.S2","HOPB.SS.20240102.FIL","A00000160390","2024-01-02T15:54Z","2024-01-02T15:54Z","Illinois State Water Survey Central Analytical Laboratory",426.0,0.00700,1,"2024-01-04","B",,
"d2cffe1c-a5e8-4917-9b24-0f9a0fb0bac4","D01","HOPB","HOPB.AOS.S2","HOPB.SS.20240102.FIL","A00000160390","2024-01-02T15:54Z","2024-01-02T15:54Z","Illinois State Water Survey Central Analytical Laboratory",244.0,0.08410,1,"2024-01-04","B",,
"ef21c4ab-6040-4085-af48-2e9952f7e952","D01","HOPB","HOPB.AOS.S2","HOPB.SS.20240102.FIL","A00000160390","2024-01-02T15:54Z","2024-01-02T15:54Z","Illinois State Water Survey Central Analytical Laboratory",334.0,0.02890,1,"2024-01-04","A",,
"9e9ea1bd-cc12-4176-876a-05cf27e58f95","D01","HOPB","HOPB.AOS.S2","HOPB.SS.20240102.FIL","A00000160390","2024-01-02T15:54Z","2024-01-02T15:54Z","Illinois State Water Survey Central Analytical Laboratory",544.0,0.00230,1,"2024-01-04","A",,
"6f8ef589-d3ce-4b8a-9266-1a3570891ab1","D01","HOPB","HOPB.AOS.S2","HOPB.SS.20240102.FIL","A00000160390","2024-01-02T15:54Z","2024-01-02T15:54Z","Illinois State Water Survey Central Analytical Laboratory",394.0,0.01130,1,"2024-01-04","B",,
"0db87f17-7690-4a7b-b467-ca388f9a5747","D01","HOPB","HOPB.AOS.S2","HOPB.SS.20240102.FIL","A00000160390","2024-01-02T15:54Z","2024-01-02T15:54Z","Illinois State Water Survey Central Analytical Laboratory",378.0,0.01510,1,"2024-01-04","A",,
"08f89569-b76b-4767-a190-06b157940fc8","D01","HOPB","HOPB.AOS.S2","HOPB.SS.20240102.FIL","A00000160390","2024-01-02T15:54Z","2024-01-02T15:54Z","Illinois State Water Survey Central Analytical Laboratory",280.0,0.05860,1,"2024-01-04","B",,
"7efb5120-2f78-4781-a929-dbe890163198","D01","HOPB","HOPB.AOS.S2","HOPB.SS.20240102.FIL","A00000160390","2024-01-02T15:54Z","2024-01-02T15:54Z","Illinois State Water Survey Central Analytical Laboratory",468.0,0.00400,1,"2024-01-04","B",,
"74983190-a481-45b2-8195-76ebca226113","D01","HOPB","HOPB.AOS.S2","HOPB.SS.20240102.FIL","A00000160390","2024-01-02T15:54Z","2024-01-02T15:54Z","Illinois State Water Survey Central Analytical Laboratory",486.0,0.00410,1,"2024-01-04","A",,
"1d3b36d5-cc47-4e6a-809b-68655586854f","D01","HOPB","HOPB.AOS.S2","HOPB.SS.20240102.FIL","A00000160390","2024-01-02T15:54Z","2024-01-02T15:54Z","Illinois State Water Survey Central Analytical Laboratory",516.0,0.00240,1,"2024-01-04","B",,
"5d12b3dc-a21d-4bc5-b7f5-2525a8447ded","D01","HOPB","HOPB.AOS.S2","HOPB.SS.20240102.FIL","A00000160390","2024-01-02T15:54Z","2024-01-02T15:54Z","Illinois State Water Survey Central Analytical Laboratory",516.0,0.00300,1,"2024-01-04","A",,
"62fe61aa-3e9d-46c2-855a-7bc9a07b2856","D01","HOPB","HOPB.AOS.S2","HOPB.SS.20240102.FIL","A00000160390","2024-01-02T15:54Z","2024-01-02T15:54Z","Illinois State Water Survey Central Analytical Laboratory",584.0,0.00140,1,"2024-01-04","B",,
"ecae0a32-f70b-4cdd-9ca3-1f01802b2ff4","D01","HOPB","HOPB.AOS.S2","HOPB.SS.20240102.FIL","A00000160390","2024-01-02T15:54Z","2024-01-02T15:54Z","Illinois State Water Survey Central Analytical Laboratory",456.0,0.00430,1,"2024-01-04","B",,
"434d47d3-5d3d-4249-b583-da8e0685e6f7","D01","HOPB","HOPB.AOS.S2","HOPB.SS.20240102.FIL","A00000160390","2024-01-02T15:54Z","2024-01-02T15:54Z","Illinois State Water Survey Central Analytical Laboratory",306.0,0.04210,1,"2024-01-04","A",,
"d54cf9a2-0188-4958-85a6-c6d1d914de91","D01","HOPB","HOPB.AOS.S2","HOPB.SS.20240102.FIL","A00000160390","2024-01-02T15:54Z","2024-01-02T15:54Z","Illinois State Water Survey Central Analytical Laboratory",564.0,0.00200,1,"2024-01-04","A",,
"755859a5-fd9e-40c0-b414-7cd983124f07","D01","HOPB","HOPB.AOS.S2","HOPB.SS.20240102.FIL","A00000160390","2024-01-02T15:54Z","2024-01-02T15:54Z","Illinois State Water Survey Central Analytical Laboratory",550.0,0.00190,1,"2024-01-04","B",,
"45b6bd7c-3d70-47b3-aef8-f80e9215f921","D01","HOPB","HOPB.AOS.S2","HOPB.SS.20240102.FIL","A00000160390","2024-01-02T15:54Z","2024-01-02T15:54Z","Illinois State Water Survey Central Analytical Laboratory",420.0,0.00790,1,"2024-01-04","A",,
"8eb0e23a-b0ad-4a01-a71b-ec60d60fa963","D01","HOPB","HOPB.AOS.S2","HOPB.SS.20240102.FIL","A00000160390","2024-01-02T15:54Z","2024-01-02T15:54Z","Illinois State Water Survey Central Analytical Laboratory",576.0,0.00170,1,"2024-01-04","A",,
"c7b8a104-4511-49bf-bb0b-7ea79d54ff9b","D01","HOPB","HOPB.AOS.S2","HOPB.SS.20240102.FIL","A00000160390","2024-01-02T15:54Z","2024-01-02T15:54Z","Illinois State Water Survey Central Analytical Laboratory",260.0,0.07240,1,"2024-01-04","B",,
"a68c018a-524b-4f4b-9c29-7c9bccaed161","D01","HOPB","HOPB.AOS.S2","HOPB.SS.20240102.FIL","A00000160390","2024-01-02T15:54Z","2024-01-02T15:54Z","Illinois State Water Survey Central Analytical Laboratory",382.0,0.01380,1,"2024-01-04","B",,
"3dc957d2-922d-4bbb-a04f-80d054fac1f3","D01","HOPB","HOPB.AOS.S2","HOPB.SS.20240102.FIL","A00000160390","2024-01-02T15:54Z","2024-01-02T15:54Z","Illinois State Water Survey Central Analytical Laboratory",436.0,0.00650,1,"2024-01-04","A",,
"9632f705-5a5c-4fa8-ba7b-ac505c85e540","D01","HOPB","HOPB.AOS.S2","HOPB.SS.20240102.FIL","A00000160390","2024-01-02T15:54Z","2024-01-02T15:54Z","Illinois State Water Survey Central Analytical Laboratory",240.0,0.08820,1,"2024-01-04","B",,
"a44e8dd0-2dbb-4915-b6b6-1faf718c63b2","D01","HOPB","HOPB.AOS.S2","HOPB.SS.20240102.FIL","A00000160390","2024-01-02T15:54Z","2024-01-02T15:54Z","Illinois State Water Survey Central Analytical Laboratory",496.0,0.00340,1,"2024-01-04","A",,
"4abf2d44-6607-4dde-8f5f-6c6266d0a6d1","D01","HOPB","HOPB.AOS.S2","HOPB.SS.20240102.FIL","A00000160390","2024-01-02T15:54Z","2024-01-02T15:54Z","Illinois State Water Survey Central Analytical Laboratory",448.0,0.00510,1,"2024-01-04","B",,
"96d8d182-c73d-4886-8170-a1b69452b78c","D01","HOPB","HOPB.AOS.S2","HOPB.SS.20240102.FIL","A00000160390","2024-01-02T15:54Z","2024-01-02T15:54Z","Illinois State Water Survey Central Analytical Laboratory",230.0,0.10440,1,"2024-01-04","B",,
"a6bd50ed-188b-4da7-b97a-17fb4407031b","D01","HOPB","HOPB.AOS.S2","HOPB.SS.20240102.FIL","A00000160390","2024-01-02T15:54Z","2024-01-02T15:54Z","Illinois State Water Survey Central Analytical Laboratory",230.0,0.10460,1,"2024-01-04","A",,
"d99055e8-d9fe-46a5-9a86-ae5861ba16f7","D01","HOPB","HOPB.AOS.S2","HOPB.SS.20240102.FIL","A00000160390","2024-01-02T15:54Z","2024-01-02T15:54Z","Illinois State Water Survey Central Analytical Laboratory",236.0,0.09360,1,"2024-01-04","B",,
"114c8e3e-2d47-4d1e-9a98-e7f5805acfe5","D01","HOPB","HOPB.AOS.S2","HOPB.SS.20240102.FIL","A00000160390","2024-01-02T15:54Z","2024-01-02T15:54Z","Illinois State Water Survey Central Analytical Laboratory",532.0,0.00240,1,"2024-01-04","A",,
"c7d855cd-2a8a-4013-b3ee-e39337486866","D01","HOPB","HOPB.AOS.S2","HOPB.SS.20240102.FIL","A00000160390","2024-01-02T15:54Z","2024-01-02T15:54Z","Illinois State Water Survey Central Analytical Laboratory",284.0,0.05580,1,"2024-01-04","A",,
"af8efd85-afeb-4b1a-8204-7eac23e6a255","D01","HOPB","HOPB.AOS.S2","HOPB.SS.20240102.FIL","A00000160390","2024-01-02T15:54Z","2024-01-02T15:54Z","Illinois State Water Survey Central Analytical Laboratory",296.0,0.04740,1,"2024-01-04","B",,
"1c7beafe-023f-4086-8238-5b36b3593163","D01","HOPB","HOPB.AOS.S2","HOPB.SS.20240102.FIL","A00000160390","2024-01-02T15:54Z","2024-01-02T15:54Z","Illinois State Water Survey Central Analytical Laboratory",276.0,0.06140,1,"2024-01-04","B",,
"e89f9a99-2564-4c96-9aaa-3456f24239c8","D01","HOPB","HOPB.AOS.S2","HOPB.SS.20240102.FIL","A00000160390","2024-01-02T15:54Z","2024-01-02T15:54Z","Illinois State Water Survey Central Analytical Laboratory",508.0,0.00260,1,"2024-01-04","B",,
"9f6fb423-0774-44a1-8e0b-6393d6bee70f","D01","HOPB","HOPB.AOS.S2","HOPB.SS.20240102.FIL","A00000160390","2024-01-02T15:54Z","2024-01-02T15:54Z","Illinois State Water Survey Central Analytical Laboratory",498.0,0.00370,1,"2024-01-04","A",,
"00e62aae-1793-4c66-9724-100e85fd0cbd","D01","HOPB","HOPB.AOS.S2","HOPB.SS.20240102.FIL","A00000160390","2024-01-02T15:54Z","2024-01-02T15:54Z","Illinois State Water Survey Central Analytical Laboratory",492.0,0.00390,1,"2024-01-04","A",,
"53030d84-28e4-4ec5-b7f2-2b6fd6b930e3","D01","HOPB","HOPB.AOS.S2","HOPB.SS.20240102.FIL","A00000160390","2024-01-02T15:54Z","2024-01-02T15:54Z","Illinois State Water Survey Central Analytical Laboratory",238.0,0.09080,1,"2024-01-04","B",,
"2d2b1c89-17ef-4328-be84-765bfc97f267","D01","HOPB","HOPB.AOS.S2","HOPB.SS.20240102.FIL","A00000160390","2024-01-02T15:54Z","2024-01-02T15:54Z","Illinois State Water Survey Central Analytical Laboratory",494.0,0.00360,1,"2024-01-04","A",,
"4847d8ae-923b-4c6f-a02b-1a031d0c78fc","D01","HOPB","HOPB.AOS.S2","HOPB.SS.20240102.FIL","A00000160390","2024-01-02T15:54Z","2024-01-02T15:54Z","Illinois State Water Survey Central Analytical Laboratory",328.0,0.03160,1,"2024-01-04","A",,
"c8b31ac2-0d09-4b1f-b461-8d8b68748425","D01","HOPB","HOPB.AOS.S2","HOPB.SS.20240102.FIL","A00000160390","2024-01-02T15:54Z","2024-01-02T15:54Z","Illinois State Water Survey Central Analytical Laboratory",448.0,0.00540,1,"2024-01-04","A",,
"1e2bf3cc-1dfa-4a1a-beca-f60576cfb8ea","D01","HOPB","HOPB.AOS.S2","HOPB.SS.20240102.FIL","A00000160390","2024-01-02T15:54Z","2024-01-02T15:54Z","Illinois State Water Survey Central Analytical Laboratory",522.0,0.00240,1,"2024-01-04","B",,
"a54b513f-f5ef-4fb9-a10d-503c1dd953b0","D01","HOPB","HOPB.AOS.S2","HOPB.SS.20240102.FIL","A00000160390","2024-01-02T15:54Z","2024-01-02T15:54Z","Illinois State Water Survey Central Analytical Laboratory",380.0,0.01420,1,"2024-01-04","B",,
"b289d961-453a-4181-87b6-0a18fe930c19","D01","HOPB","HOPB.AOS.S2","HOPB.SS.20240102.FIL","A00000160390","2024-01-02T15:54Z","2024-01-02T15:54Z","Illinois State Water Survey Central Analytical Laboratory",264.0,0.06990,1,"2024-01-04","A",,
"6419579e-263a-44a5-8292-81240b3f21f9","D01","HOPB","HOPB.AOS.S2","HOPB.SS.20240102.FIL","A00000160390","2024-01-02T15:54Z","2024-01-02T15:54Z","Illinois State Water Survey Central Analytical Laboratory",372.0,0.01600,1,"2024-01-04","B",,
"1fc7fe9d-7ba1-4ae0-b5f7-c7903c3e185b","D01","HOPB","HOPB.AOS.S2","HOPB.SS.20240102.FIL","A00000160390","2024-01-02T15:54Z","2024-01-02T15:54Z","Illinois State Water Survey Central Analytical Laboratory",282.0,0.05720,1,"2024-01-04","A",,
"564fa842-d4de-40f8-af18-a9e7ec202ce2","D01","HOPB","HOPB.AOS.S2","HOPB.SS.20240102.FIL","A00000160390","2024-01-02T15:54Z","2024-01-02T15:54Z","Illinois State Water Survey Central Analytical Laboratory",340.0,0.02650,1,"2024-01-04","B",,
"9e9d7bf7-1141-4b30-8b5d-83112e35aa37","D01","HOPB","HOPB.AOS.S2","HOPB.SS.20240102.FIL","A00000160390","2024-01-02T15:54Z","2024-01-02T15:54Z","Illinois State Water Survey Central Analytical Laboratory",550.0,0.00210,1,"2024-01-04","A",,
"5e71d7bd-4b4c-444c-9442-ca2a99cb7278","D01","HOPB","HOPB.AOS.S2","HOPB.SS.20240102.FIL","A00000160390","2024-01-02T15:54Z","2024-01-02T15:54Z","Illinois State Water Survey Central Analytical Laboratory",418.0,0.00790,1,"2024-01-04","A",,
"f0e61e66-0333-43d7-9550-82e3d529bafe","D01","HOPB","HOPB.AOS.S2","HOPB.SS.20240102.FIL","A00000160390","2024-01-02T15:54Z","2024-01-02T15:54Z","Illinois State Water Survey Central Analytical Laboratory",354.0,0.02200,1,"2024-01-04","A",,
"ecde2357-dcb0-493d-8521-0b51e4f61a1a","D01","HOPB","HOPB.AOS.S2","HOPB.SS.20240102.FIL","A00000160390","2024-01-02T15:54Z","2024-01-02T15:54Z","Illinois State Water Survey Central Analytical Laboratory",316.0,0.03690,1,"2024-01-04","A",,
"4752115f-b47b-4336-bf02-a407a99ff458","D01","HOPB","HOPB.AOS.S2","HOPB.SS.20240102.FIL","A00000160390","2024-01-02T15:54Z","2024-01-02T15:54Z","Illinois State Water Survey Central Analytical Laboratory",520.0,0.00280,1,"2024-01-04","A",,
"fd5c4861-97d1-439d-bacf-31690350a4a1","D01","HOPB","HOPB.AOS.S2","HOPB.SS.20240102.FIL","A00000160390","2024-01-02T15:54Z","2024-01-02T15:54Z","Illinois State Water Survey Central Analytical Laboratory",232.0,0.10050,1,"2024-01-04","B",,
"38154f05-8fbc-4f72-9e63-01a3c5d1e268","D01","HOPB","HOPB.AOS.S2","HOPB.SS.20240102.FIL","A00000160390","2024-01-02T15:54Z","2024-01-02T15:54Z","Illinois State Water Survey Central Analytical Laboratory",300.0,0.04520,1,"2024-01-04","A",,
"6a2bd8c7-1824-4e5f-a72b-e317fbf90ff6","D01","HOPB","HOPB.AOS.S2","HOPB.SS.20240102.FIL","A00000160390","2024-01-02T15:54Z","2024-01-02T15:54Z","Illinois State Water Survey Central Analytical Laboratory",538.0,0.00200,1,"2024-01-04","B",,
"a8877311-157d-4d09-9610-ec6ec7c0b6a0","D01","HOPB","HOPB.AOS.S2","HOPB.SS.20240102.FIL","A00000160390","2024-01-02T15:54Z","2024-01-02T15:54Z","Illinois State Water Survey Central Analytical Laboratory",270.0,0.06560,1,"2024-01-04","A",,
"b7a3d52d-fb94-4446-9c5a-f3c93cc0d425","D01","HOPB","HOPB.AOS.S2","HOPB.SS.20240102.FIL","A00000160390","2024-01-02T15:54Z","2024-01-02T15:54Z","Illinois State Water Survey Central Analytical Laboratory",252.0,0.07750,1,"2024-01-04","B",,
"411dbb2b-8c81-4b95-b078-07c7249fac56","D01","HOPB","HOPB.AOS.S2","HOPB.SS.20240102.FIL","A00000160390","2024-01-02T15:54Z","2024-01-02T15:54Z","Illinois State Water Survey Central Analytical Laboratory",552.0,0.00170,1,"2024-01-04","B",,
"f8124246-6e78-4a94-b1cb-ebb117272973","D01","HOPB","HOPB.AOS.S2","HOPB.SS.20240102.FIL","A00000160390","2024-01-02T15:54Z","2024-01-02T15:54Z","Illinois State Water Survey Central Analytical Laboratory",430.0,0.00700,1,"2024-01-04","A",,
"15f81d2f-9fe8-4e7d-b8f1-81daa82705a3","D01","HOPB","HOPB.AOS.S2","HOPB.SS.20240102.FIL","A00000160390","2024-01-02T15:54Z","2024-01-02T15:54Z","Illinois State Water Survey Central Analytical Laboratory",484.0,0.00390,1,"2024-01-04","B",,
"d5470965-5c93-42e4-af92-c2c736cfa520","D01","HOPB","HOPB.AOS.S2","HOPB.SS.20240102.FIL","A00000160390","2024-01-02T15:54Z","2024-01-02T15:54Z","Illinois State Water Survey Central Analytical Laboratory",404.0,0.01030,1,"2024-01-04","A",,
"c0dd69ce-1cf7-42ff-824c-b96cbf83e330","D01","HOPB","HOPB.AOS.S2","HOPB.SS.20240102.FIL","A00000160390","2024-01-02T15:54Z","2024-01-02T15:54Z","Illinois State Water Survey Central Analytical Laboratory",572.0,0.00160,1,"2024-01-04","B",,
"1bce2814-5b6d-4693-83ac-ac1bc65d3bf3","D01","HOPB","HOPB.AOS.S2","HOPB.SS.20240102.FIL","A00000160390","2024-01-02T15:54Z","2024-01-02T15:54Z","Illinois State Water Survey Central Analytical Laboratory",250.0,0.07890,1,"2024-01-04","B",,
"9c55a32f-713e-49ef-87be-b08937c157ce","D01","HOPB","HOPB.AOS.S2","HOPB.SS.20240102.FIL","A00000160390","2024-01-02T15:54Z","2024-01-02T15:54Z","Illinois State Water Survey Central Analytical Laboratory",276.0,0.06160,1,"2024-01-04","A",,
"5a0e15a8-00d8-4830-a7bc-3c266bc02fc2","D01","HOPB","HOPB.AOS.S2","HOPB.SS.20240102.FIL","A00000160390","2024-01-02T15:54Z","2024-01-02T15:54Z","Illinois State Water Survey Central Analytical Laboratory",426.0,0.00730,1,"2024-01-04","A",,
"61ea1b27-7e4a-4ddc-b899-37b7eb7e51a8","D01","HOPB","HOPB.AOS.S2","HOPB.SS.20240102.FIL","A00000160390","2024-01-02T15:54Z","2024-01-02T15:54Z","Illinois State Water Survey Central Analytical Laboratory",350.0,0.02280,1,"2024-01-04","B",,
"b20f6b42-2ed2-488b-bd98-16ddc626743f","D01","HOPB","HOPB.AOS.S2","HOPB.SS.20240102.FIL","A00000160390","2024-01-02T15:54Z","2024-01-02T15:54Z","Illinois State Water Survey Central Analytical Laboratory",530.0,0.00250,1,"2024-01-04","A",,
"1e0741d3-5e36-4274-98ef-9e61419ac18b","D01","HOPB","HOPB.AOS.S2","HOPB.SS.20240102.FIL","A00000160390","2024-01-02T15:54Z","2024-01-02T15:54Z","Illinois State Water Survey Central Analytical Laboratory",458.0,0.00420,1,"2024-01-04","B",,
"bbfce933-2a16-4290-999f-fd958435fd82","D01","HOPB","HOPB.AOS.S2","HOPB.SS.20240102.FIL","A00000160390","2024-01-02T15:54Z","2024-01-02T15:54Z","Illinois State Water Survey Central Analytical Laboratory",376.0,0.01540,1,"2024-01-04","A",,
"73c9e157-4392-4a6a-9733-60a07dee2291","D01","HOPB","HOPB.AOS.S2","HOPB.SS.20240102.FIL","A00000160390","2024-01-02T15:54Z","2024-01-02T15:54Z","Illinois State Water Survey Central Analytical Laboratory",256.0,0.07450,1,"2024-01-04","A",,
"a9768911-047f-4929-8a22-4287ec849959","D01","HOPB","HOPB.AOS.S2","HOPB.SS.20240102.FIL","A00000160390","2024-01-02T15:54Z","2024-01-02T15:54Z","Illinois State Water Survey Central Analytical Laboratory",542.0,0.00270,1,"2024-01-04","A",,
"8216cca3-69bd-485a-8c36-937eb23e9d72","D01","HOPB","HOPB.AOS.S2","HOPB.SS.20240102.FIL","A00000160390","2024-01-02T15:54Z","2024-01-02T15:54Z","Illinois State Water Survey Central Analytical Laboratory",352.0,0.02210,1,"2024-01-04","B",,
"075468b3-0e7d-41ec-960f-bc4e03997193","D01","HOPB","HOPB.AOS.S2","HOPB.SS.20240102.FIL","A00000160390","2024-01-02T15:54Z","2024-01-02T15:54Z","Illinois State Water Survey Central Analytical Laboratory",566.0,0.00190,1,"2024-01-04","A",,
"4631d7d0-efd7-43f9-bd17-d1b96cd906fb","D01","HOPB","HOPB.AOS.S2","HOPB.SS.20240102.FIL","A00000160390","2024-01-02T15:54Z","2024-01-02T15:54Z","Illinois State Water Survey Central Analytical Laboratory",444.0,0.00540,1,"2024-01-04","B",,
"b0311378-8396-4968-a660-d7186f2126fc","D01","HOPB","HOPB.AOS.S2","HOPB.SS.20240102.FIL","A00000160390","2024-01-02T15:54Z","2024-01-02T15:54Z","Illinois State Water Survey Central Analytical Laboratory",534.0,0.00200,1,"2024-01-04","B",,
"383e273c-21b1-46a2-b1e3-3235e100b611","D01","HOPB","HOPB.AOS.S2","HOPB.SS.20240102.FIL","A00000160390","2024-01-02T15:54Z","2024-01-02T15:54Z","Illinois State Water Survey Central Analytical Laboratory",372.0,0.01620,1,"2024-01-04","A",,
"58913f53-a5d8-4d85-9223-f5d4b4465207","D01","HOPB","HOPB.AOS.S2","HOPB.SS.20240102.FIL","A00000160390","2024-01-02T15:54Z","2024-01-02T15:54Z","Illinois State Water Survey Central Analytical Laboratory",584.0,0.00140,1,"2024-01-04","A",,
"9b3c00bc-ecc9-4e30-ad41-d0c7c0f33948","D01","HOPB","HOPB.AOS.S2","HOPB.SS.20240102.FIL","A00000160390","2024-01-02T15:54Z","2024-01-02T15:54Z","Illinois State Water Survey Central Analytical Laboratory",314.0,0.03760,1,"2024-01-04","B",,
"db13e171-ff06-44da-9210-9b9bd288de73","D01","HOPB","HOPB.AOS.S2","HOPB.SS.20240102.FIL","A00000160390","2024-01-02T15:54Z","2024-01-02T15:54Z","Illinois State Water Survey Central Analytical Laboratory",484.0,0.00430,1,"2024-01-04","A",,
"222e3e67-6189-431b-95b3-515813565d28","D01","HOPB","HOPB.AOS.S2","HOPB.SS.20240102.FIL","A00000160390","2024-01-02T15:54Z","2024-01-02T15:54Z","Illinois State Water Survey Central Analytical Laboratory",376.0,0.01530,1,"2024-01-04","B",,
"77cc8ed7-abc2-47fa-aba7-43a9ae2bf71b","D01","HOPB","HOPB.AOS.S2","HOPB.SS.20240102.FIL","A00000160390","2024-01-02T15:54Z","2024-01-02T15:54Z","Illinois State Water Survey Central Analytical Laboratory",332.0,0.02950,1,"2024-01-04","B",,
"4817f711-60c5-4765-b31d-2f2802af4bb1","D01","HOPB","HOPB.AOS.S2","HOPB.SS.20240102.FIL","A00000160390","2024-01-02T15:54Z","2024-01-02T15:54Z","Illinois State Water Survey Central Analytical Laboratory",268.0,0.06710,1,"2024-01-04","B",,
"46417e5e-1d98-43a5-ab90-3ccd08593d2f","D01","HOPB","HOPB.AOS.S2","HOPB.SS.20240102.FIL","A00000160390","2024-01-02T15:54Z","2024-01-02T15:54Z","Illinois State Water Survey Central Analytical Laboratory",316.0,0.03680,1,"2024-01-04","B",,
"1dc42eec-fdf6-4505-89eb-a51e22d506ff","D01","HOPB","HOPB.AOS.S2","HOPB.SS.20240102.FIL","A00000160390","2024-01-02T15:54Z","2024-01-02T15:54Z","Illinois State Water Survey Central Analytical Laboratory",344.0,0.02490,1,"2024-01-04","B",,
"25fa3646-3b9e-4a78-ab82-466850f260b6","D01","HOPB","HOPB.AOS.S2","HOPB.SS.20240102.FIL","A00000160390","2024-01-02T15:54Z","2024-01-02T15:54Z","Illinois State Water Survey Central Analytical Laboratory",424.0,0.00740,1,"2024-01-04","A",,
"ccf0b82d-67eb-4583-8c97-d8ab97be38ef","D01","HOPB","HOPB.AOS.S2","HOPB.SS.20240102.FIL","A00000160390","2024-01-02T15:54Z","2024-01-02T15:54Z","Illinois State Water Survey Central Analytical Laboratory",502.0,0.00290,1,"2024-01-04","B",,
"16c2a5cf-ddbd-4813-b93a-8ab4ba2e50da","D01","HOPB","HOPB.AOS.S2","HOPB.SS.20240102.FIL","A00000160390","2024-01-02T15:54Z","2024-01-02T15:54Z","Illinois State Water Survey Central Analytical Laboratory",450.0,0.00480,1,"2024-01-04","B",,
"8def96ea-05f8-4b78-9758-5de673688907","D01","HOPB","HOPB.AOS.S2","HOPB.SS.20240102.FIL","A00000160390","2024-01-02T15:54Z","2024-01-02T15:54Z","Illinois State Water Survey Central Analytical Laboratory",414.0,0.00760,1,"2024-01-04","B",,
"12f4681e-9f48-4bd7-9eb3-2586d4fcbdfe","D01","HOPB","HOPB.AOS.S2","HOPB.SS.20240102.FIL","A00000160390","2024-01-02T15:54Z","2024-01-02T15:54Z","Illinois State Water Survey Central Analytical Laboratory",224.0,0.11790,1,"2024-01-04","A",,
"904b210d-324e-4d0a-a0f2-f137705e86b2","D01","HOPB","HOPB.AOS.S2","HOPB.SS.20240102.FIL","A00000160390","2024-01-02T15:54Z","2024-01-02T15:54Z","Illinois State Water Survey Central Analytical Laboratory",382.0,0.01380,1,"2024-01-04","A",,
"69872423-c0c3-461c-af27-4566d1e21541","D01","HOPB","HOPB.AOS.S2","HOPB.SS.20240102.FIL","A00000160390","2024-01-02T15:54Z","2024-01-02T15:54Z","Illinois State Water Survey Central Analytical Laboratory",274.0,0.06300,1,"2024-01-04","B",,
"a0e34540-53ad-44b6-9634-59bcf1bcffca","D01","HOPB","HOPB.AOS.S2","HOPB.SS.20240102.FIL","A00000160390","2024-01-02T15:54Z","2024-01-02T15:54Z","Illinois State Water Survey Central Analytical Laboratory",560.0,0.00210,1,"2024-01-04","A",,
"3ae01e2f-af94-4e25-bb00-ac4c23907e21","D01","HOPB","HOPB.AOS.S2","HOPB.SS.20240102.FIL","A00000160390","2024-01-02T15:54Z","2024-01-02T15:54Z","Illinois State Water Survey Central Analytical Laboratory",588.0,0.00160,1,"2024-01-04","B",,
"f1f2b993-1a02-4618-adc4-bcc70ee2541a","D01","HOPB","HOPB.AOS.S2","HOPB.SS.20240102.FIL","A00000160390","2024-01-02T15:54Z","2024-01-02T15:54Z","Illinois State Water Survey Central Analytical Laboratory",228.0,0.10760,1,"2024-01-04","B",,
"8f9b327b-dc1e-49e5-a673-ef799d3ce843","D01","HOPB","HOPB.AOS.S2","HOPB.SS.20240102.FIL","A00000160390","2024-01-02T15:54Z","2024-01-02T15:54Z","Illinois State Water Survey Central Analytical Laboratory",274.0,0.06310,1,"2024-01-04","A",,
"af616f26-8606-469e-a811-ca6f5b83569d","D01","HOPB","HOPB.AOS.S2","HOPB.SS.20240102.FIL","A00000160390","2024-01-02T15:54Z","2024-01-02T15:54Z","Illinois State Water Survey Central Analytical Laboratory",358.0,0.02060,1,"2024-01-04","A",,
"e4f15100-39f4-41e6-bd2f-2517e558b3a8","D01","HOPB","HOPB.AOS.S2","HOPB.SS.20240102.FIL","A00000160390","2024-01-02T15:54Z","2024-01-02T15:54Z","Illinois State Water Survey Central Analytical Laboratory",318.0,0.03600,1,"2024-01-04","B",,
"12b7bc68-bffd-42ca-ab16-61f7e10ad660","D01","HOPB","HOPB.AOS.S2","HOPB.SS.20240102.FIL","A00000160390","2024-01-02T15:54Z","2024-01-02T15:54Z","Illinois State Water Survey Central Analytical Laboratory",444.0,0.00580,1,"2024-01-04","A",,
"f65cb2aa-24b0-4687-b754-f9149602e0da","D01","HOPB","HOPB.AOS.S2","HOPB.SS.20240102.FIL","A00000160390","2024-01-02T15:54Z","2024-01-02T15:54Z","Illinois State Water Survey Central Analytical Laboratory",408.0,0.00910,1,"2024-01-04","B",,
"29c1c7ad-a096-4776-b953-a822e426dc76","D01","HOPB","HOPB.AOS.S2","HOPB.SS.20240102.FIL","A00000160390","2024-01-02T15:54Z","2024-01-02T15:54Z","Illinois State Water Survey Central Analytical Laboratory",582.0,0.00140,1,"2024-01-04","B",,
"f2ce725d-435e-4641-8fc9-4aa6bc8987cb","D01","HOPB","HOPB.AOS.S2","HOPB.SS.20240102.FIL","A00000160390","2024-01-02T15:54Z","2024-01-02T15:54Z","Illinois State Water Survey Central Analytical Laboratory",290.0,0.05160,1,"2024-01-04","A",,
"0215719a-b825-4923-809f-ae10cca30f74","D01","HOPB","HOPB.AOS.S2","HOPB.SS.20240102.FIL","A00000160390","2024-01-02T15:54Z","2024-01-02T15:54Z","Illinois State Water Survey Central Analytical Laboratory",530.0,0.00200,1,"2024-01-04","B",,
"ac91e33e-bd20-44c0-8b9e-445a6adf6016","D01","HOPB","HOPB.AOS.S2","HOPB.SS.20240102.FIL","A00000160390","2024-01-02T15:54Z","2024-01-02T15:54Z","Illinois State Water Survey Central Analytical Laboratory",324.0,0.03310,1,"2024-01-04","B",,
"93f1a40f-cf54-4345-9094-dc6732ad9599","D01","HOPB","HOPB.AOS.S2","HOPB.SS.20240102.FIL","A00000160390","2024-01-02T15:54Z","2024-01-02T15:54Z","Illinois State Water Survey Central Analytical Laboratory",446.0,0.00550,1,"2024-01-04","A",,
"41283fe8-a13e-4ac0-96dd-0a0de5d5c0a3","D01","HOPB","HOPB.AOS.S2","HOPB.SS.20240102.FIL","A00000160390","2024-01-02T15:54Z","2024-01-02T15:54Z","Illinois State Water Survey Central Analytical Laboratory",222.0,0.12350,1,"2024-01-04","B",,
"dbf1c49b-b0b8-4cbb-aa41-bf756f9bea85","D01","HOPB","HOPB.AOS.S2","HOPB.SS.20240102.FIL","A00000160390","2024-01-02T15:54Z","2024-01-02T15:54Z","Illinois State Water Survey Central Analytical Laboratory",508.0,0.00320,1,"2024-01-04","A",,
"10128ac7-6610-4606-a268-c0864c7364ec","D01","HOPB","HOPB.AOS.S2","HOPB.SS.20240102.FIL","A00000160390","2024-01-02T15:54Z","2024-01-02T15:54Z","Illinois State Water Survey Central Analytical Laboratory",494.0,0.00310,1,"2024-01-04","B",,
"e874eca9-c70b-431a-902d-c4034f81c3a3","D01","HOPB","HOPB.AOS.S2","HOPB.SS.20240102.FIL","A00000160390","2024-01-02T15:54Z","2024-01-02T15:54Z","Illinois State Water Survey Central Analytical Laboratory",352.0,0.02230,1,"2024-01-04","A",,
"8f42cfdc-3b51-4231-bd1f-9c3d37c88b30","D01","HOPB","HOPB.AOS.S2","HOPB.SS.20240102.FIL","A00000160390","2024-01-02T15:54Z","2024-01-02T15:54Z","Illinois State Water Survey Central Analytical Laboratory",292.0,0.05020,1,"2024-01-04","A",,
"6efdf04e-de23-4aed-8c99-0d42155bcb50","D01","HOPB","HOPB.AOS.S2","HOPB.SS.20240102.FIL","A00000160390","2024-01-02T15:54Z","2024-01-02T15:54Z","Illinois State Water Survey Central Analytical Laboratory",542.0,0.00200,1,"2024-01-04","B",,
"cabbb109-77ea-4660-a3e1-7a830b472f48","D01","HOPB","HOPB.AOS.S2","HOPB.SS.20240102.FIL","A00000160390","2024-01-02T15:54Z","2024-01-02T15:54Z","Illinois State Water Survey Central Analytical Laboratory",302.0,0.04410,1,"2024-01-04","B",,
"52fb2da4-98a1-4679-86a9-d3edd72c5dfd","D01","HOPB","HOPB.AOS.S2","HOPB.SS.20240102.FIL","A00000160390","2024-01-02T15:54Z","2024-01-02T15:54Z","Illinois State Water Survey Central Analytical Laboratory",432.0,0.00630,1,"2024-01-04","B",,
"4e5b0ea2-1975-4f1d-8cc5-7a9f89fcce58","D01","HOPB","HOPB.AOS.S2","HOPB.SS.20240102.FIL","A00000160390","2024-01-02T15:54Z","2024-01-02T15:54Z","Illinois State Water Survey Central Analytical Laboratory",546.0,0.00190,1,"2024-01-04","B",,
"2413ca7e-b39a-41aa-aa93-49bb28d2d669","D01","HOPB","HOPB.AOS.S2","HOPB.SS.20240102.FIL","A00000160390","2024-01-02T15:54Z","2024-01-02T15:54Z","Illinois State Water Survey Central Analytical Laboratory",434.0,0.00660,1,"2024-01-04","A",,
"6c644410-636b-414f-91df-3de77e171318","D01","HOPB","HOPB.AOS.S2","HOPB.SS.20240102.FIL","A00000160390","2024-01-02T15:54Z","2024-01-02T15:54Z","Illinois State Water Survey Central Analytical Laboratory",250.0,0.07910,1,"2024-01-04","A",,
"e5260255-b032-4396-8e02-1411523764eb","D01","HOPB","HOPB.AOS.S2","HOPB.SS.20240102.FIL","A00000160390","2024-01-02T15:54Z","2024-01-02T15:54Z","Illinois State Water Survey Central Analytical Laboratory",366.0,0.01820,1,"2024-01-04","A",,
"b6b13fb6-927c-4d70-a75f-5b433d13dea1","D01","HOPB","HOPB.AOS.S2","HOPB.SS.20240102.FIL","A00000160390","2024-01-02T15:54Z","2024-01-02T15:54Z","Illinois State Water Survey Central Analytical Laboratory",592.0,0.00160,1,"2024-01-04","A",,
"ef448cc5-371a-420f-b494-a8325294f00f","D01","HOPB","HOPB.AOS.S2","HOPB.SS.20240102.FIL","A00000160390","2024-01-02T15:54Z","2024-01-02T15:54Z","Illinois State Water Survey Central Analytical Laboratory",572.0,0.00200,1,"2024-01-04","A",,
"bd97644d-328e-4e90-a4b9-adaa16152881","D01","HOPB","HOPB.AOS.S2","HOPB.SS.20240102.FIL","A00000160390","2024-01-02T15:54Z","2024-01-02T15:54Z","Illinois State Water Survey Central Analytical Laboratory",556.0,0.00170,1,"2024-01-04","B",,
"7c53a7a9-2852-4905-8b9a-59bf7de45b9f","D01","HOPB","HOPB.AOS.S2","HOPB.SS.20240102.FIL","A00000160390","2024-01-02T15:54Z","2024-01-02T15:54Z","Illinois State Water Survey Central Analytical Laboratory",472.0,0.00430,1,"2024-01-04","A",,
"604c3443-1d83-4c5d-8992-ac0717bb2a48","D01","HOPB","HOPB.AOS.S2","HOPB.SS.20240102.FIL","A00000160390","2024-01-02T15:54Z","2024-01-02T15:54Z","Illinois State Water Survey Central Analytical Laboratory",420.0,0.00750,1,"2024-01-04","B",,
"124d5045-9586-4e82-9a11-40a1ec065dc7","D01","HOPB","HOPB.AOS.S2","HOPB.SS.20240102.FIL","A00000160390","2024-01-02T15:54Z","2024-01-02T15:54Z","Illinois State Water Survey Central Analytical Laboratory",490.0,0.00380,1,"2024-01-04","A",,
"40cccc68-f6f2-4ce7-b932-e6c6894d3900","D01","HOPB","HOPB.AOS.S2","HOPB.SS.20240102.FIL","A00000160390","2024-01-02T15:54Z","2024-01-02T15:54Z","Illinois State Water Survey Central Analytical Laboratory",454.0,0.00480,1,"2024-01-04","A",,
"a0babd06-82d6-4adb-97f4-2a7e56e2ccf2","D01","HOPB","HOPB.AOS.S2","HOPB.SS.20240102.FIL","A00000160390","2024-01-02T15:54Z","2024-01-02T15:54Z","Illinois State Water Survey Central Analytical Laboratory",328.0,0.03140,1,"2024-01-04","B",,
"42282781-cb83-4184-ba27-c252bec0c548","D01","HOPB","HOPB.AOS.S2","HOPB.SS.20240102.FIL","A00000160390","2024-01-02T15:54Z","2024-01-02T15:54Z","Illinois State Water Survey Central Analytical Laboratory",396.0,0.01120,1,"2024-01-04","A",,
"c40dc03e-a024-45f4-bb3c-7e9877dc7708","D01","HOPB","HOPB.AOS.S2","HOPB.SS.20240102.FIL","A00000160390","2024-01-02T15:54Z","2024-01-02T15:54Z","Illinois State Water Survey Central Analytical Laboratory",506.0,0.00280,1,"2024-01-04","B",,
"db5d3e24-1317-4b0d-838c-d7a83c598c3a","D01","HOPB","HOPB.AOS.S2","HOPB.SS.20240102.FIL","A00000160390","2024-01-02T15:54Z","2024-01-02T15:54Z","Illinois State Water Survey Central Analytical Laboratory",398.0,0.01070,1,"2024-01-04","B",,
"26232001-9458-441a-bb95-8e3fe713b13a","D01","HOPB","HOPB.AOS.S2","HOPB.SS.20240102.FIL","A00000160390","2024-01-02T15:54Z","2024-01-02T15:54Z","Illinois State Water Survey Central Analytical Laboratory",434.0,0.00640,1,"2024-01-04","B",,
"e4a022a7-bb3c-4950-863e-a67a18f81ecd","D01","HOPB","HOPB.AOS.S2","HOPB.SS.20240102.FIL","A00000160390","2024-01-02T15:54Z","2024-01-02T15:54Z","Illinois State Water Survey Central Analytical Laboratory",504.0,0.00330,1,"2024-01-04","A",,
"e20e0895-b0b3-47e3-9f8d-8e536c55145a","D01","HOPB","HOPB.AOS.S2","HOPB.SS.20240102.FIL","A00000160390","2024-01-02T15:54Z","2024-01-02T15:54Z","Illinois State Water Survey Central Analytical Laboratory",378.0,0.01490,1,"2024-01-04","B",,
"2d7c5500-de74-46f9-aec9-65deecfb20d2","D01","HOPB","HOPB.AOS.S2","HOPB.SS.20240102.FIL","A00000160390","2024-01-02T15:54Z","2024-01-02T15:54Z","Illinois State Water Survey Central Analytical Laboratory",272.0,0.06410,1,"2024-01-04","B",,
"9f7627ab-9d70-4684-9096-54820e5b6dfd","D01","HOPB","HOPB.AOS.S2","HOPB.SS.20240102.FIL","A00000160390","2024-01-02T15:54Z","2024-01-02T15:54Z","Illinois State Water Survey Central Analytical Laboratory",586.0,0.00140,1,"2024-01-04","A",,
"d6f1c32b-fb1a-4068-b7a2-c56e03195a27","D01","HOPB","HOPB.AOS.S2","HOPB.SS.20240102.FIL","A00000160390","2024-01-02T15:54Z","2024-01-02T15:54Z","Illinois State Water Survey Central Analytical Laboratory",298.0,0.04630,1,"2024-01-04","A",,
"4ce5cf66-33a4-4e53-a774-50d779c2dd0e","D01","HOPB","HOPB.AOS.S2","HOPB.SS.20240102.FIL","A00000160390","2024-01-02T15:54Z","2024-01-02T15:54Z","Illinois State Water Survey Central Analytical Laboratory",266.0,0.06830,1,"2024-01-04","B",,
"7afdb5b1-4c2a-4569-b2f8-901172773b79","D01","HOPB","HOPB.AOS.S2","HOPB.SS.20240102.FIL","A00000160390","2024-01-02T15:54Z","2024-01-02T15:54Z","Illinois State Water Survey Central Analytical Laboratory",578.0,0.00130,1,"2024-01-04","B",,
"cdb90363-69ba-4a40-9cea-4ed7f95c3061","D01","HOPB","HOPB.AOS.S2","HOPB.SS.20240102.FIL","A00000160390","2024-01-02T15:54Z","2024-01-02T15:54Z","Illinois State Water Survey Central Analytical Laboratory",528.0,0.00240,1,"2024-01-04","B",,
"73218bbe-244e-4d59-ab03-ce76f15e7a61","D01","HOPB","HOPB.AOS.S2","HOPB.SS.20240102.FIL","A00000160390","2024-01-02T15:54Z","2024-01-02T15:54Z","Illinois State Water Survey Central Analytical Laboratory",418.0,0.00770,1,"2024-01-04","B",,
"76305e72-4d7b-48b9-8032-01a60c45adaa","D01","HOPB","HOPB.AOS.S2","HOPB.SS.20240102.FIL","A00000160390","2024-01-02T15:54Z","2024-01-02T15:54Z","Illinois State Water Survey Central Analytical Laboratory",456.0,0.00470,1,"2024-01-04","A",,
"310f9c07-cb09-41ab-89e8-d64673eddaf2","D01","HOPB","HOPB.AOS.S2","HOPB.SS.20240102.FIL","A00000160390","2024-01-02T15:54Z","2024-01-02T15:54Z","Illinois State Water Survey Central Analytical Laboratory",368.0,0.01720,1,"2024-01-04","B",,
"cf7fa5b6-01f8-4ad0-b0d1-b68c31926061","D01","HOPB","HOPB.AOS.S2","HOPB.SS.20240102.FIL","A00000160390","2024-01-02T15:54Z","2024-01-02T15:54Z","Illinois State Water Survey Central Analytical Laboratory",548.0,0.00160,1,"2024-01-04","B",,
"dee937d0-b9ba-4f51-a141-be126858e9dd","D01","HOPB","HOPB.AOS.S2","HOPB.SS.20240102.FIL","A00000160390","2024-01-02T15:54Z","2024-01-02T15:54Z","Illinois State Water Survey Central Analytical Laboratory",224.0,0.11780,1,"2024-01-04","B",,
"32e083e0-d3ea-43b8-83d6-a72c73fa7011","D01","HOPB","HOPB.AOS.S2","HOPB.SS.20240102.FIL","A00000160390","2024-01-02T15:54Z","2024-01-02T15:54Z","Illinois State Water Survey Central Analytical Laboratory",510.0,0.00250,1,"2024-01-04","B",,
"9e7aecea-f33b-4e38-9a0c-45c833033f1e","D01","HOPB","HOPB.AOS.S2","HOPB.SS.20240102.FIL","A00000160390","2024-01-02T15:54Z","2024-01-02T15:54Z","Illinois State Water Survey Central Analytical Laboratory",596.0,0.00110,1,"2024-01-04","B",,
"4783e0b4-3988-46a7-a02c-fc85f8664268","D01","HOPB","HOPB.AOS.S2","HOPB.SS.20240102.FIL","A00000160390","2024-01-02T15:54Z","2024-01-02T15:54Z","Illinois State Water Survey Central Analytical Laboratory",290.0,0.05150,1,"2024-01-04","B",,
"f0d843e9-b8a2-4865-97e7-7bc1c18d0f6d","D01","HOPB","HOPB.AOS.S2","HOPB.SS.20240102.FIL","A00000160390","2024-01-02T15:54Z","2024-01-02T15:54Z","Illinois State Water Survey Central Analytical Laboratory",464.0,0.00440,1,"2024-01-04","A",,
"be50658d-6efe-48f5-a3d1-a0cd19e9d7d1","D01","HOPB","HOPB.AOS.S2","HOPB.SS.20240102.FIL","A00000160390","2024-01-02T15:54Z","2024-01-02T15:54Z","Illinois State Water Survey Central Analytical Laboratory",364.0,0.01860,1,"2024-01-04","B",,
"fe8aedf1-1df4-4449-b6b7-16b9dab9d46b","D01","HOPB","HOPB.AOS.S2","HOPB.SS.20240102.FIL","A00000160390","2024-01-02T15:54Z","2024-01-02T15:54Z","Illinois State Water Survey Central Analytical Laboratory",466.0,0.00400,1,"2024-01-04","B",,
"da3e4ef4-9e68-4efe-b275-2da9fe9b6296","D01","HOPB","HOPB.AOS.S2","HOPB.SS.20240102.FIL","A00000160390","2024-01-02T15:54Z","2024-01-02T15:54Z","Illinois State Water Survey Central Analytical Laboratory",430.0,0.00680,1,"2024-01-04","B",,
"fc5418e6-6b68-4e28-94e7-54a2e5ad30c3","D01","HOPB","HOPB.AOS.S2","HOPB.SS.20240102.FIL","A00000160390","2024-01-02T15:54Z","2024-01-02T15:54Z","Illinois State Water Survey Central Analytical Laboratory",326.0,0.03220,1,"2024-01-04","B",,
"59ab8fee-fe3d-4233-baf5-e2858a011756","D01","HOPB","HOPB.AOS.S2","HOPB.SS.20240102.FIL","A00000160390","2024-01-02T15:54Z","2024-01-02T15:54Z","Illinois State Water Survey Central Analytical Laboratory",282.0,0.05710,1,"2024-01-04","B",,
"841243ec-4cbb-4de0-85e9-6406d647ac85","D01","HOPB","HOPB.AOS.S2","HOPB.SS.20240102.FIL","A00000160390","2024-01-02T15:54Z","2024-01-02T15:54Z","Illinois State Water Survey Central Analytical Laboratory",582.0,0.00160,1,"2024-01-04","A",,
"acdbbf79-d5f5-442e-88f2-0fdf4958d8f5","D01","HOPB","HOPB.AOS.S2","HOPB.SS.20240102.FIL","A00000160390","2024-01-02T15:54Z","2024-01-02T15:54Z","Illinois State Water Survey Central Analytical Laboratory",562.0,0.00150,1,"2024-01-04","B",,
"89d4fc05-f2cd-4754-bc27-cc47d5345071","D01","HOPB","HOPB.AOS.S2","HOPB.SS.20240102.FIL","A00000160390","2024-01-02T15:54Z","2024-01-02T15:54Z","Illinois State Water Survey Central Analytical Laboratory",440.0,0.00640,1,"2024-01-04","A",,
"a3b2e270-04fd-4b95-8cbe-539cdf881888","D01","HOPB","HOPB.AOS.S2","HOPB.SS.20240102.FIL","A00000160390","2024-01-02T15:54Z","2024-01-02T15:54Z","Illinois State Water Survey Central Analytical Laboratory",472.0,0.00390,1,"2024-01-04","B",,
"79db4109-9d05-44c9-86ea-5b2d0b2260bf","D01","HOPB","HOPB.AOS.S2","HOPB.SS.20240102.FIL","A00000160390","2024-01-02T15:54Z","2024-01-02T15:54Z","Illinois State Water Survey Central Analytical Laboratory",578.0,0.00190,1,"2024-01-04","A",,
"45a05712-93e4-4b05-a544-1808d2024b32","D01","HOPB","HOPB.AOS.S2","HOPB.SS.20240102.FIL","A00000160390","2024-01-02T15:54Z","2024-01-02T15:54Z","Illinois State Water Survey Central Analytical Laboratory",330.0,0.03030,1,"2024-01-04","B",,
"c550ca29-2827-4128-a502-c9e22756d2fb","D01","HOPB","HOPB.AOS.S2","HOPB.SS.20240102.FIL","A00000160390","2024-01-02T15:54Z","2024-01-02T15:54Z","Illinois State Water Survey Central Analytical Laboratory",312.0,0.03880,1,"2024-01-04","B",,
"ff2dcc4e-c114-4db7-b041-25d9c3eb430c","D01","HOPB","HOPB.AOS.S2","HOPB.SS.20240102.FIL","A00000160390","2024-01-02T15:54Z","2024-01-02T15:54Z","Illinois State Water Survey Central Analytical Laboratory",574.0,0.00200,1,"2024-01-04","A",,
"c8b18e54-a0f3-4817-9a94-a2848e5ab366","D01","HOPB","HOPB.AOS.S2","HOPB.SS.20240102.FIL","A00000160390","2024-01-02T15:54Z","2024-01-02T15:54Z","Illinois State Water Survey Central Analytical Laboratory",410.0,0.00910,1,"2024-01-04","A",,
"10e3fa68-34e4-4eb9-84bf-fb097e7cafcd","D01","HOPB","HOPB.AOS.S2","HOPB.SS.20240102.FIL","A00000160390","2024-01-02T15:54Z","2024-01-02T15:54Z","Illinois State Water Survey Central Analytical Laboratory",242.0,0.08580,1,"2024-01-04","B",,
"d6e9b01c-af58-407d-a243-2955c9648375","D01","HOPB","HOPB.AOS.S2","HOPB.SS.20240102.FIL","A00000160390","2024-01-02T15:54Z","2024-01-02T15:54Z","Illinois State Water Survey Central Analytical Laboratory",330.0,0.03040,1,"2024-01-04","A",,
"8674d644-5d0a-4506-bb6b-91f862d48c69","D01","HOPB","HOPB.AOS.S2","HOPB.SS.20240102.FIL","A00000160390","2024-01-02T15:54Z","2024-01-02T15:54Z","Illinois State Water Survey Central Analytical Laboratory",580.0,0.00130,1,"2024-01-04","B",,
"8da0677d-baec-4c26-a308-ac33841b4d7d","D01","HOPB","HOPB.AOS.S2","HOPB.SS.20240117.FIL","A00000160408","2024-01-17T15:46Z","2024-01-17T15:46Z","Illinois State Water Survey Central Analytical Laboratory",476.0,0.00350,1,"2024-01-18","A",,
"2e13ee8e-530e-48a9-9538-2efc797a0772","D01","HOPB","HOPB.AOS.S2","HOPB.SS.20240117.FIL","A00000160408","2024-01-17T15:46Z","2024-01-17T15:46Z","Illinois State Water Survey Central Analytical Laboratory",336.0,0.02230,1,"2024-01-18","B",,
"4a4118a9-4731-452a-947d-fe3a686a390a","D01","HOPB","HOPB.AOS.S2","HOPB.SS.20240117.FIL","A00000160408","2024-01-17T15:46Z","2024-01-17T15:46Z","Illinois State Water Survey Central Analytical Laboratory",266.0,0.05630,1,"2024-01-18","B",,
"f70ef435-efdd-4e76-8e1c-9ff362145ac6","D01","HOPB","HOPB.AOS.S2","HOPB.SS.20240117.FIL","A00000160408","2024-01-17T15:46Z","2024-01-17T15:46Z","Illinois State Water Survey Central Analytical Laboratory",518.0,0.00220,1,"2024-01-18","A",,
"4c59b932-c2c4-44f8-9fab-1662b3f6a315","D01","HOPB","HOPB.AOS.S2","HOPB.SS.20240117.FIL","A00000160408","2024-01-17T15:46Z","2024-01-17T15:46Z","Illinois State Water Survey Central Analytical Laboratory",552.0,0.00150,1,"2024-01-18","B",,
"eadd768a-4265-4d35-8fe7-0a551ca7b271","D01","HOPB","HOPB.AOS.S2","HOPB.SS.20240117.FIL","A00000160408","2024-01-17T15:46Z","2024-01-17T15:46Z","Illinois State Water Survey Central Analytical Laboratory",412.0,0.00700,1,"2024-01-18","A",,
"9b07c799-6ea2-4d4b-80b5-10e83980f7ea","D01","HOPB","HOPB.AOS.S2","HOPB.SS.20240117.FIL","A00000160408","2024-01-17T15:46Z","2024-01-17T15:46Z","Illinois State Water Survey Central Analytical Laboratory",438.0,0.00490,1,"2024-01-18","B",,
"859015de-0c77-4b33-9a8c-df0239abceec","D01","HOPB","HOPB.AOS.S2","HOPB.SS.20240117.FIL","A00000160408","2024-01-17T15:46Z","2024-01-17T15:46Z","Illinois State Water Survey Central Analytical Laboratory",238.0,0.07580,1,"2024-01-18","A",,
"60c391bd-8576-4547-869f-42cae9b0e678","D01","HOPB","HOPB.AOS.S2","HOPB.SS.20240117.FIL","A00000160408","2024-01-17T15:46Z","2024-01-17T15:46Z","Illinois State Water Survey Central Analytical Laboratory",352.0,0.01750,1,"2024-01-18","A",,
"2ebb3549-5be6-48cd-96d0-4abac1a16bd7","D01","HOPB","HOPB.AOS.S2","HOPB.SS.20240117.FIL","A00000160408","2024-01-17T15:46Z","2024-01-17T15:46Z","Illinois State Water Survey Central Analytical Laboratory",496.0,0.00250,1,"2024-01-18","B",,
"b8ec5273-5c69-4693-a19d-3ba9afa813a9","D01","HOPB","HOPB.AOS.S2","HOPB.SS.20240117.FIL","A00000160408","2024-01-17T15:46Z","2024-01-17T15:46Z","Illinois State Water Survey Central Analytical Laboratory",350.0,0.01820,1,"2024-01-18","B",,
"b896788b-8dad-44d1-87db-7c098875f064","D01","HOPB","HOPB.AOS.S2","HOPB.SS.20240117.FIL","A00000160408","2024-01-17T15:46Z","2024-01-17T15:46Z","Illinois State Water Survey Central Analytical Laboratory",556.0,0.00160,1,"2024-01-18","B",,
"2fede658-36e1-4498-9abd-add821ee42d5","D01","HOPB","HOPB.AOS.S2","HOPB.SS.20240117.FIL","A00000160408","2024-01-17T15:46Z","2024-01-17T15:46Z","Illinois State Water Survey Central Analytical Laboratory",286.0,0.04410,1,"2024-01-18","A",,
"96dea901-5705-4f00-9acb-0a0ae3af09d0","D01","HOPB","HOPB.AOS.S2","HOPB.SS.20240117.FIL","A00000160408","2024-01-17T15:46Z","2024-01-17T15:46Z","Illinois State Water Survey Central Analytical Laboratory",282.0,0.04640,1,"2024-01-18","B",,
"ca58fb4c-7444-4640-ab8e-1b775c2fcb30","D01","HOPB","HOPB.AOS.S2","HOPB.SS.20240117.FIL","A00000160408","2024-01-17T15:46Z","2024-01-17T15:46Z","Illinois State Water Survey Central Analytical Laboratory",590.0,0.00090,1,"2024-01-18","B",,
"133efa19-f62b-4e39-891d-008a34f908e6","D01","HOPB","HOPB.AOS.S2","HOPB.SS.20240117.FIL","A00000160408","2024-01-17T15:46Z","2024-01-17T15:46Z","Illinois State Water Survey Central Analytical Laboratory",502.0,0.00240,1,"2024-01-18","A",,
"b8bb2bc4-1a9c-4055-8794-83edec5265fb","D01","HOPB","HOPB.AOS.S2","HOPB.SS.20240117.FIL","A00000160408","2024-01-17T15:46Z","2024-01-17T15:46Z","Illinois State Water Survey Central Analytical Laboratory",338.0,0.02160,1,"2024-01-18","A",,
"44462bc4-c029-48c1-a48e-b61a21f197df","D01","HOPB","HOPB.AOS.S2","HOPB.SS.20240117.FIL","A00000160408","2024-01-17T15:46Z","2024-01-17T15:46Z","Illinois State Water Survey Central Analytical Laboratory",412.0,0.00680,1,"2024-01-18","B",,
"4e534871-d192-4457-8b70-288e246c0f0a","D01","HOPB","HOPB.AOS.S2","HOPB.SS.20240117.FIL","A00000160408","2024-01-17T15:46Z","2024-01-17T15:46Z","Illinois State Water Survey Central Analytical Laboratory",418.0,0.00650,1,"2024-01-18","B",,
"47207935-efef-4d04-ad34-2f42b4e02673","D01","HOPB","HOPB.AOS.S2","HOPB.SS.20240117.FIL","A00000160408","2024-01-17T15:46Z","2024-01-17T15:46Z","Illinois State Water Survey Central Analytical Laboratory",274.0,0.05140,1,"2024-01-18","A",,
"6ae66bc4-2d50-40cd-8f4c-066ab578edf4","D01","HOPB","HOPB.AOS.S2","HOPB.SS.20240117.FIL","A00000160408","2024-01-17T15:46Z","2024-01-17T15:46Z","Illinois State Water Survey Central Analytical Laboratory",562.0,0.00090,1,"2024-01-18","A",,
"6c675b0e-5f52-4fda-bd06-463f57edb6bd","D01","HOPB","HOPB.AOS.S2","HOPB.SS.20240117.FIL","A00000160408","2024-01-17T15:46Z","2024-01-17T15:46Z","Illinois State Water Survey Central Analytical Laboratory",252.0,0.06410,1,"2024-01-18","A",,
"598715d0-a080-4d3a-92ca-9c3bfc4a3c5b","D01","HOPB","HOPB.AOS.S2","HOPB.SS.20240117.FIL","A00000160408","2024-01-17T15:46Z","2024-01-17T15:46Z","Illinois State Water Survey Central Analytical Laboratory",242.0,0.07170,1,"2024-01-18","B",,
"24f1397c-87fb-4097-be28-6841152205f4","D01","HOPB","HOPB.AOS.S2","HOPB.SS.20240117.FIL","A00000160408","2024-01-17T15:46Z","2024-01-17T15:46Z","Illinois State Water Survey Central Analytical Laboratory",548.0,0.00160,1,"2024-01-18","A",,
"ba00ec12-6588-475d-9922-f470c22c9db9","D01","HOPB","HOPB.AOS.S2","HOPB.SS.20240117.FIL","A00000160408","2024-01-17T15:46Z","2024-01-17T15:46Z","Illinois State Water Survey Central Analytical Laboratory",270.0,0.05400,1,"2024-01-18","B",,
"9eb39503-2003-4ee4-bf7a-93b42330bee5","D01","HOPB","HOPB.AOS.S2","HOPB.SS.20240117.FIL","A00000160408","2024-01-17T15:46Z","2024-01-17T15:46Z","Illinois State Water Survey Central Analytical Laboratory",582.0,0.00120,1,"2024-01-18","B",,
"197a2a13-af31-4bc4-b59a-5c71d1fd7557","D01","HOPB","HOPB.AOS.S2","HOPB.SS.20240117.FIL","A00000160408","2024-01-17T15:46Z","2024-01-17T15:46Z","Illinois State Water Survey Central Analytical Laboratory",446.0,0.00450,1,"2024-01-18","A",,
"fefe5127-2d1d-4558-b7c0-68d8e846d583","D01","HOPB","HOPB.AOS.S2","HOPB.SS.20240117.FIL","A00000160408","2024-01-17T15:46Z","2024-01-17T15:46Z","Illinois State Water Survey Central Analytical Laboratory",326.0,0.02580,1,"2024-01-18","B",,
"c0074378-9611-47c6-985b-d021f3409608","D01","HOPB","HOPB.AOS.S2","HOPB.SS.20240117.FIL","A00000160408","2024-01-17T15:46Z","2024-01-17T15:46Z","Illinois State Water Survey Central Analytical Laboratory",452.0,0.00420,1,"2024-01-18","A",,
"0aa6d670-4049-4fc2-a433-16e80e09f453","D01","HOPB","HOPB.AOS.S2","HOPB.SS.20240117.FIL","A00000160408","2024-01-17T15:46Z","2024-01-17T15:46Z","Illinois State Water Survey Central Analytical Laboratory",278.0,0.04910,1,"2024-01-18","B",,
"65b93d35-7d5c-43af-8310-026ae0fc23a4","D01","HOPB","HOPB.AOS.S2","HOPB.SS.20240117.FIL","A00000160408","2024-01-17T15:46Z","2024-01-17T15:46Z","Illinois State Water Survey Central Analytical Laboratory",560.0,0.00110,1,"2024-01-18","A",,
"14c78daa-891f-4703-899f-a8b52488bbfa","D01","HOPB","HOPB.AOS.S2","HOPB.SS.20240117.FIL","A00000160408","2024-01-17T15:46Z","2024-01-17T15:46Z","Illinois State Water Survey Central Analytical Laboratory",418.0,0.00640,1,"2024-01-18","A",,
"f95d1415-8b41-4a56-89e6-bc2c3855fe15","D01","HOPB","HOPB.AOS.S2","HOPB.SS.20240117.FIL","A00000160408","2024-01-17T15:46Z","2024-01-17T15:46Z","Illinois State Water Survey Central Analytical Laboratory",476.0,0.00310,1,"2024-01-18","B",,
"27fb5fc0-258b-458e-88f1-668dfb5d5a91","D01","HOPB","HOPB.AOS.S2","HOPB.SS.20240117.FIL","A00000160408","2024-01-17T15:46Z","2024-01-17T15:46Z","Illinois State Water Survey Central Analytical Laboratory",426.0,0.00580,1,"2024-01-18","A",,
"a1f0715a-09cf-404f-9e99-bec32bc833c6","D01","HOPB","HOPB.AOS.S2","HOPB.SS.20240117.FIL","A00000160408","2024-01-17T15:46Z","2024-01-17T15:46Z","Illinois State Water Survey Central Analytical Laboratory",522.0,0.00240,1,"2024-01-18","A",,
"772634ce-e9cf-4880-8868-a6eb18bfc00d","D01","HOPB","HOPB.AOS.S2","HOPB.SS.20240117.FIL","A00000160408","2024-01-17T15:46Z","2024-01-17T15:46Z","Illinois State Water Survey Central Analytical Laboratory",508.0,0.00230,1,"2024-01-18","B",,
"5a233b0e-cb3e-40f9-abaf-a86da6b9a7c7","D01","HOPB","HOPB.AOS.S2","HOPB.SS.20240117.FIL","A00000160408","2024-01-17T15:46Z","2024-01-17T15:46Z","Illinois State Water Survey Central Analytical Laboratory",226.0,0.09720,1,"2024-01-18","A",,
"a09d2596-1f80-4e6b-a032-1b0608dcbe72","D01","HOPB","HOPB.AOS.S2","HOPB.SS.20240117.FIL","A00000160408","2024-01-17T15:46Z","2024-01-17T15:46Z","Illinois State Water Survey Central Analytical Laboratory",442.0,0.00460,1,"2024-01-18","B",,
"6ba0ba2e-3e18-4d79-937a-4cd11d4097a1","D01","HOPB","HOPB.AOS.S2","HOPB.SS.20240117.FIL","A00000160408","2024-01-17T15:46Z","2024-01-17T15:46Z","Illinois State Water Survey Central Analytical Laboratory",592.0,0.00060,1,"2024-01-18","B",,
"013457e8-ca23-4259-85ad-a1146d1617c2","D01","HOPB","HOPB.AOS.S2","HOPB.SS.20240117.FIL","A00000160408","2024-01-17T15:46Z","2024-01-17T15:46Z","Illinois State Water Survey Central Analytical Laboratory",406.0,0.00760,1,"2024-01-18","A",,
"9d85f23d-8a67-4a06-a104-70608756f3b8","D01","HOPB","HOPB.AOS.S2","HOPB.SS.20240117.FIL","A00000160408","2024-01-17T15:46Z","2024-01-17T15:46Z","Illinois State Water Survey Central Analytical Laboratory",240.0,0.07380,1,"2024-01-18","B",,
"7a8b2a26-da28-4613-ae47-421bc5413a4e","D01","HOPB","HOPB.AOS.S2","HOPB.SS.20240117.FIL","A00000160408","2024-01-17T15:46Z","2024-01-17T15:46Z","Illinois State Water Survey Central Analytical Laboratory",366.0,0.01420,1,"2024-01-18","A",,
"2d899193-d944-40d1-96d3-8fe92f4924f0","D01","HOPB","HOPB.AOS.S2","HOPB.SS.20240117.FIL","A00000160408","2024-01-17T15:46Z","2024-01-17T15:46Z","Illinois State Water Survey Central Analytical Laboratory",290.0,0.04170,1,"2024-01-18","A",,
"2f1381c4-78f1-450b-891b-0209cee61704","D01","HOPB","HOPB.AOS.S2","HOPB.SS.20240117.FIL","A00000160408","2024-01-17T15:46Z","2024-01-17T15:46Z","Illinois State Water Survey Central Analytical Laboratory",502.0,0.00260,1,"2024-01-18","B",,
"74a20bde-cfb6-4b46-8c8c-8e2031b2671a","D01","HOPB","HOPB.AOS.S2","HOPB.SS.20240117.FIL","A00000160408","2024-01-17T15:46Z","2024-01-17T15:46Z","Illinois State Water Survey Central Analytical Laboratory",424.0,0.00560,1,"2024-01-18","A",,
"1b49cf4c-c38c-417a-96d8-3eb602468e62","D01","HOPB","HOPB.AOS.S2","HOPB.SS.20240117.FIL","A00000160408","2024-01-17T15:46Z","2024-01-17T15:46Z","Illinois State Water Survey Central Analytical Laboratory",480.0,0.00320,1,"2024-01-18","A",,
"5a946cc7-78cc-400d-afc7-0a26ae6cdd85","D01","HOPB","HOPB.AOS.S2","HOPB.SS.20240117.FIL","A00000160408","2024-01-17T15:46Z","2024-01-17T15:46Z","Illinois State Water Survey Central Analytical Laboratory",340.0,0.02100,1,"2024-01-18","A",,
"4f917fc0-ceb9-4e75-8922-6ef101d1d912","D01","HOPB","HOPB.AOS.S2","HOPB.SS.20240117.FIL","A00000160408","2024-01-17T15:46Z","2024-01-17T15:46Z","Illinois State Water Survey Central Analytical Laboratory",460.0,0.00370,1,"2024-01-18","A",,
"70a0bf27-7932-4eb9-b1f5-cb117be6744d","D01","HOPB","HOPB.AOS.S2","HOPB.SS.20240117.FIL","A00000160408","2024-01-17T15:46Z","2024-01-17T15:46Z","Illinois State Water Survey Central Analytical Laboratory",570.0,0.00150,1,"2024-01-18","A",,
"aac99cdb-fa06-4c96-b8d0-1d0aea9a02f2","D01","HOPB","HOPB.AOS.S2","HOPB.SS.20240117.FIL","A00000160408","2024-01-17T15:46Z","2024-01-17T15:46Z","Illinois State Water Survey Central Analytical Laboratory",324.0,0.02650,1,"2024-01-18","A",,
"7b1dc8cd-6be2-4558-a5cb-91f9a41970b7","D01","HOPB","HOPB.AOS.S2","HOPB.SS.20240117.FIL","A00000160408","2024-01-17T15:46Z","2024-01-17T15:46Z","Illinois State Water Survey Central Analytical Laboratory",484.0,0.00270,1,"2024-01-18","B",,
"642ed0b6-d914-4713-ad21-f2e3da988847","D01","HOPB","HOPB.AOS.S2","HOPB.SS.20240117.FIL","A00000160408","2024-01-17T15:46Z","2024-01-17T15:46Z","Illinois State Water Survey Central Analytical Laboratory",334.0,0.02290,1,"2024-01-18","A",,
"ac529aa7-19b8-4c1c-b110-e099ec4b808f","D01","HOPB","HOPB.AOS.S2","HOPB.SS.20240117.FIL","A00000160408","2024-01-17T15:46Z","2024-01-17T15:46Z","Illinois State Water Survey Central Analytical Laboratory",272.0,0.05260,1,"2024-01-18","A",,
"e7b5b9be-bc4a-46b0-9c99-29abec5b892e","D01","HOPB","HOPB.AOS.S2","HOPB.SS.20240117.FIL","A00000160408","2024-01-17T15:46Z","2024-01-17T15:46Z","Illinois State Water Survey Central Analytical Laboratory",564.0,0.00110,1,"2024-01-18","B",,
"6877e1e5-e64c-492a-a8e7-25432252d33b","D01","HOPB","HOPB.AOS.S2","HOPB.SS.20240117.FIL","A00000160408","2024-01-17T15:46Z","2024-01-17T15:46Z","Illinois State Water Survey Central Analytical Laboratory",292.0,0.04060,1,"2024-01-18","A",,
"702ecd1c-23c0-4b37-bf39-c0bf8e1d79a6","D01","HOPB","HOPB.AOS.S2","HOPB.SS.20240117.FIL","A00000160408","2024-01-17T15:46Z","2024-01-17T15:46Z","Illinois State Water Survey Central Analytical Laboratory",386.0,0.01040,1,"2024-01-18","B",,
"c3acb371-d26a-47f8-9d6d-11cbd3a03930","D01","HOPB","HOPB.AOS.S2","HOPB.SS.20240117.FIL","A00000160408","2024-01-17T15:46Z","2024-01-17T15:46Z","Illinois State Water Survey Central Analytical Laboratory",552.0,0.00150,1,"2024-01-18","A",,
"975fcdc6-0611-4f63-9d99-a9f5b02bda0e","D01","HOPB","HOPB.AOS.S2","HOPB.SS.20240117.FIL","A00000160408","2024-01-17T15:46Z","2024-01-17T15:46Z","Illinois State Water Survey Central Analytical Laboratory",250.0,0.06570,1,"2024-01-18","A",,
"bd107d50-9402-4a1b-b77a-9684bfcaee94","D01","HOPB","HOPB.AOS.S2","HOPB.SS.20240117.FIL","A00000160408","2024-01-17T15:46Z","2024-01-17T15:46Z","Illinois State Water Survey Central Analytical Laboratory",374.0,0.01240,1,"2024-01-18","A",,
"243dd5fa-6c0f-40e7-8f7d-60a2c6b09615","D01","HOPB","HOPB.AOS.S2","HOPB.SS.20240117.FIL","A00000160408","2024-01-17T15:46Z","2024-01-17T15:46Z","Illinois State Water Survey Central Analytical Laboratory",350.0,0.01820,1,"2024-01-18","A",,
"9f1ffbf4-9190-4f5f-8f49-7656c4a9b88b","D01","HOPB","HOPB.AOS.S2","HOPB.SS.20240117.FIL","A00000160408","2024-01-17T15:46Z","2024-01-17T15:46Z","Illinois State Water Survey Central Analytical Laboratory",434.0,0.00510,1,"2024-01-18","B",,
"475e5152-bd5e-4f31-9e85-e41283587cf3","D01","HOPB","HOPB.AOS.S2","HOPB.SS.20240117.FIL","A00000160408","2024-01-17T15:46Z","2024-01-17T15:46Z","Illinois State Water Survey Central Analytical Laboratory",270.0,0.05380,1,"2024-01-18","A",,
"68f95aa8-e294-488a-926e-a833a13566ee","D01","HOPB","HOPB.AOS.S2","HOPB.SS.20240117.FIL","A00000160408","2024-01-17T15:46Z","2024-01-17T15:46Z","Illinois State Water Survey Central Analytical Laboratory",454.0,0.00430,1,"2024-01-18","A",,
"4561d29d-2d11-4d05-a3ff-028d798a1b12","D01","HOPB","HOPB.AOS.S2","HOPB.SS.20240117.FIL","A00000160408","2024-01-17T15:46Z","2024-01-17T15:46Z","Illinois State Water Survey Central Analytical Laboratory",364.0,0.01450,1,"2024-01-18","A",,
"3c81276d-98d8-40de-87a1-b296c93e1f73","D01","HOPB","HOPB.AOS.S2","HOPB.SS.20240117.FIL","A00000160408","2024-01-17T15:46Z","2024-01-17T15:46Z","Illinois State Water Survey Central Analytical Laboratory",356.0,0.01670,1,"2024-01-18","B",,
"56feb2fe-a48b-4815-8f8f-0b440f993a84","D01","HOPB","HOPB.AOS.S2","HOPB.SS.20240117.FIL","A00000160408","2024-01-17T15:46Z","2024-01-17T15:46Z","Illinois State Water Survey Central Analytical Laboratory",258.0,0.06090,1,"2024-01-18","A",,
"b59838fe-223f-4617-b2eb-a480c35e1b9d","D01","HOPB","HOPB.AOS.S2","HOPB.SS.20240117.FIL","A00000160408","2024-01-17T15:46Z","2024-01-17T15:46Z","Illinois State Water Survey Central Analytical Laboratory",276.0,0.05020,1,"2024-01-18","B",,
"3dd67993-b481-4636-bdc3-ef762d2b61ef","D01","HOPB","HOPB.AOS.S2","HOPB.SS.20240117.FIL","A00000160408","2024-01-17T15:46Z","2024-01-17T15:46Z","Illinois State Water Survey Central Analytical Laboratory",526.0,0.00180,1,"2024-01-18","B",,
"f570097e-921f-4f4c-8257-1c69bc7a9c49","D01","HOPB","HOPB.AOS.S2","HOPB.SS.20240117.FIL","A00000160408","2024-01-17T15:46Z","2024-01-17T15:46Z","Illinois State Water Survey Central Analytical Laboratory",440.0,0.00470,1,"2024-01-18","A",,
"322c9196-3b78-4654-98bc-34630518b7c8","D01","HOPB","HOPB.AOS.S2","HOPB.SS.20240117.FIL","A00000160408","2024-01-17T15:46Z","2024-01-17T15:46Z","Illinois State Water Survey Central Analytical Laboratory",580.0,0.00080,1,"2024-01-18","A",,
"03322451-f651-4127-a56c-43f8a9baa0fe","D01","HOPB","HOPB.AOS.S2","HOPB.SS.20240117.FIL","A00000160408","2024-01-17T15:46Z","2024-01-17T15:46Z","Illinois State Water Survey Central Analytical Laboratory",504.0,0.00230,1,"2024-01-18","A",,
"d9ed373c-bcaf-4317-9de6-dff5b1baebe1","D01","HOPB","HOPB.AOS.S2","HOPB.SS.20240117.FIL","A00000160408","2024-01-17T15:46Z","2024-01-17T15:46Z","Illinois State Water Survey Central Analytical Laboratory",588.0,0.00080,1,"2024-01-18","A",,
"d6752bc5-23f9-40d9-8e37-0da9adddc6d3","D01","HOPB","HOPB.AOS.S2","HOPB.SS.20240117.FIL","A00000160408","2024-01-17T15:46Z","2024-01-17T15:46Z","Illinois State Water Survey Central Analytical Laboratory",450.0,0.00420,1,"2024-01-18","A",,
"81616060-6fae-4312-b1ef-88f746151922","D01","HOPB","HOPB.AOS.S2","HOPB.SS.20240117.FIL","A00000160408","2024-01-17T15:46Z","2024-01-17T15:46Z","Illinois State Water Survey Central Analytical Laboratory",596.0,0.00090,1,"2024-01-18","B",,
"2837f9c6-feea-4195-a828-bbf32d3dc2e2","D01","HOPB","HOPB.AOS.S2","HOPB.SS.20240117.FIL","A00000160408","2024-01-17T15:46Z","2024-01-17T15:46Z","Illinois State Water Survey Central Analytical Laboratory",468.0,0.00370,1,"2024-01-18","A",,
"6b5034f4-6af8-43c0-865c-9af99c196d7f","D01","HOPB","HOPB.AOS.S2","HOPB.SS.20240117.FIL","A00000160408","2024-01-17T15:46Z","2024-01-17T15:46Z","Illinois State Water Survey Central Analytical Laboratory",220.0,0.11590,1,"2024-01-18","B",,
"2b15d530-c278-41f7-851e-cdcdd83f5cc3","D01","HOPB","HOPB.AOS.S2","HOPB.SS.20240117.FIL","A00000160408","2024-01-17T15:46Z","2024-01-17T15:46Z","Illinois State Water Survey Central Analytical Laboratory",398.0,0.00870,1,"2024-01-18","A",,
"747883b9-d27f-4763-a35f-f40fcc6fb74f","D01","HOPB","HOPB.AOS.S2","HOPB.SS.20240117.FIL","A00000160408","2024-01-17T15:46Z","2024-01-17T15:46Z","Illinois State Water Survey Central Analytical Laboratory",586.0,0.00110,1,"2024-01-18","A",,
"a04d64ac-3edb-4d7c-83e1-addfdf884969","D01","HOPB","HOPB.AOS.S2","HOPB.SS.20240117.FIL","A00000160408","2024-01-17T15:46Z","2024-01-17T15:46Z","Illinois State Water Survey Central Analytical Laboratory",354.0,0.01720,1,"2024-01-18","B",,
"32a91684-1ed2-4c10-a618-4cf5c51be37b","D01","HOPB","HOPB.AOS.S2","HOPB.SS.20240117.FIL","A00000160408","2024-01-17T15:46Z","2024-01-17T15:46Z","Illinois State Water Survey Central Analytical Laboratory",390.0,0.00970,1,"2024-01-18","B",,
"e6a0da26-b0b7-4cb3-a50a-2e5e1c82a5be","D01","HOPB","HOPB.AOS.S2","HOPB.SS.20240117.FIL","A00000160408","2024-01-17T15:46Z","2024-01-17T15:46Z","Illinois State Water Survey Central Analytical Laboratory",560.0,0.00140,1,"2024-01-18","B",,
"747f09ff-2148-44ae-8366-17ed9dc3eabc","D01","HOPB","HOPB.AOS.S2","HOPB.SS.20240117.FIL","A00000160408","2024-01-17T15:46Z","2024-01-17T15:46Z","Illinois State Water Survey Central Analytical Laboratory",514.0,0.00210,1,"2024-01-18","B",,
"970071eb-c0eb-49d8-b506-70304740da23","D01","HOPB","HOPB.AOS.S2","HOPB.SS.20240117.FIL","A00000160408","2024-01-17T15:46Z","2024-01-17T15:46Z","Illinois State Water Survey Central Analytical Laboratory",318.0,0.02900,1,"2024-01-18","A",,
"f769e862-89e3-4b02-8031-5e61cb1a204e","D01","HOPB","HOPB.AOS.S2","HOPB.SS.20240117.FIL","A00000160408","2024-01-17T15:46Z","2024-01-17T15:46Z","Illinois State Water Survey Central Analytical Laboratory",316.0,0.02950,1,"2024-01-18","A",,
"31f82257-9e08-46cc-b20f-f6f29d6b216e","D01","HOPB","HOPB.AOS.S2","HOPB.SS.20240117.FIL","A00000160408","2024-01-17T15:46Z","2024-01-17T15:46Z","Illinois State Water Survey Central Analytical Laboratory",240.0,0.07360,1,"2024-01-18","A",,
"4529fffb-634b-41f3-bde6-b88168554c8b","D01","HOPB","HOPB.AOS.S2","HOPB.SS.20240117.FIL","A00000160408","2024-01-17T15:46Z","2024-01-17T15:46Z","Illinois State Water Survey Central Analytical Laboratory",252.0,0.06430,1,"2024-01-18","B",,
"3cde50e9-9721-44ff-b74d-02fb8b4dd9a1","D01","HOPB","HOPB.AOS.S2","HOPB.SS.20240117.FIL","A00000160408","2024-01-17T15:46Z","2024-01-17T15:46Z","Illinois State Water Survey Central Analytical Laboratory",554.0,0.00130,1,"2024-01-18","B",,
"834d0f57-b9f5-4648-8e0b-a3bc1bffa0a4","D01","HOPB","HOPB.AOS.S2","HOPB.SS.20240117.FIL","A00000160408","2024-01-17T15:46Z","2024-01-17T15:46Z","Illinois State Water Survey Central Analytical Laboratory",362.0,0.01470,1,"2024-01-18","A",,
"fd9f3b6e-f717-4966-b5ba-348f71c2d741","D01","HOPB","HOPB.AOS.S2","HOPB.SS.20240117.FIL","A00000160408","2024-01-17T15:46Z","2024-01-17T15:46Z","Illinois State Water Survey Central Analytical Laboratory",462.0,0.00380,1,"2024-01-18","A",,
"a28e66d0-7be1-406e-a591-74ab817e85dd","D01","HOPB","HOPB.AOS.S2","HOPB.SS.20240117.FIL","A00000160408","2024-01-17T15:46Z","2024-01-17T15:46Z","Illinois State Water Survey Central Analytical Laboratory",430.0,0.00530,1,"2024-01-18","B",,
"2e9f2cbb-17fd-4c45-82d3-26775e68ff64","D01","HOPB","HOPB.AOS.S2","HOPB.SS.20240117.FIL","A00000160408","2024-01-17T15:46Z","2024-01-17T15:46Z","Illinois State Water Survey Central Analytical Laboratory",458.0,0.00390,1,"2024-01-18","A",,
"be2f42ce-ce86-4eda-9dc9-69462310370b","D01","HOPB","HOPB.AOS.S2","HOPB.SS.20240117.FIL","A00000160408","2024-01-17T15:46Z","2024-01-17T15:46Z","Illinois State Water Survey Central Analytical Laboratory",558.0,0.00110,1,"2024-01-18","A",,
"0c3c31a2-bb55-4c46-948d-926abb4866fb","D01","HOPB","HOPB.AOS.S2","HOPB.SS.20240117.FIL","A00000160408","2024-01-17T15:46Z","2024-01-17T15:46Z","Illinois State Water Survey Central Analytical Laboratory",556.0,0.00160,1,"2024-01-18","A",,
"78ba2eeb-f7bd-48e7-9a79-11b14ef79e9c","D01","HOPB","HOPB.AOS.S2","HOPB.SS.20240117.FIL","A00000160408","2024-01-17T15:46Z","2024-01-17T15:46Z","Illinois State Water Survey Central Analytical Laboratory",324.0,0.02660,1,"2024-01-18","B",,
"1ff52835-53cb-4698-892d-91a63a8524bf","D01","HOPB","HOPB.AOS.S2","HOPB.SS.20240117.FIL","A00000160408","2024-01-17T15:46Z","2024-01-17T15:46Z","Illinois State Water Survey Central Analytical Laboratory",580.0,0.00110,1,"2024-01-18","B",,
"3ee3ea17-a7e9-424e-92d8-62e136b745ba","D01","HOPB","HOPB.AOS.S2","HOPB.SS.20240117.FIL","A00000160408","2024-01-17T15:46Z","2024-01-17T15:46Z","Illinois State Water Survey Central Analytical Laboratory",492.0,0.00280,1,"2024-01-18","B",,
"0405108c-64a0-478e-9dbf-1584b4e84ac4","D01","HOPB","HOPB.AOS.S2","HOPB.SS.20240117.FIL","A00000160408","2024-01-17T15:46Z","2024-01-17T15:46Z","Illinois State Water Survey Central Analytical Laboratory",370.0,0.01340,1,"2024-01-18","A",,
"ad8fab27-e48f-4756-944b-416002718b20","D01","HOPB","HOPB.AOS.S2","HOPB.SS.20240117.FIL","A00000160408","2024-01-17T15:46Z","2024-01-17T15:46Z","Illinois State Water Survey Central Analytical Laboratory",498.0,0.00270,1,"2024-01-18","B",,
"dcd863d1-059a-4791-9c18-03f16382537d","D01","HOPB","HOPB.AOS.S2","HOPB.SS.20240117.FIL","A00000160408","2024-01-17T15:46Z","2024-01-17T15:46Z","Illinois State Water Survey Central Analytical Laboratory",470.0,0.00330,1,"2024-01-18","B",,
"7b691b85-5c24-4075-8137-413ba94f089b","D01","HOPB","HOPB.AOS.S2","HOPB.SS.20240117.FIL","A00000160408","2024-01-17T15:46Z","2024-01-17T15:46Z","Illinois State Water Survey Central Analytical Laboratory",304.0,0.03450,1,"2024-01-18","A",,
"1cd3a181-7252-45ff-b0cc-6afb8464957a","D01","HOPB","HOPB.AOS.S2","HOPB.SS.20240117.FIL","A00000160408","2024-01-17T15:46Z","2024-01-17T15:46Z","Illinois State Water Survey Central Analytical Laboratory",234.0,0.08140,1,"2024-01-18","B",,
"5959730a-4795-44ea-a9d6-0a6501e7fee4","D01","HOPB","HOPB.AOS.S2","HOPB.SS.20240117.FIL","A00000160408","2024-01-17T15:46Z","2024-01-17T15:46Z","Illinois State Water Survey Central Analytical Laboratory",354.0,0.01710,1,"2024-01-18","A",,
"cb50d725-6788-472f-816b-0c30abae58ff","D01","HOPB","HOPB.AOS.S2","HOPB.SS.20240117.FIL","A00000160408","2024-01-17T15:46Z","2024-01-17T15:46Z","Illinois State Water Survey Central Analytical Laboratory",268.0,0.05490,1,"2024-01-18","A",,
"8f6942b5-2cfb-46b8-a9fb-0d94eb28f329","D01","HOPB","HOPB.AOS.S2","HOPB.SS.20240117.FIL","A00000160408","2024-01-17T15:46Z","2024-01-17T15:46Z","Illinois State Water Survey Central Analytical Laboratory",224.0,0.10300,1,"2024-01-18","A",,
"1ecf52d1-8d8f-4832-ab1a-25b816a39cf4","D01","HOPB","HOPB.AOS.S2","HOPB.SS.20240117.FIL","A00000160408","2024-01-17T15:46Z","2024-01-17T15:46Z","Illinois State Water Survey Central Analytical Laboratory",342.0,0.02020,1,"2024-01-18","B",,
"be4260f7-dbf8-434a-85cf-70173c8a0e4c","D01","HOPB","HOPB.AOS.S2","HOPB.SS.20240117.FIL","A00000160408","2024-01-17T15:46Z","2024-01-17T15:46Z","Illinois State Water Survey Central Analytical Laboratory",262.0,0.05870,1,"2024-01-18","B",,
"b6aaffea-8570-4446-b558-319044af45b3","D01","HOPB","HOPB.AOS.S2","HOPB.SS.20240117.FIL","A00000160408","2024-01-17T15:46Z","2024-01-17T15:46Z","Illinois State Water Survey Central Analytical Laboratory",428.0,0.00540,1,"2024-01-18","B",,
"21c2fba2-d27b-4127-b426-c73170b45021","D01","HOPB","HOPB.AOS.S2","HOPB.SS.20240117.FIL","A00000160408","2024-01-17T15:46Z","2024-01-17T15:46Z","Illinois State Water Survey Central Analytical Laboratory",548.0,0.00150,1,"2024-01-18","B",,
"b682a5dc-4484-4ae5-b47c-3795dbd2cf5e","D01","HOPB","HOPB.AOS.S2","HOPB.SS.20240117.FIL","A00000160408","2024-01-17T15:46Z","2024-01-17T15:46Z","Illinois State Water Survey Central Analytical Laboratory",584.0,0.00090,1,"2024-01-18","A",,
"9acc1f73-a053-4191-9bb8-3f0f17a4e5fc","D01","HOPB","HOPB.AOS.S2","HOPB.SS.20240117.FIL","A00000160408","2024-01-17T15:46Z","2024-01-17T15:46Z","Illinois State Water Survey Central Analytical Laboratory",582.0,0.00130,1,"2024-01-18","A",,
"d5827b06-91e1-400d-b714-94f77b0f8a07","D01","HOPB","HOPB.AOS.S2","HOPB.SS.20240117.FIL","A00000160408","2024-01-17T15:46Z","2024-01-17T15:46Z","Illinois State Water Survey Central Analytical Laboratory",294.0,0.03950,1,"2024-01-18","B",,
"1910254b-b7d9-49e3-bc08-81005db5512c","D01","HOPB","HOPB.AOS.S2","HOPB.SS.20240117.FIL","A00000160408","2024-01-17T15:46Z","2024-01-17T15:46Z","Illinois State Water Survey Central Analytical Laboratory",414.0,0.00670,1,"2024-01-18","A",,
"50f15816-10e1-4e9d-86c5-846198f8cd4a","D01","HOPB","HOPB.AOS.S2","HOPB.SS.20240117.FIL","A00000160408","2024-01-17T15:46Z","2024-01-17T15:46Z","Illinois State Water Survey Central Analytical Laboratory",230.0,0.08870,1,"2024-01-18","A",,
"c3c7c3fb-8ef6-43ae-aea2-13c8a08d2ae9","D01","HOPB","HOPB.AOS.S2","HOPB.SS.20240117.FIL","A00000160408","2024-01-17T15:46Z","2024-01-17T15:46Z","Illinois State Water Survey Central Analytical Laboratory",438.0,0.00500,1,"2024-01-18","A",,
"8bfc5f5c-0127-4f1b-b22a-b8b43617524e","D01","HOPB","HOPB.AOS.S2","HOPB.SS.20240117.FIL","A00000160408","2024-01-17T15:46Z","2024-01-17T15:46Z","Illinois State Water Survey Central Analytical Laboratory",472.0,0.00320,1,"2024-01-18","B",,
"d78b8dc2-104b-43a6-9221-c72f6c21f4a8","D01","HOPB","HOPB.AOS.S2","HOPB.SS.20240117.FIL","A00000160408","2024-01-17T15:46Z","2024-01-17T15:46Z","Illinois State Water Survey Central Analytical Laboratory",396.0,0.00890,1,"2024-01-18","A",,
"45afddc0-8685-406e-bee1-25566972011f","D01","HOPB","HOPB.AOS.S2","HOPB.SS.20240117.FIL","A00000160408","2024-01-17T15:46Z","2024-01-17T15:46Z","Illinois State Water Survey Central Analytical Laboratory",544.0,0.00180,1,"2024-01-18","A",,
"48ec6256-ae07-4f11-bbf3-767aa983b9cb","D01","HOPB","HOPB.AOS.S2","HOPB.SS.20240117.FIL","A00000160408","2024-01-17T15:46Z","2024-01-17T15:46Z","Illinois State Water Survey Central Analytical Laboratory",462.0,0.00370,1,"2024-01-18","B",,
"772f1b4a-ef41-409b-8f0a-bba5b786af62","D01","HOPB","HOPB.AOS.S2","HOPB.SS.20240117.FIL","A00000160408","2024-01-17T15:46Z","2024-01-17T15:46Z","Illinois State Water Survey Central Analytical Laboratory",500.0,0.00250,1,"2024-01-18","A",,
"b3ea7ddc-70fa-4321-aeba-d80d0294a9c4","D01","HOPB","HOPB.AOS.S2","HOPB.SS.20240117.FIL","A00000160408","2024-01-17T15:46Z","2024-01-17T15:46Z","Illinois State Water Survey Central Analytical Laboratory",576.0,0.00140,1,"2024-01-18","A",,
"b718763c-7e1c-4baa-a352-27656b4ef4c9","D01","HOPB","HOPB.AOS.S2","HOPB.SS.20240117.FIL","A00000160408","2024-01-17T15:46Z","2024-01-17T15:46Z","Illinois State Water Survey Central Analytical Laboratory",248.0,0.06680,1,"2024-01-18","A",,
"2e313c90-2647-49a9-bb7e-5853f12856f5","D01","HOPB","HOPB.AOS.S2","HOPB.SS.20240117.FIL","A00000160408","2024-01-17T15:46Z","2024-01-17T15:46Z","Illinois State Water Survey Central Analytical Laboratory",408.0,0.00720,1,"2024-01-18","A",,
"5d267a0b-b204-4b74-b7e0-e7a0909ecb5f","D01","HOPB","HOPB.AOS.S2","HOPB.SS.20240117.FIL","A00000160408","2024-01-17T15:46Z","2024-01-17T15:46Z","Illinois State Water Survey Central Analytical Laboratory",442.0,0.00460,1,"2024-01-18","A",,
"68bd41c1-6f69-437c-a1df-d5fb0404874b","D01","HOPB","HOPB.AOS.S2","HOPB.SS.20240117.FIL","A00000160408","2024-01-17T15:46Z","2024-01-17T15:46Z","Illinois State Water Survey Central Analytical Laboratory",368.0,0.01350,1,"2024-01-18","A",,
"b0eb8f17-d813-443f-b033-8c03179fcfe0","D01","HOPB","HOPB.AOS.S2","HOPB.SS.20240117.FIL","A00000160408","2024-01-17T15:46Z","2024-01-17T15:46Z","Illinois State Water Survey Central Analytical Laboratory",432.0,0.00510,1,"2024-01-18","B",,
"81deaa73-2f04-4d13-be01-59a34462b481","D01","HOPB","HOPB.AOS.S2","HOPB.SS.20240117.FIL","A00000160408","2024-01-17T15:46Z","2024-01-17T15:46Z","Illinois State Water Survey Central Analytical Laboratory",512.0,0.00220,1,"2024-01-18","B",,
"838c267f-c68f-4ffe-a339-7439367ed286","D01","HOPB","HOPB.AOS.S2","HOPB.SS.20240117.FIL","A00000160408","2024-01-17T15:46Z","2024-01-17T15:46Z","Illinois State Water Survey Central Analytical Laboratory",394.0,0.00900,1,"2024-01-18","B",,
"0370c14e-cacc-490c-862c-8b2655964809","D01","HOPB","HOPB.AOS.S2","HOPB.SS.20240117.FIL","A00000160408","2024-01-17T15:46Z","2024-01-17T15:46Z","Illinois State Water Survey Central Analytical Laboratory",430.0,0.00540,1,"2024-01-18","A",,
"0325b022-a88e-4a01-a4d5-e57c9f9a8070","D01","HOPB","HOPB.AOS.S2","HOPB.SS.20240117.FIL","A00000160408","2024-01-17T15:46Z","2024-01-17T15:46Z","Illinois State Water Survey Central Analytical Laboratory",220.0,0.11660,1,"2024-01-18","A",,
"bb630567-f35e-4bc9-9d6f-4b53d8462cb0","D01","HOPB","HOPB.AOS.S2","HOPB.SS.20240117.FIL","A00000160408","2024-01-17T15:46Z","2024-01-17T15:46Z","Illinois State Water Survey Central Analytical Laboratory",520.0,0.00180,1,"2024-01-18","B",,
"0cf50f45-4d2c-4d1e-bc06-ef4fe72ef6e7","D01","HOPB","HOPB.AOS.S2","HOPB.SS.20240117.FIL","A00000160408","2024-01-17T15:46Z","2024-01-17T15:46Z","Illinois State Water Survey Central Analytical Laboratory",456.0,0.00390,1,"2024-01-18","A",,
"d507e21e-bc84-41d8-b8df-c8cb80db20b6","D01","HOPB","HOPB.AOS.S2","HOPB.SS.20240117.FIL","A00000160408","2024-01-17T15:46Z","2024-01-17T15:46Z","Illinois State Water Survey Central Analytical Laboratory",400.0,0.00840,1,"2024-01-18","A",,
"0901539c-072a-41a5-8d6b-88f1e3055a2e","D01","HOPB","HOPB.AOS.S2","HOPB.SS.20240117.FIL","A00000160408","2024-01-17T15:46Z","2024-01-17T15:46Z","Illinois State Water Survey Central Analytical Laboratory",434.0,0.00530,1,"2024-01-18","A",,
"813c86cd-1d78-4245-a56d-29164a70d39c","D01","HOPB","HOPB.AOS.S2","HOPB.SS.20240117.FIL","A00000160408","2024-01-17T15:46Z","2024-01-17T15:46Z","Illinois State Water Survey Central Analytical Laboratory",532.0,0.00190,1,"2024-01-18","B",,
"0232a4ce-4eaa-4a03-94e5-572f75eec92a","D01","HOPB","HOPB.AOS.S2","HOPB.SS.20240117.FIL","A00000160408","2024-01-17T15:46Z","2024-01-17T15:46Z","Illinois State Water Survey Central Analytical Laboratory",312.0,0.03120,1,"2024-01-18","A",,
"61d3eba8-c54e-4b4e-b0be-00d3fb14106f","D01","HOPB","HOPB.AOS.S2","HOPB.SS.20240117.FIL","A00000160408","2024-01-17T15:46Z","2024-01-17T15:46Z","Illinois State Water Survey Central Analytical Laboratory",478.0,0.00310,1,"2024-01-18","A",,
"7016e100-d0fb-4715-af9e-e1c6c923871f","D01","HOPB","HOPB.AOS.S2","HOPB.SS.20240117.FIL","A00000160408","2024-01-17T15:46Z","2024-01-17T15:46Z","Illinois State Water Survey Central Analytical Laboratory",308.0,0.03260,1,"2024-01-18","A",,
"048f19d8-e2f8-4e96-82c2-ede20d8e5ff8","D01","HOPB","HOPB.AOS.S2","HOPB.SS.20240117.FIL","A00000160408","2024-01-17T15:46Z","2024-01-17T15:46Z","Illinois State Water Survey Central Analytical Laboratory",322.0,0.02740,1,"2024-01-18","B",,
"4cb560e6-b621-415c-86c9-dbc0e8621780","D01","HOPB","HOPB.AOS.S2","HOPB.SS.20240117.FIL","A00000160408","2024-01-17T15:46Z","2024-01-17T15:46Z","Illinois State Water Survey Central Analytical Laboratory",392.0,0.00930,1,"2024-01-18","A",,
"e02b1456-8db1-4792-8c99-9c6b6c08d656","D01","HOPB","HOPB.AOS.S2","HOPB.SS.20240117.FIL","A00000160408","2024-01-17T15:46Z","2024-01-17T15:46Z","Illinois State Water Survey Central Analytical Laboratory",530.0,0.00200,1,"2024-01-18","A",,
"4cc8af67-9a48-4bc0-b71c-a0ef94f4b5f0","D01","HOPB","HOPB.AOS.S2","HOPB.SS.20240117.FIL","A00000160408","2024-01-17T15:46Z","2024-01-17T15:46Z","Illinois State Water Survey Central Analytical Laboratory",222.0,0.10950,1,"2024-01-18","A",,
"78f698c0-a967-463a-a583-8f6135097490","D01","HOPB","HOPB.AOS.S2","HOPB.SS.20240117.FIL","A00000160408","2024-01-17T15:46Z","2024-01-17T15:46Z","Illinois State Water Survey Central Analytical Laboratory",344.0,0.01980,1,"2024-01-18","B",,
"0ff81144-1686-4828-8210-dd987ce28943","D01","HOPB","HOPB.AOS.S2","HOPB.SS.20240117.FIL","A00000160408","2024-01-17T15:46Z","2024-01-17T15:46Z","Illinois State Water Survey Central Analytical Laboratory",346.0,0.01940,1,"2024-01-18","A",,
"a7f39e56-8e5c-41da-860e-e3d840b76ad2","D01","HOPB","HOPB.AOS.S2","HOPB.SS.20240117.FIL","A00000160408","2024-01-17T15:46Z","2024-01-17T15:46Z","Illinois State Water Survey Central Analytical Laboratory",590.0,0.00110,1,"2024-01-18","A",,
"d25625c1-cf8b-4f39-b030-d07b0f92d83b","D01","HOPB","HOPB.AOS.S2","HOPB.SS.20240117.FIL","A00000160408","2024-01-17T15:46Z","2024-01-17T15:46Z","Illinois State Water Survey Central Analytical Laboratory",440.0,0.00460,1,"2024-01-18","B",,
"ae1cf6db-fb45-47aa-9b81-eb141788126f","D01","HOPB","HOPB.AOS.S2","HOPB.SS.20240117.FIL","A00000160408","2024-01-17T15:46Z","2024-01-17T15:46Z","Illinois State Water Survey Central Analytical Laboratory",368.0,0.01370,1,"2024-01-18","B",,
"672d99bb-1f9a-4b94-9194-d0e584ba7e55","D01","HOPB","HOPB.AOS.S2","HOPB.SS.20240117.FIL","A00000160408","2024-01-17T15:46Z","2024-01-17T15:46Z","Illinois State Water Survey Central Analytical Laboratory",304.0,0.03470,1,"2024-01-18","B",,
"90d3ca5b-24e1-465a-96d0-9eb9690f4ed6","D01","HOPB","HOPB.AOS.S2","HOPB.SS.20240117.FIL","A00000160408","2024-01-17T15:46Z","2024-01-17T15:46Z","Illinois State Water Survey Central Analytical Laboratory",300.0,0.03650,1,"2024-01-18","A",,
"dd3c984a-70fc-45ee-8a9b-1d4104533b10","D01","HOPB","HOPB.AOS.S2","HOPB.SS.20240117.FIL","A00000160408","2024-01-17T15:46Z","2024-01-17T15:46Z","Illinois State Water Survey Central Analytical Laboratory",306.0,0.03350,1,"2024-01-18","B",,
"4b40d187-de53-4174-90aa-8e3c2f5b26c5","D01","HOPB","HOPB.AOS.S2","HOPB.SS.20240117.FIL","A00000160408","2024-01-17T15:46Z","2024-01-17T15:46Z","Illinois State Water Survey Central Analytical Laboratory",306.0,0.03360,1,"2024-01-18","A",,
"f5cfcc58-76fd-4718-a9c0-ffb0db487c7b","D01","HOPB","HOPB.AOS.S2","HOPB.SS.20240117.FIL","A00000160408","2024-01-17T15:46Z","2024-01-17T15:46Z","Illinois State Water Survey Central Analytical Laboratory",504.0,0.00210,1,"2024-01-18","B",,
"1c03c713-39a2-4f54-be55-c100d8dd205d","D01","HOPB","HOPB.AOS.S2","HOPB.SS.20240117.FIL","A00000160408","2024-01-17T15:46Z","2024-01-17T15:46Z","Illinois State Water Survey Central Analytical Laboratory",348.0,0.01870,1,"2024-01-18","B",,
"c9d3c5a8-54c9-4ad9-9186-005677643b77","D01","HOPB","HOPB.AOS.S2","HOPB.SS.20240117.FIL","A00000160408","2024-01-17T15:46Z","2024-01-17T15:46Z","Illinois State Water Survey Central Analytical Laboratory",410.0,0.00710,1,"2024-01-18","B",,
"e9848cc1-05a4-41a3-88f2-00aae43186e1","D01","HOPB","HOPB.AOS.S2","HOPB.SS.20240117.FIL","A00000160408","2024-01-17T15:46Z","2024-01-17T15:46Z","Illinois State Water Survey Central Analytical Laboratory",482.0,0.00300,1,"2024-01-18","A",,
"43619a7b-1361-4cad-8ded-c08338a993ac","D01","HOPB","HOPB.AOS.S2","HOPB.SS.20240117.FIL","A00000160408","2024-01-17T15:46Z","2024-01-17T15:46Z","Illinois State Water Survey Central Analytical Laboratory",514.0,0.00220,1,"2024-01-18","A",,
"c4d3bba8-391f-456d-8bdd-f0b363c16bc0","D01","HOPB","HOPB.AOS.S2","HOPB.SS.20240117.FIL","A00000160408","2024-01-17T15:46Z","2024-01-17T15:46Z","Illinois State Water Survey Central Analytical Laboratory",320.0,0.02820,1,"2024-01-18","A",,
"e5e4185c-a420-4965-ae56-0e81098480a8","D01","HOPB","HOPB.AOS.S2","HOPB.SS.20240117.FIL","A00000160408","2024-01-17T15:46Z","2024-01-17T15:46Z","Illinois State Water Survey Central Analytical Laboratory",246.0,0.06840,1,"2024-01-18","B",,
"6b675764-6f55-4283-8814-b845d3b13ec0","D01","HOPB","HOPB.AOS.S2","HOPB.SS.20240117.FIL","A00000160408","2024-01-17T15:46Z","2024-01-17T15:46Z","Illinois State Water Survey Central Analytical Laboratory",436.0,0.00510,1,"2024-01-18","A",,
"520539f4-5e28-4e82-a6b4-96d7c56846b9","D01","HOPB","HOPB.AOS.S2","HOPB.SS.20240117.FIL","A00000160408","2024-01-17T15:46Z","2024-01-17T15:46Z","Illinois State Water Survey Central Analytical Laboratory",554.0,0.00160,1,"2024-01-18","A",,
"1bd1b828-3dae-4398-85fb-6b01cfc74885","D01","HOPB","HOPB.AOS.S2","HOPB.SS.20240117.FIL","A00000160408","2024-01-17T15:46Z","2024-01-17T15:46Z","Illinois State Water Survey Central Analytical Laboratory",260.0,0.05990,1,"2024-01-18","B",,
"871a0b28-6a59-4936-aa64-a3dea222868a","D01","HOPB","HOPB.AOS.S2","HOPB.SS.20240117.FIL","A00000160408","2024-01-17T15:46Z","2024-01-17T15:46Z","Illinois State Water Survey Central Analytical Laboratory",228.0,0.09230,1,"2024-01-18","B",,
"2b6f1fbb-ce1f-49b8-829f-dffa28b8c7ad","D01","HOPB","HOPB.AOS.S2","HOPB.SS.20240117.FIL","A00000160408","2024-01-17T15:46Z","2024-01-17T15:46Z","Illinois State Water Survey Central Analytical Laboratory",272.0,0.05250,1,"2024-01-18","B",,
"1cec79ea-3d58-44ac-a333-10c2a3ba5a32","D01","HOPB","HOPB.AOS.S2","HOPB.SS.20240117.FIL","A00000160408","2024-01-17T15:46Z","2024-01-17T15:46Z","Illinois State Water Survey Central Analytical Laboratory",456.0,0.00380,1,"2024-01-18","B",,
"0c4a61c5-a0b4-43f5-ab21-698c93fa4d03","D01","HOPB","HOPB.AOS.S2","HOPB.SS.20240117.FIL","A00000160408","2024-01-17T15:46Z","2024-01-17T15:46Z","Illinois State Water Survey Central Analytical Laboratory",568.0,0.00130,1,"2024-01-18","B",,
"d5eeef5b-66d7-404b-af30-10163fec3609","D01","HOPB","HOPB.AOS.S2","HOPB.SS.20240117.FIL","A00000160408","2024-01-17T15:46Z","2024-01-17T15:46Z","Illinois State Water Survey Central Analytical Laboratory",478.0,0.00300,1,"2024-01-18","B",,
"1b4bd301-f82d-4488-a7dc-3502ba4447a6","D01","HOPB","HOPB.AOS.S2","HOPB.SS.20240117.FIL","A00000160408","2024-01-17T15:46Z","2024-01-17T15:46Z","Illinois State Water Survey Central Analytical Laboratory",396.0,0.00860,1,"2024-01-18","B",,
"bb55b455-6c66-4d04-934c-ee5d5ec11fc9","D01","HOPB","HOPB.AOS.S2","HOPB.SS.20240117.FIL","A00000160408","2024-01-17T15:46Z","2024-01-17T15:46Z","Illinois State Water Survey Central Analytical Laboratory",416.0,0.00660,1,"2024-01-18","A",,
"6f5d3dc1-c2db-4ee5-83ab-404b53801adf","D01","HOPB","HOPB.AOS.S2","HOPB.SS.20240117.FIL","A00000160408","2024-01-17T15:46Z","2024-01-17T15:46Z","Illinois State Water Survey Central Analytical Laboratory",506.0,0.00230,1,"2024-01-18","A",,
"dd4944ce-1ebc-438d-b1f0-ffa6dcd21a20","D01","HOPB","HOPB.AOS.S2","HOPB.SS.20240117.FIL","A00000160408","2024-01-17T15:46Z","2024-01-17T15:46Z","Illinois State Water Survey Central Analytical Laboratory",578.0,0.00130,1,"2024-01-18","B",,
"65ca691a-ae7a-43ed-9af5-46c3c0c0cc2a","D01","HOPB","HOPB.AOS.S2","HOPB.SS.20240117.FIL","A00000160408","2024-01-17T15:46Z","2024-01-17T15:46Z","Illinois State Water Survey Central Analytical Laboratory",450.0,0.00410,1,"2024-01-18","B",,
"591cf0f8-34b2-49e9-802f-79d4b161bea6","D01","HOPB","HOPB.AOS.S2","HOPB.SS.20240117.FIL","A00000160408","2024-01-17T15:46Z","2024-01-17T15:46Z","Illinois State Water Survey Central Analytical Laboratory",574.0,0.00110,1,"2024-01-18","A",,
"72bed0de-9794-43e4-8de2-9081b082e717","D01","HOPB","HOPB.AOS.S2","HOPB.SS.20240117.FIL","A00000160408","2024-01-17T15:46Z","2024-01-17T15:46Z","Illinois State Water Survey Central Analytical Laboratory",428.0,0.00540,1,"2024-01-18","A",,
"24f687ff-dfc1-485e-b82a-e344b7ca91f0","D01","HOPB","HOPB.AOS.S2","HOPB.SS.20240117.FIL","A00000160408","2024-01-17T15:46Z","2024-01-17T15:46Z","Illinois State Water Survey Central Analytical Laboratory",584.0,0.00100,1,"2024-01-18","B",,
"e355fa50-facf-4067-bb53-353a7e06e0c3","D01","HOPB","HOPB.AOS.S2","HOPB.SS.20240117.FIL","A00000160408","2024-01-17T15:46Z","2024-01-17T15:46Z","Illinois State Water Survey Central Analytical Laboratory",310.0,0.03190,1,"2024-01-18","A",,
"f90dafd0-dbaa-4ad6-b458-2f31a50ab81b","D01","HOPB","HOPB.AOS.S2","HOPB.SS.20240117.FIL","A00000160408","2024-01-17T15:46Z","2024-01-17T15:46Z","Illinois State Water Survey Central Analytical Laboratory",336.0,0.02220,1,"2024-01-18","A",,
"6bf0b07b-683f-4cb0-bc8b-949373609015","D01","HOPB","HOPB.AOS.S2","HOPB.SS.20240117.FIL","A00000160408","2024-01-17T15:46Z","2024-01-17T15:46Z","Illinois State Water Survey Central Analytical Laboratory",598.0,0.00120,1,"2024-01-18","A",,
"d1a14793-a58e-4e26-9c63-7f4f308acf38","D01","HOPB","HOPB.AOS.S2","HOPB.SS.20240117.FIL","A00000160408","2024-01-17T15:46Z","2024-01-17T15:46Z","Illinois State Water Survey Central Analytical Laboratory",404.0,0.00790,1,"2024-01-18","B",,
"305ef4cb-cf3b-4950-916c-0a3974874b4e","D01","HOPB","HOPB.AOS.S2","HOPB.SS.20240117.FIL","A00000160408","2024-01-17T15:46Z","2024-01-17T15:46Z","Illinois State Water Survey Central Analytical Laboratory",332.0,0.02340,1,"2024-01-18","A",,
"c26b2d9f-c8cf-4395-9417-c35360d55318","D01","HOPB","HOPB.AOS.S2","HOPB.SS.20240117.FIL","A00000160408","2024-01-17T15:46Z","2024-01-17T15:46Z","Illinois State Water Survey Central Analytical Laboratory",282.0,0.04640,1,"2024-01-18","A",,
"4145290b-437e-43de-beef-31514eb79d0f","D01","HOPB","HOPB.AOS.S2","HOPB.SS.20240117.FIL","A00000160408","2024-01-17T15:46Z","2024-01-17T15:46Z","Illinois State Water Survey Central Analytical Laboratory",254.0,0.06330,1,"2024-01-18","A",,
"f671312f-4a61-48f0-a76f-b99c3a03130b","D01","HOPB","HOPB.AOS.S2","HOPB.SS.20240117.FIL","A00000160408","2024-01-17T15:46Z","2024-01-17T15:46Z","Illinois State Water Survey Central Analytical Laboratory",392.0,0.00940,1,"2024-01-18","B",,
"e4d6df36-d341-427d-8f7f-31110b07fe9e","D01","HOPB","HOPB.AOS.S2","HOPB.SS.20240117.FIL","A00000160408","2024-01-17T15:46Z","2024-01-17T15:46Z","Illinois State Water Survey Central Analytical Laboratory",386.0,0.01060,1,"2024-01-18","A",,
"e06cec7e-35d9-45e4-9466-13904349bf2d","D01","HOPB","HOPB.AOS.S2","HOPB.SS.20240117.FIL","A00000160408","2024-01-17T15:46Z","2024-01-17T15:46Z","Illinois State Water Survey Central Analytical Laboratory",234.0,0.08120,1,"2024-01-18","A",,
"0e1e2700-5e3d-49c1-9704-81f61b6dabdb","D01","HOPB","HOPB.AOS.S2","HOPB.SS.20240117.FIL","A00000160408","2024-01-17T15:46Z","2024-01-17T15:46Z","Illinois State Water Survey Central Analytical Laboratory",532.0,0.00210,1,"2024-01-18","A",,
"0c9a7a13-46d3-4b25-95ff-2937fdafcf31","D01","HOPB","HOPB.AOS.S2","HOPB.SS.20240117.FIL","A00000160408","2024-01-17T15:46Z","2024-01-17T15:46Z","Illinois State Water Survey Central Analytical Laboratory",528.0,0.00190,1,"2024-01-18","B",,
"d9190e25-6b91-4e39-89ae-d83653a7ff6c","D01","HOPB","HOPB.AOS.S2","HOPB.SS.20240117.FIL","A00000160408","2024-01-17T15:46Z","2024-01-17T15:46Z","Illinois State Water Survey Central Analytical Laboratory",378.0,0.01190,1,"2024-01-18","B",,
"4c43ec51-710a-4595-b8f3-8eb1edf794eb","D01","HOPB","HOPB.AOS.S2","HOPB.SS.20240117.FIL","A00000160408","2024-01-17T15:46Z","2024-01-17T15:46Z","Illinois State Water Survey Central Analytical Laboratory",594.0,0.00110,1,"2024-01-18","B",,
"626efa8f-56a9-4509-94ed-de960e635802","D01","HOPB","HOPB.AOS.S2","HOPB.SS.20240117.FIL","A00000160408","2024-01-17T15:46Z","2024-01-17T15:46Z","Illinois State Water Survey Central Analytical Laboratory",572.0,0.00150,1,"2024-01-18","B",,
"4b5d0a54-d28b-410d-b5a4-9d35f6b72e6c","D01","HOPB","HOPB.AOS.S2","HOPB.SS.20240117.FIL","A00000160408","2024-01-17T15:46Z","2024-01-17T15:46Z","Illinois State Water Survey Central Analytical Laboratory",592.0,0.00070,1,"2024-01-18","A",,
"5a1d19d9-1412-4467-bb8d-4744e8ece5f4","D01","HOPB","HOPB.AOS.S2","HOPB.SS.20240117.FIL","A00000160408","2024-01-17T15:46Z","2024-01-17T15:46Z","Illinois State Water Survey Central Analytical Laboratory",506.0,0.00210,1,"2024-01-18","B",,
"16c11bc3-02c1-4cd6-b548-496e31a9b730","D01","HOPB","HOPB.AOS.S2","HOPB.SS.20240117.FIL","A00000160408","2024-01-17T15:46Z","2024-01-17T15:46Z","Illinois State Water Survey Central Analytical Laboratory",542.0,0.00160,1,"2024-01-18","B",,
"aa3c138d-9239-427d-8b7a-e94214bedb27","D01","HOPB","HOPB.AOS.S2","HOPB.SS.20240117.FIL","A00000160408","2024-01-17T15:46Z","2024-01-17T15:46Z","Illinois State Water Survey Central Analytical Laboratory",400.0,0.00840,1,"2024-01-18","B",,
"caeb0000-c80c-4d93-a558-cc30d455e240","D01","HOPB","HOPB.AOS.S2","HOPB.SS.20240117.FIL","A00000160408","2024-01-17T15:46Z","2024-01-17T15:46Z","Illinois State Water Survey Central Analytical Laboratory",236.0,0.07850,1,"2024-01-18","B",,
"e45cd77f-990d-4787-8765-1288f6bacc86","D01","HOPB","HOPB.AOS.S2","HOPB.SS.20240117.FIL","A00000160408","2024-01-17T15:46Z","2024-01-17T15:46Z","Illinois State Water Survey Central Analytical Laboratory",318.0,0.02910,1,"2024-01-18","B",,
"4b0bc90e-cfac-46b9-8a8c-4c7e7e934b1a","D01","HOPB","HOPB.AOS.S2","HOPB.SS.20240117.FIL","A00000160408","2024-01-17T15:46Z","2024-01-17T15:46Z","Illinois State Water Survey Central Analytical Laboratory",488.0,0.00290,1,"2024-01-18","A",,
"d52ee61a-22c7-450a-be73-1cc732451650","D01","HOPB","HOPB.AOS.S2","HOPB.SS.20240117.FIL","A00000160408","2024-01-17T15:46Z","2024-01-17T15:46Z","Illinois State Water Survey Central Analytical Laboratory",266.0,0.05600,1,"2024-01-18","A",,
"01ea7deb-6031-4449-b38e-93f1ef772afe","D01","HOPB","HOPB.AOS.S2","HOPB.SS.20240117.FIL","A00000160408","2024-01-17T15:46Z","2024-01-17T15:46Z","Illinois State Water Survey Central Analytical Laboratory",362.0,0.01480,1,"2024-01-18","B",,
"f50d91fa-6210-41a9-8727-d0c4fef99ff1","D01","HOPB","HOPB.AOS.S2","HOPB.SS.20240117.FIL","A00000160408","2024-01-17T15:46Z","2024-01-17T15:46Z","Illinois State Water Survey Central Analytical Laboratory",466.0,0.00370,1,"2024-01-18","A",,
"fb2b7e06-2ef5-4ee8-90e1-3df9b2258580","D01","HOPB","HOPB.AOS.S2","HOPB.SS.20240117.FIL","A00000160408","2024-01-17T15:46Z","2024-01-17T15:46Z","Illinois State Water Survey Central Analytical Laboratory",474.0,0.00290,1,"2024-01-18","B",,
"ca79b2fa-4db6-4bda-bf02-06dd08c2a344","D01","HOPB","HOPB.AOS.S2","HOPB.SS.20240117.FIL","A00000160408","2024-01-17T15:46Z","2024-01-17T15:46Z","Illinois State Water Survey Central Analytical Laboratory",244.0,0.07010,1,"2024-01-18","B",,
"8849f573-5e91-4991-9fcf-96a83d3dac70","D01","HOPB","HOPB.AOS.S2","HOPB.SS.20240117.FIL","A00000160408","2024-01-17T15:46Z","2024-01-17T15:46Z","Illinois State Water Survey Central Analytical Laboratory",550.0,0.00160,1,"2024-01-18","B",,
"22c58ed6-4092-4ad5-9775-c9c9ed7085f4","D01","HOPB","HOPB.AOS.S2","HOPB.SS.20240117.FIL","A00000160408","2024-01-17T15:46Z","2024-01-17T15:46Z","Illinois State Water Survey Central Analytical Laboratory",384.0,0.01070,1,"2024-01-18","B",,
"50747c77-ed43-4424-9e8d-55da52482e66","D01","HOPB","HOPB.AOS.S2","HOPB.SS.20240117.FIL","A00000160408","2024-01-17T15:46Z","2024-01-17T15:46Z","Illinois State Water Survey Central Analytical Laboratory",540.0,0.00160,1,"2024-01-18","A",,
"6f8ae932-0080-49a5-8422-4873e06f6d28","D01","HOPB","HOPB.AOS.S2","HOPB.SS.20240117.FIL","A00000160408","2024-01-17T15:46Z","2024-01-17T15:46Z","Illinois State Water Survey Central Analytical Laboratory",242.0,0.07140,1,"2024-01-18","A",,
"d7fc7306-0f79-49c0-bdf6-526279ac6db5","D01","HOPB","HOPB.AOS.S2","HOPB.SS.20240117.FIL","A00000160408","2024-01-17T15:46Z","2024-01-17T15:46Z","Illinois State Water Survey Central Analytical Laboratory",422.0,0.00600,1,"2024-01-18","B",,
"0faaeb58-c91f-4c1e-b942-60991332808c","D01","HOPB","HOPB.AOS.S2","HOPB.SS.20240117.FIL","A00000160408","2024-01-17T15:46Z","2024-01-17T15:46Z","Illinois State Water Survey Central Analytical Laboratory",328.0,0.02510,1,"2024-01-18","A",,
"bfa34767-f7be-4d13-aa83-67cc41e4966c","D01","HOPB","HOPB.AOS.S2","HOPB.SS.20240117.FIL","A00000160408","2024-01-17T15:46Z","2024-01-17T15:46Z","Illinois State Water Survey Central Analytical Laboratory",292.0,0.04060,1,"2024-01-18","B",,
"d2b57e29-f6dd-4011-a083-17ff4cc71f91","D01","HOPB","HOPB.AOS.S2","HOPB.SS.20240117.FIL","A00000160408","2024-01-17T15:46Z","2024-01-17T15:46Z","Illinois State Water Survey Central Analytical Laboratory",340.0,0.02090,1,"2024-01-18","B",,
"616d1b95-df48-4497-8abd-44a2fff1e207","D01","HOPB","HOPB.AOS.S2","HOPB.SS.20240117.FIL","A00000160408","2024-01-17T15:46Z","2024-01-17T15:46Z","Illinois State Water Survey Central Analytical Laboratory",426.0,0.00580,1,"2024-01-18","B",,
"4c76a1e5-e4b1-45d6-a042-839e09dd89e5","D01","HOPB","HOPB.AOS.S2","HOPB.SS.20240117.FIL","A00000160408","2024-01-17T15:46Z","2024-01-17T15:46Z","Illinois State Water Survey Central Analytical Laboratory",588.0,0.00110,1,"2024-01-18","B",,
"ffa81673-be62-49f4-98c6-00345f7cb2ba","D01","HOPB","HOPB.AOS.S2","HOPB.SS.20240117.FIL","A00000160408","2024-01-17T15:46Z","2024-01-17T15:46Z","Illinois State Water Survey Central Analytical Laboratory",544.0,0.00180,1,"2024-01-18","B",,
"1f8c1033-1b97-42ef-8d05-451849f56b6f","D01","HOPB","HOPB.AOS.S2","HOPB.SS.20240117.FIL","A00000160408","2024-01-17T15:46Z","2024-01-17T15:46Z","Illinois State Water Survey Central Analytical Laboratory",222.0,0.10900,1,"2024-01-18","B",,
"379e2038-08fa-4771-ba9a-b9b094450f5e","D01","HOPB","HOPB.AOS.S2","HOPB.SS.20240117.FIL","A00000160408","2024-01-17T15:46Z","2024-01-17T15:46Z","Illinois State Water Survey Central Analytical Laboratory",474.0,0.00320,1,"2024-01-18","A",,
"db0f6d1a-b225-4aa8-a179-b560ea4021d7","D01","HOPB","HOPB.AOS.S2","HOPB.SS.20240117.FIL","A00000160408","2024-01-17T15:46Z","2024-01-17T15:46Z","Illinois State Water Survey Central Analytical Laboratory",238.0,0.07600,1,"2024-01-18","B",,
"e3b93906-9cc6-44fe-b8fe-641cfb28bdcb","D01","HOPB","HOPB.AOS.S2","HOPB.SS.20240117.FIL","A00000160408","2024-01-17T15:46Z","2024-01-17T15:46Z","Illinois State Water Survey Central Analytical Laboratory",360.0,0.01560,1,"2024-01-18","A",,
"acadfc4b-8419-41f4-8509-9e6df5202a00","D01","HOPB","HOPB.AOS.S2","HOPB.SS.20240117.FIL","A00000160408","2024-01-17T15:46Z","2024-01-17T15:46Z","Illinois State Water Survey Central Analytical Laboratory",276.0,0.05010,1,"2024-01-18","A",,
"dc3f1184-0332-4402-a0b6-bc8064a88a49","D01","HOPB","HOPB.AOS.S2","HOPB.SS.20240117.FIL","A00000160408","2024-01-17T15:46Z","2024-01-17T15:46Z","Illinois State Water Survey Central Analytical Laboratory",494.0,0.00280,1,"2024-01-18","A",,
"76b7e557-1129-4748-a8ab-c92f67b7d42d","D01","HOPB","HOPB.AOS.S2","HOPB.SS.20240117.FIL","A00000160408","2024-01-17T15:46Z","2024-01-17T15:46Z","Illinois State Water Survey Central Analytical Laboratory",562.0,0.00100,1,"2024-01-18","B",,
"84f50de2-9744-4ec5-ba4e-cb0a66807d91","D01","HOPB","HOPB.AOS.S2","HOPB.SS.20240117.FIL","A00000160408","2024-01-17T15:46Z","2024-01-17T15:46Z","Illinois State Water Survey Central Analytical Laboratory",458.0,0.00390,1,"2024-01-18","B",,
"54d2504c-8e71-43f3-bca2-e6c26c6c3a63","D01","HOPB","HOPB.AOS.S2","HOPB.SS.20240117.FIL","A00000160408","2024-01-17T15:46Z","2024-01-17T15:46Z","Illinois State Water Survey Central Analytical Laboratory",414.0,0.00660,1,"2024-01-18","B",,
"cf88744d-5fbc-453d-9360-aefad9bc5628","D01","HOPB","HOPB.AOS.S2","HOPB.SS.20240117.FIL","A00000160408","2024-01-17T15:46Z","2024-01-17T15:46Z","Illinois State Water Survey Central Analytical Laboratory",280.0,0.04760,1,"2024-01-18","B",,
"224e3687-a701-4f92-911f-9cd348d3779e","D01","HOPB","HOPB.AOS.S2","HOPB.SS.20240117.FIL","A00000160408","2024-01-17T15:46Z","2024-01-17T15:46Z","Illinois State Water Survey Central Analytical Laboratory",522.0,0.00220,1,"2024-01-18","B",,
"f10a04b2-efb5-464d-956a-a376e44b3e70","D01","HOPB","HOPB.AOS.S2","HOPB.SS.20240117.FIL","A00000160408","2024-01-17T15:46Z","2024-01-17T15:46Z","Illinois State Water Survey Central Analytical Laboratory",274.0,0.05140,1,"2024-01-18","B",,
"5c2e6980-2baa-41ce-ba0b-88153ec0f417","D01","HOPB","HOPB.AOS.S2","HOPB.SS.20240117.FIL","A00000160408","2024-01-17T15:46Z","2024-01-17T15:46Z","Illinois State Water Survey Central Analytical Laboratory",302.0,0.03560,1,"2024-01-18","B",,
"314e1bdd-812a-4c29-8337-348e14725325","D01","HOPB","HOPB.AOS.S2","HOPB.SS.20240117.FIL","A00000160408","2024-01-17T15:46Z","2024-01-17T15:46Z","Illinois State Water Survey Central Analytical Laboratory",256.0,0.06230,1,"2024-01-18","B",,
"2c1e14a2-7530-42ff-b0a0-e410d649a4eb","D01","HOPB","HOPB.AOS.S2","HOPB.SS.20240117.FIL","A00000160408","2024-01-17T15:46Z","2024-01-17T15:46Z","Illinois State Water Survey Central Analytical Laboratory",382.0,0.01090,1,"2024-01-18","A",,
"78fa8d58-5c2e-4e08-837a-ef14e47fda8b","D01","HOPB","HOPB.AOS.S2","HOPB.SS.20240117.FIL","A00000160408","2024-01-17T15:46Z","2024-01-17T15:46Z","Illinois State Water Survey Central Analytical Laboratory",408.0,0.00720,1,"2024-01-18","B",,
"8310d73e-dfce-4b85-bf33-13863e847c4e","D01","HOPB","HOPB.AOS.S2","HOPB.SS.20240117.FIL","A00000160408","2024-01-17T15:46Z","2024-01-17T15:46Z","Illinois State Water Survey Central Analytical Laboratory",510.0,0.00210,1,"2024-01-18","B",,
"805b841b-90b5-4f01-a79b-25d38703375e","D01","HOPB","HOPB.AOS.S2","HOPB.SS.20240117.FIL","A00000160408","2024-01-17T15:46Z","2024-01-17T15:46Z","Illinois State Water Survey Central Analytical Laboratory",420.0,0.00610,1,"2024-01-18","B",,
"9fc41cc6-6956-44d6-9ec2-b0415c5babf6","D01","HOPB","HOPB.AOS.S2","HOPB.SS.20240117.FIL","A00000160408","2024-01-17T15:46Z","2024-01-17T15:46Z","Illinois State Water Survey Central Analytical Laboratory",454.0,0.00410,1,"2024-01-18","B",,
"0db15602-8130-4026-98b4-cbb70c19e6e9","D01","HOPB","HOPB.AOS.S2","HOPB.SS.20240117.FIL","A00000160408","2024-01-17T15:46Z","2024-01-17T15:46Z","Illinois State Water Survey Central Analytical Laboratory",558.0,0.00120,1,"2024-01-18","B",,
"e0d29bc1-30e7-4cbb-b54f-151ad7e1a78d","D01","HOPB","HOPB.AOS.S2","HOPB.SS.20240117.FIL","A00000160408","2024-01-17T15:46Z","2024-01-17T15:46Z","Illinois State Water Survey Central Analytical Laboratory",296.0,0.03830,1,"2024-01-18","B",,
"343e77e4-5b8d-473e-9d69-3be9471ea9e4","D01","HOPB","HOPB.AOS.S2","HOPB.SS.20240117.FIL","A00000160408","2024-01-17T15:46Z","2024-01-17T15:46Z","Illinois State Water Survey Central Analytical Laboratory",464.0,0.00360,1,"2024-01-18","A",,
"8b2e2c3c-b010-4dc8-8175-332c9f4238a2","D01","HOPB","HOPB.AOS.S2","HOPB.SS.20240117.FIL","A00000160408","2024-01-17T15:46Z","2024-01-17T15:46Z","Illinois State Water Survey Central Analytical Laboratory",510.0,0.00220,1,"2024-01-18","A",,
"37a1249d-718b-47ef-a6e3-058e58d1c883","D01","HOPB","HOPB.AOS.S2","HOPB.SS.20240117.FIL","A00000160408","2024-01-17T15:46Z","2024-01-17T15:46Z","Illinois State Water Survey Central Analytical Laboratory",498.0,0.00290,1,"2024-01-18","A",,
"6763f877-801b-4466-a316-df3291159bf8","D01","HOPB","HOPB.AOS.S2","HOPB.SS.20240117.FIL","A00000160408","2024-01-17T15:46Z","2024-01-17T15:46Z","Illinois State Water Survey Central Analytical Laboratory",264.0,0.05720,1,"2024-01-18","A",,
"3ce604ff-13cf-4c87-abfa-eb37454d89db","D01","HOPB","HOPB.AOS.S2","HOPB.SS.20240117.FIL","A00000160408","2024-01-17T15:46Z","2024-01-17T15:46Z","Illinois State Water Survey Central Analytical Laboratory",546.0,0.00140,1,"2024-01-18","B",,
"780a0005-f235-4077-8b5e-247c5d1abddb","D01","HOPB","HOPB.AOS.S2","HOPB.SS.20240117.FIL","A00000160408","2024-01-17T15:46Z","2024-01-17T15:46Z","Illinois State Water Survey Central Analytical Laboratory",374.0,0.01230,1,"2024-01-18","B",,
"e0390828-88ad-4517-8bc4-1cd053146c8b","D01","HOPB","HOPB.AOS.S2","HOPB.SS.20240117.FIL","A00000160408","2024-01-17T15:46Z","2024-01-17T15:46Z","Illinois State Water Survey Central Analytical Laboratory",380.0,0.01130,1,"2024-01-18","B",,
"bcd2698d-e7be-4104-b537-2b297a8c6b3e","D01","HOPB","HOPB.AOS.S2","HOPB.SS.20240117.FIL","A00000160408","2024-01-17T15:46Z","2024-01-17T15:46Z","Illinois State Water Survey Central Analytical Laboratory",334.0,0.02290,1,"2024-01-18","B",,
"8ffebd78-1dc1-4832-b38a-6393aa05e7a8","D01","HOPB","HOPB.AOS.S2","HOPB.SS.20240117.FIL","A00000160408","2024-01-17T15:46Z","2024-01-17T15:46Z","Illinois State Water Survey Central Analytical Laboratory",540.0,0.00160,1,"2024-01-18","B",,
"55f236a5-6a36-41b6-a1de-843691299122","D01","HOPB","HOPB.AOS.S2","HOPB.SS.20240117.FIL","A00000160408","2024-01-17T15:46Z","2024-01-17T15:46Z","Illinois State Water Survey Central Analytical Laboratory",278.0,0.04900,1,"2024-01-18","A",,
"194a0327-d440-4a6e-b76e-b5e05cd9c212","D01","HOPB","HOPB.AOS.S2","HOPB.SS.20240117.FIL","A00000160408","2024-01-17T15:46Z","2024-01-17T15:46Z","Illinois State Water Survey Central Analytical Laboratory",398.0,0.00870,1,"2024-01-18","B",,
"657817c1-c63d-4a9e-867f-5e83cee6c005","D01","HOPB","HOPB.AOS.S2","HOPB.SS.20240117.FIL","A00000160408","2024-01-17T15:46Z","2024-01-17T15:46Z","Illinois State Water Survey Central Analytical Laboratory",496.0,0.00250,1,"2024-01-18","A",,
"32336c10-e176-47b1-8bd5-16a9423d0346","D01","HOPB","HOPB.AOS.S2","HOPB.SS.20240117.FIL","A00000160408","2024-01-17T15:46Z","2024-01-17T15:46Z","Illinois State Water Survey Central Analytical Laboratory",492.0,0.00300,1,"2024-01-18","A",,
"26777bd2-97d0-465a-9f9c-7c6d02769ebf","D01","HOPB","HOPB.AOS.S2","HOPB.SS.20240117.FIL","A00000160408","2024-01-17T15:46Z","2024-01-17T15:46Z","Illinois State Water Survey Central Analytical Laboratory",224.0,0.10270,1,"2024-01-18","B",,
"d1860e42-9e5b-479e-8da4-473c64e240d6","D01","HOPB","HOPB.AOS.S2","HOPB.SS.20240117.FIL","A00000160408","2024-01-17T15:46Z","2024-01-17T15:46Z","Illinois State Water Survey Central Analytical Laboratory",232.0,0.08480,1,"2024-01-18","A",,
"de3afc14-7311-4e38-b340-fa8bc7cd575f","D01","HOPB","HOPB.AOS.S2","HOPB.SS.20240117.FIL","A00000160408","2024-01-17T15:46Z","2024-01-17T15:46Z","Illinois State Water Survey Central Analytical Laboratory",284.0,0.04530,1,"2024-01-18","A",,
"af349e0b-ed14-488a-818a-4d26a01927a2","D01","HOPB","HOPB.AOS.S2","HOPB.SS.20240117.FIL","A00000160408","2024-01-17T15:46Z","2024-01-17T15:46Z","Illinois State Water Survey Central Analytical Laboratory",232.0,0.08490,1,"2024-01-18","B",,
"9b2da4cd-0b29-4515-a770-2e44d99377ce","D01","HOPB","HOPB.AOS.S2","HOPB.SS.20240117.FIL","A00000160408","2024-01-17T15:46Z","2024-01-17T15:46Z","Illinois State Water Survey Central Analytical Laboratory",296.0,0.03830,1,"2024-01-18","A",,
"05d23389-b6b9-415d-bed1-acb5779f1c68","D01","HOPB","HOPB.AOS.S2","HOPB.SS.20240117.FIL","A00000160408","2024-01-17T15:46Z","2024-01-17T15:46Z","Illinois State Water Survey Central Analytical Laboratory",416.0,0.00650,1,"2024-01-18","B",,
"7000dd2b-0186-4a7c-a9ea-9649f337ce27","D01","HOPB","HOPB.AOS.S2","HOPB.SS.20240117.FIL","A00000160408","2024-01-17T15:46Z","2024-01-17T15:46Z","Illinois State Water Survey Central Analytical Laboratory",444.0,0.00460,1,"2024-01-18","A",,
"ac859091-8f93-4abb-a135-c230a398613f","D01","HOPB","HOPB.AOS.S2","HOPB.SS.20240117.FIL","A00000160408","2024-01-17T15:46Z","2024-01-17T15:46Z","Illinois State Water Survey Central Analytical Laboratory",228.0,0.09230,1,"2024-01-18","A",,
"9382df7a-ae10-4ee6-bdb0-13e704b9a856","D01","HOPB","HOPB.AOS.S2","HOPB.SS.20240117.FIL","A00000160408","2024-01-17T15:46Z","2024-01-17T15:46Z","Illinois State Water Survey Central Analytical Laboratory",466.0,0.00340,1,"2024-01-18","B",,
"ce5654a3-6d92-4e8b-848b-73613518b774","D01","HOPB","HOPB.AOS.S2","HOPB.SS.20240117.FIL","A00000160408","2024-01-17T15:46Z","2024-01-17T15:46Z","Illinois State Water Survey Central Analytical Laboratory",444.0,0.00430,1,"2024-01-18","B",,
"4ce899fa-b138-49c1-a511-0be148560f2c","D01","HOPB","HOPB.AOS.S2","HOPB.SS.20240117.FIL","A00000160408","2024-01-17T15:46Z","2024-01-17T15:46Z","Illinois State Water Survey Central Analytical Laboratory",376.0,0.01220,1,"2024-01-18","B",,
"413d370b-452d-46e3-a43a-1a48a22558a5","D01","HOPB","HOPB.AOS.S2","HOPB.SS.20240117.FIL","A00000160408","2024-01-17T15:46Z","2024-01-17T15:46Z","Illinois State Water Survey Central Analytical Laboratory",288.0,0.04300,1,"2024-01-18","A",,
"1433edab-a823-477f-8262-f97bfc78fa36","D01","HOPB","HOPB.AOS.S2","HOPB.SS.20240117.FIL","A00000160408","2024-01-17T15:46Z","2024-01-17T15:46Z","Illinois State Water Survey Central Analytical Laboratory",332.0,0.02340,1,"2024-01-18","B",,
"db9667a2-b391-40c6-8bce-cbf219bfd933","D01","HOPB","HOPB.AOS.S2","HOPB.SS.20240117.FIL","A00000160408","2024-01-17T15:46Z","2024-01-17T15:46Z","Illinois State Water Survey Central Analytical Laboratory",420.0,0.00610,1,"2024-01-18","A",,
"2752f72a-df01-42c1-bba5-4e2f14321304","D01","HOPB","HOPB.AOS.S2","HOPB.SS.20240117.FIL","A00000160408","2024-01-17T15:46Z","2024-01-17T15:46Z","Illinois State Water Survey Central Analytical Laboratory",294.0,0.03950,1,"2024-01-18","A",,
"eb2f44d2-2553-4bb6-88f8-c29363307f7a","D01","HOPB","HOPB.AOS.S2","HOPB.SS.20240117.FIL","A00000160408","2024-01-17T15:46Z","2024-01-17T15:46Z","Illinois State Water Survey Central Analytical Laboratory",310.0,0.03190,1,"2024-01-18","B",,
"f1558649-eb46-40b2-a1dc-c482d22352b8","D01","HOPB","HOPB.AOS.S2","HOPB.SS.20240117.FIL","A00000160408","2024-01-17T15:46Z","2024-01-17T15:46Z","Illinois State Water Survey Central Analytical Laboratory",284.0,0.04530,1,"2024-01-18","B",,
"de273e9c-b63a-4d3e-9f00-fc7d8eebbd69","D01","HOPB","HOPB.AOS.S2","HOPB.SS.20240117.FIL","A00000160408","2024-01-17T15:46Z","2024-01-17T15:46Z","Illinois State Water Survey Central Analytical Laboratory",490.0,0.00260,1,"2024-01-18","A",,
"666628e5-011a-4914-a0fa-a267da1aed50","D01","HOPB","HOPB.AOS.S2","HOPB.SS.20240117.FIL","A00000160408","2024-01-17T15:46Z","2024-01-17T15:46Z","Illinois State Water Survey Central Analytical Laboratory",494.0,0.00260,1,"2024-01-18","B",,
"48cba78e-64c6-41b7-94a1-20c3093e1095","D01","HOPB","HOPB.AOS.S2","HOPB.SS.20240117.FIL","A00000160408","2024-01-17T15:46Z","2024-01-17T15:46Z","Illinois State Water Survey Central Analytical Laboratory",316.0,0.02950,1,"2024-01-18","B",,
"fac4abc5-8a29-4311-bc58-ccb01e0821a7","D01","HOPB","HOPB.AOS.S2","HOPB.SS.20240117.FIL","A00000160408","2024-01-17T15:46Z","2024-01-17T15:46Z","Illinois State Water Survey Central Analytical Laboratory",404.0,0.00800,1,"2024-01-18","A",,
"4941687a-4d11-4ae0-adb9-307ef393756c","D01","HOPB","HOPB.AOS.S2","HOPB.SS.20240117.FIL","A00000160408","2024-01-17T15:46Z","2024-01-17T15:46Z","Illinois State Water Survey Central Analytical Laboratory",470.0,0.00340,1,"2024-01-18","A",,
"1562e150-cb72-4729-923a-bee90b5d3486","D01","HOPB","HOPB.AOS.S2","HOPB.SS.20240117.FIL","A00000160408","2024-01-17T15:46Z","2024-01-17T15:46Z","Illinois State Water Survey Central Analytical Laboratory",356.0,0.01660,1,"2024-01-18","A",,
"08e2f759-293a-4240-8848-53493e3ec90f","D01","HOPB","HOPB.AOS.S2","HOPB.SS.20240117.FIL","A00000160408","2024-01-17T15:46Z","2024-01-17T15:46Z","Illinois State Water Survey Central Analytical Laboratory",536.0,0.00170,1,"2024-01-18","B",,
"e61096ac-e9e4-4859-ad86-6268b326f376","D01","HOPB","HOPB.AOS.S2","HOPB.SS.20240117.FIL","A00000160408","2024-01-17T15:46Z","2024-01-17T15:46Z","Illinois State Water Survey Central Analytical Laboratory",366.0,0.01420,1,"2024-01-18","B",,
"ed9e59cf-7413-4f0f-90e9-adc6366004cf","D01","HOPB","HOPB.AOS.S2","HOPB.SS.20240117.FIL","A00000160408","2024-01-17T15:46Z","2024-01-17T15:46Z","Illinois State Water Survey Central Analytical Laboratory",508.0,0.00240,1,"2024-01-18","A",,
"27409754-c063-4845-aa51-1b01a2b743bf","D01","HOPB","HOPB.AOS.S2","HOPB.SS.20240117.FIL","A00000160408","2024-01-17T15:46Z","2024-01-17T15:46Z","Illinois State Water Survey Central Analytical Laboratory",288.0,0.04300,1,"2024-01-18","B",,
"19f49b78-c790-4259-a8bf-836cd1c5ae1a","D01","HOPB","HOPB.AOS.S2","HOPB.SS.20240117.FIL","A00000160408","2024-01-17T15:46Z","2024-01-17T15:46Z","Illinois State Water Survey Central Analytical Laboratory",422.0,0.00610,1,"2024-01-18","A",,
"de79acd3-edf9-49c5-b687-98b56034fa19","D01","HOPB","HOPB.AOS.S2","HOPB.SS.20240117.FIL","A00000160408","2024-01-17T15:46Z","2024-01-17T15:46Z","Illinois State Water Survey Central Analytical Laboratory",328.0,0.02520,1,"2024-01-18","B",,
"fbf544e1-1d44-4e83-9d9d-5832b34c5110","D01","HOPB","HOPB.AOS.S2","HOPB.SS.20240117.FIL","A00000160408","2024-01-17T15:46Z","2024-01-17T15:46Z","Illinois State Water Survey Central Analytical Laboratory",484.0,0.00270,1,"2024-01-18","A",,
"b3b88382-2dd9-4e5b-b84a-4b138ff3d68d","D01","HOPB","HOPB.AOS.S2","HOPB.SS.20240117.FIL","A00000160408","2024-01-17T15:46Z","2024-01-17T15:46Z","Illinois State Water Survey Central Analytical Laboratory",230.0,0.08870,1,"2024-01-18","B",,
"aa51faf2-4126-4adc-a311-4876ae16f1a5","D01","HOPB","HOPB.AOS.S2","HOPB.SS.20240117.FIL","A00000160408","2024-01-17T15:46Z","2024-01-17T15:46Z","Illinois State Water Survey Central Analytical Laboratory",348.0,0.01860,1,"2024-01-18","A",,
"068bdda1-6231-4139-93c0-21404a9d9532","D01","HOPB","HOPB.AOS.S2","HOPB.SS.20240117.FIL","A00000160408","2024-01-17T15:46Z","2024-01-17T15:46Z","Illinois State Water Survey Central Analytical Laboratory",286.0,0.04410,1,"2024-01-18","B",,
"6196e083-bb5b-41f2-ae87-c69e641dbd35","D01","HOPB","HOPB.AOS.S2","HOPB.SS.20240117.FIL","A00000160408","2024-01-17T15:46Z","2024-01-17T15:46Z","Illinois State Water Survey Central Analytical Laboratory",370.0,0.01350,1,"2024-01-18","B",,
"688c1c0a-448b-4902-b54f-c29ab64ac9b3","D01","HOPB","HOPB.AOS.S2","HOPB.SS.20240117.FIL","A00000160408","2024-01-17T15:46Z","2024-01-17T15:46Z","Illinois State Water Survey Central Analytical Laboratory",534.0,0.00180,1,"2024-01-18","A",,
"9a4946d6-b698-491f-a45c-3abbb181f176","D01","HOPB","HOPB.AOS.S2","HOPB.SS.20240117.FIL","A00000160408","2024-01-17T15:46Z","2024-01-17T15:46Z","Illinois State Water Survey Central Analytical Laboratory",280.0,0.04750,1,"2024-01-18","A",,
"93d0c75e-16f4-410e-82f2-d6e7ce3d85a2","D01","HOPB","HOPB.AOS.S2","HOPB.SS.20240117.FIL","A00000160408","2024-01-17T15:46Z","2024-01-17T15:46Z","Illinois State Water Survey Central Analytical Laboratory",330.0,0.02440,1,"2024-01-18","A",,
"0264498f-5ed8-4440-9b49-17b9f419b519","D01","HOPB","HOPB.AOS.S2","HOPB.SS.20240117.FIL","A00000160408","2024-01-17T15:46Z","2024-01-17T15:46Z","Illinois State Water Survey Central Analytical Laboratory",524.0,0.00210,1,"2024-01-18","B",,
"60213dd9-bbd7-497a-b6b9-e3427939f12d","D01","HOPB","HOPB.AOS.S2","HOPB.SS.20240117.FIL","A00000160408","2024-01-17T15:46Z","2024-01-17T15:46Z","Illinois State Water Survey Central Analytical Laboratory",460.0,0.00350,1,"2024-01-18","B",,
"2d41c919-8633-4cb7-9ea7-6e7cb38caede","D01","HOPB","HOPB.AOS.S2","HOPB.SS.20240117.FIL","A00000160408","2024-01-17T15:46Z","2024-01-17T15:46Z","Illinois State Water Survey Central Analytical Laboratory",518.0,0.00200,1,"2024-01-18","B",,
"4a3cefdc-42c6-4ad7-be82-e1c57f965c37","D01","HOPB","HOPB.AOS.S2","HOPB.SS.20240117.FIL","A00000160408","2024-01-17T15:46Z","2024-01-17T15:46Z","Illinois State Water Survey Central Analytical Laboratory",326.0,0.02580,1,"2024-01-18","A",,
"6862f5c7-eafc-475f-99c4-70f9d1191e70","D01","HOPB","HOPB.AOS.S2","HOPB.SS.20240117.FIL","A00000160408","2024-01-17T15:46Z","2024-01-17T15:46Z","Illinois State Water Survey Central Analytical Laboratory",572.0,0.00110,1,"2024-01-18","A",,
"cfc214fd-b991-4c69-82d5-2bfc9a369405","D01","HOPB","HOPB.AOS.S2","HOPB.SS.20240117.FIL","A00000160408","2024-01-17T15:46Z","2024-01-17T15:46Z","Illinois State Water Survey Central Analytical Laboratory",516.0,0.00230,1,"2024-01-18","B",,
"9d17f8be-68a2-44f2-a720-b512c8de714d","D01","HOPB","HOPB.AOS.S2","HOPB.SS.20240117.FIL","A00000160408","2024-01-17T15:46Z","2024-01-17T15:46Z","Illinois State Water Survey Central Analytical Laboratory",268.0,0.05490,1,"2024-01-18","B",,
"19e60df2-a741-49da-bc62-9d3a70e12380","D01","HOPB","HOPB.AOS.S2","HOPB.SS.20240117.FIL","A00000160408","2024-01-17T15:46Z","2024-01-17T15:46Z","Illinois State Water Survey Central Analytical Laboratory",378.0,0.01170,1,"2024-01-18","A",,
"3346379d-0d46-4db9-a0fb-495cecd8ec3f","D01","HOPB","HOPB.AOS.S2","HOPB.SS.20240117.FIL","A00000160408","2024-01-17T15:46Z","2024-01-17T15:46Z","Illinois State Water Survey Central Analytical Laboratory",298.0,0.03760,1,"2024-01-18","B",,
"d194d276-88e6-4780-9db3-f7ccbbdaac19","D01","HOPB","HOPB.AOS.S2","HOPB.SS.20240117.FIL","A00000160408","2024-01-17T15:46Z","2024-01-17T15:46Z","Illinois State Water Survey Central Analytical Laboratory",360.0,0.01570,1,"2024-01-18","B",,
"b0c73351-4e8d-49fb-8cb5-ec0d094caf03","D01","HOPB","HOPB.AOS.S2","HOPB.SS.20240117.FIL","A00000160408","2024-01-17T15:46Z","2024-01-17T15:46Z","Illinois State Water Survey Central Analytical Laboratory",448.0,0.00420,1,"2024-01-18","B",,
"5ac60d8e-242f-4de5-8e6b-5897bd2e53d5","D01","HOPB","HOPB.AOS.S2","HOPB.SS.20240117.FIL","A00000160408","2024-01-17T15:46Z","2024-01-17T15:46Z","Illinois State Water Survey Central Analytical Laboratory",372.0,0.01280,1,"2024-01-18","B",,
"c196b417-7a6e-4fa5-b1fb-d0682acafda3","D01","HOPB","HOPB.AOS.S2","HOPB.SS.20240117.FIL","A00000160408","2024-01-17T15:46Z","2024-01-17T15:46Z","Illinois State Water Survey Central Analytical Laboratory",246.0,0.06810,1,"2024-01-18","A",,
"17f92554-cd68-4e70-92cf-4091d8ca742c","D01","HOPB","HOPB.AOS.S2","HOPB.SS.20240117.FIL","A00000160408","2024-01-17T15:46Z","2024-01-17T15:46Z","Illinois State Water Survey Central Analytical Laboratory",600.0,0.00060,1,"2024-01-18","A",,
"a2820a18-77b0-4889-a9ab-25c6f7737972","D01","HOPB","HOPB.AOS.S2","HOPB.SS.20240117.FIL","A00000160408","2024-01-17T15:46Z","2024-01-17T15:46Z","Illinois State Water Survey Central Analytical Laboratory",448.0,0.00430,1,"2024-01-18","A",,
"580bf742-9b1a-4e0f-b245-b18385bb911d","D01","HOPB","HOPB.AOS.S2","HOPB.SS.20240117.FIL","A00000160408","2024-01-17T15:46Z","2024-01-17T15:46Z","Illinois State Water Survey Central Analytical Laboratory",402.0,0.00790,1,"2024-01-18","B",,
"00f5de71-2b7f-46d8-8b2b-860d70e5c9f5","D01","HOPB","HOPB.AOS.S2","HOPB.SS.20240117.FIL","A00000160408","2024-01-17T15:46Z","2024-01-17T15:46Z","Illinois State Water Survey Central Analytical Laboratory",570.0,0.00160,1,"2024-01-18","B",,
"ffc53f05-978c-4cfa-801c-b65ee7d9ceda","D01","HOPB","HOPB.AOS.S2","HOPB.SS.20240117.FIL","A00000160408","2024-01-17T15:46Z","2024-01-17T15:46Z","Illinois State Water Survey Central Analytical Laboratory",600.0,0.00110,1,"2024-01-18","B",,
"cb3568c1-6ab4-46d4-ae9f-b62ac16201af","D01","HOPB","HOPB.AOS.S2","HOPB.SS.20240117.FIL","A00000160408","2024-01-17T15:46Z","2024-01-17T15:46Z","Illinois State Water Survey Central Analytical Laboratory",530.0,0.00180,1,"2024-01-18","B",,
"e1836274-c7b7-4c27-82c2-137426f284d9","D01","HOPB","HOPB.AOS.S2","HOPB.SS.20240117.FIL","A00000160408","2024-01-17T15:46Z","2024-01-17T15:46Z","Illinois State Water Survey Central Analytical Laboratory",260.0,0.05990,1,"2024-01-18","A",,
"363a8fd1-c19c-47f7-87df-08870e4b844a","D01","HOPB","HOPB.AOS.S2","HOPB.SS.20240117.FIL","A00000160408","2024-01-17T15:46Z","2024-01-17T15:46Z","Illinois State Water Survey Central Analytical Laboratory",598.0,0.00120,1,"2024-01-18","B",,
"f5f7ef5d-b32b-49a3-b941-be1bbe5003fa","D01","HOPB","HOPB.AOS.S2","HOPB.SS.20240117.FIL","A00000160408","2024-01-17T15:46Z","2024-01-17T15:46Z","Illinois State Water Survey Central Analytical Laboratory",594.0,0.00100,1,"2024-01-18","A",,
"1cf81cb7-bb45-4ef8-8a1a-55590265365c","D01","HOPB","HOPB.AOS.S2","HOPB.SS.20240117.FIL","A00000160408","2024-01-17T15:46Z","2024-01-17T15:46Z","Illinois State Water Survey Central Analytical Laboratory",382.0,0.01100,1,"2024-01-18","B",,
"2e7a2930-1150-4a51-93ca-cdafc44d77f2","D01","HOPB","HOPB.AOS.S2","HOPB.SS.20240117.FIL","A00000160408","2024-01-17T15:46Z","2024-01-17T15:46Z","Illinois State Water Survey Central Analytical Laboratory",300.0,0.03650,1,"2024-01-18","B",,
"c0cd51ad-d7c8-4e40-8f9b-3d63273860fe","D01","HOPB","HOPB.AOS.S2","HOPB.SS.20240117.FIL","A00000160408","2024-01-17T15:46Z","2024-01-17T15:46Z","Illinois State Water Survey Central Analytical Laboratory",406.0,0.00770,1,"2024-01-18","B",,
"509a71d5-3831-4363-856c-323c9740b3de","D01","HOPB","HOPB.AOS.S2","HOPB.SS.20240117.FIL","A00000160408","2024-01-17T15:46Z","2024-01-17T15:46Z","Illinois State Water Survey Central Analytical Laboratory",528.0,0.00210,1,"2024-01-18","A",,
"ebeb6481-a977-4ad6-a4ae-f98eac04373d","D01","HOPB","HOPB.AOS.S2","HOPB.SS.20240117.FIL","A00000160408","2024-01-17T15:46Z","2024-01-17T15:46Z","Illinois State Water Survey Central Analytical Laboratory",526.0,0.00190,1,"2024-01-18","A",,
"81ff6241-3bab-430d-8a48-6caf53a9fbe3","D01","HOPB","HOPB.AOS.S2","HOPB.SS.20240117.FIL","A00000160408","2024-01-17T15:46Z","2024-01-17T15:46Z","Illinois State Water Survey Central Analytical Laboratory",446.0,0.00440,1,"2024-01-18","B",,
"bc5a4ead-3712-4f8c-834c-6a3cdc2103e1","D01","HOPB","HOPB.AOS.S2","HOPB.SS.20240117.FIL","A00000160408","2024-01-17T15:46Z","2024-01-17T15:46Z","Illinois State Water Survey Central Analytical Laboratory",550.0,0.00150,1,"2024-01-18","A",,
"a148cd0e-1c06-490a-959a-74916d20a004","D01","HOPB","HOPB.AOS.S2","HOPB.SS.20240117.FIL","A00000160408","2024-01-17T15:46Z","2024-01-17T15:46Z","Illinois State Water Survey Central Analytical Laboratory",298.0,0.03750,1,"2024-01-18","A",,
"538a1c94-957f-4398-9a4f-313902d23c96","D01","HOPB","HOPB.AOS.S2","HOPB.SS.20240117.FIL","A00000160408","2024-01-17T15:46Z","2024-01-17T15:46Z","Illinois State Water Survey Central Analytical Laboratory",578.0,0.00090,1,"2024-01-18","A",,
"f9752635-0be5-4abc-acfe-e07f069da2fa","D01","HOPB","HOPB.AOS.S2","HOPB.SS.20240117.FIL","A00000160408","2024-01-17T15:46Z","2024-01-17T15:46Z","Illinois State Water Survey Central Analytical Laboratory",376.0,0.01200,1,"2024-01-18","A",,
"0ac68c97-7cc8-4bc2-a499-7b7332488577","D01","HOPB","HOPB.AOS.S2","HOPB.SS.20240117.FIL","A00000160408","2024-01-17T15:46Z","2024-01-17T15:46Z","Illinois State Water Survey Central Analytical Laboratory",302.0,0.03550,1,"2024-01-18","A",,
"0d159cc3-f567-40df-9c3c-75f2ab044a9c","D01","HOPB","HOPB.AOS.S2","HOPB.SS.20240117.FIL","A00000160408","2024-01-17T15:46Z","2024-01-17T15:46Z","Illinois State Water Survey Central Analytical Laboratory",388.0,0.00980,1,"2024-01-18","B",,
"f7935859-a376-4e80-833b-146f8d590ce5","D01","HOPB","HOPB.AOS.S2","HOPB.SS.20240117.FIL","A00000160408","2024-01-17T15:46Z","2024-01-17T15:46Z","Illinois State Water Survey Central Analytical Laboratory",364.0,0.01470,1,"2024-01-18","B",,
"e7b2d2a9-97d7-46fb-99dc-deed556a98f9","D01","HOPB","HOPB.AOS.S2","HOPB.SS.20240117.FIL","A00000160408","2024-01-17T15:46Z","2024-01-17T15:46Z","Illinois State Water Survey Central Analytical Laboratory",576.0,0.00140,1,"2024-01-18","B",,
"db2eb56d-73c1-4c60-beae-ae6959453e25","D01","HOPB","HOPB.AOS.S2","HOPB.SS.20240117.FIL","A00000160408","2024-01-17T15:46Z","2024-01-17T15:46Z","Illinois State Water Survey Central Analytical Laboratory",342.0,0.02030,1,"2024-01-18","A",,
"a5b56919-1c7c-4b82-b2fc-fa043b56ebe6","D01","HOPB","HOPB.AOS.S2","HOPB.SS.20240117.FIL","A00000160408","2024-01-17T15:46Z","2024-01-17T15:46Z","Illinois State Water Survey Central Analytical Laboratory",586.0,0.00110,1,"2024-01-18","B",,
"be02cabe-0ce2-4cb7-a238-e7ea24cbc635","D01","HOPB","HOPB.AOS.S2","HOPB.SS.20240117.FIL","A00000160408","2024-01-17T15:46Z","2024-01-17T15:46Z","Illinois State Water Survey Central Analytical Laboratory",538.0,0.00170,1,"2024-01-18","A",,
"b1196e73-8ceb-45ea-b1bc-916fa7a275bb","D01","HOPB","HOPB.AOS.S2","HOPB.SS.20240117.FIL","A00000160408","2024-01-17T15:46Z","2024-01-17T15:46Z","Illinois State Water Survey Central Analytical Laboratory",344.0,0.01990,1,"2024-01-18","A",,
"f2cd8c5e-4f1c-49c7-a74d-b71f5436ea0d","D01","HOPB","HOPB.AOS.S2","HOPB.SS.20240117.FIL","A00000160408","2024-01-17T15:46Z","2024-01-17T15:46Z","Illinois State Water Survey Central Analytical Laboratory",432.0,0.00530,1,"2024-01-18","A",,
"54890c39-be4d-44d7-934c-dc5540f878b3","D01","HOPB","HOPB.AOS.S2","HOPB.SS.20240117.FIL","A00000160408","2024-01-17T15:46Z","2024-01-17T15:46Z","Illinois State Water Survey Central Analytical Laboratory",452.0,0.00400,1,"2024-01-18","B",,
"b87be9d7-7bc2-4298-92e6-6292446a9c32","D01","HOPB","HOPB.AOS.S2","HOPB.SS.20240117.FIL","A00000160408","2024-01-17T15:46Z","2024-01-17T15:46Z","Illinois State Water Survey Central Analytical Laboratory",472.0,0.00330,1,"2024-01-18","A",,
"14e44141-aa4f-4ab8-88c3-38ce4763b9f8","D01","HOPB","HOPB.AOS.S2","HOPB.SS.20240117.FIL","A00000160408","2024-01-17T15:46Z","2024-01-17T15:46Z","Illinois State Water Survey Central Analytical Laboratory",512.0,0.00200,1,"2024-01-18","A",,
"a3857d11-f6aa-48c3-a8b3-05e9e030dc14","D01","HOPB","HOPB.AOS.S2","HOPB.SS.20240117.FIL","A00000160408","2024-01-17T15:46Z","2024-01-17T15:46Z","Illinois State Water Survey Central Analytical Laboratory",372.0,0.01280,1,"2024-01-18","A",,
"a72ea5e7-e418-487b-ace3-e8f589dc7e28","D01","HOPB","HOPB.AOS.S2","HOPB.SS.20240117.FIL","A00000160408","2024-01-17T15:46Z","2024-01-17T15:46Z","Illinois State Water Survey Central Analytical Laboratory",596.0,0.00070,1,"2024-01-18","A",,
"a1d3ee15-d352-4889-8d75-c7ffa342a49d","D01","HOPB","HOPB.AOS.S2","HOPB.SS.20240117.FIL","A00000160408","2024-01-17T15:46Z","2024-01-17T15:46Z","Illinois State Water Survey Central Analytical Laboratory",352.0,0.01760,1,"2024-01-18","B",,
"8681f990-c863-46d0-9002-26aec5538f4a","D01","HOPB","HOPB.AOS.S2","HOPB.SS.20240117.FIL","A00000160408","2024-01-17T15:46Z","2024-01-17T15:46Z","Illinois State Water Survey Central Analytical Laboratory",542.0,0.00180,1,"2024-01-18","A",,
"b32663ef-c57d-4292-8a6b-2eaa2d6291b8","D01","HOPB","HOPB.AOS.S2","HOPB.SS.20240117.FIL","A00000160408","2024-01-17T15:46Z","2024-01-17T15:46Z","Illinois State Water Survey Central Analytical Laboratory",322.0,0.02740,1,"2024-01-18","A",,
"b3517ccd-ea0d-46c3-96b6-593a4192ecf0","D01","HOPB","HOPB.AOS.S2","HOPB.SS.20240117.FIL","A00000160408","2024-01-17T15:46Z","2024-01-17T15:46Z","Illinois State Water Survey Central Analytical Laboratory",290.0,0.04180,1,"2024-01-18","B",,
"8e576878-16ad-40a2-822d-f6793c7e7c42","D01","HOPB","HOPB.AOS.S2","HOPB.SS.20240117.FIL","A00000160408","2024-01-17T15:46Z","2024-01-17T15:46Z","Illinois State Water Survey Central Analytical Laboratory",546.0,0.00160,1,"2024-01-18","A",,
"54007c60-9eee-4d91-b91b-2d77d09a9a16","D01","HOPB","HOPB.AOS.S2","HOPB.SS.20240117.FIL","A00000160408","2024-01-17T15:46Z","2024-01-17T15:46Z","Illinois State Water Survey Central Analytical Laboratory",358.0,0.01630,1,"2024-01-18","A",,
"b6857e95-2416-4118-9439-98e52b4fa689","D01","HOPB","HOPB.AOS.S2","HOPB.SS.20240117.FIL","A00000160408","2024-01-17T15:46Z","2024-01-17T15:46Z","Illinois State Water Survey Central Analytical Laboratory",524.0,0.00220,1,"2024-01-18","A",,
"9289b5c9-809e-4010-9fb3-a193fc9b5b2a","D01","HOPB","HOPB.AOS.S2","HOPB.SS.20240117.FIL","A00000160408","2024-01-17T15:46Z","2024-01-17T15:46Z","Illinois State Water Survey Central Analytical Laboratory",480.0,0.00290,1,"2024-01-18","B",,
"64c07621-5139-435f-8789-08e767dfa869","D01","HOPB","HOPB.AOS.S2","HOPB.SS.20240117.FIL","A00000160408","2024-01-17T15:46Z","2024-01-17T15:46Z","Illinois State Water Survey Central Analytical Laboratory",486.0,0.00290,1,"2024-01-18","B",,
"db64f43d-45d6-4f7b-ae60-33cd23235007","D01","HOPB","HOPB.AOS.S2","HOPB.SS.20240117.FIL","A00000160408","2024-01-17T15:46Z","2024-01-17T15:46Z","Illinois State Water Survey Central Analytical Laboratory",226.0,0.09720,1,"2024-01-18","B",,
"95b9f8d1-641a-4e93-b4fc-fa14ee4642d2","D01","HOPB","HOPB.AOS.S2","HOPB.SS.20240117.FIL","A00000160408","2024-01-17T15:46Z","2024-01-17T15:46Z","Illinois State Water Survey Central Analytical Laboratory",330.0,0.02440,1,"2024-01-18","B",,
"8df9ee8f-7a75-4e71-a4da-3515aa6e2adc","D01","HOPB","HOPB.AOS.S2","HOPB.SS.20240117.FIL","A00000160408","2024-01-17T15:46Z","2024-01-17T15:46Z","Illinois State Water Survey Central Analytical Laboratory",314.0,0.03010,1,"2024-01-18","A",,
"119953a4-7040-4b2f-b1eb-833c59b63ebf","D01","HOPB","HOPB.AOS.S2","HOPB.SS.20240117.FIL","A00000160408","2024-01-17T15:46Z","2024-01-17T15:46Z","Illinois State Water Survey Central Analytical Laboratory",244.0,0.06990,1,"2024-01-18","A",,
"fb74f2f7-ac89-42fa-bea4-052e51803107","D01","HOPB","HOPB.AOS.S2","HOPB.SS.20240117.FIL","A00000160408","2024-01-17T15:46Z","2024-01-17T15:46Z","Illinois State Water Survey Central Analytical Laboratory",566.0,0.00090,1,"2024-01-18","B",,
"8d51a3bb-4c6f-4263-8c99-4b72d6d557b0","D01","HOPB","HOPB.AOS.S2","HOPB.SS.20240117.FIL","A00000160408","2024-01-17T15:46Z","2024-01-17T15:46Z","Illinois State Water Survey Central Analytical Laboratory",410.0,0.00710,1,"2024-01-18","A",,
"23cf6af3-1646-483d-914e-6588a2d1ae5e","D01","HOPB","HOPB.AOS.S2","HOPB.SS.20240117.FIL","A00000160408","2024-01-17T15:46Z","2024-01-17T15:46Z","Illinois State Water Survey Central Analytical Laboratory",258.0,0.06110,1,"2024-01-18","B",,
"eff01dc7-a038-46f1-b0e1-a84f244dae40","D01","HOPB","HOPB.AOS.S2","HOPB.SS.20240117.FIL","A00000160408","2024-01-17T15:46Z","2024-01-17T15:46Z","Illinois State Water Survey Central Analytical Laboratory",482.0,0.00280,1,"2024-01-18","B",,
"0682f307-2b98-40b8-940d-2061ee6bdff0","D01","HOPB","HOPB.AOS.S2","HOPB.SS.20240117.FIL","A00000160408","2024-01-17T15:46Z","2024-01-17T15:46Z","Illinois State Water Survey Central Analytical Laboratory",566.0,0.00110,1,"2024-01-18","A",,
"08839d60-e783-4b0a-82a7-5355603e1fef","D01","HOPB","HOPB.AOS.S2","HOPB.SS.20240117.FIL","A00000160408","2024-01-17T15:46Z","2024-01-17T15:46Z","Illinois State Water Survey Central Analytical Laboratory",312.0,0.03130,1,"2024-01-18","B",,
"9f90a5ad-07a7-4f03-9ccb-4cfe31765efc","D01","HOPB","HOPB.AOS.S2","HOPB.SS.20240117.FIL","A00000160408","2024-01-17T15:46Z","2024-01-17T15:46Z","Illinois State Water Survey Central Analytical Laboratory",424.0,0.00560,1,"2024-01-18","B",,
"ccbc3d1e-9868-4b29-9d4f-3c5734f6b81d","D01","HOPB","HOPB.AOS.S2","HOPB.SS.20240117.FIL","A00000160408","2024-01-17T15:46Z","2024-01-17T15:46Z","Illinois State Water Survey Central Analytical Laboratory",516.0,0.00250,1,"2024-01-18","A",,
"47837e7d-b8cd-4f99-a450-af0bbec158d3","D01","HOPB","HOPB.AOS.S2","HOPB.SS.20240117.FIL","A00000160408","2024-01-17T15:46Z","2024-01-17T15:46Z","Illinois State Water Survey Central Analytical Laboratory",388.0,0.00990,1,"2024-01-18","A",,
"f0e6cb9e-ad5a-4649-ba87-2d83969a6eb7","D01","HOPB","HOPB.AOS.S2","HOPB.SS.20240117.FIL","A00000160408","2024-01-17T15:46Z","2024-01-17T15:46Z","Illinois State Water Survey Central Analytical Laboratory",380.0,0.01140,1,"2024-01-18","A",,
"a2d00a8c-9677-4fc4-ad8a-dab8f2e8e509","D01","HOPB","HOPB.AOS.S2","HOPB.SS.20240117.FIL","A00000160408","2024-01-17T15:46Z","2024-01-17T15:46Z","Illinois State Water Survey Central Analytical Laboratory",574.0,0.00120,1,"2024-01-18","B",,
"02022318-d7a8-4678-b571-289200328efa","D01","HOPB","HOPB.AOS.S2","HOPB.SS.20240117.FIL","A00000160408","2024-01-17T15:46Z","2024-01-17T15:46Z","Illinois State Water Survey Central Analytical Laboratory",402.0,0.00810,1,"2024-01-18","A",,
"25cff218-ab8d-45cb-93f0-4927801b310e","D01","HOPB","HOPB.AOS.S2","HOPB.SS.20240117.FIL","A00000160408","2024-01-17T15:46Z","2024-01-17T15:46Z","Illinois State Water Survey Central Analytical Laboratory",520.0,0.00220,1,"2024-01-18","A",,
"bdcbfcb8-b849-43bf-88f5-99086c275fe1","D01","HOPB","HOPB.AOS.S2","HOPB.SS.20240117.FIL","A00000160408","2024-01-17T15:46Z","2024-01-17T15:46Z","Illinois State Water Survey Central Analytical Laboratory",308.0,0.03270,1,"2024-01-18","B",,
"a9f7afc1-fe7e-4803-a425-581a9fc55102","D01","HOPB","HOPB.AOS.S2","HOPB.SS.20240117.FIL","A00000160408","2024-01-17T15:46Z","2024-01-17T15:46Z","Illinois State Water Survey Central Analytical Laboratory",346.0,0.01950,1,"2024-01-18","B",,
"853f8023-93a5-45b5-9437-8fce7e85d9e5","D01","HOPB","HOPB.AOS.S2","HOPB.SS.20240117.FIL","A00000160408","2024-01-17T15:46Z","2024-01-17T15:46Z","Illinois State Water Survey Central Analytical Laboratory",534.0,0.00150,1,"2024-01-18","B",,
"5c0f1a11-3c58-4090-badf-667faeed88fe","D01","HOPB","HOPB.AOS.S2","HOPB.SS.20240117.FIL","A00000160408","2024-01-17T15:46Z","2024-01-17T15:46Z","Illinois State Water Survey Central Analytical Laboratory",236.0,0.07830,1,"2024-01-18","A",,
"4dd8c471-fbed-46e3-9b19-cb671e0194fe","D01","HOPB","HOPB.AOS.S2","HOPB.SS.20240117.FIL","A00000160408","2024-01-17T15:46Z","2024-01-17T15:46Z","Illinois State Water Survey Central Analytical Laboratory",264.0,0.05720,1,"2024-01-18","B",,
"9154402e-3f98-4112-8721-d75963221ddd","D01","HOPB","HOPB.AOS.S2","HOPB.SS.20240117.FIL","A00000160408","2024-01-17T15:46Z","2024-01-17T15:46Z","Illinois State Water Survey Central Analytical Laboratory",338.0,0.02170,1,"2024-01-18","B",,
"51971c03-f96c-4be9-a34f-14d1526edf72","D01","HOPB","HOPB.AOS.S2","HOPB.SS.20240117.FIL","A00000160408","2024-01-17T15:46Z","2024-01-17T15:46Z","Illinois State Water Survey Central Analytical Laboratory",490.0,0.00250,1,"2024-01-18","B",,
"9cda1acc-41af-426c-93a6-f819518669aa","D01","HOPB","HOPB.AOS.S2","HOPB.SS.20240117.FIL","A00000160408","2024-01-17T15:46Z","2024-01-17T15:46Z","Illinois State Water Survey Central Analytical Laboratory",384.0,0.01070,1,"2024-01-18","A",,
"2eab2534-5094-4705-af12-1f9fefc13cf3","D01","HOPB","HOPB.AOS.S2","HOPB.SS.20240117.FIL","A00000160408","2024-01-17T15:46Z","2024-01-17T15:46Z","Illinois State Water Survey Central Analytical Laboratory",536.0,0.00170,1,"2024-01-18","A",,
"d5789034-1f21-4ba5-8082-1dcd836c80ad","D01","HOPB","HOPB.AOS.S2","HOPB.SS.20240117.FIL","A00000160408","2024-01-17T15:46Z","2024-01-17T15:46Z","Illinois State Water Survey Central Analytical Laboratory",488.0,0.00280,1,"2024-01-18","B",,
"7ffd3a96-7a11-4e66-ae31-7d36a43426dc","D01","HOPB","HOPB.AOS.S2","HOPB.SS.20240117.FIL","A00000160408","2024-01-17T15:46Z","2024-01-17T15:46Z","Illinois State Water Survey Central Analytical Laboratory",564.0,0.00110,1,"2024-01-18","A",,
"c06c0004-d749-4752-9f3b-75b20d5815c1","D01","HOPB","HOPB.AOS.S2","HOPB.SS.20240117.FIL","A00000160408","2024-01-17T15:46Z","2024-01-17T15:46Z","Illinois State Water Survey Central Analytical Laboratory",248.0,0.06700,1,"2024-01-18","B",,
"ac76a3f1-aa3a-46fc-a525-aa505d36a829","D01","HOPB","HOPB.AOS.S2","HOPB.SS.20240117.FIL","A00000160408","2024-01-17T15:46Z","2024-01-17T15:46Z","Illinois State Water Survey Central Analytical Laboratory",320.0,0.02810,1,"2024-01-18","B",,
"1f43f40d-f508-4297-8e3e-848a0d9d6ed9","D01","HOPB","HOPB.AOS.S2","HOPB.SS.20240117.FIL","A00000160408","2024-01-17T15:46Z","2024-01-17T15:46Z","Illinois State Water Survey Central Analytical Laboratory",254.0,0.06340,1,"2024-01-18","B",,
"0b68f18b-be3c-4916-afcd-8fffa99eb40d","D01","HOPB","HOPB.AOS.S2","HOPB.SS.20240117.FIL","A00000160408","2024-01-17T15:46Z","2024-01-17T15:46Z","Illinois State Water Survey Central Analytical Laboratory",390.0,0.00960,1,"2024-01-18","A",,
"5ffdf05d-7e50-4605-a79d-2d1ab05cf498","D01","HOPB","HOPB.AOS.S2","HOPB.SS.20240117.FIL","A00000160408","2024-01-17T15:46Z","2024-01-17T15:46Z","Illinois State Water Survey Central Analytical Laboratory",464.0,0.00320,1,"2024-01-18","B",,
"96a4e3e2-4e9e-4f9d-a83b-6a663bcda390","D01","HOPB","HOPB.AOS.S2","HOPB.SS.20240117.FIL","A00000160408","2024-01-17T15:46Z","2024-01-17T15:46Z","Illinois State Water Survey Central Analytical Laboratory",486.0,0.00300,1,"2024-01-18","A",,
"f472a797-0a16-4fa7-8730-b206e1016f4f","D01","HOPB","HOPB.AOS.S2","HOPB.SS.20240117.FIL","A00000160408","2024-01-17T15:46Z","2024-01-17T15:46Z","Illinois State Water Survey Central Analytical Laboratory",250.0,0.06590,1,"2024-01-18","B",,
"6fe29518-2ee5-47d1-b08c-c8f31dd8b0ba","D01","HOPB","HOPB.AOS.S2","HOPB.SS.20240117.FIL","A00000160408","2024-01-17T15:46Z","2024-01-17T15:46Z","Illinois State Water Survey Central Analytical Laboratory",314.0,0.03030,1,"2024-01-18","B",,
"9c4d17dd-3a6f-4ccd-a7eb-609cfbcc721c","D01","HOPB","HOPB.AOS.S2","HOPB.SS.20240117.FIL","A00000160408","2024-01-17T15:46Z","2024-01-17T15:46Z","Illinois State Water Survey Central Analytical Laboratory",358.0,0.01640,1,"2024-01-18","B",,
"979b8cff-a0f8-4fc0-9f64-d85050d63fbd","D01","HOPB","HOPB.AOS.S2","HOPB.SS.20240117.FIL","A00000160408","2024-01-17T15:46Z","2024-01-17T15:46Z","Illinois State Water Survey Central Analytical Laboratory",256.0,0.06210,1,"2024-01-18","A",,
"9e0c72d0-7970-4674-b865-926e01e65cb9","D01","HOPB","HOPB.AOS.S2","HOPB.SS.20240117.FIL","A00000160408","2024-01-17T15:46Z","2024-01-17T15:46Z","Illinois State Water Survey Central Analytical Laboratory",394.0,0.00920,1,"2024-01-18","A",,
"f7db66d1-add9-407d-9444-71d19da75875","D01","HOPB","HOPB.AOS.S2","HOPB.SS.20240117.FIL","A00000160408","2024-01-17T15:46Z","2024-01-17T15:46Z","Illinois State Water Survey Central Analytical Laboratory",568.0,0.00120,1,"2024-01-18","A",,
"971f9a5f-d80b-4085-9b46-9edfe34a2a80","D01","HOPB","HOPB.AOS.S2","HOPB.SS.20240117.FIL","A00000160408","2024-01-17T15:46Z","2024-01-17T15:46Z","Illinois State Water Survey Central Analytical Laboratory",262.0,0.05860,1,"2024-01-18","A",,
"2e8dc78a-6476-483f-a18d-9d4794541931","D01","HOPB","HOPB.AOS.S2","HOPB.SS.20240117.FIL","A00000160408","2024-01-17T15:46Z","2024-01-17T15:46Z","Illinois State Water Survey Central Analytical Laboratory",468.0,0.00320,1,"2024-01-18","B",,
"7513ac02-63cf-4743-bc8b-0fc0f2d5f57f","D01","HOPB","HOPB.AOS.S2","HOPB.SS.20240117.FIL","A00000160408","2024-01-17T15:46Z","2024-01-17T15:46Z","Illinois State Water Survey Central Analytical Laboratory",538.0,0.00180,1,"2024-01-18","B",,
"a72bdac1-ce56-447f-8147-5e4801e168f9","D01","HOPB","HOPB.AOS.S2","HOPB.SS.20240117.FIL","A00000160408","2024-01-17T15:46Z","2024-01-17T15:46Z","Illinois State Water Survey Central Analytical Laboratory",500.0,0.00250,1,"2024-01-18","B",,
"6f718aab-c905-40ac-bfe0-fe7456af3cb7","D01","HOPB","HOPB.AOS.S2","HOPB.SS.20240117.FIL","A00000160408","2024-01-17T15:46Z","2024-01-17T15:46Z","Illinois State Water Survey Central Analytical Laboratory",436.0,0.00490,1,"2024-01-18","B",,
"96354767-112d-4338-bb46-b4c33932b805","D01","HOPB","HOPB.AOS.S2","HOPB.SS.20240123.FIL","A00000160393","2024-01-23T14:53Z","2024-01-23T14:53Z","Illinois State Water Survey Central Analytical Laboratory",504.0,0.00330,1,"2024-01-24","A",,
"9826c009-26ab-4a4e-9f1e-ae729d746cfb","D01","HOPB","HOPB.AOS.S2","HOPB.SS.20240123.FIL","A00000160393","2024-01-23T14:53Z","2024-01-23T14:53Z","Illinois State Water Survey Central Analytical Laboratory",352.0,0.01690,1,"2024-01-24","A",,
"d1ae0ba8-848a-4083-9050-a3af7f5dcf65","D01","HOPB","HOPB.AOS.S2","HOPB.SS.20240123.FIL","A00000160393","2024-01-23T14:53Z","2024-01-23T14:53Z","Illinois State Water Survey Central Analytical Laboratory",394.0,0.01040,1,"2024-01-24","B",,
"da3a214e-054f-487a-a929-384bded57d74","D01","HOPB","HOPB.AOS.S2","HOPB.SS.20240123.FIL","A00000160393","2024-01-23T14:53Z","2024-01-23T14:53Z","Illinois State Water Survey Central Analytical Laboratory",496.0,0.00390,1,"2024-01-24","A",,
"155dfbef-4680-43b6-9e86-33f41099f466","D01","HOPB","HOPB.AOS.S2","HOPB.SS.20240123.FIL","A00000160393","2024-01-23T14:53Z","2024-01-23T14:53Z","Illinois State Water Survey Central Analytical Laboratory",510.0,0.00350,1,"2024-01-24","A",,
"97dbd268-92f2-4a6a-8004-328afefad07f","D01","HOPB","HOPB.AOS.S2","HOPB.SS.20240123.FIL","A00000160393","2024-01-23T14:53Z","2024-01-23T14:53Z","Illinois State Water Survey Central Analytical Laboratory",462.0,0.00480,1,"2024-01-24","A",,
"7654bcc9-4091-4755-8673-ef01ba377d51","D01","HOPB","HOPB.AOS.S2","HOPB.SS.20240123.FIL","A00000160393","2024-01-23T14:53Z","2024-01-23T14:53Z","Illinois State Water Survey Central Analytical Laboratory",596.0,0.00260,1,"2024-01-24","B",,
"9609573d-e1eb-463c-9f87-d22241aa028e","D01","HOPB","HOPB.AOS.S2","HOPB.SS.20240123.FIL","A00000160393","2024-01-23T14:53Z","2024-01-23T14:53Z","Illinois State Water Survey Central Analytical Laboratory",468.0,0.00450,1,"2024-01-24","A",,
"3fddde61-e40c-4b72-943a-9f2010138678","D01","HOPB","HOPB.AOS.S2","HOPB.SS.20240123.FIL","A00000160393","2024-01-23T14:53Z","2024-01-23T14:53Z","Illinois State Water Survey Central Analytical Laboratory",480.0,0.00500,1,"2024-01-24","B",,
"c05815dd-51b1-4eb4-8fd6-e222cdeca163","D01","HOPB","HOPB.AOS.S2","HOPB.SS.20240123.FIL","A00000160393","2024-01-23T14:53Z","2024-01-23T14:53Z","Illinois State Water Survey Central Analytical Laboratory",556.0,0.00330,1,"2024-01-24","B",,
"e45a0987-3b23-4e7e-bf82-24cfd1417194","D01","HOPB","HOPB.AOS.S2","HOPB.SS.20240123.FIL","A00000160393","2024-01-23T14:53Z","2024-01-23T14:53Z","Illinois State Water Survey Central Analytical Laboratory",418.0,0.00780,1,"2024-01-24","B",,
"d71f948d-ce67-42d2-90f2-969d2828e1fb","D01","HOPB","HOPB.AOS.S2","HOPB.SS.20240123.FIL","A00000160393","2024-01-23T14:53Z","2024-01-23T14:53Z","Illinois State Water Survey Central Analytical Laboratory",446.0,0.00540,1,"2024-01-24","A",,
"0a294960-4ab4-42af-a281-291093654ceb","D01","HOPB","HOPB.AOS.S2","HOPB.SS.20240123.FIL","A00000160393","2024-01-23T14:53Z","2024-01-23T14:53Z","Illinois State Water Survey Central Analytical Laboratory",510.0,0.00390,1,"2024-01-24","B",,
"6439e958-9cea-4910-ae92-ff5499d115ca","D01","HOPB","HOPB.AOS.S2","HOPB.SS.20240123.FIL","A00000160393","2024-01-23T14:53Z","2024-01-23T14:53Z","Illinois State Water Survey Central Analytical Laboratory",358.0,0.01560,1,"2024-01-24","A",,
"9af3f613-d7ce-42c5-8d0b-da01efa6c0c1","D01","HOPB","HOPB.AOS.S2","HOPB.SS.20240123.FIL","A00000160393","2024-01-23T14:53Z","2024-01-23T14:53Z","Illinois State Water Survey Central Analytical Laboratory",228.0,0.08230,1,"2024-01-24","B",,
"02697613-597c-48ab-8b0a-0ad61cd14586","D01","HOPB","HOPB.AOS.S2","HOPB.SS.20240123.FIL","A00000160393","2024-01-23T14:53Z","2024-01-23T14:53Z","Illinois State Water Survey Central Analytical Laboratory",410.0,0.00870,1,"2024-01-24","B",,
"dad0edca-eff9-48b9-90f9-c01f18e7ceaf","D01","HOPB","HOPB.AOS.S2","HOPB.SS.20240123.FIL","A00000160393","2024-01-23T14:53Z","2024-01-23T14:53Z","Illinois State Water Survey Central Analytical Laboratory",556.0,0.00260,1,"2024-01-24","A",,
"9a7c279c-1fe9-4fb9-a9c3-9021b2e11989","D01","HOPB","HOPB.AOS.S2","HOPB.SS.20240123.FIL","A00000160393","2024-01-23T14:53Z","2024-01-23T14:53Z","Illinois State Water Survey Central Analytical Laboratory",372.0,0.01280,1,"2024-01-24","A",,
"25f258ab-28da-4b11-a095-e5a4b029d2f0","D01","HOPB","HOPB.AOS.S2","HOPB.SS.20240123.FIL","A00000160393","2024-01-23T14:53Z","2024-01-23T14:53Z","Illinois State Water Survey Central Analytical Laboratory",474.0,0.00450,1,"2024-01-24","A",,
"072ee7f7-9471-4db7-a482-70a17704ef57","D01","HOPB","HOPB.AOS.S2","HOPB.SS.20240123.FIL","A00000160393","2024-01-23T14:53Z","2024-01-23T14:53Z","Illinois State Water Survey Central Analytical Laboratory",346.0,0.01840,1,"2024-01-24","A",,
"7814bb7e-25a7-4142-a002-ec962c41cbe9","D01","HOPB","HOPB.AOS.S2","HOPB.SS.20240123.FIL","A00000160393","2024-01-23T14:53Z","2024-01-23T14:53Z","Illinois State Water Survey Central Analytical Laboratory",458.0,0.00550,1,"2024-01-24","B",,
"80744d10-daf3-4240-af13-f1e8858ea470","D01","HOPB","HOPB.AOS.S2","HOPB.SS.20240123.FIL","A00000160393","2024-01-23T14:53Z","2024-01-23T14:53Z","Illinois State Water Survey Central Analytical Laboratory",220.0,0.10190,1,"2024-01-24","A",,
"f48a3c8d-36e6-451c-878c-ea643d50436a","D01","HOPB","HOPB.AOS.S2","HOPB.SS.20240123.FIL","A00000160393","2024-01-23T14:53Z","2024-01-23T14:53Z","Illinois State Water Survey Central Analytical Laboratory",268.0,0.04990,1,"2024-01-24","B",,
"ce1d7581-a671-4a2a-9845-c8d1ce6714dc","D01","HOPB","HOPB.AOS.S2","HOPB.SS.20240123.FIL","A00000160393","2024-01-23T14:53Z","2024-01-23T14:53Z","Illinois State Water Survey Central Analytical Laboratory",276.0,0.04420,1,"2024-01-24","A",,
"9258957a-e4ab-44a2-99bf-e027b14a3829","D01","HOPB","HOPB.AOS.S2","HOPB.SS.20240123.FIL","A00000160393","2024-01-23T14:53Z","2024-01-23T14:53Z","Illinois State Water Survey Central Analytical Laboratory",330.0,0.02380,1,"2024-01-24","B",,
"63f2580f-0b16-4844-8e81-7568dce2f52b","D01","HOPB","HOPB.AOS.S2","HOPB.SS.20240123.FIL","A00000160393","2024-01-23T14:53Z","2024-01-23T14:53Z","Illinois State Water Survey Central Analytical Laboratory",292.0,0.03780,1,"2024-01-24","B",,
"6f0a03dc-f917-41cc-b30c-f7824712354d","D01","HOPB","HOPB.AOS.S2","HOPB.SS.20240123.FIL","A00000160393","2024-01-23T14:53Z","2024-01-23T14:53Z","Illinois State Water Survey Central Analytical Laboratory",386.0,0.01070,1,"2024-01-24","A",,
"2259bb78-cef0-41c3-aeb4-6b0254e8f3f3","D01","HOPB","HOPB.AOS.S2","HOPB.SS.20240123.FIL","A00000160393","2024-01-23T14:53Z","2024-01-23T14:53Z","Illinois State Water Survey Central Analytical Laboratory",336.0,0.02090,1,"2024-01-24","A",,
"28158ded-62a3-4c71-a6f8-68f0cb7f67d8","D01","HOPB","HOPB.AOS.S2","HOPB.SS.20240123.FIL","A00000160393","2024-01-23T14:53Z","2024-01-23T14:53Z","Illinois State Water Survey Central Analytical Laboratory",440.0,0.00650,1,"2024-01-24","B",,
"21b578de-10cf-4a66-b56c-d8565bffe378","D01","HOPB","HOPB.AOS.S2","HOPB.SS.20240123.FIL","A00000160393","2024-01-23T14:53Z","2024-01-23T14:53Z","Illinois State Water Survey Central Analytical Laboratory",414.0,0.00810,1,"2024-01-24","B",,
"62aa2393-93bc-4116-b51c-eb43a9bd25cb","D01","HOPB","HOPB.AOS.S2","HOPB.SS.20240123.FIL","A00000160393","2024-01-23T14:53Z","2024-01-23T14:53Z","Illinois State Water Survey Central Analytical Laboratory",398.0,0.00980,1,"2024-01-24","B",,
"9d39c60d-6ed1-4f48-aa13-141ac4ef6d8a","D01","HOPB","HOPB.AOS.S2","HOPB.SS.20240123.FIL","A00000160393","2024-01-23T14:53Z","2024-01-23T14:53Z","Illinois State Water Survey Central Analytical Laboratory",314.0,0.02890,1,"2024-01-24","B",,
"5796980c-789e-4783-bb81-0db8a52af15a","D01","HOPB","HOPB.AOS.S2","HOPB.SS.20240123.FIL","A00000160393","2024-01-23T14:53Z","2024-01-23T14:53Z","Illinois State Water Survey Central Analytical Laboratory",312.0,0.02970,1,"2024-01-24","B",,
"18127743-977c-40f7-8733-27ba038208ca","D01","HOPB","HOPB.AOS.S2","HOPB.SS.20240123.FIL","A00000160393","2024-01-23T14:53Z","2024-01-23T14:53Z","Illinois State Water Survey Central Analytical Laboratory",298.0,0.03370,1,"2024-01-24","A",,
"5797aecc-f23d-4eb3-be70-88a8f26f3323","D01","HOPB","HOPB.AOS.S2","HOPB.SS.20240123.FIL","A00000160393","2024-01-23T14:53Z","2024-01-23T14:53Z","Illinois State Water Survey Central Analytical Laboratory",278.0,0.04310,1,"2024-01-24","A",,
"43382c47-172a-4135-ac42-43df51562694","D01","HOPB","HOPB.AOS.S2","HOPB.SS.20240123.FIL","A00000160393","2024-01-23T14:53Z","2024-01-23T14:53Z","Illinois State Water Survey Central Analytical Laboratory",476.0,0.00490,1,"2024-01-24","B",,
"0578b49f-bc57-40b3-8706-74b6fdbb62c1","D01","HOPB","HOPB.AOS.S2","HOPB.SS.20240123.FIL","A00000160393","2024-01-23T14:53Z","2024-01-23T14:53Z","Illinois State Water Survey Central Analytical Laboratory",408.0,0.00830,1,"2024-01-24","A",,
"41597ca2-d864-4bd4-b08f-3144bcba2fde","D01","HOPB","HOPB.AOS.S2","HOPB.SS.20240123.FIL","A00000160393","2024-01-23T14:53Z","2024-01-23T14:53Z","Illinois State Water Survey Central Analytical Laboratory",250.0,0.05850,1,"2024-01-24","B",,
"6c635fe1-08ea-45d0-bf23-bcfa9fa73aec","D01","HOPB","HOPB.AOS.S2","HOPB.SS.20240123.FIL","A00000160393","2024-01-23T14:53Z","2024-01-23T14:53Z","Illinois State Water Survey Central Analytical Laboratory",488.0,0.00410,1,"2024-01-24","A",,
"57114322-e533-42af-b471-0a05715330fd","D01","HOPB","HOPB.AOS.S2","HOPB.SS.20240123.FIL","A00000160393","2024-01-23T14:53Z","2024-01-23T14:53Z","Illinois State Water Survey Central Analytical Laboratory",388.0,0.01040,1,"2024-01-24","A",,
"a3bf6f2e-cbac-4f69-a24b-5dc324034dca","D01","HOPB","HOPB.AOS.S2","HOPB.SS.20240123.FIL","A00000160393","2024-01-23T14:53Z","2024-01-23T14:53Z","Illinois State Water Survey Central Analytical Laboratory",388.0,0.01100,1,"2024-01-24","B",,
"4dc7c402-5c17-4c2c-898f-d97f4b0e990c","D01","HOPB","HOPB.AOS.S2","HOPB.SS.20240123.FIL","A00000160393","2024-01-23T14:53Z","2024-01-23T14:53Z","Illinois State Water Survey Central Analytical Laboratory",546.0,0.00300,1,"2024-01-24","B",,
"e00a091e-71ce-4df1-9d3f-cfc4c970545d","D01","HOPB","HOPB.AOS.S2","HOPB.SS.20240123.FIL","A00000160393","2024-01-23T14:53Z","2024-01-23T14:53Z","Illinois State Water Survey Central Analytical Laboratory",442.0,0.00570,1,"2024-01-24","A",,
"e64e920e-9045-4af6-856f-279d22705b49","D01","HOPB","HOPB.AOS.S2","HOPB.SS.20240123.FIL","A00000160393","2024-01-23T14:53Z","2024-01-23T14:53Z","Illinois State Water Survey Central Analytical Laboratory",350.0,0.01850,1,"2024-01-24","B",,
"f4ce12ec-f0a8-41bf-9ab7-e6fe8d0bf977","D01","HOPB","HOPB.AOS.S2","HOPB.SS.20240123.FIL","A00000160393","2024-01-23T14:53Z","2024-01-23T14:53Z","Illinois State Water Survey Central Analytical Laboratory",588.0,0.00210,1,"2024-01-24","A",,
"994d91be-fa00-4cdb-9d2d-0fc4f1976844","D01","HOPB","HOPB.AOS.S2","HOPB.SS.20240123.FIL","A00000160393","2024-01-23T14:53Z","2024-01-23T14:53Z","Illinois State Water Survey Central Analytical Laboratory",414.0,0.00730,1,"2024-01-24","A",,
"d19cbf8a-7677-4de3-a2c2-b8ee24d83df9","D01","HOPB","HOPB.AOS.S2","HOPB.SS.20240123.FIL","A00000160393","2024-01-23T14:53Z","2024-01-23T14:53Z","Illinois State Water Survey Central Analytical Laboratory",256.0,0.05560,1,"2024-01-24","B",,
"6d6a768c-068a-4050-ba04-a711c1d3deb8","D01","HOPB","HOPB.AOS.S2","HOPB.SS.20240123.FIL","A00000160393","2024-01-23T14:53Z","2024-01-23T14:53Z","Illinois State Water Survey Central Analytical Laboratory",590.0,0.00210,1,"2024-01-24","A",,
"506d1d95-a313-48a9-80b7-d1da7e154683","D01","HOPB","HOPB.AOS.S2","HOPB.SS.20240123.FIL","A00000160393","2024-01-23T14:53Z","2024-01-23T14:53Z","Illinois State Water Survey Central Analytical Laboratory",480.0,0.00420,1,"2024-01-24","A",,
"3ace504d-08fc-47be-9d8c-c809c7a12121","D01","HOPB","HOPB.AOS.S2","HOPB.SS.20240123.FIL","A00000160393","2024-01-23T14:53Z","2024-01-23T14:53Z","Illinois State Water Survey Central Analytical Laboratory",226.0,0.08650,1,"2024-01-24","B",,
"2ab83d6f-dc98-4439-9119-cfa21c58fc29","D01","HOPB","HOPB.AOS.S2","HOPB.SS.20240123.FIL","A00000160393","2024-01-23T14:53Z","2024-01-23T14:53Z","Illinois State Water Survey Central Analytical Laboratory",500.0,0.00420,1,"2024-01-24","B",,
"2a43935a-26e5-4b1d-87f1-360f8640d87e","D01","HOPB","HOPB.AOS.S2","HOPB.SS.20240123.FIL","A00000160393","2024-01-23T14:53Z","2024-01-23T14:53Z","Illinois State Water Survey Central Analytical Laboratory",588.0,0.00330,1,"2024-01-24","B",,
"7a54cef7-26a8-4c7c-8c16-ab5851f97952","D01","HOPB","HOPB.AOS.S2","HOPB.SS.20240123.FIL","A00000160393","2024-01-23T14:53Z","2024-01-23T14:53Z","Illinois State Water Survey Central Analytical Laboratory",438.0,0.00660,1,"2024-01-24","B",,
"f009fd49-71d5-4863-b00a-3ce28b7d8c79","D01","HOPB","HOPB.AOS.S2","HOPB.SS.20240123.FIL","A00000160393","2024-01-23T14:53Z","2024-01-23T14:53Z","Illinois State Water Survey Central Analytical Laboratory",240.0,0.06530,1,"2024-01-24","B",,
"425fc25d-c08b-4df2-9888-291dd0cd2a4f","D01","HOPB","HOPB.AOS.S2","HOPB.SS.20240123.FIL","A00000160393","2024-01-23T14:53Z","2024-01-23T14:53Z","Illinois State Water Survey Central Analytical Laboratory",228.0,0.07980,1,"2024-01-24","A",,
"1e5d1e49-1b65-418e-aac2-77cd5ce22581","D01","HOPB","HOPB.AOS.S2","HOPB.SS.20240123.FIL","A00000160393","2024-01-23T14:53Z","2024-01-23T14:53Z","Illinois State Water Survey Central Analytical Laboratory",428.0,0.00740,1,"2024-01-24","B",,
"d5f82370-f3a0-429e-b657-c810bad1e756","D01","HOPB","HOPB.AOS.S2","HOPB.SS.20240123.FIL","A00000160393","2024-01-23T14:53Z","2024-01-23T14:53Z","Illinois State Water Survey Central Analytical Laboratory",518.0,0.00380,1,"2024-01-24","B",,
"904720f3-53f7-42a2-9529-10038c06477a","D01","HOPB","HOPB.AOS.S2","HOPB.SS.20240123.FIL","A00000160393","2024-01-23T14:53Z","2024-01-23T14:53Z","Illinois State Water Survey Central Analytical Laboratory",476.0,0.00440,1,"2024-01-24","A",,
"f9712a17-21b1-4185-b7bb-42a7db6e52e1","D01","HOPB","HOPB.AOS.S2","HOPB.SS.20240123.FIL","A00000160393","2024-01-23T14:53Z","2024-01-23T14:53Z","Illinois State Water Survey Central Analytical Laboratory",258.0,0.05460,1,"2024-01-24","B",,
"75b617da-e3d4-4663-9d4e-141858ef61e4","D01","HOPB","HOPB.AOS.S2","HOPB.SS.20240123.FIL","A00000160393","2024-01-23T14:53Z","2024-01-23T14:53Z","Illinois State Water Survey Central Analytical Laboratory",350.0,0.01750,1,"2024-01-24","A",,
"387790f0-849f-4703-ba1e-45247734ee90","D01","HOPB","HOPB.AOS.S2","HOPB.SS.20240123.FIL","A00000160393","2024-01-23T14:53Z","2024-01-23T14:53Z","Illinois State Water Survey Central Analytical Laboratory",580.0,0.00260,1,"2024-01-24","A",,
"eeaefd5c-192e-4273-a138-33143a57948b","D01","HOPB","HOPB.AOS.S2","HOPB.SS.20240123.FIL","A00000160393","2024-01-23T14:53Z","2024-01-23T14:53Z","Illinois State Water Survey Central Analytical Laboratory",416.0,0.00720,1,"2024-01-24","A",,
"d8399a28-1cfe-4083-bcbc-d3f90b17ecf0","D01","HOPB","HOPB.AOS.S2","HOPB.SS.20240123.FIL","A00000160393","2024-01-23T14:53Z","2024-01-23T14:53Z","Illinois State Water Survey Central Analytical Laboratory",516.0,0.00380,1,"2024-01-24","B",,
"c1897f5f-3b55-4345-b3b5-7a2a23478951","D01","HOPB","HOPB.AOS.S2","HOPB.SS.20240123.FIL","A00000160393","2024-01-23T14:53Z","2024-01-23T14:53Z","Illinois State Water Survey Central Analytical Laboratory",440.0,0.00590,1,"2024-01-24","A",,
"c386ce03-1ab4-4435-a2b1-26730f8ed1a5","D01","HOPB","HOPB.AOS.S2","HOPB.SS.20240123.FIL","A00000160393","2024-01-23T14:53Z","2024-01-23T14:53Z","Illinois State Water Survey Central Analytical Laboratory",306.0,0.03200,1,"2024-01-24","B",,
"4c469ed7-f214-43f2-8990-29711ed0c5f6","D01","HOPB","HOPB.AOS.S2","HOPB.SS.20240123.FIL","A00000160393","2024-01-23T14:53Z","2024-01-23T14:53Z","Illinois State Water Survey Central Analytical Laboratory",382.0,0.01110,1,"2024-01-24","A",,
"412a92a4-de44-4bb2-9a20-5fa0e0b70bd6","D01","HOPB","HOPB.AOS.S2","HOPB.SS.20240123.FIL","A00000160393","2024-01-23T14:53Z","2024-01-23T14:53Z","Illinois State Water Survey Central Analytical Laboratory",316.0,0.02690,1,"2024-01-24","A",,
"f8471b63-1e0f-4bc9-b59d-74a6d90b6a36","D01","HOPB","HOPB.AOS.S2","HOPB.SS.20240123.FIL","A00000160393","2024-01-23T14:53Z","2024-01-23T14:53Z","Illinois State Water Survey Central Analytical Laboratory",558.0,0.00290,1,"2024-01-24","B",,
"60dc368c-95f5-47e3-b6cf-e2cc30b468d3","D01","HOPB","HOPB.AOS.S2","HOPB.SS.20240123.FIL","A00000160393","2024-01-23T14:53Z","2024-01-23T14:53Z","Illinois State Water Survey Central Analytical Laboratory",244.0,0.06040,1,"2024-01-24","A",,
"ae4e9efe-eba7-4bf4-bc6f-0c946df62f73","D01","HOPB","HOPB.AOS.S2","HOPB.SS.20240123.FIL","A00000160393","2024-01-23T14:53Z","2024-01-23T14:53Z","Illinois State Water Survey Central Analytical Laboratory",246.0,0.05890,1,"2024-01-24","A",,
"77aa9098-0e37-41b1-b25a-3ea8b3075dc5","D01","HOPB","HOPB.AOS.S2","HOPB.SS.20240123.FIL","A00000160393","2024-01-23T14:53Z","2024-01-23T14:53Z","Illinois State Water Survey Central Analytical Laboratory",354.0,0.01650,1,"2024-01-24","A",,
"98e399af-d8f3-484d-bc62-f8829c5fa393","D01","HOPB","HOPB.AOS.S2","HOPB.SS.20240123.FIL","A00000160393","2024-01-23T14:53Z","2024-01-23T14:53Z","Illinois State Water Survey Central Analytical Laboratory",254.0,0.05440,1,"2024-01-24","A",,
"709b232e-4556-49f7-90b4-ebd539d4c8d9","D01","HOPB","HOPB.AOS.S2","HOPB.SS.20240123.FIL","A00000160393","2024-01-23T14:53Z","2024-01-23T14:53Z","Illinois State Water Survey Central Analytical Laboratory",230.0,0.07870,1,"2024-01-24","B",,
"4f56581c-f16e-483d-97f5-b293aca1658b","D01","HOPB","HOPB.AOS.S2","HOPB.SS.20240123.FIL","A00000160393","2024-01-23T14:53Z","2024-01-23T14:53Z","Illinois State Water Survey Central Analytical Laboratory",294.0,0.03680,1,"2024-01-24","B",,
"3960110f-e8ef-4441-8275-29a3e89a28d6","D01","HOPB","HOPB.AOS.S2","HOPB.SS.20240123.FIL","A00000160393","2024-01-23T14:53Z","2024-01-23T14:53Z","Illinois State Water Survey Central Analytical Laboratory",546.0,0.00250,1,"2024-01-24","A",,
"4b10c880-20f7-4de5-84e2-60ce31672cc0","D01","HOPB","HOPB.AOS.S2","HOPB.SS.20240123.FIL","A00000160393","2024-01-23T14:53Z","2024-01-23T14:53Z","Illinois State Water Survey Central Analytical Laboratory",378.0,0.01220,1,"2024-01-24","A",,
"6d3f48b8-23e0-40ec-8f71-94a8682f2ef2","D01","HOPB","HOPB.AOS.S2","HOPB.SS.20240123.FIL","A00000160393","2024-01-23T14:53Z","2024-01-23T14:53Z","Illinois State Water Survey Central Analytical Laboratory",484.0,0.00400,1,"2024-01-24","A",,
"5339d1bd-4998-4c44-8102-dbb8877466a2","D01","HOPB","HOPB.AOS.S2","HOPB.SS.20240123.FIL","A00000160393","2024-01-23T14:53Z","2024-01-23T14:53Z","Illinois State Water Survey Central Analytical Laboratory",294.0,0.03520,1,"2024-01-24","A",,
"ed004fc1-90ab-4701-a813-57bc783c5422","D01","HOPB","HOPB.AOS.S2","HOPB.SS.20240123.FIL","A00000160393","2024-01-23T14:53Z","2024-01-23T14:53Z","Illinois State Water Survey Central Analytical Laboratory",404.0,0.00920,1,"2024-01-24","B",,
"376c9d6f-f38d-4860-b3c2-69c1a69f11e1","D01","HOPB","HOPB.AOS.S2","HOPB.SS.20240123.FIL","A00000160393","2024-01-23T14:53Z","2024-01-23T14:53Z","Illinois State Water Survey Central Analytical Laboratory",302.0,0.03350,1,"2024-01-24","B",,
"e63ed629-898b-4af2-a796-06545bfd2efe","D01","HOPB","HOPB.AOS.S2","HOPB.SS.20240123.FIL","A00000160393","2024-01-23T14:53Z","2024-01-23T14:53Z","Illinois State Water Survey Central Analytical Laboratory",332.0,0.02200,1,"2024-01-24","A",,
"c62aa21d-6f19-4593-b471-45b9aa00619f","D01","HOPB","HOPB.AOS.S2","HOPB.SS.20240123.FIL","A00000160393","2024-01-23T14:53Z","2024-01-23T14:53Z","Illinois State Water Survey Central Analytical Laboratory",572.0,0.00240,1,"2024-01-24","A",,
"34816138-33eb-4f90-850e-122e0521b134","D01","HOPB","HOPB.AOS.S2","HOPB.SS.20240123.FIL","A00000160393","2024-01-23T14:53Z","2024-01-23T14:53Z","Illinois State Water Survey Central Analytical Laboratory",400.0,0.00960,1,"2024-01-24","B",,
"13e30dd1-495d-47d4-b08b-7a3c39a286d5","D01","HOPB","HOPB.AOS.S2","HOPB.SS.20240123.FIL","A00000160393","2024-01-23T14:53Z","2024-01-23T14:53Z","Illinois State Water Survey Central Analytical Laboratory",554.0,0.00240,1,"2024-01-24","A",,
"727b4020-c9f5-4d8e-b172-f7bc86d7dc9c","D01","HOPB","HOPB.AOS.S2","HOPB.SS.20240123.FIL","A00000160393","2024-01-23T14:53Z","2024-01-23T14:53Z","Illinois State Water Survey Central Analytical Laboratory",554.0,0.00310,1,"2024-01-24","B",,
"888b4022-453e-4872-95c7-2f2318659665","D01","HOPB","HOPB.AOS.S2","HOPB.SS.20240123.FIL","A00000160393","2024-01-23T14:53Z","2024-01-23T14:53Z","Illinois State Water Survey Central Analytical Laboratory",436.0,0.00660,1,"2024-01-24","B",,
"41f626fc-ade6-4795-85f7-f901b616fd0a","D01","HOPB","HOPB.AOS.S2","HOPB.SS.20240123.FIL","A00000160393","2024-01-23T14:53Z","2024-01-23T14:53Z","Illinois State Water Survey Central Analytical Laboratory",280.0,0.04220,1,"2024-01-24","A",,
"48e1aaff-dd68-4b65-9b30-7aa29e521730","D01","HOPB","HOPB.AOS.S2","HOPB.SS.20240123.FIL","A00000160393","2024-01-23T14:53Z","2024-01-23T14:53Z","Illinois State Water Survey Central Analytical Laboratory",450.0,0.00530,1,"2024-01-24","A",,
"c0c951ec-f209-4ce2-a763-166323c1d629","D01","HOPB","HOPB.AOS.S2","HOPB.SS.20240123.FIL","A00000160393","2024-01-23T14:53Z","2024-01-23T14:53Z","Illinois State Water Survey Central Analytical Laboratory",396.0,0.00940,1,"2024-01-24","A",,
"37116a25-4804-4b44-9258-2a48e27ffbab","D01","HOPB","HOPB.AOS.S2","HOPB.SS.20240123.FIL","A00000160393","2024-01-23T14:53Z","2024-01-23T14:53Z","Illinois State Water Survey Central Analytical Laboratory",434.0,0.00680,1,"2024-01-24","B",,
"bf28597f-fb57-4cc8-9b08-475ef72f230b","D01","HOPB","HOPB.AOS.S2","HOPB.SS.20240123.FIL","A00000160393","2024-01-23T14:53Z","2024-01-23T14:53Z","Illinois State Water Survey Central Analytical Laboratory",592.0,0.00260,1,"2024-01-24","A",,
"47ec2c11-c6bd-406e-99b0-8d86f12fecad","D01","HOPB","HOPB.AOS.S2","HOPB.SS.20240123.FIL","A00000160393","2024-01-23T14:53Z","2024-01-23T14:53Z","Illinois State Water Survey Central Analytical Laboratory",264.0,0.05170,1,"2024-01-24","B",,
"aa49ce90-26f5-491f-8944-62539d237334","D01","HOPB","HOPB.AOS.S2","HOPB.SS.20240123.FIL","A00000160393","2024-01-23T14:53Z","2024-01-23T14:53Z","Illinois State Water Survey Central Analytical Laboratory",256.0,0.05380,1,"2024-01-24","A",,
"8944567d-52de-4658-81e2-982ab61ada10","D01","HOPB","HOPB.AOS.S2","HOPB.SS.20240123.FIL","A00000160393","2024-01-23T14:53Z","2024-01-23T14:53Z","Illinois State Water Survey Central Analytical Laboratory",486.0,0.00420,1,"2024-01-24","A",,
"09c54e16-5624-4196-8e44-23767b00745f","D01","HOPB","HOPB.AOS.S2","HOPB.SS.20240123.FIL","A00000160393","2024-01-23T14:53Z","2024-01-23T14:53Z","Illinois State Water Survey Central Analytical Laboratory",490.0,0.00480,1,"2024-01-24","B",,
"cc17aa40-6f68-4473-816a-f967bc14fc82","D01","HOPB","HOPB.AOS.S2","HOPB.SS.20240123.FIL","A00000160393","2024-01-23T14:53Z","2024-01-23T14:53Z","Illinois State Water Survey Central Analytical Laboratory",406.0,0.00820,1,"2024-01-24","A",,
"903d9e34-617d-4329-82a7-05d70e1620cf","D01","HOPB","HOPB.AOS.S2","HOPB.SS.20240123.FIL","A00000160393","2024-01-23T14:53Z","2024-01-23T14:53Z","Illinois State Water Survey Central Analytical Laboratory",538.0,0.00320,1,"2024-01-24","B",,
"181e566b-9d3a-4719-ba38-f46dbbc24bfd","D01","HOPB","HOPB.AOS.S2","HOPB.SS.20240123.FIL","A00000160393","2024-01-23T14:53Z","2024-01-23T14:53Z","Illinois State Water Survey Central Analytical Laboratory",552.0,0.00320,1,"2024-01-24","B",,
"2a910653-b634-412f-ad56-ae7a914a5a13","D01","HOPB","HOPB.AOS.S2","HOPB.SS.20240123.FIL","A00000160393","2024-01-23T14:53Z","2024-01-23T14:53Z","Illinois State Water Survey Central Analytical Laboratory",462.0,0.00540,1,"2024-01-24","B",,
"45a18d7b-4bd8-4c35-a54e-6be38349edbf","D01","HOPB","HOPB.AOS.S2","HOPB.SS.20240123.FIL","A00000160393","2024-01-23T14:53Z","2024-01-23T14:53Z","Illinois State Water Survey Central Analytical Laboratory",274.0,0.04510,1,"2024-01-24","A",,
"44061c22-8552-4eda-9f8e-1fce4f8cf506","D01","HOPB","HOPB.AOS.S2","HOPB.SS.20240123.FIL","A00000160393","2024-01-23T14:53Z","2024-01-23T14:53Z","Illinois State Water Survey Central Analytical Laboratory",360.0,0.01530,1,"2024-01-24","A",,
"ffb62c0b-8227-4662-958a-850469003c78","D01","HOPB","HOPB.AOS.S2","HOPB.SS.20240123.FIL","A00000160393","2024-01-23T14:53Z","2024-01-23T14:53Z","Illinois State Water Survey Central Analytical Laboratory",516.0,0.00330,1,"2024-01-24","A",,
"3c3fbc38-6385-4a81-ba9f-f86a9c9a696f","D01","HOPB","HOPB.AOS.S2","HOPB.SS.20240123.FIL","A00000160393","2024-01-23T14:53Z","2024-01-23T14:53Z","Illinois State Water Survey Central Analytical Laboratory",328.0,0.02330,1,"2024-01-24","A",,
"760af235-d689-4735-a1f8-14605b8d0128","D01","HOPB","HOPB.AOS.S2","HOPB.SS.20240123.FIL","A00000160393","2024-01-23T14:53Z","2024-01-23T14:53Z","Illinois State Water Survey Central Analytical Laboratory",274.0,0.04690,1,"2024-01-24","B",,
"f022ada6-3fc1-4c30-b6d5-990ba576505d","D01","HOPB","HOPB.AOS.S2","HOPB.SS.20240123.FIL","A00000160393","2024-01-23T14:53Z","2024-01-23T14:53Z","Illinois State Water Survey Central Analytical Laboratory",466.0,0.00440,1,"2024-01-24","A",,
"ffb85845-8995-4c86-a61f-cf10517beed4","D01","HOPB","HOPB.AOS.S2","HOPB.SS.20240123.FIL","A00000160393","2024-01-23T14:53Z","2024-01-23T14:53Z","Illinois State Water Survey Central Analytical Laboratory",268.0,0.04810,1,"2024-01-24","A",,
"090e6a5c-7102-4f72-aca2-70c98a8def17","D01","HOPB","HOPB.AOS.S2","HOPB.SS.20240123.FIL","A00000160393","2024-01-23T14:53Z","2024-01-23T14:53Z","Illinois State Water Survey Central Analytical Laboratory",234.0,0.07020,1,"2024-01-24","A",,
"b529cc6e-cfdc-4588-9efb-4f3d20b96fc7","D01","HOPB","HOPB.AOS.S2","HOPB.SS.20240123.FIL","A00000160393","2024-01-23T14:53Z","2024-01-23T14:53Z","Illinois State Water Survey Central Analytical Laboratory",326.0,0.02500,1,"2024-01-24","B",,
"6bc583c4-3c03-49a1-a0f0-ed918ef191ed","D01","HOPB","HOPB.AOS.S2","HOPB.SS.20240123.FIL","A00000160393","2024-01-23T14:53Z","2024-01-23T14:53Z","Illinois State Water Survey Central Analytical Laboratory",236.0,0.06760,1,"2024-01-24","A",,
"9f56acc2-7c9f-40e0-bd32-07f692cae89c","D01","HOPB","HOPB.AOS.S2","HOPB.SS.20240123.FIL","A00000160393","2024-01-23T14:53Z","2024-01-23T14:53Z","Illinois State Water Survey Central Analytical Laboratory",368.0,0.01440,1,"2024-01-24","B",,
"6ee6a1c1-64cb-49b1-821f-97ab3c530a53","D01","HOPB","HOPB.AOS.S2","HOPB.SS.20240123.FIL","A00000160393","2024-01-23T14:53Z","2024-01-23T14:53Z","Illinois State Water Survey Central Analytical Laboratory",290.0,0.03720,1,"2024-01-24","A",,
"f759b3e2-e7c0-4102-842f-257991a873d0","D01","HOPB","HOPB.AOS.S2","HOPB.SS.20240123.FIL","A00000160393","2024-01-23T14:53Z","2024-01-23T14:53Z","Illinois State Water Survey Central Analytical Laboratory",472.0,0.00510,1,"2024-01-24","B",,
"9ea2d515-cbf5-4712-98e5-0747ecdfd934","D01","HOPB","HOPB.AOS.S2","HOPB.SS.20240123.FIL","A00000160393","2024-01-23T14:53Z","2024-01-23T14:53Z","Illinois State Water Survey Central Analytical Laboratory",532.0,0.00280,1,"2024-01-24","A",,
"fe5a3dac-3531-4ce6-a9b3-6c46840dce2f","D01","HOPB","HOPB.AOS.S2","HOPB.SS.20240123.FIL","A00000160393","2024-01-23T14:53Z","2024-01-23T14:53Z","Illinois State Water Survey Central Analytical Laboratory",566.0,0.00250,1,"2024-01-24","A",,
"a2d8ef4d-5775-434e-a7c5-b72a23bd0ea3","D01","HOPB","HOPB.AOS.S2","HOPB.SS.20240123.FIL","A00000160393","2024-01-23T14:53Z","2024-01-23T14:53Z","Illinois State Water Survey Central Analytical Laboratory",322.0,0.02520,1,"2024-01-24","A",,
"cda456e4-71a4-48c5-aada-4fa079dd037d","D01","HOPB","HOPB.AOS.S2","HOPB.SS.20240123.FIL","A00000160393","2024-01-23T14:53Z","2024-01-23T14:53Z","Illinois State Water Survey Central Analytical Laboratory",448.0,0.00540,1,"2024-01-24","A",,
"9e574484-27c3-4e70-a4fc-6c6b7e9c93e1","D01","HOPB","HOPB.AOS.S2","HOPB.SS.20240123.FIL","A00000160393","2024-01-23T14:53Z","2024-01-23T14:53Z","Illinois State Water Survey Central Analytical Laboratory",504.0,0.00410,1,"2024-01-24","B",,
"818626d0-75ae-4280-a3a1-8ec2866f3789","D01","HOPB","HOPB.AOS.S2","HOPB.SS.20240123.FIL","A00000160393","2024-01-23T14:53Z","2024-01-23T14:53Z","Illinois State Water Survey Central Analytical Laboratory",438.0,0.00590,1,"2024-01-24","A",,
"64d1bb4d-d56c-4eb3-b39b-de5449ed03e9","D01","HOPB","HOPB.AOS.S2","HOPB.SS.20240123.FIL","A00000160393","2024-01-23T14:53Z","2024-01-23T14:53Z","Illinois State Water Survey Central Analytical Laboratory",432.0,0.00610,1,"2024-01-24","A",,
"5967f44d-6aa0-46d8-b9d5-fbca111ba664","D01","HOPB","HOPB.AOS.S2","HOPB.SS.20240123.FIL","A00000160393","2024-01-23T14:53Z","2024-01-23T14:53Z","Illinois State Water Survey Central Analytical Laboratory",336.0,0.02190,1,"2024-01-24","B",,
"bedbe0c6-2661-4e13-b09b-48e34bfe2006","D01","HOPB","HOPB.AOS.S2","HOPB.SS.20240123.FIL","A00000160393","2024-01-23T14:53Z","2024-01-23T14:53Z","Illinois State Water Survey Central Analytical Laboratory",498.0,0.00440,1,"2024-01-24","B",,
"9769fde1-83b4-4b46-95d2-33e6e64c35e5","D01","HOPB","HOPB.AOS.S2","HOPB.SS.20240123.FIL","A00000160393","2024-01-23T14:53Z","2024-01-23T14:53Z","Illinois State Water Survey Central Analytical Laboratory",386.0,0.01150,1,"2024-01-24","B",,
"43824667-a7cb-44f9-b123-bb173752287a","D01","HOPB","HOPB.AOS.S2","HOPB.SS.20240123.FIL","A00000160393","2024-01-23T14:53Z","2024-01-23T14:53Z","Illinois State Water Survey Central Analytical Laboratory",424.0,0.00660,1,"2024-01-24","A",,
"61231c7c-4367-444c-a93d-b637bbf57209","D01","HOPB","HOPB.AOS.S2","HOPB.SS.20240123.FIL","A00000160393","2024-01-23T14:53Z","2024-01-23T14:53Z","Illinois State Water Survey Central Analytical Laboratory",514.0,0.00390,1,"2024-01-24","B",,
"afdde93d-8c96-4fd2-ac5a-12c17e300f60","D01","HOPB","HOPB.AOS.S2","HOPB.SS.20240123.FIL","A00000160393","2024-01-23T14:53Z","2024-01-23T14:53Z","Illinois State Water Survey Central Analytical Laboratory",534.0,0.00360,1,"2024-01-24","B",,
"acfdea96-9310-41c5-bfd2-bce8fca0b2be","D01","HOPB","HOPB.AOS.S2","HOPB.SS.20240123.FIL","A00000160393","2024-01-23T14:53Z","2024-01-23T14:53Z","Illinois State Water Survey Central Analytical Laboratory",548.0,0.00260,1,"2024-01-24","A",,
"462462d9-354b-4f6b-bc24-6702c2606bcd","D01","HOPB","HOPB.AOS.S2","HOPB.SS.20240123.FIL","A00000160393","2024-01-23T14:53Z","2024-01-23T14:53Z","Illinois State Water Survey Central Analytical Laboratory",526.0,0.00310,1,"2024-01-24","A",,
"5b5126af-b37b-49b8-8a37-fde938dbf691","D01","HOPB","HOPB.AOS.S2","HOPB.SS.20240123.FIL","A00000160393","2024-01-23T14:53Z","2024-01-23T14:53Z","Illinois State Water Survey Central Analytical Laboratory",456.0,0.00570,1,"2024-01-24","B",,
"8282155f-cadd-41dc-bd08-7dce5424858b","D01","HOPB","HOPB.AOS.S2","HOPB.SS.20240123.FIL","A00000160393","2024-01-23T14:53Z","2024-01-23T14:53Z","Illinois State Water Survey Central Analytical Laboratory",340.0,0.01990,1,"2024-01-24","A",,
"6739456b-6502-49c8-8778-8a3dd5761f78","D01","HOPB","HOPB.AOS.S2","HOPB.SS.20240123.FIL","A00000160393","2024-01-23T14:53Z","2024-01-23T14:53Z","Illinois State Water Survey Central Analytical Laboratory",376.0,0.01230,1,"2024-01-24","A",,
"757353ca-f928-4ec2-92c2-f298c82b2ac1","D01","HOPB","HOPB.AOS.S2","HOPB.SS.20240123.FIL","A00000160393","2024-01-23T14:53Z","2024-01-23T14:53Z","Illinois State Water Survey Central Analytical Laboratory",370.0,0.01310,1,"2024-01-24","A",,
"f26f6cc7-bb5b-4bb3-8cc1-2f0af5d5cd15","D01","HOPB","HOPB.AOS.S2","HOPB.SS.20240123.FIL","A00000160393","2024-01-23T14:53Z","2024-01-23T14:53Z","Illinois State Water Survey Central Analytical Laboratory",232.0,0.07320,1,"2024-01-24","A",,
"33da8a3c-1ce6-49f5-9928-75b54e006a45","D01","HOPB","HOPB.AOS.S2","HOPB.SS.20240123.FIL","A00000160393","2024-01-23T14:53Z","2024-01-23T14:53Z","Illinois State Water Survey Central Analytical Laboratory",578.0,0.00310,1,"2024-01-24","B",,
"3d806b77-4367-47b7-818b-7f67a32a5faf","D01","HOPB","HOPB.AOS.S2","HOPB.SS.20240123.FIL","A00000160393","2024-01-23T14:53Z","2024-01-23T14:53Z","Illinois State Water Survey Central Analytical Laboratory",222.0,0.09740,1,"2024-01-24","B",,
"3f7872cf-250e-4cb7-b388-b8bdf6319493","D01","HOPB","HOPB.AOS.S2","HOPB.SS.20240123.FIL","A00000160393","2024-01-23T14:53Z","2024-01-23T14:53Z","Illinois State Water Survey Central Analytical Laboratory",270.0,0.04890,1,"2024-01-24","B",,
"800c40da-d81b-4fad-82c2-35af2f28e266","D01","HOPB","HOPB.AOS.S2","HOPB.SS.20240123.FIL","A00000160393","2024-01-23T14:53Z","2024-01-23T14:53Z","Illinois State Water Survey Central Analytical Laboratory",502.0,0.00430,1,"2024-01-24","B",,
"e5c8f433-8c94-4801-804a-a43ecbf94daa","D01","HOPB","HOPB.AOS.S2","HOPB.SS.20240123.FIL","A00000160393","2024-01-23T14:53Z","2024-01-23T14:53Z","Illinois State Water Survey Central Analytical Laboratory",392.0,0.01010,1,"2024-01-24","A",,
"bb359ba1-d78f-4808-b3a8-6825105a760c","D01","HOPB","HOPB.AOS.S2","HOPB.SS.20240123.FIL","A00000160393","2024-01-23T14:53Z","2024-01-23T14:53Z","Illinois State Water Survey Central Analytical Laboratory",492.0,0.00470,1,"2024-01-24","B",,
"eb127a6c-d442-422f-a496-87c7ebec9be5","D01","HOPB","HOPB.AOS.S2","HOPB.SS.20240123.FIL","A00000160393","2024-01-23T14:53Z","2024-01-23T14:53Z","Illinois State Water Survey Central Analytical Laboratory",324.0,0.02450,1,"2024-01-24","A",,
"dd0d65ac-6bf4-43b3-adae-e52cc796f2fc","D01","HOPB","HOPB.AOS.S2","HOPB.SS.20240123.FIL","A00000160393","2024-01-23T14:53Z","2024-01-23T14:53Z","Illinois State Water Survey Central Analytical Laboratory",310.0,0.02900,1,"2024-01-24","A",,
"cb424ab5-170b-461f-8f79-f3bd53b1a889","D01","HOPB","HOPB.AOS.S2","HOPB.SS.20240123.FIL","A00000160393","2024-01-23T14:53Z","2024-01-23T14:53Z","Illinois State Water Survey Central Analytical Laboratory",368.0,0.01360,1,"2024-01-24","A",,
"efd9734a-d0af-45ee-a512-01ef3a8dff5e","D01","HOPB","HOPB.AOS.S2","HOPB.SS.20240123.FIL","A00000160393","2024-01-23T14:53Z","2024-01-23T14:53Z","Illinois State Water Survey Central Analytical Laboratory",428.0,0.00680,1,"2024-01-24","A",,
"f3486cc6-2c56-441a-93e3-aa970ea8a277","D01","HOPB","HOPB.AOS.S2","HOPB.SS.20240123.FIL","A00000160393","2024-01-23T14:53Z","2024-01-23T14:53Z","Illinois State Water Survey Central Analytical Laboratory",444.0,0.00630,1,"2024-01-24","B",,
"4385c4a2-daf1-487a-9ef1-ac3ac23f528f","D01","HOPB","HOPB.AOS.S2","HOPB.SS.20240123.FIL","A00000160393","2024-01-23T14:53Z","2024-01-23T14:53Z","Illinois State Water Survey Central Analytical Laboratory",482.0,0.00420,1,"2024-01-24","A",,
"db9e954a-e8e2-42fc-93a5-7e9c38e4c5a3","D01","HOPB","HOPB.AOS.S2","HOPB.SS.20240123.FIL","A00000160393","2024-01-23T14:53Z","2024-01-23T14:53Z","Illinois State Water Survey Central Analytical Laboratory",316.0,0.02810,1,"2024-01-24","B",,
"dfa00e75-3126-4caa-8281-82c6df5efd3f","D01","HOPB","HOPB.AOS.S2","HOPB.SS.20240123.FIL","A00000160393","2024-01-23T14:53Z","2024-01-23T14:53Z","Illinois State Water Survey Central Analytical Laboratory",366.0,0.01390,1,"2024-01-24","A",,
"f4bc3a7e-1bd2-4205-a4c2-d75e24cab34b","D01","HOPB","HOPB.AOS.S2","HOPB.SS.20240123.FIL","A00000160393","2024-01-23T14:53Z","2024-01-23T14:53Z","Illinois State Water Survey Central Analytical Laboratory",536.0,0.00280,1,"2024-01-24","A",,
"55b315e8-69fc-4595-bd3d-e6e05a3abb40","D01","HOPB","HOPB.AOS.S2","HOPB.SS.20240123.FIL","A00000160393","2024-01-23T14:53Z","2024-01-23T14:53Z","Illinois State Water Survey Central Analytical Laboratory",418.0,0.00730,1,"2024-01-24","A",,
"d3dc0856-15f8-4d7d-839f-37e5877599ca","D01","HOPB","HOPB.AOS.S2","HOPB.SS.20240123.FIL","A00000160393","2024-01-23T14:53Z","2024-01-23T14:53Z","Illinois State Water Survey Central Analytical Laboratory",284.0,0.04170,1,"2024-01-24","B",,
"080d151d-b085-4287-a7fd-d55613fa7ff9","D01","HOPB","HOPB.AOS.S2","HOPB.SS.20240123.FIL","A00000160393","2024-01-23T14:53Z","2024-01-23T14:53Z","Illinois State Water Survey Central Analytical Laboratory",352.0,0.01780,1,"2024-01-24","B",,
"7ae3be00-ae01-40af-9a80-06ad041f7530","D01","HOPB","HOPB.AOS.S2","HOPB.SS.20240123.FIL","A00000160393","2024-01-23T14:53Z","2024-01-23T14:53Z","Illinois State Water Survey Central Analytical Laboratory",348.0,0.01800,1,"2024-01-24","A",,
"61138462-a503-464d-9dab-7a02e205b6fe","D01","HOPB","HOPB.AOS.S2","HOPB.SS.20240123.FIL","A00000160393","2024-01-23T14:53Z","2024-01-23T14:53Z","Illinois State Water Survey Central Analytical Laboratory",348.0,0.01890,1,"2024-01-24","B",,
"97fcc2f1-70ec-4a3c-af07-340b39b38577","D01","HOPB","HOPB.AOS.S2","HOPB.SS.20240123.FIL","A00000160393","2024-01-23T14:53Z","2024-01-23T14:53Z","Illinois State Water Survey Central Analytical Laboratory",420.0,0.00710,1,"2024-01-24","A",,
"9c5e293b-c636-434d-99fd-2bd40b0c776d","D01","HOPB","HOPB.AOS.S2","HOPB.SS.20240123.FIL","A00000160393","2024-01-23T14:53Z","2024-01-23T14:53Z","Illinois State Water Survey Central Analytical Laboratory",222.0,0.09500,1,"2024-01-24","A",,
"c1bf468d-61b4-4548-b7f0-7a688df044ce","D01","HOPB","HOPB.AOS.S2","HOPB.SS.20240123.FIL","A00000160393","2024-01-23T14:53Z","2024-01-23T14:53Z","Illinois State Water Survey Central Analytical Laboratory",434.0,0.00610,1,"2024-01-24","A",,
"17bb7991-db6f-4540-908d-7f521fc5dce0","D01","HOPB","HOPB.AOS.S2","HOPB.SS.20240123.FIL","A00000160393","2024-01-23T14:53Z","2024-01-23T14:53Z","Illinois State Water Survey Central Analytical Laboratory",326.0,0.02380,1,"2024-01-24","A",,
"c4c16156-5d5c-4a9a-9ca6-9877b53db527","D01","HOPB","HOPB.AOS.S2","HOPB.SS.20240123.FIL","A00000160393","2024-01-23T14:53Z","2024-01-23T14:53Z","Illinois State Water Survey Central Analytical Laboratory",520.0,0.00400,1,"2024-01-24","B",,
"875d5cbf-55ec-4438-8f2e-01181ec9779d","D01","HOPB","HOPB.AOS.S2","HOPB.SS.20240123.FIL","A00000160393","2024-01-23T14:53Z","2024-01-23T14:53Z","Illinois State Water Survey Central Analytical Laboratory",528.0,0.00390,1,"2024-01-24","B",,
"94e92124-de3b-4240-812c-ba67107bd6e0","D01","HOPB","HOPB.AOS.S2","HOPB.SS.20240123.FIL","A00000160393","2024-01-23T14:53Z","2024-01-23T14:53Z","Illinois State Water Survey Central Analytical Laboratory",302.0,0.03190,1,"2024-01-24","A",,
"180b8c70-e9cc-4e5e-b967-fe19c3d78ffc","D01","HOPB","HOPB.AOS.S2","HOPB.SS.20240123.FIL","A00000160393","2024-01-23T14:53Z","2024-01-23T14:53Z","Illinois State Water Survey Central Analytical Laboratory",598.0,0.00220,1,"2024-01-24","A",,
"d85c2c84-f355-491b-8ace-fc716358e889","D01","HOPB","HOPB.AOS.S2","HOPB.SS.20240123.FIL","A00000160393","2024-01-23T14:53Z","2024-01-23T14:53Z","Illinois State Water Survey Central Analytical Laboratory",320.0,0.02580,1,"2024-01-24","A",,
"edfa8325-03e4-4880-8917-a41e2cd3efb2","D01","HOPB","HOPB.AOS.S2","HOPB.SS.20240123.FIL","A00000160393","2024-01-23T14:53Z","2024-01-23T14:53Z","Illinois State Water Survey Central Analytical Laboratory",300.0,0.03280,1,"2024-01-24","A",,
"46ce44d9-ba79-4d5b-a720-a23c42321c66","D01","HOPB","HOPB.AOS.S2","HOPB.SS.20240123.FIL","A00000160393","2024-01-23T14:53Z","2024-01-23T14:53Z","Illinois State Water Survey Central Analytical Laboratory",436.0,0.00610,1,"2024-01-24","A",,
"a518ae82-3097-4a81-b5ba-4478c058263f","D01","HOPB","HOPB.AOS.S2","HOPB.SS.20240123.FIL","A00000160393","2024-01-23T14:53Z","2024-01-23T14:53Z","Illinois State Water Survey Central Analytical Laboratory",514.0,0.00320,1,"2024-01-24","A",,
"a4a1ff53-0120-4ad8-9c7c-3f009ada53cc","D01","HOPB","HOPB.AOS.S2","HOPB.SS.20240123.FIL","A00000160393","2024-01-23T14:53Z","2024-01-23T14:53Z","Illinois State Water Survey Central Analytical Laboratory",454.0,0.00500,1,"2024-01-24","A",,
"6d19fedb-5d99-4a9a-9d04-34b34271059f","D01","HOPB","HOPB.AOS.S2","HOPB.SS.20240123.FIL","A00000160393","2024-01-23T14:53Z","2024-01-23T14:53Z","Illinois State Water Survey Central Analytical Laboratory",512.0,0.00400,1,"2024-01-24","B",,
"053da481-d368-44db-b975-38fd9170f479","D01","HOPB","HOPB.AOS.S2","HOPB.SS.20240123.FIL","A00000160393","2024-01-23T14:53Z","2024-01-23T14:53Z","Illinois State Water Survey Central Analytical Laboratory",550.0,0.00260,1,"2024-01-24","A",,
"262e2dca-b37e-4c6a-a6be-f0e72b572682","D01","HOPB","HOPB.AOS.S2","HOPB.SS.20240123.FIL","A00000160393","2024-01-23T14:53Z","2024-01-23T14:53Z","Illinois State Water Survey Central Analytical Laboratory",524.0,0.00300,1,"2024-01-24","A",,
"4165e228-90ca-40aa-80c1-780cd5bd9238","D01","HOPB","HOPB.AOS.S2","HOPB.SS.20240123.FIL","A00000160393","2024-01-23T14:53Z","2024-01-23T14:53Z","Illinois State Water Survey Central Analytical Laboratory",342.0,0.02030,1,"2024-01-24","B",,
"84360d4d-634e-4583-8428-aee402f167d6","D01","HOPB","HOPB.AOS.S2","HOPB.SS.20240123.FIL","A00000160393","2024-01-23T14:53Z","2024-01-23T14:53Z","Illinois State Water Survey Central Analytical Laboratory",394.0,0.00970,1,"2024-01-24","A",,
"14c08b47-55ef-408a-a554-dab88867350a","D01","HOPB","HOPB.AOS.S2","HOPB.SS.20240123.FIL","A00000160393","2024-01-23T14:53Z","2024-01-23T14:53Z","Illinois State Water Survey Central Analytical Laboratory",468.0,0.00520,1,"2024-01-24","B",,
"e7fc6fc8-c819-4f9a-a54d-c623d8d70a6b","D01","HOPB","HOPB.AOS.S2","HOPB.SS.20240123.FIL","A00000160393","2024-01-23T14:53Z","2024-01-23T14:53Z","Illinois State Water Survey Central Analytical Laboratory",490.0,0.00380,1,"2024-01-24","A",,
"bb0655b3-5661-4fc4-ba69-26e665bb668c","D01","HOPB","HOPB.AOS.S2","HOPB.SS.20240123.FIL","A00000160393","2024-01-23T14:53Z","2024-01-23T14:53Z","Illinois State Water Survey Central Analytical Laboratory",410.0,0.00800,1,"2024-01-24","A",,
"4000fd8d-8dde-4e32-af3b-c5ddb96fe175","D01","HOPB","HOPB.AOS.S2","HOPB.SS.20240123.FIL","A00000160393","2024-01-23T14:53Z","2024-01-23T14:53Z","Illinois State Water Survey Central Analytical Laboratory",288.0,0.03810,1,"2024-01-24","A",,
"dc370301-89d0-4d30-aa0f-20ae26452160","D01","HOPB","HOPB.AOS.S2","HOPB.SS.20240123.FIL","A00000160393","2024-01-23T14:53Z","2024-01-23T14:53Z","Illinois State Water Survey Central Analytical Laboratory",250.0,0.05670,1,"2024-01-24","A",,
"70e0b288-1f9e-4998-b978-127873bc927c","D01","HOPB","HOPB.AOS.S2","HOPB.SS.20240123.FIL","A00000160393","2024-01-23T14:53Z","2024-01-23T14:53Z","Illinois State Water Survey Central Analytical Laboratory",272.0,0.04790,1,"2024-01-24","B",,
"8d1a08ae-4b4c-40f2-a7e8-8604ad7f5f90","D01","HOPB","HOPB.AOS.S2","HOPB.SS.20240123.FIL","A00000160393","2024-01-23T14:53Z","2024-01-23T14:53Z","Illinois State Water Survey Central Analytical Laboratory",542.0,0.00360,1,"2024-01-24","B",,
"d5e828f7-9ae5-474c-8955-f63d73667d14","D01","HOPB","HOPB.AOS.S2","HOPB.SS.20240123.FIL","A00000160393","2024-01-23T14:53Z","2024-01-23T14:53Z","Illinois State Water Survey Central Analytical Laboratory",342.0,0.01910,1,"2024-01-24","A",,
"15cfe3dd-b00e-4c60-95b1-a35859c0d564","D01","HOPB","HOPB.AOS.S2","HOPB.SS.20240123.FIL","A00000160393","2024-01-23T14:53Z","2024-01-23T14:53Z","Illinois State Water Survey Central Analytical Laboratory",586.0,0.00300,1,"2024-01-24","B",,
"1cca4f2d-4ef2-433c-ad46-4d1d38bca7e8","D01","HOPB","HOPB.AOS.S2","HOPB.SS.20240123.FIL","A00000160393","2024-01-23T14:53Z","2024-01-23T14:53Z","Illinois State Water Survey Central Analytical Laboratory",282.0,0.04100,1,"2024-01-24","A",,
"dfb033d3-b981-40c8-978b-3dc700bc5039","D01","HOPB","HOPB.AOS.S2","HOPB.SS.20240123.FIL","A00000160393","2024-01-23T14:53Z","2024-01-23T14:53Z","Illinois State Water Survey Central Analytical Laboratory",500.0,0.00370,1,"2024-01-24","A",,
"a743dd29-cbef-44fb-9ee3-77c0186295d8","D01","HOPB","HOPB.AOS.S2","HOPB.SS.20240123.FIL","A00000160393","2024-01-23T14:53Z","2024-01-23T14:53Z","Illinois State Water Survey Central Analytical Laboratory",314.0,0.02750,1,"2024-01-24","A",,
"ac47b44d-4916-4e98-ab34-15c67075af2b","D01","HOPB","HOPB.AOS.S2","HOPB.SS.20240123.FIL","A00000160393","2024-01-23T14:53Z","2024-01-23T14:53Z","Illinois State Water Survey Central Analytical Laboratory",420.0,0.00780,1,"2024-01-24","B",,
"7df6e5ce-e9a6-4600-aa79-9b1df6345915","D01","HOPB","HOPB.AOS.S2","HOPB.SS.20240123.FIL","A00000160393","2024-01-23T14:53Z","2024-01-23T14:53Z","Illinois State Water Survey Central Analytical Laboratory",358.0,0.01660,1,"2024-01-24","B",,
"65cdde79-5912-4c30-bff1-8a3a5a596c21","D01","HOPB","HOPB.AOS.S2","HOPB.SS.20240123.FIL","A00000160393","2024-01-23T14:53Z","2024-01-23T14:53Z","Illinois State Water Survey Central Analytical Laboratory",494.0,0.00360,1,"2024-01-24","A",,
"633a1798-07e5-47ef-abca-66d3e024a593","D01","HOPB","HOPB.AOS.S2","HOPB.SS.20240123.FIL","A00000160393","2024-01-23T14:53Z","2024-01-23T14:53Z","Illinois State Water Survey Central Analytical Laboratory",494.0,0.00430,1,"2024-01-24","B",,
"a2eaa60c-ee13-49bf-8c36-1701bbd35a05","D01","HOPB","HOPB.AOS.S2","HOPB.SS.20240123.FIL","A00000160393","2024-01-23T14:53Z","2024-01-23T14:53Z","Illinois State Water Survey Central Analytical Laboratory",522.0,0.00330,1,"2024-01-24","A",,
"6a51e9f1-f43d-4c46-b329-f309e05ceb83","D01","HOPB","HOPB.AOS.S2","HOPB.SS.20240123.FIL","A00000160393","2024-01-23T14:53Z","2024-01-23T14:53Z","Illinois State Water Survey Central Analytical Laboratory",254.0,0.05650,1,"2024-01-24","B",,
"fdc13d72-6d46-483e-a8dd-7db9656eaba4","D01","HOPB","HOPB.AOS.S2","HOPB.SS.20240123.FIL","A00000160393","2024-01-23T14:53Z","2024-01-23T14:53Z","Illinois State Water Survey Central Analytical Laboratory",324.0,0.02580,1,"2024-01-24","B",,
"7d77ee9d-58c9-4e89-b426-957a8c8ce868","D01","HOPB","HOPB.AOS.S2","HOPB.SS.20240123.FIL","A00000160393","2024-01-23T14:53Z","2024-01-23T14:53Z","Illinois State Water Survey Central Analytical Laboratory",472.0,0.00450,1,"2024-01-24","A",,
"fd57327b-bb47-4fce-b7d7-c77aefd7cdd4","D01","HOPB","HOPB.AOS.S2","HOPB.SS.20240123.FIL","A00000160393","2024-01-23T14:53Z","2024-01-23T14:53Z","Illinois State Water Survey Central Analytical Laboratory",492.0,0.00390,1,"2024-01-24","A",,
"f86043f3-fed7-4c1d-8f20-c9ab804ee1f7","D01","HOPB","HOPB.AOS.S2","HOPB.SS.20240123.FIL","A00000160393","2024-01-23T14:53Z","2024-01-23T14:53Z","Illinois State Water Survey Central Analytical Laboratory",594.0,0.00200,1,"2024-01-24","A",,
"5a43731a-1df4-4493-9d91-b288d62861de","D01","HOPB","HOPB.AOS.S2","HOPB.SS.20240123.FIL","A00000160393","2024-01-23T14:53Z","2024-01-23T14:53Z","Illinois State Water Survey Central Analytical Laboratory",464.0,0.00460,1,"2024-01-24","A",,
"b1ce425b-b2cb-4f26-a7d4-b2ecb8d3dfe7","D01","HOPB","HOPB.AOS.S2","HOPB.SS.20240123.FIL","A00000160393","2024-01-23T14:53Z","2024-01-23T14:53Z","Illinois State Water Survey Central Analytical Laboratory",524.0,0.00380,1,"2024-01-24","B",,
"1c443200-9cf9-457a-a18a-1714e2442445","D01","HOPB","HOPB.AOS.S2","HOPB.SS.20240123.FIL","A00000160393","2024-01-23T14:53Z","2024-01-23T14:53Z","Illinois State Water Survey Central Analytical Laboratory",508.0,0.00340,1,"2024-01-24","A",,
"5d29a237-d983-42a6-b491-8c6c060f11b2","D01","HOPB","HOPB.AOS.S2","HOPB.SS.20240123.FIL","A00000160393","2024-01-23T14:53Z","2024-01-23T14:53Z","Illinois State Water Survey Central Analytical Laboratory",470.0,0.00490,1,"2024-01-24","B",,
"99354c71-e892-4207-8573-fc4265a75c40","D01","HOPB","HOPB.AOS.S2","HOPB.SS.20240123.FIL","A00000160393","2024-01-23T14:53Z","2024-01-23T14:53Z","Illinois State Water Survey Central Analytical Laboratory",286.0,0.04060,1,"2024-01-24","B",,
"43aefa2f-b846-40dc-a72b-7ccfbae10900","D01","HOPB","HOPB.AOS.S2","HOPB.SS.20240123.FIL","A00000160393","2024-01-23T14:53Z","2024-01-23T14:53Z","Illinois State Water Survey Central Analytical Laboratory",344.0,0.01990,1,"2024-01-24","B",,
"0dddfd74-34b2-4108-80c1-2637d897b948","D01","HOPB","HOPB.AOS.S2","HOPB.SS.20240123.FIL","A00000160393","2024-01-23T14:53Z","2024-01-23T14:53Z","Illinois State Water Survey Central Analytical Laboratory",600.0,0.00260,1,"2024-01-24","B",,
"a6951ea5-97f8-43d4-98a3-330add36eb3e","D01","HOPB","HOPB.AOS.S2","HOPB.SS.20240123.FIL","A00000160393","2024-01-23T14:53Z","2024-01-23T14:53Z","Illinois State Water Survey Central Analytical Laboratory",442.0,0.00640,1,"2024-01-24","B",,
"86cc21d7-acd1-44bd-a75d-198b10e4f27e","D01","HOPB","HOPB.AOS.S2","HOPB.SS.20240123.FIL","A00000160393","2024-01-23T14:53Z","2024-01-23T14:53Z","Illinois State Water Survey Central Analytical Laboratory",416.0,0.00790,1,"2024-01-24","B",,
"1f867b88-df2f-4011-a122-c134c1a34a9d","D01","HOPB","HOPB.AOS.S2","HOPB.SS.20240123.FIL","A00000160393","2024-01-23T14:53Z","2024-01-23T14:53Z","Illinois State Water Survey Central Analytical Laboratory",382.0,0.01190,1,"2024-01-24","B",,
"d6ca2b62-9d7e-4e9b-a3a3-623f907f5cb8","D01","HOPB","HOPB.AOS.S2","HOPB.SS.20240123.FIL","A00000160393","2024-01-23T14:53Z","2024-01-23T14:53Z","Illinois State Water Survey Central Analytical Laboratory",540.0,0.00300,1,"2024-01-24","A",,
"b9654c8a-5aa9-4788-b4f4-41f883211cce","D01","HOPB","HOPB.AOS.S2","HOPB.SS.20240123.FIL","A00000160393","2024-01-23T14:53Z","2024-01-23T14:53Z","Illinois State Water Survey Central Analytical Laboratory",334.0,0.02260,1,"2024-01-24","B",,
"4d7c856a-2517-4be0-997d-87e82819823e","D01","HOPB","HOPB.AOS.S2","HOPB.SS.20240123.FIL","A00000160393","2024-01-23T14:53Z","2024-01-23T14:53Z","Illinois State Water Survey Central Analytical Laboratory",580.0,0.00310,1,"2024-01-24","B",,
"1cb5c5b2-f346-46c6-9e84-6164192a0c4a","D01","HOPB","HOPB.AOS.S2","HOPB.SS.20240123.FIL","A00000160393","2024-01-23T14:53Z","2024-01-23T14:53Z","Illinois State Water Survey Central Analytical Laboratory",402.0,0.00950,1,"2024-01-24","B",,
"7c33ead0-7a78-4c2b-a408-8a7ea8bcc004","D01","HOPB","HOPB.AOS.S2","HOPB.SS.20240123.FIL","A00000160393","2024-01-23T14:53Z","2024-01-23T14:53Z","Illinois State Water Survey Central Analytical Laboratory",230.0,0.07660,1,"2024-01-24","A",,
"078c6d88-022c-4ce1-be8d-ecd023eb60df","D01","HOPB","HOPB.AOS.S2","HOPB.SS.20240123.FIL","A00000160393","2024-01-23T14:53Z","2024-01-23T14:53Z","Illinois State Water Survey Central Analytical Laboratory",534.0,0.00290,1,"2024-01-24","A",,
"77205422-4e56-4ada-b487-5b6aa1bc578b","D01","HOPB","HOPB.AOS.S2","HOPB.SS.20240123.FIL","A00000160393","2024-01-23T14:53Z","2024-01-23T14:53Z","Illinois State Water Survey Central Analytical Laboratory",508.0,0.00400,1,"2024-01-24","B",,
"823b3548-eeb2-47e4-af6a-24d3a3ac13c6","D01","HOPB","HOPB.AOS.S2","HOPB.SS.20240123.FIL","A00000160393","2024-01-23T14:53Z","2024-01-23T14:53Z","Illinois State Water Survey Central Analytical Laboratory",430.0,0.00620,1,"2024-01-24","A",,
"fe409183-d824-451b-bedf-871956391e8d","D01","HOPB","HOPB.AOS.S2","HOPB.SS.20240123.FIL","A00000160393","2024-01-23T14:53Z","2024-01-23T14:53Z","Illinois State Water Survey Central Analytical Laboratory",488.0,0.00490,1,"2024-01-24","B",,
"72eb876e-00df-4b15-a3a7-109ac7a67869","D01","HOPB","HOPB.AOS.S2","HOPB.SS.20240123.FIL","A00000160393","2024-01-23T14:53Z","2024-01-23T14:53Z","Illinois State Water Survey Central Analytical Laboratory",548.0,0.00320,1,"2024-01-24","B",,
"4e52d239-d770-4ca6-8200-3f54dee335e0","D01","HOPB","HOPB.AOS.S2","HOPB.SS.20240123.FIL","A00000160393","2024-01-23T14:53Z","2024-01-23T14:53Z","Illinois State Water Survey Central Analytical Laboratory",484.0,0.00490,1,"2024-01-24","B",,
"bf78cd23-fbe0-47b9-96de-06a289d0acf2","D01","HOPB","HOPB.AOS.S2","HOPB.SS.20240123.FIL","A00000160393","2024-01-23T14:53Z","2024-01-23T14:53Z","Illinois State Water Survey Central Analytical Laboratory",272.0,0.04600,1,"2024-01-24","A",,
"70d123e3-4813-4577-aac8-91319243a0c5","D01","HOPB","HOPB.AOS.S2","HOPB.SS.20240123.FIL","A00000160393","2024-01-23T14:53Z","2024-01-23T14:53Z","Illinois State Water Survey Central Analytical Laboratory",572.0,0.00300,1,"2024-01-24","B",,
"9199f4f2-5c3b-4976-8306-a3464f7496eb","D01","HOPB","HOPB.AOS.S2","HOPB.SS.20240123.FIL","A00000160393","2024-01-23T14:53Z","2024-01-23T14:53Z","Illinois State Water Survey Central Analytical Laboratory",522.0,0.00380,1,"2024-01-24","B",,
"6dbe371b-fb1e-4488-b01a-5ca67a4f3a70","D01","HOPB","HOPB.AOS.S2","HOPB.SS.20240123.FIL","A00000160393","2024-01-23T14:53Z","2024-01-23T14:53Z","Illinois State Water Survey Central Analytical Laboratory",366.0,0.01480,1,"2024-01-24","B",,
"1c11679c-2694-445c-8511-147502f8f5be","D01","HOPB","HOPB.AOS.S2","HOPB.SS.20240123.FIL","A00000160393","2024-01-23T14:53Z","2024-01-23T14:53Z","Illinois State Water Survey Central Analytical Laboratory",236.0,0.06950,1,"2024-01-24","B",,
"bfc4218a-6621-4c6b-a2ce-3ff73730352d","D01","HOPB","HOPB.AOS.S2","HOPB.SS.20240123.FIL","A00000160393","2024-01-23T14:53Z","2024-01-23T14:53Z","Illinois State Water Survey Central Analytical Laboratory",296.0,0.03580,1,"2024-01-24","B",,
"823caea2-1f83-4162-a0f4-abc05b132f07","D01","HOPB","HOPB.AOS.S2","HOPB.SS.20240123.FIL","A00000160393","2024-01-23T14:53Z","2024-01-23T14:53Z","Illinois State Water Survey Central Analytical Laboratory",544.0,0.00280,1,"2024-01-24","A",,
"2afc0b98-55dc-4716-8aa1-1cbe7050f5e6","D01","HOPB","HOPB.AOS.S2","HOPB.SS.20240123.FIL","A00000160393","2024-01-23T14:53Z","2024-01-23T14:53Z","Illinois State Water Survey Central Analytical Laboratory",288.0,0.03980,1,"2024-01-24","B",,
"2510f7e5-05e4-4ad7-8dbd-e38b5a85eacc","D01","HOPB","HOPB.AOS.S2","HOPB.SS.20240123.FIL","A00000160393","2024-01-23T14:53Z","2024-01-23T14:53Z","Illinois State Water Survey Central Analytical Laboratory",260.0,0.05380,1,"2024-01-24","B",,
"781acd68-5957-46c1-a38d-d9de7f473d9e","D01","HOPB","HOPB.AOS.S2","HOPB.SS.20240123.FIL","A00000160393","2024-01-23T14:53Z","2024-01-23T14:53Z","Illinois State Water Survey Central Analytical Laboratory",242.0,0.06150,1,"2024-01-24","A",,
"edfbbda7-78d4-490e-9d5e-7407efb1a031","D01","HOPB","HOPB.AOS.S2","HOPB.SS.20240123.FIL","A00000160393","2024-01-23T14:53Z","2024-01-23T14:53Z","Illinois State Water Survey Central Analytical Laboratory",266.0,0.04900,1,"2024-01-24","A",,
"2effddac-bbfc-4b0b-9535-abc5cc21e6c3","D01","HOPB","HOPB.AOS.S2","HOPB.SS.20240123.FIL","A00000160393","2024-01-23T14:53Z","2024-01-23T14:53Z","Illinois State Water Survey Central Analytical Laboratory",244.0,0.06220,1,"2024-01-24","B",,
"0ffd3ef1-61c5-4e2d-bb72-30398907a514","D01","HOPB","HOPB.AOS.S2","HOPB.SS.20240123.FIL","A00000160393","2024-01-23T14:53Z","2024-01-23T14:53Z","Illinois State Water Survey Central Analytical Laboratory",424.0,0.00720,1,"2024-01-24","B",,
"c9025dc4-cdfe-4327-9c31-93c90c57e5c6","D01","HOPB","HOPB.AOS.S2","HOPB.SS.20240123.FIL","A00000160393","2024-01-23T14:53Z","2024-01-23T14:53Z","Illinois State Water Survey Central Analytical Laboratory",452.0,0.00510,1,"2024-01-24","A",,
"16eedf84-2142-42a3-9c42-4a3f11e540c9","D01","HOPB","HOPB.AOS.S2","HOPB.SS.20240123.FIL","A00000160393","2024-01-23T14:53Z","2024-01-23T14:53Z","Illinois State Water Survey Central Analytical Laboratory",344.0,0.01880,1,"2024-01-24","A",,
"99318228-f761-4dd6-9330-6a641450eb01","D01","HOPB","HOPB.AOS.S2","HOPB.SS.20240123.FIL","A00000160393","2024-01-23T14:53Z","2024-01-23T14:53Z","Illinois State Water Survey Central Analytical Laboratory",536.0,0.00350,1,"2024-01-24","B",,
"311fd2d7-0ffe-4552-a6a0-9ef0cf7dc05d","D01","HOPB","HOPB.AOS.S2","HOPB.SS.20240123.FIL","A00000160393","2024-01-23T14:53Z","2024-01-23T14:53Z","Illinois State Water Survey Central Analytical Laboratory",354.0,0.01750,1,"2024-01-24","B",,
"56ae4a39-f442-4877-8545-29b81c233fd4","D01","HOPB","HOPB.AOS.S2","HOPB.SS.20240123.FIL","A00000160393","2024-01-23T14:53Z","2024-01-23T14:53Z","Illinois State Water Survey Central Analytical Laboratory",298.0,0.03510,1,"2024-01-24","B",,
"6b770826-ff3a-4933-b2ac-2ccc011972a5","D01","HOPB","HOPB.AOS.S2","HOPB.SS.20240123.FIL","A00000160393","2024-01-23T14:53Z","2024-01-23T14:53Z","Illinois State Water Survey Central Analytical Laboratory",306.0,0.03040,1,"2024-01-24","A",,
"6d64f0a7-082a-4c81-9f5b-31c349666165","D01","HOPB","HOPB.AOS.S2","HOPB.SS.20240123.FIL","A00000160393","2024-01-23T14:53Z","2024-01-23T14:53Z","Illinois State Water Survey Central Analytical Laboratory",408.0,0.00870,1,"2024-01-24","B",,
"50687366-7b1a-4288-863a-e9c6f72d1447","D01","HOPB","HOPB.AOS.S2","HOPB.SS.20240123.FIL","A00000160393","2024-01-23T14:53Z","2024-01-23T14:53Z","Illinois State Water Survey Central Analytical Laboratory",422.0,0.00760,1,"2024-01-24","B",,
"f59fb85a-5d4c-4802-b103-b2bf169fdcf4","D01","HOPB","HOPB.AOS.S2","HOPB.SS.20240123.FIL","A00000160393","2024-01-23T14:53Z","2024-01-23T14:53Z","Illinois State Water Survey Central Analytical Laboratory",506.0,0.00340,1,"2024-01-24","A",,
"0ef223de-2c36-48fb-9dc1-65ed7047d4bc","D01","HOPB","HOPB.AOS.S2","HOPB.SS.20240123.FIL","A00000160393","2024-01-23T14:53Z","2024-01-23T14:53Z","Illinois State Water Survey Central Analytical Laboratory",238.0,0.06550,1,"2024-01-24","A",,
"706e4d5f-0ff9-44f8-816e-e725eb938188","D01","HOPB","HOPB.AOS.S2","HOPB.SS.20240123.FIL","A00000160393","2024-01-23T14:53Z","2024-01-23T14:53Z","Illinois State Water Survey Central Analytical Laboratory",356.0,0.01710,1,"2024-01-24","B",,
"52788da7-7d26-4620-b165-eaac9e4a49ca","D01","HOPB","HOPB.AOS.S2","HOPB.SS.20240123.FIL","A00000160393","2024-01-23T14:53Z","2024-01-23T14:53Z","Illinois State Water Survey Central Analytical Laboratory",450.0,0.00590,1,"2024-01-24","B",,
"4970a686-b93d-4aee-b1f8-17fa3bcd1fb9","D01","HOPB","HOPB.AOS.S2","HOPB.SS.20240123.FIL","A00000160393","2024-01-23T14:53Z","2024-01-23T14:53Z","Illinois State Water Survey Central Analytical Laboratory",406.0,0.00880,1,"2024-01-24","B",,
"b095a1a4-f06a-4ef5-9037-cd8efc038bf2","D01","HOPB","HOPB.AOS.S2","HOPB.SS.20240123.FIL","A00000160393","2024-01-23T14:53Z","2024-01-23T14:53Z","Illinois State Water Survey Central Analytical Laboratory",356.0,0.01640,1,"2024-01-24","A",,
"31c8fbf0-f342-4568-9e5c-9604073cc001","D01","HOPB","HOPB.AOS.S2","HOPB.SS.20240123.FIL","A00000160393","2024-01-23T14:53Z","2024-01-23T14:53Z","Illinois State Water Survey Central Analytical Laboratory",422.0,0.00680,1,"2024-01-24","A",,
"84d85ae5-43a2-4dd2-9d05-1ef6dccad717","D01","HOPB","HOPB.AOS.S2","HOPB.SS.20240123.FIL","A00000160393","2024-01-23T14:53Z","2024-01-23T14:53Z","Illinois State Water Survey Central Analytical Laboratory",448.0,0.00600,1,"2024-01-24","B",,
"9c68dca3-0466-409e-a41f-8736a469cba1","D01","HOPB","HOPB.AOS.S2","HOPB.SS.20240123.FIL","A00000160393","2024-01-23T14:53Z","2024-01-23T14:53Z","Illinois State Water Survey Central Analytical Laboratory",566.0,0.00320,1,"2024-01-24","B",,
"a566ce9a-a4bf-48f8-af99-0c921a2e8ea1","D01","HOPB","HOPB.AOS.S2","HOPB.SS.20240123.FIL","A00000160393","2024-01-23T14:53Z","2024-01-23T14:53Z","Illinois State Water Survey Central Analytical Laboratory",278.0,0.04480,1,"2024-01-24","B",,
"4bd2eee7-6319-40b8-aed1-a7c29485dfb1","D01","HOPB","HOPB.AOS.S2","HOPB.SS.20240123.FIL","A00000160393","2024-01-23T14:53Z","2024-01-23T14:53Z","Illinois State Water Survey Central Analytical Laboratory",286.0,0.03890,1,"2024-01-24","A",,
"bdb47bf1-af44-456e-8113-a168bb03c760","D01","HOPB","HOPB.AOS.S2","HOPB.SS.20240123.FIL","A00000160393","2024-01-23T14:53Z","2024-01-23T14:53Z","Illinois State Water Survey Central Analytical Laboratory",426.0,0.00750,1,"2024-01-24","B",,
"e89222b6-fe31-4757-aac0-8a33c04e9cf0","D01","HOPB","HOPB.AOS.S2","HOPB.SS.20240123.FIL","A00000160393","2024-01-23T14:53Z","2024-01-23T14:53Z","Illinois State Water Survey Central Analytical Laboratory",378.0,0.01290,1,"2024-01-24","B",,
"36fedf6e-f3e8-4300-a6df-6585843f47d2","D01","HOPB","HOPB.AOS.S2","HOPB.SS.20240123.FIL","A00000160393","2024-01-23T14:53Z","2024-01-23T14:53Z","Illinois State Water Survey Central Analytical Laboratory",520.0,0.00340,1,"2024-01-24","A",,
"66bc3859-52c9-4df8-a147-a6ee2b6597bd","D01","HOPB","HOPB.AOS.S2","HOPB.SS.20240123.FIL","A00000160393","2024-01-23T14:53Z","2024-01-23T14:53Z","Illinois State Water Survey Central Analytical Laboratory",360.0,0.01620,1,"2024-01-24","B",,
"3159d54f-0eda-455c-9347-d99cd448c072","D01","HOPB","HOPB.AOS.S2","HOPB.SS.20240123.FIL","A00000160393","2024-01-23T14:53Z","2024-01-23T14:53Z","Illinois State Water Survey Central Analytical Laboratory",320.0,0.02710,1,"2024-01-24","B",,
"dd06f28a-9bc1-453a-a747-9854c3337c1f","D01","HOPB","HOPB.AOS.S2","HOPB.SS.20240123.FIL","A00000160393","2024-01-23T14:53Z","2024-01-23T14:53Z","Illinois State Water Survey Central Analytical Laboratory",570.0,0.00230,1,"2024-01-24","A",,
"0f1e690e-cc2e-4859-b5d7-5068d52a19cd","D01","HOPB","HOPB.AOS.S2","HOPB.SS.20240123.FIL","A00000160393","2024-01-23T14:53Z","2024-01-23T14:53Z","Illinois State Water Survey Central Analytical Laboratory",512.0,0.00320,1,"2024-01-24","A",,
"adcc6476-9a2d-4f61-b983-666a4ef108fe","D01","HOPB","HOPB.AOS.S2","HOPB.SS.20240123.FIL","A00000160393","2024-01-23T14:53Z","2024-01-23T14:53Z","Illinois State Water Survey Central Analytical Laboratory",444.0,0.00570,1,"2024-01-24","A",,
"58f6ecaa-8a2a-4579-9f5e-a8059d5b08b6","D01","HOPB","HOPB.AOS.S2","HOPB.SS.20240123.FIL","A00000160393","2024-01-23T14:53Z","2024-01-23T14:53Z","Illinois State Water Survey Central Analytical Laboratory",262.0,0.05260,1,"2024-01-24","B",,
"33c941ca-3d60-48ea-ab88-558fa5f333de","D01","HOPB","HOPB.AOS.S2","HOPB.SS.20240123.FIL","A00000160393","2024-01-23T14:53Z","2024-01-23T14:53Z","Illinois State Water Survey Central Analytical Laboratory",496.0,0.00450,1,"2024-01-24","B",,
"f11794c5-dbe1-4a71-b9e6-2d4c8ae2b637","D01","HOPB","HOPB.AOS.S2","HOPB.SS.20240123.FIL","A00000160393","2024-01-23T14:53Z","2024-01-23T14:53Z","Illinois State Water Survey Central Analytical Laboratory",334.0,0.02150,1,"2024-01-24","A",,
"fb075845-96db-4475-9b0e-470ed33f2bcd","D01","HOPB","HOPB.AOS.S2","HOPB.SS.20240123.FIL","A00000160393","2024-01-23T14:53Z","2024-01-23T14:53Z","Illinois State Water Survey Central Analytical Laboratory",542.0,0.00300,1,"2024-01-24","A",,
"1915fc99-0847-45a5-aeed-d40f67131d59","D01","HOPB","HOPB.AOS.S2","HOPB.SS.20240123.FIL","A00000160393","2024-01-23T14:53Z","2024-01-23T14:53Z","Illinois State Water Survey Central Analytical Laboratory",364.0,0.01450,1,"2024-01-24","A",,
"17ee37f5-4c40-41ae-b53b-c90013bbcfe7","D01","HOPB","HOPB.AOS.S2","HOPB.SS.20240123.FIL","A00000160393","2024-01-23T14:53Z","2024-01-23T14:53Z","Illinois State Water Survey Central Analytical Laboratory",238.0,0.06740,1,"2024-01-24","B",,
"2806016a-fc6e-44e2-9d52-4643bbf1d4ab","D01","HOPB","HOPB.AOS.S2","HOPB.SS.20240123.FIL","A00000160393","2024-01-23T14:53Z","2024-01-23T14:53Z","Illinois State Water Survey Central Analytical Laboratory",390.0,0.01030,1,"2024-01-24","A",,
"5a1023df-7292-4090-bf76-4a1fdc6d1e8e","D01","HOPB","HOPB.AOS.S2","HOPB.SS.20240123.FIL","A00000160393","2024-01-23T14:53Z","2024-01-23T14:53Z","Illinois State Water Survey Central Analytical Laboratory",586.0,0.00230,1,"2024-01-24","A",,
"657e22d9-b1e4-4ba1-994e-d6c3204b1445","D01","HOPB","HOPB.AOS.S2","HOPB.SS.20240123.FIL","A00000160393","2024-01-23T14:53Z","2024-01-23T14:53Z","Illinois State Water Survey Central Analytical Laboratory",578.0,0.00230,1,"2024-01-24","A",,
"aa47a96d-a624-4435-b14a-226c64047c56","D01","HOPB","HOPB.AOS.S2","HOPB.SS.20240123.FIL","A00000160393","2024-01-23T14:53Z","2024-01-23T14:53Z","Illinois State Water Survey Central Analytical Laboratory",362.0,0.01560,1,"2024-01-24","B",,
"3239784b-9d90-42cd-ab40-2c80414b5495","D01","HOPB","HOPB.AOS.S2","HOPB.SS.20240123.FIL","A00000160393","2024-01-23T14:53Z","2024-01-23T14:53Z","Illinois State Water Survey Central Analytical Laboratory",550.0,0.00360,1,"2024-01-24","B",,
"f8da9777-db79-430e-95a8-b581a64bc8d7","D01","HOPB","HOPB.AOS.S2","HOPB.SS.20240123.FIL","A00000160393","2024-01-23T14:53Z","2024-01-23T14:53Z","Illinois State Water Survey Central Analytical Laboratory",252.0,0.05730,1,"2024-01-24","B",,
"bb196270-0f9a-4c90-8872-d6a22a76bf8b","D01","HOPB","HOPB.AOS.S2","HOPB.SS.20240123.FIL","A00000160393","2024-01-23T14:53Z","2024-01-23T14:53Z","Illinois State Water Survey Central Analytical Laboratory",246.0,0.06080,1,"2024-01-24","B",,
"39f0c34a-a034-46a8-ae10-37521b1ba810","D01","HOPB","HOPB.AOS.S2","HOPB.SS.20240123.FIL","A00000160393","2024-01-23T14:53Z","2024-01-23T14:53Z","Illinois State Water Survey Central Analytical Laboratory",398.0,0.00920,1,"2024-01-24","A",,
"7d08af1c-8fbb-4a28-9d25-eb1835db2616","D01","HOPB","HOPB.AOS.S2","HOPB.SS.20240123.FIL","A00000160393","2024-01-23T14:53Z","2024-01-23T14:53Z","Illinois State Water Survey Central Analytical Laboratory",600.0,0.00200,1,"2024-01-24","A",,
"8c39d49e-790e-4628-871e-2d88b383293a","D01","HOPB","HOPB.AOS.S2","HOPB.SS.20240123.FIL","A00000160393","2024-01-23T14:53Z","2024-01-23T14:53Z","Illinois State Water Survey Central Analytical Laboratory",340.0,0.02100,1,"2024-01-24","B",,
"205bb971-f65a-4cb3-9c0b-866689f88e32","D01","HOPB","HOPB.AOS.S2","HOPB.SS.20240123.FIL","A00000160393","2024-01-23T14:53Z","2024-01-23T14:53Z","Illinois State Water Survey Central Analytical Laboratory",576.0,0.00220,1,"2024-01-24","A",,
"ec6c6b23-42a6-4b99-aa05-e252649617b7","D01","HOPB","HOPB.AOS.S2","HOPB.SS.20240123.FIL","A00000160393","2024-01-23T14:53Z","2024-01-23T14:53Z","Illinois State Water Survey Central Analytical Laboratory",574.0,0.00310,1,"2024-01-24","B",,
"e23920e1-8d20-4c83-88d6-7daab62c5100","D01","HOPB","HOPB.AOS.S2","HOPB.SS.20240123.FIL","A00000160393","2024-01-23T14:53Z","2024-01-23T14:53Z","Illinois State Water Survey Central Analytical Laboratory",338.0,0.02150,1,"2024-01-24","B",,
"098573a7-d7b1-4303-822f-00db3aef0808","D01","HOPB","HOPB.AOS.S2","HOPB.SS.20240123.FIL","A00000160393","2024-01-23T14:53Z","2024-01-23T14:53Z","Illinois State Water Survey Central Analytical Laboratory",530.0,0.00350,1,"2024-01-24","B",,
"1d0e2b73-4db9-4ff2-a489-bf8ab9d273af","D01","HOPB","HOPB.AOS.S2","HOPB.SS.20240123.FIL","A00000160393","2024-01-23T14:53Z","2024-01-23T14:53Z","Illinois State Water Survey Central Analytical Laboratory",308.0,0.03120,1,"2024-01-24","B",,
"6fe0954b-2615-4dba-8e0a-55f992be4fd3","D01","HOPB","HOPB.AOS.S2","HOPB.SS.20240123.FIL","A00000160393","2024-01-23T14:53Z","2024-01-23T14:53Z","Illinois State Water Survey Central Analytical Laboratory",224.0,0.09180,1,"2024-01-24","B",,
"a3a86d3a-ec7b-4644-a06f-e8d1c1361fe4","D01","HOPB","HOPB.AOS.S2","HOPB.SS.20240123.FIL","A00000160393","2024-01-23T14:53Z","2024-01-23T14:53Z","Illinois State Water Survey Central Analytical Laboratory",564.0,0.00230,1,"2024-01-24","A",,
"e06d4b79-376f-4387-9166-de5caed85281","D01","HOPB","HOPB.AOS.S2","HOPB.SS.20240123.FIL","A00000160393","2024-01-23T14:53Z","2024-01-23T14:53Z","Illinois State Water Survey Central Analytical Laboratory",466.0,0.00510,1,"2024-01-24","B",,
"108a14a2-a679-45d4-81cf-7e1e7376183c","D01","HOPB","HOPB.AOS.S2","HOPB.SS.20240123.FIL","A00000160393","2024-01-23T14:53Z","2024-01-23T14:53Z","Illinois State Water Survey Central Analytical Laboratory",384.0,0.01090,1,"2024-01-24","A",,
"d5cefc8d-378d-4a9c-b74c-31d6c5e17370","D01","HOPB","HOPB.AOS.S2","HOPB.SS.20240123.FIL","A00000160393","2024-01-23T14:53Z","2024-01-23T14:53Z","Illinois State Water Survey Central Analytical Laboratory",482.0,0.00510,1,"2024-01-24","B",,
"0d33a3fd-771f-4834-9a9a-c55c116b0c7f","D01","HOPB","HOPB.AOS.S2","HOPB.SS.20240123.FIL","A00000160393","2024-01-23T14:53Z","2024-01-23T14:53Z","Illinois State Water Survey Central Analytical Laboratory",584.0,0.00310,1,"2024-01-24","B",,
"618ac382-6d98-465c-aa8d-eec4b7c21f8c","D01","HOPB","HOPB.AOS.S2","HOPB.SS.20240123.FIL","A00000160393","2024-01-23T14:53Z","2024-01-23T14:53Z","Illinois State Water Survey Central Analytical Laboratory",262.0,0.05090,1,"2024-01-24","A",,
"f19a5b93-5daf-4888-8c1d-1303998f421a","D01","HOPB","HOPB.AOS.S2","HOPB.SS.20240123.FIL","A00000160393","2024-01-23T14:53Z","2024-01-23T14:53Z","Illinois State Water Survey Central Analytical Laboratory",258.0,0.05280,1,"2024-01-24","A",,
"957045e2-d2e2-40ec-907c-5a5b9559aa77","D01","HOPB","HOPB.AOS.S2","HOPB.SS.20240123.FIL","A00000160393","2024-01-23T14:53Z","2024-01-23T14:53Z","Illinois State Water Survey Central Analytical Laboratory",560.0,0.00230,1,"2024-01-24","A",,
"aea7352f-ce99-4efa-96b6-a294e77307b3","D01","HOPB","HOPB.AOS.S2","HOPB.SS.20240123.FIL","A00000160393","2024-01-23T14:53Z","2024-01-23T14:53Z","Illinois State Water Survey Central Analytical Laboratory",526.0,0.00370,1,"2024-01-24","B",,
"1da6431d-ebce-4089-8f9a-61fb4af97691","D01","HOPB","HOPB.AOS.S2","HOPB.SS.20240123.FIL","A00000160393","2024-01-23T14:53Z","2024-01-23T14:53Z","Illinois State Water Survey Central Analytical Laboratory",390.0,0.01080,1,"2024-01-24","B",,
"2b9497f4-6940-42bb-940c-2088d672ec80","D01","HOPB","HOPB.AOS.S2","HOPB.SS.20240123.FIL","A00000160393","2024-01-23T14:53Z","2024-01-23T14:53Z","Illinois State Water Survey Central Analytical Laboratory",276.0,0.04580,1,"2024-01-24","B",,
"ae9039f6-b0cc-432a-8881-8096704df813","D01","HOPB","HOPB.AOS.S2","HOPB.SS.20240123.FIL","A00000160393","2024-01-23T14:53Z","2024-01-23T14:53Z","Illinois State Water Survey Central Analytical Laboratory",478.0,0.00490,1,"2024-01-24","B",,
"01a0e77a-1840-4d8c-8ead-ff3374d47980","D01","HOPB","HOPB.AOS.S2","HOPB.SS.20240123.FIL","A00000160393","2024-01-23T14:53Z","2024-01-23T14:53Z","Illinois State Water Survey Central Analytical Laboratory",498.0,0.00370,1,"2024-01-24","A",,
"84f23fc1-4996-43b9-8199-7d71193f0177","D01","HOPB","HOPB.AOS.S2","HOPB.SS.20240123.FIL","A00000160393","2024-01-23T14:53Z","2024-01-23T14:53Z","Illinois State Water Survey Central Analytical Laboratory",474.0,0.00520,1,"2024-01-24","B",,
"79f3915f-06d3-4143-bf20-a63ec3956378","D01","HOPB","HOPB.AOS.S2","HOPB.SS.20240123.FIL","A00000160393","2024-01-23T14:53Z","2024-01-23T14:53Z","Illinois State Water Survey Central Analytical Laboratory",362.0,0.01480,1,"2024-01-24","A",,
"a84b9ade-f390-42ad-b105-1884b0f0299c","D01","HOPB","HOPB.AOS.S2","HOPB.SS.20240123.FIL","A00000160393","2024-01-23T14:53Z","2024-01-23T14:53Z","Illinois State Water Survey Central Analytical Laboratory",576.0,0.00310,1,"2024-01-24","B",,
"cd0c6879-5acd-497a-9cab-ab713b8531ee","D01","HOPB","HOPB.AOS.S2","HOPB.SS.20240123.FIL","A00000160393","2024-01-23T14:53Z","2024-01-23T14:53Z","Illinois State Water Survey Central Analytical Laboratory",296.0,0.03430,1,"2024-01-24","A",,
"230b5fb1-e683-4140-8afd-ec2b171ec206","D01","HOPB","HOPB.AOS.S2","HOPB.SS.20240123.FIL","A00000160393","2024-01-23T14:53Z","2024-01-23T14:53Z","Illinois State Water Survey Central Analytical Laboratory",282.0,0.04260,1,"2024-01-24","B",,
"9ddc029f-d0a7-46ed-9112-ac4893cfafaa","D01","HOPB","HOPB.AOS.S2","HOPB.SS.20240123.FIL","A00000160393","2024-01-23T14:53Z","2024-01-23T14:53Z","Illinois State Water Survey Central Analytical Laboratory",370.0,0.01390,1,"2024-01-24","B",,
"192fbc30-4959-446a-9400-347a38e43079","D01","HOPB","HOPB.AOS.S2","HOPB.SS.20240123.FIL","A00000160393","2024-01-23T14:53Z","2024-01-23T14:53Z","Illinois State Water Survey Central Analytical Laboratory",260.0,0.05180,1,"2024-01-24","A",,
"2233e3c0-ab37-4c3d-b0d5-e5248c646261","D01","HOPB","HOPB.AOS.S2","HOPB.SS.20240123.FIL","A00000160393","2024-01-23T14:53Z","2024-01-23T14:53Z","Illinois State Water Survey Central Analytical Laboratory",310.0,0.03040,1,"2024-01-24","B",,
"2e9abfb1-6725-428c-ade5-8a3a74e6b2ce","D01","HOPB","HOPB.AOS.S2","HOPB.SS.20240123.FIL","A00000160393","2024-01-23T14:53Z","2024-01-23T14:53Z","Illinois State Water Survey Central Analytical Laboratory",564.0,0.00300,1,"2024-01-24","B",,
"a33e90ad-c9e8-46ca-9756-28c3456dd1c4","D01","HOPB","HOPB.AOS.S2","HOPB.SS.20240123.FIL","A00000160393","2024-01-23T14:53Z","2024-01-23T14:53Z","Illinois State Water Survey Central Analytical Laboratory",584.0,0.00230,1,"2024-01-24","A",,
"5ef29eac-e30e-4a16-a097-c8ec3e12cb6a","D01","HOPB","HOPB.AOS.S2","HOPB.SS.20240123.FIL","A00000160393","2024-01-23T14:53Z","2024-01-23T14:53Z","Illinois State Water Survey Central Analytical Laboratory",538.0,0.00270,1,"2024-01-24","A",,
"07805081-c279-4887-b338-572bc5264079","D01","HOPB","HOPB.AOS.S2","HOPB.SS.20240123.FIL","A00000160393","2024-01-23T14:53Z","2024-01-23T14:53Z","Illinois State Water Survey Central Analytical Laboratory",506.0,0.00410,1,"2024-01-24","B",,
"6ab8e1b8-9fa9-4ca7-81f0-4c28cdba7c81","D01","HOPB","HOPB.AOS.S2","HOPB.SS.20240123.FIL","A00000160393","2024-01-23T14:53Z","2024-01-23T14:53Z","Illinois State Water Survey Central Analytical Laboratory",404.0,0.00840,1,"2024-01-24","A",,
"f3fe7c67-877b-4fd4-b6bf-33df26241f4e","D01","HOPB","HOPB.AOS.S2","HOPB.SS.20240123.FIL","A00000160393","2024-01-23T14:53Z","2024-01-23T14:53Z","Illinois State Water Survey Central Analytical Laboratory",248.0,0.05960,1,"2024-01-24","B",,
"e8356167-5dcb-4901-945c-d4249a84ae3c","D01","HOPB","HOPB.AOS.S2","HOPB.SS.20240123.FIL","A00000160393","2024-01-23T14:53Z","2024-01-23T14:53Z","Illinois State Water Survey Central Analytical Laboratory",598.0,0.00270,1,"2024-01-24","B",,
"ec6a3476-f7c5-4d1e-89ae-dd0e654ce46e","D01","HOPB","HOPB.AOS.S2","HOPB.SS.20240123.FIL","A00000160393","2024-01-23T14:53Z","2024-01-23T14:53Z","Illinois State Water Survey Central Analytical Laboratory",248.0,0.05760,1,"2024-01-24","A",,
"33e1e6ae-94ec-4f4b-adf0-a05dcde82d95","D01","HOPB","HOPB.AOS.S2","HOPB.SS.20240123.FIL","A00000160393","2024-01-23T14:53Z","2024-01-23T14:53Z","Illinois State Water Survey Central Analytical Laboratory",432.0,0.00690,1,"2024-01-24","B",,
"ee0d2ee6-7e6d-4be5-a875-4eaf63e4ca6b","D01","HOPB","HOPB.AOS.S2","HOPB.SS.20240123.FIL","A00000160393","2024-01-23T14:53Z","2024-01-23T14:53Z","Illinois State Water Survey Central Analytical Laboratory",234.0,0.07220,1,"2024-01-24","B",,
"cab61109-e433-435b-8f6f-3c79f28bcdb3","D01","HOPB","HOPB.AOS.S2","HOPB.SS.20240123.FIL","A00000160393","2024-01-23T14:53Z","2024-01-23T14:53Z","Illinois State Water Survey Central Analytical Laboratory",558.0,0.00220,1,"2024-01-24","A",,
"5f44684a-11c7-4838-8396-08d66989394f","D01","HOPB","HOPB.AOS.S2","HOPB.SS.20240123.FIL","A00000160393","2024-01-23T14:53Z","2024-01-23T14:53Z","Illinois State Water Survey Central Analytical Laboratory",384.0,0.01180,1,"2024-01-24","B",,
"3e7f1c6e-5e0c-420d-8366-4229cbe8dac2","D01","HOPB","HOPB.AOS.S2","HOPB.SS.20240123.FIL","A00000160393","2024-01-23T14:53Z","2024-01-23T14:53Z","Illinois State Water Survey Central Analytical Laboratory",412.0,0.00830,1,"2024-01-24","B",,
"ebc09ba8-6f14-47c1-ba54-b536574e4c51","D01","HOPB","HOPB.AOS.S2","HOPB.SS.20240123.FIL","A00000160393","2024-01-23T14:53Z","2024-01-23T14:53Z","Illinois State Water Survey Central Analytical Laboratory",464.0,0.00530,1,"2024-01-24","B",,
"21fe3fb3-dc52-4825-920e-bb41445d550f","D01","HOPB","HOPB.AOS.S2","HOPB.SS.20240123.FIL","A00000160393","2024-01-23T14:53Z","2024-01-23T14:53Z","Illinois State Water Survey Central Analytical Laboratory",470.0,0.00440,1,"2024-01-24","A",,
"d4a949c6-a8b8-43fe-a70c-62fa1336b621","D01","HOPB","HOPB.AOS.S2","HOPB.SS.20240123.FIL","A00000160393","2024-01-23T14:53Z","2024-01-23T14:53Z","Illinois State Water Survey Central Analytical Laboratory",560.0,0.00310,1,"2024-01-24","B",,
"e7727be5-b9ac-4fc6-b444-1dad8eb0d1ef","D01","HOPB","HOPB.AOS.S2","HOPB.SS.20240123.FIL","A00000160393","2024-01-23T14:53Z","2024-01-23T14:53Z","Illinois State Water Survey Central Analytical Laboratory",380.0,0.01160,1,"2024-01-24","A",,
"dc6690e2-27ab-4afb-96b6-01f884c846b0","D01","HOPB","HOPB.AOS.S2","HOPB.SS.20240123.FIL","A00000160393","2024-01-23T14:53Z","2024-01-23T14:53Z","Illinois State Water Survey Central Analytical Laboratory",242.0,0.06360,1,"2024-01-24","B",,
"56ba62c0-2b6e-4d30-a39a-d4f0d3e252db","D01","HOPB","HOPB.AOS.S2","HOPB.SS.20240123.FIL","A00000160393","2024-01-23T14:53Z","2024-01-23T14:53Z","Illinois State Water Survey Central Analytical Laboratory",544.0,0.00350,1,"2024-01-24","B",,
"8f4adc75-749c-4a6b-8611-e0200643f7d6","D01","HOPB","HOPB.AOS.S2","HOPB.SS.20240123.FIL","A00000160393","2024-01-23T14:53Z","2024-01-23T14:53Z","Illinois State Water Survey Central Analytical Laboratory",552.0,0.00270,1,"2024-01-24","A",,
"6e9f38c0-2a5f-402a-8894-cbafc8da97f0","D01","HOPB","HOPB.AOS.S2","HOPB.SS.20240123.FIL","A00000160393","2024-01-23T14:53Z","2024-01-23T14:53Z","Illinois State Water Survey Central Analytical Laboratory",252.0,0.05550,1,"2024-01-24","A",,
"80238d16-923d-4832-83af-003ab17f75f8","D01","HOPB","HOPB.AOS.S2","HOPB.SS.20240123.FIL","A00000160393","2024-01-23T14:53Z","2024-01-23T14:53Z","Illinois State Water Survey Central Analytical Laboratory",562.0,0.00240,1,"2024-01-24","A",,
"c41eefc2-a9be-4d98-a230-b024001a2ece","D01","HOPB","HOPB.AOS.S2","HOPB.SS.20240123.FIL","A00000160393","2024-01-23T14:53Z","2024-01-23T14:53Z","Illinois State Water Survey Central Analytical Laboratory",318.0,0.02660,1,"2024-01-24","A",,
"92a0f922-a022-467f-9b73-fe35effe0c0b","D01","HOPB","HOPB.AOS.S2","HOPB.SS.20240123.FIL","A00000160393","2024-01-23T14:53Z","2024-01-23T14:53Z","Illinois State Water Survey Central Analytical Laboratory",460.0,0.00490,1,"2024-01-24","A",,
"dffc9c9f-c2ac-4e1d-bf61-7c12a176dcd9","D01","HOPB","HOPB.AOS.S2","HOPB.SS.20240123.FIL","A00000160393","2024-01-23T14:53Z","2024-01-23T14:53Z","Illinois State Water Survey Central Analytical Laboratory",528.0,0.00320,1,"2024-01-24","A",,
"f5f4bdca-ffa7-48c0-bfc0-669bf8af9658","D01","HOPB","HOPB.AOS.S2","HOPB.SS.20240123.FIL","A00000160393","2024-01-23T14:53Z","2024-01-23T14:53Z","Illinois State Water Survey Central Analytical Laboratory",452.0,0.00580,1,"2024-01-24","B",,
"0d910055-75f5-49b2-ac15-1017b8b8a64c","D01","HOPB","HOPB.AOS.S2","HOPB.SS.20240123.FIL","A00000160393","2024-01-23T14:53Z","2024-01-23T14:53Z","Illinois State Water Survey Central Analytical Laboratory",312.0,0.02830,1,"2024-01-24","A",,
"dbc318e7-c9c4-401a-881d-a711f3d5d5d1","D01","HOPB","HOPB.AOS.S2","HOPB.SS.20240123.FIL","A00000160393","2024-01-23T14:53Z","2024-01-23T14:53Z","Illinois State Water Survey Central Analytical Laboratory",456.0,0.00500,1,"2024-01-24","A",,
"3e7158fc-d3bb-4c29-81e2-c44295ea0f64","D01","HOPB","HOPB.AOS.S2","HOPB.SS.20240123.FIL","A00000160393","2024-01-23T14:53Z","2024-01-23T14:53Z","Illinois State Water Survey Central Analytical Laboratory",332.0,0.02330,1,"2024-01-24","B",,
"fbd6242d-b23c-414b-9d05-234e24f1a28f","D01","HOPB","HOPB.AOS.S2","HOPB.SS.20240123.FIL","A00000160393","2024-01-23T14:53Z","2024-01-23T14:53Z","Illinois State Water Survey Central Analytical Laboratory",446.0,0.00620,1,"2024-01-24","B",,
"7354d11e-8ae5-4bef-a8f6-562d972077c4","D01","HOPB","HOPB.AOS.S2","HOPB.SS.20240123.FIL","A00000160393","2024-01-23T14:53Z","2024-01-23T14:53Z","Illinois State Water Survey Central Analytical Laboratory",540.0,0.00350,1,"2024-01-24","B",,
"ecf3a098-590b-4a09-86b3-ef9b5af64c40","D01","HOPB","HOPB.AOS.S2","HOPB.SS.20240123.FIL","A00000160393","2024-01-23T14:53Z","2024-01-23T14:53Z","Illinois State Water Survey Central Analytical Laboratory",266.0,0.05080,1,"2024-01-24","B",,
"e23a0653-6f5c-4aee-8d51-40379bacda1c","D01","HOPB","HOPB.AOS.S2","HOPB.SS.20240123.FIL","A00000160393","2024-01-23T14:53Z","2024-01-23T14:53Z","Illinois State Water Survey Central Analytical Laboratory",240.0,0.06340,1,"2024-01-24","A",,
"8fbe2ca4-b5a3-4c25-9b21-66edbf88fc44","D01","HOPB","HOPB.AOS.S2","HOPB.SS.20240123.FIL","A00000160393","2024-01-23T14:53Z","2024-01-23T14:53Z","Illinois State Water Survey Central Analytical Laboratory",270.0,0.04710,1,"2024-01-24","A",,
"080fdc1d-148d-413b-83e8-23709cf93ee3","D01","HOPB","HOPB.AOS.S2","HOPB.SS.20240123.FIL","A00000160393","2024-01-23T14:53Z","2024-01-23T14:53Z","Illinois State Water Survey Central Analytical Laboratory",594.0,0.00250,1,"2024-01-24","B",,
"6b288c47-d5f3-4a1b-add5-fed937a7646e","D01","HOPB","HOPB.AOS.S2","HOPB.SS.20240123.FIL","A00000160393","2024-01-23T14:53Z","2024-01-23T14:53Z","Illinois State Water Survey Central Analytical Laboratory",596.0,0.00200,1,"2024-01-24","A",,
"f4742fa7-f8ca-4fa1-beee-41bab974c3b6","D01","HOPB","HOPB.AOS.S2","HOPB.SS.20240123.FIL","A00000160393","2024-01-23T14:53Z","2024-01-23T14:53Z","Illinois State Water Survey Central Analytical Laboratory",574.0,0.00240,1,"2024-01-24","A",,
"af7c3ef2-3014-4b03-8fa7-3a7e34cb0455","D01","HOPB","HOPB.AOS.S2","HOPB.SS.20240123.FIL","A00000160393","2024-01-23T14:53Z","2024-01-23T14:53Z","Illinois State Water Survey Central Analytical Laboratory",454.0,0.00580,1,"2024-01-24","B",,
"a3ecac48-3e4a-4f08-b359-e2dfe33b2c1b","D01","HOPB","HOPB.AOS.S2","HOPB.SS.20240123.FIL","A00000160393","2024-01-23T14:53Z","2024-01-23T14:53Z","Illinois State Water Survey Central Analytical Laboratory",392.0,0.01060,1,"2024-01-24","B",,
"06b8d3ce-deb2-4e38-9948-6f4257a5d8e3","D01","HOPB","HOPB.AOS.S2","HOPB.SS.20240123.FIL","A00000160393","2024-01-23T14:53Z","2024-01-23T14:53Z","Illinois State Water Survey Central Analytical Laboratory",338.0,0.02030,1,"2024-01-24","A",,
"79dc2ea6-0b57-4904-a8a5-29ae63ef83ef","D01","HOPB","HOPB.AOS.S2","HOPB.SS.20240123.FIL","A00000160393","2024-01-23T14:53Z","2024-01-23T14:53Z","Illinois State Water Survey Central Analytical Laboratory",374.0,0.01260,1,"2024-01-24","A",,
"5853a4d0-1c02-4727-a954-0571ff1d7148","D01","HOPB","HOPB.AOS.S2","HOPB.SS.20240123.FIL","A00000160393","2024-01-23T14:53Z","2024-01-23T14:53Z","Illinois State Water Survey Central Analytical Laboratory",304.0,0.03270,1,"2024-01-24","B",,
"5fb8916e-1e49-4949-b88f-5d4c232f2da7","D01","HOPB","HOPB.AOS.S2","HOPB.SS.20240123.FIL","A00000160393","2024-01-23T14:53Z","2024-01-23T14:53Z","Illinois State Water Survey Central Analytical Laboratory",430.0,0.00710,1,"2024-01-24","B",,
"456182c6-d076-40a5-9cb2-18bcbc0b7214","D01","HOPB","HOPB.AOS.S2","HOPB.SS.20240123.FIL","A00000160393","2024-01-23T14:53Z","2024-01-23T14:53Z","Illinois State Water Survey Central Analytical Laboratory",402.0,0.00890,1,"2024-01-24","A",,
"8a936ea1-2310-4926-aebb-26fb263726f2","D01","HOPB","HOPB.AOS.S2","HOPB.SS.20240123.FIL","A00000160393","2024-01-23T14:53Z","2024-01-23T14:53Z","Illinois State Water Survey Central Analytical Laboratory",532.0,0.00350,1,"2024-01-24","B",,
"16316a44-ae6e-49cc-ba3b-e900e6216ac4","D01","HOPB","HOPB.AOS.S2","HOPB.SS.20240123.FIL","A00000160393","2024-01-23T14:53Z","2024-01-23T14:53Z","Illinois State Water Survey Central Analytical Laboratory",562.0,0.00300,1,"2024-01-24","B",,
"38b82aba-3810-4e85-876e-5cce232aee5c","D01","HOPB","HOPB.AOS.S2","HOPB.SS.20240123.FIL","A00000160393","2024-01-23T14:53Z","2024-01-23T14:53Z","Illinois State Water Survey Central Analytical Laboratory",412.0,0.00750,1,"2024-01-24","A",,
"39bf10fd-3bf6-485a-9d44-54d03720020d","D01","HOPB","HOPB.AOS.S2","HOPB.SS.20240123.FIL","A00000160393","2024-01-23T14:53Z","2024-01-23T14:53Z","Illinois State Water Survey Central Analytical Laboratory",376.0,0.01310,1,"2024-01-24","B",,
"9b8302ba-1fa9-4cf9-b25e-1aa44be474f0","D01","HOPB","HOPB.AOS.S2","HOPB.SS.20240123.FIL","A00000160393","2024-01-23T14:53Z","2024-01-23T14:53Z","Illinois State Water Survey Central Analytical Laboratory",582.0,0.00220,1,"2024-01-24","A",,
"2f4cc400-696f-4da1-8bb9-452a8aa6aa83","D01","HOPB","HOPB.AOS.S2","HOPB.SS.20240123.FIL","A00000160393","2024-01-23T14:53Z","2024-01-23T14:53Z","Illinois State Water Survey Central Analytical Laboratory",568.0,0.00250,1,"2024-01-24","A",,
"0f045d40-ee37-4903-8460-07db6dfdd416","D01","HOPB","HOPB.AOS.S2","HOPB.SS.20240123.FIL","A00000160393","2024-01-23T14:53Z","2024-01-23T14:53Z","Illinois State Water Survey Central Analytical Laboratory",284.0,0.04000,1,"2024-01-24","A",,
"89080669-d5bb-4de2-9661-724eb056f8ba","D01","HOPB","HOPB.AOS.S2","HOPB.SS.20240123.FIL","A00000160393","2024-01-23T14:53Z","2024-01-23T14:53Z","Illinois State Water Survey Central Analytical Laboratory",592.0,0.00290,1,"2024-01-24","B",,
"6c2d36a3-e12b-4f30-a1d3-46392db0b9ee","D01","HOPB","HOPB.AOS.S2","HOPB.SS.20240123.FIL","A00000160393","2024-01-23T14:53Z","2024-01-23T14:53Z","Illinois State Water Survey Central Analytical Laboratory",372.0,0.01360,1,"2024-01-24","B",,
"ede998e7-de35-4da7-b3a1-5cb44eccfc87","D01","HOPB","HOPB.AOS.S2","HOPB.SS.20240123.FIL","A00000160393","2024-01-23T14:53Z","2024-01-23T14:53Z","Illinois State Water Survey Central Analytical Laboratory",308.0,0.02980,1,"2024-01-24","A",,
"0aa3a96c-6a31-421e-978e-11298e552d5c","D01","HOPB","HOPB.AOS.S2","HOPB.SS.20240123.FIL","A00000160393","2024-01-23T14:53Z","2024-01-23T14:53Z","Illinois State Water Survey Central Analytical Laboratory",346.0,0.01950,1,"2024-01-24","B",,
"c09f1428-e44e-452e-966c-5133b5b7fba0","D01","HOPB","HOPB.AOS.S2","HOPB.SS.20240123.FIL","A00000160393","2024-01-23T14:53Z","2024-01-23T14:53Z","Illinois State Water Survey Central Analytical Laboratory",400.0,0.00900,1,"2024-01-24","A",,
"b321d86d-777f-45e2-b49c-b60b034d53a2","D01","HOPB","HOPB.AOS.S2","HOPB.SS.20240123.FIL","A00000160393","2024-01-23T14:53Z","2024-01-23T14:53Z","Illinois State Water Survey Central Analytical Laboratory",426.0,0.00680,1,"2024-01-24","A",,
"902457a7-c48f-4f6c-a51e-741393e78f46","D01","HOPB","HOPB.AOS.S2","HOPB.SS.20240123.FIL","A00000160393","2024-01-23T14:53Z","2024-01-23T14:53Z","Illinois State Water Survey Central Analytical Laboratory",458.0,0.00480,1,"2024-01-24","A",,
"5e0a131a-612c-4378-be28-cbf0065ccd37","D01","HOPB","HOPB.AOS.S2","HOPB.SS.20240123.FIL","A00000160393","2024-01-23T14:53Z","2024-01-23T14:53Z","Illinois State Water Survey Central Analytical Laboratory",330.0,0.02250,1,"2024-01-24","A",,
"c411185f-0cba-44f8-92d0-8d55b00eafd3","D01","HOPB","HOPB.AOS.S2","HOPB.SS.20240123.FIL","A00000160393","2024-01-23T14:53Z","2024-01-23T14:53Z","Illinois State Water Survey Central Analytical Laboratory",226.0,0.08430,1,"2024-01-24","A",,
"245c96f9-4853-4784-9726-4c5450084bcd","D01","HOPB","HOPB.AOS.S2","HOPB.SS.20240123.FIL","A00000160393","2024-01-23T14:53Z","2024-01-23T14:53Z","Illinois State Water Survey Central Analytical Laboratory",304.0,0.03120,1,"2024-01-24","A",,
"21159678-90ab-4c4d-9873-797661f8f920","D01","HOPB","HOPB.AOS.S2","HOPB.SS.20240123.FIL","A00000160393","2024-01-23T14:53Z","2024-01-23T14:53Z","Illinois State Water Survey Central Analytical Laboratory",502.0,0.00350,1,"2024-01-24","A",,
"ab5bedad-2e1b-446e-b15d-faa2fcc9fefc","D01","HOPB","HOPB.AOS.S2","HOPB.SS.20240123.FIL","A00000160393","2024-01-23T14:53Z","2024-01-23T14:53Z","Illinois State Water Survey Central Analytical Laboratory",590.0,0.00280,1,"2024-01-24","B",,
"57c922a1-f9e3-48b1-9cc8-be7912d2c199","D01","HOPB","HOPB.AOS.S2","HOPB.SS.20240123.FIL","A00000160393","2024-01-23T14:53Z","2024-01-23T14:53Z","Illinois State Water Survey Central Analytical Laboratory",224.0,0.08960,1,"2024-01-24","A",,
"9838751b-090d-4de9-8c2e-a141bfac1504","D01","HOPB","HOPB.AOS.S2","HOPB.SS.20240123.FIL","A00000160393","2024-01-23T14:53Z","2024-01-23T14:53Z","Illinois State Water Survey Central Analytical Laboratory",322.0,0.02640,1,"2024-01-24","B",,
"a5332a79-a2f1-4a9a-8b34-3cf87f9b1b73","D01","HOPB","HOPB.AOS.S2","HOPB.SS.20240123.FIL","A00000160393","2024-01-23T14:53Z","2024-01-23T14:53Z","Illinois State Water Survey Central Analytical Laboratory",232.0,0.07530,1,"2024-01-24","B",,
"35a638ed-251b-499e-829a-05f44a4ab063","D01","HOPB","HOPB.AOS.S2","HOPB.SS.20240123.FIL","A00000160393","2024-01-23T14:53Z","2024-01-23T14:53Z","Illinois State Water Survey Central Analytical Laboratory",380.0,0.01240,1,"2024-01-24","B",,
"e6aba816-0de9-4715-a771-2524d4ef09a9","D01","HOPB","HOPB.AOS.S2","HOPB.SS.20240123.FIL","A00000160393","2024-01-23T14:53Z","2024-01-23T14:53Z","Illinois State Water Survey Central Analytical Laboratory",396.0,0.01000,1,"2024-01-24","B",,
"c4f46bf9-79be-4922-8d9b-4b7d48d542b1","D01","HOPB","HOPB.AOS.S2","HOPB.SS.20240123.FIL","A00000160393","2024-01-23T14:53Z","2024-01-23T14:53Z","Illinois State Water Survey Central Analytical Laboratory",530.0,0.00300,1,"2024-01-24","A",,
"cf9c4613-748f-432e-a018-9b8ea080e507","D01","HOPB","HOPB.AOS.S2","HOPB.SS.20240123.FIL","A00000160393","2024-01-23T14:53Z","2024-01-23T14:53Z","Illinois State Water Survey Central Analytical Laboratory",478.0,0.00420,1,"2024-01-24","A",,
"a0f0452b-e86f-4613-b20e-96e74b4ad472","D01","HOPB","HOPB.AOS.S2","HOPB.SS.20240123.FIL","A00000160393","2024-01-23T14:53Z","2024-01-23T14:53Z","Illinois State Water Survey Central Analytical Laboratory",300.0,0.03420,1,"2024-01-24","B",,
"f351999d-8b3d-4421-81c4-bcc658918dec","D01","HOPB","HOPB.AOS.S2","HOPB.SS.20240123.FIL","A00000160393","2024-01-23T14:53Z","2024-01-23T14:53Z","Illinois State Water Survey Central Analytical Laboratory",364.0,0.01530,1,"2024-01-24","B",,
"f53659c6-66a7-41ec-ba06-6999dc98959f","D01","HOPB","HOPB.AOS.S2","HOPB.SS.20240123.FIL","A00000160393","2024-01-23T14:53Z","2024-01-23T14:53Z","Illinois State Water Survey Central Analytical Laboratory",220.0,0.10410,1,"2024-01-24","B",,
"93f1f8e2-58f4-4f98-90e9-2f865e59aea7","D01","HOPB","HOPB.AOS.S2","HOPB.SS.20240123.FIL","A00000160393","2024-01-23T14:53Z","2024-01-23T14:53Z","Illinois State Water Survey Central Analytical Laboratory",290.0,0.03880,1,"2024-01-24","B",,
"38d1f651-357b-4e19-a021-6afa2c1ffbf2","D01","HOPB","HOPB.AOS.S2","HOPB.SS.20240123.FIL","A00000160393","2024-01-23T14:53Z","2024-01-23T14:53Z","Illinois State Water Survey Central Analytical Laboratory",582.0,0.00290,1,"2024-01-24","B",,
"aca13df3-7274-4538-a442-ca282e5dc303","D01","HOPB","HOPB.AOS.S2","HOPB.SS.20240123.FIL","A00000160393","2024-01-23T14:53Z","2024-01-23T14:53Z","Illinois State Water Survey Central Analytical Laboratory",318.0,0.02790,1,"2024-01-24","B",,
"af1542e0-0f81-46f6-8cf1-7ee66c64bffe","D01","HOPB","HOPB.AOS.S2","HOPB.SS.20240123.FIL","A00000160393","2024-01-23T14:53Z","2024-01-23T14:53Z","Illinois State Water Survey Central Analytical Laboratory",280.0,0.04380,1,"2024-01-24","B",,
"89a22500-9dc1-442e-88af-88bd8ae4b5cb","D01","HOPB","HOPB.AOS.S2","HOPB.SS.20240123.FIL","A00000160393","2024-01-23T14:53Z","2024-01-23T14:53Z","Illinois State Water Survey Central Analytical Laboratory",374.0,0.01330,1,"2024-01-24","B",,
"1cd9b5be-99c4-4c90-a3ca-2df846c2ab84","D01","HOPB","HOPB.AOS.S2","HOPB.SS.20240123.FIL","A00000160393","2024-01-23T14:53Z","2024-01-23T14:53Z","Illinois State Water Survey Central Analytical Laboratory",292.0,0.03620,1,"2024-01-24","A",,
"267d3dee-b023-4412-97de-54a6022ada41","D01","HOPB","HOPB.AOS.S2","HOPB.SS.20240123.FIL","A00000160393","2024-01-23T14:53Z","2024-01-23T14:53Z","Illinois State Water Survey Central Analytical Laboratory",328.0,0.02440,1,"2024-01-24","B",,
"715ef697-de32-4568-b719-3cabe6e8910d","D01","HOPB","HOPB.AOS.S2","HOPB.SS.20240123.FIL","A00000160393","2024-01-23T14:53Z","2024-01-23T14:53Z","Illinois State Water Survey Central Analytical Laboratory",518.0,0.00310,1,"2024-01-24","A",,
"7852b79c-4ac0-4585-8ff3-20364ee040ca","D01","HOPB","HOPB.AOS.S2","HOPB.SS.20240123.FIL","A00000160393","2024-01-23T14:53Z","2024-01-23T14:53Z","Illinois State Water Survey Central Analytical Laboratory",568.0,0.00310,1,"2024-01-24","B",,
"ad4d7eb7-77e5-4974-866d-bd8bc384b542","D01","HOPB","HOPB.AOS.S2","HOPB.SS.20240123.FIL","A00000160393","2024-01-23T14:53Z","2024-01-23T14:53Z","Illinois State Water Survey Central Analytical Laboratory",460.0,0.00540,1,"2024-01-24","B",,
"d4d1f5ae-24e4-481f-ac0d-5b046a27c1ef","D01","HOPB","HOPB.AOS.S2","HOPB.SS.20240123.FIL","A00000160393","2024-01-23T14:53Z","2024-01-23T14:53Z","Illinois State Water Survey Central Analytical Laboratory",486.0,0.00490,1,"2024-01-24","B",,
"e5399344-9641-4ffd-8701-a53af22a3ddc","D01","HOPB","HOPB.AOS.S2","HOPB.SS.20240123.FIL","A00000160393","2024-01-23T14:53Z","2024-01-23T14:53Z","Illinois State Water Survey Central Analytical Laboratory",264.0,0.04990,1,"2024-01-24","A",,
"44827831-5bc7-4a3f-8d39-5012fa0b4d0d","D01","HOPB","HOPB.AOS.S2","HOPB.SS.20240123.FIL","A00000160393","2024-01-23T14:53Z","2024-01-23T14:53Z","Illinois State Water Survey Central Analytical Laboratory",570.0,0.00290,1,"2024-01-24","B",,
