uid,domainID,siteID,namedLocation,sampleID,sampleCode,startDate,collectDate,laboratoryName,wavelength,decadicAbsorbance,cuvetteLength,analysisDate,spectrumReplicateID,remarks,dataQF
"9f8fe066-0fa5-408e-86e0-3f53e1f7e8a6","D02","POSE","POSE.AOS.S2","POSE.SS.20240416.FIL","A00000370884","2024-04-16T12:37Z","2024-04-16T12:37Z","Illinois State Water Survey Central Analytical Laboratory",468.0,0.00272,5,"2024-04-17","A",,
"f2c49ab9-15d1-434a-bc51-3e5d5b5c63c1","D02","POSE","POSE.AOS.S2","POSE.SS.20240416.FIL","A00000370884","2024-04-16T12:37Z","2024-04-16T12:37Z","Illinois State Water Survey Central Analytical Laboratory",300.0,0.02610,5,"2024-04-17","B",,
"6c4088f9-ee67-4379-8a41-b047c1dd48be","D02","POSE","POSE.AOS.S2","POSE.SS.20240416.FIL","A00000370884","2024-04-16T12:37Z","2024-04-16T12:37Z","Illinois State Water Survey Central Analytical Laboratory",224.0,0.08702,5,"2024-04-17","B",,
"f02eaeb3-24dd-4614-9ba9-2eef5eb4e463","D02","POSE","POSE.AOS.S2","POSE.SS.20240416.FIL","A00000370884","2024-04-16T12:37Z","2024-04-16T12:37Z","Illinois State Water Survey Central Analytical Laboratory",346.0,0.01374,5,"2024-04-17","B",,
"a9a34e57-cbfe-4049-b278-11350926d654","D02","POSE","POSE.AOS.S2","POSE.SS.20240416.FIL","A00000370884","2024-04-16T12:37Z","2024-04-16T12:37Z","Illinois State Water Survey Central Analytical Laboratory",428.0,0.00438,5,"2024-04-17","A",,
"9be9534d-9838-49d5-b236-f063e25f0748","D02","POSE","POSE.AOS.S2","POSE.SS.20240416.FIL","A00000370884","2024-04-16T12:37Z","2024-04-16T12:37Z","Illinois State Water Survey Central Analytical Laboratory",344.0,0.01410,5,"2024-04-17","B",,
"c17af276-e158-479c-856f-ef0e1f43c082","D02","POSE","POSE.AOS.S2","POSE.SS.20240416.FIL","A00000370884","2024-04-16T12:37Z","2024-04-16T12:37Z","Illinois State Water Survey Central Analytical Laboratory",508.0,0.00184,5,"2024-04-17","A",,
"c6b2b0ef-1745-4e85-b2b2-7ea239adab6a","D02","POSE","POSE.AOS.S2","POSE.SS.20240416.FIL","A00000370884","2024-04-16T12:37Z","2024-04-16T12:37Z","Illinois State Water Survey Central Analytical Laboratory",280.0,0.03424,5,"2024-04-17","B",,
"935a1ab3-4f68-4ead-a8ee-e0aca4b30eb8","D02","POSE","POSE.AOS.S2","POSE.SS.20240416.FIL","A00000370884","2024-04-16T12:37Z","2024-04-16T12:37Z","Illinois State Water Survey Central Analytical Laboratory",480.0,0.00232,5,"2024-04-17","B",,
"c6885929-2ecc-4507-b918-a3f71dcebfe0","D02","POSE","POSE.AOS.S2","POSE.SS.20240416.FIL","A00000370884","2024-04-16T12:37Z","2024-04-16T12:37Z","Illinois State Water Survey Central Analytical Laboratory",420.0,0.00478,5,"2024-04-17","A",,
"3bc97da6-d804-41b9-ab0a-a3ba95d26cf8","D02","POSE","POSE.AOS.S2","POSE.SS.20240416.FIL","A00000370884","2024-04-16T12:37Z","2024-04-16T12:37Z","Illinois State Water Survey Central Analytical Laboratory",334.0,0.01642,5,"2024-04-17","A",,
"8d8c3c20-67c3-4415-b53c-8e685346548b","D02","POSE","POSE.AOS.S2","POSE.SS.20240416.FIL","A00000370884","2024-04-16T12:37Z","2024-04-16T12:37Z","Illinois State Water Survey Central Analytical Laboratory",252.0,0.04572,5,"2024-04-17","A",,
"2ecde794-4459-4d0d-9b17-1c7c6b68b896","D02","POSE","POSE.AOS.S2","POSE.SS.20240416.FIL","A00000370884","2024-04-16T12:37Z","2024-04-16T12:37Z","Illinois State Water Survey Central Analytical Laboratory",388.0,0.00740,5,"2024-04-17","A",,
"b7bf56ed-6ee9-477b-a1c5-27b052ee87df","D02","POSE","POSE.AOS.S2","POSE.SS.20240416.FIL","A00000370884","2024-04-16T12:37Z","2024-04-16T12:37Z","Illinois State Water Survey Central Analytical Laboratory",402.0,0.00612,5,"2024-04-17","A",,
"15cd1613-c0a4-4989-8dde-3edb7e9ae431","D02","POSE","POSE.AOS.S2","POSE.SS.20240416.FIL","A00000370884","2024-04-16T12:37Z","2024-04-16T12:37Z","Illinois State Water Survey Central Analytical Laboratory",308.0,0.02356,5,"2024-04-17","A",,
"370f76d6-8750-4ceb-bb2b-38ad6bc02ff0","D02","POSE","POSE.AOS.S2","POSE.SS.20240416.FIL","A00000370884","2024-04-16T12:37Z","2024-04-16T12:37Z","Illinois State Water Survey Central Analytical Laboratory",522.0,0.00170,5,"2024-04-17","A",,
"fab80a76-2d9b-4b7f-b14f-0142d79b44f9","D02","POSE","POSE.AOS.S2","POSE.SS.20240416.FIL","A00000370884","2024-04-16T12:37Z","2024-04-16T12:37Z","Illinois State Water Survey Central Analytical Laboratory",256.0,0.04378,5,"2024-04-17","B",,
"6e0042b3-b0ff-4332-bd46-88c511b24c10","D02","POSE","POSE.AOS.S2","POSE.SS.20240416.FIL","A00000370884","2024-04-16T12:37Z","2024-04-16T12:37Z","Illinois State Water Survey Central Analytical Laboratory",552.0,0.00146,5,"2024-04-17","A",,
"29964f09-ff1d-4cde-be76-2d5ed5fb0705","D02","POSE","POSE.AOS.S2","POSE.SS.20240416.FIL","A00000370884","2024-04-16T12:37Z","2024-04-16T12:37Z","Illinois State Water Survey Central Analytical Laboratory",306.0,0.02406,5,"2024-04-17","B",,
"340e2e22-480d-4c53-babf-25a7c9e94718","D02","POSE","POSE.AOS.S2","POSE.SS.20240416.FIL","A00000370884","2024-04-16T12:37Z","2024-04-16T12:37Z","Illinois State Water Survey Central Analytical Laboratory",238.0,0.05560,5,"2024-04-17","B",,
"729d5923-a871-4b11-90bc-1974e370f479","D02","POSE","POSE.AOS.S2","POSE.SS.20240416.FIL","A00000370884","2024-04-16T12:37Z","2024-04-16T12:37Z","Illinois State Water Survey Central Analytical Laboratory",226.0,0.08006,5,"2024-04-17","A",,
"23e3ec64-a875-4b95-9e58-1bae73d8a930","D02","POSE","POSE.AOS.S2","POSE.SS.20240416.FIL","A00000370884","2024-04-16T12:37Z","2024-04-16T12:37Z","Illinois State Water Survey Central Analytical Laboratory",266.0,0.04000,5,"2024-04-17","A",,
"9d5fafaa-5c6d-4312-b14b-289bc43e5665","D02","POSE","POSE.AOS.S2","POSE.SS.20240416.FIL","A00000370884","2024-04-16T12:37Z","2024-04-16T12:37Z","Illinois State Water Survey Central Analytical Laboratory",348.0,0.01338,5,"2024-04-17","B",,
"5fb89901-a480-4d9a-9e0f-75c7a1c173d9","D02","POSE","POSE.AOS.S2","POSE.SS.20240416.FIL","A00000370884","2024-04-16T12:37Z","2024-04-16T12:37Z","Illinois State Water Survey Central Analytical Laboratory",508.0,0.00182,5,"2024-04-17","B",,
"63e918ef-14d5-4eaf-842e-9adaaa865c6f","D02","POSE","POSE.AOS.S2","POSE.SS.20240416.FIL","A00000370884","2024-04-16T12:37Z","2024-04-16T12:37Z","Illinois State Water Survey Central Analytical Laboratory",430.0,0.00422,5,"2024-04-17","A",,
"26b8d8e9-2094-4909-bafb-7aed4bb1c882","D02","POSE","POSE.AOS.S2","POSE.SS.20240416.FIL","A00000370884","2024-04-16T12:37Z","2024-04-16T12:37Z","Illinois State Water Survey Central Analytical Laboratory",256.0,0.04396,5,"2024-04-17","A",,
"71b959e2-c349-4efe-97f9-8455343a8f91","D02","POSE","POSE.AOS.S2","POSE.SS.20240416.FIL","A00000370884","2024-04-16T12:37Z","2024-04-16T12:37Z","Illinois State Water Survey Central Analytical Laboratory",592.0,0.00122,5,"2024-04-17","A",,
"fde7b06c-6781-4767-b80f-5ae65d3091f0","D02","POSE","POSE.AOS.S2","POSE.SS.20240416.FIL","A00000370884","2024-04-16T12:37Z","2024-04-16T12:37Z","Illinois State Water Survey Central Analytical Laboratory",238.0,0.05586,5,"2024-04-17","A",,
"8b191600-e495-4b80-8a2e-9cdba7fc98c9","D02","POSE","POSE.AOS.S2","POSE.SS.20240416.FIL","A00000370884","2024-04-16T12:37Z","2024-04-16T12:37Z","Illinois State Water Survey Central Analytical Laboratory",438.0,0.00388,5,"2024-04-17","A",,
"b8cd17f9-72d6-4eed-a07b-568af665d7fa","D02","POSE","POSE.AOS.S2","POSE.SS.20240416.FIL","A00000370884","2024-04-16T12:37Z","2024-04-16T12:37Z","Illinois State Water Survey Central Analytical Laboratory",566.0,0.00126,5,"2024-04-17","B",,
"f0a08048-64e5-47ad-8455-f4fda8f6bbe8","D02","POSE","POSE.AOS.S2","POSE.SS.20240416.FIL","A00000370884","2024-04-16T12:37Z","2024-04-16T12:37Z","Illinois State Water Survey Central Analytical Laboratory",476.0,0.00242,5,"2024-04-17","B",,
"a18bb0ca-22e7-4987-aa0a-7c136a56df29","D02","POSE","POSE.AOS.S2","POSE.SS.20240416.FIL","A00000370884","2024-04-16T12:37Z","2024-04-16T12:37Z","Illinois State Water Survey Central Analytical Laboratory",330.0,0.01730,5,"2024-04-17","A",,
"3afa03a6-dad4-4547-92fc-77b2d5235a07","D02","POSE","POSE.AOS.S2","POSE.SS.20240416.FIL","A00000370884","2024-04-16T12:37Z","2024-04-16T12:37Z","Illinois State Water Survey Central Analytical Laboratory",298.0,0.02680,5,"2024-04-17","B",,
"be367f9a-c78e-4ee6-924f-a40cdc26e739","D02","POSE","POSE.AOS.S2","POSE.SS.20240416.FIL","A00000370884","2024-04-16T12:37Z","2024-04-16T12:37Z","Illinois State Water Survey Central Analytical Laboratory",392.0,0.00706,5,"2024-04-17","A",,
"2528d1af-7657-495d-809c-8f7019bb9a87","D02","POSE","POSE.AOS.S2","POSE.SS.20240416.FIL","A00000370884","2024-04-16T12:37Z","2024-04-16T12:37Z","Illinois State Water Survey Central Analytical Laboratory",402.0,0.00604,5,"2024-04-17","B",,
"9131c931-d9f6-4fc6-a0c1-0bfc45b1dc2a","D02","POSE","POSE.AOS.S2","POSE.SS.20240416.FIL","A00000370884","2024-04-16T12:37Z","2024-04-16T12:37Z","Illinois State Water Survey Central Analytical Laboratory",304.0,0.02472,5,"2024-04-17","B",,
"0541d4d3-fc3e-4458-b267-8ca41b6628e0","D02","POSE","POSE.AOS.S2","POSE.SS.20240416.FIL","A00000370884","2024-04-16T12:37Z","2024-04-16T12:37Z","Illinois State Water Survey Central Analytical Laboratory",494.0,0.00200,5,"2024-04-17","B",,
"7dbeabe0-f257-487d-817c-19d11cac8b89","D02","POSE","POSE.AOS.S2","POSE.SS.20240416.FIL","A00000370884","2024-04-16T12:37Z","2024-04-16T12:37Z","Illinois State Water Survey Central Analytical Laboratory",388.0,0.00734,5,"2024-04-17","B",,
"58910855-0a63-43d2-b6f3-4ae74dffbdbd","D02","POSE","POSE.AOS.S2","POSE.SS.20240416.FIL","A00000370884","2024-04-16T12:37Z","2024-04-16T12:37Z","Illinois State Water Survey Central Analytical Laboratory",236.0,0.05800,5,"2024-04-17","B",,
"6484f70e-7398-4d79-b467-7076ca94840a","D02","POSE","POSE.AOS.S2","POSE.SS.20240416.FIL","A00000370884","2024-04-16T12:37Z","2024-04-16T12:37Z","Illinois State Water Survey Central Analytical Laboratory",490.0,0.00212,5,"2024-04-17","B",,
"7b65514d-ec99-468c-bcf8-9b95f105febf","D02","POSE","POSE.AOS.S2","POSE.SS.20240416.FIL","A00000370884","2024-04-16T12:37Z","2024-04-16T12:37Z","Illinois State Water Survey Central Analytical Laboratory",506.0,0.00184,5,"2024-04-17","B",,
"0fd27787-343a-43bc-924c-f5f4a5b92daa","D02","POSE","POSE.AOS.S2","POSE.SS.20240416.FIL","A00000370884","2024-04-16T12:37Z","2024-04-16T12:37Z","Illinois State Water Survey Central Analytical Laboratory",220.0,0.10598,5,"2024-04-17","A",,
"7ea030ad-7c6b-430a-8bca-53e35c91604c","D02","POSE","POSE.AOS.S2","POSE.SS.20240416.FIL","A00000370884","2024-04-16T12:37Z","2024-04-16T12:37Z","Illinois State Water Survey Central Analytical Laboratory",358.0,0.01170,5,"2024-04-17","A",,
"1ee4b065-fd43-4551-afc5-047e89d1bafe","D02","POSE","POSE.AOS.S2","POSE.SS.20240416.FIL","A00000370884","2024-04-16T12:37Z","2024-04-16T12:37Z","Illinois State Water Survey Central Analytical Laboratory",232.0,0.06470,5,"2024-04-17","B",,
"98c20a18-b82c-4b6e-9ee2-a1d2135079ef","D02","POSE","POSE.AOS.S2","POSE.SS.20240416.FIL","A00000370884","2024-04-16T12:37Z","2024-04-16T12:37Z","Illinois State Water Survey Central Analytical Laboratory",398.0,0.00636,5,"2024-04-17","B",,
"3fc90420-cab2-4bcd-9296-5f3f27ce0f99","D02","POSE","POSE.AOS.S2","POSE.SS.20240416.FIL","A00000370884","2024-04-16T12:37Z","2024-04-16T12:37Z","Illinois State Water Survey Central Analytical Laboratory",262.0,0.04158,5,"2024-04-17","A",,
"6a5b6e48-f49f-41d9-9073-564565599666","D02","POSE","POSE.AOS.S2","POSE.SS.20240416.FIL","A00000370884","2024-04-16T12:37Z","2024-04-16T12:37Z","Illinois State Water Survey Central Analytical Laboratory",538.0,0.00146,5,"2024-04-17","B",,
"2a025c66-b959-4d19-a948-47a9f65faf9d","D02","POSE","POSE.AOS.S2","POSE.SS.20240416.FIL","A00000370884","2024-04-16T12:37Z","2024-04-16T12:37Z","Illinois State Water Survey Central Analytical Laboratory",338.0,0.01548,5,"2024-04-17","A",,
"f3a0c249-6622-4081-9b14-fd3143221e32","D02","POSE","POSE.AOS.S2","POSE.SS.20240416.FIL","A00000370884","2024-04-16T12:37Z","2024-04-16T12:37Z","Illinois State Water Survey Central Analytical Laboratory",360.0,0.01138,5,"2024-04-17","A",,
"1724a78b-a1c3-4b5f-b2bc-54c925153907","D02","POSE","POSE.AOS.S2","POSE.SS.20240416.FIL","A00000370884","2024-04-16T12:37Z","2024-04-16T12:37Z","Illinois State Water Survey Central Analytical Laboratory",522.0,0.00160,5,"2024-04-17","B",,
"f90acb0c-85af-4204-a8bc-2913ac4c6279","D02","POSE","POSE.AOS.S2","POSE.SS.20240416.FIL","A00000370884","2024-04-16T12:37Z","2024-04-16T12:37Z","Illinois State Water Survey Central Analytical Laboratory",254.0,0.04492,5,"2024-04-17","A",,
"27e6d7ec-f85e-4ca6-bbeb-a717a612dc11","D02","POSE","POSE.AOS.S2","POSE.SS.20240416.FIL","A00000370884","2024-04-16T12:37Z","2024-04-16T12:37Z","Illinois State Water Survey Central Analytical Laboratory",376.0,0.00880,5,"2024-04-17","B",,
"bf9df71e-39e3-4e8a-97df-44a141a64baf","D02","POSE","POSE.AOS.S2","POSE.SS.20240416.FIL","A00000370884","2024-04-16T12:37Z","2024-04-16T12:37Z","Illinois State Water Survey Central Analytical Laboratory",296.0,0.02752,5,"2024-04-17","B",,
"33288abb-7b15-40eb-9b0b-fbfa90087b71","D02","POSE","POSE.AOS.S2","POSE.SS.20240416.FIL","A00000370884","2024-04-16T12:37Z","2024-04-16T12:37Z","Illinois State Water Survey Central Analytical Laboratory",582.0,0.00122,5,"2024-04-17","A",,
"624ca93a-6d9d-4daa-b7f1-f1e619496be3","D02","POSE","POSE.AOS.S2","POSE.SS.20240416.FIL","A00000370884","2024-04-16T12:37Z","2024-04-16T12:37Z","Illinois State Water Survey Central Analytical Laboratory",342.0,0.01458,5,"2024-04-17","A",,
"ad640603-3a3a-4f73-9e41-05e770cb71f1","D02","POSE","POSE.AOS.S2","POSE.SS.20240416.FIL","A00000370884","2024-04-16T12:37Z","2024-04-16T12:37Z","Illinois State Water Survey Central Analytical Laboratory",546.0,0.00136,5,"2024-04-17","B",,
"30a50b2f-c669-4d72-b8ca-ed1789eaef22","D02","POSE","POSE.AOS.S2","POSE.SS.20240416.FIL","A00000370884","2024-04-16T12:37Z","2024-04-16T12:37Z","Illinois State Water Survey Central Analytical Laboratory",264.0,0.04080,5,"2024-04-17","A",,
"fcca469c-da1c-4906-a028-7752a181b9aa","D02","POSE","POSE.AOS.S2","POSE.SS.20240416.FIL","A00000370884","2024-04-16T12:37Z","2024-04-16T12:37Z","Illinois State Water Survey Central Analytical Laboratory",506.0,0.00194,5,"2024-04-17","A",,
"85fc4c6a-a6fd-4c8a-be1b-959e4d030714","D02","POSE","POSE.AOS.S2","POSE.SS.20240416.FIL","A00000370884","2024-04-16T12:37Z","2024-04-16T12:37Z","Illinois State Water Survey Central Analytical Laboratory",356.0,0.01198,5,"2024-04-17","B",,
"3643821f-6dbf-4e4b-a7ca-64928820784d","D02","POSE","POSE.AOS.S2","POSE.SS.20240416.FIL","A00000370884","2024-04-16T12:37Z","2024-04-16T12:37Z","Illinois State Water Survey Central Analytical Laboratory",252.0,0.04552,5,"2024-04-17","B",,
"b6a0f075-82aa-476d-86d4-09b964ac11db","D02","POSE","POSE.AOS.S2","POSE.SS.20240416.FIL","A00000370884","2024-04-16T12:37Z","2024-04-16T12:37Z","Illinois State Water Survey Central Analytical Laboratory",440.0,0.00384,5,"2024-04-17","A",,
"f2642d23-cd62-4f77-b769-aa3aedaa5739","D02","POSE","POSE.AOS.S2","POSE.SS.20240416.FIL","A00000370884","2024-04-16T12:37Z","2024-04-16T12:37Z","Illinois State Water Survey Central Analytical Laboratory",418.0,0.00494,5,"2024-04-17","A",,
"367329e0-da53-455d-ab56-828047ad0602","D02","POSE","POSE.AOS.S2","POSE.SS.20240416.FIL","A00000370884","2024-04-16T12:37Z","2024-04-16T12:37Z","Illinois State Water Survey Central Analytical Laboratory",464.0,0.00284,5,"2024-04-17","A",,
"479c98eb-5c83-4574-a659-7b204471a62e","D02","POSE","POSE.AOS.S2","POSE.SS.20240416.FIL","A00000370884","2024-04-16T12:37Z","2024-04-16T12:37Z","Illinois State Water Survey Central Analytical Laboratory",554.0,0.00130,5,"2024-04-17","B",,
"9c9f243c-20c6-447a-8dc0-2d946553b78f","D02","POSE","POSE.AOS.S2","POSE.SS.20240416.FIL","A00000370884","2024-04-16T12:37Z","2024-04-16T12:37Z","Illinois State Water Survey Central Analytical Laboratory",432.0,0.00406,5,"2024-04-17","B",,
"d9de4692-74c3-4b32-8eb7-45284ad973b2","D02","POSE","POSE.AOS.S2","POSE.SS.20240416.FIL","A00000370884","2024-04-16T12:37Z","2024-04-16T12:37Z","Illinois State Water Survey Central Analytical Laboratory",280.0,0.03444,5,"2024-04-17","A",,
"b2997be3-4cbb-4268-bb3b-d6602fdc51b4","D02","POSE","POSE.AOS.S2","POSE.SS.20240416.FIL","A00000370884","2024-04-16T12:37Z","2024-04-16T12:37Z","Illinois State Water Survey Central Analytical Laboratory",580.0,0.00128,5,"2024-04-17","A",,
"ffce3a1d-1fac-48e6-8adf-ca9bd724114a","D02","POSE","POSE.AOS.S2","POSE.SS.20240416.FIL","A00000370884","2024-04-16T12:37Z","2024-04-16T12:37Z","Illinois State Water Survey Central Analytical Laboratory",374.0,0.00904,5,"2024-04-17","B",,
"352caede-72b0-4ceb-80a2-e224982aac8c","D02","POSE","POSE.AOS.S2","POSE.SS.20240416.FIL","A00000370884","2024-04-16T12:37Z","2024-04-16T12:37Z","Illinois State Water Survey Central Analytical Laboratory",528.0,0.00168,5,"2024-04-17","A",,
"9f25e2bc-6a22-43e3-a43c-7bdc33cada31","D02","POSE","POSE.AOS.S2","POSE.SS.20240416.FIL","A00000370884","2024-04-16T12:37Z","2024-04-16T12:37Z","Illinois State Water Survey Central Analytical Laboratory",568.0,0.00140,5,"2024-04-17","A",,
"e262fa0a-9fe5-43b0-9586-fa5c5fd8196d","D02","POSE","POSE.AOS.S2","POSE.SS.20240416.FIL","A00000370884","2024-04-16T12:37Z","2024-04-16T12:37Z","Illinois State Water Survey Central Analytical Laboratory",412.0,0.00518,5,"2024-04-17","B",,
"2eb3395f-76d4-44ee-94f1-0b8743702349","D02","POSE","POSE.AOS.S2","POSE.SS.20240416.FIL","A00000370884","2024-04-16T12:37Z","2024-04-16T12:37Z","Illinois State Water Survey Central Analytical Laboratory",556.0,0.00132,5,"2024-04-17","B",,
"786cd05c-5a42-4800-8796-9c3944f7813a","D02","POSE","POSE.AOS.S2","POSE.SS.20240416.FIL","A00000370884","2024-04-16T12:37Z","2024-04-16T12:37Z","Illinois State Water Survey Central Analytical Laboratory",228.0,0.07338,5,"2024-04-17","B",,
"fd8ce8b7-d3b5-4643-bc2b-2129d55a467c","D02","POSE","POSE.AOS.S2","POSE.SS.20240416.FIL","A00000370884","2024-04-16T12:37Z","2024-04-16T12:37Z","Illinois State Water Survey Central Analytical Laboratory",222.0,0.09606,5,"2024-04-17","A",,
"567f43ae-d9ad-4322-858c-42d60af30e9e","D02","POSE","POSE.AOS.S2","POSE.SS.20240416.FIL","A00000370884","2024-04-16T12:37Z","2024-04-16T12:37Z","Illinois State Water Survey Central Analytical Laboratory",458.0,0.00292,5,"2024-04-17","B",,
"d14c489f-0f24-484c-ae0b-1130bc47b265","D02","POSE","POSE.AOS.S2","POSE.SS.20240416.FIL","A00000370884","2024-04-16T12:37Z","2024-04-16T12:37Z","Illinois State Water Survey Central Analytical Laboratory",220.0,0.10546,5,"2024-04-17","B",,
"fa7fc1ff-58b0-48c1-81bf-cf91471eae36","D02","POSE","POSE.AOS.S2","POSE.SS.20240416.FIL","A00000370884","2024-04-16T12:37Z","2024-04-16T12:37Z","Illinois State Water Survey Central Analytical Laboratory",442.0,0.00364,5,"2024-04-17","B",,
"98f337cc-b5a2-4c45-a24f-4f3bbac4db60","D02","POSE","POSE.AOS.S2","POSE.SS.20240416.FIL","A00000370884","2024-04-16T12:37Z","2024-04-16T12:37Z","Illinois State Water Survey Central Analytical Laboratory",600.0,0.00106,5,"2024-04-17","B",,
"143aa21d-84be-44fd-b463-070238ec3e12","D02","POSE","POSE.AOS.S2","POSE.SS.20240416.FIL","A00000370884","2024-04-16T12:37Z","2024-04-16T12:37Z","Illinois State Water Survey Central Analytical Laboratory",498.0,0.00204,5,"2024-04-17","A",,
"a59aa719-9bbb-4c62-8f5f-82bd5f78ef18","D02","POSE","POSE.AOS.S2","POSE.SS.20240416.FIL","A00000370884","2024-04-16T12:37Z","2024-04-16T12:37Z","Illinois State Water Survey Central Analytical Laboratory",352.0,0.01256,5,"2024-04-17","B",,
"ed012445-6748-44f5-8c35-7416b43be20b","D02","POSE","POSE.AOS.S2","POSE.SS.20240416.FIL","A00000370884","2024-04-16T12:37Z","2024-04-16T12:37Z","Illinois State Water Survey Central Analytical Laboratory",472.0,0.00258,5,"2024-04-17","A",,
"aa1464ec-abc9-4d9f-ac0e-3ac5d8a55afd","D02","POSE","POSE.AOS.S2","POSE.SS.20240416.FIL","A00000370884","2024-04-16T12:37Z","2024-04-16T12:37Z","Illinois State Water Survey Central Analytical Laboratory",408.0,0.00556,5,"2024-04-17","B",,
"ce1f7fd0-b176-459c-9cbb-aea43a747d9d","D02","POSE","POSE.AOS.S2","POSE.SS.20240416.FIL","A00000370884","2024-04-16T12:37Z","2024-04-16T12:37Z","Illinois State Water Survey Central Analytical Laboratory",570.0,0.00142,5,"2024-04-17","A",,
"a97ddab1-18a3-4294-9e26-adc5397f772e","D02","POSE","POSE.AOS.S2","POSE.SS.20240416.FIL","A00000370884","2024-04-16T12:37Z","2024-04-16T12:37Z","Illinois State Water Survey Central Analytical Laboratory",286.0,0.03170,5,"2024-04-17","B",,
"45216da7-38fc-4a80-8bff-709128ce309e","D02","POSE","POSE.AOS.S2","POSE.SS.20240416.FIL","A00000370884","2024-04-16T12:37Z","2024-04-16T12:37Z","Illinois State Water Survey Central Analytical Laboratory",410.0,0.00540,5,"2024-04-17","B",,
"8e4e195a-720a-446c-89a1-c0ad36185968","D02","POSE","POSE.AOS.S2","POSE.SS.20240416.FIL","A00000370884","2024-04-16T12:37Z","2024-04-16T12:37Z","Illinois State Water Survey Central Analytical Laboratory",350.0,0.01298,5,"2024-04-17","B",,
"a146611a-e198-4ec7-a9d9-0d27b93131a8","D02","POSE","POSE.AOS.S2","POSE.SS.20240416.FIL","A00000370884","2024-04-16T12:37Z","2024-04-16T12:37Z","Illinois State Water Survey Central Analytical Laboratory",478.0,0.00246,5,"2024-04-17","A",,
"d65b6bf8-005d-497b-a911-9b7637ab870c","D02","POSE","POSE.AOS.S2","POSE.SS.20240416.FIL","A00000370884","2024-04-16T12:37Z","2024-04-16T12:37Z","Illinois State Water Survey Central Analytical Laboratory",494.0,0.00208,5,"2024-04-17","A",,
"864b3104-f87e-43e2-9191-d16c52670d23","D02","POSE","POSE.AOS.S2","POSE.SS.20240416.FIL","A00000370884","2024-04-16T12:37Z","2024-04-16T12:37Z","Illinois State Water Survey Central Analytical Laboratory",272.0,0.03770,5,"2024-04-17","A",,
"7c9324cd-8559-40aa-9115-f833b3f44a66","D02","POSE","POSE.AOS.S2","POSE.SS.20240416.FIL","A00000370884","2024-04-16T12:37Z","2024-04-16T12:37Z","Illinois State Water Survey Central Analytical Laboratory",466.0,0.00268,5,"2024-04-17","B",,
"1e03e6af-f1b3-4cc6-8221-c1dde56aeed6","D02","POSE","POSE.AOS.S2","POSE.SS.20240416.FIL","A00000370884","2024-04-16T12:37Z","2024-04-16T12:37Z","Illinois State Water Survey Central Analytical Laboratory",320.0,0.01990,5,"2024-04-17","B",,
"edb565ba-5cf8-4b97-85c0-92c0298d65a1","D02","POSE","POSE.AOS.S2","POSE.SS.20240416.FIL","A00000370884","2024-04-16T12:37Z","2024-04-16T12:37Z","Illinois State Water Survey Central Analytical Laboratory",380.0,0.00826,5,"2024-04-17","B",,
"030f36df-a5f8-4bb1-a1b9-ff0e28e37131","D02","POSE","POSE.AOS.S2","POSE.SS.20240416.FIL","A00000370884","2024-04-16T12:37Z","2024-04-16T12:37Z","Illinois State Water Survey Central Analytical Laboratory",600.0,0.00122,5,"2024-04-17","A",,
"289f19c1-7082-4e98-8521-3b24dd4404e3","D02","POSE","POSE.AOS.S2","POSE.SS.20240416.FIL","A00000370884","2024-04-16T12:37Z","2024-04-16T12:37Z","Illinois State Water Survey Central Analytical Laboratory",376.0,0.00890,5,"2024-04-17","A",,
"74389f96-888a-4fc2-998a-0ba4867ffc84","D02","POSE","POSE.AOS.S2","POSE.SS.20240416.FIL","A00000370884","2024-04-16T12:37Z","2024-04-16T12:37Z","Illinois State Water Survey Central Analytical Laboratory",564.0,0.00124,5,"2024-04-17","B",,
"304866f2-ddfc-445c-a506-e6327d560e88","D02","POSE","POSE.AOS.S2","POSE.SS.20240416.FIL","A00000370884","2024-04-16T12:37Z","2024-04-16T12:37Z","Illinois State Water Survey Central Analytical Laboratory",504.0,0.00196,5,"2024-04-17","A",,
"f22414a2-dba9-4a57-9dbd-2c7cd26cad0a","D02","POSE","POSE.AOS.S2","POSE.SS.20240416.FIL","A00000370884","2024-04-16T12:37Z","2024-04-16T12:37Z","Illinois State Water Survey Central Analytical Laboratory",340.0,0.01506,5,"2024-04-17","A",,
"6d30d170-3971-4fe8-a34a-3a59ce2fe653","D02","POSE","POSE.AOS.S2","POSE.SS.20240416.FIL","A00000370884","2024-04-16T12:37Z","2024-04-16T12:37Z","Illinois State Water Survey Central Analytical Laboratory",342.0,0.01446,5,"2024-04-17","B",,
"2d0e608b-0c1c-44d0-a036-d7da1b765abe","D02","POSE","POSE.AOS.S2","POSE.SS.20240416.FIL","A00000370884","2024-04-16T12:37Z","2024-04-16T12:37Z","Illinois State Water Survey Central Analytical Laboratory",548.0,0.00134,5,"2024-04-17","B",,
"deb6eac1-836e-4c3d-ac5a-76e59427d026","D02","POSE","POSE.AOS.S2","POSE.SS.20240416.FIL","A00000370884","2024-04-16T12:37Z","2024-04-16T12:37Z","Illinois State Water Survey Central Analytical Laboratory",418.0,0.00488,5,"2024-04-17","B",,
"03f39dd5-0dcd-4ea7-a2ca-2243083b74cb","D02","POSE","POSE.AOS.S2","POSE.SS.20240416.FIL","A00000370884","2024-04-16T12:37Z","2024-04-16T12:37Z","Illinois State Water Survey Central Analytical Laboratory",576.0,0.00128,5,"2024-04-17","A",,
"79cb3a94-a0d9-42bb-9d3a-2b8585f6e53a","D02","POSE","POSE.AOS.S2","POSE.SS.20240416.FIL","A00000370884","2024-04-16T12:37Z","2024-04-16T12:37Z","Illinois State Water Survey Central Analytical Laboratory",504.0,0.00186,5,"2024-04-17","B",,
"ee57c048-919b-4f98-be03-88b851ed0229","D02","POSE","POSE.AOS.S2","POSE.SS.20240416.FIL","A00000370884","2024-04-16T12:37Z","2024-04-16T12:37Z","Illinois State Water Survey Central Analytical Laboratory",338.0,0.01538,5,"2024-04-17","B",,
"3ff6f4dd-0d4a-4316-932d-efdaf790497e","D02","POSE","POSE.AOS.S2","POSE.SS.20240416.FIL","A00000370884","2024-04-16T12:37Z","2024-04-16T12:37Z","Illinois State Water Survey Central Analytical Laboratory",322.0,0.01934,5,"2024-04-17","B",,
"e228b753-29a4-4a03-8aa8-1130e90400e5","D02","POSE","POSE.AOS.S2","POSE.SS.20240416.FIL","A00000370884","2024-04-16T12:37Z","2024-04-16T12:37Z","Illinois State Water Survey Central Analytical Laboratory",370.0,0.00966,5,"2024-04-17","B",,
"34badd94-2a67-4f30-a746-f4f2d26df3e0","D02","POSE","POSE.AOS.S2","POSE.SS.20240416.FIL","A00000370884","2024-04-16T12:37Z","2024-04-16T12:37Z","Illinois State Water Survey Central Analytical Laboratory",476.0,0.00252,5,"2024-04-17","A",,
"2be8ac61-49fd-4f61-a12f-5fc2837b4425","D02","POSE","POSE.AOS.S2","POSE.SS.20240416.FIL","A00000370884","2024-04-16T12:37Z","2024-04-16T12:37Z","Illinois State Water Survey Central Analytical Laboratory",516.0,0.00168,5,"2024-04-17","B",,
"c82fc69c-0605-4be7-9ade-9f7bbf2dc7b9","D02","POSE","POSE.AOS.S2","POSE.SS.20240416.FIL","A00000370884","2024-04-16T12:37Z","2024-04-16T12:37Z","Illinois State Water Survey Central Analytical Laboratory",222.0,0.09558,5,"2024-04-17","B",,
"444a7781-4131-4a9d-a91d-b5675ecd5855","D02","POSE","POSE.AOS.S2","POSE.SS.20240416.FIL","A00000370884","2024-04-16T12:37Z","2024-04-16T12:37Z","Illinois State Water Survey Central Analytical Laboratory",408.0,0.00562,5,"2024-04-17","A",,
"5ccc8766-670d-4033-8e12-45fdbcce3c43","D02","POSE","POSE.AOS.S2","POSE.SS.20240416.FIL","A00000370884","2024-04-16T12:37Z","2024-04-16T12:37Z","Illinois State Water Survey Central Analytical Laboratory",464.0,0.00272,5,"2024-04-17","B",,
"8e0e2f3a-d976-4c64-9140-d4b81a4de5bc","D02","POSE","POSE.AOS.S2","POSE.SS.20240416.FIL","A00000370884","2024-04-16T12:37Z","2024-04-16T12:37Z","Illinois State Water Survey Central Analytical Laboratory",462.0,0.00280,5,"2024-04-17","B",,
"75a605e2-5851-407e-9400-f7d21a8907e2","D02","POSE","POSE.AOS.S2","POSE.SS.20240416.FIL","A00000370884","2024-04-16T12:37Z","2024-04-16T12:37Z","Illinois State Water Survey Central Analytical Laboratory",318.0,0.02044,5,"2024-04-17","B",,
"01ab7731-9cfb-43b6-9a15-d1d7e73cff11","D02","POSE","POSE.AOS.S2","POSE.SS.20240416.FIL","A00000370884","2024-04-16T12:37Z","2024-04-16T12:37Z","Illinois State Water Survey Central Analytical Laboratory",450.0,0.00326,5,"2024-04-17","B",,
"5c2d221c-942a-48bc-a1ae-aea7f0f3a178","D02","POSE","POSE.AOS.S2","POSE.SS.20240416.FIL","A00000370884","2024-04-16T12:37Z","2024-04-16T12:37Z","Illinois State Water Survey Central Analytical Laboratory",588.0,0.00104,5,"2024-04-17","B",,
"c42ae2c5-2740-4883-be07-2d799da19b24","D02","POSE","POSE.AOS.S2","POSE.SS.20240416.FIL","A00000370884","2024-04-16T12:37Z","2024-04-16T12:37Z","Illinois State Water Survey Central Analytical Laboratory",396.0,0.00650,5,"2024-04-17","B",,
"11f063b3-4dcc-48fb-99a6-9069b824b280","D02","POSE","POSE.AOS.S2","POSE.SS.20240416.FIL","A00000370884","2024-04-16T12:37Z","2024-04-16T12:37Z","Illinois State Water Survey Central Analytical Laboratory",254.0,0.04470,5,"2024-04-17","B",,
"54b10ba0-aad6-4e33-81cb-7d5a3d00ed5b","D02","POSE","POSE.AOS.S2","POSE.SS.20240416.FIL","A00000370884","2024-04-16T12:37Z","2024-04-16T12:37Z","Illinois State Water Survey Central Analytical Laboratory",554.0,0.00146,5,"2024-04-17","A",,
"eae5818d-fe23-44a1-931e-379bb3b030eb","D02","POSE","POSE.AOS.S2","POSE.SS.20240416.FIL","A00000370884","2024-04-16T12:37Z","2024-04-16T12:37Z","Illinois State Water Survey Central Analytical Laboratory",324.0,0.01894,5,"2024-04-17","A",,
"4058ad0f-a6b3-48e0-845b-55ca4ee5b2d6","D02","POSE","POSE.AOS.S2","POSE.SS.20240416.FIL","A00000370884","2024-04-16T12:37Z","2024-04-16T12:37Z","Illinois State Water Survey Central Analytical Laboratory",232.0,0.06502,5,"2024-04-17","A",,
"4f89cd5f-bbe1-468b-98cf-40f6d9bd6e71","D02","POSE","POSE.AOS.S2","POSE.SS.20240416.FIL","A00000370884","2024-04-16T12:37Z","2024-04-16T12:37Z","Illinois State Water Survey Central Analytical Laboratory",354.0,0.01238,5,"2024-04-17","A",,
"bc898a85-ecd5-4538-a86d-9a7f832430f6","D02","POSE","POSE.AOS.S2","POSE.SS.20240416.FIL","A00000370884","2024-04-16T12:37Z","2024-04-16T12:37Z","Illinois State Water Survey Central Analytical Laboratory",258.0,0.04314,5,"2024-04-17","A",,
"3bed7a24-d870-4356-827f-1071aa93798a","D02","POSE","POSE.AOS.S2","POSE.SS.20240416.FIL","A00000370884","2024-04-16T12:37Z","2024-04-16T12:37Z","Illinois State Water Survey Central Analytical Laboratory",590.0,0.00104,5,"2024-04-17","B",,
"65eec870-460f-4f5b-a659-44d8a21a8cd5","D02","POSE","POSE.AOS.S2","POSE.SS.20240416.FIL","A00000370884","2024-04-16T12:37Z","2024-04-16T12:37Z","Illinois State Water Survey Central Analytical Laboratory",592.0,0.00110,5,"2024-04-17","B",,
"05d24d7f-8443-4bb2-bdfd-674e51822a21","D02","POSE","POSE.AOS.S2","POSE.SS.20240416.FIL","A00000370884","2024-04-16T12:37Z","2024-04-16T12:37Z","Illinois State Water Survey Central Analytical Laboratory",250.0,0.04658,5,"2024-04-17","B",,
"1b9e4738-e2e5-4e88-b9f5-279e40dedd4d","D02","POSE","POSE.AOS.S2","POSE.SS.20240416.FIL","A00000370884","2024-04-16T12:37Z","2024-04-16T12:37Z","Illinois State Water Survey Central Analytical Laboratory",594.0,0.00104,5,"2024-04-17","A",,
"7e680829-2713-4846-8705-2fa9f9f79736","D02","POSE","POSE.AOS.S2","POSE.SS.20240416.FIL","A00000370884","2024-04-16T12:37Z","2024-04-16T12:37Z","Illinois State Water Survey Central Analytical Laboratory",428.0,0.00430,5,"2024-04-17","B",,
"6651400d-0976-4c53-b533-0095e9531b4f","D02","POSE","POSE.AOS.S2","POSE.SS.20240416.FIL","A00000370884","2024-04-16T12:37Z","2024-04-16T12:37Z","Illinois State Water Survey Central Analytical Laboratory",566.0,0.00140,5,"2024-04-17","A",,
"30d71c27-04dc-428b-b9e1-e57eb0f8923c","D02","POSE","POSE.AOS.S2","POSE.SS.20240416.FIL","A00000370884","2024-04-16T12:37Z","2024-04-16T12:37Z","Illinois State Water Survey Central Analytical Laboratory",284.0,0.03254,5,"2024-04-17","B",,
"31dc834c-83f2-4cf4-b9b8-85369e90a914","D02","POSE","POSE.AOS.S2","POSE.SS.20240416.FIL","A00000370884","2024-04-16T12:37Z","2024-04-16T12:37Z","Illinois State Water Survey Central Analytical Laboratory",370.0,0.00974,5,"2024-04-17","A",,
"348148b1-36b8-4cd4-9512-9ba098db4b19","D02","POSE","POSE.AOS.S2","POSE.SS.20240416.FIL","A00000370884","2024-04-16T12:37Z","2024-04-16T12:37Z","Illinois State Water Survey Central Analytical Laboratory",452.0,0.00322,5,"2024-04-17","A",,
"a0b2ee4d-1540-434e-8222-776648f4ea95","D02","POSE","POSE.AOS.S2","POSE.SS.20240416.FIL","A00000370884","2024-04-16T12:37Z","2024-04-16T12:37Z","Illinois State Water Survey Central Analytical Laboratory",560.0,0.00144,5,"2024-04-17","A",,
"56539605-402c-4788-9655-54210659abe1","D02","POSE","POSE.AOS.S2","POSE.SS.20240416.FIL","A00000370884","2024-04-16T12:37Z","2024-04-16T12:37Z","Illinois State Water Survey Central Analytical Laboratory",510.0,0.00178,5,"2024-04-17","B",,
"40c9a9b2-5eda-468d-9128-75f57985a0d3","D02","POSE","POSE.AOS.S2","POSE.SS.20240416.FIL","A00000370884","2024-04-16T12:37Z","2024-04-16T12:37Z","Illinois State Water Survey Central Analytical Laboratory",244.0,0.05048,5,"2024-04-17","A",,
"637b2f4a-0944-4fe8-b384-bc9446b87c34","D02","POSE","POSE.AOS.S2","POSE.SS.20240416.FIL","A00000370884","2024-04-16T12:37Z","2024-04-16T12:37Z","Illinois State Water Survey Central Analytical Laboratory",246.0,0.04870,5,"2024-04-17","B",,
"b220a8e3-a85b-4af8-9e79-cdb651e5b2de","D02","POSE","POSE.AOS.S2","POSE.SS.20240416.FIL","A00000370884","2024-04-16T12:37Z","2024-04-16T12:37Z","Illinois State Water Survey Central Analytical Laboratory",224.0,0.08744,5,"2024-04-17","A",,
"b321e774-2c36-40e8-9e01-1751459188e8","D02","POSE","POSE.AOS.S2","POSE.SS.20240416.FIL","A00000370884","2024-04-16T12:37Z","2024-04-16T12:37Z","Illinois State Water Survey Central Analytical Laboratory",334.0,0.01626,5,"2024-04-17","B",,
"f475c930-055d-4d24-ab51-0bb51d93f5a9","D02","POSE","POSE.AOS.S2","POSE.SS.20240416.FIL","A00000370884","2024-04-16T12:37Z","2024-04-16T12:37Z","Illinois State Water Survey Central Analytical Laboratory",492.0,0.00214,5,"2024-04-17","B",,
"b5b0ee2b-cb6c-4794-a4dd-1654c8da7e7a","D02","POSE","POSE.AOS.S2","POSE.SS.20240416.FIL","A00000370884","2024-04-16T12:37Z","2024-04-16T12:37Z","Illinois State Water Survey Central Analytical Laboratory",538.0,0.00158,5,"2024-04-17","A",,
"37d34d4a-d361-4bf7-8170-668357c7e5d8","D02","POSE","POSE.AOS.S2","POSE.SS.20240416.FIL","A00000370884","2024-04-16T12:37Z","2024-04-16T12:37Z","Illinois State Water Survey Central Analytical Laboratory",470.0,0.00266,5,"2024-04-17","A",,
"f889ec32-b6b7-4bf6-bda7-171b60a33e8d","D02","POSE","POSE.AOS.S2","POSE.SS.20240416.FIL","A00000370884","2024-04-16T12:37Z","2024-04-16T12:37Z","Illinois State Water Survey Central Analytical Laboratory",384.0,0.00786,5,"2024-04-17","A",,
"acbdc754-b641-4a67-9c2d-d6b179ca00cb","D02","POSE","POSE.AOS.S2","POSE.SS.20240416.FIL","A00000370884","2024-04-16T12:37Z","2024-04-16T12:37Z","Illinois State Water Survey Central Analytical Laboratory",482.0,0.00242,5,"2024-04-17","A",,
"5f43e8f4-de68-48ed-a564-2b719facb87a","D02","POSE","POSE.AOS.S2","POSE.SS.20240416.FIL","A00000370884","2024-04-16T12:37Z","2024-04-16T12:37Z","Illinois State Water Survey Central Analytical Laboratory",416.0,0.00498,5,"2024-04-17","A",,
"cd001431-3c5e-4614-9bc7-08278bc2cac6","D02","POSE","POSE.AOS.S2","POSE.SS.20240416.FIL","A00000370884","2024-04-16T12:37Z","2024-04-16T12:37Z","Illinois State Water Survey Central Analytical Laboratory",386.0,0.00752,5,"2024-04-17","B",,
"070b4708-2642-437e-9d37-7b3a20b627e3","D02","POSE","POSE.AOS.S2","POSE.SS.20240416.FIL","A00000370884","2024-04-16T12:37Z","2024-04-16T12:37Z","Illinois State Water Survey Central Analytical Laboratory",298.0,0.02698,5,"2024-04-17","A",,
"4cd3ffcc-00b6-4d33-b9fa-aa43217eba25","D02","POSE","POSE.AOS.S2","POSE.SS.20240416.FIL","A00000370884","2024-04-16T12:37Z","2024-04-16T12:37Z","Illinois State Water Survey Central Analytical Laboratory",438.0,0.00380,5,"2024-04-17","B",,
"428e9f49-f6fe-4886-b0da-14bc70b25035","D02","POSE","POSE.AOS.S2","POSE.SS.20240416.FIL","A00000370884","2024-04-16T12:37Z","2024-04-16T12:37Z","Illinois State Water Survey Central Analytical Laboratory",488.0,0.00222,5,"2024-04-17","B",,
"5f175459-81f0-4b2d-9804-9f69de267e68","D02","POSE","POSE.AOS.S2","POSE.SS.20240416.FIL","A00000370884","2024-04-16T12:37Z","2024-04-16T12:37Z","Illinois State Water Survey Central Analytical Laboratory",324.0,0.01878,5,"2024-04-17","B",,
"a2b5d435-90af-45e2-8635-03fb0888628c","D02","POSE","POSE.AOS.S2","POSE.SS.20240416.FIL","A00000370884","2024-04-16T12:37Z","2024-04-16T12:37Z","Illinois State Water Survey Central Analytical Laboratory",302.0,0.02560,5,"2024-04-17","A",,
"1a021e02-0ee8-48f1-a651-5e77eef46bfa","D02","POSE","POSE.AOS.S2","POSE.SS.20240416.FIL","A00000370884","2024-04-16T12:37Z","2024-04-16T12:37Z","Illinois State Water Survey Central Analytical Laboratory",574.0,0.00114,5,"2024-04-17","B",,
"4fd75da1-ed52-4f85-bd9c-58470d56328c","D02","POSE","POSE.AOS.S2","POSE.SS.20240416.FIL","A00000370884","2024-04-16T12:37Z","2024-04-16T12:37Z","Illinois State Water Survey Central Analytical Laboratory",548.0,0.00146,5,"2024-04-17","A",,
"3138f62b-de5d-4fce-887c-9dfbe9782546","D02","POSE","POSE.AOS.S2","POSE.SS.20240416.FIL","A00000370884","2024-04-16T12:37Z","2024-04-16T12:37Z","Illinois State Water Survey Central Analytical Laboratory",490.0,0.00220,5,"2024-04-17","A",,
"37d05e6f-0766-465d-be5a-942dddf252ec","D02","POSE","POSE.AOS.S2","POSE.SS.20240416.FIL","A00000370884","2024-04-16T12:37Z","2024-04-16T12:37Z","Illinois State Water Survey Central Analytical Laboratory",308.0,0.02338,5,"2024-04-17","B",,
"a24fb813-63d1-4794-8d8c-236068399f2f","D02","POSE","POSE.AOS.S2","POSE.SS.20240416.FIL","A00000370884","2024-04-16T12:37Z","2024-04-16T12:37Z","Illinois State Water Survey Central Analytical Laboratory",288.0,0.03086,5,"2024-04-17","B",,
"17a3f0c2-c9f9-49d9-b1ef-0eea6b80a020","D02","POSE","POSE.AOS.S2","POSE.SS.20240416.FIL","A00000370884","2024-04-16T12:37Z","2024-04-16T12:37Z","Illinois State Water Survey Central Analytical Laboratory",594.0,0.00098,5,"2024-04-17","B",,
"d7b4db61-9ce6-4aa7-a7ef-1ef69fb111ee","D02","POSE","POSE.AOS.S2","POSE.SS.20240416.FIL","A00000370884","2024-04-16T12:37Z","2024-04-16T12:37Z","Illinois State Water Survey Central Analytical Laboratory",456.0,0.00302,5,"2024-04-17","A",,
"c0230ae8-880f-4a49-819b-ce1b1ef2ff81","D02","POSE","POSE.AOS.S2","POSE.SS.20240416.FIL","A00000370884","2024-04-16T12:37Z","2024-04-16T12:37Z","Illinois State Water Survey Central Analytical Laboratory",422.0,0.00470,5,"2024-04-17","A",,
"e5c41aa2-c8b2-49e1-b05d-ff7c9e8d6307","D02","POSE","POSE.AOS.S2","POSE.SS.20240416.FIL","A00000370884","2024-04-16T12:37Z","2024-04-16T12:37Z","Illinois State Water Survey Central Analytical Laboratory",532.0,0.00162,5,"2024-04-17","A",,
"c17140bf-957f-4844-813e-170e360980b0","D02","POSE","POSE.AOS.S2","POSE.SS.20240416.FIL","A00000370884","2024-04-16T12:37Z","2024-04-16T12:37Z","Illinois State Water Survey Central Analytical Laboratory",292.0,0.02932,5,"2024-04-17","A",,
"cafe9186-b7f9-4fac-9e6a-cd90010950d0","D02","POSE","POSE.AOS.S2","POSE.SS.20240416.FIL","A00000370884","2024-04-16T12:37Z","2024-04-16T12:37Z","Illinois State Water Survey Central Analytical Laboratory",584.0,0.00104,5,"2024-04-17","B",,
"b9b4466f-32a8-4520-8eb8-2188637bcde7","D02","POSE","POSE.AOS.S2","POSE.SS.20240416.FIL","A00000370884","2024-04-16T12:37Z","2024-04-16T12:37Z","Illinois State Water Survey Central Analytical Laboratory",310.0,0.02278,5,"2024-04-17","B",,
"b4367c3f-c5ad-4ff3-80b6-955af513c5c9","D02","POSE","POSE.AOS.S2","POSE.SS.20240416.FIL","A00000370884","2024-04-16T12:37Z","2024-04-16T12:37Z","Illinois State Water Survey Central Analytical Laboratory",282.0,0.03360,5,"2024-04-17","A",,
"a24cf669-aca8-4e04-b626-44985399c688","D02","POSE","POSE.AOS.S2","POSE.SS.20240416.FIL","A00000370884","2024-04-16T12:37Z","2024-04-16T12:37Z","Illinois State Water Survey Central Analytical Laboratory",524.0,0.00158,5,"2024-04-17","B",,
"6049f35d-76ef-4710-99aa-2d7bcfea6d0f","D02","POSE","POSE.AOS.S2","POSE.SS.20240416.FIL","A00000370884","2024-04-16T12:37Z","2024-04-16T12:37Z","Illinois State Water Survey Central Analytical Laboratory",410.0,0.00544,5,"2024-04-17","A",,
"fd4618de-01bc-485e-8481-fdd84abeba91","D02","POSE","POSE.AOS.S2","POSE.SS.20240416.FIL","A00000370884","2024-04-16T12:37Z","2024-04-16T12:37Z","Illinois State Water Survey Central Analytical Laboratory",496.0,0.00210,5,"2024-04-17","A",,
"2426b2b9-0d23-49ff-bd0d-72214411d7d7","D02","POSE","POSE.AOS.S2","POSE.SS.20240416.FIL","A00000370884","2024-04-16T12:37Z","2024-04-16T12:37Z","Illinois State Water Survey Central Analytical Laboratory",336.0,0.01592,5,"2024-04-17","A",,
"46bdb67c-43cd-484d-9b6a-d8a70d8c9c68","D02","POSE","POSE.AOS.S2","POSE.SS.20240416.FIL","A00000370884","2024-04-16T12:37Z","2024-04-16T12:37Z","Illinois State Water Survey Central Analytical Laboratory",310.0,0.02294,5,"2024-04-17","A",,
"b836bca2-845a-4c85-bb04-3fd47b03e879","D02","POSE","POSE.AOS.S2","POSE.SS.20240416.FIL","A00000370884","2024-04-16T12:37Z","2024-04-16T12:37Z","Illinois State Water Survey Central Analytical Laboratory",316.0,0.02116,5,"2024-04-17","A",,
"26c7caf7-10c5-476e-b3db-df521c10bb51","D02","POSE","POSE.AOS.S2","POSE.SS.20240416.FIL","A00000370884","2024-04-16T12:37Z","2024-04-16T12:37Z","Illinois State Water Survey Central Analytical Laboratory",368.0,0.00996,5,"2024-04-17","B",,
"685ebefc-5e23-4bd3-9db4-4df4557b9e1c","D02","POSE","POSE.AOS.S2","POSE.SS.20240416.FIL","A00000370884","2024-04-16T12:37Z","2024-04-16T12:37Z","Illinois State Water Survey Central Analytical Laboratory",530.0,0.00154,5,"2024-04-17","B",,
"6b5c28fb-56f2-46f8-a006-505510e44416","D02","POSE","POSE.AOS.S2","POSE.SS.20240416.FIL","A00000370884","2024-04-16T12:37Z","2024-04-16T12:37Z","Illinois State Water Survey Central Analytical Laboratory",404.0,0.00590,5,"2024-04-17","B",,
"74f94d3c-491d-485d-b462-508b9b280300","D02","POSE","POSE.AOS.S2","POSE.SS.20240416.FIL","A00000370884","2024-04-16T12:37Z","2024-04-16T12:37Z","Illinois State Water Survey Central Analytical Laboratory",530.0,0.00164,5,"2024-04-17","A",,
"8fdc6c9f-37fb-4117-bd39-5cfd645a3b7b","D02","POSE","POSE.AOS.S2","POSE.SS.20240416.FIL","A00000370884","2024-04-16T12:37Z","2024-04-16T12:37Z","Illinois State Water Survey Central Analytical Laboratory",314.0,0.02168,5,"2024-04-17","A",,
"3efab3c6-239d-4440-abfd-330d65a6b1df","D02","POSE","POSE.AOS.S2","POSE.SS.20240416.FIL","A00000370884","2024-04-16T12:37Z","2024-04-16T12:37Z","Illinois State Water Survey Central Analytical Laboratory",228.0,0.07372,5,"2024-04-17","A",,
"13c3c3b9-8622-4efa-9beb-e778faa1ad35","D02","POSE","POSE.AOS.S2","POSE.SS.20240416.FIL","A00000370884","2024-04-16T12:37Z","2024-04-16T12:37Z","Illinois State Water Survey Central Analytical Laboratory",542.0,0.00140,5,"2024-04-17","B",,
"e8a15bba-7bef-40d4-b800-1b41456a20fa","D02","POSE","POSE.AOS.S2","POSE.SS.20240416.FIL","A00000370884","2024-04-16T12:37Z","2024-04-16T12:37Z","Illinois State Water Survey Central Analytical Laboratory",396.0,0.00656,5,"2024-04-17","A",,
"21ff9017-b7cd-4acb-80f1-f61a1113d007","D02","POSE","POSE.AOS.S2","POSE.SS.20240416.FIL","A00000370884","2024-04-16T12:37Z","2024-04-16T12:37Z","Illinois State Water Survey Central Analytical Laboratory",518.0,0.00166,5,"2024-04-17","B",,
"774dbcc7-8c50-4363-9965-7f9f4b1463d8","D02","POSE","POSE.AOS.S2","POSE.SS.20240416.FIL","A00000370884","2024-04-16T12:37Z","2024-04-16T12:37Z","Illinois State Water Survey Central Analytical Laboratory",296.0,0.02768,5,"2024-04-17","A",,
"7037531c-4c1e-42c2-91f7-2742756fcaf3","D02","POSE","POSE.AOS.S2","POSE.SS.20240416.FIL","A00000370884","2024-04-16T12:37Z","2024-04-16T12:37Z","Illinois State Water Survey Central Analytical Laboratory",432.0,0.00410,5,"2024-04-17","A",,
"46e152fc-d263-4a22-854e-2f9545195e3b","D02","POSE","POSE.AOS.S2","POSE.SS.20240416.FIL","A00000370884","2024-04-16T12:37Z","2024-04-16T12:37Z","Illinois State Water Survey Central Analytical Laboratory",386.0,0.00762,5,"2024-04-17","A",,
"180165d6-7cf2-4352-a405-8cd6224b97ab","D02","POSE","POSE.AOS.S2","POSE.SS.20240416.FIL","A00000370884","2024-04-16T12:37Z","2024-04-16T12:37Z","Illinois State Water Survey Central Analytical Laboratory",534.0,0.00148,5,"2024-04-17","B",,
"7767e558-5f85-4824-9f35-0e75daa3fe45","D02","POSE","POSE.AOS.S2","POSE.SS.20240416.FIL","A00000370884","2024-04-16T12:37Z","2024-04-16T12:37Z","Illinois State Water Survey Central Analytical Laboratory",580.0,0.00106,5,"2024-04-17","B",,
"96044d0c-60fc-409f-bb1a-947af99ddbd3","D02","POSE","POSE.AOS.S2","POSE.SS.20240416.FIL","A00000370884","2024-04-16T12:37Z","2024-04-16T12:37Z","Illinois State Water Survey Central Analytical Laboratory",572.0,0.00134,5,"2024-04-17","A",,
"51ae903e-6417-4421-b5ca-718cabde56d7","D02","POSE","POSE.AOS.S2","POSE.SS.20240416.FIL","A00000370884","2024-04-16T12:37Z","2024-04-16T12:37Z","Illinois State Water Survey Central Analytical Laboratory",316.0,0.02102,5,"2024-04-17","B",,
"1782af69-8633-41d9-8321-8ab2024ac9b5","D02","POSE","POSE.AOS.S2","POSE.SS.20240416.FIL","A00000370884","2024-04-16T12:37Z","2024-04-16T12:37Z","Illinois State Water Survey Central Analytical Laboratory",414.0,0.00510,5,"2024-04-17","A",,
"9c39fcf3-d719-4e6c-8088-64eb6289da06","D02","POSE","POSE.AOS.S2","POSE.SS.20240416.FIL","A00000370884","2024-04-16T12:37Z","2024-04-16T12:37Z","Illinois State Water Survey Central Analytical Laboratory",390.0,0.00714,5,"2024-04-17","A",,
"0d6962ec-575e-467d-bb1d-11b00451f1c0","D02","POSE","POSE.AOS.S2","POSE.SS.20240416.FIL","A00000370884","2024-04-16T12:37Z","2024-04-16T12:37Z","Illinois State Water Survey Central Analytical Laboratory",466.0,0.00276,5,"2024-04-17","A",,
"4bcb44b4-787f-4ca7-8e2f-ef15d3a48a46","D02","POSE","POSE.AOS.S2","POSE.SS.20240416.FIL","A00000370884","2024-04-16T12:37Z","2024-04-16T12:37Z","Illinois State Water Survey Central Analytical Laboratory",578.0,0.00126,5,"2024-04-17","A",,
"37509ca4-682e-4833-8a6b-bdd9c67df97b","D02","POSE","POSE.AOS.S2","POSE.SS.20240416.FIL","A00000370884","2024-04-16T12:37Z","2024-04-16T12:37Z","Illinois State Water Survey Central Analytical Laboratory",400.0,0.00626,5,"2024-04-17","A",,
"bf4961ea-5205-43d0-a095-f18b5fce3604","D02","POSE","POSE.AOS.S2","POSE.SS.20240416.FIL","A00000370884","2024-04-16T12:37Z","2024-04-16T12:37Z","Illinois State Water Survey Central Analytical Laboratory",266.0,0.03980,5,"2024-04-17","B",,
"bc424ac1-9d0e-426b-bc33-01d89ab566de","D02","POSE","POSE.AOS.S2","POSE.SS.20240416.FIL","A00000370884","2024-04-16T12:37Z","2024-04-16T12:37Z","Illinois State Water Survey Central Analytical Laboratory",550.0,0.00138,5,"2024-04-17","B",,
"7a75dcf2-a43f-4e02-b344-174288d2af3f","D02","POSE","POSE.AOS.S2","POSE.SS.20240416.FIL","A00000370884","2024-04-16T12:37Z","2024-04-16T12:37Z","Illinois State Water Survey Central Analytical Laboratory",278.0,0.03528,5,"2024-04-17","A",,
"d987b602-1eb6-4e9a-8b87-f401997f20e2","D02","POSE","POSE.AOS.S2","POSE.SS.20240416.FIL","A00000370884","2024-04-16T12:37Z","2024-04-16T12:37Z","Illinois State Water Survey Central Analytical Laboratory",564.0,0.00140,5,"2024-04-17","A",,
"2e9c7ca9-8411-41e1-9ff1-67818586b80f","D02","POSE","POSE.AOS.S2","POSE.SS.20240416.FIL","A00000370884","2024-04-16T12:37Z","2024-04-16T12:37Z","Illinois State Water Survey Central Analytical Laboratory",240.0,0.05372,5,"2024-04-17","A",,
"bf56ab31-2a24-49da-8555-12b78871ccef","D02","POSE","POSE.AOS.S2","POSE.SS.20240416.FIL","A00000370884","2024-04-16T12:37Z","2024-04-16T12:37Z","Illinois State Water Survey Central Analytical Laboratory",234.0,0.06124,5,"2024-04-17","A",,
"f993e4f8-06ee-4cb2-8f88-1d63217c659c","D02","POSE","POSE.AOS.S2","POSE.SS.20240416.FIL","A00000370884","2024-04-16T12:37Z","2024-04-16T12:37Z","Illinois State Water Survey Central Analytical Laboratory",344.0,0.01420,5,"2024-04-17","A",,
"c56982c4-c489-4cc6-9362-8587be3eaea2","D02","POSE","POSE.AOS.S2","POSE.SS.20240416.FIL","A00000370884","2024-04-16T12:37Z","2024-04-16T12:37Z","Illinois State Water Survey Central Analytical Laboratory",454.0,0.00304,5,"2024-04-17","B",,
"c46fb8d3-9887-4999-90db-1e0799a097d4","D02","POSE","POSE.AOS.S2","POSE.SS.20240416.FIL","A00000370884","2024-04-16T12:37Z","2024-04-16T12:37Z","Illinois State Water Survey Central Analytical Laboratory",372.0,0.00934,5,"2024-04-17","B",,
"0759e3fb-9b81-43d9-85ca-85881a93b700","D02","POSE","POSE.AOS.S2","POSE.SS.20240416.FIL","A00000370884","2024-04-16T12:37Z","2024-04-16T12:37Z","Illinois State Water Survey Central Analytical Laboratory",568.0,0.00120,5,"2024-04-17","B",,
"5f8502ba-351a-4b12-9df9-93063bc56492","D02","POSE","POSE.AOS.S2","POSE.SS.20240416.FIL","A00000370884","2024-04-16T12:37Z","2024-04-16T12:37Z","Illinois State Water Survey Central Analytical Laboratory",446.0,0.00342,5,"2024-04-17","B",,
"82c40e91-06b7-4df1-a496-50aa8bf2fa79","D02","POSE","POSE.AOS.S2","POSE.SS.20240416.FIL","A00000370884","2024-04-16T12:37Z","2024-04-16T12:37Z","Illinois State Water Survey Central Analytical Laboratory",492.0,0.00224,5,"2024-04-17","A",,
"d63cdc38-0c73-4270-b55d-45e4a8300067","D02","POSE","POSE.AOS.S2","POSE.SS.20240416.FIL","A00000370884","2024-04-16T12:37Z","2024-04-16T12:37Z","Illinois State Water Survey Central Analytical Laboratory",268.0,0.03928,5,"2024-04-17","A",,
"087d156a-85a1-4beb-92f7-05431a78ab9a","D02","POSE","POSE.AOS.S2","POSE.SS.20240416.FIL","A00000370884","2024-04-16T12:37Z","2024-04-16T12:37Z","Illinois State Water Survey Central Analytical Laboratory",520.0,0.00168,5,"2024-04-17","A",,
"c55fb31a-e5cc-4b00-a473-71c23a4df204","D02","POSE","POSE.AOS.S2","POSE.SS.20240416.FIL","A00000370884","2024-04-16T12:37Z","2024-04-16T12:37Z","Illinois State Water Survey Central Analytical Laboratory",436.0,0.00392,5,"2024-04-17","A",,
"fed3eb26-82ef-41c1-bc54-8a5c2d42b631","D02","POSE","POSE.AOS.S2","POSE.SS.20240416.FIL","A00000370884","2024-04-16T12:37Z","2024-04-16T12:37Z","Illinois State Water Survey Central Analytical Laboratory",586.0,0.00118,5,"2024-04-17","A",,
"c6c98ee1-b353-4650-a1a3-5d19dc6aad9b","D02","POSE","POSE.AOS.S2","POSE.SS.20240416.FIL","A00000370884","2024-04-16T12:37Z","2024-04-16T12:37Z","Illinois State Water Survey Central Analytical Laboratory",374.0,0.00914,5,"2024-04-17","A",,
"326ac15f-0246-4b9b-937c-a590ea327ea6","D02","POSE","POSE.AOS.S2","POSE.SS.20240416.FIL","A00000370884","2024-04-16T12:37Z","2024-04-16T12:37Z","Illinois State Water Survey Central Analytical Laboratory",272.0,0.03748,5,"2024-04-17","B",,
"9ee15e39-af4c-44a6-9296-91e19f632a4d","D02","POSE","POSE.AOS.S2","POSE.SS.20240416.FIL","A00000370884","2024-04-16T12:37Z","2024-04-16T12:37Z","Illinois State Water Survey Central Analytical Laboratory",326.0,0.01828,5,"2024-04-17","B",,
"8a540263-f78c-4aba-9874-c099626fc58f","D02","POSE","POSE.AOS.S2","POSE.SS.20240416.FIL","A00000370884","2024-04-16T12:37Z","2024-04-16T12:37Z","Illinois State Water Survey Central Analytical Laboratory",242.0,0.05186,5,"2024-04-17","A",,
"2f46e058-854c-4024-ba16-104f878ed38b","D02","POSE","POSE.AOS.S2","POSE.SS.20240416.FIL","A00000370884","2024-04-16T12:37Z","2024-04-16T12:37Z","Illinois State Water Survey Central Analytical Laboratory",246.0,0.04892,5,"2024-04-17","A",,
"5bd6e56e-695b-45fb-815e-9373f330f2be","D02","POSE","POSE.AOS.S2","POSE.SS.20240416.FIL","A00000370884","2024-04-16T12:37Z","2024-04-16T12:37Z","Illinois State Water Survey Central Analytical Laboratory",562.0,0.00142,5,"2024-04-17","A",,
"5dc01a46-8135-4171-92ac-75bbc5fb8cff","D02","POSE","POSE.AOS.S2","POSE.SS.20240416.FIL","A00000370884","2024-04-16T12:37Z","2024-04-16T12:37Z","Illinois State Water Survey Central Analytical Laboratory",598.0,0.00102,5,"2024-04-17","B",,
"a0606c05-fb90-4dff-9977-0b1851987d7e","D02","POSE","POSE.AOS.S2","POSE.SS.20240416.FIL","A00000370884","2024-04-16T12:37Z","2024-04-16T12:37Z","Illinois State Water Survey Central Analytical Laboratory",532.0,0.00152,5,"2024-04-17","B",,
"667888ec-ed91-4f32-8541-a03ffab87de3","D02","POSE","POSE.AOS.S2","POSE.SS.20240416.FIL","A00000370884","2024-04-16T12:37Z","2024-04-16T12:37Z","Illinois State Water Survey Central Analytical Laboratory",460.0,0.00288,5,"2024-04-17","B",,
"d01b72b0-249d-4b0a-926f-b7a20927d116","D02","POSE","POSE.AOS.S2","POSE.SS.20240416.FIL","A00000370884","2024-04-16T12:37Z","2024-04-16T12:37Z","Illinois State Water Survey Central Analytical Laboratory",598.0,0.00116,5,"2024-04-17","A",,
"f5f47fbd-995e-4a59-978f-7d4ce70bc715","D02","POSE","POSE.AOS.S2","POSE.SS.20240416.FIL","A00000370884","2024-04-16T12:37Z","2024-04-16T12:37Z","Illinois State Water Survey Central Analytical Laboratory",262.0,0.04138,5,"2024-04-17","B",,
"3842f869-8110-4dd1-8bbd-899a1ea1fef3","D02","POSE","POSE.AOS.S2","POSE.SS.20240416.FIL","A00000370884","2024-04-16T12:37Z","2024-04-16T12:37Z","Illinois State Water Survey Central Analytical Laboratory",472.0,0.00252,5,"2024-04-17","B",,
"7431bdb3-5986-4e79-95b6-0dcf6ad7a64d","D02","POSE","POSE.AOS.S2","POSE.SS.20240416.FIL","A00000370884","2024-04-16T12:37Z","2024-04-16T12:37Z","Illinois State Water Survey Central Analytical Laboratory",354.0,0.01226,5,"2024-04-17","B",,
"2525ee0c-5e0c-4ca2-8c76-aa97cc64f003","D02","POSE","POSE.AOS.S2","POSE.SS.20240416.FIL","A00000370884","2024-04-16T12:37Z","2024-04-16T12:37Z","Illinois State Water Survey Central Analytical Laboratory",512.0,0.00180,5,"2024-04-17","A",,
"45dce02b-9c7c-48e6-bd58-314382114e74","D02","POSE","POSE.AOS.S2","POSE.SS.20240416.FIL","A00000370884","2024-04-16T12:37Z","2024-04-16T12:37Z","Illinois State Water Survey Central Analytical Laboratory",392.0,0.00696,5,"2024-04-17","B",,
"a5e46b75-f1d0-48cd-a87e-4792cf85bafe","D02","POSE","POSE.AOS.S2","POSE.SS.20240416.FIL","A00000370884","2024-04-16T12:37Z","2024-04-16T12:37Z","Illinois State Water Survey Central Analytical Laboratory",290.0,0.03018,5,"2024-04-17","A",,
"6c14e14e-c5e1-44e4-a171-6202820c5ace","D02","POSE","POSE.AOS.S2","POSE.SS.20240416.FIL","A00000370884","2024-04-16T12:37Z","2024-04-16T12:37Z","Illinois State Water Survey Central Analytical Laboratory",368.0,0.01004,5,"2024-04-17","A",,
"d916abea-b2d3-41a3-baf4-d11614a767a4","D02","POSE","POSE.AOS.S2","POSE.SS.20240416.FIL","A00000370884","2024-04-16T12:37Z","2024-04-16T12:37Z","Illinois State Water Survey Central Analytical Laboratory",488.0,0.00230,5,"2024-04-17","A",,
"da31bfcf-d4e9-4178-ace9-1c978ff91185","D02","POSE","POSE.AOS.S2","POSE.SS.20240416.FIL","A00000370884","2024-04-16T12:37Z","2024-04-16T12:37Z","Illinois State Water Survey Central Analytical Laboratory",226.0,0.07958,5,"2024-04-17","B",,
"b0585040-2a70-48c8-9650-ab1b14023cf6","D02","POSE","POSE.AOS.S2","POSE.SS.20240416.FIL","A00000370884","2024-04-16T12:37Z","2024-04-16T12:37Z","Illinois State Water Survey Central Analytical Laboratory",250.0,0.04680,5,"2024-04-17","A",,
"ac6a1348-fe4f-4754-8fb3-6eacadacfea7","D02","POSE","POSE.AOS.S2","POSE.SS.20240416.FIL","A00000370884","2024-04-16T12:37Z","2024-04-16T12:37Z","Illinois State Water Survey Central Analytical Laboratory",380.0,0.00834,5,"2024-04-17","A",,
"368af63f-db93-429d-9af9-5703ec33825f","D02","POSE","POSE.AOS.S2","POSE.SS.20240416.FIL","A00000370884","2024-04-16T12:37Z","2024-04-16T12:37Z","Illinois State Water Survey Central Analytical Laboratory",454.0,0.00312,5,"2024-04-17","A",,
"85ff2bee-d511-4cee-ad78-499464408579","D02","POSE","POSE.AOS.S2","POSE.SS.20240416.FIL","A00000370884","2024-04-16T12:37Z","2024-04-16T12:37Z","Illinois State Water Survey Central Analytical Laboratory",452.0,0.00312,5,"2024-04-17","B",,
"6986d9c6-83a8-4819-b0f4-31070a84e158","D02","POSE","POSE.AOS.S2","POSE.SS.20240416.FIL","A00000370884","2024-04-16T12:37Z","2024-04-16T12:37Z","Illinois State Water Survey Central Analytical Laboratory",582.0,0.00106,5,"2024-04-17","B",,
"7eaf3aba-0f78-4bb5-b06f-781fafde6418","D02","POSE","POSE.AOS.S2","POSE.SS.20240416.FIL","A00000370884","2024-04-16T12:37Z","2024-04-16T12:37Z","Illinois State Water Survey Central Analytical Laboratory",236.0,0.05826,5,"2024-04-17","A",,
"91d55f61-d2cb-44e5-89a1-6568520a9fbb","D02","POSE","POSE.AOS.S2","POSE.SS.20240416.FIL","A00000370884","2024-04-16T12:37Z","2024-04-16T12:37Z","Illinois State Water Survey Central Analytical Laboratory",500.0,0.00198,5,"2024-04-17","A",,
"6df55d0c-5b31-423f-a43e-a940c7c2200c","D02","POSE","POSE.AOS.S2","POSE.SS.20240416.FIL","A00000370884","2024-04-16T12:37Z","2024-04-16T12:37Z","Illinois State Water Survey Central Analytical Laboratory",436.0,0.00386,5,"2024-04-17","B",,
"970e984a-ce17-4be2-ac14-b6b5a385a09d","D02","POSE","POSE.AOS.S2","POSE.SS.20240416.FIL","A00000370884","2024-04-16T12:37Z","2024-04-16T12:37Z","Illinois State Water Survey Central Analytical Laboratory",268.0,0.03906,5,"2024-04-17","B",,
"6540a637-44c9-4830-80f4-c46bcc6903b2","D02","POSE","POSE.AOS.S2","POSE.SS.20240416.FIL","A00000370884","2024-04-16T12:37Z","2024-04-16T12:37Z","Illinois State Water Survey Central Analytical Laboratory",382.0,0.00800,5,"2024-04-17","B",,
"1ccdf237-a1af-4091-bae7-3f8e56d30c33","D02","POSE","POSE.AOS.S2","POSE.SS.20240416.FIL","A00000370884","2024-04-16T12:37Z","2024-04-16T12:37Z","Illinois State Water Survey Central Analytical Laboratory",312.0,0.02218,5,"2024-04-17","B",,
"2f2921c9-9106-4b1f-b7f3-7bbfa4ae2bc8","D02","POSE","POSE.AOS.S2","POSE.SS.20240416.FIL","A00000370884","2024-04-16T12:37Z","2024-04-16T12:37Z","Illinois State Water Survey Central Analytical Laboratory",414.0,0.00504,5,"2024-04-17","B",,
"0da24674-370d-40ea-a50a-e12518973467","D02","POSE","POSE.AOS.S2","POSE.SS.20240416.FIL","A00000370884","2024-04-16T12:37Z","2024-04-16T12:37Z","Illinois State Water Survey Central Analytical Laboratory",588.0,0.00120,5,"2024-04-17","A",,
"a54cb2ba-137d-461d-adb7-97e3f5610ac0","D02","POSE","POSE.AOS.S2","POSE.SS.20240416.FIL","A00000370884","2024-04-16T12:37Z","2024-04-16T12:37Z","Illinois State Water Survey Central Analytical Laboratory",460.0,0.00296,5,"2024-04-17","A",,
"3db92ded-4773-49b6-902d-cc0b4fc840ef","D02","POSE","POSE.AOS.S2","POSE.SS.20240416.FIL","A00000370884","2024-04-16T12:37Z","2024-04-16T12:37Z","Illinois State Water Survey Central Analytical Laboratory",394.0,0.00674,5,"2024-04-17","B",,
"01b8a18c-55c4-44de-9ce3-0b403df6d9d2","D02","POSE","POSE.AOS.S2","POSE.SS.20240416.FIL","A00000370884","2024-04-16T12:37Z","2024-04-16T12:37Z","Illinois State Water Survey Central Analytical Laboratory",286.0,0.03192,5,"2024-04-17","A",,
"986c534b-7a0c-4665-8ecc-b1f345784997","D02","POSE","POSE.AOS.S2","POSE.SS.20240416.FIL","A00000370884","2024-04-16T12:37Z","2024-04-16T12:37Z","Illinois State Water Survey Central Analytical Laboratory",288.0,0.03104,5,"2024-04-17","A",,
"8f6878da-b6e7-4a0f-b2a9-18a66a880cf7","D02","POSE","POSE.AOS.S2","POSE.SS.20240416.FIL","A00000370884","2024-04-16T12:37Z","2024-04-16T12:37Z","Illinois State Water Survey Central Analytical Laboratory",304.0,0.02492,5,"2024-04-17","A",,
"4dbf8000-8884-438f-93c6-dab161b5ac71","D02","POSE","POSE.AOS.S2","POSE.SS.20240416.FIL","A00000370884","2024-04-16T12:37Z","2024-04-16T12:37Z","Illinois State Water Survey Central Analytical Laboratory",240.0,0.05350,5,"2024-04-17","B",,
"03abbfe6-29d7-441b-94a7-ae5f1fa338d0","D02","POSE","POSE.AOS.S2","POSE.SS.20240416.FIL","A00000370884","2024-04-16T12:37Z","2024-04-16T12:37Z","Illinois State Water Survey Central Analytical Laboratory",270.0,0.03840,5,"2024-04-17","A",,
"80a4e0cb-a350-4e72-a8b4-5ff88eec9b72","D02","POSE","POSE.AOS.S2","POSE.SS.20240416.FIL","A00000370884","2024-04-16T12:37Z","2024-04-16T12:37Z","Illinois State Water Survey Central Analytical Laboratory",486.0,0.00236,5,"2024-04-17","A",,
"fbaeacb4-072e-49b5-9393-a7045a6c5661","D02","POSE","POSE.AOS.S2","POSE.SS.20240416.FIL","A00000370884","2024-04-16T12:37Z","2024-04-16T12:37Z","Illinois State Water Survey Central Analytical Laboratory",496.0,0.00198,5,"2024-04-17","B",,
"58d5c5aa-5e47-487d-992c-fe11f7628c43","D02","POSE","POSE.AOS.S2","POSE.SS.20240416.FIL","A00000370884","2024-04-16T12:37Z","2024-04-16T12:37Z","Illinois State Water Survey Central Analytical Laboratory",294.0,0.02830,5,"2024-04-17","B",,
"1b0cb841-6a22-428c-86c9-1276c1a10122","D02","POSE","POSE.AOS.S2","POSE.SS.20240416.FIL","A00000370884","2024-04-16T12:37Z","2024-04-16T12:37Z","Illinois State Water Survey Central Analytical Laboratory",540.0,0.00142,5,"2024-04-17","B",,
"0ae4de38-2be5-4106-9c66-7d66f818f3d8","D02","POSE","POSE.AOS.S2","POSE.SS.20240416.FIL","A00000370884","2024-04-16T12:37Z","2024-04-16T12:37Z","Illinois State Water Survey Central Analytical Laboratory",484.0,0.00240,5,"2024-04-17","A",,
"40d05d79-99dc-4418-88b6-a5b0b0964014","D02","POSE","POSE.AOS.S2","POSE.SS.20240416.FIL","A00000370884","2024-04-16T12:37Z","2024-04-16T12:37Z","Illinois State Water Survey Central Analytical Laboratory",534.0,0.00158,5,"2024-04-17","A",,
"c2be73fb-9033-4485-a696-00abd0353ba5","D02","POSE","POSE.AOS.S2","POSE.SS.20240416.FIL","A00000370884","2024-04-16T12:37Z","2024-04-16T12:37Z","Illinois State Water Survey Central Analytical Laboratory",596.0,0.00106,5,"2024-04-17","B",,
"c4f34fc6-90e3-4da1-bb48-c4f4b65a0a68","D02","POSE","POSE.AOS.S2","POSE.SS.20240416.FIL","A00000370884","2024-04-16T12:37Z","2024-04-16T12:37Z","Illinois State Water Survey Central Analytical Laboratory",364.0,0.01066,5,"2024-04-17","B",,
"a6422a2a-735b-450c-8c5b-e2b26fe97af1","D02","POSE","POSE.AOS.S2","POSE.SS.20240416.FIL","A00000370884","2024-04-16T12:37Z","2024-04-16T12:37Z","Illinois State Water Survey Central Analytical Laboratory",406.0,0.00574,5,"2024-04-17","B",,
"4446d929-f7ee-4c49-85d5-abb5abf851a6","D02","POSE","POSE.AOS.S2","POSE.SS.20240416.FIL","A00000370884","2024-04-16T12:37Z","2024-04-16T12:37Z","Illinois State Water Survey Central Analytical Laboratory",260.0,0.04218,5,"2024-04-17","B",,
"a08bc823-e473-497e-96fe-f76d265865d8","D02","POSE","POSE.AOS.S2","POSE.SS.20240416.FIL","A00000370884","2024-04-16T12:37Z","2024-04-16T12:37Z","Illinois State Water Survey Central Analytical Laboratory",294.0,0.02846,5,"2024-04-17","A",,
"d4eda9d9-fe3b-425b-9bea-4ceb5517936f","D02","POSE","POSE.AOS.S2","POSE.SS.20240416.FIL","A00000370884","2024-04-16T12:37Z","2024-04-16T12:37Z","Illinois State Water Survey Central Analytical Laboratory",560.0,0.00126,5,"2024-04-17","B",,
"934341ba-593d-4c7d-90ec-54cc89060ed8","D02","POSE","POSE.AOS.S2","POSE.SS.20240416.FIL","A00000370884","2024-04-16T12:37Z","2024-04-16T12:37Z","Illinois State Water Survey Central Analytical Laboratory",352.0,0.01266,5,"2024-04-17","A",,
"5ea38469-dab1-4079-871f-6cab464655f6","D02","POSE","POSE.AOS.S2","POSE.SS.20240416.FIL","A00000370884","2024-04-16T12:37Z","2024-04-16T12:37Z","Illinois State Water Survey Central Analytical Laboratory",416.0,0.00492,5,"2024-04-17","B",,
"3a94e6d0-7324-49de-8e0b-e26ce61e637a","D02","POSE","POSE.AOS.S2","POSE.SS.20240416.FIL","A00000370884","2024-04-16T12:37Z","2024-04-16T12:37Z","Illinois State Water Survey Central Analytical Laboratory",540.0,0.00154,5,"2024-04-17","A",,
"c4cdeee0-d4bc-4441-9c7c-0c97ac823757","D02","POSE","POSE.AOS.S2","POSE.SS.20240416.FIL","A00000370884","2024-04-16T12:37Z","2024-04-16T12:37Z","Illinois State Water Survey Central Analytical Laboratory",400.0,0.00618,5,"2024-04-17","B",,
"b7d24153-59d5-459e-9c2b-3fb4ab151707","D02","POSE","POSE.AOS.S2","POSE.SS.20240416.FIL","A00000370884","2024-04-16T12:37Z","2024-04-16T12:37Z","Illinois State Water Survey Central Analytical Laboratory",556.0,0.00148,5,"2024-04-17","A",,
"3b27753c-467e-4219-b6a4-eb866c9cf0eb","D02","POSE","POSE.AOS.S2","POSE.SS.20240416.FIL","A00000370884","2024-04-16T12:37Z","2024-04-16T12:37Z","Illinois State Water Survey Central Analytical Laboratory",362.0,0.01092,5,"2024-04-17","B",,
"a26eae32-10d6-422a-9da9-ccddf28686dd","D02","POSE","POSE.AOS.S2","POSE.SS.20240416.FIL","A00000370884","2024-04-16T12:37Z","2024-04-16T12:37Z","Illinois State Water Survey Central Analytical Laboratory",234.0,0.06096,5,"2024-04-17","B",,
"fa7929bb-319a-42e5-b40d-1019d05b38d3","D02","POSE","POSE.AOS.S2","POSE.SS.20240416.FIL","A00000370884","2024-04-16T12:37Z","2024-04-16T12:37Z","Illinois State Water Survey Central Analytical Laboratory",284.0,0.03274,5,"2024-04-17","A",,
"513174e3-25ed-40ff-b22a-7baea7a47518","D02","POSE","POSE.AOS.S2","POSE.SS.20240416.FIL","A00000370884","2024-04-16T12:37Z","2024-04-16T12:37Z","Illinois State Water Survey Central Analytical Laboratory",406.0,0.00580,5,"2024-04-17","A",,
"06d85e21-7d80-473b-b457-efa785cd5aa1","D02","POSE","POSE.AOS.S2","POSE.SS.20240416.FIL","A00000370884","2024-04-16T12:37Z","2024-04-16T12:37Z","Illinois State Water Survey Central Analytical Laboratory",274.0,0.03688,5,"2024-04-17","A",,
"f1d07f1f-08c1-4729-a0aa-a3267aaeb97f","D02","POSE","POSE.AOS.S2","POSE.SS.20240416.FIL","A00000370884","2024-04-16T12:37Z","2024-04-16T12:37Z","Illinois State Water Survey Central Analytical Laboratory",258.0,0.04294,5,"2024-04-17","B",,
"4e25d54f-1b41-41a4-ade7-ac6a681e06fc","D02","POSE","POSE.AOS.S2","POSE.SS.20240416.FIL","A00000370884","2024-04-16T12:37Z","2024-04-16T12:37Z","Illinois State Water Survey Central Analytical Laboratory",336.0,0.01580,5,"2024-04-17","B",,
"228e8e61-081c-4be7-a7a0-bc12a3be586f","D02","POSE","POSE.AOS.S2","POSE.SS.20240416.FIL","A00000370884","2024-04-16T12:37Z","2024-04-16T12:37Z","Illinois State Water Survey Central Analytical Laboratory",544.0,0.00154,5,"2024-04-17","A",,
"d0cda322-df95-4a12-bcce-4e709889d737","D02","POSE","POSE.AOS.S2","POSE.SS.20240416.FIL","A00000370884","2024-04-16T12:37Z","2024-04-16T12:37Z","Illinois State Water Survey Central Analytical Laboratory",340.0,0.01494,5,"2024-04-17","B",,
"016f6906-7e7b-4e9b-9ec9-90547efe022a","D02","POSE","POSE.AOS.S2","POSE.SS.20240416.FIL","A00000370884","2024-04-16T12:37Z","2024-04-16T12:37Z","Illinois State Water Survey Central Analytical Laboratory",446.0,0.00346,5,"2024-04-17","A",,
"df242e13-c40e-43d7-8a8f-a7a93ed94fbe","D02","POSE","POSE.AOS.S2","POSE.SS.20240416.FIL","A00000370884","2024-04-16T12:37Z","2024-04-16T12:37Z","Illinois State Water Survey Central Analytical Laboratory",576.0,0.00116,5,"2024-04-17","B",,
"a7941839-776a-452c-b320-fde2e5cb432c","D02","POSE","POSE.AOS.S2","POSE.SS.20240416.FIL","A00000370884","2024-04-16T12:37Z","2024-04-16T12:37Z","Illinois State Water Survey Central Analytical Laboratory",574.0,0.00134,5,"2024-04-17","A",,
"984c93d5-667e-4155-9dac-9ec008ff1bc7","D02","POSE","POSE.AOS.S2","POSE.SS.20240416.FIL","A00000370884","2024-04-16T12:37Z","2024-04-16T12:37Z","Illinois State Water Survey Central Analytical Laboratory",264.0,0.04058,5,"2024-04-17","B",,
"8b82f0fa-c58e-4bc5-be1c-65895d6c4169","D02","POSE","POSE.AOS.S2","POSE.SS.20240416.FIL","A00000370884","2024-04-16T12:37Z","2024-04-16T12:37Z","Illinois State Water Survey Central Analytical Laboratory",442.0,0.00374,5,"2024-04-17","A",,
"0d38076d-6727-44dd-a7ee-ab249d369d3f","D02","POSE","POSE.AOS.S2","POSE.SS.20240416.FIL","A00000370884","2024-04-16T12:37Z","2024-04-16T12:37Z","Illinois State Water Survey Central Analytical Laboratory",356.0,0.01208,5,"2024-04-17","A",,
"1bc6c868-3208-499e-ac10-fb4be08dc15b","D02","POSE","POSE.AOS.S2","POSE.SS.20240416.FIL","A00000370884","2024-04-16T12:37Z","2024-04-16T12:37Z","Illinois State Water Survey Central Analytical Laboratory",362.0,0.01102,5,"2024-04-17","A",,
"4bf80aae-aa21-4110-a3b7-f7db8cdf4b23","D02","POSE","POSE.AOS.S2","POSE.SS.20240416.FIL","A00000370884","2024-04-16T12:37Z","2024-04-16T12:37Z","Illinois State Water Survey Central Analytical Laboratory",426.0,0.00450,5,"2024-04-17","A",,
"c1197fb5-3ce2-45a0-ae8e-341eece75161","D02","POSE","POSE.AOS.S2","POSE.SS.20240416.FIL","A00000370884","2024-04-16T12:37Z","2024-04-16T12:37Z","Illinois State Water Survey Central Analytical Laboratory",502.0,0.00194,5,"2024-04-17","A",,
"f9afa65b-4580-48fc-97e8-bffbb2eb9c9c","D02","POSE","POSE.AOS.S2","POSE.SS.20240416.FIL","A00000370884","2024-04-16T12:37Z","2024-04-16T12:37Z","Illinois State Water Survey Central Analytical Laboratory",270.0,0.03818,5,"2024-04-17","B",,
"00f468e1-fbbf-4247-ba58-c89cd1034eea","D02","POSE","POSE.AOS.S2","POSE.SS.20240416.FIL","A00000370884","2024-04-16T12:37Z","2024-04-16T12:37Z","Illinois State Water Survey Central Analytical Laboratory",462.0,0.00290,5,"2024-04-17","A",,
"a2ec0583-dd9c-4f73-8b35-5e190a5e2a3c","D02","POSE","POSE.AOS.S2","POSE.SS.20240416.FIL","A00000370884","2024-04-16T12:37Z","2024-04-16T12:37Z","Illinois State Water Survey Central Analytical Laboratory",332.0,0.01670,5,"2024-04-17","B",,
"fe5d7f48-9345-4303-a17b-b6ada58669b7","D02","POSE","POSE.AOS.S2","POSE.SS.20240416.FIL","A00000370884","2024-04-16T12:37Z","2024-04-16T12:37Z","Illinois State Water Survey Central Analytical Laboratory",230.0,0.06910,5,"2024-04-17","B",,
"e7da4695-d28a-45d9-8e61-cd1f45bacad5","D02","POSE","POSE.AOS.S2","POSE.SS.20240416.FIL","A00000370884","2024-04-16T12:37Z","2024-04-16T12:37Z","Illinois State Water Survey Central Analytical Laboratory",528.0,0.00160,5,"2024-04-17","B",,
"1bb5fcdc-1ac5-43c5-8595-0c6f182b6cc2","D02","POSE","POSE.AOS.S2","POSE.SS.20240416.FIL","A00000370884","2024-04-16T12:37Z","2024-04-16T12:37Z","Illinois State Water Survey Central Analytical Laboratory",558.0,0.00122,5,"2024-04-17","B",,
"1a9d7a1a-11df-4022-8b45-cbccc7e44b39","D02","POSE","POSE.AOS.S2","POSE.SS.20240416.FIL","A00000370884","2024-04-16T12:37Z","2024-04-16T12:37Z","Illinois State Water Survey Central Analytical Laboratory",542.0,0.00152,5,"2024-04-17","A",,
"6f005173-54ab-4ddf-aefb-f45c643fd406","D02","POSE","POSE.AOS.S2","POSE.SS.20240416.FIL","A00000370884","2024-04-16T12:37Z","2024-04-16T12:37Z","Illinois State Water Survey Central Analytical Laboratory",526.0,0.00158,5,"2024-04-17","B",,
"ff36c89f-1b20-4ce3-9849-9505fbfd2d1f","D02","POSE","POSE.AOS.S2","POSE.SS.20240416.FIL","A00000370884","2024-04-16T12:37Z","2024-04-16T12:37Z","Illinois State Water Survey Central Analytical Laboratory",584.0,0.00124,5,"2024-04-17","A",,
"f4e4aacb-c3f6-48ab-97c2-1833d10c2c91","D02","POSE","POSE.AOS.S2","POSE.SS.20240416.FIL","A00000370884","2024-04-16T12:37Z","2024-04-16T12:37Z","Illinois State Water Survey Central Analytical Laboratory",422.0,0.00462,5,"2024-04-17","B",,
"bd36432e-9558-4f37-b738-310b4136d1c1","D02","POSE","POSE.AOS.S2","POSE.SS.20240416.FIL","A00000370884","2024-04-16T12:37Z","2024-04-16T12:37Z","Illinois State Water Survey Central Analytical Laboratory",230.0,0.06942,5,"2024-04-17","A",,
"d8cd7d45-de66-4415-8cf8-b5821e01b62c","D02","POSE","POSE.AOS.S2","POSE.SS.20240416.FIL","A00000370884","2024-04-16T12:37Z","2024-04-16T12:37Z","Illinois State Water Survey Central Analytical Laboratory",248.0,0.04762,5,"2024-04-17","B",,
"2fb410d5-95a2-4f23-83b4-bb9a8bdd14c3","D02","POSE","POSE.AOS.S2","POSE.SS.20240416.FIL","A00000370884","2024-04-16T12:37Z","2024-04-16T12:37Z","Illinois State Water Survey Central Analytical Laboratory",274.0,0.03666,5,"2024-04-17","B",,
"35e15134-369d-4839-9cb0-b4dba095b272","D02","POSE","POSE.AOS.S2","POSE.SS.20240416.FIL","A00000370884","2024-04-16T12:37Z","2024-04-16T12:37Z","Illinois State Water Survey Central Analytical Laboratory",482.0,0.00230,5,"2024-04-17","B",,
"00b6c237-7829-4f45-ae11-7f4eeae50cc4","D02","POSE","POSE.AOS.S2","POSE.SS.20240416.FIL","A00000370884","2024-04-16T12:37Z","2024-04-16T12:37Z","Illinois State Water Survey Central Analytical Laboratory",332.0,0.01682,5,"2024-04-17","A",,
"09d219ab-f5e5-4117-97e3-0b724f3e1314","D02","POSE","POSE.AOS.S2","POSE.SS.20240416.FIL","A00000370884","2024-04-16T12:37Z","2024-04-16T12:37Z","Illinois State Water Survey Central Analytical Laboratory",478.0,0.00236,5,"2024-04-17","B",,
"426da48a-41b4-47c8-b943-37a3f49149a8","D02","POSE","POSE.AOS.S2","POSE.SS.20240416.FIL","A00000370884","2024-04-16T12:37Z","2024-04-16T12:37Z","Illinois State Water Survey Central Analytical Laboratory",302.0,0.02542,5,"2024-04-17","B",,
"ef9cb791-cc1a-4b9b-85f3-1f4d2aaa21f5","D02","POSE","POSE.AOS.S2","POSE.SS.20240416.FIL","A00000370884","2024-04-16T12:37Z","2024-04-16T12:37Z","Illinois State Water Survey Central Analytical Laboratory",470.0,0.00256,5,"2024-04-17","B",,
"4294b035-10ef-4b27-9217-6b3f18b4b8e1","D02","POSE","POSE.AOS.S2","POSE.SS.20240416.FIL","A00000370884","2024-04-16T12:37Z","2024-04-16T12:37Z","Illinois State Water Survey Central Analytical Laboratory",502.0,0.00186,5,"2024-04-17","B",,
"2cf62f9d-95cc-46b5-b0a5-5c020cb168f4","D02","POSE","POSE.AOS.S2","POSE.SS.20240416.FIL","A00000370884","2024-04-16T12:37Z","2024-04-16T12:37Z","Illinois State Water Survey Central Analytical Laboratory",536.0,0.00160,5,"2024-04-17","A",,
"6867958e-e25a-4bc1-97ef-627468eb6c65","D02","POSE","POSE.AOS.S2","POSE.SS.20240416.FIL","A00000370884","2024-04-16T12:37Z","2024-04-16T12:37Z","Illinois State Water Survey Central Analytical Laboratory",404.0,0.00596,5,"2024-04-17","A",,
"0dc73002-ebc7-4702-8673-22b6ae2be58c","D02","POSE","POSE.AOS.S2","POSE.SS.20240416.FIL","A00000370884","2024-04-16T12:37Z","2024-04-16T12:37Z","Illinois State Water Survey Central Analytical Laboratory",378.0,0.00876,5,"2024-04-17","A",,
"f203cf85-21a8-44a7-a909-a8c49f744d39","D02","POSE","POSE.AOS.S2","POSE.SS.20240416.FIL","A00000370884","2024-04-16T12:37Z","2024-04-16T12:37Z","Illinois State Water Survey Central Analytical Laboratory",390.0,0.00708,5,"2024-04-17","B",,
"ddcab78f-f789-4cc1-8205-15a6d410ef36","D02","POSE","POSE.AOS.S2","POSE.SS.20240416.FIL","A00000370884","2024-04-16T12:37Z","2024-04-16T12:37Z","Illinois State Water Survey Central Analytical Laboratory",330.0,0.01722,5,"2024-04-17","B",,
"3ad084a7-7127-4f0f-a48e-62bb10efd6c3","D02","POSE","POSE.AOS.S2","POSE.SS.20240416.FIL","A00000370884","2024-04-16T12:37Z","2024-04-16T12:37Z","Illinois State Water Survey Central Analytical Laboratory",546.0,0.00146,5,"2024-04-17","A",,
"48dcc604-8956-4c00-a40b-ac950c772690","D02","POSE","POSE.AOS.S2","POSE.SS.20240416.FIL","A00000370884","2024-04-16T12:37Z","2024-04-16T12:37Z","Illinois State Water Survey Central Analytical Laboratory",458.0,0.00300,5,"2024-04-17","A",,
"72967c75-8741-4283-b075-a0f3cdd84e07","D02","POSE","POSE.AOS.S2","POSE.SS.20240416.FIL","A00000370884","2024-04-16T12:37Z","2024-04-16T12:37Z","Illinois State Water Survey Central Analytical Laboratory",526.0,0.00166,5,"2024-04-17","A",,
"5d0889b3-0337-4108-84c1-bb3c8b102733","D02","POSE","POSE.AOS.S2","POSE.SS.20240416.FIL","A00000370884","2024-04-16T12:37Z","2024-04-16T12:37Z","Illinois State Water Survey Central Analytical Laboratory",572.0,0.00118,5,"2024-04-17","B",,
"50be3983-d724-4bcc-954d-8318ff663fb5","D02","POSE","POSE.AOS.S2","POSE.SS.20240416.FIL","A00000370884","2024-04-16T12:37Z","2024-04-16T12:37Z","Illinois State Water Survey Central Analytical Laboratory",382.0,0.00808,5,"2024-04-17","A",,
"2bf25081-35f4-4adb-bfcd-0339ae8af1df","D02","POSE","POSE.AOS.S2","POSE.SS.20240416.FIL","A00000370884","2024-04-16T12:37Z","2024-04-16T12:37Z","Illinois State Water Survey Central Analytical Laboratory",292.0,0.02914,5,"2024-04-17","B",,
"3772c527-f498-46ea-89eb-7d458506c087","D02","POSE","POSE.AOS.S2","POSE.SS.20240416.FIL","A00000370884","2024-04-16T12:37Z","2024-04-16T12:37Z","Illinois State Water Survey Central Analytical Laboratory",314.0,0.02154,5,"2024-04-17","B",,
"cd0c7478-5b95-4fc7-8c70-08a9026663ac","D02","POSE","POSE.AOS.S2","POSE.SS.20240416.FIL","A00000370884","2024-04-16T12:37Z","2024-04-16T12:37Z","Illinois State Water Survey Central Analytical Laboratory",244.0,0.05028,5,"2024-04-17","B",,
"36a9716e-7b2a-4b2e-ad72-2c2d62abc901","D02","POSE","POSE.AOS.S2","POSE.SS.20240416.FIL","A00000370884","2024-04-16T12:37Z","2024-04-16T12:37Z","Illinois State Water Survey Central Analytical Laboratory",500.0,0.00190,5,"2024-04-17","B",,
"f0c61df1-b2c1-412d-b15d-3f9715d9e613","D02","POSE","POSE.AOS.S2","POSE.SS.20240416.FIL","A00000370884","2024-04-16T12:37Z","2024-04-16T12:37Z","Illinois State Water Survey Central Analytical Laboratory",498.0,0.00194,5,"2024-04-17","B",,
"d5e31ef2-36ce-4c85-bc08-4d10f4beeba2","D02","POSE","POSE.AOS.S2","POSE.SS.20240416.FIL","A00000370884","2024-04-16T12:37Z","2024-04-16T12:37Z","Illinois State Water Survey Central Analytical Laboratory",372.0,0.00944,5,"2024-04-17","A",,
"4e18c272-2676-4788-979a-438521b1b178","D02","POSE","POSE.AOS.S2","POSE.SS.20240416.FIL","A00000370884","2024-04-16T12:37Z","2024-04-16T12:37Z","Illinois State Water Survey Central Analytical Laboratory",276.0,0.03608,5,"2024-04-17","A",,
"b3b76f76-04b0-41ac-92f5-1fef8ccdbdd3","D02","POSE","POSE.AOS.S2","POSE.SS.20240416.FIL","A00000370884","2024-04-16T12:37Z","2024-04-16T12:37Z","Illinois State Water Survey Central Analytical Laboratory",586.0,0.00100,5,"2024-04-17","B",,
"669f47fe-8105-434e-bbd4-3338d0fee1bc","D02","POSE","POSE.AOS.S2","POSE.SS.20240416.FIL","A00000370884","2024-04-16T12:37Z","2024-04-16T12:37Z","Illinois State Water Survey Central Analytical Laboratory",570.0,0.00122,5,"2024-04-17","B",,
"1556a5eb-2f0f-472e-a081-b944c1dd2b6a","D02","POSE","POSE.AOS.S2","POSE.SS.20240416.FIL","A00000370884","2024-04-16T12:37Z","2024-04-16T12:37Z","Illinois State Water Survey Central Analytical Laboratory",328.0,0.01784,5,"2024-04-17","A",,
"57402390-b6b8-408e-9ac1-ce5cac244157","D02","POSE","POSE.AOS.S2","POSE.SS.20240416.FIL","A00000370884","2024-04-16T12:37Z","2024-04-16T12:37Z","Illinois State Water Survey Central Analytical Laboratory",596.0,0.00114,5,"2024-04-17","A",,
"9ef83c2b-4223-4e5b-a481-02efb3acd1f0","D02","POSE","POSE.AOS.S2","POSE.SS.20240416.FIL","A00000370884","2024-04-16T12:37Z","2024-04-16T12:37Z","Illinois State Water Survey Central Analytical Laboratory",562.0,0.00130,5,"2024-04-17","B",,
"56957a9e-a32f-4811-af41-20347e1c7e3e","D02","POSE","POSE.AOS.S2","POSE.SS.20240416.FIL","A00000370884","2024-04-16T12:37Z","2024-04-16T12:37Z","Illinois State Water Survey Central Analytical Laboratory",366.0,0.01034,5,"2024-04-17","A",,
"23a93a26-c2d9-4314-82ed-fe9dd9a1d695","D02","POSE","POSE.AOS.S2","POSE.SS.20240416.FIL","A00000370884","2024-04-16T12:37Z","2024-04-16T12:37Z","Illinois State Water Survey Central Analytical Laboratory",486.0,0.00226,5,"2024-04-17","B",,
"e609d78f-6900-4775-8163-86951ffa2210","D02","POSE","POSE.AOS.S2","POSE.SS.20240416.FIL","A00000370884","2024-04-16T12:37Z","2024-04-16T12:37Z","Illinois State Water Survey Central Analytical Laboratory",536.0,0.00146,5,"2024-04-17","B",,
"8fea1b1e-183b-41d8-b47e-c758b34da281","D02","POSE","POSE.AOS.S2","POSE.SS.20240416.FIL","A00000370884","2024-04-16T12:37Z","2024-04-16T12:37Z","Illinois State Water Survey Central Analytical Laboratory",558.0,0.00144,5,"2024-04-17","A",,
"c9b53e4a-5b3d-4692-befa-005512cac039","D02","POSE","POSE.AOS.S2","POSE.SS.20240416.FIL","A00000370884","2024-04-16T12:37Z","2024-04-16T12:37Z","Illinois State Water Survey Central Analytical Laboratory",474.0,0.00248,5,"2024-04-17","B",,
"e65eac58-d9f6-44a7-b76f-24f2b9da33e9","D02","POSE","POSE.AOS.S2","POSE.SS.20240416.FIL","A00000370884","2024-04-16T12:37Z","2024-04-16T12:37Z","Illinois State Water Survey Central Analytical Laboratory",278.0,0.03508,5,"2024-04-17","B",,
"3c7e9b24-685b-466b-99c1-d149f72a9976","D02","POSE","POSE.AOS.S2","POSE.SS.20240416.FIL","A00000370884","2024-04-16T12:37Z","2024-04-16T12:37Z","Illinois State Water Survey Central Analytical Laboratory",318.0,0.02058,5,"2024-04-17","A",,
"eccf767a-6a50-44ef-806e-5d1ebc323070","D02","POSE","POSE.AOS.S2","POSE.SS.20240416.FIL","A00000370884","2024-04-16T12:37Z","2024-04-16T12:37Z","Illinois State Water Survey Central Analytical Laboratory",378.0,0.00864,5,"2024-04-17","B",,
"82263974-e619-4ed8-9b1b-74b70b494dc4","D02","POSE","POSE.AOS.S2","POSE.SS.20240416.FIL","A00000370884","2024-04-16T12:37Z","2024-04-16T12:37Z","Illinois State Water Survey Central Analytical Laboratory",552.0,0.00132,5,"2024-04-17","B",,
"1adce49b-a0f0-46c4-b084-9fba53df151c","D02","POSE","POSE.AOS.S2","POSE.SS.20240416.FIL","A00000370884","2024-04-16T12:37Z","2024-04-16T12:37Z","Illinois State Water Survey Central Analytical Laboratory",248.0,0.04782,5,"2024-04-17","A",,
"785c62f0-b827-41c5-b1e8-92827e3c25c2","D02","POSE","POSE.AOS.S2","POSE.SS.20240416.FIL","A00000370884","2024-04-16T12:37Z","2024-04-16T12:37Z","Illinois State Water Survey Central Analytical Laboratory",520.0,0.00162,5,"2024-04-17","B",,
"314c1349-3cee-49d8-8990-9815b55288ac","D02","POSE","POSE.AOS.S2","POSE.SS.20240416.FIL","A00000370884","2024-04-16T12:37Z","2024-04-16T12:37Z","Illinois State Water Survey Central Analytical Laboratory",260.0,0.04238,5,"2024-04-17","A",,
"324b889f-05ef-40a5-bd7a-eb78190f848f","D02","POSE","POSE.AOS.S2","POSE.SS.20240416.FIL","A00000370884","2024-04-16T12:37Z","2024-04-16T12:37Z","Illinois State Water Survey Central Analytical Laboratory",326.0,0.01838,5,"2024-04-17","A",,
"4d21ebf9-f9eb-4605-a94f-0c2371299e57","D02","POSE","POSE.AOS.S2","POSE.SS.20240416.FIL","A00000370884","2024-04-16T12:37Z","2024-04-16T12:37Z","Illinois State Water Survey Central Analytical Laboratory",480.0,0.00244,5,"2024-04-17","A",,
"25cf159e-8c4d-4d20-afdb-9f560fccc7bd","D02","POSE","POSE.AOS.S2","POSE.SS.20240416.FIL","A00000370884","2024-04-16T12:37Z","2024-04-16T12:37Z","Illinois State Water Survey Central Analytical Laboratory",358.0,0.01162,5,"2024-04-17","B",,
"2274ddb8-8bfe-4eb0-9697-a7f71915c48e","D02","POSE","POSE.AOS.S2","POSE.SS.20240416.FIL","A00000370884","2024-04-16T12:37Z","2024-04-16T12:37Z","Illinois State Water Survey Central Analytical Laboratory",434.0,0.00402,5,"2024-04-17","A",,
"2759d8ad-4de8-4cda-b1a5-37d1eab00809","D02","POSE","POSE.AOS.S2","POSE.SS.20240416.FIL","A00000370884","2024-04-16T12:37Z","2024-04-16T12:37Z","Illinois State Water Survey Central Analytical Laboratory",398.0,0.00642,5,"2024-04-17","A",,
"0304d33d-9c4b-4278-a3e0-c35354c5c5f4","D02","POSE","POSE.AOS.S2","POSE.SS.20240416.FIL","A00000370884","2024-04-16T12:37Z","2024-04-16T12:37Z","Illinois State Water Survey Central Analytical Laboratory",320.0,0.02006,5,"2024-04-17","A",,
"fb49d58d-eab5-4101-bc07-fe9b476fc7a9","D02","POSE","POSE.AOS.S2","POSE.SS.20240416.FIL","A00000370884","2024-04-16T12:37Z","2024-04-16T12:37Z","Illinois State Water Survey Central Analytical Laboratory",282.0,0.03340,5,"2024-04-17","B",,
"2a2a2242-b030-4df4-a955-6c87fb55a994","D02","POSE","POSE.AOS.S2","POSE.SS.20240416.FIL","A00000370884","2024-04-16T12:37Z","2024-04-16T12:37Z","Illinois State Water Survey Central Analytical Laboratory",420.0,0.00472,5,"2024-04-17","B",,
"1e467a90-5972-4706-a962-0e43b88ed733","D02","POSE","POSE.AOS.S2","POSE.SS.20240416.FIL","A00000370884","2024-04-16T12:37Z","2024-04-16T12:37Z","Illinois State Water Survey Central Analytical Laboratory",394.0,0.00680,5,"2024-04-17","A",,
"f5fd0b79-fa3f-4853-a168-c3b0f04c27d5","D02","POSE","POSE.AOS.S2","POSE.SS.20240416.FIL","A00000370884","2024-04-16T12:37Z","2024-04-16T12:37Z","Illinois State Water Survey Central Analytical Laboratory",346.0,0.01386,5,"2024-04-17","A",,
"8ca4e28b-5995-42c2-a560-8f123b1bf741","D02","POSE","POSE.AOS.S2","POSE.SS.20240416.FIL","A00000370884","2024-04-16T12:37Z","2024-04-16T12:37Z","Illinois State Water Survey Central Analytical Laboratory",306.0,0.02422,5,"2024-04-17","A",,
"14876735-d326-46cc-a96e-a8556f735b5c","D02","POSE","POSE.AOS.S2","POSE.SS.20240416.FIL","A00000370884","2024-04-16T12:37Z","2024-04-16T12:37Z","Illinois State Water Survey Central Analytical Laboratory",426.0,0.00444,5,"2024-04-17","B",,
"c15ee034-a780-4055-a0a8-f16ff60a1faa","D02","POSE","POSE.AOS.S2","POSE.SS.20240416.FIL","A00000370884","2024-04-16T12:37Z","2024-04-16T12:37Z","Illinois State Water Survey Central Analytical Laboratory",434.0,0.00398,5,"2024-04-17","B",,
"da79f17b-2e78-44fb-bb39-5bc3369c1b95","D02","POSE","POSE.AOS.S2","POSE.SS.20240416.FIL","A00000370884","2024-04-16T12:37Z","2024-04-16T12:37Z","Illinois State Water Survey Central Analytical Laboratory",474.0,0.00258,5,"2024-04-17","A",,
"4308e123-5394-4dc0-a043-c0fb665008cc","D02","POSE","POSE.AOS.S2","POSE.SS.20240416.FIL","A00000370884","2024-04-16T12:37Z","2024-04-16T12:37Z","Illinois State Water Survey Central Analytical Laboratory",444.0,0.00348,5,"2024-04-17","B",,
"0429ff96-bcfb-48af-b4e0-8f616692b335","D02","POSE","POSE.AOS.S2","POSE.SS.20240416.FIL","A00000370884","2024-04-16T12:37Z","2024-04-16T12:37Z","Illinois State Water Survey Central Analytical Laboratory",384.0,0.00778,5,"2024-04-17","B",,
"ab1777dd-122b-4c0d-a170-1fcdd1bb9e8e","D02","POSE","POSE.AOS.S2","POSE.SS.20240416.FIL","A00000370884","2024-04-16T12:37Z","2024-04-16T12:37Z","Illinois State Water Survey Central Analytical Laboratory",578.0,0.00112,5,"2024-04-17","B",,
"348211b1-9abb-4377-913d-01b8a4e486c1","D02","POSE","POSE.AOS.S2","POSE.SS.20240416.FIL","A00000370884","2024-04-16T12:37Z","2024-04-16T12:37Z","Illinois State Water Survey Central Analytical Laboratory",364.0,0.01076,5,"2024-04-17","A",,
"f68d3dfc-d28b-4c5f-a081-018d089cb484","D02","POSE","POSE.AOS.S2","POSE.SS.20240416.FIL","A00000370884","2024-04-16T12:37Z","2024-04-16T12:37Z","Illinois State Water Survey Central Analytical Laboratory",518.0,0.00176,5,"2024-04-17","A",,
"4cddbc38-4cf4-4b8f-b697-fa8545634a8b","D02","POSE","POSE.AOS.S2","POSE.SS.20240416.FIL","A00000370884","2024-04-16T12:37Z","2024-04-16T12:37Z","Illinois State Water Survey Central Analytical Laboratory",322.0,0.01950,5,"2024-04-17","A",,
"c230267d-6a2f-41ba-8f58-fa7e7e5b5c80","D02","POSE","POSE.AOS.S2","POSE.SS.20240416.FIL","A00000370884","2024-04-16T12:37Z","2024-04-16T12:37Z","Illinois State Water Survey Central Analytical Laboratory",348.0,0.01344,5,"2024-04-17","A",,
"783d8738-01f8-476a-8d2e-4e729076ac45","D02","POSE","POSE.AOS.S2","POSE.SS.20240416.FIL","A00000370884","2024-04-16T12:37Z","2024-04-16T12:37Z","Illinois State Water Survey Central Analytical Laboratory",544.0,0.00140,5,"2024-04-17","B",,
"bac8117b-a087-49a5-b994-4a2d4f7dae7c","D02","POSE","POSE.AOS.S2","POSE.SS.20240416.FIL","A00000370884","2024-04-16T12:37Z","2024-04-16T12:37Z","Illinois State Water Survey Central Analytical Laboratory",290.0,0.02998,5,"2024-04-17","B",,
"5d7ab1b1-6421-498b-9f1d-407d35218881","D02","POSE","POSE.AOS.S2","POSE.SS.20240416.FIL","A00000370884","2024-04-16T12:37Z","2024-04-16T12:37Z","Illinois State Water Survey Central Analytical Laboratory",366.0,0.01026,5,"2024-04-17","B",,
"34bba894-9112-402a-8bcf-e16c4df99f57","D02","POSE","POSE.AOS.S2","POSE.SS.20240416.FIL","A00000370884","2024-04-16T12:37Z","2024-04-16T12:37Z","Illinois State Water Survey Central Analytical Laboratory",360.0,0.01124,5,"2024-04-17","B",,
"795a338b-adba-4546-bf0f-a82f96a1d129","D02","POSE","POSE.AOS.S2","POSE.SS.20240416.FIL","A00000370884","2024-04-16T12:37Z","2024-04-16T12:37Z","Illinois State Water Survey Central Analytical Laboratory",276.0,0.03584,5,"2024-04-17","B",,
"18756b5d-601b-44b2-b735-1a23a2621576","D02","POSE","POSE.AOS.S2","POSE.SS.20240416.FIL","A00000370884","2024-04-16T12:37Z","2024-04-16T12:37Z","Illinois State Water Survey Central Analytical Laboratory",448.0,0.00340,5,"2024-04-17","A",,
"af24084c-de7b-4d64-9612-823098461e49","D02","POSE","POSE.AOS.S2","POSE.SS.20240416.FIL","A00000370884","2024-04-16T12:37Z","2024-04-16T12:37Z","Illinois State Water Survey Central Analytical Laboratory",514.0,0.00172,5,"2024-04-17","B",,
"70639514-66c5-43de-b598-2a337a6234b2","D02","POSE","POSE.AOS.S2","POSE.SS.20240416.FIL","A00000370884","2024-04-16T12:37Z","2024-04-16T12:37Z","Illinois State Water Survey Central Analytical Laboratory",448.0,0.00332,5,"2024-04-17","B",,
"f9845186-e35b-4456-910b-f058e49f4ced","D02","POSE","POSE.AOS.S2","POSE.SS.20240416.FIL","A00000370884","2024-04-16T12:37Z","2024-04-16T12:37Z","Illinois State Water Survey Central Analytical Laboratory",424.0,0.00450,5,"2024-04-17","B",,
"b96f400e-99c0-47e4-9566-35ce29701b6b","D02","POSE","POSE.AOS.S2","POSE.SS.20240416.FIL","A00000370884","2024-04-16T12:37Z","2024-04-16T12:37Z","Illinois State Water Survey Central Analytical Laboratory",550.0,0.00152,5,"2024-04-17","A",,
"88419788-a37f-47b0-8ba3-55b943672fb0","D02","POSE","POSE.AOS.S2","POSE.SS.20240416.FIL","A00000370884","2024-04-16T12:37Z","2024-04-16T12:37Z","Illinois State Water Survey Central Analytical Laboratory",430.0,0.00416,5,"2024-04-17","B",,
"5db1287b-8260-498a-aee4-a8d883514e9e","D02","POSE","POSE.AOS.S2","POSE.SS.20240416.FIL","A00000370884","2024-04-16T12:37Z","2024-04-16T12:37Z","Illinois State Water Survey Central Analytical Laboratory",412.0,0.00526,5,"2024-04-17","A",,
"627bce18-ec37-47e5-84cf-46404d9d4944","D02","POSE","POSE.AOS.S2","POSE.SS.20240416.FIL","A00000370884","2024-04-16T12:37Z","2024-04-16T12:37Z","Illinois State Water Survey Central Analytical Laboratory",312.0,0.02234,5,"2024-04-17","A",,
"12781865-7010-47c5-95bf-779ee63497db","D02","POSE","POSE.AOS.S2","POSE.SS.20240416.FIL","A00000370884","2024-04-16T12:37Z","2024-04-16T12:37Z","Illinois State Water Survey Central Analytical Laboratory",512.0,0.00172,5,"2024-04-17","B",,
"9dedd8b7-fdfd-402e-a3a9-63e6a17abf23","D02","POSE","POSE.AOS.S2","POSE.SS.20240416.FIL","A00000370884","2024-04-16T12:37Z","2024-04-16T12:37Z","Illinois State Water Survey Central Analytical Laboratory",524.0,0.00166,5,"2024-04-17","A",,
"a3573374-6db4-4943-8078-656c06484787","D02","POSE","POSE.AOS.S2","POSE.SS.20240416.FIL","A00000370884","2024-04-16T12:37Z","2024-04-16T12:37Z","Illinois State Water Survey Central Analytical Laboratory",328.0,0.01772,5,"2024-04-17","B",,
"ae913cb0-4c1a-4063-bbc1-ce41728bf560","D02","POSE","POSE.AOS.S2","POSE.SS.20240416.FIL","A00000370884","2024-04-16T12:37Z","2024-04-16T12:37Z","Illinois State Water Survey Central Analytical Laboratory",456.0,0.00294,5,"2024-04-17","B",,
"d4bd41a8-62e1-4cd2-95a6-c3e7d2384199","D02","POSE","POSE.AOS.S2","POSE.SS.20240416.FIL","A00000370884","2024-04-16T12:37Z","2024-04-16T12:37Z","Illinois State Water Survey Central Analytical Laboratory",444.0,0.00354,5,"2024-04-17","A",,
"058ce265-fabc-4705-8987-bfeb86812cf4","D02","POSE","POSE.AOS.S2","POSE.SS.20240416.FIL","A00000370884","2024-04-16T12:37Z","2024-04-16T12:37Z","Illinois State Water Survey Central Analytical Laboratory",590.0,0.00116,5,"2024-04-17","A",,
"de9880b3-b392-49fd-a2a3-e51ca4163aba","D02","POSE","POSE.AOS.S2","POSE.SS.20240416.FIL","A00000370884","2024-04-16T12:37Z","2024-04-16T12:37Z","Illinois State Water Survey Central Analytical Laboratory",484.0,0.00230,5,"2024-04-17","B",,
"0e8044af-3698-4a44-82ce-786a3fd93eed","D02","POSE","POSE.AOS.S2","POSE.SS.20240416.FIL","A00000370884","2024-04-16T12:37Z","2024-04-16T12:37Z","Illinois State Water Survey Central Analytical Laboratory",242.0,0.05162,5,"2024-04-17","B",,
"d8e8e343-0791-408c-b803-3cd022d33a71","D02","POSE","POSE.AOS.S2","POSE.SS.20240416.FIL","A00000370884","2024-04-16T12:37Z","2024-04-16T12:37Z","Illinois State Water Survey Central Analytical Laboratory",424.0,0.00454,5,"2024-04-17","A",,
"3c1ddae4-75af-4649-af64-c98e6c730ed8","D02","POSE","POSE.AOS.S2","POSE.SS.20240416.FIL","A00000370884","2024-04-16T12:37Z","2024-04-16T12:37Z","Illinois State Water Survey Central Analytical Laboratory",514.0,0.00180,5,"2024-04-17","A",,
"3434ae49-1212-424e-81a7-96e468b391cb","D02","POSE","POSE.AOS.S2","POSE.SS.20240416.FIL","A00000370884","2024-04-16T12:37Z","2024-04-16T12:37Z","Illinois State Water Survey Central Analytical Laboratory",468.0,0.00260,5,"2024-04-17","B",,
"fe6737ca-65ac-49c1-97b7-3b585de33d11","D02","POSE","POSE.AOS.S2","POSE.SS.20240416.FIL","A00000370884","2024-04-16T12:37Z","2024-04-16T12:37Z","Illinois State Water Survey Central Analytical Laboratory",450.0,0.00334,5,"2024-04-17","A",,
"7ce5cfbc-c5d8-4ab2-a82e-d5b4abf58040","D02","POSE","POSE.AOS.S2","POSE.SS.20240416.FIL","A00000370884","2024-04-16T12:37Z","2024-04-16T12:37Z","Illinois State Water Survey Central Analytical Laboratory",350.0,0.01308,5,"2024-04-17","A",,
"e9e15e44-8401-4922-9aa6-168541439896","D02","POSE","POSE.AOS.S2","POSE.SS.20240416.FIL","A00000370884","2024-04-16T12:37Z","2024-04-16T12:37Z","Illinois State Water Survey Central Analytical Laboratory",510.0,0.00182,5,"2024-04-17","A",,
"032d9934-246b-4034-acbb-a70cf04683da","D02","POSE","POSE.AOS.S2","POSE.SS.20240416.FIL","A00000370884","2024-04-16T12:37Z","2024-04-16T12:37Z","Illinois State Water Survey Central Analytical Laboratory",300.0,0.02626,5,"2024-04-17","A",,
"04dc6c84-cee4-4f5a-8e4a-a1f4b7fcd75e","D02","POSE","POSE.AOS.S2","POSE.SS.20240416.FIL","A00000370884","2024-04-16T12:37Z","2024-04-16T12:37Z","Illinois State Water Survey Central Analytical Laboratory",440.0,0.00378,5,"2024-04-17","B",,
"1bc5c334-b157-42de-8b83-d7484819ca08","D02","POSE","POSE.AOS.S2","POSE.SS.20240416.FIL","A00000370884","2024-04-16T12:37Z","2024-04-16T12:37Z","Illinois State Water Survey Central Analytical Laboratory",516.0,0.00178,5,"2024-04-17","A",,
"acb71165-01c6-4020-9e6b-73195a81614a","D02","POSE","POSE.AOS.S2","POSE.SS.20240422.FIL","A00000370901","2024-04-22T13:40Z","2024-04-22T13:40Z","Illinois State Water Survey Central Analytical Laboratory",596.0,0.00046,5,"2024-04-25","A",,
"e529d90b-89da-400a-a892-30b3b63f0aa4","D02","POSE","POSE.AOS.S2","POSE.SS.20240422.FIL","A00000370901","2024-04-22T13:40Z","2024-04-22T13:40Z","Illinois State Water Survey Central Analytical Laboratory",416.0,0.00378,5,"2024-04-25","A",,
"c1f95a19-4869-4e76-89f3-c4700c8d078a","D02","POSE","POSE.AOS.S2","POSE.SS.20240422.FIL","A00000370901","2024-04-22T13:40Z","2024-04-22T13:40Z","Illinois State Water Survey Central Analytical Laboratory",240.0,0.04570,5,"2024-04-25","A",,
"8d2a58a6-a2e5-41b4-9fc1-ecd9369a8011","D02","POSE","POSE.AOS.S2","POSE.SS.20240422.FIL","A00000370901","2024-04-22T13:40Z","2024-04-22T13:40Z","Illinois State Water Survey Central Analytical Laboratory",390.0,0.00558,5,"2024-04-25","B",,
"2838b458-99ff-4494-ae40-61d5bd0ba56e","D02","POSE","POSE.AOS.S2","POSE.SS.20240422.FIL","A00000370901","2024-04-22T13:40Z","2024-04-22T13:40Z","Illinois State Water Survey Central Analytical Laboratory",412.0,0.00396,5,"2024-04-25","B",,
"2ab6c8ca-a0ff-4374-a86a-13a198cc9766","D02","POSE","POSE.AOS.S2","POSE.SS.20240422.FIL","A00000370901","2024-04-22T13:40Z","2024-04-22T13:40Z","Illinois State Water Survey Central Analytical Laboratory",364.0,0.00852,5,"2024-04-25","A",,
"1c2f110a-1095-401e-bf34-10373faffbf2","D02","POSE","POSE.AOS.S2","POSE.SS.20240422.FIL","A00000370901","2024-04-22T13:40Z","2024-04-22T13:40Z","Illinois State Water Survey Central Analytical Laboratory",386.0,0.00596,5,"2024-04-25","A",,
"3091ffdc-24a6-4416-9b26-a2b5712dca94","D02","POSE","POSE.AOS.S2","POSE.SS.20240422.FIL","A00000370901","2024-04-22T13:40Z","2024-04-22T13:40Z","Illinois State Water Survey Central Analytical Laboratory",254.0,0.03792,5,"2024-04-25","A",,
"ff6a2d32-4b9f-4231-9606-9668cf2eb255","D02","POSE","POSE.AOS.S2","POSE.SS.20240422.FIL","A00000370901","2024-04-22T13:40Z","2024-04-22T13:40Z","Illinois State Water Survey Central Analytical Laboratory",576.0,0.00056,5,"2024-04-25","A",,
"c796592d-eaa0-4851-8a82-9a72ff108d61","D02","POSE","POSE.AOS.S2","POSE.SS.20240422.FIL","A00000370901","2024-04-22T13:40Z","2024-04-22T13:40Z","Illinois State Water Survey Central Analytical Laboratory",248.0,0.04036,5,"2024-04-25","B",,
"da3f2e0f-b777-4e02-9467-59b03c766221","D02","POSE","POSE.AOS.S2","POSE.SS.20240422.FIL","A00000370901","2024-04-22T13:40Z","2024-04-22T13:40Z","Illinois State Water Survey Central Analytical Laboratory",500.0,0.00130,5,"2024-04-25","A",,
"b9493ef1-f5cc-4598-a9ba-0b2dbe55a8c1","D02","POSE","POSE.AOS.S2","POSE.SS.20240422.FIL","A00000370901","2024-04-22T13:40Z","2024-04-22T13:40Z","Illinois State Water Survey Central Analytical Laboratory",252.0,0.03854,5,"2024-04-25","B",,
"672a60bb-b116-4aa6-8fa1-fc494cc8df8c","D02","POSE","POSE.AOS.S2","POSE.SS.20240422.FIL","A00000370901","2024-04-22T13:40Z","2024-04-22T13:40Z","Illinois State Water Survey Central Analytical Laboratory",422.0,0.00344,5,"2024-04-25","B",,
"8865991e-51dd-497c-a9c1-2818aaec047f","D02","POSE","POSE.AOS.S2","POSE.SS.20240422.FIL","A00000370901","2024-04-22T13:40Z","2024-04-22T13:40Z","Illinois State Water Survey Central Analytical Laboratory",400.0,0.00492,5,"2024-04-25","A",,
"334f51b8-81d2-4729-a1f4-a44c94860647","D02","POSE","POSE.AOS.S2","POSE.SS.20240422.FIL","A00000370901","2024-04-22T13:40Z","2024-04-22T13:40Z","Illinois State Water Survey Central Analytical Laboratory",472.0,0.00172,5,"2024-04-25","B",,
"9b678993-693f-41be-8a72-7788d2136340","D02","POSE","POSE.AOS.S2","POSE.SS.20240422.FIL","A00000370901","2024-04-22T13:40Z","2024-04-22T13:40Z","Illinois State Water Survey Central Analytical Laboratory",592.0,0.00052,5,"2024-04-25","B",,
"9467d318-35f5-45a4-9623-1758d13ef91d","D02","POSE","POSE.AOS.S2","POSE.SS.20240422.FIL","A00000370901","2024-04-22T13:40Z","2024-04-22T13:40Z","Illinois State Water Survey Central Analytical Laboratory",468.0,0.00180,5,"2024-04-25","B",,
"ef66878d-a2ba-44de-b00d-1422a3f16cf6","D02","POSE","POSE.AOS.S2","POSE.SS.20240422.FIL","A00000370901","2024-04-22T13:40Z","2024-04-22T13:40Z","Illinois State Water Survey Central Analytical Laboratory",224.0,0.08284,5,"2024-04-25","A",,
"2935430b-fcfb-4ee1-ac85-c5e37bc5b3f6","D02","POSE","POSE.AOS.S2","POSE.SS.20240422.FIL","A00000370901","2024-04-22T13:40Z","2024-04-22T13:40Z","Illinois State Water Survey Central Analytical Laboratory",256.0,0.03704,5,"2024-04-25","B",,
"90d3c266-0f80-4cd8-b95a-b319dc77aa51","D02","POSE","POSE.AOS.S2","POSE.SS.20240422.FIL","A00000370901","2024-04-22T13:40Z","2024-04-22T13:40Z","Illinois State Water Survey Central Analytical Laboratory",268.0,0.03300,5,"2024-04-25","B",,
"6cbe88d5-bd65-4894-b3bd-a96d53ca83bd","D02","POSE","POSE.AOS.S2","POSE.SS.20240422.FIL","A00000370901","2024-04-22T13:40Z","2024-04-22T13:40Z","Illinois State Water Survey Central Analytical Laboratory",534.0,0.00092,5,"2024-04-25","A",,
"d6f37bce-0dd5-4a16-a26e-09f3911f1325","D02","POSE","POSE.AOS.S2","POSE.SS.20240422.FIL","A00000370901","2024-04-22T13:40Z","2024-04-22T13:40Z","Illinois State Water Survey Central Analytical Laboratory",278.0,0.02960,5,"2024-04-25","B",,
"04a8fbcc-6321-4d01-b044-5daab75f2d68","D02","POSE","POSE.AOS.S2","POSE.SS.20240422.FIL","A00000370901","2024-04-22T13:40Z","2024-04-22T13:40Z","Illinois State Water Survey Central Analytical Laboratory",242.0,0.04394,5,"2024-04-25","B",,
"22c2f492-93bf-4eab-bba7-d47ed66615ac","D02","POSE","POSE.AOS.S2","POSE.SS.20240422.FIL","A00000370901","2024-04-22T13:40Z","2024-04-22T13:40Z","Illinois State Water Survey Central Analytical Laboratory",300.0,0.02186,5,"2024-04-25","A",,
"eef27e85-a298-4a1d-87ff-ab83a960f512","D02","POSE","POSE.AOS.S2","POSE.SS.20240422.FIL","A00000370901","2024-04-22T13:40Z","2024-04-22T13:40Z","Illinois State Water Survey Central Analytical Laboratory",428.0,0.00324,5,"2024-04-25","A",,
"95943b40-1329-4fda-8236-87ed22e2d029","D02","POSE","POSE.AOS.S2","POSE.SS.20240422.FIL","A00000370901","2024-04-22T13:40Z","2024-04-22T13:40Z","Illinois State Water Survey Central Analytical Laboratory",292.0,0.02450,5,"2024-04-25","B",,
"676a5947-e7b3-47b2-b8f7-3a73c51343fa","D02","POSE","POSE.AOS.S2","POSE.SS.20240422.FIL","A00000370901","2024-04-22T13:40Z","2024-04-22T13:40Z","Illinois State Water Survey Central Analytical Laboratory",360.0,0.00904,5,"2024-04-25","B",,
"ba4b5e8f-c102-429f-931a-244d3adabc61","D02","POSE","POSE.AOS.S2","POSE.SS.20240422.FIL","A00000370901","2024-04-22T13:40Z","2024-04-22T13:40Z","Illinois State Water Survey Central Analytical Laboratory",328.0,0.01464,5,"2024-04-25","A",,
"6cf2842e-c3a9-4b7b-8126-5c21fe4d0b28","D02","POSE","POSE.AOS.S2","POSE.SS.20240422.FIL","A00000370901","2024-04-22T13:40Z","2024-04-22T13:40Z","Illinois State Water Survey Central Analytical Laboratory",538.0,0.00080,5,"2024-04-25","B",,
"bed393bd-99fb-4e5e-953c-1583189a37b1","D02","POSE","POSE.AOS.S2","POSE.SS.20240422.FIL","A00000370901","2024-04-22T13:40Z","2024-04-22T13:40Z","Illinois State Water Survey Central Analytical Laboratory",588.0,0.00048,5,"2024-04-25","A",,
"585ae64d-c0cc-47c2-805d-a1f80ff37c08","D02","POSE","POSE.AOS.S2","POSE.SS.20240422.FIL","A00000370901","2024-04-22T13:40Z","2024-04-22T13:40Z","Illinois State Water Survey Central Analytical Laboratory",436.0,0.00282,5,"2024-04-25","B",,
"bb90c618-c622-420d-be35-437dc1e51056","D02","POSE","POSE.AOS.S2","POSE.SS.20240422.FIL","A00000370901","2024-04-22T13:40Z","2024-04-22T13:40Z","Illinois State Water Survey Central Analytical Laboratory",358.0,0.00936,5,"2024-04-25","A",,
"5287d506-935b-40cd-afda-a56b76dfd9be","D02","POSE","POSE.AOS.S2","POSE.SS.20240422.FIL","A00000370901","2024-04-22T13:40Z","2024-04-22T13:40Z","Illinois State Water Survey Central Analytical Laboratory",406.0,0.00444,5,"2024-04-25","A",,
"53588358-e95f-478a-9c3e-f460655742c8","D02","POSE","POSE.AOS.S2","POSE.SS.20240422.FIL","A00000370901","2024-04-22T13:40Z","2024-04-22T13:40Z","Illinois State Water Survey Central Analytical Laboratory",556.0,0.00070,5,"2024-04-25","B",,
"6908b63c-2b15-4b20-a048-41af1498c534","D02","POSE","POSE.AOS.S2","POSE.SS.20240422.FIL","A00000370901","2024-04-22T13:40Z","2024-04-22T13:40Z","Illinois State Water Survey Central Analytical Laboratory",410.0,0.00410,5,"2024-04-25","B",,
"dc212c69-b260-4215-bd60-90774faaae72","D02","POSE","POSE.AOS.S2","POSE.SS.20240422.FIL","A00000370901","2024-04-22T13:40Z","2024-04-22T13:40Z","Illinois State Water Survey Central Analytical Laboratory",374.0,0.00730,5,"2024-04-25","A",,
"804587a5-698d-4a77-8778-d0e2e46224c1","D02","POSE","POSE.AOS.S2","POSE.SS.20240422.FIL","A00000370901","2024-04-22T13:40Z","2024-04-22T13:40Z","Illinois State Water Survey Central Analytical Laboratory",388.0,0.00576,5,"2024-04-25","B",,
"7b31fa5f-78f1-4d4c-8d8d-4cd85a966e82","D02","POSE","POSE.AOS.S2","POSE.SS.20240422.FIL","A00000370901","2024-04-22T13:40Z","2024-04-22T13:40Z","Illinois State Water Survey Central Analytical Laboratory",340.0,0.01228,5,"2024-04-25","A",,
"ae6001c2-b874-46aa-a0b9-4254ed87bf03","D02","POSE","POSE.AOS.S2","POSE.SS.20240422.FIL","A00000370901","2024-04-22T13:40Z","2024-04-22T13:40Z","Illinois State Water Survey Central Analytical Laboratory",246.0,0.04132,5,"2024-04-25","B",,
"ca8eb79f-32e9-4c1a-8c84-ce71499d9065","D02","POSE","POSE.AOS.S2","POSE.SS.20240422.FIL","A00000370901","2024-04-22T13:40Z","2024-04-22T13:40Z","Illinois State Water Survey Central Analytical Laboratory",460.0,0.00206,5,"2024-04-25","A",,
"91c9b826-a24e-4f04-86aa-fe25cc309db5","D02","POSE","POSE.AOS.S2","POSE.SS.20240422.FIL","A00000370901","2024-04-22T13:40Z","2024-04-22T13:40Z","Illinois State Water Survey Central Analytical Laboratory",502.0,0.00122,5,"2024-04-25","B",,
"0f93ab84-559c-49b2-a1ee-bc541a43200a","D02","POSE","POSE.AOS.S2","POSE.SS.20240422.FIL","A00000370901","2024-04-22T13:40Z","2024-04-22T13:40Z","Illinois State Water Survey Central Analytical Laboratory",514.0,0.00116,5,"2024-04-25","A",,
"56ae7de0-d425-49f9-99d7-170e00fce60d","D02","POSE","POSE.AOS.S2","POSE.SS.20240422.FIL","A00000370901","2024-04-22T13:40Z","2024-04-22T13:40Z","Illinois State Water Survey Central Analytical Laboratory",322.0,0.01596,5,"2024-04-25","B",,
"58ce0aef-80e2-4b4d-9e1e-3df73ffaa749","D02","POSE","POSE.AOS.S2","POSE.SS.20240422.FIL","A00000370901","2024-04-22T13:40Z","2024-04-22T13:40Z","Illinois State Water Survey Central Analytical Laboratory",310.0,0.01896,5,"2024-04-25","B",,
"04edec28-1104-4944-acd6-5ac550d43fc4","D02","POSE","POSE.AOS.S2","POSE.SS.20240422.FIL","A00000370901","2024-04-22T13:40Z","2024-04-22T13:40Z","Illinois State Water Survey Central Analytical Laboratory",372.0,0.00754,5,"2024-04-25","A",,
"9ea1ee49-6317-4b80-8722-1e42aec64742","D02","POSE","POSE.AOS.S2","POSE.SS.20240422.FIL","A00000370901","2024-04-22T13:40Z","2024-04-22T13:40Z","Illinois State Water Survey Central Analytical Laboratory",284.0,0.02750,5,"2024-04-25","A",,
"71f32e31-2c30-4bf2-a956-1832bdda7dcb","D02","POSE","POSE.AOS.S2","POSE.SS.20240422.FIL","A00000370901","2024-04-22T13:40Z","2024-04-22T13:40Z","Illinois State Water Survey Central Analytical Laboratory",476.0,0.00164,5,"2024-04-25","B",,
"d4ee746c-6456-485e-97cb-fdb31e6f6c09","D02","POSE","POSE.AOS.S2","POSE.SS.20240422.FIL","A00000370901","2024-04-22T13:40Z","2024-04-22T13:40Z","Illinois State Water Survey Central Analytical Laboratory",380.0,0.00664,5,"2024-04-25","A",,
"4a0f1483-bf5b-429d-848a-8e1e6d537034","D02","POSE","POSE.AOS.S2","POSE.SS.20240422.FIL","A00000370901","2024-04-22T13:40Z","2024-04-22T13:40Z","Illinois State Water Survey Central Analytical Laboratory",320.0,0.01648,5,"2024-04-25","B",,
"15578224-a20e-4f30-bab3-15af489981e4","D02","POSE","POSE.AOS.S2","POSE.SS.20240422.FIL","A00000370901","2024-04-22T13:40Z","2024-04-22T13:40Z","Illinois State Water Survey Central Analytical Laboratory",462.0,0.00194,5,"2024-04-25","B",,
"5686b109-558e-46f5-a472-b186bc8bfca6","D02","POSE","POSE.AOS.S2","POSE.SS.20240422.FIL","A00000370901","2024-04-22T13:40Z","2024-04-22T13:40Z","Illinois State Water Survey Central Analytical Laboratory",584.0,0.00060,5,"2024-04-25","B",,
"99c9c29f-0617-400d-8481-e3fbff9166b5","D02","POSE","POSE.AOS.S2","POSE.SS.20240422.FIL","A00000370901","2024-04-22T13:40Z","2024-04-22T13:40Z","Illinois State Water Survey Central Analytical Laboratory",356.0,0.00964,5,"2024-04-25","A",,
"0c199784-b699-47db-96b5-77606fbd1e2e","D02","POSE","POSE.AOS.S2","POSE.SS.20240422.FIL","A00000370901","2024-04-22T13:40Z","2024-04-22T13:40Z","Illinois State Water Survey Central Analytical Laboratory",430.0,0.00314,5,"2024-04-25","A",,
"7d45102e-706c-44c5-a615-03985b752232","D02","POSE","POSE.AOS.S2","POSE.SS.20240422.FIL","A00000370901","2024-04-22T13:40Z","2024-04-22T13:40Z","Illinois State Water Survey Central Analytical Laboratory",524.0,0.00096,5,"2024-04-25","B",,
"888d3dce-288a-4abc-b126-f6b39a687b48","D02","POSE","POSE.AOS.S2","POSE.SS.20240422.FIL","A00000370901","2024-04-22T13:40Z","2024-04-22T13:40Z","Illinois State Water Survey Central Analytical Laboratory",558.0,0.00066,5,"2024-04-25","B",,
"15b1536b-d18d-4854-88ac-84d350e7fc0c","D02","POSE","POSE.AOS.S2","POSE.SS.20240422.FIL","A00000370901","2024-04-22T13:40Z","2024-04-22T13:40Z","Illinois State Water Survey Central Analytical Laboratory",494.0,0.00134,5,"2024-04-25","B",,
"a58638b5-8ab2-4031-b5f1-fda64e566480","D02","POSE","POSE.AOS.S2","POSE.SS.20240422.FIL","A00000370901","2024-04-22T13:40Z","2024-04-22T13:40Z","Illinois State Water Survey Central Analytical Laboratory",332.0,0.01376,5,"2024-04-25","A",,
"485373eb-a20c-4365-8429-1b39f6a5d212","D02","POSE","POSE.AOS.S2","POSE.SS.20240422.FIL","A00000370901","2024-04-22T13:40Z","2024-04-22T13:40Z","Illinois State Water Survey Central Analytical Laboratory",298.0,0.02250,5,"2024-04-25","A",,
"eeefc715-062d-4570-9cec-cdae43a6bcc0","D02","POSE","POSE.AOS.S2","POSE.SS.20240422.FIL","A00000370901","2024-04-22T13:40Z","2024-04-22T13:40Z","Illinois State Water Survey Central Analytical Laboratory",278.0,0.02968,5,"2024-04-25","A",,
"3f1c8ae4-d1ab-4ae5-ac2e-70d8a3b587f2","D02","POSE","POSE.AOS.S2","POSE.SS.20240422.FIL","A00000370901","2024-04-22T13:40Z","2024-04-22T13:40Z","Illinois State Water Survey Central Analytical Laboratory",482.0,0.00166,5,"2024-04-25","A",,
"5e2bff5b-d88e-4d05-be96-de763c79e5dd","D02","POSE","POSE.AOS.S2","POSE.SS.20240422.FIL","A00000370901","2024-04-22T13:40Z","2024-04-22T13:40Z","Illinois State Water Survey Central Analytical Laboratory",266.0,0.03374,5,"2024-04-25","A",,
"087226a8-54d8-4bfd-bd33-551270bc6cdd","D02","POSE","POSE.AOS.S2","POSE.SS.20240422.FIL","A00000370901","2024-04-22T13:40Z","2024-04-22T13:40Z","Illinois State Water Survey Central Analytical Laboratory",446.0,0.00242,5,"2024-04-25","B",,
"9278d639-8014-4746-ba5c-f968bc351fdd","D02","POSE","POSE.AOS.S2","POSE.SS.20240422.FIL","A00000370901","2024-04-22T13:40Z","2024-04-22T13:40Z","Illinois State Water Survey Central Analytical Laboratory",380.0,0.00656,5,"2024-04-25","B",,
"f2566212-6fc1-4a2b-93a4-c38be9914189","D02","POSE","POSE.AOS.S2","POSE.SS.20240422.FIL","A00000370901","2024-04-22T13:40Z","2024-04-22T13:40Z","Illinois State Water Survey Central Analytical Laboratory",418.0,0.00370,5,"2024-04-25","A",,
"358f415d-d7cf-4a92-95c6-1eb8042c8315","D02","POSE","POSE.AOS.S2","POSE.SS.20240422.FIL","A00000370901","2024-04-22T13:40Z","2024-04-22T13:40Z","Illinois State Water Survey Central Analytical Laboratory",302.0,0.02126,5,"2024-04-25","A",,
"50be23be-a03e-4020-8f76-f2704bce235a","D02","POSE","POSE.AOS.S2","POSE.SS.20240422.FIL","A00000370901","2024-04-22T13:40Z","2024-04-22T13:40Z","Illinois State Water Survey Central Analytical Laboratory",236.0,0.05004,5,"2024-04-25","B",,
"63f780d2-c7da-4c48-b00d-336eb10b2467","D02","POSE","POSE.AOS.S2","POSE.SS.20240422.FIL","A00000370901","2024-04-22T13:40Z","2024-04-22T13:40Z","Illinois State Water Survey Central Analytical Laboratory",528.0,0.00098,5,"2024-04-25","A",,
"acf902fb-90f3-4026-8d30-c2c7762830b4","D02","POSE","POSE.AOS.S2","POSE.SS.20240422.FIL","A00000370901","2024-04-22T13:40Z","2024-04-22T13:40Z","Illinois State Water Survey Central Analytical Laboratory",386.0,0.00590,5,"2024-04-25","B",,
"1d7c84df-b217-47b4-86bb-a48aad3af664","D02","POSE","POSE.AOS.S2","POSE.SS.20240422.FIL","A00000370901","2024-04-22T13:40Z","2024-04-22T13:40Z","Illinois State Water Survey Central Analytical Laboratory",382.0,0.00634,5,"2024-04-25","B",,
"087fe217-4df8-4463-998f-c42352376305","D02","POSE","POSE.AOS.S2","POSE.SS.20240422.FIL","A00000370901","2024-04-22T13:40Z","2024-04-22T13:40Z","Illinois State Water Survey Central Analytical Laboratory",376.0,0.00702,5,"2024-04-25","A",,
"177d9ade-cb4f-4671-b665-fe437650be8e","D02","POSE","POSE.AOS.S2","POSE.SS.20240422.FIL","A00000370901","2024-04-22T13:40Z","2024-04-22T13:40Z","Illinois State Water Survey Central Analytical Laboratory",512.0,0.00120,5,"2024-04-25","A",,
"3174a693-e278-483a-878f-1a9764b75239","D02","POSE","POSE.AOS.S2","POSE.SS.20240422.FIL","A00000370901","2024-04-22T13:40Z","2024-04-22T13:40Z","Illinois State Water Survey Central Analytical Laboratory",472.0,0.00184,5,"2024-04-25","A",,
"00c6c26e-8e55-4d1c-9dd9-a59895ed00eb","D02","POSE","POSE.AOS.S2","POSE.SS.20240422.FIL","A00000370901","2024-04-22T13:40Z","2024-04-22T13:40Z","Illinois State Water Survey Central Analytical Laboratory",480.0,0.00158,5,"2024-04-25","B",,
"e9845cf3-dd2f-43c2-b933-5f4e4699a4cb","D02","POSE","POSE.AOS.S2","POSE.SS.20240422.FIL","A00000370901","2024-04-22T13:40Z","2024-04-22T13:40Z","Illinois State Water Survey Central Analytical Laboratory",378.0,0.00684,5,"2024-04-25","B",,
"9d542169-1dbc-4d19-9ab9-09c1c9ef71f3","D02","POSE","POSE.AOS.S2","POSE.SS.20240422.FIL","A00000370901","2024-04-22T13:40Z","2024-04-22T13:40Z","Illinois State Water Survey Central Analytical Laboratory",588.0,0.00054,5,"2024-04-25","B",,
"c3340209-0e7c-4331-9772-421d4c701d3d","D02","POSE","POSE.AOS.S2","POSE.SS.20240422.FIL","A00000370901","2024-04-22T13:40Z","2024-04-22T13:40Z","Illinois State Water Survey Central Analytical Laboratory",270.0,0.03238,5,"2024-04-25","A",,
"945bab3d-9e4a-400b-b47a-9a7d083369bb","D02","POSE","POSE.AOS.S2","POSE.SS.20240422.FIL","A00000370901","2024-04-22T13:40Z","2024-04-22T13:40Z","Illinois State Water Survey Central Analytical Laboratory",454.0,0.00222,5,"2024-04-25","A",,
"5bb7851e-1267-4ca9-b8d7-faaa76671083","D02","POSE","POSE.AOS.S2","POSE.SS.20240422.FIL","A00000370901","2024-04-22T13:40Z","2024-04-22T13:40Z","Illinois State Water Survey Central Analytical Laboratory",444.0,0.00250,5,"2024-04-25","B",,
"7a0fad91-1f08-4cdc-bc65-135e48f7e94b","D02","POSE","POSE.AOS.S2","POSE.SS.20240422.FIL","A00000370901","2024-04-22T13:40Z","2024-04-22T13:40Z","Illinois State Water Survey Central Analytical Laboratory",354.0,0.00990,5,"2024-04-25","B",,
"16c174e1-8a42-4825-9348-77d4dfcfde89","D02","POSE","POSE.AOS.S2","POSE.SS.20240422.FIL","A00000370901","2024-04-22T13:40Z","2024-04-22T13:40Z","Illinois State Water Survey Central Analytical Laboratory",408.0,0.00434,5,"2024-04-25","A",,
"98c37108-4cbd-476a-a167-adc3e5f18429","D02","POSE","POSE.AOS.S2","POSE.SS.20240422.FIL","A00000370901","2024-04-22T13:40Z","2024-04-22T13:40Z","Illinois State Water Survey Central Analytical Laboratory",560.0,0.00066,5,"2024-04-25","A",,
"b9c7ead0-e65b-4066-9109-c2577588b426","D02","POSE","POSE.AOS.S2","POSE.SS.20240422.FIL","A00000370901","2024-04-22T13:40Z","2024-04-22T13:40Z","Illinois State Water Survey Central Analytical Laboratory",444.0,0.00256,5,"2024-04-25","A",,
"40520fb1-7b08-40a4-942d-e69184a58fd3","D02","POSE","POSE.AOS.S2","POSE.SS.20240422.FIL","A00000370901","2024-04-22T13:40Z","2024-04-22T13:40Z","Illinois State Water Survey Central Analytical Laboratory",402.0,0.00472,5,"2024-04-25","B",,
"dbde0f10-d90f-44b1-af52-494bb364d9c9","D02","POSE","POSE.AOS.S2","POSE.SS.20240422.FIL","A00000370901","2024-04-22T13:40Z","2024-04-22T13:40Z","Illinois State Water Survey Central Analytical Laboratory",340.0,0.01222,5,"2024-04-25","B",,
"ef2300ff-a316-40b3-9b17-70439bf0c9e9","D02","POSE","POSE.AOS.S2","POSE.SS.20240422.FIL","A00000370901","2024-04-22T13:40Z","2024-04-22T13:40Z","Illinois State Water Survey Central Analytical Laboratory",382.0,0.00642,5,"2024-04-25","A",,
"099bde4c-7180-4fda-adde-29999f0f2043","D02","POSE","POSE.AOS.S2","POSE.SS.20240422.FIL","A00000370901","2024-04-22T13:40Z","2024-04-22T13:40Z","Illinois State Water Survey Central Analytical Laboratory",304.0,0.02066,5,"2024-04-25","A",,
"baa096a0-5d51-4cf4-9734-c1d83a2e818b","D02","POSE","POSE.AOS.S2","POSE.SS.20240422.FIL","A00000370901","2024-04-22T13:40Z","2024-04-22T13:40Z","Illinois State Water Survey Central Analytical Laboratory",280.0,0.02886,5,"2024-04-25","B",,
"e583169d-4523-45cf-87b9-789025444ed4","D02","POSE","POSE.AOS.S2","POSE.SS.20240422.FIL","A00000370901","2024-04-22T13:40Z","2024-04-22T13:40Z","Illinois State Water Survey Central Analytical Laboratory",498.0,0.00124,5,"2024-04-25","B",,
"d36ad4ff-2a44-4515-9cb4-29826fd4a285","D02","POSE","POSE.AOS.S2","POSE.SS.20240422.FIL","A00000370901","2024-04-22T13:40Z","2024-04-22T13:40Z","Illinois State Water Survey Central Analytical Laboratory",562.0,0.00070,5,"2024-04-25","A",,
"c8bd7de7-96e4-438b-b09e-c9d491940e42","D02","POSE","POSE.AOS.S2","POSE.SS.20240422.FIL","A00000370901","2024-04-22T13:40Z","2024-04-22T13:40Z","Illinois State Water Survey Central Analytical Laboratory",408.0,0.00428,5,"2024-04-25","B",,
"31d41894-ac3e-4fb0-bae3-eadcf1f0ffe2","D02","POSE","POSE.AOS.S2","POSE.SS.20240422.FIL","A00000370901","2024-04-22T13:40Z","2024-04-22T13:40Z","Illinois State Water Survey Central Analytical Laboratory",582.0,0.00054,5,"2024-04-25","B",,
"7025eaa4-a87b-432f-8d80-ed38fb7fcbb0","D02","POSE","POSE.AOS.S2","POSE.SS.20240422.FIL","A00000370901","2024-04-22T13:40Z","2024-04-22T13:40Z","Illinois State Water Survey Central Analytical Laboratory",574.0,0.00060,5,"2024-04-25","A",,
"815c6b0b-b5bf-4c57-9653-9e0f91c486aa","D02","POSE","POSE.AOS.S2","POSE.SS.20240422.FIL","A00000370901","2024-04-22T13:40Z","2024-04-22T13:40Z","Illinois State Water Survey Central Analytical Laboratory",424.0,0.00334,5,"2024-04-25","B",,
"19a7bc92-0484-4260-83b4-a827ee7974ef","D02","POSE","POSE.AOS.S2","POSE.SS.20240422.FIL","A00000370901","2024-04-22T13:40Z","2024-04-22T13:40Z","Illinois State Water Survey Central Analytical Laboratory",374.0,0.00722,5,"2024-04-25","B",,
"edfae076-8541-4983-9221-50cbe2339388","D02","POSE","POSE.AOS.S2","POSE.SS.20240422.FIL","A00000370901","2024-04-22T13:40Z","2024-04-22T13:40Z","Illinois State Water Survey Central Analytical Laboratory",572.0,0.00062,5,"2024-04-25","A",,
"4948a013-27d2-404d-bbbf-f0a1840483b4","D02","POSE","POSE.AOS.S2","POSE.SS.20240422.FIL","A00000370901","2024-04-22T13:40Z","2024-04-22T13:40Z","Illinois State Water Survey Central Analytical Laboratory",294.0,0.02378,5,"2024-04-25","A",,
"1831d259-b63a-40c0-85ca-b6a30b4be793","D02","POSE","POSE.AOS.S2","POSE.SS.20240422.FIL","A00000370901","2024-04-22T13:40Z","2024-04-22T13:40Z","Illinois State Water Survey Central Analytical Laboratory",516.0,0.00112,5,"2024-04-25","A",,
"1e7f7204-5954-4e4f-af7f-1c88295710f2","D02","POSE","POSE.AOS.S2","POSE.SS.20240422.FIL","A00000370901","2024-04-22T13:40Z","2024-04-22T13:40Z","Illinois State Water Survey Central Analytical Laboratory",324.0,0.01554,5,"2024-04-25","A",,
"13431843-c8bb-4176-9862-d3a819a9fc18","D02","POSE","POSE.AOS.S2","POSE.SS.20240422.FIL","A00000370901","2024-04-22T13:40Z","2024-04-22T13:40Z","Illinois State Water Survey Central Analytical Laboratory",370.0,0.00778,5,"2024-04-25","A",,
"14f8b9fd-d1e0-488e-93b5-f5ac4f3611f3","D02","POSE","POSE.AOS.S2","POSE.SS.20240422.FIL","A00000370901","2024-04-22T13:40Z","2024-04-22T13:40Z","Illinois State Water Survey Central Analytical Laboratory",448.0,0.00242,5,"2024-04-25","A",,
"26c448ff-e0cd-4dc9-b6df-7fa631b648d8","D02","POSE","POSE.AOS.S2","POSE.SS.20240422.FIL","A00000370901","2024-04-22T13:40Z","2024-04-22T13:40Z","Illinois State Water Survey Central Analytical Laboratory",570.0,0.00070,5,"2024-04-25","B",,
"52555047-80a2-4e92-bf37-ac1c40f360f5","D02","POSE","POSE.AOS.S2","POSE.SS.20240422.FIL","A00000370901","2024-04-22T13:40Z","2024-04-22T13:40Z","Illinois State Water Survey Central Analytical Laboratory",312.0,0.01848,5,"2024-04-25","A",,
"ba700358-06b2-4001-bcb4-fcd430aff7ed","D02","POSE","POSE.AOS.S2","POSE.SS.20240422.FIL","A00000370901","2024-04-22T13:40Z","2024-04-22T13:40Z","Illinois State Water Survey Central Analytical Laboratory",496.0,0.00142,5,"2024-04-25","A",,
"c3ee9cf2-2bbb-4e78-894f-d021a998f88f","D02","POSE","POSE.AOS.S2","POSE.SS.20240422.FIL","A00000370901","2024-04-22T13:40Z","2024-04-22T13:40Z","Illinois State Water Survey Central Analytical Laboratory",260.0,0.03572,5,"2024-04-25","B",,
"d3e070aa-0016-4a9a-ae4d-09d678c8d053","D02","POSE","POSE.AOS.S2","POSE.SS.20240422.FIL","A00000370901","2024-04-22T13:40Z","2024-04-22T13:40Z","Illinois State Water Survey Central Analytical Laboratory",432.0,0.00306,5,"2024-04-25","A",,
"3fb09f74-831a-41db-9dda-0dc1111d99b1","D02","POSE","POSE.AOS.S2","POSE.SS.20240422.FIL","A00000370901","2024-04-22T13:40Z","2024-04-22T13:40Z","Illinois State Water Survey Central Analytical Laboratory",330.0,0.01414,5,"2024-04-25","B",,
"cb8f45fd-94a3-4613-b7ec-71e18d0c575c","D02","POSE","POSE.AOS.S2","POSE.SS.20240422.FIL","A00000370901","2024-04-22T13:40Z","2024-04-22T13:40Z","Illinois State Water Survey Central Analytical Laboratory",236.0,0.05014,5,"2024-04-25","A",,
"78f4b5d4-d94b-4544-a02a-2caf3e1f4817","D02","POSE","POSE.AOS.S2","POSE.SS.20240422.FIL","A00000370901","2024-04-22T13:40Z","2024-04-22T13:40Z","Illinois State Water Survey Central Analytical Laboratory",420.0,0.00362,5,"2024-04-25","A",,
"9a2496a6-d775-4d40-ba4f-e4d0359ed1f9","D02","POSE","POSE.AOS.S2","POSE.SS.20240422.FIL","A00000370901","2024-04-22T13:40Z","2024-04-22T13:40Z","Illinois State Water Survey Central Analytical Laboratory",280.0,0.02894,5,"2024-04-25","A",,
"c28db17e-200b-41fe-983b-3a4eedf9946d","D02","POSE","POSE.AOS.S2","POSE.SS.20240422.FIL","A00000370901","2024-04-22T13:40Z","2024-04-22T13:40Z","Illinois State Water Survey Central Analytical Laboratory",358.0,0.00932,5,"2024-04-25","B",,
"6ffa81e9-a73e-4c80-84bf-3e45b464342a","D02","POSE","POSE.AOS.S2","POSE.SS.20240422.FIL","A00000370901","2024-04-22T13:40Z","2024-04-22T13:40Z","Illinois State Water Survey Central Analytical Laboratory",600.0,0.00050,5,"2024-04-25","B",,
"2a8e7cb8-438a-4203-9a66-3a44a57255ef","D02","POSE","POSE.AOS.S2","POSE.SS.20240422.FIL","A00000370901","2024-04-22T13:40Z","2024-04-22T13:40Z","Illinois State Water Survey Central Analytical Laboratory",506.0,0.00114,5,"2024-04-25","B",,
"fb95fb70-add9-4314-9d4e-acc0859d014d","D02","POSE","POSE.AOS.S2","POSE.SS.20240422.FIL","A00000370901","2024-04-22T13:40Z","2024-04-22T13:40Z","Illinois State Water Survey Central Analytical Laboratory",564.0,0.00070,5,"2024-04-25","B",,
"476a41a1-80da-484a-a2a5-1e2fae1c3e42","D02","POSE","POSE.AOS.S2","POSE.SS.20240422.FIL","A00000370901","2024-04-22T13:40Z","2024-04-22T13:40Z","Illinois State Water Survey Central Analytical Laboratory",466.0,0.00186,5,"2024-04-25","B",,
"52d629f3-bee0-4c7b-ac9d-cff80e0f4cf6","D02","POSE","POSE.AOS.S2","POSE.SS.20240422.FIL","A00000370901","2024-04-22T13:40Z","2024-04-22T13:40Z","Illinois State Water Survey Central Analytical Laboratory",484.0,0.00154,5,"2024-04-25","B",,
"4e0650cb-0050-4f3f-adab-87638ed8b03c","D02","POSE","POSE.AOS.S2","POSE.SS.20240422.FIL","A00000370901","2024-04-22T13:40Z","2024-04-22T13:40Z","Illinois State Water Survey Central Analytical Laboratory",362.0,0.00878,5,"2024-04-25","A",,
"ce787fe2-4688-42df-abee-094e0aee8a3a","D02","POSE","POSE.AOS.S2","POSE.SS.20240422.FIL","A00000370901","2024-04-22T13:40Z","2024-04-22T13:40Z","Illinois State Water Survey Central Analytical Laboratory",398.0,0.00502,5,"2024-04-25","A",,
"e9c80ab3-ee88-4f3b-91b6-c4534a0eed77","D02","POSE","POSE.AOS.S2","POSE.SS.20240422.FIL","A00000370901","2024-04-22T13:40Z","2024-04-22T13:40Z","Illinois State Water Survey Central Analytical Laboratory",264.0,0.03438,5,"2024-04-25","B",,
"3edda26c-7e3c-410f-b839-fa83159fb83e","D02","POSE","POSE.AOS.S2","POSE.SS.20240422.FIL","A00000370901","2024-04-22T13:40Z","2024-04-22T13:40Z","Illinois State Water Survey Central Analytical Laboratory",470.0,0.00176,5,"2024-04-25","B",,
"1c58e9b1-e4ff-445c-8416-2ade6170e251","D02","POSE","POSE.AOS.S2","POSE.SS.20240422.FIL","A00000370901","2024-04-22T13:40Z","2024-04-22T13:40Z","Illinois State Water Survey Central Analytical Laboratory",520.0,0.00104,5,"2024-04-25","B",,
"6eb4591f-42d3-435c-9e2a-ecd3fb03f09f","D02","POSE","POSE.AOS.S2","POSE.SS.20240422.FIL","A00000370901","2024-04-22T13:40Z","2024-04-22T13:40Z","Illinois State Water Survey Central Analytical Laboratory",320.0,0.01650,5,"2024-04-25","A",,
"ff070fbf-01ed-4ad4-8d91-e2f9c687848a","D02","POSE","POSE.AOS.S2","POSE.SS.20240422.FIL","A00000370901","2024-04-22T13:40Z","2024-04-22T13:40Z","Illinois State Water Survey Central Analytical Laboratory",542.0,0.00088,5,"2024-04-25","A",,
"373f6e6c-de1b-4062-9b15-eda98f3f8dea","D02","POSE","POSE.AOS.S2","POSE.SS.20240422.FIL","A00000370901","2024-04-22T13:40Z","2024-04-22T13:40Z","Illinois State Water Survey Central Analytical Laboratory",448.0,0.00238,5,"2024-04-25","B",,
"c83d7411-2a15-4e41-aec7-d1438dd4ec1b","D02","POSE","POSE.AOS.S2","POSE.SS.20240422.FIL","A00000370901","2024-04-22T13:40Z","2024-04-22T13:40Z","Illinois State Water Survey Central Analytical Laboratory",596.0,0.00046,5,"2024-04-25","B",,
"4a1902c4-5215-4a49-a060-3dcefd86c24e","D02","POSE","POSE.AOS.S2","POSE.SS.20240422.FIL","A00000370901","2024-04-22T13:40Z","2024-04-22T13:40Z","Illinois State Water Survey Central Analytical Laboratory",242.0,0.04402,5,"2024-04-25","A",,
"8f7248a7-9034-42d7-899f-dd149f5fffa8","D02","POSE","POSE.AOS.S2","POSE.SS.20240422.FIL","A00000370901","2024-04-22T13:40Z","2024-04-22T13:40Z","Illinois State Water Survey Central Analytical Laboratory",344.0,0.01150,5,"2024-04-25","B",,
"2b3c0e77-1245-443c-8475-4b79426f0335","D02","POSE","POSE.AOS.S2","POSE.SS.20240422.FIL","A00000370901","2024-04-22T13:40Z","2024-04-22T13:40Z","Illinois State Water Survey Central Analytical Laboratory",416.0,0.00370,5,"2024-04-25","B",,
"aa7d39c6-aa19-4d6d-99e7-bf77181ddad5","D02","POSE","POSE.AOS.S2","POSE.SS.20240422.FIL","A00000370901","2024-04-22T13:40Z","2024-04-22T13:40Z","Illinois State Water Survey Central Analytical Laboratory",568.0,0.00056,5,"2024-04-25","B",,
"7e396350-05ef-4280-8307-16a05ad2a565","D02","POSE","POSE.AOS.S2","POSE.SS.20240422.FIL","A00000370901","2024-04-22T13:40Z","2024-04-22T13:40Z","Illinois State Water Survey Central Analytical Laboratory",538.0,0.00090,5,"2024-04-25","A",,
"26ddd5b7-11e8-4f7a-8c45-23dad0cb1d3c","D02","POSE","POSE.AOS.S2","POSE.SS.20240422.FIL","A00000370901","2024-04-22T13:40Z","2024-04-22T13:40Z","Illinois State Water Survey Central Analytical Laboratory",474.0,0.00180,5,"2024-04-25","A",,
"7c09e735-bc96-4c99-a469-b0d55449539c","D02","POSE","POSE.AOS.S2","POSE.SS.20240422.FIL","A00000370901","2024-04-22T13:40Z","2024-04-22T13:40Z","Illinois State Water Survey Central Analytical Laboratory",234.0,0.05320,5,"2024-04-25","A",,
"cf3e2123-0963-4c4c-a00a-977cbbae9446","D02","POSE","POSE.AOS.S2","POSE.SS.20240422.FIL","A00000370901","2024-04-22T13:40Z","2024-04-22T13:40Z","Illinois State Water Survey Central Analytical Laboratory",526.0,0.00096,5,"2024-04-25","A",,
"535e3cfc-5b1a-4f0f-a6fb-114fe71b7e66","D02","POSE","POSE.AOS.S2","POSE.SS.20240422.FIL","A00000370901","2024-04-22T13:40Z","2024-04-22T13:40Z","Illinois State Water Survey Central Analytical Laboratory",334.0,0.01338,5,"2024-04-25","A",,
"3e728ace-a7b6-40ed-b74a-5662d3d06f84","D02","POSE","POSE.AOS.S2","POSE.SS.20240422.FIL","A00000370901","2024-04-22T13:40Z","2024-04-22T13:40Z","Illinois State Water Survey Central Analytical Laboratory",304.0,0.02064,5,"2024-04-25","B",,
"3c6aab42-9051-4c5c-8a3b-880352451b3b","D02","POSE","POSE.AOS.S2","POSE.SS.20240422.FIL","A00000370901","2024-04-22T13:40Z","2024-04-22T13:40Z","Illinois State Water Survey Central Analytical Laboratory",220.0,0.10464,5,"2024-04-25","B",,
"554ad6ea-fa08-4fe9-922a-720e595914b3","D02","POSE","POSE.AOS.S2","POSE.SS.20240422.FIL","A00000370901","2024-04-22T13:40Z","2024-04-22T13:40Z","Illinois State Water Survey Central Analytical Laboratory",450.0,0.00232,5,"2024-04-25","A",,
"d533dfcc-e0be-4959-be69-9477ccfe1cd7","D02","POSE","POSE.AOS.S2","POSE.SS.20240422.FIL","A00000370901","2024-04-22T13:40Z","2024-04-22T13:40Z","Illinois State Water Survey Central Analytical Laboratory",234.0,0.05310,5,"2024-04-25","B",,
"c1548747-b61b-4f41-abf2-1b9b9218b696","D02","POSE","POSE.AOS.S2","POSE.SS.20240422.FIL","A00000370901","2024-04-22T13:40Z","2024-04-22T13:40Z","Illinois State Water Survey Central Analytical Laboratory",222.0,0.09292,5,"2024-04-25","B",,
"d19de98c-0178-4948-a306-039def57e091","D02","POSE","POSE.AOS.S2","POSE.SS.20240422.FIL","A00000370901","2024-04-22T13:40Z","2024-04-22T13:40Z","Illinois State Water Survey Central Analytical Laboratory",348.0,0.01086,5,"2024-04-25","B",,
"9e2cc254-cf14-429f-a0e8-c18974d43c5b","D02","POSE","POSE.AOS.S2","POSE.SS.20240422.FIL","A00000370901","2024-04-22T13:40Z","2024-04-22T13:40Z","Illinois State Water Survey Central Analytical Laboratory",262.0,0.03504,5,"2024-04-25","B",,
"95e5d588-2060-49a0-a27b-828db032b8ad","D02","POSE","POSE.AOS.S2","POSE.SS.20240422.FIL","A00000370901","2024-04-22T13:40Z","2024-04-22T13:40Z","Illinois State Water Survey Central Analytical Laboratory",264.0,0.03444,5,"2024-04-25","A",,
"d400cfd8-5d47-484f-92b7-fce1754070de","D02","POSE","POSE.AOS.S2","POSE.SS.20240422.FIL","A00000370901","2024-04-22T13:40Z","2024-04-22T13:40Z","Illinois State Water Survey Central Analytical Laboratory",418.0,0.00364,5,"2024-04-25","B",,
"5dde775e-56fa-432d-aef6-e46b62a9e441","D02","POSE","POSE.AOS.S2","POSE.SS.20240422.FIL","A00000370901","2024-04-22T13:40Z","2024-04-22T13:40Z","Illinois State Water Survey Central Analytical Laboratory",314.0,0.01790,5,"2024-04-25","B",,
"2a12e775-f7bf-46f8-8a8b-7fe434469e7e","D02","POSE","POSE.AOS.S2","POSE.SS.20240422.FIL","A00000370901","2024-04-22T13:40Z","2024-04-22T13:40Z","Illinois State Water Survey Central Analytical Laboratory",454.0,0.00218,5,"2024-04-25","B",,
"7cba9378-5428-45f5-9de9-687b023ce547","D02","POSE","POSE.AOS.S2","POSE.SS.20240422.FIL","A00000370901","2024-04-22T13:40Z","2024-04-22T13:40Z","Illinois State Water Survey Central Analytical Laboratory",258.0,0.03642,5,"2024-04-25","A",,
"9a21f19e-53df-485e-af4b-20889db2b718","D02","POSE","POSE.AOS.S2","POSE.SS.20240422.FIL","A00000370901","2024-04-22T13:40Z","2024-04-22T13:40Z","Illinois State Water Survey Central Analytical Laboratory",426.0,0.00336,5,"2024-04-25","A",,
"4bcf4fe1-4225-492c-a01d-521328713241","D02","POSE","POSE.AOS.S2","POSE.SS.20240422.FIL","A00000370901","2024-04-22T13:40Z","2024-04-22T13:40Z","Illinois State Water Survey Central Analytical Laboratory",348.0,0.01088,5,"2024-04-25","A",,
"9cbe0ee4-e595-4071-8b4e-66be45ca1aed","D02","POSE","POSE.AOS.S2","POSE.SS.20240422.FIL","A00000370901","2024-04-22T13:40Z","2024-04-22T13:40Z","Illinois State Water Survey Central Analytical Laboratory",294.0,0.02374,5,"2024-04-25","B",,
"c9c947a3-7ba5-4c11-a832-0bb7b6ced329","D02","POSE","POSE.AOS.S2","POSE.SS.20240422.FIL","A00000370901","2024-04-22T13:40Z","2024-04-22T13:40Z","Illinois State Water Survey Central Analytical Laboratory",396.0,0.00516,5,"2024-04-25","A",,
"625f91a7-27e0-4305-af86-8ae02088bf81","D02","POSE","POSE.AOS.S2","POSE.SS.20240422.FIL","A00000370901","2024-04-22T13:40Z","2024-04-22T13:40Z","Illinois State Water Survey Central Analytical Laboratory",344.0,0.01154,5,"2024-04-25","A",,
"4608f7c6-786e-4cd4-a87a-3bd3242c6681","D02","POSE","POSE.AOS.S2","POSE.SS.20240422.FIL","A00000370901","2024-04-22T13:40Z","2024-04-22T13:40Z","Illinois State Water Survey Central Analytical Laboratory",384.0,0.00616,5,"2024-04-25","B",,
"f21bd11f-1617-4ccf-8917-6ce854d2af4a","D02","POSE","POSE.AOS.S2","POSE.SS.20240422.FIL","A00000370901","2024-04-22T13:40Z","2024-04-22T13:40Z","Illinois State Water Survey Central Analytical Laboratory",552.0,0.00072,5,"2024-04-25","A",,
"d182253f-8dff-41d8-a7ba-f72c4fe69ea7","D02","POSE","POSE.AOS.S2","POSE.SS.20240422.FIL","A00000370901","2024-04-22T13:40Z","2024-04-22T13:40Z","Illinois State Water Survey Central Analytical Laboratory",442.0,0.00262,5,"2024-04-25","B",,
"a072b6a5-dabd-402b-8d53-ff49e701a077","D02","POSE","POSE.AOS.S2","POSE.SS.20240422.FIL","A00000370901","2024-04-22T13:40Z","2024-04-22T13:40Z","Illinois State Water Survey Central Analytical Laboratory",306.0,0.02010,5,"2024-04-25","A",,
"ce5e6c61-2ee0-40ea-bce1-e8448c830d63","D02","POSE","POSE.AOS.S2","POSE.SS.20240422.FIL","A00000370901","2024-04-22T13:40Z","2024-04-22T13:40Z","Illinois State Water Survey Central Analytical Laboratory",226.0,0.07402,5,"2024-04-25","B",,
"0a8279e8-bff4-430c-992d-63f2a09a6609","D02","POSE","POSE.AOS.S2","POSE.SS.20240422.FIL","A00000370901","2024-04-22T13:40Z","2024-04-22T13:40Z","Illinois State Water Survey Central Analytical Laboratory",308.0,0.01948,5,"2024-04-25","B",,
"49b180ec-9078-4406-9f67-7848baf2b7e6","D02","POSE","POSE.AOS.S2","POSE.SS.20240422.FIL","A00000370901","2024-04-22T13:40Z","2024-04-22T13:40Z","Illinois State Water Survey Central Analytical Laboratory",532.0,0.00094,5,"2024-04-25","A",,
"e06fa5f1-abb8-4cf8-a584-2f33dfdc3c59","D02","POSE","POSE.AOS.S2","POSE.SS.20240422.FIL","A00000370901","2024-04-22T13:40Z","2024-04-22T13:40Z","Illinois State Water Survey Central Analytical Laboratory",526.0,0.00092,5,"2024-04-25","B",,
"52eee9a0-2cd9-4c8f-8710-b284c1b655ed","D02","POSE","POSE.AOS.S2","POSE.SS.20240422.FIL","A00000370901","2024-04-22T13:40Z","2024-04-22T13:40Z","Illinois State Water Survey Central Analytical Laboratory",324.0,0.01552,5,"2024-04-25","B",,
"2f42ec29-c853-4830-92cf-d3e926dffe03","D02","POSE","POSE.AOS.S2","POSE.SS.20240422.FIL","A00000370901","2024-04-22T13:40Z","2024-04-22T13:40Z","Illinois State Water Survey Central Analytical Laboratory",296.0,0.02304,5,"2024-04-25","B",,
"fe278cea-42cb-4f64-b280-27d1edce886d","D02","POSE","POSE.AOS.S2","POSE.SS.20240422.FIL","A00000370901","2024-04-22T13:40Z","2024-04-22T13:40Z","Illinois State Water Survey Central Analytical Laboratory",262.0,0.03512,5,"2024-04-25","A",,
"d0fb3d82-5263-42ee-9401-c463de916a99","D02","POSE","POSE.AOS.S2","POSE.SS.20240422.FIL","A00000370901","2024-04-22T13:40Z","2024-04-22T13:40Z","Illinois State Water Survey Central Analytical Laboratory",504.0,0.00130,5,"2024-04-25","A",,
"809527b7-c034-4191-b61b-cbad77089d01","D02","POSE","POSE.AOS.S2","POSE.SS.20240422.FIL","A00000370901","2024-04-22T13:40Z","2024-04-22T13:40Z","Illinois State Water Survey Central Analytical Laboratory",600.0,0.00058,5,"2024-04-25","A",,
"2a8aa4d6-765c-40ae-a10a-3c28eb973ad2","D02","POSE","POSE.AOS.S2","POSE.SS.20240422.FIL","A00000370901","2024-04-22T13:40Z","2024-04-22T13:40Z","Illinois State Water Survey Central Analytical Laboratory",546.0,0.00078,5,"2024-04-25","B",,
"ecd80ae8-3aec-4101-a2ec-39cd3958bec7","D02","POSE","POSE.AOS.S2","POSE.SS.20240422.FIL","A00000370901","2024-04-22T13:40Z","2024-04-22T13:40Z","Illinois State Water Survey Central Analytical Laboratory",248.0,0.04042,5,"2024-04-25","A",,
"39089ce6-a4fc-4127-a2c8-ee2391b7492a","D02","POSE","POSE.AOS.S2","POSE.SS.20240422.FIL","A00000370901","2024-04-22T13:40Z","2024-04-22T13:40Z","Illinois State Water Survey Central Analytical Laboratory",594.0,0.00042,5,"2024-04-25","A",,
"a3708d42-792f-458a-9a42-069d52a1659d","D02","POSE","POSE.AOS.S2","POSE.SS.20240422.FIL","A00000370901","2024-04-22T13:40Z","2024-04-22T13:40Z","Illinois State Water Survey Central Analytical Laboratory",394.0,0.00528,5,"2024-04-25","A",,
"08051f17-bf93-4ed8-b4be-d6c7e52ef01e","D02","POSE","POSE.AOS.S2","POSE.SS.20240422.FIL","A00000370901","2024-04-22T13:40Z","2024-04-22T13:40Z","Illinois State Water Survey Central Analytical Laboratory",488.0,0.00146,5,"2024-04-25","B",,
"15c96541-1bba-499c-8d53-52a16e0f911c","D02","POSE","POSE.AOS.S2","POSE.SS.20240422.FIL","A00000370901","2024-04-22T13:40Z","2024-04-22T13:40Z","Illinois State Water Survey Central Analytical Laboratory",230.0,0.06190,5,"2024-04-25","B",,
"5c229d1e-9057-4e2c-a243-f69b19aaa123","D02","POSE","POSE.AOS.S2","POSE.SS.20240422.FIL","A00000370901","2024-04-22T13:40Z","2024-04-22T13:40Z","Illinois State Water Survey Central Analytical Laboratory",486.0,0.00144,5,"2024-04-25","B",,
"35ffa63d-29ef-4ec7-9145-18b3064987f9","D02","POSE","POSE.AOS.S2","POSE.SS.20240422.FIL","A00000370901","2024-04-22T13:40Z","2024-04-22T13:40Z","Illinois State Water Survey Central Analytical Laboratory",228.0,0.06700,5,"2024-04-25","A",,
"5a90d8e2-c6e8-44ba-a86a-d757636a8af1","D02","POSE","POSE.AOS.S2","POSE.SS.20240422.FIL","A00000370901","2024-04-22T13:40Z","2024-04-22T13:40Z","Illinois State Water Survey Central Analytical Laboratory",564.0,0.00070,5,"2024-04-25","A",,
"61e774a3-e8d9-448c-9b05-360085115d11","D02","POSE","POSE.AOS.S2","POSE.SS.20240422.FIL","A00000370901","2024-04-22T13:40Z","2024-04-22T13:40Z","Illinois State Water Survey Central Analytical Laboratory",346.0,0.01124,5,"2024-04-25","A",,
"426dfd74-0e8a-4bfa-946d-f0681259e58c","D02","POSE","POSE.AOS.S2","POSE.SS.20240422.FIL","A00000370901","2024-04-22T13:40Z","2024-04-22T13:40Z","Illinois State Water Survey Central Analytical Laboratory",442.0,0.00266,5,"2024-04-25","A",,
"cdfb4ca7-fbb9-44fa-9896-05c49e71035d","D02","POSE","POSE.AOS.S2","POSE.SS.20240422.FIL","A00000370901","2024-04-22T13:40Z","2024-04-22T13:40Z","Illinois State Water Survey Central Analytical Laboratory",274.0,0.03096,5,"2024-04-25","B",,
"493fe719-e44b-4dd9-8daf-cccecbac58b2","D02","POSE","POSE.AOS.S2","POSE.SS.20240422.FIL","A00000370901","2024-04-22T13:40Z","2024-04-22T13:40Z","Illinois State Water Survey Central Analytical Laboratory",354.0,0.00994,5,"2024-04-25","A",,
"cfe367d8-ef5a-4e2b-8fb5-a266467cca55","D02","POSE","POSE.AOS.S2","POSE.SS.20240422.FIL","A00000370901","2024-04-22T13:40Z","2024-04-22T13:40Z","Illinois State Water Survey Central Analytical Laboratory",394.0,0.00526,5,"2024-04-25","B",,
"ce46253e-4c4e-4006-bbac-9bb92046478c","D02","POSE","POSE.AOS.S2","POSE.SS.20240422.FIL","A00000370901","2024-04-22T13:40Z","2024-04-22T13:40Z","Illinois State Water Survey Central Analytical Laboratory",250.0,0.03952,5,"2024-04-25","A",,
"be840ae1-360e-4d45-ba50-8f73980f1e16","D02","POSE","POSE.AOS.S2","POSE.SS.20240422.FIL","A00000370901","2024-04-22T13:40Z","2024-04-22T13:40Z","Illinois State Water Survey Central Analytical Laboratory",498.0,0.00134,5,"2024-04-25","A",,
"6c37cf00-e4ef-4cfa-87bb-4d70c5b56444","D02","POSE","POSE.AOS.S2","POSE.SS.20240422.FIL","A00000370901","2024-04-22T13:40Z","2024-04-22T13:40Z","Illinois State Water Survey Central Analytical Laboratory",544.0,0.00082,5,"2024-04-25","A",,
"805426a3-1a2c-476e-aefc-9b39d4be9c9c","D02","POSE","POSE.AOS.S2","POSE.SS.20240422.FIL","A00000370901","2024-04-22T13:40Z","2024-04-22T13:40Z","Illinois State Water Survey Central Analytical Laboratory",244.0,0.04268,5,"2024-04-25","B",,
"d10496f3-4bac-486a-9479-eaf26afb7c3f","D02","POSE","POSE.AOS.S2","POSE.SS.20240422.FIL","A00000370901","2024-04-22T13:40Z","2024-04-22T13:40Z","Illinois State Water Survey Central Analytical Laboratory",468.0,0.00188,5,"2024-04-25","A",,
"4a020490-babd-46a7-a6f5-4d96299e794e","D02","POSE","POSE.AOS.S2","POSE.SS.20240422.FIL","A00000370901","2024-04-22T13:40Z","2024-04-22T13:40Z","Illinois State Water Survey Central Analytical Laboratory",576.0,0.00054,5,"2024-04-25","B",,
"214bc44a-72ad-4d52-ba3b-8ee2c61f1f09","D02","POSE","POSE.AOS.S2","POSE.SS.20240422.FIL","A00000370901","2024-04-22T13:40Z","2024-04-22T13:40Z","Illinois State Water Survey Central Analytical Laboratory",378.0,0.00684,5,"2024-04-25","A",,
"4f20732d-98d6-4000-8b78-5d14d5e0ca21","D02","POSE","POSE.AOS.S2","POSE.SS.20240422.FIL","A00000370901","2024-04-22T13:40Z","2024-04-22T13:40Z","Illinois State Water Survey Central Analytical Laboratory",566.0,0.00064,5,"2024-04-25","A",,
"63914a78-1468-425c-8564-9f645af4590d","D02","POSE","POSE.AOS.S2","POSE.SS.20240422.FIL","A00000370901","2024-04-22T13:40Z","2024-04-22T13:40Z","Illinois State Water Survey Central Analytical Laboratory",332.0,0.01374,5,"2024-04-25","B",,
"03591986-2284-4b3c-abf1-4bcde7ba4785","D02","POSE","POSE.AOS.S2","POSE.SS.20240422.FIL","A00000370901","2024-04-22T13:40Z","2024-04-22T13:40Z","Illinois State Water Survey Central Analytical Laboratory",478.0,0.00172,5,"2024-04-25","A",,
"c03f0fd1-54b4-42b8-af2b-af646d4b51e5","D02","POSE","POSE.AOS.S2","POSE.SS.20240422.FIL","A00000370901","2024-04-22T13:40Z","2024-04-22T13:40Z","Illinois State Water Survey Central Analytical Laboratory",570.0,0.00064,5,"2024-04-25","A",,
"4cdc4d73-6aac-41ce-b4e1-cbb0b1f994d1","D02","POSE","POSE.AOS.S2","POSE.SS.20240422.FIL","A00000370901","2024-04-22T13:40Z","2024-04-22T13:40Z","Illinois State Water Survey Central Analytical Laboratory",396.0,0.00516,5,"2024-04-25","B",,
"4e2824d2-feaa-4cce-a78e-55c1a067b730","D02","POSE","POSE.AOS.S2","POSE.SS.20240422.FIL","A00000370901","2024-04-22T13:40Z","2024-04-22T13:40Z","Illinois State Water Survey Central Analytical Laboratory",440.0,0.00278,5,"2024-04-25","A",,
"fa32f093-629a-4444-92c3-ad7a5d1c47d9","D02","POSE","POSE.AOS.S2","POSE.SS.20240422.FIL","A00000370901","2024-04-22T13:40Z","2024-04-22T13:40Z","Illinois State Water Survey Central Analytical Laboratory",428.0,0.00316,5,"2024-04-25","B",,
"7c5a6d16-2761-490b-80d3-d7f771db6a69","D02","POSE","POSE.AOS.S2","POSE.SS.20240422.FIL","A00000370901","2024-04-22T13:40Z","2024-04-22T13:40Z","Illinois State Water Survey Central Analytical Laboratory",502.0,0.00130,5,"2024-04-25","A",,
"f482d915-734f-4cf5-88ec-32f32ab2a435","D02","POSE","POSE.AOS.S2","POSE.SS.20240422.FIL","A00000370901","2024-04-22T13:40Z","2024-04-22T13:40Z","Illinois State Water Survey Central Analytical Laboratory",272.0,0.03172,5,"2024-04-25","B",,
"5250860c-0dee-40b0-9cf3-958891a3000c","D02","POSE","POSE.AOS.S2","POSE.SS.20240422.FIL","A00000370901","2024-04-22T13:40Z","2024-04-22T13:40Z","Illinois State Water Survey Central Analytical Laboratory",522.0,0.00106,5,"2024-04-25","A",,
"95552fa8-b4fb-4740-b30c-04c19170ee47","D02","POSE","POSE.AOS.S2","POSE.SS.20240422.FIL","A00000370901","2024-04-22T13:40Z","2024-04-22T13:40Z","Illinois State Water Survey Central Analytical Laboratory",504.0,0.00118,5,"2024-04-25","B",,
"695a659d-c05a-4ab2-8906-3b82bfc4b3e9","D02","POSE","POSE.AOS.S2","POSE.SS.20240422.FIL","A00000370901","2024-04-22T13:40Z","2024-04-22T13:40Z","Illinois State Water Survey Central Analytical Laboratory",492.0,0.00142,5,"2024-04-25","B",,
"86a08dd6-92d2-4413-ab25-7b5326ff3d90","D02","POSE","POSE.AOS.S2","POSE.SS.20240422.FIL","A00000370901","2024-04-22T13:40Z","2024-04-22T13:40Z","Illinois State Water Survey Central Analytical Laboratory",318.0,0.01692,5,"2024-04-25","B",,
"432a4691-0235-4c8e-9098-d3dd92cc6a7d","D02","POSE","POSE.AOS.S2","POSE.SS.20240422.FIL","A00000370901","2024-04-22T13:40Z","2024-04-22T13:40Z","Illinois State Water Survey Central Analytical Laboratory",566.0,0.00060,5,"2024-04-25","B",,
"95b6bafa-b152-4ffe-9196-e96491c26fc4","D02","POSE","POSE.AOS.S2","POSE.SS.20240422.FIL","A00000370901","2024-04-22T13:40Z","2024-04-22T13:40Z","Illinois State Water Survey Central Analytical Laboratory",308.0,0.01952,5,"2024-04-25","A",,
"504ebd1b-d1be-4975-b70a-ff1fb5e1e4a2","D02","POSE","POSE.AOS.S2","POSE.SS.20240422.FIL","A00000370901","2024-04-22T13:40Z","2024-04-22T13:40Z","Illinois State Water Survey Central Analytical Laboratory",490.0,0.00148,5,"2024-04-25","A",,
"7dc4b939-228a-4bb0-85f4-5362e7f1a537","D02","POSE","POSE.AOS.S2","POSE.SS.20240422.FIL","A00000370901","2024-04-22T13:40Z","2024-04-22T13:40Z","Illinois State Water Survey Central Analytical Laboratory",494.0,0.00140,5,"2024-04-25","A",,
"a6af82bb-275d-499b-a370-50b401754781","D02","POSE","POSE.AOS.S2","POSE.SS.20240422.FIL","A00000370901","2024-04-22T13:40Z","2024-04-22T13:40Z","Illinois State Water Survey Central Analytical Laboratory",458.0,0.00204,5,"2024-04-25","B",,
"4fff5162-9e24-4f7d-8817-5c38a5f1af11","D02","POSE","POSE.AOS.S2","POSE.SS.20240422.FIL","A00000370901","2024-04-22T13:40Z","2024-04-22T13:40Z","Illinois State Water Survey Central Analytical Laboratory",560.0,0.00070,5,"2024-04-25","B",,
"b4e915da-9955-4321-8c3a-89fa4be81be0","D02","POSE","POSE.AOS.S2","POSE.SS.20240422.FIL","A00000370901","2024-04-22T13:40Z","2024-04-22T13:40Z","Illinois State Water Survey Central Analytical Laboratory",238.0,0.04776,5,"2024-04-25","A",,
"176ee246-1b29-4301-ba90-4a7bce33f704","D02","POSE","POSE.AOS.S2","POSE.SS.20240422.FIL","A00000370901","2024-04-22T13:40Z","2024-04-22T13:40Z","Illinois State Water Survey Central Analytical Laboratory",590.0,0.00050,5,"2024-04-25","A",,
"7691282b-dacc-4009-9ab7-e8c5e712c689","D02","POSE","POSE.AOS.S2","POSE.SS.20240422.FIL","A00000370901","2024-04-22T13:40Z","2024-04-22T13:40Z","Illinois State Water Survey Central Analytical Laboratory",586.0,0.00044,5,"2024-04-25","A",,
"a7abb3f5-aa3b-4fc6-8bb7-51b840ecace3","D02","POSE","POSE.AOS.S2","POSE.SS.20240422.FIL","A00000370901","2024-04-22T13:40Z","2024-04-22T13:40Z","Illinois State Water Survey Central Analytical Laboratory",540.0,0.00090,5,"2024-04-25","A",,
"a16052fe-9f98-4d41-9c86-de6c269ae0a6","D02","POSE","POSE.AOS.S2","POSE.SS.20240422.FIL","A00000370901","2024-04-22T13:40Z","2024-04-22T13:40Z","Illinois State Water Survey Central Analytical Laboratory",370.0,0.00766,5,"2024-04-25","B",,
"e069f995-3bdf-4ec6-aacc-5d66e9e7555c","D02","POSE","POSE.AOS.S2","POSE.SS.20240422.FIL","A00000370901","2024-04-22T13:40Z","2024-04-22T13:40Z","Illinois State Water Survey Central Analytical Laboratory",536.0,0.00094,5,"2024-04-25","A",,
"aafdc83d-05a0-4555-a49c-cb9192381a3d","D02","POSE","POSE.AOS.S2","POSE.SS.20240422.FIL","A00000370901","2024-04-22T13:40Z","2024-04-22T13:40Z","Illinois State Water Survey Central Analytical Laboratory",334.0,0.01336,5,"2024-04-25","B",,
"39058ded-40fd-4617-9763-c2f9cdaef893","D02","POSE","POSE.AOS.S2","POSE.SS.20240422.FIL","A00000370901","2024-04-22T13:40Z","2024-04-22T13:40Z","Illinois State Water Survey Central Analytical Laboratory",456.0,0.00212,5,"2024-04-25","B",,
"4d99986a-0342-417d-985e-4cf1b7c98ccb","D02","POSE","POSE.AOS.S2","POSE.SS.20240422.FIL","A00000370901","2024-04-22T13:40Z","2024-04-22T13:40Z","Illinois State Water Survey Central Analytical Laboratory",518.0,0.00104,5,"2024-04-25","B",,
"349b2dc4-fcc2-41d2-909a-ec22a1f4c807","D02","POSE","POSE.AOS.S2","POSE.SS.20240422.FIL","A00000370901","2024-04-22T13:40Z","2024-04-22T13:40Z","Illinois State Water Survey Central Analytical Laboratory",522.0,0.00100,5,"2024-04-25","B",,
"347fe089-3029-4aec-9d20-6b4a9be9a929","D02","POSE","POSE.AOS.S2","POSE.SS.20240422.FIL","A00000370901","2024-04-22T13:40Z","2024-04-22T13:40Z","Illinois State Water Survey Central Analytical Laboratory",530.0,0.00094,5,"2024-04-25","A",,
"926d144e-da32-49e9-9743-c67036d247c8","D02","POSE","POSE.AOS.S2","POSE.SS.20240422.FIL","A00000370901","2024-04-22T13:40Z","2024-04-22T13:40Z","Illinois State Water Survey Central Analytical Laboratory",366.0,0.00822,5,"2024-04-25","B",,
"0c71dd82-f6a5-421b-91e3-b275307544e6","D02","POSE","POSE.AOS.S2","POSE.SS.20240422.FIL","A00000370901","2024-04-22T13:40Z","2024-04-22T13:40Z","Illinois State Water Survey Central Analytical Laboratory",438.0,0.00274,5,"2024-04-25","B",,
"47e22e94-4d74-4560-8134-95aafb69a956","D02","POSE","POSE.AOS.S2","POSE.SS.20240422.FIL","A00000370901","2024-04-22T13:40Z","2024-04-22T13:40Z","Illinois State Water Survey Central Analytical Laboratory",412.0,0.00402,5,"2024-04-25","A",,
"1bbaaef7-4456-412c-8658-54b493b1b364","D02","POSE","POSE.AOS.S2","POSE.SS.20240422.FIL","A00000370901","2024-04-22T13:40Z","2024-04-22T13:40Z","Illinois State Water Survey Central Analytical Laboratory",300.0,0.02184,5,"2024-04-25","B",,
"0dfe46d5-112d-47a6-8f07-d3bee075e340","D02","POSE","POSE.AOS.S2","POSE.SS.20240422.FIL","A00000370901","2024-04-22T13:40Z","2024-04-22T13:40Z","Illinois State Water Survey Central Analytical Laboratory",508.0,0.00116,5,"2024-04-25","B",,
"a553ce7b-4721-4053-98bb-57bfbbaf7ddd","D02","POSE","POSE.AOS.S2","POSE.SS.20240422.FIL","A00000370901","2024-04-22T13:40Z","2024-04-22T13:40Z","Illinois State Water Survey Central Analytical Laboratory",450.0,0.00232,5,"2024-04-25","B",,
"489b57d0-489e-42c2-af5a-ad3481fd063b","D02","POSE","POSE.AOS.S2","POSE.SS.20240422.FIL","A00000370901","2024-04-22T13:40Z","2024-04-22T13:40Z","Illinois State Water Survey Central Analytical Laboratory",496.0,0.00130,5,"2024-04-25","B",,
"453b2d31-b69f-497e-aa3e-00533f39f9e2","D02","POSE","POSE.AOS.S2","POSE.SS.20240422.FIL","A00000370901","2024-04-22T13:40Z","2024-04-22T13:40Z","Illinois State Water Survey Central Analytical Laboratory",226.0,0.07420,5,"2024-04-25","A",,
"16690405-1cf3-4254-ba75-5e30c3c3f846","D02","POSE","POSE.AOS.S2","POSE.SS.20240422.FIL","A00000370901","2024-04-22T13:40Z","2024-04-22T13:40Z","Illinois State Water Survey Central Analytical Laboratory",406.0,0.00440,5,"2024-04-25","B",,
"5c4ccfe5-8f4b-416f-bad0-274403385296","D02","POSE","POSE.AOS.S2","POSE.SS.20240422.FIL","A00000370901","2024-04-22T13:40Z","2024-04-22T13:40Z","Illinois State Water Survey Central Analytical Laboratory",232.0,0.05716,5,"2024-04-25","A",,
"8b4081b8-9f36-4b9b-bfb0-1c622354bcfa","D02","POSE","POSE.AOS.S2","POSE.SS.20240422.FIL","A00000370901","2024-04-22T13:40Z","2024-04-22T13:40Z","Illinois State Water Survey Central Analytical Laboratory",312.0,0.01846,5,"2024-04-25","B",,
"24f2ab76-7fc3-4fc9-9afe-999ca8c25a35","D02","POSE","POSE.AOS.S2","POSE.SS.20240422.FIL","A00000370901","2024-04-22T13:40Z","2024-04-22T13:40Z","Illinois State Water Survey Central Analytical Laboratory",574.0,0.00060,5,"2024-04-25","B",,
"569d8f7b-e3ae-4087-af13-01bd4d3d0d87","D02","POSE","POSE.AOS.S2","POSE.SS.20240422.FIL","A00000370901","2024-04-22T13:40Z","2024-04-22T13:40Z","Illinois State Water Survey Central Analytical Laboratory",350.0,0.01054,5,"2024-04-25","B",,
"969cca5c-b550-42b5-9673-6a6950325301","D02","POSE","POSE.AOS.S2","POSE.SS.20240422.FIL","A00000370901","2024-04-22T13:40Z","2024-04-22T13:40Z","Illinois State Water Survey Central Analytical Laboratory",550.0,0.00074,5,"2024-04-25","A",,
"88e38fb4-09b5-4cb5-a6b2-4221d254728b","D02","POSE","POSE.AOS.S2","POSE.SS.20240422.FIL","A00000370901","2024-04-22T13:40Z","2024-04-22T13:40Z","Illinois State Water Survey Central Analytical Laboratory",490.0,0.00140,5,"2024-04-25","B",,
"452c4bea-82a9-44c0-918b-bdf03f3cbc09","D02","POSE","POSE.AOS.S2","POSE.SS.20240422.FIL","A00000370901","2024-04-22T13:40Z","2024-04-22T13:40Z","Illinois State Water Survey Central Analytical Laboratory",258.0,0.03638,5,"2024-04-25","B",,
"12fd09a9-b6e8-46cb-be3d-02e00f5ce207","D02","POSE","POSE.AOS.S2","POSE.SS.20240422.FIL","A00000370901","2024-04-22T13:40Z","2024-04-22T13:40Z","Illinois State Water Survey Central Analytical Laboratory",598.0,0.00050,5,"2024-04-25","A",,
"bacefc5f-65be-4cb1-a046-a4f96646952f","D02","POSE","POSE.AOS.S2","POSE.SS.20240422.FIL","A00000370901","2024-04-22T13:40Z","2024-04-22T13:40Z","Illinois State Water Survey Central Analytical Laboratory",514.0,0.00112,5,"2024-04-25","B",,
"f0212857-6228-44db-96dd-542f6a5dad38","D02","POSE","POSE.AOS.S2","POSE.SS.20240422.FIL","A00000370901","2024-04-22T13:40Z","2024-04-22T13:40Z","Illinois State Water Survey Central Analytical Laboratory",286.0,0.02674,5,"2024-04-25","A",,
"b8fe5ce0-b237-42fc-a99a-c2fa772f185f","D02","POSE","POSE.AOS.S2","POSE.SS.20240422.FIL","A00000370901","2024-04-22T13:40Z","2024-04-22T13:40Z","Illinois State Water Survey Central Analytical Laboratory",266.0,0.03368,5,"2024-04-25","B",,
"52487286-ca9b-415d-8252-b4ca65ea5d35","D02","POSE","POSE.AOS.S2","POSE.SS.20240422.FIL","A00000370901","2024-04-22T13:40Z","2024-04-22T13:40Z","Illinois State Water Survey Central Analytical Laboratory",488.0,0.00152,5,"2024-04-25","A",,
"512f06e6-e27d-44ae-8d5c-622b500bfa61","D02","POSE","POSE.AOS.S2","POSE.SS.20240422.FIL","A00000370901","2024-04-22T13:40Z","2024-04-22T13:40Z","Illinois State Water Survey Central Analytical Laboratory",500.0,0.00118,5,"2024-04-25","B",,
"63b2bd7d-2963-4a5e-9f9e-78647a698fbb","D02","POSE","POSE.AOS.S2","POSE.SS.20240422.FIL","A00000370901","2024-04-22T13:40Z","2024-04-22T13:40Z","Illinois State Water Survey Central Analytical Laboratory",336.0,0.01298,5,"2024-04-25","B",,
"62c67e07-da04-4f09-8a7a-e0735d8e8615","D02","POSE","POSE.AOS.S2","POSE.SS.20240422.FIL","A00000370901","2024-04-22T13:40Z","2024-04-22T13:40Z","Illinois State Water Survey Central Analytical Laboratory",254.0,0.03786,5,"2024-04-25","B",,
"98d21c55-1fe5-4398-8007-117221384f03","D02","POSE","POSE.AOS.S2","POSE.SS.20240422.FIL","A00000370901","2024-04-22T13:40Z","2024-04-22T13:40Z","Illinois State Water Survey Central Analytical Laboratory",342.0,0.01190,5,"2024-04-25","A",,
"d7d55f04-cbb7-4709-a270-ff27d9bbf8b5","D02","POSE","POSE.AOS.S2","POSE.SS.20240422.FIL","A00000370901","2024-04-22T13:40Z","2024-04-22T13:40Z","Illinois State Water Survey Central Analytical Laboratory",368.0,0.00790,5,"2024-04-25","B",,
"f1f28722-9bfc-4576-b767-9337b3cf5a0e","D02","POSE","POSE.AOS.S2","POSE.SS.20240422.FIL","A00000370901","2024-04-22T13:40Z","2024-04-22T13:40Z","Illinois State Water Survey Central Analytical Laboratory",326.0,0.01506,5,"2024-04-25","A",,
"6c8d9ade-be18-4398-b79a-5d06470dfaad","D02","POSE","POSE.AOS.S2","POSE.SS.20240422.FIL","A00000370901","2024-04-22T13:40Z","2024-04-22T13:40Z","Illinois State Water Survey Central Analytical Laboratory",338.0,0.01262,5,"2024-04-25","A",,
"a73a758f-c5f6-4395-ba82-adc9164395e1","D02","POSE","POSE.AOS.S2","POSE.SS.20240422.FIL","A00000370901","2024-04-22T13:40Z","2024-04-22T13:40Z","Illinois State Water Survey Central Analytical Laboratory",556.0,0.00068,5,"2024-04-25","A",,
"104c7859-0193-4f11-8885-4282c2779f92","D02","POSE","POSE.AOS.S2","POSE.SS.20240422.FIL","A00000370901","2024-04-22T13:40Z","2024-04-22T13:40Z","Illinois State Water Survey Central Analytical Laboratory",572.0,0.00060,5,"2024-04-25","B",,
"b47fe170-b401-4228-9f2a-56e6c39b7805","D02","POSE","POSE.AOS.S2","POSE.SS.20240422.FIL","A00000370901","2024-04-22T13:40Z","2024-04-22T13:40Z","Illinois State Water Survey Central Analytical Laboratory",342.0,0.01184,5,"2024-04-25","B",,
"496e1814-32b5-4ca4-826a-9fb8dca67c37","D02","POSE","POSE.AOS.S2","POSE.SS.20240422.FIL","A00000370901","2024-04-22T13:40Z","2024-04-22T13:40Z","Illinois State Water Survey Central Analytical Laboratory",224.0,0.08262,5,"2024-04-25","B",,
"5bb45f39-40b4-4dbf-8508-bf5d683b9cc4","D02","POSE","POSE.AOS.S2","POSE.SS.20240422.FIL","A00000370901","2024-04-22T13:40Z","2024-04-22T13:40Z","Illinois State Water Survey Central Analytical Laboratory",550.0,0.00078,5,"2024-04-25","B",,
"6e525bf5-71a5-4296-9efc-7d1a27a9d566","D02","POSE","POSE.AOS.S2","POSE.SS.20240422.FIL","A00000370901","2024-04-22T13:40Z","2024-04-22T13:40Z","Illinois State Water Survey Central Analytical Laboratory",252.0,0.03862,5,"2024-04-25","A",,
"c3fb59e8-7a37-407f-a8c6-cb924b2a2b64","D02","POSE","POSE.AOS.S2","POSE.SS.20240422.FIL","A00000370901","2024-04-22T13:40Z","2024-04-22T13:40Z","Illinois State Water Survey Central Analytical Laboratory",384.0,0.00620,5,"2024-04-25","A",,
"f92578ed-f39c-449d-9946-4e3895c98d47","D02","POSE","POSE.AOS.S2","POSE.SS.20240422.FIL","A00000370901","2024-04-22T13:40Z","2024-04-22T13:40Z","Illinois State Water Survey Central Analytical Laboratory",544.0,0.00078,5,"2024-04-25","B",,
"01b08935-7f68-4250-aead-ac605be84163","D02","POSE","POSE.AOS.S2","POSE.SS.20240422.FIL","A00000370901","2024-04-22T13:40Z","2024-04-22T13:40Z","Illinois State Water Survey Central Analytical Laboratory",434.0,0.00300,5,"2024-04-25","A",,
"a4351b99-4825-4d1b-b163-bd6d01eac055","D02","POSE","POSE.AOS.S2","POSE.SS.20240422.FIL","A00000370901","2024-04-22T13:40Z","2024-04-22T13:40Z","Illinois State Water Survey Central Analytical Laboratory",438.0,0.00286,5,"2024-04-25","A",,
"cb02be28-2385-447a-b4d3-5080af544f13","D02","POSE","POSE.AOS.S2","POSE.SS.20240422.FIL","A00000370901","2024-04-22T13:40Z","2024-04-22T13:40Z","Illinois State Water Survey Central Analytical Laboratory",436.0,0.00290,5,"2024-04-25","A",,
"9ad68b50-2f4d-4320-9810-4e3baee26434","D02","POSE","POSE.AOS.S2","POSE.SS.20240422.FIL","A00000370901","2024-04-22T13:40Z","2024-04-22T13:40Z","Illinois State Water Survey Central Analytical Laboratory",524.0,0.00104,5,"2024-04-25","A",,
"ce630457-c9f3-4a82-9b8f-bde1c4c7f87f","D02","POSE","POSE.AOS.S2","POSE.SS.20240422.FIL","A00000370901","2024-04-22T13:40Z","2024-04-22T13:40Z","Illinois State Water Survey Central Analytical Laboratory",492.0,0.00148,5,"2024-04-25","A",,
"22808589-0094-444f-8550-ebde4df3e9b4","D02","POSE","POSE.AOS.S2","POSE.SS.20240422.FIL","A00000370901","2024-04-22T13:40Z","2024-04-22T13:40Z","Illinois State Water Survey Central Analytical Laboratory",430.0,0.00308,5,"2024-04-25","B",,
"33b53f9a-d9d9-4979-b31f-bba079689d74","D02","POSE","POSE.AOS.S2","POSE.SS.20240422.FIL","A00000370901","2024-04-22T13:40Z","2024-04-22T13:40Z","Illinois State Water Survey Central Analytical Laboratory",552.0,0.00076,5,"2024-04-25","B",,
"4828f659-aafc-427f-943f-2922280f8ea1","D02","POSE","POSE.AOS.S2","POSE.SS.20240422.FIL","A00000370901","2024-04-22T13:40Z","2024-04-22T13:40Z","Illinois State Water Survey Central Analytical Laboratory",326.0,0.01500,5,"2024-04-25","B",,
"23081b7b-c647-4ed5-b2ff-cb2fbad8e66c","D02","POSE","POSE.AOS.S2","POSE.SS.20240422.FIL","A00000370901","2024-04-22T13:40Z","2024-04-22T13:40Z","Illinois State Water Survey Central Analytical Laboratory",540.0,0.00080,5,"2024-04-25","B",,
"a650eba2-b018-48e2-ad08-645cac1d062f","D02","POSE","POSE.AOS.S2","POSE.SS.20240422.FIL","A00000370901","2024-04-22T13:40Z","2024-04-22T13:40Z","Illinois State Water Survey Central Analytical Laboratory",288.0,0.02600,5,"2024-04-25","B",,
"88619886-26d0-4e1c-8525-eab53aca183a","D02","POSE","POSE.AOS.S2","POSE.SS.20240422.FIL","A00000370901","2024-04-22T13:40Z","2024-04-22T13:40Z","Illinois State Water Survey Central Analytical Laboratory",392.0,0.00544,5,"2024-04-25","B",,
"73fcf9c5-a318-4d53-ac95-3ec0f439b2aa","D02","POSE","POSE.AOS.S2","POSE.SS.20240422.FIL","A00000370901","2024-04-22T13:40Z","2024-04-22T13:40Z","Illinois State Water Survey Central Analytical Laboratory",330.0,0.01420,5,"2024-04-25","A",,
"a60ea787-8dcc-4ae1-9086-d1c35030cef7","D02","POSE","POSE.AOS.S2","POSE.SS.20240422.FIL","A00000370901","2024-04-22T13:40Z","2024-04-22T13:40Z","Illinois State Water Survey Central Analytical Laboratory",228.0,0.06684,5,"2024-04-25","B",,
"84e1e728-a690-4ebd-b994-afd27e31286a","D02","POSE","POSE.AOS.S2","POSE.SS.20240422.FIL","A00000370901","2024-04-22T13:40Z","2024-04-22T13:40Z","Illinois State Water Survey Central Analytical Laboratory",470.0,0.00182,5,"2024-04-25","A",,
"7078f690-2c4c-49cf-9fca-65698900de3a","D02","POSE","POSE.AOS.S2","POSE.SS.20240422.FIL","A00000370901","2024-04-22T13:40Z","2024-04-22T13:40Z","Illinois State Water Survey Central Analytical Laboratory",260.0,0.03578,5,"2024-04-25","A",,
"d5966533-0461-4fbd-9ec0-594a221ad01a","D02","POSE","POSE.AOS.S2","POSE.SS.20240422.FIL","A00000370901","2024-04-22T13:40Z","2024-04-22T13:40Z","Illinois State Water Survey Central Analytical Laboratory",530.0,0.00092,5,"2024-04-25","B",,
"e292aacf-7185-4ad2-ac13-9dd19c5db1fc","D02","POSE","POSE.AOS.S2","POSE.SS.20240422.FIL","A00000370901","2024-04-22T13:40Z","2024-04-22T13:40Z","Illinois State Water Survey Central Analytical Laboratory",548.0,0.00080,5,"2024-04-25","B",,
"551e6682-9f8e-47aa-bec1-d78ae5222117","D02","POSE","POSE.AOS.S2","POSE.SS.20240422.FIL","A00000370901","2024-04-22T13:40Z","2024-04-22T13:40Z","Illinois State Water Survey Central Analytical Laboratory",568.0,0.00056,5,"2024-04-25","A",,
"524da7e8-ddc7-4cdf-852e-98c344dabbb3","D02","POSE","POSE.AOS.S2","POSE.SS.20240422.FIL","A00000370901","2024-04-22T13:40Z","2024-04-22T13:40Z","Illinois State Water Survey Central Analytical Laboratory",456.0,0.00216,5,"2024-04-25","A",,
"971de648-982f-4b41-b746-11453569bdd4","D02","POSE","POSE.AOS.S2","POSE.SS.20240422.FIL","A00000370901","2024-04-22T13:40Z","2024-04-22T13:40Z","Illinois State Water Survey Central Analytical Laboratory",364.0,0.00846,5,"2024-04-25","B",,
"1cb25bf7-fed6-4a2a-aec2-fadbbb8d5d57","D02","POSE","POSE.AOS.S2","POSE.SS.20240422.FIL","A00000370901","2024-04-22T13:40Z","2024-04-22T13:40Z","Illinois State Water Survey Central Analytical Laboratory",222.0,0.09318,5,"2024-04-25","A",,
"7dbf8547-fd30-44a7-a0c7-5f9199e2e8ca","D02","POSE","POSE.AOS.S2","POSE.SS.20240422.FIL","A00000370901","2024-04-22T13:40Z","2024-04-22T13:40Z","Illinois State Water Survey Central Analytical Laboratory",352.0,0.01022,5,"2024-04-25","B",,
"30b7ba0f-afa9-4062-ab10-b57967cbd343","D02","POSE","POSE.AOS.S2","POSE.SS.20240422.FIL","A00000370901","2024-04-22T13:40Z","2024-04-22T13:40Z","Illinois State Water Survey Central Analytical Laboratory",532.0,0.00088,5,"2024-04-25","B",,
"c80f3e50-17b5-49ab-bfd6-a4edf20be181","D02","POSE","POSE.AOS.S2","POSE.SS.20240422.FIL","A00000370901","2024-04-22T13:40Z","2024-04-22T13:40Z","Illinois State Water Survey Central Analytical Laboratory",288.0,0.02604,5,"2024-04-25","A",,
"1fa646aa-6cce-47a8-b393-e0b5a07416f8","D02","POSE","POSE.AOS.S2","POSE.SS.20240422.FIL","A00000370901","2024-04-22T13:40Z","2024-04-22T13:40Z","Illinois State Water Survey Central Analytical Laboratory",316.0,0.01744,5,"2024-04-25","B",,
"ded2f1d2-88d7-46cf-887f-8155fbf8d2a0","D02","POSE","POSE.AOS.S2","POSE.SS.20240422.FIL","A00000370901","2024-04-22T13:40Z","2024-04-22T13:40Z","Illinois State Water Survey Central Analytical Laboratory",516.0,0.00104,5,"2024-04-25","B",,
"381beed9-6656-43f9-83cc-582e1495f547","D02","POSE","POSE.AOS.S2","POSE.SS.20240422.FIL","A00000370901","2024-04-22T13:40Z","2024-04-22T13:40Z","Illinois State Water Survey Central Analytical Laboratory",376.0,0.00698,5,"2024-04-25","B",,
"f1c16b4c-134c-4fc5-9314-f751c28461b6","D02","POSE","POSE.AOS.S2","POSE.SS.20240422.FIL","A00000370901","2024-04-22T13:40Z","2024-04-22T13:40Z","Illinois State Water Survey Central Analytical Laboratory",410.0,0.00418,5,"2024-04-25","A",,
"12b1b4aa-2e10-4167-a353-32354d6aaed8","D02","POSE","POSE.AOS.S2","POSE.SS.20240422.FIL","A00000370901","2024-04-22T13:40Z","2024-04-22T13:40Z","Illinois State Water Survey Central Analytical Laboratory",392.0,0.00546,5,"2024-04-25","A",,
"1ef092a8-041b-4c96-acdb-ea861fca4a65","D02","POSE","POSE.AOS.S2","POSE.SS.20240422.FIL","A00000370901","2024-04-22T13:40Z","2024-04-22T13:40Z","Illinois State Water Survey Central Analytical Laboratory",336.0,0.01302,5,"2024-04-25","A",,
"dd3ab807-72fd-4caa-984f-5804365e4c28","D02","POSE","POSE.AOS.S2","POSE.SS.20240422.FIL","A00000370901","2024-04-22T13:40Z","2024-04-22T13:40Z","Illinois State Water Survey Central Analytical Laboratory",352.0,0.01026,5,"2024-04-25","A",,
"990fd197-5e1d-4093-9aa0-701e9cefebb0","D02","POSE","POSE.AOS.S2","POSE.SS.20240422.FIL","A00000370901","2024-04-22T13:40Z","2024-04-22T13:40Z","Illinois State Water Survey Central Analytical Laboratory",598.0,0.00044,5,"2024-04-25","B",,
"49c90806-c33e-4858-ac9b-56d7d7d8eeba","D02","POSE","POSE.AOS.S2","POSE.SS.20240422.FIL","A00000370901","2024-04-22T13:40Z","2024-04-22T13:40Z","Illinois State Water Survey Central Analytical Laboratory",286.0,0.02668,5,"2024-04-25","B",,
"b4d4588b-2b95-40c4-b124-5bff07854752","D02","POSE","POSE.AOS.S2","POSE.SS.20240422.FIL","A00000370901","2024-04-22T13:40Z","2024-04-22T13:40Z","Illinois State Water Survey Central Analytical Laboratory",518.0,0.00108,5,"2024-04-25","A",,
"1496f748-9a0f-4477-b727-47487536e56d","D02","POSE","POSE.AOS.S2","POSE.SS.20240422.FIL","A00000370901","2024-04-22T13:40Z","2024-04-22T13:40Z","Illinois State Water Survey Central Analytical Laboratory",290.0,0.02520,5,"2024-04-25","B",,
"f83536ac-9991-43b1-91ee-9533bf7b0689","D02","POSE","POSE.AOS.S2","POSE.SS.20240422.FIL","A00000370901","2024-04-22T13:40Z","2024-04-22T13:40Z","Illinois State Water Survey Central Analytical Laboratory",594.0,0.00046,5,"2024-04-25","B",,
"80f0a8f9-7ab5-4169-9134-dc3170a248aa","D02","POSE","POSE.AOS.S2","POSE.SS.20240422.FIL","A00000370901","2024-04-22T13:40Z","2024-04-22T13:40Z","Illinois State Water Survey Central Analytical Laboratory",302.0,0.02124,5,"2024-04-25","B",,
"14f5d0ff-b860-4b1c-8302-9192b6af0ed3","D02","POSE","POSE.AOS.S2","POSE.SS.20240422.FIL","A00000370901","2024-04-22T13:40Z","2024-04-22T13:40Z","Illinois State Water Survey Central Analytical Laboratory",558.0,0.00066,5,"2024-04-25","A",,
"be1339bb-be79-4078-83ad-2a053ae17e8f","D02","POSE","POSE.AOS.S2","POSE.SS.20240422.FIL","A00000370901","2024-04-22T13:40Z","2024-04-22T13:40Z","Illinois State Water Survey Central Analytical Laboratory",582.0,0.00054,5,"2024-04-25","A",,
"80f75431-4caa-45ec-a196-584a1ac08db2","D02","POSE","POSE.AOS.S2","POSE.SS.20240422.FIL","A00000370901","2024-04-22T13:40Z","2024-04-22T13:40Z","Illinois State Water Survey Central Analytical Laboratory",586.0,0.00048,5,"2024-04-25","B",,
"95511f0e-acab-4233-a6ab-b73af2a1ecce","D02","POSE","POSE.AOS.S2","POSE.SS.20240422.FIL","A00000370901","2024-04-22T13:40Z","2024-04-22T13:40Z","Illinois State Water Survey Central Analytical Laboratory",350.0,0.01056,5,"2024-04-25","A",,
"6336f96c-62c9-4b21-85df-e59a21a89cc6","D02","POSE","POSE.AOS.S2","POSE.SS.20240422.FIL","A00000370901","2024-04-22T13:40Z","2024-04-22T13:40Z","Illinois State Water Survey Central Analytical Laboratory",432.0,0.00300,5,"2024-04-25","B",,
"eeab359f-efff-4e9f-bc29-0f99ede976fd","D02","POSE","POSE.AOS.S2","POSE.SS.20240422.FIL","A00000370901","2024-04-22T13:40Z","2024-04-22T13:40Z","Illinois State Water Survey Central Analytical Laboratory",434.0,0.00290,5,"2024-04-25","B",,
"b8d2e960-aa48-439d-bdbf-6939b06809eb","D02","POSE","POSE.AOS.S2","POSE.SS.20240422.FIL","A00000370901","2024-04-22T13:40Z","2024-04-22T13:40Z","Illinois State Water Survey Central Analytical Laboratory",446.0,0.00246,5,"2024-04-25","A",,
"817f2bb1-8e65-41f1-853e-441e04bc7d38","D02","POSE","POSE.AOS.S2","POSE.SS.20240422.FIL","A00000370901","2024-04-22T13:40Z","2024-04-22T13:40Z","Illinois State Water Survey Central Analytical Laboratory",510.0,0.00110,5,"2024-04-25","B",,
"7a78a7ee-e6ca-4c20-b37a-ba5c4f17dff1","D02","POSE","POSE.AOS.S2","POSE.SS.20240422.FIL","A00000370901","2024-04-22T13:40Z","2024-04-22T13:40Z","Illinois State Water Survey Central Analytical Laboratory",404.0,0.00458,5,"2024-04-25","A",,
"39b23078-34ae-43ac-859e-22802a9e58be","D02","POSE","POSE.AOS.S2","POSE.SS.20240422.FIL","A00000370901","2024-04-22T13:40Z","2024-04-22T13:40Z","Illinois State Water Survey Central Analytical Laboratory",426.0,0.00328,5,"2024-04-25","B",,
"1a9098f3-0d9a-4a14-8fb3-040e881f7789","D02","POSE","POSE.AOS.S2","POSE.SS.20240422.FIL","A00000370901","2024-04-22T13:40Z","2024-04-22T13:40Z","Illinois State Water Survey Central Analytical Laboratory",476.0,0.00172,5,"2024-04-25","A",,
"1ccb29f3-ed53-4077-b588-211951cbacd0","D02","POSE","POSE.AOS.S2","POSE.SS.20240422.FIL","A00000370901","2024-04-22T13:40Z","2024-04-22T13:40Z","Illinois State Water Survey Central Analytical Laboratory",458.0,0.00212,5,"2024-04-25","A",,
"b2ff18c7-c598-4e31-ba79-59348c6f0de0","D02","POSE","POSE.AOS.S2","POSE.SS.20240422.FIL","A00000370901","2024-04-22T13:40Z","2024-04-22T13:40Z","Illinois State Water Survey Central Analytical Laboratory",282.0,0.02814,5,"2024-04-25","B",,
"f6b4960e-7197-4eef-84a6-6da8e1b609e5","D02","POSE","POSE.AOS.S2","POSE.SS.20240422.FIL","A00000370901","2024-04-22T13:40Z","2024-04-22T13:40Z","Illinois State Water Survey Central Analytical Laboratory",316.0,0.01748,5,"2024-04-25","A",,
"4a992ddf-0076-4aaf-9f15-892cc665e90a","D02","POSE","POSE.AOS.S2","POSE.SS.20240422.FIL","A00000370901","2024-04-22T13:40Z","2024-04-22T13:40Z","Illinois State Water Survey Central Analytical Laboratory",240.0,0.04560,5,"2024-04-25","B",,
"c9fa76f5-b0e0-4279-a23f-d5f82bb764c6","D02","POSE","POSE.AOS.S2","POSE.SS.20240422.FIL","A00000370901","2024-04-22T13:40Z","2024-04-22T13:40Z","Illinois State Water Survey Central Analytical Laboratory",562.0,0.00068,5,"2024-04-25","B",,
"0f8d306e-2f34-4046-9104-e370c2c19706","D02","POSE","POSE.AOS.S2","POSE.SS.20240422.FIL","A00000370901","2024-04-22T13:40Z","2024-04-22T13:40Z","Illinois State Water Survey Central Analytical Laboratory",372.0,0.00744,5,"2024-04-25","B",,
"5b84d4f0-1790-4a2e-8d14-025cff01fcc6","D02","POSE","POSE.AOS.S2","POSE.SS.20240422.FIL","A00000370901","2024-04-22T13:40Z","2024-04-22T13:40Z","Illinois State Water Survey Central Analytical Laboratory",548.0,0.00084,5,"2024-04-25","A",,
"5d786e99-e27f-4083-8fdd-6c99bf3da041","D02","POSE","POSE.AOS.S2","POSE.SS.20240422.FIL","A00000370901","2024-04-22T13:40Z","2024-04-22T13:40Z","Illinois State Water Survey Central Analytical Laboratory",474.0,0.00168,5,"2024-04-25","B",,
"61a95845-4456-40be-8c28-81be49d1e751","D02","POSE","POSE.AOS.S2","POSE.SS.20240422.FIL","A00000370901","2024-04-22T13:40Z","2024-04-22T13:40Z","Illinois State Water Survey Central Analytical Laboratory",590.0,0.00054,5,"2024-04-25","B",,
"fdcec17f-46d2-46da-8890-90ee75af9ee8","D02","POSE","POSE.AOS.S2","POSE.SS.20240422.FIL","A00000370901","2024-04-22T13:40Z","2024-04-22T13:40Z","Illinois State Water Survey Central Analytical Laboratory",580.0,0.00056,5,"2024-04-25","B",,
"8b68ee4d-7277-4eee-b51d-f2cdb9208243","D02","POSE","POSE.AOS.S2","POSE.SS.20240422.FIL","A00000370901","2024-04-22T13:40Z","2024-04-22T13:40Z","Illinois State Water Survey Central Analytical Laboratory",400.0,0.00484,5,"2024-04-25","B",,
"7a971061-3495-47dc-9569-77b8bc4f4f30","D02","POSE","POSE.AOS.S2","POSE.SS.20240422.FIL","A00000370901","2024-04-22T13:40Z","2024-04-22T13:40Z","Illinois State Water Survey Central Analytical Laboratory",250.0,0.03946,5,"2024-04-25","B",,
"f5afb75d-a557-4eff-9fe2-8e876c82733c","D02","POSE","POSE.AOS.S2","POSE.SS.20240422.FIL","A00000370901","2024-04-22T13:40Z","2024-04-22T13:40Z","Illinois State Water Survey Central Analytical Laboratory",578.0,0.00060,5,"2024-04-25","A",,
"5b0709d4-5647-4e25-9c07-04f000092c01","D02","POSE","POSE.AOS.S2","POSE.SS.20240422.FIL","A00000370901","2024-04-22T13:40Z","2024-04-22T13:40Z","Illinois State Water Survey Central Analytical Laboratory",482.0,0.00158,5,"2024-04-25","B",,
"71e333f6-7359-4a7c-8fad-84b3d1aca22d","D02","POSE","POSE.AOS.S2","POSE.SS.20240422.FIL","A00000370901","2024-04-22T13:40Z","2024-04-22T13:40Z","Illinois State Water Survey Central Analytical Laboratory",268.0,0.03306,5,"2024-04-25","A",,
"6eac1b0b-22bc-49f8-849a-de657db88fac","D02","POSE","POSE.AOS.S2","POSE.SS.20240422.FIL","A00000370901","2024-04-22T13:40Z","2024-04-22T13:40Z","Illinois State Water Survey Central Analytical Laboratory",322.0,0.01602,5,"2024-04-25","A",,
"ef3f2c85-ed2d-4d4c-b0b4-121ca5b218ae","D02","POSE","POSE.AOS.S2","POSE.SS.20240422.FIL","A00000370901","2024-04-22T13:40Z","2024-04-22T13:40Z","Illinois State Water Survey Central Analytical Laboratory",244.0,0.04276,5,"2024-04-25","A",,
"d7729da5-9d2d-461e-87e4-97884f5b998d","D02","POSE","POSE.AOS.S2","POSE.SS.20240422.FIL","A00000370901","2024-04-22T13:40Z","2024-04-22T13:40Z","Illinois State Water Survey Central Analytical Laboratory",238.0,0.04762,5,"2024-04-25","B",,
"fb0d2ffb-84fd-493d-b39e-476ae7b13be0","D02","POSE","POSE.AOS.S2","POSE.SS.20240422.FIL","A00000370901","2024-04-22T13:40Z","2024-04-22T13:40Z","Illinois State Water Survey Central Analytical Laboratory",272.0,0.03178,5,"2024-04-25","A",,
"19e03b79-245f-479f-ab25-742e60f46921","D02","POSE","POSE.AOS.S2","POSE.SS.20240422.FIL","A00000370901","2024-04-22T13:40Z","2024-04-22T13:40Z","Illinois State Water Survey Central Analytical Laboratory",542.0,0.00086,5,"2024-04-25","B",,
"797eb623-b100-4b49-ac8e-967f57e622f5","D02","POSE","POSE.AOS.S2","POSE.SS.20240422.FIL","A00000370901","2024-04-22T13:40Z","2024-04-22T13:40Z","Illinois State Water Survey Central Analytical Laboratory",534.0,0.00088,5,"2024-04-25","B",,
"f305eb0c-acd4-4fb6-b4d7-fde22a9cdba8","D02","POSE","POSE.AOS.S2","POSE.SS.20240422.FIL","A00000370901","2024-04-22T13:40Z","2024-04-22T13:40Z","Illinois State Water Survey Central Analytical Laboratory",554.0,0.00078,5,"2024-04-25","B",,
"908af5d7-07d5-4f6f-afbb-6473c00366e8","D02","POSE","POSE.AOS.S2","POSE.SS.20240422.FIL","A00000370901","2024-04-22T13:40Z","2024-04-22T13:40Z","Illinois State Water Survey Central Analytical Laboratory",230.0,0.06202,5,"2024-04-25","A",,
"45e3c21a-6c56-48b6-8f6d-a5c40028ba65","D02","POSE","POSE.AOS.S2","POSE.SS.20240422.FIL","A00000370901","2024-04-22T13:40Z","2024-04-22T13:40Z","Illinois State Water Survey Central Analytical Laboratory",554.0,0.00074,5,"2024-04-25","A",,
"d816c625-397b-4d94-9989-950260486352","D02","POSE","POSE.AOS.S2","POSE.SS.20240422.FIL","A00000370901","2024-04-22T13:40Z","2024-04-22T13:40Z","Illinois State Water Survey Central Analytical Laboratory",256.0,0.03708,5,"2024-04-25","A",,
"e03b5abe-0060-4d92-a305-0ed017951773","D02","POSE","POSE.AOS.S2","POSE.SS.20240422.FIL","A00000370901","2024-04-22T13:40Z","2024-04-22T13:40Z","Illinois State Water Survey Central Analytical Laboratory",402.0,0.00476,5,"2024-04-25","A",,
"e319f09f-62fd-4b28-b720-39c599b8fa87","D02","POSE","POSE.AOS.S2","POSE.SS.20240422.FIL","A00000370901","2024-04-22T13:40Z","2024-04-22T13:40Z","Illinois State Water Survey Central Analytical Laboratory",422.0,0.00350,5,"2024-04-25","A",,
"ee4e1eb3-b5fe-4018-bf86-ff51b5884a5b","D02","POSE","POSE.AOS.S2","POSE.SS.20240422.FIL","A00000370901","2024-04-22T13:40Z","2024-04-22T13:40Z","Illinois State Water Survey Central Analytical Laboratory",484.0,0.00160,5,"2024-04-25","A",,
"500a6bf0-8553-49f5-bb6b-042367ded928","D02","POSE","POSE.AOS.S2","POSE.SS.20240422.FIL","A00000370901","2024-04-22T13:40Z","2024-04-22T13:40Z","Illinois State Water Survey Central Analytical Laboratory",388.0,0.00578,5,"2024-04-25","A",,
"d582e9ad-4bd4-46e3-a1aa-4f220d282605","D02","POSE","POSE.AOS.S2","POSE.SS.20240422.FIL","A00000370901","2024-04-22T13:40Z","2024-04-22T13:40Z","Illinois State Water Survey Central Analytical Laboratory",292.0,0.02454,5,"2024-04-25","A",,
"3860a2f3-722a-4fef-bbac-364295246871","D02","POSE","POSE.AOS.S2","POSE.SS.20240422.FIL","A00000370901","2024-04-22T13:40Z","2024-04-22T13:40Z","Illinois State Water Survey Central Analytical Laboratory",506.0,0.00120,5,"2024-04-25","A",,
"674eab5f-cea9-4661-8266-427ff7ab799b","D02","POSE","POSE.AOS.S2","POSE.SS.20240422.FIL","A00000370901","2024-04-22T13:40Z","2024-04-22T13:40Z","Illinois State Water Survey Central Analytical Laboratory",310.0,0.01898,5,"2024-04-25","A",,
"9db909c4-8f23-4091-8069-f531f90ffb22","D02","POSE","POSE.AOS.S2","POSE.SS.20240422.FIL","A00000370901","2024-04-22T13:40Z","2024-04-22T13:40Z","Illinois State Water Survey Central Analytical Laboratory",356.0,0.00958,5,"2024-04-25","B",,
"fda77a41-6ea0-4b36-a6a9-2b130b6ace09","D02","POSE","POSE.AOS.S2","POSE.SS.20240422.FIL","A00000370901","2024-04-22T13:40Z","2024-04-22T13:40Z","Illinois State Water Survey Central Analytical Laboratory",510.0,0.00116,5,"2024-04-25","A",,
"d23ff795-2d63-45e4-8a10-150f2e409ee1","D02","POSE","POSE.AOS.S2","POSE.SS.20240422.FIL","A00000370901","2024-04-22T13:40Z","2024-04-22T13:40Z","Illinois State Water Survey Central Analytical Laboratory",528.0,0.00098,5,"2024-04-25","B",,
"e72d2563-3fa1-4dba-a31e-d5e85bfaf17d","D02","POSE","POSE.AOS.S2","POSE.SS.20240422.FIL","A00000370901","2024-04-22T13:40Z","2024-04-22T13:40Z","Illinois State Water Survey Central Analytical Laboratory",274.0,0.03102,5,"2024-04-25","A",,
"d101ae96-4356-4fe1-8fa9-10304f70d7b2","D02","POSE","POSE.AOS.S2","POSE.SS.20240422.FIL","A00000370901","2024-04-22T13:40Z","2024-04-22T13:40Z","Illinois State Water Survey Central Analytical Laboratory",508.0,0.00122,5,"2024-04-25","A",,
"40ea7256-216c-41c9-aa0b-a190c011d214","D02","POSE","POSE.AOS.S2","POSE.SS.20240422.FIL","A00000370901","2024-04-22T13:40Z","2024-04-22T13:40Z","Illinois State Water Survey Central Analytical Laboratory",404.0,0.00454,5,"2024-04-25","B",,
"31803290-ada5-4c1e-ac2f-5fcf41ac5f5f","D02","POSE","POSE.AOS.S2","POSE.SS.20240422.FIL","A00000370901","2024-04-22T13:40Z","2024-04-22T13:40Z","Illinois State Water Survey Central Analytical Laboratory",414.0,0.00390,5,"2024-04-25","A",,
"203dca47-ebbe-4775-a5d4-f054a0b371eb","D02","POSE","POSE.AOS.S2","POSE.SS.20240422.FIL","A00000370901","2024-04-22T13:40Z","2024-04-22T13:40Z","Illinois State Water Survey Central Analytical Laboratory",362.0,0.00878,5,"2024-04-25","B",,
"ccd39b29-909c-4086-9b5d-b2e74d901ed6","D02","POSE","POSE.AOS.S2","POSE.SS.20240422.FIL","A00000370901","2024-04-22T13:40Z","2024-04-22T13:40Z","Illinois State Water Survey Central Analytical Laboratory",290.0,0.02524,5,"2024-04-25","A",,
"0db1d05e-3219-471f-8372-bd2201efddc2","D02","POSE","POSE.AOS.S2","POSE.SS.20240422.FIL","A00000370901","2024-04-22T13:40Z","2024-04-22T13:40Z","Illinois State Water Survey Central Analytical Laboratory",452.0,0.00224,5,"2024-04-25","A",,
"9298915c-1064-4b00-ac24-f75aa7120138","D02","POSE","POSE.AOS.S2","POSE.SS.20240422.FIL","A00000370901","2024-04-22T13:40Z","2024-04-22T13:40Z","Illinois State Water Survey Central Analytical Laboratory",296.0,0.02308,5,"2024-04-25","A",,
"df5fed3a-35f7-4ee1-810d-0da7a9b9c7e5","D02","POSE","POSE.AOS.S2","POSE.SS.20240422.FIL","A00000370901","2024-04-22T13:40Z","2024-04-22T13:40Z","Illinois State Water Survey Central Analytical Laboratory",398.0,0.00496,5,"2024-04-25","B",,
"5181740e-c343-4385-bf5f-a16b2bc3369c","D02","POSE","POSE.AOS.S2","POSE.SS.20240422.FIL","A00000370901","2024-04-22T13:40Z","2024-04-22T13:40Z","Illinois State Water Survey Central Analytical Laboratory",486.0,0.00154,5,"2024-04-25","A",,
"13f55c0f-b3e8-46bf-adf6-a4145f16de64","D02","POSE","POSE.AOS.S2","POSE.SS.20240422.FIL","A00000370901","2024-04-22T13:40Z","2024-04-22T13:40Z","Illinois State Water Survey Central Analytical Laboratory",460.0,0.00198,5,"2024-04-25","B",,
"de23141e-2ef3-4ed4-a5f7-9e088ee6f224","D02","POSE","POSE.AOS.S2","POSE.SS.20240422.FIL","A00000370901","2024-04-22T13:40Z","2024-04-22T13:40Z","Illinois State Water Survey Central Analytical Laboratory",232.0,0.05706,5,"2024-04-25","B",,
"97a474dd-bedf-461c-b735-ea2bffd1ee6a","D02","POSE","POSE.AOS.S2","POSE.SS.20240422.FIL","A00000370901","2024-04-22T13:40Z","2024-04-22T13:40Z","Illinois State Water Survey Central Analytical Laboratory",366.0,0.00828,5,"2024-04-25","A",,
"a0fb111a-8b43-4897-b257-f01cb23eb14d","D02","POSE","POSE.AOS.S2","POSE.SS.20240422.FIL","A00000370901","2024-04-22T13:40Z","2024-04-22T13:40Z","Illinois State Water Survey Central Analytical Laboratory",466.0,0.00194,5,"2024-04-25","A",,
"977915dd-0401-45c3-a822-a70aaed3f6cf","D02","POSE","POSE.AOS.S2","POSE.SS.20240422.FIL","A00000370901","2024-04-22T13:40Z","2024-04-22T13:40Z","Illinois State Water Survey Central Analytical Laboratory",420.0,0.00358,5,"2024-04-25","B",,
"41fc2b35-a6f0-408c-b726-1ae12b35c505","D02","POSE","POSE.AOS.S2","POSE.SS.20240422.FIL","A00000370901","2024-04-22T13:40Z","2024-04-22T13:40Z","Illinois State Water Survey Central Analytical Laboratory",478.0,0.00162,5,"2024-04-25","B",,
"25b1e994-7370-46d2-9b11-beac9b01cf51","D02","POSE","POSE.AOS.S2","POSE.SS.20240422.FIL","A00000370901","2024-04-22T13:40Z","2024-04-22T13:40Z","Illinois State Water Survey Central Analytical Laboratory",462.0,0.00200,5,"2024-04-25","A",,
"7124925c-252f-4d95-98a8-3260f5b06941","D02","POSE","POSE.AOS.S2","POSE.SS.20240422.FIL","A00000370901","2024-04-22T13:40Z","2024-04-22T13:40Z","Illinois State Water Survey Central Analytical Laboratory",536.0,0.00084,5,"2024-04-25","B",,
"f5d35c0f-641c-436c-8bae-933883b6b366","D02","POSE","POSE.AOS.S2","POSE.SS.20240422.FIL","A00000370901","2024-04-22T13:40Z","2024-04-22T13:40Z","Illinois State Water Survey Central Analytical Laboratory",578.0,0.00058,5,"2024-04-25","B",,
"3ea08f98-5620-40ac-81fb-2a2906a727cb","D02","POSE","POSE.AOS.S2","POSE.SS.20240422.FIL","A00000370901","2024-04-22T13:40Z","2024-04-22T13:40Z","Illinois State Water Survey Central Analytical Laboratory",270.0,0.03230,5,"2024-04-25","B",,
"e886036f-85d2-425d-8e45-bd83e23633ba","D02","POSE","POSE.AOS.S2","POSE.SS.20240422.FIL","A00000370901","2024-04-22T13:40Z","2024-04-22T13:40Z","Illinois State Water Survey Central Analytical Laboratory",314.0,0.01794,5,"2024-04-25","A",,
"5b130e0b-5dab-4040-9776-e70164c35ad0","D02","POSE","POSE.AOS.S2","POSE.SS.20240422.FIL","A00000370901","2024-04-22T13:40Z","2024-04-22T13:40Z","Illinois State Water Survey Central Analytical Laboratory",346.0,0.01120,5,"2024-04-25","B",,
"263e9830-c56f-4c14-a8fc-a5bc903a4940","D02","POSE","POSE.AOS.S2","POSE.SS.20240422.FIL","A00000370901","2024-04-22T13:40Z","2024-04-22T13:40Z","Illinois State Water Survey Central Analytical Laboratory",276.0,0.03026,5,"2024-04-25","B",,
"a6447443-9ce1-4b3b-9cef-ff6d5c690d5f","D02","POSE","POSE.AOS.S2","POSE.SS.20240422.FIL","A00000370901","2024-04-22T13:40Z","2024-04-22T13:40Z","Illinois State Water Survey Central Analytical Laboratory",424.0,0.00340,5,"2024-04-25","A",,
"6f652c51-c414-4864-a5b6-181f5dd125db","D02","POSE","POSE.AOS.S2","POSE.SS.20240422.FIL","A00000370901","2024-04-22T13:40Z","2024-04-22T13:40Z","Illinois State Water Survey Central Analytical Laboratory",592.0,0.00046,5,"2024-04-25","A",,
"3a9b7c17-946c-4d31-8b5b-92a0e5f05a68","D02","POSE","POSE.AOS.S2","POSE.SS.20240422.FIL","A00000370901","2024-04-22T13:40Z","2024-04-22T13:40Z","Illinois State Water Survey Central Analytical Laboratory",464.0,0.00198,5,"2024-04-25","A",,
"d7d0e11a-836e-4108-85d0-ccc923c308bb","D02","POSE","POSE.AOS.S2","POSE.SS.20240422.FIL","A00000370901","2024-04-22T13:40Z","2024-04-22T13:40Z","Illinois State Water Survey Central Analytical Laboratory",368.0,0.00802,5,"2024-04-25","A",,
"adde347f-f182-4381-8c20-d9365489cd8f","D02","POSE","POSE.AOS.S2","POSE.SS.20240422.FIL","A00000370901","2024-04-22T13:40Z","2024-04-22T13:40Z","Illinois State Water Survey Central Analytical Laboratory",440.0,0.00270,5,"2024-04-25","B",,
"26fe62e1-1312-473b-a781-96e8610ff5b8","D02","POSE","POSE.AOS.S2","POSE.SS.20240422.FIL","A00000370901","2024-04-22T13:40Z","2024-04-22T13:40Z","Illinois State Water Survey Central Analytical Laboratory",546.0,0.00084,5,"2024-04-25","A",,
"a5322acd-908d-488e-b4b0-16707cf0d869","D02","POSE","POSE.AOS.S2","POSE.SS.20240422.FIL","A00000370901","2024-04-22T13:40Z","2024-04-22T13:40Z","Illinois State Water Survey Central Analytical Laboratory",284.0,0.02742,5,"2024-04-25","B",,
"a09c7e22-af93-43cf-a8d4-92c43e2da185","D02","POSE","POSE.AOS.S2","POSE.SS.20240422.FIL","A00000370901","2024-04-22T13:40Z","2024-04-22T13:40Z","Illinois State Water Survey Central Analytical Laboratory",480.0,0.00170,5,"2024-04-25","A",,
"6486b484-a514-47b7-ac72-f23dea1f2770","D02","POSE","POSE.AOS.S2","POSE.SS.20240422.FIL","A00000370901","2024-04-22T13:40Z","2024-04-22T13:40Z","Illinois State Water Survey Central Analytical Laboratory",338.0,0.01258,5,"2024-04-25","B",,
"2c65f3fb-3b98-42c6-858d-f605a6168ed9","D02","POSE","POSE.AOS.S2","POSE.SS.20240422.FIL","A00000370901","2024-04-22T13:40Z","2024-04-22T13:40Z","Illinois State Water Survey Central Analytical Laboratory",306.0,0.02006,5,"2024-04-25","B",,
"5c1db5c9-545d-42d6-9906-fef7a1184374","D02","POSE","POSE.AOS.S2","POSE.SS.20240422.FIL","A00000370901","2024-04-22T13:40Z","2024-04-22T13:40Z","Illinois State Water Survey Central Analytical Laboratory",360.0,0.00908,5,"2024-04-25","A",,
"da0bc8ed-a464-440d-8755-e8f225e72172","D02","POSE","POSE.AOS.S2","POSE.SS.20240422.FIL","A00000370901","2024-04-22T13:40Z","2024-04-22T13:40Z","Illinois State Water Survey Central Analytical Laboratory",580.0,0.00056,5,"2024-04-25","A",,
"a5516d81-2cbc-4ac9-aa71-c99a7cb7b50e","D02","POSE","POSE.AOS.S2","POSE.SS.20240422.FIL","A00000370901","2024-04-22T13:40Z","2024-04-22T13:40Z","Illinois State Water Survey Central Analytical Laboratory",584.0,0.00054,5,"2024-04-25","A",,
"97b3d653-7037-47ad-8a86-2cad1aea98bf","D02","POSE","POSE.AOS.S2","POSE.SS.20240422.FIL","A00000370901","2024-04-22T13:40Z","2024-04-22T13:40Z","Illinois State Water Survey Central Analytical Laboratory",246.0,0.04138,5,"2024-04-25","A",,
"6d156534-0f6d-4d45-9f51-6b4d7ffb5906","D02","POSE","POSE.AOS.S2","POSE.SS.20240422.FIL","A00000370901","2024-04-22T13:40Z","2024-04-22T13:40Z","Illinois State Water Survey Central Analytical Laboratory",414.0,0.00386,5,"2024-04-25","B",,
"5bd89707-9684-441b-b249-62f889cfb8d0","D02","POSE","POSE.AOS.S2","POSE.SS.20240422.FIL","A00000370901","2024-04-22T13:40Z","2024-04-22T13:40Z","Illinois State Water Survey Central Analytical Laboratory",318.0,0.01698,5,"2024-04-25","A",,
"3753237a-ec07-42b0-9716-edb4f3696283","D02","POSE","POSE.AOS.S2","POSE.SS.20240422.FIL","A00000370901","2024-04-22T13:40Z","2024-04-22T13:40Z","Illinois State Water Survey Central Analytical Laboratory",282.0,0.02822,5,"2024-04-25","A",,
"55e4814e-8698-40ca-b161-d6124586f363","D02","POSE","POSE.AOS.S2","POSE.SS.20240422.FIL","A00000370901","2024-04-22T13:40Z","2024-04-22T13:40Z","Illinois State Water Survey Central Analytical Laboratory",464.0,0.00192,5,"2024-04-25","B",,
"b466b0bc-60f6-454a-a8a5-4959b0f58262","D02","POSE","POSE.AOS.S2","POSE.SS.20240422.FIL","A00000370901","2024-04-22T13:40Z","2024-04-22T13:40Z","Illinois State Water Survey Central Analytical Laboratory",220.0,0.10494,5,"2024-04-25","A",,
"1381a164-8464-4bd7-b5d6-20b0a76f411d","D02","POSE","POSE.AOS.S2","POSE.SS.20240422.FIL","A00000370901","2024-04-22T13:40Z","2024-04-22T13:40Z","Illinois State Water Survey Central Analytical Laboratory",512.0,0.00112,5,"2024-04-25","B",,
"0e5b0f41-1cbe-405c-8220-dd7836bf7348","D02","POSE","POSE.AOS.S2","POSE.SS.20240422.FIL","A00000370901","2024-04-22T13:40Z","2024-04-22T13:40Z","Illinois State Water Survey Central Analytical Laboratory",276.0,0.03032,5,"2024-04-25","A",,
"7bb93834-de86-484e-a345-147c158f614f","D02","POSE","POSE.AOS.S2","POSE.SS.20240422.FIL","A00000370901","2024-04-22T13:40Z","2024-04-22T13:40Z","Illinois State Water Survey Central Analytical Laboratory",390.0,0.00558,5,"2024-04-25","A",,
"fc0e086f-6225-44fd-84bb-fcbe637cd18b","D02","POSE","POSE.AOS.S2","POSE.SS.20240422.FIL","A00000370901","2024-04-22T13:40Z","2024-04-22T13:40Z","Illinois State Water Survey Central Analytical Laboratory",520.0,0.00106,5,"2024-04-25","A",,
"30c93688-07e8-4382-bfb3-79956f919c0d","D02","POSE","POSE.AOS.S2","POSE.SS.20240422.FIL","A00000370901","2024-04-22T13:40Z","2024-04-22T13:40Z","Illinois State Water Survey Central Analytical Laboratory",328.0,0.01458,5,"2024-04-25","B",,
"edf216ed-c70a-4e98-90bb-58f397e96943","D02","POSE","POSE.AOS.S2","POSE.SS.20240422.FIL","A00000370901","2024-04-22T13:40Z","2024-04-22T13:40Z","Illinois State Water Survey Central Analytical Laboratory",298.0,0.02244,5,"2024-04-25","B",,
"c02bf229-cd40-4e1e-8790-61ab2b42b448","D02","POSE","POSE.AOS.S2","POSE.SS.20240422.FIL","A00000370901","2024-04-22T13:40Z","2024-04-22T13:40Z","Illinois State Water Survey Central Analytical Laboratory",452.0,0.00226,5,"2024-04-25","B",,
