uid,domainID,siteID,namedLocation,sampleID,sampleCode,startDate,collectDate,laboratoryName,wavelength,decadicAbsorbance,cuvetteLength,analysisDate,spectrumReplicateID,remarks,dataQF
"b73abf00-96d3-460c-8954-80a110458a91","D11","PRIN","PRIN.AOS.S2","PRIN.SS.20240910.FIL","A00000422104","2024-09-10T16:43Z","2024-09-10T16:43Z","Illinois State Water Survey Central Analytical Laboratory",504.0,0.00266,5,"2024-09-13","A",,
"83f319fe-9eb3-4536-a72d-adcbaae15fab","D11","PRIN","PRIN.AOS.S2","PRIN.SS.20240910.FIL","A00000422104","2024-09-10T16:43Z","2024-09-10T16:43Z","Illinois State Water Survey Central Analytical Laboratory",338.0,0.03632,5,"2024-09-13","A",,
"1d585b3f-115f-4c97-abe9-c2708084c01a","D11","PRIN","PRIN.AOS.S2","PRIN.SS.20240910.FIL","A00000422104","2024-09-10T16:43Z","2024-09-10T16:43Z","Illinois State Water Survey Central Analytical Laboratory",560.0,0.00138,5,"2024-09-13","A",,
"7332d279-1559-4081-a144-15cedf894cb6","D11","PRIN","PRIN.AOS.S2","PRIN.SS.20240910.FIL","A00000422104","2024-09-10T16:43Z","2024-09-10T16:43Z","Illinois State Water Survey Central Analytical Laboratory",298.0,0.06962,5,"2024-09-13","B",,
"cd40ad87-1f08-4025-ba0a-fb03bfef0855","D11","PRIN","PRIN.AOS.S2","PRIN.SS.20240910.FIL","A00000422104","2024-09-10T16:43Z","2024-09-10T16:43Z","Illinois State Water Survey Central Analytical Laboratory",444.0,0.00610,5,"2024-09-13","B",,
"895bac6b-4f19-44d3-ae02-e5fd2d6bfe54","D11","PRIN","PRIN.AOS.S2","PRIN.SS.20240910.FIL","A00000422104","2024-09-10T16:43Z","2024-09-10T16:43Z","Illinois State Water Survey Central Analytical Laboratory",392.0,0.01448,5,"2024-09-13","A",,
"9da86b19-097c-45f0-9c53-fe1b43666457","D11","PRIN","PRIN.AOS.S2","PRIN.SS.20240910.FIL","A00000422104","2024-09-10T16:43Z","2024-09-10T16:43Z","Illinois State Water Survey Central Analytical Laboratory",242.0,0.14234,5,"2024-09-13","B",,
"826815a7-04de-4b98-9e6d-d44837d6c895","D11","PRIN","PRIN.AOS.S2","PRIN.SS.20240910.FIL","A00000422104","2024-09-10T16:43Z","2024-09-10T16:43Z","Illinois State Water Survey Central Analytical Laboratory",458.0,0.00488,5,"2024-09-13","B",,
"6d281254-4ebe-4fcf-ae16-3ee21779a53f","D11","PRIN","PRIN.AOS.S2","PRIN.SS.20240910.FIL","A00000422104","2024-09-10T16:43Z","2024-09-10T16:43Z","Illinois State Water Survey Central Analytical Laboratory",462.0,0.00462,5,"2024-09-13","B",,
"026980af-22be-4084-91aa-de8a6d5597ee","D11","PRIN","PRIN.AOS.S2","PRIN.SS.20240910.FIL","A00000422104","2024-09-10T16:43Z","2024-09-10T16:43Z","Illinois State Water Survey Central Analytical Laboratory",444.0,0.00602,5,"2024-09-13","A",,
"795d6ba4-e8b0-4b6c-8c3c-22d2530f6fe1","D11","PRIN","PRIN.AOS.S2","PRIN.SS.20240910.FIL","A00000422104","2024-09-10T16:43Z","2024-09-10T16:43Z","Illinois State Water Survey Central Analytical Laboratory",474.0,0.00392,5,"2024-09-13","A",,
"a29fd1a9-79c2-41b0-a503-c58f56ad1def","D11","PRIN","PRIN.AOS.S2","PRIN.SS.20240910.FIL","A00000422104","2024-09-10T16:43Z","2024-09-10T16:43Z","Illinois State Water Survey Central Analytical Laboratory",314.0,0.05388,5,"2024-09-13","B",,
"9cc2e23b-0357-49f2-91ac-8a34b83e1d33","D11","PRIN","PRIN.AOS.S2","PRIN.SS.20240910.FIL","A00000422104","2024-09-10T16:43Z","2024-09-10T16:43Z","Illinois State Water Survey Central Analytical Laboratory",394.0,0.01400,5,"2024-09-13","A",,
"5d0b9e5d-a9da-469f-9ebe-74d53127e87f","D11","PRIN","PRIN.AOS.S2","PRIN.SS.20240910.FIL","A00000422104","2024-09-10T16:43Z","2024-09-10T16:43Z","Illinois State Water Survey Central Analytical Laboratory",476.0,0.00378,5,"2024-09-13","A",,
"05f5eac8-552b-4c98-befd-5b217a613059","D11","PRIN","PRIN.AOS.S2","PRIN.SS.20240910.FIL","A00000422104","2024-09-10T16:43Z","2024-09-10T16:43Z","Illinois State Water Survey Central Analytical Laboratory",234.0,0.16250,5,"2024-09-13","B",,
"011d9f93-acd0-4080-a0cd-4d47fd2ff005","D11","PRIN","PRIN.AOS.S2","PRIN.SS.20240910.FIL","A00000422104","2024-09-10T16:43Z","2024-09-10T16:43Z","Illinois State Water Survey Central Analytical Laboratory",536.0,0.00178,5,"2024-09-13","A",,
"19fc1585-d4c4-4389-8e9a-4d93622fe68e","D11","PRIN","PRIN.AOS.S2","PRIN.SS.20240910.FIL","A00000422104","2024-09-10T16:43Z","2024-09-10T16:43Z","Illinois State Water Survey Central Analytical Laboratory",374.0,0.02004,5,"2024-09-13","B",,
"3a2aeae7-412b-4c95-8ca4-fc00aca96bbe","D11","PRIN","PRIN.AOS.S2","PRIN.SS.20240910.FIL","A00000422104","2024-09-10T16:43Z","2024-09-10T16:43Z","Illinois State Water Survey Central Analytical Laboratory",480.0,0.00368,5,"2024-09-13","B",,
"3d2ee5de-3078-41b0-bb3e-a771f3ae834c","D11","PRIN","PRIN.AOS.S2","PRIN.SS.20240910.FIL","A00000422104","2024-09-10T16:43Z","2024-09-10T16:43Z","Illinois State Water Survey Central Analytical Laboratory",488.0,0.00328,5,"2024-09-13","B",,
"2bc48528-a5c5-428a-abfd-01cbfa002bd1","D11","PRIN","PRIN.AOS.S2","PRIN.SS.20240910.FIL","A00000422104","2024-09-10T16:43Z","2024-09-10T16:43Z","Illinois State Water Survey Central Analytical Laboratory",524.0,0.00212,5,"2024-09-13","B",,
"c5fceaea-2252-4e03-b04a-fa1994ee345f","D11","PRIN","PRIN.AOS.S2","PRIN.SS.20240910.FIL","A00000422104","2024-09-10T16:43Z","2024-09-10T16:43Z","Illinois State Water Survey Central Analytical Laboratory",310.0,0.05738,5,"2024-09-13","A",,
"64ad2834-a5f9-4a48-a7bc-66e213428c22","D11","PRIN","PRIN.AOS.S2","PRIN.SS.20240910.FIL","A00000422104","2024-09-10T16:43Z","2024-09-10T16:43Z","Illinois State Water Survey Central Analytical Laboratory",442.0,0.00624,5,"2024-09-13","A",,
"50f02783-d0b5-4fcf-96f5-ca56cc9b225c","D11","PRIN","PRIN.AOS.S2","PRIN.SS.20240910.FIL","A00000422104","2024-09-10T16:43Z","2024-09-10T16:43Z","Illinois State Water Survey Central Analytical Laboratory",438.0,0.00670,5,"2024-09-13","A",,
"57b29d88-e277-442b-952c-24bf58e98994","D11","PRIN","PRIN.AOS.S2","PRIN.SS.20240910.FIL","A00000422104","2024-09-10T16:43Z","2024-09-10T16:43Z","Illinois State Water Survey Central Analytical Laboratory",426.0,0.00818,5,"2024-09-13","B",,
"fc71e036-dfaa-4362-8d17-8fdad32e473e","D11","PRIN","PRIN.AOS.S2","PRIN.SS.20240910.FIL","A00000422104","2024-09-10T16:43Z","2024-09-10T16:43Z","Illinois State Water Survey Central Analytical Laboratory",248.0,0.13234,5,"2024-09-13","A",,
"8e8304bb-968a-4461-8d52-c61e5ea9231e","D11","PRIN","PRIN.AOS.S2","PRIN.SS.20240910.FIL","A00000422104","2024-09-10T16:43Z","2024-09-10T16:43Z","Illinois State Water Survey Central Analytical Laboratory",352.0,0.02896,5,"2024-09-13","A",,
"9b5350fc-cdca-40e6-ba51-b7eeceb61fc0","D11","PRIN","PRIN.AOS.S2","PRIN.SS.20240910.FIL","A00000422104","2024-09-10T16:43Z","2024-09-10T16:43Z","Illinois State Water Survey Central Analytical Laboratory",320.0,0.04906,5,"2024-09-13","B",,
"2a1b3f61-a131-4665-add7-e0bc4a75f609","D11","PRIN","PRIN.AOS.S2","PRIN.SS.20240910.FIL","A00000422104","2024-09-10T16:43Z","2024-09-10T16:43Z","Illinois State Water Survey Central Analytical Laboratory",304.0,0.06324,5,"2024-09-13","B",,
"cb0dcafe-6dbd-4a8a-b43c-8db5d72be631","D11","PRIN","PRIN.AOS.S2","PRIN.SS.20240910.FIL","A00000422104","2024-09-10T16:43Z","2024-09-10T16:43Z","Illinois State Water Survey Central Analytical Laboratory",600.0,0.00090,5,"2024-09-13","B",,
"26421147-6786-4010-a23d-2457679d9c0e","D11","PRIN","PRIN.AOS.S2","PRIN.SS.20240910.FIL","A00000422104","2024-09-10T16:43Z","2024-09-10T16:43Z","Illinois State Water Survey Central Analytical Laboratory",560.0,0.00138,5,"2024-09-13","B",,
"b7caacfc-6771-4284-a84c-a41efcccabf8","D11","PRIN","PRIN.AOS.S2","PRIN.SS.20240910.FIL","A00000422104","2024-09-10T16:43Z","2024-09-10T16:43Z","Illinois State Water Survey Central Analytical Laboratory",286.0,0.08542,5,"2024-09-13","B",,
"14b1dbf8-fe96-4ba5-9f6f-eddd50ad714e","D11","PRIN","PRIN.AOS.S2","PRIN.SS.20240910.FIL","A00000422104","2024-09-10T16:43Z","2024-09-10T16:43Z","Illinois State Water Survey Central Analytical Laboratory",554.0,0.00138,5,"2024-09-13","A",,
"85f0b6cd-0fc5-4a8d-af94-f299c87f638d","D11","PRIN","PRIN.AOS.S2","PRIN.SS.20240910.FIL","A00000422104","2024-09-10T16:43Z","2024-09-10T16:43Z","Illinois State Water Survey Central Analytical Laboratory",376.0,0.01932,5,"2024-09-13","B",,
"b4681002-2783-4d96-aa3b-9226841b583a","D11","PRIN","PRIN.AOS.S2","PRIN.SS.20240910.FIL","A00000422104","2024-09-10T16:43Z","2024-09-10T16:43Z","Illinois State Water Survey Central Analytical Laboratory",562.0,0.00136,5,"2024-09-13","B",,
"2100bebe-3aa3-4dc0-b398-f1dc70d7389e","D11","PRIN","PRIN.AOS.S2","PRIN.SS.20240910.FIL","A00000422104","2024-09-10T16:43Z","2024-09-10T16:43Z","Illinois State Water Survey Central Analytical Laboratory",386.0,0.01606,5,"2024-09-13","A",,
"d0694f74-d01c-4891-8f38-dcb786ce8ad7","D11","PRIN","PRIN.AOS.S2","PRIN.SS.20240910.FIL","A00000422104","2024-09-10T16:43Z","2024-09-10T16:43Z","Illinois State Water Survey Central Analytical Laboratory",350.0,0.03006,5,"2024-09-13","B",,
"75e172ce-1b64-4e28-9e52-e6b6fa29f897","D11","PRIN","PRIN.AOS.S2","PRIN.SS.20240910.FIL","A00000422104","2024-09-10T16:43Z","2024-09-10T16:43Z","Illinois State Water Survey Central Analytical Laboratory",590.0,0.00094,5,"2024-09-13","B",,
"0d4db709-8c10-45c8-b5aa-0b400a09b028","D11","PRIN","PRIN.AOS.S2","PRIN.SS.20240910.FIL","A00000422104","2024-09-10T16:43Z","2024-09-10T16:43Z","Illinois State Water Survey Central Analytical Laboratory",380.0,0.01796,5,"2024-09-13","A",,
"01ef88a4-7b1e-4feb-87a2-2e85256c5ba1","D11","PRIN","PRIN.AOS.S2","PRIN.SS.20240910.FIL","A00000422104","2024-09-10T16:43Z","2024-09-10T16:43Z","Illinois State Water Survey Central Analytical Laboratory",552.0,0.00148,5,"2024-09-13","B",,
"ac394d47-4da9-481d-925d-d7393ce5d1ab","D11","PRIN","PRIN.AOS.S2","PRIN.SS.20240910.FIL","A00000422104","2024-09-10T16:43Z","2024-09-10T16:43Z","Illinois State Water Survey Central Analytical Laboratory",498.0,0.00288,5,"2024-09-13","A",,
"007303fa-28c0-4aad-874e-0d07b785262d","D11","PRIN","PRIN.AOS.S2","PRIN.SS.20240910.FIL","A00000422104","2024-09-10T16:43Z","2024-09-10T16:43Z","Illinois State Water Survey Central Analytical Laboratory",524.0,0.00212,5,"2024-09-13","A",,
"d26e07d7-0127-4634-aa41-5ea8846cf5af","D11","PRIN","PRIN.AOS.S2","PRIN.SS.20240910.FIL","A00000422104","2024-09-10T16:43Z","2024-09-10T16:43Z","Illinois State Water Survey Central Analytical Laboratory",514.0,0.00240,5,"2024-09-13","A",,
"9fde98ad-b6c6-44ef-8f4a-8ae37c10dac2","D11","PRIN","PRIN.AOS.S2","PRIN.SS.20240910.FIL","A00000422104","2024-09-10T16:43Z","2024-09-10T16:43Z","Illinois State Water Survey Central Analytical Laboratory",512.0,0.00238,5,"2024-09-13","A",,
"ea91fc4f-30de-41fc-baee-428ddc955093","D11","PRIN","PRIN.AOS.S2","PRIN.SS.20240910.FIL","A00000422104","2024-09-10T16:43Z","2024-09-10T16:43Z","Illinois State Water Survey Central Analytical Laboratory",424.0,0.00848,5,"2024-09-13","B",,
"5afd5e1b-d365-43c4-8f35-9fd2a50b8835","D11","PRIN","PRIN.AOS.S2","PRIN.SS.20240910.FIL","A00000422104","2024-09-10T16:43Z","2024-09-10T16:43Z","Illinois State Water Survey Central Analytical Laboratory",436.0,0.00696,5,"2024-09-13","B",,
"96340180-15f6-451f-be72-9f71760951ea","D11","PRIN","PRIN.AOS.S2","PRIN.SS.20240910.FIL","A00000422104","2024-09-10T16:43Z","2024-09-10T16:43Z","Illinois State Water Survey Central Analytical Laboratory",572.0,0.00126,5,"2024-09-13","B",,
"86d98822-5f5f-446f-8a22-7e975a7ce442","D11","PRIN","PRIN.AOS.S2","PRIN.SS.20240910.FIL","A00000422104","2024-09-10T16:43Z","2024-09-10T16:43Z","Illinois State Water Survey Central Analytical Laboratory",596.0,0.00088,5,"2024-09-13","A",,
"6c61139f-1808-432b-b9c5-87c8cda31d6b","D11","PRIN","PRIN.AOS.S2","PRIN.SS.20240910.FIL","A00000422104","2024-09-10T16:43Z","2024-09-10T16:43Z","Illinois State Water Survey Central Analytical Laboratory",544.0,0.00164,5,"2024-09-13","B",,
"57e6b914-d2ea-40db-bfcb-55103bca3c32","D11","PRIN","PRIN.AOS.S2","PRIN.SS.20240910.FIL","A00000422104","2024-09-10T16:43Z","2024-09-10T16:43Z","Illinois State Water Survey Central Analytical Laboratory",446.0,0.00586,5,"2024-09-13","B",,
"c3782c4b-8bb0-41d3-9a0f-47b873d6a57f","D11","PRIN","PRIN.AOS.S2","PRIN.SS.20240910.FIL","A00000422104","2024-09-10T16:43Z","2024-09-10T16:43Z","Illinois State Water Survey Central Analytical Laboratory",580.0,0.00114,5,"2024-09-13","A",,
"beb9282c-3721-46aa-90b3-31c94e785329","D11","PRIN","PRIN.AOS.S2","PRIN.SS.20240910.FIL","A00000422104","2024-09-10T16:43Z","2024-09-10T16:43Z","Illinois State Water Survey Central Analytical Laboratory",284.0,0.08802,5,"2024-09-13","A",,
"8c1fd877-d7d9-4205-acde-5807721c363a","D11","PRIN","PRIN.AOS.S2","PRIN.SS.20240910.FIL","A00000422104","2024-09-10T16:43Z","2024-09-10T16:43Z","Illinois State Water Survey Central Analytical Laboratory",542.0,0.00170,5,"2024-09-13","A",,
"599b4885-5edb-4f0d-bf84-175cbcdddb21","D11","PRIN","PRIN.AOS.S2","PRIN.SS.20240910.FIL","A00000422104","2024-09-10T16:43Z","2024-09-10T16:43Z","Illinois State Water Survey Central Analytical Laboratory",590.0,0.00096,5,"2024-09-13","A",,
"40a360f9-301a-4c85-a119-cba0ca42d303","D11","PRIN","PRIN.AOS.S2","PRIN.SS.20240910.FIL","A00000422104","2024-09-10T16:43Z","2024-09-10T16:43Z","Illinois State Water Survey Central Analytical Laboratory",592.0,0.00098,5,"2024-09-13","B",,
"4d78c90f-65cd-4d10-9269-feba93fa8bee","D11","PRIN","PRIN.AOS.S2","PRIN.SS.20240910.FIL","A00000422104","2024-09-10T16:43Z","2024-09-10T16:43Z","Illinois State Water Survey Central Analytical Laboratory",490.0,0.00320,5,"2024-09-13","B",,
"f79aa72f-d76c-4fce-98cb-510d2d20c4e2","D11","PRIN","PRIN.AOS.S2","PRIN.SS.20240910.FIL","A00000422104","2024-09-10T16:43Z","2024-09-10T16:43Z","Illinois State Water Survey Central Analytical Laboratory",298.0,0.06946,5,"2024-09-13","A",,
"d658a336-6120-4fea-9ecc-5961b535ba61","D11","PRIN","PRIN.AOS.S2","PRIN.SS.20240910.FIL","A00000422104","2024-09-10T16:43Z","2024-09-10T16:43Z","Illinois State Water Survey Central Analytical Laboratory",440.0,0.00650,5,"2024-09-13","A",,
"168c0c06-e410-48e9-ba3d-efaa506dff6d","D11","PRIN","PRIN.AOS.S2","PRIN.SS.20240910.FIL","A00000422104","2024-09-10T16:43Z","2024-09-10T16:43Z","Illinois State Water Survey Central Analytical Laboratory",408.0,0.01108,5,"2024-09-13","B",,
"b25daf5d-e215-41da-8bcd-f636afe9c6e5","D11","PRIN","PRIN.AOS.S2","PRIN.SS.20240910.FIL","A00000422104","2024-09-10T16:43Z","2024-09-10T16:43Z","Illinois State Water Survey Central Analytical Laboratory",542.0,0.00170,5,"2024-09-13","B",,
"e9e43457-2792-47e2-bb97-55ebd6fd9f1c","D11","PRIN","PRIN.AOS.S2","PRIN.SS.20240910.FIL","A00000422104","2024-09-10T16:43Z","2024-09-10T16:43Z","Illinois State Water Survey Central Analytical Laboratory",576.0,0.00116,5,"2024-09-13","B",,
"5508bbdf-e03a-4996-a74a-9526c10d30b3","D11","PRIN","PRIN.AOS.S2","PRIN.SS.20240910.FIL","A00000422104","2024-09-10T16:43Z","2024-09-10T16:43Z","Illinois State Water Survey Central Analytical Laboratory",300.0,0.06724,5,"2024-09-13","A",,
"e0375f2a-d6e6-451b-b9a4-47282c55bf5d","D11","PRIN","PRIN.AOS.S2","PRIN.SS.20240910.FIL","A00000422104","2024-09-10T16:43Z","2024-09-10T16:43Z","Illinois State Water Survey Central Analytical Laboratory",230.0,0.17678,5,"2024-09-13","A",,
"fd9d30c3-c5d7-4007-859d-c646b7b55038","D11","PRIN","PRIN.AOS.S2","PRIN.SS.20240910.FIL","A00000422104","2024-09-10T16:43Z","2024-09-10T16:43Z","Illinois State Water Survey Central Analytical Laboratory",236.0,0.15618,5,"2024-09-13","A",,
"1afe0ee2-62e2-4307-bf80-500bcad76b08","D11","PRIN","PRIN.AOS.S2","PRIN.SS.20240910.FIL","A00000422104","2024-09-10T16:43Z","2024-09-10T16:43Z","Illinois State Water Survey Central Analytical Laboratory",264.0,0.11422,5,"2024-09-13","B",,
"35bd2b53-7f6a-4784-80e2-b49a7626a988","D11","PRIN","PRIN.AOS.S2","PRIN.SS.20240910.FIL","A00000422104","2024-09-10T16:43Z","2024-09-10T16:43Z","Illinois State Water Survey Central Analytical Laboratory",368.0,0.02228,5,"2024-09-13","B",,
"3a8375e0-1540-4dc4-a8fc-f1ec541ac8a0","D11","PRIN","PRIN.AOS.S2","PRIN.SS.20240910.FIL","A00000422104","2024-09-10T16:43Z","2024-09-10T16:43Z","Illinois State Water Survey Central Analytical Laboratory",546.0,0.00162,5,"2024-09-13","A",,
"3563d041-5297-48c8-a729-557b90ec49c4","D11","PRIN","PRIN.AOS.S2","PRIN.SS.20240910.FIL","A00000422104","2024-09-10T16:43Z","2024-09-10T16:43Z","Illinois State Water Survey Central Analytical Laboratory",488.0,0.00326,5,"2024-09-13","A",,
"44305aaf-5502-48b9-8f77-de74e2229a07","D11","PRIN","PRIN.AOS.S2","PRIN.SS.20240910.FIL","A00000422104","2024-09-10T16:43Z","2024-09-10T16:43Z","Illinois State Water Survey Central Analytical Laboratory",272.0,0.10446,5,"2024-09-13","A",,
"4ed8397e-a22c-4967-8089-f6273e99ab52","D11","PRIN","PRIN.AOS.S2","PRIN.SS.20240910.FIL","A00000422104","2024-09-10T16:43Z","2024-09-10T16:43Z","Illinois State Water Survey Central Analytical Laboratory",240.0,0.14650,5,"2024-09-13","B",,
"c1b033b5-7327-48c0-bae5-ea60b2a99b53","D11","PRIN","PRIN.AOS.S2","PRIN.SS.20240910.FIL","A00000422104","2024-09-10T16:43Z","2024-09-10T16:43Z","Illinois State Water Survey Central Analytical Laboratory",342.0,0.03414,5,"2024-09-13","B",,
"fe64c881-cd16-4835-8226-090ceca247ea","D11","PRIN","PRIN.AOS.S2","PRIN.SS.20240910.FIL","A00000422104","2024-09-10T16:43Z","2024-09-10T16:43Z","Illinois State Water Survey Central Analytical Laboratory",224.0,0.20320,5,"2024-09-13","A",,
"73e67b45-b76c-4bf8-8b92-8e23ba524bb9","D11","PRIN","PRIN.AOS.S2","PRIN.SS.20240910.FIL","A00000422104","2024-09-10T16:43Z","2024-09-10T16:43Z","Illinois State Water Survey Central Analytical Laboratory",508.0,0.00252,5,"2024-09-13","A",,
"1f150d89-6c26-41b5-9879-51590c8a1d5a","D11","PRIN","PRIN.AOS.S2","PRIN.SS.20240910.FIL","A00000422104","2024-09-10T16:43Z","2024-09-10T16:43Z","Illinois State Water Survey Central Analytical Laboratory",356.0,0.02718,5,"2024-09-13","B",,
"1c38ba6e-8072-4a40-9be3-beea66a01462","D11","PRIN","PRIN.AOS.S2","PRIN.SS.20240910.FIL","A00000422104","2024-09-10T16:43Z","2024-09-10T16:43Z","Illinois State Water Survey Central Analytical Laboratory",474.0,0.00396,5,"2024-09-13","B",,
"27402d76-77fb-485b-a6e2-e666874035f3","D11","PRIN","PRIN.AOS.S2","PRIN.SS.20240910.FIL","A00000422104","2024-09-10T16:43Z","2024-09-10T16:43Z","Illinois State Water Survey Central Analytical Laboratory",440.0,0.00656,5,"2024-09-13","B",,
"d8d67cfe-d714-41ad-b27a-90f2e61d56ce","D11","PRIN","PRIN.AOS.S2","PRIN.SS.20240910.FIL","A00000422104","2024-09-10T16:43Z","2024-09-10T16:43Z","Illinois State Water Survey Central Analytical Laboratory",408.0,0.01102,5,"2024-09-13","A",,
"1d8aeea7-267d-4f5d-8eee-84c91d954f1b","D11","PRIN","PRIN.AOS.S2","PRIN.SS.20240910.FIL","A00000422104","2024-09-10T16:43Z","2024-09-10T16:43Z","Illinois State Water Survey Central Analytical Laboratory",496.0,0.00298,5,"2024-09-13","B",,
"aa37cd5a-94ea-40a3-8456-a24d32fbeeb2","D11","PRIN","PRIN.AOS.S2","PRIN.SS.20240910.FIL","A00000422104","2024-09-10T16:43Z","2024-09-10T16:43Z","Illinois State Water Survey Central Analytical Laboratory",414.0,0.00976,5,"2024-09-13","A",,
"ad3c6f97-e610-4b88-a083-08163b24a02c","D11","PRIN","PRIN.AOS.S2","PRIN.SS.20240910.FIL","A00000422104","2024-09-10T16:43Z","2024-09-10T16:43Z","Illinois State Water Survey Central Analytical Laboratory",422.0,0.00866,5,"2024-09-13","A",,
"d1076b13-908b-4d31-b697-025f5ba47641","D11","PRIN","PRIN.AOS.S2","PRIN.SS.20240910.FIL","A00000422104","2024-09-10T16:43Z","2024-09-10T16:43Z","Illinois State Water Survey Central Analytical Laboratory",598.0,0.00084,5,"2024-09-13","A",,
"e97a2d3e-aac5-4a79-92e8-8f39d73ff0b1","D11","PRIN","PRIN.AOS.S2","PRIN.SS.20240910.FIL","A00000422104","2024-09-10T16:43Z","2024-09-10T16:43Z","Illinois State Water Survey Central Analytical Laboratory",530.0,0.00192,5,"2024-09-13","A",,
"ae1db881-cf96-4c56-a4d5-23e55d19750c","D11","PRIN","PRIN.AOS.S2","PRIN.SS.20240910.FIL","A00000422104","2024-09-10T16:43Z","2024-09-10T16:43Z","Illinois State Water Survey Central Analytical Laboratory",448.0,0.00568,5,"2024-09-13","A",,
"913ec2b5-af49-4c29-84e4-da23cb8f92ac","D11","PRIN","PRIN.AOS.S2","PRIN.SS.20240910.FIL","A00000422104","2024-09-10T16:43Z","2024-09-10T16:43Z","Illinois State Water Survey Central Analytical Laboratory",554.0,0.00146,5,"2024-09-13","B",,
"bb7c5840-9e47-4665-a06b-c37a220db694","D11","PRIN","PRIN.AOS.S2","PRIN.SS.20240910.FIL","A00000422104","2024-09-10T16:43Z","2024-09-10T16:43Z","Illinois State Water Survey Central Analytical Laboratory",326.0,0.04440,5,"2024-09-13","B",,
"ff94e6db-536a-4676-b67b-a92f5f2b35ab","D11","PRIN","PRIN.AOS.S2","PRIN.SS.20240910.FIL","A00000422104","2024-09-10T16:43Z","2024-09-10T16:43Z","Illinois State Water Survey Central Analytical Laboratory",272.0,0.10470,5,"2024-09-13","B",,
"e3283ccd-da93-4b61-a5e8-5ce7ea5fc18e","D11","PRIN","PRIN.AOS.S2","PRIN.SS.20240910.FIL","A00000422104","2024-09-10T16:43Z","2024-09-10T16:43Z","Illinois State Water Survey Central Analytical Laboratory",362.0,0.02458,5,"2024-09-13","A",,
"90b100de-90ad-47f1-8a93-3f28c7c9dbae","D11","PRIN","PRIN.AOS.S2","PRIN.SS.20240910.FIL","A00000422104","2024-09-10T16:43Z","2024-09-10T16:43Z","Illinois State Water Survey Central Analytical Laboratory",506.0,0.00262,5,"2024-09-13","A",,
"0b0c9296-826c-49ca-8de3-a3cf2cb9d4e1","D11","PRIN","PRIN.AOS.S2","PRIN.SS.20240910.FIL","A00000422104","2024-09-10T16:43Z","2024-09-10T16:43Z","Illinois State Water Survey Central Analytical Laboratory",364.0,0.02374,5,"2024-09-13","A",,
"71db55b3-ae26-401f-ba41-fdf90180c485","D11","PRIN","PRIN.AOS.S2","PRIN.SS.20240910.FIL","A00000422104","2024-09-10T16:43Z","2024-09-10T16:43Z","Illinois State Water Survey Central Analytical Laboratory",300.0,0.06740,5,"2024-09-13","B",,
"afa4b4a9-ae72-4bd8-b0cf-b1e43bde2f42","D11","PRIN","PRIN.AOS.S2","PRIN.SS.20240910.FIL","A00000422104","2024-09-10T16:43Z","2024-09-10T16:43Z","Illinois State Water Survey Central Analytical Laboratory",226.0,0.19280,5,"2024-09-13","A",,
"ee80eafb-edaa-4ab4-a3bc-73ba84a39269","D11","PRIN","PRIN.AOS.S2","PRIN.SS.20240910.FIL","A00000422104","2024-09-10T16:43Z","2024-09-10T16:43Z","Illinois State Water Survey Central Analytical Laboratory",374.0,0.01996,5,"2024-09-13","A",,
"9001447b-83c3-49b3-9d42-dfecd1346b79","D11","PRIN","PRIN.AOS.S2","PRIN.SS.20240910.FIL","A00000422104","2024-09-10T16:43Z","2024-09-10T16:43Z","Illinois State Water Survey Central Analytical Laboratory",568.0,0.00124,5,"2024-09-13","B",,
"6eaa2e52-0f7e-4e3c-8f33-ad55c77b3253","D11","PRIN","PRIN.AOS.S2","PRIN.SS.20240910.FIL","A00000422104","2024-09-10T16:43Z","2024-09-10T16:43Z","Illinois State Water Survey Central Analytical Laboratory",500.0,0.00284,5,"2024-09-13","A",,
"a300f118-fed5-46a3-a730-8a5483ac3926","D11","PRIN","PRIN.AOS.S2","PRIN.SS.20240910.FIL","A00000422104","2024-09-10T16:43Z","2024-09-10T16:43Z","Illinois State Water Survey Central Analytical Laboratory",544.0,0.00164,5,"2024-09-13","A",,
"ccb06776-cc8b-4846-9bc1-784e2c87be15","D11","PRIN","PRIN.AOS.S2","PRIN.SS.20240910.FIL","A00000422104","2024-09-10T16:43Z","2024-09-10T16:43Z","Illinois State Water Survey Central Analytical Laboratory",430.0,0.00760,5,"2024-09-13","A",,
"ce237efe-05ea-45eb-8fe3-5c787e80281e","D11","PRIN","PRIN.AOS.S2","PRIN.SS.20240910.FIL","A00000422104","2024-09-10T16:43Z","2024-09-10T16:43Z","Illinois State Water Survey Central Analytical Laboratory",498.0,0.00290,5,"2024-09-13","B",,
"b7f3e39b-d852-4e6f-b0e4-0816a98d0868","D11","PRIN","PRIN.AOS.S2","PRIN.SS.20240910.FIL","A00000422104","2024-09-10T16:43Z","2024-09-10T16:43Z","Illinois State Water Survey Central Analytical Laboratory",518.0,0.00226,5,"2024-09-13","A",,
"2ded9797-3c77-4df5-971f-722ff708d99a","D11","PRIN","PRIN.AOS.S2","PRIN.SS.20240910.FIL","A00000422104","2024-09-10T16:43Z","2024-09-10T16:43Z","Illinois State Water Survey Central Analytical Laboratory",596.0,0.00092,5,"2024-09-13","B",,
"a01de581-a7ce-419d-bf42-f05b7d8cdcd4","D11","PRIN","PRIN.AOS.S2","PRIN.SS.20240910.FIL","A00000422104","2024-09-10T16:43Z","2024-09-10T16:43Z","Illinois State Water Survey Central Analytical Laboratory",598.0,0.00092,5,"2024-09-13","B",,
"e04df591-3768-479e-9dc5-ff12c4a3858c","D11","PRIN","PRIN.AOS.S2","PRIN.SS.20240910.FIL","A00000422104","2024-09-10T16:43Z","2024-09-10T16:43Z","Illinois State Water Survey Central Analytical Laboratory",238.0,0.15100,5,"2024-09-13","A",,
"9ca11b40-bafe-4a74-ac70-255e094edb94","D11","PRIN","PRIN.AOS.S2","PRIN.SS.20240910.FIL","A00000422104","2024-09-10T16:43Z","2024-09-10T16:43Z","Illinois State Water Survey Central Analytical Laboratory",454.0,0.00518,5,"2024-09-13","B",,
"85494179-01e2-47a9-861b-211a3763c3e8","D11","PRIN","PRIN.AOS.S2","PRIN.SS.20240910.FIL","A00000422104","2024-09-10T16:43Z","2024-09-10T16:43Z","Illinois State Water Survey Central Analytical Laboratory",228.0,0.18396,5,"2024-09-13","B",,
"0d7d96d6-8569-4b7d-a06b-aa006391ebdd","D11","PRIN","PRIN.AOS.S2","PRIN.SS.20240910.FIL","A00000422104","2024-09-10T16:43Z","2024-09-10T16:43Z","Illinois State Water Survey Central Analytical Laboratory",244.0,0.13900,5,"2024-09-13","B",,
"7185dff2-e269-4b03-9453-c38fb04006b4","D11","PRIN","PRIN.AOS.S2","PRIN.SS.20240910.FIL","A00000422104","2024-09-10T16:43Z","2024-09-10T16:43Z","Illinois State Water Survey Central Analytical Laboratory",324.0,0.04596,5,"2024-09-13","B",,
"8898999d-6a77-46e9-adc5-5bd71cf5f0da","D11","PRIN","PRIN.AOS.S2","PRIN.SS.20240910.FIL","A00000422104","2024-09-10T16:43Z","2024-09-10T16:43Z","Illinois State Water Survey Central Analytical Laboratory",566.0,0.00126,5,"2024-09-13","A",,
"1dd9cab9-9aa3-4c3e-9da5-15abc7ae0f2a","D11","PRIN","PRIN.AOS.S2","PRIN.SS.20240910.FIL","A00000422104","2024-09-10T16:43Z","2024-09-10T16:43Z","Illinois State Water Survey Central Analytical Laboratory",516.0,0.00228,5,"2024-09-13","A",,
"1465fdcf-51c2-43e9-9aa6-bd2b02f7a9c0","D11","PRIN","PRIN.AOS.S2","PRIN.SS.20240910.FIL","A00000422104","2024-09-10T16:43Z","2024-09-10T16:43Z","Illinois State Water Survey Central Analytical Laboratory",400.0,0.01276,5,"2024-09-13","B",,
"985bf172-2ea9-461f-ae16-93e67f67e4f1","D11","PRIN","PRIN.AOS.S2","PRIN.SS.20240910.FIL","A00000422104","2024-09-10T16:43Z","2024-09-10T16:43Z","Illinois State Water Survey Central Analytical Laboratory",510.0,0.00246,5,"2024-09-13","B",,
"06d33d7e-9679-4964-b506-b10d7eb158ed","D11","PRIN","PRIN.AOS.S2","PRIN.SS.20240910.FIL","A00000422104","2024-09-10T16:43Z","2024-09-10T16:43Z","Illinois State Water Survey Central Analytical Laboratory",348.0,0.03094,5,"2024-09-13","A",,
"15b00d49-51fb-481a-98b8-6220201a8128","D11","PRIN","PRIN.AOS.S2","PRIN.SS.20240910.FIL","A00000422104","2024-09-10T16:43Z","2024-09-10T16:43Z","Illinois State Water Survey Central Analytical Laboratory",242.0,0.14202,5,"2024-09-13","A",,
"3b06e115-e844-4749-9c99-863cf6ad817b","D11","PRIN","PRIN.AOS.S2","PRIN.SS.20240910.FIL","A00000422104","2024-09-10T16:43Z","2024-09-10T16:43Z","Illinois State Water Survey Central Analytical Laboratory",354.0,0.02802,5,"2024-09-13","A",,
"1bde29b3-cfac-40dc-969a-51182196386c","D11","PRIN","PRIN.AOS.S2","PRIN.SS.20240910.FIL","A00000422104","2024-09-10T16:43Z","2024-09-10T16:43Z","Illinois State Water Survey Central Analytical Laboratory",508.0,0.00254,5,"2024-09-13","B",,
"580e9c21-d148-4bbe-a631-92d9267dfcb4","D11","PRIN","PRIN.AOS.S2","PRIN.SS.20240910.FIL","A00000422104","2024-09-10T16:43Z","2024-09-10T16:43Z","Illinois State Water Survey Central Analytical Laboratory",432.0,0.00734,5,"2024-09-13","A",,
"884b4188-d3ed-47c5-8e40-046b203dd021","D11","PRIN","PRIN.AOS.S2","PRIN.SS.20240910.FIL","A00000422104","2024-09-10T16:43Z","2024-09-10T16:43Z","Illinois State Water Survey Central Analytical Laboratory",342.0,0.03402,5,"2024-09-13","A",,
"61083c07-7d24-4d6a-b711-369985909a6c","D11","PRIN","PRIN.AOS.S2","PRIN.SS.20240910.FIL","A00000422104","2024-09-10T16:43Z","2024-09-10T16:43Z","Illinois State Water Survey Central Analytical Laboratory",254.0,0.12540,5,"2024-09-13","B",,
"b2f211a8-d4ec-4063-ac07-addb2d745037","D11","PRIN","PRIN.AOS.S2","PRIN.SS.20240910.FIL","A00000422104","2024-09-10T16:43Z","2024-09-10T16:43Z","Illinois State Water Survey Central Analytical Laboratory",528.0,0.00204,5,"2024-09-13","B",,
"d9c7e851-b9b6-427c-856d-7ca0c07f7f5e","D11","PRIN","PRIN.AOS.S2","PRIN.SS.20240910.FIL","A00000422104","2024-09-10T16:43Z","2024-09-10T16:43Z","Illinois State Water Survey Central Analytical Laboratory",592.0,0.00096,5,"2024-09-13","A",,
"d40483e5-6fbe-430f-9133-0bd26ca9f435","D11","PRIN","PRIN.AOS.S2","PRIN.SS.20240910.FIL","A00000422104","2024-09-10T16:43Z","2024-09-10T16:43Z","Illinois State Water Survey Central Analytical Laboratory",534.0,0.00188,5,"2024-09-13","B",,
"4fdba720-4df9-405b-b255-9f55ed4cbd94","D11","PRIN","PRIN.AOS.S2","PRIN.SS.20240910.FIL","A00000422104","2024-09-10T16:43Z","2024-09-10T16:43Z","Illinois State Water Survey Central Analytical Laboratory",406.0,0.01140,5,"2024-09-13","A",,
"17bb884c-1473-4840-8cd7-22cb41cb519b","D11","PRIN","PRIN.AOS.S2","PRIN.SS.20240910.FIL","A00000422104","2024-09-10T16:43Z","2024-09-10T16:43Z","Illinois State Water Survey Central Analytical Laboratory",390.0,0.01494,5,"2024-09-13","A",,
"6d261428-2ce5-49cc-b36c-f0999fb866c5","D11","PRIN","PRIN.AOS.S2","PRIN.SS.20240910.FIL","A00000422104","2024-09-10T16:43Z","2024-09-10T16:43Z","Illinois State Water Survey Central Analytical Laboratory",494.0,0.00302,5,"2024-09-13","A",,
"8d1f0ea6-73b8-4c1c-82d2-65e29f1628c6","D11","PRIN","PRIN.AOS.S2","PRIN.SS.20240910.FIL","A00000422104","2024-09-10T16:43Z","2024-09-10T16:43Z","Illinois State Water Survey Central Analytical Laboratory",304.0,0.06310,5,"2024-09-13","A",,
"a574041f-5502-4074-8502-e05d2ca13c07","D11","PRIN","PRIN.AOS.S2","PRIN.SS.20240910.FIL","A00000422104","2024-09-10T16:43Z","2024-09-10T16:43Z","Illinois State Water Survey Central Analytical Laboratory",256.0,0.12272,5,"2024-09-13","A",,
"7b1f17a5-3b62-4ec1-be19-a926b6e9b1af","D11","PRIN","PRIN.AOS.S2","PRIN.SS.20240910.FIL","A00000422104","2024-09-10T16:43Z","2024-09-10T16:43Z","Illinois State Water Survey Central Analytical Laboratory",562.0,0.00128,5,"2024-09-13","A",,
"a6e4c7fd-872b-41b5-bf79-d4b516db1969","D11","PRIN","PRIN.AOS.S2","PRIN.SS.20240910.FIL","A00000422104","2024-09-10T16:43Z","2024-09-10T16:43Z","Illinois State Water Survey Central Analytical Laboratory",292.0,0.07698,5,"2024-09-13","B",,
"dab3939d-c5d7-4bf0-a46f-8bfb5165a91a","D11","PRIN","PRIN.AOS.S2","PRIN.SS.20240910.FIL","A00000422104","2024-09-10T16:43Z","2024-09-10T16:43Z","Illinois State Water Survey Central Analytical Laboratory",564.0,0.00136,5,"2024-09-13","B",,
"ec0963dc-e710-42da-b4cb-71911d6204ac","D11","PRIN","PRIN.AOS.S2","PRIN.SS.20240910.FIL","A00000422104","2024-09-10T16:43Z","2024-09-10T16:43Z","Illinois State Water Survey Central Analytical Laboratory",578.0,0.00110,5,"2024-09-13","B",,
"d248e409-b705-4803-8d6c-71eaf1e3b040","D11","PRIN","PRIN.AOS.S2","PRIN.SS.20240910.FIL","A00000422104","2024-09-10T16:43Z","2024-09-10T16:43Z","Illinois State Water Survey Central Analytical Laboratory",348.0,0.03106,5,"2024-09-13","B",,
"e0d935ea-55cb-4fe6-b403-13b8850935f1","D11","PRIN","PRIN.AOS.S2","PRIN.SS.20240910.FIL","A00000422104","2024-09-10T16:43Z","2024-09-10T16:43Z","Illinois State Water Survey Central Analytical Laboratory",456.0,0.00502,5,"2024-09-13","B",,
"74aecf7c-0d34-4e2f-8412-44bd7d6bc6eb","D11","PRIN","PRIN.AOS.S2","PRIN.SS.20240910.FIL","A00000422104","2024-09-10T16:43Z","2024-09-10T16:43Z","Illinois State Water Survey Central Analytical Laboratory",530.0,0.00196,5,"2024-09-13","B",,
"320c3013-bc54-4f35-b1fe-9965743f44ae","D11","PRIN","PRIN.AOS.S2","PRIN.SS.20240910.FIL","A00000422104","2024-09-10T16:43Z","2024-09-10T16:43Z","Illinois State Water Survey Central Analytical Laboratory",316.0,0.05228,5,"2024-09-13","A",,
"6a00b254-a26b-43d4-ab44-45bcfc5a6fe1","D11","PRIN","PRIN.AOS.S2","PRIN.SS.20240910.FIL","A00000422104","2024-09-10T16:43Z","2024-09-10T16:43Z","Illinois State Water Survey Central Analytical Laboratory",232.0,0.16916,5,"2024-09-13","A",,
"00ad448e-ec62-4adf-b1f0-17b7e9a928b2","D11","PRIN","PRIN.AOS.S2","PRIN.SS.20240910.FIL","A00000422104","2024-09-10T16:43Z","2024-09-10T16:43Z","Illinois State Water Survey Central Analytical Laboratory",336.0,0.03770,5,"2024-09-13","B",,
"bcee7954-d422-4c77-9095-c33c11ccbe43","D11","PRIN","PRIN.AOS.S2","PRIN.SS.20240910.FIL","A00000422104","2024-09-10T16:43Z","2024-09-10T16:43Z","Illinois State Water Survey Central Analytical Laboratory",558.0,0.00138,5,"2024-09-13","A",,
"3ac8ab1d-2b4b-481a-a5a7-17b796f93707","D11","PRIN","PRIN.AOS.S2","PRIN.SS.20240910.FIL","A00000422104","2024-09-10T16:43Z","2024-09-10T16:43Z","Illinois State Water Survey Central Analytical Laboratory",584.0,0.00098,5,"2024-09-13","B",,
"33f2614b-ca92-4e88-b791-8967c51a0ef9","D11","PRIN","PRIN.AOS.S2","PRIN.SS.20240910.FIL","A00000422104","2024-09-10T16:43Z","2024-09-10T16:43Z","Illinois State Water Survey Central Analytical Laboratory",250.0,0.12980,5,"2024-09-13","A",,
"b7c2a011-d2e6-4062-9b79-c766bb70de67","D11","PRIN","PRIN.AOS.S2","PRIN.SS.20240910.FIL","A00000422104","2024-09-10T16:43Z","2024-09-10T16:43Z","Illinois State Water Survey Central Analytical Laboratory",280.0,0.09386,5,"2024-09-13","B",,
"7515cc19-7a36-4583-87fb-69a71397c8a6","D11","PRIN","PRIN.AOS.S2","PRIN.SS.20240910.FIL","A00000422104","2024-09-10T16:43Z","2024-09-10T16:43Z","Illinois State Water Survey Central Analytical Laboratory",438.0,0.00676,5,"2024-09-13","B",,
"4a6ff4dd-ce48-4cc4-936f-50b364d7f404","D11","PRIN","PRIN.AOS.S2","PRIN.SS.20240910.FIL","A00000422104","2024-09-10T16:43Z","2024-09-10T16:43Z","Illinois State Water Survey Central Analytical Laboratory",252.0,0.12752,5,"2024-09-13","B",,
"6001a447-9644-4a08-af05-0a7178d02649","D11","PRIN","PRIN.AOS.S2","PRIN.SS.20240910.FIL","A00000422104","2024-09-10T16:43Z","2024-09-10T16:43Z","Illinois State Water Survey Central Analytical Laboratory",460.0,0.00472,5,"2024-09-13","B",,
"32191c29-28bc-4720-a5cf-510a55f92d4a","D11","PRIN","PRIN.AOS.S2","PRIN.SS.20240910.FIL","A00000422104","2024-09-10T16:43Z","2024-09-10T16:43Z","Illinois State Water Survey Central Analytical Laboratory",548.0,0.00160,5,"2024-09-13","B",,
"3df5175f-f4d1-4a28-8aae-44c9c4e6e979","D11","PRIN","PRIN.AOS.S2","PRIN.SS.20240910.FIL","A00000422104","2024-09-10T16:43Z","2024-09-10T16:43Z","Illinois State Water Survey Central Analytical Laboratory",418.0,0.00930,5,"2024-09-13","B",,
"675182a1-1363-4437-873f-83ba856c6d6f","D11","PRIN","PRIN.AOS.S2","PRIN.SS.20240910.FIL","A00000422104","2024-09-10T16:43Z","2024-09-10T16:43Z","Illinois State Water Survey Central Analytical Laboratory",548.0,0.00162,5,"2024-09-13","A",,
"a792f166-1ac9-477c-943b-6f908bc39fe4","D11","PRIN","PRIN.AOS.S2","PRIN.SS.20240910.FIL","A00000422104","2024-09-10T16:43Z","2024-09-10T16:43Z","Illinois State Water Survey Central Analytical Laboratory",460.0,0.00470,5,"2024-09-13","A",,
"9f5340c6-d822-4d8e-aae5-49a6a1b37717","D11","PRIN","PRIN.AOS.S2","PRIN.SS.20240910.FIL","A00000422104","2024-09-10T16:43Z","2024-09-10T16:43Z","Illinois State Water Survey Central Analytical Laboratory",538.0,0.00176,5,"2024-09-13","A",,
"1d11f3e1-4070-48c7-a58c-6893f2508a76","D11","PRIN","PRIN.AOS.S2","PRIN.SS.20240910.FIL","A00000422104","2024-09-10T16:43Z","2024-09-10T16:43Z","Illinois State Water Survey Central Analytical Laboratory",428.0,0.00792,5,"2024-09-13","B",,
"e9bbb935-a7bb-4d5f-bff3-f0add7d04264","D11","PRIN","PRIN.AOS.S2","PRIN.SS.20240910.FIL","A00000422104","2024-09-10T16:43Z","2024-09-10T16:43Z","Illinois State Water Survey Central Analytical Laboratory",418.0,0.00922,5,"2024-09-13","A",,
"06bf657b-5218-42a8-a652-7c8618b7acdf","D11","PRIN","PRIN.AOS.S2","PRIN.SS.20240910.FIL","A00000422104","2024-09-10T16:43Z","2024-09-10T16:43Z","Illinois State Water Survey Central Analytical Laboratory",288.0,0.08258,5,"2024-09-13","B",,
"bbd66b0f-e38a-4ee0-b8d9-9b7d6f9e19f7","D11","PRIN","PRIN.AOS.S2","PRIN.SS.20240910.FIL","A00000422104","2024-09-10T16:43Z","2024-09-10T16:43Z","Illinois State Water Survey Central Analytical Laboratory",464.0,0.00442,5,"2024-09-13","A",,
"e77fec8d-aab2-48b2-af97-a4b3dded907c","D11","PRIN","PRIN.AOS.S2","PRIN.SS.20240910.FIL","A00000422104","2024-09-10T16:43Z","2024-09-10T16:43Z","Illinois State Water Survey Central Analytical Laboratory",268.0,0.10926,5,"2024-09-13","A",,
"882e98fb-0588-4319-a7ff-c80b166b5e4d","D11","PRIN","PRIN.AOS.S2","PRIN.SS.20240910.FIL","A00000422104","2024-09-10T16:43Z","2024-09-10T16:43Z","Illinois State Water Survey Central Analytical Laboratory",312.0,0.05558,5,"2024-09-13","A",,
"6f6ee093-211f-4275-8d22-af80dee56b34","D11","PRIN","PRIN.AOS.S2","PRIN.SS.20240910.FIL","A00000422104","2024-09-10T16:43Z","2024-09-10T16:43Z","Illinois State Water Survey Central Analytical Laboratory",274.0,0.10192,5,"2024-09-13","B",,
"7dcc9e3f-b426-4761-9a60-06a06e0d2787","D11","PRIN","PRIN.AOS.S2","PRIN.SS.20240910.FIL","A00000422104","2024-09-10T16:43Z","2024-09-10T16:43Z","Illinois State Water Survey Central Analytical Laboratory",430.0,0.00766,5,"2024-09-13","B",,
"536353ca-4909-4d41-94ab-937daf5ee91a","D11","PRIN","PRIN.AOS.S2","PRIN.SS.20240910.FIL","A00000422104","2024-09-10T16:43Z","2024-09-10T16:43Z","Illinois State Water Survey Central Analytical Laboratory",238.0,0.15134,5,"2024-09-13","B",,
"22dba621-f821-4c9a-9fa3-d1641c4ebd36","D11","PRIN","PRIN.AOS.S2","PRIN.SS.20240910.FIL","A00000422104","2024-09-10T16:43Z","2024-09-10T16:43Z","Illinois State Water Survey Central Analytical Laboratory",404.0,0.01182,5,"2024-09-13","A",,
"b1049025-e564-47dc-8c0d-718dced11862","D11","PRIN","PRIN.AOS.S2","PRIN.SS.20240910.FIL","A00000422104","2024-09-10T16:43Z","2024-09-10T16:43Z","Illinois State Water Survey Central Analytical Laboratory",332.0,0.04008,5,"2024-09-13","A",,
"982df7d5-f7ff-4601-9123-38c4622c1491","D11","PRIN","PRIN.AOS.S2","PRIN.SS.20240910.FIL","A00000422104","2024-09-10T16:43Z","2024-09-10T16:43Z","Illinois State Water Survey Central Analytical Laboratory",378.0,0.01872,5,"2024-09-13","B",,
"f34f870b-f9b3-40f2-b2d0-54fae8930494","D11","PRIN","PRIN.AOS.S2","PRIN.SS.20240910.FIL","A00000422104","2024-09-10T16:43Z","2024-09-10T16:43Z","Illinois State Water Survey Central Analytical Laboratory",336.0,0.03758,5,"2024-09-13","A",,
"33e8808b-3d2d-4682-94b1-699a8aa73c0d","D11","PRIN","PRIN.AOS.S2","PRIN.SS.20240910.FIL","A00000422104","2024-09-10T16:43Z","2024-09-10T16:43Z","Illinois State Water Survey Central Analytical Laboratory",368.0,0.02216,5,"2024-09-13","A",,
"fd2511f6-1a9b-4537-a741-841ac2750cbe","D11","PRIN","PRIN.AOS.S2","PRIN.SS.20240910.FIL","A00000422104","2024-09-10T16:43Z","2024-09-10T16:43Z","Illinois State Water Survey Central Analytical Laboratory",308.0,0.05914,5,"2024-09-13","A",,
"458ac5d4-a73a-4408-8190-0387118d218b","D11","PRIN","PRIN.AOS.S2","PRIN.SS.20240910.FIL","A00000422104","2024-09-10T16:43Z","2024-09-10T16:43Z","Illinois State Water Survey Central Analytical Laboratory",232.0,0.16956,5,"2024-09-13","B",,
"5abc3ec3-187b-4289-8f96-92c3ffa1d377","D11","PRIN","PRIN.AOS.S2","PRIN.SS.20240910.FIL","A00000422104","2024-09-10T16:43Z","2024-09-10T16:43Z","Illinois State Water Survey Central Analytical Laboratory",578.0,0.00110,5,"2024-09-13","A",,
"a573852f-e087-4eb2-af45-a9b2fd6f2ce9","D11","PRIN","PRIN.AOS.S2","PRIN.SS.20240910.FIL","A00000422104","2024-09-10T16:43Z","2024-09-10T16:43Z","Illinois State Water Survey Central Analytical Laboratory",276.0,0.09930,5,"2024-09-13","B",,
"eec6579e-99c2-4a9c-b899-224ba1068eda","D11","PRIN","PRIN.AOS.S2","PRIN.SS.20240910.FIL","A00000422104","2024-09-10T16:43Z","2024-09-10T16:43Z","Illinois State Water Survey Central Analytical Laboratory",470.0,0.00412,5,"2024-09-13","A",,
"76791693-8dee-4637-8464-35bf83a7f00c","D11","PRIN","PRIN.AOS.S2","PRIN.SS.20240910.FIL","A00000422104","2024-09-10T16:43Z","2024-09-10T16:43Z","Illinois State Water Survey Central Analytical Laboratory",550.0,0.00150,5,"2024-09-13","B",,
"6e8aa08f-e74d-44be-852b-e41c994671c6","D11","PRIN","PRIN.AOS.S2","PRIN.SS.20240910.FIL","A00000422104","2024-09-10T16:43Z","2024-09-10T16:43Z","Illinois State Water Survey Central Analytical Laboratory",398.0,0.01314,5,"2024-09-13","B",,
"6ab8f14c-ac29-40af-bd1b-a13286f43802","D11","PRIN","PRIN.AOS.S2","PRIN.SS.20240910.FIL","A00000422104","2024-09-10T16:43Z","2024-09-10T16:43Z","Illinois State Water Survey Central Analytical Laboratory",252.0,0.12724,5,"2024-09-13","A",,
"f0ca66fe-fec4-4421-975e-8a4917c4d901","D11","PRIN","PRIN.AOS.S2","PRIN.SS.20240910.FIL","A00000422104","2024-09-10T16:43Z","2024-09-10T16:43Z","Illinois State Water Survey Central Analytical Laboratory",410.0,0.01070,5,"2024-09-13","B",,
"06cdf969-79d9-4420-a00d-0dbeaeaaf14d","D11","PRIN","PRIN.AOS.S2","PRIN.SS.20240910.FIL","A00000422104","2024-09-10T16:43Z","2024-09-10T16:43Z","Illinois State Water Survey Central Analytical Laboratory",330.0,0.04142,5,"2024-09-13","A",,
"2af1eff9-4e69-458d-a8b9-07c8085a04de","D11","PRIN","PRIN.AOS.S2","PRIN.SS.20240910.FIL","A00000422104","2024-09-10T16:43Z","2024-09-10T16:43Z","Illinois State Water Survey Central Analytical Laboratory",446.0,0.00584,5,"2024-09-13","A",,
"be132664-4b6a-4d78-8244-bd64d90ac9a1","D11","PRIN","PRIN.AOS.S2","PRIN.SS.20240910.FIL","A00000422104","2024-09-10T16:43Z","2024-09-10T16:43Z","Illinois State Water Survey Central Analytical Laboratory",370.0,0.02138,5,"2024-09-13","A",,
"5a228d2e-ce71-4187-a5b6-23fe28ff0f0a","D11","PRIN","PRIN.AOS.S2","PRIN.SS.20240910.FIL","A00000422104","2024-09-10T16:43Z","2024-09-10T16:43Z","Illinois State Water Survey Central Analytical Laboratory",352.0,0.02904,5,"2024-09-13","B",,
"627c6d25-6982-428c-a07d-318d3a35ae9a","D11","PRIN","PRIN.AOS.S2","PRIN.SS.20240910.FIL","A00000422104","2024-09-10T16:43Z","2024-09-10T16:43Z","Illinois State Water Survey Central Analytical Laboratory",254.0,0.12512,5,"2024-09-13","A",,
"68e19d5e-3f18-44fa-af94-14e5b8b2bd0d","D11","PRIN","PRIN.AOS.S2","PRIN.SS.20240910.FIL","A00000422104","2024-09-10T16:43Z","2024-09-10T16:43Z","Illinois State Water Survey Central Analytical Laboratory",384.0,0.01670,5,"2024-09-13","A",,
"eb0cb172-c67b-4f02-8121-9b67632a17c7","D11","PRIN","PRIN.AOS.S2","PRIN.SS.20240910.FIL","A00000422104","2024-09-10T16:43Z","2024-09-10T16:43Z","Illinois State Water Survey Central Analytical Laboratory",436.0,0.00688,5,"2024-09-13","A",,
"de44ee69-a75d-436f-a4a6-24b8fa120cc8","D11","PRIN","PRIN.AOS.S2","PRIN.SS.20240910.FIL","A00000422104","2024-09-10T16:43Z","2024-09-10T16:43Z","Illinois State Water Survey Central Analytical Laboratory",540.0,0.00174,5,"2024-09-13","B",,
"e94dd81b-7588-49ad-96b8-880499ab8b32","D11","PRIN","PRIN.AOS.S2","PRIN.SS.20240910.FIL","A00000422104","2024-09-10T16:43Z","2024-09-10T16:43Z","Illinois State Water Survey Central Analytical Laboratory",278.0,0.09650,5,"2024-09-13","A",,
"3e9d1e53-f875-4662-924f-341e6e60e9ee","D11","PRIN","PRIN.AOS.S2","PRIN.SS.20240910.FIL","A00000422104","2024-09-10T16:43Z","2024-09-10T16:43Z","Illinois State Water Survey Central Analytical Laboratory",600.0,0.00090,5,"2024-09-13","A",,
"ffa8175e-041c-4dda-b9d8-07e148e6e2a7","D11","PRIN","PRIN.AOS.S2","PRIN.SS.20240910.FIL","A00000422104","2024-09-10T16:43Z","2024-09-10T16:43Z","Illinois State Water Survey Central Analytical Laboratory",358.0,0.02628,5,"2024-09-13","A",,
"f762b941-ccc2-4279-8c93-be8dfde88d2c","D11","PRIN","PRIN.AOS.S2","PRIN.SS.20240910.FIL","A00000422104","2024-09-10T16:43Z","2024-09-10T16:43Z","Illinois State Water Survey Central Analytical Laboratory",552.0,0.00150,5,"2024-09-13","A",,
"1785bdee-318b-406d-a59d-c2300ee6082d","D11","PRIN","PRIN.AOS.S2","PRIN.SS.20240910.FIL","A00000422104","2024-09-10T16:43Z","2024-09-10T16:43Z","Illinois State Water Survey Central Analytical Laboratory",584.0,0.00100,5,"2024-09-13","A",,
"55b36473-3b70-4f31-ae21-67a0a656228d","D11","PRIN","PRIN.AOS.S2","PRIN.SS.20240910.FIL","A00000422104","2024-09-10T16:43Z","2024-09-10T16:43Z","Illinois State Water Survey Central Analytical Laboratory",402.0,0.01224,5,"2024-09-13","A",,
"74ea96e3-4f42-459f-b878-5c26f2c08e9e","D11","PRIN","PRIN.AOS.S2","PRIN.SS.20240910.FIL","A00000422104","2024-09-10T16:43Z","2024-09-10T16:43Z","Illinois State Water Survey Central Analytical Laboratory",396.0,0.01364,5,"2024-09-13","B",,
"f5fa2405-9132-48d2-bcb8-038ba3e0b2b1","D11","PRIN","PRIN.AOS.S2","PRIN.SS.20240910.FIL","A00000422104","2024-09-10T16:43Z","2024-09-10T16:43Z","Illinois State Water Survey Central Analytical Laboratory",376.0,0.01922,5,"2024-09-13","A",,
"376bed3f-60d7-44d0-9154-aec353fdaa98","D11","PRIN","PRIN.AOS.S2","PRIN.SS.20240910.FIL","A00000422104","2024-09-10T16:43Z","2024-09-10T16:43Z","Illinois State Water Survey Central Analytical Laboratory",586.0,0.00104,5,"2024-09-13","A",,
"fe7a2c63-27dd-47ea-bd0f-0af836158aa6","D11","PRIN","PRIN.AOS.S2","PRIN.SS.20240910.FIL","A00000422104","2024-09-10T16:43Z","2024-09-10T16:43Z","Illinois State Water Survey Central Analytical Laboratory",550.0,0.00152,5,"2024-09-13","A",,
"da6d8897-c7a8-4777-9cd4-514d953ad6f2","D11","PRIN","PRIN.AOS.S2","PRIN.SS.20240910.FIL","A00000422104","2024-09-10T16:43Z","2024-09-10T16:43Z","Illinois State Water Survey Central Analytical Laboratory",500.0,0.00286,5,"2024-09-13","B",,
"4e2032fa-037e-4230-a9d2-d0bbb946ced4","D11","PRIN","PRIN.AOS.S2","PRIN.SS.20240910.FIL","A00000422104","2024-09-10T16:43Z","2024-09-10T16:43Z","Illinois State Water Survey Central Analytical Laboratory",356.0,0.02708,5,"2024-09-13","A",,
"81ebd033-ba84-46a6-b284-7e6f29fb0ba6","D11","PRIN","PRIN.AOS.S2","PRIN.SS.20240910.FIL","A00000422104","2024-09-10T16:43Z","2024-09-10T16:43Z","Illinois State Water Survey Central Analytical Laboratory",456.0,0.00496,5,"2024-09-13","A",,
"6b1d95c1-eedb-435c-8378-b9fad8873333","D11","PRIN","PRIN.AOS.S2","PRIN.SS.20240910.FIL","A00000422104","2024-09-10T16:43Z","2024-09-10T16:43Z","Illinois State Water Survey Central Analytical Laboratory",466.0,0.00432,5,"2024-09-13","A",,
"a5225e62-bd40-4e71-ab3a-e89ca0e8199d","D11","PRIN","PRIN.AOS.S2","PRIN.SS.20240910.FIL","A00000422104","2024-09-10T16:43Z","2024-09-10T16:43Z","Illinois State Water Survey Central Analytical Laboratory",340.0,0.03520,5,"2024-09-13","A",,
"76e9510b-9fdf-4987-977f-f1076543ca6c","D11","PRIN","PRIN.AOS.S2","PRIN.SS.20240910.FIL","A00000422104","2024-09-10T16:43Z","2024-09-10T16:43Z","Illinois State Water Survey Central Analytical Laboratory",570.0,0.00122,5,"2024-09-13","A",,
"1996eb35-8f89-4103-ac12-f682813a939a","D11","PRIN","PRIN.AOS.S2","PRIN.SS.20240910.FIL","A00000422104","2024-09-10T16:43Z","2024-09-10T16:43Z","Illinois State Water Survey Central Analytical Laboratory",516.0,0.00234,5,"2024-09-13","B",,
"546f65f2-e9cc-45e6-94bd-0fe3e141ee76","D11","PRIN","PRIN.AOS.S2","PRIN.SS.20240910.FIL","A00000422104","2024-09-10T16:43Z","2024-09-10T16:43Z","Illinois State Water Survey Central Analytical Laboratory",522.0,0.00216,5,"2024-09-13","B",,
"cff6d439-f458-4aa8-bada-b1f4e4d1e733","D11","PRIN","PRIN.AOS.S2","PRIN.SS.20240910.FIL","A00000422104","2024-09-10T16:43Z","2024-09-10T16:43Z","Illinois State Water Survey Central Analytical Laboratory",556.0,0.00142,5,"2024-09-13","A",,
"9a7c2b19-9a17-4a4b-b50c-af549fa0ff9b","D11","PRIN","PRIN.AOS.S2","PRIN.SS.20240910.FIL","A00000422104","2024-09-10T16:43Z","2024-09-10T16:43Z","Illinois State Water Survey Central Analytical Laboratory",468.0,0.00424,5,"2024-09-13","B",,
"2326fd34-198a-4037-870b-9bdd56983ff7","D11","PRIN","PRIN.AOS.S2","PRIN.SS.20240910.FIL","A00000422104","2024-09-10T16:43Z","2024-09-10T16:43Z","Illinois State Water Survey Central Analytical Laboratory",510.0,0.00244,5,"2024-09-13","A",,
"58e0946d-cd0e-495b-b25d-ffeb338fe89e","D11","PRIN","PRIN.AOS.S2","PRIN.SS.20240910.FIL","A00000422104","2024-09-10T16:43Z","2024-09-10T16:43Z","Illinois State Water Survey Central Analytical Laboratory",294.0,0.07426,5,"2024-09-13","B",,
"1f780ba2-65bf-4f47-8fbe-27dc2efcbc7f","D11","PRIN","PRIN.AOS.S2","PRIN.SS.20240910.FIL","A00000422104","2024-09-10T16:43Z","2024-09-10T16:43Z","Illinois State Water Survey Central Analytical Laboratory",448.0,0.00572,5,"2024-09-13","B",,
"2e171bc1-9825-41cf-ba62-396a94eb575a","D11","PRIN","PRIN.AOS.S2","PRIN.SS.20240910.FIL","A00000422104","2024-09-10T16:43Z","2024-09-10T16:43Z","Illinois State Water Survey Central Analytical Laboratory",406.0,0.01148,5,"2024-09-13","B",,
"6c12c035-a029-43cb-a999-a30cfcb044c8","D11","PRIN","PRIN.AOS.S2","PRIN.SS.20240910.FIL","A00000422104","2024-09-10T16:43Z","2024-09-10T16:43Z","Illinois State Water Survey Central Analytical Laboratory",358.0,0.02638,5,"2024-09-13","B",,
"35a4da18-3149-43bf-8957-facd2133a4e4","D11","PRIN","PRIN.AOS.S2","PRIN.SS.20240910.FIL","A00000422104","2024-09-10T16:43Z","2024-09-10T16:43Z","Illinois State Water Survey Central Analytical Laboratory",296.0,0.07184,5,"2024-09-13","B",,
"74042338-caa4-4c85-9f3f-fca258c06b1c","D11","PRIN","PRIN.AOS.S2","PRIN.SS.20240910.FIL","A00000422104","2024-09-10T16:43Z","2024-09-10T16:43Z","Illinois State Water Survey Central Analytical Laboratory",370.0,0.02150,5,"2024-09-13","B",,
"4b9ff5bf-c9b5-444c-b16a-0b51842de801","D11","PRIN","PRIN.AOS.S2","PRIN.SS.20240910.FIL","A00000422104","2024-09-10T16:43Z","2024-09-10T16:43Z","Illinois State Water Survey Central Analytical Laboratory",220.0,0.22860,5,"2024-09-13","B",,
"ad5c5eb7-c374-40e7-ac3a-6b94b415fcd2","D11","PRIN","PRIN.AOS.S2","PRIN.SS.20240910.FIL","A00000422104","2024-09-10T16:43Z","2024-09-10T16:43Z","Illinois State Water Survey Central Analytical Laboratory",582.0,0.00108,5,"2024-09-13","A",,
"076b9cb6-51a1-4609-99b2-4853bae45a92","D11","PRIN","PRIN.AOS.S2","PRIN.SS.20240910.FIL","A00000422104","2024-09-10T16:43Z","2024-09-10T16:43Z","Illinois State Water Survey Central Analytical Laboratory",256.0,0.12298,5,"2024-09-13","B",,
"c6cfdd62-7464-464c-8ad3-c58fc356bc90","D11","PRIN","PRIN.AOS.S2","PRIN.SS.20240910.FIL","A00000422104","2024-09-10T16:43Z","2024-09-10T16:43Z","Illinois State Water Survey Central Analytical Laboratory",360.0,0.02538,5,"2024-09-13","A",,
"90647ba9-491a-4591-8d68-aee47ddae5d1","D11","PRIN","PRIN.AOS.S2","PRIN.SS.20240910.FIL","A00000422104","2024-09-10T16:43Z","2024-09-10T16:43Z","Illinois State Water Survey Central Analytical Laboratory",594.0,0.00098,5,"2024-09-13","B",,
"2a55ba6b-73e5-4143-bd18-bddd692f3883","D11","PRIN","PRIN.AOS.S2","PRIN.SS.20240910.FIL","A00000422104","2024-09-10T16:43Z","2024-09-10T16:43Z","Illinois State Water Survey Central Analytical Laboratory",354.0,0.02812,5,"2024-09-13","B",,
"0617face-f0ae-493e-b250-9c46e97bd51b","D11","PRIN","PRIN.AOS.S2","PRIN.SS.20240910.FIL","A00000422104","2024-09-10T16:43Z","2024-09-10T16:43Z","Illinois State Water Survey Central Analytical Laboratory",282.0,0.09114,5,"2024-09-13","B",,
"835cb159-48e2-456f-a3f6-1ab4b6297c7a","D11","PRIN","PRIN.AOS.S2","PRIN.SS.20240910.FIL","A00000422104","2024-09-10T16:43Z","2024-09-10T16:43Z","Illinois State Water Survey Central Analytical Laboratory",454.0,0.00510,5,"2024-09-13","A",,
"96f7b775-8fae-4128-b826-5eacaab4bfa6","D11","PRIN","PRIN.AOS.S2","PRIN.SS.20240910.FIL","A00000422104","2024-09-10T16:43Z","2024-09-10T16:43Z","Illinois State Water Survey Central Analytical Laboratory",512.0,0.00240,5,"2024-09-13","B",,
"d8013639-135b-4063-9fab-7c21c98ececc","D11","PRIN","PRIN.AOS.S2","PRIN.SS.20240910.FIL","A00000422104","2024-09-10T16:43Z","2024-09-10T16:43Z","Illinois State Water Survey Central Analytical Laboratory",248.0,0.13264,5,"2024-09-13","B",,
"51743cd2-b1a0-4cf1-a678-dd078cd72433","D11","PRIN","PRIN.AOS.S2","PRIN.SS.20240910.FIL","A00000422104","2024-09-10T16:43Z","2024-09-10T16:43Z","Illinois State Water Survey Central Analytical Laboratory",398.0,0.01306,5,"2024-09-13","A",,
"c20d1292-1c4f-4f58-ac96-7a1d36c2c62a","D11","PRIN","PRIN.AOS.S2","PRIN.SS.20240910.FIL","A00000422104","2024-09-10T16:43Z","2024-09-10T16:43Z","Illinois State Water Survey Central Analytical Laboratory",486.0,0.00334,5,"2024-09-13","A",,
"835bbfa6-1b8e-41ca-9004-83306eb41620","D11","PRIN","PRIN.AOS.S2","PRIN.SS.20240910.FIL","A00000422104","2024-09-10T16:43Z","2024-09-10T16:43Z","Illinois State Water Survey Central Analytical Laboratory",280.0,0.09364,5,"2024-09-13","A",,
"5f7831f3-7126-4380-9af3-cd2d446bdaf6","D11","PRIN","PRIN.AOS.S2","PRIN.SS.20240910.FIL","A00000422104","2024-09-10T16:43Z","2024-09-10T16:43Z","Illinois State Water Survey Central Analytical Laboratory",246.0,0.13520,5,"2024-09-13","B",,
"1604dd29-e0da-4035-8c49-03cf28721149","D11","PRIN","PRIN.AOS.S2","PRIN.SS.20240910.FIL","A00000422104","2024-09-10T16:43Z","2024-09-10T16:43Z","Illinois State Water Survey Central Analytical Laboratory",382.0,0.01740,5,"2024-09-13","B",,
"720dce70-f040-477e-9973-92fc140721b4","D11","PRIN","PRIN.AOS.S2","PRIN.SS.20240910.FIL","A00000422104","2024-09-10T16:43Z","2024-09-10T16:43Z","Illinois State Water Survey Central Analytical Laboratory",282.0,0.09094,5,"2024-09-13","A",,
"4cf3c11b-cc14-4a2d-a537-871eed4d0966","D11","PRIN","PRIN.AOS.S2","PRIN.SS.20240910.FIL","A00000422104","2024-09-10T16:43Z","2024-09-10T16:43Z","Illinois State Water Survey Central Analytical Laboratory",582.0,0.00110,5,"2024-09-13","B",,
"b83360dc-edd1-4335-9688-9f9f8e6d5d3a","D11","PRIN","PRIN.AOS.S2","PRIN.SS.20240910.FIL","A00000422104","2024-09-10T16:43Z","2024-09-10T16:43Z","Illinois State Water Survey Central Analytical Laboratory",290.0,0.07972,5,"2024-09-13","B",,
"f2e86500-95ff-4e05-82f1-480a12f654f2","D11","PRIN","PRIN.AOS.S2","PRIN.SS.20240910.FIL","A00000422104","2024-09-10T16:43Z","2024-09-10T16:43Z","Illinois State Water Survey Central Analytical Laboratory",328.0,0.04302,5,"2024-09-13","B",,
"a40bce35-a399-4d70-b36c-e69c19a79b69","D11","PRIN","PRIN.AOS.S2","PRIN.SS.20240910.FIL","A00000422104","2024-09-10T16:43Z","2024-09-10T16:43Z","Illinois State Water Survey Central Analytical Laboratory",424.0,0.00840,5,"2024-09-13","A",,
"ab6354a8-853d-4030-a124-d5c1bd2250f1","D11","PRIN","PRIN.AOS.S2","PRIN.SS.20240910.FIL","A00000422104","2024-09-10T16:43Z","2024-09-10T16:43Z","Illinois State Water Survey Central Analytical Laboratory",476.0,0.00380,5,"2024-09-13","B",,
"abf84f76-c4cd-4efd-998d-4395f11eb33b","D11","PRIN","PRIN.AOS.S2","PRIN.SS.20240910.FIL","A00000422104","2024-09-10T16:43Z","2024-09-10T16:43Z","Illinois State Water Survey Central Analytical Laboratory",234.0,0.16212,5,"2024-09-13","A",,
"9c1f09e3-f63e-4055-b0d7-c1e053d128e2","D11","PRIN","PRIN.AOS.S2","PRIN.SS.20240910.FIL","A00000422104","2024-09-10T16:43Z","2024-09-10T16:43Z","Illinois State Water Survey Central Analytical Laboratory",268.0,0.10952,5,"2024-09-13","B",,
"751a057c-8b64-4e91-91bd-2dc191d160d5","D11","PRIN","PRIN.AOS.S2","PRIN.SS.20240910.FIL","A00000422104","2024-09-10T16:43Z","2024-09-10T16:43Z","Illinois State Water Survey Central Analytical Laboratory",318.0,0.05042,5,"2024-09-13","A",,
"9706c1df-669e-4c95-a2b9-8fb7d938c0d4","D11","PRIN","PRIN.AOS.S2","PRIN.SS.20240910.FIL","A00000422104","2024-09-10T16:43Z","2024-09-10T16:43Z","Illinois State Water Survey Central Analytical Laboratory",224.0,0.20360,5,"2024-09-13","B",,
"7af28380-50c0-43e3-b115-2ad2bf755ca2","D11","PRIN","PRIN.AOS.S2","PRIN.SS.20240910.FIL","A00000422104","2024-09-10T16:43Z","2024-09-10T16:43Z","Illinois State Water Survey Central Analytical Laboratory",574.0,0.00120,5,"2024-09-13","A",,
"a9633373-0dfe-4534-83b9-052f785bebf0","D11","PRIN","PRIN.AOS.S2","PRIN.SS.20240910.FIL","A00000422104","2024-09-10T16:43Z","2024-09-10T16:43Z","Illinois State Water Survey Central Analytical Laboratory",540.0,0.00172,5,"2024-09-13","A",,
"7cff9e09-e5cf-4e51-9a46-8545c53631a9","D11","PRIN","PRIN.AOS.S2","PRIN.SS.20240910.FIL","A00000422104","2024-09-10T16:43Z","2024-09-10T16:43Z","Illinois State Water Survey Central Analytical Laboratory",392.0,0.01456,5,"2024-09-13","B",,
"a5a54e39-3b58-4057-bc05-68b622e7cea9","D11","PRIN","PRIN.AOS.S2","PRIN.SS.20240910.FIL","A00000422104","2024-09-10T16:43Z","2024-09-10T16:43Z","Illinois State Water Survey Central Analytical Laboratory",580.0,0.00116,5,"2024-09-13","B",,
"a501209e-b7d5-457f-874f-dca164c92e39","D11","PRIN","PRIN.AOS.S2","PRIN.SS.20240910.FIL","A00000422104","2024-09-10T16:43Z","2024-09-10T16:43Z","Illinois State Water Survey Central Analytical Laboratory",288.0,0.08238,5,"2024-09-13","A",,
"4fa8566d-15fa-413d-9e4a-a96f716f1f79","D11","PRIN","PRIN.AOS.S2","PRIN.SS.20240910.FIL","A00000422104","2024-09-10T16:43Z","2024-09-10T16:43Z","Illinois State Water Survey Central Analytical Laboratory",574.0,0.00118,5,"2024-09-13","B",,
"96d055b9-0da7-4786-933e-b4a72d00c468","D11","PRIN","PRIN.AOS.S2","PRIN.SS.20240910.FIL","A00000422104","2024-09-10T16:43Z","2024-09-10T16:43Z","Illinois State Water Survey Central Analytical Laboratory",334.0,0.03900,5,"2024-09-13","B",,
"d3e2e1a8-94e1-48d7-9bbd-a1a2543f5ed8","D11","PRIN","PRIN.AOS.S2","PRIN.SS.20240910.FIL","A00000422104","2024-09-10T16:43Z","2024-09-10T16:43Z","Illinois State Water Survey Central Analytical Laboratory",306.0,0.06124,5,"2024-09-13","B",,
"0b478029-b44d-4eeb-ba97-7a22ede2aea7","D11","PRIN","PRIN.AOS.S2","PRIN.SS.20240910.FIL","A00000422104","2024-09-10T16:43Z","2024-09-10T16:43Z","Illinois State Water Survey Central Analytical Laboratory",518.0,0.00224,5,"2024-09-13","B",,
"22c6a715-9002-447c-a9b0-fc48ca91eebf","D11","PRIN","PRIN.AOS.S2","PRIN.SS.20240910.FIL","A00000422104","2024-09-10T16:43Z","2024-09-10T16:43Z","Illinois State Water Survey Central Analytical Laboratory",568.0,0.00120,5,"2024-09-13","A",,
"e6c6c68b-3e61-4f70-b59b-96d94c7d519f","D11","PRIN","PRIN.AOS.S2","PRIN.SS.20240910.FIL","A00000422104","2024-09-10T16:43Z","2024-09-10T16:43Z","Illinois State Water Survey Central Analytical Laboratory",450.0,0.00552,5,"2024-09-13","B",,
"6d413547-4c6c-4baa-a598-fdd6e19006a2","D11","PRIN","PRIN.AOS.S2","PRIN.SS.20240910.FIL","A00000422104","2024-09-10T16:43Z","2024-09-10T16:43Z","Illinois State Water Survey Central Analytical Laboratory",320.0,0.04894,5,"2024-09-13","A",,
"b11f7e49-8d7c-46ca-af87-6e681201c4b7","D11","PRIN","PRIN.AOS.S2","PRIN.SS.20240910.FIL","A00000422104","2024-09-10T16:43Z","2024-09-10T16:43Z","Illinois State Water Survey Central Analytical Laboratory",362.0,0.02470,5,"2024-09-13","B",,
"c454fc99-cf47-4afe-bb46-e32feed5ee85","D11","PRIN","PRIN.AOS.S2","PRIN.SS.20240910.FIL","A00000422104","2024-09-10T16:43Z","2024-09-10T16:43Z","Illinois State Water Survey Central Analytical Laboratory",390.0,0.01504,5,"2024-09-13","B",,
"c8ab4be9-0a61-47e4-9871-2ecd9e0aa169","D11","PRIN","PRIN.AOS.S2","PRIN.SS.20240910.FIL","A00000422104","2024-09-10T16:43Z","2024-09-10T16:43Z","Illinois State Water Survey Central Analytical Laboratory",316.0,0.05242,5,"2024-09-13","B",,
"072a8b92-3361-419c-b084-0bb35432b099","D11","PRIN","PRIN.AOS.S2","PRIN.SS.20240910.FIL","A00000422104","2024-09-10T16:43Z","2024-09-10T16:43Z","Illinois State Water Survey Central Analytical Laboratory",482.0,0.00362,5,"2024-09-13","B",,
"c0ad2348-f958-469c-97ac-9336244386a6","D11","PRIN","PRIN.AOS.S2","PRIN.SS.20240910.FIL","A00000422104","2024-09-10T16:43Z","2024-09-10T16:43Z","Illinois State Water Survey Central Analytical Laboratory",250.0,0.13006,5,"2024-09-13","B",,
"f211a4d1-5983-4683-97a2-24a9c7e3c285","D11","PRIN","PRIN.AOS.S2","PRIN.SS.20240910.FIL","A00000422104","2024-09-10T16:43Z","2024-09-10T16:43Z","Illinois State Water Survey Central Analytical Laboratory",428.0,0.00786,5,"2024-09-13","A",,
"aa750bb5-3f25-421f-beb9-62a89ce4d714","D11","PRIN","PRIN.AOS.S2","PRIN.SS.20240910.FIL","A00000422104","2024-09-10T16:43Z","2024-09-10T16:43Z","Illinois State Water Survey Central Analytical Laboratory",452.0,0.00532,5,"2024-09-13","B",,
"446dae6f-14f3-4dff-829a-041dce8b020f","D11","PRIN","PRIN.AOS.S2","PRIN.SS.20240910.FIL","A00000422104","2024-09-10T16:43Z","2024-09-10T16:43Z","Illinois State Water Survey Central Analytical Laboratory",384.0,0.01680,5,"2024-09-13","B",,
"30981376-8181-43b6-9cb8-dbf147f713f9","D11","PRIN","PRIN.AOS.S2","PRIN.SS.20240910.FIL","A00000422104","2024-09-10T16:43Z","2024-09-10T16:43Z","Illinois State Water Survey Central Analytical Laboratory",366.0,0.02304,5,"2024-09-13","B",,
"c4761ee1-559e-4b1e-90fb-d399d7cb82ce","D11","PRIN","PRIN.AOS.S2","PRIN.SS.20240910.FIL","A00000422104","2024-09-10T16:43Z","2024-09-10T16:43Z","Illinois State Water Survey Central Analytical Laboratory",246.0,0.13490,5,"2024-09-13","A",,
"0c460ea4-5fd4-4e88-9c29-26e3179ef1f6","D11","PRIN","PRIN.AOS.S2","PRIN.SS.20240910.FIL","A00000422104","2024-09-10T16:43Z","2024-09-10T16:43Z","Illinois State Water Survey Central Analytical Laboratory",558.0,0.00138,5,"2024-09-13","B",,
"06bd1917-d03c-4af8-88a5-8ee4a3d2e288","D11","PRIN","PRIN.AOS.S2","PRIN.SS.20240910.FIL","A00000422104","2024-09-10T16:43Z","2024-09-10T16:43Z","Illinois State Water Survey Central Analytical Laboratory",386.0,0.01614,5,"2024-09-13","B",,
"c6a3c983-c069-42be-a529-4036cb5a9848","D11","PRIN","PRIN.AOS.S2","PRIN.SS.20240910.FIL","A00000422104","2024-09-10T16:43Z","2024-09-10T16:43Z","Illinois State Water Survey Central Analytical Laboratory",388.0,0.01548,5,"2024-09-13","A",,
"5a00b35d-4538-4c25-9792-fc90fd62ab5a","D11","PRIN","PRIN.AOS.S2","PRIN.SS.20240910.FIL","A00000422104","2024-09-10T16:43Z","2024-09-10T16:43Z","Illinois State Water Survey Central Analytical Laboratory",310.0,0.05752,5,"2024-09-13","B",,
"c949d69a-f90e-43ea-b053-64a2df020d07","D11","PRIN","PRIN.AOS.S2","PRIN.SS.20240910.FIL","A00000422104","2024-09-10T16:43Z","2024-09-10T16:43Z","Illinois State Water Survey Central Analytical Laboratory",536.0,0.00178,5,"2024-09-13","B",,
"8d9e844f-a897-4363-8e21-993e7b577e12","D11","PRIN","PRIN.AOS.S2","PRIN.SS.20240910.FIL","A00000422104","2024-09-10T16:43Z","2024-09-10T16:43Z","Illinois State Water Survey Central Analytical Laboratory",360.0,0.02548,5,"2024-09-13","B",,
"f1b36b58-01f4-4a32-a21f-65f2d4bf32b0","D11","PRIN","PRIN.AOS.S2","PRIN.SS.20240910.FIL","A00000422104","2024-09-10T16:43Z","2024-09-10T16:43Z","Illinois State Water Survey Central Analytical Laboratory",220.0,0.22816,5,"2024-09-13","A",,
"d32f36f0-6ca9-4df4-bd76-825a84b998ef","D11","PRIN","PRIN.AOS.S2","PRIN.SS.20240910.FIL","A00000422104","2024-09-10T16:43Z","2024-09-10T16:43Z","Illinois State Water Survey Central Analytical Laboratory",394.0,0.01406,5,"2024-09-13","B",,
"6e43ec98-b0ad-4232-bc89-56928a924ac4","D11","PRIN","PRIN.AOS.S2","PRIN.SS.20240910.FIL","A00000422104","2024-09-10T16:43Z","2024-09-10T16:43Z","Illinois State Water Survey Central Analytical Laboratory",230.0,0.17716,5,"2024-09-13","B",,
"529bfc39-8428-4eaf-8f32-c440f144b414","D11","PRIN","PRIN.AOS.S2","PRIN.SS.20240910.FIL","A00000422104","2024-09-10T16:43Z","2024-09-10T16:43Z","Illinois State Water Survey Central Analytical Laboratory",346.0,0.03208,5,"2024-09-13","B",,
"bcf25a07-763f-4b1b-90dd-58989d15a486","D11","PRIN","PRIN.AOS.S2","PRIN.SS.20240910.FIL","A00000422104","2024-09-10T16:43Z","2024-09-10T16:43Z","Illinois State Water Survey Central Analytical Laboratory",470.0,0.00416,5,"2024-09-13","B",,
"4ef8f21c-478e-4f2b-9ed3-2d2fc18a6732","D11","PRIN","PRIN.AOS.S2","PRIN.SS.20240910.FIL","A00000422104","2024-09-10T16:43Z","2024-09-10T16:43Z","Illinois State Water Survey Central Analytical Laboratory",258.0,0.12038,5,"2024-09-13","A",,
"4b0f7732-bf57-4620-8e93-5b7fd290cf6c","D11","PRIN","PRIN.AOS.S2","PRIN.SS.20240910.FIL","A00000422104","2024-09-10T16:43Z","2024-09-10T16:43Z","Illinois State Water Survey Central Analytical Laboratory",350.0,0.02992,5,"2024-09-13","A",,
"469945e3-4600-4bfb-b210-65082e01d417","D11","PRIN","PRIN.AOS.S2","PRIN.SS.20240910.FIL","A00000422104","2024-09-10T16:43Z","2024-09-10T16:43Z","Illinois State Water Survey Central Analytical Laboratory",528.0,0.00202,5,"2024-09-13","A",,
"59a1ab98-af9a-4fed-bc8d-7444df4cd66b","D11","PRIN","PRIN.AOS.S2","PRIN.SS.20240910.FIL","A00000422104","2024-09-10T16:43Z","2024-09-10T16:43Z","Illinois State Water Survey Central Analytical Laboratory",364.0,0.02384,5,"2024-09-13","B",,
"4c77ecba-9211-4a1d-9bfc-ec0de14c2c6c","D11","PRIN","PRIN.AOS.S2","PRIN.SS.20240910.FIL","A00000422104","2024-09-10T16:43Z","2024-09-10T16:43Z","Illinois State Water Survey Central Analytical Laboratory",490.0,0.00316,5,"2024-09-13","A",,
"8d1c94cb-5360-42cd-90fb-e149f1dde222","D11","PRIN","PRIN.AOS.S2","PRIN.SS.20240910.FIL","A00000422104","2024-09-10T16:43Z","2024-09-10T16:43Z","Illinois State Water Survey Central Analytical Laboratory",270.0,0.10658,5,"2024-09-13","A",,
"5153e206-bbc8-4074-bb79-066cd9415a95","D11","PRIN","PRIN.AOS.S2","PRIN.SS.20240910.FIL","A00000422104","2024-09-10T16:43Z","2024-09-10T16:43Z","Illinois State Water Survey Central Analytical Laboratory",346.0,0.03198,5,"2024-09-13","A",,
"8f2ff8a0-08d2-4c3c-bfa0-63ba13092a43","D11","PRIN","PRIN.AOS.S2","PRIN.SS.20240910.FIL","A00000422104","2024-09-10T16:43Z","2024-09-10T16:43Z","Illinois State Water Survey Central Analytical Laboratory",458.0,0.00482,5,"2024-09-13","A",,
"2ec5ebcc-f37d-418d-8a8b-7b2a4456fc13","D11","PRIN","PRIN.AOS.S2","PRIN.SS.20240910.FIL","A00000422104","2024-09-10T16:43Z","2024-09-10T16:43Z","Illinois State Water Survey Central Analytical Laboratory",472.0,0.00404,5,"2024-09-13","A",,
"af6812fb-53d7-424e-8bcd-823ccc7084a6","D11","PRIN","PRIN.AOS.S2","PRIN.SS.20240910.FIL","A00000422104","2024-09-10T16:43Z","2024-09-10T16:43Z","Illinois State Water Survey Central Analytical Laboratory",484.0,0.00346,5,"2024-09-13","A",,
"f49beec8-37c5-463c-851d-95a567a5aa06","D11","PRIN","PRIN.AOS.S2","PRIN.SS.20240910.FIL","A00000422104","2024-09-10T16:43Z","2024-09-10T16:43Z","Illinois State Water Survey Central Analytical Laboratory",324.0,0.04582,5,"2024-09-13","A",,
"caa5ba1e-9d4b-48b4-8702-2931c604a1ec","D11","PRIN","PRIN.AOS.S2","PRIN.SS.20240910.FIL","A00000422104","2024-09-10T16:43Z","2024-09-10T16:43Z","Illinois State Water Survey Central Analytical Laboratory",480.0,0.00364,5,"2024-09-13","A",,
"b7307a9e-71bd-47f0-8997-4d1bcf9e09b8","D11","PRIN","PRIN.AOS.S2","PRIN.SS.20240910.FIL","A00000422104","2024-09-10T16:43Z","2024-09-10T16:43Z","Illinois State Water Survey Central Analytical Laboratory",372.0,0.02066,5,"2024-09-13","A",,
"370d3f33-8911-4a89-89d8-5cd6dc49ec4c","D11","PRIN","PRIN.AOS.S2","PRIN.SS.20240910.FIL","A00000422104","2024-09-10T16:43Z","2024-09-10T16:43Z","Illinois State Water Survey Central Analytical Laboratory",520.0,0.00218,5,"2024-09-13","B",,
"9a43f9b0-3a48-4a7f-8272-f8d5b6396144","D11","PRIN","PRIN.AOS.S2","PRIN.SS.20240910.FIL","A00000422104","2024-09-10T16:43Z","2024-09-10T16:43Z","Illinois State Water Survey Central Analytical Laboratory",538.0,0.00178,5,"2024-09-13","B",,
"07dce15f-2c84-4ce1-8e5c-a9a365c4c5fe","D11","PRIN","PRIN.AOS.S2","PRIN.SS.20240910.FIL","A00000422104","2024-09-10T16:43Z","2024-09-10T16:43Z","Illinois State Water Survey Central Analytical Laboratory",526.0,0.00206,5,"2024-09-13","B",,
"99f858a2-4633-452c-a3d1-f2296cb93f70","D11","PRIN","PRIN.AOS.S2","PRIN.SS.20240910.FIL","A00000422104","2024-09-10T16:43Z","2024-09-10T16:43Z","Illinois State Water Survey Central Analytical Laboratory",412.0,0.01018,5,"2024-09-13","A",,
"f935c0e1-e743-4904-badf-574c5a7c7210","D11","PRIN","PRIN.AOS.S2","PRIN.SS.20240910.FIL","A00000422104","2024-09-10T16:43Z","2024-09-10T16:43Z","Illinois State Water Survey Central Analytical Laboratory",484.0,0.00350,5,"2024-09-13","B",,
"5515a582-19a8-43da-9f4a-a13926298cc7","D11","PRIN","PRIN.AOS.S2","PRIN.SS.20240910.FIL","A00000422104","2024-09-10T16:43Z","2024-09-10T16:43Z","Illinois State Water Survey Central Analytical Laboratory",308.0,0.05928,5,"2024-09-13","B",,
"a985fbfe-e9b1-447f-a24c-2e78493baef4","D11","PRIN","PRIN.AOS.S2","PRIN.SS.20240910.FIL","A00000422104","2024-09-10T16:43Z","2024-09-10T16:43Z","Illinois State Water Survey Central Analytical Laboratory",380.0,0.01806,5,"2024-09-13","B",,
"052d8643-3301-4edf-bd6d-4a50c1f4d102","D11","PRIN","PRIN.AOS.S2","PRIN.SS.20240910.FIL","A00000422104","2024-09-10T16:43Z","2024-09-10T16:43Z","Illinois State Water Survey Central Analytical Laboratory",514.0,0.00238,5,"2024-09-13","B",,
"71b4be23-0403-47ea-b9f3-d3fd66ef42ee","D11","PRIN","PRIN.AOS.S2","PRIN.SS.20240910.FIL","A00000422104","2024-09-10T16:43Z","2024-09-10T16:43Z","Illinois State Water Survey Central Analytical Laboratory",492.0,0.00312,5,"2024-09-13","B",,
"eba7a747-e63f-46e0-85f7-cb1d4c2df166","D11","PRIN","PRIN.AOS.S2","PRIN.SS.20240910.FIL","A00000422104","2024-09-10T16:43Z","2024-09-10T16:43Z","Illinois State Water Survey Central Analytical Laboratory",462.0,0.00456,5,"2024-09-13","A",,
"2746a42b-72de-467d-9262-ff273ddfe9ac","D11","PRIN","PRIN.AOS.S2","PRIN.SS.20240910.FIL","A00000422104","2024-09-10T16:43Z","2024-09-10T16:43Z","Illinois State Water Survey Central Analytical Laboratory",532.0,0.00194,5,"2024-09-13","A",,
"384d549b-e233-443a-baab-fbf57df03971","D11","PRIN","PRIN.AOS.S2","PRIN.SS.20240910.FIL","A00000422104","2024-09-10T16:43Z","2024-09-10T16:43Z","Illinois State Water Survey Central Analytical Laboratory",262.0,0.11644,5,"2024-09-13","B",,
"04e01539-3829-4948-bbdf-16204cfe22bf","D11","PRIN","PRIN.AOS.S2","PRIN.SS.20240910.FIL","A00000422104","2024-09-10T16:43Z","2024-09-10T16:43Z","Illinois State Water Survey Central Analytical Laboratory",502.0,0.00270,5,"2024-09-13","A",,
"3fa2f49c-8670-43d8-9711-eb693f03fd67","D11","PRIN","PRIN.AOS.S2","PRIN.SS.20240910.FIL","A00000422104","2024-09-10T16:43Z","2024-09-10T16:43Z","Illinois State Water Survey Central Analytical Laboratory",322.0,0.04734,5,"2024-09-13","A",,
"e21ec0d2-87a2-4534-8d57-9bde7cf0b5ad","D11","PRIN","PRIN.AOS.S2","PRIN.SS.20240910.FIL","A00000422104","2024-09-10T16:43Z","2024-09-10T16:43Z","Illinois State Water Survey Central Analytical Laboratory",306.0,0.06110,5,"2024-09-13","A",,
"2d64734b-e443-4995-8d9f-d1f5d5ec594e","D11","PRIN","PRIN.AOS.S2","PRIN.SS.20240910.FIL","A00000422104","2024-09-10T16:43Z","2024-09-10T16:43Z","Illinois State Water Survey Central Analytical Laboratory",226.0,0.19322,5,"2024-09-13","B",,
"043ad076-edd4-47b8-aa48-c3d236ed3371","D11","PRIN","PRIN.AOS.S2","PRIN.SS.20240910.FIL","A00000422104","2024-09-10T16:43Z","2024-09-10T16:43Z","Illinois State Water Survey Central Analytical Laboratory",504.0,0.00270,5,"2024-09-13","B",,
"bad2a673-e1a4-4d52-a10b-c6ab76d00f9c","D11","PRIN","PRIN.AOS.S2","PRIN.SS.20240910.FIL","A00000422104","2024-09-10T16:43Z","2024-09-10T16:43Z","Illinois State Water Survey Central Analytical Laboratory",318.0,0.05058,5,"2024-09-13","B",,
"ce8ef36b-0c68-499f-a842-e19aa9138974","D11","PRIN","PRIN.AOS.S2","PRIN.SS.20240910.FIL","A00000422104","2024-09-10T16:43Z","2024-09-10T16:43Z","Illinois State Water Survey Central Analytical Laboratory",330.0,0.04158,5,"2024-09-13","B",,
"0f8b3b77-e26a-4ff9-80ce-5f65de7e524a","D11","PRIN","PRIN.AOS.S2","PRIN.SS.20240910.FIL","A00000422104","2024-09-10T16:43Z","2024-09-10T16:43Z","Illinois State Water Survey Central Analytical Laboratory",270.0,0.10682,5,"2024-09-13","B",,
"0d99e45d-02b8-473a-896e-69ba57632dd6","D11","PRIN","PRIN.AOS.S2","PRIN.SS.20240910.FIL","A00000422104","2024-09-10T16:43Z","2024-09-10T16:43Z","Illinois State Water Survey Central Analytical Laboratory",452.0,0.00528,5,"2024-09-13","A",,
"215068a9-7682-4618-a909-5ffeb19b5bf4","D11","PRIN","PRIN.AOS.S2","PRIN.SS.20240910.FIL","A00000422104","2024-09-10T16:43Z","2024-09-10T16:43Z","Illinois State Water Survey Central Analytical Laboratory",302.0,0.06516,5,"2024-09-13","A",,
"6e12ca0e-fd74-4efe-8db1-9b19dcb08bac","D11","PRIN","PRIN.AOS.S2","PRIN.SS.20240910.FIL","A00000422104","2024-09-10T16:43Z","2024-09-10T16:43Z","Illinois State Water Survey Central Analytical Laboratory",404.0,0.01190,5,"2024-09-13","B",,
"e6400665-1cbd-4d2d-aaa8-ae51f24c5c4c","D11","PRIN","PRIN.AOS.S2","PRIN.SS.20240910.FIL","A00000422104","2024-09-10T16:43Z","2024-09-10T16:43Z","Illinois State Water Survey Central Analytical Laboratory",378.0,0.01862,5,"2024-09-13","A",,
"8db3f934-b28b-4a33-8fef-fc76cd7c02a5","D11","PRIN","PRIN.AOS.S2","PRIN.SS.20240910.FIL","A00000422104","2024-09-10T16:43Z","2024-09-10T16:43Z","Illinois State Water Survey Central Analytical Laboratory",414.0,0.00986,5,"2024-09-13","B",,
"19e3c857-4db2-46cb-8265-55844f10421e","D11","PRIN","PRIN.AOS.S2","PRIN.SS.20240910.FIL","A00000422104","2024-09-10T16:43Z","2024-09-10T16:43Z","Illinois State Water Survey Central Analytical Laboratory",388.0,0.01560,5,"2024-09-13","B",,
"bc61995e-8960-451f-adae-d680fc0989e6","D11","PRIN","PRIN.AOS.S2","PRIN.SS.20240910.FIL","A00000422104","2024-09-10T16:43Z","2024-09-10T16:43Z","Illinois State Water Survey Central Analytical Laboratory",570.0,0.00122,5,"2024-09-13","B",,
"8c3baf54-a0fa-4b4b-97a2-f117f5ea8fae","D11","PRIN","PRIN.AOS.S2","PRIN.SS.20240910.FIL","A00000422104","2024-09-10T16:43Z","2024-09-10T16:43Z","Illinois State Water Survey Central Analytical Laboratory",426.0,0.00812,5,"2024-09-13","A",,
"44f7bf6e-b6ba-4d21-9b38-9ffd21a8ab36","D11","PRIN","PRIN.AOS.S2","PRIN.SS.20240910.FIL","A00000422104","2024-09-10T16:43Z","2024-09-10T16:43Z","Illinois State Water Survey Central Analytical Laboratory",264.0,0.11396,5,"2024-09-13","A",,
"227ca885-c61d-4d03-bc73-5a1e55bd1bf2","D11","PRIN","PRIN.AOS.S2","PRIN.SS.20240910.FIL","A00000422104","2024-09-10T16:43Z","2024-09-10T16:43Z","Illinois State Water Survey Central Analytical Laboratory",576.0,0.00120,5,"2024-09-13","A",,
"4071badd-c3ec-413e-bea2-ddfcd4fa4bcf","D11","PRIN","PRIN.AOS.S2","PRIN.SS.20240910.FIL","A00000422104","2024-09-10T16:43Z","2024-09-10T16:43Z","Illinois State Water Survey Central Analytical Laboratory",434.0,0.00714,5,"2024-09-13","A",,
"2d2c192f-a0b5-44f8-9f96-ee1f3a9c840d","D11","PRIN","PRIN.AOS.S2","PRIN.SS.20240910.FIL","A00000422104","2024-09-10T16:43Z","2024-09-10T16:43Z","Illinois State Water Survey Central Analytical Laboratory",432.0,0.00740,5,"2024-09-13","B",,
"991275c9-ac4b-4a5e-96b4-a047f25a0b43","D11","PRIN","PRIN.AOS.S2","PRIN.SS.20240910.FIL","A00000422104","2024-09-10T16:43Z","2024-09-10T16:43Z","Illinois State Water Survey Central Analytical Laboratory",260.0,0.11874,5,"2024-09-13","B",,
"e2a7f9c4-0f5b-4eb0-ab2e-9821908cf424","D11","PRIN","PRIN.AOS.S2","PRIN.SS.20240910.FIL","A00000422104","2024-09-10T16:43Z","2024-09-10T16:43Z","Illinois State Water Survey Central Analytical Laboratory",416.0,0.00948,5,"2024-09-13","A",,
"869a1a6f-40bf-49d4-b8fa-d640ed363267","D11","PRIN","PRIN.AOS.S2","PRIN.SS.20240910.FIL","A00000422104","2024-09-10T16:43Z","2024-09-10T16:43Z","Illinois State Water Survey Central Analytical Laboratory",334.0,0.03888,5,"2024-09-13","A",,
"9f06e4e9-9a6f-4c00-8ca7-852e8f35a26a","D11","PRIN","PRIN.AOS.S2","PRIN.SS.20240910.FIL","A00000422104","2024-09-10T16:43Z","2024-09-10T16:43Z","Illinois State Water Survey Central Analytical Laboratory",400.0,0.01268,5,"2024-09-13","A",,
"275b5f88-65d1-4460-baf7-e2dcbaefa636","D11","PRIN","PRIN.AOS.S2","PRIN.SS.20240910.FIL","A00000422104","2024-09-10T16:43Z","2024-09-10T16:43Z","Illinois State Water Survey Central Analytical Laboratory",262.0,0.11618,5,"2024-09-13","A",,
"137eb3e6-2d23-4c20-9a6f-1bfe4a1a481b","D11","PRIN","PRIN.AOS.S2","PRIN.SS.20240910.FIL","A00000422104","2024-09-10T16:43Z","2024-09-10T16:43Z","Illinois State Water Survey Central Analytical Laboratory",228.0,0.18356,5,"2024-09-13","A",,
"cc5eb999-937d-4cfe-8904-09d1e99e2fd1","D11","PRIN","PRIN.AOS.S2","PRIN.SS.20240910.FIL","A00000422104","2024-09-10T16:43Z","2024-09-10T16:43Z","Illinois State Water Survey Central Analytical Laboratory",222.0,0.21548,5,"2024-09-13","B",,
"2e9f2015-278c-49cb-a6b7-861041b8a840","D11","PRIN","PRIN.AOS.S2","PRIN.SS.20240910.FIL","A00000422104","2024-09-10T16:43Z","2024-09-10T16:43Z","Illinois State Water Survey Central Analytical Laboratory",468.0,0.00422,5,"2024-09-13","A",,
"1eb7e0e6-5a79-4f8c-a07c-86a21732af1e","D11","PRIN","PRIN.AOS.S2","PRIN.SS.20240910.FIL","A00000422104","2024-09-10T16:43Z","2024-09-10T16:43Z","Illinois State Water Survey Central Analytical Laboratory",410.0,0.01060,5,"2024-09-13","A",,
"495233fe-fca6-40d1-9302-c0ef9d999eca","D11","PRIN","PRIN.AOS.S2","PRIN.SS.20240910.FIL","A00000422104","2024-09-10T16:43Z","2024-09-10T16:43Z","Illinois State Water Survey Central Analytical Laboratory",258.0,0.12068,5,"2024-09-13","B",,
"a7721533-522d-40f7-8cba-5013ba84d686","D11","PRIN","PRIN.AOS.S2","PRIN.SS.20240910.FIL","A00000422104","2024-09-10T16:43Z","2024-09-10T16:43Z","Illinois State Water Survey Central Analytical Laboratory",338.0,0.03646,5,"2024-09-13","B",,
"40898326-6b9a-47c6-ae7d-baeef4bdbd73","D11","PRIN","PRIN.AOS.S2","PRIN.SS.20240910.FIL","A00000422104","2024-09-10T16:43Z","2024-09-10T16:43Z","Illinois State Water Survey Central Analytical Laboratory",266.0,0.11188,5,"2024-09-13","B",,
"6ec7d05c-73d5-40c7-b447-fecf119a97f2","D11","PRIN","PRIN.AOS.S2","PRIN.SS.20240910.FIL","A00000422104","2024-09-10T16:43Z","2024-09-10T16:43Z","Illinois State Water Survey Central Analytical Laboratory",522.0,0.00218,5,"2024-09-13","A",,
"d5bb54f6-2917-47ad-8cc7-1fb572774c2e","D11","PRIN","PRIN.AOS.S2","PRIN.SS.20240910.FIL","A00000422104","2024-09-10T16:43Z","2024-09-10T16:43Z","Illinois State Water Survey Central Analytical Laboratory",290.0,0.07954,5,"2024-09-13","A",,
"cf12767f-0e5d-4841-8913-46125a4467a6","D11","PRIN","PRIN.AOS.S2","PRIN.SS.20240910.FIL","A00000422104","2024-09-10T16:43Z","2024-09-10T16:43Z","Illinois State Water Survey Central Analytical Laboratory",486.0,0.00336,5,"2024-09-13","B",,
"e1e70115-e371-4bdc-b9ee-de3dcaca0d7e","D11","PRIN","PRIN.AOS.S2","PRIN.SS.20240910.FIL","A00000422104","2024-09-10T16:43Z","2024-09-10T16:43Z","Illinois State Water Survey Central Analytical Laboratory",586.0,0.00104,5,"2024-09-13","B",,
"e921d876-305c-462a-96f8-c202f24134f4","D11","PRIN","PRIN.AOS.S2","PRIN.SS.20240910.FIL","A00000422104","2024-09-10T16:43Z","2024-09-10T16:43Z","Illinois State Water Survey Central Analytical Laboratory",442.0,0.00630,5,"2024-09-13","B",,
"77b3e7fc-8877-4522-8b28-b23535270d95","D11","PRIN","PRIN.AOS.S2","PRIN.SS.20240910.FIL","A00000422104","2024-09-10T16:43Z","2024-09-10T16:43Z","Illinois State Water Survey Central Analytical Laboratory",478.0,0.00378,5,"2024-09-13","B",,
"a556507d-e02e-4356-a25d-e83a058c541f","D11","PRIN","PRIN.AOS.S2","PRIN.SS.20240910.FIL","A00000422104","2024-09-10T16:43Z","2024-09-10T16:43Z","Illinois State Water Survey Central Analytical Laboratory",244.0,0.13870,5,"2024-09-13","A",,
"4e5f2e50-5652-4eb8-bdf9-21ecc431e8c0","D11","PRIN","PRIN.AOS.S2","PRIN.SS.20240910.FIL","A00000422104","2024-09-10T16:43Z","2024-09-10T16:43Z","Illinois State Water Survey Central Analytical Laboratory",302.0,0.06532,5,"2024-09-13","B",,
"50d68bd0-070e-4bec-adb5-a85b7dcd3ee7","D11","PRIN","PRIN.AOS.S2","PRIN.SS.20240910.FIL","A00000422104","2024-09-10T16:43Z","2024-09-10T16:43Z","Illinois State Water Survey Central Analytical Laboratory",532.0,0.00194,5,"2024-09-13","B",,
"223e334b-6ba3-4c1c-8310-b648fb4f50de","D11","PRIN","PRIN.AOS.S2","PRIN.SS.20240910.FIL","A00000422104","2024-09-10T16:43Z","2024-09-10T16:43Z","Illinois State Water Survey Central Analytical Laboratory",322.0,0.04746,5,"2024-09-13","B",,
"6fd01745-9a0c-4bd7-b961-8e2a2dd2a3da","D11","PRIN","PRIN.AOS.S2","PRIN.SS.20240910.FIL","A00000422104","2024-09-10T16:43Z","2024-09-10T16:43Z","Illinois State Water Survey Central Analytical Laboratory",236.0,0.15652,5,"2024-09-13","B",,
"1c273266-b1fc-43d9-b3cb-0d5d2fb3f204","D11","PRIN","PRIN.AOS.S2","PRIN.SS.20240910.FIL","A00000422104","2024-09-10T16:43Z","2024-09-10T16:43Z","Illinois State Water Survey Central Analytical Laboratory",556.0,0.00142,5,"2024-09-13","B",,
"83995abc-3671-436b-a55d-33523d8f0e27","D11","PRIN","PRIN.AOS.S2","PRIN.SS.20240910.FIL","A00000422104","2024-09-10T16:43Z","2024-09-10T16:43Z","Illinois State Water Survey Central Analytical Laboratory",328.0,0.04286,5,"2024-09-13","A",,
"0dc441f8-0e4d-4ad2-9ac4-d30ff2e675dc","D11","PRIN","PRIN.AOS.S2","PRIN.SS.20240910.FIL","A00000422104","2024-09-10T16:43Z","2024-09-10T16:43Z","Illinois State Water Survey Central Analytical Laboratory",450.0,0.00548,5,"2024-09-13","A",,
"f0f6a031-431d-42d3-88c1-bb3d0248349a","D11","PRIN","PRIN.AOS.S2","PRIN.SS.20240910.FIL","A00000422104","2024-09-10T16:43Z","2024-09-10T16:43Z","Illinois State Water Survey Central Analytical Laboratory",472.0,0.00406,5,"2024-09-13","B",,
"7feb9fcc-454d-481b-9c16-aa04f38432be","D11","PRIN","PRIN.AOS.S2","PRIN.SS.20240910.FIL","A00000422104","2024-09-10T16:43Z","2024-09-10T16:43Z","Illinois State Water Survey Central Analytical Laboratory",396.0,0.01354,5,"2024-09-13","A",,
"159fa2fd-bfe6-4e5d-8038-eb4640b39145","D11","PRIN","PRIN.AOS.S2","PRIN.SS.20240910.FIL","A00000422104","2024-09-10T16:43Z","2024-09-10T16:43Z","Illinois State Water Survey Central Analytical Laboratory",526.0,0.00208,5,"2024-09-13","A",,
"b2013e00-a060-4353-89ed-9ba90dbe31ff","D11","PRIN","PRIN.AOS.S2","PRIN.SS.20240910.FIL","A00000422104","2024-09-10T16:43Z","2024-09-10T16:43Z","Illinois State Water Survey Central Analytical Laboratory",564.0,0.00132,5,"2024-09-13","A",,
"435d95b5-0e96-4d2b-a40a-36bd88240753","D11","PRIN","PRIN.AOS.S2","PRIN.SS.20240910.FIL","A00000422104","2024-09-10T16:43Z","2024-09-10T16:43Z","Illinois State Water Survey Central Analytical Laboratory",294.0,0.07412,5,"2024-09-13","A",,
"32b565b1-7ff8-484c-b1ec-5347aad52549","D11","PRIN","PRIN.AOS.S2","PRIN.SS.20240910.FIL","A00000422104","2024-09-10T16:43Z","2024-09-10T16:43Z","Illinois State Water Survey Central Analytical Laboratory",422.0,0.00874,5,"2024-09-13","B",,
"2fe10a00-1c57-4402-87d9-ce8cc7191b06","D11","PRIN","PRIN.AOS.S2","PRIN.SS.20240910.FIL","A00000422104","2024-09-10T16:43Z","2024-09-10T16:43Z","Illinois State Water Survey Central Analytical Laboratory",278.0,0.09672,5,"2024-09-13","B",,
"e55e6e44-e271-4d1c-9800-73c5552d71bd","D11","PRIN","PRIN.AOS.S2","PRIN.SS.20240910.FIL","A00000422104","2024-09-10T16:43Z","2024-09-10T16:43Z","Illinois State Water Survey Central Analytical Laboratory",534.0,0.00184,5,"2024-09-13","A",,
"b5012604-99dc-488f-8879-53f14d7fef28","D11","PRIN","PRIN.AOS.S2","PRIN.SS.20240910.FIL","A00000422104","2024-09-10T16:43Z","2024-09-10T16:43Z","Illinois State Water Survey Central Analytical Laboratory",546.0,0.00162,5,"2024-09-13","B",,
"35632f40-ed5d-4acb-b235-7cc93df79b7f","D11","PRIN","PRIN.AOS.S2","PRIN.SS.20240910.FIL","A00000422104","2024-09-10T16:43Z","2024-09-10T16:43Z","Illinois State Water Survey Central Analytical Laboratory",520.0,0.00214,5,"2024-09-13","A",,
"8ff8139b-3a44-4458-a919-7c6770cf06a8","D11","PRIN","PRIN.AOS.S2","PRIN.SS.20240910.FIL","A00000422104","2024-09-10T16:43Z","2024-09-10T16:43Z","Illinois State Water Survey Central Analytical Laboratory",222.0,0.21506,5,"2024-09-13","A",,
"a798f2d3-aeb0-4564-b7b3-bfabe81162cb","D11","PRIN","PRIN.AOS.S2","PRIN.SS.20240910.FIL","A00000422104","2024-09-10T16:43Z","2024-09-10T16:43Z","Illinois State Water Survey Central Analytical Laboratory",344.0,0.03294,5,"2024-09-13","A",,
"f2f0cc33-a631-4b7d-8928-7bc206695cc3","D11","PRIN","PRIN.AOS.S2","PRIN.SS.20240910.FIL","A00000422104","2024-09-10T16:43Z","2024-09-10T16:43Z","Illinois State Water Survey Central Analytical Laboratory",506.0,0.00262,5,"2024-09-13","B",,
"ae62d3dc-a572-4aeb-b7ab-3ee54f0ff0c8","D11","PRIN","PRIN.AOS.S2","PRIN.SS.20240910.FIL","A00000422104","2024-09-10T16:43Z","2024-09-10T16:43Z","Illinois State Water Survey Central Analytical Laboratory",312.0,0.05574,5,"2024-09-13","B",,
"c990dba5-60cd-4545-800c-44ed003c00ab","D11","PRIN","PRIN.AOS.S2","PRIN.SS.20240910.FIL","A00000422104","2024-09-10T16:43Z","2024-09-10T16:43Z","Illinois State Water Survey Central Analytical Laboratory",240.0,0.14618,5,"2024-09-13","A",,
"042aa4c9-c807-47da-98ac-bb2e30979dd9","D11","PRIN","PRIN.AOS.S2","PRIN.SS.20240910.FIL","A00000422104","2024-09-10T16:43Z","2024-09-10T16:43Z","Illinois State Water Survey Central Analytical Laboratory",340.0,0.03532,5,"2024-09-13","B",,
"7d2af69e-c70d-4bcb-a695-7130b233f9b6","D11","PRIN","PRIN.AOS.S2","PRIN.SS.20240910.FIL","A00000422104","2024-09-10T16:43Z","2024-09-10T16:43Z","Illinois State Water Survey Central Analytical Laboratory",588.0,0.00092,5,"2024-09-13","A",,
"09711421-0d44-4d63-8d8d-3df484614a89","D11","PRIN","PRIN.AOS.S2","PRIN.SS.20240910.FIL","A00000422104","2024-09-10T16:43Z","2024-09-10T16:43Z","Illinois State Water Survey Central Analytical Laboratory",284.0,0.08822,5,"2024-09-13","B",,
"e887655e-6bf0-4730-b2b0-168319733825","D11","PRIN","PRIN.AOS.S2","PRIN.SS.20240910.FIL","A00000422104","2024-09-10T16:43Z","2024-09-10T16:43Z","Illinois State Water Survey Central Analytical Laboratory",286.0,0.08522,5,"2024-09-13","A",,
"aa7adbcb-b5bf-45a6-9167-e01dc71ca66e","D11","PRIN","PRIN.AOS.S2","PRIN.SS.20240910.FIL","A00000422104","2024-09-10T16:43Z","2024-09-10T16:43Z","Illinois State Water Survey Central Analytical Laboratory",276.0,0.09910,5,"2024-09-13","A",,
"eda4b67d-9d99-4c5d-bcb9-afb79c6ac18a","D11","PRIN","PRIN.AOS.S2","PRIN.SS.20240910.FIL","A00000422104","2024-09-10T16:43Z","2024-09-10T16:43Z","Illinois State Water Survey Central Analytical Laboratory",420.0,0.00900,5,"2024-09-13","B",,
"26f857dc-db54-4981-87dc-cf34b91e228b","D11","PRIN","PRIN.AOS.S2","PRIN.SS.20240910.FIL","A00000422104","2024-09-10T16:43Z","2024-09-10T16:43Z","Illinois State Water Survey Central Analytical Laboratory",266.0,0.11164,5,"2024-09-13","A",,
"d9d75865-e43a-4d20-bb6a-549f903a16ae","D11","PRIN","PRIN.AOS.S2","PRIN.SS.20240910.FIL","A00000422104","2024-09-10T16:43Z","2024-09-10T16:43Z","Illinois State Water Survey Central Analytical Laboratory",492.0,0.00310,5,"2024-09-13","A",,
"d01891ea-9310-4ca2-b6c6-8e65e8ad95e1","D11","PRIN","PRIN.AOS.S2","PRIN.SS.20240910.FIL","A00000422104","2024-09-10T16:43Z","2024-09-10T16:43Z","Illinois State Water Survey Central Analytical Laboratory",372.0,0.02080,5,"2024-09-13","B",,
"e88d2d3e-f687-4118-beaa-255e9f83d22b","D11","PRIN","PRIN.AOS.S2","PRIN.SS.20240910.FIL","A00000422104","2024-09-10T16:43Z","2024-09-10T16:43Z","Illinois State Water Survey Central Analytical Laboratory",292.0,0.07678,5,"2024-09-13","A",,
"2f60a370-1390-4e4a-b944-95013c5d6d16","D11","PRIN","PRIN.AOS.S2","PRIN.SS.20240910.FIL","A00000422104","2024-09-10T16:43Z","2024-09-10T16:43Z","Illinois State Water Survey Central Analytical Laboratory",402.0,0.01232,5,"2024-09-13","B",,
"2f5d9653-ebc1-4b43-a4af-e46d79256261","D11","PRIN","PRIN.AOS.S2","PRIN.SS.20240910.FIL","A00000422104","2024-09-10T16:43Z","2024-09-10T16:43Z","Illinois State Water Survey Central Analytical Laboratory",478.0,0.00372,5,"2024-09-13","A",,
"e03e4228-b876-4434-b59b-3d758f974cb6","D11","PRIN","PRIN.AOS.S2","PRIN.SS.20240910.FIL","A00000422104","2024-09-10T16:43Z","2024-09-10T16:43Z","Illinois State Water Survey Central Analytical Laboratory",416.0,0.00958,5,"2024-09-13","B",,
"4dd50320-2912-45fb-a1f0-c253acc8e1b7","D11","PRIN","PRIN.AOS.S2","PRIN.SS.20240910.FIL","A00000422104","2024-09-10T16:43Z","2024-09-10T16:43Z","Illinois State Water Survey Central Analytical Laboratory",332.0,0.04020,5,"2024-09-13","B",,
"c88350ef-5411-4aa8-b648-6756121ea8a7","D11","PRIN","PRIN.AOS.S2","PRIN.SS.20240910.FIL","A00000422104","2024-09-10T16:43Z","2024-09-10T16:43Z","Illinois State Water Survey Central Analytical Laboratory",260.0,0.11848,5,"2024-09-13","A",,
"a6a6b9cc-c67d-4148-a036-608013fe6bb6","D11","PRIN","PRIN.AOS.S2","PRIN.SS.20240910.FIL","A00000422104","2024-09-10T16:43Z","2024-09-10T16:43Z","Illinois State Water Survey Central Analytical Laboratory",566.0,0.00126,5,"2024-09-13","B",,
"ce974486-4107-440b-8480-5427769b871a","D11","PRIN","PRIN.AOS.S2","PRIN.SS.20240910.FIL","A00000422104","2024-09-10T16:43Z","2024-09-10T16:43Z","Illinois State Water Survey Central Analytical Laboratory",464.0,0.00448,5,"2024-09-13","B",,
"5a2104eb-ab39-471d-ac9e-54d7c729870a","D11","PRIN","PRIN.AOS.S2","PRIN.SS.20240910.FIL","A00000422104","2024-09-10T16:43Z","2024-09-10T16:43Z","Illinois State Water Survey Central Analytical Laboratory",382.0,0.01732,5,"2024-09-13","A",,
"1ee13657-ff24-4741-9384-5a00b9b33b78","D11","PRIN","PRIN.AOS.S2","PRIN.SS.20240910.FIL","A00000422104","2024-09-10T16:43Z","2024-09-10T16:43Z","Illinois State Water Survey Central Analytical Laboratory",482.0,0.00358,5,"2024-09-13","A",,
"1c7c2f17-6056-401f-be02-2fcf0cab856a","D11","PRIN","PRIN.AOS.S2","PRIN.SS.20240910.FIL","A00000422104","2024-09-10T16:43Z","2024-09-10T16:43Z","Illinois State Water Survey Central Analytical Laboratory",502.0,0.00274,5,"2024-09-13","B",,
"2c5a881a-2bc1-4cd0-b1ba-5e193aaffd0e","D11","PRIN","PRIN.AOS.S2","PRIN.SS.20240910.FIL","A00000422104","2024-09-10T16:43Z","2024-09-10T16:43Z","Illinois State Water Survey Central Analytical Laboratory",296.0,0.07166,5,"2024-09-13","A",,
"229407f6-516c-45ed-9bc0-3de97343bbe6","D11","PRIN","PRIN.AOS.S2","PRIN.SS.20240910.FIL","A00000422104","2024-09-10T16:43Z","2024-09-10T16:43Z","Illinois State Water Survey Central Analytical Laboratory",496.0,0.00298,5,"2024-09-13","A",,
"636e0e99-050e-48e1-98bc-1c0a01b20a38","D11","PRIN","PRIN.AOS.S2","PRIN.SS.20240910.FIL","A00000422104","2024-09-10T16:43Z","2024-09-10T16:43Z","Illinois State Water Survey Central Analytical Laboratory",466.0,0.00436,5,"2024-09-13","B",,
"5c6ea645-0f2f-47c3-bdec-11f8ce7a6041","D11","PRIN","PRIN.AOS.S2","PRIN.SS.20240910.FIL","A00000422104","2024-09-10T16:43Z","2024-09-10T16:43Z","Illinois State Water Survey Central Analytical Laboratory",326.0,0.04430,5,"2024-09-13","A",,
"6022753b-a00d-4a34-ab16-a92c367b090a","D11","PRIN","PRIN.AOS.S2","PRIN.SS.20240910.FIL","A00000422104","2024-09-10T16:43Z","2024-09-10T16:43Z","Illinois State Water Survey Central Analytical Laboratory",344.0,0.03302,5,"2024-09-13","B",,
"85eb68b6-aed6-41d1-9f43-12064214273d","D11","PRIN","PRIN.AOS.S2","PRIN.SS.20240910.FIL","A00000422104","2024-09-10T16:43Z","2024-09-10T16:43Z","Illinois State Water Survey Central Analytical Laboratory",366.0,0.02294,5,"2024-09-13","A",,
"6f7fe788-4423-4ed5-9276-850d5539c508","D11","PRIN","PRIN.AOS.S2","PRIN.SS.20240910.FIL","A00000422104","2024-09-10T16:43Z","2024-09-10T16:43Z","Illinois State Water Survey Central Analytical Laboratory",588.0,0.00102,5,"2024-09-13","B",,
"48dafbf2-787d-4e44-9895-e05908b9c41b","D11","PRIN","PRIN.AOS.S2","PRIN.SS.20240910.FIL","A00000422104","2024-09-10T16:43Z","2024-09-10T16:43Z","Illinois State Water Survey Central Analytical Laboratory",572.0,0.00120,5,"2024-09-13","A",,
"7097865d-3acf-4628-876d-26c568c0138c","D11","PRIN","PRIN.AOS.S2","PRIN.SS.20240910.FIL","A00000422104","2024-09-10T16:43Z","2024-09-10T16:43Z","Illinois State Water Survey Central Analytical Laboratory",412.0,0.01026,5,"2024-09-13","B",,
"9a1d3d26-1318-44fa-af35-89d9d75d0d25","D11","PRIN","PRIN.AOS.S2","PRIN.SS.20240910.FIL","A00000422104","2024-09-10T16:43Z","2024-09-10T16:43Z","Illinois State Water Survey Central Analytical Laboratory",434.0,0.00718,5,"2024-09-13","B",,
"8b093b1b-337e-434e-8bcb-178b95678313","D11","PRIN","PRIN.AOS.S2","PRIN.SS.20240910.FIL","A00000422104","2024-09-10T16:43Z","2024-09-10T16:43Z","Illinois State Water Survey Central Analytical Laboratory",494.0,0.00306,5,"2024-09-13","B",,
"90ae7b3f-e7f0-4e51-9614-eb26690ff1d2","D11","PRIN","PRIN.AOS.S2","PRIN.SS.20240910.FIL","A00000422104","2024-09-10T16:43Z","2024-09-10T16:43Z","Illinois State Water Survey Central Analytical Laboratory",420.0,0.00894,5,"2024-09-13","A",,
"70145f92-4db1-43e3-8b45-98aeec944737","D11","PRIN","PRIN.AOS.S2","PRIN.SS.20240910.FIL","A00000422104","2024-09-10T16:43Z","2024-09-10T16:43Z","Illinois State Water Survey Central Analytical Laboratory",274.0,0.10168,5,"2024-09-13","A",,
"92759093-c9f6-440f-b918-3fb40023805f","D11","PRIN","PRIN.AOS.S2","PRIN.SS.20240910.FIL","A00000422104","2024-09-10T16:43Z","2024-09-10T16:43Z","Illinois State Water Survey Central Analytical Laboratory",314.0,0.05374,5,"2024-09-13","A",,
"57032c4b-2acb-42bb-b937-c7cbe2ac335e","D11","PRIN","PRIN.AOS.S2","PRIN.SS.20240910.FIL","A00000422104","2024-09-10T16:43Z","2024-09-10T16:43Z","Illinois State Water Survey Central Analytical Laboratory",594.0,0.00098,5,"2024-09-13","A",,
"b98c037b-4205-42bc-b26c-16e44cc6b300","D11","PRIN","PRIN.AOS.S2","PRIN.SS.20240918.FIL","A00000422154","2024-09-18T13:27Z","2024-09-18T13:27Z","Illinois State Water Survey Central Analytical Laboratory",380.0,0.01126,5,"2024-09-20","B",,
"0e297b93-f6cd-4795-9117-f551f1aa285d","D11","PRIN","PRIN.AOS.S2","PRIN.SS.20240918.FIL","A00000422154","2024-09-18T13:27Z","2024-09-18T13:27Z","Illinois State Water Survey Central Analytical Laboratory",362.0,0.01520,5,"2024-09-20","A",,
"349cd0cd-857d-4eb9-9895-94a5a5971702","D11","PRIN","PRIN.AOS.S2","PRIN.SS.20240918.FIL","A00000422154","2024-09-18T13:27Z","2024-09-18T13:27Z","Illinois State Water Survey Central Analytical Laboratory",522.0,0.00152,5,"2024-09-20","B",,
"478cd73d-afb6-407f-a9b0-7a87b7f93184","D11","PRIN","PRIN.AOS.S2","PRIN.SS.20240918.FIL","A00000422154","2024-09-18T13:27Z","2024-09-18T13:27Z","Illinois State Water Survey Central Analytical Laboratory",284.0,0.05310,5,"2024-09-20","B",,
"25f69945-5166-4679-bb8a-4f0c213d57de","D11","PRIN","PRIN.AOS.S2","PRIN.SS.20240918.FIL","A00000422154","2024-09-18T13:27Z","2024-09-18T13:27Z","Illinois State Water Survey Central Analytical Laboratory",360.0,0.01568,5,"2024-09-20","A",,
"4cef91ea-6867-4e93-a3b3-e6b27c32c454","D11","PRIN","PRIN.AOS.S2","PRIN.SS.20240918.FIL","A00000422154","2024-09-18T13:27Z","2024-09-18T13:27Z","Illinois State Water Survey Central Analytical Laboratory",280.0,0.05640,5,"2024-09-20","B",,
"e45f23b8-923d-4a2e-ac6d-4e990dfc01a5","D11","PRIN","PRIN.AOS.S2","PRIN.SS.20240918.FIL","A00000422154","2024-09-18T13:27Z","2024-09-18T13:27Z","Illinois State Water Survey Central Analytical Laboratory",500.0,0.00178,5,"2024-09-20","A",,
"bcc85f89-785f-4935-a8b3-b0d38eec646c","D11","PRIN","PRIN.AOS.S2","PRIN.SS.20240918.FIL","A00000422154","2024-09-18T13:27Z","2024-09-18T13:27Z","Illinois State Water Survey Central Analytical Laboratory",348.0,0.01908,5,"2024-09-20","B",,
"d42cb5bd-229e-49e5-bfdd-73be51a35192","D11","PRIN","PRIN.AOS.S2","PRIN.SS.20240918.FIL","A00000422154","2024-09-18T13:27Z","2024-09-18T13:27Z","Illinois State Water Survey Central Analytical Laboratory",306.0,0.03708,5,"2024-09-20","B",,
"4ba58b6a-1b60-43a3-be45-0bcd2d2cda13","D11","PRIN","PRIN.AOS.S2","PRIN.SS.20240918.FIL","A00000422154","2024-09-18T13:27Z","2024-09-18T13:27Z","Illinois State Water Survey Central Analytical Laboratory",276.0,0.05952,5,"2024-09-20","A",,
"489b4b9d-be52-479e-8f3b-e1e5a6efefb0","D11","PRIN","PRIN.AOS.S2","PRIN.SS.20240918.FIL","A00000422154","2024-09-18T13:27Z","2024-09-18T13:27Z","Illinois State Water Survey Central Analytical Laboratory",530.0,0.00140,5,"2024-09-20","B",,
"c3d187c8-026f-454f-8129-239a6a139195","D11","PRIN","PRIN.AOS.S2","PRIN.SS.20240918.FIL","A00000422154","2024-09-18T13:27Z","2024-09-18T13:27Z","Illinois State Water Survey Central Analytical Laboratory",476.0,0.00248,5,"2024-09-20","A",,
"5d5aa8cd-bc71-47f5-b250-1285cf51eed0","D11","PRIN","PRIN.AOS.S2","PRIN.SS.20240918.FIL","A00000422154","2024-09-18T13:27Z","2024-09-18T13:27Z","Illinois State Water Survey Central Analytical Laboratory",316.0,0.03180,5,"2024-09-20","B",,
"b2d0e0c7-ea52-4e88-9fd1-4a48a5c7155b","D11","PRIN","PRIN.AOS.S2","PRIN.SS.20240918.FIL","A00000422154","2024-09-18T13:27Z","2024-09-18T13:27Z","Illinois State Water Survey Central Analytical Laboratory",552.0,0.00102,5,"2024-09-20","A",,
"d25149c6-b18c-4608-97a2-bf567d55e6fb","D11","PRIN","PRIN.AOS.S2","PRIN.SS.20240918.FIL","A00000422154","2024-09-18T13:27Z","2024-09-18T13:27Z","Illinois State Water Survey Central Analytical Laboratory",520.0,0.00156,5,"2024-09-20","B",,
"4e2ef77b-2eb1-483e-8296-7c3f9f7cb699","D11","PRIN","PRIN.AOS.S2","PRIN.SS.20240918.FIL","A00000422154","2024-09-18T13:27Z","2024-09-18T13:27Z","Illinois State Water Survey Central Analytical Laboratory",304.0,0.03826,5,"2024-09-20","B",,
"3ba09e46-4b12-424e-97d9-f8b137863f5a","D11","PRIN","PRIN.AOS.S2","PRIN.SS.20240918.FIL","A00000422154","2024-09-18T13:27Z","2024-09-18T13:27Z","Illinois State Water Survey Central Analytical Laboratory",460.0,0.00318,5,"2024-09-20","B",,
"e81dbbcf-be4d-4b87-86bb-8dba2610925d","D11","PRIN","PRIN.AOS.S2","PRIN.SS.20240918.FIL","A00000422154","2024-09-18T13:27Z","2024-09-18T13:27Z","Illinois State Water Survey Central Analytical Laboratory",560.0,0.00090,5,"2024-09-20","A",,
"1db20edb-e00e-407a-895e-f30ba59abfcc","D11","PRIN","PRIN.AOS.S2","PRIN.SS.20240918.FIL","A00000422154","2024-09-18T13:27Z","2024-09-18T13:27Z","Illinois State Water Survey Central Analytical Laboratory",244.0,0.08296,5,"2024-09-20","A",,
"8aa79a99-fa90-4f4d-a4cd-33855e13fb9a","D11","PRIN","PRIN.AOS.S2","PRIN.SS.20240918.FIL","A00000422154","2024-09-18T13:27Z","2024-09-18T13:27Z","Illinois State Water Survey Central Analytical Laboratory",556.0,0.00114,5,"2024-09-20","B",,
"219405c9-f217-458b-a905-35afab589719","D11","PRIN","PRIN.AOS.S2","PRIN.SS.20240918.FIL","A00000422154","2024-09-18T13:27Z","2024-09-18T13:27Z","Illinois State Water Survey Central Analytical Laboratory",254.0,0.07480,5,"2024-09-20","A",,
"f252ec8e-13c8-4a3b-8621-a394794e3d24","D11","PRIN","PRIN.AOS.S2","PRIN.SS.20240918.FIL","A00000422154","2024-09-18T13:27Z","2024-09-18T13:27Z","Illinois State Water Survey Central Analytical Laboratory",400.0,0.00808,5,"2024-09-20","B",,
"2b5c2f48-a1e8-4788-8e2d-ec2b878b7d42","D11","PRIN","PRIN.AOS.S2","PRIN.SS.20240918.FIL","A00000422154","2024-09-18T13:27Z","2024-09-18T13:27Z","Illinois State Water Survey Central Analytical Laboratory",524.0,0.00136,5,"2024-09-20","A",,
"58564dda-31cf-4b5c-a554-7c33a4e2adcf","D11","PRIN","PRIN.AOS.S2","PRIN.SS.20240918.FIL","A00000422154","2024-09-18T13:27Z","2024-09-18T13:27Z","Illinois State Water Survey Central Analytical Laboratory",482.0,0.00244,5,"2024-09-20","B",,
"305a14e3-015b-4a51-95c9-805ac929962e","D11","PRIN","PRIN.AOS.S2","PRIN.SS.20240918.FIL","A00000422154","2024-09-18T13:27Z","2024-09-18T13:27Z","Illinois State Water Survey Central Analytical Laboratory",408.0,0.00700,5,"2024-09-20","A",,
"ca936d06-cf27-4f7d-80de-e9396632b22a","D11","PRIN","PRIN.AOS.S2","PRIN.SS.20240918.FIL","A00000422154","2024-09-18T13:27Z","2024-09-18T13:27Z","Illinois State Water Survey Central Analytical Laboratory",266.0,0.06716,5,"2024-09-20","B",,
"c1a000db-fd6d-4171-bf5c-e606d93d0d21","D11","PRIN","PRIN.AOS.S2","PRIN.SS.20240918.FIL","A00000422154","2024-09-18T13:27Z","2024-09-18T13:27Z","Illinois State Water Survey Central Analytical Laboratory",492.0,0.00214,5,"2024-09-20","B",,
"486192cd-2c99-4202-852a-eb5e1a1d042d","D11","PRIN","PRIN.AOS.S2","PRIN.SS.20240918.FIL","A00000422154","2024-09-18T13:27Z","2024-09-18T13:27Z","Illinois State Water Survey Central Analytical Laboratory",264.0,0.06854,5,"2024-09-20","B",,
"66983e7b-d9e8-45f4-86c1-aa8f3b1a3293","D11","PRIN","PRIN.AOS.S2","PRIN.SS.20240918.FIL","A00000422154","2024-09-18T13:27Z","2024-09-18T13:27Z","Illinois State Water Survey Central Analytical Laboratory",400.0,0.00800,5,"2024-09-20","A",,
"8b5d4e0a-4f34-4b83-83a8-1378dfcc792d","D11","PRIN","PRIN.AOS.S2","PRIN.SS.20240918.FIL","A00000422154","2024-09-18T13:27Z","2024-09-18T13:27Z","Illinois State Water Survey Central Analytical Laboratory",394.0,0.00878,5,"2024-09-20","A",,
"6c1f4a30-9b62-4e89-a88f-d497c71a35e7","D11","PRIN","PRIN.AOS.S2","PRIN.SS.20240918.FIL","A00000422154","2024-09-18T13:27Z","2024-09-18T13:27Z","Illinois State Water Survey Central Analytical Laboratory",498.0,0.00198,5,"2024-09-20","B",,
"9c1eca0b-65af-4169-8124-2c00eb868ffb","D11","PRIN","PRIN.AOS.S2","PRIN.SS.20240918.FIL","A00000422154","2024-09-18T13:27Z","2024-09-18T13:27Z","Illinois State Water Survey Central Analytical Laboratory",386.0,0.01012,5,"2024-09-20","B",,
"0e0ff25c-cbd3-482a-8518-ff0125bc5642","D11","PRIN","PRIN.AOS.S2","PRIN.SS.20240918.FIL","A00000422154","2024-09-18T13:27Z","2024-09-18T13:27Z","Illinois State Water Survey Central Analytical Laboratory",296.0,0.04318,5,"2024-09-20","A",,
"c22df683-fb1b-4fff-84a2-b289704f68b3","D11","PRIN","PRIN.AOS.S2","PRIN.SS.20240918.FIL","A00000422154","2024-09-18T13:27Z","2024-09-18T13:27Z","Illinois State Water Survey Central Analytical Laboratory",474.0,0.00254,5,"2024-09-20","A",,
"0ecced19-d01d-46de-b5d2-c611d8f43b69","D11","PRIN","PRIN.AOS.S2","PRIN.SS.20240918.FIL","A00000422154","2024-09-18T13:27Z","2024-09-18T13:27Z","Illinois State Water Survey Central Analytical Laboratory",486.0,0.00214,5,"2024-09-20","A",,
"22fab625-1234-4013-89ca-c6a91f15c51f","D11","PRIN","PRIN.AOS.S2","PRIN.SS.20240918.FIL","A00000422154","2024-09-18T13:27Z","2024-09-18T13:27Z","Illinois State Water Survey Central Analytical Laboratory",464.0,0.00290,5,"2024-09-20","A",,
"c3e12e62-26d2-45d2-b458-7c817c236ad8","D11","PRIN","PRIN.AOS.S2","PRIN.SS.20240918.FIL","A00000422154","2024-09-18T13:27Z","2024-09-18T13:27Z","Illinois State Water Survey Central Analytical Laboratory",342.0,0.02086,5,"2024-09-20","A",,
"68830441-375f-4b3a-a1dd-06b8dfba887c","D11","PRIN","PRIN.AOS.S2","PRIN.SS.20240918.FIL","A00000422154","2024-09-18T13:27Z","2024-09-18T13:27Z","Illinois State Water Survey Central Analytical Laboratory",584.0,0.00074,5,"2024-09-20","A",,
"73d62f7b-1570-4582-a479-a4ef5216b94c","D11","PRIN","PRIN.AOS.S2","PRIN.SS.20240918.FIL","A00000422154","2024-09-18T13:27Z","2024-09-18T13:27Z","Illinois State Water Survey Central Analytical Laboratory",328.0,0.02612,5,"2024-09-20","A",,
"beb633ac-52a3-47fa-993d-6e422b2e2939","D11","PRIN","PRIN.AOS.S2","PRIN.SS.20240918.FIL","A00000422154","2024-09-18T13:27Z","2024-09-18T13:27Z","Illinois State Water Survey Central Analytical Laboratory",226.0,0.11242,5,"2024-09-20","B",,
"ef1e6004-800c-4af4-8751-fecc67ae3af6","D11","PRIN","PRIN.AOS.S2","PRIN.SS.20240918.FIL","A00000422154","2024-09-18T13:27Z","2024-09-18T13:27Z","Illinois State Water Survey Central Analytical Laboratory",378.0,0.01166,5,"2024-09-20","B",,
"53a9cd2b-a761-47bf-a696-37b76a64a8b4","D11","PRIN","PRIN.AOS.S2","PRIN.SS.20240918.FIL","A00000422154","2024-09-18T13:27Z","2024-09-18T13:27Z","Illinois State Water Survey Central Analytical Laboratory",322.0,0.02876,5,"2024-09-20","A",,
"e5b25f72-f023-4429-8005-22067b07b2c6","D11","PRIN","PRIN.AOS.S2","PRIN.SS.20240918.FIL","A00000422154","2024-09-18T13:27Z","2024-09-18T13:27Z","Illinois State Water Survey Central Analytical Laboratory",432.0,0.00472,5,"2024-09-20","A",,
"9f6407ee-fdb6-4bbb-a02c-96861ef30096","D11","PRIN","PRIN.AOS.S2","PRIN.SS.20240918.FIL","A00000422154","2024-09-18T13:27Z","2024-09-18T13:27Z","Illinois State Water Survey Central Analytical Laboratory",304.0,0.03812,5,"2024-09-20","A",,
"cd2393ff-abe6-4a57-b87b-679fb22c6823","D11","PRIN","PRIN.AOS.S2","PRIN.SS.20240918.FIL","A00000422154","2024-09-18T13:27Z","2024-09-18T13:27Z","Illinois State Water Survey Central Analytical Laboratory",522.0,0.00140,5,"2024-09-20","A",,
"3955330a-4851-4d2d-863d-4a67aca94513","D11","PRIN","PRIN.AOS.S2","PRIN.SS.20240918.FIL","A00000422154","2024-09-18T13:27Z","2024-09-18T13:27Z","Illinois State Water Survey Central Analytical Laboratory",518.0,0.00158,5,"2024-09-20","B",,
"d594ab5d-0973-4e2b-8377-699d960c3ef4","D11","PRIN","PRIN.AOS.S2","PRIN.SS.20240918.FIL","A00000422154","2024-09-18T13:27Z","2024-09-18T13:27Z","Illinois State Water Survey Central Analytical Laboratory",578.0,0.00082,5,"2024-09-20","A",,
"d4a78f53-e05b-464c-a7a8-50e1cb1edcd6","D11","PRIN","PRIN.AOS.S2","PRIN.SS.20240918.FIL","A00000422154","2024-09-18T13:27Z","2024-09-18T13:27Z","Illinois State Water Survey Central Analytical Laboratory",494.0,0.00204,5,"2024-09-20","B",,
"a3f86fcc-9228-41f7-ae20-e0994d7c3663","D11","PRIN","PRIN.AOS.S2","PRIN.SS.20240918.FIL","A00000422154","2024-09-18T13:27Z","2024-09-18T13:27Z","Illinois State Water Survey Central Analytical Laboratory",518.0,0.00148,5,"2024-09-20","A",,
"83381f9e-c0f6-4572-875b-ed6b71f3f1e2","D11","PRIN","PRIN.AOS.S2","PRIN.SS.20240918.FIL","A00000422154","2024-09-18T13:27Z","2024-09-18T13:27Z","Illinois State Water Survey Central Analytical Laboratory",310.0,0.03472,5,"2024-09-20","A",,
"6de87bf2-5060-4f3d-815b-69c29fc5656d","D11","PRIN","PRIN.AOS.S2","PRIN.SS.20240918.FIL","A00000422154","2024-09-18T13:27Z","2024-09-18T13:27Z","Illinois State Water Survey Central Analytical Laboratory",582.0,0.00100,5,"2024-09-20","B",,
"98240506-6265-46f4-87ca-0ca4ce046f0a","D11","PRIN","PRIN.AOS.S2","PRIN.SS.20240918.FIL","A00000422154","2024-09-18T13:27Z","2024-09-18T13:27Z","Illinois State Water Survey Central Analytical Laboratory",394.0,0.00888,5,"2024-09-20","B",,
"3a7a2890-9a15-4d99-b612-ab84fcfed7df","D11","PRIN","PRIN.AOS.S2","PRIN.SS.20240918.FIL","A00000422154","2024-09-18T13:27Z","2024-09-18T13:27Z","Illinois State Water Survey Central Analytical Laboratory",496.0,0.00190,5,"2024-09-20","A",,
"8f6cfcc5-7458-485f-86c6-fea27a728d0f","D11","PRIN","PRIN.AOS.S2","PRIN.SS.20240918.FIL","A00000422154","2024-09-18T13:27Z","2024-09-18T13:27Z","Illinois State Water Survey Central Analytical Laboratory",220.0,0.12802,5,"2024-09-20","A",,
"3d04e442-6c8c-496f-9404-d072995d0428","D11","PRIN","PRIN.AOS.S2","PRIN.SS.20240918.FIL","A00000422154","2024-09-18T13:27Z","2024-09-18T13:27Z","Illinois State Water Survey Central Analytical Laboratory",294.0,0.04462,5,"2024-09-20","A",,
"7bee4912-37aa-42d1-be0c-f4def1094dbb","D11","PRIN","PRIN.AOS.S2","PRIN.SS.20240918.FIL","A00000422154","2024-09-18T13:27Z","2024-09-18T13:27Z","Illinois State Water Survey Central Analytical Laboratory",428.0,0.00506,5,"2024-09-20","A",,
"663b65f1-4564-4550-8d52-74c6d5ad1573","D11","PRIN","PRIN.AOS.S2","PRIN.SS.20240918.FIL","A00000422154","2024-09-18T13:27Z","2024-09-18T13:27Z","Illinois State Water Survey Central Analytical Laboratory",272.0,0.06292,5,"2024-09-20","B",,
"f64c4089-d10d-4896-8926-15b5a941d386","D11","PRIN","PRIN.AOS.S2","PRIN.SS.20240918.FIL","A00000422154","2024-09-18T13:27Z","2024-09-18T13:27Z","Illinois State Water Survey Central Analytical Laboratory",324.0,0.02788,5,"2024-09-20","A",,
"f47ed17a-848d-414f-bbbe-2b59d899de00","D11","PRIN","PRIN.AOS.S2","PRIN.SS.20240918.FIL","A00000422154","2024-09-18T13:27Z","2024-09-18T13:27Z","Illinois State Water Survey Central Analytical Laboratory",256.0,0.07362,5,"2024-09-20","B",,
"4b9d04d6-a1c6-4288-9f20-8102d57421f8","D11","PRIN","PRIN.AOS.S2","PRIN.SS.20240918.FIL","A00000422154","2024-09-18T13:27Z","2024-09-18T13:27Z","Illinois State Water Survey Central Analytical Laboratory",484.0,0.00236,5,"2024-09-20","B",,
"79d62492-2f14-49e6-9c4e-c47e7a55f5b9","D11","PRIN","PRIN.AOS.S2","PRIN.SS.20240918.FIL","A00000422154","2024-09-18T13:27Z","2024-09-18T13:27Z","Illinois State Water Survey Central Analytical Laboratory",558.0,0.00094,5,"2024-09-20","A",,
"9bbd4a1d-a4b4-4df1-8137-c68562b3da06","D11","PRIN","PRIN.AOS.S2","PRIN.SS.20240918.FIL","A00000422154","2024-09-18T13:27Z","2024-09-18T13:27Z","Illinois State Water Survey Central Analytical Laboratory",564.0,0.00108,5,"2024-09-20","B",,
"fdf91e9e-9d06-45fb-b98e-b298e2ff7359","D11","PRIN","PRIN.AOS.S2","PRIN.SS.20240918.FIL","A00000422154","2024-09-18T13:27Z","2024-09-18T13:27Z","Illinois State Water Survey Central Analytical Laboratory",238.0,0.09046,5,"2024-09-20","B",,
"2c4ca5e0-daba-4278-ab7b-455cd04a56ab","D11","PRIN","PRIN.AOS.S2","PRIN.SS.20240918.FIL","A00000422154","2024-09-18T13:27Z","2024-09-18T13:27Z","Illinois State Water Survey Central Analytical Laboratory",472.0,0.00270,5,"2024-09-20","B",,
"0456f65d-4997-4a94-b54a-bf036fc547e1","D11","PRIN","PRIN.AOS.S2","PRIN.SS.20240918.FIL","A00000422154","2024-09-18T13:27Z","2024-09-18T13:27Z","Illinois State Water Survey Central Analytical Laboratory",258.0,0.07228,5,"2024-09-20","B",,
"2ec236e3-dfb9-44f9-86bb-ad9fc34e7642","D11","PRIN","PRIN.AOS.S2","PRIN.SS.20240918.FIL","A00000422154","2024-09-18T13:27Z","2024-09-18T13:27Z","Illinois State Water Survey Central Analytical Laboratory",384.0,0.01046,5,"2024-09-20","B",,
"ff2590e9-2531-4ef8-a466-d3a6a84fecb5","D11","PRIN","PRIN.AOS.S2","PRIN.SS.20240918.FIL","A00000422154","2024-09-18T13:27Z","2024-09-18T13:27Z","Illinois State Water Survey Central Analytical Laboratory",338.0,0.02232,5,"2024-09-20","B",,
"5e417fc5-9531-4bb3-9d49-690c0ff7875c","D11","PRIN","PRIN.AOS.S2","PRIN.SS.20240918.FIL","A00000422154","2024-09-18T13:27Z","2024-09-18T13:27Z","Illinois State Water Survey Central Analytical Laboratory",386.0,0.01004,5,"2024-09-20","A",,
"4087d820-ccb2-47df-b2be-f2d83c3e78cc","D11","PRIN","PRIN.AOS.S2","PRIN.SS.20240918.FIL","A00000422154","2024-09-18T13:27Z","2024-09-18T13:27Z","Illinois State Water Survey Central Analytical Laboratory",584.0,0.00102,5,"2024-09-20","B",,
"46170d0d-2328-4bb4-8701-bc82193a4919","D11","PRIN","PRIN.AOS.S2","PRIN.SS.20240918.FIL","A00000422154","2024-09-18T13:27Z","2024-09-18T13:27Z","Illinois State Water Survey Central Analytical Laboratory",538.0,0.00112,5,"2024-09-20","A",,
"2c9038a6-1251-4479-8341-6807c6c6c581","D11","PRIN","PRIN.AOS.S2","PRIN.SS.20240918.FIL","A00000422154","2024-09-18T13:27Z","2024-09-18T13:27Z","Illinois State Water Survey Central Analytical Laboratory",234.0,0.09684,5,"2024-09-20","B",,
"c4179605-b376-4488-8369-62f0474d431b","D11","PRIN","PRIN.AOS.S2","PRIN.SS.20240918.FIL","A00000422154","2024-09-18T13:27Z","2024-09-18T13:27Z","Illinois State Water Survey Central Analytical Laboratory",462.0,0.00308,5,"2024-09-20","B",,
"cf749819-f134-4203-8aea-bc79ca26d1d4","D11","PRIN","PRIN.AOS.S2","PRIN.SS.20240918.FIL","A00000422154","2024-09-18T13:27Z","2024-09-18T13:27Z","Illinois State Water Survey Central Analytical Laboratory",298.0,0.04188,5,"2024-09-20","A",,
"d476168e-589c-4411-a613-d1788a6fa7e3","D11","PRIN","PRIN.AOS.S2","PRIN.SS.20240918.FIL","A00000422154","2024-09-18T13:27Z","2024-09-18T13:27Z","Illinois State Water Survey Central Analytical Laboratory",388.0,0.00970,5,"2024-09-20","A",,
"7cd71526-0b34-4931-9aba-ff21c1ef2eeb","D11","PRIN","PRIN.AOS.S2","PRIN.SS.20240918.FIL","A00000422154","2024-09-18T13:27Z","2024-09-18T13:27Z","Illinois State Water Survey Central Analytical Laboratory",252.0,0.07622,5,"2024-09-20","B",,
"bc07a5a5-bd4e-4f51-8644-2e28eac1ece1","D11","PRIN","PRIN.AOS.S2","PRIN.SS.20240918.FIL","A00000422154","2024-09-18T13:27Z","2024-09-18T13:27Z","Illinois State Water Survey Central Analytical Laboratory",502.0,0.00176,5,"2024-09-20","A",,
"888eb902-bde9-40e1-a2b1-bf1749714508","D11","PRIN","PRIN.AOS.S2","PRIN.SS.20240918.FIL","A00000422154","2024-09-18T13:27Z","2024-09-18T13:27Z","Illinois State Water Survey Central Analytical Laboratory",424.0,0.00548,5,"2024-09-20","B",,
"956c751c-3271-401c-bf2c-1f1c2ca51bb7","D11","PRIN","PRIN.AOS.S2","PRIN.SS.20240918.FIL","A00000422154","2024-09-18T13:27Z","2024-09-18T13:27Z","Illinois State Water Survey Central Analytical Laboratory",574.0,0.00082,5,"2024-09-20","A",,
"adf247c7-d870-4542-8d7d-ce1346a5c37e","D11","PRIN","PRIN.AOS.S2","PRIN.SS.20240918.FIL","A00000422154","2024-09-18T13:27Z","2024-09-18T13:27Z","Illinois State Water Survey Central Analytical Laboratory",456.0,0.00338,5,"2024-09-20","B",,
"254252a0-bee2-44c9-a3d6-5de0a1502ff6","D11","PRIN","PRIN.AOS.S2","PRIN.SS.20240918.FIL","A00000422154","2024-09-18T13:27Z","2024-09-18T13:27Z","Illinois State Water Survey Central Analytical Laboratory",282.0,0.05464,5,"2024-09-20","A",,
"92ecfa92-2af4-46ad-ae78-13f585bc2b17","D11","PRIN","PRIN.AOS.S2","PRIN.SS.20240918.FIL","A00000422154","2024-09-18T13:27Z","2024-09-18T13:27Z","Illinois State Water Survey Central Analytical Laboratory",408.0,0.00710,5,"2024-09-20","B",,
"7bdc2b5a-0ab9-40f6-9b4e-02fbb6a33c59","D11","PRIN","PRIN.AOS.S2","PRIN.SS.20240918.FIL","A00000422154","2024-09-18T13:27Z","2024-09-18T13:27Z","Illinois State Water Survey Central Analytical Laboratory",414.0,0.00624,5,"2024-09-20","A",,
"239a55b2-e5dc-4f00-9f50-d8a256ecc157","D11","PRIN","PRIN.AOS.S2","PRIN.SS.20240918.FIL","A00000422154","2024-09-18T13:27Z","2024-09-18T13:27Z","Illinois State Water Survey Central Analytical Laboratory",420.0,0.00570,5,"2024-09-20","A",,
"223e3976-2e3d-4e7d-9691-b5d9cedf8ed5","D11","PRIN","PRIN.AOS.S2","PRIN.SS.20240918.FIL","A00000422154","2024-09-18T13:27Z","2024-09-18T13:27Z","Illinois State Water Survey Central Analytical Laboratory",438.0,0.00444,5,"2024-09-20","B",,
"050b39a8-bb0c-4427-a79b-591a699f4016","D11","PRIN","PRIN.AOS.S2","PRIN.SS.20240918.FIL","A00000422154","2024-09-18T13:27Z","2024-09-18T13:27Z","Illinois State Water Survey Central Analytical Laboratory",402.0,0.00776,5,"2024-09-20","A",,
"24cec022-89b2-4717-8d17-ab4ef4cfe47b","D11","PRIN","PRIN.AOS.S2","PRIN.SS.20240918.FIL","A00000422154","2024-09-18T13:27Z","2024-09-18T13:27Z","Illinois State Water Survey Central Analytical Laboratory",548.0,0.00122,5,"2024-09-20","B",,
"27615336-4335-44d1-8cbc-0d4a28efd124","D11","PRIN","PRIN.AOS.S2","PRIN.SS.20240918.FIL","A00000422154","2024-09-18T13:27Z","2024-09-18T13:27Z","Illinois State Water Survey Central Analytical Laboratory",504.0,0.00174,5,"2024-09-20","A",,
"ae54b4a2-0c98-4e62-94f2-08aaaa1d0c9c","D11","PRIN","PRIN.AOS.S2","PRIN.SS.20240918.FIL","A00000422154","2024-09-18T13:27Z","2024-09-18T13:27Z","Illinois State Water Survey Central Analytical Laboratory",526.0,0.00150,5,"2024-09-20","B",,
"5c030844-cb72-4596-a77f-e9a33eb80747","D11","PRIN","PRIN.AOS.S2","PRIN.SS.20240918.FIL","A00000422154","2024-09-18T13:27Z","2024-09-18T13:27Z","Illinois State Water Survey Central Analytical Laboratory",230.0,0.10462,5,"2024-09-20","B",,
"d3aff9ca-506a-43a7-836a-6117ad17cdb1","D11","PRIN","PRIN.AOS.S2","PRIN.SS.20240918.FIL","A00000422154","2024-09-18T13:27Z","2024-09-18T13:27Z","Illinois State Water Survey Central Analytical Laboratory",268.0,0.06582,5,"2024-09-20","B",,
"f4870dc6-7511-481e-83fd-602fc2154f33","D11","PRIN","PRIN.AOS.S2","PRIN.SS.20240918.FIL","A00000422154","2024-09-18T13:27Z","2024-09-18T13:27Z","Illinois State Water Survey Central Analytical Laboratory",292.0,0.04626,5,"2024-09-20","A",,
"6a99e32d-5fb6-488d-864f-823f18bb7c32","D11","PRIN","PRIN.AOS.S2","PRIN.SS.20240918.FIL","A00000422154","2024-09-18T13:27Z","2024-09-18T13:27Z","Illinois State Water Survey Central Analytical Laboratory",452.0,0.00356,5,"2024-09-20","B",,
"5f9038f0-3cc4-409a-ab91-b928f5154c53","D11","PRIN","PRIN.AOS.S2","PRIN.SS.20240918.FIL","A00000422154","2024-09-18T13:27Z","2024-09-18T13:27Z","Illinois State Water Survey Central Analytical Laboratory",486.0,0.00230,5,"2024-09-20","B",,
"c0a61a3f-0f1e-4e47-a299-187d0b9cf7fe","D11","PRIN","PRIN.AOS.S2","PRIN.SS.20240918.FIL","A00000422154","2024-09-18T13:27Z","2024-09-18T13:27Z","Illinois State Water Survey Central Analytical Laboratory",586.0,0.00100,5,"2024-09-20","B",,
"2acd09bc-610c-4ce5-9ab8-4eb0a2f1c3fe","D11","PRIN","PRIN.AOS.S2","PRIN.SS.20240918.FIL","A00000422154","2024-09-18T13:27Z","2024-09-18T13:27Z","Illinois State Water Survey Central Analytical Laboratory",362.0,0.01528,5,"2024-09-20","B",,
"fb144fd9-edaf-49ae-8d3a-f6cf8b80fae0","D11","PRIN","PRIN.AOS.S2","PRIN.SS.20240918.FIL","A00000422154","2024-09-18T13:27Z","2024-09-18T13:27Z","Illinois State Water Survey Central Analytical Laboratory",464.0,0.00304,5,"2024-09-20","B",,
"e38dfd9f-c6f4-47a4-a981-cda3a90994e5","D11","PRIN","PRIN.AOS.S2","PRIN.SS.20240918.FIL","A00000422154","2024-09-18T13:27Z","2024-09-18T13:27Z","Illinois State Water Survey Central Analytical Laboratory",460.0,0.00306,5,"2024-09-20","A",,
"b26ca6d1-aa8e-44fd-8248-faa91dd6b71f","D11","PRIN","PRIN.AOS.S2","PRIN.SS.20240918.FIL","A00000422154","2024-09-18T13:27Z","2024-09-18T13:27Z","Illinois State Water Survey Central Analytical Laboratory",382.0,0.01090,5,"2024-09-20","B",,
"d10744f1-d26a-413b-a357-4ffc5f702893","D11","PRIN","PRIN.AOS.S2","PRIN.SS.20240918.FIL","A00000422154","2024-09-18T13:27Z","2024-09-18T13:27Z","Illinois State Water Survey Central Analytical Laboratory",340.0,0.02158,5,"2024-09-20","A",,
"ba86d9fe-4044-45ab-b70f-7b4a02a72df9","D11","PRIN","PRIN.AOS.S2","PRIN.SS.20240918.FIL","A00000422154","2024-09-18T13:27Z","2024-09-18T13:27Z","Illinois State Water Survey Central Analytical Laboratory",554.0,0.00116,5,"2024-09-20","B",,
"df3a29f6-384d-462c-aa9f-51e57b05c271","D11","PRIN","PRIN.AOS.S2","PRIN.SS.20240918.FIL","A00000422154","2024-09-18T13:27Z","2024-09-18T13:27Z","Illinois State Water Survey Central Analytical Laboratory",590.0,0.00068,5,"2024-09-20","A",,
"0b076f32-0eed-473e-b373-2d12f0cbc60e","D11","PRIN","PRIN.AOS.S2","PRIN.SS.20240918.FIL","A00000422154","2024-09-18T13:27Z","2024-09-18T13:27Z","Illinois State Water Survey Central Analytical Laboratory",298.0,0.04204,5,"2024-09-20","B",,
"45a816a7-b515-4c73-890a-5c0e30253bdb","D11","PRIN","PRIN.AOS.S2","PRIN.SS.20240918.FIL","A00000422154","2024-09-18T13:27Z","2024-09-18T13:27Z","Illinois State Water Survey Central Analytical Laboratory",302.0,0.03948,5,"2024-09-20","B",,
"1a46698a-2353-4d55-8f92-8cdc4e4a3347","D11","PRIN","PRIN.AOS.S2","PRIN.SS.20240918.FIL","A00000422154","2024-09-18T13:27Z","2024-09-18T13:27Z","Illinois State Water Survey Central Analytical Laboratory",566.0,0.00084,5,"2024-09-20","A",,
"e4b74060-4cdc-4c76-a56b-1025217b8f18","D11","PRIN","PRIN.AOS.S2","PRIN.SS.20240918.FIL","A00000422154","2024-09-18T13:27Z","2024-09-18T13:27Z","Illinois State Water Survey Central Analytical Laboratory",364.0,0.01476,5,"2024-09-20","B",,
"7b2daa0c-49c0-476a-98f2-f031ae8f6ee7","D11","PRIN","PRIN.AOS.S2","PRIN.SS.20240918.FIL","A00000422154","2024-09-18T13:27Z","2024-09-18T13:27Z","Illinois State Water Survey Central Analytical Laboratory",318.0,0.03064,5,"2024-09-20","A",,
"f4bf4b73-7eea-470d-af3d-62d2e27aad98","D11","PRIN","PRIN.AOS.S2","PRIN.SS.20240918.FIL","A00000422154","2024-09-18T13:27Z","2024-09-18T13:27Z","Illinois State Water Survey Central Analytical Laboratory",320.0,0.02984,5,"2024-09-20","B",,
"9f3ac226-2437-41ec-aec1-59609cd73cf5","D11","PRIN","PRIN.AOS.S2","PRIN.SS.20240918.FIL","A00000422154","2024-09-18T13:27Z","2024-09-18T13:27Z","Illinois State Water Survey Central Analytical Laboratory",352.0,0.01790,5,"2024-09-20","B",,
"361e13c5-2c87-41f5-a348-a7c4c2e18afd","D11","PRIN","PRIN.AOS.S2","PRIN.SS.20240918.FIL","A00000422154","2024-09-18T13:27Z","2024-09-18T13:27Z","Illinois State Water Survey Central Analytical Laboratory",278.0,0.05798,5,"2024-09-20","A",,
"5f463996-d899-43a8-988f-ab0661ea092c","D11","PRIN","PRIN.AOS.S2","PRIN.SS.20240918.FIL","A00000422154","2024-09-18T13:27Z","2024-09-18T13:27Z","Illinois State Water Survey Central Analytical Laboratory",504.0,0.00184,5,"2024-09-20","B",,
"2797f4ba-d583-454a-9a25-adc818ed5003","D11","PRIN","PRIN.AOS.S2","PRIN.SS.20240918.FIL","A00000422154","2024-09-18T13:27Z","2024-09-18T13:27Z","Illinois State Water Survey Central Analytical Laboratory",562.0,0.00112,5,"2024-09-20","B",,
"eb7567b9-3fdf-4ff0-9025-cd8dedaabf78","D11","PRIN","PRIN.AOS.S2","PRIN.SS.20240918.FIL","A00000422154","2024-09-18T13:27Z","2024-09-18T13:27Z","Illinois State Water Survey Central Analytical Laboratory",508.0,0.00178,5,"2024-09-20","B",,
"24f41aab-a50c-4b00-9f04-d836daf85794","D11","PRIN","PRIN.AOS.S2","PRIN.SS.20240918.FIL","A00000422154","2024-09-18T13:27Z","2024-09-18T13:27Z","Illinois State Water Survey Central Analytical Laboratory",422.0,0.00552,5,"2024-09-20","A",,
"95a293ed-36e0-4826-8aeb-6a3657e39632","D11","PRIN","PRIN.AOS.S2","PRIN.SS.20240918.FIL","A00000422154","2024-09-18T13:27Z","2024-09-18T13:27Z","Illinois State Water Survey Central Analytical Laboratory",290.0,0.04800,5,"2024-09-20","B",,
"27f55e50-833b-4415-91ab-3eaaa6794c8f","D11","PRIN","PRIN.AOS.S2","PRIN.SS.20240918.FIL","A00000422154","2024-09-18T13:27Z","2024-09-18T13:27Z","Illinois State Water Survey Central Analytical Laboratory",516.0,0.00150,5,"2024-09-20","A",,
"ca4252b1-9c03-4885-ae93-640e30a5a394","D11","PRIN","PRIN.AOS.S2","PRIN.SS.20240918.FIL","A00000422154","2024-09-18T13:27Z","2024-09-18T13:27Z","Illinois State Water Survey Central Analytical Laboratory",570.0,0.00084,5,"2024-09-20","A",,
"da937ce3-16dd-4566-95bd-f747a30955eb","D11","PRIN","PRIN.AOS.S2","PRIN.SS.20240918.FIL","A00000422154","2024-09-18T13:27Z","2024-09-18T13:27Z","Illinois State Water Survey Central Analytical Laboratory",222.0,0.12260,5,"2024-09-20","B",,
"19e5432a-9071-4996-b168-d49af8c50dc2","D11","PRIN","PRIN.AOS.S2","PRIN.SS.20240918.FIL","A00000422154","2024-09-18T13:27Z","2024-09-18T13:27Z","Illinois State Water Survey Central Analytical Laboratory",366.0,0.01418,5,"2024-09-20","A",,
"b55e0b8b-500f-4f89-ab68-48594ed06565","D11","PRIN","PRIN.AOS.S2","PRIN.SS.20240918.FIL","A00000422154","2024-09-18T13:27Z","2024-09-18T13:27Z","Illinois State Water Survey Central Analytical Laboratory",456.0,0.00326,5,"2024-09-20","A",,
"33fb878a-c7e8-4470-b7a8-a01043184aa3","D11","PRIN","PRIN.AOS.S2","PRIN.SS.20240918.FIL","A00000422154","2024-09-18T13:27Z","2024-09-18T13:27Z","Illinois State Water Survey Central Analytical Laboratory",598.0,0.00080,5,"2024-09-20","B",,
"ddfebb35-a439-4fd5-b7ee-4e63ee80f522","D11","PRIN","PRIN.AOS.S2","PRIN.SS.20240918.FIL","A00000422154","2024-09-18T13:27Z","2024-09-18T13:27Z","Illinois State Water Survey Central Analytical Laboratory",528.0,0.00130,5,"2024-09-20","A",,
"a3650bdc-440c-4fc3-8f27-b500f9196371","D11","PRIN","PRIN.AOS.S2","PRIN.SS.20240918.FIL","A00000422154","2024-09-18T13:27Z","2024-09-18T13:27Z","Illinois State Water Survey Central Analytical Laboratory",466.0,0.00290,5,"2024-09-20","B",,
"5adb0471-1d4b-45db-a4bc-369daf5160e0","D11","PRIN","PRIN.AOS.S2","PRIN.SS.20240918.FIL","A00000422154","2024-09-18T13:27Z","2024-09-18T13:27Z","Illinois State Water Survey Central Analytical Laboratory",490.0,0.00202,5,"2024-09-20","A",,
"9f2aa902-bd2f-4b26-8a29-68a3996e5c40","D11","PRIN","PRIN.AOS.S2","PRIN.SS.20240918.FIL","A00000422154","2024-09-18T13:27Z","2024-09-18T13:27Z","Illinois State Water Survey Central Analytical Laboratory",506.0,0.00182,5,"2024-09-20","B",,
"41e69eb2-bc88-4666-99f3-ae6cdc9288e8","D11","PRIN","PRIN.AOS.S2","PRIN.SS.20240918.FIL","A00000422154","2024-09-18T13:27Z","2024-09-18T13:27Z","Illinois State Water Survey Central Analytical Laboratory",390.0,0.00944,5,"2024-09-20","B",,
"ab0e43fe-cb6f-4bf1-8662-48d423cf101e","D11","PRIN","PRIN.AOS.S2","PRIN.SS.20240918.FIL","A00000422154","2024-09-18T13:27Z","2024-09-18T13:27Z","Illinois State Water Survey Central Analytical Laboratory",470.0,0.00266,5,"2024-09-20","A",,
"e8091785-f15c-4288-b8ca-0cd4d0b2f2ca","D11","PRIN","PRIN.AOS.S2","PRIN.SS.20240918.FIL","A00000422154","2024-09-18T13:27Z","2024-09-18T13:27Z","Illinois State Water Survey Central Analytical Laboratory",416.0,0.00600,5,"2024-09-20","A",,
"283b7d0d-6c4f-412c-aedc-9ef4d500ed9a","D11","PRIN","PRIN.AOS.S2","PRIN.SS.20240918.FIL","A00000422154","2024-09-18T13:27Z","2024-09-18T13:27Z","Illinois State Water Survey Central Analytical Laboratory",376.0,0.01196,5,"2024-09-20","A",,
"87f48e14-c5e7-4b53-bc57-a52a96f20ed4","D11","PRIN","PRIN.AOS.S2","PRIN.SS.20240918.FIL","A00000422154","2024-09-18T13:27Z","2024-09-18T13:27Z","Illinois State Water Survey Central Analytical Laboratory",272.0,0.06270,5,"2024-09-20","A",,
"5605fecb-024c-4322-92ac-c9cfe4c9f159","D11","PRIN","PRIN.AOS.S2","PRIN.SS.20240918.FIL","A00000422154","2024-09-18T13:27Z","2024-09-18T13:27Z","Illinois State Water Survey Central Analytical Laboratory",264.0,0.06832,5,"2024-09-20","A",,
"66555333-759c-41fe-b039-8c6853ef8a6f","D11","PRIN","PRIN.AOS.S2","PRIN.SS.20240918.FIL","A00000422154","2024-09-18T13:27Z","2024-09-18T13:27Z","Illinois State Water Survey Central Analytical Laboratory",328.0,0.02624,5,"2024-09-20","B",,
"725cb6cc-db18-479c-9660-080da9fecde4","D11","PRIN","PRIN.AOS.S2","PRIN.SS.20240918.FIL","A00000422154","2024-09-18T13:27Z","2024-09-18T13:27Z","Illinois State Water Survey Central Analytical Laboratory",288.0,0.04958,5,"2024-09-20","A",,
"c63b1813-b625-4cda-8aa7-32346d6a0345","D11","PRIN","PRIN.AOS.S2","PRIN.SS.20240918.FIL","A00000422154","2024-09-18T13:27Z","2024-09-18T13:27Z","Illinois State Water Survey Central Analytical Laboratory",474.0,0.00266,5,"2024-09-20","B",,
"f7143eeb-cb8b-427b-816d-fe489914e529","D11","PRIN","PRIN.AOS.S2","PRIN.SS.20240918.FIL","A00000422154","2024-09-18T13:27Z","2024-09-18T13:27Z","Illinois State Water Survey Central Analytical Laboratory",236.0,0.09348,5,"2024-09-20","B",,
"1c1b31b7-98dc-4f0f-b692-e432918f4807","D11","PRIN","PRIN.AOS.S2","PRIN.SS.20240918.FIL","A00000422154","2024-09-18T13:27Z","2024-09-18T13:27Z","Illinois State Water Survey Central Analytical Laboratory",350.0,0.01850,5,"2024-09-20","B",,
"c4fb8526-1348-49ce-a805-4dd4961a328d","D11","PRIN","PRIN.AOS.S2","PRIN.SS.20240918.FIL","A00000422154","2024-09-18T13:27Z","2024-09-18T13:27Z","Illinois State Water Survey Central Analytical Laboratory",232.0,0.10030,5,"2024-09-20","A",,
"453260bb-3922-4aa5-80b1-76e9536bebe3","D11","PRIN","PRIN.AOS.S2","PRIN.SS.20240918.FIL","A00000422154","2024-09-18T13:27Z","2024-09-18T13:27Z","Illinois State Water Survey Central Analytical Laboratory",554.0,0.00100,5,"2024-09-20","A",,
"fb61d437-2fbd-44e3-b102-36b47d39f78f","D11","PRIN","PRIN.AOS.S2","PRIN.SS.20240918.FIL","A00000422154","2024-09-18T13:27Z","2024-09-18T13:27Z","Illinois State Water Survey Central Analytical Laboratory",568.0,0.00078,5,"2024-09-20","A",,
"1de42eb9-b726-44cd-985d-0db6ccbd135b","D11","PRIN","PRIN.AOS.S2","PRIN.SS.20240918.FIL","A00000422154","2024-09-18T13:27Z","2024-09-18T13:27Z","Illinois State Water Survey Central Analytical Laboratory",222.0,0.12208,5,"2024-09-20","A",,
"c89fd546-1cc3-472d-ae4e-464c4e60a64b","D11","PRIN","PRIN.AOS.S2","PRIN.SS.20240918.FIL","A00000422154","2024-09-18T13:27Z","2024-09-18T13:27Z","Illinois State Water Survey Central Analytical Laboratory",246.0,0.08066,5,"2024-09-20","A",,
"a4dd3dbb-349e-4d48-a5f9-fbba11634755","D11","PRIN","PRIN.AOS.S2","PRIN.SS.20240918.FIL","A00000422154","2024-09-18T13:27Z","2024-09-18T13:27Z","Illinois State Water Survey Central Analytical Laboratory",352.0,0.01782,5,"2024-09-20","A",,
"e4c70822-e9da-4fb2-97e3-a38851c3d8ec","D11","PRIN","PRIN.AOS.S2","PRIN.SS.20240918.FIL","A00000422154","2024-09-18T13:27Z","2024-09-18T13:27Z","Illinois State Water Survey Central Analytical Laboratory",528.0,0.00146,5,"2024-09-20","B",,
"89b9dd75-00a5-4312-8c0a-2f4848351a63","D11","PRIN","PRIN.AOS.S2","PRIN.SS.20240918.FIL","A00000422154","2024-09-18T13:27Z","2024-09-18T13:27Z","Illinois State Water Survey Central Analytical Laboratory",262.0,0.06958,5,"2024-09-20","A",,
"24e9a9fa-ef18-41fa-9bbc-ca23667ee7b1","D11","PRIN","PRIN.AOS.S2","PRIN.SS.20240918.FIL","A00000422154","2024-09-18T13:27Z","2024-09-18T13:27Z","Illinois State Water Survey Central Analytical Laboratory",478.0,0.00238,5,"2024-09-20","A",,
"24edc2a0-d3ab-4135-bb3a-20871d848f29","D11","PRIN","PRIN.AOS.S2","PRIN.SS.20240918.FIL","A00000422154","2024-09-18T13:27Z","2024-09-18T13:27Z","Illinois State Water Survey Central Analytical Laboratory",566.0,0.00108,5,"2024-09-20","B",,
"f744d534-9ee1-4192-9e27-67cd345b55ca","D11","PRIN","PRIN.AOS.S2","PRIN.SS.20240918.FIL","A00000422154","2024-09-18T13:27Z","2024-09-18T13:27Z","Illinois State Water Survey Central Analytical Laboratory",588.0,0.00066,5,"2024-09-20","A",,
"a5783930-34d4-462b-8182-e46ed1659b8f","D11","PRIN","PRIN.AOS.S2","PRIN.SS.20240918.FIL","A00000422154","2024-09-18T13:27Z","2024-09-18T13:27Z","Illinois State Water Survey Central Analytical Laboratory",242.0,0.08510,5,"2024-09-20","B",,
"8da06719-21f3-4bbc-a280-5d0bdd87a2a9","D11","PRIN","PRIN.AOS.S2","PRIN.SS.20240918.FIL","A00000422154","2024-09-18T13:27Z","2024-09-18T13:27Z","Illinois State Water Survey Central Analytical Laboratory",436.0,0.00456,5,"2024-09-20","B",,
"77594703-b51d-470a-93ca-99c906c95054","D11","PRIN","PRIN.AOS.S2","PRIN.SS.20240918.FIL","A00000422154","2024-09-18T13:27Z","2024-09-18T13:27Z","Illinois State Water Survey Central Analytical Laboratory",404.0,0.00750,5,"2024-09-20","A",,
"4907e902-ae4b-4f9d-9603-d9a684a7ee14","D11","PRIN","PRIN.AOS.S2","PRIN.SS.20240918.FIL","A00000422154","2024-09-18T13:27Z","2024-09-18T13:27Z","Illinois State Water Survey Central Analytical Laboratory",256.0,0.07340,5,"2024-09-20","A",,
"0fd07e5a-73da-4c07-a9a2-39df28e32ced","D11","PRIN","PRIN.AOS.S2","PRIN.SS.20240918.FIL","A00000422154","2024-09-18T13:27Z","2024-09-18T13:27Z","Illinois State Water Survey Central Analytical Laboratory",582.0,0.00070,5,"2024-09-20","A",,
"6462fccd-dd21-4f48-b425-81f281d2a700","D11","PRIN","PRIN.AOS.S2","PRIN.SS.20240918.FIL","A00000422154","2024-09-18T13:27Z","2024-09-18T13:27Z","Illinois State Water Survey Central Analytical Laboratory",446.0,0.00380,5,"2024-09-20","A",,
"d7779276-e484-4282-a9f5-a5d6309427e6","D11","PRIN","PRIN.AOS.S2","PRIN.SS.20240918.FIL","A00000422154","2024-09-18T13:27Z","2024-09-18T13:27Z","Illinois State Water Survey Central Analytical Laboratory",310.0,0.03486,5,"2024-09-20","B",,
"83286b9f-f519-4e0e-86df-2ef8d59afc1b","D11","PRIN","PRIN.AOS.S2","PRIN.SS.20240918.FIL","A00000422154","2024-09-18T13:27Z","2024-09-18T13:27Z","Illinois State Water Survey Central Analytical Laboratory",538.0,0.00132,5,"2024-09-20","B",,
"becfbc12-9882-4a6e-94a5-fdd617a0d4a9","D11","PRIN","PRIN.AOS.S2","PRIN.SS.20240918.FIL","A00000422154","2024-09-18T13:27Z","2024-09-18T13:27Z","Illinois State Water Survey Central Analytical Laboratory",370.0,0.01338,5,"2024-09-20","B",,
"49433905-0a01-47c5-9b5b-a5a3a145fc06","D11","PRIN","PRIN.AOS.S2","PRIN.SS.20240918.FIL","A00000422154","2024-09-18T13:27Z","2024-09-18T13:27Z","Illinois State Water Survey Central Analytical Laboratory",488.0,0.00228,5,"2024-09-20","B",,
"402eecfb-4ee9-44b4-912b-56910aca4aea","D11","PRIN","PRIN.AOS.S2","PRIN.SS.20240918.FIL","A00000422154","2024-09-18T13:27Z","2024-09-18T13:27Z","Illinois State Water Survey Central Analytical Laboratory",540.0,0.00130,5,"2024-09-20","B",,
"b92d850b-f420-46d3-9a1f-92586d742e6f","D11","PRIN","PRIN.AOS.S2","PRIN.SS.20240918.FIL","A00000422154","2024-09-18T13:27Z","2024-09-18T13:27Z","Illinois State Water Survey Central Analytical Laboratory",446.0,0.00392,5,"2024-09-20","B",,
"3288241e-bc12-4a1f-845e-2725bab5c5e5","D11","PRIN","PRIN.AOS.S2","PRIN.SS.20240918.FIL","A00000422154","2024-09-18T13:27Z","2024-09-18T13:27Z","Illinois State Water Survey Central Analytical Laboratory",220.0,0.12854,5,"2024-09-20","B",,
"e201d64e-cb4b-4c50-936f-397351ecb414","D11","PRIN","PRIN.AOS.S2","PRIN.SS.20240918.FIL","A00000422154","2024-09-18T13:27Z","2024-09-18T13:27Z","Illinois State Water Survey Central Analytical Laboratory",290.0,0.04784,5,"2024-09-20","A",,
"04fd69c7-af44-465f-8fbd-522267a23d98","D11","PRIN","PRIN.AOS.S2","PRIN.SS.20240918.FIL","A00000422154","2024-09-18T13:27Z","2024-09-18T13:27Z","Illinois State Water Survey Central Analytical Laboratory",364.0,0.01466,5,"2024-09-20","A",,
"0680b41f-b2af-46b4-a746-761837337f0a","D11","PRIN","PRIN.AOS.S2","PRIN.SS.20240918.FIL","A00000422154","2024-09-18T13:27Z","2024-09-18T13:27Z","Illinois State Water Survey Central Analytical Laboratory",476.0,0.00260,5,"2024-09-20","B",,
"313ece1d-b7eb-40e7-a233-3d52bc8134c1","D11","PRIN","PRIN.AOS.S2","PRIN.SS.20240918.FIL","A00000422154","2024-09-18T13:27Z","2024-09-18T13:27Z","Illinois State Water Survey Central Analytical Laboratory",242.0,0.08488,5,"2024-09-20","A",,
"9f5b7be6-38a4-439e-856f-b38221a09681","D11","PRIN","PRIN.AOS.S2","PRIN.SS.20240918.FIL","A00000422154","2024-09-18T13:27Z","2024-09-18T13:27Z","Illinois State Water Survey Central Analytical Laboratory",392.0,0.00916,5,"2024-09-20","B",,
"ba93008e-a7c5-4c87-9bcc-bbf819b59a57","D11","PRIN","PRIN.AOS.S2","PRIN.SS.20240918.FIL","A00000422154","2024-09-18T13:27Z","2024-09-18T13:27Z","Illinois State Water Survey Central Analytical Laboratory",322.0,0.02888,5,"2024-09-20","B",,
"50b2d39e-ae0f-4c57-8e42-ee298cda0e58","D11","PRIN","PRIN.AOS.S2","PRIN.SS.20240918.FIL","A00000422154","2024-09-18T13:27Z","2024-09-18T13:27Z","Illinois State Water Survey Central Analytical Laboratory",458.0,0.00314,5,"2024-09-20","A",,
"90305b83-4306-4827-9927-c8154f98c017","D11","PRIN","PRIN.AOS.S2","PRIN.SS.20240918.FIL","A00000422154","2024-09-18T13:27Z","2024-09-18T13:27Z","Illinois State Water Survey Central Analytical Laboratory",594.0,0.00090,5,"2024-09-20","B",,
"51ffdf2a-7554-4589-9ffb-f0f5df774398","D11","PRIN","PRIN.AOS.S2","PRIN.SS.20240918.FIL","A00000422154","2024-09-18T13:27Z","2024-09-18T13:27Z","Illinois State Water Survey Central Analytical Laboratory",320.0,0.02974,5,"2024-09-20","A",,
"7577e7eb-eb3a-4959-bdb4-450fb166e396","D11","PRIN","PRIN.AOS.S2","PRIN.SS.20240918.FIL","A00000422154","2024-09-18T13:27Z","2024-09-18T13:27Z","Illinois State Water Survey Central Analytical Laboratory",224.0,0.11680,5,"2024-09-20","A",,
"7862d3a3-940b-4068-93a2-772b61081aae","D11","PRIN","PRIN.AOS.S2","PRIN.SS.20240918.FIL","A00000422154","2024-09-18T13:27Z","2024-09-18T13:27Z","Illinois State Water Survey Central Analytical Laboratory",372.0,0.01292,5,"2024-09-20","B",,
"7ddeaedf-d1cb-4da4-b952-ef204d0904ea","D11","PRIN","PRIN.AOS.S2","PRIN.SS.20240918.FIL","A00000422154","2024-09-18T13:27Z","2024-09-18T13:27Z","Illinois State Water Survey Central Analytical Laboratory",396.0,0.00862,5,"2024-09-20","B",,
"06c99915-7f31-464b-b3ff-db0760a30736","D11","PRIN","PRIN.AOS.S2","PRIN.SS.20240918.FIL","A00000422154","2024-09-18T13:27Z","2024-09-18T13:27Z","Illinois State Water Survey Central Analytical Laboratory",346.0,0.01970,5,"2024-09-20","B",,
"98f7ed55-3d3e-47b3-970e-b00d1a47dcd8","D11","PRIN","PRIN.AOS.S2","PRIN.SS.20240918.FIL","A00000422154","2024-09-18T13:27Z","2024-09-18T13:27Z","Illinois State Water Survey Central Analytical Laboratory",416.0,0.00608,5,"2024-09-20","B",,
"f8188487-ab1f-4fa9-8d1c-188a7051acaa","D11","PRIN","PRIN.AOS.S2","PRIN.SS.20240918.FIL","A00000422154","2024-09-18T13:27Z","2024-09-18T13:27Z","Illinois State Water Survey Central Analytical Laboratory",356.0,0.01670,5,"2024-09-20","A",,
"6fa82585-6235-4b80-87cf-33f5fa00957a","D11","PRIN","PRIN.AOS.S2","PRIN.SS.20240918.FIL","A00000422154","2024-09-18T13:27Z","2024-09-18T13:27Z","Illinois State Water Survey Central Analytical Laboratory",442.0,0.00406,5,"2024-09-20","A",,
"56ddcffe-b6d9-412d-aebc-06dc255d5ff0","D11","PRIN","PRIN.AOS.S2","PRIN.SS.20240918.FIL","A00000422154","2024-09-18T13:27Z","2024-09-18T13:27Z","Illinois State Water Survey Central Analytical Laboratory",388.0,0.00978,5,"2024-09-20","B",,
"dd14c82d-4532-4e10-a3b0-6c30a58ad696","D11","PRIN","PRIN.AOS.S2","PRIN.SS.20240918.FIL","A00000422154","2024-09-18T13:27Z","2024-09-18T13:27Z","Illinois State Water Survey Central Analytical Laboratory",594.0,0.00062,5,"2024-09-20","A",,
"02082448-3740-4f32-98fb-13766dd67786","D11","PRIN","PRIN.AOS.S2","PRIN.SS.20240918.FIL","A00000422154","2024-09-18T13:27Z","2024-09-18T13:27Z","Illinois State Water Survey Central Analytical Laboratory",480.0,0.00246,5,"2024-09-20","B",,
"639307f4-95f3-45b1-80c6-8fce326db34c","D11","PRIN","PRIN.AOS.S2","PRIN.SS.20240918.FIL","A00000422154","2024-09-18T13:27Z","2024-09-18T13:27Z","Illinois State Water Survey Central Analytical Laboratory",246.0,0.08088,5,"2024-09-20","B",,
"c167b29b-b7df-4f18-9637-c24a4c1f8440","D11","PRIN","PRIN.AOS.S2","PRIN.SS.20240918.FIL","A00000422154","2024-09-18T13:27Z","2024-09-18T13:27Z","Illinois State Water Survey Central Analytical Laboratory",596.0,0.00092,5,"2024-09-20","B",,
"24f590a1-e636-49ff-8ed0-5bf83b68f0b8","D11","PRIN","PRIN.AOS.S2","PRIN.SS.20240918.FIL","A00000422154","2024-09-18T13:27Z","2024-09-18T13:27Z","Illinois State Water Survey Central Analytical Laboratory",512.0,0.00154,5,"2024-09-20","A",,
"19d384f1-7f7e-44d4-9b8a-a06d216b6140","D11","PRIN","PRIN.AOS.S2","PRIN.SS.20240918.FIL","A00000422154","2024-09-18T13:27Z","2024-09-18T13:27Z","Illinois State Water Survey Central Analytical Laboratory",398.0,0.00826,5,"2024-09-20","A",,
"1e06f0a7-8765-43b5-80ee-9cbce32bda0a","D11","PRIN","PRIN.AOS.S2","PRIN.SS.20240918.FIL","A00000422154","2024-09-18T13:27Z","2024-09-18T13:27Z","Illinois State Water Survey Central Analytical Laboratory",580.0,0.00072,5,"2024-09-20","A",,
"856d9498-54e2-4784-ac17-704a484ca7b0","D11","PRIN","PRIN.AOS.S2","PRIN.SS.20240918.FIL","A00000422154","2024-09-18T13:27Z","2024-09-18T13:27Z","Illinois State Water Survey Central Analytical Laboratory",340.0,0.02166,5,"2024-09-20","B",,
"bd968f94-843e-472c-99ac-0a0a2a2bd43d","D11","PRIN","PRIN.AOS.S2","PRIN.SS.20240918.FIL","A00000422154","2024-09-18T13:27Z","2024-09-18T13:27Z","Illinois State Water Survey Central Analytical Laboratory",260.0,0.07088,5,"2024-09-20","A",,
"91a8ef81-bd25-4626-b67f-7325eaaf4ebd","D11","PRIN","PRIN.AOS.S2","PRIN.SS.20240918.FIL","A00000422154","2024-09-18T13:27Z","2024-09-18T13:27Z","Illinois State Water Survey Central Analytical Laboratory",392.0,0.00910,5,"2024-09-20","A",,
"c7278b36-3e0d-4a20-9683-91e939fcbcfb","D11","PRIN","PRIN.AOS.S2","PRIN.SS.20240918.FIL","A00000422154","2024-09-18T13:27Z","2024-09-18T13:27Z","Illinois State Water Survey Central Analytical Laboratory",342.0,0.02094,5,"2024-09-20","B",,
"bd3da3a0-3f04-4fb1-ac18-c11c6b705deb","D11","PRIN","PRIN.AOS.S2","PRIN.SS.20240918.FIL","A00000422154","2024-09-18T13:27Z","2024-09-18T13:27Z","Illinois State Water Survey Central Analytical Laboratory",552.0,0.00116,5,"2024-09-20","B",,
"21e136af-6930-40ce-be81-e92fe49e9b3f","D11","PRIN","PRIN.AOS.S2","PRIN.SS.20240918.FIL","A00000422154","2024-09-18T13:27Z","2024-09-18T13:27Z","Illinois State Water Survey Central Analytical Laboratory",376.0,0.01202,5,"2024-09-20","B",,
"e6010e8a-1f5f-4338-a5e5-8989d3a03c21","D11","PRIN","PRIN.AOS.S2","PRIN.SS.20240918.FIL","A00000422154","2024-09-18T13:27Z","2024-09-18T13:27Z","Illinois State Water Survey Central Analytical Laboratory",374.0,0.01238,5,"2024-09-20","A",,
"683cc13e-78f6-4fd8-afc2-2caa7669118d","D11","PRIN","PRIN.AOS.S2","PRIN.SS.20240918.FIL","A00000422154","2024-09-18T13:27Z","2024-09-18T13:27Z","Illinois State Water Survey Central Analytical Laboratory",546.0,0.00126,5,"2024-09-20","B",,
"0b6946a5-822b-4f06-938e-053c751b944d","D11","PRIN","PRIN.AOS.S2","PRIN.SS.20240918.FIL","A00000422154","2024-09-18T13:27Z","2024-09-18T13:27Z","Illinois State Water Survey Central Analytical Laboratory",596.0,0.00068,5,"2024-09-20","A",,
"dc7c8b89-e712-44f4-8e03-7ed60cb8912c","D11","PRIN","PRIN.AOS.S2","PRIN.SS.20240918.FIL","A00000422154","2024-09-18T13:27Z","2024-09-18T13:27Z","Illinois State Water Survey Central Analytical Laboratory",422.0,0.00566,5,"2024-09-20","B",,
"551b7c11-fd26-4fdc-be5a-d60cf3a281ff","D11","PRIN","PRIN.AOS.S2","PRIN.SS.20240918.FIL","A00000422154","2024-09-18T13:27Z","2024-09-18T13:27Z","Illinois State Water Survey Central Analytical Laboratory",510.0,0.00176,5,"2024-09-20","B",,
"6ba7de7a-fb68-4ac4-b248-5b2edaf27d56","D11","PRIN","PRIN.AOS.S2","PRIN.SS.20240918.FIL","A00000422154","2024-09-18T13:27Z","2024-09-18T13:27Z","Illinois State Water Survey Central Analytical Laboratory",434.0,0.00474,5,"2024-09-20","B",,
"dae37408-bcec-4897-93c2-3bb10ad08bfc","D11","PRIN","PRIN.AOS.S2","PRIN.SS.20240918.FIL","A00000422154","2024-09-18T13:27Z","2024-09-18T13:27Z","Illinois State Water Survey Central Analytical Laboratory",468.0,0.00284,5,"2024-09-20","B",,
"965d2106-32a2-44ba-a394-00fbe259ade0","D11","PRIN","PRIN.AOS.S2","PRIN.SS.20240918.FIL","A00000422154","2024-09-18T13:27Z","2024-09-18T13:27Z","Illinois State Water Survey Central Analytical Laboratory",382.0,0.01080,5,"2024-09-20","A",,
"b294ad63-d56c-496d-ba59-2d1a9d827e70","D11","PRIN","PRIN.AOS.S2","PRIN.SS.20240918.FIL","A00000422154","2024-09-18T13:27Z","2024-09-18T13:27Z","Illinois State Water Survey Central Analytical Laboratory",558.0,0.00114,5,"2024-09-20","B",,
"4c22b97f-ea5c-47e8-92b0-0ea1a9e91ffd","D11","PRIN","PRIN.AOS.S2","PRIN.SS.20240918.FIL","A00000422154","2024-09-18T13:27Z","2024-09-18T13:27Z","Illinois State Water Survey Central Analytical Laboratory",334.0,0.02384,5,"2024-09-20","B",,
"caa07ed6-0dea-4337-99ca-59f0ee45d74f","D11","PRIN","PRIN.AOS.S2","PRIN.SS.20240918.FIL","A00000422154","2024-09-18T13:27Z","2024-09-18T13:27Z","Illinois State Water Survey Central Analytical Laboratory",448.0,0.00368,5,"2024-09-20","A",,
"51be477c-62db-46b7-8820-eb28308816b7","D11","PRIN","PRIN.AOS.S2","PRIN.SS.20240918.FIL","A00000422154","2024-09-18T13:27Z","2024-09-18T13:27Z","Illinois State Water Survey Central Analytical Laboratory",576.0,0.00080,5,"2024-09-20","A",,
"8b6345da-8ca9-4429-aa88-ad0e8f053c37","D11","PRIN","PRIN.AOS.S2","PRIN.SS.20240918.FIL","A00000422154","2024-09-18T13:27Z","2024-09-18T13:27Z","Illinois State Water Survey Central Analytical Laboratory",406.0,0.00730,5,"2024-09-20","B",,
"3279a074-4aeb-4aa3-b079-023d906f9655","D11","PRIN","PRIN.AOS.S2","PRIN.SS.20240918.FIL","A00000422154","2024-09-18T13:27Z","2024-09-18T13:27Z","Illinois State Water Survey Central Analytical Laboratory",578.0,0.00102,5,"2024-09-20","B",,
"6600f1af-681e-427f-8376-a8d35d049e92","D11","PRIN","PRIN.AOS.S2","PRIN.SS.20240918.FIL","A00000422154","2024-09-18T13:27Z","2024-09-18T13:27Z","Illinois State Water Survey Central Analytical Laboratory",524.0,0.00150,5,"2024-09-20","B",,
"a4400dcf-efd9-42e5-add2-b1600fd5d3a0","D11","PRIN","PRIN.AOS.S2","PRIN.SS.20240918.FIL","A00000422154","2024-09-18T13:27Z","2024-09-18T13:27Z","Illinois State Water Survey Central Analytical Laboratory",426.0,0.00534,5,"2024-09-20","B",,
"8346fffc-cec2-4b37-ba39-85d1389caaae","D11","PRIN","PRIN.AOS.S2","PRIN.SS.20240918.FIL","A00000422154","2024-09-18T13:27Z","2024-09-18T13:27Z","Illinois State Water Survey Central Analytical Laboratory",442.0,0.00416,5,"2024-09-20","B",,
"ca595ffd-63a0-437b-a961-3dc4a2195d79","D11","PRIN","PRIN.AOS.S2","PRIN.SS.20240918.FIL","A00000422154","2024-09-18T13:27Z","2024-09-18T13:27Z","Illinois State Water Survey Central Analytical Laboratory",502.0,0.00188,5,"2024-09-20","B",,
"9aefc273-d8b5-4ef2-a329-d67931729583","D11","PRIN","PRIN.AOS.S2","PRIN.SS.20240918.FIL","A00000422154","2024-09-18T13:27Z","2024-09-18T13:27Z","Illinois State Water Survey Central Analytical Laboratory",354.0,0.01724,5,"2024-09-20","A",,
"ceee4eec-774f-4201-8a3b-3c2b23e587b0","D11","PRIN","PRIN.AOS.S2","PRIN.SS.20240918.FIL","A00000422154","2024-09-18T13:27Z","2024-09-18T13:27Z","Illinois State Water Survey Central Analytical Laboratory",330.0,0.02536,5,"2024-09-20","B",,
"829a17b6-089a-44df-968f-30bdd7fa2839","D11","PRIN","PRIN.AOS.S2","PRIN.SS.20240918.FIL","A00000422154","2024-09-18T13:27Z","2024-09-18T13:27Z","Illinois State Water Survey Central Analytical Laboratory",544.0,0.00108,5,"2024-09-20","A",,
"049de03a-06b0-45e8-95f4-ac5189aa0cab","D11","PRIN","PRIN.AOS.S2","PRIN.SS.20240918.FIL","A00000422154","2024-09-18T13:27Z","2024-09-18T13:27Z","Illinois State Water Survey Central Analytical Laboratory",336.0,0.02306,5,"2024-09-20","B",,
"f9bf4160-9452-4898-a75e-28995eab4fd8","D11","PRIN","PRIN.AOS.S2","PRIN.SS.20240918.FIL","A00000422154","2024-09-18T13:27Z","2024-09-18T13:27Z","Illinois State Water Survey Central Analytical Laboratory",468.0,0.00272,5,"2024-09-20","A",,
"96548d4c-8390-4d0b-8823-c8d3b0c60b1f","D11","PRIN","PRIN.AOS.S2","PRIN.SS.20240918.FIL","A00000422154","2024-09-18T13:27Z","2024-09-18T13:27Z","Illinois State Water Survey Central Analytical Laboratory",536.0,0.00120,5,"2024-09-20","A",,
"b60e68f9-a3bf-4567-afa3-393093c4e1c5","D11","PRIN","PRIN.AOS.S2","PRIN.SS.20240918.FIL","A00000422154","2024-09-18T13:27Z","2024-09-18T13:27Z","Illinois State Water Survey Central Analytical Laboratory",424.0,0.00536,5,"2024-09-20","A",,
"0a15dfa1-c511-4f45-b5dd-ff1276b4e1cb","D11","PRIN","PRIN.AOS.S2","PRIN.SS.20240918.FIL","A00000422154","2024-09-18T13:27Z","2024-09-18T13:27Z","Illinois State Water Survey Central Analytical Laboratory",282.0,0.05482,5,"2024-09-20","B",,
"1390fc06-b3ef-4b04-a4d5-73d7a22c9d58","D11","PRIN","PRIN.AOS.S2","PRIN.SS.20240918.FIL","A00000422154","2024-09-18T13:27Z","2024-09-18T13:27Z","Illinois State Water Survey Central Analytical Laboratory",228.0,0.10764,5,"2024-09-20","A",,
"ee169ac2-847c-4b45-a34b-7e13a2b25644","D11","PRIN","PRIN.AOS.S2","PRIN.SS.20240918.FIL","A00000422154","2024-09-18T13:27Z","2024-09-18T13:27Z","Illinois State Water Survey Central Analytical Laboratory",312.0,0.03380,5,"2024-09-20","B",,
"f5b59d35-6a8d-4396-963d-fd9cd58ae36f","D11","PRIN","PRIN.AOS.S2","PRIN.SS.20240918.FIL","A00000422154","2024-09-18T13:27Z","2024-09-18T13:27Z","Illinois State Water Survey Central Analytical Laboratory",368.0,0.01372,5,"2024-09-20","A",,
"6ee19961-0208-4e0c-8af3-9a81399ff758","D11","PRIN","PRIN.AOS.S2","PRIN.SS.20240918.FIL","A00000422154","2024-09-18T13:27Z","2024-09-18T13:27Z","Illinois State Water Survey Central Analytical Laboratory",534.0,0.00134,5,"2024-09-20","B",,
"209ca4e6-c049-4780-bae0-daafbcb6829c","D11","PRIN","PRIN.AOS.S2","PRIN.SS.20240918.FIL","A00000422154","2024-09-18T13:27Z","2024-09-18T13:27Z","Illinois State Water Survey Central Analytical Laboratory",280.0,0.05622,5,"2024-09-20","A",,
"e95b3937-e735-4762-b3cf-272ff2644fc4","D11","PRIN","PRIN.AOS.S2","PRIN.SS.20240918.FIL","A00000422154","2024-09-18T13:27Z","2024-09-18T13:27Z","Illinois State Water Survey Central Analytical Laboratory",498.0,0.00186,5,"2024-09-20","A",,
"5db10cdd-9638-4808-a2c2-ef1b53e4b1c0","D11","PRIN","PRIN.AOS.S2","PRIN.SS.20240918.FIL","A00000422154","2024-09-18T13:27Z","2024-09-18T13:27Z","Illinois State Water Survey Central Analytical Laboratory",250.0,0.07760,5,"2024-09-20","A",,
"cfa7d496-347b-4dbf-9ec0-d65618eab662","D11","PRIN","PRIN.AOS.S2","PRIN.SS.20240918.FIL","A00000422154","2024-09-18T13:27Z","2024-09-18T13:27Z","Illinois State Water Survey Central Analytical Laboratory",600.0,0.00070,5,"2024-09-20","A",,
"d53a6d1b-6b6d-4430-8dd1-26719b1301c3","D11","PRIN","PRIN.AOS.S2","PRIN.SS.20240918.FIL","A00000422154","2024-09-18T13:27Z","2024-09-18T13:27Z","Illinois State Water Survey Central Analytical Laboratory",542.0,0.00108,5,"2024-09-20","A",,
"69fd0484-ad49-4bd5-a186-6b87ed086f34","D11","PRIN","PRIN.AOS.S2","PRIN.SS.20240918.FIL","A00000422154","2024-09-18T13:27Z","2024-09-18T13:27Z","Illinois State Water Survey Central Analytical Laboratory",338.0,0.02222,5,"2024-09-20","A",,
"e4a02dd8-0990-4428-b0a8-5b082766b38a","D11","PRIN","PRIN.AOS.S2","PRIN.SS.20240918.FIL","A00000422154","2024-09-18T13:27Z","2024-09-18T13:27Z","Illinois State Water Survey Central Analytical Laboratory",350.0,0.01838,5,"2024-09-20","A",,
"06604dba-481e-43fe-adab-851aa6891c77","D11","PRIN","PRIN.AOS.S2","PRIN.SS.20240918.FIL","A00000422154","2024-09-18T13:27Z","2024-09-18T13:27Z","Illinois State Water Survey Central Analytical Laboratory",576.0,0.00106,5,"2024-09-20","B",,
"9577e445-5bc8-46ee-8269-89082a14ae7f","D11","PRIN","PRIN.AOS.S2","PRIN.SS.20240918.FIL","A00000422154","2024-09-18T13:27Z","2024-09-18T13:27Z","Illinois State Water Survey Central Analytical Laboratory",360.0,0.01576,5,"2024-09-20","B",,
"f22cd173-0469-44c6-94ef-063a7965fed9","D11","PRIN","PRIN.AOS.S2","PRIN.SS.20240918.FIL","A00000422154","2024-09-18T13:27Z","2024-09-18T13:27Z","Illinois State Water Survey Central Analytical Laboratory",438.0,0.00430,5,"2024-09-20","A",,
"405f254c-d415-494c-b24a-7156064be2fc","D11","PRIN","PRIN.AOS.S2","PRIN.SS.20240918.FIL","A00000422154","2024-09-18T13:27Z","2024-09-18T13:27Z","Illinois State Water Survey Central Analytical Laboratory",312.0,0.03366,5,"2024-09-20","A",,
"2d1f0ef9-cb4b-43d1-aaea-93789b393eec","D11","PRIN","PRIN.AOS.S2","PRIN.SS.20240918.FIL","A00000422154","2024-09-18T13:27Z","2024-09-18T13:27Z","Illinois State Water Survey Central Analytical Laboratory",434.0,0.00462,5,"2024-09-20","A",,
"2d1cce44-6bb0-4c1f-8b71-d438f5f764f7","D11","PRIN","PRIN.AOS.S2","PRIN.SS.20240918.FIL","A00000422154","2024-09-18T13:27Z","2024-09-18T13:27Z","Illinois State Water Survey Central Analytical Laboratory",590.0,0.00086,5,"2024-09-20","B",,
"7b3a6942-742e-48cb-8eb9-59a3c858388e","D11","PRIN","PRIN.AOS.S2","PRIN.SS.20240918.FIL","A00000422154","2024-09-18T13:27Z","2024-09-18T13:27Z","Illinois State Water Survey Central Analytical Laboratory",432.0,0.00478,5,"2024-09-20","B",,
"08cc4f76-50f8-4384-bfee-e10260d74e6b","D11","PRIN","PRIN.AOS.S2","PRIN.SS.20240918.FIL","A00000422154","2024-09-18T13:27Z","2024-09-18T13:27Z","Illinois State Water Survey Central Analytical Laboratory",508.0,0.00164,5,"2024-09-20","A",,
"eafbd631-810d-4f81-801e-e7011be07183","D11","PRIN","PRIN.AOS.S2","PRIN.SS.20240918.FIL","A00000422154","2024-09-18T13:27Z","2024-09-18T13:27Z","Illinois State Water Survey Central Analytical Laboratory",252.0,0.07600,5,"2024-09-20","A",,
"3e3b60ee-00e6-4b70-be03-b53d28c6e345","D11","PRIN","PRIN.AOS.S2","PRIN.SS.20240918.FIL","A00000422154","2024-09-18T13:27Z","2024-09-18T13:27Z","Illinois State Water Survey Central Analytical Laboratory",302.0,0.03934,5,"2024-09-20","A",,
"2f5d102e-484f-40f5-8b80-412aa31f5061","D11","PRIN","PRIN.AOS.S2","PRIN.SS.20240918.FIL","A00000422154","2024-09-18T13:27Z","2024-09-18T13:27Z","Illinois State Water Survey Central Analytical Laboratory",480.0,0.00236,5,"2024-09-20","A",,
"0e0fceff-4656-426a-b48c-bc3e713fc842","D11","PRIN","PRIN.AOS.S2","PRIN.SS.20240918.FIL","A00000422154","2024-09-18T13:27Z","2024-09-18T13:27Z","Illinois State Water Survey Central Analytical Laboratory",440.0,0.00432,5,"2024-09-20","B",,
"82cf08a7-8901-4c72-a38b-e90672ddd31f","D11","PRIN","PRIN.AOS.S2","PRIN.SS.20240918.FIL","A00000422154","2024-09-18T13:27Z","2024-09-18T13:27Z","Illinois State Water Survey Central Analytical Laboratory",278.0,0.05818,5,"2024-09-20","B",,
"8cc213ec-d64c-4f23-9e8c-ba3ac40e8466","D11","PRIN","PRIN.AOS.S2","PRIN.SS.20240918.FIL","A00000422154","2024-09-18T13:27Z","2024-09-18T13:27Z","Illinois State Water Survey Central Analytical Laboratory",270.0,0.06402,5,"2024-09-20","A",,
"6e3dd6ee-2955-4200-a86c-a21c77a0c440","D11","PRIN","PRIN.AOS.S2","PRIN.SS.20240918.FIL","A00000422154","2024-09-18T13:27Z","2024-09-18T13:27Z","Illinois State Water Survey Central Analytical Laboratory",370.0,0.01330,5,"2024-09-20","A",,
"7549bd05-97ca-4c36-9df8-f9a3a1d3ff56","D11","PRIN","PRIN.AOS.S2","PRIN.SS.20240918.FIL","A00000422154","2024-09-18T13:27Z","2024-09-18T13:27Z","Illinois State Water Survey Central Analytical Laboratory",500.0,0.00188,5,"2024-09-20","B",,
"731d06ae-77b1-4e0f-8c76-acf304e54b02","D11","PRIN","PRIN.AOS.S2","PRIN.SS.20240918.FIL","A00000422154","2024-09-18T13:27Z","2024-09-18T13:27Z","Illinois State Water Survey Central Analytical Laboratory",412.0,0.00658,5,"2024-09-20","B",,
"02b300f9-110c-4267-89bf-85670bcfd4a0","D11","PRIN","PRIN.AOS.S2","PRIN.SS.20240918.FIL","A00000422154","2024-09-18T13:27Z","2024-09-18T13:27Z","Illinois State Water Survey Central Analytical Laboratory",232.0,0.10066,5,"2024-09-20","B",,
"dee7bac0-b83a-40bb-9724-265b374a43d8","D11","PRIN","PRIN.AOS.S2","PRIN.SS.20240918.FIL","A00000422154","2024-09-18T13:27Z","2024-09-18T13:27Z","Illinois State Water Survey Central Analytical Laboratory",292.0,0.04642,5,"2024-09-20","B",,
"272affc9-524c-47fb-9ea5-d66b2c88361a","D11","PRIN","PRIN.AOS.S2","PRIN.SS.20240918.FIL","A00000422154","2024-09-18T13:27Z","2024-09-18T13:27Z","Illinois State Water Survey Central Analytical Laboratory",520.0,0.00136,5,"2024-09-20","A",,
"21bc57c4-0c7e-4088-8da5-7d739964b70d","D11","PRIN","PRIN.AOS.S2","PRIN.SS.20240918.FIL","A00000422154","2024-09-18T13:27Z","2024-09-18T13:27Z","Illinois State Water Survey Central Analytical Laboratory",540.0,0.00114,5,"2024-09-20","A",,
"a5d58dd3-9f8f-4aeb-9336-64ed25d8362f","D11","PRIN","PRIN.AOS.S2","PRIN.SS.20240918.FIL","A00000422154","2024-09-18T13:27Z","2024-09-18T13:27Z","Illinois State Water Survey Central Analytical Laboratory",240.0,0.08766,5,"2024-09-20","B",,
"0a7d11e7-f6c1-4b7f-a95d-98c2af940b9d","D11","PRIN","PRIN.AOS.S2","PRIN.SS.20240918.FIL","A00000422154","2024-09-18T13:27Z","2024-09-18T13:27Z","Illinois State Water Survey Central Analytical Laboratory",300.0,0.04056,5,"2024-09-20","A",,
"3c2e59fe-d8bf-4a15-bc48-7b9ebaf5f3d6","D11","PRIN","PRIN.AOS.S2","PRIN.SS.20240918.FIL","A00000422154","2024-09-18T13:27Z","2024-09-18T13:27Z","Illinois State Water Survey Central Analytical Laboratory",358.0,0.01632,5,"2024-09-20","B",,
"5531a0bc-dbc5-453e-988d-ac12baae2e75","D11","PRIN","PRIN.AOS.S2","PRIN.SS.20240918.FIL","A00000422154","2024-09-18T13:27Z","2024-09-18T13:27Z","Illinois State Water Survey Central Analytical Laboratory",314.0,0.03256,5,"2024-09-20","A",,
"b025a632-f5d8-4352-8f7a-f3964993d4e0","D11","PRIN","PRIN.AOS.S2","PRIN.SS.20240918.FIL","A00000422154","2024-09-18T13:27Z","2024-09-18T13:27Z","Illinois State Water Survey Central Analytical Laboratory",332.0,0.02444,5,"2024-09-20","A",,
"63dfd2ed-f58c-4b2c-b0d5-5ae1876ebc6a","D11","PRIN","PRIN.AOS.S2","PRIN.SS.20240918.FIL","A00000422154","2024-09-18T13:27Z","2024-09-18T13:27Z","Illinois State Water Survey Central Analytical Laboratory",248.0,0.07908,5,"2024-09-20","A",,
"18715c9c-7815-4c42-9e23-3e765b2c17cc","D11","PRIN","PRIN.AOS.S2","PRIN.SS.20240918.FIL","A00000422154","2024-09-18T13:27Z","2024-09-18T13:27Z","Illinois State Water Survey Central Analytical Laboratory",420.0,0.00580,5,"2024-09-20","B",,
"0b25db2b-6a0f-4470-a5be-25bb954f1a70","D11","PRIN","PRIN.AOS.S2","PRIN.SS.20240918.FIL","A00000422154","2024-09-18T13:27Z","2024-09-18T13:27Z","Illinois State Water Survey Central Analytical Laboratory",586.0,0.00072,5,"2024-09-20","A",,
"ebd9085d-d1d6-4b18-9cce-1f03fa5231d1","D11","PRIN","PRIN.AOS.S2","PRIN.SS.20240918.FIL","A00000422154","2024-09-18T13:27Z","2024-09-18T13:27Z","Illinois State Water Survey Central Analytical Laboratory",526.0,0.00130,5,"2024-09-20","A",,
"8fedbd2a-c6ae-4ad9-abaa-3d2586c3b231","D11","PRIN","PRIN.AOS.S2","PRIN.SS.20240918.FIL","A00000422154","2024-09-18T13:27Z","2024-09-18T13:27Z","Illinois State Water Survey Central Analytical Laboratory",430.0,0.00498,5,"2024-09-20","B",,
"b466ea1d-2be4-4a0f-8154-b7d3b48215a4","D11","PRIN","PRIN.AOS.S2","PRIN.SS.20240918.FIL","A00000422154","2024-09-18T13:27Z","2024-09-18T13:27Z","Illinois State Water Survey Central Analytical Laboratory",274.0,0.06110,5,"2024-09-20","A",,
"d40f82fa-377b-422e-868f-5184251122ab","D11","PRIN","PRIN.AOS.S2","PRIN.SS.20240918.FIL","A00000422154","2024-09-18T13:27Z","2024-09-18T13:27Z","Illinois State Water Survey Central Analytical Laboratory",418.0,0.00598,5,"2024-09-20","B",,
"167649ec-6cdf-43fc-9b51-a587aa070304","D11","PRIN","PRIN.AOS.S2","PRIN.SS.20240918.FIL","A00000422154","2024-09-18T13:27Z","2024-09-18T13:27Z","Illinois State Water Survey Central Analytical Laboratory",564.0,0.00090,5,"2024-09-20","A",,
"81ab2a85-2775-4b2f-9b73-aa68380a846c","D11","PRIN","PRIN.AOS.S2","PRIN.SS.20240918.FIL","A00000422154","2024-09-18T13:27Z","2024-09-18T13:27Z","Illinois State Water Survey Central Analytical Laboratory",276.0,0.05972,5,"2024-09-20","B",,
"238b434a-e715-4fb3-a5a2-666d2bd19851","D11","PRIN","PRIN.AOS.S2","PRIN.SS.20240918.FIL","A00000422154","2024-09-18T13:27Z","2024-09-18T13:27Z","Illinois State Water Survey Central Analytical Laboratory",458.0,0.00324,5,"2024-09-20","B",,
"c38adcd6-47fa-413f-94bf-4673f52572ea","D11","PRIN","PRIN.AOS.S2","PRIN.SS.20240918.FIL","A00000422154","2024-09-18T13:27Z","2024-09-18T13:27Z","Illinois State Water Survey Central Analytical Laboratory",390.0,0.00934,5,"2024-09-20","A",,
"bb0af66d-df38-4645-99ce-c932b0d056a7","D11","PRIN","PRIN.AOS.S2","PRIN.SS.20240918.FIL","A00000422154","2024-09-18T13:27Z","2024-09-18T13:27Z","Illinois State Water Survey Central Analytical Laboratory",592.0,0.00096,5,"2024-09-20","B",,
"848a44a1-5d22-491f-9ae9-b0f0846ab6af","D11","PRIN","PRIN.AOS.S2","PRIN.SS.20240918.FIL","A00000422154","2024-09-18T13:27Z","2024-09-18T13:27Z","Illinois State Water Survey Central Analytical Laboratory",466.0,0.00278,5,"2024-09-20","A",,
"4422de42-5731-455f-a804-fa5cf71d3856","D11","PRIN","PRIN.AOS.S2","PRIN.SS.20240918.FIL","A00000422154","2024-09-18T13:27Z","2024-09-18T13:27Z","Illinois State Water Survey Central Analytical Laboratory",444.0,0.00392,5,"2024-09-20","A",,
"5780b0ec-7c28-4eeb-8178-71b8e66918a4","D11","PRIN","PRIN.AOS.S2","PRIN.SS.20240918.FIL","A00000422154","2024-09-18T13:27Z","2024-09-18T13:27Z","Illinois State Water Survey Central Analytical Laboratory",478.0,0.00250,5,"2024-09-20","B",,
"b9b10e6c-3645-4337-b82c-a72798083c52","D11","PRIN","PRIN.AOS.S2","PRIN.SS.20240918.FIL","A00000422154","2024-09-18T13:27Z","2024-09-18T13:27Z","Illinois State Water Survey Central Analytical Laboratory",510.0,0.00158,5,"2024-09-20","A",,
"5b883a59-3ad1-41d4-8321-1c655851c2f4","D11","PRIN","PRIN.AOS.S2","PRIN.SS.20240918.FIL","A00000422154","2024-09-18T13:27Z","2024-09-18T13:27Z","Illinois State Water Survey Central Analytical Laboratory",530.0,0.00124,5,"2024-09-20","A",,
"a517638f-84ee-4db0-8a38-9a29ed7bc4f4","D11","PRIN","PRIN.AOS.S2","PRIN.SS.20240918.FIL","A00000422154","2024-09-18T13:27Z","2024-09-18T13:27Z","Illinois State Water Survey Central Analytical Laboratory",450.0,0.00366,5,"2024-09-20","B",,
"c9c69b67-a4e8-4c9e-aab8-22ede4192517","D11","PRIN","PRIN.AOS.S2","PRIN.SS.20240918.FIL","A00000422154","2024-09-18T13:27Z","2024-09-18T13:27Z","Illinois State Water Survey Central Analytical Laboratory",238.0,0.09018,5,"2024-09-20","A",,
"2046bc75-a0b3-4c65-8697-a1e6a1b8ee75","D11","PRIN","PRIN.AOS.S2","PRIN.SS.20240918.FIL","A00000422154","2024-09-18T13:27Z","2024-09-18T13:27Z","Illinois State Water Survey Central Analytical Laboratory",426.0,0.00522,5,"2024-09-20","A",,
"bb26d931-a772-4910-b4a7-127edcde63d3","D11","PRIN","PRIN.AOS.S2","PRIN.SS.20240918.FIL","A00000422154","2024-09-18T13:27Z","2024-09-18T13:27Z","Illinois State Water Survey Central Analytical Laboratory",560.0,0.00112,5,"2024-09-20","B",,
"db2049c0-47f0-4bef-9921-5435c46fe9f6","D11","PRIN","PRIN.AOS.S2","PRIN.SS.20240918.FIL","A00000422154","2024-09-18T13:27Z","2024-09-18T13:27Z","Illinois State Water Survey Central Analytical Laboratory",514.0,0.00148,5,"2024-09-20","A",,
"c71dd41a-08a7-4690-9ed1-6f15dcf6da76","D11","PRIN","PRIN.AOS.S2","PRIN.SS.20240918.FIL","A00000422154","2024-09-18T13:27Z","2024-09-18T13:27Z","Illinois State Water Survey Central Analytical Laboratory",488.0,0.00212,5,"2024-09-20","A",,
"4ab3bafc-6988-4fa4-aa8b-ebfa2a293377","D11","PRIN","PRIN.AOS.S2","PRIN.SS.20240918.FIL","A00000422154","2024-09-18T13:27Z","2024-09-18T13:27Z","Illinois State Water Survey Central Analytical Laboratory",412.0,0.00648,5,"2024-09-20","A",,
"c2858005-ae87-4cfb-aa98-d85c94777ffb","D11","PRIN","PRIN.AOS.S2","PRIN.SS.20240918.FIL","A00000422154","2024-09-18T13:27Z","2024-09-18T13:27Z","Illinois State Water Survey Central Analytical Laboratory",300.0,0.04072,5,"2024-09-20","B",,
"e0a4f79f-e90e-4165-b848-343b1d8dd852","D11","PRIN","PRIN.AOS.S2","PRIN.SS.20240918.FIL","A00000422154","2024-09-18T13:27Z","2024-09-18T13:27Z","Illinois State Water Survey Central Analytical Laboratory",250.0,0.07780,5,"2024-09-20","B",,
"08cafc5e-340e-4949-a153-d58747dbd061","D11","PRIN","PRIN.AOS.S2","PRIN.SS.20240918.FIL","A00000422154","2024-09-18T13:27Z","2024-09-18T13:27Z","Illinois State Water Survey Central Analytical Laboratory",492.0,0.00200,5,"2024-09-20","A",,
"a951f1de-76ab-4ec0-9ccb-8c9db0c43af3","D11","PRIN","PRIN.AOS.S2","PRIN.SS.20240918.FIL","A00000422154","2024-09-18T13:27Z","2024-09-18T13:27Z","Illinois State Water Survey Central Analytical Laboratory",410.0,0.00672,5,"2024-09-20","A",,
"6a261bc5-2402-49ff-8d22-8b5d1e6e4a1b","D11","PRIN","PRIN.AOS.S2","PRIN.SS.20240918.FIL","A00000422154","2024-09-18T13:27Z","2024-09-18T13:27Z","Illinois State Water Survey Central Analytical Laboratory",550.0,0.00104,5,"2024-09-20","A",,
"5a6a717b-675f-4bdc-ae48-4b11e5ba0aa4","D11","PRIN","PRIN.AOS.S2","PRIN.SS.20240918.FIL","A00000422154","2024-09-18T13:27Z","2024-09-18T13:27Z","Illinois State Water Survey Central Analytical Laboratory",418.0,0.00586,5,"2024-09-20","A",,
"df2068c6-e229-4ff9-aad0-bc5930fcb7ac","D11","PRIN","PRIN.AOS.S2","PRIN.SS.20240918.FIL","A00000422154","2024-09-18T13:27Z","2024-09-18T13:27Z","Illinois State Water Survey Central Analytical Laboratory",374.0,0.01252,5,"2024-09-20","B",,
"b1fd4a96-1d42-4aab-b7a1-7b923767c256","D11","PRIN","PRIN.AOS.S2","PRIN.SS.20240918.FIL","A00000422154","2024-09-18T13:27Z","2024-09-18T13:27Z","Illinois State Water Survey Central Analytical Laboratory",506.0,0.00170,5,"2024-09-20","A",,
"56f8535e-88e1-46e8-b0e8-de1188816f47","D11","PRIN","PRIN.AOS.S2","PRIN.SS.20240918.FIL","A00000422154","2024-09-18T13:27Z","2024-09-18T13:27Z","Illinois State Water Survey Central Analytical Laboratory",472.0,0.00258,5,"2024-09-20","A",,
"e06fa5f6-47ec-49b3-ab9c-2e248a096766","D11","PRIN","PRIN.AOS.S2","PRIN.SS.20240918.FIL","A00000422154","2024-09-18T13:27Z","2024-09-18T13:27Z","Illinois State Water Survey Central Analytical Laboratory",512.0,0.00170,5,"2024-09-20","B",,
"40c8cfc2-7599-4452-8584-c7061fe03729","D11","PRIN","PRIN.AOS.S2","PRIN.SS.20240918.FIL","A00000422154","2024-09-18T13:27Z","2024-09-18T13:27Z","Illinois State Water Survey Central Analytical Laboratory",244.0,0.08318,5,"2024-09-20","B",,
"3f6dadf7-390b-4ca4-97c9-d7160a6286d2","D11","PRIN","PRIN.AOS.S2","PRIN.SS.20240918.FIL","A00000422154","2024-09-18T13:27Z","2024-09-18T13:27Z","Illinois State Water Survey Central Analytical Laboratory",240.0,0.08740,5,"2024-09-20","A",,
"3078d924-6cfa-4983-a693-7bf484602208","D11","PRIN","PRIN.AOS.S2","PRIN.SS.20240918.FIL","A00000422154","2024-09-18T13:27Z","2024-09-18T13:27Z","Illinois State Water Survey Central Analytical Laboratory",572.0,0.00088,5,"2024-09-20","A",,
"fa7c0bef-402c-44a4-ab8d-669273bd7f22","D11","PRIN","PRIN.AOS.S2","PRIN.SS.20240918.FIL","A00000422154","2024-09-18T13:27Z","2024-09-18T13:27Z","Illinois State Water Survey Central Analytical Laboratory",330.0,0.02526,5,"2024-09-20","A",,
"a7c0736e-1f97-4414-866c-8eeba9c73b41","D11","PRIN","PRIN.AOS.S2","PRIN.SS.20240918.FIL","A00000422154","2024-09-18T13:27Z","2024-09-18T13:27Z","Illinois State Water Survey Central Analytical Laboratory",358.0,0.01622,5,"2024-09-20","A",,
"061c23b3-6293-4bd7-9449-807203cfe969","D11","PRIN","PRIN.AOS.S2","PRIN.SS.20240918.FIL","A00000422154","2024-09-18T13:27Z","2024-09-18T13:27Z","Illinois State Water Survey Central Analytical Laboratory",490.0,0.00214,5,"2024-09-20","B",,
"0c8765e4-7454-4d75-995e-bd8e5cb38a4d","D11","PRIN","PRIN.AOS.S2","PRIN.SS.20240918.FIL","A00000422154","2024-09-18T13:27Z","2024-09-18T13:27Z","Illinois State Water Survey Central Analytical Laboratory",570.0,0.00104,5,"2024-09-20","B",,
"0a1198e0-9822-449c-8c4f-1f422f71714c","D11","PRIN","PRIN.AOS.S2","PRIN.SS.20240918.FIL","A00000422154","2024-09-18T13:27Z","2024-09-18T13:27Z","Illinois State Water Survey Central Analytical Laboratory",494.0,0.00192,5,"2024-09-20","A",,
"d7910ab3-477f-47bb-9ad7-255a65bb7a99","D11","PRIN","PRIN.AOS.S2","PRIN.SS.20240918.FIL","A00000422154","2024-09-18T13:27Z","2024-09-18T13:27Z","Illinois State Water Survey Central Analytical Laboratory",574.0,0.00104,5,"2024-09-20","B",,
"b40e5bbb-f9f5-468c-9963-8301c7868374","D11","PRIN","PRIN.AOS.S2","PRIN.SS.20240918.FIL","A00000422154","2024-09-18T13:27Z","2024-09-18T13:27Z","Illinois State Water Survey Central Analytical Laboratory",230.0,0.10422,5,"2024-09-20","A",,
"ebd90190-247b-41e8-bbda-dcfdb3542dec","D11","PRIN","PRIN.AOS.S2","PRIN.SS.20240918.FIL","A00000422154","2024-09-18T13:27Z","2024-09-18T13:27Z","Illinois State Water Survey Central Analytical Laboratory",324.0,0.02798,5,"2024-09-20","B",,
"186f8b72-8cc5-4600-a1af-988f40ca19c7","D11","PRIN","PRIN.AOS.S2","PRIN.SS.20240918.FIL","A00000422154","2024-09-18T13:27Z","2024-09-18T13:27Z","Illinois State Water Survey Central Analytical Laboratory",568.0,0.00102,5,"2024-09-20","B",,
"27f0f0b1-e513-4ae6-a5f1-fc226cbc075f","D11","PRIN","PRIN.AOS.S2","PRIN.SS.20240918.FIL","A00000422154","2024-09-18T13:27Z","2024-09-18T13:27Z","Illinois State Water Survey Central Analytical Laboratory",550.0,0.00120,5,"2024-09-20","B",,
"e469ffe5-e780-40c2-8eb5-55e22028a806","D11","PRIN","PRIN.AOS.S2","PRIN.SS.20240918.FIL","A00000422154","2024-09-18T13:27Z","2024-09-18T13:27Z","Illinois State Water Survey Central Analytical Laboratory",314.0,0.03268,5,"2024-09-20","B",,
"90a46edd-0690-4656-a2d4-5c2a87cc49ea","D11","PRIN","PRIN.AOS.S2","PRIN.SS.20240918.FIL","A00000422154","2024-09-18T13:27Z","2024-09-18T13:27Z","Illinois State Water Survey Central Analytical Laboratory",344.0,0.02030,5,"2024-09-20","B",,
"bf09bbd6-d77f-4606-a62a-e62a612d622a","D11","PRIN","PRIN.AOS.S2","PRIN.SS.20240918.FIL","A00000422154","2024-09-18T13:27Z","2024-09-18T13:27Z","Illinois State Water Survey Central Analytical Laboratory",372.0,0.01286,5,"2024-09-20","A",,
"1722aafb-cfec-433b-8f82-c9eeeac3df63","D11","PRIN","PRIN.AOS.S2","PRIN.SS.20240918.FIL","A00000422154","2024-09-18T13:27Z","2024-09-18T13:27Z","Illinois State Water Survey Central Analytical Laboratory",592.0,0.00070,5,"2024-09-20","A",,
"1790e9ee-5151-4c62-8eab-67af3db69fe8","D11","PRIN","PRIN.AOS.S2","PRIN.SS.20240918.FIL","A00000422154","2024-09-18T13:27Z","2024-09-18T13:27Z","Illinois State Water Survey Central Analytical Laboratory",286.0,0.05124,5,"2024-09-20","A",,
"7f6af765-4dfe-499c-bd09-43d26785d35e","D11","PRIN","PRIN.AOS.S2","PRIN.SS.20240918.FIL","A00000422154","2024-09-18T13:27Z","2024-09-18T13:27Z","Illinois State Water Survey Central Analytical Laboratory",448.0,0.00380,5,"2024-09-20","B",,
"3f906221-3ba1-43c0-9bdb-816064a2073f","D11","PRIN","PRIN.AOS.S2","PRIN.SS.20240918.FIL","A00000422154","2024-09-18T13:27Z","2024-09-18T13:27Z","Illinois State Water Survey Central Analytical Laboratory",288.0,0.04976,5,"2024-09-20","B",,
"32794ebb-f17f-42c7-be0c-c8357a0c4497","D11","PRIN","PRIN.AOS.S2","PRIN.SS.20240918.FIL","A00000422154","2024-09-18T13:27Z","2024-09-18T13:27Z","Illinois State Water Survey Central Analytical Laboratory",600.0,0.00096,5,"2024-09-20","B",,
"f82dc5c1-5e29-4026-9ea5-dc573304becf","D11","PRIN","PRIN.AOS.S2","PRIN.SS.20240918.FIL","A00000422154","2024-09-18T13:27Z","2024-09-18T13:27Z","Illinois State Water Survey Central Analytical Laboratory",546.0,0.00106,5,"2024-09-20","A",,
"3edada03-426d-4ee6-80e7-f54670255e9a","D11","PRIN","PRIN.AOS.S2","PRIN.SS.20240918.FIL","A00000422154","2024-09-18T13:27Z","2024-09-18T13:27Z","Illinois State Water Survey Central Analytical Laboratory",532.0,0.00124,5,"2024-09-20","A",,
"315d6911-bff9-43c9-b48a-33d55e1d41a2","D11","PRIN","PRIN.AOS.S2","PRIN.SS.20240918.FIL","A00000422154","2024-09-18T13:27Z","2024-09-18T13:27Z","Illinois State Water Survey Central Analytical Laboratory",532.0,0.00142,5,"2024-09-20","B",,
"ba6888f9-71be-41cd-873e-6386f505960d","D11","PRIN","PRIN.AOS.S2","PRIN.SS.20240918.FIL","A00000422154","2024-09-18T13:27Z","2024-09-18T13:27Z","Illinois State Water Survey Central Analytical Laboratory",348.0,0.01902,5,"2024-09-20","A",,
"031641b2-a364-4535-9cb2-ea5211716157","D11","PRIN","PRIN.AOS.S2","PRIN.SS.20240918.FIL","A00000422154","2024-09-18T13:27Z","2024-09-18T13:27Z","Illinois State Water Survey Central Analytical Laboratory",262.0,0.06982,5,"2024-09-20","B",,
"9b366031-8530-4367-9fd9-8dcbded7993e","D11","PRIN","PRIN.AOS.S2","PRIN.SS.20240918.FIL","A00000422154","2024-09-18T13:27Z","2024-09-18T13:27Z","Illinois State Water Survey Central Analytical Laboratory",454.0,0.00348,5,"2024-09-20","B",,
"fc9bfb6b-bbc6-4c01-9ea5-eb04e2d959e9","D11","PRIN","PRIN.AOS.S2","PRIN.SS.20240918.FIL","A00000422154","2024-09-18T13:27Z","2024-09-18T13:27Z","Illinois State Water Survey Central Analytical Laboratory",384.0,0.01040,5,"2024-09-20","A",,
"8bbb6395-2101-4f86-bfe6-1d8995958c9c","D11","PRIN","PRIN.AOS.S2","PRIN.SS.20240918.FIL","A00000422154","2024-09-18T13:27Z","2024-09-18T13:27Z","Illinois State Water Survey Central Analytical Laboratory",316.0,0.03166,5,"2024-09-20","A",,
"b227c294-f02d-47ac-ac08-9c7850b6ddd7","D11","PRIN","PRIN.AOS.S2","PRIN.SS.20240918.FIL","A00000422154","2024-09-18T13:27Z","2024-09-18T13:27Z","Illinois State Water Survey Central Analytical Laboratory",496.0,0.00204,5,"2024-09-20","B",,
"f880979a-b0d1-44be-8aea-fb88ecc8b3b9","D11","PRIN","PRIN.AOS.S2","PRIN.SS.20240918.FIL","A00000422154","2024-09-18T13:27Z","2024-09-18T13:27Z","Illinois State Water Survey Central Analytical Laboratory",380.0,0.01120,5,"2024-09-20","A",,
"bedf049b-fdb7-461b-af33-ea79b5f1b007","D11","PRIN","PRIN.AOS.S2","PRIN.SS.20240918.FIL","A00000422154","2024-09-18T13:27Z","2024-09-18T13:27Z","Illinois State Water Survey Central Analytical Laboratory",544.0,0.00126,5,"2024-09-20","B",,
"48d0c0d2-fe4a-43a9-a079-1181b30ee4d0","D11","PRIN","PRIN.AOS.S2","PRIN.SS.20240918.FIL","A00000422154","2024-09-18T13:27Z","2024-09-18T13:27Z","Illinois State Water Survey Central Analytical Laboratory",274.0,0.06130,5,"2024-09-20","B",,
"693a8d9d-9367-4c9e-bbe5-b3218112fdc6","D11","PRIN","PRIN.AOS.S2","PRIN.SS.20240918.FIL","A00000422154","2024-09-18T13:27Z","2024-09-18T13:27Z","Illinois State Water Survey Central Analytical Laboratory",406.0,0.00722,5,"2024-09-20","A",,
"9aa7f0bb-ae49-42ad-81c1-9827bef021e7","D11","PRIN","PRIN.AOS.S2","PRIN.SS.20240918.FIL","A00000422154","2024-09-18T13:27Z","2024-09-18T13:27Z","Illinois State Water Survey Central Analytical Laboratory",404.0,0.00758,5,"2024-09-20","B",,
"f081abd0-b05b-48ee-9e23-fba6bea10f28","D11","PRIN","PRIN.AOS.S2","PRIN.SS.20240918.FIL","A00000422154","2024-09-18T13:27Z","2024-09-18T13:27Z","Illinois State Water Survey Central Analytical Laboratory",548.0,0.00102,5,"2024-09-20","A",,
"f8b2f207-b3ff-429e-990e-5b5c3b2ef4e6","D11","PRIN","PRIN.AOS.S2","PRIN.SS.20240918.FIL","A00000422154","2024-09-18T13:27Z","2024-09-18T13:27Z","Illinois State Water Survey Central Analytical Laboratory",354.0,0.01734,5,"2024-09-20","B",,
"2fab096d-cb3e-4804-b204-76fd889310fb","D11","PRIN","PRIN.AOS.S2","PRIN.SS.20240918.FIL","A00000422154","2024-09-18T13:27Z","2024-09-18T13:27Z","Illinois State Water Survey Central Analytical Laboratory",294.0,0.04480,5,"2024-09-20","B",,
"eb8b5eda-e35b-4f83-9414-189df8cb6692","D11","PRIN","PRIN.AOS.S2","PRIN.SS.20240918.FIL","A00000422154","2024-09-18T13:27Z","2024-09-18T13:27Z","Illinois State Water Survey Central Analytical Laboratory",398.0,0.00832,5,"2024-09-20","B",,
"c0992730-44f8-4b93-b5e9-ffd0f66e5809","D11","PRIN","PRIN.AOS.S2","PRIN.SS.20240918.FIL","A00000422154","2024-09-18T13:27Z","2024-09-18T13:27Z","Illinois State Water Survey Central Analytical Laboratory",344.0,0.02022,5,"2024-09-20","A",,
"640de755-d4c8-42ad-8b59-2780f0a1fba5","D11","PRIN","PRIN.AOS.S2","PRIN.SS.20240918.FIL","A00000422154","2024-09-18T13:27Z","2024-09-18T13:27Z","Illinois State Water Survey Central Analytical Laboratory",318.0,0.03076,5,"2024-09-20","B",,
"c8a972d9-65da-4c90-83fe-824693ffb1c3","D11","PRIN","PRIN.AOS.S2","PRIN.SS.20240918.FIL","A00000422154","2024-09-18T13:27Z","2024-09-18T13:27Z","Illinois State Water Survey Central Analytical Laboratory",516.0,0.00168,5,"2024-09-20","B",,
"666d8e67-da45-4786-b88a-29b1f1da18f5","D11","PRIN","PRIN.AOS.S2","PRIN.SS.20240918.FIL","A00000422154","2024-09-18T13:27Z","2024-09-18T13:27Z","Illinois State Water Survey Central Analytical Laboratory",268.0,0.06560,5,"2024-09-20","A",,
"a608849e-c059-4341-8610-1e9bec160170","D11","PRIN","PRIN.AOS.S2","PRIN.SS.20240918.FIL","A00000422154","2024-09-18T13:27Z","2024-09-18T13:27Z","Illinois State Water Survey Central Analytical Laboratory",334.0,0.02372,5,"2024-09-20","A",,
"7c1bc32a-c2b2-4c85-92fa-d474257c5be8","D11","PRIN","PRIN.AOS.S2","PRIN.SS.20240918.FIL","A00000422154","2024-09-18T13:27Z","2024-09-18T13:27Z","Illinois State Water Survey Central Analytical Laboratory",440.0,0.00420,5,"2024-09-20","A",,
"3196dfb6-6c18-4476-ad8a-0aff80548513","D11","PRIN","PRIN.AOS.S2","PRIN.SS.20240918.FIL","A00000422154","2024-09-18T13:27Z","2024-09-18T13:27Z","Illinois State Water Survey Central Analytical Laboratory",396.0,0.00852,5,"2024-09-20","A",,
"d5b00f93-c475-4cb9-8f6b-9d4e0e6b87c0","D11","PRIN","PRIN.AOS.S2","PRIN.SS.20240918.FIL","A00000422154","2024-09-18T13:27Z","2024-09-18T13:27Z","Illinois State Water Survey Central Analytical Laboratory",254.0,0.07500,5,"2024-09-20","B",,
"e0fccacc-df78-40bc-801e-ccfbb15e10d9","D11","PRIN","PRIN.AOS.S2","PRIN.SS.20240918.FIL","A00000422154","2024-09-18T13:27Z","2024-09-18T13:27Z","Illinois State Water Survey Central Analytical Laboratory",562.0,0.00090,5,"2024-09-20","A",,
"f6887125-8005-4694-911f-7a6339b1650a","D11","PRIN","PRIN.AOS.S2","PRIN.SS.20240918.FIL","A00000422154","2024-09-18T13:27Z","2024-09-18T13:27Z","Illinois State Water Survey Central Analytical Laboratory",270.0,0.06420,5,"2024-09-20","B",,
"1414c583-733d-41a4-af60-4e3974d666f8","D11","PRIN","PRIN.AOS.S2","PRIN.SS.20240918.FIL","A00000422154","2024-09-18T13:27Z","2024-09-18T13:27Z","Illinois State Water Survey Central Analytical Laboratory",402.0,0.00784,5,"2024-09-20","B",,
"eabb1d2b-9fff-4f4c-9310-6a8e3a670370","D11","PRIN","PRIN.AOS.S2","PRIN.SS.20240918.FIL","A00000422154","2024-09-18T13:27Z","2024-09-18T13:27Z","Illinois State Water Survey Central Analytical Laboratory",430.0,0.00490,5,"2024-09-20","A",,
"c1b98d64-2240-4a6c-b49b-b1060019527e","D11","PRIN","PRIN.AOS.S2","PRIN.SS.20240918.FIL","A00000422154","2024-09-18T13:27Z","2024-09-18T13:27Z","Illinois State Water Survey Central Analytical Laboratory",226.0,0.11204,5,"2024-09-20","A",,
"94e549bb-6ea6-40ef-afab-4c7040fa97f3","D11","PRIN","PRIN.AOS.S2","PRIN.SS.20240918.FIL","A00000422154","2024-09-18T13:27Z","2024-09-18T13:27Z","Illinois State Water Survey Central Analytical Laboratory",326.0,0.02696,5,"2024-09-20","A",,
"a3740ace-4f15-4f79-ba5a-2a37fb3f96b8","D11","PRIN","PRIN.AOS.S2","PRIN.SS.20240918.FIL","A00000422154","2024-09-18T13:27Z","2024-09-18T13:27Z","Illinois State Water Survey Central Analytical Laboratory",378.0,0.01158,5,"2024-09-20","A",,
"0449362a-749e-4381-a992-e827cf03ee65","D11","PRIN","PRIN.AOS.S2","PRIN.SS.20240918.FIL","A00000422154","2024-09-18T13:27Z","2024-09-18T13:27Z","Illinois State Water Survey Central Analytical Laboratory",346.0,0.01962,5,"2024-09-20","A",,
"29c0fe9a-c1e3-46d0-969c-ec237c69a629","D11","PRIN","PRIN.AOS.S2","PRIN.SS.20240918.FIL","A00000422154","2024-09-18T13:27Z","2024-09-18T13:27Z","Illinois State Water Survey Central Analytical Laboratory",308.0,0.03576,5,"2024-09-20","A",,
"6728c446-c409-450f-9f32-cb204cb18733","D11","PRIN","PRIN.AOS.S2","PRIN.SS.20240918.FIL","A00000422154","2024-09-18T13:27Z","2024-09-18T13:27Z","Illinois State Water Survey Central Analytical Laboratory",572.0,0.00110,5,"2024-09-20","B",,
"b034f2a4-4d0a-4388-9c04-916ac573e041","D11","PRIN","PRIN.AOS.S2","PRIN.SS.20240918.FIL","A00000422154","2024-09-18T13:27Z","2024-09-18T13:27Z","Illinois State Water Survey Central Analytical Laboratory",436.0,0.00444,5,"2024-09-20","A",,
"5ffad59f-2380-4df2-9c0f-743df7992f7e","D11","PRIN","PRIN.AOS.S2","PRIN.SS.20240918.FIL","A00000422154","2024-09-18T13:27Z","2024-09-18T13:27Z","Illinois State Water Survey Central Analytical Laboratory",450.0,0.00352,5,"2024-09-20","A",,
"90eabe46-5271-462e-8479-1653be69f0a9","D11","PRIN","PRIN.AOS.S2","PRIN.SS.20240918.FIL","A00000422154","2024-09-18T13:27Z","2024-09-18T13:27Z","Illinois State Water Survey Central Analytical Laboratory",336.0,0.02296,5,"2024-09-20","A",,
"ceabccfe-170c-4efb-a124-f878563d3516","D11","PRIN","PRIN.AOS.S2","PRIN.SS.20240918.FIL","A00000422154","2024-09-18T13:27Z","2024-09-18T13:27Z","Illinois State Water Survey Central Analytical Laboratory",326.0,0.02708,5,"2024-09-20","B",,
"aa509b37-c3f1-4b9d-bbdf-9b2d539c2c38","D11","PRIN","PRIN.AOS.S2","PRIN.SS.20240918.FIL","A00000422154","2024-09-18T13:27Z","2024-09-18T13:27Z","Illinois State Water Survey Central Analytical Laboratory",286.0,0.05142,5,"2024-09-20","B",,
"5ec8f5b0-9632-4f69-884c-6c5096033ba5","D11","PRIN","PRIN.AOS.S2","PRIN.SS.20240918.FIL","A00000422154","2024-09-18T13:27Z","2024-09-18T13:27Z","Illinois State Water Survey Central Analytical Laboratory",228.0,0.10806,5,"2024-09-20","B",,
"bf750f9e-8f5e-4ea0-bd71-95f641b702d8","D11","PRIN","PRIN.AOS.S2","PRIN.SS.20240918.FIL","A00000422154","2024-09-18T13:27Z","2024-09-18T13:27Z","Illinois State Water Survey Central Analytical Laboratory",428.0,0.00516,5,"2024-09-20","B",,
"012abed7-d84e-4de6-9197-5a444c96276b","D11","PRIN","PRIN.AOS.S2","PRIN.SS.20240918.FIL","A00000422154","2024-09-18T13:27Z","2024-09-18T13:27Z","Illinois State Water Survey Central Analytical Laboratory",598.0,0.00058,5,"2024-09-20","A",,
"b6e20e2b-27b7-4ada-aa08-e4158124dd2a","D11","PRIN","PRIN.AOS.S2","PRIN.SS.20240918.FIL","A00000422154","2024-09-18T13:27Z","2024-09-18T13:27Z","Illinois State Water Survey Central Analytical Laboratory",266.0,0.06694,5,"2024-09-20","A",,
"8758403f-d41d-452d-a7f7-9a063c21a730","D11","PRIN","PRIN.AOS.S2","PRIN.SS.20240918.FIL","A00000422154","2024-09-18T13:27Z","2024-09-18T13:27Z","Illinois State Water Survey Central Analytical Laboratory",556.0,0.00092,5,"2024-09-20","A",,
"7b1091b3-5408-4a10-bd74-c0753ea9e834","D11","PRIN","PRIN.AOS.S2","PRIN.SS.20240918.FIL","A00000422154","2024-09-18T13:27Z","2024-09-18T13:27Z","Illinois State Water Survey Central Analytical Laboratory",534.0,0.00120,5,"2024-09-20","A",,
"17e79aea-e4a1-4eaf-90b3-05fc176cac10","D11","PRIN","PRIN.AOS.S2","PRIN.SS.20240918.FIL","A00000422154","2024-09-18T13:27Z","2024-09-18T13:27Z","Illinois State Water Survey Central Analytical Laboratory",414.0,0.00630,5,"2024-09-20","B",,
"f6d1ccd3-abf1-4c19-b60d-3509c7915852","D11","PRIN","PRIN.AOS.S2","PRIN.SS.20240918.FIL","A00000422154","2024-09-18T13:27Z","2024-09-18T13:27Z","Illinois State Water Survey Central Analytical Laboratory",368.0,0.01382,5,"2024-09-20","B",,
"371582cf-1fe1-4a12-90fb-d64c11d038b5","D11","PRIN","PRIN.AOS.S2","PRIN.SS.20240918.FIL","A00000422154","2024-09-18T13:27Z","2024-09-18T13:27Z","Illinois State Water Survey Central Analytical Laboratory",410.0,0.00680,5,"2024-09-20","B",,
"9bebf233-20ea-40b0-99d8-563594a34408","D11","PRIN","PRIN.AOS.S2","PRIN.SS.20240918.FIL","A00000422154","2024-09-18T13:27Z","2024-09-18T13:27Z","Illinois State Water Survey Central Analytical Laboratory",470.0,0.00276,5,"2024-09-20","B",,
"f6debd9a-ce31-44b3-9068-0ab2372d29cc","D11","PRIN","PRIN.AOS.S2","PRIN.SS.20240918.FIL","A00000422154","2024-09-18T13:27Z","2024-09-18T13:27Z","Illinois State Water Survey Central Analytical Laboratory",454.0,0.00334,5,"2024-09-20","A",,
"7606c237-ee44-4158-bb00-54c001dba107","D11","PRIN","PRIN.AOS.S2","PRIN.SS.20240918.FIL","A00000422154","2024-09-18T13:27Z","2024-09-18T13:27Z","Illinois State Water Survey Central Analytical Laboratory",588.0,0.00096,5,"2024-09-20","B",,
"9746336c-0603-4270-803d-a35f6b099da4","D11","PRIN","PRIN.AOS.S2","PRIN.SS.20240918.FIL","A00000422154","2024-09-18T13:27Z","2024-09-18T13:27Z","Illinois State Water Survey Central Analytical Laboratory",260.0,0.07110,5,"2024-09-20","B",,
"574a7abe-b938-4ac5-ac88-0be94d9a4305","D11","PRIN","PRIN.AOS.S2","PRIN.SS.20240918.FIL","A00000422154","2024-09-18T13:27Z","2024-09-18T13:27Z","Illinois State Water Survey Central Analytical Laboratory",462.0,0.00296,5,"2024-09-20","A",,
"7e193ea4-c3bd-44ae-8660-50eea312f23d","D11","PRIN","PRIN.AOS.S2","PRIN.SS.20240918.FIL","A00000422154","2024-09-18T13:27Z","2024-09-18T13:27Z","Illinois State Water Survey Central Analytical Laboratory",306.0,0.03692,5,"2024-09-20","A",,
"bfb3446a-1d0f-4386-8888-3f78f0c12d0a","D11","PRIN","PRIN.AOS.S2","PRIN.SS.20240918.FIL","A00000422154","2024-09-18T13:27Z","2024-09-18T13:27Z","Illinois State Water Survey Central Analytical Laboratory",234.0,0.09652,5,"2024-09-20","A",,
"0af7b072-f557-4749-8af9-7fd7354a6cb3","D11","PRIN","PRIN.AOS.S2","PRIN.SS.20240918.FIL","A00000422154","2024-09-18T13:27Z","2024-09-18T13:27Z","Illinois State Water Survey Central Analytical Laboratory",284.0,0.05290,5,"2024-09-20","A",,
"42853260-6efb-440b-911a-ac31b25760aa","D11","PRIN","PRIN.AOS.S2","PRIN.SS.20240918.FIL","A00000422154","2024-09-18T13:27Z","2024-09-18T13:27Z","Illinois State Water Survey Central Analytical Laboratory",484.0,0.00224,5,"2024-09-20","A",,
"7c30dea7-9e45-412c-bbb2-2df6f3e662f2","D11","PRIN","PRIN.AOS.S2","PRIN.SS.20240918.FIL","A00000422154","2024-09-18T13:27Z","2024-09-18T13:27Z","Illinois State Water Survey Central Analytical Laboratory",580.0,0.00094,5,"2024-09-20","B",,
"d71802c1-9d15-4998-8663-725b8bb671f4","D11","PRIN","PRIN.AOS.S2","PRIN.SS.20240918.FIL","A00000422154","2024-09-18T13:27Z","2024-09-18T13:27Z","Illinois State Water Survey Central Analytical Laboratory",308.0,0.03590,5,"2024-09-20","B",,
"0848c3cc-3528-4647-ba01-6acb7d899f9c","D11","PRIN","PRIN.AOS.S2","PRIN.SS.20240918.FIL","A00000422154","2024-09-18T13:27Z","2024-09-18T13:27Z","Illinois State Water Survey Central Analytical Laboratory",236.0,0.09320,5,"2024-09-20","A",,
"1b072fd5-c0a9-4a59-8f6f-2a01faac540a","D11","PRIN","PRIN.AOS.S2","PRIN.SS.20240918.FIL","A00000422154","2024-09-18T13:27Z","2024-09-18T13:27Z","Illinois State Water Survey Central Analytical Laboratory",332.0,0.02454,5,"2024-09-20","B",,
"b6aea55f-0e8b-49e5-af32-a1bca396b73e","D11","PRIN","PRIN.AOS.S2","PRIN.SS.20240918.FIL","A00000422154","2024-09-18T13:27Z","2024-09-18T13:27Z","Illinois State Water Survey Central Analytical Laboratory",356.0,0.01680,5,"2024-09-20","B",,
"dfa73184-411f-4acc-8c5b-f98d69d0f756","D11","PRIN","PRIN.AOS.S2","PRIN.SS.20240918.FIL","A00000422154","2024-09-18T13:27Z","2024-09-18T13:27Z","Illinois State Water Survey Central Analytical Laboratory",536.0,0.00136,5,"2024-09-20","B",,
"5e50a0d2-89bc-4eaa-a61c-5d65ee4d1498","D11","PRIN","PRIN.AOS.S2","PRIN.SS.20240918.FIL","A00000422154","2024-09-18T13:27Z","2024-09-18T13:27Z","Illinois State Water Survey Central Analytical Laboratory",248.0,0.07930,5,"2024-09-20","B",,
"f6536752-09d6-4113-89b3-b119bab0204d","D11","PRIN","PRIN.AOS.S2","PRIN.SS.20240918.FIL","A00000422154","2024-09-18T13:27Z","2024-09-18T13:27Z","Illinois State Water Survey Central Analytical Laboratory",514.0,0.00164,5,"2024-09-20","B",,
"2b1c578c-4821-4866-b5ea-d3077546fd2c","D11","PRIN","PRIN.AOS.S2","PRIN.SS.20240918.FIL","A00000422154","2024-09-18T13:27Z","2024-09-18T13:27Z","Illinois State Water Survey Central Analytical Laboratory",452.0,0.00342,5,"2024-09-20","A",,
"4d17635b-4b62-4af1-91df-350a53124b1d","D11","PRIN","PRIN.AOS.S2","PRIN.SS.20240918.FIL","A00000422154","2024-09-18T13:27Z","2024-09-18T13:27Z","Illinois State Water Survey Central Analytical Laboratory",366.0,0.01426,5,"2024-09-20","B",,
"eb7955e5-830a-4063-ab63-81b2f59de2f9","D11","PRIN","PRIN.AOS.S2","PRIN.SS.20240918.FIL","A00000422154","2024-09-18T13:27Z","2024-09-18T13:27Z","Illinois State Water Survey Central Analytical Laboratory",258.0,0.07206,5,"2024-09-20","A",,
"a141d3e1-3113-41c1-8ee7-20c0bb4b8c03","D11","PRIN","PRIN.AOS.S2","PRIN.SS.20240918.FIL","A00000422154","2024-09-18T13:27Z","2024-09-18T13:27Z","Illinois State Water Survey Central Analytical Laboratory",296.0,0.04336,5,"2024-09-20","B",,
"cfbaaca4-4d56-4891-8f01-cfe6a75a1db4","D11","PRIN","PRIN.AOS.S2","PRIN.SS.20240918.FIL","A00000422154","2024-09-18T13:27Z","2024-09-18T13:27Z","Illinois State Water Survey Central Analytical Laboratory",482.0,0.00234,5,"2024-09-20","A",,
"f923d6c0-7120-4d82-b4fa-0a4b2a406c03","D11","PRIN","PRIN.AOS.S2","PRIN.SS.20240918.FIL","A00000422154","2024-09-18T13:27Z","2024-09-18T13:27Z","Illinois State Water Survey Central Analytical Laboratory",224.0,0.11728,5,"2024-09-20","B",,
"d3c7ee06-347c-4991-95bc-4df664ef2645","D11","PRIN","PRIN.AOS.S2","PRIN.SS.20240918.FIL","A00000422154","2024-09-18T13:27Z","2024-09-18T13:27Z","Illinois State Water Survey Central Analytical Laboratory",542.0,0.00128,5,"2024-09-20","B",,
"4f4f51d0-8714-489a-a056-3b6e5543e820","D11","PRIN","PRIN.AOS.S2","PRIN.SS.20240918.FIL","A00000422154","2024-09-18T13:27Z","2024-09-18T13:27Z","Illinois State Water Survey Central Analytical Laboratory",444.0,0.00400,5,"2024-09-20","B",,
